step,n_adsorbed,n_free,percent_adsorbed,m_adsorbed_mg,m_free_mg,c_pdf_mg_l,c_remaining_mg_l,qt_mg_g,percent_qmax,n_contacts,n_adsorption_events,dqt_per_step
0,0,200,0.0,0.0,4.0,0.0,100.0,0.0,0.0,0,0,0.0
1,0,200,0.0,0.0,4.0,0.0,100.0,0.0,0.0,1,0,0.0
2,2,198,1.0,0.04,3.96,1.0,99.0,4.0,0.5230809467765136,6,2,4.0
3,3,197,1.5,0.06,3.94,1.5,98.5,6.0,0.7846214201647704,8,3,2.0
4,3,197,1.5,0.06,3.94,1.5,98.5,6.0,0.7846214201647704,10,3,0.0
5,4,196,2.0,0.08,3.92,2.0,98.0,8.0,1.0461618935530272,13,4,2.0
6,5,195,2.5,0.1,3.9,2.5,97.5,10.0,1.3077023669412842,18,5,2.0
7,5,195,2.5,0.1,3.9,2.5,97.5,10.0,1.3077023669412842,20,5,0.0
8,5,195,2.5,0.1,3.9,2.5,97.5,10.0,1.3077023669412842,24,5,0.0
9,5,195,2.5,0.1,3.9,2.5,97.5,10.0,1.3077023669412842,27,5,0.0
10,5,195,2.5,0.1,3.9,2.5,97.5,10.0,1.3077023669412842,29,5,0.0
11,5,195,2.5,0.1,3.9,2.5,97.5,10.0,1.3077023669412842,31,5,0.0
12,5,195,2.5,0.1,3.9,2.5,97.5,10.0,1.3077023669412842,33,5,0.0
13,6,194,3.0,0.12,3.88,3.0,97.0,12.0,1.5692428403295409,37,6,2.0
14,6,194,3.0,0.12,3.88,3.0,97.0,12.0,1.5692428403295409,38,6,0.0
15,6,194,3.0,0.12,3.88,3.0,97.0,12.0,1.5692428403295409,39,6,0.0
16,6,194,3.0,0.12,3.88,3.0,97.0,12.0,1.5692428403295409,41,6,0.0
17,6,194,3.0,0.12,3.88,3.0,97.0,12.0,1.5692428403295409,43,6,0.0
18,8,192,4.0,0.16,3.84,4.0,96.0,16.0,2.0923237871060545,48,8,4.0
19,10,190,5.0,0.2,3.8,5.0,95.0,20.0,2.6154047338825683,52,10,4.0
20,11,189,5.5,0.22,3.78,5.5,94.5,22.0,2.876945207270825,56,11,2.0
21,11,189,5.5,0.22,3.78,5.5,94.5,22.0,2.876945207270825,57,11,0.0
22,12,188,6.0,0.24,3.76,6.0,93.99999999999999,24.0,3.1384856806590817,60,12,2.0
23,13,187,6.5,0.26,3.74,6.5,93.5,26.0,3.4000261540473384,62,13,2.0
24,13,187,6.5,0.26,3.74,6.5,93.5,26.0,3.4000261540473384,63,13,0.0
25,13,187,6.5,0.26,3.74,6.5,93.5,26.0,3.4000261540473384,64,13,0.0
26,14,186,7.000000000000001,0.28,3.7199999999999998,7.000000000000001,92.99999999999999,28.000000000000004,3.661566627435596,65,14,2.0000000000000036
27,14,186,7.000000000000001,0.28,3.7199999999999998,7.000000000000001,92.99999999999999,28.000000000000004,3.661566627435596,65,14,0.0
28,15,185,7.5,0.3,3.7,7.5,92.5,30.0,3.923107100823852,67,15,1.9999999999999964
29,15,185,7.5,0.3,3.7,7.5,92.5,30.0,3.923107100823852,69,15,0.0
30,15,185,7.5,0.3,3.7,7.5,92.5,30.0,3.923107100823852,70,15,0.0
31,15,185,7.5,0.3,3.7,7.5,92.5,30.0,3.923107100823852,72,15,0.0
32,17,183,8.5,0.34,3.66,8.5,91.5,34.0,4.446188047600367,76,17,4.0
33,17,183,8.5,0.34,3.66,8.5,91.5,34.0,4.446188047600367,77,17,0.0
34,17,183,8.5,0.34,3.66,8.5,91.5,34.0,4.446188047600367,78,17,0.0
35,17,183,8.5,0.34,3.66,8.5,91.5,34.0,4.446188047600367,78,17,0.0
36,17,183,8.5,0.34,3.66,8.5,91.5,34.0,4.446188047600367,79,17,0.0
37,17,183,8.5,0.34,3.66,8.5,91.5,34.0,4.446188047600367,80,17,0.0
38,18,182,9.0,0.36,3.64,9.0,91.0,36.0,4.707728520988623,81,18,2.0
39,20,180,10.0,0.4,3.6,10.0,90.0,40.0,5.230809467765137,83,20,4.0
40,20,180,10.0,0.4,3.6,10.0,90.0,40.0,5.230809467765137,84,20,0.0
41,21,179,10.5,0.42,3.58,10.5,89.5,42.0,5.492349941153393,87,21,2.0
42,21,179,10.5,0.42,3.58,10.5,89.5,42.0,5.492349941153393,91,21,0.0
43,21,179,10.5,0.42,3.58,10.5,89.5,42.0,5.492349941153393,92,21,0.0
44,21,179,10.5,0.42,3.58,10.5,89.5,42.0,5.492349941153393,94,21,0.0
45,21,179,10.5,0.42,3.58,10.5,89.5,42.0,5.492349941153393,98,21,0.0
46,25,175,12.5,0.5,3.5,12.5,87.5,50.0,6.53851183470642,104,25,8.0
47,25,175,12.5,0.5,3.5,12.5,87.5,50.0,6.53851183470642,106,25,0.0
48,25,175,12.5,0.5,3.5,12.5,87.5,50.0,6.53851183470642,106,25,0.0
49,26,174,13.0,0.52,3.48,13.0,87.0,52.0,6.800052308094677,110,26,2.0
50,27,173,13.5,0.54,3.46,13.5,86.5,54.0,7.061592781482934,115,27,2.0
51,27,173,13.5,0.54,3.46,13.5,86.5,54.0,7.061592781482934,117,27,0.0
52,27,173,13.5,0.54,3.46,13.5,86.5,54.0,7.061592781482934,119,27,0.0
53,28,172,14.000000000000002,0.56,3.44,14.000000000000002,86.0,56.00000000000001,7.323133254871192,121,28,2.000000000000007
54,28,172,14.000000000000002,0.56,3.44,14.000000000000002,86.0,56.00000000000001,7.323133254871192,121,28,0.0
55,28,172,14.000000000000002,0.56,3.44,14.000000000000002,86.0,56.00000000000001,7.323133254871192,123,28,0.0
56,30,170,15.0,0.6,3.4,15.0,85.0,60.0,7.846214201647704,125,30,3.999999999999993
57,31,169,15.5,0.62,3.38,15.5,84.5,62.0,8.107754675035961,126,31,2.0
58,32,168,16.0,0.64,3.36,16.0,84.0,64.0,8.369295148424218,127,32,2.0
59,32,168,16.0,0.64,3.36,16.0,84.0,64.0,8.369295148424218,129,32,0.0
60,33,167,16.5,0.66,3.34,16.5,83.5,66.0,8.630835621812475,131,33,2.0
61,33,167,16.5,0.66,3.34,16.5,83.5,66.0,8.630835621812475,133,33,0.0
62,33,167,16.5,0.66,3.34,16.5,83.5,66.0,8.630835621812475,133,33,0.0
63,34,166,17.0,0.68,3.32,17.0,83.0,68.0,8.892376095200733,135,34,2.0
64,35,165,17.5,0.7000000000000001,3.3,17.5,82.5,70.0,9.15391656858899,138,35,2.0
65,35,165,17.5,0.7000000000000001,3.3,17.5,82.5,70.0,9.15391656858899,141,35,0.0
66,35,165,17.5,0.7000000000000001,3.3,17.5,82.5,70.0,9.15391656858899,144,35,0.0
67,36,164,18.0,0.72,3.2800000000000002,18.0,82.0,72.0,9.415457041977247,147,36,2.0
68,36,164,18.0,0.72,3.2800000000000002,18.0,82.0,72.0,9.415457041977247,150,36,0.0
69,36,164,18.0,0.72,3.2800000000000002,18.0,82.0,72.0,9.415457041977247,153,36,0.0
70,37,163,18.5,0.74,3.26,18.5,81.5,74.0,9.676997515365503,157,37,2.0
71,37,163,18.5,0.74,3.26,18.5,81.5,74.0,9.676997515365503,159,37,0.0
72,37,163,18.5,0.74,3.26,18.5,81.5,74.0,9.676997515365503,161,37,0.0
73,37,163,18.5,0.74,3.26,18.5,81.5,74.0,9.676997515365503,163,37,0.0
74,37,163,18.5,0.74,3.26,18.5,81.5,74.0,9.676997515365503,166,37,0.0
75,37,163,18.5,0.74,3.26,18.5,81.5,74.0,9.676997515365503,170,37,0.0
76,38,162,19.0,0.76,3.24,19.0,81.0,76.0,9.93853798875376,175,38,2.0
77,39,161,19.5,0.78,3.2199999999999998,19.5,80.49999999999999,78.0,10.200078462142017,178,39,2.0
78,39,161,19.5,0.78,3.2199999999999998,19.5,80.49999999999999,78.0,10.200078462142017,178,39,0.0
79,39,161,19.5,0.78,3.2199999999999998,19.5,80.49999999999999,78.0,10.200078462142017,178,39,0.0
80,39,161,19.5,0.78,3.2199999999999998,19.5,80.49999999999999,78.0,10.200078462142017,179,39,0.0
81,39,161,19.5,0.78,3.2199999999999998,19.5,80.49999999999999,78.0,10.200078462142017,180,39,0.0
82,40,160,20.0,0.8,3.2,20.0,80.0,80.0,10.461618935530273,182,40,2.0
83,41,159,20.5,0.8200000000000001,3.1799999999999997,20.5,79.49999999999999,82.0,10.72315940891853,184,41,2.0
84,41,159,20.5,0.8200000000000001,3.1799999999999997,20.5,79.49999999999999,82.0,10.72315940891853,186,41,0.0
85,42,158,21.0,0.84,3.16,21.0,79.0,84.0,10.984699882306787,187,42,2.0
86,42,158,21.0,0.84,3.16,21.0,79.0,84.0,10.984699882306787,187,42,0.0
87,42,158,21.0,0.84,3.16,21.0,79.0,84.0,10.984699882306787,187,42,0.0
88,42,158,21.0,0.84,3.16,21.0,79.0,84.0,10.984699882306787,187,42,0.0
89,43,157,21.5,0.86,3.14,21.5,78.5,86.0,11.246240355695043,189,43,2.0
90,43,157,21.5,0.86,3.14,21.5,78.5,86.0,11.246240355695043,191,43,0.0
91,44,156,22.0,0.88,3.12,22.0,78.0,88.0,11.5077808290833,193,44,2.0
92,44,156,22.0,0.88,3.12,22.0,78.0,88.0,11.5077808290833,195,44,0.0
93,45,155,22.5,0.9,3.1,22.5,77.5,90.0,11.769321302471557,197,45,2.0
94,45,155,22.5,0.9,3.1,22.5,77.5,90.0,11.769321302471557,197,45,0.0
95,45,155,22.5,0.9,3.1,22.5,77.5,90.0,11.769321302471557,199,45,0.0
96,45,155,22.5,0.9,3.1,22.5,77.5,90.0,11.769321302471557,201,45,0.0
97,45,155,22.5,0.9,3.1,22.5,77.5,90.0,11.769321302471557,204,45,0.0
98,46,154,23.0,0.92,3.08,23.0,77.0,92.0,12.030861775859814,208,46,2.0
99,46,154,23.0,0.92,3.08,23.0,77.0,92.0,12.030861775859814,210,46,0.0
100,47,153,23.5,0.9400000000000001,3.06,23.5,76.5,94.0,12.29240224924807,212,47,2.0
101,47,153,23.5,0.9400000000000001,3.06,23.5,76.5,94.0,12.29240224924807,214,47,0.0
102,47,153,23.5,0.9400000000000001,3.06,23.5,76.5,94.0,12.29240224924807,214,47,0.0
103,49,151,24.5,0.98,3.02,24.5,75.5,98.0,12.815483196024585,216,49,4.0
104,50,150,25.0,1.0,3.0,25.0,75.0,100.0,13.07702366941284,217,50,2.0
105,50,150,25.0,1.0,3.0,25.0,75.0,100.0,13.07702366941284,217,50,0.0
106,50,150,25.0,1.0,3.0,25.0,75.0,100.0,13.07702366941284,218,50,0.0
107,50,150,25.0,1.0,3.0,25.0,75.0,100.0,13.07702366941284,219,50,0.0
108,50,150,25.0,1.0,3.0,25.0,75.0,100.0,13.07702366941284,219,50,0.0
109,50,150,25.0,1.0,3.0,25.0,75.0,100.0,13.07702366941284,219,50,0.0
110,50,150,25.0,1.0,3.0,25.0,75.0,100.0,13.07702366941284,221,50,0.0
111,51,149,25.5,1.02,2.98,25.5,74.5,102.0,13.338564142801099,227,51,2.0
112,52,148,26.0,1.04,2.96,26.0,74.0,104.0,13.600104616189354,230,52,2.0
113,53,147,26.5,1.06,2.94,26.5,73.5,106.0,13.861645089577612,231,53,2.0
114,53,147,26.5,1.06,2.94,26.5,73.5,106.0,13.861645089577612,231,53,0.0
115,53,147,26.5,1.06,2.94,26.5,73.5,106.0,13.861645089577612,231,53,0.0
116,53,147,26.5,1.06,2.94,26.5,73.5,106.0,13.861645089577612,232,53,0.0
117,54,146,27.0,1.08,2.92,27.0,73.0,108.0,14.123185562965867,233,54,2.0
118,54,146,27.0,1.08,2.92,27.0,73.0,108.0,14.123185562965867,233,54,0.0
119,55,145,27.500000000000004,1.1,2.9,27.5,72.5,110.0,14.384726036354126,236,55,2.0
120,56,144,28.000000000000004,1.12,2.88,28.000000000000004,72.0,112.00000000000001,14.646266509742384,238,56,2.000000000000014
121,56,144,28.000000000000004,1.12,2.88,28.000000000000004,72.0,112.00000000000001,14.646266509742384,240,56,0.0
122,56,144,28.000000000000004,1.12,2.88,28.000000000000004,72.0,112.00000000000001,14.646266509742384,242,56,0.0
123,56,144,28.000000000000004,1.12,2.88,28.000000000000004,72.0,112.00000000000001,14.646266509742384,243,56,0.0
124,57,143,28.499999999999996,1.1400000000000001,2.86,28.500000000000004,71.5,114.00000000000001,14.907806983130639,246,57,2.0
125,57,143,28.499999999999996,1.1400000000000001,2.86,28.500000000000004,71.5,114.00000000000001,14.907806983130639,247,57,0.0
126,57,143,28.499999999999996,1.1400000000000001,2.86,28.500000000000004,71.5,114.00000000000001,14.907806983130639,248,57,0.0
127,57,143,28.499999999999996,1.1400000000000001,2.86,28.500000000000004,71.5,114.00000000000001,14.907806983130639,250,57,0.0
128,57,143,28.499999999999996,1.1400000000000001,2.86,28.500000000000004,71.5,114.00000000000001,14.907806983130639,250,57,0.0
129,58,142,28.999999999999996,1.16,2.84,28.999999999999996,71.0,115.99999999999999,15.169347456518894,252,58,1.9999999999999716
130,58,142,28.999999999999996,1.16,2.84,28.999999999999996,71.0,115.99999999999999,15.169347456518894,252,58,0.0
131,58,142,28.999999999999996,1.16,2.84,28.999999999999996,71.0,115.99999999999999,15.169347456518894,252,58,0.0
132,58,142,28.999999999999996,1.16,2.84,28.999999999999996,71.0,115.99999999999999,15.169347456518894,252,58,0.0
133,58,142,28.999999999999996,1.16,2.84,28.999999999999996,71.0,115.99999999999999,15.169347456518894,253,58,0.0
134,58,142,28.999999999999996,1.16,2.84,28.999999999999996,71.0,115.99999999999999,15.169347456518894,253,58,0.0
135,58,142,28.999999999999996,1.16,2.84,28.999999999999996,71.0,115.99999999999999,15.169347456518894,253,58,0.0
136,58,142,28.999999999999996,1.16,2.84,28.999999999999996,71.0,115.99999999999999,15.169347456518894,253,58,0.0
137,58,142,28.999999999999996,1.16,2.84,28.999999999999996,71.0,115.99999999999999,15.169347456518894,254,58,0.0
138,58,142,28.999999999999996,1.16,2.84,28.999999999999996,71.0,115.99999999999999,15.169347456518894,256,58,0.0
139,59,141,29.5,1.18,2.8200000000000003,29.499999999999996,70.5,117.99999999999999,15.43088792990715,259,59,2.0
140,59,141,29.5,1.18,2.8200000000000003,29.499999999999996,70.5,117.99999999999999,15.43088792990715,259,59,0.0
141,59,141,29.5,1.18,2.8200000000000003,29.499999999999996,70.5,117.99999999999999,15.43088792990715,259,59,0.0
142,59,141,29.5,1.18,2.8200000000000003,29.499999999999996,70.5,117.99999999999999,15.43088792990715,259,59,0.0
143,59,141,29.5,1.18,2.8200000000000003,29.499999999999996,70.5,117.99999999999999,15.43088792990715,261,59,0.0
144,59,141,29.5,1.18,2.8200000000000003,29.499999999999996,70.5,117.99999999999999,15.43088792990715,262,59,0.0
145,59,141,29.5,1.18,2.8200000000000003,29.499999999999996,70.5,117.99999999999999,15.43088792990715,264,59,0.0
146,59,141,29.5,1.18,2.8200000000000003,29.499999999999996,70.5,117.99999999999999,15.43088792990715,265,59,0.0
147,59,141,29.5,1.18,2.8200000000000003,29.499999999999996,70.5,117.99999999999999,15.43088792990715,265,59,0.0
148,59,141,29.5,1.18,2.8200000000000003,29.499999999999996,70.5,117.99999999999999,15.43088792990715,266,59,0.0
149,59,141,29.5,1.18,2.8200000000000003,29.499999999999996,70.5,117.99999999999999,15.43088792990715,267,59,0.0
150,59,141,29.5,1.18,2.8200000000000003,29.499999999999996,70.5,117.99999999999999,15.43088792990715,271,59,0.0
151,59,141,29.5,1.18,2.8200000000000003,29.499999999999996,70.5,117.99999999999999,15.43088792990715,273,59,0.0
152,59,141,29.5,1.18,2.8200000000000003,29.499999999999996,70.5,117.99999999999999,15.43088792990715,275,59,0.0
153,59,141,29.5,1.18,2.8200000000000003,29.499999999999996,70.5,117.99999999999999,15.43088792990715,277,59,0.0
154,59,141,29.5,1.18,2.8200000000000003,29.499999999999996,70.5,117.99999999999999,15.43088792990715,277,59,0.0
155,59,141,29.5,1.18,2.8200000000000003,29.499999999999996,70.5,117.99999999999999,15.43088792990715,277,59,0.0
156,60,140,30.0,1.2,2.8,30.0,70.0,120.0,15.692428403295407,279,60,2.000000000000014
157,60,140,30.0,1.2,2.8,30.0,70.0,120.0,15.692428403295407,280,60,0.0
158,62,138,31.0,1.24,2.76,31.0,69.0,124.0,16.215509350071923,283,62,4.0
159,62,138,31.0,1.24,2.76,31.0,69.0,124.0,16.215509350071923,285,62,0.0
160,64,136,32.0,1.28,2.7199999999999998,32.0,67.99999999999999,128.0,16.738590296848436,287,64,4.0
161,64,136,32.0,1.28,2.7199999999999998,32.0,67.99999999999999,128.0,16.738590296848436,288,64,0.0
162,65,135,32.5,1.3,2.7,32.5,67.5,130.0,17.000130770236694,290,65,2.0
163,65,135,32.5,1.3,2.7,32.5,67.5,130.0,17.000130770236694,290,65,0.0
164,65,135,32.5,1.3,2.7,32.5,67.5,130.0,17.000130770236694,292,65,0.0
165,66,134,33.0,1.32,2.6799999999999997,33.0,66.99999999999999,132.0,17.26167124362495,294,66,2.0
166,66,134,33.0,1.32,2.6799999999999997,33.0,66.99999999999999,132.0,17.26167124362495,294,66,0.0
167,66,134,33.0,1.32,2.6799999999999997,33.0,66.99999999999999,132.0,17.26167124362495,295,66,0.0
168,66,134,33.0,1.32,2.6799999999999997,33.0,66.99999999999999,132.0,17.26167124362495,295,66,0.0
169,66,134,33.0,1.32,2.6799999999999997,33.0,66.99999999999999,132.0,17.26167124362495,297,66,0.0
170,66,134,33.0,1.32,2.6799999999999997,33.0,66.99999999999999,132.0,17.26167124362495,298,66,0.0
171,66,134,33.0,1.32,2.6799999999999997,33.0,66.99999999999999,132.0,17.26167124362495,298,66,0.0
172,66,134,33.0,1.32,2.6799999999999997,33.0,66.99999999999999,132.0,17.26167124362495,298,66,0.0
173,66,134,33.0,1.32,2.6799999999999997,33.0,66.99999999999999,132.0,17.26167124362495,298,66,0.0
174,66,134,33.0,1.32,2.6799999999999997,33.0,66.99999999999999,132.0,17.26167124362495,298,66,0.0
175,66,134,33.0,1.32,2.6799999999999997,33.0,66.99999999999999,132.0,17.26167124362495,299,66,0.0
176,66,134,33.0,1.32,2.6799999999999997,33.0,66.99999999999999,132.0,17.26167124362495,299,66,0.0
177,66,134,33.0,1.32,2.6799999999999997,33.0,66.99999999999999,132.0,17.26167124362495,299,66,0.0
178,67,133,33.5,1.34,2.66,33.5,66.5,134.0,17.523211717013208,300,67,2.0
179,68,132,34.0,1.36,2.6399999999999997,34.0,65.99999999999999,136.0,17.784752190401466,301,68,2.0
180,68,132,34.0,1.36,2.6399999999999997,34.0,65.99999999999999,136.0,17.784752190401466,303,68,0.0
181,68,132,34.0,1.36,2.6399999999999997,34.0,65.99999999999999,136.0,17.784752190401466,304,68,0.0
182,69,131,34.5,1.3800000000000001,2.62,34.5,65.5,138.0,18.04629266378972,306,69,2.0
183,69,131,34.5,1.3800000000000001,2.62,34.5,65.5,138.0,18.04629266378972,307,69,0.0
184,69,131,34.5,1.3800000000000001,2.62,34.5,65.5,138.0,18.04629266378972,310,69,0.0
185,71,129,35.5,1.42,2.58,35.5,64.5,142.0,18.569373610566235,313,71,4.0
186,71,129,35.5,1.42,2.58,35.5,64.5,142.0,18.569373610566235,313,71,0.0
187,71,129,35.5,1.42,2.58,35.5,64.5,142.0,18.569373610566235,313,71,0.0
188,71,129,35.5,1.42,2.58,35.5,64.5,142.0,18.569373610566235,313,71,0.0
189,71,129,35.5,1.42,2.58,35.5,64.5,142.0,18.569373610566235,313,71,0.0
190,71,129,35.5,1.42,2.58,35.5,64.5,142.0,18.569373610566235,313,71,0.0
191,72,128,36.0,1.44,2.56,36.0,64.0,144.0,18.830914083954493,314,72,2.0
192,72,128,36.0,1.44,2.56,36.0,64.0,144.0,18.830914083954493,314,72,0.0
193,72,128,36.0,1.44,2.56,36.0,64.0,144.0,18.830914083954493,315,72,0.0
194,72,128,36.0,1.44,2.56,36.0,64.0,144.0,18.830914083954493,316,72,0.0
195,73,127,36.5,1.46,2.54,36.5,63.5,146.0,19.092454557342748,317,73,2.0
196,73,127,36.5,1.46,2.54,36.5,63.5,146.0,19.092454557342748,317,73,0.0
197,73,127,36.5,1.46,2.54,36.5,63.5,146.0,19.092454557342748,319,73,0.0
198,73,127,36.5,1.46,2.54,36.5,63.5,146.0,19.092454557342748,321,73,0.0
199,74,126,37.0,1.48,2.52,37.0,63.0,148.0,19.353995030731006,322,74,2.0
200,74,126,37.0,1.48,2.52,37.0,63.0,148.0,19.353995030731006,323,74,0.0
201,75,125,37.5,1.5,2.5,37.5,62.5,150.0,19.61553550411926,324,75,2.0
202,75,125,37.5,1.5,2.5,37.5,62.5,150.0,19.61553550411926,325,75,0.0
203,75,125,37.5,1.5,2.5,37.5,62.5,150.0,19.61553550411926,326,75,0.0
204,75,125,37.5,1.5,2.5,37.5,62.5,150.0,19.61553550411926,328,75,0.0
205,75,125,37.5,1.5,2.5,37.5,62.5,150.0,19.61553550411926,328,75,0.0
206,75,125,37.5,1.5,2.5,37.5,62.5,150.0,19.61553550411926,329,75,0.0
207,75,125,37.5,1.5,2.5,37.5,62.5,150.0,19.61553550411926,329,75,0.0
208,75,125,37.5,1.5,2.5,37.5,62.5,150.0,19.61553550411926,330,75,0.0
209,75,125,37.5,1.5,2.5,37.5,62.5,150.0,19.61553550411926,330,75,0.0
210,75,125,37.5,1.5,2.5,37.5,62.5,150.0,19.61553550411926,332,75,0.0
211,76,124,38.0,1.52,2.48,38.0,62.0,152.0,19.87707597750752,333,76,2.0
212,76,124,38.0,1.52,2.48,38.0,62.0,152.0,19.87707597750752,334,76,0.0
213,76,124,38.0,1.52,2.48,38.0,62.0,152.0,19.87707597750752,335,76,0.0
214,76,124,38.0,1.52,2.48,38.0,62.0,152.0,19.87707597750752,336,76,0.0
215,76,124,38.0,1.52,2.48,38.0,62.0,152.0,19.87707597750752,337,76,0.0
216,76,124,38.0,1.52,2.48,38.0,62.0,152.0,19.87707597750752,337,76,0.0
217,76,124,38.0,1.52,2.48,38.0,62.0,152.0,19.87707597750752,338,76,0.0
218,76,124,38.0,1.52,2.48,38.0,62.0,152.0,19.87707597750752,340,76,0.0
219,76,124,38.0,1.52,2.48,38.0,62.0,152.0,19.87707597750752,342,76,0.0
220,76,124,38.0,1.52,2.48,38.0,62.0,152.0,19.87707597750752,345,76,0.0
221,76,124,38.0,1.52,2.48,38.0,62.0,152.0,19.87707597750752,346,76,0.0
222,76,124,38.0,1.52,2.48,38.0,62.0,152.0,19.87707597750752,346,76,0.0
223,76,124,38.0,1.52,2.48,38.0,62.0,152.0,19.87707597750752,346,76,0.0
224,76,124,38.0,1.52,2.48,38.0,62.0,152.0,19.87707597750752,348,76,0.0
225,76,124,38.0,1.52,2.48,38.0,62.0,152.0,19.87707597750752,348,76,0.0
226,76,124,38.0,1.52,2.48,38.0,62.0,152.0,19.87707597750752,348,76,0.0
227,76,124,38.0,1.52,2.48,38.0,62.0,152.0,19.87707597750752,350,76,0.0
228,76,124,38.0,1.52,2.48,38.0,62.0,152.0,19.87707597750752,352,76,0.0
229,77,123,38.5,1.54,2.46,38.5,61.5,154.0,20.138616450895775,354,77,2.0
230,77,123,38.5,1.54,2.46,38.5,61.5,154.0,20.138616450895775,354,77,0.0
231,77,123,38.5,1.54,2.46,38.5,61.5,154.0,20.138616450895775,354,77,0.0
232,77,123,38.5,1.54,2.46,38.5,61.5,154.0,20.138616450895775,354,77,0.0
233,77,123,38.5,1.54,2.46,38.5,61.5,154.0,20.138616450895775,354,77,0.0
234,77,123,38.5,1.54,2.46,38.5,61.5,154.0,20.138616450895775,354,77,0.0
235,77,123,38.5,1.54,2.46,38.5,61.5,154.0,20.138616450895775,354,77,0.0
236,77,123,38.5,1.54,2.46,38.5,61.5,154.0,20.138616450895775,355,77,0.0
237,77,123,38.5,1.54,2.46,38.5,61.5,154.0,20.138616450895775,355,77,0.0
238,77,123,38.5,1.54,2.46,38.5,61.5,154.0,20.138616450895775,355,77,0.0
239,77,123,38.5,1.54,2.46,38.5,61.5,154.0,20.138616450895775,356,77,0.0
240,77,123,38.5,1.54,2.46,38.5,61.5,154.0,20.138616450895775,358,77,0.0
241,77,123,38.5,1.54,2.46,38.5,61.5,154.0,20.138616450895775,359,77,0.0
242,77,123,38.5,1.54,2.46,38.5,61.5,154.0,20.138616450895775,361,77,0.0
243,77,123,38.5,1.54,2.46,38.5,61.5,154.0,20.138616450895775,361,77,0.0
244,77,123,38.5,1.54,2.46,38.5,61.5,154.0,20.138616450895775,362,77,0.0
245,77,123,38.5,1.54,2.46,38.5,61.5,154.0,20.138616450895775,363,77,0.0
246,77,123,38.5,1.54,2.46,38.5,61.5,154.0,20.138616450895775,365,77,0.0
247,77,123,38.5,1.54,2.46,38.5,61.5,154.0,20.138616450895775,368,77,0.0
248,77,123,38.5,1.54,2.46,38.5,61.5,154.0,20.138616450895775,370,77,0.0
249,77,123,38.5,1.54,2.46,38.5,61.5,154.0,20.138616450895775,372,77,0.0
250,77,123,38.5,1.54,2.46,38.5,61.5,154.0,20.138616450895775,375,77,0.0
251,77,123,38.5,1.54,2.46,38.5,61.5,154.0,20.138616450895775,377,77,0.0
252,77,123,38.5,1.54,2.46,38.5,61.5,154.0,20.138616450895775,380,77,0.0
253,77,123,38.5,1.54,2.46,38.5,61.5,154.0,20.138616450895775,383,77,0.0
254,77,123,38.5,1.54,2.46,38.5,61.5,154.0,20.138616450895775,386,77,0.0
255,78,122,39.0,1.56,2.44,39.0,61.0,156.0,20.400156924284033,389,78,2.0
256,81,119,40.5,1.62,2.38,40.5,59.49999999999999,162.0,21.1847783444488,392,81,6.0
257,81,119,40.5,1.62,2.38,40.5,59.49999999999999,162.0,21.1847783444488,392,81,0.0
258,81,119,40.5,1.62,2.38,40.5,59.49999999999999,162.0,21.1847783444488,393,81,0.0
259,81,119,40.5,1.62,2.38,40.5,59.49999999999999,162.0,21.1847783444488,394,81,0.0
260,81,119,40.5,1.62,2.38,40.5,59.49999999999999,162.0,21.1847783444488,395,81,0.0
261,81,119,40.5,1.62,2.38,40.5,59.49999999999999,162.0,21.1847783444488,396,81,0.0
262,81,119,40.5,1.62,2.38,40.5,59.49999999999999,162.0,21.1847783444488,397,81,0.0
263,81,119,40.5,1.62,2.38,40.5,59.49999999999999,162.0,21.1847783444488,398,81,0.0
264,81,119,40.5,1.62,2.38,40.5,59.49999999999999,162.0,21.1847783444488,399,81,0.0
265,81,119,40.5,1.62,2.38,40.5,59.49999999999999,162.0,21.1847783444488,399,81,0.0
266,82,118,41.0,1.6400000000000001,2.36,41.0,58.99999999999999,164.0,21.44631881783706,400,82,2.0
267,83,117,41.5,1.6600000000000001,2.34,41.5,58.49999999999999,166.0,21.707859291225315,402,83,2.0
268,83,117,41.5,1.6600000000000001,2.34,41.5,58.49999999999999,166.0,21.707859291225315,402,83,0.0
269,83,117,41.5,1.6600000000000001,2.34,41.5,58.49999999999999,166.0,21.707859291225315,402,83,0.0
270,83,117,41.5,1.6600000000000001,2.34,41.5,58.49999999999999,166.0,21.707859291225315,402,83,0.0
271,84,116,42.0,1.68,2.3200000000000003,42.0,58.00000000000001,168.0,21.969399764613573,404,84,2.0
272,84,116,42.0,1.68,2.3200000000000003,42.0,58.00000000000001,168.0,21.969399764613573,405,84,0.0
273,84,116,42.0,1.68,2.3200000000000003,42.0,58.00000000000001,168.0,21.969399764613573,406,84,0.0
274,84,116,42.0,1.68,2.3200000000000003,42.0,58.00000000000001,168.0,21.969399764613573,406,84,0.0
275,84,116,42.0,1.68,2.3200000000000003,42.0,58.00000000000001,168.0,21.969399764613573,407,84,0.0
276,84,116,42.0,1.68,2.3200000000000003,42.0,58.00000000000001,168.0,21.969399764613573,407,84,0.0
277,84,116,42.0,1.68,2.3200000000000003,42.0,58.00000000000001,168.0,21.969399764613573,407,84,0.0
278,84,116,42.0,1.68,2.3200000000000003,42.0,58.00000000000001,168.0,21.969399764613573,407,84,0.0
279,84,116,42.0,1.68,2.3200000000000003,42.0,58.00000000000001,168.0,21.969399764613573,407,84,0.0
280,84,116,42.0,1.68,2.3200000000000003,42.0,58.00000000000001,168.0,21.969399764613573,407,84,0.0
281,84,116,42.0,1.68,2.3200000000000003,42.0,58.00000000000001,168.0,21.969399764613573,408,84,0.0
282,84,116,42.0,1.68,2.3200000000000003,42.0,58.00000000000001,168.0,21.969399764613573,409,84,0.0
283,84,116,42.0,1.68,2.3200000000000003,42.0,58.00000000000001,168.0,21.969399764613573,410,84,0.0
284,84,116,42.0,1.68,2.3200000000000003,42.0,58.00000000000001,168.0,21.969399764613573,411,84,0.0
285,84,116,42.0,1.68,2.3200000000000003,42.0,58.00000000000001,168.0,21.969399764613573,414,84,0.0
286,84,116,42.0,1.68,2.3200000000000003,42.0,58.00000000000001,168.0,21.969399764613573,418,84,0.0
287,85,115,42.5,1.7,2.3,42.5,57.49999999999999,170.0,22.23094023800183,421,85,2.0
288,85,115,42.5,1.7,2.3,42.5,57.49999999999999,170.0,22.23094023800183,422,85,0.0
289,85,115,42.5,1.7,2.3,42.5,57.49999999999999,170.0,22.23094023800183,423,85,0.0
290,85,115,42.5,1.7,2.3,42.5,57.49999999999999,170.0,22.23094023800183,424,85,0.0
291,85,115,42.5,1.7,2.3,42.5,57.49999999999999,170.0,22.23094023800183,426,85,0.0
292,85,115,42.5,1.7,2.3,42.5,57.49999999999999,170.0,22.23094023800183,428,85,0.0
293,85,115,42.5,1.7,2.3,42.5,57.49999999999999,170.0,22.23094023800183,429,85,0.0
294,85,115,42.5,1.7,2.3,42.5,57.49999999999999,170.0,22.23094023800183,430,85,0.0
295,85,115,42.5,1.7,2.3,42.5,57.49999999999999,170.0,22.23094023800183,432,85,0.0
296,86,114,43.0,1.72,2.2800000000000002,43.0,57.00000000000001,172.0,22.492480711390087,434,86,2.0
297,86,114,43.0,1.72,2.2800000000000002,43.0,57.00000000000001,172.0,22.492480711390087,434,86,0.0
298,86,114,43.0,1.72,2.2800000000000002,43.0,57.00000000000001,172.0,22.492480711390087,435,86,0.0
299,86,114,43.0,1.72,2.2800000000000002,43.0,57.00000000000001,172.0,22.492480711390087,437,86,0.0
300,86,114,43.0,1.72,2.2800000000000002,43.0,57.00000000000001,172.0,22.492480711390087,437,86,0.0
301,87,113,43.5,1.74,2.26,43.5,56.49999999999999,174.0,22.754021184778342,440,87,2.0
302,87,113,43.5,1.74,2.26,43.5,56.49999999999999,174.0,22.754021184778342,441,87,0.0
303,87,113,43.5,1.74,2.26,43.5,56.49999999999999,174.0,22.754021184778342,442,87,0.0
304,88,112,44.0,1.76,2.24,44.0,56.00000000000001,176.0,23.0155616581666,444,88,2.0
305,88,112,44.0,1.76,2.24,44.0,56.00000000000001,176.0,23.0155616581666,446,88,0.0
306,88,112,44.0,1.76,2.24,44.0,56.00000000000001,176.0,23.0155616581666,446,88,0.0
307,88,112,44.0,1.76,2.24,44.0,56.00000000000001,176.0,23.0155616581666,446,88,0.0
308,88,112,44.0,1.76,2.24,44.0,56.00000000000001,176.0,23.0155616581666,447,88,0.0
309,88,112,44.0,1.76,2.24,44.0,56.00000000000001,176.0,23.0155616581666,448,88,0.0
310,88,112,44.0,1.76,2.24,44.0,56.00000000000001,176.0,23.0155616581666,449,88,0.0
311,88,112,44.0,1.76,2.24,44.0,56.00000000000001,176.0,23.0155616581666,450,88,0.0
312,88,112,44.0,1.76,2.24,44.0,56.00000000000001,176.0,23.0155616581666,450,88,0.0
313,88,112,44.0,1.76,2.24,44.0,56.00000000000001,176.0,23.0155616581666,450,88,0.0
314,88,112,44.0,1.76,2.24,44.0,56.00000000000001,176.0,23.0155616581666,450,88,0.0
315,88,112,44.0,1.76,2.24,44.0,56.00000000000001,176.0,23.0155616581666,450,88,0.0
316,88,112,44.0,1.76,2.24,44.0,56.00000000000001,176.0,23.0155616581666,450,88,0.0
317,88,112,44.0,1.76,2.24,44.0,56.00000000000001,176.0,23.0155616581666,451,88,0.0
318,88,112,44.0,1.76,2.24,44.0,56.00000000000001,176.0,23.0155616581666,454,88,0.0
319,89,111,44.5,1.78,2.2199999999999998,44.5,55.49999999999999,178.0,23.277102131554855,457,89,2.0
320,89,111,44.5,1.78,2.2199999999999998,44.5,55.49999999999999,178.0,23.277102131554855,457,89,0.0
321,89,111,44.5,1.78,2.2199999999999998,44.5,55.49999999999999,178.0,23.277102131554855,457,89,0.0
322,90,110,45.0,1.8,2.2,45.0,55.0,180.0,23.538642604943114,458,90,2.0
323,90,110,45.0,1.8,2.2,45.0,55.0,180.0,23.538642604943114,458,90,0.0
324,90,110,45.0,1.8,2.2,45.0,55.0,180.0,23.538642604943114,459,90,0.0
325,90,110,45.0,1.8,2.2,45.0,55.0,180.0,23.538642604943114,462,90,0.0
326,92,108,46.0,1.84,2.16,46.0,54.0,184.0,24.061723551719627,464,92,4.0
327,93,107,46.5,1.86,2.1399999999999997,46.5,53.49999999999999,186.0,24.323264025107886,465,93,2.0
328,93,107,46.5,1.86,2.1399999999999997,46.5,53.49999999999999,186.0,24.323264025107886,466,93,0.0
329,93,107,46.5,1.86,2.1399999999999997,46.5,53.49999999999999,186.0,24.323264025107886,467,93,0.0
330,93,107,46.5,1.86,2.1399999999999997,46.5,53.49999999999999,186.0,24.323264025107886,468,93,0.0
331,93,107,46.5,1.86,2.1399999999999997,46.5,53.49999999999999,186.0,24.323264025107886,470,93,0.0
332,94,106,47.0,1.8800000000000001,2.12,47.0,53.0,188.0,24.58480449849614,473,94,2.0
333,94,106,47.0,1.8800000000000001,2.12,47.0,53.0,188.0,24.58480449849614,475,94,0.0
334,94,106,47.0,1.8800000000000001,2.12,47.0,53.0,188.0,24.58480449849614,477,94,0.0
335,94,106,47.0,1.8800000000000001,2.12,47.0,53.0,188.0,24.58480449849614,477,94,0.0
336,94,106,47.0,1.8800000000000001,2.12,47.0,53.0,188.0,24.58480449849614,478,94,0.0
337,94,106,47.0,1.8800000000000001,2.12,47.0,53.0,188.0,24.58480449849614,480,94,0.0
338,94,106,47.0,1.8800000000000001,2.12,47.0,53.0,188.0,24.58480449849614,480,94,0.0
339,94,106,47.0,1.8800000000000001,2.12,47.0,53.0,188.0,24.58480449849614,482,94,0.0
340,94,106,47.0,1.8800000000000001,2.12,47.0,53.0,188.0,24.58480449849614,484,94,0.0
341,95,105,47.5,1.9000000000000001,2.0999999999999996,47.5,52.49999999999999,190.0,24.8463449718844,487,95,2.0
342,95,105,47.5,1.9000000000000001,2.0999999999999996,47.5,52.49999999999999,190.0,24.8463449718844,488,95,0.0
343,95,105,47.5,1.9000000000000001,2.0999999999999996,47.5,52.49999999999999,190.0,24.8463449718844,490,95,0.0
344,95,105,47.5,1.9000000000000001,2.0999999999999996,47.5,52.49999999999999,190.0,24.8463449718844,491,95,0.0
345,95,105,47.5,1.9000000000000001,2.0999999999999996,47.5,52.49999999999999,190.0,24.8463449718844,491,95,0.0
346,96,104,48.0,1.92,2.08,48.0,52.0,192.0,25.107885445272654,492,96,2.0
347,96,104,48.0,1.92,2.08,48.0,52.0,192.0,25.107885445272654,493,96,0.0
348,98,102,49.0,1.96,2.04,49.0,51.0,196.0,25.63096639204917,496,98,4.0
349,98,102,49.0,1.96,2.04,49.0,51.0,196.0,25.63096639204917,497,98,0.0
350,98,102,49.0,1.96,2.04,49.0,51.0,196.0,25.63096639204917,498,98,0.0
351,99,101,49.5,1.98,2.02,49.5,50.5,198.0,25.892506865437426,500,99,2.0
352,100,100,50.0,2.0,2.0,50.0,50.0,200.0,26.15404733882568,502,100,2.0
353,100,100,50.0,2.0,2.0,50.0,50.0,200.0,26.15404733882568,503,100,0.0
354,100,100,50.0,2.0,2.0,50.0,50.0,200.0,26.15404733882568,504,100,0.0
355,100,100,50.0,2.0,2.0,50.0,50.0,200.0,26.15404733882568,505,100,0.0
356,101,99,50.5,2.02,1.98,50.5,49.5,202.0,26.415587812213936,507,101,2.0
357,101,99,50.5,2.02,1.98,50.5,49.5,202.0,26.415587812213936,508,101,0.0
358,101,99,50.5,2.02,1.98,50.5,49.5,202.0,26.415587812213936,508,101,0.0
359,101,99,50.5,2.02,1.98,50.5,49.5,202.0,26.415587812213936,509,101,0.0
360,101,99,50.5,2.02,1.98,50.5,49.5,202.0,26.415587812213936,510,101,0.0
361,101,99,50.5,2.02,1.98,50.5,49.5,202.0,26.415587812213936,511,101,0.0
362,101,99,50.5,2.02,1.98,50.5,49.5,202.0,26.415587812213936,512,101,0.0
363,101,99,50.5,2.02,1.98,50.5,49.5,202.0,26.415587812213936,514,101,0.0
364,101,99,50.5,2.02,1.98,50.5,49.5,202.0,26.415587812213936,515,101,0.0
365,102,98,51.0,2.04,1.96,51.0,49.0,204.0,26.677128285602198,516,102,2.0
366,102,98,51.0,2.04,1.96,51.0,49.0,204.0,26.677128285602198,516,102,0.0
367,102,98,51.0,2.04,1.96,51.0,49.0,204.0,26.677128285602198,516,102,0.0
368,102,98,51.0,2.04,1.96,51.0,49.0,204.0,26.677128285602198,516,102,0.0
369,102,98,51.0,2.04,1.96,51.0,49.0,204.0,26.677128285602198,516,102,0.0
370,102,98,51.0,2.04,1.96,51.0,49.0,204.0,26.677128285602198,516,102,0.0
371,102,98,51.0,2.04,1.96,51.0,49.0,204.0,26.677128285602198,516,102,0.0
372,102,98,51.0,2.04,1.96,51.0,49.0,204.0,26.677128285602198,517,102,0.0
373,103,97,51.5,2.06,1.94,51.5,48.5,206.0,26.938668758990453,518,103,2.0
374,103,97,51.5,2.06,1.94,51.5,48.5,206.0,26.938668758990453,519,103,0.0
375,105,95,52.5,2.1,1.9,52.5,47.5,210.0,27.461749705766962,522,105,4.0
376,105,95,52.5,2.1,1.9,52.5,47.5,210.0,27.461749705766962,523,105,0.0
377,106,94,53.0,2.12,1.88,53.0,46.99999999999999,212.0,27.723290179155224,525,106,2.0
378,106,94,53.0,2.12,1.88,53.0,46.99999999999999,212.0,27.723290179155224,526,106,0.0
379,106,94,53.0,2.12,1.88,53.0,46.99999999999999,212.0,27.723290179155224,527,106,0.0
380,106,94,53.0,2.12,1.88,53.0,46.99999999999999,212.0,27.723290179155224,528,106,0.0
381,106,94,53.0,2.12,1.88,53.0,46.99999999999999,212.0,27.723290179155224,528,106,0.0
382,106,94,53.0,2.12,1.88,53.0,46.99999999999999,212.0,27.723290179155224,528,106,0.0
383,106,94,53.0,2.12,1.88,53.0,46.99999999999999,212.0,27.723290179155224,528,106,0.0
384,106,94,53.0,2.12,1.88,53.0,46.99999999999999,212.0,27.723290179155224,528,106,0.0
385,106,94,53.0,2.12,1.88,53.0,46.99999999999999,212.0,27.723290179155224,528,106,0.0
386,106,94,53.0,2.12,1.88,53.0,46.99999999999999,212.0,27.723290179155224,528,106,0.0
387,106,94,53.0,2.12,1.88,53.0,46.99999999999999,212.0,27.723290179155224,529,106,0.0
388,106,94,53.0,2.12,1.88,53.0,46.99999999999999,212.0,27.723290179155224,531,106,0.0
389,106,94,53.0,2.12,1.88,53.0,46.99999999999999,212.0,27.723290179155224,531,106,0.0
390,106,94,53.0,2.12,1.88,53.0,46.99999999999999,212.0,27.723290179155224,532,106,0.0
391,106,94,53.0,2.12,1.88,53.0,46.99999999999999,212.0,27.723290179155224,533,106,0.0
392,106,94,53.0,2.12,1.88,53.0,46.99999999999999,212.0,27.723290179155224,533,106,0.0
393,106,94,53.0,2.12,1.88,53.0,46.99999999999999,212.0,27.723290179155224,533,106,0.0
394,106,94,53.0,2.12,1.88,53.0,46.99999999999999,212.0,27.723290179155224,533,106,0.0
395,106,94,53.0,2.12,1.88,53.0,46.99999999999999,212.0,27.723290179155224,533,106,0.0
396,106,94,53.0,2.12,1.88,53.0,46.99999999999999,212.0,27.723290179155224,533,106,0.0
397,106,94,53.0,2.12,1.88,53.0,46.99999999999999,212.0,27.723290179155224,533,106,0.0
398,106,94,53.0,2.12,1.88,53.0,46.99999999999999,212.0,27.723290179155224,534,106,0.0
399,106,94,53.0,2.12,1.88,53.0,46.99999999999999,212.0,27.723290179155224,536,106,0.0
400,107,93,53.5,2.14,1.8599999999999999,53.5,46.49999999999999,214.0,27.98483065254348,538,107,2.0
401,108,92,54.0,2.16,1.8399999999999999,54.0,45.99999999999999,216.0,28.246371125931734,539,108,2.0
402,108,92,54.0,2.16,1.8399999999999999,54.0,45.99999999999999,216.0,28.246371125931734,539,108,0.0
403,108,92,54.0,2.16,1.8399999999999999,54.0,45.99999999999999,216.0,28.246371125931734,539,108,0.0
404,108,92,54.0,2.16,1.8399999999999999,54.0,45.99999999999999,216.0,28.246371125931734,539,108,0.0
405,108,92,54.0,2.16,1.8399999999999999,54.0,45.99999999999999,216.0,28.246371125931734,540,108,0.0
406,108,92,54.0,2.16,1.8399999999999999,54.0,45.99999999999999,216.0,28.246371125931734,541,108,0.0
407,109,91,54.50000000000001,2.18,1.8199999999999998,54.5,45.49999999999999,218.0,28.50791159931999,543,109,2.0
408,109,91,54.50000000000001,2.18,1.8199999999999998,54.5,45.49999999999999,218.0,28.50791159931999,544,109,0.0
409,110,90,55.00000000000001,2.2,1.7999999999999998,55.0,44.99999999999999,220.0,28.76945207270825,546,110,2.0
410,110,90,55.00000000000001,2.2,1.7999999999999998,55.0,44.99999999999999,220.0,28.76945207270825,546,110,0.0
411,110,90,55.00000000000001,2.2,1.7999999999999998,55.0,44.99999999999999,220.0,28.76945207270825,546,110,0.0
412,110,90,55.00000000000001,2.2,1.7999999999999998,55.0,44.99999999999999,220.0,28.76945207270825,546,110,0.0
413,110,90,55.00000000000001,2.2,1.7999999999999998,55.0,44.99999999999999,220.0,28.76945207270825,546,110,0.0
414,111,89,55.50000000000001,2.22,1.7799999999999998,55.50000000000001,44.49999999999999,222.00000000000003,29.030992546096513,547,111,2.0000000000000284
415,111,89,55.50000000000001,2.22,1.7799999999999998,55.50000000000001,44.49999999999999,222.00000000000003,29.030992546096513,547,111,0.0
416,111,89,55.50000000000001,2.22,1.7799999999999998,55.50000000000001,44.49999999999999,222.00000000000003,29.030992546096513,548,111,0.0
417,111,89,55.50000000000001,2.22,1.7799999999999998,55.50000000000001,44.49999999999999,222.00000000000003,29.030992546096513,548,111,0.0
418,112,88,56.00000000000001,2.24,1.7599999999999998,56.00000000000001,43.99999999999999,224.00000000000003,29.292533019484768,550,112,2.0
419,113,87,56.49999999999999,2.2600000000000002,1.7399999999999998,56.50000000000001,43.49999999999999,226.00000000000003,29.554073492873023,551,113,2.0
420,114,86,56.99999999999999,2.2800000000000002,1.7199999999999998,57.00000000000001,42.99999999999999,228.00000000000003,29.815613966261278,552,114,2.0
421,114,86,56.99999999999999,2.2800000000000002,1.7199999999999998,57.00000000000001,42.99999999999999,228.00000000000003,29.815613966261278,552,114,0.0
422,114,86,56.99999999999999,2.2800000000000002,1.7199999999999998,57.00000000000001,42.99999999999999,228.00000000000003,29.815613966261278,552,114,0.0
423,114,86,56.99999999999999,2.2800000000000002,1.7199999999999998,57.00000000000001,42.99999999999999,228.00000000000003,29.815613966261278,552,114,0.0
424,114,86,56.99999999999999,2.2800000000000002,1.7199999999999998,57.00000000000001,42.99999999999999,228.00000000000003,29.815613966261278,552,114,0.0
425,114,86,56.99999999999999,2.2800000000000002,1.7199999999999998,57.00000000000001,42.99999999999999,228.00000000000003,29.815613966261278,553,114,0.0
426,114,86,56.99999999999999,2.2800000000000002,1.7199999999999998,57.00000000000001,42.99999999999999,228.00000000000003,29.815613966261278,554,114,0.0
427,114,86,56.99999999999999,2.2800000000000002,1.7199999999999998,57.00000000000001,42.99999999999999,228.00000000000003,29.815613966261278,554,114,0.0
428,114,86,56.99999999999999,2.2800000000000002,1.7199999999999998,57.00000000000001,42.99999999999999,228.00000000000003,29.815613966261278,554,114,0.0
429,114,86,56.99999999999999,2.2800000000000002,1.7199999999999998,57.00000000000001,42.99999999999999,228.00000000000003,29.815613966261278,554,114,0.0
430,114,86,56.99999999999999,2.2800000000000002,1.7199999999999998,57.00000000000001,42.99999999999999,228.00000000000003,29.815613966261278,554,114,0.0
431,114,86,56.99999999999999,2.2800000000000002,1.7199999999999998,57.00000000000001,42.99999999999999,228.00000000000003,29.815613966261278,554,114,0.0
432,114,86,56.99999999999999,2.2800000000000002,1.7199999999999998,57.00000000000001,42.99999999999999,228.00000000000003,29.815613966261278,554,114,0.0
433,114,86,56.99999999999999,2.2800000000000002,1.7199999999999998,57.00000000000001,42.99999999999999,228.00000000000003,29.815613966261278,554,114,0.0
434,114,86,56.99999999999999,2.2800000000000002,1.7199999999999998,57.00000000000001,42.99999999999999,228.00000000000003,29.815613966261278,555,114,0.0
435,114,86,56.99999999999999,2.2800000000000002,1.7199999999999998,57.00000000000001,42.99999999999999,228.00000000000003,29.815613966261278,556,114,0.0
436,114,86,56.99999999999999,2.2800000000000002,1.7199999999999998,57.00000000000001,42.99999999999999,228.00000000000003,29.815613966261278,558,114,0.0
437,115,85,57.49999999999999,2.3000000000000003,1.6999999999999997,57.50000000000001,42.49999999999999,230.00000000000003,30.07715443964954,560,115,2.0
438,115,85,57.49999999999999,2.3000000000000003,1.6999999999999997,57.50000000000001,42.49999999999999,230.00000000000003,30.07715443964954,561,115,0.0
439,115,85,57.49999999999999,2.3000000000000003,1.6999999999999997,57.50000000000001,42.49999999999999,230.00000000000003,30.07715443964954,561,115,0.0
440,115,85,57.49999999999999,2.3000000000000003,1.6999999999999997,57.50000000000001,42.49999999999999,230.00000000000003,30.07715443964954,561,115,0.0
441,115,85,57.49999999999999,2.3000000000000003,1.6999999999999997,57.50000000000001,42.49999999999999,230.00000000000003,30.07715443964954,561,115,0.0
442,115,85,57.49999999999999,2.3000000000000003,1.6999999999999997,57.50000000000001,42.49999999999999,230.00000000000003,30.07715443964954,562,115,0.0
443,115,85,57.49999999999999,2.3000000000000003,1.6999999999999997,57.50000000000001,42.49999999999999,230.00000000000003,30.07715443964954,564,115,0.0
444,115,85,57.49999999999999,2.3000000000000003,1.6999999999999997,57.50000000000001,42.49999999999999,230.00000000000003,30.07715443964954,564,115,0.0
445,115,85,57.49999999999999,2.3000000000000003,1.6999999999999997,57.50000000000001,42.49999999999999,230.00000000000003,30.07715443964954,564,115,0.0
446,115,85,57.49999999999999,2.3000000000000003,1.6999999999999997,57.50000000000001,42.49999999999999,230.00000000000003,30.07715443964954,564,115,0.0
447,115,85,57.49999999999999,2.3000000000000003,1.6999999999999997,57.50000000000001,42.49999999999999,230.00000000000003,30.07715443964954,565,115,0.0
448,115,85,57.49999999999999,2.3000000000000003,1.6999999999999997,57.50000000000001,42.49999999999999,230.00000000000003,30.07715443964954,566,115,0.0
449,115,85,57.49999999999999,2.3000000000000003,1.6999999999999997,57.50000000000001,42.49999999999999,230.00000000000003,30.07715443964954,566,115,0.0
450,115,85,57.49999999999999,2.3000000000000003,1.6999999999999997,57.50000000000001,42.49999999999999,230.00000000000003,30.07715443964954,566,115,0.0
451,115,85,57.49999999999999,2.3000000000000003,1.6999999999999997,57.50000000000001,42.49999999999999,230.00000000000003,30.07715443964954,566,115,0.0
452,115,85,57.49999999999999,2.3000000000000003,1.6999999999999997,57.50000000000001,42.49999999999999,230.00000000000003,30.07715443964954,566,115,0.0
453,115,85,57.49999999999999,2.3000000000000003,1.6999999999999997,57.50000000000001,42.49999999999999,230.00000000000003,30.07715443964954,566,115,0.0
454,115,85,57.49999999999999,2.3000000000000003,1.6999999999999997,57.50000000000001,42.49999999999999,230.00000000000003,30.07715443964954,566,115,0.0
455,115,85,57.49999999999999,2.3000000000000003,1.6999999999999997,57.50000000000001,42.49999999999999,230.00000000000003,30.07715443964954,567,115,0.0
456,116,84,57.99999999999999,2.32,1.6800000000000002,57.99999999999999,42.0,231.99999999999997,30.338694913037788,569,116,1.9999999999999432
457,116,84,57.99999999999999,2.32,1.6800000000000002,57.99999999999999,42.0,231.99999999999997,30.338694913037788,569,116,0.0
458,116,84,57.99999999999999,2.32,1.6800000000000002,57.99999999999999,42.0,231.99999999999997,30.338694913037788,569,116,0.0
459,116,84,57.99999999999999,2.32,1.6800000000000002,57.99999999999999,42.0,231.99999999999997,30.338694913037788,569,116,0.0
460,116,84,57.99999999999999,2.32,1.6800000000000002,57.99999999999999,42.0,231.99999999999997,30.338694913037788,569,116,0.0
461,116,84,57.99999999999999,2.32,1.6800000000000002,57.99999999999999,42.0,231.99999999999997,30.338694913037788,569,116,0.0
462,116,84,57.99999999999999,2.32,1.6800000000000002,57.99999999999999,42.0,231.99999999999997,30.338694913037788,569,116,0.0
463,116,84,57.99999999999999,2.32,1.6800000000000002,57.99999999999999,42.0,231.99999999999997,30.338694913037788,571,116,0.0
464,116,84,57.99999999999999,2.32,1.6800000000000002,57.99999999999999,42.0,231.99999999999997,30.338694913037788,573,116,0.0
465,116,84,57.99999999999999,2.32,1.6800000000000002,57.99999999999999,42.0,231.99999999999997,30.338694913037788,574,116,0.0
466,116,84,57.99999999999999,2.32,1.6800000000000002,57.99999999999999,42.0,231.99999999999997,30.338694913037788,576,116,0.0
467,116,84,57.99999999999999,2.32,1.6800000000000002,57.99999999999999,42.0,231.99999999999997,30.338694913037788,576,116,0.0
468,116,84,57.99999999999999,2.32,1.6800000000000002,57.99999999999999,42.0,231.99999999999997,30.338694913037788,576,116,0.0
469,116,84,57.99999999999999,2.32,1.6800000000000002,57.99999999999999,42.0,231.99999999999997,30.338694913037788,577,116,0.0
470,116,84,57.99999999999999,2.32,1.6800000000000002,57.99999999999999,42.0,231.99999999999997,30.338694913037788,577,116,0.0
471,116,84,57.99999999999999,2.32,1.6800000000000002,57.99999999999999,42.0,231.99999999999997,30.338694913037788,577,116,0.0
472,116,84,57.99999999999999,2.32,1.6800000000000002,57.99999999999999,42.0,231.99999999999997,30.338694913037788,577,116,0.0
473,116,84,57.99999999999999,2.32,1.6800000000000002,57.99999999999999,42.0,231.99999999999997,30.338694913037788,578,116,0.0
474,116,84,57.99999999999999,2.32,1.6800000000000002,57.99999999999999,42.0,231.99999999999997,30.338694913037788,579,116,0.0
475,116,84,57.99999999999999,2.32,1.6800000000000002,57.99999999999999,42.0,231.99999999999997,30.338694913037788,579,116,0.0
476,116,84,57.99999999999999,2.32,1.6800000000000002,57.99999999999999,42.0,231.99999999999997,30.338694913037788,581,116,0.0
477,117,83,58.5,2.34,1.6600000000000001,58.49999999999999,41.5,233.99999999999997,30.600235386426043,585,117,2.0
478,117,83,58.5,2.34,1.6600000000000001,58.49999999999999,41.5,233.99999999999997,30.600235386426043,586,117,0.0
479,117,83,58.5,2.34,1.6600000000000001,58.49999999999999,41.5,233.99999999999997,30.600235386426043,587,117,0.0
480,117,83,58.5,2.34,1.6600000000000001,58.49999999999999,41.5,233.99999999999997,30.600235386426043,588,117,0.0
481,117,83,58.5,2.34,1.6600000000000001,58.49999999999999,41.5,233.99999999999997,30.600235386426043,589,117,0.0
482,117,83,58.5,2.34,1.6600000000000001,58.49999999999999,41.5,233.99999999999997,30.600235386426043,592,117,0.0
483,118,82,59.0,2.36,1.6400000000000001,58.99999999999999,41.0,235.99999999999997,30.8617758598143,594,118,2.0
484,118,82,59.0,2.36,1.6400000000000001,58.99999999999999,41.0,235.99999999999997,30.8617758598143,598,118,0.0
485,118,82,59.0,2.36,1.6400000000000001,58.99999999999999,41.0,235.99999999999997,30.8617758598143,601,118,0.0
486,119,81,59.5,2.38,1.62,59.49999999999999,40.5,237.99999999999997,31.123316333202556,604,119,2.0
487,119,81,59.5,2.38,1.62,59.49999999999999,40.5,237.99999999999997,31.123316333202556,606,119,0.0
488,119,81,59.5,2.38,1.62,59.49999999999999,40.5,237.99999999999997,31.123316333202556,609,119,0.0
489,119,81,59.5,2.38,1.62,59.49999999999999,40.5,237.99999999999997,31.123316333202556,610,119,0.0
490,119,81,59.5,2.38,1.62,59.49999999999999,40.5,237.99999999999997,31.123316333202556,611,119,0.0
491,119,81,59.5,2.38,1.62,59.49999999999999,40.5,237.99999999999997,31.123316333202556,611,119,0.0
492,119,81,59.5,2.38,1.62,59.49999999999999,40.5,237.99999999999997,31.123316333202556,611,119,0.0
493,120,80,60.0,2.4,1.6,60.0,40.0,240.0,31.384856806590815,612,120,2.0000000000000284
494,120,80,60.0,2.4,1.6,60.0,40.0,240.0,31.384856806590815,612,120,0.0
495,120,80,60.0,2.4,1.6,60.0,40.0,240.0,31.384856806590815,612,120,0.0
496,120,80,60.0,2.4,1.6,60.0,40.0,240.0,31.384856806590815,612,120,0.0
497,120,80,60.0,2.4,1.6,60.0,40.0,240.0,31.384856806590815,612,120,0.0
498,120,80,60.0,2.4,1.6,60.0,40.0,240.0,31.384856806590815,612,120,0.0
499,120,80,60.0,2.4,1.6,60.0,40.0,240.0,31.384856806590815,612,120,0.0
500,120,80,60.0,2.4,1.6,60.0,40.0,240.0,31.384856806590815,612,120,0.0
501,120,80,60.0,2.4,1.6,60.0,40.0,240.0,31.384856806590815,612,120,0.0
502,121,79,60.5,2.42,1.58,60.5,39.5,242.0,31.646397279979077,613,121,2.0
503,121,79,60.5,2.42,1.58,60.5,39.5,242.0,31.646397279979077,613,121,0.0
504,121,79,60.5,2.42,1.58,60.5,39.5,242.0,31.646397279979077,614,121,0.0
505,121,79,60.5,2.42,1.58,60.5,39.5,242.0,31.646397279979077,614,121,0.0
506,121,79,60.5,2.42,1.58,60.5,39.5,242.0,31.646397279979077,614,121,0.0
507,121,79,60.5,2.42,1.58,60.5,39.5,242.0,31.646397279979077,614,121,0.0
508,121,79,60.5,2.42,1.58,60.5,39.5,242.0,31.646397279979077,614,121,0.0
509,121,79,60.5,2.42,1.58,60.5,39.5,242.0,31.646397279979077,614,121,0.0
510,121,79,60.5,2.42,1.58,60.5,39.5,242.0,31.646397279979077,614,121,0.0
511,121,79,60.5,2.42,1.58,60.5,39.5,242.0,31.646397279979077,614,121,0.0
512,121,79,60.5,2.42,1.58,60.5,39.5,242.0,31.646397279979077,614,121,0.0
513,121,79,60.5,2.42,1.58,60.5,39.5,242.0,31.646397279979077,614,121,0.0
514,121,79,60.5,2.42,1.58,60.5,39.5,242.0,31.646397279979077,614,121,0.0
515,121,79,60.5,2.42,1.58,60.5,39.5,242.0,31.646397279979077,615,121,0.0
516,122,78,61.0,2.44,1.56,61.0,39.0,244.0,31.90793775336733,616,122,2.0
517,122,78,61.0,2.44,1.56,61.0,39.0,244.0,31.90793775336733,616,122,0.0
518,122,78,61.0,2.44,1.56,61.0,39.0,244.0,31.90793775336733,617,122,0.0
519,122,78,61.0,2.44,1.56,61.0,39.0,244.0,31.90793775336733,618,122,0.0
520,122,78,61.0,2.44,1.56,61.0,39.0,244.0,31.90793775336733,620,122,0.0
521,123,77,61.5,2.46,1.54,61.5,38.5,246.0,32.16947822675559,622,123,2.0
522,123,77,61.5,2.46,1.54,61.5,38.5,246.0,32.16947822675559,622,123,0.0
523,123,77,61.5,2.46,1.54,61.5,38.5,246.0,32.16947822675559,622,123,0.0
524,123,77,61.5,2.46,1.54,61.5,38.5,246.0,32.16947822675559,622,123,0.0
525,123,77,61.5,2.46,1.54,61.5,38.5,246.0,32.16947822675559,622,123,0.0
526,123,77,61.5,2.46,1.54,61.5,38.5,246.0,32.16947822675559,622,123,0.0
527,123,77,61.5,2.46,1.54,61.5,38.5,246.0,32.16947822675559,622,123,0.0
528,123,77,61.5,2.46,1.54,61.5,38.5,246.0,32.16947822675559,622,123,0.0
529,123,77,61.5,2.46,1.54,61.5,38.5,246.0,32.16947822675559,622,123,0.0
530,123,77,61.5,2.46,1.54,61.5,38.5,246.0,32.16947822675559,622,123,0.0
531,123,77,61.5,2.46,1.54,61.5,38.5,246.0,32.16947822675559,622,123,0.0
532,123,77,61.5,2.46,1.54,61.5,38.5,246.0,32.16947822675559,623,123,0.0
533,123,77,61.5,2.46,1.54,61.5,38.5,246.0,32.16947822675559,624,123,0.0
534,123,77,61.5,2.46,1.54,61.5,38.5,246.0,32.16947822675559,624,123,0.0
535,123,77,61.5,2.46,1.54,61.5,38.5,246.0,32.16947822675559,624,123,0.0
536,123,77,61.5,2.46,1.54,61.5,38.5,246.0,32.16947822675559,624,123,0.0
537,123,77,61.5,2.46,1.54,61.5,38.5,246.0,32.16947822675559,624,123,0.0
538,123,77,61.5,2.46,1.54,61.5,38.5,246.0,32.16947822675559,624,123,0.0
539,123,77,61.5,2.46,1.54,61.5,38.5,246.0,32.16947822675559,624,123,0.0
540,123,77,61.5,2.46,1.54,61.5,38.5,246.0,32.16947822675559,624,123,0.0
541,123,77,61.5,2.46,1.54,61.5,38.5,246.0,32.16947822675559,624,123,0.0
542,123,77,61.5,2.46,1.54,61.5,38.5,246.0,32.16947822675559,624,123,0.0
543,123,77,61.5,2.46,1.54,61.5,38.5,246.0,32.16947822675559,624,123,0.0
544,123,77,61.5,2.46,1.54,61.5,38.5,246.0,32.16947822675559,624,123,0.0
545,123,77,61.5,2.46,1.54,61.5,38.5,246.0,32.16947822675559,624,123,0.0
546,123,77,61.5,2.46,1.54,61.5,38.5,246.0,32.16947822675559,624,123,0.0
547,123,77,61.5,2.46,1.54,61.5,38.5,246.0,32.16947822675559,624,123,0.0
548,123,77,61.5,2.46,1.54,61.5,38.5,246.0,32.16947822675559,624,123,0.0
549,123,77,61.5,2.46,1.54,61.5,38.5,246.0,32.16947822675559,624,123,0.0
550,123,77,61.5,2.46,1.54,61.5,38.5,246.0,32.16947822675559,624,123,0.0
551,123,77,61.5,2.46,1.54,61.5,38.5,246.0,32.16947822675559,624,123,0.0
552,123,77,61.5,2.46,1.54,61.5,38.5,246.0,32.16947822675559,624,123,0.0
553,123,77,61.5,2.46,1.54,61.5,38.5,246.0,32.16947822675559,624,123,0.0
554,123,77,61.5,2.46,1.54,61.5,38.5,246.0,32.16947822675559,624,123,0.0
555,123,77,61.5,2.46,1.54,61.5,38.5,246.0,32.16947822675559,624,123,0.0
556,123,77,61.5,2.46,1.54,61.5,38.5,246.0,32.16947822675559,624,123,0.0
557,123,77,61.5,2.46,1.54,61.5,38.5,246.0,32.16947822675559,624,123,0.0
558,123,77,61.5,2.46,1.54,61.5,38.5,246.0,32.16947822675559,624,123,0.0
559,123,77,61.5,2.46,1.54,61.5,38.5,246.0,32.16947822675559,624,123,0.0
560,123,77,61.5,2.46,1.54,61.5,38.5,246.0,32.16947822675559,624,123,0.0
561,123,77,61.5,2.46,1.54,61.5,38.5,246.0,32.16947822675559,624,123,0.0
562,123,77,61.5,2.46,1.54,61.5,38.5,246.0,32.16947822675559,624,123,0.0
563,123,77,61.5,2.46,1.54,61.5,38.5,246.0,32.16947822675559,625,123,0.0
564,123,77,61.5,2.46,1.54,61.5,38.5,246.0,32.16947822675559,626,123,0.0
565,123,77,61.5,2.46,1.54,61.5,38.5,246.0,32.16947822675559,626,123,0.0
566,123,77,61.5,2.46,1.54,61.5,38.5,246.0,32.16947822675559,626,123,0.0
567,123,77,61.5,2.46,1.54,61.5,38.5,246.0,32.16947822675559,627,123,0.0
568,123,77,61.5,2.46,1.54,61.5,38.5,246.0,32.16947822675559,627,123,0.0
569,123,77,61.5,2.46,1.54,61.5,38.5,246.0,32.16947822675559,627,123,0.0
570,123,77,61.5,2.46,1.54,61.5,38.5,246.0,32.16947822675559,627,123,0.0
571,123,77,61.5,2.46,1.54,61.5,38.5,246.0,32.16947822675559,627,123,0.0
572,123,77,61.5,2.46,1.54,61.5,38.5,246.0,32.16947822675559,628,123,0.0
573,123,77,61.5,2.46,1.54,61.5,38.5,246.0,32.16947822675559,629,123,0.0
574,123,77,61.5,2.46,1.54,61.5,38.5,246.0,32.16947822675559,630,123,0.0
575,123,77,61.5,2.46,1.54,61.5,38.5,246.0,32.16947822675559,631,123,0.0
576,123,77,61.5,2.46,1.54,61.5,38.5,246.0,32.16947822675559,633,123,0.0
577,123,77,61.5,2.46,1.54,61.5,38.5,246.0,32.16947822675559,634,123,0.0
578,123,77,61.5,2.46,1.54,61.5,38.5,246.0,32.16947822675559,635,123,0.0
579,123,77,61.5,2.46,1.54,61.5,38.5,246.0,32.16947822675559,637,123,0.0
580,123,77,61.5,2.46,1.54,61.5,38.5,246.0,32.16947822675559,638,123,0.0
581,123,77,61.5,2.46,1.54,61.5,38.5,246.0,32.16947822675559,639,123,0.0
582,123,77,61.5,2.46,1.54,61.5,38.5,246.0,32.16947822675559,640,123,0.0
583,123,77,61.5,2.46,1.54,61.5,38.5,246.0,32.16947822675559,640,123,0.0
584,123,77,61.5,2.46,1.54,61.5,38.5,246.0,32.16947822675559,641,123,0.0
585,124,76,62.0,2.48,1.52,62.0,38.0,248.0,32.431018700143845,642,124,2.0
586,124,76,62.0,2.48,1.52,62.0,38.0,248.0,32.431018700143845,643,124,0.0
587,124,76,62.0,2.48,1.52,62.0,38.0,248.0,32.431018700143845,644,124,0.0
588,124,76,62.0,2.48,1.52,62.0,38.0,248.0,32.431018700143845,645,124,0.0
589,124,76,62.0,2.48,1.52,62.0,38.0,248.0,32.431018700143845,646,124,0.0
590,125,75,62.5,2.5,1.5,62.5,37.5,250.0,32.6925591735321,647,125,2.0
591,125,75,62.5,2.5,1.5,62.5,37.5,250.0,32.6925591735321,647,125,0.0
592,125,75,62.5,2.5,1.5,62.5,37.5,250.0,32.6925591735321,647,125,0.0
593,125,75,62.5,2.5,1.5,62.5,37.5,250.0,32.6925591735321,647,125,0.0
594,125,75,62.5,2.5,1.5,62.5,37.5,250.0,32.6925591735321,648,125,0.0
595,125,75,62.5,2.5,1.5,62.5,37.5,250.0,32.6925591735321,649,125,0.0
596,125,75,62.5,2.5,1.5,62.5,37.5,250.0,32.6925591735321,649,125,0.0
597,125,75,62.5,2.5,1.5,62.5,37.5,250.0,32.6925591735321,649,125,0.0
598,125,75,62.5,2.5,1.5,62.5,37.5,250.0,32.6925591735321,649,125,0.0
599,125,75,62.5,2.5,1.5,62.5,37.5,250.0,32.6925591735321,649,125,0.0
600,125,75,62.5,2.5,1.5,62.5,37.5,250.0,32.6925591735321,649,125,0.0
601,125,75,62.5,2.5,1.5,62.5,37.5,250.0,32.6925591735321,649,125,0.0
602,125,75,62.5,2.5,1.5,62.5,37.5,250.0,32.6925591735321,649,125,0.0
603,126,74,63.0,2.52,1.48,63.0,37.0,252.0,32.95409964692036,650,126,2.0
604,126,74,63.0,2.52,1.48,63.0,37.0,252.0,32.95409964692036,650,126,0.0
605,126,74,63.0,2.52,1.48,63.0,37.0,252.0,32.95409964692036,650,126,0.0
606,126,74,63.0,2.52,1.48,63.0,37.0,252.0,32.95409964692036,650,126,0.0
607,126,74,63.0,2.52,1.48,63.0,37.0,252.0,32.95409964692036,650,126,0.0
608,126,74,63.0,2.52,1.48,63.0,37.0,252.0,32.95409964692036,650,126,0.0
609,126,74,63.0,2.52,1.48,63.0,37.0,252.0,32.95409964692036,650,126,0.0
610,126,74,63.0,2.52,1.48,63.0,37.0,252.0,32.95409964692036,651,126,0.0
611,126,74,63.0,2.52,1.48,63.0,37.0,252.0,32.95409964692036,651,126,0.0
612,126,74,63.0,2.52,1.48,63.0,37.0,252.0,32.95409964692036,652,126,0.0
613,126,74,63.0,2.52,1.48,63.0,37.0,252.0,32.95409964692036,652,126,0.0
614,126,74,63.0,2.52,1.48,63.0,37.0,252.0,32.95409964692036,652,126,0.0
615,126,74,63.0,2.52,1.48,63.0,37.0,252.0,32.95409964692036,652,126,0.0
616,126,74,63.0,2.52,1.48,63.0,37.0,252.0,32.95409964692036,653,126,0.0
617,126,74,63.0,2.52,1.48,63.0,37.0,252.0,32.95409964692036,654,126,0.0
618,126,74,63.0,2.52,1.48,63.0,37.0,252.0,32.95409964692036,655,126,0.0
619,126,74,63.0,2.52,1.48,63.0,37.0,252.0,32.95409964692036,655,126,0.0
620,126,74,63.0,2.52,1.48,63.0,37.0,252.0,32.95409964692036,656,126,0.0
621,126,74,63.0,2.52,1.48,63.0,37.0,252.0,32.95409964692036,658,126,0.0
622,126,74,63.0,2.52,1.48,63.0,37.0,252.0,32.95409964692036,661,126,0.0
623,127,73,63.5,2.54,1.46,63.5,36.5,254.0,33.21564012030861,663,127,2.0
624,127,73,63.5,2.54,1.46,63.5,36.5,254.0,33.21564012030861,664,127,0.0
625,127,73,63.5,2.54,1.46,63.5,36.5,254.0,33.21564012030861,665,127,0.0
626,127,73,63.5,2.54,1.46,63.5,36.5,254.0,33.21564012030861,666,127,0.0
627,127,73,63.5,2.54,1.46,63.5,36.5,254.0,33.21564012030861,666,127,0.0
628,127,73,63.5,2.54,1.46,63.5,36.5,254.0,33.21564012030861,666,127,0.0
629,127,73,63.5,2.54,1.46,63.5,36.5,254.0,33.21564012030861,666,127,0.0
630,127,73,63.5,2.54,1.46,63.5,36.5,254.0,33.21564012030861,666,127,0.0
631,127,73,63.5,2.54,1.46,63.5,36.5,254.0,33.21564012030861,666,127,0.0
632,127,73,63.5,2.54,1.46,63.5,36.5,254.0,33.21564012030861,666,127,0.0
633,127,73,63.5,2.54,1.46,63.5,36.5,254.0,33.21564012030861,666,127,0.0
634,127,73,63.5,2.54,1.46,63.5,36.5,254.0,33.21564012030861,666,127,0.0
635,127,73,63.5,2.54,1.46,63.5,36.5,254.0,33.21564012030861,666,127,0.0
636,127,73,63.5,2.54,1.46,63.5,36.5,254.0,33.21564012030861,666,127,0.0
637,127,73,63.5,2.54,1.46,63.5,36.5,254.0,33.21564012030861,667,127,0.0
638,127,73,63.5,2.54,1.46,63.5,36.5,254.0,33.21564012030861,667,127,0.0
639,127,73,63.5,2.54,1.46,63.5,36.5,254.0,33.21564012030861,667,127,0.0
640,127,73,63.5,2.54,1.46,63.5,36.5,254.0,33.21564012030861,667,127,0.0
641,127,73,63.5,2.54,1.46,63.5,36.5,254.0,33.21564012030861,667,127,0.0
642,128,72,64.0,2.56,1.44,64.0,36.0,256.0,33.47718059369687,668,128,2.0
643,128,72,64.0,2.56,1.44,64.0,36.0,256.0,33.47718059369687,668,128,0.0
644,128,72,64.0,2.56,1.44,64.0,36.0,256.0,33.47718059369687,668,128,0.0
645,128,72,64.0,2.56,1.44,64.0,36.0,256.0,33.47718059369687,668,128,0.0
646,128,72,64.0,2.56,1.44,64.0,36.0,256.0,33.47718059369687,669,128,0.0
647,128,72,64.0,2.56,1.44,64.0,36.0,256.0,33.47718059369687,669,128,0.0
648,128,72,64.0,2.56,1.44,64.0,36.0,256.0,33.47718059369687,669,128,0.0
649,128,72,64.0,2.56,1.44,64.0,36.0,256.0,33.47718059369687,669,128,0.0
650,128,72,64.0,2.56,1.44,64.0,36.0,256.0,33.47718059369687,670,128,0.0
651,128,72,64.0,2.56,1.44,64.0,36.0,256.0,33.47718059369687,671,128,0.0
652,128,72,64.0,2.56,1.44,64.0,36.0,256.0,33.47718059369687,672,128,0.0
653,128,72,64.0,2.56,1.44,64.0,36.0,256.0,33.47718059369687,672,128,0.0
654,128,72,64.0,2.56,1.44,64.0,36.0,256.0,33.47718059369687,672,128,0.0
655,128,72,64.0,2.56,1.44,64.0,36.0,256.0,33.47718059369687,672,128,0.0
656,128,72,64.0,2.56,1.44,64.0,36.0,256.0,33.47718059369687,672,128,0.0
657,129,71,64.5,2.58,1.42,64.5,35.5,258.0,33.73872106708513,673,129,2.0
658,129,71,64.5,2.58,1.42,64.5,35.5,258.0,33.73872106708513,673,129,0.0
659,129,71,64.5,2.58,1.42,64.5,35.5,258.0,33.73872106708513,673,129,0.0
660,129,71,64.5,2.58,1.42,64.5,35.5,258.0,33.73872106708513,674,129,0.0
661,129,71,64.5,2.58,1.42,64.5,35.5,258.0,33.73872106708513,674,129,0.0
662,129,71,64.5,2.58,1.42,64.5,35.5,258.0,33.73872106708513,674,129,0.0
663,129,71,64.5,2.58,1.42,64.5,35.5,258.0,33.73872106708513,674,129,0.0
664,129,71,64.5,2.58,1.42,64.5,35.5,258.0,33.73872106708513,674,129,0.0
665,129,71,64.5,2.58,1.42,64.5,35.5,258.0,33.73872106708513,675,129,0.0
666,129,71,64.5,2.58,1.42,64.5,35.5,258.0,33.73872106708513,675,129,0.0
667,129,71,64.5,2.58,1.42,64.5,35.5,258.0,33.73872106708513,675,129,0.0
668,129,71,64.5,2.58,1.42,64.5,35.5,258.0,33.73872106708513,676,129,0.0
669,129,71,64.5,2.58,1.42,64.5,35.5,258.0,33.73872106708513,676,129,0.0
670,129,71,64.5,2.58,1.42,64.5,35.5,258.0,33.73872106708513,676,129,0.0
671,129,71,64.5,2.58,1.42,64.5,35.5,258.0,33.73872106708513,676,129,0.0
672,129,71,64.5,2.58,1.42,64.5,35.5,258.0,33.73872106708513,676,129,0.0
673,129,71,64.5,2.58,1.42,64.5,35.5,258.0,33.73872106708513,676,129,0.0
674,129,71,64.5,2.58,1.42,64.5,35.5,258.0,33.73872106708513,677,129,0.0
675,129,71,64.5,2.58,1.42,64.5,35.5,258.0,33.73872106708513,677,129,0.0
676,129,71,64.5,2.58,1.42,64.5,35.5,258.0,33.73872106708513,677,129,0.0
677,129,71,64.5,2.58,1.42,64.5,35.5,258.0,33.73872106708513,677,129,0.0
678,129,71,64.5,2.58,1.42,64.5,35.5,258.0,33.73872106708513,677,129,0.0
679,129,71,64.5,2.58,1.42,64.5,35.5,258.0,33.73872106708513,677,129,0.0
680,129,71,64.5,2.58,1.42,64.5,35.5,258.0,33.73872106708513,678,129,0.0
681,130,70,65.0,2.6,1.4,65.0,35.0,260.0,34.00026154047339,679,130,2.0
682,130,70,65.0,2.6,1.4,65.0,35.0,260.0,34.00026154047339,679,130,0.0
683,130,70,65.0,2.6,1.4,65.0,35.0,260.0,34.00026154047339,679,130,0.0
684,130,70,65.0,2.6,1.4,65.0,35.0,260.0,34.00026154047339,679,130,0.0
685,130,70,65.0,2.6,1.4,65.0,35.0,260.0,34.00026154047339,679,130,0.0
686,130,70,65.0,2.6,1.4,65.0,35.0,260.0,34.00026154047339,679,130,0.0
687,130,70,65.0,2.6,1.4,65.0,35.0,260.0,34.00026154047339,679,130,0.0
688,130,70,65.0,2.6,1.4,65.0,35.0,260.0,34.00026154047339,679,130,0.0
689,130,70,65.0,2.6,1.4,65.0,35.0,260.0,34.00026154047339,679,130,0.0
690,130,70,65.0,2.6,1.4,65.0,35.0,260.0,34.00026154047339,679,130,0.0
691,130,70,65.0,2.6,1.4,65.0,35.0,260.0,34.00026154047339,679,130,0.0
692,130,70,65.0,2.6,1.4,65.0,35.0,260.0,34.00026154047339,679,130,0.0
693,131,69,65.5,2.62,1.38,65.5,34.5,262.0,34.26180201386164,680,131,2.0
694,131,69,65.5,2.62,1.38,65.5,34.5,262.0,34.26180201386164,680,131,0.0
695,131,69,65.5,2.62,1.38,65.5,34.5,262.0,34.26180201386164,680,131,0.0
696,131,69,65.5,2.62,1.38,65.5,34.5,262.0,34.26180201386164,680,131,0.0
697,131,69,65.5,2.62,1.38,65.5,34.5,262.0,34.26180201386164,680,131,0.0
698,131,69,65.5,2.62,1.38,65.5,34.5,262.0,34.26180201386164,681,131,0.0
699,131,69,65.5,2.62,1.38,65.5,34.5,262.0,34.26180201386164,682,131,0.0
700,131,69,65.5,2.62,1.38,65.5,34.5,262.0,34.26180201386164,683,131,0.0
701,131,69,65.5,2.62,1.38,65.5,34.5,262.0,34.26180201386164,684,131,0.0
702,131,69,65.5,2.62,1.38,65.5,34.5,262.0,34.26180201386164,685,131,0.0
703,131,69,65.5,2.62,1.38,65.5,34.5,262.0,34.26180201386164,685,131,0.0
704,132,68,66.0,2.64,1.3599999999999999,66.0,33.99999999999999,264.0,34.5233424872499,687,132,2.0
705,132,68,66.0,2.64,1.3599999999999999,66.0,33.99999999999999,264.0,34.5233424872499,688,132,0.0
706,132,68,66.0,2.64,1.3599999999999999,66.0,33.99999999999999,264.0,34.5233424872499,689,132,0.0
707,132,68,66.0,2.64,1.3599999999999999,66.0,33.99999999999999,264.0,34.5233424872499,689,132,0.0
708,132,68,66.0,2.64,1.3599999999999999,66.0,33.99999999999999,264.0,34.5233424872499,690,132,0.0
709,132,68,66.0,2.64,1.3599999999999999,66.0,33.99999999999999,264.0,34.5233424872499,690,132,0.0
710,132,68,66.0,2.64,1.3599999999999999,66.0,33.99999999999999,264.0,34.5233424872499,691,132,0.0
711,133,67,66.5,2.66,1.3399999999999999,66.5,33.49999999999999,266.0,34.78488296063816,693,133,2.0
712,133,67,66.5,2.66,1.3399999999999999,66.5,33.49999999999999,266.0,34.78488296063816,695,133,0.0
713,133,67,66.5,2.66,1.3399999999999999,66.5,33.49999999999999,266.0,34.78488296063816,697,133,0.0
714,133,67,66.5,2.66,1.3399999999999999,66.5,33.49999999999999,266.0,34.78488296063816,699,133,0.0
715,134,66,67.0,2.68,1.3199999999999998,67.0,32.99999999999999,268.0,35.046423434026416,701,134,2.0
716,134,66,67.0,2.68,1.3199999999999998,67.0,32.99999999999999,268.0,35.046423434026416,701,134,0.0
717,135,65,67.5,2.7,1.2999999999999998,67.5,32.49999999999999,270.0,35.30796390741467,703,135,2.0
718,135,65,67.5,2.7,1.2999999999999998,67.5,32.49999999999999,270.0,35.30796390741467,703,135,0.0
719,135,65,67.5,2.7,1.2999999999999998,67.5,32.49999999999999,270.0,35.30796390741467,704,135,0.0
720,135,65,67.5,2.7,1.2999999999999998,67.5,32.49999999999999,270.0,35.30796390741467,705,135,0.0
721,135,65,67.5,2.7,1.2999999999999998,67.5,32.49999999999999,270.0,35.30796390741467,705,135,0.0
722,135,65,67.5,2.7,1.2999999999999998,67.5,32.49999999999999,270.0,35.30796390741467,705,135,0.0
723,135,65,67.5,2.7,1.2999999999999998,67.5,32.49999999999999,270.0,35.30796390741467,705,135,0.0
724,135,65,67.5,2.7,1.2999999999999998,67.5,32.49999999999999,270.0,35.30796390741467,706,135,0.0
725,135,65,67.5,2.7,1.2999999999999998,67.5,32.49999999999999,270.0,35.30796390741467,708,135,0.0
726,135,65,67.5,2.7,1.2999999999999998,67.5,32.49999999999999,270.0,35.30796390741467,710,135,0.0
727,135,65,67.5,2.7,1.2999999999999998,67.5,32.49999999999999,270.0,35.30796390741467,714,135,0.0
728,135,65,67.5,2.7,1.2999999999999998,67.5,32.49999999999999,270.0,35.30796390741467,716,135,0.0
729,136,64,68.0,2.72,1.2799999999999998,68.0,31.999999999999993,272.0,35.56950438080293,719,136,2.0
730,136,64,68.0,2.72,1.2799999999999998,68.0,31.999999999999993,272.0,35.56950438080293,721,136,0.0
731,136,64,68.0,2.72,1.2799999999999998,68.0,31.999999999999993,272.0,35.56950438080293,723,136,0.0
732,136,64,68.0,2.72,1.2799999999999998,68.0,31.999999999999993,272.0,35.56950438080293,724,136,0.0
733,136,64,68.0,2.72,1.2799999999999998,68.0,31.999999999999993,272.0,35.56950438080293,726,136,0.0
734,136,64,68.0,2.72,1.2799999999999998,68.0,31.999999999999993,272.0,35.56950438080293,727,136,0.0
735,136,64,68.0,2.72,1.2799999999999998,68.0,31.999999999999993,272.0,35.56950438080293,728,136,0.0
736,136,64,68.0,2.72,1.2799999999999998,68.0,31.999999999999993,272.0,35.56950438080293,728,136,0.0
737,136,64,68.0,2.72,1.2799999999999998,68.0,31.999999999999993,272.0,35.56950438080293,729,136,0.0
738,136,64,68.0,2.72,1.2799999999999998,68.0,31.999999999999993,272.0,35.56950438080293,730,136,0.0
739,136,64,68.0,2.72,1.2799999999999998,68.0,31.999999999999993,272.0,35.56950438080293,731,136,0.0
740,136,64,68.0,2.72,1.2799999999999998,68.0,31.999999999999993,272.0,35.56950438080293,731,136,0.0
741,137,63,68.5,2.74,1.2599999999999998,68.5,31.499999999999993,274.0,35.831044854191184,732,137,2.0
742,137,63,68.5,2.74,1.2599999999999998,68.5,31.499999999999993,274.0,35.831044854191184,732,137,0.0
743,137,63,68.5,2.74,1.2599999999999998,68.5,31.499999999999993,274.0,35.831044854191184,733,137,0.0
744,138,62,69.0,2.7600000000000002,1.2399999999999998,69.0,30.999999999999993,276.0,36.09258532757944,734,138,2.0
745,138,62,69.0,2.7600000000000002,1.2399999999999998,69.0,30.999999999999993,276.0,36.09258532757944,734,138,0.0
746,138,62,69.0,2.7600000000000002,1.2399999999999998,69.0,30.999999999999993,276.0,36.09258532757944,734,138,0.0
747,138,62,69.0,2.7600000000000002,1.2399999999999998,69.0,30.999999999999993,276.0,36.09258532757944,734,138,0.0
748,138,62,69.0,2.7600000000000002,1.2399999999999998,69.0,30.999999999999993,276.0,36.09258532757944,734,138,0.0
749,138,62,69.0,2.7600000000000002,1.2399999999999998,69.0,30.999999999999993,276.0,36.09258532757944,734,138,0.0
750,138,62,69.0,2.7600000000000002,1.2399999999999998,69.0,30.999999999999993,276.0,36.09258532757944,734,138,0.0
751,138,62,69.0,2.7600000000000002,1.2399999999999998,69.0,30.999999999999993,276.0,36.09258532757944,734,138,0.0
752,138,62,69.0,2.7600000000000002,1.2399999999999998,69.0,30.999999999999993,276.0,36.09258532757944,734,138,0.0
753,138,62,69.0,2.7600000000000002,1.2399999999999998,69.0,30.999999999999993,276.0,36.09258532757944,734,138,0.0
754,139,61,69.5,2.7800000000000002,1.2199999999999998,69.5,30.499999999999993,278.0,36.354125800967694,735,139,2.0
755,139,61,69.5,2.7800000000000002,1.2199999999999998,69.5,30.499999999999993,278.0,36.354125800967694,735,139,0.0
756,139,61,69.5,2.7800000000000002,1.2199999999999998,69.5,30.499999999999993,278.0,36.354125800967694,735,139,0.0
757,139,61,69.5,2.7800000000000002,1.2199999999999998,69.5,30.499999999999993,278.0,36.354125800967694,736,139,0.0
758,140,60,70.0,2.8000000000000003,1.1999999999999997,70.0,29.999999999999993,280.0,36.61566627435596,738,140,2.0
759,140,60,70.0,2.8000000000000003,1.1999999999999997,70.0,29.999999999999993,280.0,36.61566627435596,738,140,0.0
760,141,59,70.5,2.82,1.1800000000000002,70.5,29.500000000000004,282.0,36.87720674774421,739,141,2.0
761,141,59,70.5,2.82,1.1800000000000002,70.5,29.500000000000004,282.0,36.87720674774421,739,141,0.0
762,141,59,70.5,2.82,1.1800000000000002,70.5,29.500000000000004,282.0,36.87720674774421,739,141,0.0
763,141,59,70.5,2.82,1.1800000000000002,70.5,29.500000000000004,282.0,36.87720674774421,739,141,0.0
764,141,59,70.5,2.82,1.1800000000000002,70.5,29.500000000000004,282.0,36.87720674774421,740,141,0.0
765,141,59,70.5,2.82,1.1800000000000002,70.5,29.500000000000004,282.0,36.87720674774421,740,141,0.0
766,141,59,70.5,2.82,1.1800000000000002,70.5,29.500000000000004,282.0,36.87720674774421,740,141,0.0
767,141,59,70.5,2.82,1.1800000000000002,70.5,29.500000000000004,282.0,36.87720674774421,740,141,0.0
768,141,59,70.5,2.82,1.1800000000000002,70.5,29.500000000000004,282.0,36.87720674774421,740,141,0.0
769,141,59,70.5,2.82,1.1800000000000002,70.5,29.500000000000004,282.0,36.87720674774421,740,141,0.0
770,141,59,70.5,2.82,1.1800000000000002,70.5,29.500000000000004,282.0,36.87720674774421,741,141,0.0
771,141,59,70.5,2.82,1.1800000000000002,70.5,29.500000000000004,282.0,36.87720674774421,742,141,0.0
772,141,59,70.5,2.82,1.1800000000000002,70.5,29.500000000000004,282.0,36.87720674774421,743,141,0.0
773,141,59,70.5,2.82,1.1800000000000002,70.5,29.500000000000004,282.0,36.87720674774421,744,141,0.0
774,141,59,70.5,2.82,1.1800000000000002,70.5,29.500000000000004,282.0,36.87720674774421,746,141,0.0
775,142,58,71.0,2.84,1.1600000000000001,71.0,29.000000000000004,284.0,37.13874722113247,750,142,2.0
776,142,58,71.0,2.84,1.1600000000000001,71.0,29.000000000000004,284.0,37.13874722113247,753,142,0.0
777,142,58,71.0,2.84,1.1600000000000001,71.0,29.000000000000004,284.0,37.13874722113247,756,142,0.0
778,142,58,71.0,2.84,1.1600000000000001,71.0,29.000000000000004,284.0,37.13874722113247,756,142,0.0
779,142,58,71.0,2.84,1.1600000000000001,71.0,29.000000000000004,284.0,37.13874722113247,758,142,0.0
780,142,58,71.0,2.84,1.1600000000000001,71.0,29.000000000000004,284.0,37.13874722113247,759,142,0.0
781,142,58,71.0,2.84,1.1600000000000001,71.0,29.000000000000004,284.0,37.13874722113247,761,142,0.0
782,142,58,71.0,2.84,1.1600000000000001,71.0,29.000000000000004,284.0,37.13874722113247,763,142,0.0
783,142,58,71.0,2.84,1.1600000000000001,71.0,29.000000000000004,284.0,37.13874722113247,766,142,0.0
784,143,57,71.5,2.86,1.1400000000000001,71.5,28.500000000000004,286.0,37.40028769452072,770,143,2.0
785,143,57,71.5,2.86,1.1400000000000001,71.5,28.500000000000004,286.0,37.40028769452072,772,143,0.0
786,143,57,71.5,2.86,1.1400000000000001,71.5,28.500000000000004,286.0,37.40028769452072,773,143,0.0
787,143,57,71.5,2.86,1.1400000000000001,71.5,28.500000000000004,286.0,37.40028769452072,774,143,0.0
788,143,57,71.5,2.86,1.1400000000000001,71.5,28.500000000000004,286.0,37.40028769452072,774,143,0.0
789,143,57,71.5,2.86,1.1400000000000001,71.5,28.500000000000004,286.0,37.40028769452072,774,143,0.0
790,143,57,71.5,2.86,1.1400000000000001,71.5,28.500000000000004,286.0,37.40028769452072,774,143,0.0
791,143,57,71.5,2.86,1.1400000000000001,71.5,28.500000000000004,286.0,37.40028769452072,774,143,0.0
792,143,57,71.5,2.86,1.1400000000000001,71.5,28.500000000000004,286.0,37.40028769452072,775,143,0.0
793,143,57,71.5,2.86,1.1400000000000001,71.5,28.500000000000004,286.0,37.40028769452072,775,143,0.0
794,143,57,71.5,2.86,1.1400000000000001,71.5,28.500000000000004,286.0,37.40028769452072,775,143,0.0
795,143,57,71.5,2.86,1.1400000000000001,71.5,28.500000000000004,286.0,37.40028769452072,776,143,0.0
796,144,56,72.0,2.88,1.12,72.0,28.000000000000004,288.0,37.661828167908986,778,144,2.0
797,145,55,72.5,2.9,1.1,72.5,27.5,290.0,37.92336864129724,779,145,2.0
798,145,55,72.5,2.9,1.1,72.5,27.5,290.0,37.92336864129724,779,145,0.0
799,145,55,72.5,2.9,1.1,72.5,27.5,290.0,37.92336864129724,780,145,0.0
800,145,55,72.5,2.9,1.1,72.5,27.5,290.0,37.92336864129724,780,145,0.0
801,145,55,72.5,2.9,1.1,72.5,27.5,290.0,37.92336864129724,780,145,0.0
802,145,55,72.5,2.9,1.1,72.5,27.5,290.0,37.92336864129724,780,145,0.0
803,145,55,72.5,2.9,1.1,72.5,27.5,290.0,37.92336864129724,780,145,0.0
804,145,55,72.5,2.9,1.1,72.5,27.5,290.0,37.92336864129724,780,145,0.0
805,145,55,72.5,2.9,1.1,72.5,27.5,290.0,37.92336864129724,780,145,0.0
806,145,55,72.5,2.9,1.1,72.5,27.5,290.0,37.92336864129724,781,145,0.0
807,145,55,72.5,2.9,1.1,72.5,27.5,290.0,37.92336864129724,781,145,0.0
808,145,55,72.5,2.9,1.1,72.5,27.5,290.0,37.92336864129724,781,145,0.0
809,145,55,72.5,2.9,1.1,72.5,27.5,290.0,37.92336864129724,781,145,0.0
810,145,55,72.5,2.9,1.1,72.5,27.5,290.0,37.92336864129724,781,145,0.0
811,145,55,72.5,2.9,1.1,72.5,27.5,290.0,37.92336864129724,781,145,0.0
812,145,55,72.5,2.9,1.1,72.5,27.5,290.0,37.92336864129724,782,145,0.0
813,145,55,72.5,2.9,1.1,72.5,27.5,290.0,37.92336864129724,783,145,0.0
814,145,55,72.5,2.9,1.1,72.5,27.5,290.0,37.92336864129724,784,145,0.0
815,145,55,72.5,2.9,1.1,72.5,27.5,290.0,37.92336864129724,785,145,0.0
816,145,55,72.5,2.9,1.1,72.5,27.5,290.0,37.92336864129724,786,145,0.0
817,145,55,72.5,2.9,1.1,72.5,27.5,290.0,37.92336864129724,787,145,0.0
818,145,55,72.5,2.9,1.1,72.5,27.5,290.0,37.92336864129724,788,145,0.0
819,145,55,72.5,2.9,1.1,72.5,27.5,290.0,37.92336864129724,789,145,0.0
820,145,55,72.5,2.9,1.1,72.5,27.5,290.0,37.92336864129724,790,145,0.0
821,145,55,72.5,2.9,1.1,72.5,27.5,290.0,37.92336864129724,790,145,0.0
822,145,55,72.5,2.9,1.1,72.5,27.5,290.0,37.92336864129724,790,145,0.0
823,146,54,73.0,2.92,1.08,73.0,27.0,292.0,38.184909114685496,791,146,2.0
824,146,54,73.0,2.92,1.08,73.0,27.0,292.0,38.184909114685496,791,146,0.0
825,146,54,73.0,2.92,1.08,73.0,27.0,292.0,38.184909114685496,791,146,0.0
826,146,54,73.0,2.92,1.08,73.0,27.0,292.0,38.184909114685496,791,146,0.0
827,146,54,73.0,2.92,1.08,73.0,27.0,292.0,38.184909114685496,792,146,0.0
828,146,54,73.0,2.92,1.08,73.0,27.0,292.0,38.184909114685496,792,146,0.0
829,146,54,73.0,2.92,1.08,73.0,27.0,292.0,38.184909114685496,792,146,0.0
830,146,54,73.0,2.92,1.08,73.0,27.0,292.0,38.184909114685496,792,146,0.0
831,146,54,73.0,2.92,1.08,73.0,27.0,292.0,38.184909114685496,792,146,0.0
832,146,54,73.0,2.92,1.08,73.0,27.0,292.0,38.184909114685496,792,146,0.0
833,146,54,73.0,2.92,1.08,73.0,27.0,292.0,38.184909114685496,793,146,0.0
834,147,53,73.5,2.94,1.06,73.5,26.5,294.0,38.44644958807375,794,147,2.0
835,147,53,73.5,2.94,1.06,73.5,26.5,294.0,38.44644958807375,794,147,0.0
836,147,53,73.5,2.94,1.06,73.5,26.5,294.0,38.44644958807375,795,147,0.0
837,147,53,73.5,2.94,1.06,73.5,26.5,294.0,38.44644958807375,797,147,0.0
838,147,53,73.5,2.94,1.06,73.5,26.5,294.0,38.44644958807375,797,147,0.0
839,147,53,73.5,2.94,1.06,73.5,26.5,294.0,38.44644958807375,797,147,0.0
840,147,53,73.5,2.94,1.06,73.5,26.5,294.0,38.44644958807375,797,147,0.0
841,148,52,74.0,2.96,1.04,74.0,26.0,296.0,38.70799006146201,798,148,2.0
842,148,52,74.0,2.96,1.04,74.0,26.0,296.0,38.70799006146201,798,148,0.0
843,148,52,74.0,2.96,1.04,74.0,26.0,296.0,38.70799006146201,798,148,0.0
844,148,52,74.0,2.96,1.04,74.0,26.0,296.0,38.70799006146201,798,148,0.0
845,148,52,74.0,2.96,1.04,74.0,26.0,296.0,38.70799006146201,798,148,0.0
846,148,52,74.0,2.96,1.04,74.0,26.0,296.0,38.70799006146201,798,148,0.0
847,148,52,74.0,2.96,1.04,74.0,26.0,296.0,38.70799006146201,798,148,0.0
848,149,51,74.5,2.98,1.02,74.5,25.5,298.0,38.969530534850264,799,149,2.0
849,149,51,74.5,2.98,1.02,74.5,25.5,298.0,38.969530534850264,799,149,0.0
850,149,51,74.5,2.98,1.02,74.5,25.5,298.0,38.969530534850264,799,149,0.0
851,149,51,74.5,2.98,1.02,74.5,25.5,298.0,38.969530534850264,799,149,0.0
852,149,51,74.5,2.98,1.02,74.5,25.5,298.0,38.969530534850264,799,149,0.0
853,150,50,75.0,3.0,1.0,75.0,25.0,300.0,39.23107100823852,800,150,2.0
854,150,50,75.0,3.0,1.0,75.0,25.0,300.0,39.23107100823852,800,150,0.0
855,150,50,75.0,3.0,1.0,75.0,25.0,300.0,39.23107100823852,801,150,0.0
856,150,50,75.0,3.0,1.0,75.0,25.0,300.0,39.23107100823852,802,150,0.0
857,150,50,75.0,3.0,1.0,75.0,25.0,300.0,39.23107100823852,803,150,0.0
858,150,50,75.0,3.0,1.0,75.0,25.0,300.0,39.23107100823852,804,150,0.0
859,150,50,75.0,3.0,1.0,75.0,25.0,300.0,39.23107100823852,806,150,0.0
860,150,50,75.0,3.0,1.0,75.0,25.0,300.0,39.23107100823852,807,150,0.0
861,150,50,75.0,3.0,1.0,75.0,25.0,300.0,39.23107100823852,809,150,0.0
862,150,50,75.0,3.0,1.0,75.0,25.0,300.0,39.23107100823852,810,150,0.0
863,150,50,75.0,3.0,1.0,75.0,25.0,300.0,39.23107100823852,811,150,0.0
864,150,50,75.0,3.0,1.0,75.0,25.0,300.0,39.23107100823852,811,150,0.0
865,150,50,75.0,3.0,1.0,75.0,25.0,300.0,39.23107100823852,813,150,0.0
866,150,50,75.0,3.0,1.0,75.0,25.0,300.0,39.23107100823852,813,150,0.0
867,151,49,75.5,3.02,0.98,75.5,24.5,302.0,39.492611481626774,815,151,2.0
868,151,49,75.5,3.02,0.98,75.5,24.5,302.0,39.492611481626774,815,151,0.0
869,151,49,75.5,3.02,0.98,75.5,24.5,302.0,39.492611481626774,816,151,0.0
870,151,49,75.5,3.02,0.98,75.5,24.5,302.0,39.492611481626774,816,151,0.0
871,151,49,75.5,3.02,0.98,75.5,24.5,302.0,39.492611481626774,817,151,0.0
872,151,49,75.5,3.02,0.98,75.5,24.5,302.0,39.492611481626774,818,151,0.0
873,151,49,75.5,3.02,0.98,75.5,24.5,302.0,39.492611481626774,818,151,0.0
874,151,49,75.5,3.02,0.98,75.5,24.5,302.0,39.492611481626774,818,151,0.0
875,151,49,75.5,3.02,0.98,75.5,24.5,302.0,39.492611481626774,818,151,0.0
876,151,49,75.5,3.02,0.98,75.5,24.5,302.0,39.492611481626774,818,151,0.0
877,151,49,75.5,3.02,0.98,75.5,24.5,302.0,39.492611481626774,818,151,0.0
878,151,49,75.5,3.02,0.98,75.5,24.5,302.0,39.492611481626774,818,151,0.0
879,151,49,75.5,3.02,0.98,75.5,24.5,302.0,39.492611481626774,818,151,0.0
880,151,49,75.5,3.02,0.98,75.5,24.5,302.0,39.492611481626774,818,151,0.0
881,151,49,75.5,3.02,0.98,75.5,24.5,302.0,39.492611481626774,818,151,0.0
882,152,48,76.0,3.04,0.96,76.0,24.0,304.0,39.75415195501504,819,152,2.0
883,152,48,76.0,3.04,0.96,76.0,24.0,304.0,39.75415195501504,820,152,0.0
884,152,48,76.0,3.04,0.96,76.0,24.0,304.0,39.75415195501504,821,152,0.0
885,152,48,76.0,3.04,0.96,76.0,24.0,304.0,39.75415195501504,822,152,0.0
886,152,48,76.0,3.04,0.96,76.0,24.0,304.0,39.75415195501504,823,152,0.0
887,153,47,76.5,3.06,0.94,76.5,23.499999999999996,306.0,40.01569242840329,825,153,2.0
888,153,47,76.5,3.06,0.94,76.5,23.499999999999996,306.0,40.01569242840329,825,153,0.0
889,153,47,76.5,3.06,0.94,76.5,23.499999999999996,306.0,40.01569242840329,825,153,0.0
890,153,47,76.5,3.06,0.94,76.5,23.499999999999996,306.0,40.01569242840329,825,153,0.0
891,153,47,76.5,3.06,0.94,76.5,23.499999999999996,306.0,40.01569242840329,825,153,0.0
892,153,47,76.5,3.06,0.94,76.5,23.499999999999996,306.0,40.01569242840329,826,153,0.0
893,153,47,76.5,3.06,0.94,76.5,23.499999999999996,306.0,40.01569242840329,827,153,0.0
894,153,47,76.5,3.06,0.94,76.5,23.499999999999996,306.0,40.01569242840329,829,153,0.0
895,153,47,76.5,3.06,0.94,76.5,23.499999999999996,306.0,40.01569242840329,831,153,0.0
896,153,47,76.5,3.06,0.94,76.5,23.499999999999996,306.0,40.01569242840329,833,153,0.0
897,154,46,77.0,3.08,0.9199999999999999,77.0,22.999999999999996,308.0,40.27723290179155,835,154,2.0
898,155,45,77.5,3.1,0.8999999999999999,77.5,22.499999999999996,310.0,40.5387733751798,836,155,2.0
899,155,45,77.5,3.1,0.8999999999999999,77.5,22.499999999999996,310.0,40.5387733751798,838,155,0.0
900,155,45,77.5,3.1,0.8999999999999999,77.5,22.499999999999996,310.0,40.5387733751798,839,155,0.0
901,155,45,77.5,3.1,0.8999999999999999,77.5,22.499999999999996,310.0,40.5387733751798,840,155,0.0
902,155,45,77.5,3.1,0.8999999999999999,77.5,22.499999999999996,310.0,40.5387733751798,841,155,0.0
903,155,45,77.5,3.1,0.8999999999999999,77.5,22.499999999999996,310.0,40.5387733751798,842,155,0.0
904,155,45,77.5,3.1,0.8999999999999999,77.5,22.499999999999996,310.0,40.5387733751798,843,155,0.0
905,155,45,77.5,3.1,0.8999999999999999,77.5,22.499999999999996,310.0,40.5387733751798,844,155,0.0
906,156,44,78.0,3.12,0.8799999999999999,78.0,21.999999999999996,312.0,40.80031384856807,845,156,2.0
907,156,44,78.0,3.12,0.8799999999999999,78.0,21.999999999999996,312.0,40.80031384856807,845,156,0.0
908,156,44,78.0,3.12,0.8799999999999999,78.0,21.999999999999996,312.0,40.80031384856807,846,156,0.0
909,157,43,78.5,3.14,0.8599999999999999,78.5,21.499999999999996,314.0,41.06185432195632,847,157,2.0
910,157,43,78.5,3.14,0.8599999999999999,78.5,21.499999999999996,314.0,41.06185432195632,847,157,0.0
911,157,43,78.5,3.14,0.8599999999999999,78.5,21.499999999999996,314.0,41.06185432195632,847,157,0.0
912,157,43,78.5,3.14,0.8599999999999999,78.5,21.499999999999996,314.0,41.06185432195632,847,157,0.0
913,157,43,78.5,3.14,0.8599999999999999,78.5,21.499999999999996,314.0,41.06185432195632,847,157,0.0
914,157,43,78.5,3.14,0.8599999999999999,78.5,21.499999999999996,314.0,41.06185432195632,847,157,0.0
915,157,43,78.5,3.14,0.8599999999999999,78.5,21.499999999999996,314.0,41.06185432195632,847,157,0.0
916,157,43,78.5,3.14,0.8599999999999999,78.5,21.499999999999996,314.0,41.06185432195632,848,157,0.0
917,157,43,78.5,3.14,0.8599999999999999,78.5,21.499999999999996,314.0,41.06185432195632,849,157,0.0
918,157,43,78.5,3.14,0.8599999999999999,78.5,21.499999999999996,314.0,41.06185432195632,850,157,0.0
919,157,43,78.5,3.14,0.8599999999999999,78.5,21.499999999999996,314.0,41.06185432195632,850,157,0.0
920,157,43,78.5,3.14,0.8599999999999999,78.5,21.499999999999996,314.0,41.06185432195632,851,157,0.0
921,157,43,78.5,3.14,0.8599999999999999,78.5,21.499999999999996,314.0,41.06185432195632,852,157,0.0
922,158,42,79.0,3.16,0.8399999999999999,79.0,20.999999999999996,316.0,41.323394795344576,853,158,2.0
923,158,42,79.0,3.16,0.8399999999999999,79.0,20.999999999999996,316.0,41.323394795344576,853,158,0.0
924,158,42,79.0,3.16,0.8399999999999999,79.0,20.999999999999996,316.0,41.323394795344576,853,158,0.0
925,158,42,79.0,3.16,0.8399999999999999,79.0,20.999999999999996,316.0,41.323394795344576,853,158,0.0
926,158,42,79.0,3.16,0.8399999999999999,79.0,20.999999999999996,316.0,41.323394795344576,853,158,0.0
927,158,42,79.0,3.16,0.8399999999999999,79.0,20.999999999999996,316.0,41.323394795344576,853,158,0.0
928,158,42,79.0,3.16,0.8399999999999999,79.0,20.999999999999996,316.0,41.323394795344576,853,158,0.0
929,158,42,79.0,3.16,0.8399999999999999,79.0,20.999999999999996,316.0,41.323394795344576,853,158,0.0
930,158,42,79.0,3.16,0.8399999999999999,79.0,20.999999999999996,316.0,41.323394795344576,853,158,0.0
931,158,42,79.0,3.16,0.8399999999999999,79.0,20.999999999999996,316.0,41.323394795344576,853,158,0.0
932,158,42,79.0,3.16,0.8399999999999999,79.0,20.999999999999996,316.0,41.323394795344576,854,158,0.0
933,158,42,79.0,3.16,0.8399999999999999,79.0,20.999999999999996,316.0,41.323394795344576,854,158,0.0
934,158,42,79.0,3.16,0.8399999999999999,79.0,20.999999999999996,316.0,41.323394795344576,854,158,0.0
935,158,42,79.0,3.16,0.8399999999999999,79.0,20.999999999999996,316.0,41.323394795344576,855,158,0.0
936,158,42,79.0,3.16,0.8399999999999999,79.0,20.999999999999996,316.0,41.323394795344576,856,158,0.0
937,158,42,79.0,3.16,0.8399999999999999,79.0,20.999999999999996,316.0,41.323394795344576,856,158,0.0
938,158,42,79.0,3.16,0.8399999999999999,79.0,20.999999999999996,316.0,41.323394795344576,856,158,0.0
939,158,42,79.0,3.16,0.8399999999999999,79.0,20.999999999999996,316.0,41.323394795344576,857,158,0.0
940,158,42,79.0,3.16,0.8399999999999999,79.0,20.999999999999996,316.0,41.323394795344576,858,158,0.0
941,158,42,79.0,3.16,0.8399999999999999,79.0,20.999999999999996,316.0,41.323394795344576,859,158,0.0
942,158,42,79.0,3.16,0.8399999999999999,79.0,20.999999999999996,316.0,41.323394795344576,860,158,0.0
943,158,42,79.0,3.16,0.8399999999999999,79.0,20.999999999999996,316.0,41.323394795344576,861,158,0.0
944,158,42,79.0,3.16,0.8399999999999999,79.0,20.999999999999996,316.0,41.323394795344576,862,158,0.0
945,158,42,79.0,3.16,0.8399999999999999,79.0,20.999999999999996,316.0,41.323394795344576,863,158,0.0
946,158,42,79.0,3.16,0.8399999999999999,79.0,20.999999999999996,316.0,41.323394795344576,865,158,0.0
947,158,42,79.0,3.16,0.8399999999999999,79.0,20.999999999999996,316.0,41.323394795344576,865,158,0.0
948,158,42,79.0,3.16,0.8399999999999999,79.0,20.999999999999996,316.0,41.323394795344576,866,158,0.0
949,158,42,79.0,3.16,0.8399999999999999,79.0,20.999999999999996,316.0,41.323394795344576,866,158,0.0
950,158,42,79.0,3.16,0.8399999999999999,79.0,20.999999999999996,316.0,41.323394795344576,866,158,0.0
951,158,42,79.0,3.16,0.8399999999999999,79.0,20.999999999999996,316.0,41.323394795344576,867,158,0.0
952,158,42,79.0,3.16,0.8399999999999999,79.0,20.999999999999996,316.0,41.323394795344576,867,158,0.0
953,158,42,79.0,3.16,0.8399999999999999,79.0,20.999999999999996,316.0,41.323394795344576,867,158,0.0
954,158,42,79.0,3.16,0.8399999999999999,79.0,20.999999999999996,316.0,41.323394795344576,867,158,0.0
955,158,42,79.0,3.16,0.8399999999999999,79.0,20.999999999999996,316.0,41.323394795344576,867,158,0.0
956,158,42,79.0,3.16,0.8399999999999999,79.0,20.999999999999996,316.0,41.323394795344576,867,158,0.0
957,158,42,79.0,3.16,0.8399999999999999,79.0,20.999999999999996,316.0,41.323394795344576,867,158,0.0
958,158,42,79.0,3.16,0.8399999999999999,79.0,20.999999999999996,316.0,41.323394795344576,867,158,0.0
959,158,42,79.0,3.16,0.8399999999999999,79.0,20.999999999999996,316.0,41.323394795344576,867,158,0.0
960,158,42,79.0,3.16,0.8399999999999999,79.0,20.999999999999996,316.0,41.323394795344576,867,158,0.0
961,158,42,79.0,3.16,0.8399999999999999,79.0,20.999999999999996,316.0,41.323394795344576,867,158,0.0
962,158,42,79.0,3.16,0.8399999999999999,79.0,20.999999999999996,316.0,41.323394795344576,867,158,0.0
963,158,42,79.0,3.16,0.8399999999999999,79.0,20.999999999999996,316.0,41.323394795344576,867,158,0.0
964,158,42,79.0,3.16,0.8399999999999999,79.0,20.999999999999996,316.0,41.323394795344576,867,158,0.0
965,158,42,79.0,3.16,0.8399999999999999,79.0,20.999999999999996,316.0,41.323394795344576,868,158,0.0
966,158,42,79.0,3.16,0.8399999999999999,79.0,20.999999999999996,316.0,41.323394795344576,869,158,0.0
967,158,42,79.0,3.16,0.8399999999999999,79.0,20.999999999999996,316.0,41.323394795344576,870,158,0.0
968,158,42,79.0,3.16,0.8399999999999999,79.0,20.999999999999996,316.0,41.323394795344576,872,158,0.0
969,158,42,79.0,3.16,0.8399999999999999,79.0,20.999999999999996,316.0,41.323394795344576,874,158,0.0
970,158,42,79.0,3.16,0.8399999999999999,79.0,20.999999999999996,316.0,41.323394795344576,875,158,0.0
971,158,42,79.0,3.16,0.8399999999999999,79.0,20.999999999999996,316.0,41.323394795344576,877,158,0.0
972,158,42,79.0,3.16,0.8399999999999999,79.0,20.999999999999996,316.0,41.323394795344576,878,158,0.0
973,158,42,79.0,3.16,0.8399999999999999,79.0,20.999999999999996,316.0,41.323394795344576,879,158,0.0
974,158,42,79.0,3.16,0.8399999999999999,79.0,20.999999999999996,316.0,41.323394795344576,880,158,0.0
975,158,42,79.0,3.16,0.8399999999999999,79.0,20.999999999999996,316.0,41.323394795344576,881,158,0.0
976,158,42,79.0,3.16,0.8399999999999999,79.0,20.999999999999996,316.0,41.323394795344576,882,158,0.0
977,158,42,79.0,3.16,0.8399999999999999,79.0,20.999999999999996,316.0,41.323394795344576,883,158,0.0
978,158,42,79.0,3.16,0.8399999999999999,79.0,20.999999999999996,316.0,41.323394795344576,884,158,0.0
979,158,42,79.0,3.16,0.8399999999999999,79.0,20.999999999999996,316.0,41.323394795344576,885,158,0.0
980,158,42,79.0,3.16,0.8399999999999999,79.0,20.999999999999996,316.0,41.323394795344576,886,158,0.0
981,158,42,79.0,3.16,0.8399999999999999,79.0,20.999999999999996,316.0,41.323394795344576,886,158,0.0
982,158,42,79.0,3.16,0.8399999999999999,79.0,20.999999999999996,316.0,41.323394795344576,887,158,0.0
983,158,42,79.0,3.16,0.8399999999999999,79.0,20.999999999999996,316.0,41.323394795344576,887,158,0.0
984,158,42,79.0,3.16,0.8399999999999999,79.0,20.999999999999996,316.0,41.323394795344576,887,158,0.0
985,158,42,79.0,3.16,0.8399999999999999,79.0,20.999999999999996,316.0,41.323394795344576,887,158,0.0
986,159,41,79.5,3.18,0.8199999999999998,79.5,20.499999999999996,318.0,41.584935268732835,888,159,2.0
987,159,41,79.5,3.18,0.8199999999999998,79.5,20.499999999999996,318.0,41.584935268732835,889,159,0.0
988,159,41,79.5,3.18,0.8199999999999998,79.5,20.499999999999996,318.0,41.584935268732835,890,159,0.0
989,159,41,79.5,3.18,0.8199999999999998,79.5,20.499999999999996,318.0,41.584935268732835,891,159,0.0
990,159,41,79.5,3.18,0.8199999999999998,79.5,20.499999999999996,318.0,41.584935268732835,892,159,0.0
991,160,40,80.0,3.2,0.7999999999999998,80.0,19.999999999999996,320.0,41.84647574212109,893,160,2.0
992,160,40,80.0,3.2,0.7999999999999998,80.0,19.999999999999996,320.0,41.84647574212109,893,160,0.0
993,160,40,80.0,3.2,0.7999999999999998,80.0,19.999999999999996,320.0,41.84647574212109,893,160,0.0
994,160,40,80.0,3.2,0.7999999999999998,80.0,19.999999999999996,320.0,41.84647574212109,893,160,0.0
995,160,40,80.0,3.2,0.7999999999999998,80.0,19.999999999999996,320.0,41.84647574212109,893,160,0.0
996,161,39,80.5,3.22,0.7799999999999998,80.5,19.499999999999996,322.0,42.108016215509345,894,161,2.0
997,161,39,80.5,3.22,0.7799999999999998,80.5,19.499999999999996,322.0,42.108016215509345,894,161,0.0
998,161,39,80.5,3.22,0.7799999999999998,80.5,19.499999999999996,322.0,42.108016215509345,894,161,0.0
999,161,39,80.5,3.22,0.7799999999999998,80.5,19.499999999999996,322.0,42.108016215509345,894,161,0.0
1000,161,39,80.5,3.22,0.7799999999999998,80.5,19.499999999999996,322.0,42.108016215509345,894,161,0.0
1001,161,39,80.5,3.22,0.7799999999999998,80.5,19.499999999999996,322.0,42.108016215509345,894,161,0.0
1002,161,39,80.5,3.22,0.7799999999999998,80.5,19.499999999999996,322.0,42.108016215509345,894,161,0.0
1003,161,39,80.5,3.22,0.7799999999999998,80.5,19.499999999999996,322.0,42.108016215509345,894,161,0.0
1004,161,39,80.5,3.22,0.7799999999999998,80.5,19.499999999999996,322.0,42.108016215509345,895,161,0.0
1005,161,39,80.5,3.22,0.7799999999999998,80.5,19.499999999999996,322.0,42.108016215509345,895,161,0.0
1006,161,39,80.5,3.22,0.7799999999999998,80.5,19.499999999999996,322.0,42.108016215509345,895,161,0.0
1007,161,39,80.5,3.22,0.7799999999999998,80.5,19.499999999999996,322.0,42.108016215509345,895,161,0.0
1008,161,39,80.5,3.22,0.7799999999999998,80.5,19.499999999999996,322.0,42.108016215509345,895,161,0.0
1009,161,39,80.5,3.22,0.7799999999999998,80.5,19.499999999999996,322.0,42.108016215509345,895,161,0.0
1010,161,39,80.5,3.22,0.7799999999999998,80.5,19.499999999999996,322.0,42.108016215509345,897,161,0.0
1011,161,39,80.5,3.22,0.7799999999999998,80.5,19.499999999999996,322.0,42.108016215509345,899,161,0.0
1012,161,39,80.5,3.22,0.7799999999999998,80.5,19.499999999999996,322.0,42.108016215509345,901,161,0.0
1013,161,39,80.5,3.22,0.7799999999999998,80.5,19.499999999999996,322.0,42.108016215509345,903,161,0.0
1014,161,39,80.5,3.22,0.7799999999999998,80.5,19.499999999999996,322.0,42.108016215509345,905,161,0.0
1015,161,39,80.5,3.22,0.7799999999999998,80.5,19.499999999999996,322.0,42.108016215509345,907,161,0.0
1016,161,39,80.5,3.22,0.7799999999999998,80.5,19.499999999999996,322.0,42.108016215509345,907,161,0.0
1017,162,38,81.0,3.24,0.7599999999999998,81.0,18.999999999999993,324.0,42.3695566888976,909,162,2.0
1018,162,38,81.0,3.24,0.7599999999999998,81.0,18.999999999999993,324.0,42.3695566888976,910,162,0.0
1019,162,38,81.0,3.24,0.7599999999999998,81.0,18.999999999999993,324.0,42.3695566888976,910,162,0.0
1020,162,38,81.0,3.24,0.7599999999999998,81.0,18.999999999999993,324.0,42.3695566888976,910,162,0.0
1021,162,38,81.0,3.24,0.7599999999999998,81.0,18.999999999999993,324.0,42.3695566888976,910,162,0.0
1022,162,38,81.0,3.24,0.7599999999999998,81.0,18.999999999999993,324.0,42.3695566888976,910,162,0.0
1023,162,38,81.0,3.24,0.7599999999999998,81.0,18.999999999999993,324.0,42.3695566888976,911,162,0.0
1024,162,38,81.0,3.24,0.7599999999999998,81.0,18.999999999999993,324.0,42.3695566888976,912,162,0.0
1025,162,38,81.0,3.24,0.7599999999999998,81.0,18.999999999999993,324.0,42.3695566888976,913,162,0.0
1026,162,38,81.0,3.24,0.7599999999999998,81.0,18.999999999999993,324.0,42.3695566888976,914,162,0.0
1027,162,38,81.0,3.24,0.7599999999999998,81.0,18.999999999999993,324.0,42.3695566888976,915,162,0.0
1028,162,38,81.0,3.24,0.7599999999999998,81.0,18.999999999999993,324.0,42.3695566888976,916,162,0.0
1029,162,38,81.0,3.24,0.7599999999999998,81.0,18.999999999999993,324.0,42.3695566888976,917,162,0.0
1030,162,38,81.0,3.24,0.7599999999999998,81.0,18.999999999999993,324.0,42.3695566888976,918,162,0.0
1031,163,37,81.5,3.2600000000000002,0.7399999999999998,81.5,18.499999999999993,326.0,42.63109716228586,920,163,2.0
1032,164,36,82.0,3.2800000000000002,0.7199999999999998,82.0,17.999999999999993,328.0,42.89263763567412,921,164,2.0
1033,164,36,82.0,3.2800000000000002,0.7199999999999998,82.0,17.999999999999993,328.0,42.89263763567412,921,164,0.0
1034,164,36,82.0,3.2800000000000002,0.7199999999999998,82.0,17.999999999999993,328.0,42.89263763567412,922,164,0.0
1035,164,36,82.0,3.2800000000000002,0.7199999999999998,82.0,17.999999999999993,328.0,42.89263763567412,922,164,0.0
1036,164,36,82.0,3.2800000000000002,0.7199999999999998,82.0,17.999999999999993,328.0,42.89263763567412,923,164,0.0
1037,164,36,82.0,3.2800000000000002,0.7199999999999998,82.0,17.999999999999993,328.0,42.89263763567412,924,164,0.0
1038,164,36,82.0,3.2800000000000002,0.7199999999999998,82.0,17.999999999999993,328.0,42.89263763567412,924,164,0.0
1039,164,36,82.0,3.2800000000000002,0.7199999999999998,82.0,17.999999999999993,328.0,42.89263763567412,924,164,0.0
1040,164,36,82.0,3.2800000000000002,0.7199999999999998,82.0,17.999999999999993,328.0,42.89263763567412,924,164,0.0
1041,164,36,82.0,3.2800000000000002,0.7199999999999998,82.0,17.999999999999993,328.0,42.89263763567412,924,164,0.0
1042,164,36,82.0,3.2800000000000002,0.7199999999999998,82.0,17.999999999999993,328.0,42.89263763567412,924,164,0.0
1043,164,36,82.0,3.2800000000000002,0.7199999999999998,82.0,17.999999999999993,328.0,42.89263763567412,924,164,0.0
1044,164,36,82.0,3.2800000000000002,0.7199999999999998,82.0,17.999999999999993,328.0,42.89263763567412,924,164,0.0
1045,164,36,82.0,3.2800000000000002,0.7199999999999998,82.0,17.999999999999993,328.0,42.89263763567412,925,164,0.0
1046,164,36,82.0,3.2800000000000002,0.7199999999999998,82.0,17.999999999999993,328.0,42.89263763567412,926,164,0.0
1047,164,36,82.0,3.2800000000000002,0.7199999999999998,82.0,17.999999999999993,328.0,42.89263763567412,927,164,0.0
1048,164,36,82.0,3.2800000000000002,0.7199999999999998,82.0,17.999999999999993,328.0,42.89263763567412,928,164,0.0
1049,164,36,82.0,3.2800000000000002,0.7199999999999998,82.0,17.999999999999993,328.0,42.89263763567412,929,164,0.0
1050,164,36,82.0,3.2800000000000002,0.7199999999999998,82.0,17.999999999999993,328.0,42.89263763567412,930,164,0.0
1051,164,36,82.0,3.2800000000000002,0.7199999999999998,82.0,17.999999999999993,328.0,42.89263763567412,931,164,0.0
1052,164,36,82.0,3.2800000000000002,0.7199999999999998,82.0,17.999999999999993,328.0,42.89263763567412,933,164,0.0
1053,165,35,82.5,3.3000000000000003,0.6999999999999997,82.5,17.499999999999993,330.0,43.15417810906237,936,165,2.0
1054,165,35,82.5,3.3000000000000003,0.6999999999999997,82.5,17.499999999999993,330.0,43.15417810906237,936,165,0.0
1055,165,35,82.5,3.3000000000000003,0.6999999999999997,82.5,17.499999999999993,330.0,43.15417810906237,936,165,0.0
1056,165,35,82.5,3.3000000000000003,0.6999999999999997,82.5,17.499999999999993,330.0,43.15417810906237,936,165,0.0
1057,165,35,82.5,3.3000000000000003,0.6999999999999997,82.5,17.499999999999993,330.0,43.15417810906237,936,165,0.0
1058,165,35,82.5,3.3000000000000003,0.6999999999999997,82.5,17.499999999999993,330.0,43.15417810906237,936,165,0.0
1059,165,35,82.5,3.3000000000000003,0.6999999999999997,82.5,17.499999999999993,330.0,43.15417810906237,936,165,0.0
1060,165,35,82.5,3.3000000000000003,0.6999999999999997,82.5,17.499999999999993,330.0,43.15417810906237,937,165,0.0
1061,165,35,82.5,3.3000000000000003,0.6999999999999997,82.5,17.499999999999993,330.0,43.15417810906237,938,165,0.0
1062,165,35,82.5,3.3000000000000003,0.6999999999999997,82.5,17.499999999999993,330.0,43.15417810906237,939,165,0.0
1063,165,35,82.5,3.3000000000000003,0.6999999999999997,82.5,17.499999999999993,330.0,43.15417810906237,939,165,0.0
1064,165,35,82.5,3.3000000000000003,0.6999999999999997,82.5,17.499999999999993,330.0,43.15417810906237,939,165,0.0
1065,165,35,82.5,3.3000000000000003,0.6999999999999997,82.5,17.499999999999993,330.0,43.15417810906237,939,165,0.0
1066,165,35,82.5,3.3000000000000003,0.6999999999999997,82.5,17.499999999999993,330.0,43.15417810906237,939,165,0.0
1067,165,35,82.5,3.3000000000000003,0.6999999999999997,82.5,17.499999999999993,330.0,43.15417810906237,939,165,0.0
1068,165,35,82.5,3.3000000000000003,0.6999999999999997,82.5,17.499999999999993,330.0,43.15417810906237,940,165,0.0
1069,165,35,82.5,3.3000000000000003,0.6999999999999997,82.5,17.499999999999993,330.0,43.15417810906237,941,165,0.0
1070,165,35,82.5,3.3000000000000003,0.6999999999999997,82.5,17.499999999999993,330.0,43.15417810906237,941,165,0.0
1071,165,35,82.5,3.3000000000000003,0.6999999999999997,82.5,17.499999999999993,330.0,43.15417810906237,941,165,0.0
1072,165,35,82.5,3.3000000000000003,0.6999999999999997,82.5,17.499999999999993,330.0,43.15417810906237,942,165,0.0
1073,165,35,82.5,3.3000000000000003,0.6999999999999997,82.5,17.499999999999993,330.0,43.15417810906237,943,165,0.0
1074,165,35,82.5,3.3000000000000003,0.6999999999999997,82.5,17.499999999999993,330.0,43.15417810906237,945,165,0.0
1075,165,35,82.5,3.3000000000000003,0.6999999999999997,82.5,17.499999999999993,330.0,43.15417810906237,947,165,0.0
1076,165,35,82.5,3.3000000000000003,0.6999999999999997,82.5,17.499999999999993,330.0,43.15417810906237,949,165,0.0
1077,165,35,82.5,3.3000000000000003,0.6999999999999997,82.5,17.499999999999993,330.0,43.15417810906237,950,165,0.0
1078,165,35,82.5,3.3000000000000003,0.6999999999999997,82.5,17.499999999999993,330.0,43.15417810906237,951,165,0.0
1079,165,35,82.5,3.3000000000000003,0.6999999999999997,82.5,17.499999999999993,330.0,43.15417810906237,952,165,0.0
1080,165,35,82.5,3.3000000000000003,0.6999999999999997,82.5,17.499999999999993,330.0,43.15417810906237,952,165,0.0
1081,165,35,82.5,3.3000000000000003,0.6999999999999997,82.5,17.499999999999993,330.0,43.15417810906237,952,165,0.0
1082,165,35,82.5,3.3000000000000003,0.6999999999999997,82.5,17.499999999999993,330.0,43.15417810906237,952,165,0.0
1083,165,35,82.5,3.3000000000000003,0.6999999999999997,82.5,17.499999999999993,330.0,43.15417810906237,952,165,0.0
1084,165,35,82.5,3.3000000000000003,0.6999999999999997,82.5,17.499999999999993,330.0,43.15417810906237,952,165,0.0
1085,165,35,82.5,3.3000000000000003,0.6999999999999997,82.5,17.499999999999993,330.0,43.15417810906237,952,165,0.0
1086,165,35,82.5,3.3000000000000003,0.6999999999999997,82.5,17.499999999999993,330.0,43.15417810906237,952,165,0.0
1087,165,35,82.5,3.3000000000000003,0.6999999999999997,82.5,17.499999999999993,330.0,43.15417810906237,952,165,0.0
1088,165,35,82.5,3.3000000000000003,0.6999999999999997,82.5,17.499999999999993,330.0,43.15417810906237,952,165,0.0
1089,166,34,83.0,3.3200000000000003,0.6799999999999997,83.0,16.999999999999993,332.0,43.41571858245063,953,166,2.0
1090,166,34,83.0,3.3200000000000003,0.6799999999999997,83.0,16.999999999999993,332.0,43.41571858245063,954,166,0.0
1091,166,34,83.0,3.3200000000000003,0.6799999999999997,83.0,16.999999999999993,332.0,43.41571858245063,955,166,0.0
1092,166,34,83.0,3.3200000000000003,0.6799999999999997,83.0,16.999999999999993,332.0,43.41571858245063,955,166,0.0
1093,166,34,83.0,3.3200000000000003,0.6799999999999997,83.0,16.999999999999993,332.0,43.41571858245063,956,166,0.0
1094,166,34,83.0,3.3200000000000003,0.6799999999999997,83.0,16.999999999999993,332.0,43.41571858245063,958,166,0.0
1095,166,34,83.0,3.3200000000000003,0.6799999999999997,83.0,16.999999999999993,332.0,43.41571858245063,960,166,0.0
1096,166,34,83.0,3.3200000000000003,0.6799999999999997,83.0,16.999999999999993,332.0,43.41571858245063,960,166,0.0
1097,166,34,83.0,3.3200000000000003,0.6799999999999997,83.0,16.999999999999993,332.0,43.41571858245063,961,166,0.0
1098,166,34,83.0,3.3200000000000003,0.6799999999999997,83.0,16.999999999999993,332.0,43.41571858245063,962,166,0.0
1099,166,34,83.0,3.3200000000000003,0.6799999999999997,83.0,16.999999999999993,332.0,43.41571858245063,963,166,0.0
1100,166,34,83.0,3.3200000000000003,0.6799999999999997,83.0,16.999999999999993,332.0,43.41571858245063,964,166,0.0
1101,166,34,83.0,3.3200000000000003,0.6799999999999997,83.0,16.999999999999993,332.0,43.41571858245063,964,166,0.0
1102,166,34,83.0,3.3200000000000003,0.6799999999999997,83.0,16.999999999999993,332.0,43.41571858245063,964,166,0.0
1103,166,34,83.0,3.3200000000000003,0.6799999999999997,83.0,16.999999999999993,332.0,43.41571858245063,965,166,0.0
1104,166,34,83.0,3.3200000000000003,0.6799999999999997,83.0,16.999999999999993,332.0,43.41571858245063,965,166,0.0
1105,166,34,83.0,3.3200000000000003,0.6799999999999997,83.0,16.999999999999993,332.0,43.41571858245063,967,166,0.0
1106,166,34,83.0,3.3200000000000003,0.6799999999999997,83.0,16.999999999999993,332.0,43.41571858245063,969,166,0.0
1107,166,34,83.0,3.3200000000000003,0.6799999999999997,83.0,16.999999999999993,332.0,43.41571858245063,971,166,0.0
1108,166,34,83.0,3.3200000000000003,0.6799999999999997,83.0,16.999999999999993,332.0,43.41571858245063,971,166,0.0
1109,167,33,83.5,3.34,0.6600000000000001,83.5,16.500000000000004,334.0,43.67725905583889,973,167,2.0
1110,167,33,83.5,3.34,0.6600000000000001,83.5,16.500000000000004,334.0,43.67725905583889,973,167,0.0
1111,167,33,83.5,3.34,0.6600000000000001,83.5,16.500000000000004,334.0,43.67725905583889,974,167,0.0
1112,167,33,83.5,3.34,0.6600000000000001,83.5,16.500000000000004,334.0,43.67725905583889,975,167,0.0
1113,167,33,83.5,3.34,0.6600000000000001,83.5,16.500000000000004,334.0,43.67725905583889,977,167,0.0
1114,167,33,83.5,3.34,0.6600000000000001,83.5,16.500000000000004,334.0,43.67725905583889,978,167,0.0
1115,167,33,83.5,3.34,0.6600000000000001,83.5,16.500000000000004,334.0,43.67725905583889,978,167,0.0
1116,167,33,83.5,3.34,0.6600000000000001,83.5,16.500000000000004,334.0,43.67725905583889,978,167,0.0
1117,167,33,83.5,3.34,0.6600000000000001,83.5,16.500000000000004,334.0,43.67725905583889,978,167,0.0
1118,167,33,83.5,3.34,0.6600000000000001,83.5,16.500000000000004,334.0,43.67725905583889,979,167,0.0
1119,167,33,83.5,3.34,0.6600000000000001,83.5,16.500000000000004,334.0,43.67725905583889,979,167,0.0
1120,167,33,83.5,3.34,0.6600000000000001,83.5,16.500000000000004,334.0,43.67725905583889,979,167,0.0
1121,167,33,83.5,3.34,0.6600000000000001,83.5,16.500000000000004,334.0,43.67725905583889,979,167,0.0
1122,167,33,83.5,3.34,0.6600000000000001,83.5,16.500000000000004,334.0,43.67725905583889,979,167,0.0
1123,167,33,83.5,3.34,0.6600000000000001,83.5,16.500000000000004,334.0,43.67725905583889,980,167,0.0
1124,167,33,83.5,3.34,0.6600000000000001,83.5,16.500000000000004,334.0,43.67725905583889,980,167,0.0
1125,167,33,83.5,3.34,0.6600000000000001,83.5,16.500000000000004,334.0,43.67725905583889,981,167,0.0
1126,167,33,83.5,3.34,0.6600000000000001,83.5,16.500000000000004,334.0,43.67725905583889,983,167,0.0
1127,167,33,83.5,3.34,0.6600000000000001,83.5,16.500000000000004,334.0,43.67725905583889,984,167,0.0
1128,167,33,83.5,3.34,0.6600000000000001,83.5,16.500000000000004,334.0,43.67725905583889,984,167,0.0
1129,167,33,83.5,3.34,0.6600000000000001,83.5,16.500000000000004,334.0,43.67725905583889,985,167,0.0
1130,167,33,83.5,3.34,0.6600000000000001,83.5,16.500000000000004,334.0,43.67725905583889,987,167,0.0
1131,167,33,83.5,3.34,0.6600000000000001,83.5,16.500000000000004,334.0,43.67725905583889,988,167,0.0
1132,167,33,83.5,3.34,0.6600000000000001,83.5,16.500000000000004,334.0,43.67725905583889,988,167,0.0
1133,167,33,83.5,3.34,0.6600000000000001,83.5,16.500000000000004,334.0,43.67725905583889,988,167,0.0
1134,167,33,83.5,3.34,0.6600000000000001,83.5,16.500000000000004,334.0,43.67725905583889,988,167,0.0
1135,167,33,83.5,3.34,0.6600000000000001,83.5,16.500000000000004,334.0,43.67725905583889,988,167,0.0
1136,167,33,83.5,3.34,0.6600000000000001,83.5,16.500000000000004,334.0,43.67725905583889,988,167,0.0
1137,167,33,83.5,3.34,0.6600000000000001,83.5,16.500000000000004,334.0,43.67725905583889,988,167,0.0
1138,167,33,83.5,3.34,0.6600000000000001,83.5,16.500000000000004,334.0,43.67725905583889,988,167,0.0
1139,167,33,83.5,3.34,0.6600000000000001,83.5,16.500000000000004,334.0,43.67725905583889,988,167,0.0
1140,167,33,83.5,3.34,0.6600000000000001,83.5,16.500000000000004,334.0,43.67725905583889,988,167,0.0
1141,167,33,83.5,3.34,0.6600000000000001,83.5,16.500000000000004,334.0,43.67725905583889,988,167,0.0
1142,167,33,83.5,3.34,0.6600000000000001,83.5,16.500000000000004,334.0,43.67725905583889,988,167,0.0
1143,167,33,83.5,3.34,0.6600000000000001,83.5,16.500000000000004,334.0,43.67725905583889,988,167,0.0
1144,167,33,83.5,3.34,0.6600000000000001,83.5,16.500000000000004,334.0,43.67725905583889,988,167,0.0
1145,167,33,83.5,3.34,0.6600000000000001,83.5,16.500000000000004,334.0,43.67725905583889,988,167,0.0
1146,167,33,83.5,3.34,0.6600000000000001,83.5,16.500000000000004,334.0,43.67725905583889,988,167,0.0
1147,167,33,83.5,3.34,0.6600000000000001,83.5,16.500000000000004,334.0,43.67725905583889,988,167,0.0
1148,167,33,83.5,3.34,0.6600000000000001,83.5,16.500000000000004,334.0,43.67725905583889,988,167,0.0
1149,167,33,83.5,3.34,0.6600000000000001,83.5,16.500000000000004,334.0,43.67725905583889,988,167,0.0
1150,167,33,83.5,3.34,0.6600000000000001,83.5,16.500000000000004,334.0,43.67725905583889,988,167,0.0
1151,167,33,83.5,3.34,0.6600000000000001,83.5,16.500000000000004,334.0,43.67725905583889,988,167,0.0
1152,167,33,83.5,3.34,0.6600000000000001,83.5,16.500000000000004,334.0,43.67725905583889,988,167,0.0
1153,167,33,83.5,3.34,0.6600000000000001,83.5,16.500000000000004,334.0,43.67725905583889,988,167,0.0
1154,167,33,83.5,3.34,0.6600000000000001,83.5,16.500000000000004,334.0,43.67725905583889,988,167,0.0
1155,167,33,83.5,3.34,0.6600000000000001,83.5,16.500000000000004,334.0,43.67725905583889,988,167,0.0
1156,167,33,83.5,3.34,0.6600000000000001,83.5,16.500000000000004,334.0,43.67725905583889,988,167,0.0
1157,167,33,83.5,3.34,0.6600000000000001,83.5,16.500000000000004,334.0,43.67725905583889,988,167,0.0
1158,167,33,83.5,3.34,0.6600000000000001,83.5,16.500000000000004,334.0,43.67725905583889,988,167,0.0
1159,167,33,83.5,3.34,0.6600000000000001,83.5,16.500000000000004,334.0,43.67725905583889,988,167,0.0
1160,167,33,83.5,3.34,0.6600000000000001,83.5,16.500000000000004,334.0,43.67725905583889,988,167,0.0
1161,167,33,83.5,3.34,0.6600000000000001,83.5,16.500000000000004,334.0,43.67725905583889,988,167,0.0
1162,167,33,83.5,3.34,0.6600000000000001,83.5,16.500000000000004,334.0,43.67725905583889,988,167,0.0
1163,167,33,83.5,3.34,0.6600000000000001,83.5,16.500000000000004,334.0,43.67725905583889,988,167,0.0
1164,167,33,83.5,3.34,0.6600000000000001,83.5,16.500000000000004,334.0,43.67725905583889,988,167,0.0
1165,167,33,83.5,3.34,0.6600000000000001,83.5,16.500000000000004,334.0,43.67725905583889,988,167,0.0
1166,167,33,83.5,3.34,0.6600000000000001,83.5,16.500000000000004,334.0,43.67725905583889,988,167,0.0
1167,167,33,83.5,3.34,0.6600000000000001,83.5,16.500000000000004,334.0,43.67725905583889,988,167,0.0
1168,167,33,83.5,3.34,0.6600000000000001,83.5,16.500000000000004,334.0,43.67725905583889,988,167,0.0
1169,167,33,83.5,3.34,0.6600000000000001,83.5,16.500000000000004,334.0,43.67725905583889,988,167,0.0
1170,167,33,83.5,3.34,0.6600000000000001,83.5,16.500000000000004,334.0,43.67725905583889,988,167,0.0
1171,167,33,83.5,3.34,0.6600000000000001,83.5,16.500000000000004,334.0,43.67725905583889,988,167,0.0
1172,167,33,83.5,3.34,0.6600000000000001,83.5,16.500000000000004,334.0,43.67725905583889,988,167,0.0
1173,167,33,83.5,3.34,0.6600000000000001,83.5,16.500000000000004,334.0,43.67725905583889,988,167,0.0
1174,167,33,83.5,3.34,0.6600000000000001,83.5,16.500000000000004,334.0,43.67725905583889,988,167,0.0
1175,167,33,83.5,3.34,0.6600000000000001,83.5,16.500000000000004,334.0,43.67725905583889,988,167,0.0
1176,167,33,83.5,3.34,0.6600000000000001,83.5,16.500000000000004,334.0,43.67725905583889,988,167,0.0
1177,167,33,83.5,3.34,0.6600000000000001,83.5,16.500000000000004,334.0,43.67725905583889,988,167,0.0
1178,167,33,83.5,3.34,0.6600000000000001,83.5,16.500000000000004,334.0,43.67725905583889,988,167,0.0
1179,167,33,83.5,3.34,0.6600000000000001,83.5,16.500000000000004,334.0,43.67725905583889,988,167,0.0
1180,167,33,83.5,3.34,0.6600000000000001,83.5,16.500000000000004,334.0,43.67725905583889,988,167,0.0
1181,167,33,83.5,3.34,0.6600000000000001,83.5,16.500000000000004,334.0,43.67725905583889,988,167,0.0
1182,167,33,83.5,3.34,0.6600000000000001,83.5,16.500000000000004,334.0,43.67725905583889,988,167,0.0
1183,167,33,83.5,3.34,0.6600000000000001,83.5,16.500000000000004,334.0,43.67725905583889,988,167,0.0
1184,167,33,83.5,3.34,0.6600000000000001,83.5,16.500000000000004,334.0,43.67725905583889,988,167,0.0
1185,167,33,83.5,3.34,0.6600000000000001,83.5,16.500000000000004,334.0,43.67725905583889,988,167,0.0
1186,167,33,83.5,3.34,0.6600000000000001,83.5,16.500000000000004,334.0,43.67725905583889,989,167,0.0
1187,167,33,83.5,3.34,0.6600000000000001,83.5,16.500000000000004,334.0,43.67725905583889,989,167,0.0
1188,167,33,83.5,3.34,0.6600000000000001,83.5,16.500000000000004,334.0,43.67725905583889,989,167,0.0
1189,167,33,83.5,3.34,0.6600000000000001,83.5,16.500000000000004,334.0,43.67725905583889,989,167,0.0
1190,167,33,83.5,3.34,0.6600000000000001,83.5,16.500000000000004,334.0,43.67725905583889,989,167,0.0
1191,167,33,83.5,3.34,0.6600000000000001,83.5,16.500000000000004,334.0,43.67725905583889,989,167,0.0
1192,167,33,83.5,3.34,0.6600000000000001,83.5,16.500000000000004,334.0,43.67725905583889,989,167,0.0
1193,167,33,83.5,3.34,0.6600000000000001,83.5,16.500000000000004,334.0,43.67725905583889,989,167,0.0
1194,167,33,83.5,3.34,0.6600000000000001,83.5,16.500000000000004,334.0,43.67725905583889,990,167,0.0
1195,167,33,83.5,3.34,0.6600000000000001,83.5,16.500000000000004,334.0,43.67725905583889,992,167,0.0
1196,167,33,83.5,3.34,0.6600000000000001,83.5,16.500000000000004,334.0,43.67725905583889,994,167,0.0
1197,167,33,83.5,3.34,0.6600000000000001,83.5,16.500000000000004,334.0,43.67725905583889,995,167,0.0
1198,167,33,83.5,3.34,0.6600000000000001,83.5,16.500000000000004,334.0,43.67725905583889,996,167,0.0
1199,167,33,83.5,3.34,0.6600000000000001,83.5,16.500000000000004,334.0,43.67725905583889,997,167,0.0
1200,167,33,83.5,3.34,0.6600000000000001,83.5,16.500000000000004,334.0,43.67725905583889,998,167,0.0
1201,167,33,83.5,3.34,0.6600000000000001,83.5,16.500000000000004,334.0,43.67725905583889,998,167,0.0
1202,167,33,83.5,3.34,0.6600000000000001,83.5,16.500000000000004,334.0,43.67725905583889,998,167,0.0
1203,167,33,83.5,3.34,0.6600000000000001,83.5,16.500000000000004,334.0,43.67725905583889,998,167,0.0
1204,167,33,83.5,3.34,0.6600000000000001,83.5,16.500000000000004,334.0,43.67725905583889,998,167,0.0
1205,167,33,83.5,3.34,0.6600000000000001,83.5,16.500000000000004,334.0,43.67725905583889,998,167,0.0
1206,167,33,83.5,3.34,0.6600000000000001,83.5,16.500000000000004,334.0,43.67725905583889,998,167,0.0
1207,167,33,83.5,3.34,0.6600000000000001,83.5,16.500000000000004,334.0,43.67725905583889,998,167,0.0
1208,167,33,83.5,3.34,0.6600000000000001,83.5,16.500000000000004,334.0,43.67725905583889,998,167,0.0
1209,167,33,83.5,3.34,0.6600000000000001,83.5,16.500000000000004,334.0,43.67725905583889,998,167,0.0
1210,167,33,83.5,3.34,0.6600000000000001,83.5,16.500000000000004,334.0,43.67725905583889,998,167,0.0
1211,167,33,83.5,3.34,0.6600000000000001,83.5,16.500000000000004,334.0,43.67725905583889,998,167,0.0
1212,167,33,83.5,3.34,0.6600000000000001,83.5,16.500000000000004,334.0,43.67725905583889,998,167,0.0
1213,167,33,83.5,3.34,0.6600000000000001,83.5,16.500000000000004,334.0,43.67725905583889,998,167,0.0
1214,167,33,83.5,3.34,0.6600000000000001,83.5,16.500000000000004,334.0,43.67725905583889,999,167,0.0
1215,167,33,83.5,3.34,0.6600000000000001,83.5,16.500000000000004,334.0,43.67725905583889,1000,167,0.0
1216,167,33,83.5,3.34,0.6600000000000001,83.5,16.500000000000004,334.0,43.67725905583889,1001,167,0.0
1217,167,33,83.5,3.34,0.6600000000000001,83.5,16.500000000000004,334.0,43.67725905583889,1002,167,0.0
1218,167,33,83.5,3.34,0.6600000000000001,83.5,16.500000000000004,334.0,43.67725905583889,1004,167,0.0
1219,167,33,83.5,3.34,0.6600000000000001,83.5,16.500000000000004,334.0,43.67725905583889,1006,167,0.0
1220,167,33,83.5,3.34,0.6600000000000001,83.5,16.500000000000004,334.0,43.67725905583889,1006,167,0.0
1221,167,33,83.5,3.34,0.6600000000000001,83.5,16.500000000000004,334.0,43.67725905583889,1007,167,0.0
1222,167,33,83.5,3.34,0.6600000000000001,83.5,16.500000000000004,334.0,43.67725905583889,1007,167,0.0
1223,167,33,83.5,3.34,0.6600000000000001,83.5,16.500000000000004,334.0,43.67725905583889,1008,167,0.0
1224,167,33,83.5,3.34,0.6600000000000001,83.5,16.500000000000004,334.0,43.67725905583889,1008,167,0.0
1225,167,33,83.5,3.34,0.6600000000000001,83.5,16.500000000000004,334.0,43.67725905583889,1009,167,0.0
1226,167,33,83.5,3.34,0.6600000000000001,83.5,16.500000000000004,334.0,43.67725905583889,1009,167,0.0
1227,167,33,83.5,3.34,0.6600000000000001,83.5,16.500000000000004,334.0,43.67725905583889,1009,167,0.0
1228,167,33,83.5,3.34,0.6600000000000001,83.5,16.500000000000004,334.0,43.67725905583889,1009,167,0.0
1229,167,33,83.5,3.34,0.6600000000000001,83.5,16.500000000000004,334.0,43.67725905583889,1009,167,0.0
1230,167,33,83.5,3.34,0.6600000000000001,83.5,16.500000000000004,334.0,43.67725905583889,1009,167,0.0
1231,167,33,83.5,3.34,0.6600000000000001,83.5,16.500000000000004,334.0,43.67725905583889,1009,167,0.0
1232,167,33,83.5,3.34,0.6600000000000001,83.5,16.500000000000004,334.0,43.67725905583889,1009,167,0.0
1233,167,33,83.5,3.34,0.6600000000000001,83.5,16.500000000000004,334.0,43.67725905583889,1009,167,0.0
1234,167,33,83.5,3.34,0.6600000000000001,83.5,16.500000000000004,334.0,43.67725905583889,1009,167,0.0
1235,167,33,83.5,3.34,0.6600000000000001,83.5,16.500000000000004,334.0,43.67725905583889,1010,167,0.0
1236,167,33,83.5,3.34,0.6600000000000001,83.5,16.500000000000004,334.0,43.67725905583889,1012,167,0.0
1237,167,33,83.5,3.34,0.6600000000000001,83.5,16.500000000000004,334.0,43.67725905583889,1014,167,0.0
1238,168,32,84.0,3.36,0.6400000000000001,84.0,16.000000000000004,336.0,43.93879952922715,1017,168,2.0
1239,168,32,84.0,3.36,0.6400000000000001,84.0,16.000000000000004,336.0,43.93879952922715,1018,168,0.0
1240,168,32,84.0,3.36,0.6400000000000001,84.0,16.000000000000004,336.0,43.93879952922715,1020,168,0.0
1241,168,32,84.0,3.36,0.6400000000000001,84.0,16.000000000000004,336.0,43.93879952922715,1021,168,0.0
1242,168,32,84.0,3.36,0.6400000000000001,84.0,16.000000000000004,336.0,43.93879952922715,1022,168,0.0
1243,168,32,84.0,3.36,0.6400000000000001,84.0,16.000000000000004,336.0,43.93879952922715,1022,168,0.0
1244,168,32,84.0,3.36,0.6400000000000001,84.0,16.000000000000004,336.0,43.93879952922715,1023,168,0.0
1245,168,32,84.0,3.36,0.6400000000000001,84.0,16.000000000000004,336.0,43.93879952922715,1025,168,0.0
1246,169,31,84.5,3.38,0.6200000000000001,84.5,15.500000000000002,338.0,44.2003400026154,1029,169,2.0
1247,169,31,84.5,3.38,0.6200000000000001,84.5,15.500000000000002,338.0,44.2003400026154,1031,169,0.0
1248,169,31,84.5,3.38,0.6200000000000001,84.5,15.500000000000002,338.0,44.2003400026154,1033,169,0.0
1249,169,31,84.5,3.38,0.6200000000000001,84.5,15.500000000000002,338.0,44.2003400026154,1034,169,0.0
1250,169,31,84.5,3.38,0.6200000000000001,84.5,15.500000000000002,338.0,44.2003400026154,1035,169,0.0
1251,169,31,84.5,3.38,0.6200000000000001,84.5,15.500000000000002,338.0,44.2003400026154,1037,169,0.0
1252,169,31,84.5,3.38,0.6200000000000001,84.5,15.500000000000002,338.0,44.2003400026154,1039,169,0.0
1253,169,31,84.5,3.38,0.6200000000000001,84.5,15.500000000000002,338.0,44.2003400026154,1041,169,0.0
1254,169,31,84.5,3.38,0.6200000000000001,84.5,15.500000000000002,338.0,44.2003400026154,1041,169,0.0
1255,170,30,85.0,3.4,0.6000000000000001,85.0,15.000000000000002,340.0,44.46188047600366,1042,170,2.0
1256,170,30,85.0,3.4,0.6000000000000001,85.0,15.000000000000002,340.0,44.46188047600366,1043,170,0.0
1257,170,30,85.0,3.4,0.6000000000000001,85.0,15.000000000000002,340.0,44.46188047600366,1045,170,0.0
1258,170,30,85.0,3.4,0.6000000000000001,85.0,15.000000000000002,340.0,44.46188047600366,1047,170,0.0
1259,170,30,85.0,3.4,0.6000000000000001,85.0,15.000000000000002,340.0,44.46188047600366,1049,170,0.0
1260,170,30,85.0,3.4,0.6000000000000001,85.0,15.000000000000002,340.0,44.46188047600366,1050,170,0.0
1261,170,30,85.0,3.4,0.6000000000000001,85.0,15.000000000000002,340.0,44.46188047600366,1052,170,0.0
1262,170,30,85.0,3.4,0.6000000000000001,85.0,15.000000000000002,340.0,44.46188047600366,1053,170,0.0
1263,170,30,85.0,3.4,0.6000000000000001,85.0,15.000000000000002,340.0,44.46188047600366,1055,170,0.0
1264,170,30,85.0,3.4,0.6000000000000001,85.0,15.000000000000002,340.0,44.46188047600366,1056,170,0.0
1265,170,30,85.0,3.4,0.6000000000000001,85.0,15.000000000000002,340.0,44.46188047600366,1057,170,0.0
1266,170,30,85.0,3.4,0.6000000000000001,85.0,15.000000000000002,340.0,44.46188047600366,1057,170,0.0
1267,170,30,85.0,3.4,0.6000000000000001,85.0,15.000000000000002,340.0,44.46188047600366,1058,170,0.0
1268,170,30,85.0,3.4,0.6000000000000001,85.0,15.000000000000002,340.0,44.46188047600366,1060,170,0.0
1269,170,30,85.0,3.4,0.6000000000000001,85.0,15.000000000000002,340.0,44.46188047600366,1062,170,0.0
1270,170,30,85.0,3.4,0.6000000000000001,85.0,15.000000000000002,340.0,44.46188047600366,1063,170,0.0
1271,170,30,85.0,3.4,0.6000000000000001,85.0,15.000000000000002,340.0,44.46188047600366,1064,170,0.0
1272,170,30,85.0,3.4,0.6000000000000001,85.0,15.000000000000002,340.0,44.46188047600366,1065,170,0.0
1273,171,29,85.5,3.42,0.5800000000000001,85.5,14.500000000000002,342.0,44.723420949391915,1067,171,2.0
1274,171,29,85.5,3.42,0.5800000000000001,85.5,14.500000000000002,342.0,44.723420949391915,1068,171,0.0
1275,172,28,86.0,3.44,0.56,86.0,14.000000000000002,344.0,44.984961422780174,1069,172,2.0
1276,172,28,86.0,3.44,0.56,86.0,14.000000000000002,344.0,44.984961422780174,1070,172,0.0
1277,172,28,86.0,3.44,0.56,86.0,14.000000000000002,344.0,44.984961422780174,1072,172,0.0
1278,172,28,86.0,3.44,0.56,86.0,14.000000000000002,344.0,44.984961422780174,1073,172,0.0
1279,172,28,86.0,3.44,0.56,86.0,14.000000000000002,344.0,44.984961422780174,1075,172,0.0
1280,172,28,86.0,3.44,0.56,86.0,14.000000000000002,344.0,44.984961422780174,1077,172,0.0
1281,172,28,86.0,3.44,0.56,86.0,14.000000000000002,344.0,44.984961422780174,1079,172,0.0
1282,172,28,86.0,3.44,0.56,86.0,14.000000000000002,344.0,44.984961422780174,1079,172,0.0
1283,172,28,86.0,3.44,0.56,86.0,14.000000000000002,344.0,44.984961422780174,1079,172,0.0
1284,172,28,86.0,3.44,0.56,86.0,14.000000000000002,344.0,44.984961422780174,1082,172,0.0
1285,172,28,86.0,3.44,0.56,86.0,14.000000000000002,344.0,44.984961422780174,1085,172,0.0
1286,172,28,86.0,3.44,0.56,86.0,14.000000000000002,344.0,44.984961422780174,1087,172,0.0
1287,172,28,86.0,3.44,0.56,86.0,14.000000000000002,344.0,44.984961422780174,1088,172,0.0
1288,172,28,86.0,3.44,0.56,86.0,14.000000000000002,344.0,44.984961422780174,1089,172,0.0
1289,172,28,86.0,3.44,0.56,86.0,14.000000000000002,344.0,44.984961422780174,1091,172,0.0
1290,172,28,86.0,3.44,0.56,86.0,14.000000000000002,344.0,44.984961422780174,1092,172,0.0
1291,172,28,86.0,3.44,0.56,86.0,14.000000000000002,344.0,44.984961422780174,1093,172,0.0
1292,172,28,86.0,3.44,0.56,86.0,14.000000000000002,344.0,44.984961422780174,1094,172,0.0
1293,172,28,86.0,3.44,0.56,86.0,14.000000000000002,344.0,44.984961422780174,1095,172,0.0
1294,172,28,86.0,3.44,0.56,86.0,14.000000000000002,344.0,44.984961422780174,1096,172,0.0
1295,172,28,86.0,3.44,0.56,86.0,14.000000000000002,344.0,44.984961422780174,1097,172,0.0
1296,172,28,86.0,3.44,0.56,86.0,14.000000000000002,344.0,44.984961422780174,1097,172,0.0
1297,172,28,86.0,3.44,0.56,86.0,14.000000000000002,344.0,44.984961422780174,1097,172,0.0
1298,172,28,86.0,3.44,0.56,86.0,14.000000000000002,344.0,44.984961422780174,1097,172,0.0
1299,172,28,86.0,3.44,0.56,86.0,14.000000000000002,344.0,44.984961422780174,1097,172,0.0
1300,172,28,86.0,3.44,0.56,86.0,14.000000000000002,344.0,44.984961422780174,1098,172,0.0
1301,172,28,86.0,3.44,0.56,86.0,14.000000000000002,344.0,44.984961422780174,1099,172,0.0
1302,172,28,86.0,3.44,0.56,86.0,14.000000000000002,344.0,44.984961422780174,1099,172,0.0
1303,172,28,86.0,3.44,0.56,86.0,14.000000000000002,344.0,44.984961422780174,1100,172,0.0
1304,172,28,86.0,3.44,0.56,86.0,14.000000000000002,344.0,44.984961422780174,1100,172,0.0
1305,172,28,86.0,3.44,0.56,86.0,14.000000000000002,344.0,44.984961422780174,1102,172,0.0
1306,173,27,86.5,3.46,0.54,86.5,13.5,346.0,45.246501896168425,1103,173,2.0
1307,173,27,86.5,3.46,0.54,86.5,13.5,346.0,45.246501896168425,1103,173,0.0
1308,173,27,86.5,3.46,0.54,86.5,13.5,346.0,45.246501896168425,1103,173,0.0
1309,173,27,86.5,3.46,0.54,86.5,13.5,346.0,45.246501896168425,1103,173,0.0
1310,173,27,86.5,3.46,0.54,86.5,13.5,346.0,45.246501896168425,1103,173,0.0
1311,173,27,86.5,3.46,0.54,86.5,13.5,346.0,45.246501896168425,1104,173,0.0
1312,173,27,86.5,3.46,0.54,86.5,13.5,346.0,45.246501896168425,1104,173,0.0
1313,173,27,86.5,3.46,0.54,86.5,13.5,346.0,45.246501896168425,1104,173,0.0
1314,173,27,86.5,3.46,0.54,86.5,13.5,346.0,45.246501896168425,1104,173,0.0
1315,173,27,86.5,3.46,0.54,86.5,13.5,346.0,45.246501896168425,1104,173,0.0
1316,173,27,86.5,3.46,0.54,86.5,13.5,346.0,45.246501896168425,1104,173,0.0
1317,173,27,86.5,3.46,0.54,86.5,13.5,346.0,45.246501896168425,1104,173,0.0
1318,173,27,86.5,3.46,0.54,86.5,13.5,346.0,45.246501896168425,1104,173,0.0
1319,173,27,86.5,3.46,0.54,86.5,13.5,346.0,45.246501896168425,1104,173,0.0
1320,173,27,86.5,3.46,0.54,86.5,13.5,346.0,45.246501896168425,1104,173,0.0
1321,173,27,86.5,3.46,0.54,86.5,13.5,346.0,45.246501896168425,1104,173,0.0
1322,173,27,86.5,3.46,0.54,86.5,13.5,346.0,45.246501896168425,1104,173,0.0
1323,173,27,86.5,3.46,0.54,86.5,13.5,346.0,45.246501896168425,1104,173,0.0
1324,173,27,86.5,3.46,0.54,86.5,13.5,346.0,45.246501896168425,1104,173,0.0
1325,173,27,86.5,3.46,0.54,86.5,13.5,346.0,45.246501896168425,1105,173,0.0
1326,173,27,86.5,3.46,0.54,86.5,13.5,346.0,45.246501896168425,1106,173,0.0
1327,173,27,86.5,3.46,0.54,86.5,13.5,346.0,45.246501896168425,1107,173,0.0
1328,173,27,86.5,3.46,0.54,86.5,13.5,346.0,45.246501896168425,1107,173,0.0
1329,173,27,86.5,3.46,0.54,86.5,13.5,346.0,45.246501896168425,1107,173,0.0
1330,173,27,86.5,3.46,0.54,86.5,13.5,346.0,45.246501896168425,1107,173,0.0
1331,173,27,86.5,3.46,0.54,86.5,13.5,346.0,45.246501896168425,1107,173,0.0
1332,173,27,86.5,3.46,0.54,86.5,13.5,346.0,45.246501896168425,1107,173,0.0
1333,173,27,86.5,3.46,0.54,86.5,13.5,346.0,45.246501896168425,1107,173,0.0
1334,173,27,86.5,3.46,0.54,86.5,13.5,346.0,45.246501896168425,1107,173,0.0
1335,173,27,86.5,3.46,0.54,86.5,13.5,346.0,45.246501896168425,1107,173,0.0
1336,173,27,86.5,3.46,0.54,86.5,13.5,346.0,45.246501896168425,1107,173,0.0
1337,173,27,86.5,3.46,0.54,86.5,13.5,346.0,45.246501896168425,1107,173,0.0
1338,173,27,86.5,3.46,0.54,86.5,13.5,346.0,45.246501896168425,1107,173,0.0
1339,173,27,86.5,3.46,0.54,86.5,13.5,346.0,45.246501896168425,1107,173,0.0
1340,173,27,86.5,3.46,0.54,86.5,13.5,346.0,45.246501896168425,1107,173,0.0
1341,173,27,86.5,3.46,0.54,86.5,13.5,346.0,45.246501896168425,1107,173,0.0
1342,173,27,86.5,3.46,0.54,86.5,13.5,346.0,45.246501896168425,1107,173,0.0
1343,173,27,86.5,3.46,0.54,86.5,13.5,346.0,45.246501896168425,1107,173,0.0
1344,173,27,86.5,3.46,0.54,86.5,13.5,346.0,45.246501896168425,1107,173,0.0
1345,173,27,86.5,3.46,0.54,86.5,13.5,346.0,45.246501896168425,1108,173,0.0
1346,173,27,86.5,3.46,0.54,86.5,13.5,346.0,45.246501896168425,1108,173,0.0
1347,173,27,86.5,3.46,0.54,86.5,13.5,346.0,45.246501896168425,1108,173,0.0
1348,173,27,86.5,3.46,0.54,86.5,13.5,346.0,45.246501896168425,1108,173,0.0
1349,173,27,86.5,3.46,0.54,86.5,13.5,346.0,45.246501896168425,1108,173,0.0
1350,173,27,86.5,3.46,0.54,86.5,13.5,346.0,45.246501896168425,1108,173,0.0
1351,174,26,87.0,3.48,0.52,87.0,13.0,348.0,45.508042369556684,1110,174,2.0
1352,174,26,87.0,3.48,0.52,87.0,13.0,348.0,45.508042369556684,1111,174,0.0
1353,174,26,87.0,3.48,0.52,87.0,13.0,348.0,45.508042369556684,1112,174,0.0
1354,174,26,87.0,3.48,0.52,87.0,13.0,348.0,45.508042369556684,1113,174,0.0
1355,174,26,87.0,3.48,0.52,87.0,13.0,348.0,45.508042369556684,1114,174,0.0
1356,174,26,87.0,3.48,0.52,87.0,13.0,348.0,45.508042369556684,1115,174,0.0
1357,174,26,87.0,3.48,0.52,87.0,13.0,348.0,45.508042369556684,1116,174,0.0
1358,174,26,87.0,3.48,0.52,87.0,13.0,348.0,45.508042369556684,1116,174,0.0
1359,174,26,87.0,3.48,0.52,87.0,13.0,348.0,45.508042369556684,1116,174,0.0
1360,174,26,87.0,3.48,0.52,87.0,13.0,348.0,45.508042369556684,1116,174,0.0
1361,174,26,87.0,3.48,0.52,87.0,13.0,348.0,45.508042369556684,1116,174,0.0
1362,174,26,87.0,3.48,0.52,87.0,13.0,348.0,45.508042369556684,1116,174,0.0
1363,174,26,87.0,3.48,0.52,87.0,13.0,348.0,45.508042369556684,1116,174,0.0
1364,174,26,87.0,3.48,0.52,87.0,13.0,348.0,45.508042369556684,1116,174,0.0
1365,174,26,87.0,3.48,0.52,87.0,13.0,348.0,45.508042369556684,1116,174,0.0
1366,174,26,87.0,3.48,0.52,87.0,13.0,348.0,45.508042369556684,1116,174,0.0
1367,174,26,87.0,3.48,0.52,87.0,13.0,348.0,45.508042369556684,1116,174,0.0
1368,174,26,87.0,3.48,0.52,87.0,13.0,348.0,45.508042369556684,1116,174,0.0
1369,174,26,87.0,3.48,0.52,87.0,13.0,348.0,45.508042369556684,1116,174,0.0
1370,174,26,87.0,3.48,0.52,87.0,13.0,348.0,45.508042369556684,1116,174,0.0
1371,174,26,87.0,3.48,0.52,87.0,13.0,348.0,45.508042369556684,1116,174,0.0
1372,174,26,87.0,3.48,0.52,87.0,13.0,348.0,45.508042369556684,1116,174,0.0
1373,174,26,87.0,3.48,0.52,87.0,13.0,348.0,45.508042369556684,1116,174,0.0
1374,174,26,87.0,3.48,0.52,87.0,13.0,348.0,45.508042369556684,1116,174,0.0
1375,174,26,87.0,3.48,0.52,87.0,13.0,348.0,45.508042369556684,1116,174,0.0
1376,174,26,87.0,3.48,0.52,87.0,13.0,348.0,45.508042369556684,1116,174,0.0
1377,174,26,87.0,3.48,0.52,87.0,13.0,348.0,45.508042369556684,1116,174,0.0
1378,174,26,87.0,3.48,0.52,87.0,13.0,348.0,45.508042369556684,1116,174,0.0
1379,174,26,87.0,3.48,0.52,87.0,13.0,348.0,45.508042369556684,1116,174,0.0
1380,174,26,87.0,3.48,0.52,87.0,13.0,348.0,45.508042369556684,1116,174,0.0
1381,174,26,87.0,3.48,0.52,87.0,13.0,348.0,45.508042369556684,1116,174,0.0
1382,174,26,87.0,3.48,0.52,87.0,13.0,348.0,45.508042369556684,1116,174,0.0
1383,174,26,87.0,3.48,0.52,87.0,13.0,348.0,45.508042369556684,1116,174,0.0
1384,174,26,87.0,3.48,0.52,87.0,13.0,348.0,45.508042369556684,1116,174,0.0
1385,174,26,87.0,3.48,0.52,87.0,13.0,348.0,45.508042369556684,1116,174,0.0
1386,174,26,87.0,3.48,0.52,87.0,13.0,348.0,45.508042369556684,1116,174,0.0
1387,174,26,87.0,3.48,0.52,87.0,13.0,348.0,45.508042369556684,1116,174,0.0
1388,174,26,87.0,3.48,0.52,87.0,13.0,348.0,45.508042369556684,1116,174,0.0
1389,174,26,87.0,3.48,0.52,87.0,13.0,348.0,45.508042369556684,1116,174,0.0
1390,174,26,87.0,3.48,0.52,87.0,13.0,348.0,45.508042369556684,1116,174,0.0
1391,174,26,87.0,3.48,0.52,87.0,13.0,348.0,45.508042369556684,1116,174,0.0
1392,174,26,87.0,3.48,0.52,87.0,13.0,348.0,45.508042369556684,1116,174,0.0
1393,174,26,87.0,3.48,0.52,87.0,13.0,348.0,45.508042369556684,1116,174,0.0
1394,174,26,87.0,3.48,0.52,87.0,13.0,348.0,45.508042369556684,1116,174,0.0
1395,174,26,87.0,3.48,0.52,87.0,13.0,348.0,45.508042369556684,1116,174,0.0
1396,174,26,87.0,3.48,0.52,87.0,13.0,348.0,45.508042369556684,1116,174,0.0
1397,174,26,87.0,3.48,0.52,87.0,13.0,348.0,45.508042369556684,1116,174,0.0
1398,174,26,87.0,3.48,0.52,87.0,13.0,348.0,45.508042369556684,1116,174,0.0
1399,174,26,87.0,3.48,0.52,87.0,13.0,348.0,45.508042369556684,1116,174,0.0
1400,174,26,87.0,3.48,0.52,87.0,13.0,348.0,45.508042369556684,1116,174,0.0
1401,174,26,87.0,3.48,0.52,87.0,13.0,348.0,45.508042369556684,1116,174,0.0
1402,174,26,87.0,3.48,0.52,87.0,13.0,348.0,45.508042369556684,1116,174,0.0
1403,174,26,87.0,3.48,0.52,87.0,13.0,348.0,45.508042369556684,1116,174,0.0
1404,174,26,87.0,3.48,0.52,87.0,13.0,348.0,45.508042369556684,1116,174,0.0
1405,174,26,87.0,3.48,0.52,87.0,13.0,348.0,45.508042369556684,1116,174,0.0
1406,174,26,87.0,3.48,0.52,87.0,13.0,348.0,45.508042369556684,1116,174,0.0
1407,174,26,87.0,3.48,0.52,87.0,13.0,348.0,45.508042369556684,1116,174,0.0
1408,174,26,87.0,3.48,0.52,87.0,13.0,348.0,45.508042369556684,1116,174,0.0
1409,174,26,87.0,3.48,0.52,87.0,13.0,348.0,45.508042369556684,1116,174,0.0
1410,174,26,87.0,3.48,0.52,87.0,13.0,348.0,45.508042369556684,1116,174,0.0
1411,174,26,87.0,3.48,0.52,87.0,13.0,348.0,45.508042369556684,1117,174,0.0
1412,174,26,87.0,3.48,0.52,87.0,13.0,348.0,45.508042369556684,1118,174,0.0
1413,174,26,87.0,3.48,0.52,87.0,13.0,348.0,45.508042369556684,1119,174,0.0
1414,174,26,87.0,3.48,0.52,87.0,13.0,348.0,45.508042369556684,1120,174,0.0
1415,174,26,87.0,3.48,0.52,87.0,13.0,348.0,45.508042369556684,1121,174,0.0
1416,174,26,87.0,3.48,0.52,87.0,13.0,348.0,45.508042369556684,1122,174,0.0
1417,174,26,87.0,3.48,0.52,87.0,13.0,348.0,45.508042369556684,1122,174,0.0
1418,174,26,87.0,3.48,0.52,87.0,13.0,348.0,45.508042369556684,1122,174,0.0
1419,174,26,87.0,3.48,0.52,87.0,13.0,348.0,45.508042369556684,1122,174,0.0
1420,174,26,87.0,3.48,0.52,87.0,13.0,348.0,45.508042369556684,1122,174,0.0
1421,174,26,87.0,3.48,0.52,87.0,13.0,348.0,45.508042369556684,1122,174,0.0
1422,174,26,87.0,3.48,0.52,87.0,13.0,348.0,45.508042369556684,1122,174,0.0
1423,174,26,87.0,3.48,0.52,87.0,13.0,348.0,45.508042369556684,1122,174,0.0
1424,174,26,87.0,3.48,0.52,87.0,13.0,348.0,45.508042369556684,1122,174,0.0
1425,174,26,87.0,3.48,0.52,87.0,13.0,348.0,45.508042369556684,1122,174,0.0
1426,174,26,87.0,3.48,0.52,87.0,13.0,348.0,45.508042369556684,1122,174,0.0
1427,174,26,87.0,3.48,0.52,87.0,13.0,348.0,45.508042369556684,1122,174,0.0
1428,174,26,87.0,3.48,0.52,87.0,13.0,348.0,45.508042369556684,1122,174,0.0
1429,174,26,87.0,3.48,0.52,87.0,13.0,348.0,45.508042369556684,1122,174,0.0
1430,174,26,87.0,3.48,0.52,87.0,13.0,348.0,45.508042369556684,1122,174,0.0
1431,174,26,87.0,3.48,0.52,87.0,13.0,348.0,45.508042369556684,1122,174,0.0
1432,174,26,87.0,3.48,0.52,87.0,13.0,348.0,45.508042369556684,1122,174,0.0
1433,174,26,87.0,3.48,0.52,87.0,13.0,348.0,45.508042369556684,1122,174,0.0
1434,174,26,87.0,3.48,0.52,87.0,13.0,348.0,45.508042369556684,1122,174,0.0
1435,174,26,87.0,3.48,0.52,87.0,13.0,348.0,45.508042369556684,1122,174,0.0
1436,174,26,87.0,3.48,0.52,87.0,13.0,348.0,45.508042369556684,1122,174,0.0
1437,174,26,87.0,3.48,0.52,87.0,13.0,348.0,45.508042369556684,1122,174,0.0
1438,174,26,87.0,3.48,0.52,87.0,13.0,348.0,45.508042369556684,1123,174,0.0
1439,174,26,87.0,3.48,0.52,87.0,13.0,348.0,45.508042369556684,1123,174,0.0
1440,174,26,87.0,3.48,0.52,87.0,13.0,348.0,45.508042369556684,1123,174,0.0
1441,174,26,87.0,3.48,0.52,87.0,13.0,348.0,45.508042369556684,1123,174,0.0
1442,174,26,87.0,3.48,0.52,87.0,13.0,348.0,45.508042369556684,1123,174,0.0
1443,174,26,87.0,3.48,0.52,87.0,13.0,348.0,45.508042369556684,1124,174,0.0
1444,174,26,87.0,3.48,0.52,87.0,13.0,348.0,45.508042369556684,1124,174,0.0
1445,174,26,87.0,3.48,0.52,87.0,13.0,348.0,45.508042369556684,1124,174,0.0
1446,174,26,87.0,3.48,0.52,87.0,13.0,348.0,45.508042369556684,1124,174,0.0
1447,174,26,87.0,3.48,0.52,87.0,13.0,348.0,45.508042369556684,1125,174,0.0
1448,174,26,87.0,3.48,0.52,87.0,13.0,348.0,45.508042369556684,1125,174,0.0
1449,174,26,87.0,3.48,0.52,87.0,13.0,348.0,45.508042369556684,1125,174,0.0
1450,174,26,87.0,3.48,0.52,87.0,13.0,348.0,45.508042369556684,1125,174,0.0
1451,174,26,87.0,3.48,0.52,87.0,13.0,348.0,45.508042369556684,1125,174,0.0
1452,174,26,87.0,3.48,0.52,87.0,13.0,348.0,45.508042369556684,1125,174,0.0
1453,174,26,87.0,3.48,0.52,87.0,13.0,348.0,45.508042369556684,1126,174,0.0
1454,175,25,87.5,3.5,0.5,87.5,12.5,350.0,45.76958284294494,1127,175,2.0
1455,175,25,87.5,3.5,0.5,87.5,12.5,350.0,45.76958284294494,1127,175,0.0
1456,175,25,87.5,3.5,0.5,87.5,12.5,350.0,45.76958284294494,1127,175,0.0
1457,175,25,87.5,3.5,0.5,87.5,12.5,350.0,45.76958284294494,1127,175,0.0
1458,175,25,87.5,3.5,0.5,87.5,12.5,350.0,45.76958284294494,1127,175,0.0
1459,175,25,87.5,3.5,0.5,87.5,12.5,350.0,45.76958284294494,1127,175,0.0
1460,175,25,87.5,3.5,0.5,87.5,12.5,350.0,45.76958284294494,1127,175,0.0
1461,175,25,87.5,3.5,0.5,87.5,12.5,350.0,45.76958284294494,1127,175,0.0
1462,175,25,87.5,3.5,0.5,87.5,12.5,350.0,45.76958284294494,1127,175,0.0
1463,175,25,87.5,3.5,0.5,87.5,12.5,350.0,45.76958284294494,1127,175,0.0
1464,175,25,87.5,3.5,0.5,87.5,12.5,350.0,45.76958284294494,1127,175,0.0
1465,175,25,87.5,3.5,0.5,87.5,12.5,350.0,45.76958284294494,1127,175,0.0
1466,175,25,87.5,3.5,0.5,87.5,12.5,350.0,45.76958284294494,1127,175,0.0
1467,175,25,87.5,3.5,0.5,87.5,12.5,350.0,45.76958284294494,1127,175,0.0
1468,175,25,87.5,3.5,0.5,87.5,12.5,350.0,45.76958284294494,1127,175,0.0
1469,175,25,87.5,3.5,0.5,87.5,12.5,350.0,45.76958284294494,1128,175,0.0
1470,176,24,88.0,3.52,0.48,88.0,12.0,352.0,46.0311233163332,1130,176,2.0
1471,176,24,88.0,3.52,0.48,88.0,12.0,352.0,46.0311233163332,1131,176,0.0
1472,176,24,88.0,3.52,0.48,88.0,12.0,352.0,46.0311233163332,1132,176,0.0
1473,176,24,88.0,3.52,0.48,88.0,12.0,352.0,46.0311233163332,1133,176,0.0
1474,176,24,88.0,3.52,0.48,88.0,12.0,352.0,46.0311233163332,1133,176,0.0
1475,176,24,88.0,3.52,0.48,88.0,12.0,352.0,46.0311233163332,1133,176,0.0
1476,176,24,88.0,3.52,0.48,88.0,12.0,352.0,46.0311233163332,1134,176,0.0
1477,176,24,88.0,3.52,0.48,88.0,12.0,352.0,46.0311233163332,1135,176,0.0
1478,176,24,88.0,3.52,0.48,88.0,12.0,352.0,46.0311233163332,1136,176,0.0
1479,176,24,88.0,3.52,0.48,88.0,12.0,352.0,46.0311233163332,1137,176,0.0
1480,176,24,88.0,3.52,0.48,88.0,12.0,352.0,46.0311233163332,1138,176,0.0
1481,176,24,88.0,3.52,0.48,88.0,12.0,352.0,46.0311233163332,1138,176,0.0
1482,176,24,88.0,3.52,0.48,88.0,12.0,352.0,46.0311233163332,1138,176,0.0
1483,176,24,88.0,3.52,0.48,88.0,12.0,352.0,46.0311233163332,1139,176,0.0
1484,176,24,88.0,3.52,0.48,88.0,12.0,352.0,46.0311233163332,1140,176,0.0
1485,176,24,88.0,3.52,0.48,88.0,12.0,352.0,46.0311233163332,1140,176,0.0
1486,176,24,88.0,3.52,0.48,88.0,12.0,352.0,46.0311233163332,1140,176,0.0
1487,176,24,88.0,3.52,0.48,88.0,12.0,352.0,46.0311233163332,1140,176,0.0
1488,176,24,88.0,3.52,0.48,88.0,12.0,352.0,46.0311233163332,1140,176,0.0
1489,176,24,88.0,3.52,0.48,88.0,12.0,352.0,46.0311233163332,1140,176,0.0
1490,176,24,88.0,3.52,0.48,88.0,12.0,352.0,46.0311233163332,1140,176,0.0
1491,176,24,88.0,3.52,0.48,88.0,12.0,352.0,46.0311233163332,1140,176,0.0
1492,176,24,88.0,3.52,0.48,88.0,12.0,352.0,46.0311233163332,1141,176,0.0
1493,176,24,88.0,3.52,0.48,88.0,12.0,352.0,46.0311233163332,1142,176,0.0
1494,176,24,88.0,3.52,0.48,88.0,12.0,352.0,46.0311233163332,1143,176,0.0
1495,176,24,88.0,3.52,0.48,88.0,12.0,352.0,46.0311233163332,1144,176,0.0
1496,176,24,88.0,3.52,0.48,88.0,12.0,352.0,46.0311233163332,1145,176,0.0
1497,176,24,88.0,3.52,0.48,88.0,12.0,352.0,46.0311233163332,1146,176,0.0
1498,176,24,88.0,3.52,0.48,88.0,12.0,352.0,46.0311233163332,1147,176,0.0
1499,176,24,88.0,3.52,0.48,88.0,12.0,352.0,46.0311233163332,1148,176,0.0
1500,176,24,88.0,3.52,0.48,88.0,12.0,352.0,46.0311233163332,1148,176,0.0
1501,176,24,88.0,3.52,0.48,88.0,12.0,352.0,46.0311233163332,1148,176,0.0
1502,176,24,88.0,3.52,0.48,88.0,12.0,352.0,46.0311233163332,1148,176,0.0
1503,176,24,88.0,3.52,0.48,88.0,12.0,352.0,46.0311233163332,1148,176,0.0
1504,176,24,88.0,3.52,0.48,88.0,12.0,352.0,46.0311233163332,1148,176,0.0
1505,176,24,88.0,3.52,0.48,88.0,12.0,352.0,46.0311233163332,1148,176,0.0
1506,176,24,88.0,3.52,0.48,88.0,12.0,352.0,46.0311233163332,1148,176,0.0
1507,176,24,88.0,3.52,0.48,88.0,12.0,352.0,46.0311233163332,1148,176,0.0
1508,176,24,88.0,3.52,0.48,88.0,12.0,352.0,46.0311233163332,1148,176,0.0
1509,176,24,88.0,3.52,0.48,88.0,12.0,352.0,46.0311233163332,1149,176,0.0
1510,176,24,88.0,3.52,0.48,88.0,12.0,352.0,46.0311233163332,1149,176,0.0
1511,176,24,88.0,3.52,0.48,88.0,12.0,352.0,46.0311233163332,1149,176,0.0
1512,176,24,88.0,3.52,0.48,88.0,12.0,352.0,46.0311233163332,1149,176,0.0
1513,176,24,88.0,3.52,0.48,88.0,12.0,352.0,46.0311233163332,1149,176,0.0
1514,176,24,88.0,3.52,0.48,88.0,12.0,352.0,46.0311233163332,1149,176,0.0
1515,176,24,88.0,3.52,0.48,88.0,12.0,352.0,46.0311233163332,1149,176,0.0
1516,176,24,88.0,3.52,0.48,88.0,12.0,352.0,46.0311233163332,1149,176,0.0
1517,176,24,88.0,3.52,0.48,88.0,12.0,352.0,46.0311233163332,1149,176,0.0
1518,176,24,88.0,3.52,0.48,88.0,12.0,352.0,46.0311233163332,1149,176,0.0
1519,176,24,88.0,3.52,0.48,88.0,12.0,352.0,46.0311233163332,1149,176,0.0
1520,176,24,88.0,3.52,0.48,88.0,12.0,352.0,46.0311233163332,1149,176,0.0
1521,176,24,88.0,3.52,0.48,88.0,12.0,352.0,46.0311233163332,1149,176,0.0
1522,176,24,88.0,3.52,0.48,88.0,12.0,352.0,46.0311233163332,1149,176,0.0
1523,176,24,88.0,3.52,0.48,88.0,12.0,352.0,46.0311233163332,1149,176,0.0
1524,176,24,88.0,3.52,0.48,88.0,12.0,352.0,46.0311233163332,1149,176,0.0
1525,176,24,88.0,3.52,0.48,88.0,12.0,352.0,46.0311233163332,1149,176,0.0
1526,176,24,88.0,3.52,0.48,88.0,12.0,352.0,46.0311233163332,1149,176,0.0
1527,176,24,88.0,3.52,0.48,88.0,12.0,352.0,46.0311233163332,1149,176,0.0
1528,176,24,88.0,3.52,0.48,88.0,12.0,352.0,46.0311233163332,1149,176,0.0
1529,176,24,88.0,3.52,0.48,88.0,12.0,352.0,46.0311233163332,1149,176,0.0
1530,176,24,88.0,3.52,0.48,88.0,12.0,352.0,46.0311233163332,1149,176,0.0
1531,176,24,88.0,3.52,0.48,88.0,12.0,352.0,46.0311233163332,1149,176,0.0
1532,176,24,88.0,3.52,0.48,88.0,12.0,352.0,46.0311233163332,1149,176,0.0
1533,176,24,88.0,3.52,0.48,88.0,12.0,352.0,46.0311233163332,1149,176,0.0
1534,176,24,88.0,3.52,0.48,88.0,12.0,352.0,46.0311233163332,1149,176,0.0
1535,176,24,88.0,3.52,0.48,88.0,12.0,352.0,46.0311233163332,1149,176,0.0
1536,176,24,88.0,3.52,0.48,88.0,12.0,352.0,46.0311233163332,1149,176,0.0
1537,176,24,88.0,3.52,0.48,88.0,12.0,352.0,46.0311233163332,1149,176,0.0
1538,176,24,88.0,3.52,0.48,88.0,12.0,352.0,46.0311233163332,1150,176,0.0
1539,176,24,88.0,3.52,0.48,88.0,12.0,352.0,46.0311233163332,1151,176,0.0
1540,176,24,88.0,3.52,0.48,88.0,12.0,352.0,46.0311233163332,1152,176,0.0
1541,176,24,88.0,3.52,0.48,88.0,12.0,352.0,46.0311233163332,1152,176,0.0
1542,176,24,88.0,3.52,0.48,88.0,12.0,352.0,46.0311233163332,1153,176,0.0
1543,176,24,88.0,3.52,0.48,88.0,12.0,352.0,46.0311233163332,1154,176,0.0
1544,176,24,88.0,3.52,0.48,88.0,12.0,352.0,46.0311233163332,1155,176,0.0
1545,176,24,88.0,3.52,0.48,88.0,12.0,352.0,46.0311233163332,1156,176,0.0
1546,176,24,88.0,3.52,0.48,88.0,12.0,352.0,46.0311233163332,1156,176,0.0
1547,176,24,88.0,3.52,0.48,88.0,12.0,352.0,46.0311233163332,1156,176,0.0
1548,176,24,88.0,3.52,0.48,88.0,12.0,352.0,46.0311233163332,1156,176,0.0
1549,176,24,88.0,3.52,0.48,88.0,12.0,352.0,46.0311233163332,1157,176,0.0
1550,177,23,88.5,3.54,0.45999999999999996,88.5,11.499999999999998,354.0,46.29266378972146,1160,177,2.0
1551,177,23,88.5,3.54,0.45999999999999996,88.5,11.499999999999998,354.0,46.29266378972146,1162,177,0.0
1552,177,23,88.5,3.54,0.45999999999999996,88.5,11.499999999999998,354.0,46.29266378972146,1163,177,0.0
1553,177,23,88.5,3.54,0.45999999999999996,88.5,11.499999999999998,354.0,46.29266378972146,1164,177,0.0
1554,177,23,88.5,3.54,0.45999999999999996,88.5,11.499999999999998,354.0,46.29266378972146,1166,177,0.0
1555,177,23,88.5,3.54,0.45999999999999996,88.5,11.499999999999998,354.0,46.29266378972146,1168,177,0.0
1556,177,23,88.5,3.54,0.45999999999999996,88.5,11.499999999999998,354.0,46.29266378972146,1168,177,0.0
1557,177,23,88.5,3.54,0.45999999999999996,88.5,11.499999999999998,354.0,46.29266378972146,1170,177,0.0
1558,177,23,88.5,3.54,0.45999999999999996,88.5,11.499999999999998,354.0,46.29266378972146,1172,177,0.0
1559,178,22,89.0,3.56,0.43999999999999995,89.0,10.999999999999998,356.0,46.55420426310971,1173,178,2.0
1560,178,22,89.0,3.56,0.43999999999999995,89.0,10.999999999999998,356.0,46.55420426310971,1174,178,0.0
1561,178,22,89.0,3.56,0.43999999999999995,89.0,10.999999999999998,356.0,46.55420426310971,1174,178,0.0
1562,178,22,89.0,3.56,0.43999999999999995,89.0,10.999999999999998,356.0,46.55420426310971,1174,178,0.0
1563,178,22,89.0,3.56,0.43999999999999995,89.0,10.999999999999998,356.0,46.55420426310971,1175,178,0.0
1564,178,22,89.0,3.56,0.43999999999999995,89.0,10.999999999999998,356.0,46.55420426310971,1176,178,0.0
1565,178,22,89.0,3.56,0.43999999999999995,89.0,10.999999999999998,356.0,46.55420426310971,1176,178,0.0
1566,178,22,89.0,3.56,0.43999999999999995,89.0,10.999999999999998,356.0,46.55420426310971,1177,178,0.0
1567,178,22,89.0,3.56,0.43999999999999995,89.0,10.999999999999998,356.0,46.55420426310971,1178,178,0.0
1568,178,22,89.0,3.56,0.43999999999999995,89.0,10.999999999999998,356.0,46.55420426310971,1179,178,0.0
1569,178,22,89.0,3.56,0.43999999999999995,89.0,10.999999999999998,356.0,46.55420426310971,1180,178,0.0
1570,178,22,89.0,3.56,0.43999999999999995,89.0,10.999999999999998,356.0,46.55420426310971,1181,178,0.0
1571,178,22,89.0,3.56,0.43999999999999995,89.0,10.999999999999998,356.0,46.55420426310971,1182,178,0.0
1572,178,22,89.0,3.56,0.43999999999999995,89.0,10.999999999999998,356.0,46.55420426310971,1183,178,0.0
1573,178,22,89.0,3.56,0.43999999999999995,89.0,10.999999999999998,356.0,46.55420426310971,1184,178,0.0
1574,178,22,89.0,3.56,0.43999999999999995,89.0,10.999999999999998,356.0,46.55420426310971,1184,178,0.0
1575,178,22,89.0,3.56,0.43999999999999995,89.0,10.999999999999998,356.0,46.55420426310971,1186,178,0.0
1576,178,22,89.0,3.56,0.43999999999999995,89.0,10.999999999999998,356.0,46.55420426310971,1186,178,0.0
1577,178,22,89.0,3.56,0.43999999999999995,89.0,10.999999999999998,356.0,46.55420426310971,1187,178,0.0
1578,178,22,89.0,3.56,0.43999999999999995,89.0,10.999999999999998,356.0,46.55420426310971,1187,178,0.0
1579,178,22,89.0,3.56,0.43999999999999995,89.0,10.999999999999998,356.0,46.55420426310971,1189,178,0.0
1580,178,22,89.0,3.56,0.43999999999999995,89.0,10.999999999999998,356.0,46.55420426310971,1191,178,0.0
1581,178,22,89.0,3.56,0.43999999999999995,89.0,10.999999999999998,356.0,46.55420426310971,1194,178,0.0
1582,178,22,89.0,3.56,0.43999999999999995,89.0,10.999999999999998,356.0,46.55420426310971,1195,178,0.0
1583,178,22,89.0,3.56,0.43999999999999995,89.0,10.999999999999998,356.0,46.55420426310971,1196,178,0.0
1584,178,22,89.0,3.56,0.43999999999999995,89.0,10.999999999999998,356.0,46.55420426310971,1197,178,0.0
1585,178,22,89.0,3.56,0.43999999999999995,89.0,10.999999999999998,356.0,46.55420426310971,1198,178,0.0
1586,178,22,89.0,3.56,0.43999999999999995,89.0,10.999999999999998,356.0,46.55420426310971,1198,178,0.0
1587,178,22,89.0,3.56,0.43999999999999995,89.0,10.999999999999998,356.0,46.55420426310971,1198,178,0.0
1588,178,22,89.0,3.56,0.43999999999999995,89.0,10.999999999999998,356.0,46.55420426310971,1198,178,0.0
1589,178,22,89.0,3.56,0.43999999999999995,89.0,10.999999999999998,356.0,46.55420426310971,1198,178,0.0
1590,178,22,89.0,3.56,0.43999999999999995,89.0,10.999999999999998,356.0,46.55420426310971,1198,178,0.0
1591,178,22,89.0,3.56,0.43999999999999995,89.0,10.999999999999998,356.0,46.55420426310971,1199,178,0.0
1592,178,22,89.0,3.56,0.43999999999999995,89.0,10.999999999999998,356.0,46.55420426310971,1200,178,0.0
1593,178,22,89.0,3.56,0.43999999999999995,89.0,10.999999999999998,356.0,46.55420426310971,1200,178,0.0
1594,178,22,89.0,3.56,0.43999999999999995,89.0,10.999999999999998,356.0,46.55420426310971,1200,178,0.0
1595,178,22,89.0,3.56,0.43999999999999995,89.0,10.999999999999998,356.0,46.55420426310971,1200,178,0.0
1596,178,22,89.0,3.56,0.43999999999999995,89.0,10.999999999999998,356.0,46.55420426310971,1201,178,0.0
1597,178,22,89.0,3.56,0.43999999999999995,89.0,10.999999999999998,356.0,46.55420426310971,1201,178,0.0
1598,178,22,89.0,3.56,0.43999999999999995,89.0,10.999999999999998,356.0,46.55420426310971,1201,178,0.0
1599,178,22,89.0,3.56,0.43999999999999995,89.0,10.999999999999998,356.0,46.55420426310971,1202,178,0.0
1600,179,21,89.5,3.58,0.41999999999999993,89.5,10.499999999999998,358.0,46.81574473649797,1203,179,2.0
1601,179,21,89.5,3.58,0.41999999999999993,89.5,10.499999999999998,358.0,46.81574473649797,1203,179,0.0
1602,179,21,89.5,3.58,0.41999999999999993,89.5,10.499999999999998,358.0,46.81574473649797,1203,179,0.0
1603,179,21,89.5,3.58,0.41999999999999993,89.5,10.499999999999998,358.0,46.81574473649797,1203,179,0.0
1604,179,21,89.5,3.58,0.41999999999999993,89.5,10.499999999999998,358.0,46.81574473649797,1204,179,0.0
1605,179,21,89.5,3.58,0.41999999999999993,89.5,10.499999999999998,358.0,46.81574473649797,1206,179,0.0
1606,179,21,89.5,3.58,0.41999999999999993,89.5,10.499999999999998,358.0,46.81574473649797,1207,179,0.0
1607,179,21,89.5,3.58,0.41999999999999993,89.5,10.499999999999998,358.0,46.81574473649797,1209,179,0.0
1608,179,21,89.5,3.58,0.41999999999999993,89.5,10.499999999999998,358.0,46.81574473649797,1211,179,0.0
1609,179,21,89.5,3.58,0.41999999999999993,89.5,10.499999999999998,358.0,46.81574473649797,1211,179,0.0
1610,179,21,89.5,3.58,0.41999999999999993,89.5,10.499999999999998,358.0,46.81574473649797,1211,179,0.0
1611,179,21,89.5,3.58,0.41999999999999993,89.5,10.499999999999998,358.0,46.81574473649797,1211,179,0.0
1612,179,21,89.5,3.58,0.41999999999999993,89.5,10.499999999999998,358.0,46.81574473649797,1211,179,0.0
1613,179,21,89.5,3.58,0.41999999999999993,89.5,10.499999999999998,358.0,46.81574473649797,1211,179,0.0
1614,179,21,89.5,3.58,0.41999999999999993,89.5,10.499999999999998,358.0,46.81574473649797,1211,179,0.0
1615,179,21,89.5,3.58,0.41999999999999993,89.5,10.499999999999998,358.0,46.81574473649797,1211,179,0.0
1616,179,21,89.5,3.58,0.41999999999999993,89.5,10.499999999999998,358.0,46.81574473649797,1211,179,0.0
1617,179,21,89.5,3.58,0.41999999999999993,89.5,10.499999999999998,358.0,46.81574473649797,1211,179,0.0
1618,179,21,89.5,3.58,0.41999999999999993,89.5,10.499999999999998,358.0,46.81574473649797,1211,179,0.0
1619,179,21,89.5,3.58,0.41999999999999993,89.5,10.499999999999998,358.0,46.81574473649797,1211,179,0.0
1620,179,21,89.5,3.58,0.41999999999999993,89.5,10.499999999999998,358.0,46.81574473649797,1211,179,0.0
1621,179,21,89.5,3.58,0.41999999999999993,89.5,10.499999999999998,358.0,46.81574473649797,1211,179,0.0
1622,179,21,89.5,3.58,0.41999999999999993,89.5,10.499999999999998,358.0,46.81574473649797,1211,179,0.0
1623,179,21,89.5,3.58,0.41999999999999993,89.5,10.499999999999998,358.0,46.81574473649797,1211,179,0.0
1624,179,21,89.5,3.58,0.41999999999999993,89.5,10.499999999999998,358.0,46.81574473649797,1211,179,0.0
1625,179,21,89.5,3.58,0.41999999999999993,89.5,10.499999999999998,358.0,46.81574473649797,1211,179,0.0
1626,179,21,89.5,3.58,0.41999999999999993,89.5,10.499999999999998,358.0,46.81574473649797,1211,179,0.0
1627,179,21,89.5,3.58,0.41999999999999993,89.5,10.499999999999998,358.0,46.81574473649797,1212,179,0.0
1628,179,21,89.5,3.58,0.41999999999999993,89.5,10.499999999999998,358.0,46.81574473649797,1213,179,0.0
1629,179,21,89.5,3.58,0.41999999999999993,89.5,10.499999999999998,358.0,46.81574473649797,1214,179,0.0
1630,180,20,90.0,3.6,0.3999999999999999,90.0,9.999999999999998,360.0,47.07728520988623,1215,180,2.0
1631,180,20,90.0,3.6,0.3999999999999999,90.0,9.999999999999998,360.0,47.07728520988623,1215,180,0.0
1632,180,20,90.0,3.6,0.3999999999999999,90.0,9.999999999999998,360.0,47.07728520988623,1215,180,0.0
1633,180,20,90.0,3.6,0.3999999999999999,90.0,9.999999999999998,360.0,47.07728520988623,1215,180,0.0
1634,180,20,90.0,3.6,0.3999999999999999,90.0,9.999999999999998,360.0,47.07728520988623,1215,180,0.0
1635,180,20,90.0,3.6,0.3999999999999999,90.0,9.999999999999998,360.0,47.07728520988623,1215,180,0.0
1636,180,20,90.0,3.6,0.3999999999999999,90.0,9.999999999999998,360.0,47.07728520988623,1215,180,0.0
1637,180,20,90.0,3.6,0.3999999999999999,90.0,9.999999999999998,360.0,47.07728520988623,1215,180,0.0
1638,180,20,90.0,3.6,0.3999999999999999,90.0,9.999999999999998,360.0,47.07728520988623,1215,180,0.0
1639,180,20,90.0,3.6,0.3999999999999999,90.0,9.999999999999998,360.0,47.07728520988623,1215,180,0.0
1640,180,20,90.0,3.6,0.3999999999999999,90.0,9.999999999999998,360.0,47.07728520988623,1215,180,0.0
1641,180,20,90.0,3.6,0.3999999999999999,90.0,9.999999999999998,360.0,47.07728520988623,1215,180,0.0
1642,180,20,90.0,3.6,0.3999999999999999,90.0,9.999999999999998,360.0,47.07728520988623,1215,180,0.0
1643,180,20,90.0,3.6,0.3999999999999999,90.0,9.999999999999998,360.0,47.07728520988623,1215,180,0.0
1644,180,20,90.0,3.6,0.3999999999999999,90.0,9.999999999999998,360.0,47.07728520988623,1215,180,0.0
1645,180,20,90.0,3.6,0.3999999999999999,90.0,9.999999999999998,360.0,47.07728520988623,1215,180,0.0
1646,180,20,90.0,3.6,0.3999999999999999,90.0,9.999999999999998,360.0,47.07728520988623,1215,180,0.0
1647,180,20,90.0,3.6,0.3999999999999999,90.0,9.999999999999998,360.0,47.07728520988623,1215,180,0.0
1648,180,20,90.0,3.6,0.3999999999999999,90.0,9.999999999999998,360.0,47.07728520988623,1215,180,0.0
1649,180,20,90.0,3.6,0.3999999999999999,90.0,9.999999999999998,360.0,47.07728520988623,1215,180,0.0
1650,180,20,90.0,3.6,0.3999999999999999,90.0,9.999999999999998,360.0,47.07728520988623,1215,180,0.0
1651,180,20,90.0,3.6,0.3999999999999999,90.0,9.999999999999998,360.0,47.07728520988623,1215,180,0.0
1652,180,20,90.0,3.6,0.3999999999999999,90.0,9.999999999999998,360.0,47.07728520988623,1215,180,0.0
1653,180,20,90.0,3.6,0.3999999999999999,90.0,9.999999999999998,360.0,47.07728520988623,1215,180,0.0
1654,180,20,90.0,3.6,0.3999999999999999,90.0,9.999999999999998,360.0,47.07728520988623,1215,180,0.0
1655,180,20,90.0,3.6,0.3999999999999999,90.0,9.999999999999998,360.0,47.07728520988623,1215,180,0.0
1656,180,20,90.0,3.6,0.3999999999999999,90.0,9.999999999999998,360.0,47.07728520988623,1215,180,0.0
1657,180,20,90.0,3.6,0.3999999999999999,90.0,9.999999999999998,360.0,47.07728520988623,1215,180,0.0
1658,180,20,90.0,3.6,0.3999999999999999,90.0,9.999999999999998,360.0,47.07728520988623,1215,180,0.0
1659,180,20,90.0,3.6,0.3999999999999999,90.0,9.999999999999998,360.0,47.07728520988623,1215,180,0.0
1660,180,20,90.0,3.6,0.3999999999999999,90.0,9.999999999999998,360.0,47.07728520988623,1215,180,0.0
1661,180,20,90.0,3.6,0.3999999999999999,90.0,9.999999999999998,360.0,47.07728520988623,1215,180,0.0
1662,180,20,90.0,3.6,0.3999999999999999,90.0,9.999999999999998,360.0,47.07728520988623,1215,180,0.0
1663,180,20,90.0,3.6,0.3999999999999999,90.0,9.999999999999998,360.0,47.07728520988623,1215,180,0.0
1664,180,20,90.0,3.6,0.3999999999999999,90.0,9.999999999999998,360.0,47.07728520988623,1215,180,0.0
1665,180,20,90.0,3.6,0.3999999999999999,90.0,9.999999999999998,360.0,47.07728520988623,1215,180,0.0
1666,180,20,90.0,3.6,0.3999999999999999,90.0,9.999999999999998,360.0,47.07728520988623,1215,180,0.0
1667,180,20,90.0,3.6,0.3999999999999999,90.0,9.999999999999998,360.0,47.07728520988623,1215,180,0.0
1668,180,20,90.0,3.6,0.3999999999999999,90.0,9.999999999999998,360.0,47.07728520988623,1215,180,0.0
1669,180,20,90.0,3.6,0.3999999999999999,90.0,9.999999999999998,360.0,47.07728520988623,1215,180,0.0
1670,180,20,90.0,3.6,0.3999999999999999,90.0,9.999999999999998,360.0,47.07728520988623,1215,180,0.0
1671,180,20,90.0,3.6,0.3999999999999999,90.0,9.999999999999998,360.0,47.07728520988623,1215,180,0.0
1672,180,20,90.0,3.6,0.3999999999999999,90.0,9.999999999999998,360.0,47.07728520988623,1215,180,0.0
1673,180,20,90.0,3.6,0.3999999999999999,90.0,9.999999999999998,360.0,47.07728520988623,1215,180,0.0
1674,180,20,90.0,3.6,0.3999999999999999,90.0,9.999999999999998,360.0,47.07728520988623,1215,180,0.0
1675,180,20,90.0,3.6,0.3999999999999999,90.0,9.999999999999998,360.0,47.07728520988623,1215,180,0.0
1676,180,20,90.0,3.6,0.3999999999999999,90.0,9.999999999999998,360.0,47.07728520988623,1215,180,0.0
1677,180,20,90.0,3.6,0.3999999999999999,90.0,9.999999999999998,360.0,47.07728520988623,1215,180,0.0
1678,180,20,90.0,3.6,0.3999999999999999,90.0,9.999999999999998,360.0,47.07728520988623,1215,180,0.0
1679,180,20,90.0,3.6,0.3999999999999999,90.0,9.999999999999998,360.0,47.07728520988623,1215,180,0.0
1680,180,20,90.0,3.6,0.3999999999999999,90.0,9.999999999999998,360.0,47.07728520988623,1215,180,0.0
1681,180,20,90.0,3.6,0.3999999999999999,90.0,9.999999999999998,360.0,47.07728520988623,1215,180,0.0
1682,180,20,90.0,3.6,0.3999999999999999,90.0,9.999999999999998,360.0,47.07728520988623,1215,180,0.0
1683,180,20,90.0,3.6,0.3999999999999999,90.0,9.999999999999998,360.0,47.07728520988623,1215,180,0.0
1684,180,20,90.0,3.6,0.3999999999999999,90.0,9.999999999999998,360.0,47.07728520988623,1215,180,0.0
1685,180,20,90.0,3.6,0.3999999999999999,90.0,9.999999999999998,360.0,47.07728520988623,1215,180,0.0
1686,180,20,90.0,3.6,0.3999999999999999,90.0,9.999999999999998,360.0,47.07728520988623,1215,180,0.0
1687,180,20,90.0,3.6,0.3999999999999999,90.0,9.999999999999998,360.0,47.07728520988623,1215,180,0.0
1688,180,20,90.0,3.6,0.3999999999999999,90.0,9.999999999999998,360.0,47.07728520988623,1215,180,0.0
1689,180,20,90.0,3.6,0.3999999999999999,90.0,9.999999999999998,360.0,47.07728520988623,1215,180,0.0
1690,180,20,90.0,3.6,0.3999999999999999,90.0,9.999999999999998,360.0,47.07728520988623,1215,180,0.0
1691,180,20,90.0,3.6,0.3999999999999999,90.0,9.999999999999998,360.0,47.07728520988623,1215,180,0.0
1692,180,20,90.0,3.6,0.3999999999999999,90.0,9.999999999999998,360.0,47.07728520988623,1215,180,0.0
1693,180,20,90.0,3.6,0.3999999999999999,90.0,9.999999999999998,360.0,47.07728520988623,1215,180,0.0
1694,180,20,90.0,3.6,0.3999999999999999,90.0,9.999999999999998,360.0,47.07728520988623,1215,180,0.0
1695,180,20,90.0,3.6,0.3999999999999999,90.0,9.999999999999998,360.0,47.07728520988623,1215,180,0.0
1696,180,20,90.0,3.6,0.3999999999999999,90.0,9.999999999999998,360.0,47.07728520988623,1215,180,0.0
1697,180,20,90.0,3.6,0.3999999999999999,90.0,9.999999999999998,360.0,47.07728520988623,1215,180,0.0
1698,180,20,90.0,3.6,0.3999999999999999,90.0,9.999999999999998,360.0,47.07728520988623,1215,180,0.0
1699,180,20,90.0,3.6,0.3999999999999999,90.0,9.999999999999998,360.0,47.07728520988623,1215,180,0.0
1700,180,20,90.0,3.6,0.3999999999999999,90.0,9.999999999999998,360.0,47.07728520988623,1215,180,0.0
1701,180,20,90.0,3.6,0.3999999999999999,90.0,9.999999999999998,360.0,47.07728520988623,1215,180,0.0
1702,180,20,90.0,3.6,0.3999999999999999,90.0,9.999999999999998,360.0,47.07728520988623,1215,180,0.0
1703,180,20,90.0,3.6,0.3999999999999999,90.0,9.999999999999998,360.0,47.07728520988623,1215,180,0.0
1704,180,20,90.0,3.6,0.3999999999999999,90.0,9.999999999999998,360.0,47.07728520988623,1216,180,0.0
1705,180,20,90.0,3.6,0.3999999999999999,90.0,9.999999999999998,360.0,47.07728520988623,1216,180,0.0
1706,180,20,90.0,3.6,0.3999999999999999,90.0,9.999999999999998,360.0,47.07728520988623,1216,180,0.0
1707,180,20,90.0,3.6,0.3999999999999999,90.0,9.999999999999998,360.0,47.07728520988623,1216,180,0.0
1708,180,20,90.0,3.6,0.3999999999999999,90.0,9.999999999999998,360.0,47.07728520988623,1216,180,0.0
1709,180,20,90.0,3.6,0.3999999999999999,90.0,9.999999999999998,360.0,47.07728520988623,1217,180,0.0
1710,180,20,90.0,3.6,0.3999999999999999,90.0,9.999999999999998,360.0,47.07728520988623,1218,180,0.0
1711,180,20,90.0,3.6,0.3999999999999999,90.0,9.999999999999998,360.0,47.07728520988623,1219,180,0.0
1712,180,20,90.0,3.6,0.3999999999999999,90.0,9.999999999999998,360.0,47.07728520988623,1220,180,0.0
1713,180,20,90.0,3.6,0.3999999999999999,90.0,9.999999999999998,360.0,47.07728520988623,1221,180,0.0
1714,180,20,90.0,3.6,0.3999999999999999,90.0,9.999999999999998,360.0,47.07728520988623,1222,180,0.0
1715,180,20,90.0,3.6,0.3999999999999999,90.0,9.999999999999998,360.0,47.07728520988623,1223,180,0.0
1716,180,20,90.0,3.6,0.3999999999999999,90.0,9.999999999999998,360.0,47.07728520988623,1224,180,0.0
1717,180,20,90.0,3.6,0.3999999999999999,90.0,9.999999999999998,360.0,47.07728520988623,1225,180,0.0
1718,180,20,90.0,3.6,0.3999999999999999,90.0,9.999999999999998,360.0,47.07728520988623,1225,180,0.0
1719,180,20,90.0,3.6,0.3999999999999999,90.0,9.999999999999998,360.0,47.07728520988623,1225,180,0.0
1720,180,20,90.0,3.6,0.3999999999999999,90.0,9.999999999999998,360.0,47.07728520988623,1225,180,0.0
1721,180,20,90.0,3.6,0.3999999999999999,90.0,9.999999999999998,360.0,47.07728520988623,1225,180,0.0
1722,180,20,90.0,3.6,0.3999999999999999,90.0,9.999999999999998,360.0,47.07728520988623,1226,180,0.0
1723,180,20,90.0,3.6,0.3999999999999999,90.0,9.999999999999998,360.0,47.07728520988623,1226,180,0.0
1724,180,20,90.0,3.6,0.3999999999999999,90.0,9.999999999999998,360.0,47.07728520988623,1226,180,0.0
1725,180,20,90.0,3.6,0.3999999999999999,90.0,9.999999999999998,360.0,47.07728520988623,1226,180,0.0
1726,180,20,90.0,3.6,0.3999999999999999,90.0,9.999999999999998,360.0,47.07728520988623,1226,180,0.0
1727,180,20,90.0,3.6,0.3999999999999999,90.0,9.999999999999998,360.0,47.07728520988623,1226,180,0.0
1728,180,20,90.0,3.6,0.3999999999999999,90.0,9.999999999999998,360.0,47.07728520988623,1226,180,0.0
1729,180,20,90.0,3.6,0.3999999999999999,90.0,9.999999999999998,360.0,47.07728520988623,1226,180,0.0
1730,180,20,90.0,3.6,0.3999999999999999,90.0,9.999999999999998,360.0,47.07728520988623,1227,180,0.0
1731,180,20,90.0,3.6,0.3999999999999999,90.0,9.999999999999998,360.0,47.07728520988623,1228,180,0.0
1732,180,20,90.0,3.6,0.3999999999999999,90.0,9.999999999999998,360.0,47.07728520988623,1228,180,0.0
1733,180,20,90.0,3.6,0.3999999999999999,90.0,9.999999999999998,360.0,47.07728520988623,1228,180,0.0
1734,180,20,90.0,3.6,0.3999999999999999,90.0,9.999999999999998,360.0,47.07728520988623,1228,180,0.0
1735,180,20,90.0,3.6,0.3999999999999999,90.0,9.999999999999998,360.0,47.07728520988623,1229,180,0.0
1736,180,20,90.0,3.6,0.3999999999999999,90.0,9.999999999999998,360.0,47.07728520988623,1229,180,0.0
1737,180,20,90.0,3.6,0.3999999999999999,90.0,9.999999999999998,360.0,47.07728520988623,1230,180,0.0
1738,180,20,90.0,3.6,0.3999999999999999,90.0,9.999999999999998,360.0,47.07728520988623,1231,180,0.0
1739,180,20,90.0,3.6,0.3999999999999999,90.0,9.999999999999998,360.0,47.07728520988623,1231,180,0.0
1740,180,20,90.0,3.6,0.3999999999999999,90.0,9.999999999999998,360.0,47.07728520988623,1232,180,0.0
1741,180,20,90.0,3.6,0.3999999999999999,90.0,9.999999999999998,360.0,47.07728520988623,1233,180,0.0
1742,180,20,90.0,3.6,0.3999999999999999,90.0,9.999999999999998,360.0,47.07728520988623,1235,180,0.0
1743,180,20,90.0,3.6,0.3999999999999999,90.0,9.999999999999998,360.0,47.07728520988623,1237,180,0.0
1744,180,20,90.0,3.6,0.3999999999999999,90.0,9.999999999999998,360.0,47.07728520988623,1238,180,0.0
1745,180,20,90.0,3.6,0.3999999999999999,90.0,9.999999999999998,360.0,47.07728520988623,1238,180,0.0
1746,180,20,90.0,3.6,0.3999999999999999,90.0,9.999999999999998,360.0,47.07728520988623,1238,180,0.0
1747,180,20,90.0,3.6,0.3999999999999999,90.0,9.999999999999998,360.0,47.07728520988623,1238,180,0.0
1748,180,20,90.0,3.6,0.3999999999999999,90.0,9.999999999999998,360.0,47.07728520988623,1238,180,0.0
1749,180,20,90.0,3.6,0.3999999999999999,90.0,9.999999999999998,360.0,47.07728520988623,1238,180,0.0
1750,181,19,90.5,3.62,0.3799999999999999,90.5,9.499999999999996,362.0,47.338825683274486,1239,181,2.0
1751,181,19,90.5,3.62,0.3799999999999999,90.5,9.499999999999996,362.0,47.338825683274486,1239,181,0.0
1752,181,19,90.5,3.62,0.3799999999999999,90.5,9.499999999999996,362.0,47.338825683274486,1239,181,0.0
1753,181,19,90.5,3.62,0.3799999999999999,90.5,9.499999999999996,362.0,47.338825683274486,1239,181,0.0
1754,181,19,90.5,3.62,0.3799999999999999,90.5,9.499999999999996,362.0,47.338825683274486,1239,181,0.0
1755,181,19,90.5,3.62,0.3799999999999999,90.5,9.499999999999996,362.0,47.338825683274486,1239,181,0.0
1756,181,19,90.5,3.62,0.3799999999999999,90.5,9.499999999999996,362.0,47.338825683274486,1239,181,0.0
1757,181,19,90.5,3.62,0.3799999999999999,90.5,9.499999999999996,362.0,47.338825683274486,1239,181,0.0
1758,181,19,90.5,3.62,0.3799999999999999,90.5,9.499999999999996,362.0,47.338825683274486,1239,181,0.0
1759,181,19,90.5,3.62,0.3799999999999999,90.5,9.499999999999996,362.0,47.338825683274486,1239,181,0.0
1760,181,19,90.5,3.62,0.3799999999999999,90.5,9.499999999999996,362.0,47.338825683274486,1239,181,0.0
1761,181,19,90.5,3.62,0.3799999999999999,90.5,9.499999999999996,362.0,47.338825683274486,1239,181,0.0
1762,181,19,90.5,3.62,0.3799999999999999,90.5,9.499999999999996,362.0,47.338825683274486,1239,181,0.0
1763,181,19,90.5,3.62,0.3799999999999999,90.5,9.499999999999996,362.0,47.338825683274486,1239,181,0.0
1764,181,19,90.5,3.62,0.3799999999999999,90.5,9.499999999999996,362.0,47.338825683274486,1239,181,0.0
1765,181,19,90.5,3.62,0.3799999999999999,90.5,9.499999999999996,362.0,47.338825683274486,1239,181,0.0
1766,181,19,90.5,3.62,0.3799999999999999,90.5,9.499999999999996,362.0,47.338825683274486,1239,181,0.0
1767,181,19,90.5,3.62,0.3799999999999999,90.5,9.499999999999996,362.0,47.338825683274486,1239,181,0.0
1768,181,19,90.5,3.62,0.3799999999999999,90.5,9.499999999999996,362.0,47.338825683274486,1239,181,0.0
1769,181,19,90.5,3.62,0.3799999999999999,90.5,9.499999999999996,362.0,47.338825683274486,1239,181,0.0
1770,181,19,90.5,3.62,0.3799999999999999,90.5,9.499999999999996,362.0,47.338825683274486,1239,181,0.0
1771,181,19,90.5,3.62,0.3799999999999999,90.5,9.499999999999996,362.0,47.338825683274486,1239,181,0.0
1772,181,19,90.5,3.62,0.3799999999999999,90.5,9.499999999999996,362.0,47.338825683274486,1240,181,0.0
1773,181,19,90.5,3.62,0.3799999999999999,90.5,9.499999999999996,362.0,47.338825683274486,1240,181,0.0
1774,181,19,90.5,3.62,0.3799999999999999,90.5,9.499999999999996,362.0,47.338825683274486,1240,181,0.0
1775,181,19,90.5,3.62,0.3799999999999999,90.5,9.499999999999996,362.0,47.338825683274486,1240,181,0.0
1776,181,19,90.5,3.62,0.3799999999999999,90.5,9.499999999999996,362.0,47.338825683274486,1240,181,0.0
1777,181,19,90.5,3.62,0.3799999999999999,90.5,9.499999999999996,362.0,47.338825683274486,1241,181,0.0
1778,181,19,90.5,3.62,0.3799999999999999,90.5,9.499999999999996,362.0,47.338825683274486,1241,181,0.0
1779,181,19,90.5,3.62,0.3799999999999999,90.5,9.499999999999996,362.0,47.338825683274486,1241,181,0.0
1780,181,19,90.5,3.62,0.3799999999999999,90.5,9.499999999999996,362.0,47.338825683274486,1241,181,0.0
1781,181,19,90.5,3.62,0.3799999999999999,90.5,9.499999999999996,362.0,47.338825683274486,1241,181,0.0
1782,181,19,90.5,3.62,0.3799999999999999,90.5,9.499999999999996,362.0,47.338825683274486,1241,181,0.0
1783,181,19,90.5,3.62,0.3799999999999999,90.5,9.499999999999996,362.0,47.338825683274486,1242,181,0.0
1784,182,18,91.0,3.64,0.3599999999999999,91.0,8.999999999999996,364.0,47.600366156662744,1243,182,2.0
1785,182,18,91.0,3.64,0.3599999999999999,91.0,8.999999999999996,364.0,47.600366156662744,1243,182,0.0
1786,182,18,91.0,3.64,0.3599999999999999,91.0,8.999999999999996,364.0,47.600366156662744,1243,182,0.0
1787,182,18,91.0,3.64,0.3599999999999999,91.0,8.999999999999996,364.0,47.600366156662744,1243,182,0.0
1788,182,18,91.0,3.64,0.3599999999999999,91.0,8.999999999999996,364.0,47.600366156662744,1243,182,0.0
1789,182,18,91.0,3.64,0.3599999999999999,91.0,8.999999999999996,364.0,47.600366156662744,1243,182,0.0
1790,182,18,91.0,3.64,0.3599999999999999,91.0,8.999999999999996,364.0,47.600366156662744,1243,182,0.0
1791,182,18,91.0,3.64,0.3599999999999999,91.0,8.999999999999996,364.0,47.600366156662744,1243,182,0.0
1792,182,18,91.0,3.64,0.3599999999999999,91.0,8.999999999999996,364.0,47.600366156662744,1243,182,0.0
1793,182,18,91.0,3.64,0.3599999999999999,91.0,8.999999999999996,364.0,47.600366156662744,1243,182,0.0
1794,182,18,91.0,3.64,0.3599999999999999,91.0,8.999999999999996,364.0,47.600366156662744,1243,182,0.0
1795,182,18,91.0,3.64,0.3599999999999999,91.0,8.999999999999996,364.0,47.600366156662744,1243,182,0.0
1796,182,18,91.0,3.64,0.3599999999999999,91.0,8.999999999999996,364.0,47.600366156662744,1243,182,0.0
1797,182,18,91.0,3.64,0.3599999999999999,91.0,8.999999999999996,364.0,47.600366156662744,1243,182,0.0
1798,182,18,91.0,3.64,0.3599999999999999,91.0,8.999999999999996,364.0,47.600366156662744,1243,182,0.0
1799,182,18,91.0,3.64,0.3599999999999999,91.0,8.999999999999996,364.0,47.600366156662744,1243,182,0.0
1800,182,18,91.0,3.64,0.3599999999999999,91.0,8.999999999999996,364.0,47.600366156662744,1243,182,0.0
1801,182,18,91.0,3.64,0.3599999999999999,91.0,8.999999999999996,364.0,47.600366156662744,1243,182,0.0
1802,182,18,91.0,3.64,0.3599999999999999,91.0,8.999999999999996,364.0,47.600366156662744,1243,182,0.0
1803,182,18,91.0,3.64,0.3599999999999999,91.0,8.999999999999996,364.0,47.600366156662744,1243,182,0.0
1804,182,18,91.0,3.64,0.3599999999999999,91.0,8.999999999999996,364.0,47.600366156662744,1243,182,0.0
1805,182,18,91.0,3.64,0.3599999999999999,91.0,8.999999999999996,364.0,47.600366156662744,1243,182,0.0
1806,182,18,91.0,3.64,0.3599999999999999,91.0,8.999999999999996,364.0,47.600366156662744,1243,182,0.0
1807,182,18,91.0,3.64,0.3599999999999999,91.0,8.999999999999996,364.0,47.600366156662744,1243,182,0.0
1808,182,18,91.0,3.64,0.3599999999999999,91.0,8.999999999999996,364.0,47.600366156662744,1243,182,0.0
1809,182,18,91.0,3.64,0.3599999999999999,91.0,8.999999999999996,364.0,47.600366156662744,1244,182,0.0
1810,182,18,91.0,3.64,0.3599999999999999,91.0,8.999999999999996,364.0,47.600366156662744,1245,182,0.0
1811,182,18,91.0,3.64,0.3599999999999999,91.0,8.999999999999996,364.0,47.600366156662744,1246,182,0.0
1812,182,18,91.0,3.64,0.3599999999999999,91.0,8.999999999999996,364.0,47.600366156662744,1246,182,0.0
1813,182,18,91.0,3.64,0.3599999999999999,91.0,8.999999999999996,364.0,47.600366156662744,1246,182,0.0
1814,182,18,91.0,3.64,0.3599999999999999,91.0,8.999999999999996,364.0,47.600366156662744,1246,182,0.0
1815,182,18,91.0,3.64,0.3599999999999999,91.0,8.999999999999996,364.0,47.600366156662744,1246,182,0.0
1816,182,18,91.0,3.64,0.3599999999999999,91.0,8.999999999999996,364.0,47.600366156662744,1246,182,0.0
1817,182,18,91.0,3.64,0.3599999999999999,91.0,8.999999999999996,364.0,47.600366156662744,1246,182,0.0
1818,182,18,91.0,3.64,0.3599999999999999,91.0,8.999999999999996,364.0,47.600366156662744,1246,182,0.0
1819,182,18,91.0,3.64,0.3599999999999999,91.0,8.999999999999996,364.0,47.600366156662744,1246,182,0.0
1820,182,18,91.0,3.64,0.3599999999999999,91.0,8.999999999999996,364.0,47.600366156662744,1246,182,0.0
1821,182,18,91.0,3.64,0.3599999999999999,91.0,8.999999999999996,364.0,47.600366156662744,1246,182,0.0
1822,182,18,91.0,3.64,0.3599999999999999,91.0,8.999999999999996,364.0,47.600366156662744,1246,182,0.0
1823,182,18,91.0,3.64,0.3599999999999999,91.0,8.999999999999996,364.0,47.600366156662744,1246,182,0.0
1824,182,18,91.0,3.64,0.3599999999999999,91.0,8.999999999999996,364.0,47.600366156662744,1246,182,0.0
1825,182,18,91.0,3.64,0.3599999999999999,91.0,8.999999999999996,364.0,47.600366156662744,1246,182,0.0
1826,182,18,91.0,3.64,0.3599999999999999,91.0,8.999999999999996,364.0,47.600366156662744,1247,182,0.0
1827,182,18,91.0,3.64,0.3599999999999999,91.0,8.999999999999996,364.0,47.600366156662744,1248,182,0.0
1828,182,18,91.0,3.64,0.3599999999999999,91.0,8.999999999999996,364.0,47.600366156662744,1249,182,0.0
1829,182,18,91.0,3.64,0.3599999999999999,91.0,8.999999999999996,364.0,47.600366156662744,1249,182,0.0
1830,183,17,91.5,3.66,0.33999999999999986,91.5,8.499999999999996,366.0,47.861906630050996,1250,183,2.0
1831,183,17,91.5,3.66,0.33999999999999986,91.5,8.499999999999996,366.0,47.861906630050996,1250,183,0.0
1832,183,17,91.5,3.66,0.33999999999999986,91.5,8.499999999999996,366.0,47.861906630050996,1250,183,0.0
1833,183,17,91.5,3.66,0.33999999999999986,91.5,8.499999999999996,366.0,47.861906630050996,1250,183,0.0
1834,183,17,91.5,3.66,0.33999999999999986,91.5,8.499999999999996,366.0,47.861906630050996,1250,183,0.0
1835,183,17,91.5,3.66,0.33999999999999986,91.5,8.499999999999996,366.0,47.861906630050996,1250,183,0.0
1836,183,17,91.5,3.66,0.33999999999999986,91.5,8.499999999999996,366.0,47.861906630050996,1250,183,0.0
1837,183,17,91.5,3.66,0.33999999999999986,91.5,8.499999999999996,366.0,47.861906630050996,1250,183,0.0
1838,183,17,91.5,3.66,0.33999999999999986,91.5,8.499999999999996,366.0,47.861906630050996,1250,183,0.0
1839,183,17,91.5,3.66,0.33999999999999986,91.5,8.499999999999996,366.0,47.861906630050996,1250,183,0.0
1840,183,17,91.5,3.66,0.33999999999999986,91.5,8.499999999999996,366.0,47.861906630050996,1250,183,0.0
1841,183,17,91.5,3.66,0.33999999999999986,91.5,8.499999999999996,366.0,47.861906630050996,1251,183,0.0
1842,183,17,91.5,3.66,0.33999999999999986,91.5,8.499999999999996,366.0,47.861906630050996,1253,183,0.0
1843,183,17,91.5,3.66,0.33999999999999986,91.5,8.499999999999996,366.0,47.861906630050996,1254,183,0.0
1844,183,17,91.5,3.66,0.33999999999999986,91.5,8.499999999999996,366.0,47.861906630050996,1254,183,0.0
1845,183,17,91.5,3.66,0.33999999999999986,91.5,8.499999999999996,366.0,47.861906630050996,1255,183,0.0
1846,183,17,91.5,3.66,0.33999999999999986,91.5,8.499999999999996,366.0,47.861906630050996,1256,183,0.0
1847,183,17,91.5,3.66,0.33999999999999986,91.5,8.499999999999996,366.0,47.861906630050996,1257,183,0.0
1848,183,17,91.5,3.66,0.33999999999999986,91.5,8.499999999999996,366.0,47.861906630050996,1258,183,0.0
1849,183,17,91.5,3.66,0.33999999999999986,91.5,8.499999999999996,366.0,47.861906630050996,1261,183,0.0
1850,183,17,91.5,3.66,0.33999999999999986,91.5,8.499999999999996,366.0,47.861906630050996,1263,183,0.0
1851,183,17,91.5,3.66,0.33999999999999986,91.5,8.499999999999996,366.0,47.861906630050996,1264,183,0.0
1852,183,17,91.5,3.66,0.33999999999999986,91.5,8.499999999999996,366.0,47.861906630050996,1265,183,0.0
1853,183,17,91.5,3.66,0.33999999999999986,91.5,8.499999999999996,366.0,47.861906630050996,1266,183,0.0
1854,183,17,91.5,3.66,0.33999999999999986,91.5,8.499999999999996,366.0,47.861906630050996,1267,183,0.0
1855,183,17,91.5,3.66,0.33999999999999986,91.5,8.499999999999996,366.0,47.861906630050996,1267,183,0.0
1856,183,17,91.5,3.66,0.33999999999999986,91.5,8.499999999999996,366.0,47.861906630050996,1268,183,0.0
1857,183,17,91.5,3.66,0.33999999999999986,91.5,8.499999999999996,366.0,47.861906630050996,1269,183,0.0
1858,183,17,91.5,3.66,0.33999999999999986,91.5,8.499999999999996,366.0,47.861906630050996,1270,183,0.0
1859,183,17,91.5,3.66,0.33999999999999986,91.5,8.499999999999996,366.0,47.861906630050996,1271,183,0.0
1860,183,17,91.5,3.66,0.33999999999999986,91.5,8.499999999999996,366.0,47.861906630050996,1271,183,0.0
1861,183,17,91.5,3.66,0.33999999999999986,91.5,8.499999999999996,366.0,47.861906630050996,1271,183,0.0
1862,183,17,91.5,3.66,0.33999999999999986,91.5,8.499999999999996,366.0,47.861906630050996,1271,183,0.0
1863,183,17,91.5,3.66,0.33999999999999986,91.5,8.499999999999996,366.0,47.861906630050996,1271,183,0.0
1864,183,17,91.5,3.66,0.33999999999999986,91.5,8.499999999999996,366.0,47.861906630050996,1271,183,0.0
1865,183,17,91.5,3.66,0.33999999999999986,91.5,8.499999999999996,366.0,47.861906630050996,1272,183,0.0
1866,183,17,91.5,3.66,0.33999999999999986,91.5,8.499999999999996,366.0,47.861906630050996,1274,183,0.0
1867,183,17,91.5,3.66,0.33999999999999986,91.5,8.499999999999996,366.0,47.861906630050996,1276,183,0.0
1868,183,17,91.5,3.66,0.33999999999999986,91.5,8.499999999999996,366.0,47.861906630050996,1279,183,0.0
1869,184,16,92.0,3.68,0.31999999999999984,92.0,7.999999999999996,368.0,48.123447103439254,1281,184,2.0
1870,184,16,92.0,3.68,0.31999999999999984,92.0,7.999999999999996,368.0,48.123447103439254,1281,184,0.0
1871,184,16,92.0,3.68,0.31999999999999984,92.0,7.999999999999996,368.0,48.123447103439254,1282,184,0.0
1872,184,16,92.0,3.68,0.31999999999999984,92.0,7.999999999999996,368.0,48.123447103439254,1282,184,0.0
1873,184,16,92.0,3.68,0.31999999999999984,92.0,7.999999999999996,368.0,48.123447103439254,1282,184,0.0
1874,184,16,92.0,3.68,0.31999999999999984,92.0,7.999999999999996,368.0,48.123447103439254,1282,184,0.0
1875,184,16,92.0,3.68,0.31999999999999984,92.0,7.999999999999996,368.0,48.123447103439254,1282,184,0.0
1876,184,16,92.0,3.68,0.31999999999999984,92.0,7.999999999999996,368.0,48.123447103439254,1282,184,0.0
1877,184,16,92.0,3.68,0.31999999999999984,92.0,7.999999999999996,368.0,48.123447103439254,1282,184,0.0
1878,184,16,92.0,3.68,0.31999999999999984,92.0,7.999999999999996,368.0,48.123447103439254,1283,184,0.0
1879,184,16,92.0,3.68,0.31999999999999984,92.0,7.999999999999996,368.0,48.123447103439254,1284,184,0.0
1880,184,16,92.0,3.68,0.31999999999999984,92.0,7.999999999999996,368.0,48.123447103439254,1284,184,0.0
1881,184,16,92.0,3.68,0.31999999999999984,92.0,7.999999999999996,368.0,48.123447103439254,1284,184,0.0
1882,184,16,92.0,3.68,0.31999999999999984,92.0,7.999999999999996,368.0,48.123447103439254,1284,184,0.0
1883,184,16,92.0,3.68,0.31999999999999984,92.0,7.999999999999996,368.0,48.123447103439254,1284,184,0.0
1884,184,16,92.0,3.68,0.31999999999999984,92.0,7.999999999999996,368.0,48.123447103439254,1284,184,0.0
1885,184,16,92.0,3.68,0.31999999999999984,92.0,7.999999999999996,368.0,48.123447103439254,1284,184,0.0
1886,184,16,92.0,3.68,0.31999999999999984,92.0,7.999999999999996,368.0,48.123447103439254,1284,184,0.0
1887,184,16,92.0,3.68,0.31999999999999984,92.0,7.999999999999996,368.0,48.123447103439254,1284,184,0.0
1888,184,16,92.0,3.68,0.31999999999999984,92.0,7.999999999999996,368.0,48.123447103439254,1284,184,0.0
1889,184,16,92.0,3.68,0.31999999999999984,92.0,7.999999999999996,368.0,48.123447103439254,1284,184,0.0
1890,184,16,92.0,3.68,0.31999999999999984,92.0,7.999999999999996,368.0,48.123447103439254,1284,184,0.0
1891,184,16,92.0,3.68,0.31999999999999984,92.0,7.999999999999996,368.0,48.123447103439254,1284,184,0.0
1892,184,16,92.0,3.68,0.31999999999999984,92.0,7.999999999999996,368.0,48.123447103439254,1284,184,0.0
1893,184,16,92.0,3.68,0.31999999999999984,92.0,7.999999999999996,368.0,48.123447103439254,1284,184,0.0
1894,184,16,92.0,3.68,0.31999999999999984,92.0,7.999999999999996,368.0,48.123447103439254,1284,184,0.0
1895,184,16,92.0,3.68,0.31999999999999984,92.0,7.999999999999996,368.0,48.123447103439254,1284,184,0.0
1896,184,16,92.0,3.68,0.31999999999999984,92.0,7.999999999999996,368.0,48.123447103439254,1284,184,0.0
1897,184,16,92.0,3.68,0.31999999999999984,92.0,7.999999999999996,368.0,48.123447103439254,1284,184,0.0
1898,184,16,92.0,3.68,0.31999999999999984,92.0,7.999999999999996,368.0,48.123447103439254,1284,184,0.0
1899,184,16,92.0,3.68,0.31999999999999984,92.0,7.999999999999996,368.0,48.123447103439254,1284,184,0.0
1900,184,16,92.0,3.68,0.31999999999999984,92.0,7.999999999999996,368.0,48.123447103439254,1284,184,0.0
1901,184,16,92.0,3.68,0.31999999999999984,92.0,7.999999999999996,368.0,48.123447103439254,1284,184,0.0
1902,184,16,92.0,3.68,0.31999999999999984,92.0,7.999999999999996,368.0,48.123447103439254,1285,184,0.0
1903,184,16,92.0,3.68,0.31999999999999984,92.0,7.999999999999996,368.0,48.123447103439254,1285,184,0.0
1904,184,16,92.0,3.68,0.31999999999999984,92.0,7.999999999999996,368.0,48.123447103439254,1285,184,0.0
1905,184,16,92.0,3.68,0.31999999999999984,92.0,7.999999999999996,368.0,48.123447103439254,1286,184,0.0
1906,184,16,92.0,3.68,0.31999999999999984,92.0,7.999999999999996,368.0,48.123447103439254,1286,184,0.0
1907,184,16,92.0,3.68,0.31999999999999984,92.0,7.999999999999996,368.0,48.123447103439254,1286,184,0.0
1908,184,16,92.0,3.68,0.31999999999999984,92.0,7.999999999999996,368.0,48.123447103439254,1286,184,0.0
1909,184,16,92.0,3.68,0.31999999999999984,92.0,7.999999999999996,368.0,48.123447103439254,1287,184,0.0
1910,184,16,92.0,3.68,0.31999999999999984,92.0,7.999999999999996,368.0,48.123447103439254,1288,184,0.0
1911,184,16,92.0,3.68,0.31999999999999984,92.0,7.999999999999996,368.0,48.123447103439254,1289,184,0.0
1912,184,16,92.0,3.68,0.31999999999999984,92.0,7.999999999999996,368.0,48.123447103439254,1290,184,0.0
1913,184,16,92.0,3.68,0.31999999999999984,92.0,7.999999999999996,368.0,48.123447103439254,1291,184,0.0
1914,184,16,92.0,3.68,0.31999999999999984,92.0,7.999999999999996,368.0,48.123447103439254,1292,184,0.0
1915,184,16,92.0,3.68,0.31999999999999984,92.0,7.999999999999996,368.0,48.123447103439254,1292,184,0.0
1916,184,16,92.0,3.68,0.31999999999999984,92.0,7.999999999999996,368.0,48.123447103439254,1294,184,0.0
1917,184,16,92.0,3.68,0.31999999999999984,92.0,7.999999999999996,368.0,48.123447103439254,1294,184,0.0
1918,184,16,92.0,3.68,0.31999999999999984,92.0,7.999999999999996,368.0,48.123447103439254,1294,184,0.0
1919,184,16,92.0,3.68,0.31999999999999984,92.0,7.999999999999996,368.0,48.123447103439254,1294,184,0.0
1920,184,16,92.0,3.68,0.31999999999999984,92.0,7.999999999999996,368.0,48.123447103439254,1294,184,0.0
1921,184,16,92.0,3.68,0.31999999999999984,92.0,7.999999999999996,368.0,48.123447103439254,1294,184,0.0
1922,184,16,92.0,3.68,0.31999999999999984,92.0,7.999999999999996,368.0,48.123447103439254,1294,184,0.0
1923,184,16,92.0,3.68,0.31999999999999984,92.0,7.999999999999996,368.0,48.123447103439254,1294,184,0.0
1924,184,16,92.0,3.68,0.31999999999999984,92.0,7.999999999999996,368.0,48.123447103439254,1294,184,0.0
1925,184,16,92.0,3.68,0.31999999999999984,92.0,7.999999999999996,368.0,48.123447103439254,1294,184,0.0
1926,184,16,92.0,3.68,0.31999999999999984,92.0,7.999999999999996,368.0,48.123447103439254,1294,184,0.0
1927,184,16,92.0,3.68,0.31999999999999984,92.0,7.999999999999996,368.0,48.123447103439254,1294,184,0.0
1928,184,16,92.0,3.68,0.31999999999999984,92.0,7.999999999999996,368.0,48.123447103439254,1294,184,0.0
1929,184,16,92.0,3.68,0.31999999999999984,92.0,7.999999999999996,368.0,48.123447103439254,1294,184,0.0
1930,184,16,92.0,3.68,0.31999999999999984,92.0,7.999999999999996,368.0,48.123447103439254,1294,184,0.0
1931,184,16,92.0,3.68,0.31999999999999984,92.0,7.999999999999996,368.0,48.123447103439254,1294,184,0.0
1932,184,16,92.0,3.68,0.31999999999999984,92.0,7.999999999999996,368.0,48.123447103439254,1294,184,0.0
1933,184,16,92.0,3.68,0.31999999999999984,92.0,7.999999999999996,368.0,48.123447103439254,1295,184,0.0
1934,184,16,92.0,3.68,0.31999999999999984,92.0,7.999999999999996,368.0,48.123447103439254,1295,184,0.0
1935,184,16,92.0,3.68,0.31999999999999984,92.0,7.999999999999996,368.0,48.123447103439254,1295,184,0.0
1936,184,16,92.0,3.68,0.31999999999999984,92.0,7.999999999999996,368.0,48.123447103439254,1296,184,0.0
1937,184,16,92.0,3.68,0.31999999999999984,92.0,7.999999999999996,368.0,48.123447103439254,1297,184,0.0
1938,184,16,92.0,3.68,0.31999999999999984,92.0,7.999999999999996,368.0,48.123447103439254,1298,184,0.0
1939,184,16,92.0,3.68,0.31999999999999984,92.0,7.999999999999996,368.0,48.123447103439254,1298,184,0.0
1940,184,16,92.0,3.68,0.31999999999999984,92.0,7.999999999999996,368.0,48.123447103439254,1298,184,0.0
1941,185,15,92.5,3.7,0.2999999999999998,92.5,7.499999999999996,370.0,48.38498757682751,1300,185,2.0
1942,185,15,92.5,3.7,0.2999999999999998,92.5,7.499999999999996,370.0,48.38498757682751,1300,185,0.0
1943,185,15,92.5,3.7,0.2999999999999998,92.5,7.499999999999996,370.0,48.38498757682751,1300,185,0.0
1944,185,15,92.5,3.7,0.2999999999999998,92.5,7.499999999999996,370.0,48.38498757682751,1300,185,0.0
1945,185,15,92.5,3.7,0.2999999999999998,92.5,7.499999999999996,370.0,48.38498757682751,1300,185,0.0
1946,185,15,92.5,3.7,0.2999999999999998,92.5,7.499999999999996,370.0,48.38498757682751,1300,185,0.0
1947,185,15,92.5,3.7,0.2999999999999998,92.5,7.499999999999996,370.0,48.38498757682751,1300,185,0.0
1948,185,15,92.5,3.7,0.2999999999999998,92.5,7.499999999999996,370.0,48.38498757682751,1300,185,0.0
1949,185,15,92.5,3.7,0.2999999999999998,92.5,7.499999999999996,370.0,48.38498757682751,1300,185,0.0
1950,185,15,92.5,3.7,0.2999999999999998,92.5,7.499999999999996,370.0,48.38498757682751,1300,185,0.0
1951,185,15,92.5,3.7,0.2999999999999998,92.5,7.499999999999996,370.0,48.38498757682751,1300,185,0.0
1952,185,15,92.5,3.7,0.2999999999999998,92.5,7.499999999999996,370.0,48.38498757682751,1300,185,0.0
1953,185,15,92.5,3.7,0.2999999999999998,92.5,7.499999999999996,370.0,48.38498757682751,1300,185,0.0
1954,185,15,92.5,3.7,0.2999999999999998,92.5,7.499999999999996,370.0,48.38498757682751,1300,185,0.0
1955,185,15,92.5,3.7,0.2999999999999998,92.5,7.499999999999996,370.0,48.38498757682751,1300,185,0.0
1956,185,15,92.5,3.7,0.2999999999999998,92.5,7.499999999999996,370.0,48.38498757682751,1300,185,0.0
1957,185,15,92.5,3.7,0.2999999999999998,92.5,7.499999999999996,370.0,48.38498757682751,1300,185,0.0
1958,185,15,92.5,3.7,0.2999999999999998,92.5,7.499999999999996,370.0,48.38498757682751,1300,185,0.0
1959,185,15,92.5,3.7,0.2999999999999998,92.5,7.499999999999996,370.0,48.38498757682751,1300,185,0.0
1960,185,15,92.5,3.7,0.2999999999999998,92.5,7.499999999999996,370.0,48.38498757682751,1300,185,0.0
1961,185,15,92.5,3.7,0.2999999999999998,92.5,7.499999999999996,370.0,48.38498757682751,1300,185,0.0
1962,185,15,92.5,3.7,0.2999999999999998,92.5,7.499999999999996,370.0,48.38498757682751,1300,185,0.0
1963,185,15,92.5,3.7,0.2999999999999998,92.5,7.499999999999996,370.0,48.38498757682751,1300,185,0.0
1964,185,15,92.5,3.7,0.2999999999999998,92.5,7.499999999999996,370.0,48.38498757682751,1300,185,0.0
1965,185,15,92.5,3.7,0.2999999999999998,92.5,7.499999999999996,370.0,48.38498757682751,1300,185,0.0
1966,185,15,92.5,3.7,0.2999999999999998,92.5,7.499999999999996,370.0,48.38498757682751,1300,185,0.0
1967,185,15,92.5,3.7,0.2999999999999998,92.5,7.499999999999996,370.0,48.38498757682751,1300,185,0.0
1968,185,15,92.5,3.7,0.2999999999999998,92.5,7.499999999999996,370.0,48.38498757682751,1300,185,0.0
1969,185,15,92.5,3.7,0.2999999999999998,92.5,7.499999999999996,370.0,48.38498757682751,1300,185,0.0
1970,185,15,92.5,3.7,0.2999999999999998,92.5,7.499999999999996,370.0,48.38498757682751,1300,185,0.0
1971,185,15,92.5,3.7,0.2999999999999998,92.5,7.499999999999996,370.0,48.38498757682751,1300,185,0.0
1972,185,15,92.5,3.7,0.2999999999999998,92.5,7.499999999999996,370.0,48.38498757682751,1300,185,0.0
1973,185,15,92.5,3.7,0.2999999999999998,92.5,7.499999999999996,370.0,48.38498757682751,1300,185,0.0
1974,185,15,92.5,3.7,0.2999999999999998,92.5,7.499999999999996,370.0,48.38498757682751,1300,185,0.0
1975,185,15,92.5,3.7,0.2999999999999998,92.5,7.499999999999996,370.0,48.38498757682751,1300,185,0.0
1976,185,15,92.5,3.7,0.2999999999999998,92.5,7.499999999999996,370.0,48.38498757682751,1301,185,0.0
1977,185,15,92.5,3.7,0.2999999999999998,92.5,7.499999999999996,370.0,48.38498757682751,1302,185,0.0
1978,185,15,92.5,3.7,0.2999999999999998,92.5,7.499999999999996,370.0,48.38498757682751,1303,185,0.0
1979,185,15,92.5,3.7,0.2999999999999998,92.5,7.499999999999996,370.0,48.38498757682751,1303,185,0.0
1980,185,15,92.5,3.7,0.2999999999999998,92.5,7.499999999999996,370.0,48.38498757682751,1304,185,0.0
1981,185,15,92.5,3.7,0.2999999999999998,92.5,7.499999999999996,370.0,48.38498757682751,1305,185,0.0
1982,185,15,92.5,3.7,0.2999999999999998,92.5,7.499999999999996,370.0,48.38498757682751,1305,185,0.0
1983,185,15,92.5,3.7,0.2999999999999998,92.5,7.499999999999996,370.0,48.38498757682751,1305,185,0.0
1984,185,15,92.5,3.7,0.2999999999999998,92.5,7.499999999999996,370.0,48.38498757682751,1305,185,0.0
1985,185,15,92.5,3.7,0.2999999999999998,92.5,7.499999999999996,370.0,48.38498757682751,1305,185,0.0
1986,185,15,92.5,3.7,0.2999999999999998,92.5,7.499999999999996,370.0,48.38498757682751,1305,185,0.0
1987,185,15,92.5,3.7,0.2999999999999998,92.5,7.499999999999996,370.0,48.38498757682751,1305,185,0.0
1988,185,15,92.5,3.7,0.2999999999999998,92.5,7.499999999999996,370.0,48.38498757682751,1305,185,0.0
1989,185,15,92.5,3.7,0.2999999999999998,92.5,7.499999999999996,370.0,48.38498757682751,1305,185,0.0
1990,185,15,92.5,3.7,0.2999999999999998,92.5,7.499999999999996,370.0,48.38498757682751,1305,185,0.0
1991,185,15,92.5,3.7,0.2999999999999998,92.5,7.499999999999996,370.0,48.38498757682751,1305,185,0.0
1992,185,15,92.5,3.7,0.2999999999999998,92.5,7.499999999999996,370.0,48.38498757682751,1305,185,0.0
1993,185,15,92.5,3.7,0.2999999999999998,92.5,7.499999999999996,370.0,48.38498757682751,1305,185,0.0
1994,185,15,92.5,3.7,0.2999999999999998,92.5,7.499999999999996,370.0,48.38498757682751,1305,185,0.0
1995,185,15,92.5,3.7,0.2999999999999998,92.5,7.499999999999996,370.0,48.38498757682751,1305,185,0.0
1996,185,15,92.5,3.7,0.2999999999999998,92.5,7.499999999999996,370.0,48.38498757682751,1305,185,0.0
1997,185,15,92.5,3.7,0.2999999999999998,92.5,7.499999999999996,370.0,48.38498757682751,1305,185,0.0
1998,185,15,92.5,3.7,0.2999999999999998,92.5,7.499999999999996,370.0,48.38498757682751,1305,185,0.0
1999,185,15,92.5,3.7,0.2999999999999998,92.5,7.499999999999996,370.0,48.38498757682751,1305,185,0.0
2000,185,15,92.5,3.7,0.2999999999999998,92.5,7.499999999999996,370.0,48.38498757682751,1305,185,0.0
