step,n_adsorbed,n_free,percent_adsorbed,m_adsorbed_mg,m_free_mg,c_pdf_mg_l,c_remaining_mg_l,qt_mg_g,percent_qmax,n_contacts,n_adsorption_events,dqt_per_step
0,0,200,0.0,0.0,4.0,0.0,100.0,0.0,0.0,0,0,0.0
1,1,199,0.5,0.02,3.98,0.5,99.5,2.0,0.2615404733882568,1,1,2.0
2,2,198,1.0,0.04,3.96,1.0,99.0,4.0,0.5230809467765136,2,2,2.0
3,2,198,1.0,0.04,3.96,1.0,99.0,4.0,0.5230809467765136,2,2,0.0
4,3,197,1.5,0.06,3.94,1.5,98.5,6.0,0.7846214201647704,3,3,2.0
5,3,197,1.5,0.06,3.94,1.5,98.5,6.0,0.7846214201647704,3,3,0.0
6,5,195,2.5,0.1,3.9,2.5,97.5,10.0,1.3077023669412842,5,5,4.0
7,6,194,3.0,0.12,3.88,3.0,97.0,12.0,1.5692428403295409,6,6,2.0
8,6,194,3.0,0.12,3.88,3.0,97.0,12.0,1.5692428403295409,7,6,0.0
9,7,193,3.5000000000000004,0.14,3.86,3.5000000000000004,96.5,14.000000000000002,1.830783313717798,8,7,2.0000000000000018
10,8,192,4.0,0.16,3.84,4.0,96.0,16.0,2.0923237871060545,9,8,1.9999999999999982
11,9,191,4.5,0.18,3.82,4.5,95.5,18.0,2.3538642604943116,10,9,2.0
12,10,190,5.0,0.2,3.8,5.0,95.0,20.0,2.6154047338825683,12,10,2.0
13,11,189,5.5,0.22,3.78,5.5,94.5,22.0,2.876945207270825,13,11,2.0
14,11,189,5.5,0.22,3.78,5.5,94.5,22.0,2.876945207270825,14,11,0.0
15,12,188,6.0,0.24,3.76,6.0,93.99999999999999,24.0,3.1384856806590817,15,12,2.0
16,12,188,6.0,0.24,3.76,6.0,93.99999999999999,24.0,3.1384856806590817,15,12,0.0
17,12,188,6.0,0.24,3.76,6.0,93.99999999999999,24.0,3.1384856806590817,15,12,0.0
18,12,188,6.0,0.24,3.76,6.0,93.99999999999999,24.0,3.1384856806590817,15,12,0.0
19,12,188,6.0,0.24,3.76,6.0,93.99999999999999,24.0,3.1384856806590817,15,12,0.0
20,13,187,6.5,0.26,3.74,6.5,93.5,26.0,3.4000261540473384,16,13,2.0
21,13,187,6.5,0.26,3.74,6.5,93.5,26.0,3.4000261540473384,17,13,0.0
22,13,187,6.5,0.26,3.74,6.5,93.5,26.0,3.4000261540473384,18,13,0.0
23,14,186,7.000000000000001,0.28,3.7199999999999998,7.000000000000001,92.99999999999999,28.000000000000004,3.661566627435596,21,14,2.0000000000000036
24,15,185,7.5,0.3,3.7,7.5,92.5,30.0,3.923107100823852,23,15,1.9999999999999964
25,18,182,9.0,0.36,3.64,9.0,91.0,36.0,4.707728520988623,26,18,6.0
26,18,182,9.0,0.36,3.64,9.0,91.0,36.0,4.707728520988623,26,18,0.0
27,18,182,9.0,0.36,3.64,9.0,91.0,36.0,4.707728520988623,26,18,0.0
28,18,182,9.0,0.36,3.64,9.0,91.0,36.0,4.707728520988623,26,18,0.0
29,19,181,9.5,0.38,3.62,9.5,90.5,38.0,4.96926899437688,27,19,2.0
30,19,181,9.5,0.38,3.62,9.5,90.5,38.0,4.96926899437688,27,19,0.0
31,19,181,9.5,0.38,3.62,9.5,90.5,38.0,4.96926899437688,27,19,0.0
32,19,181,9.5,0.38,3.62,9.5,90.5,38.0,4.96926899437688,27,19,0.0
33,19,181,9.5,0.38,3.62,9.5,90.5,38.0,4.96926899437688,27,19,0.0
34,19,181,9.5,0.38,3.62,9.5,90.5,38.0,4.96926899437688,27,19,0.0
35,19,181,9.5,0.38,3.62,9.5,90.5,38.0,4.96926899437688,27,19,0.0
36,19,181,9.5,0.38,3.62,9.5,90.5,38.0,4.96926899437688,27,19,0.0
37,19,181,9.5,0.38,3.62,9.5,90.5,38.0,4.96926899437688,27,19,0.0
38,19,181,9.5,0.38,3.62,9.5,90.5,38.0,4.96926899437688,27,19,0.0
39,19,181,9.5,0.38,3.62,9.5,90.5,38.0,4.96926899437688,27,19,0.0
40,19,181,9.5,0.38,3.62,9.5,90.5,38.0,4.96926899437688,29,19,0.0
41,21,179,10.5,0.42,3.58,10.5,89.5,42.0,5.492349941153393,31,21,4.0
42,21,179,10.5,0.42,3.58,10.5,89.5,42.0,5.492349941153393,31,21,0.0
43,21,179,10.5,0.42,3.58,10.5,89.5,42.0,5.492349941153393,32,21,0.0
44,22,178,11.0,0.44,3.56,11.0,89.0,44.0,5.75389041454165,33,22,2.0
45,23,177,11.5,0.46,3.54,11.5,88.5,46.0,6.015430887929907,34,23,2.0
46,23,177,11.5,0.46,3.54,11.5,88.5,46.0,6.015430887929907,34,23,0.0
47,23,177,11.5,0.46,3.54,11.5,88.5,46.0,6.015430887929907,34,23,0.0
48,23,177,11.5,0.46,3.54,11.5,88.5,46.0,6.015430887929907,34,23,0.0
49,24,176,12.0,0.48,3.52,12.0,88.0,48.0,6.2769713613181635,35,24,2.0
50,24,176,12.0,0.48,3.52,12.0,88.0,48.0,6.2769713613181635,35,24,0.0
51,24,176,12.0,0.48,3.52,12.0,88.0,48.0,6.2769713613181635,35,24,0.0
52,24,176,12.0,0.48,3.52,12.0,88.0,48.0,6.2769713613181635,35,24,0.0
53,25,175,12.5,0.5,3.5,12.5,87.5,50.0,6.53851183470642,36,25,2.0
54,25,175,12.5,0.5,3.5,12.5,87.5,50.0,6.53851183470642,36,25,0.0
55,26,174,13.0,0.52,3.48,13.0,87.0,52.0,6.800052308094677,37,26,2.0
56,27,173,13.5,0.54,3.46,13.5,86.5,54.0,7.061592781482934,39,27,2.0
57,27,173,13.5,0.54,3.46,13.5,86.5,54.0,7.061592781482934,39,27,0.0
58,28,172,14.000000000000002,0.56,3.44,14.000000000000002,86.0,56.00000000000001,7.323133254871192,40,28,2.000000000000007
59,28,172,14.000000000000002,0.56,3.44,14.000000000000002,86.0,56.00000000000001,7.323133254871192,40,28,0.0
60,28,172,14.000000000000002,0.56,3.44,14.000000000000002,86.0,56.00000000000001,7.323133254871192,40,28,0.0
61,29,171,14.499999999999998,0.58,3.42,14.499999999999998,85.5,57.99999999999999,7.584673728259447,41,29,1.9999999999999858
62,29,171,14.499999999999998,0.58,3.42,14.499999999999998,85.5,57.99999999999999,7.584673728259447,41,29,0.0
63,31,169,15.5,0.62,3.38,15.5,84.5,62.0,8.107754675035961,43,31,4.000000000000007
64,32,168,16.0,0.64,3.36,16.0,84.0,64.0,8.369295148424218,44,32,2.0
65,36,164,18.0,0.72,3.2800000000000002,18.0,82.0,72.0,9.415457041977247,48,36,8.0
66,37,163,18.5,0.74,3.26,18.5,81.5,74.0,9.676997515365503,49,37,2.0
67,37,163,18.5,0.74,3.26,18.5,81.5,74.0,9.676997515365503,49,37,0.0
68,37,163,18.5,0.74,3.26,18.5,81.5,74.0,9.676997515365503,49,37,0.0
69,37,163,18.5,0.74,3.26,18.5,81.5,74.0,9.676997515365503,49,37,0.0
70,37,163,18.5,0.74,3.26,18.5,81.5,74.0,9.676997515365503,49,37,0.0
71,37,163,18.5,0.74,3.26,18.5,81.5,74.0,9.676997515365503,49,37,0.0
72,37,163,18.5,0.74,3.26,18.5,81.5,74.0,9.676997515365503,49,37,0.0
73,38,162,19.0,0.76,3.24,19.0,81.0,76.0,9.93853798875376,50,38,2.0
74,38,162,19.0,0.76,3.24,19.0,81.0,76.0,9.93853798875376,51,38,0.0
75,39,161,19.5,0.78,3.2199999999999998,19.5,80.49999999999999,78.0,10.200078462142017,52,39,2.0
76,41,159,20.5,0.8200000000000001,3.1799999999999997,20.5,79.49999999999999,82.0,10.72315940891853,54,41,4.0
77,41,159,20.5,0.8200000000000001,3.1799999999999997,20.5,79.49999999999999,82.0,10.72315940891853,55,41,0.0
78,41,159,20.5,0.8200000000000001,3.1799999999999997,20.5,79.49999999999999,82.0,10.72315940891853,57,41,0.0
79,42,158,21.0,0.84,3.16,21.0,79.0,84.0,10.984699882306787,59,42,2.0
80,43,157,21.5,0.86,3.14,21.5,78.5,86.0,11.246240355695043,60,43,2.0
81,45,155,22.5,0.9,3.1,22.5,77.5,90.0,11.769321302471557,62,45,4.0
82,46,154,23.0,0.92,3.08,23.0,77.0,92.0,12.030861775859814,63,46,2.0
83,46,154,23.0,0.92,3.08,23.0,77.0,92.0,12.030861775859814,63,46,0.0
84,46,154,23.0,0.92,3.08,23.0,77.0,92.0,12.030861775859814,64,46,0.0
85,47,153,23.5,0.9400000000000001,3.06,23.5,76.5,94.0,12.29240224924807,66,47,2.0
86,47,153,23.5,0.9400000000000001,3.06,23.5,76.5,94.0,12.29240224924807,66,47,0.0
87,49,151,24.5,0.98,3.02,24.5,75.5,98.0,12.815483196024585,68,49,4.0
88,50,150,25.0,1.0,3.0,25.0,75.0,100.0,13.07702366941284,69,50,2.0
89,50,150,25.0,1.0,3.0,25.0,75.0,100.0,13.07702366941284,69,50,0.0
90,52,148,26.0,1.04,2.96,26.0,74.0,104.0,13.600104616189354,71,52,4.0
91,53,147,26.5,1.06,2.94,26.5,73.5,106.0,13.861645089577612,72,53,2.0
92,53,147,26.5,1.06,2.94,26.5,73.5,106.0,13.861645089577612,72,53,0.0
93,53,147,26.5,1.06,2.94,26.5,73.5,106.0,13.861645089577612,72,53,0.0
94,53,147,26.5,1.06,2.94,26.5,73.5,106.0,13.861645089577612,72,53,0.0
95,53,147,26.5,1.06,2.94,26.5,73.5,106.0,13.861645089577612,72,53,0.0
96,54,146,27.0,1.08,2.92,27.0,73.0,108.0,14.123185562965867,73,54,2.0
97,54,146,27.0,1.08,2.92,27.0,73.0,108.0,14.123185562965867,73,54,0.0
98,54,146,27.0,1.08,2.92,27.0,73.0,108.0,14.123185562965867,73,54,0.0
99,54,146,27.0,1.08,2.92,27.0,73.0,108.0,14.123185562965867,73,54,0.0
100,54,146,27.0,1.08,2.92,27.0,73.0,108.0,14.123185562965867,73,54,0.0
101,54,146,27.0,1.08,2.92,27.0,73.0,108.0,14.123185562965867,74,54,0.0
102,55,145,27.500000000000004,1.1,2.9,27.5,72.5,110.0,14.384726036354126,75,55,2.0
103,55,145,27.500000000000004,1.1,2.9,27.5,72.5,110.0,14.384726036354126,75,55,0.0
104,55,145,27.500000000000004,1.1,2.9,27.5,72.5,110.0,14.384726036354126,75,55,0.0
105,55,145,27.500000000000004,1.1,2.9,27.5,72.5,110.0,14.384726036354126,76,55,0.0
106,56,144,28.000000000000004,1.12,2.88,28.000000000000004,72.0,112.00000000000001,14.646266509742384,77,56,2.000000000000014
107,56,144,28.000000000000004,1.12,2.88,28.000000000000004,72.0,112.00000000000001,14.646266509742384,77,56,0.0
108,57,143,28.499999999999996,1.1400000000000001,2.86,28.500000000000004,71.5,114.00000000000001,14.907806983130639,78,57,2.0
109,58,142,28.999999999999996,1.16,2.84,28.999999999999996,71.0,115.99999999999999,15.169347456518894,79,58,1.9999999999999716
110,58,142,28.999999999999996,1.16,2.84,28.999999999999996,71.0,115.99999999999999,15.169347456518894,79,58,0.0
111,59,141,29.5,1.18,2.8200000000000003,29.499999999999996,70.5,117.99999999999999,15.43088792990715,80,59,2.0
112,59,141,29.5,1.18,2.8200000000000003,29.499999999999996,70.5,117.99999999999999,15.43088792990715,80,59,0.0
113,60,140,30.0,1.2,2.8,30.0,70.0,120.0,15.692428403295407,81,60,2.000000000000014
114,60,140,30.0,1.2,2.8,30.0,70.0,120.0,15.692428403295407,81,60,0.0
115,60,140,30.0,1.2,2.8,30.0,70.0,120.0,15.692428403295407,81,60,0.0
116,60,140,30.0,1.2,2.8,30.0,70.0,120.0,15.692428403295407,81,60,0.0
117,61,139,30.5,1.22,2.7800000000000002,30.5,69.5,122.0,15.953968876683666,82,61,2.0
118,62,138,31.0,1.24,2.76,31.0,69.0,124.0,16.215509350071923,83,62,2.0
119,62,138,31.0,1.24,2.76,31.0,69.0,124.0,16.215509350071923,83,62,0.0
120,62,138,31.0,1.24,2.76,31.0,69.0,124.0,16.215509350071923,83,62,0.0
121,62,138,31.0,1.24,2.76,31.0,69.0,124.0,16.215509350071923,83,62,0.0
122,63,137,31.5,1.26,2.74,31.5,68.5,126.0,16.47704982346018,84,63,2.0
123,63,137,31.5,1.26,2.74,31.5,68.5,126.0,16.47704982346018,84,63,0.0
124,63,137,31.5,1.26,2.74,31.5,68.5,126.0,16.47704982346018,84,63,0.0
125,64,136,32.0,1.28,2.7199999999999998,32.0,67.99999999999999,128.0,16.738590296848436,85,64,2.0
126,64,136,32.0,1.28,2.7199999999999998,32.0,67.99999999999999,128.0,16.738590296848436,85,64,0.0
127,64,136,32.0,1.28,2.7199999999999998,32.0,67.99999999999999,128.0,16.738590296848436,85,64,0.0
128,66,134,33.0,1.32,2.6799999999999997,33.0,66.99999999999999,132.0,17.26167124362495,87,66,4.0
129,66,134,33.0,1.32,2.6799999999999997,33.0,66.99999999999999,132.0,17.26167124362495,87,66,0.0
130,66,134,33.0,1.32,2.6799999999999997,33.0,66.99999999999999,132.0,17.26167124362495,87,66,0.0
131,67,133,33.5,1.34,2.66,33.5,66.5,134.0,17.523211717013208,88,67,2.0
132,68,132,34.0,1.36,2.6399999999999997,34.0,65.99999999999999,136.0,17.784752190401466,90,68,2.0
133,69,131,34.5,1.3800000000000001,2.62,34.5,65.5,138.0,18.04629266378972,92,69,2.0
134,69,131,34.5,1.3800000000000001,2.62,34.5,65.5,138.0,18.04629266378972,92,69,0.0
135,69,131,34.5,1.3800000000000001,2.62,34.5,65.5,138.0,18.04629266378972,93,69,0.0
136,70,130,35.0,1.4000000000000001,2.5999999999999996,35.0,64.99999999999999,140.0,18.30783313717798,94,70,2.0
137,71,129,35.5,1.42,2.58,35.5,64.5,142.0,18.569373610566235,95,71,2.0
138,71,129,35.5,1.42,2.58,35.5,64.5,142.0,18.569373610566235,95,71,0.0
139,71,129,35.5,1.42,2.58,35.5,64.5,142.0,18.569373610566235,95,71,0.0
140,71,129,35.5,1.42,2.58,35.5,64.5,142.0,18.569373610566235,95,71,0.0
141,71,129,35.5,1.42,2.58,35.5,64.5,142.0,18.569373610566235,95,71,0.0
142,71,129,35.5,1.42,2.58,35.5,64.5,142.0,18.569373610566235,95,71,0.0
143,71,129,35.5,1.42,2.58,35.5,64.5,142.0,18.569373610566235,95,71,0.0
144,71,129,35.5,1.42,2.58,35.5,64.5,142.0,18.569373610566235,95,71,0.0
145,71,129,35.5,1.42,2.58,35.5,64.5,142.0,18.569373610566235,95,71,0.0
146,71,129,35.5,1.42,2.58,35.5,64.5,142.0,18.569373610566235,95,71,0.0
147,71,129,35.5,1.42,2.58,35.5,64.5,142.0,18.569373610566235,95,71,0.0
148,71,129,35.5,1.42,2.58,35.5,64.5,142.0,18.569373610566235,95,71,0.0
149,71,129,35.5,1.42,2.58,35.5,64.5,142.0,18.569373610566235,95,71,0.0
150,71,129,35.5,1.42,2.58,35.5,64.5,142.0,18.569373610566235,95,71,0.0
151,71,129,35.5,1.42,2.58,35.5,64.5,142.0,18.569373610566235,95,71,0.0
152,71,129,35.5,1.42,2.58,35.5,64.5,142.0,18.569373610566235,95,71,0.0
153,71,129,35.5,1.42,2.58,35.5,64.5,142.0,18.569373610566235,95,71,0.0
154,72,128,36.0,1.44,2.56,36.0,64.0,144.0,18.830914083954493,96,72,2.0
155,74,126,37.0,1.48,2.52,37.0,63.0,148.0,19.353995030731006,98,74,4.0
156,75,125,37.5,1.5,2.5,37.5,62.5,150.0,19.61553550411926,99,75,2.0
157,75,125,37.5,1.5,2.5,37.5,62.5,150.0,19.61553550411926,99,75,0.0
158,75,125,37.5,1.5,2.5,37.5,62.5,150.0,19.61553550411926,99,75,0.0
159,76,124,38.0,1.52,2.48,38.0,62.0,152.0,19.87707597750752,100,76,2.0
160,76,124,38.0,1.52,2.48,38.0,62.0,152.0,19.87707597750752,100,76,0.0
161,77,123,38.5,1.54,2.46,38.5,61.5,154.0,20.138616450895775,101,77,2.0
162,77,123,38.5,1.54,2.46,38.5,61.5,154.0,20.138616450895775,101,77,0.0
163,77,123,38.5,1.54,2.46,38.5,61.5,154.0,20.138616450895775,101,77,0.0
164,77,123,38.5,1.54,2.46,38.5,61.5,154.0,20.138616450895775,101,77,0.0
165,77,123,38.5,1.54,2.46,38.5,61.5,154.0,20.138616450895775,101,77,0.0
166,77,123,38.5,1.54,2.46,38.5,61.5,154.0,20.138616450895775,101,77,0.0
167,77,123,38.5,1.54,2.46,38.5,61.5,154.0,20.138616450895775,101,77,0.0
168,77,123,38.5,1.54,2.46,38.5,61.5,154.0,20.138616450895775,101,77,0.0
169,77,123,38.5,1.54,2.46,38.5,61.5,154.0,20.138616450895775,101,77,0.0
170,77,123,38.5,1.54,2.46,38.5,61.5,154.0,20.138616450895775,101,77,0.0
171,77,123,38.5,1.54,2.46,38.5,61.5,154.0,20.138616450895775,103,77,0.0
172,77,123,38.5,1.54,2.46,38.5,61.5,154.0,20.138616450895775,103,77,0.0
173,78,122,39.0,1.56,2.44,39.0,61.0,156.0,20.400156924284033,105,78,2.0
174,78,122,39.0,1.56,2.44,39.0,61.0,156.0,20.400156924284033,105,78,0.0
175,79,121,39.5,1.58,2.42,39.5,60.5,158.0,20.661697397672288,106,79,2.0
176,79,121,39.5,1.58,2.42,39.5,60.5,158.0,20.661697397672288,106,79,0.0
177,79,121,39.5,1.58,2.42,39.5,60.5,158.0,20.661697397672288,106,79,0.0
178,79,121,39.5,1.58,2.42,39.5,60.5,158.0,20.661697397672288,106,79,0.0
179,79,121,39.5,1.58,2.42,39.5,60.5,158.0,20.661697397672288,106,79,0.0
180,80,120,40.0,1.6,2.4,40.0,60.0,160.0,20.923237871060547,107,80,2.0
181,80,120,40.0,1.6,2.4,40.0,60.0,160.0,20.923237871060547,107,80,0.0
182,80,120,40.0,1.6,2.4,40.0,60.0,160.0,20.923237871060547,107,80,0.0
183,80,120,40.0,1.6,2.4,40.0,60.0,160.0,20.923237871060547,107,80,0.0
184,80,120,40.0,1.6,2.4,40.0,60.0,160.0,20.923237871060547,108,80,0.0
185,82,118,41.0,1.6400000000000001,2.36,41.0,58.99999999999999,164.0,21.44631881783706,111,82,4.0
186,82,118,41.0,1.6400000000000001,2.36,41.0,58.99999999999999,164.0,21.44631881783706,112,82,0.0
187,82,118,41.0,1.6400000000000001,2.36,41.0,58.99999999999999,164.0,21.44631881783706,113,82,0.0
188,82,118,41.0,1.6400000000000001,2.36,41.0,58.99999999999999,164.0,21.44631881783706,114,82,0.0
189,82,118,41.0,1.6400000000000001,2.36,41.0,58.99999999999999,164.0,21.44631881783706,114,82,0.0
190,82,118,41.0,1.6400000000000001,2.36,41.0,58.99999999999999,164.0,21.44631881783706,115,82,0.0
191,82,118,41.0,1.6400000000000001,2.36,41.0,58.99999999999999,164.0,21.44631881783706,115,82,0.0
192,82,118,41.0,1.6400000000000001,2.36,41.0,58.99999999999999,164.0,21.44631881783706,115,82,0.0
193,82,118,41.0,1.6400000000000001,2.36,41.0,58.99999999999999,164.0,21.44631881783706,115,82,0.0
194,82,118,41.0,1.6400000000000001,2.36,41.0,58.99999999999999,164.0,21.44631881783706,115,82,0.0
195,82,118,41.0,1.6400000000000001,2.36,41.0,58.99999999999999,164.0,21.44631881783706,117,82,0.0
196,83,117,41.5,1.6600000000000001,2.34,41.5,58.49999999999999,166.0,21.707859291225315,118,83,2.0
197,83,117,41.5,1.6600000000000001,2.34,41.5,58.49999999999999,166.0,21.707859291225315,118,83,0.0
198,83,117,41.5,1.6600000000000001,2.34,41.5,58.49999999999999,166.0,21.707859291225315,118,83,0.0
199,83,117,41.5,1.6600000000000001,2.34,41.5,58.49999999999999,166.0,21.707859291225315,119,83,0.0
200,83,117,41.5,1.6600000000000001,2.34,41.5,58.49999999999999,166.0,21.707859291225315,119,83,0.0
201,84,116,42.0,1.68,2.3200000000000003,42.0,58.00000000000001,168.0,21.969399764613573,120,84,2.0
202,84,116,42.0,1.68,2.3200000000000003,42.0,58.00000000000001,168.0,21.969399764613573,121,84,0.0
203,84,116,42.0,1.68,2.3200000000000003,42.0,58.00000000000001,168.0,21.969399764613573,121,84,0.0
204,84,116,42.0,1.68,2.3200000000000003,42.0,58.00000000000001,168.0,21.969399764613573,121,84,0.0
205,84,116,42.0,1.68,2.3200000000000003,42.0,58.00000000000001,168.0,21.969399764613573,122,84,0.0
206,86,114,43.0,1.72,2.2800000000000002,43.0,57.00000000000001,172.0,22.492480711390087,124,86,4.0
207,86,114,43.0,1.72,2.2800000000000002,43.0,57.00000000000001,172.0,22.492480711390087,124,86,0.0
208,87,113,43.5,1.74,2.26,43.5,56.49999999999999,174.0,22.754021184778342,125,87,2.0
209,87,113,43.5,1.74,2.26,43.5,56.49999999999999,174.0,22.754021184778342,125,87,0.0
210,87,113,43.5,1.74,2.26,43.5,56.49999999999999,174.0,22.754021184778342,125,87,0.0
211,88,112,44.0,1.76,2.24,44.0,56.00000000000001,176.0,23.0155616581666,126,88,2.0
212,88,112,44.0,1.76,2.24,44.0,56.00000000000001,176.0,23.0155616581666,126,88,0.0
213,88,112,44.0,1.76,2.24,44.0,56.00000000000001,176.0,23.0155616581666,126,88,0.0
214,88,112,44.0,1.76,2.24,44.0,56.00000000000001,176.0,23.0155616581666,126,88,0.0
215,88,112,44.0,1.76,2.24,44.0,56.00000000000001,176.0,23.0155616581666,126,88,0.0
216,88,112,44.0,1.76,2.24,44.0,56.00000000000001,176.0,23.0155616581666,126,88,0.0
217,88,112,44.0,1.76,2.24,44.0,56.00000000000001,176.0,23.0155616581666,126,88,0.0
218,88,112,44.0,1.76,2.24,44.0,56.00000000000001,176.0,23.0155616581666,126,88,0.0
219,89,111,44.5,1.78,2.2199999999999998,44.5,55.49999999999999,178.0,23.277102131554855,127,89,2.0
220,89,111,44.5,1.78,2.2199999999999998,44.5,55.49999999999999,178.0,23.277102131554855,127,89,0.0
221,89,111,44.5,1.78,2.2199999999999998,44.5,55.49999999999999,178.0,23.277102131554855,127,89,0.0
222,89,111,44.5,1.78,2.2199999999999998,44.5,55.49999999999999,178.0,23.277102131554855,127,89,0.0
223,90,110,45.0,1.8,2.2,45.0,55.0,180.0,23.538642604943114,128,90,2.0
224,90,110,45.0,1.8,2.2,45.0,55.0,180.0,23.538642604943114,128,90,0.0
225,90,110,45.0,1.8,2.2,45.0,55.0,180.0,23.538642604943114,129,90,0.0
226,90,110,45.0,1.8,2.2,45.0,55.0,180.0,23.538642604943114,131,90,0.0
227,90,110,45.0,1.8,2.2,45.0,55.0,180.0,23.538642604943114,132,90,0.0
228,90,110,45.0,1.8,2.2,45.0,55.0,180.0,23.538642604943114,134,90,0.0
229,90,110,45.0,1.8,2.2,45.0,55.0,180.0,23.538642604943114,135,90,0.0
230,91,109,45.5,1.82,2.1799999999999997,45.5,54.49999999999999,182.0,23.800183078331372,137,91,2.0
231,91,109,45.5,1.82,2.1799999999999997,45.5,54.49999999999999,182.0,23.800183078331372,138,91,0.0
232,92,108,46.0,1.84,2.16,46.0,54.0,184.0,24.061723551719627,140,92,2.0
233,93,107,46.5,1.86,2.1399999999999997,46.5,53.49999999999999,186.0,24.323264025107886,141,93,2.0
234,94,106,47.0,1.8800000000000001,2.12,47.0,53.0,188.0,24.58480449849614,142,94,2.0
235,94,106,47.0,1.8800000000000001,2.12,47.0,53.0,188.0,24.58480449849614,142,94,0.0
236,94,106,47.0,1.8800000000000001,2.12,47.0,53.0,188.0,24.58480449849614,142,94,0.0
237,94,106,47.0,1.8800000000000001,2.12,47.0,53.0,188.0,24.58480449849614,143,94,0.0
238,95,105,47.5,1.9000000000000001,2.0999999999999996,47.5,52.49999999999999,190.0,24.8463449718844,144,95,2.0
239,96,104,48.0,1.92,2.08,48.0,52.0,192.0,25.107885445272654,145,96,2.0
240,96,104,48.0,1.92,2.08,48.0,52.0,192.0,25.107885445272654,146,96,0.0
241,96,104,48.0,1.92,2.08,48.0,52.0,192.0,25.107885445272654,147,96,0.0
242,97,103,48.5,1.94,2.06,48.5,51.5,194.0,25.36942591866091,149,97,2.0
243,97,103,48.5,1.94,2.06,48.5,51.5,194.0,25.36942591866091,149,97,0.0
244,97,103,48.5,1.94,2.06,48.5,51.5,194.0,25.36942591866091,149,97,0.0
245,97,103,48.5,1.94,2.06,48.5,51.5,194.0,25.36942591866091,149,97,0.0
246,98,102,49.0,1.96,2.04,49.0,51.0,196.0,25.63096639204917,150,98,2.0
247,98,102,49.0,1.96,2.04,49.0,51.0,196.0,25.63096639204917,150,98,0.0
248,98,102,49.0,1.96,2.04,49.0,51.0,196.0,25.63096639204917,150,98,0.0
249,98,102,49.0,1.96,2.04,49.0,51.0,196.0,25.63096639204917,150,98,0.0
250,98,102,49.0,1.96,2.04,49.0,51.0,196.0,25.63096639204917,151,98,0.0
251,98,102,49.0,1.96,2.04,49.0,51.0,196.0,25.63096639204917,151,98,0.0
252,98,102,49.0,1.96,2.04,49.0,51.0,196.0,25.63096639204917,151,98,0.0
253,99,101,49.5,1.98,2.02,49.5,50.5,198.0,25.892506865437426,152,99,2.0
254,99,101,49.5,1.98,2.02,49.5,50.5,198.0,25.892506865437426,152,99,0.0
255,100,100,50.0,2.0,2.0,50.0,50.0,200.0,26.15404733882568,153,100,2.0
256,100,100,50.0,2.0,2.0,50.0,50.0,200.0,26.15404733882568,153,100,0.0
257,100,100,50.0,2.0,2.0,50.0,50.0,200.0,26.15404733882568,154,100,0.0
258,101,99,50.5,2.02,1.98,50.5,49.5,202.0,26.415587812213936,156,101,2.0
259,101,99,50.5,2.02,1.98,50.5,49.5,202.0,26.415587812213936,156,101,0.0
260,101,99,50.5,2.02,1.98,50.5,49.5,202.0,26.415587812213936,156,101,0.0
261,101,99,50.5,2.02,1.98,50.5,49.5,202.0,26.415587812213936,156,101,0.0
262,102,98,51.0,2.04,1.96,51.0,49.0,204.0,26.677128285602198,157,102,2.0
263,102,98,51.0,2.04,1.96,51.0,49.0,204.0,26.677128285602198,157,102,0.0
264,102,98,51.0,2.04,1.96,51.0,49.0,204.0,26.677128285602198,157,102,0.0
265,102,98,51.0,2.04,1.96,51.0,49.0,204.0,26.677128285602198,157,102,0.0
266,102,98,51.0,2.04,1.96,51.0,49.0,204.0,26.677128285602198,157,102,0.0
267,102,98,51.0,2.04,1.96,51.0,49.0,204.0,26.677128285602198,157,102,0.0
268,102,98,51.0,2.04,1.96,51.0,49.0,204.0,26.677128285602198,157,102,0.0
269,102,98,51.0,2.04,1.96,51.0,49.0,204.0,26.677128285602198,157,102,0.0
270,102,98,51.0,2.04,1.96,51.0,49.0,204.0,26.677128285602198,158,102,0.0
271,103,97,51.5,2.06,1.94,51.5,48.5,206.0,26.938668758990453,159,103,2.0
272,103,97,51.5,2.06,1.94,51.5,48.5,206.0,26.938668758990453,159,103,0.0
273,103,97,51.5,2.06,1.94,51.5,48.5,206.0,26.938668758990453,159,103,0.0
274,103,97,51.5,2.06,1.94,51.5,48.5,206.0,26.938668758990453,159,103,0.0
275,104,96,52.0,2.08,1.92,52.0,48.0,208.0,27.200209232378707,160,104,2.0
276,104,96,52.0,2.08,1.92,52.0,48.0,208.0,27.200209232378707,160,104,0.0
277,104,96,52.0,2.08,1.92,52.0,48.0,208.0,27.200209232378707,160,104,0.0
278,104,96,52.0,2.08,1.92,52.0,48.0,208.0,27.200209232378707,160,104,0.0
279,104,96,52.0,2.08,1.92,52.0,48.0,208.0,27.200209232378707,160,104,0.0
280,105,95,52.5,2.1,1.9,52.5,47.5,210.0,27.461749705766962,161,105,2.0
281,105,95,52.5,2.1,1.9,52.5,47.5,210.0,27.461749705766962,161,105,0.0
282,105,95,52.5,2.1,1.9,52.5,47.5,210.0,27.461749705766962,161,105,0.0
283,106,94,53.0,2.12,1.88,53.0,46.99999999999999,212.0,27.723290179155224,162,106,2.0
284,106,94,53.0,2.12,1.88,53.0,46.99999999999999,212.0,27.723290179155224,162,106,0.0
285,106,94,53.0,2.12,1.88,53.0,46.99999999999999,212.0,27.723290179155224,163,106,0.0
286,106,94,53.0,2.12,1.88,53.0,46.99999999999999,212.0,27.723290179155224,165,106,0.0
287,107,93,53.5,2.14,1.8599999999999999,53.5,46.49999999999999,214.0,27.98483065254348,166,107,2.0
288,107,93,53.5,2.14,1.8599999999999999,53.5,46.49999999999999,214.0,27.98483065254348,166,107,0.0
289,108,92,54.0,2.16,1.8399999999999999,54.0,45.99999999999999,216.0,28.246371125931734,167,108,2.0
290,108,92,54.0,2.16,1.8399999999999999,54.0,45.99999999999999,216.0,28.246371125931734,167,108,0.0
291,108,92,54.0,2.16,1.8399999999999999,54.0,45.99999999999999,216.0,28.246371125931734,167,108,0.0
292,108,92,54.0,2.16,1.8399999999999999,54.0,45.99999999999999,216.0,28.246371125931734,167,108,0.0
293,108,92,54.0,2.16,1.8399999999999999,54.0,45.99999999999999,216.0,28.246371125931734,167,108,0.0
294,109,91,54.50000000000001,2.18,1.8199999999999998,54.5,45.49999999999999,218.0,28.50791159931999,168,109,2.0
295,110,90,55.00000000000001,2.2,1.7999999999999998,55.0,44.99999999999999,220.0,28.76945207270825,169,110,2.0
296,110,90,55.00000000000001,2.2,1.7999999999999998,55.0,44.99999999999999,220.0,28.76945207270825,169,110,0.0
297,110,90,55.00000000000001,2.2,1.7999999999999998,55.0,44.99999999999999,220.0,28.76945207270825,169,110,0.0
298,110,90,55.00000000000001,2.2,1.7999999999999998,55.0,44.99999999999999,220.0,28.76945207270825,169,110,0.0
299,110,90,55.00000000000001,2.2,1.7999999999999998,55.0,44.99999999999999,220.0,28.76945207270825,169,110,0.0
300,110,90,55.00000000000001,2.2,1.7999999999999998,55.0,44.99999999999999,220.0,28.76945207270825,169,110,0.0
301,112,88,56.00000000000001,2.24,1.7599999999999998,56.00000000000001,43.99999999999999,224.00000000000003,29.292533019484768,171,112,4.000000000000028
302,113,87,56.49999999999999,2.2600000000000002,1.7399999999999998,56.50000000000001,43.49999999999999,226.00000000000003,29.554073492873023,172,113,2.0
303,113,87,56.49999999999999,2.2600000000000002,1.7399999999999998,56.50000000000001,43.49999999999999,226.00000000000003,29.554073492873023,173,113,0.0
304,113,87,56.49999999999999,2.2600000000000002,1.7399999999999998,56.50000000000001,43.49999999999999,226.00000000000003,29.554073492873023,174,113,0.0
305,115,85,57.49999999999999,2.3000000000000003,1.6999999999999997,57.50000000000001,42.49999999999999,230.00000000000003,30.07715443964954,176,115,4.0
306,115,85,57.49999999999999,2.3000000000000003,1.6999999999999997,57.50000000000001,42.49999999999999,230.00000000000003,30.07715443964954,176,115,0.0
307,115,85,57.49999999999999,2.3000000000000003,1.6999999999999997,57.50000000000001,42.49999999999999,230.00000000000003,30.07715443964954,176,115,0.0
308,115,85,57.49999999999999,2.3000000000000003,1.6999999999999997,57.50000000000001,42.49999999999999,230.00000000000003,30.07715443964954,176,115,0.0
309,115,85,57.49999999999999,2.3000000000000003,1.6999999999999997,57.50000000000001,42.49999999999999,230.00000000000003,30.07715443964954,176,115,0.0
310,115,85,57.49999999999999,2.3000000000000003,1.6999999999999997,57.50000000000001,42.49999999999999,230.00000000000003,30.07715443964954,176,115,0.0
311,115,85,57.49999999999999,2.3000000000000003,1.6999999999999997,57.50000000000001,42.49999999999999,230.00000000000003,30.07715443964954,176,115,0.0
312,115,85,57.49999999999999,2.3000000000000003,1.6999999999999997,57.50000000000001,42.49999999999999,230.00000000000003,30.07715443964954,176,115,0.0
313,115,85,57.49999999999999,2.3000000000000003,1.6999999999999997,57.50000000000001,42.49999999999999,230.00000000000003,30.07715443964954,176,115,0.0
314,116,84,57.99999999999999,2.32,1.6800000000000002,57.99999999999999,42.0,231.99999999999997,30.338694913037788,177,116,1.9999999999999432
315,116,84,57.99999999999999,2.32,1.6800000000000002,57.99999999999999,42.0,231.99999999999997,30.338694913037788,177,116,0.0
316,116,84,57.99999999999999,2.32,1.6800000000000002,57.99999999999999,42.0,231.99999999999997,30.338694913037788,177,116,0.0
317,116,84,57.99999999999999,2.32,1.6800000000000002,57.99999999999999,42.0,231.99999999999997,30.338694913037788,177,116,0.0
318,116,84,57.99999999999999,2.32,1.6800000000000002,57.99999999999999,42.0,231.99999999999997,30.338694913037788,177,116,0.0
319,116,84,57.99999999999999,2.32,1.6800000000000002,57.99999999999999,42.0,231.99999999999997,30.338694913037788,177,116,0.0
320,116,84,57.99999999999999,2.32,1.6800000000000002,57.99999999999999,42.0,231.99999999999997,30.338694913037788,177,116,0.0
321,116,84,57.99999999999999,2.32,1.6800000000000002,57.99999999999999,42.0,231.99999999999997,30.338694913037788,177,116,0.0
322,116,84,57.99999999999999,2.32,1.6800000000000002,57.99999999999999,42.0,231.99999999999997,30.338694913037788,177,116,0.0
323,116,84,57.99999999999999,2.32,1.6800000000000002,57.99999999999999,42.0,231.99999999999997,30.338694913037788,178,116,0.0
324,118,82,59.0,2.36,1.6400000000000001,58.99999999999999,41.0,235.99999999999997,30.8617758598143,180,118,4.0
325,118,82,59.0,2.36,1.6400000000000001,58.99999999999999,41.0,235.99999999999997,30.8617758598143,180,118,0.0
326,118,82,59.0,2.36,1.6400000000000001,58.99999999999999,41.0,235.99999999999997,30.8617758598143,180,118,0.0
327,118,82,59.0,2.36,1.6400000000000001,58.99999999999999,41.0,235.99999999999997,30.8617758598143,180,118,0.0
328,118,82,59.0,2.36,1.6400000000000001,58.99999999999999,41.0,235.99999999999997,30.8617758598143,181,118,0.0
329,118,82,59.0,2.36,1.6400000000000001,58.99999999999999,41.0,235.99999999999997,30.8617758598143,181,118,0.0
330,118,82,59.0,2.36,1.6400000000000001,58.99999999999999,41.0,235.99999999999997,30.8617758598143,181,118,0.0
331,118,82,59.0,2.36,1.6400000000000001,58.99999999999999,41.0,235.99999999999997,30.8617758598143,181,118,0.0
332,118,82,59.0,2.36,1.6400000000000001,58.99999999999999,41.0,235.99999999999997,30.8617758598143,181,118,0.0
333,118,82,59.0,2.36,1.6400000000000001,58.99999999999999,41.0,235.99999999999997,30.8617758598143,181,118,0.0
334,119,81,59.5,2.38,1.62,59.49999999999999,40.5,237.99999999999997,31.123316333202556,183,119,2.0
335,119,81,59.5,2.38,1.62,59.49999999999999,40.5,237.99999999999997,31.123316333202556,183,119,0.0
336,119,81,59.5,2.38,1.62,59.49999999999999,40.5,237.99999999999997,31.123316333202556,183,119,0.0
337,119,81,59.5,2.38,1.62,59.49999999999999,40.5,237.99999999999997,31.123316333202556,183,119,0.0
338,119,81,59.5,2.38,1.62,59.49999999999999,40.5,237.99999999999997,31.123316333202556,183,119,0.0
339,119,81,59.5,2.38,1.62,59.49999999999999,40.5,237.99999999999997,31.123316333202556,183,119,0.0
340,119,81,59.5,2.38,1.62,59.49999999999999,40.5,237.99999999999997,31.123316333202556,183,119,0.0
341,119,81,59.5,2.38,1.62,59.49999999999999,40.5,237.99999999999997,31.123316333202556,183,119,0.0
342,119,81,59.5,2.38,1.62,59.49999999999999,40.5,237.99999999999997,31.123316333202556,183,119,0.0
343,119,81,59.5,2.38,1.62,59.49999999999999,40.5,237.99999999999997,31.123316333202556,184,119,0.0
344,119,81,59.5,2.38,1.62,59.49999999999999,40.5,237.99999999999997,31.123316333202556,185,119,0.0
345,119,81,59.5,2.38,1.62,59.49999999999999,40.5,237.99999999999997,31.123316333202556,186,119,0.0
346,119,81,59.5,2.38,1.62,59.49999999999999,40.5,237.99999999999997,31.123316333202556,187,119,0.0
347,120,80,60.0,2.4,1.6,60.0,40.0,240.0,31.384856806590815,189,120,2.0000000000000284
348,120,80,60.0,2.4,1.6,60.0,40.0,240.0,31.384856806590815,190,120,0.0
349,120,80,60.0,2.4,1.6,60.0,40.0,240.0,31.384856806590815,191,120,0.0
350,120,80,60.0,2.4,1.6,60.0,40.0,240.0,31.384856806590815,192,120,0.0
351,120,80,60.0,2.4,1.6,60.0,40.0,240.0,31.384856806590815,192,120,0.0
352,120,80,60.0,2.4,1.6,60.0,40.0,240.0,31.384856806590815,192,120,0.0
353,120,80,60.0,2.4,1.6,60.0,40.0,240.0,31.384856806590815,194,120,0.0
354,121,79,60.5,2.42,1.58,60.5,39.5,242.0,31.646397279979077,195,121,2.0
355,121,79,60.5,2.42,1.58,60.5,39.5,242.0,31.646397279979077,196,121,0.0
356,121,79,60.5,2.42,1.58,60.5,39.5,242.0,31.646397279979077,197,121,0.0
357,121,79,60.5,2.42,1.58,60.5,39.5,242.0,31.646397279979077,198,121,0.0
358,121,79,60.5,2.42,1.58,60.5,39.5,242.0,31.646397279979077,198,121,0.0
359,122,78,61.0,2.44,1.56,61.0,39.0,244.0,31.90793775336733,199,122,2.0
360,122,78,61.0,2.44,1.56,61.0,39.0,244.0,31.90793775336733,200,122,0.0
361,122,78,61.0,2.44,1.56,61.0,39.0,244.0,31.90793775336733,200,122,0.0
362,122,78,61.0,2.44,1.56,61.0,39.0,244.0,31.90793775336733,200,122,0.0
363,122,78,61.0,2.44,1.56,61.0,39.0,244.0,31.90793775336733,200,122,0.0
364,122,78,61.0,2.44,1.56,61.0,39.0,244.0,31.90793775336733,200,122,0.0
365,122,78,61.0,2.44,1.56,61.0,39.0,244.0,31.90793775336733,200,122,0.0
366,122,78,61.0,2.44,1.56,61.0,39.0,244.0,31.90793775336733,200,122,0.0
367,123,77,61.5,2.46,1.54,61.5,38.5,246.0,32.16947822675559,201,123,2.0
368,123,77,61.5,2.46,1.54,61.5,38.5,246.0,32.16947822675559,201,123,0.0
369,123,77,61.5,2.46,1.54,61.5,38.5,246.0,32.16947822675559,201,123,0.0
370,123,77,61.5,2.46,1.54,61.5,38.5,246.0,32.16947822675559,201,123,0.0
371,123,77,61.5,2.46,1.54,61.5,38.5,246.0,32.16947822675559,201,123,0.0
372,123,77,61.5,2.46,1.54,61.5,38.5,246.0,32.16947822675559,201,123,0.0
373,123,77,61.5,2.46,1.54,61.5,38.5,246.0,32.16947822675559,201,123,0.0
374,123,77,61.5,2.46,1.54,61.5,38.5,246.0,32.16947822675559,201,123,0.0
375,123,77,61.5,2.46,1.54,61.5,38.5,246.0,32.16947822675559,201,123,0.0
376,123,77,61.5,2.46,1.54,61.5,38.5,246.0,32.16947822675559,201,123,0.0
377,123,77,61.5,2.46,1.54,61.5,38.5,246.0,32.16947822675559,201,123,0.0
378,123,77,61.5,2.46,1.54,61.5,38.5,246.0,32.16947822675559,201,123,0.0
379,123,77,61.5,2.46,1.54,61.5,38.5,246.0,32.16947822675559,201,123,0.0
380,123,77,61.5,2.46,1.54,61.5,38.5,246.0,32.16947822675559,201,123,0.0
381,123,77,61.5,2.46,1.54,61.5,38.5,246.0,32.16947822675559,201,123,0.0
382,123,77,61.5,2.46,1.54,61.5,38.5,246.0,32.16947822675559,201,123,0.0
383,123,77,61.5,2.46,1.54,61.5,38.5,246.0,32.16947822675559,201,123,0.0
384,123,77,61.5,2.46,1.54,61.5,38.5,246.0,32.16947822675559,201,123,0.0
385,124,76,62.0,2.48,1.52,62.0,38.0,248.0,32.431018700143845,202,124,2.0
386,124,76,62.0,2.48,1.52,62.0,38.0,248.0,32.431018700143845,202,124,0.0
387,124,76,62.0,2.48,1.52,62.0,38.0,248.0,32.431018700143845,202,124,0.0
388,124,76,62.0,2.48,1.52,62.0,38.0,248.0,32.431018700143845,202,124,0.0
389,124,76,62.0,2.48,1.52,62.0,38.0,248.0,32.431018700143845,203,124,0.0
390,125,75,62.5,2.5,1.5,62.5,37.5,250.0,32.6925591735321,204,125,2.0
391,125,75,62.5,2.5,1.5,62.5,37.5,250.0,32.6925591735321,204,125,0.0
392,125,75,62.5,2.5,1.5,62.5,37.5,250.0,32.6925591735321,204,125,0.0
393,125,75,62.5,2.5,1.5,62.5,37.5,250.0,32.6925591735321,204,125,0.0
394,125,75,62.5,2.5,1.5,62.5,37.5,250.0,32.6925591735321,204,125,0.0
395,125,75,62.5,2.5,1.5,62.5,37.5,250.0,32.6925591735321,204,125,0.0
396,125,75,62.5,2.5,1.5,62.5,37.5,250.0,32.6925591735321,204,125,0.0
397,125,75,62.5,2.5,1.5,62.5,37.5,250.0,32.6925591735321,204,125,0.0
398,125,75,62.5,2.5,1.5,62.5,37.5,250.0,32.6925591735321,204,125,0.0
399,125,75,62.5,2.5,1.5,62.5,37.5,250.0,32.6925591735321,205,125,0.0
400,125,75,62.5,2.5,1.5,62.5,37.5,250.0,32.6925591735321,205,125,0.0
401,125,75,62.5,2.5,1.5,62.5,37.5,250.0,32.6925591735321,206,125,0.0
402,126,74,63.0,2.52,1.48,63.0,37.0,252.0,32.95409964692036,208,126,2.0
403,126,74,63.0,2.52,1.48,63.0,37.0,252.0,32.95409964692036,209,126,0.0
404,126,74,63.0,2.52,1.48,63.0,37.0,252.0,32.95409964692036,210,126,0.0
405,126,74,63.0,2.52,1.48,63.0,37.0,252.0,32.95409964692036,211,126,0.0
406,126,74,63.0,2.52,1.48,63.0,37.0,252.0,32.95409964692036,212,126,0.0
407,126,74,63.0,2.52,1.48,63.0,37.0,252.0,32.95409964692036,213,126,0.0
408,126,74,63.0,2.52,1.48,63.0,37.0,252.0,32.95409964692036,213,126,0.0
409,126,74,63.0,2.52,1.48,63.0,37.0,252.0,32.95409964692036,213,126,0.0
410,126,74,63.0,2.52,1.48,63.0,37.0,252.0,32.95409964692036,213,126,0.0
411,127,73,63.5,2.54,1.46,63.5,36.5,254.0,33.21564012030861,214,127,2.0
412,127,73,63.5,2.54,1.46,63.5,36.5,254.0,33.21564012030861,214,127,0.0
413,127,73,63.5,2.54,1.46,63.5,36.5,254.0,33.21564012030861,215,127,0.0
414,127,73,63.5,2.54,1.46,63.5,36.5,254.0,33.21564012030861,216,127,0.0
415,127,73,63.5,2.54,1.46,63.5,36.5,254.0,33.21564012030861,216,127,0.0
416,127,73,63.5,2.54,1.46,63.5,36.5,254.0,33.21564012030861,216,127,0.0
417,127,73,63.5,2.54,1.46,63.5,36.5,254.0,33.21564012030861,216,127,0.0
418,127,73,63.5,2.54,1.46,63.5,36.5,254.0,33.21564012030861,216,127,0.0
419,127,73,63.5,2.54,1.46,63.5,36.5,254.0,33.21564012030861,216,127,0.0
420,127,73,63.5,2.54,1.46,63.5,36.5,254.0,33.21564012030861,216,127,0.0
421,127,73,63.5,2.54,1.46,63.5,36.5,254.0,33.21564012030861,216,127,0.0
422,127,73,63.5,2.54,1.46,63.5,36.5,254.0,33.21564012030861,216,127,0.0
423,128,72,64.0,2.56,1.44,64.0,36.0,256.0,33.47718059369687,218,128,2.0
424,128,72,64.0,2.56,1.44,64.0,36.0,256.0,33.47718059369687,219,128,0.0
425,128,72,64.0,2.56,1.44,64.0,36.0,256.0,33.47718059369687,219,128,0.0
426,128,72,64.0,2.56,1.44,64.0,36.0,256.0,33.47718059369687,219,128,0.0
427,128,72,64.0,2.56,1.44,64.0,36.0,256.0,33.47718059369687,219,128,0.0
428,128,72,64.0,2.56,1.44,64.0,36.0,256.0,33.47718059369687,219,128,0.0
429,128,72,64.0,2.56,1.44,64.0,36.0,256.0,33.47718059369687,219,128,0.0
430,128,72,64.0,2.56,1.44,64.0,36.0,256.0,33.47718059369687,219,128,0.0
431,128,72,64.0,2.56,1.44,64.0,36.0,256.0,33.47718059369687,219,128,0.0
432,128,72,64.0,2.56,1.44,64.0,36.0,256.0,33.47718059369687,219,128,0.0
433,129,71,64.5,2.58,1.42,64.5,35.5,258.0,33.73872106708513,220,129,2.0
434,129,71,64.5,2.58,1.42,64.5,35.5,258.0,33.73872106708513,220,129,0.0
435,129,71,64.5,2.58,1.42,64.5,35.5,258.0,33.73872106708513,220,129,0.0
436,129,71,64.5,2.58,1.42,64.5,35.5,258.0,33.73872106708513,220,129,0.0
437,130,70,65.0,2.6,1.4,65.0,35.0,260.0,34.00026154047339,221,130,2.0
438,130,70,65.0,2.6,1.4,65.0,35.0,260.0,34.00026154047339,221,130,0.0
439,130,70,65.0,2.6,1.4,65.0,35.0,260.0,34.00026154047339,221,130,0.0
440,130,70,65.0,2.6,1.4,65.0,35.0,260.0,34.00026154047339,221,130,0.0
441,130,70,65.0,2.6,1.4,65.0,35.0,260.0,34.00026154047339,221,130,0.0
442,130,70,65.0,2.6,1.4,65.0,35.0,260.0,34.00026154047339,221,130,0.0
443,130,70,65.0,2.6,1.4,65.0,35.0,260.0,34.00026154047339,221,130,0.0
444,130,70,65.0,2.6,1.4,65.0,35.0,260.0,34.00026154047339,222,130,0.0
445,130,70,65.0,2.6,1.4,65.0,35.0,260.0,34.00026154047339,222,130,0.0
446,130,70,65.0,2.6,1.4,65.0,35.0,260.0,34.00026154047339,222,130,0.0
447,130,70,65.0,2.6,1.4,65.0,35.0,260.0,34.00026154047339,222,130,0.0
448,131,69,65.5,2.62,1.38,65.5,34.5,262.0,34.26180201386164,225,131,2.0
449,131,69,65.5,2.62,1.38,65.5,34.5,262.0,34.26180201386164,227,131,0.0
450,131,69,65.5,2.62,1.38,65.5,34.5,262.0,34.26180201386164,228,131,0.0
451,132,68,66.0,2.64,1.3599999999999999,66.0,33.99999999999999,264.0,34.5233424872499,229,132,2.0
452,132,68,66.0,2.64,1.3599999999999999,66.0,33.99999999999999,264.0,34.5233424872499,229,132,0.0
453,132,68,66.0,2.64,1.3599999999999999,66.0,33.99999999999999,264.0,34.5233424872499,230,132,0.0
454,132,68,66.0,2.64,1.3599999999999999,66.0,33.99999999999999,264.0,34.5233424872499,231,132,0.0
455,132,68,66.0,2.64,1.3599999999999999,66.0,33.99999999999999,264.0,34.5233424872499,233,132,0.0
456,132,68,66.0,2.64,1.3599999999999999,66.0,33.99999999999999,264.0,34.5233424872499,235,132,0.0
457,132,68,66.0,2.64,1.3599999999999999,66.0,33.99999999999999,264.0,34.5233424872499,235,132,0.0
458,133,67,66.5,2.66,1.3399999999999999,66.5,33.49999999999999,266.0,34.78488296063816,237,133,2.0
459,133,67,66.5,2.66,1.3399999999999999,66.5,33.49999999999999,266.0,34.78488296063816,239,133,0.0
460,133,67,66.5,2.66,1.3399999999999999,66.5,33.49999999999999,266.0,34.78488296063816,239,133,0.0
461,134,66,67.0,2.68,1.3199999999999998,67.0,32.99999999999999,268.0,35.046423434026416,240,134,2.0
462,134,66,67.0,2.68,1.3199999999999998,67.0,32.99999999999999,268.0,35.046423434026416,241,134,0.0
463,134,66,67.0,2.68,1.3199999999999998,67.0,32.99999999999999,268.0,35.046423434026416,243,134,0.0
464,134,66,67.0,2.68,1.3199999999999998,67.0,32.99999999999999,268.0,35.046423434026416,245,134,0.0
465,134,66,67.0,2.68,1.3199999999999998,67.0,32.99999999999999,268.0,35.046423434026416,246,134,0.0
466,135,65,67.5,2.7,1.2999999999999998,67.5,32.49999999999999,270.0,35.30796390741467,248,135,2.0
467,135,65,67.5,2.7,1.2999999999999998,67.5,32.49999999999999,270.0,35.30796390741467,249,135,0.0
468,135,65,67.5,2.7,1.2999999999999998,67.5,32.49999999999999,270.0,35.30796390741467,249,135,0.0
469,135,65,67.5,2.7,1.2999999999999998,67.5,32.49999999999999,270.0,35.30796390741467,250,135,0.0
470,135,65,67.5,2.7,1.2999999999999998,67.5,32.49999999999999,270.0,35.30796390741467,251,135,0.0
471,135,65,67.5,2.7,1.2999999999999998,67.5,32.49999999999999,270.0,35.30796390741467,252,135,0.0
472,135,65,67.5,2.7,1.2999999999999998,67.5,32.49999999999999,270.0,35.30796390741467,252,135,0.0
473,135,65,67.5,2.7,1.2999999999999998,67.5,32.49999999999999,270.0,35.30796390741467,252,135,0.0
474,136,64,68.0,2.72,1.2799999999999998,68.0,31.999999999999993,272.0,35.56950438080293,254,136,2.0
475,136,64,68.0,2.72,1.2799999999999998,68.0,31.999999999999993,272.0,35.56950438080293,255,136,0.0
476,136,64,68.0,2.72,1.2799999999999998,68.0,31.999999999999993,272.0,35.56950438080293,255,136,0.0
477,136,64,68.0,2.72,1.2799999999999998,68.0,31.999999999999993,272.0,35.56950438080293,256,136,0.0
478,136,64,68.0,2.72,1.2799999999999998,68.0,31.999999999999993,272.0,35.56950438080293,257,136,0.0
479,136,64,68.0,2.72,1.2799999999999998,68.0,31.999999999999993,272.0,35.56950438080293,258,136,0.0
480,136,64,68.0,2.72,1.2799999999999998,68.0,31.999999999999993,272.0,35.56950438080293,259,136,0.0
481,136,64,68.0,2.72,1.2799999999999998,68.0,31.999999999999993,272.0,35.56950438080293,259,136,0.0
482,136,64,68.0,2.72,1.2799999999999998,68.0,31.999999999999993,272.0,35.56950438080293,259,136,0.0
483,136,64,68.0,2.72,1.2799999999999998,68.0,31.999999999999993,272.0,35.56950438080293,259,136,0.0
484,136,64,68.0,2.72,1.2799999999999998,68.0,31.999999999999993,272.0,35.56950438080293,259,136,0.0
485,136,64,68.0,2.72,1.2799999999999998,68.0,31.999999999999993,272.0,35.56950438080293,259,136,0.0
486,136,64,68.0,2.72,1.2799999999999998,68.0,31.999999999999993,272.0,35.56950438080293,259,136,0.0
487,136,64,68.0,2.72,1.2799999999999998,68.0,31.999999999999993,272.0,35.56950438080293,259,136,0.0
488,136,64,68.0,2.72,1.2799999999999998,68.0,31.999999999999993,272.0,35.56950438080293,259,136,0.0
489,136,64,68.0,2.72,1.2799999999999998,68.0,31.999999999999993,272.0,35.56950438080293,259,136,0.0
490,136,64,68.0,2.72,1.2799999999999998,68.0,31.999999999999993,272.0,35.56950438080293,261,136,0.0
491,136,64,68.0,2.72,1.2799999999999998,68.0,31.999999999999993,272.0,35.56950438080293,263,136,0.0
492,136,64,68.0,2.72,1.2799999999999998,68.0,31.999999999999993,272.0,35.56950438080293,265,136,0.0
493,136,64,68.0,2.72,1.2799999999999998,68.0,31.999999999999993,272.0,35.56950438080293,266,136,0.0
494,136,64,68.0,2.72,1.2799999999999998,68.0,31.999999999999993,272.0,35.56950438080293,268,136,0.0
495,136,64,68.0,2.72,1.2799999999999998,68.0,31.999999999999993,272.0,35.56950438080293,269,136,0.0
496,136,64,68.0,2.72,1.2799999999999998,68.0,31.999999999999993,272.0,35.56950438080293,269,136,0.0
497,136,64,68.0,2.72,1.2799999999999998,68.0,31.999999999999993,272.0,35.56950438080293,269,136,0.0
498,136,64,68.0,2.72,1.2799999999999998,68.0,31.999999999999993,272.0,35.56950438080293,270,136,0.0
499,136,64,68.0,2.72,1.2799999999999998,68.0,31.999999999999993,272.0,35.56950438080293,272,136,0.0
500,136,64,68.0,2.72,1.2799999999999998,68.0,31.999999999999993,272.0,35.56950438080293,273,136,0.0
501,136,64,68.0,2.72,1.2799999999999998,68.0,31.999999999999993,272.0,35.56950438080293,275,136,0.0
502,136,64,68.0,2.72,1.2799999999999998,68.0,31.999999999999993,272.0,35.56950438080293,276,136,0.0
503,136,64,68.0,2.72,1.2799999999999998,68.0,31.999999999999993,272.0,35.56950438080293,277,136,0.0
504,136,64,68.0,2.72,1.2799999999999998,68.0,31.999999999999993,272.0,35.56950438080293,277,136,0.0
505,137,63,68.5,2.74,1.2599999999999998,68.5,31.499999999999993,274.0,35.831044854191184,278,137,2.0
506,137,63,68.5,2.74,1.2599999999999998,68.5,31.499999999999993,274.0,35.831044854191184,278,137,0.0
507,137,63,68.5,2.74,1.2599999999999998,68.5,31.499999999999993,274.0,35.831044854191184,278,137,0.0
508,137,63,68.5,2.74,1.2599999999999998,68.5,31.499999999999993,274.0,35.831044854191184,278,137,0.0
509,137,63,68.5,2.74,1.2599999999999998,68.5,31.499999999999993,274.0,35.831044854191184,279,137,0.0
510,137,63,68.5,2.74,1.2599999999999998,68.5,31.499999999999993,274.0,35.831044854191184,279,137,0.0
511,137,63,68.5,2.74,1.2599999999999998,68.5,31.499999999999993,274.0,35.831044854191184,280,137,0.0
512,137,63,68.5,2.74,1.2599999999999998,68.5,31.499999999999993,274.0,35.831044854191184,280,137,0.0
513,137,63,68.5,2.74,1.2599999999999998,68.5,31.499999999999993,274.0,35.831044854191184,281,137,0.0
514,137,63,68.5,2.74,1.2599999999999998,68.5,31.499999999999993,274.0,35.831044854191184,282,137,0.0
515,137,63,68.5,2.74,1.2599999999999998,68.5,31.499999999999993,274.0,35.831044854191184,283,137,0.0
516,137,63,68.5,2.74,1.2599999999999998,68.5,31.499999999999993,274.0,35.831044854191184,284,137,0.0
517,137,63,68.5,2.74,1.2599999999999998,68.5,31.499999999999993,274.0,35.831044854191184,285,137,0.0
518,137,63,68.5,2.74,1.2599999999999998,68.5,31.499999999999993,274.0,35.831044854191184,286,137,0.0
519,137,63,68.5,2.74,1.2599999999999998,68.5,31.499999999999993,274.0,35.831044854191184,286,137,0.0
520,137,63,68.5,2.74,1.2599999999999998,68.5,31.499999999999993,274.0,35.831044854191184,287,137,0.0
521,137,63,68.5,2.74,1.2599999999999998,68.5,31.499999999999993,274.0,35.831044854191184,287,137,0.0
522,137,63,68.5,2.74,1.2599999999999998,68.5,31.499999999999993,274.0,35.831044854191184,287,137,0.0
523,137,63,68.5,2.74,1.2599999999999998,68.5,31.499999999999993,274.0,35.831044854191184,287,137,0.0
524,137,63,68.5,2.74,1.2599999999999998,68.5,31.499999999999993,274.0,35.831044854191184,287,137,0.0
525,137,63,68.5,2.74,1.2599999999999998,68.5,31.499999999999993,274.0,35.831044854191184,287,137,0.0
526,137,63,68.5,2.74,1.2599999999999998,68.5,31.499999999999993,274.0,35.831044854191184,287,137,0.0
527,137,63,68.5,2.74,1.2599999999999998,68.5,31.499999999999993,274.0,35.831044854191184,287,137,0.0
528,137,63,68.5,2.74,1.2599999999999998,68.5,31.499999999999993,274.0,35.831044854191184,287,137,0.0
529,137,63,68.5,2.74,1.2599999999999998,68.5,31.499999999999993,274.0,35.831044854191184,288,137,0.0
530,137,63,68.5,2.74,1.2599999999999998,68.5,31.499999999999993,274.0,35.831044854191184,289,137,0.0
531,137,63,68.5,2.74,1.2599999999999998,68.5,31.499999999999993,274.0,35.831044854191184,290,137,0.0
532,137,63,68.5,2.74,1.2599999999999998,68.5,31.499999999999993,274.0,35.831044854191184,291,137,0.0
533,137,63,68.5,2.74,1.2599999999999998,68.5,31.499999999999993,274.0,35.831044854191184,293,137,0.0
534,138,62,69.0,2.7600000000000002,1.2399999999999998,69.0,30.999999999999993,276.0,36.09258532757944,295,138,2.0
535,138,62,69.0,2.7600000000000002,1.2399999999999998,69.0,30.999999999999993,276.0,36.09258532757944,295,138,0.0
536,138,62,69.0,2.7600000000000002,1.2399999999999998,69.0,30.999999999999993,276.0,36.09258532757944,295,138,0.0
537,138,62,69.0,2.7600000000000002,1.2399999999999998,69.0,30.999999999999993,276.0,36.09258532757944,296,138,0.0
538,139,61,69.5,2.7800000000000002,1.2199999999999998,69.5,30.499999999999993,278.0,36.354125800967694,297,139,2.0
539,139,61,69.5,2.7800000000000002,1.2199999999999998,69.5,30.499999999999993,278.0,36.354125800967694,297,139,0.0
540,139,61,69.5,2.7800000000000002,1.2199999999999998,69.5,30.499999999999993,278.0,36.354125800967694,297,139,0.0
541,140,60,70.0,2.8000000000000003,1.1999999999999997,70.0,29.999999999999993,280.0,36.61566627435596,298,140,2.0
542,140,60,70.0,2.8000000000000003,1.1999999999999997,70.0,29.999999999999993,280.0,36.61566627435596,299,140,0.0
543,140,60,70.0,2.8000000000000003,1.1999999999999997,70.0,29.999999999999993,280.0,36.61566627435596,300,140,0.0
544,141,59,70.5,2.82,1.1800000000000002,70.5,29.500000000000004,282.0,36.87720674774421,301,141,2.0
545,141,59,70.5,2.82,1.1800000000000002,70.5,29.500000000000004,282.0,36.87720674774421,301,141,0.0
546,141,59,70.5,2.82,1.1800000000000002,70.5,29.500000000000004,282.0,36.87720674774421,301,141,0.0
547,141,59,70.5,2.82,1.1800000000000002,70.5,29.500000000000004,282.0,36.87720674774421,301,141,0.0
548,141,59,70.5,2.82,1.1800000000000002,70.5,29.500000000000004,282.0,36.87720674774421,301,141,0.0
549,141,59,70.5,2.82,1.1800000000000002,70.5,29.500000000000004,282.0,36.87720674774421,301,141,0.0
550,141,59,70.5,2.82,1.1800000000000002,70.5,29.500000000000004,282.0,36.87720674774421,302,141,0.0
551,141,59,70.5,2.82,1.1800000000000002,70.5,29.500000000000004,282.0,36.87720674774421,302,141,0.0
552,141,59,70.5,2.82,1.1800000000000002,70.5,29.500000000000004,282.0,36.87720674774421,302,141,0.0
553,141,59,70.5,2.82,1.1800000000000002,70.5,29.500000000000004,282.0,36.87720674774421,303,141,0.0
554,141,59,70.5,2.82,1.1800000000000002,70.5,29.500000000000004,282.0,36.87720674774421,303,141,0.0
555,141,59,70.5,2.82,1.1800000000000002,70.5,29.500000000000004,282.0,36.87720674774421,303,141,0.0
556,141,59,70.5,2.82,1.1800000000000002,70.5,29.500000000000004,282.0,36.87720674774421,304,141,0.0
557,141,59,70.5,2.82,1.1800000000000002,70.5,29.500000000000004,282.0,36.87720674774421,304,141,0.0
558,141,59,70.5,2.82,1.1800000000000002,70.5,29.500000000000004,282.0,36.87720674774421,304,141,0.0
559,141,59,70.5,2.82,1.1800000000000002,70.5,29.500000000000004,282.0,36.87720674774421,304,141,0.0
560,141,59,70.5,2.82,1.1800000000000002,70.5,29.500000000000004,282.0,36.87720674774421,305,141,0.0
561,141,59,70.5,2.82,1.1800000000000002,70.5,29.500000000000004,282.0,36.87720674774421,306,141,0.0
562,141,59,70.5,2.82,1.1800000000000002,70.5,29.500000000000004,282.0,36.87720674774421,307,141,0.0
563,141,59,70.5,2.82,1.1800000000000002,70.5,29.500000000000004,282.0,36.87720674774421,308,141,0.0
564,141,59,70.5,2.82,1.1800000000000002,70.5,29.500000000000004,282.0,36.87720674774421,309,141,0.0
565,141,59,70.5,2.82,1.1800000000000002,70.5,29.500000000000004,282.0,36.87720674774421,310,141,0.0
566,141,59,70.5,2.82,1.1800000000000002,70.5,29.500000000000004,282.0,36.87720674774421,311,141,0.0
567,141,59,70.5,2.82,1.1800000000000002,70.5,29.500000000000004,282.0,36.87720674774421,312,141,0.0
568,141,59,70.5,2.82,1.1800000000000002,70.5,29.500000000000004,282.0,36.87720674774421,313,141,0.0
569,141,59,70.5,2.82,1.1800000000000002,70.5,29.500000000000004,282.0,36.87720674774421,313,141,0.0
570,141,59,70.5,2.82,1.1800000000000002,70.5,29.500000000000004,282.0,36.87720674774421,313,141,0.0
571,141,59,70.5,2.82,1.1800000000000002,70.5,29.500000000000004,282.0,36.87720674774421,313,141,0.0
572,141,59,70.5,2.82,1.1800000000000002,70.5,29.500000000000004,282.0,36.87720674774421,313,141,0.0
573,141,59,70.5,2.82,1.1800000000000002,70.5,29.500000000000004,282.0,36.87720674774421,313,141,0.0
574,141,59,70.5,2.82,1.1800000000000002,70.5,29.500000000000004,282.0,36.87720674774421,313,141,0.0
575,141,59,70.5,2.82,1.1800000000000002,70.5,29.500000000000004,282.0,36.87720674774421,313,141,0.0
576,141,59,70.5,2.82,1.1800000000000002,70.5,29.500000000000004,282.0,36.87720674774421,313,141,0.0
577,141,59,70.5,2.82,1.1800000000000002,70.5,29.500000000000004,282.0,36.87720674774421,313,141,0.0
578,141,59,70.5,2.82,1.1800000000000002,70.5,29.500000000000004,282.0,36.87720674774421,313,141,0.0
579,141,59,70.5,2.82,1.1800000000000002,70.5,29.500000000000004,282.0,36.87720674774421,313,141,0.0
580,141,59,70.5,2.82,1.1800000000000002,70.5,29.500000000000004,282.0,36.87720674774421,313,141,0.0
581,141,59,70.5,2.82,1.1800000000000002,70.5,29.500000000000004,282.0,36.87720674774421,313,141,0.0
582,141,59,70.5,2.82,1.1800000000000002,70.5,29.500000000000004,282.0,36.87720674774421,313,141,0.0
583,141,59,70.5,2.82,1.1800000000000002,70.5,29.500000000000004,282.0,36.87720674774421,313,141,0.0
584,141,59,70.5,2.82,1.1800000000000002,70.5,29.500000000000004,282.0,36.87720674774421,313,141,0.0
585,141,59,70.5,2.82,1.1800000000000002,70.5,29.500000000000004,282.0,36.87720674774421,313,141,0.0
586,141,59,70.5,2.82,1.1800000000000002,70.5,29.500000000000004,282.0,36.87720674774421,313,141,0.0
587,142,58,71.0,2.84,1.1600000000000001,71.0,29.000000000000004,284.0,37.13874722113247,314,142,2.0
588,142,58,71.0,2.84,1.1600000000000001,71.0,29.000000000000004,284.0,37.13874722113247,314,142,0.0
589,142,58,71.0,2.84,1.1600000000000001,71.0,29.000000000000004,284.0,37.13874722113247,314,142,0.0
590,142,58,71.0,2.84,1.1600000000000001,71.0,29.000000000000004,284.0,37.13874722113247,314,142,0.0
591,142,58,71.0,2.84,1.1600000000000001,71.0,29.000000000000004,284.0,37.13874722113247,315,142,0.0
592,143,57,71.5,2.86,1.1400000000000001,71.5,28.500000000000004,286.0,37.40028769452072,316,143,2.0
593,143,57,71.5,2.86,1.1400000000000001,71.5,28.500000000000004,286.0,37.40028769452072,316,143,0.0
594,143,57,71.5,2.86,1.1400000000000001,71.5,28.500000000000004,286.0,37.40028769452072,316,143,0.0
595,143,57,71.5,2.86,1.1400000000000001,71.5,28.500000000000004,286.0,37.40028769452072,316,143,0.0
596,143,57,71.5,2.86,1.1400000000000001,71.5,28.500000000000004,286.0,37.40028769452072,316,143,0.0
597,143,57,71.5,2.86,1.1400000000000001,71.5,28.500000000000004,286.0,37.40028769452072,316,143,0.0
598,143,57,71.5,2.86,1.1400000000000001,71.5,28.500000000000004,286.0,37.40028769452072,316,143,0.0
599,143,57,71.5,2.86,1.1400000000000001,71.5,28.500000000000004,286.0,37.40028769452072,316,143,0.0
600,144,56,72.0,2.88,1.12,72.0,28.000000000000004,288.0,37.661828167908986,318,144,2.0
601,144,56,72.0,2.88,1.12,72.0,28.000000000000004,288.0,37.661828167908986,318,144,0.0
602,144,56,72.0,2.88,1.12,72.0,28.000000000000004,288.0,37.661828167908986,318,144,0.0
603,144,56,72.0,2.88,1.12,72.0,28.000000000000004,288.0,37.661828167908986,318,144,0.0
604,144,56,72.0,2.88,1.12,72.0,28.000000000000004,288.0,37.661828167908986,320,144,0.0
605,144,56,72.0,2.88,1.12,72.0,28.000000000000004,288.0,37.661828167908986,321,144,0.0
606,144,56,72.0,2.88,1.12,72.0,28.000000000000004,288.0,37.661828167908986,322,144,0.0
607,144,56,72.0,2.88,1.12,72.0,28.000000000000004,288.0,37.661828167908986,323,144,0.0
608,144,56,72.0,2.88,1.12,72.0,28.000000000000004,288.0,37.661828167908986,323,144,0.0
609,144,56,72.0,2.88,1.12,72.0,28.000000000000004,288.0,37.661828167908986,323,144,0.0
610,144,56,72.0,2.88,1.12,72.0,28.000000000000004,288.0,37.661828167908986,324,144,0.0
611,144,56,72.0,2.88,1.12,72.0,28.000000000000004,288.0,37.661828167908986,324,144,0.0
612,144,56,72.0,2.88,1.12,72.0,28.000000000000004,288.0,37.661828167908986,324,144,0.0
613,144,56,72.0,2.88,1.12,72.0,28.000000000000004,288.0,37.661828167908986,325,144,0.0
614,144,56,72.0,2.88,1.12,72.0,28.000000000000004,288.0,37.661828167908986,325,144,0.0
615,144,56,72.0,2.88,1.12,72.0,28.000000000000004,288.0,37.661828167908986,325,144,0.0
616,144,56,72.0,2.88,1.12,72.0,28.000000000000004,288.0,37.661828167908986,325,144,0.0
617,144,56,72.0,2.88,1.12,72.0,28.000000000000004,288.0,37.661828167908986,327,144,0.0
618,144,56,72.0,2.88,1.12,72.0,28.000000000000004,288.0,37.661828167908986,329,144,0.0
619,144,56,72.0,2.88,1.12,72.0,28.000000000000004,288.0,37.661828167908986,330,144,0.0
620,144,56,72.0,2.88,1.12,72.0,28.000000000000004,288.0,37.661828167908986,331,144,0.0
621,144,56,72.0,2.88,1.12,72.0,28.000000000000004,288.0,37.661828167908986,332,144,0.0
622,144,56,72.0,2.88,1.12,72.0,28.000000000000004,288.0,37.661828167908986,332,144,0.0
623,144,56,72.0,2.88,1.12,72.0,28.000000000000004,288.0,37.661828167908986,332,144,0.0
624,144,56,72.0,2.88,1.12,72.0,28.000000000000004,288.0,37.661828167908986,332,144,0.0
625,144,56,72.0,2.88,1.12,72.0,28.000000000000004,288.0,37.661828167908986,332,144,0.0
626,144,56,72.0,2.88,1.12,72.0,28.000000000000004,288.0,37.661828167908986,332,144,0.0
627,144,56,72.0,2.88,1.12,72.0,28.000000000000004,288.0,37.661828167908986,332,144,0.0
628,144,56,72.0,2.88,1.12,72.0,28.000000000000004,288.0,37.661828167908986,332,144,0.0
629,144,56,72.0,2.88,1.12,72.0,28.000000000000004,288.0,37.661828167908986,332,144,0.0
630,144,56,72.0,2.88,1.12,72.0,28.000000000000004,288.0,37.661828167908986,332,144,0.0
631,144,56,72.0,2.88,1.12,72.0,28.000000000000004,288.0,37.661828167908986,332,144,0.0
632,144,56,72.0,2.88,1.12,72.0,28.000000000000004,288.0,37.661828167908986,332,144,0.0
633,144,56,72.0,2.88,1.12,72.0,28.000000000000004,288.0,37.661828167908986,332,144,0.0
634,144,56,72.0,2.88,1.12,72.0,28.000000000000004,288.0,37.661828167908986,332,144,0.0
635,144,56,72.0,2.88,1.12,72.0,28.000000000000004,288.0,37.661828167908986,332,144,0.0
636,144,56,72.0,2.88,1.12,72.0,28.000000000000004,288.0,37.661828167908986,332,144,0.0
637,144,56,72.0,2.88,1.12,72.0,28.000000000000004,288.0,37.661828167908986,332,144,0.0
638,144,56,72.0,2.88,1.12,72.0,28.000000000000004,288.0,37.661828167908986,332,144,0.0
639,144,56,72.0,2.88,1.12,72.0,28.000000000000004,288.0,37.661828167908986,332,144,0.0
640,144,56,72.0,2.88,1.12,72.0,28.000000000000004,288.0,37.661828167908986,332,144,0.0
641,144,56,72.0,2.88,1.12,72.0,28.000000000000004,288.0,37.661828167908986,332,144,0.0
642,144,56,72.0,2.88,1.12,72.0,28.000000000000004,288.0,37.661828167908986,332,144,0.0
643,144,56,72.0,2.88,1.12,72.0,28.000000000000004,288.0,37.661828167908986,332,144,0.0
644,144,56,72.0,2.88,1.12,72.0,28.000000000000004,288.0,37.661828167908986,332,144,0.0
645,144,56,72.0,2.88,1.12,72.0,28.000000000000004,288.0,37.661828167908986,332,144,0.0
646,144,56,72.0,2.88,1.12,72.0,28.000000000000004,288.0,37.661828167908986,332,144,0.0
647,145,55,72.5,2.9,1.1,72.5,27.5,290.0,37.92336864129724,333,145,2.0
648,145,55,72.5,2.9,1.1,72.5,27.5,290.0,37.92336864129724,333,145,0.0
649,145,55,72.5,2.9,1.1,72.5,27.5,290.0,37.92336864129724,333,145,0.0
650,145,55,72.5,2.9,1.1,72.5,27.5,290.0,37.92336864129724,333,145,0.0
651,145,55,72.5,2.9,1.1,72.5,27.5,290.0,37.92336864129724,333,145,0.0
652,145,55,72.5,2.9,1.1,72.5,27.5,290.0,37.92336864129724,333,145,0.0
653,145,55,72.5,2.9,1.1,72.5,27.5,290.0,37.92336864129724,333,145,0.0
654,145,55,72.5,2.9,1.1,72.5,27.5,290.0,37.92336864129724,333,145,0.0
655,145,55,72.5,2.9,1.1,72.5,27.5,290.0,37.92336864129724,333,145,0.0
656,145,55,72.5,2.9,1.1,72.5,27.5,290.0,37.92336864129724,333,145,0.0
657,145,55,72.5,2.9,1.1,72.5,27.5,290.0,37.92336864129724,333,145,0.0
658,145,55,72.5,2.9,1.1,72.5,27.5,290.0,37.92336864129724,333,145,0.0
659,145,55,72.5,2.9,1.1,72.5,27.5,290.0,37.92336864129724,333,145,0.0
660,145,55,72.5,2.9,1.1,72.5,27.5,290.0,37.92336864129724,333,145,0.0
661,145,55,72.5,2.9,1.1,72.5,27.5,290.0,37.92336864129724,333,145,0.0
662,145,55,72.5,2.9,1.1,72.5,27.5,290.0,37.92336864129724,333,145,0.0
663,145,55,72.5,2.9,1.1,72.5,27.5,290.0,37.92336864129724,333,145,0.0
664,145,55,72.5,2.9,1.1,72.5,27.5,290.0,37.92336864129724,333,145,0.0
665,145,55,72.5,2.9,1.1,72.5,27.5,290.0,37.92336864129724,333,145,0.0
666,145,55,72.5,2.9,1.1,72.5,27.5,290.0,37.92336864129724,333,145,0.0
667,145,55,72.5,2.9,1.1,72.5,27.5,290.0,37.92336864129724,333,145,0.0
668,145,55,72.5,2.9,1.1,72.5,27.5,290.0,37.92336864129724,333,145,0.0
669,145,55,72.5,2.9,1.1,72.5,27.5,290.0,37.92336864129724,333,145,0.0
670,145,55,72.5,2.9,1.1,72.5,27.5,290.0,37.92336864129724,333,145,0.0
671,145,55,72.5,2.9,1.1,72.5,27.5,290.0,37.92336864129724,333,145,0.0
672,146,54,73.0,2.92,1.08,73.0,27.0,292.0,38.184909114685496,334,146,2.0
673,146,54,73.0,2.92,1.08,73.0,27.0,292.0,38.184909114685496,334,146,0.0
674,146,54,73.0,2.92,1.08,73.0,27.0,292.0,38.184909114685496,334,146,0.0
675,146,54,73.0,2.92,1.08,73.0,27.0,292.0,38.184909114685496,334,146,0.0
676,146,54,73.0,2.92,1.08,73.0,27.0,292.0,38.184909114685496,334,146,0.0
677,146,54,73.0,2.92,1.08,73.0,27.0,292.0,38.184909114685496,334,146,0.0
678,146,54,73.0,2.92,1.08,73.0,27.0,292.0,38.184909114685496,334,146,0.0
679,146,54,73.0,2.92,1.08,73.0,27.0,292.0,38.184909114685496,334,146,0.0
680,146,54,73.0,2.92,1.08,73.0,27.0,292.0,38.184909114685496,334,146,0.0
681,146,54,73.0,2.92,1.08,73.0,27.0,292.0,38.184909114685496,334,146,0.0
682,146,54,73.0,2.92,1.08,73.0,27.0,292.0,38.184909114685496,334,146,0.0
683,146,54,73.0,2.92,1.08,73.0,27.0,292.0,38.184909114685496,334,146,0.0
684,146,54,73.0,2.92,1.08,73.0,27.0,292.0,38.184909114685496,334,146,0.0
685,146,54,73.0,2.92,1.08,73.0,27.0,292.0,38.184909114685496,334,146,0.0
686,147,53,73.5,2.94,1.06,73.5,26.5,294.0,38.44644958807375,335,147,2.0
687,147,53,73.5,2.94,1.06,73.5,26.5,294.0,38.44644958807375,335,147,0.0
688,147,53,73.5,2.94,1.06,73.5,26.5,294.0,38.44644958807375,335,147,0.0
689,147,53,73.5,2.94,1.06,73.5,26.5,294.0,38.44644958807375,335,147,0.0
690,147,53,73.5,2.94,1.06,73.5,26.5,294.0,38.44644958807375,335,147,0.0
691,147,53,73.5,2.94,1.06,73.5,26.5,294.0,38.44644958807375,335,147,0.0
692,147,53,73.5,2.94,1.06,73.5,26.5,294.0,38.44644958807375,335,147,0.0
693,147,53,73.5,2.94,1.06,73.5,26.5,294.0,38.44644958807375,335,147,0.0
694,147,53,73.5,2.94,1.06,73.5,26.5,294.0,38.44644958807375,335,147,0.0
695,147,53,73.5,2.94,1.06,73.5,26.5,294.0,38.44644958807375,335,147,0.0
696,149,51,74.5,2.98,1.02,74.5,25.5,298.0,38.969530534850264,337,149,4.0
697,149,51,74.5,2.98,1.02,74.5,25.5,298.0,38.969530534850264,337,149,0.0
698,149,51,74.5,2.98,1.02,74.5,25.5,298.0,38.969530534850264,337,149,0.0
699,149,51,74.5,2.98,1.02,74.5,25.5,298.0,38.969530534850264,337,149,0.0
700,149,51,74.5,2.98,1.02,74.5,25.5,298.0,38.969530534850264,337,149,0.0
701,149,51,74.5,2.98,1.02,74.5,25.5,298.0,38.969530534850264,337,149,0.0
702,149,51,74.5,2.98,1.02,74.5,25.5,298.0,38.969530534850264,337,149,0.0
703,149,51,74.5,2.98,1.02,74.5,25.5,298.0,38.969530534850264,337,149,0.0
704,149,51,74.5,2.98,1.02,74.5,25.5,298.0,38.969530534850264,337,149,0.0
705,149,51,74.5,2.98,1.02,74.5,25.5,298.0,38.969530534850264,337,149,0.0
706,150,50,75.0,3.0,1.0,75.0,25.0,300.0,39.23107100823852,338,150,2.0
707,150,50,75.0,3.0,1.0,75.0,25.0,300.0,39.23107100823852,338,150,0.0
708,150,50,75.0,3.0,1.0,75.0,25.0,300.0,39.23107100823852,338,150,0.0
709,150,50,75.0,3.0,1.0,75.0,25.0,300.0,39.23107100823852,338,150,0.0
710,150,50,75.0,3.0,1.0,75.0,25.0,300.0,39.23107100823852,338,150,0.0
711,150,50,75.0,3.0,1.0,75.0,25.0,300.0,39.23107100823852,338,150,0.0
712,150,50,75.0,3.0,1.0,75.0,25.0,300.0,39.23107100823852,338,150,0.0
713,150,50,75.0,3.0,1.0,75.0,25.0,300.0,39.23107100823852,338,150,0.0
714,150,50,75.0,3.0,1.0,75.0,25.0,300.0,39.23107100823852,338,150,0.0
715,150,50,75.0,3.0,1.0,75.0,25.0,300.0,39.23107100823852,338,150,0.0
716,150,50,75.0,3.0,1.0,75.0,25.0,300.0,39.23107100823852,338,150,0.0
717,150,50,75.0,3.0,1.0,75.0,25.0,300.0,39.23107100823852,338,150,0.0
718,150,50,75.0,3.0,1.0,75.0,25.0,300.0,39.23107100823852,338,150,0.0
719,150,50,75.0,3.0,1.0,75.0,25.0,300.0,39.23107100823852,338,150,0.0
720,150,50,75.0,3.0,1.0,75.0,25.0,300.0,39.23107100823852,338,150,0.0
721,150,50,75.0,3.0,1.0,75.0,25.0,300.0,39.23107100823852,338,150,0.0
722,150,50,75.0,3.0,1.0,75.0,25.0,300.0,39.23107100823852,338,150,0.0
723,150,50,75.0,3.0,1.0,75.0,25.0,300.0,39.23107100823852,338,150,0.0
724,150,50,75.0,3.0,1.0,75.0,25.0,300.0,39.23107100823852,339,150,0.0
725,150,50,75.0,3.0,1.0,75.0,25.0,300.0,39.23107100823852,339,150,0.0
726,150,50,75.0,3.0,1.0,75.0,25.0,300.0,39.23107100823852,339,150,0.0
727,150,50,75.0,3.0,1.0,75.0,25.0,300.0,39.23107100823852,339,150,0.0
728,150,50,75.0,3.0,1.0,75.0,25.0,300.0,39.23107100823852,339,150,0.0
729,150,50,75.0,3.0,1.0,75.0,25.0,300.0,39.23107100823852,339,150,0.0
730,151,49,75.5,3.02,0.98,75.5,24.5,302.0,39.492611481626774,340,151,2.0
731,151,49,75.5,3.02,0.98,75.5,24.5,302.0,39.492611481626774,340,151,0.0
732,151,49,75.5,3.02,0.98,75.5,24.5,302.0,39.492611481626774,340,151,0.0
733,151,49,75.5,3.02,0.98,75.5,24.5,302.0,39.492611481626774,340,151,0.0
734,152,48,76.0,3.04,0.96,76.0,24.0,304.0,39.75415195501504,341,152,2.0
735,152,48,76.0,3.04,0.96,76.0,24.0,304.0,39.75415195501504,342,152,0.0
736,152,48,76.0,3.04,0.96,76.0,24.0,304.0,39.75415195501504,342,152,0.0
737,152,48,76.0,3.04,0.96,76.0,24.0,304.0,39.75415195501504,342,152,0.0
738,152,48,76.0,3.04,0.96,76.0,24.0,304.0,39.75415195501504,342,152,0.0
739,153,47,76.5,3.06,0.94,76.5,23.499999999999996,306.0,40.01569242840329,343,153,2.0
740,153,47,76.5,3.06,0.94,76.5,23.499999999999996,306.0,40.01569242840329,343,153,0.0
741,153,47,76.5,3.06,0.94,76.5,23.499999999999996,306.0,40.01569242840329,343,153,0.0
742,153,47,76.5,3.06,0.94,76.5,23.499999999999996,306.0,40.01569242840329,343,153,0.0
743,153,47,76.5,3.06,0.94,76.5,23.499999999999996,306.0,40.01569242840329,343,153,0.0
744,153,47,76.5,3.06,0.94,76.5,23.499999999999996,306.0,40.01569242840329,343,153,0.0
745,153,47,76.5,3.06,0.94,76.5,23.499999999999996,306.0,40.01569242840329,343,153,0.0
746,153,47,76.5,3.06,0.94,76.5,23.499999999999996,306.0,40.01569242840329,343,153,0.0
747,154,46,77.0,3.08,0.9199999999999999,77.0,22.999999999999996,308.0,40.27723290179155,344,154,2.0
748,154,46,77.0,3.08,0.9199999999999999,77.0,22.999999999999996,308.0,40.27723290179155,344,154,0.0
749,154,46,77.0,3.08,0.9199999999999999,77.0,22.999999999999996,308.0,40.27723290179155,344,154,0.0
750,154,46,77.0,3.08,0.9199999999999999,77.0,22.999999999999996,308.0,40.27723290179155,344,154,0.0
751,154,46,77.0,3.08,0.9199999999999999,77.0,22.999999999999996,308.0,40.27723290179155,345,154,0.0
752,154,46,77.0,3.08,0.9199999999999999,77.0,22.999999999999996,308.0,40.27723290179155,345,154,0.0
753,154,46,77.0,3.08,0.9199999999999999,77.0,22.999999999999996,308.0,40.27723290179155,345,154,0.0
754,154,46,77.0,3.08,0.9199999999999999,77.0,22.999999999999996,308.0,40.27723290179155,345,154,0.0
755,154,46,77.0,3.08,0.9199999999999999,77.0,22.999999999999996,308.0,40.27723290179155,345,154,0.0
756,154,46,77.0,3.08,0.9199999999999999,77.0,22.999999999999996,308.0,40.27723290179155,345,154,0.0
757,154,46,77.0,3.08,0.9199999999999999,77.0,22.999999999999996,308.0,40.27723290179155,345,154,0.0
758,154,46,77.0,3.08,0.9199999999999999,77.0,22.999999999999996,308.0,40.27723290179155,345,154,0.0
759,154,46,77.0,3.08,0.9199999999999999,77.0,22.999999999999996,308.0,40.27723290179155,345,154,0.0
760,154,46,77.0,3.08,0.9199999999999999,77.0,22.999999999999996,308.0,40.27723290179155,345,154,0.0
761,154,46,77.0,3.08,0.9199999999999999,77.0,22.999999999999996,308.0,40.27723290179155,345,154,0.0
762,154,46,77.0,3.08,0.9199999999999999,77.0,22.999999999999996,308.0,40.27723290179155,345,154,0.0
763,154,46,77.0,3.08,0.9199999999999999,77.0,22.999999999999996,308.0,40.27723290179155,345,154,0.0
764,154,46,77.0,3.08,0.9199999999999999,77.0,22.999999999999996,308.0,40.27723290179155,345,154,0.0
765,154,46,77.0,3.08,0.9199999999999999,77.0,22.999999999999996,308.0,40.27723290179155,346,154,0.0
766,154,46,77.0,3.08,0.9199999999999999,77.0,22.999999999999996,308.0,40.27723290179155,346,154,0.0
767,154,46,77.0,3.08,0.9199999999999999,77.0,22.999999999999996,308.0,40.27723290179155,346,154,0.0
768,154,46,77.0,3.08,0.9199999999999999,77.0,22.999999999999996,308.0,40.27723290179155,346,154,0.0
769,154,46,77.0,3.08,0.9199999999999999,77.0,22.999999999999996,308.0,40.27723290179155,346,154,0.0
770,154,46,77.0,3.08,0.9199999999999999,77.0,22.999999999999996,308.0,40.27723290179155,346,154,0.0
771,154,46,77.0,3.08,0.9199999999999999,77.0,22.999999999999996,308.0,40.27723290179155,346,154,0.0
772,154,46,77.0,3.08,0.9199999999999999,77.0,22.999999999999996,308.0,40.27723290179155,347,154,0.0
773,154,46,77.0,3.08,0.9199999999999999,77.0,22.999999999999996,308.0,40.27723290179155,348,154,0.0
774,154,46,77.0,3.08,0.9199999999999999,77.0,22.999999999999996,308.0,40.27723290179155,349,154,0.0
775,154,46,77.0,3.08,0.9199999999999999,77.0,22.999999999999996,308.0,40.27723290179155,349,154,0.0
776,154,46,77.0,3.08,0.9199999999999999,77.0,22.999999999999996,308.0,40.27723290179155,349,154,0.0
777,154,46,77.0,3.08,0.9199999999999999,77.0,22.999999999999996,308.0,40.27723290179155,349,154,0.0
778,154,46,77.0,3.08,0.9199999999999999,77.0,22.999999999999996,308.0,40.27723290179155,349,154,0.0
779,154,46,77.0,3.08,0.9199999999999999,77.0,22.999999999999996,308.0,40.27723290179155,349,154,0.0
780,154,46,77.0,3.08,0.9199999999999999,77.0,22.999999999999996,308.0,40.27723290179155,349,154,0.0
781,154,46,77.0,3.08,0.9199999999999999,77.0,22.999999999999996,308.0,40.27723290179155,349,154,0.0
782,154,46,77.0,3.08,0.9199999999999999,77.0,22.999999999999996,308.0,40.27723290179155,349,154,0.0
783,154,46,77.0,3.08,0.9199999999999999,77.0,22.999999999999996,308.0,40.27723290179155,349,154,0.0
784,154,46,77.0,3.08,0.9199999999999999,77.0,22.999999999999996,308.0,40.27723290179155,349,154,0.0
785,154,46,77.0,3.08,0.9199999999999999,77.0,22.999999999999996,308.0,40.27723290179155,349,154,0.0
786,154,46,77.0,3.08,0.9199999999999999,77.0,22.999999999999996,308.0,40.27723290179155,349,154,0.0
787,154,46,77.0,3.08,0.9199999999999999,77.0,22.999999999999996,308.0,40.27723290179155,350,154,0.0
788,154,46,77.0,3.08,0.9199999999999999,77.0,22.999999999999996,308.0,40.27723290179155,350,154,0.0
789,154,46,77.0,3.08,0.9199999999999999,77.0,22.999999999999996,308.0,40.27723290179155,350,154,0.0
790,154,46,77.0,3.08,0.9199999999999999,77.0,22.999999999999996,308.0,40.27723290179155,350,154,0.0
791,154,46,77.0,3.08,0.9199999999999999,77.0,22.999999999999996,308.0,40.27723290179155,351,154,0.0
792,154,46,77.0,3.08,0.9199999999999999,77.0,22.999999999999996,308.0,40.27723290179155,351,154,0.0
793,154,46,77.0,3.08,0.9199999999999999,77.0,22.999999999999996,308.0,40.27723290179155,352,154,0.0
794,154,46,77.0,3.08,0.9199999999999999,77.0,22.999999999999996,308.0,40.27723290179155,353,154,0.0
795,154,46,77.0,3.08,0.9199999999999999,77.0,22.999999999999996,308.0,40.27723290179155,354,154,0.0
796,154,46,77.0,3.08,0.9199999999999999,77.0,22.999999999999996,308.0,40.27723290179155,354,154,0.0
797,154,46,77.0,3.08,0.9199999999999999,77.0,22.999999999999996,308.0,40.27723290179155,354,154,0.0
798,154,46,77.0,3.08,0.9199999999999999,77.0,22.999999999999996,308.0,40.27723290179155,354,154,0.0
799,154,46,77.0,3.08,0.9199999999999999,77.0,22.999999999999996,308.0,40.27723290179155,355,154,0.0
800,154,46,77.0,3.08,0.9199999999999999,77.0,22.999999999999996,308.0,40.27723290179155,356,154,0.0
801,154,46,77.0,3.08,0.9199999999999999,77.0,22.999999999999996,308.0,40.27723290179155,356,154,0.0
802,154,46,77.0,3.08,0.9199999999999999,77.0,22.999999999999996,308.0,40.27723290179155,356,154,0.0
803,154,46,77.0,3.08,0.9199999999999999,77.0,22.999999999999996,308.0,40.27723290179155,357,154,0.0
804,154,46,77.0,3.08,0.9199999999999999,77.0,22.999999999999996,308.0,40.27723290179155,357,154,0.0
805,154,46,77.0,3.08,0.9199999999999999,77.0,22.999999999999996,308.0,40.27723290179155,358,154,0.0
806,154,46,77.0,3.08,0.9199999999999999,77.0,22.999999999999996,308.0,40.27723290179155,359,154,0.0
807,154,46,77.0,3.08,0.9199999999999999,77.0,22.999999999999996,308.0,40.27723290179155,361,154,0.0
808,154,46,77.0,3.08,0.9199999999999999,77.0,22.999999999999996,308.0,40.27723290179155,362,154,0.0
809,154,46,77.0,3.08,0.9199999999999999,77.0,22.999999999999996,308.0,40.27723290179155,363,154,0.0
810,154,46,77.0,3.08,0.9199999999999999,77.0,22.999999999999996,308.0,40.27723290179155,364,154,0.0
811,154,46,77.0,3.08,0.9199999999999999,77.0,22.999999999999996,308.0,40.27723290179155,365,154,0.0
812,154,46,77.0,3.08,0.9199999999999999,77.0,22.999999999999996,308.0,40.27723290179155,366,154,0.0
813,154,46,77.0,3.08,0.9199999999999999,77.0,22.999999999999996,308.0,40.27723290179155,366,154,0.0
814,155,45,77.5,3.1,0.8999999999999999,77.5,22.499999999999996,310.0,40.5387733751798,368,155,2.0
815,155,45,77.5,3.1,0.8999999999999999,77.5,22.499999999999996,310.0,40.5387733751798,368,155,0.0
816,155,45,77.5,3.1,0.8999999999999999,77.5,22.499999999999996,310.0,40.5387733751798,368,155,0.0
817,155,45,77.5,3.1,0.8999999999999999,77.5,22.499999999999996,310.0,40.5387733751798,368,155,0.0
818,156,44,78.0,3.12,0.8799999999999999,78.0,21.999999999999996,312.0,40.80031384856807,369,156,2.0
819,157,43,78.5,3.14,0.8599999999999999,78.5,21.499999999999996,314.0,41.06185432195632,371,157,2.0
820,157,43,78.5,3.14,0.8599999999999999,78.5,21.499999999999996,314.0,41.06185432195632,371,157,0.0
821,157,43,78.5,3.14,0.8599999999999999,78.5,21.499999999999996,314.0,41.06185432195632,371,157,0.0
822,157,43,78.5,3.14,0.8599999999999999,78.5,21.499999999999996,314.0,41.06185432195632,371,157,0.0
823,157,43,78.5,3.14,0.8599999999999999,78.5,21.499999999999996,314.0,41.06185432195632,371,157,0.0
824,157,43,78.5,3.14,0.8599999999999999,78.5,21.499999999999996,314.0,41.06185432195632,373,157,0.0
825,157,43,78.5,3.14,0.8599999999999999,78.5,21.499999999999996,314.0,41.06185432195632,375,157,0.0
826,157,43,78.5,3.14,0.8599999999999999,78.5,21.499999999999996,314.0,41.06185432195632,377,157,0.0
827,157,43,78.5,3.14,0.8599999999999999,78.5,21.499999999999996,314.0,41.06185432195632,378,157,0.0
828,157,43,78.5,3.14,0.8599999999999999,78.5,21.499999999999996,314.0,41.06185432195632,379,157,0.0
829,157,43,78.5,3.14,0.8599999999999999,78.5,21.499999999999996,314.0,41.06185432195632,380,157,0.0
830,157,43,78.5,3.14,0.8599999999999999,78.5,21.499999999999996,314.0,41.06185432195632,381,157,0.0
831,157,43,78.5,3.14,0.8599999999999999,78.5,21.499999999999996,314.0,41.06185432195632,382,157,0.0
832,157,43,78.5,3.14,0.8599999999999999,78.5,21.499999999999996,314.0,41.06185432195632,382,157,0.0
833,157,43,78.5,3.14,0.8599999999999999,78.5,21.499999999999996,314.0,41.06185432195632,382,157,0.0
834,157,43,78.5,3.14,0.8599999999999999,78.5,21.499999999999996,314.0,41.06185432195632,383,157,0.0
835,157,43,78.5,3.14,0.8599999999999999,78.5,21.499999999999996,314.0,41.06185432195632,383,157,0.0
836,157,43,78.5,3.14,0.8599999999999999,78.5,21.499999999999996,314.0,41.06185432195632,383,157,0.0
837,157,43,78.5,3.14,0.8599999999999999,78.5,21.499999999999996,314.0,41.06185432195632,383,157,0.0
838,157,43,78.5,3.14,0.8599999999999999,78.5,21.499999999999996,314.0,41.06185432195632,383,157,0.0
839,157,43,78.5,3.14,0.8599999999999999,78.5,21.499999999999996,314.0,41.06185432195632,385,157,0.0
840,157,43,78.5,3.14,0.8599999999999999,78.5,21.499999999999996,314.0,41.06185432195632,386,157,0.0
841,157,43,78.5,3.14,0.8599999999999999,78.5,21.499999999999996,314.0,41.06185432195632,388,157,0.0
842,157,43,78.5,3.14,0.8599999999999999,78.5,21.499999999999996,314.0,41.06185432195632,388,157,0.0
843,157,43,78.5,3.14,0.8599999999999999,78.5,21.499999999999996,314.0,41.06185432195632,388,157,0.0
844,157,43,78.5,3.14,0.8599999999999999,78.5,21.499999999999996,314.0,41.06185432195632,388,157,0.0
845,157,43,78.5,3.14,0.8599999999999999,78.5,21.499999999999996,314.0,41.06185432195632,390,157,0.0
846,157,43,78.5,3.14,0.8599999999999999,78.5,21.499999999999996,314.0,41.06185432195632,392,157,0.0
847,157,43,78.5,3.14,0.8599999999999999,78.5,21.499999999999996,314.0,41.06185432195632,394,157,0.0
848,157,43,78.5,3.14,0.8599999999999999,78.5,21.499999999999996,314.0,41.06185432195632,396,157,0.0
849,157,43,78.5,3.14,0.8599999999999999,78.5,21.499999999999996,314.0,41.06185432195632,397,157,0.0
850,157,43,78.5,3.14,0.8599999999999999,78.5,21.499999999999996,314.0,41.06185432195632,398,157,0.0
851,157,43,78.5,3.14,0.8599999999999999,78.5,21.499999999999996,314.0,41.06185432195632,398,157,0.0
852,157,43,78.5,3.14,0.8599999999999999,78.5,21.499999999999996,314.0,41.06185432195632,398,157,0.0
853,157,43,78.5,3.14,0.8599999999999999,78.5,21.499999999999996,314.0,41.06185432195632,398,157,0.0
854,157,43,78.5,3.14,0.8599999999999999,78.5,21.499999999999996,314.0,41.06185432195632,398,157,0.0
855,157,43,78.5,3.14,0.8599999999999999,78.5,21.499999999999996,314.0,41.06185432195632,398,157,0.0
856,157,43,78.5,3.14,0.8599999999999999,78.5,21.499999999999996,314.0,41.06185432195632,398,157,0.0
857,157,43,78.5,3.14,0.8599999999999999,78.5,21.499999999999996,314.0,41.06185432195632,398,157,0.0
858,157,43,78.5,3.14,0.8599999999999999,78.5,21.499999999999996,314.0,41.06185432195632,398,157,0.0
859,157,43,78.5,3.14,0.8599999999999999,78.5,21.499999999999996,314.0,41.06185432195632,398,157,0.0
860,157,43,78.5,3.14,0.8599999999999999,78.5,21.499999999999996,314.0,41.06185432195632,398,157,0.0
861,157,43,78.5,3.14,0.8599999999999999,78.5,21.499999999999996,314.0,41.06185432195632,399,157,0.0
862,157,43,78.5,3.14,0.8599999999999999,78.5,21.499999999999996,314.0,41.06185432195632,401,157,0.0
863,157,43,78.5,3.14,0.8599999999999999,78.5,21.499999999999996,314.0,41.06185432195632,402,157,0.0
864,157,43,78.5,3.14,0.8599999999999999,78.5,21.499999999999996,314.0,41.06185432195632,402,157,0.0
865,157,43,78.5,3.14,0.8599999999999999,78.5,21.499999999999996,314.0,41.06185432195632,403,157,0.0
866,157,43,78.5,3.14,0.8599999999999999,78.5,21.499999999999996,314.0,41.06185432195632,404,157,0.0
867,157,43,78.5,3.14,0.8599999999999999,78.5,21.499999999999996,314.0,41.06185432195632,405,157,0.0
868,157,43,78.5,3.14,0.8599999999999999,78.5,21.499999999999996,314.0,41.06185432195632,405,157,0.0
869,157,43,78.5,3.14,0.8599999999999999,78.5,21.499999999999996,314.0,41.06185432195632,406,157,0.0
870,157,43,78.5,3.14,0.8599999999999999,78.5,21.499999999999996,314.0,41.06185432195632,406,157,0.0
871,157,43,78.5,3.14,0.8599999999999999,78.5,21.499999999999996,314.0,41.06185432195632,407,157,0.0
872,157,43,78.5,3.14,0.8599999999999999,78.5,21.499999999999996,314.0,41.06185432195632,408,157,0.0
873,157,43,78.5,3.14,0.8599999999999999,78.5,21.499999999999996,314.0,41.06185432195632,409,157,0.0
874,158,42,79.0,3.16,0.8399999999999999,79.0,20.999999999999996,316.0,41.323394795344576,411,158,2.0
875,158,42,79.0,3.16,0.8399999999999999,79.0,20.999999999999996,316.0,41.323394795344576,412,158,0.0
876,158,42,79.0,3.16,0.8399999999999999,79.0,20.999999999999996,316.0,41.323394795344576,414,158,0.0
877,158,42,79.0,3.16,0.8399999999999999,79.0,20.999999999999996,316.0,41.323394795344576,415,158,0.0
878,158,42,79.0,3.16,0.8399999999999999,79.0,20.999999999999996,316.0,41.323394795344576,416,158,0.0
879,158,42,79.0,3.16,0.8399999999999999,79.0,20.999999999999996,316.0,41.323394795344576,417,158,0.0
880,158,42,79.0,3.16,0.8399999999999999,79.0,20.999999999999996,316.0,41.323394795344576,418,158,0.0
881,158,42,79.0,3.16,0.8399999999999999,79.0,20.999999999999996,316.0,41.323394795344576,419,158,0.0
882,158,42,79.0,3.16,0.8399999999999999,79.0,20.999999999999996,316.0,41.323394795344576,420,158,0.0
883,158,42,79.0,3.16,0.8399999999999999,79.0,20.999999999999996,316.0,41.323394795344576,421,158,0.0
884,158,42,79.0,3.16,0.8399999999999999,79.0,20.999999999999996,316.0,41.323394795344576,421,158,0.0
885,158,42,79.0,3.16,0.8399999999999999,79.0,20.999999999999996,316.0,41.323394795344576,422,158,0.0
886,158,42,79.0,3.16,0.8399999999999999,79.0,20.999999999999996,316.0,41.323394795344576,422,158,0.0
887,158,42,79.0,3.16,0.8399999999999999,79.0,20.999999999999996,316.0,41.323394795344576,422,158,0.0
888,158,42,79.0,3.16,0.8399999999999999,79.0,20.999999999999996,316.0,41.323394795344576,422,158,0.0
889,158,42,79.0,3.16,0.8399999999999999,79.0,20.999999999999996,316.0,41.323394795344576,422,158,0.0
890,158,42,79.0,3.16,0.8399999999999999,79.0,20.999999999999996,316.0,41.323394795344576,422,158,0.0
891,158,42,79.0,3.16,0.8399999999999999,79.0,20.999999999999996,316.0,41.323394795344576,422,158,0.0
892,158,42,79.0,3.16,0.8399999999999999,79.0,20.999999999999996,316.0,41.323394795344576,422,158,0.0
893,158,42,79.0,3.16,0.8399999999999999,79.0,20.999999999999996,316.0,41.323394795344576,422,158,0.0
894,158,42,79.0,3.16,0.8399999999999999,79.0,20.999999999999996,316.0,41.323394795344576,422,158,0.0
895,158,42,79.0,3.16,0.8399999999999999,79.0,20.999999999999996,316.0,41.323394795344576,423,158,0.0
896,158,42,79.0,3.16,0.8399999999999999,79.0,20.999999999999996,316.0,41.323394795344576,424,158,0.0
897,158,42,79.0,3.16,0.8399999999999999,79.0,20.999999999999996,316.0,41.323394795344576,425,158,0.0
898,158,42,79.0,3.16,0.8399999999999999,79.0,20.999999999999996,316.0,41.323394795344576,425,158,0.0
899,158,42,79.0,3.16,0.8399999999999999,79.0,20.999999999999996,316.0,41.323394795344576,425,158,0.0
900,158,42,79.0,3.16,0.8399999999999999,79.0,20.999999999999996,316.0,41.323394795344576,425,158,0.0
901,158,42,79.0,3.16,0.8399999999999999,79.0,20.999999999999996,316.0,41.323394795344576,425,158,0.0
902,158,42,79.0,3.16,0.8399999999999999,79.0,20.999999999999996,316.0,41.323394795344576,425,158,0.0
903,158,42,79.0,3.16,0.8399999999999999,79.0,20.999999999999996,316.0,41.323394795344576,425,158,0.0
904,158,42,79.0,3.16,0.8399999999999999,79.0,20.999999999999996,316.0,41.323394795344576,425,158,0.0
905,158,42,79.0,3.16,0.8399999999999999,79.0,20.999999999999996,316.0,41.323394795344576,425,158,0.0
906,158,42,79.0,3.16,0.8399999999999999,79.0,20.999999999999996,316.0,41.323394795344576,425,158,0.0
907,158,42,79.0,3.16,0.8399999999999999,79.0,20.999999999999996,316.0,41.323394795344576,425,158,0.0
908,158,42,79.0,3.16,0.8399999999999999,79.0,20.999999999999996,316.0,41.323394795344576,425,158,0.0
909,158,42,79.0,3.16,0.8399999999999999,79.0,20.999999999999996,316.0,41.323394795344576,425,158,0.0
910,158,42,79.0,3.16,0.8399999999999999,79.0,20.999999999999996,316.0,41.323394795344576,426,158,0.0
911,158,42,79.0,3.16,0.8399999999999999,79.0,20.999999999999996,316.0,41.323394795344576,426,158,0.0
912,158,42,79.0,3.16,0.8399999999999999,79.0,20.999999999999996,316.0,41.323394795344576,428,158,0.0
913,158,42,79.0,3.16,0.8399999999999999,79.0,20.999999999999996,316.0,41.323394795344576,429,158,0.0
914,158,42,79.0,3.16,0.8399999999999999,79.0,20.999999999999996,316.0,41.323394795344576,429,158,0.0
915,158,42,79.0,3.16,0.8399999999999999,79.0,20.999999999999996,316.0,41.323394795344576,430,158,0.0
916,158,42,79.0,3.16,0.8399999999999999,79.0,20.999999999999996,316.0,41.323394795344576,431,158,0.0
917,158,42,79.0,3.16,0.8399999999999999,79.0,20.999999999999996,316.0,41.323394795344576,432,158,0.0
918,159,41,79.5,3.18,0.8199999999999998,79.5,20.499999999999996,318.0,41.584935268732835,433,159,2.0
919,159,41,79.5,3.18,0.8199999999999998,79.5,20.499999999999996,318.0,41.584935268732835,433,159,0.0
920,159,41,79.5,3.18,0.8199999999999998,79.5,20.499999999999996,318.0,41.584935268732835,433,159,0.0
921,159,41,79.5,3.18,0.8199999999999998,79.5,20.499999999999996,318.0,41.584935268732835,434,159,0.0
922,159,41,79.5,3.18,0.8199999999999998,79.5,20.499999999999996,318.0,41.584935268732835,434,159,0.0
923,159,41,79.5,3.18,0.8199999999999998,79.5,20.499999999999996,318.0,41.584935268732835,434,159,0.0
924,159,41,79.5,3.18,0.8199999999999998,79.5,20.499999999999996,318.0,41.584935268732835,434,159,0.0
925,160,40,80.0,3.2,0.7999999999999998,80.0,19.999999999999996,320.0,41.84647574212109,435,160,2.0
926,160,40,80.0,3.2,0.7999999999999998,80.0,19.999999999999996,320.0,41.84647574212109,435,160,0.0
927,160,40,80.0,3.2,0.7999999999999998,80.0,19.999999999999996,320.0,41.84647574212109,435,160,0.0
928,160,40,80.0,3.2,0.7999999999999998,80.0,19.999999999999996,320.0,41.84647574212109,435,160,0.0
929,160,40,80.0,3.2,0.7999999999999998,80.0,19.999999999999996,320.0,41.84647574212109,436,160,0.0
930,160,40,80.0,3.2,0.7999999999999998,80.0,19.999999999999996,320.0,41.84647574212109,436,160,0.0
931,160,40,80.0,3.2,0.7999999999999998,80.0,19.999999999999996,320.0,41.84647574212109,437,160,0.0
932,161,39,80.5,3.22,0.7799999999999998,80.5,19.499999999999996,322.0,42.108016215509345,438,161,2.0
933,161,39,80.5,3.22,0.7799999999999998,80.5,19.499999999999996,322.0,42.108016215509345,438,161,0.0
934,161,39,80.5,3.22,0.7799999999999998,80.5,19.499999999999996,322.0,42.108016215509345,439,161,0.0
935,161,39,80.5,3.22,0.7799999999999998,80.5,19.499999999999996,322.0,42.108016215509345,439,161,0.0
936,161,39,80.5,3.22,0.7799999999999998,80.5,19.499999999999996,322.0,42.108016215509345,439,161,0.0
937,161,39,80.5,3.22,0.7799999999999998,80.5,19.499999999999996,322.0,42.108016215509345,440,161,0.0
938,161,39,80.5,3.22,0.7799999999999998,80.5,19.499999999999996,322.0,42.108016215509345,440,161,0.0
939,161,39,80.5,3.22,0.7799999999999998,80.5,19.499999999999996,322.0,42.108016215509345,441,161,0.0
940,161,39,80.5,3.22,0.7799999999999998,80.5,19.499999999999996,322.0,42.108016215509345,442,161,0.0
941,161,39,80.5,3.22,0.7799999999999998,80.5,19.499999999999996,322.0,42.108016215509345,444,161,0.0
942,161,39,80.5,3.22,0.7799999999999998,80.5,19.499999999999996,322.0,42.108016215509345,446,161,0.0
943,161,39,80.5,3.22,0.7799999999999998,80.5,19.499999999999996,322.0,42.108016215509345,449,161,0.0
944,161,39,80.5,3.22,0.7799999999999998,80.5,19.499999999999996,322.0,42.108016215509345,452,161,0.0
945,162,38,81.0,3.24,0.7599999999999998,81.0,18.999999999999993,324.0,42.3695566888976,453,162,2.0
946,162,38,81.0,3.24,0.7599999999999998,81.0,18.999999999999993,324.0,42.3695566888976,454,162,0.0
947,162,38,81.0,3.24,0.7599999999999998,81.0,18.999999999999993,324.0,42.3695566888976,455,162,0.0
948,162,38,81.0,3.24,0.7599999999999998,81.0,18.999999999999993,324.0,42.3695566888976,456,162,0.0
949,162,38,81.0,3.24,0.7599999999999998,81.0,18.999999999999993,324.0,42.3695566888976,458,162,0.0
950,162,38,81.0,3.24,0.7599999999999998,81.0,18.999999999999993,324.0,42.3695566888976,460,162,0.0
951,162,38,81.0,3.24,0.7599999999999998,81.0,18.999999999999993,324.0,42.3695566888976,462,162,0.0
952,162,38,81.0,3.24,0.7599999999999998,81.0,18.999999999999993,324.0,42.3695566888976,463,162,0.0
953,162,38,81.0,3.24,0.7599999999999998,81.0,18.999999999999993,324.0,42.3695566888976,464,162,0.0
954,162,38,81.0,3.24,0.7599999999999998,81.0,18.999999999999993,324.0,42.3695566888976,466,162,0.0
955,162,38,81.0,3.24,0.7599999999999998,81.0,18.999999999999993,324.0,42.3695566888976,467,162,0.0
956,162,38,81.0,3.24,0.7599999999999998,81.0,18.999999999999993,324.0,42.3695566888976,467,162,0.0
957,162,38,81.0,3.24,0.7599999999999998,81.0,18.999999999999993,324.0,42.3695566888976,467,162,0.0
958,162,38,81.0,3.24,0.7599999999999998,81.0,18.999999999999993,324.0,42.3695566888976,468,162,0.0
959,162,38,81.0,3.24,0.7599999999999998,81.0,18.999999999999993,324.0,42.3695566888976,468,162,0.0
960,162,38,81.0,3.24,0.7599999999999998,81.0,18.999999999999993,324.0,42.3695566888976,468,162,0.0
961,162,38,81.0,3.24,0.7599999999999998,81.0,18.999999999999993,324.0,42.3695566888976,468,162,0.0
962,162,38,81.0,3.24,0.7599999999999998,81.0,18.999999999999993,324.0,42.3695566888976,468,162,0.0
963,162,38,81.0,3.24,0.7599999999999998,81.0,18.999999999999993,324.0,42.3695566888976,468,162,0.0
964,162,38,81.0,3.24,0.7599999999999998,81.0,18.999999999999993,324.0,42.3695566888976,468,162,0.0
965,164,36,82.0,3.2800000000000002,0.7199999999999998,82.0,17.999999999999993,328.0,42.89263763567412,470,164,4.0
966,164,36,82.0,3.2800000000000002,0.7199999999999998,82.0,17.999999999999993,328.0,42.89263763567412,470,164,0.0
967,164,36,82.0,3.2800000000000002,0.7199999999999998,82.0,17.999999999999993,328.0,42.89263763567412,470,164,0.0
968,164,36,82.0,3.2800000000000002,0.7199999999999998,82.0,17.999999999999993,328.0,42.89263763567412,471,164,0.0
969,164,36,82.0,3.2800000000000002,0.7199999999999998,82.0,17.999999999999993,328.0,42.89263763567412,472,164,0.0
970,164,36,82.0,3.2800000000000002,0.7199999999999998,82.0,17.999999999999993,328.0,42.89263763567412,474,164,0.0
971,164,36,82.0,3.2800000000000002,0.7199999999999998,82.0,17.999999999999993,328.0,42.89263763567412,477,164,0.0
972,164,36,82.0,3.2800000000000002,0.7199999999999998,82.0,17.999999999999993,328.0,42.89263763567412,479,164,0.0
973,164,36,82.0,3.2800000000000002,0.7199999999999998,82.0,17.999999999999993,328.0,42.89263763567412,481,164,0.0
974,164,36,82.0,3.2800000000000002,0.7199999999999998,82.0,17.999999999999993,328.0,42.89263763567412,481,164,0.0
975,164,36,82.0,3.2800000000000002,0.7199999999999998,82.0,17.999999999999993,328.0,42.89263763567412,481,164,0.0
976,164,36,82.0,3.2800000000000002,0.7199999999999998,82.0,17.999999999999993,328.0,42.89263763567412,482,164,0.0
977,164,36,82.0,3.2800000000000002,0.7199999999999998,82.0,17.999999999999993,328.0,42.89263763567412,484,164,0.0
978,164,36,82.0,3.2800000000000002,0.7199999999999998,82.0,17.999999999999993,328.0,42.89263763567412,485,164,0.0
979,164,36,82.0,3.2800000000000002,0.7199999999999998,82.0,17.999999999999993,328.0,42.89263763567412,487,164,0.0
980,164,36,82.0,3.2800000000000002,0.7199999999999998,82.0,17.999999999999993,328.0,42.89263763567412,489,164,0.0
981,164,36,82.0,3.2800000000000002,0.7199999999999998,82.0,17.999999999999993,328.0,42.89263763567412,490,164,0.0
982,164,36,82.0,3.2800000000000002,0.7199999999999998,82.0,17.999999999999993,328.0,42.89263763567412,491,164,0.0
983,164,36,82.0,3.2800000000000002,0.7199999999999998,82.0,17.999999999999993,328.0,42.89263763567412,492,164,0.0
984,164,36,82.0,3.2800000000000002,0.7199999999999998,82.0,17.999999999999993,328.0,42.89263763567412,493,164,0.0
985,164,36,82.0,3.2800000000000002,0.7199999999999998,82.0,17.999999999999993,328.0,42.89263763567412,495,164,0.0
986,164,36,82.0,3.2800000000000002,0.7199999999999998,82.0,17.999999999999993,328.0,42.89263763567412,495,164,0.0
987,164,36,82.0,3.2800000000000002,0.7199999999999998,82.0,17.999999999999993,328.0,42.89263763567412,495,164,0.0
988,164,36,82.0,3.2800000000000002,0.7199999999999998,82.0,17.999999999999993,328.0,42.89263763567412,495,164,0.0
989,164,36,82.0,3.2800000000000002,0.7199999999999998,82.0,17.999999999999993,328.0,42.89263763567412,495,164,0.0
990,164,36,82.0,3.2800000000000002,0.7199999999999998,82.0,17.999999999999993,328.0,42.89263763567412,495,164,0.0
991,164,36,82.0,3.2800000000000002,0.7199999999999998,82.0,17.999999999999993,328.0,42.89263763567412,495,164,0.0
992,164,36,82.0,3.2800000000000002,0.7199999999999998,82.0,17.999999999999993,328.0,42.89263763567412,495,164,0.0
993,164,36,82.0,3.2800000000000002,0.7199999999999998,82.0,17.999999999999993,328.0,42.89263763567412,495,164,0.0
994,164,36,82.0,3.2800000000000002,0.7199999999999998,82.0,17.999999999999993,328.0,42.89263763567412,496,164,0.0
995,165,35,82.5,3.3000000000000003,0.6999999999999997,82.5,17.499999999999993,330.0,43.15417810906237,499,165,2.0
996,165,35,82.5,3.3000000000000003,0.6999999999999997,82.5,17.499999999999993,330.0,43.15417810906237,500,165,0.0
997,165,35,82.5,3.3000000000000003,0.6999999999999997,82.5,17.499999999999993,330.0,43.15417810906237,500,165,0.0
998,165,35,82.5,3.3000000000000003,0.6999999999999997,82.5,17.499999999999993,330.0,43.15417810906237,500,165,0.0
999,165,35,82.5,3.3000000000000003,0.6999999999999997,82.5,17.499999999999993,330.0,43.15417810906237,501,165,0.0
1000,165,35,82.5,3.3000000000000003,0.6999999999999997,82.5,17.499999999999993,330.0,43.15417810906237,502,165,0.0
1001,165,35,82.5,3.3000000000000003,0.6999999999999997,82.5,17.499999999999993,330.0,43.15417810906237,503,165,0.0
1002,165,35,82.5,3.3000000000000003,0.6999999999999997,82.5,17.499999999999993,330.0,43.15417810906237,503,165,0.0
1003,165,35,82.5,3.3000000000000003,0.6999999999999997,82.5,17.499999999999993,330.0,43.15417810906237,503,165,0.0
1004,165,35,82.5,3.3000000000000003,0.6999999999999997,82.5,17.499999999999993,330.0,43.15417810906237,503,165,0.0
1005,165,35,82.5,3.3000000000000003,0.6999999999999997,82.5,17.499999999999993,330.0,43.15417810906237,504,165,0.0
1006,165,35,82.5,3.3000000000000003,0.6999999999999997,82.5,17.499999999999993,330.0,43.15417810906237,505,165,0.0
1007,165,35,82.5,3.3000000000000003,0.6999999999999997,82.5,17.499999999999993,330.0,43.15417810906237,505,165,0.0
1008,165,35,82.5,3.3000000000000003,0.6999999999999997,82.5,17.499999999999993,330.0,43.15417810906237,507,165,0.0
1009,165,35,82.5,3.3000000000000003,0.6999999999999997,82.5,17.499999999999993,330.0,43.15417810906237,509,165,0.0
1010,165,35,82.5,3.3000000000000003,0.6999999999999997,82.5,17.499999999999993,330.0,43.15417810906237,512,165,0.0
1011,165,35,82.5,3.3000000000000003,0.6999999999999997,82.5,17.499999999999993,330.0,43.15417810906237,515,165,0.0
1012,165,35,82.5,3.3000000000000003,0.6999999999999997,82.5,17.499999999999993,330.0,43.15417810906237,517,165,0.0
1013,165,35,82.5,3.3000000000000003,0.6999999999999997,82.5,17.499999999999993,330.0,43.15417810906237,519,165,0.0
1014,165,35,82.5,3.3000000000000003,0.6999999999999997,82.5,17.499999999999993,330.0,43.15417810906237,520,165,0.0
1015,165,35,82.5,3.3000000000000003,0.6999999999999997,82.5,17.499999999999993,330.0,43.15417810906237,520,165,0.0
1016,165,35,82.5,3.3000000000000003,0.6999999999999997,82.5,17.499999999999993,330.0,43.15417810906237,520,165,0.0
1017,165,35,82.5,3.3000000000000003,0.6999999999999997,82.5,17.499999999999993,330.0,43.15417810906237,520,165,0.0
1018,165,35,82.5,3.3000000000000003,0.6999999999999997,82.5,17.499999999999993,330.0,43.15417810906237,520,165,0.0
1019,165,35,82.5,3.3000000000000003,0.6999999999999997,82.5,17.499999999999993,330.0,43.15417810906237,520,165,0.0
1020,165,35,82.5,3.3000000000000003,0.6999999999999997,82.5,17.499999999999993,330.0,43.15417810906237,520,165,0.0
1021,165,35,82.5,3.3000000000000003,0.6999999999999997,82.5,17.499999999999993,330.0,43.15417810906237,520,165,0.0
1022,165,35,82.5,3.3000000000000003,0.6999999999999997,82.5,17.499999999999993,330.0,43.15417810906237,520,165,0.0
1023,165,35,82.5,3.3000000000000003,0.6999999999999997,82.5,17.499999999999993,330.0,43.15417810906237,520,165,0.0
1024,165,35,82.5,3.3000000000000003,0.6999999999999997,82.5,17.499999999999993,330.0,43.15417810906237,520,165,0.0
1025,165,35,82.5,3.3000000000000003,0.6999999999999997,82.5,17.499999999999993,330.0,43.15417810906237,520,165,0.0
1026,165,35,82.5,3.3000000000000003,0.6999999999999997,82.5,17.499999999999993,330.0,43.15417810906237,521,165,0.0
1027,165,35,82.5,3.3000000000000003,0.6999999999999997,82.5,17.499999999999993,330.0,43.15417810906237,522,165,0.0
1028,165,35,82.5,3.3000000000000003,0.6999999999999997,82.5,17.499999999999993,330.0,43.15417810906237,523,165,0.0
1029,165,35,82.5,3.3000000000000003,0.6999999999999997,82.5,17.499999999999993,330.0,43.15417810906237,523,165,0.0
1030,165,35,82.5,3.3000000000000003,0.6999999999999997,82.5,17.499999999999993,330.0,43.15417810906237,524,165,0.0
1031,165,35,82.5,3.3000000000000003,0.6999999999999997,82.5,17.499999999999993,330.0,43.15417810906237,524,165,0.0
1032,165,35,82.5,3.3000000000000003,0.6999999999999997,82.5,17.499999999999993,330.0,43.15417810906237,524,165,0.0
1033,165,35,82.5,3.3000000000000003,0.6999999999999997,82.5,17.499999999999993,330.0,43.15417810906237,524,165,0.0
1034,165,35,82.5,3.3000000000000003,0.6999999999999997,82.5,17.499999999999993,330.0,43.15417810906237,524,165,0.0
1035,165,35,82.5,3.3000000000000003,0.6999999999999997,82.5,17.499999999999993,330.0,43.15417810906237,524,165,0.0
1036,165,35,82.5,3.3000000000000003,0.6999999999999997,82.5,17.499999999999993,330.0,43.15417810906237,524,165,0.0
1037,165,35,82.5,3.3000000000000003,0.6999999999999997,82.5,17.499999999999993,330.0,43.15417810906237,524,165,0.0
1038,165,35,82.5,3.3000000000000003,0.6999999999999997,82.5,17.499999999999993,330.0,43.15417810906237,524,165,0.0
1039,165,35,82.5,3.3000000000000003,0.6999999999999997,82.5,17.499999999999993,330.0,43.15417810906237,524,165,0.0
1040,165,35,82.5,3.3000000000000003,0.6999999999999997,82.5,17.499999999999993,330.0,43.15417810906237,524,165,0.0
1041,165,35,82.5,3.3000000000000003,0.6999999999999997,82.5,17.499999999999993,330.0,43.15417810906237,524,165,0.0
1042,166,34,83.0,3.3200000000000003,0.6799999999999997,83.0,16.999999999999993,332.0,43.41571858245063,525,166,2.0
1043,166,34,83.0,3.3200000000000003,0.6799999999999997,83.0,16.999999999999993,332.0,43.41571858245063,526,166,0.0
1044,166,34,83.0,3.3200000000000003,0.6799999999999997,83.0,16.999999999999993,332.0,43.41571858245063,527,166,0.0
1045,166,34,83.0,3.3200000000000003,0.6799999999999997,83.0,16.999999999999993,332.0,43.41571858245063,527,166,0.0
1046,166,34,83.0,3.3200000000000003,0.6799999999999997,83.0,16.999999999999993,332.0,43.41571858245063,528,166,0.0
1047,166,34,83.0,3.3200000000000003,0.6799999999999997,83.0,16.999999999999993,332.0,43.41571858245063,528,166,0.0
1048,166,34,83.0,3.3200000000000003,0.6799999999999997,83.0,16.999999999999993,332.0,43.41571858245063,529,166,0.0
1049,166,34,83.0,3.3200000000000003,0.6799999999999997,83.0,16.999999999999993,332.0,43.41571858245063,530,166,0.0
1050,166,34,83.0,3.3200000000000003,0.6799999999999997,83.0,16.999999999999993,332.0,43.41571858245063,531,166,0.0
1051,166,34,83.0,3.3200000000000003,0.6799999999999997,83.0,16.999999999999993,332.0,43.41571858245063,532,166,0.0
1052,166,34,83.0,3.3200000000000003,0.6799999999999997,83.0,16.999999999999993,332.0,43.41571858245063,533,166,0.0
1053,166,34,83.0,3.3200000000000003,0.6799999999999997,83.0,16.999999999999993,332.0,43.41571858245063,534,166,0.0
1054,166,34,83.0,3.3200000000000003,0.6799999999999997,83.0,16.999999999999993,332.0,43.41571858245063,535,166,0.0
1055,166,34,83.0,3.3200000000000003,0.6799999999999997,83.0,16.999999999999993,332.0,43.41571858245063,536,166,0.0
1056,166,34,83.0,3.3200000000000003,0.6799999999999997,83.0,16.999999999999993,332.0,43.41571858245063,537,166,0.0
1057,166,34,83.0,3.3200000000000003,0.6799999999999997,83.0,16.999999999999993,332.0,43.41571858245063,538,166,0.0
1058,166,34,83.0,3.3200000000000003,0.6799999999999997,83.0,16.999999999999993,332.0,43.41571858245063,539,166,0.0
1059,166,34,83.0,3.3200000000000003,0.6799999999999997,83.0,16.999999999999993,332.0,43.41571858245063,540,166,0.0
1060,166,34,83.0,3.3200000000000003,0.6799999999999997,83.0,16.999999999999993,332.0,43.41571858245063,540,166,0.0
1061,166,34,83.0,3.3200000000000003,0.6799999999999997,83.0,16.999999999999993,332.0,43.41571858245063,540,166,0.0
1062,166,34,83.0,3.3200000000000003,0.6799999999999997,83.0,16.999999999999993,332.0,43.41571858245063,540,166,0.0
1063,166,34,83.0,3.3200000000000003,0.6799999999999997,83.0,16.999999999999993,332.0,43.41571858245063,540,166,0.0
1064,167,33,83.5,3.34,0.6600000000000001,83.5,16.500000000000004,334.0,43.67725905583889,541,167,2.0
1065,167,33,83.5,3.34,0.6600000000000001,83.5,16.500000000000004,334.0,43.67725905583889,542,167,0.0
1066,167,33,83.5,3.34,0.6600000000000001,83.5,16.500000000000004,334.0,43.67725905583889,542,167,0.0
1067,167,33,83.5,3.34,0.6600000000000001,83.5,16.500000000000004,334.0,43.67725905583889,542,167,0.0
1068,167,33,83.5,3.34,0.6600000000000001,83.5,16.500000000000004,334.0,43.67725905583889,542,167,0.0
1069,167,33,83.5,3.34,0.6600000000000001,83.5,16.500000000000004,334.0,43.67725905583889,542,167,0.0
1070,167,33,83.5,3.34,0.6600000000000001,83.5,16.500000000000004,334.0,43.67725905583889,542,167,0.0
1071,167,33,83.5,3.34,0.6600000000000001,83.5,16.500000000000004,334.0,43.67725905583889,542,167,0.0
1072,167,33,83.5,3.34,0.6600000000000001,83.5,16.500000000000004,334.0,43.67725905583889,542,167,0.0
1073,167,33,83.5,3.34,0.6600000000000001,83.5,16.500000000000004,334.0,43.67725905583889,542,167,0.0
1074,167,33,83.5,3.34,0.6600000000000001,83.5,16.500000000000004,334.0,43.67725905583889,542,167,0.0
1075,167,33,83.5,3.34,0.6600000000000001,83.5,16.500000000000004,334.0,43.67725905583889,542,167,0.0
1076,167,33,83.5,3.34,0.6600000000000001,83.5,16.500000000000004,334.0,43.67725905583889,542,167,0.0
1077,167,33,83.5,3.34,0.6600000000000001,83.5,16.500000000000004,334.0,43.67725905583889,542,167,0.0
1078,167,33,83.5,3.34,0.6600000000000001,83.5,16.500000000000004,334.0,43.67725905583889,542,167,0.0
1079,167,33,83.5,3.34,0.6600000000000001,83.5,16.500000000000004,334.0,43.67725905583889,542,167,0.0
1080,167,33,83.5,3.34,0.6600000000000001,83.5,16.500000000000004,334.0,43.67725905583889,542,167,0.0
1081,167,33,83.5,3.34,0.6600000000000001,83.5,16.500000000000004,334.0,43.67725905583889,542,167,0.0
1082,167,33,83.5,3.34,0.6600000000000001,83.5,16.500000000000004,334.0,43.67725905583889,542,167,0.0
1083,167,33,83.5,3.34,0.6600000000000001,83.5,16.500000000000004,334.0,43.67725905583889,542,167,0.0
1084,167,33,83.5,3.34,0.6600000000000001,83.5,16.500000000000004,334.0,43.67725905583889,542,167,0.0
1085,167,33,83.5,3.34,0.6600000000000001,83.5,16.500000000000004,334.0,43.67725905583889,544,167,0.0
1086,167,33,83.5,3.34,0.6600000000000001,83.5,16.500000000000004,334.0,43.67725905583889,546,167,0.0
1087,167,33,83.5,3.34,0.6600000000000001,83.5,16.500000000000004,334.0,43.67725905583889,547,167,0.0
1088,167,33,83.5,3.34,0.6600000000000001,83.5,16.500000000000004,334.0,43.67725905583889,547,167,0.0
1089,167,33,83.5,3.34,0.6600000000000001,83.5,16.500000000000004,334.0,43.67725905583889,548,167,0.0
1090,167,33,83.5,3.34,0.6600000000000001,83.5,16.500000000000004,334.0,43.67725905583889,550,167,0.0
1091,167,33,83.5,3.34,0.6600000000000001,83.5,16.500000000000004,334.0,43.67725905583889,551,167,0.0
1092,167,33,83.5,3.34,0.6600000000000001,83.5,16.500000000000004,334.0,43.67725905583889,551,167,0.0
1093,167,33,83.5,3.34,0.6600000000000001,83.5,16.500000000000004,334.0,43.67725905583889,552,167,0.0
1094,167,33,83.5,3.34,0.6600000000000001,83.5,16.500000000000004,334.0,43.67725905583889,553,167,0.0
1095,167,33,83.5,3.34,0.6600000000000001,83.5,16.500000000000004,334.0,43.67725905583889,554,167,0.0
1096,167,33,83.5,3.34,0.6600000000000001,83.5,16.500000000000004,334.0,43.67725905583889,555,167,0.0
1097,167,33,83.5,3.34,0.6600000000000001,83.5,16.500000000000004,334.0,43.67725905583889,557,167,0.0
1098,167,33,83.5,3.34,0.6600000000000001,83.5,16.500000000000004,334.0,43.67725905583889,558,167,0.0
1099,167,33,83.5,3.34,0.6600000000000001,83.5,16.500000000000004,334.0,43.67725905583889,559,167,0.0
1100,167,33,83.5,3.34,0.6600000000000001,83.5,16.500000000000004,334.0,43.67725905583889,560,167,0.0
1101,167,33,83.5,3.34,0.6600000000000001,83.5,16.500000000000004,334.0,43.67725905583889,561,167,0.0
1102,167,33,83.5,3.34,0.6600000000000001,83.5,16.500000000000004,334.0,43.67725905583889,562,167,0.0
1103,167,33,83.5,3.34,0.6600000000000001,83.5,16.500000000000004,334.0,43.67725905583889,563,167,0.0
1104,167,33,83.5,3.34,0.6600000000000001,83.5,16.500000000000004,334.0,43.67725905583889,564,167,0.0
1105,167,33,83.5,3.34,0.6600000000000001,83.5,16.500000000000004,334.0,43.67725905583889,565,167,0.0
1106,167,33,83.5,3.34,0.6600000000000001,83.5,16.500000000000004,334.0,43.67725905583889,566,167,0.0
1107,167,33,83.5,3.34,0.6600000000000001,83.5,16.500000000000004,334.0,43.67725905583889,566,167,0.0
1108,167,33,83.5,3.34,0.6600000000000001,83.5,16.500000000000004,334.0,43.67725905583889,566,167,0.0
1109,168,32,84.0,3.36,0.6400000000000001,84.0,16.000000000000004,336.0,43.93879952922715,567,168,2.0
1110,168,32,84.0,3.36,0.6400000000000001,84.0,16.000000000000004,336.0,43.93879952922715,567,168,0.0
1111,168,32,84.0,3.36,0.6400000000000001,84.0,16.000000000000004,336.0,43.93879952922715,567,168,0.0
1112,168,32,84.0,3.36,0.6400000000000001,84.0,16.000000000000004,336.0,43.93879952922715,567,168,0.0
1113,168,32,84.0,3.36,0.6400000000000001,84.0,16.000000000000004,336.0,43.93879952922715,567,168,0.0
1114,168,32,84.0,3.36,0.6400000000000001,84.0,16.000000000000004,336.0,43.93879952922715,567,168,0.0
1115,168,32,84.0,3.36,0.6400000000000001,84.0,16.000000000000004,336.0,43.93879952922715,567,168,0.0
1116,168,32,84.0,3.36,0.6400000000000001,84.0,16.000000000000004,336.0,43.93879952922715,567,168,0.0
1117,168,32,84.0,3.36,0.6400000000000001,84.0,16.000000000000004,336.0,43.93879952922715,567,168,0.0
1118,168,32,84.0,3.36,0.6400000000000001,84.0,16.000000000000004,336.0,43.93879952922715,568,168,0.0
1119,168,32,84.0,3.36,0.6400000000000001,84.0,16.000000000000004,336.0,43.93879952922715,568,168,0.0
1120,168,32,84.0,3.36,0.6400000000000001,84.0,16.000000000000004,336.0,43.93879952922715,569,168,0.0
1121,168,32,84.0,3.36,0.6400000000000001,84.0,16.000000000000004,336.0,43.93879952922715,569,168,0.0
1122,169,31,84.5,3.38,0.6200000000000001,84.5,15.500000000000002,338.0,44.2003400026154,570,169,2.0
1123,169,31,84.5,3.38,0.6200000000000001,84.5,15.500000000000002,338.0,44.2003400026154,570,169,0.0
1124,169,31,84.5,3.38,0.6200000000000001,84.5,15.500000000000002,338.0,44.2003400026154,570,169,0.0
1125,169,31,84.5,3.38,0.6200000000000001,84.5,15.500000000000002,338.0,44.2003400026154,571,169,0.0
1126,169,31,84.5,3.38,0.6200000000000001,84.5,15.500000000000002,338.0,44.2003400026154,572,169,0.0
1127,169,31,84.5,3.38,0.6200000000000001,84.5,15.500000000000002,338.0,44.2003400026154,574,169,0.0
1128,169,31,84.5,3.38,0.6200000000000001,84.5,15.500000000000002,338.0,44.2003400026154,575,169,0.0
1129,169,31,84.5,3.38,0.6200000000000001,84.5,15.500000000000002,338.0,44.2003400026154,575,169,0.0
1130,169,31,84.5,3.38,0.6200000000000001,84.5,15.500000000000002,338.0,44.2003400026154,575,169,0.0
1131,169,31,84.5,3.38,0.6200000000000001,84.5,15.500000000000002,338.0,44.2003400026154,575,169,0.0
1132,169,31,84.5,3.38,0.6200000000000001,84.5,15.500000000000002,338.0,44.2003400026154,575,169,0.0
1133,169,31,84.5,3.38,0.6200000000000001,84.5,15.500000000000002,338.0,44.2003400026154,575,169,0.0
1134,169,31,84.5,3.38,0.6200000000000001,84.5,15.500000000000002,338.0,44.2003400026154,575,169,0.0
1135,169,31,84.5,3.38,0.6200000000000001,84.5,15.500000000000002,338.0,44.2003400026154,575,169,0.0
1136,169,31,84.5,3.38,0.6200000000000001,84.5,15.500000000000002,338.0,44.2003400026154,575,169,0.0
1137,169,31,84.5,3.38,0.6200000000000001,84.5,15.500000000000002,338.0,44.2003400026154,575,169,0.0
1138,169,31,84.5,3.38,0.6200000000000001,84.5,15.500000000000002,338.0,44.2003400026154,575,169,0.0
1139,169,31,84.5,3.38,0.6200000000000001,84.5,15.500000000000002,338.0,44.2003400026154,575,169,0.0
1140,169,31,84.5,3.38,0.6200000000000001,84.5,15.500000000000002,338.0,44.2003400026154,575,169,0.0
1141,169,31,84.5,3.38,0.6200000000000001,84.5,15.500000000000002,338.0,44.2003400026154,575,169,0.0
1142,169,31,84.5,3.38,0.6200000000000001,84.5,15.500000000000002,338.0,44.2003400026154,575,169,0.0
1143,169,31,84.5,3.38,0.6200000000000001,84.5,15.500000000000002,338.0,44.2003400026154,575,169,0.0
1144,170,30,85.0,3.4,0.6000000000000001,85.0,15.000000000000002,340.0,44.46188047600366,576,170,2.0
1145,170,30,85.0,3.4,0.6000000000000001,85.0,15.000000000000002,340.0,44.46188047600366,577,170,0.0
1146,170,30,85.0,3.4,0.6000000000000001,85.0,15.000000000000002,340.0,44.46188047600366,578,170,0.0
1147,170,30,85.0,3.4,0.6000000000000001,85.0,15.000000000000002,340.0,44.46188047600366,579,170,0.0
1148,170,30,85.0,3.4,0.6000000000000001,85.0,15.000000000000002,340.0,44.46188047600366,579,170,0.0
1149,170,30,85.0,3.4,0.6000000000000001,85.0,15.000000000000002,340.0,44.46188047600366,579,170,0.0
1150,170,30,85.0,3.4,0.6000000000000001,85.0,15.000000000000002,340.0,44.46188047600366,579,170,0.0
1151,170,30,85.0,3.4,0.6000000000000001,85.0,15.000000000000002,340.0,44.46188047600366,579,170,0.0
1152,170,30,85.0,3.4,0.6000000000000001,85.0,15.000000000000002,340.0,44.46188047600366,579,170,0.0
1153,170,30,85.0,3.4,0.6000000000000001,85.0,15.000000000000002,340.0,44.46188047600366,581,170,0.0
1154,171,29,85.5,3.42,0.5800000000000001,85.5,14.500000000000002,342.0,44.723420949391915,583,171,2.0
1155,171,29,85.5,3.42,0.5800000000000001,85.5,14.500000000000002,342.0,44.723420949391915,583,171,0.0
1156,171,29,85.5,3.42,0.5800000000000001,85.5,14.500000000000002,342.0,44.723420949391915,584,171,0.0
1157,171,29,85.5,3.42,0.5800000000000001,85.5,14.500000000000002,342.0,44.723420949391915,584,171,0.0
1158,171,29,85.5,3.42,0.5800000000000001,85.5,14.500000000000002,342.0,44.723420949391915,584,171,0.0
1159,171,29,85.5,3.42,0.5800000000000001,85.5,14.500000000000002,342.0,44.723420949391915,584,171,0.0
1160,171,29,85.5,3.42,0.5800000000000001,85.5,14.500000000000002,342.0,44.723420949391915,585,171,0.0
1161,171,29,85.5,3.42,0.5800000000000001,85.5,14.500000000000002,342.0,44.723420949391915,586,171,0.0
1162,171,29,85.5,3.42,0.5800000000000001,85.5,14.500000000000002,342.0,44.723420949391915,586,171,0.0
1163,171,29,85.5,3.42,0.5800000000000001,85.5,14.500000000000002,342.0,44.723420949391915,586,171,0.0
1164,171,29,85.5,3.42,0.5800000000000001,85.5,14.500000000000002,342.0,44.723420949391915,586,171,0.0
1165,171,29,85.5,3.42,0.5800000000000001,85.5,14.500000000000002,342.0,44.723420949391915,586,171,0.0
1166,171,29,85.5,3.42,0.5800000000000001,85.5,14.500000000000002,342.0,44.723420949391915,586,171,0.0
1167,171,29,85.5,3.42,0.5800000000000001,85.5,14.500000000000002,342.0,44.723420949391915,586,171,0.0
1168,171,29,85.5,3.42,0.5800000000000001,85.5,14.500000000000002,342.0,44.723420949391915,586,171,0.0
1169,171,29,85.5,3.42,0.5800000000000001,85.5,14.500000000000002,342.0,44.723420949391915,586,171,0.0
1170,171,29,85.5,3.42,0.5800000000000001,85.5,14.500000000000002,342.0,44.723420949391915,586,171,0.0
1171,171,29,85.5,3.42,0.5800000000000001,85.5,14.500000000000002,342.0,44.723420949391915,586,171,0.0
1172,171,29,85.5,3.42,0.5800000000000001,85.5,14.500000000000002,342.0,44.723420949391915,586,171,0.0
1173,171,29,85.5,3.42,0.5800000000000001,85.5,14.500000000000002,342.0,44.723420949391915,586,171,0.0
1174,171,29,85.5,3.42,0.5800000000000001,85.5,14.500000000000002,342.0,44.723420949391915,587,171,0.0
1175,171,29,85.5,3.42,0.5800000000000001,85.5,14.500000000000002,342.0,44.723420949391915,589,171,0.0
1176,171,29,85.5,3.42,0.5800000000000001,85.5,14.500000000000002,342.0,44.723420949391915,589,171,0.0
1177,171,29,85.5,3.42,0.5800000000000001,85.5,14.500000000000002,342.0,44.723420949391915,589,171,0.0
1178,171,29,85.5,3.42,0.5800000000000001,85.5,14.500000000000002,342.0,44.723420949391915,589,171,0.0
1179,171,29,85.5,3.42,0.5800000000000001,85.5,14.500000000000002,342.0,44.723420949391915,589,171,0.0
1180,171,29,85.5,3.42,0.5800000000000001,85.5,14.500000000000002,342.0,44.723420949391915,589,171,0.0
1181,171,29,85.5,3.42,0.5800000000000001,85.5,14.500000000000002,342.0,44.723420949391915,589,171,0.0
1182,171,29,85.5,3.42,0.5800000000000001,85.5,14.500000000000002,342.0,44.723420949391915,589,171,0.0
1183,171,29,85.5,3.42,0.5800000000000001,85.5,14.500000000000002,342.0,44.723420949391915,589,171,0.0
1184,171,29,85.5,3.42,0.5800000000000001,85.5,14.500000000000002,342.0,44.723420949391915,589,171,0.0
1185,171,29,85.5,3.42,0.5800000000000001,85.5,14.500000000000002,342.0,44.723420949391915,589,171,0.0
1186,171,29,85.5,3.42,0.5800000000000001,85.5,14.500000000000002,342.0,44.723420949391915,589,171,0.0
1187,171,29,85.5,3.42,0.5800000000000001,85.5,14.500000000000002,342.0,44.723420949391915,589,171,0.0
1188,171,29,85.5,3.42,0.5800000000000001,85.5,14.500000000000002,342.0,44.723420949391915,590,171,0.0
1189,171,29,85.5,3.42,0.5800000000000001,85.5,14.500000000000002,342.0,44.723420949391915,591,171,0.0
1190,171,29,85.5,3.42,0.5800000000000001,85.5,14.500000000000002,342.0,44.723420949391915,592,171,0.0
1191,171,29,85.5,3.42,0.5800000000000001,85.5,14.500000000000002,342.0,44.723420949391915,594,171,0.0
1192,171,29,85.5,3.42,0.5800000000000001,85.5,14.500000000000002,342.0,44.723420949391915,595,171,0.0
1193,171,29,85.5,3.42,0.5800000000000001,85.5,14.500000000000002,342.0,44.723420949391915,596,171,0.0
1194,171,29,85.5,3.42,0.5800000000000001,85.5,14.500000000000002,342.0,44.723420949391915,597,171,0.0
1195,171,29,85.5,3.42,0.5800000000000001,85.5,14.500000000000002,342.0,44.723420949391915,597,171,0.0
1196,171,29,85.5,3.42,0.5800000000000001,85.5,14.500000000000002,342.0,44.723420949391915,597,171,0.0
1197,171,29,85.5,3.42,0.5800000000000001,85.5,14.500000000000002,342.0,44.723420949391915,598,171,0.0
1198,171,29,85.5,3.42,0.5800000000000001,85.5,14.500000000000002,342.0,44.723420949391915,599,171,0.0
1199,171,29,85.5,3.42,0.5800000000000001,85.5,14.500000000000002,342.0,44.723420949391915,600,171,0.0
1200,171,29,85.5,3.42,0.5800000000000001,85.5,14.500000000000002,342.0,44.723420949391915,601,171,0.0
1201,171,29,85.5,3.42,0.5800000000000001,85.5,14.500000000000002,342.0,44.723420949391915,601,171,0.0
1202,171,29,85.5,3.42,0.5800000000000001,85.5,14.500000000000002,342.0,44.723420949391915,602,171,0.0
1203,171,29,85.5,3.42,0.5800000000000001,85.5,14.500000000000002,342.0,44.723420949391915,602,171,0.0
1204,171,29,85.5,3.42,0.5800000000000001,85.5,14.500000000000002,342.0,44.723420949391915,602,171,0.0
1205,171,29,85.5,3.42,0.5800000000000001,85.5,14.500000000000002,342.0,44.723420949391915,602,171,0.0
1206,171,29,85.5,3.42,0.5800000000000001,85.5,14.500000000000002,342.0,44.723420949391915,602,171,0.0
1207,171,29,85.5,3.42,0.5800000000000001,85.5,14.500000000000002,342.0,44.723420949391915,602,171,0.0
1208,171,29,85.5,3.42,0.5800000000000001,85.5,14.500000000000002,342.0,44.723420949391915,602,171,0.0
1209,171,29,85.5,3.42,0.5800000000000001,85.5,14.500000000000002,342.0,44.723420949391915,603,171,0.0
1210,171,29,85.5,3.42,0.5800000000000001,85.5,14.500000000000002,342.0,44.723420949391915,603,171,0.0
1211,171,29,85.5,3.42,0.5800000000000001,85.5,14.500000000000002,342.0,44.723420949391915,603,171,0.0
1212,171,29,85.5,3.42,0.5800000000000001,85.5,14.500000000000002,342.0,44.723420949391915,603,171,0.0
1213,171,29,85.5,3.42,0.5800000000000001,85.5,14.500000000000002,342.0,44.723420949391915,603,171,0.0
1214,171,29,85.5,3.42,0.5800000000000001,85.5,14.500000000000002,342.0,44.723420949391915,603,171,0.0
1215,171,29,85.5,3.42,0.5800000000000001,85.5,14.500000000000002,342.0,44.723420949391915,603,171,0.0
1216,171,29,85.5,3.42,0.5800000000000001,85.5,14.500000000000002,342.0,44.723420949391915,603,171,0.0
1217,171,29,85.5,3.42,0.5800000000000001,85.5,14.500000000000002,342.0,44.723420949391915,603,171,0.0
1218,172,28,86.0,3.44,0.56,86.0,14.000000000000002,344.0,44.984961422780174,604,172,2.0
1219,172,28,86.0,3.44,0.56,86.0,14.000000000000002,344.0,44.984961422780174,604,172,0.0
1220,172,28,86.0,3.44,0.56,86.0,14.000000000000002,344.0,44.984961422780174,604,172,0.0
1221,172,28,86.0,3.44,0.56,86.0,14.000000000000002,344.0,44.984961422780174,604,172,0.0
1222,172,28,86.0,3.44,0.56,86.0,14.000000000000002,344.0,44.984961422780174,605,172,0.0
1223,172,28,86.0,3.44,0.56,86.0,14.000000000000002,344.0,44.984961422780174,606,172,0.0
1224,172,28,86.0,3.44,0.56,86.0,14.000000000000002,344.0,44.984961422780174,607,172,0.0
1225,172,28,86.0,3.44,0.56,86.0,14.000000000000002,344.0,44.984961422780174,607,172,0.0
1226,172,28,86.0,3.44,0.56,86.0,14.000000000000002,344.0,44.984961422780174,608,172,0.0
1227,172,28,86.0,3.44,0.56,86.0,14.000000000000002,344.0,44.984961422780174,608,172,0.0
1228,172,28,86.0,3.44,0.56,86.0,14.000000000000002,344.0,44.984961422780174,608,172,0.0
1229,172,28,86.0,3.44,0.56,86.0,14.000000000000002,344.0,44.984961422780174,608,172,0.0
1230,172,28,86.0,3.44,0.56,86.0,14.000000000000002,344.0,44.984961422780174,609,172,0.0
1231,172,28,86.0,3.44,0.56,86.0,14.000000000000002,344.0,44.984961422780174,610,172,0.0
1232,172,28,86.0,3.44,0.56,86.0,14.000000000000002,344.0,44.984961422780174,611,172,0.0
1233,172,28,86.0,3.44,0.56,86.0,14.000000000000002,344.0,44.984961422780174,612,172,0.0
1234,172,28,86.0,3.44,0.56,86.0,14.000000000000002,344.0,44.984961422780174,613,172,0.0
1235,172,28,86.0,3.44,0.56,86.0,14.000000000000002,344.0,44.984961422780174,614,172,0.0
1236,172,28,86.0,3.44,0.56,86.0,14.000000000000002,344.0,44.984961422780174,615,172,0.0
1237,172,28,86.0,3.44,0.56,86.0,14.000000000000002,344.0,44.984961422780174,616,172,0.0
1238,172,28,86.0,3.44,0.56,86.0,14.000000000000002,344.0,44.984961422780174,617,172,0.0
1239,173,27,86.5,3.46,0.54,86.5,13.5,346.0,45.246501896168425,619,173,2.0
1240,173,27,86.5,3.46,0.54,86.5,13.5,346.0,45.246501896168425,620,173,0.0
1241,173,27,86.5,3.46,0.54,86.5,13.5,346.0,45.246501896168425,620,173,0.0
1242,173,27,86.5,3.46,0.54,86.5,13.5,346.0,45.246501896168425,620,173,0.0
1243,173,27,86.5,3.46,0.54,86.5,13.5,346.0,45.246501896168425,620,173,0.0
1244,173,27,86.5,3.46,0.54,86.5,13.5,346.0,45.246501896168425,620,173,0.0
1245,173,27,86.5,3.46,0.54,86.5,13.5,346.0,45.246501896168425,620,173,0.0
1246,173,27,86.5,3.46,0.54,86.5,13.5,346.0,45.246501896168425,620,173,0.0
1247,173,27,86.5,3.46,0.54,86.5,13.5,346.0,45.246501896168425,620,173,0.0
1248,173,27,86.5,3.46,0.54,86.5,13.5,346.0,45.246501896168425,620,173,0.0
1249,173,27,86.5,3.46,0.54,86.5,13.5,346.0,45.246501896168425,620,173,0.0
1250,173,27,86.5,3.46,0.54,86.5,13.5,346.0,45.246501896168425,621,173,0.0
1251,173,27,86.5,3.46,0.54,86.5,13.5,346.0,45.246501896168425,622,173,0.0
1252,173,27,86.5,3.46,0.54,86.5,13.5,346.0,45.246501896168425,623,173,0.0
1253,173,27,86.5,3.46,0.54,86.5,13.5,346.0,45.246501896168425,624,173,0.0
1254,173,27,86.5,3.46,0.54,86.5,13.5,346.0,45.246501896168425,626,173,0.0
1255,173,27,86.5,3.46,0.54,86.5,13.5,346.0,45.246501896168425,628,173,0.0
1256,173,27,86.5,3.46,0.54,86.5,13.5,346.0,45.246501896168425,630,173,0.0
1257,173,27,86.5,3.46,0.54,86.5,13.5,346.0,45.246501896168425,631,173,0.0
1258,173,27,86.5,3.46,0.54,86.5,13.5,346.0,45.246501896168425,632,173,0.0
1259,173,27,86.5,3.46,0.54,86.5,13.5,346.0,45.246501896168425,633,173,0.0
1260,173,27,86.5,3.46,0.54,86.5,13.5,346.0,45.246501896168425,634,173,0.0
1261,173,27,86.5,3.46,0.54,86.5,13.5,346.0,45.246501896168425,635,173,0.0
1262,173,27,86.5,3.46,0.54,86.5,13.5,346.0,45.246501896168425,636,173,0.0
1263,173,27,86.5,3.46,0.54,86.5,13.5,346.0,45.246501896168425,638,173,0.0
1264,173,27,86.5,3.46,0.54,86.5,13.5,346.0,45.246501896168425,638,173,0.0
1265,173,27,86.5,3.46,0.54,86.5,13.5,346.0,45.246501896168425,638,173,0.0
1266,173,27,86.5,3.46,0.54,86.5,13.5,346.0,45.246501896168425,639,173,0.0
1267,173,27,86.5,3.46,0.54,86.5,13.5,346.0,45.246501896168425,639,173,0.0
1268,173,27,86.5,3.46,0.54,86.5,13.5,346.0,45.246501896168425,639,173,0.0
1269,173,27,86.5,3.46,0.54,86.5,13.5,346.0,45.246501896168425,639,173,0.0
1270,173,27,86.5,3.46,0.54,86.5,13.5,346.0,45.246501896168425,641,173,0.0
1271,173,27,86.5,3.46,0.54,86.5,13.5,346.0,45.246501896168425,642,173,0.0
1272,173,27,86.5,3.46,0.54,86.5,13.5,346.0,45.246501896168425,642,173,0.0
1273,173,27,86.5,3.46,0.54,86.5,13.5,346.0,45.246501896168425,642,173,0.0
1274,173,27,86.5,3.46,0.54,86.5,13.5,346.0,45.246501896168425,642,173,0.0
1275,173,27,86.5,3.46,0.54,86.5,13.5,346.0,45.246501896168425,643,173,0.0
1276,173,27,86.5,3.46,0.54,86.5,13.5,346.0,45.246501896168425,644,173,0.0
1277,173,27,86.5,3.46,0.54,86.5,13.5,346.0,45.246501896168425,645,173,0.0
1278,174,26,87.0,3.48,0.52,87.0,13.0,348.0,45.508042369556684,647,174,2.0
1279,174,26,87.0,3.48,0.52,87.0,13.0,348.0,45.508042369556684,648,174,0.0
1280,174,26,87.0,3.48,0.52,87.0,13.0,348.0,45.508042369556684,649,174,0.0
1281,174,26,87.0,3.48,0.52,87.0,13.0,348.0,45.508042369556684,649,174,0.0
1282,174,26,87.0,3.48,0.52,87.0,13.0,348.0,45.508042369556684,651,174,0.0
1283,174,26,87.0,3.48,0.52,87.0,13.0,348.0,45.508042369556684,652,174,0.0
1284,174,26,87.0,3.48,0.52,87.0,13.0,348.0,45.508042369556684,652,174,0.0
1285,174,26,87.0,3.48,0.52,87.0,13.0,348.0,45.508042369556684,652,174,0.0
1286,174,26,87.0,3.48,0.52,87.0,13.0,348.0,45.508042369556684,652,174,0.0
1287,174,26,87.0,3.48,0.52,87.0,13.0,348.0,45.508042369556684,653,174,0.0
1288,174,26,87.0,3.48,0.52,87.0,13.0,348.0,45.508042369556684,653,174,0.0
1289,174,26,87.0,3.48,0.52,87.0,13.0,348.0,45.508042369556684,653,174,0.0
1290,174,26,87.0,3.48,0.52,87.0,13.0,348.0,45.508042369556684,653,174,0.0
1291,174,26,87.0,3.48,0.52,87.0,13.0,348.0,45.508042369556684,653,174,0.0
1292,174,26,87.0,3.48,0.52,87.0,13.0,348.0,45.508042369556684,653,174,0.0
1293,174,26,87.0,3.48,0.52,87.0,13.0,348.0,45.508042369556684,653,174,0.0
1294,174,26,87.0,3.48,0.52,87.0,13.0,348.0,45.508042369556684,653,174,0.0
1295,174,26,87.0,3.48,0.52,87.0,13.0,348.0,45.508042369556684,653,174,0.0
1296,174,26,87.0,3.48,0.52,87.0,13.0,348.0,45.508042369556684,653,174,0.0
1297,174,26,87.0,3.48,0.52,87.0,13.0,348.0,45.508042369556684,653,174,0.0
1298,174,26,87.0,3.48,0.52,87.0,13.0,348.0,45.508042369556684,653,174,0.0
1299,174,26,87.0,3.48,0.52,87.0,13.0,348.0,45.508042369556684,654,174,0.0
1300,174,26,87.0,3.48,0.52,87.0,13.0,348.0,45.508042369556684,654,174,0.0
1301,174,26,87.0,3.48,0.52,87.0,13.0,348.0,45.508042369556684,654,174,0.0
1302,174,26,87.0,3.48,0.52,87.0,13.0,348.0,45.508042369556684,655,174,0.0
1303,174,26,87.0,3.48,0.52,87.0,13.0,348.0,45.508042369556684,656,174,0.0
1304,174,26,87.0,3.48,0.52,87.0,13.0,348.0,45.508042369556684,656,174,0.0
1305,174,26,87.0,3.48,0.52,87.0,13.0,348.0,45.508042369556684,656,174,0.0
1306,174,26,87.0,3.48,0.52,87.0,13.0,348.0,45.508042369556684,656,174,0.0
1307,174,26,87.0,3.48,0.52,87.0,13.0,348.0,45.508042369556684,656,174,0.0
1308,174,26,87.0,3.48,0.52,87.0,13.0,348.0,45.508042369556684,656,174,0.0
1309,174,26,87.0,3.48,0.52,87.0,13.0,348.0,45.508042369556684,656,174,0.0
1310,174,26,87.0,3.48,0.52,87.0,13.0,348.0,45.508042369556684,657,174,0.0
1311,174,26,87.0,3.48,0.52,87.0,13.0,348.0,45.508042369556684,659,174,0.0
1312,174,26,87.0,3.48,0.52,87.0,13.0,348.0,45.508042369556684,659,174,0.0
1313,174,26,87.0,3.48,0.52,87.0,13.0,348.0,45.508042369556684,659,174,0.0
1314,174,26,87.0,3.48,0.52,87.0,13.0,348.0,45.508042369556684,661,174,0.0
1315,174,26,87.0,3.48,0.52,87.0,13.0,348.0,45.508042369556684,662,174,0.0
1316,174,26,87.0,3.48,0.52,87.0,13.0,348.0,45.508042369556684,663,174,0.0
1317,174,26,87.0,3.48,0.52,87.0,13.0,348.0,45.508042369556684,665,174,0.0
1318,174,26,87.0,3.48,0.52,87.0,13.0,348.0,45.508042369556684,666,174,0.0
1319,174,26,87.0,3.48,0.52,87.0,13.0,348.0,45.508042369556684,668,174,0.0
1320,174,26,87.0,3.48,0.52,87.0,13.0,348.0,45.508042369556684,669,174,0.0
1321,174,26,87.0,3.48,0.52,87.0,13.0,348.0,45.508042369556684,669,174,0.0
1322,174,26,87.0,3.48,0.52,87.0,13.0,348.0,45.508042369556684,669,174,0.0
1323,174,26,87.0,3.48,0.52,87.0,13.0,348.0,45.508042369556684,669,174,0.0
1324,174,26,87.0,3.48,0.52,87.0,13.0,348.0,45.508042369556684,670,174,0.0
1325,174,26,87.0,3.48,0.52,87.0,13.0,348.0,45.508042369556684,671,174,0.0
1326,174,26,87.0,3.48,0.52,87.0,13.0,348.0,45.508042369556684,672,174,0.0
1327,174,26,87.0,3.48,0.52,87.0,13.0,348.0,45.508042369556684,672,174,0.0
1328,174,26,87.0,3.48,0.52,87.0,13.0,348.0,45.508042369556684,672,174,0.0
1329,174,26,87.0,3.48,0.52,87.0,13.0,348.0,45.508042369556684,672,174,0.0
1330,174,26,87.0,3.48,0.52,87.0,13.0,348.0,45.508042369556684,672,174,0.0
1331,174,26,87.0,3.48,0.52,87.0,13.0,348.0,45.508042369556684,672,174,0.0
1332,174,26,87.0,3.48,0.52,87.0,13.0,348.0,45.508042369556684,672,174,0.0
1333,174,26,87.0,3.48,0.52,87.0,13.0,348.0,45.508042369556684,672,174,0.0
1334,174,26,87.0,3.48,0.52,87.0,13.0,348.0,45.508042369556684,672,174,0.0
1335,174,26,87.0,3.48,0.52,87.0,13.0,348.0,45.508042369556684,672,174,0.0
1336,174,26,87.0,3.48,0.52,87.0,13.0,348.0,45.508042369556684,672,174,0.0
1337,174,26,87.0,3.48,0.52,87.0,13.0,348.0,45.508042369556684,672,174,0.0
1338,174,26,87.0,3.48,0.52,87.0,13.0,348.0,45.508042369556684,672,174,0.0
1339,174,26,87.0,3.48,0.52,87.0,13.0,348.0,45.508042369556684,672,174,0.0
1340,174,26,87.0,3.48,0.52,87.0,13.0,348.0,45.508042369556684,672,174,0.0
1341,174,26,87.0,3.48,0.52,87.0,13.0,348.0,45.508042369556684,673,174,0.0
1342,174,26,87.0,3.48,0.52,87.0,13.0,348.0,45.508042369556684,673,174,0.0
1343,174,26,87.0,3.48,0.52,87.0,13.0,348.0,45.508042369556684,673,174,0.0
1344,174,26,87.0,3.48,0.52,87.0,13.0,348.0,45.508042369556684,673,174,0.0
1345,174,26,87.0,3.48,0.52,87.0,13.0,348.0,45.508042369556684,673,174,0.0
1346,174,26,87.0,3.48,0.52,87.0,13.0,348.0,45.508042369556684,674,174,0.0
1347,174,26,87.0,3.48,0.52,87.0,13.0,348.0,45.508042369556684,675,174,0.0
1348,174,26,87.0,3.48,0.52,87.0,13.0,348.0,45.508042369556684,675,174,0.0
1349,174,26,87.0,3.48,0.52,87.0,13.0,348.0,45.508042369556684,676,174,0.0
1350,174,26,87.0,3.48,0.52,87.0,13.0,348.0,45.508042369556684,676,174,0.0
1351,174,26,87.0,3.48,0.52,87.0,13.0,348.0,45.508042369556684,676,174,0.0
1352,174,26,87.0,3.48,0.52,87.0,13.0,348.0,45.508042369556684,676,174,0.0
1353,174,26,87.0,3.48,0.52,87.0,13.0,348.0,45.508042369556684,676,174,0.0
1354,174,26,87.0,3.48,0.52,87.0,13.0,348.0,45.508042369556684,676,174,0.0
1355,174,26,87.0,3.48,0.52,87.0,13.0,348.0,45.508042369556684,676,174,0.0
1356,174,26,87.0,3.48,0.52,87.0,13.0,348.0,45.508042369556684,676,174,0.0
1357,174,26,87.0,3.48,0.52,87.0,13.0,348.0,45.508042369556684,676,174,0.0
1358,174,26,87.0,3.48,0.52,87.0,13.0,348.0,45.508042369556684,676,174,0.0
1359,174,26,87.0,3.48,0.52,87.0,13.0,348.0,45.508042369556684,676,174,0.0
1360,174,26,87.0,3.48,0.52,87.0,13.0,348.0,45.508042369556684,677,174,0.0
1361,174,26,87.0,3.48,0.52,87.0,13.0,348.0,45.508042369556684,678,174,0.0
1362,174,26,87.0,3.48,0.52,87.0,13.0,348.0,45.508042369556684,679,174,0.0
1363,174,26,87.0,3.48,0.52,87.0,13.0,348.0,45.508042369556684,679,174,0.0
1364,174,26,87.0,3.48,0.52,87.0,13.0,348.0,45.508042369556684,679,174,0.0
1365,174,26,87.0,3.48,0.52,87.0,13.0,348.0,45.508042369556684,679,174,0.0
1366,174,26,87.0,3.48,0.52,87.0,13.0,348.0,45.508042369556684,679,174,0.0
1367,174,26,87.0,3.48,0.52,87.0,13.0,348.0,45.508042369556684,680,174,0.0
1368,174,26,87.0,3.48,0.52,87.0,13.0,348.0,45.508042369556684,681,174,0.0
1369,174,26,87.0,3.48,0.52,87.0,13.0,348.0,45.508042369556684,681,174,0.0
1370,174,26,87.0,3.48,0.52,87.0,13.0,348.0,45.508042369556684,681,174,0.0
1371,174,26,87.0,3.48,0.52,87.0,13.0,348.0,45.508042369556684,683,174,0.0
1372,174,26,87.0,3.48,0.52,87.0,13.0,348.0,45.508042369556684,686,174,0.0
1373,174,26,87.0,3.48,0.52,87.0,13.0,348.0,45.508042369556684,687,174,0.0
1374,174,26,87.0,3.48,0.52,87.0,13.0,348.0,45.508042369556684,689,174,0.0
1375,174,26,87.0,3.48,0.52,87.0,13.0,348.0,45.508042369556684,690,174,0.0
1376,174,26,87.0,3.48,0.52,87.0,13.0,348.0,45.508042369556684,691,174,0.0
1377,174,26,87.0,3.48,0.52,87.0,13.0,348.0,45.508042369556684,691,174,0.0
1378,174,26,87.0,3.48,0.52,87.0,13.0,348.0,45.508042369556684,691,174,0.0
1379,174,26,87.0,3.48,0.52,87.0,13.0,348.0,45.508042369556684,691,174,0.0
1380,174,26,87.0,3.48,0.52,87.0,13.0,348.0,45.508042369556684,692,174,0.0
1381,174,26,87.0,3.48,0.52,87.0,13.0,348.0,45.508042369556684,693,174,0.0
1382,174,26,87.0,3.48,0.52,87.0,13.0,348.0,45.508042369556684,693,174,0.0
1383,174,26,87.0,3.48,0.52,87.0,13.0,348.0,45.508042369556684,693,174,0.0
1384,174,26,87.0,3.48,0.52,87.0,13.0,348.0,45.508042369556684,693,174,0.0
1385,174,26,87.0,3.48,0.52,87.0,13.0,348.0,45.508042369556684,693,174,0.0
1386,174,26,87.0,3.48,0.52,87.0,13.0,348.0,45.508042369556684,693,174,0.0
1387,174,26,87.0,3.48,0.52,87.0,13.0,348.0,45.508042369556684,694,174,0.0
1388,174,26,87.0,3.48,0.52,87.0,13.0,348.0,45.508042369556684,695,174,0.0
1389,174,26,87.0,3.48,0.52,87.0,13.0,348.0,45.508042369556684,696,174,0.0
1390,174,26,87.0,3.48,0.52,87.0,13.0,348.0,45.508042369556684,697,174,0.0
1391,174,26,87.0,3.48,0.52,87.0,13.0,348.0,45.508042369556684,698,174,0.0
1392,174,26,87.0,3.48,0.52,87.0,13.0,348.0,45.508042369556684,699,174,0.0
1393,174,26,87.0,3.48,0.52,87.0,13.0,348.0,45.508042369556684,701,174,0.0
1394,174,26,87.0,3.48,0.52,87.0,13.0,348.0,45.508042369556684,702,174,0.0
1395,174,26,87.0,3.48,0.52,87.0,13.0,348.0,45.508042369556684,703,174,0.0
1396,174,26,87.0,3.48,0.52,87.0,13.0,348.0,45.508042369556684,703,174,0.0
1397,174,26,87.0,3.48,0.52,87.0,13.0,348.0,45.508042369556684,703,174,0.0
1398,174,26,87.0,3.48,0.52,87.0,13.0,348.0,45.508042369556684,703,174,0.0
1399,174,26,87.0,3.48,0.52,87.0,13.0,348.0,45.508042369556684,703,174,0.0
1400,174,26,87.0,3.48,0.52,87.0,13.0,348.0,45.508042369556684,703,174,0.0
1401,174,26,87.0,3.48,0.52,87.0,13.0,348.0,45.508042369556684,703,174,0.0
1402,175,25,87.5,3.5,0.5,87.5,12.5,350.0,45.76958284294494,704,175,2.0
1403,175,25,87.5,3.5,0.5,87.5,12.5,350.0,45.76958284294494,704,175,0.0
1404,175,25,87.5,3.5,0.5,87.5,12.5,350.0,45.76958284294494,704,175,0.0
1405,175,25,87.5,3.5,0.5,87.5,12.5,350.0,45.76958284294494,704,175,0.0
1406,175,25,87.5,3.5,0.5,87.5,12.5,350.0,45.76958284294494,704,175,0.0
1407,175,25,87.5,3.5,0.5,87.5,12.5,350.0,45.76958284294494,704,175,0.0
1408,175,25,87.5,3.5,0.5,87.5,12.5,350.0,45.76958284294494,704,175,0.0
1409,175,25,87.5,3.5,0.5,87.5,12.5,350.0,45.76958284294494,705,175,0.0
1410,175,25,87.5,3.5,0.5,87.5,12.5,350.0,45.76958284294494,705,175,0.0
1411,175,25,87.5,3.5,0.5,87.5,12.5,350.0,45.76958284294494,705,175,0.0
1412,175,25,87.5,3.5,0.5,87.5,12.5,350.0,45.76958284294494,706,175,0.0
1413,175,25,87.5,3.5,0.5,87.5,12.5,350.0,45.76958284294494,707,175,0.0
1414,175,25,87.5,3.5,0.5,87.5,12.5,350.0,45.76958284294494,709,175,0.0
1415,175,25,87.5,3.5,0.5,87.5,12.5,350.0,45.76958284294494,710,175,0.0
1416,175,25,87.5,3.5,0.5,87.5,12.5,350.0,45.76958284294494,711,175,0.0
1417,175,25,87.5,3.5,0.5,87.5,12.5,350.0,45.76958284294494,712,175,0.0
1418,175,25,87.5,3.5,0.5,87.5,12.5,350.0,45.76958284294494,713,175,0.0
1419,175,25,87.5,3.5,0.5,87.5,12.5,350.0,45.76958284294494,714,175,0.0
1420,175,25,87.5,3.5,0.5,87.5,12.5,350.0,45.76958284294494,714,175,0.0
1421,175,25,87.5,3.5,0.5,87.5,12.5,350.0,45.76958284294494,714,175,0.0
1422,175,25,87.5,3.5,0.5,87.5,12.5,350.0,45.76958284294494,715,175,0.0
1423,175,25,87.5,3.5,0.5,87.5,12.5,350.0,45.76958284294494,716,175,0.0
1424,175,25,87.5,3.5,0.5,87.5,12.5,350.0,45.76958284294494,717,175,0.0
1425,175,25,87.5,3.5,0.5,87.5,12.5,350.0,45.76958284294494,718,175,0.0
1426,175,25,87.5,3.5,0.5,87.5,12.5,350.0,45.76958284294494,719,175,0.0
1427,175,25,87.5,3.5,0.5,87.5,12.5,350.0,45.76958284294494,719,175,0.0
1428,175,25,87.5,3.5,0.5,87.5,12.5,350.0,45.76958284294494,719,175,0.0
1429,175,25,87.5,3.5,0.5,87.5,12.5,350.0,45.76958284294494,719,175,0.0
1430,175,25,87.5,3.5,0.5,87.5,12.5,350.0,45.76958284294494,719,175,0.0
1431,175,25,87.5,3.5,0.5,87.5,12.5,350.0,45.76958284294494,719,175,0.0
1432,175,25,87.5,3.5,0.5,87.5,12.5,350.0,45.76958284294494,719,175,0.0
1433,175,25,87.5,3.5,0.5,87.5,12.5,350.0,45.76958284294494,719,175,0.0
1434,175,25,87.5,3.5,0.5,87.5,12.5,350.0,45.76958284294494,719,175,0.0
1435,175,25,87.5,3.5,0.5,87.5,12.5,350.0,45.76958284294494,719,175,0.0
1436,175,25,87.5,3.5,0.5,87.5,12.5,350.0,45.76958284294494,719,175,0.0
1437,175,25,87.5,3.5,0.5,87.5,12.5,350.0,45.76958284294494,719,175,0.0
1438,175,25,87.5,3.5,0.5,87.5,12.5,350.0,45.76958284294494,719,175,0.0
1439,175,25,87.5,3.5,0.5,87.5,12.5,350.0,45.76958284294494,719,175,0.0
1440,175,25,87.5,3.5,0.5,87.5,12.5,350.0,45.76958284294494,719,175,0.0
1441,175,25,87.5,3.5,0.5,87.5,12.5,350.0,45.76958284294494,719,175,0.0
1442,175,25,87.5,3.5,0.5,87.5,12.5,350.0,45.76958284294494,720,175,0.0
1443,175,25,87.5,3.5,0.5,87.5,12.5,350.0,45.76958284294494,720,175,0.0
1444,175,25,87.5,3.5,0.5,87.5,12.5,350.0,45.76958284294494,720,175,0.0
1445,175,25,87.5,3.5,0.5,87.5,12.5,350.0,45.76958284294494,720,175,0.0
1446,175,25,87.5,3.5,0.5,87.5,12.5,350.0,45.76958284294494,720,175,0.0
1447,175,25,87.5,3.5,0.5,87.5,12.5,350.0,45.76958284294494,720,175,0.0
1448,175,25,87.5,3.5,0.5,87.5,12.5,350.0,45.76958284294494,720,175,0.0
1449,175,25,87.5,3.5,0.5,87.5,12.5,350.0,45.76958284294494,720,175,0.0
1450,175,25,87.5,3.5,0.5,87.5,12.5,350.0,45.76958284294494,720,175,0.0
1451,175,25,87.5,3.5,0.5,87.5,12.5,350.0,45.76958284294494,721,175,0.0
1452,175,25,87.5,3.5,0.5,87.5,12.5,350.0,45.76958284294494,723,175,0.0
1453,175,25,87.5,3.5,0.5,87.5,12.5,350.0,45.76958284294494,724,175,0.0
1454,175,25,87.5,3.5,0.5,87.5,12.5,350.0,45.76958284294494,725,175,0.0
1455,175,25,87.5,3.5,0.5,87.5,12.5,350.0,45.76958284294494,726,175,0.0
1456,175,25,87.5,3.5,0.5,87.5,12.5,350.0,45.76958284294494,727,175,0.0
1457,175,25,87.5,3.5,0.5,87.5,12.5,350.0,45.76958284294494,728,175,0.0
1458,175,25,87.5,3.5,0.5,87.5,12.5,350.0,45.76958284294494,729,175,0.0
1459,175,25,87.5,3.5,0.5,87.5,12.5,350.0,45.76958284294494,729,175,0.0
1460,175,25,87.5,3.5,0.5,87.5,12.5,350.0,45.76958284294494,729,175,0.0
1461,175,25,87.5,3.5,0.5,87.5,12.5,350.0,45.76958284294494,729,175,0.0
1462,175,25,87.5,3.5,0.5,87.5,12.5,350.0,45.76958284294494,729,175,0.0
1463,175,25,87.5,3.5,0.5,87.5,12.5,350.0,45.76958284294494,729,175,0.0
1464,175,25,87.5,3.5,0.5,87.5,12.5,350.0,45.76958284294494,729,175,0.0
1465,175,25,87.5,3.5,0.5,87.5,12.5,350.0,45.76958284294494,730,175,0.0
1466,175,25,87.5,3.5,0.5,87.5,12.5,350.0,45.76958284294494,730,175,0.0
1467,175,25,87.5,3.5,0.5,87.5,12.5,350.0,45.76958284294494,730,175,0.0
1468,175,25,87.5,3.5,0.5,87.5,12.5,350.0,45.76958284294494,731,175,0.0
1469,175,25,87.5,3.5,0.5,87.5,12.5,350.0,45.76958284294494,732,175,0.0
1470,175,25,87.5,3.5,0.5,87.5,12.5,350.0,45.76958284294494,733,175,0.0
1471,175,25,87.5,3.5,0.5,87.5,12.5,350.0,45.76958284294494,733,175,0.0
1472,175,25,87.5,3.5,0.5,87.5,12.5,350.0,45.76958284294494,733,175,0.0
1473,175,25,87.5,3.5,0.5,87.5,12.5,350.0,45.76958284294494,734,175,0.0
1474,175,25,87.5,3.5,0.5,87.5,12.5,350.0,45.76958284294494,735,175,0.0
1475,175,25,87.5,3.5,0.5,87.5,12.5,350.0,45.76958284294494,735,175,0.0
1476,175,25,87.5,3.5,0.5,87.5,12.5,350.0,45.76958284294494,736,175,0.0
1477,175,25,87.5,3.5,0.5,87.5,12.5,350.0,45.76958284294494,737,175,0.0
1478,175,25,87.5,3.5,0.5,87.5,12.5,350.0,45.76958284294494,738,175,0.0
1479,175,25,87.5,3.5,0.5,87.5,12.5,350.0,45.76958284294494,740,175,0.0
1480,175,25,87.5,3.5,0.5,87.5,12.5,350.0,45.76958284294494,742,175,0.0
1481,175,25,87.5,3.5,0.5,87.5,12.5,350.0,45.76958284294494,743,175,0.0
1482,175,25,87.5,3.5,0.5,87.5,12.5,350.0,45.76958284294494,744,175,0.0
1483,175,25,87.5,3.5,0.5,87.5,12.5,350.0,45.76958284294494,745,175,0.0
1484,175,25,87.5,3.5,0.5,87.5,12.5,350.0,45.76958284294494,746,175,0.0
1485,175,25,87.5,3.5,0.5,87.5,12.5,350.0,45.76958284294494,747,175,0.0
1486,175,25,87.5,3.5,0.5,87.5,12.5,350.0,45.76958284294494,747,175,0.0
1487,175,25,87.5,3.5,0.5,87.5,12.5,350.0,45.76958284294494,747,175,0.0
1488,175,25,87.5,3.5,0.5,87.5,12.5,350.0,45.76958284294494,747,175,0.0
1489,175,25,87.5,3.5,0.5,87.5,12.5,350.0,45.76958284294494,747,175,0.0
1490,175,25,87.5,3.5,0.5,87.5,12.5,350.0,45.76958284294494,748,175,0.0
1491,175,25,87.5,3.5,0.5,87.5,12.5,350.0,45.76958284294494,748,175,0.0
1492,175,25,87.5,3.5,0.5,87.5,12.5,350.0,45.76958284294494,748,175,0.0
1493,175,25,87.5,3.5,0.5,87.5,12.5,350.0,45.76958284294494,748,175,0.0
1494,175,25,87.5,3.5,0.5,87.5,12.5,350.0,45.76958284294494,748,175,0.0
1495,175,25,87.5,3.5,0.5,87.5,12.5,350.0,45.76958284294494,748,175,0.0
1496,175,25,87.5,3.5,0.5,87.5,12.5,350.0,45.76958284294494,748,175,0.0
1497,175,25,87.5,3.5,0.5,87.5,12.5,350.0,45.76958284294494,748,175,0.0
1498,175,25,87.5,3.5,0.5,87.5,12.5,350.0,45.76958284294494,750,175,0.0
1499,175,25,87.5,3.5,0.5,87.5,12.5,350.0,45.76958284294494,751,175,0.0
1500,175,25,87.5,3.5,0.5,87.5,12.5,350.0,45.76958284294494,753,175,0.0
1501,175,25,87.5,3.5,0.5,87.5,12.5,350.0,45.76958284294494,753,175,0.0
1502,175,25,87.5,3.5,0.5,87.5,12.5,350.0,45.76958284294494,753,175,0.0
1503,175,25,87.5,3.5,0.5,87.5,12.5,350.0,45.76958284294494,754,175,0.0
1504,175,25,87.5,3.5,0.5,87.5,12.5,350.0,45.76958284294494,755,175,0.0
1505,175,25,87.5,3.5,0.5,87.5,12.5,350.0,45.76958284294494,756,175,0.0
1506,176,24,88.0,3.52,0.48,88.0,12.0,352.0,46.0311233163332,758,176,2.0
1507,176,24,88.0,3.52,0.48,88.0,12.0,352.0,46.0311233163332,759,176,0.0
1508,176,24,88.0,3.52,0.48,88.0,12.0,352.0,46.0311233163332,760,176,0.0
1509,176,24,88.0,3.52,0.48,88.0,12.0,352.0,46.0311233163332,761,176,0.0
1510,176,24,88.0,3.52,0.48,88.0,12.0,352.0,46.0311233163332,761,176,0.0
1511,176,24,88.0,3.52,0.48,88.0,12.0,352.0,46.0311233163332,761,176,0.0
1512,176,24,88.0,3.52,0.48,88.0,12.0,352.0,46.0311233163332,761,176,0.0
1513,176,24,88.0,3.52,0.48,88.0,12.0,352.0,46.0311233163332,761,176,0.0
1514,176,24,88.0,3.52,0.48,88.0,12.0,352.0,46.0311233163332,761,176,0.0
1515,176,24,88.0,3.52,0.48,88.0,12.0,352.0,46.0311233163332,762,176,0.0
1516,176,24,88.0,3.52,0.48,88.0,12.0,352.0,46.0311233163332,763,176,0.0
1517,176,24,88.0,3.52,0.48,88.0,12.0,352.0,46.0311233163332,764,176,0.0
1518,176,24,88.0,3.52,0.48,88.0,12.0,352.0,46.0311233163332,765,176,0.0
1519,176,24,88.0,3.52,0.48,88.0,12.0,352.0,46.0311233163332,765,176,0.0
1520,176,24,88.0,3.52,0.48,88.0,12.0,352.0,46.0311233163332,766,176,0.0
1521,176,24,88.0,3.52,0.48,88.0,12.0,352.0,46.0311233163332,766,176,0.0
1522,176,24,88.0,3.52,0.48,88.0,12.0,352.0,46.0311233163332,766,176,0.0
1523,176,24,88.0,3.52,0.48,88.0,12.0,352.0,46.0311233163332,766,176,0.0
1524,176,24,88.0,3.52,0.48,88.0,12.0,352.0,46.0311233163332,766,176,0.0
1525,176,24,88.0,3.52,0.48,88.0,12.0,352.0,46.0311233163332,766,176,0.0
1526,176,24,88.0,3.52,0.48,88.0,12.0,352.0,46.0311233163332,766,176,0.0
1527,176,24,88.0,3.52,0.48,88.0,12.0,352.0,46.0311233163332,766,176,0.0
1528,176,24,88.0,3.52,0.48,88.0,12.0,352.0,46.0311233163332,767,176,0.0
1529,176,24,88.0,3.52,0.48,88.0,12.0,352.0,46.0311233163332,768,176,0.0
1530,176,24,88.0,3.52,0.48,88.0,12.0,352.0,46.0311233163332,768,176,0.0
1531,176,24,88.0,3.52,0.48,88.0,12.0,352.0,46.0311233163332,769,176,0.0
1532,176,24,88.0,3.52,0.48,88.0,12.0,352.0,46.0311233163332,770,176,0.0
1533,176,24,88.0,3.52,0.48,88.0,12.0,352.0,46.0311233163332,771,176,0.0
1534,176,24,88.0,3.52,0.48,88.0,12.0,352.0,46.0311233163332,771,176,0.0
1535,176,24,88.0,3.52,0.48,88.0,12.0,352.0,46.0311233163332,771,176,0.0
1536,176,24,88.0,3.52,0.48,88.0,12.0,352.0,46.0311233163332,772,176,0.0
1537,176,24,88.0,3.52,0.48,88.0,12.0,352.0,46.0311233163332,772,176,0.0
1538,176,24,88.0,3.52,0.48,88.0,12.0,352.0,46.0311233163332,774,176,0.0
1539,176,24,88.0,3.52,0.48,88.0,12.0,352.0,46.0311233163332,775,176,0.0
1540,176,24,88.0,3.52,0.48,88.0,12.0,352.0,46.0311233163332,776,176,0.0
1541,176,24,88.0,3.52,0.48,88.0,12.0,352.0,46.0311233163332,777,176,0.0
1542,176,24,88.0,3.52,0.48,88.0,12.0,352.0,46.0311233163332,778,176,0.0
1543,176,24,88.0,3.52,0.48,88.0,12.0,352.0,46.0311233163332,779,176,0.0
1544,176,24,88.0,3.52,0.48,88.0,12.0,352.0,46.0311233163332,780,176,0.0
1545,176,24,88.0,3.52,0.48,88.0,12.0,352.0,46.0311233163332,783,176,0.0
1546,176,24,88.0,3.52,0.48,88.0,12.0,352.0,46.0311233163332,783,176,0.0
1547,176,24,88.0,3.52,0.48,88.0,12.0,352.0,46.0311233163332,784,176,0.0
1548,176,24,88.0,3.52,0.48,88.0,12.0,352.0,46.0311233163332,785,176,0.0
1549,176,24,88.0,3.52,0.48,88.0,12.0,352.0,46.0311233163332,785,176,0.0
1550,176,24,88.0,3.52,0.48,88.0,12.0,352.0,46.0311233163332,786,176,0.0
1551,176,24,88.0,3.52,0.48,88.0,12.0,352.0,46.0311233163332,787,176,0.0
1552,176,24,88.0,3.52,0.48,88.0,12.0,352.0,46.0311233163332,788,176,0.0
1553,176,24,88.0,3.52,0.48,88.0,12.0,352.0,46.0311233163332,789,176,0.0
1554,176,24,88.0,3.52,0.48,88.0,12.0,352.0,46.0311233163332,789,176,0.0
1555,176,24,88.0,3.52,0.48,88.0,12.0,352.0,46.0311233163332,790,176,0.0
1556,176,24,88.0,3.52,0.48,88.0,12.0,352.0,46.0311233163332,790,176,0.0
1557,176,24,88.0,3.52,0.48,88.0,12.0,352.0,46.0311233163332,791,176,0.0
1558,176,24,88.0,3.52,0.48,88.0,12.0,352.0,46.0311233163332,791,176,0.0
1559,177,23,88.5,3.54,0.45999999999999996,88.5,11.499999999999998,354.0,46.29266378972146,793,177,2.0
1560,177,23,88.5,3.54,0.45999999999999996,88.5,11.499999999999998,354.0,46.29266378972146,793,177,0.0
1561,177,23,88.5,3.54,0.45999999999999996,88.5,11.499999999999998,354.0,46.29266378972146,793,177,0.0
1562,177,23,88.5,3.54,0.45999999999999996,88.5,11.499999999999998,354.0,46.29266378972146,793,177,0.0
1563,177,23,88.5,3.54,0.45999999999999996,88.5,11.499999999999998,354.0,46.29266378972146,793,177,0.0
1564,177,23,88.5,3.54,0.45999999999999996,88.5,11.499999999999998,354.0,46.29266378972146,793,177,0.0
1565,177,23,88.5,3.54,0.45999999999999996,88.5,11.499999999999998,354.0,46.29266378972146,793,177,0.0
1566,177,23,88.5,3.54,0.45999999999999996,88.5,11.499999999999998,354.0,46.29266378972146,793,177,0.0
1567,177,23,88.5,3.54,0.45999999999999996,88.5,11.499999999999998,354.0,46.29266378972146,793,177,0.0
1568,177,23,88.5,3.54,0.45999999999999996,88.5,11.499999999999998,354.0,46.29266378972146,793,177,0.0
1569,177,23,88.5,3.54,0.45999999999999996,88.5,11.499999999999998,354.0,46.29266378972146,793,177,0.0
1570,177,23,88.5,3.54,0.45999999999999996,88.5,11.499999999999998,354.0,46.29266378972146,793,177,0.0
1571,177,23,88.5,3.54,0.45999999999999996,88.5,11.499999999999998,354.0,46.29266378972146,793,177,0.0
1572,177,23,88.5,3.54,0.45999999999999996,88.5,11.499999999999998,354.0,46.29266378972146,793,177,0.0
1573,177,23,88.5,3.54,0.45999999999999996,88.5,11.499999999999998,354.0,46.29266378972146,794,177,0.0
1574,177,23,88.5,3.54,0.45999999999999996,88.5,11.499999999999998,354.0,46.29266378972146,795,177,0.0
1575,177,23,88.5,3.54,0.45999999999999996,88.5,11.499999999999998,354.0,46.29266378972146,796,177,0.0
1576,177,23,88.5,3.54,0.45999999999999996,88.5,11.499999999999998,354.0,46.29266378972146,797,177,0.0
1577,177,23,88.5,3.54,0.45999999999999996,88.5,11.499999999999998,354.0,46.29266378972146,798,177,0.0
1578,177,23,88.5,3.54,0.45999999999999996,88.5,11.499999999999998,354.0,46.29266378972146,799,177,0.0
1579,177,23,88.5,3.54,0.45999999999999996,88.5,11.499999999999998,354.0,46.29266378972146,801,177,0.0
1580,177,23,88.5,3.54,0.45999999999999996,88.5,11.499999999999998,354.0,46.29266378972146,803,177,0.0
1581,177,23,88.5,3.54,0.45999999999999996,88.5,11.499999999999998,354.0,46.29266378972146,804,177,0.0
1582,177,23,88.5,3.54,0.45999999999999996,88.5,11.499999999999998,354.0,46.29266378972146,805,177,0.0
1583,177,23,88.5,3.54,0.45999999999999996,88.5,11.499999999999998,354.0,46.29266378972146,806,177,0.0
1584,177,23,88.5,3.54,0.45999999999999996,88.5,11.499999999999998,354.0,46.29266378972146,807,177,0.0
1585,177,23,88.5,3.54,0.45999999999999996,88.5,11.499999999999998,354.0,46.29266378972146,809,177,0.0
1586,177,23,88.5,3.54,0.45999999999999996,88.5,11.499999999999998,354.0,46.29266378972146,812,177,0.0
1587,177,23,88.5,3.54,0.45999999999999996,88.5,11.499999999999998,354.0,46.29266378972146,816,177,0.0
1588,177,23,88.5,3.54,0.45999999999999996,88.5,11.499999999999998,354.0,46.29266378972146,819,177,0.0
1589,177,23,88.5,3.54,0.45999999999999996,88.5,11.499999999999998,354.0,46.29266378972146,821,177,0.0
1590,177,23,88.5,3.54,0.45999999999999996,88.5,11.499999999999998,354.0,46.29266378972146,823,177,0.0
1591,177,23,88.5,3.54,0.45999999999999996,88.5,11.499999999999998,354.0,46.29266378972146,824,177,0.0
1592,177,23,88.5,3.54,0.45999999999999996,88.5,11.499999999999998,354.0,46.29266378972146,826,177,0.0
1593,177,23,88.5,3.54,0.45999999999999996,88.5,11.499999999999998,354.0,46.29266378972146,827,177,0.0
1594,177,23,88.5,3.54,0.45999999999999996,88.5,11.499999999999998,354.0,46.29266378972146,828,177,0.0
1595,177,23,88.5,3.54,0.45999999999999996,88.5,11.499999999999998,354.0,46.29266378972146,828,177,0.0
1596,177,23,88.5,3.54,0.45999999999999996,88.5,11.499999999999998,354.0,46.29266378972146,828,177,0.0
1597,177,23,88.5,3.54,0.45999999999999996,88.5,11.499999999999998,354.0,46.29266378972146,829,177,0.0
1598,177,23,88.5,3.54,0.45999999999999996,88.5,11.499999999999998,354.0,46.29266378972146,830,177,0.0
1599,177,23,88.5,3.54,0.45999999999999996,88.5,11.499999999999998,354.0,46.29266378972146,831,177,0.0
1600,177,23,88.5,3.54,0.45999999999999996,88.5,11.499999999999998,354.0,46.29266378972146,831,177,0.0
1601,177,23,88.5,3.54,0.45999999999999996,88.5,11.499999999999998,354.0,46.29266378972146,831,177,0.0
1602,177,23,88.5,3.54,0.45999999999999996,88.5,11.499999999999998,354.0,46.29266378972146,831,177,0.0
1603,177,23,88.5,3.54,0.45999999999999996,88.5,11.499999999999998,354.0,46.29266378972146,832,177,0.0
1604,177,23,88.5,3.54,0.45999999999999996,88.5,11.499999999999998,354.0,46.29266378972146,832,177,0.0
1605,177,23,88.5,3.54,0.45999999999999996,88.5,11.499999999999998,354.0,46.29266378972146,832,177,0.0
1606,177,23,88.5,3.54,0.45999999999999996,88.5,11.499999999999998,354.0,46.29266378972146,832,177,0.0
1607,177,23,88.5,3.54,0.45999999999999996,88.5,11.499999999999998,354.0,46.29266378972146,832,177,0.0
1608,177,23,88.5,3.54,0.45999999999999996,88.5,11.499999999999998,354.0,46.29266378972146,832,177,0.0
1609,177,23,88.5,3.54,0.45999999999999996,88.5,11.499999999999998,354.0,46.29266378972146,832,177,0.0
1610,177,23,88.5,3.54,0.45999999999999996,88.5,11.499999999999998,354.0,46.29266378972146,832,177,0.0
1611,177,23,88.5,3.54,0.45999999999999996,88.5,11.499999999999998,354.0,46.29266378972146,832,177,0.0
1612,177,23,88.5,3.54,0.45999999999999996,88.5,11.499999999999998,354.0,46.29266378972146,833,177,0.0
1613,177,23,88.5,3.54,0.45999999999999996,88.5,11.499999999999998,354.0,46.29266378972146,833,177,0.0
1614,177,23,88.5,3.54,0.45999999999999996,88.5,11.499999999999998,354.0,46.29266378972146,834,177,0.0
1615,177,23,88.5,3.54,0.45999999999999996,88.5,11.499999999999998,354.0,46.29266378972146,834,177,0.0
1616,177,23,88.5,3.54,0.45999999999999996,88.5,11.499999999999998,354.0,46.29266378972146,834,177,0.0
1617,177,23,88.5,3.54,0.45999999999999996,88.5,11.499999999999998,354.0,46.29266378972146,834,177,0.0
1618,177,23,88.5,3.54,0.45999999999999996,88.5,11.499999999999998,354.0,46.29266378972146,834,177,0.0
1619,177,23,88.5,3.54,0.45999999999999996,88.5,11.499999999999998,354.0,46.29266378972146,834,177,0.0
1620,177,23,88.5,3.54,0.45999999999999996,88.5,11.499999999999998,354.0,46.29266378972146,834,177,0.0
1621,177,23,88.5,3.54,0.45999999999999996,88.5,11.499999999999998,354.0,46.29266378972146,834,177,0.0
1622,177,23,88.5,3.54,0.45999999999999996,88.5,11.499999999999998,354.0,46.29266378972146,834,177,0.0
1623,177,23,88.5,3.54,0.45999999999999996,88.5,11.499999999999998,354.0,46.29266378972146,834,177,0.0
1624,177,23,88.5,3.54,0.45999999999999996,88.5,11.499999999999998,354.0,46.29266378972146,834,177,0.0
1625,177,23,88.5,3.54,0.45999999999999996,88.5,11.499999999999998,354.0,46.29266378972146,834,177,0.0
1626,177,23,88.5,3.54,0.45999999999999996,88.5,11.499999999999998,354.0,46.29266378972146,834,177,0.0
1627,177,23,88.5,3.54,0.45999999999999996,88.5,11.499999999999998,354.0,46.29266378972146,834,177,0.0
1628,177,23,88.5,3.54,0.45999999999999996,88.5,11.499999999999998,354.0,46.29266378972146,834,177,0.0
1629,177,23,88.5,3.54,0.45999999999999996,88.5,11.499999999999998,354.0,46.29266378972146,834,177,0.0
1630,177,23,88.5,3.54,0.45999999999999996,88.5,11.499999999999998,354.0,46.29266378972146,834,177,0.0
1631,177,23,88.5,3.54,0.45999999999999996,88.5,11.499999999999998,354.0,46.29266378972146,834,177,0.0
1632,177,23,88.5,3.54,0.45999999999999996,88.5,11.499999999999998,354.0,46.29266378972146,834,177,0.0
1633,177,23,88.5,3.54,0.45999999999999996,88.5,11.499999999999998,354.0,46.29266378972146,834,177,0.0
1634,177,23,88.5,3.54,0.45999999999999996,88.5,11.499999999999998,354.0,46.29266378972146,834,177,0.0
1635,177,23,88.5,3.54,0.45999999999999996,88.5,11.499999999999998,354.0,46.29266378972146,834,177,0.0
1636,177,23,88.5,3.54,0.45999999999999996,88.5,11.499999999999998,354.0,46.29266378972146,834,177,0.0
1637,177,23,88.5,3.54,0.45999999999999996,88.5,11.499999999999998,354.0,46.29266378972146,834,177,0.0
1638,178,22,89.0,3.56,0.43999999999999995,89.0,10.999999999999998,356.0,46.55420426310971,835,178,2.0
1639,178,22,89.0,3.56,0.43999999999999995,89.0,10.999999999999998,356.0,46.55420426310971,835,178,0.0
1640,178,22,89.0,3.56,0.43999999999999995,89.0,10.999999999999998,356.0,46.55420426310971,835,178,0.0
1641,178,22,89.0,3.56,0.43999999999999995,89.0,10.999999999999998,356.0,46.55420426310971,835,178,0.0
1642,178,22,89.0,3.56,0.43999999999999995,89.0,10.999999999999998,356.0,46.55420426310971,835,178,0.0
1643,178,22,89.0,3.56,0.43999999999999995,89.0,10.999999999999998,356.0,46.55420426310971,835,178,0.0
1644,178,22,89.0,3.56,0.43999999999999995,89.0,10.999999999999998,356.0,46.55420426310971,835,178,0.0
1645,178,22,89.0,3.56,0.43999999999999995,89.0,10.999999999999998,356.0,46.55420426310971,836,178,0.0
1646,178,22,89.0,3.56,0.43999999999999995,89.0,10.999999999999998,356.0,46.55420426310971,837,178,0.0
1647,178,22,89.0,3.56,0.43999999999999995,89.0,10.999999999999998,356.0,46.55420426310971,837,178,0.0
1648,178,22,89.0,3.56,0.43999999999999995,89.0,10.999999999999998,356.0,46.55420426310971,837,178,0.0
1649,178,22,89.0,3.56,0.43999999999999995,89.0,10.999999999999998,356.0,46.55420426310971,837,178,0.0
1650,178,22,89.0,3.56,0.43999999999999995,89.0,10.999999999999998,356.0,46.55420426310971,838,178,0.0
1651,179,21,89.5,3.58,0.41999999999999993,89.5,10.499999999999998,358.0,46.81574473649797,840,179,2.0
1652,179,21,89.5,3.58,0.41999999999999993,89.5,10.499999999999998,358.0,46.81574473649797,840,179,0.0
1653,179,21,89.5,3.58,0.41999999999999993,89.5,10.499999999999998,358.0,46.81574473649797,840,179,0.0
1654,179,21,89.5,3.58,0.41999999999999993,89.5,10.499999999999998,358.0,46.81574473649797,840,179,0.0
1655,179,21,89.5,3.58,0.41999999999999993,89.5,10.499999999999998,358.0,46.81574473649797,840,179,0.0
1656,179,21,89.5,3.58,0.41999999999999993,89.5,10.499999999999998,358.0,46.81574473649797,840,179,0.0
1657,179,21,89.5,3.58,0.41999999999999993,89.5,10.499999999999998,358.0,46.81574473649797,840,179,0.0
1658,179,21,89.5,3.58,0.41999999999999993,89.5,10.499999999999998,358.0,46.81574473649797,840,179,0.0
1659,179,21,89.5,3.58,0.41999999999999993,89.5,10.499999999999998,358.0,46.81574473649797,840,179,0.0
1660,179,21,89.5,3.58,0.41999999999999993,89.5,10.499999999999998,358.0,46.81574473649797,840,179,0.0
1661,179,21,89.5,3.58,0.41999999999999993,89.5,10.499999999999998,358.0,46.81574473649797,840,179,0.0
1662,179,21,89.5,3.58,0.41999999999999993,89.5,10.499999999999998,358.0,46.81574473649797,840,179,0.0
1663,179,21,89.5,3.58,0.41999999999999993,89.5,10.499999999999998,358.0,46.81574473649797,840,179,0.0
1664,179,21,89.5,3.58,0.41999999999999993,89.5,10.499999999999998,358.0,46.81574473649797,840,179,0.0
1665,179,21,89.5,3.58,0.41999999999999993,89.5,10.499999999999998,358.0,46.81574473649797,840,179,0.0
1666,179,21,89.5,3.58,0.41999999999999993,89.5,10.499999999999998,358.0,46.81574473649797,840,179,0.0
1667,179,21,89.5,3.58,0.41999999999999993,89.5,10.499999999999998,358.0,46.81574473649797,840,179,0.0
1668,179,21,89.5,3.58,0.41999999999999993,89.5,10.499999999999998,358.0,46.81574473649797,840,179,0.0
1669,179,21,89.5,3.58,0.41999999999999993,89.5,10.499999999999998,358.0,46.81574473649797,840,179,0.0
1670,179,21,89.5,3.58,0.41999999999999993,89.5,10.499999999999998,358.0,46.81574473649797,840,179,0.0
1671,179,21,89.5,3.58,0.41999999999999993,89.5,10.499999999999998,358.0,46.81574473649797,840,179,0.0
1672,179,21,89.5,3.58,0.41999999999999993,89.5,10.499999999999998,358.0,46.81574473649797,840,179,0.0
1673,179,21,89.5,3.58,0.41999999999999993,89.5,10.499999999999998,358.0,46.81574473649797,840,179,0.0
1674,179,21,89.5,3.58,0.41999999999999993,89.5,10.499999999999998,358.0,46.81574473649797,840,179,0.0
1675,180,20,90.0,3.6,0.3999999999999999,90.0,9.999999999999998,360.0,47.07728520988623,841,180,2.0
1676,180,20,90.0,3.6,0.3999999999999999,90.0,9.999999999999998,360.0,47.07728520988623,841,180,0.0
1677,180,20,90.0,3.6,0.3999999999999999,90.0,9.999999999999998,360.0,47.07728520988623,841,180,0.0
1678,180,20,90.0,3.6,0.3999999999999999,90.0,9.999999999999998,360.0,47.07728520988623,841,180,0.0
1679,180,20,90.0,3.6,0.3999999999999999,90.0,9.999999999999998,360.0,47.07728520988623,841,180,0.0
1680,180,20,90.0,3.6,0.3999999999999999,90.0,9.999999999999998,360.0,47.07728520988623,841,180,0.0
1681,180,20,90.0,3.6,0.3999999999999999,90.0,9.999999999999998,360.0,47.07728520988623,841,180,0.0
1682,180,20,90.0,3.6,0.3999999999999999,90.0,9.999999999999998,360.0,47.07728520988623,842,180,0.0
1683,180,20,90.0,3.6,0.3999999999999999,90.0,9.999999999999998,360.0,47.07728520988623,843,180,0.0
1684,180,20,90.0,3.6,0.3999999999999999,90.0,9.999999999999998,360.0,47.07728520988623,843,180,0.0
1685,180,20,90.0,3.6,0.3999999999999999,90.0,9.999999999999998,360.0,47.07728520988623,844,180,0.0
1686,180,20,90.0,3.6,0.3999999999999999,90.0,9.999999999999998,360.0,47.07728520988623,844,180,0.0
1687,180,20,90.0,3.6,0.3999999999999999,90.0,9.999999999999998,360.0,47.07728520988623,845,180,0.0
1688,180,20,90.0,3.6,0.3999999999999999,90.0,9.999999999999998,360.0,47.07728520988623,846,180,0.0
1689,180,20,90.0,3.6,0.3999999999999999,90.0,9.999999999999998,360.0,47.07728520988623,847,180,0.0
1690,180,20,90.0,3.6,0.3999999999999999,90.0,9.999999999999998,360.0,47.07728520988623,847,180,0.0
1691,180,20,90.0,3.6,0.3999999999999999,90.0,9.999999999999998,360.0,47.07728520988623,848,180,0.0
1692,180,20,90.0,3.6,0.3999999999999999,90.0,9.999999999999998,360.0,47.07728520988623,849,180,0.0
1693,180,20,90.0,3.6,0.3999999999999999,90.0,9.999999999999998,360.0,47.07728520988623,849,180,0.0
1694,180,20,90.0,3.6,0.3999999999999999,90.0,9.999999999999998,360.0,47.07728520988623,849,180,0.0
1695,180,20,90.0,3.6,0.3999999999999999,90.0,9.999999999999998,360.0,47.07728520988623,849,180,0.0
1696,180,20,90.0,3.6,0.3999999999999999,90.0,9.999999999999998,360.0,47.07728520988623,849,180,0.0
1697,180,20,90.0,3.6,0.3999999999999999,90.0,9.999999999999998,360.0,47.07728520988623,850,180,0.0
1698,180,20,90.0,3.6,0.3999999999999999,90.0,9.999999999999998,360.0,47.07728520988623,850,180,0.0
1699,180,20,90.0,3.6,0.3999999999999999,90.0,9.999999999999998,360.0,47.07728520988623,850,180,0.0
1700,180,20,90.0,3.6,0.3999999999999999,90.0,9.999999999999998,360.0,47.07728520988623,850,180,0.0
1701,180,20,90.0,3.6,0.3999999999999999,90.0,9.999999999999998,360.0,47.07728520988623,850,180,0.0
1702,180,20,90.0,3.6,0.3999999999999999,90.0,9.999999999999998,360.0,47.07728520988623,850,180,0.0
1703,180,20,90.0,3.6,0.3999999999999999,90.0,9.999999999999998,360.0,47.07728520988623,850,180,0.0
1704,180,20,90.0,3.6,0.3999999999999999,90.0,9.999999999999998,360.0,47.07728520988623,850,180,0.0
1705,180,20,90.0,3.6,0.3999999999999999,90.0,9.999999999999998,360.0,47.07728520988623,850,180,0.0
1706,180,20,90.0,3.6,0.3999999999999999,90.0,9.999999999999998,360.0,47.07728520988623,850,180,0.0
1707,180,20,90.0,3.6,0.3999999999999999,90.0,9.999999999999998,360.0,47.07728520988623,850,180,0.0
1708,180,20,90.0,3.6,0.3999999999999999,90.0,9.999999999999998,360.0,47.07728520988623,851,180,0.0
1709,180,20,90.0,3.6,0.3999999999999999,90.0,9.999999999999998,360.0,47.07728520988623,851,180,0.0
1710,180,20,90.0,3.6,0.3999999999999999,90.0,9.999999999999998,360.0,47.07728520988623,852,180,0.0
1711,181,19,90.5,3.62,0.3799999999999999,90.5,9.499999999999996,362.0,47.338825683274486,853,181,2.0
1712,181,19,90.5,3.62,0.3799999999999999,90.5,9.499999999999996,362.0,47.338825683274486,853,181,0.0
1713,181,19,90.5,3.62,0.3799999999999999,90.5,9.499999999999996,362.0,47.338825683274486,853,181,0.0
1714,181,19,90.5,3.62,0.3799999999999999,90.5,9.499999999999996,362.0,47.338825683274486,853,181,0.0
1715,181,19,90.5,3.62,0.3799999999999999,90.5,9.499999999999996,362.0,47.338825683274486,853,181,0.0
1716,181,19,90.5,3.62,0.3799999999999999,90.5,9.499999999999996,362.0,47.338825683274486,853,181,0.0
1717,181,19,90.5,3.62,0.3799999999999999,90.5,9.499999999999996,362.0,47.338825683274486,853,181,0.0
1718,181,19,90.5,3.62,0.3799999999999999,90.5,9.499999999999996,362.0,47.338825683274486,853,181,0.0
1719,181,19,90.5,3.62,0.3799999999999999,90.5,9.499999999999996,362.0,47.338825683274486,853,181,0.0
1720,181,19,90.5,3.62,0.3799999999999999,90.5,9.499999999999996,362.0,47.338825683274486,853,181,0.0
1721,181,19,90.5,3.62,0.3799999999999999,90.5,9.499999999999996,362.0,47.338825683274486,853,181,0.0
1722,181,19,90.5,3.62,0.3799999999999999,90.5,9.499999999999996,362.0,47.338825683274486,853,181,0.0
1723,181,19,90.5,3.62,0.3799999999999999,90.5,9.499999999999996,362.0,47.338825683274486,853,181,0.0
1724,181,19,90.5,3.62,0.3799999999999999,90.5,9.499999999999996,362.0,47.338825683274486,853,181,0.0
1725,181,19,90.5,3.62,0.3799999999999999,90.5,9.499999999999996,362.0,47.338825683274486,853,181,0.0
1726,181,19,90.5,3.62,0.3799999999999999,90.5,9.499999999999996,362.0,47.338825683274486,853,181,0.0
1727,181,19,90.5,3.62,0.3799999999999999,90.5,9.499999999999996,362.0,47.338825683274486,853,181,0.0
1728,182,18,91.0,3.64,0.3599999999999999,91.0,8.999999999999996,364.0,47.600366156662744,854,182,2.0
1729,182,18,91.0,3.64,0.3599999999999999,91.0,8.999999999999996,364.0,47.600366156662744,854,182,0.0
1730,182,18,91.0,3.64,0.3599999999999999,91.0,8.999999999999996,364.0,47.600366156662744,854,182,0.0
1731,182,18,91.0,3.64,0.3599999999999999,91.0,8.999999999999996,364.0,47.600366156662744,854,182,0.0
1732,182,18,91.0,3.64,0.3599999999999999,91.0,8.999999999999996,364.0,47.600366156662744,854,182,0.0
1733,182,18,91.0,3.64,0.3599999999999999,91.0,8.999999999999996,364.0,47.600366156662744,854,182,0.0
1734,182,18,91.0,3.64,0.3599999999999999,91.0,8.999999999999996,364.0,47.600366156662744,854,182,0.0
1735,182,18,91.0,3.64,0.3599999999999999,91.0,8.999999999999996,364.0,47.600366156662744,854,182,0.0
1736,182,18,91.0,3.64,0.3599999999999999,91.0,8.999999999999996,364.0,47.600366156662744,854,182,0.0
1737,182,18,91.0,3.64,0.3599999999999999,91.0,8.999999999999996,364.0,47.600366156662744,855,182,0.0
1738,182,18,91.0,3.64,0.3599999999999999,91.0,8.999999999999996,364.0,47.600366156662744,856,182,0.0
1739,182,18,91.0,3.64,0.3599999999999999,91.0,8.999999999999996,364.0,47.600366156662744,857,182,0.0
1740,182,18,91.0,3.64,0.3599999999999999,91.0,8.999999999999996,364.0,47.600366156662744,858,182,0.0
1741,182,18,91.0,3.64,0.3599999999999999,91.0,8.999999999999996,364.0,47.600366156662744,858,182,0.0
1742,182,18,91.0,3.64,0.3599999999999999,91.0,8.999999999999996,364.0,47.600366156662744,859,182,0.0
1743,182,18,91.0,3.64,0.3599999999999999,91.0,8.999999999999996,364.0,47.600366156662744,860,182,0.0
1744,182,18,91.0,3.64,0.3599999999999999,91.0,8.999999999999996,364.0,47.600366156662744,860,182,0.0
1745,182,18,91.0,3.64,0.3599999999999999,91.0,8.999999999999996,364.0,47.600366156662744,860,182,0.0
1746,182,18,91.0,3.64,0.3599999999999999,91.0,8.999999999999996,364.0,47.600366156662744,860,182,0.0
1747,182,18,91.0,3.64,0.3599999999999999,91.0,8.999999999999996,364.0,47.600366156662744,861,182,0.0
1748,182,18,91.0,3.64,0.3599999999999999,91.0,8.999999999999996,364.0,47.600366156662744,861,182,0.0
1749,182,18,91.0,3.64,0.3599999999999999,91.0,8.999999999999996,364.0,47.600366156662744,861,182,0.0
1750,182,18,91.0,3.64,0.3599999999999999,91.0,8.999999999999996,364.0,47.600366156662744,861,182,0.0
1751,182,18,91.0,3.64,0.3599999999999999,91.0,8.999999999999996,364.0,47.600366156662744,861,182,0.0
1752,182,18,91.0,3.64,0.3599999999999999,91.0,8.999999999999996,364.0,47.600366156662744,862,182,0.0
1753,182,18,91.0,3.64,0.3599999999999999,91.0,8.999999999999996,364.0,47.600366156662744,863,182,0.0
1754,182,18,91.0,3.64,0.3599999999999999,91.0,8.999999999999996,364.0,47.600366156662744,863,182,0.0
1755,182,18,91.0,3.64,0.3599999999999999,91.0,8.999999999999996,364.0,47.600366156662744,863,182,0.0
1756,182,18,91.0,3.64,0.3599999999999999,91.0,8.999999999999996,364.0,47.600366156662744,863,182,0.0
1757,182,18,91.0,3.64,0.3599999999999999,91.0,8.999999999999996,364.0,47.600366156662744,863,182,0.0
1758,182,18,91.0,3.64,0.3599999999999999,91.0,8.999999999999996,364.0,47.600366156662744,863,182,0.0
1759,182,18,91.0,3.64,0.3599999999999999,91.0,8.999999999999996,364.0,47.600366156662744,863,182,0.0
1760,182,18,91.0,3.64,0.3599999999999999,91.0,8.999999999999996,364.0,47.600366156662744,863,182,0.0
1761,182,18,91.0,3.64,0.3599999999999999,91.0,8.999999999999996,364.0,47.600366156662744,863,182,0.0
1762,182,18,91.0,3.64,0.3599999999999999,91.0,8.999999999999996,364.0,47.600366156662744,863,182,0.0
1763,182,18,91.0,3.64,0.3599999999999999,91.0,8.999999999999996,364.0,47.600366156662744,863,182,0.0
1764,182,18,91.0,3.64,0.3599999999999999,91.0,8.999999999999996,364.0,47.600366156662744,863,182,0.0
1765,182,18,91.0,3.64,0.3599999999999999,91.0,8.999999999999996,364.0,47.600366156662744,864,182,0.0
1766,182,18,91.0,3.64,0.3599999999999999,91.0,8.999999999999996,364.0,47.600366156662744,865,182,0.0
1767,182,18,91.0,3.64,0.3599999999999999,91.0,8.999999999999996,364.0,47.600366156662744,866,182,0.0
1768,182,18,91.0,3.64,0.3599999999999999,91.0,8.999999999999996,364.0,47.600366156662744,867,182,0.0
1769,182,18,91.0,3.64,0.3599999999999999,91.0,8.999999999999996,364.0,47.600366156662744,868,182,0.0
1770,182,18,91.0,3.64,0.3599999999999999,91.0,8.999999999999996,364.0,47.600366156662744,869,182,0.0
1771,182,18,91.0,3.64,0.3599999999999999,91.0,8.999999999999996,364.0,47.600366156662744,870,182,0.0
1772,182,18,91.0,3.64,0.3599999999999999,91.0,8.999999999999996,364.0,47.600366156662744,870,182,0.0
1773,182,18,91.0,3.64,0.3599999999999999,91.0,8.999999999999996,364.0,47.600366156662744,870,182,0.0
1774,182,18,91.0,3.64,0.3599999999999999,91.0,8.999999999999996,364.0,47.600366156662744,871,182,0.0
1775,182,18,91.0,3.64,0.3599999999999999,91.0,8.999999999999996,364.0,47.600366156662744,872,182,0.0
1776,182,18,91.0,3.64,0.3599999999999999,91.0,8.999999999999996,364.0,47.600366156662744,872,182,0.0
1777,182,18,91.0,3.64,0.3599999999999999,91.0,8.999999999999996,364.0,47.600366156662744,872,182,0.0
1778,182,18,91.0,3.64,0.3599999999999999,91.0,8.999999999999996,364.0,47.600366156662744,873,182,0.0
1779,182,18,91.0,3.64,0.3599999999999999,91.0,8.999999999999996,364.0,47.600366156662744,874,182,0.0
1780,182,18,91.0,3.64,0.3599999999999999,91.0,8.999999999999996,364.0,47.600366156662744,874,182,0.0
1781,182,18,91.0,3.64,0.3599999999999999,91.0,8.999999999999996,364.0,47.600366156662744,874,182,0.0
1782,182,18,91.0,3.64,0.3599999999999999,91.0,8.999999999999996,364.0,47.600366156662744,875,182,0.0
1783,182,18,91.0,3.64,0.3599999999999999,91.0,8.999999999999996,364.0,47.600366156662744,877,182,0.0
1784,182,18,91.0,3.64,0.3599999999999999,91.0,8.999999999999996,364.0,47.600366156662744,878,182,0.0
1785,182,18,91.0,3.64,0.3599999999999999,91.0,8.999999999999996,364.0,47.600366156662744,879,182,0.0
1786,182,18,91.0,3.64,0.3599999999999999,91.0,8.999999999999996,364.0,47.600366156662744,881,182,0.0
1787,182,18,91.0,3.64,0.3599999999999999,91.0,8.999999999999996,364.0,47.600366156662744,882,182,0.0
1788,182,18,91.0,3.64,0.3599999999999999,91.0,8.999999999999996,364.0,47.600366156662744,882,182,0.0
1789,182,18,91.0,3.64,0.3599999999999999,91.0,8.999999999999996,364.0,47.600366156662744,882,182,0.0
1790,182,18,91.0,3.64,0.3599999999999999,91.0,8.999999999999996,364.0,47.600366156662744,882,182,0.0
1791,182,18,91.0,3.64,0.3599999999999999,91.0,8.999999999999996,364.0,47.600366156662744,882,182,0.0
1792,182,18,91.0,3.64,0.3599999999999999,91.0,8.999999999999996,364.0,47.600366156662744,883,182,0.0
1793,182,18,91.0,3.64,0.3599999999999999,91.0,8.999999999999996,364.0,47.600366156662744,883,182,0.0
1794,182,18,91.0,3.64,0.3599999999999999,91.0,8.999999999999996,364.0,47.600366156662744,884,182,0.0
1795,182,18,91.0,3.64,0.3599999999999999,91.0,8.999999999999996,364.0,47.600366156662744,885,182,0.0
1796,182,18,91.0,3.64,0.3599999999999999,91.0,8.999999999999996,364.0,47.600366156662744,887,182,0.0
1797,182,18,91.0,3.64,0.3599999999999999,91.0,8.999999999999996,364.0,47.600366156662744,887,182,0.0
1798,182,18,91.0,3.64,0.3599999999999999,91.0,8.999999999999996,364.0,47.600366156662744,887,182,0.0
1799,182,18,91.0,3.64,0.3599999999999999,91.0,8.999999999999996,364.0,47.600366156662744,887,182,0.0
1800,182,18,91.0,3.64,0.3599999999999999,91.0,8.999999999999996,364.0,47.600366156662744,887,182,0.0
1801,182,18,91.0,3.64,0.3599999999999999,91.0,8.999999999999996,364.0,47.600366156662744,887,182,0.0
1802,182,18,91.0,3.64,0.3599999999999999,91.0,8.999999999999996,364.0,47.600366156662744,887,182,0.0
1803,182,18,91.0,3.64,0.3599999999999999,91.0,8.999999999999996,364.0,47.600366156662744,887,182,0.0
1804,182,18,91.0,3.64,0.3599999999999999,91.0,8.999999999999996,364.0,47.600366156662744,887,182,0.0
1805,182,18,91.0,3.64,0.3599999999999999,91.0,8.999999999999996,364.0,47.600366156662744,887,182,0.0
1806,182,18,91.0,3.64,0.3599999999999999,91.0,8.999999999999996,364.0,47.600366156662744,887,182,0.0
1807,182,18,91.0,3.64,0.3599999999999999,91.0,8.999999999999996,364.0,47.600366156662744,887,182,0.0
1808,182,18,91.0,3.64,0.3599999999999999,91.0,8.999999999999996,364.0,47.600366156662744,887,182,0.0
1809,182,18,91.0,3.64,0.3599999999999999,91.0,8.999999999999996,364.0,47.600366156662744,887,182,0.0
1810,182,18,91.0,3.64,0.3599999999999999,91.0,8.999999999999996,364.0,47.600366156662744,887,182,0.0
1811,182,18,91.0,3.64,0.3599999999999999,91.0,8.999999999999996,364.0,47.600366156662744,887,182,0.0
1812,182,18,91.0,3.64,0.3599999999999999,91.0,8.999999999999996,364.0,47.600366156662744,887,182,0.0
1813,182,18,91.0,3.64,0.3599999999999999,91.0,8.999999999999996,364.0,47.600366156662744,888,182,0.0
1814,182,18,91.0,3.64,0.3599999999999999,91.0,8.999999999999996,364.0,47.600366156662744,889,182,0.0
1815,182,18,91.0,3.64,0.3599999999999999,91.0,8.999999999999996,364.0,47.600366156662744,891,182,0.0
1816,182,18,91.0,3.64,0.3599999999999999,91.0,8.999999999999996,364.0,47.600366156662744,892,182,0.0
1817,182,18,91.0,3.64,0.3599999999999999,91.0,8.999999999999996,364.0,47.600366156662744,892,182,0.0
1818,182,18,91.0,3.64,0.3599999999999999,91.0,8.999999999999996,364.0,47.600366156662744,892,182,0.0
1819,182,18,91.0,3.64,0.3599999999999999,91.0,8.999999999999996,364.0,47.600366156662744,892,182,0.0
1820,182,18,91.0,3.64,0.3599999999999999,91.0,8.999999999999996,364.0,47.600366156662744,892,182,0.0
1821,182,18,91.0,3.64,0.3599999999999999,91.0,8.999999999999996,364.0,47.600366156662744,893,182,0.0
1822,182,18,91.0,3.64,0.3599999999999999,91.0,8.999999999999996,364.0,47.600366156662744,894,182,0.0
1823,182,18,91.0,3.64,0.3599999999999999,91.0,8.999999999999996,364.0,47.600366156662744,894,182,0.0
1824,182,18,91.0,3.64,0.3599999999999999,91.0,8.999999999999996,364.0,47.600366156662744,895,182,0.0
1825,182,18,91.0,3.64,0.3599999999999999,91.0,8.999999999999996,364.0,47.600366156662744,897,182,0.0
1826,182,18,91.0,3.64,0.3599999999999999,91.0,8.999999999999996,364.0,47.600366156662744,899,182,0.0
1827,182,18,91.0,3.64,0.3599999999999999,91.0,8.999999999999996,364.0,47.600366156662744,899,182,0.0
1828,182,18,91.0,3.64,0.3599999999999999,91.0,8.999999999999996,364.0,47.600366156662744,900,182,0.0
1829,182,18,91.0,3.64,0.3599999999999999,91.0,8.999999999999996,364.0,47.600366156662744,900,182,0.0
1830,182,18,91.0,3.64,0.3599999999999999,91.0,8.999999999999996,364.0,47.600366156662744,902,182,0.0
1831,182,18,91.0,3.64,0.3599999999999999,91.0,8.999999999999996,364.0,47.600366156662744,904,182,0.0
1832,182,18,91.0,3.64,0.3599999999999999,91.0,8.999999999999996,364.0,47.600366156662744,906,182,0.0
1833,182,18,91.0,3.64,0.3599999999999999,91.0,8.999999999999996,364.0,47.600366156662744,907,182,0.0
1834,182,18,91.0,3.64,0.3599999999999999,91.0,8.999999999999996,364.0,47.600366156662744,909,182,0.0
1835,182,18,91.0,3.64,0.3599999999999999,91.0,8.999999999999996,364.0,47.600366156662744,909,182,0.0
1836,182,18,91.0,3.64,0.3599999999999999,91.0,8.999999999999996,364.0,47.600366156662744,910,182,0.0
1837,182,18,91.0,3.64,0.3599999999999999,91.0,8.999999999999996,364.0,47.600366156662744,911,182,0.0
1838,182,18,91.0,3.64,0.3599999999999999,91.0,8.999999999999996,364.0,47.600366156662744,912,182,0.0
1839,182,18,91.0,3.64,0.3599999999999999,91.0,8.999999999999996,364.0,47.600366156662744,912,182,0.0
1840,182,18,91.0,3.64,0.3599999999999999,91.0,8.999999999999996,364.0,47.600366156662744,912,182,0.0
1841,182,18,91.0,3.64,0.3599999999999999,91.0,8.999999999999996,364.0,47.600366156662744,913,182,0.0
1842,182,18,91.0,3.64,0.3599999999999999,91.0,8.999999999999996,364.0,47.600366156662744,915,182,0.0
1843,182,18,91.0,3.64,0.3599999999999999,91.0,8.999999999999996,364.0,47.600366156662744,917,182,0.0
1844,182,18,91.0,3.64,0.3599999999999999,91.0,8.999999999999996,364.0,47.600366156662744,918,182,0.0
1845,182,18,91.0,3.64,0.3599999999999999,91.0,8.999999999999996,364.0,47.600366156662744,919,182,0.0
1846,182,18,91.0,3.64,0.3599999999999999,91.0,8.999999999999996,364.0,47.600366156662744,920,182,0.0
1847,182,18,91.0,3.64,0.3599999999999999,91.0,8.999999999999996,364.0,47.600366156662744,921,182,0.0
1848,182,18,91.0,3.64,0.3599999999999999,91.0,8.999999999999996,364.0,47.600366156662744,922,182,0.0
1849,182,18,91.0,3.64,0.3599999999999999,91.0,8.999999999999996,364.0,47.600366156662744,922,182,0.0
1850,182,18,91.0,3.64,0.3599999999999999,91.0,8.999999999999996,364.0,47.600366156662744,922,182,0.0
1851,182,18,91.0,3.64,0.3599999999999999,91.0,8.999999999999996,364.0,47.600366156662744,922,182,0.0
1852,182,18,91.0,3.64,0.3599999999999999,91.0,8.999999999999996,364.0,47.600366156662744,922,182,0.0
1853,182,18,91.0,3.64,0.3599999999999999,91.0,8.999999999999996,364.0,47.600366156662744,922,182,0.0
1854,182,18,91.0,3.64,0.3599999999999999,91.0,8.999999999999996,364.0,47.600366156662744,922,182,0.0
1855,182,18,91.0,3.64,0.3599999999999999,91.0,8.999999999999996,364.0,47.600366156662744,922,182,0.0
1856,182,18,91.0,3.64,0.3599999999999999,91.0,8.999999999999996,364.0,47.600366156662744,922,182,0.0
1857,182,18,91.0,3.64,0.3599999999999999,91.0,8.999999999999996,364.0,47.600366156662744,922,182,0.0
1858,182,18,91.0,3.64,0.3599999999999999,91.0,8.999999999999996,364.0,47.600366156662744,922,182,0.0
1859,182,18,91.0,3.64,0.3599999999999999,91.0,8.999999999999996,364.0,47.600366156662744,923,182,0.0
1860,182,18,91.0,3.64,0.3599999999999999,91.0,8.999999999999996,364.0,47.600366156662744,924,182,0.0
1861,183,17,91.5,3.66,0.33999999999999986,91.5,8.499999999999996,366.0,47.861906630050996,926,183,2.0
1862,183,17,91.5,3.66,0.33999999999999986,91.5,8.499999999999996,366.0,47.861906630050996,928,183,0.0
1863,183,17,91.5,3.66,0.33999999999999986,91.5,8.499999999999996,366.0,47.861906630050996,928,183,0.0
1864,183,17,91.5,3.66,0.33999999999999986,91.5,8.499999999999996,366.0,47.861906630050996,928,183,0.0
1865,183,17,91.5,3.66,0.33999999999999986,91.5,8.499999999999996,366.0,47.861906630050996,928,183,0.0
1866,183,17,91.5,3.66,0.33999999999999986,91.5,8.499999999999996,366.0,47.861906630050996,929,183,0.0
1867,183,17,91.5,3.66,0.33999999999999986,91.5,8.499999999999996,366.0,47.861906630050996,930,183,0.0
1868,183,17,91.5,3.66,0.33999999999999986,91.5,8.499999999999996,366.0,47.861906630050996,930,183,0.0
1869,183,17,91.5,3.66,0.33999999999999986,91.5,8.499999999999996,366.0,47.861906630050996,931,183,0.0
1870,183,17,91.5,3.66,0.33999999999999986,91.5,8.499999999999996,366.0,47.861906630050996,932,183,0.0
1871,183,17,91.5,3.66,0.33999999999999986,91.5,8.499999999999996,366.0,47.861906630050996,933,183,0.0
1872,183,17,91.5,3.66,0.33999999999999986,91.5,8.499999999999996,366.0,47.861906630050996,933,183,0.0
1873,183,17,91.5,3.66,0.33999999999999986,91.5,8.499999999999996,366.0,47.861906630050996,934,183,0.0
1874,183,17,91.5,3.66,0.33999999999999986,91.5,8.499999999999996,366.0,47.861906630050996,935,183,0.0
1875,183,17,91.5,3.66,0.33999999999999986,91.5,8.499999999999996,366.0,47.861906630050996,936,183,0.0
1876,183,17,91.5,3.66,0.33999999999999986,91.5,8.499999999999996,366.0,47.861906630050996,938,183,0.0
1877,183,17,91.5,3.66,0.33999999999999986,91.5,8.499999999999996,366.0,47.861906630050996,940,183,0.0
1878,183,17,91.5,3.66,0.33999999999999986,91.5,8.499999999999996,366.0,47.861906630050996,942,183,0.0
1879,183,17,91.5,3.66,0.33999999999999986,91.5,8.499999999999996,366.0,47.861906630050996,942,183,0.0
1880,183,17,91.5,3.66,0.33999999999999986,91.5,8.499999999999996,366.0,47.861906630050996,943,183,0.0
1881,183,17,91.5,3.66,0.33999999999999986,91.5,8.499999999999996,366.0,47.861906630050996,944,183,0.0
1882,183,17,91.5,3.66,0.33999999999999986,91.5,8.499999999999996,366.0,47.861906630050996,946,183,0.0
1883,183,17,91.5,3.66,0.33999999999999986,91.5,8.499999999999996,366.0,47.861906630050996,947,183,0.0
1884,183,17,91.5,3.66,0.33999999999999986,91.5,8.499999999999996,366.0,47.861906630050996,948,183,0.0
1885,183,17,91.5,3.66,0.33999999999999986,91.5,8.499999999999996,366.0,47.861906630050996,949,183,0.0
1886,183,17,91.5,3.66,0.33999999999999986,91.5,8.499999999999996,366.0,47.861906630050996,950,183,0.0
1887,183,17,91.5,3.66,0.33999999999999986,91.5,8.499999999999996,366.0,47.861906630050996,951,183,0.0
1888,183,17,91.5,3.66,0.33999999999999986,91.5,8.499999999999996,366.0,47.861906630050996,952,183,0.0
1889,183,17,91.5,3.66,0.33999999999999986,91.5,8.499999999999996,366.0,47.861906630050996,952,183,0.0
1890,183,17,91.5,3.66,0.33999999999999986,91.5,8.499999999999996,366.0,47.861906630050996,952,183,0.0
1891,183,17,91.5,3.66,0.33999999999999986,91.5,8.499999999999996,366.0,47.861906630050996,952,183,0.0
1892,183,17,91.5,3.66,0.33999999999999986,91.5,8.499999999999996,366.0,47.861906630050996,952,183,0.0
1893,183,17,91.5,3.66,0.33999999999999986,91.5,8.499999999999996,366.0,47.861906630050996,952,183,0.0
1894,183,17,91.5,3.66,0.33999999999999986,91.5,8.499999999999996,366.0,47.861906630050996,952,183,0.0
1895,183,17,91.5,3.66,0.33999999999999986,91.5,8.499999999999996,366.0,47.861906630050996,952,183,0.0
1896,184,16,92.0,3.68,0.31999999999999984,92.0,7.999999999999996,368.0,48.123447103439254,953,184,2.0
1897,184,16,92.0,3.68,0.31999999999999984,92.0,7.999999999999996,368.0,48.123447103439254,953,184,0.0
1898,184,16,92.0,3.68,0.31999999999999984,92.0,7.999999999999996,368.0,48.123447103439254,953,184,0.0
1899,184,16,92.0,3.68,0.31999999999999984,92.0,7.999999999999996,368.0,48.123447103439254,954,184,0.0
1900,184,16,92.0,3.68,0.31999999999999984,92.0,7.999999999999996,368.0,48.123447103439254,955,184,0.0
1901,184,16,92.0,3.68,0.31999999999999984,92.0,7.999999999999996,368.0,48.123447103439254,956,184,0.0
1902,184,16,92.0,3.68,0.31999999999999984,92.0,7.999999999999996,368.0,48.123447103439254,957,184,0.0
1903,185,15,92.5,3.7,0.2999999999999998,92.5,7.499999999999996,370.0,48.38498757682751,958,185,2.0
1904,185,15,92.5,3.7,0.2999999999999998,92.5,7.499999999999996,370.0,48.38498757682751,958,185,0.0
1905,185,15,92.5,3.7,0.2999999999999998,92.5,7.499999999999996,370.0,48.38498757682751,958,185,0.0
1906,185,15,92.5,3.7,0.2999999999999998,92.5,7.499999999999996,370.0,48.38498757682751,959,185,0.0
1907,186,14,93.0,3.72,0.2799999999999998,93.0,6.999999999999995,372.0,48.64652805021577,960,186,2.0
1908,186,14,93.0,3.72,0.2799999999999998,93.0,6.999999999999995,372.0,48.64652805021577,961,186,0.0
1909,186,14,93.0,3.72,0.2799999999999998,93.0,6.999999999999995,372.0,48.64652805021577,961,186,0.0
1910,186,14,93.0,3.72,0.2799999999999998,93.0,6.999999999999995,372.0,48.64652805021577,961,186,0.0
1911,186,14,93.0,3.72,0.2799999999999998,93.0,6.999999999999995,372.0,48.64652805021577,962,186,0.0
1912,186,14,93.0,3.72,0.2799999999999998,93.0,6.999999999999995,372.0,48.64652805021577,962,186,0.0
1913,186,14,93.0,3.72,0.2799999999999998,93.0,6.999999999999995,372.0,48.64652805021577,962,186,0.0
1914,186,14,93.0,3.72,0.2799999999999998,93.0,6.999999999999995,372.0,48.64652805021577,963,186,0.0
1915,186,14,93.0,3.72,0.2799999999999998,93.0,6.999999999999995,372.0,48.64652805021577,963,186,0.0
1916,186,14,93.0,3.72,0.2799999999999998,93.0,6.999999999999995,372.0,48.64652805021577,963,186,0.0
1917,186,14,93.0,3.72,0.2799999999999998,93.0,6.999999999999995,372.0,48.64652805021577,964,186,0.0
1918,186,14,93.0,3.72,0.2799999999999998,93.0,6.999999999999995,372.0,48.64652805021577,965,186,0.0
1919,186,14,93.0,3.72,0.2799999999999998,93.0,6.999999999999995,372.0,48.64652805021577,965,186,0.0
1920,186,14,93.0,3.72,0.2799999999999998,93.0,6.999999999999995,372.0,48.64652805021577,965,186,0.0
1921,186,14,93.0,3.72,0.2799999999999998,93.0,6.999999999999995,372.0,48.64652805021577,965,186,0.0
1922,186,14,93.0,3.72,0.2799999999999998,93.0,6.999999999999995,372.0,48.64652805021577,965,186,0.0
1923,186,14,93.0,3.72,0.2799999999999998,93.0,6.999999999999995,372.0,48.64652805021577,965,186,0.0
1924,186,14,93.0,3.72,0.2799999999999998,93.0,6.999999999999995,372.0,48.64652805021577,965,186,0.0
1925,186,14,93.0,3.72,0.2799999999999998,93.0,6.999999999999995,372.0,48.64652805021577,965,186,0.0
1926,186,14,93.0,3.72,0.2799999999999998,93.0,6.999999999999995,372.0,48.64652805021577,965,186,0.0
1927,186,14,93.0,3.72,0.2799999999999998,93.0,6.999999999999995,372.0,48.64652805021577,965,186,0.0
1928,186,14,93.0,3.72,0.2799999999999998,93.0,6.999999999999995,372.0,48.64652805021577,965,186,0.0
1929,186,14,93.0,3.72,0.2799999999999998,93.0,6.999999999999995,372.0,48.64652805021577,965,186,0.0
1930,186,14,93.0,3.72,0.2799999999999998,93.0,6.999999999999995,372.0,48.64652805021577,966,186,0.0
1931,186,14,93.0,3.72,0.2799999999999998,93.0,6.999999999999995,372.0,48.64652805021577,967,186,0.0
1932,186,14,93.0,3.72,0.2799999999999998,93.0,6.999999999999995,372.0,48.64652805021577,968,186,0.0
1933,186,14,93.0,3.72,0.2799999999999998,93.0,6.999999999999995,372.0,48.64652805021577,969,186,0.0
1934,186,14,93.0,3.72,0.2799999999999998,93.0,6.999999999999995,372.0,48.64652805021577,969,186,0.0
1935,186,14,93.0,3.72,0.2799999999999998,93.0,6.999999999999995,372.0,48.64652805021577,970,186,0.0
1936,186,14,93.0,3.72,0.2799999999999998,93.0,6.999999999999995,372.0,48.64652805021577,971,186,0.0
1937,186,14,93.0,3.72,0.2799999999999998,93.0,6.999999999999995,372.0,48.64652805021577,972,186,0.0
1938,186,14,93.0,3.72,0.2799999999999998,93.0,6.999999999999995,372.0,48.64652805021577,973,186,0.0
1939,186,14,93.0,3.72,0.2799999999999998,93.0,6.999999999999995,372.0,48.64652805021577,975,186,0.0
1940,186,14,93.0,3.72,0.2799999999999998,93.0,6.999999999999995,372.0,48.64652805021577,977,186,0.0
1941,186,14,93.0,3.72,0.2799999999999998,93.0,6.999999999999995,372.0,48.64652805021577,979,186,0.0
1942,186,14,93.0,3.72,0.2799999999999998,93.0,6.999999999999995,372.0,48.64652805021577,981,186,0.0
1943,186,14,93.0,3.72,0.2799999999999998,93.0,6.999999999999995,372.0,48.64652805021577,983,186,0.0
1944,186,14,93.0,3.72,0.2799999999999998,93.0,6.999999999999995,372.0,48.64652805021577,984,186,0.0
1945,186,14,93.0,3.72,0.2799999999999998,93.0,6.999999999999995,372.0,48.64652805021577,985,186,0.0
1946,186,14,93.0,3.72,0.2799999999999998,93.0,6.999999999999995,372.0,48.64652805021577,987,186,0.0
1947,186,14,93.0,3.72,0.2799999999999998,93.0,6.999999999999995,372.0,48.64652805021577,987,186,0.0
1948,186,14,93.0,3.72,0.2799999999999998,93.0,6.999999999999995,372.0,48.64652805021577,988,186,0.0
1949,186,14,93.0,3.72,0.2799999999999998,93.0,6.999999999999995,372.0,48.64652805021577,988,186,0.0
1950,186,14,93.0,3.72,0.2799999999999998,93.0,6.999999999999995,372.0,48.64652805021577,989,186,0.0
1951,186,14,93.0,3.72,0.2799999999999998,93.0,6.999999999999995,372.0,48.64652805021577,990,186,0.0
1952,186,14,93.0,3.72,0.2799999999999998,93.0,6.999999999999995,372.0,48.64652805021577,991,186,0.0
1953,186,14,93.0,3.72,0.2799999999999998,93.0,6.999999999999995,372.0,48.64652805021577,992,186,0.0
1954,186,14,93.0,3.72,0.2799999999999998,93.0,6.999999999999995,372.0,48.64652805021577,993,186,0.0
1955,186,14,93.0,3.72,0.2799999999999998,93.0,6.999999999999995,372.0,48.64652805021577,994,186,0.0
1956,186,14,93.0,3.72,0.2799999999999998,93.0,6.999999999999995,372.0,48.64652805021577,995,186,0.0
1957,186,14,93.0,3.72,0.2799999999999998,93.0,6.999999999999995,372.0,48.64652805021577,996,186,0.0
1958,186,14,93.0,3.72,0.2799999999999998,93.0,6.999999999999995,372.0,48.64652805021577,997,186,0.0
1959,186,14,93.0,3.72,0.2799999999999998,93.0,6.999999999999995,372.0,48.64652805021577,997,186,0.0
1960,186,14,93.0,3.72,0.2799999999999998,93.0,6.999999999999995,372.0,48.64652805021577,998,186,0.0
1961,186,14,93.0,3.72,0.2799999999999998,93.0,6.999999999999995,372.0,48.64652805021577,999,186,0.0
1962,186,14,93.0,3.72,0.2799999999999998,93.0,6.999999999999995,372.0,48.64652805021577,999,186,0.0
1963,186,14,93.0,3.72,0.2799999999999998,93.0,6.999999999999995,372.0,48.64652805021577,999,186,0.0
1964,186,14,93.0,3.72,0.2799999999999998,93.0,6.999999999999995,372.0,48.64652805021577,999,186,0.0
1965,186,14,93.0,3.72,0.2799999999999998,93.0,6.999999999999995,372.0,48.64652805021577,999,186,0.0
1966,186,14,93.0,3.72,0.2799999999999998,93.0,6.999999999999995,372.0,48.64652805021577,999,186,0.0
1967,186,14,93.0,3.72,0.2799999999999998,93.0,6.999999999999995,372.0,48.64652805021577,999,186,0.0
1968,186,14,93.0,3.72,0.2799999999999998,93.0,6.999999999999995,372.0,48.64652805021577,999,186,0.0
1969,186,14,93.0,3.72,0.2799999999999998,93.0,6.999999999999995,372.0,48.64652805021577,999,186,0.0
1970,186,14,93.0,3.72,0.2799999999999998,93.0,6.999999999999995,372.0,48.64652805021577,999,186,0.0
1971,186,14,93.0,3.72,0.2799999999999998,93.0,6.999999999999995,372.0,48.64652805021577,999,186,0.0
1972,186,14,93.0,3.72,0.2799999999999998,93.0,6.999999999999995,372.0,48.64652805021577,999,186,0.0
1973,186,14,93.0,3.72,0.2799999999999998,93.0,6.999999999999995,372.0,48.64652805021577,999,186,0.0
1974,186,14,93.0,3.72,0.2799999999999998,93.0,6.999999999999995,372.0,48.64652805021577,999,186,0.0
1975,186,14,93.0,3.72,0.2799999999999998,93.0,6.999999999999995,372.0,48.64652805021577,999,186,0.0
1976,186,14,93.0,3.72,0.2799999999999998,93.0,6.999999999999995,372.0,48.64652805021577,1000,186,0.0
1977,186,14,93.0,3.72,0.2799999999999998,93.0,6.999999999999995,372.0,48.64652805021577,1001,186,0.0
1978,186,14,93.0,3.72,0.2799999999999998,93.0,6.999999999999995,372.0,48.64652805021577,1002,186,0.0
1979,186,14,93.0,3.72,0.2799999999999998,93.0,6.999999999999995,372.0,48.64652805021577,1003,186,0.0
1980,186,14,93.0,3.72,0.2799999999999998,93.0,6.999999999999995,372.0,48.64652805021577,1004,186,0.0
1981,186,14,93.0,3.72,0.2799999999999998,93.0,6.999999999999995,372.0,48.64652805021577,1004,186,0.0
1982,186,14,93.0,3.72,0.2799999999999998,93.0,6.999999999999995,372.0,48.64652805021577,1005,186,0.0
1983,186,14,93.0,3.72,0.2799999999999998,93.0,6.999999999999995,372.0,48.64652805021577,1005,186,0.0
1984,186,14,93.0,3.72,0.2799999999999998,93.0,6.999999999999995,372.0,48.64652805021577,1005,186,0.0
1985,186,14,93.0,3.72,0.2799999999999998,93.0,6.999999999999995,372.0,48.64652805021577,1005,186,0.0
1986,186,14,93.0,3.72,0.2799999999999998,93.0,6.999999999999995,372.0,48.64652805021577,1005,186,0.0
1987,186,14,93.0,3.72,0.2799999999999998,93.0,6.999999999999995,372.0,48.64652805021577,1005,186,0.0
1988,186,14,93.0,3.72,0.2799999999999998,93.0,6.999999999999995,372.0,48.64652805021577,1005,186,0.0
1989,186,14,93.0,3.72,0.2799999999999998,93.0,6.999999999999995,372.0,48.64652805021577,1005,186,0.0
1990,186,14,93.0,3.72,0.2799999999999998,93.0,6.999999999999995,372.0,48.64652805021577,1005,186,0.0
1991,186,14,93.0,3.72,0.2799999999999998,93.0,6.999999999999995,372.0,48.64652805021577,1005,186,0.0
1992,186,14,93.0,3.72,0.2799999999999998,93.0,6.999999999999995,372.0,48.64652805021577,1005,186,0.0
1993,186,14,93.0,3.72,0.2799999999999998,93.0,6.999999999999995,372.0,48.64652805021577,1005,186,0.0
1994,186,14,93.0,3.72,0.2799999999999998,93.0,6.999999999999995,372.0,48.64652805021577,1005,186,0.0
1995,186,14,93.0,3.72,0.2799999999999998,93.0,6.999999999999995,372.0,48.64652805021577,1005,186,0.0
1996,186,14,93.0,3.72,0.2799999999999998,93.0,6.999999999999995,372.0,48.64652805021577,1005,186,0.0
1997,186,14,93.0,3.72,0.2799999999999998,93.0,6.999999999999995,372.0,48.64652805021577,1005,186,0.0
1998,186,14,93.0,3.72,0.2799999999999998,93.0,6.999999999999995,372.0,48.64652805021577,1005,186,0.0
1999,186,14,93.0,3.72,0.2799999999999998,93.0,6.999999999999995,372.0,48.64652805021577,1005,186,0.0
2000,186,14,93.0,3.72,0.2799999999999998,93.0,6.999999999999995,372.0,48.64652805021577,1005,186,0.0
