step,n_adsorbed,n_free,percent_adsorbed,m_adsorbed_mg,m_free_mg,c_pdf_mg_l,c_remaining_mg_l,qt_mg_g,percent_qmax,n_contacts,n_adsorption_events,dqt_per_step
0,0,200,0.0,0.0,4.0,0.0,100.0,0.0,0.0,0,0,0.0
1,0,200,0.0,0.0,4.0,0.0,100.0,0.0,0.0,0,0,0.0
2,0,200,0.0,0.0,4.0,0.0,100.0,0.0,0.0,0,0,0.0
3,0,200,0.0,0.0,4.0,0.0,100.0,0.0,0.0,0,0,0.0
4,0,200,0.0,0.0,4.0,0.0,100.0,0.0,0.0,0,0,0.0
5,0,200,0.0,0.0,4.0,0.0,100.0,0.0,0.0,0,0,0.0
6,0,200,0.0,0.0,4.0,0.0,100.0,0.0,0.0,0,0,0.0
7,0,200,0.0,0.0,4.0,0.0,100.0,0.0,0.0,0,0,0.0
8,0,200,0.0,0.0,4.0,0.0,100.0,0.0,0.0,0,0,0.0
9,1,199,0.5,0.02,3.98,0.5,99.5,2.0,0.48520135856380403,1,1,2.0
10,2,198,1.0,0.04,3.96,1.0,99.0,4.0,0.9704027171276081,2,2,2.0
11,3,197,1.5,0.06,3.94,1.5,98.5,6.0,1.455604075691412,3,3,2.0
12,4,196,2.0,0.08,3.92,2.0,98.0,8.0,1.9408054342552161,4,4,2.0
13,5,195,2.5,0.1,3.9,2.5,97.5,10.0,2.42600679281902,5,5,2.0
14,7,193,3.5000000000000004,0.14,3.86,3.5000000000000004,96.5,14.000000000000002,3.3964095099466283,7,7,4.000000000000002
15,7,193,3.5000000000000004,0.14,3.86,3.5000000000000004,96.5,14.000000000000002,3.3964095099466283,7,7,0.0
16,7,193,3.5000000000000004,0.14,3.86,3.5000000000000004,96.5,14.000000000000002,3.3964095099466283,7,7,0.0
17,7,193,3.5000000000000004,0.14,3.86,3.5000000000000004,96.5,14.000000000000002,3.3964095099466283,7,7,0.0
18,7,193,3.5000000000000004,0.14,3.86,3.5000000000000004,96.5,14.000000000000002,3.3964095099466283,7,7,0.0
19,8,192,4.0,0.16,3.84,4.0,96.0,16.0,3.8816108685104322,8,8,1.9999999999999982
20,8,192,4.0,0.16,3.84,4.0,96.0,16.0,3.8816108685104322,8,8,0.0
21,10,190,5.0,0.2,3.8,5.0,95.0,20.0,4.85201358563804,10,10,4.0
22,10,190,5.0,0.2,3.8,5.0,95.0,20.0,4.85201358563804,10,10,0.0
23,10,190,5.0,0.2,3.8,5.0,95.0,20.0,4.85201358563804,10,10,0.0
24,10,190,5.0,0.2,3.8,5.0,95.0,20.0,4.85201358563804,10,10,0.0
25,10,190,5.0,0.2,3.8,5.0,95.0,20.0,4.85201358563804,10,10,0.0
26,12,188,6.0,0.24,3.76,6.0,93.99999999999999,24.0,5.822416302765648,12,12,4.0
27,12,188,6.0,0.24,3.76,6.0,93.99999999999999,24.0,5.822416302765648,12,12,0.0
28,12,188,6.0,0.24,3.76,6.0,93.99999999999999,24.0,5.822416302765648,12,12,0.0
29,13,187,6.5,0.26,3.74,6.5,93.5,26.0,6.307617661329452,13,13,2.0
30,13,187,6.5,0.26,3.74,6.5,93.5,26.0,6.307617661329452,13,13,0.0
31,13,187,6.5,0.26,3.74,6.5,93.5,26.0,6.307617661329452,13,13,0.0
32,13,187,6.5,0.26,3.74,6.5,93.5,26.0,6.307617661329452,13,13,0.0
33,14,186,7.000000000000001,0.28,3.7199999999999998,7.000000000000001,92.99999999999999,28.000000000000004,6.7928190198932565,14,14,2.0000000000000036
34,16,184,8.0,0.32,3.68,8.0,92.0,32.0,7.7632217370208645,16,16,3.9999999999999964
35,16,184,8.0,0.32,3.68,8.0,92.0,32.0,7.7632217370208645,16,16,0.0
36,16,184,8.0,0.32,3.68,8.0,92.0,32.0,7.7632217370208645,16,16,0.0
37,16,184,8.0,0.32,3.68,8.0,92.0,32.0,7.7632217370208645,16,16,0.0
38,16,184,8.0,0.32,3.68,8.0,92.0,32.0,7.7632217370208645,16,16,0.0
39,16,184,8.0,0.32,3.68,8.0,92.0,32.0,7.7632217370208645,16,16,0.0
40,16,184,8.0,0.32,3.68,8.0,92.0,32.0,7.7632217370208645,16,16,0.0
41,16,184,8.0,0.32,3.68,8.0,92.0,32.0,7.7632217370208645,16,16,0.0
42,16,184,8.0,0.32,3.68,8.0,92.0,32.0,7.7632217370208645,16,16,0.0
43,17,183,8.5,0.34,3.66,8.5,91.5,34.0,8.248423095584668,17,17,2.0
44,17,183,8.5,0.34,3.66,8.5,91.5,34.0,8.248423095584668,17,17,0.0
45,17,183,8.5,0.34,3.66,8.5,91.5,34.0,8.248423095584668,17,17,0.0
46,17,183,8.5,0.34,3.66,8.5,91.5,34.0,8.248423095584668,17,17,0.0
47,17,183,8.5,0.34,3.66,8.5,91.5,34.0,8.248423095584668,17,17,0.0
48,17,183,8.5,0.34,3.66,8.5,91.5,34.0,8.248423095584668,17,17,0.0
49,17,183,8.5,0.34,3.66,8.5,91.5,34.0,8.248423095584668,17,17,0.0
50,19,181,9.5,0.38,3.62,9.5,90.5,38.0,9.218825812712275,19,19,4.0
51,19,181,9.5,0.38,3.62,9.5,90.5,38.0,9.218825812712275,19,19,0.0
52,20,180,10.0,0.4,3.6,10.0,90.0,40.0,9.70402717127608,20,20,2.0
53,21,179,10.5,0.42,3.58,10.5,89.5,42.0,10.189228529839884,21,21,2.0
54,21,179,10.5,0.42,3.58,10.5,89.5,42.0,10.189228529839884,21,21,0.0
55,21,179,10.5,0.42,3.58,10.5,89.5,42.0,10.189228529839884,21,21,0.0
56,21,179,10.5,0.42,3.58,10.5,89.5,42.0,10.189228529839884,21,21,0.0
57,21,179,10.5,0.42,3.58,10.5,89.5,42.0,10.189228529839884,21,21,0.0
58,21,179,10.5,0.42,3.58,10.5,89.5,42.0,10.189228529839884,21,21,0.0
59,22,178,11.0,0.44,3.56,11.0,89.0,44.0,10.674429888403687,22,22,2.0
60,23,177,11.5,0.46,3.54,11.5,88.5,46.0,11.159631246967491,23,23,2.0
61,23,177,11.5,0.46,3.54,11.5,88.5,46.0,11.159631246967491,23,23,0.0
62,23,177,11.5,0.46,3.54,11.5,88.5,46.0,11.159631246967491,23,23,0.0
63,23,177,11.5,0.46,3.54,11.5,88.5,46.0,11.159631246967491,23,23,0.0
64,23,177,11.5,0.46,3.54,11.5,88.5,46.0,11.159631246967491,23,23,0.0
65,23,177,11.5,0.46,3.54,11.5,88.5,46.0,11.159631246967491,23,23,0.0
66,24,176,12.0,0.48,3.52,12.0,88.0,48.0,11.644832605531295,24,24,2.0
67,24,176,12.0,0.48,3.52,12.0,88.0,48.0,11.644832605531295,24,24,0.0
68,24,176,12.0,0.48,3.52,12.0,88.0,48.0,11.644832605531295,24,24,0.0
69,25,175,12.5,0.5,3.5,12.5,87.5,50.0,12.1300339640951,25,25,2.0
70,25,175,12.5,0.5,3.5,12.5,87.5,50.0,12.1300339640951,25,25,0.0
71,25,175,12.5,0.5,3.5,12.5,87.5,50.0,12.1300339640951,25,25,0.0
72,26,174,13.0,0.52,3.48,13.0,87.0,52.0,12.615235322658904,26,26,2.0
73,26,174,13.0,0.52,3.48,13.0,87.0,52.0,12.615235322658904,26,26,0.0
74,27,173,13.5,0.54,3.46,13.5,86.5,54.0,13.100436681222707,27,27,2.0
75,28,172,14.000000000000002,0.56,3.44,14.000000000000002,86.0,56.00000000000001,13.585638039786513,28,28,2.000000000000007
76,28,172,14.000000000000002,0.56,3.44,14.000000000000002,86.0,56.00000000000001,13.585638039786513,28,28,0.0
77,28,172,14.000000000000002,0.56,3.44,14.000000000000002,86.0,56.00000000000001,13.585638039786513,28,28,0.0
78,28,172,14.000000000000002,0.56,3.44,14.000000000000002,86.0,56.00000000000001,13.585638039786513,28,28,0.0
79,28,172,14.000000000000002,0.56,3.44,14.000000000000002,86.0,56.00000000000001,13.585638039786513,28,28,0.0
80,28,172,14.000000000000002,0.56,3.44,14.000000000000002,86.0,56.00000000000001,13.585638039786513,28,28,0.0
81,28,172,14.000000000000002,0.56,3.44,14.000000000000002,86.0,56.00000000000001,13.585638039786513,28,28,0.0
82,28,172,14.000000000000002,0.56,3.44,14.000000000000002,86.0,56.00000000000001,13.585638039786513,28,28,0.0
83,28,172,14.000000000000002,0.56,3.44,14.000000000000002,86.0,56.00000000000001,13.585638039786513,28,28,0.0
84,28,172,14.000000000000002,0.56,3.44,14.000000000000002,86.0,56.00000000000001,13.585638039786513,28,28,0.0
85,28,172,14.000000000000002,0.56,3.44,14.000000000000002,86.0,56.00000000000001,13.585638039786513,28,28,0.0
86,28,172,14.000000000000002,0.56,3.44,14.000000000000002,86.0,56.00000000000001,13.585638039786513,28,28,0.0
87,28,172,14.000000000000002,0.56,3.44,14.000000000000002,86.0,56.00000000000001,13.585638039786513,28,28,0.0
88,28,172,14.000000000000002,0.56,3.44,14.000000000000002,86.0,56.00000000000001,13.585638039786513,28,28,0.0
89,28,172,14.000000000000002,0.56,3.44,14.000000000000002,86.0,56.00000000000001,13.585638039786513,28,28,0.0
90,28,172,14.000000000000002,0.56,3.44,14.000000000000002,86.0,56.00000000000001,13.585638039786513,28,28,0.0
91,28,172,14.000000000000002,0.56,3.44,14.000000000000002,86.0,56.00000000000001,13.585638039786513,28,28,0.0
92,29,171,14.499999999999998,0.58,3.42,14.499999999999998,85.5,57.99999999999999,14.070839398350312,29,29,1.9999999999999858
93,29,171,14.499999999999998,0.58,3.42,14.499999999999998,85.5,57.99999999999999,14.070839398350312,29,29,0.0
94,29,171,14.499999999999998,0.58,3.42,14.499999999999998,85.5,57.99999999999999,14.070839398350312,29,29,0.0
95,29,171,14.499999999999998,0.58,3.42,14.499999999999998,85.5,57.99999999999999,14.070839398350312,29,29,0.0
96,30,170,15.0,0.6,3.4,15.0,85.0,60.0,14.55604075691412,30,30,2.000000000000007
97,30,170,15.0,0.6,3.4,15.0,85.0,60.0,14.55604075691412,30,30,0.0
98,30,170,15.0,0.6,3.4,15.0,85.0,60.0,14.55604075691412,30,30,0.0
99,30,170,15.0,0.6,3.4,15.0,85.0,60.0,14.55604075691412,30,30,0.0
100,30,170,15.0,0.6,3.4,15.0,85.0,60.0,14.55604075691412,30,30,0.0
101,30,170,15.0,0.6,3.4,15.0,85.0,60.0,14.55604075691412,30,30,0.0
102,31,169,15.5,0.62,3.38,15.5,84.5,62.0,15.041242115477923,31,31,2.0
103,31,169,15.5,0.62,3.38,15.5,84.5,62.0,15.041242115477923,31,31,0.0
104,31,169,15.5,0.62,3.38,15.5,84.5,62.0,15.041242115477923,31,31,0.0
105,31,169,15.5,0.62,3.38,15.5,84.5,62.0,15.041242115477923,31,31,0.0
106,31,169,15.5,0.62,3.38,15.5,84.5,62.0,15.041242115477923,31,31,0.0
107,31,169,15.5,0.62,3.38,15.5,84.5,62.0,15.041242115477923,31,31,0.0
108,31,169,15.5,0.62,3.38,15.5,84.5,62.0,15.041242115477923,31,31,0.0
109,32,168,16.0,0.64,3.36,16.0,84.0,64.0,15.526443474041729,32,32,2.0
110,32,168,16.0,0.64,3.36,16.0,84.0,64.0,15.526443474041729,32,32,0.0
111,32,168,16.0,0.64,3.36,16.0,84.0,64.0,15.526443474041729,32,32,0.0
112,33,167,16.5,0.66,3.34,16.5,83.5,66.0,16.011644832605533,34,33,2.0
113,33,167,16.5,0.66,3.34,16.5,83.5,66.0,16.011644832605533,35,33,0.0
114,33,167,16.5,0.66,3.34,16.5,83.5,66.0,16.011644832605533,35,33,0.0
115,33,167,16.5,0.66,3.34,16.5,83.5,66.0,16.011644832605533,35,33,0.0
116,33,167,16.5,0.66,3.34,16.5,83.5,66.0,16.011644832605533,35,33,0.0
117,33,167,16.5,0.66,3.34,16.5,83.5,66.0,16.011644832605533,35,33,0.0
118,33,167,16.5,0.66,3.34,16.5,83.5,66.0,16.011644832605533,36,33,0.0
119,33,167,16.5,0.66,3.34,16.5,83.5,66.0,16.011644832605533,37,33,0.0
120,33,167,16.5,0.66,3.34,16.5,83.5,66.0,16.011644832605533,38,33,0.0
121,34,166,17.0,0.68,3.32,17.0,83.0,68.0,16.496846191169336,39,34,2.0
122,34,166,17.0,0.68,3.32,17.0,83.0,68.0,16.496846191169336,39,34,0.0
123,34,166,17.0,0.68,3.32,17.0,83.0,68.0,16.496846191169336,39,34,0.0
124,34,166,17.0,0.68,3.32,17.0,83.0,68.0,16.496846191169336,39,34,0.0
125,34,166,17.0,0.68,3.32,17.0,83.0,68.0,16.496846191169336,40,34,0.0
126,34,166,17.0,0.68,3.32,17.0,83.0,68.0,16.496846191169336,40,34,0.0
127,34,166,17.0,0.68,3.32,17.0,83.0,68.0,16.496846191169336,40,34,0.0
128,34,166,17.0,0.68,3.32,17.0,83.0,68.0,16.496846191169336,40,34,0.0
129,34,166,17.0,0.68,3.32,17.0,83.0,68.0,16.496846191169336,40,34,0.0
130,34,166,17.0,0.68,3.32,17.0,83.0,68.0,16.496846191169336,40,34,0.0
131,36,164,18.0,0.72,3.2800000000000002,18.0,82.0,72.0,17.467248908296945,42,36,4.0
132,37,163,18.5,0.74,3.26,18.5,81.5,74.0,17.952450266860748,43,37,2.0
133,37,163,18.5,0.74,3.26,18.5,81.5,74.0,17.952450266860748,43,37,0.0
134,37,163,18.5,0.74,3.26,18.5,81.5,74.0,17.952450266860748,43,37,0.0
135,37,163,18.5,0.74,3.26,18.5,81.5,74.0,17.952450266860748,43,37,0.0
136,37,163,18.5,0.74,3.26,18.5,81.5,74.0,17.952450266860748,43,37,0.0
137,38,162,19.0,0.76,3.24,19.0,81.0,76.0,18.43765162542455,44,38,2.0
138,39,161,19.5,0.78,3.2199999999999998,19.5,80.49999999999999,78.0,18.922852983988356,45,39,2.0
139,39,161,19.5,0.78,3.2199999999999998,19.5,80.49999999999999,78.0,18.922852983988356,45,39,0.0
140,39,161,19.5,0.78,3.2199999999999998,19.5,80.49999999999999,78.0,18.922852983988356,45,39,0.0
141,39,161,19.5,0.78,3.2199999999999998,19.5,80.49999999999999,78.0,18.922852983988356,45,39,0.0
142,39,161,19.5,0.78,3.2199999999999998,19.5,80.49999999999999,78.0,18.922852983988356,45,39,0.0
143,39,161,19.5,0.78,3.2199999999999998,19.5,80.49999999999999,78.0,18.922852983988356,45,39,0.0
144,39,161,19.5,0.78,3.2199999999999998,19.5,80.49999999999999,78.0,18.922852983988356,45,39,0.0
145,39,161,19.5,0.78,3.2199999999999998,19.5,80.49999999999999,78.0,18.922852983988356,45,39,0.0
146,39,161,19.5,0.78,3.2199999999999998,19.5,80.49999999999999,78.0,18.922852983988356,46,39,0.0
147,40,160,20.0,0.8,3.2,20.0,80.0,80.0,19.40805434255216,47,40,2.0
148,40,160,20.0,0.8,3.2,20.0,80.0,80.0,19.40805434255216,47,40,0.0
149,41,159,20.5,0.8200000000000001,3.1799999999999997,20.5,79.49999999999999,82.0,19.893255701115965,48,41,2.0
150,42,158,21.0,0.84,3.16,21.0,79.0,84.0,20.378457059679768,49,42,2.0
151,42,158,21.0,0.84,3.16,21.0,79.0,84.0,20.378457059679768,49,42,0.0
152,43,157,21.5,0.86,3.14,21.5,78.5,86.0,20.86365841824357,50,43,2.0
153,44,156,22.0,0.88,3.12,22.0,78.0,88.0,21.348859776807373,51,44,2.0
154,44,156,22.0,0.88,3.12,22.0,78.0,88.0,21.348859776807373,51,44,0.0
155,45,155,22.5,0.9,3.1,22.5,77.5,90.0,21.83406113537118,53,45,2.0
156,45,155,22.5,0.9,3.1,22.5,77.5,90.0,21.83406113537118,54,45,0.0
157,45,155,22.5,0.9,3.1,22.5,77.5,90.0,21.83406113537118,54,45,0.0
158,45,155,22.5,0.9,3.1,22.5,77.5,90.0,21.83406113537118,54,45,0.0
159,46,154,23.0,0.92,3.08,23.0,77.0,92.0,22.319262493934982,55,46,2.0
160,46,154,23.0,0.92,3.08,23.0,77.0,92.0,22.319262493934982,56,46,0.0
161,46,154,23.0,0.92,3.08,23.0,77.0,92.0,22.319262493934982,56,46,0.0
162,46,154,23.0,0.92,3.08,23.0,77.0,92.0,22.319262493934982,56,46,0.0
163,46,154,23.0,0.92,3.08,23.0,77.0,92.0,22.319262493934982,56,46,0.0
164,46,154,23.0,0.92,3.08,23.0,77.0,92.0,22.319262493934982,56,46,0.0
165,46,154,23.0,0.92,3.08,23.0,77.0,92.0,22.319262493934982,56,46,0.0
166,46,154,23.0,0.92,3.08,23.0,77.0,92.0,22.319262493934982,56,46,0.0
167,46,154,23.0,0.92,3.08,23.0,77.0,92.0,22.319262493934982,56,46,0.0
168,46,154,23.0,0.92,3.08,23.0,77.0,92.0,22.319262493934982,56,46,0.0
169,47,153,23.5,0.9400000000000001,3.06,23.5,76.5,94.0,22.804463852498788,57,47,2.0
170,47,153,23.5,0.9400000000000001,3.06,23.5,76.5,94.0,22.804463852498788,57,47,0.0
171,47,153,23.5,0.9400000000000001,3.06,23.5,76.5,94.0,22.804463852498788,57,47,0.0
172,47,153,23.5,0.9400000000000001,3.06,23.5,76.5,94.0,22.804463852498788,57,47,0.0
173,47,153,23.5,0.9400000000000001,3.06,23.5,76.5,94.0,22.804463852498788,57,47,0.0
174,47,153,23.5,0.9400000000000001,3.06,23.5,76.5,94.0,22.804463852498788,57,47,0.0
175,47,153,23.5,0.9400000000000001,3.06,23.5,76.5,94.0,22.804463852498788,57,47,0.0
176,47,153,23.5,0.9400000000000001,3.06,23.5,76.5,94.0,22.804463852498788,57,47,0.0
177,47,153,23.5,0.9400000000000001,3.06,23.5,76.5,94.0,22.804463852498788,57,47,0.0
178,47,153,23.5,0.9400000000000001,3.06,23.5,76.5,94.0,22.804463852498788,57,47,0.0
179,47,153,23.5,0.9400000000000001,3.06,23.5,76.5,94.0,22.804463852498788,57,47,0.0
180,47,153,23.5,0.9400000000000001,3.06,23.5,76.5,94.0,22.804463852498788,57,47,0.0
181,48,152,24.0,0.96,3.04,24.0,76.0,96.0,23.28966521106259,58,48,2.0
182,48,152,24.0,0.96,3.04,24.0,76.0,96.0,23.28966521106259,58,48,0.0
183,48,152,24.0,0.96,3.04,24.0,76.0,96.0,23.28966521106259,58,48,0.0
184,49,151,24.5,0.98,3.02,24.5,75.5,98.0,23.774866569626397,59,49,2.0
185,49,151,24.5,0.98,3.02,24.5,75.5,98.0,23.774866569626397,59,49,0.0
186,50,150,25.0,1.0,3.0,25.0,75.0,100.0,24.2600679281902,61,50,2.0
187,51,149,25.5,1.02,2.98,25.5,74.5,102.0,24.745269286754006,63,51,2.0
188,51,149,25.5,1.02,2.98,25.5,74.5,102.0,24.745269286754006,63,51,0.0
189,51,149,25.5,1.02,2.98,25.5,74.5,102.0,24.745269286754006,64,51,0.0
190,51,149,25.5,1.02,2.98,25.5,74.5,102.0,24.745269286754006,64,51,0.0
191,51,149,25.5,1.02,2.98,25.5,74.5,102.0,24.745269286754006,64,51,0.0
192,51,149,25.5,1.02,2.98,25.5,74.5,102.0,24.745269286754006,65,51,0.0
193,51,149,25.5,1.02,2.98,25.5,74.5,102.0,24.745269286754006,68,51,0.0
194,51,149,25.5,1.02,2.98,25.5,74.5,102.0,24.745269286754006,70,51,0.0
195,51,149,25.5,1.02,2.98,25.5,74.5,102.0,24.745269286754006,70,51,0.0
196,51,149,25.5,1.02,2.98,25.5,74.5,102.0,24.745269286754006,70,51,0.0
197,51,149,25.5,1.02,2.98,25.5,74.5,102.0,24.745269286754006,71,51,0.0
198,51,149,25.5,1.02,2.98,25.5,74.5,102.0,24.745269286754006,72,51,0.0
199,51,149,25.5,1.02,2.98,25.5,74.5,102.0,24.745269286754006,73,51,0.0
200,51,149,25.5,1.02,2.98,25.5,74.5,102.0,24.745269286754006,75,51,0.0
201,51,149,25.5,1.02,2.98,25.5,74.5,102.0,24.745269286754006,76,51,0.0
202,51,149,25.5,1.02,2.98,25.5,74.5,102.0,24.745269286754006,76,51,0.0
203,51,149,25.5,1.02,2.98,25.5,74.5,102.0,24.745269286754006,77,51,0.0
204,51,149,25.5,1.02,2.98,25.5,74.5,102.0,24.745269286754006,77,51,0.0
205,51,149,25.5,1.02,2.98,25.5,74.5,102.0,24.745269286754006,77,51,0.0
206,51,149,25.5,1.02,2.98,25.5,74.5,102.0,24.745269286754006,77,51,0.0
207,52,148,26.0,1.04,2.96,26.0,74.0,104.0,25.23047064531781,79,52,2.0
208,52,148,26.0,1.04,2.96,26.0,74.0,104.0,25.23047064531781,80,52,0.0
209,53,147,26.5,1.06,2.94,26.5,73.5,106.0,25.71567200388161,82,53,2.0
210,54,146,27.0,1.08,2.92,27.0,73.0,108.0,26.200873362445414,83,54,2.0
211,54,146,27.0,1.08,2.92,27.0,73.0,108.0,26.200873362445414,83,54,0.0
212,54,146,27.0,1.08,2.92,27.0,73.0,108.0,26.200873362445414,83,54,0.0
213,54,146,27.0,1.08,2.92,27.0,73.0,108.0,26.200873362445414,83,54,0.0
214,54,146,27.0,1.08,2.92,27.0,73.0,108.0,26.200873362445414,83,54,0.0
215,54,146,27.0,1.08,2.92,27.0,73.0,108.0,26.200873362445414,83,54,0.0
216,54,146,27.0,1.08,2.92,27.0,73.0,108.0,26.200873362445414,83,54,0.0
217,54,146,27.0,1.08,2.92,27.0,73.0,108.0,26.200873362445414,83,54,0.0
218,54,146,27.0,1.08,2.92,27.0,73.0,108.0,26.200873362445414,83,54,0.0
219,54,146,27.0,1.08,2.92,27.0,73.0,108.0,26.200873362445414,83,54,0.0
220,54,146,27.0,1.08,2.92,27.0,73.0,108.0,26.200873362445414,83,54,0.0
221,55,145,27.500000000000004,1.1,2.9,27.5,72.5,110.0,26.686074721009216,84,55,2.0
222,55,145,27.500000000000004,1.1,2.9,27.5,72.5,110.0,26.686074721009216,85,55,0.0
223,55,145,27.500000000000004,1.1,2.9,27.5,72.5,110.0,26.686074721009216,85,55,0.0
224,55,145,27.500000000000004,1.1,2.9,27.5,72.5,110.0,26.686074721009216,85,55,0.0
225,55,145,27.500000000000004,1.1,2.9,27.5,72.5,110.0,26.686074721009216,85,55,0.0
226,55,145,27.500000000000004,1.1,2.9,27.5,72.5,110.0,26.686074721009216,85,55,0.0
227,55,145,27.500000000000004,1.1,2.9,27.5,72.5,110.0,26.686074721009216,86,55,0.0
228,55,145,27.500000000000004,1.1,2.9,27.5,72.5,110.0,26.686074721009216,87,55,0.0
229,56,144,28.000000000000004,1.12,2.88,28.000000000000004,72.0,112.00000000000001,27.171276079573026,88,56,2.000000000000014
230,56,144,28.000000000000004,1.12,2.88,28.000000000000004,72.0,112.00000000000001,27.171276079573026,88,56,0.0
231,56,144,28.000000000000004,1.12,2.88,28.000000000000004,72.0,112.00000000000001,27.171276079573026,88,56,0.0
232,57,143,28.499999999999996,1.1400000000000001,2.86,28.500000000000004,71.5,114.00000000000001,27.65647743813683,89,57,2.0
233,57,143,28.499999999999996,1.1400000000000001,2.86,28.500000000000004,71.5,114.00000000000001,27.65647743813683,89,57,0.0
234,57,143,28.499999999999996,1.1400000000000001,2.86,28.500000000000004,71.5,114.00000000000001,27.65647743813683,89,57,0.0
235,57,143,28.499999999999996,1.1400000000000001,2.86,28.500000000000004,71.5,114.00000000000001,27.65647743813683,89,57,0.0
236,57,143,28.499999999999996,1.1400000000000001,2.86,28.500000000000004,71.5,114.00000000000001,27.65647743813683,89,57,0.0
237,57,143,28.499999999999996,1.1400000000000001,2.86,28.500000000000004,71.5,114.00000000000001,27.65647743813683,89,57,0.0
238,57,143,28.499999999999996,1.1400000000000001,2.86,28.500000000000004,71.5,114.00000000000001,27.65647743813683,89,57,0.0
239,57,143,28.499999999999996,1.1400000000000001,2.86,28.500000000000004,71.5,114.00000000000001,27.65647743813683,89,57,0.0
240,57,143,28.499999999999996,1.1400000000000001,2.86,28.500000000000004,71.5,114.00000000000001,27.65647743813683,89,57,0.0
241,57,143,28.499999999999996,1.1400000000000001,2.86,28.500000000000004,71.5,114.00000000000001,27.65647743813683,89,57,0.0
242,57,143,28.499999999999996,1.1400000000000001,2.86,28.500000000000004,71.5,114.00000000000001,27.65647743813683,89,57,0.0
243,57,143,28.499999999999996,1.1400000000000001,2.86,28.500000000000004,71.5,114.00000000000001,27.65647743813683,89,57,0.0
244,58,142,28.999999999999996,1.16,2.84,28.999999999999996,71.0,115.99999999999999,28.141678796700624,90,58,1.9999999999999716
245,58,142,28.999999999999996,1.16,2.84,28.999999999999996,71.0,115.99999999999999,28.141678796700624,90,58,0.0
246,58,142,28.999999999999996,1.16,2.84,28.999999999999996,71.0,115.99999999999999,28.141678796700624,90,58,0.0
247,58,142,28.999999999999996,1.16,2.84,28.999999999999996,71.0,115.99999999999999,28.141678796700624,90,58,0.0
248,58,142,28.999999999999996,1.16,2.84,28.999999999999996,71.0,115.99999999999999,28.141678796700624,90,58,0.0
249,58,142,28.999999999999996,1.16,2.84,28.999999999999996,71.0,115.99999999999999,28.141678796700624,90,58,0.0
250,58,142,28.999999999999996,1.16,2.84,28.999999999999996,71.0,115.99999999999999,28.141678796700624,90,58,0.0
251,58,142,28.999999999999996,1.16,2.84,28.999999999999996,71.0,115.99999999999999,28.141678796700624,90,58,0.0
252,58,142,28.999999999999996,1.16,2.84,28.999999999999996,71.0,115.99999999999999,28.141678796700624,90,58,0.0
253,58,142,28.999999999999996,1.16,2.84,28.999999999999996,71.0,115.99999999999999,28.141678796700624,90,58,0.0
254,58,142,28.999999999999996,1.16,2.84,28.999999999999996,71.0,115.99999999999999,28.141678796700624,90,58,0.0
255,58,142,28.999999999999996,1.16,2.84,28.999999999999996,71.0,115.99999999999999,28.141678796700624,90,58,0.0
256,58,142,28.999999999999996,1.16,2.84,28.999999999999996,71.0,115.99999999999999,28.141678796700624,90,58,0.0
257,58,142,28.999999999999996,1.16,2.84,28.999999999999996,71.0,115.99999999999999,28.141678796700624,90,58,0.0
258,58,142,28.999999999999996,1.16,2.84,28.999999999999996,71.0,115.99999999999999,28.141678796700624,90,58,0.0
259,59,141,29.5,1.18,2.8200000000000003,29.499999999999996,70.5,117.99999999999999,28.626880155264434,91,59,2.0
260,59,141,29.5,1.18,2.8200000000000003,29.499999999999996,70.5,117.99999999999999,28.626880155264434,91,59,0.0
261,59,141,29.5,1.18,2.8200000000000003,29.499999999999996,70.5,117.99999999999999,28.626880155264434,92,59,0.0
262,59,141,29.5,1.18,2.8200000000000003,29.499999999999996,70.5,117.99999999999999,28.626880155264434,93,59,0.0
263,59,141,29.5,1.18,2.8200000000000003,29.499999999999996,70.5,117.99999999999999,28.626880155264434,93,59,0.0
264,60,140,30.0,1.2,2.8,30.0,70.0,120.0,29.11208151382824,94,60,2.000000000000014
265,60,140,30.0,1.2,2.8,30.0,70.0,120.0,29.11208151382824,94,60,0.0
266,60,140,30.0,1.2,2.8,30.0,70.0,120.0,29.11208151382824,94,60,0.0
267,60,140,30.0,1.2,2.8,30.0,70.0,120.0,29.11208151382824,94,60,0.0
268,60,140,30.0,1.2,2.8,30.0,70.0,120.0,29.11208151382824,94,60,0.0
269,60,140,30.0,1.2,2.8,30.0,70.0,120.0,29.11208151382824,94,60,0.0
270,61,139,30.5,1.22,2.7800000000000002,30.5,69.5,122.0,29.597282872392043,95,61,2.0
271,61,139,30.5,1.22,2.7800000000000002,30.5,69.5,122.0,29.597282872392043,95,61,0.0
272,61,139,30.5,1.22,2.7800000000000002,30.5,69.5,122.0,29.597282872392043,95,61,0.0
273,61,139,30.5,1.22,2.7800000000000002,30.5,69.5,122.0,29.597282872392043,95,61,0.0
274,61,139,30.5,1.22,2.7800000000000002,30.5,69.5,122.0,29.597282872392043,95,61,0.0
275,61,139,30.5,1.22,2.7800000000000002,30.5,69.5,122.0,29.597282872392043,95,61,0.0
276,61,139,30.5,1.22,2.7800000000000002,30.5,69.5,122.0,29.597282872392043,95,61,0.0
277,62,138,31.0,1.24,2.76,31.0,69.0,124.0,30.082484230955846,97,62,2.0
278,62,138,31.0,1.24,2.76,31.0,69.0,124.0,30.082484230955846,97,62,0.0
279,62,138,31.0,1.24,2.76,31.0,69.0,124.0,30.082484230955846,97,62,0.0
280,62,138,31.0,1.24,2.76,31.0,69.0,124.0,30.082484230955846,97,62,0.0
281,62,138,31.0,1.24,2.76,31.0,69.0,124.0,30.082484230955846,97,62,0.0
282,62,138,31.0,1.24,2.76,31.0,69.0,124.0,30.082484230955846,97,62,0.0
283,62,138,31.0,1.24,2.76,31.0,69.0,124.0,30.082484230955846,97,62,0.0
284,62,138,31.0,1.24,2.76,31.0,69.0,124.0,30.082484230955846,97,62,0.0
285,62,138,31.0,1.24,2.76,31.0,69.0,124.0,30.082484230955846,98,62,0.0
286,62,138,31.0,1.24,2.76,31.0,69.0,124.0,30.082484230955846,99,62,0.0
287,62,138,31.0,1.24,2.76,31.0,69.0,124.0,30.082484230955846,99,62,0.0
288,63,137,31.5,1.26,2.74,31.5,68.5,126.0,30.567685589519648,100,63,2.0
289,63,137,31.5,1.26,2.74,31.5,68.5,126.0,30.567685589519648,100,63,0.0
290,63,137,31.5,1.26,2.74,31.5,68.5,126.0,30.567685589519648,100,63,0.0
291,63,137,31.5,1.26,2.74,31.5,68.5,126.0,30.567685589519648,100,63,0.0
292,63,137,31.5,1.26,2.74,31.5,68.5,126.0,30.567685589519648,100,63,0.0
293,63,137,31.5,1.26,2.74,31.5,68.5,126.0,30.567685589519648,100,63,0.0
294,63,137,31.5,1.26,2.74,31.5,68.5,126.0,30.567685589519648,100,63,0.0
295,63,137,31.5,1.26,2.74,31.5,68.5,126.0,30.567685589519648,100,63,0.0
296,63,137,31.5,1.26,2.74,31.5,68.5,126.0,30.567685589519648,100,63,0.0
297,63,137,31.5,1.26,2.74,31.5,68.5,126.0,30.567685589519648,100,63,0.0
298,63,137,31.5,1.26,2.74,31.5,68.5,126.0,30.567685589519648,100,63,0.0
299,63,137,31.5,1.26,2.74,31.5,68.5,126.0,30.567685589519648,100,63,0.0
300,63,137,31.5,1.26,2.74,31.5,68.5,126.0,30.567685589519648,100,63,0.0
301,64,136,32.0,1.28,2.7199999999999998,32.0,67.99999999999999,128.0,31.052886948083458,101,64,2.0
302,64,136,32.0,1.28,2.7199999999999998,32.0,67.99999999999999,128.0,31.052886948083458,101,64,0.0
303,64,136,32.0,1.28,2.7199999999999998,32.0,67.99999999999999,128.0,31.052886948083458,101,64,0.0
304,64,136,32.0,1.28,2.7199999999999998,32.0,67.99999999999999,128.0,31.052886948083458,101,64,0.0
305,64,136,32.0,1.28,2.7199999999999998,32.0,67.99999999999999,128.0,31.052886948083458,101,64,0.0
306,64,136,32.0,1.28,2.7199999999999998,32.0,67.99999999999999,128.0,31.052886948083458,102,64,0.0
307,64,136,32.0,1.28,2.7199999999999998,32.0,67.99999999999999,128.0,31.052886948083458,103,64,0.0
308,64,136,32.0,1.28,2.7199999999999998,32.0,67.99999999999999,128.0,31.052886948083458,103,64,0.0
309,64,136,32.0,1.28,2.7199999999999998,32.0,67.99999999999999,128.0,31.052886948083458,103,64,0.0
310,64,136,32.0,1.28,2.7199999999999998,32.0,67.99999999999999,128.0,31.052886948083458,103,64,0.0
311,64,136,32.0,1.28,2.7199999999999998,32.0,67.99999999999999,128.0,31.052886948083458,103,64,0.0
312,64,136,32.0,1.28,2.7199999999999998,32.0,67.99999999999999,128.0,31.052886948083458,103,64,0.0
313,64,136,32.0,1.28,2.7199999999999998,32.0,67.99999999999999,128.0,31.052886948083458,104,64,0.0
314,64,136,32.0,1.28,2.7199999999999998,32.0,67.99999999999999,128.0,31.052886948083458,104,64,0.0
315,64,136,32.0,1.28,2.7199999999999998,32.0,67.99999999999999,128.0,31.052886948083458,104,64,0.0
316,64,136,32.0,1.28,2.7199999999999998,32.0,67.99999999999999,128.0,31.052886948083458,104,64,0.0
317,64,136,32.0,1.28,2.7199999999999998,32.0,67.99999999999999,128.0,31.052886948083458,104,64,0.0
318,64,136,32.0,1.28,2.7199999999999998,32.0,67.99999999999999,128.0,31.052886948083458,104,64,0.0
319,64,136,32.0,1.28,2.7199999999999998,32.0,67.99999999999999,128.0,31.052886948083458,104,64,0.0
320,64,136,32.0,1.28,2.7199999999999998,32.0,67.99999999999999,128.0,31.052886948083458,104,64,0.0
321,64,136,32.0,1.28,2.7199999999999998,32.0,67.99999999999999,128.0,31.052886948083458,104,64,0.0
322,64,136,32.0,1.28,2.7199999999999998,32.0,67.99999999999999,128.0,31.052886948083458,104,64,0.0
323,64,136,32.0,1.28,2.7199999999999998,32.0,67.99999999999999,128.0,31.052886948083458,104,64,0.0
324,64,136,32.0,1.28,2.7199999999999998,32.0,67.99999999999999,128.0,31.052886948083458,104,64,0.0
325,64,136,32.0,1.28,2.7199999999999998,32.0,67.99999999999999,128.0,31.052886948083458,104,64,0.0
326,64,136,32.0,1.28,2.7199999999999998,32.0,67.99999999999999,128.0,31.052886948083458,104,64,0.0
327,64,136,32.0,1.28,2.7199999999999998,32.0,67.99999999999999,128.0,31.052886948083458,105,64,0.0
328,64,136,32.0,1.28,2.7199999999999998,32.0,67.99999999999999,128.0,31.052886948083458,105,64,0.0
329,64,136,32.0,1.28,2.7199999999999998,32.0,67.99999999999999,128.0,31.052886948083458,106,64,0.0
330,64,136,32.0,1.28,2.7199999999999998,32.0,67.99999999999999,128.0,31.052886948083458,106,64,0.0
331,64,136,32.0,1.28,2.7199999999999998,32.0,67.99999999999999,128.0,31.052886948083458,106,64,0.0
332,64,136,32.0,1.28,2.7199999999999998,32.0,67.99999999999999,128.0,31.052886948083458,106,64,0.0
333,64,136,32.0,1.28,2.7199999999999998,32.0,67.99999999999999,128.0,31.052886948083458,106,64,0.0
334,64,136,32.0,1.28,2.7199999999999998,32.0,67.99999999999999,128.0,31.052886948083458,106,64,0.0
335,66,134,33.0,1.32,2.6799999999999997,33.0,66.99999999999999,132.0,32.02328966521107,108,66,4.0
336,66,134,33.0,1.32,2.6799999999999997,33.0,66.99999999999999,132.0,32.02328966521107,108,66,0.0
337,66,134,33.0,1.32,2.6799999999999997,33.0,66.99999999999999,132.0,32.02328966521107,108,66,0.0
338,66,134,33.0,1.32,2.6799999999999997,33.0,66.99999999999999,132.0,32.02328966521107,108,66,0.0
339,66,134,33.0,1.32,2.6799999999999997,33.0,66.99999999999999,132.0,32.02328966521107,108,66,0.0
340,66,134,33.0,1.32,2.6799999999999997,33.0,66.99999999999999,132.0,32.02328966521107,108,66,0.0
341,66,134,33.0,1.32,2.6799999999999997,33.0,66.99999999999999,132.0,32.02328966521107,108,66,0.0
342,66,134,33.0,1.32,2.6799999999999997,33.0,66.99999999999999,132.0,32.02328966521107,108,66,0.0
343,66,134,33.0,1.32,2.6799999999999997,33.0,66.99999999999999,132.0,32.02328966521107,108,66,0.0
344,66,134,33.0,1.32,2.6799999999999997,33.0,66.99999999999999,132.0,32.02328966521107,108,66,0.0
345,66,134,33.0,1.32,2.6799999999999997,33.0,66.99999999999999,132.0,32.02328966521107,108,66,0.0
346,66,134,33.0,1.32,2.6799999999999997,33.0,66.99999999999999,132.0,32.02328966521107,108,66,0.0
347,66,134,33.0,1.32,2.6799999999999997,33.0,66.99999999999999,132.0,32.02328966521107,108,66,0.0
348,66,134,33.0,1.32,2.6799999999999997,33.0,66.99999999999999,132.0,32.02328966521107,108,66,0.0
349,66,134,33.0,1.32,2.6799999999999997,33.0,66.99999999999999,132.0,32.02328966521107,108,66,0.0
350,66,134,33.0,1.32,2.6799999999999997,33.0,66.99999999999999,132.0,32.02328966521107,108,66,0.0
351,66,134,33.0,1.32,2.6799999999999997,33.0,66.99999999999999,132.0,32.02328966521107,108,66,0.0
352,66,134,33.0,1.32,2.6799999999999997,33.0,66.99999999999999,132.0,32.02328966521107,108,66,0.0
353,66,134,33.0,1.32,2.6799999999999997,33.0,66.99999999999999,132.0,32.02328966521107,108,66,0.0
354,66,134,33.0,1.32,2.6799999999999997,33.0,66.99999999999999,132.0,32.02328966521107,108,66,0.0
355,66,134,33.0,1.32,2.6799999999999997,33.0,66.99999999999999,132.0,32.02328966521107,108,66,0.0
356,66,134,33.0,1.32,2.6799999999999997,33.0,66.99999999999999,132.0,32.02328966521107,108,66,0.0
357,66,134,33.0,1.32,2.6799999999999997,33.0,66.99999999999999,132.0,32.02328966521107,108,66,0.0
358,66,134,33.0,1.32,2.6799999999999997,33.0,66.99999999999999,132.0,32.02328966521107,108,66,0.0
359,66,134,33.0,1.32,2.6799999999999997,33.0,66.99999999999999,132.0,32.02328966521107,108,66,0.0
360,66,134,33.0,1.32,2.6799999999999997,33.0,66.99999999999999,132.0,32.02328966521107,108,66,0.0
361,66,134,33.0,1.32,2.6799999999999997,33.0,66.99999999999999,132.0,32.02328966521107,108,66,0.0
362,66,134,33.0,1.32,2.6799999999999997,33.0,66.99999999999999,132.0,32.02328966521107,108,66,0.0
363,66,134,33.0,1.32,2.6799999999999997,33.0,66.99999999999999,132.0,32.02328966521107,108,66,0.0
364,66,134,33.0,1.32,2.6799999999999997,33.0,66.99999999999999,132.0,32.02328966521107,108,66,0.0
365,66,134,33.0,1.32,2.6799999999999997,33.0,66.99999999999999,132.0,32.02328966521107,108,66,0.0
366,66,134,33.0,1.32,2.6799999999999997,33.0,66.99999999999999,132.0,32.02328966521107,108,66,0.0
367,66,134,33.0,1.32,2.6799999999999997,33.0,66.99999999999999,132.0,32.02328966521107,108,66,0.0
368,66,134,33.0,1.32,2.6799999999999997,33.0,66.99999999999999,132.0,32.02328966521107,108,66,0.0
369,66,134,33.0,1.32,2.6799999999999997,33.0,66.99999999999999,132.0,32.02328966521107,108,66,0.0
370,66,134,33.0,1.32,2.6799999999999997,33.0,66.99999999999999,132.0,32.02328966521107,108,66,0.0
371,66,134,33.0,1.32,2.6799999999999997,33.0,66.99999999999999,132.0,32.02328966521107,109,66,0.0
372,66,134,33.0,1.32,2.6799999999999997,33.0,66.99999999999999,132.0,32.02328966521107,110,66,0.0
373,66,134,33.0,1.32,2.6799999999999997,33.0,66.99999999999999,132.0,32.02328966521107,110,66,0.0
374,66,134,33.0,1.32,2.6799999999999997,33.0,66.99999999999999,132.0,32.02328966521107,110,66,0.0
375,66,134,33.0,1.32,2.6799999999999997,33.0,66.99999999999999,132.0,32.02328966521107,110,66,0.0
376,66,134,33.0,1.32,2.6799999999999997,33.0,66.99999999999999,132.0,32.02328966521107,110,66,0.0
377,66,134,33.0,1.32,2.6799999999999997,33.0,66.99999999999999,132.0,32.02328966521107,110,66,0.0
378,66,134,33.0,1.32,2.6799999999999997,33.0,66.99999999999999,132.0,32.02328966521107,110,66,0.0
379,66,134,33.0,1.32,2.6799999999999997,33.0,66.99999999999999,132.0,32.02328966521107,111,66,0.0
380,66,134,33.0,1.32,2.6799999999999997,33.0,66.99999999999999,132.0,32.02328966521107,111,66,0.0
381,66,134,33.0,1.32,2.6799999999999997,33.0,66.99999999999999,132.0,32.02328966521107,111,66,0.0
382,66,134,33.0,1.32,2.6799999999999997,33.0,66.99999999999999,132.0,32.02328966521107,111,66,0.0
383,66,134,33.0,1.32,2.6799999999999997,33.0,66.99999999999999,132.0,32.02328966521107,111,66,0.0
384,66,134,33.0,1.32,2.6799999999999997,33.0,66.99999999999999,132.0,32.02328966521107,111,66,0.0
385,66,134,33.0,1.32,2.6799999999999997,33.0,66.99999999999999,132.0,32.02328966521107,111,66,0.0
386,66,134,33.0,1.32,2.6799999999999997,33.0,66.99999999999999,132.0,32.02328966521107,111,66,0.0
387,66,134,33.0,1.32,2.6799999999999997,33.0,66.99999999999999,132.0,32.02328966521107,111,66,0.0
388,66,134,33.0,1.32,2.6799999999999997,33.0,66.99999999999999,132.0,32.02328966521107,111,66,0.0
389,67,133,33.5,1.34,2.66,33.5,66.5,134.0,32.508491023774866,112,67,2.0
390,67,133,33.5,1.34,2.66,33.5,66.5,134.0,32.508491023774866,112,67,0.0
391,67,133,33.5,1.34,2.66,33.5,66.5,134.0,32.508491023774866,112,67,0.0
392,67,133,33.5,1.34,2.66,33.5,66.5,134.0,32.508491023774866,112,67,0.0
393,67,133,33.5,1.34,2.66,33.5,66.5,134.0,32.508491023774866,112,67,0.0
394,67,133,33.5,1.34,2.66,33.5,66.5,134.0,32.508491023774866,112,67,0.0
395,67,133,33.5,1.34,2.66,33.5,66.5,134.0,32.508491023774866,112,67,0.0
396,67,133,33.5,1.34,2.66,33.5,66.5,134.0,32.508491023774866,112,67,0.0
397,68,132,34.0,1.36,2.6399999999999997,34.0,65.99999999999999,136.0,32.99369238233867,113,68,2.0
398,68,132,34.0,1.36,2.6399999999999997,34.0,65.99999999999999,136.0,32.99369238233867,113,68,0.0
399,69,131,34.5,1.3800000000000001,2.62,34.5,65.5,138.0,33.47889374090248,114,69,2.0
400,69,131,34.5,1.3800000000000001,2.62,34.5,65.5,138.0,33.47889374090248,114,69,0.0
401,69,131,34.5,1.3800000000000001,2.62,34.5,65.5,138.0,33.47889374090248,114,69,0.0
402,69,131,34.5,1.3800000000000001,2.62,34.5,65.5,138.0,33.47889374090248,114,69,0.0
403,69,131,34.5,1.3800000000000001,2.62,34.5,65.5,138.0,33.47889374090248,114,69,0.0
404,69,131,34.5,1.3800000000000001,2.62,34.5,65.5,138.0,33.47889374090248,114,69,0.0
405,69,131,34.5,1.3800000000000001,2.62,34.5,65.5,138.0,33.47889374090248,114,69,0.0
406,69,131,34.5,1.3800000000000001,2.62,34.5,65.5,138.0,33.47889374090248,114,69,0.0
407,69,131,34.5,1.3800000000000001,2.62,34.5,65.5,138.0,33.47889374090248,114,69,0.0
408,69,131,34.5,1.3800000000000001,2.62,34.5,65.5,138.0,33.47889374090248,114,69,0.0
409,69,131,34.5,1.3800000000000001,2.62,34.5,65.5,138.0,33.47889374090248,114,69,0.0
410,69,131,34.5,1.3800000000000001,2.62,34.5,65.5,138.0,33.47889374090248,114,69,0.0
411,69,131,34.5,1.3800000000000001,2.62,34.5,65.5,138.0,33.47889374090248,114,69,0.0
412,69,131,34.5,1.3800000000000001,2.62,34.5,65.5,138.0,33.47889374090248,114,69,0.0
413,70,130,35.0,1.4000000000000001,2.5999999999999996,35.0,64.99999999999999,140.0,33.96409509946628,115,70,2.0
414,70,130,35.0,1.4000000000000001,2.5999999999999996,35.0,64.99999999999999,140.0,33.96409509946628,115,70,0.0
415,70,130,35.0,1.4000000000000001,2.5999999999999996,35.0,64.99999999999999,140.0,33.96409509946628,115,70,0.0
416,70,130,35.0,1.4000000000000001,2.5999999999999996,35.0,64.99999999999999,140.0,33.96409509946628,116,70,0.0
417,70,130,35.0,1.4000000000000001,2.5999999999999996,35.0,64.99999999999999,140.0,33.96409509946628,117,70,0.0
418,70,130,35.0,1.4000000000000001,2.5999999999999996,35.0,64.99999999999999,140.0,33.96409509946628,117,70,0.0
419,70,130,35.0,1.4000000000000001,2.5999999999999996,35.0,64.99999999999999,140.0,33.96409509946628,118,70,0.0
420,70,130,35.0,1.4000000000000001,2.5999999999999996,35.0,64.99999999999999,140.0,33.96409509946628,118,70,0.0
421,70,130,35.0,1.4000000000000001,2.5999999999999996,35.0,64.99999999999999,140.0,33.96409509946628,119,70,0.0
422,71,129,35.5,1.42,2.58,35.5,64.5,142.0,34.449296458030084,120,71,2.0
423,71,129,35.5,1.42,2.58,35.5,64.5,142.0,34.449296458030084,120,71,0.0
424,71,129,35.5,1.42,2.58,35.5,64.5,142.0,34.449296458030084,120,71,0.0
425,71,129,35.5,1.42,2.58,35.5,64.5,142.0,34.449296458030084,120,71,0.0
426,71,129,35.5,1.42,2.58,35.5,64.5,142.0,34.449296458030084,120,71,0.0
427,71,129,35.5,1.42,2.58,35.5,64.5,142.0,34.449296458030084,120,71,0.0
428,71,129,35.5,1.42,2.58,35.5,64.5,142.0,34.449296458030084,120,71,0.0
429,71,129,35.5,1.42,2.58,35.5,64.5,142.0,34.449296458030084,120,71,0.0
430,71,129,35.5,1.42,2.58,35.5,64.5,142.0,34.449296458030084,120,71,0.0
431,71,129,35.5,1.42,2.58,35.5,64.5,142.0,34.449296458030084,120,71,0.0
432,71,129,35.5,1.42,2.58,35.5,64.5,142.0,34.449296458030084,120,71,0.0
433,71,129,35.5,1.42,2.58,35.5,64.5,142.0,34.449296458030084,120,71,0.0
434,71,129,35.5,1.42,2.58,35.5,64.5,142.0,34.449296458030084,120,71,0.0
435,72,128,36.0,1.44,2.56,36.0,64.0,144.0,34.93449781659389,121,72,2.0
436,72,128,36.0,1.44,2.56,36.0,64.0,144.0,34.93449781659389,121,72,0.0
437,73,127,36.5,1.46,2.54,36.5,63.5,146.0,35.419699175157696,123,73,2.0
438,73,127,36.5,1.46,2.54,36.5,63.5,146.0,35.419699175157696,123,73,0.0
439,73,127,36.5,1.46,2.54,36.5,63.5,146.0,35.419699175157696,124,73,0.0
440,73,127,36.5,1.46,2.54,36.5,63.5,146.0,35.419699175157696,124,73,0.0
441,73,127,36.5,1.46,2.54,36.5,63.5,146.0,35.419699175157696,124,73,0.0
442,73,127,36.5,1.46,2.54,36.5,63.5,146.0,35.419699175157696,124,73,0.0
443,73,127,36.5,1.46,2.54,36.5,63.5,146.0,35.419699175157696,124,73,0.0
444,73,127,36.5,1.46,2.54,36.5,63.5,146.0,35.419699175157696,124,73,0.0
445,74,126,37.0,1.48,2.52,37.0,63.0,148.0,35.904900533721495,125,74,2.0
446,74,126,37.0,1.48,2.52,37.0,63.0,148.0,35.904900533721495,125,74,0.0
447,74,126,37.0,1.48,2.52,37.0,63.0,148.0,35.904900533721495,125,74,0.0
448,75,125,37.5,1.5,2.5,37.5,62.5,150.0,36.3901018922853,126,75,2.0
449,75,125,37.5,1.5,2.5,37.5,62.5,150.0,36.3901018922853,126,75,0.0
450,75,125,37.5,1.5,2.5,37.5,62.5,150.0,36.3901018922853,126,75,0.0
451,75,125,37.5,1.5,2.5,37.5,62.5,150.0,36.3901018922853,126,75,0.0
452,75,125,37.5,1.5,2.5,37.5,62.5,150.0,36.3901018922853,126,75,0.0
453,75,125,37.5,1.5,2.5,37.5,62.5,150.0,36.3901018922853,127,75,0.0
454,75,125,37.5,1.5,2.5,37.5,62.5,150.0,36.3901018922853,127,75,0.0
455,75,125,37.5,1.5,2.5,37.5,62.5,150.0,36.3901018922853,127,75,0.0
456,75,125,37.5,1.5,2.5,37.5,62.5,150.0,36.3901018922853,127,75,0.0
457,75,125,37.5,1.5,2.5,37.5,62.5,150.0,36.3901018922853,127,75,0.0
458,75,125,37.5,1.5,2.5,37.5,62.5,150.0,36.3901018922853,127,75,0.0
459,75,125,37.5,1.5,2.5,37.5,62.5,150.0,36.3901018922853,127,75,0.0
460,75,125,37.5,1.5,2.5,37.5,62.5,150.0,36.3901018922853,127,75,0.0
461,75,125,37.5,1.5,2.5,37.5,62.5,150.0,36.3901018922853,127,75,0.0
462,75,125,37.5,1.5,2.5,37.5,62.5,150.0,36.3901018922853,127,75,0.0
463,76,124,38.0,1.52,2.48,38.0,62.0,152.0,36.8753032508491,128,76,2.0
464,77,123,38.5,1.54,2.46,38.5,61.5,154.0,37.36050460941291,129,77,2.0
465,77,123,38.5,1.54,2.46,38.5,61.5,154.0,37.36050460941291,129,77,0.0
466,77,123,38.5,1.54,2.46,38.5,61.5,154.0,37.36050460941291,129,77,0.0
467,77,123,38.5,1.54,2.46,38.5,61.5,154.0,37.36050460941291,129,77,0.0
468,77,123,38.5,1.54,2.46,38.5,61.5,154.0,37.36050460941291,129,77,0.0
469,77,123,38.5,1.54,2.46,38.5,61.5,154.0,37.36050460941291,129,77,0.0
470,77,123,38.5,1.54,2.46,38.5,61.5,154.0,37.36050460941291,129,77,0.0
471,78,122,39.0,1.56,2.44,39.0,61.0,156.0,37.84570596797671,130,78,2.0
472,78,122,39.0,1.56,2.44,39.0,61.0,156.0,37.84570596797671,130,78,0.0
473,78,122,39.0,1.56,2.44,39.0,61.0,156.0,37.84570596797671,130,78,0.0
474,78,122,39.0,1.56,2.44,39.0,61.0,156.0,37.84570596797671,130,78,0.0
475,78,122,39.0,1.56,2.44,39.0,61.0,156.0,37.84570596797671,130,78,0.0
476,78,122,39.0,1.56,2.44,39.0,61.0,156.0,37.84570596797671,130,78,0.0
477,78,122,39.0,1.56,2.44,39.0,61.0,156.0,37.84570596797671,130,78,0.0
478,78,122,39.0,1.56,2.44,39.0,61.0,156.0,37.84570596797671,130,78,0.0
479,78,122,39.0,1.56,2.44,39.0,61.0,156.0,37.84570596797671,130,78,0.0
480,78,122,39.0,1.56,2.44,39.0,61.0,156.0,37.84570596797671,130,78,0.0
481,78,122,39.0,1.56,2.44,39.0,61.0,156.0,37.84570596797671,130,78,0.0
482,78,122,39.0,1.56,2.44,39.0,61.0,156.0,37.84570596797671,130,78,0.0
483,78,122,39.0,1.56,2.44,39.0,61.0,156.0,37.84570596797671,130,78,0.0
484,79,121,39.5,1.58,2.42,39.5,60.5,158.0,38.33090732654051,131,79,2.0
485,80,120,40.0,1.6,2.4,40.0,60.0,160.0,38.81610868510432,132,80,2.0
486,80,120,40.0,1.6,2.4,40.0,60.0,160.0,38.81610868510432,132,80,0.0
487,80,120,40.0,1.6,2.4,40.0,60.0,160.0,38.81610868510432,132,80,0.0
488,80,120,40.0,1.6,2.4,40.0,60.0,160.0,38.81610868510432,132,80,0.0
489,80,120,40.0,1.6,2.4,40.0,60.0,160.0,38.81610868510432,132,80,0.0
490,80,120,40.0,1.6,2.4,40.0,60.0,160.0,38.81610868510432,132,80,0.0
491,80,120,40.0,1.6,2.4,40.0,60.0,160.0,38.81610868510432,132,80,0.0
492,80,120,40.0,1.6,2.4,40.0,60.0,160.0,38.81610868510432,132,80,0.0
493,80,120,40.0,1.6,2.4,40.0,60.0,160.0,38.81610868510432,132,80,0.0
494,80,120,40.0,1.6,2.4,40.0,60.0,160.0,38.81610868510432,132,80,0.0
495,80,120,40.0,1.6,2.4,40.0,60.0,160.0,38.81610868510432,132,80,0.0
496,80,120,40.0,1.6,2.4,40.0,60.0,160.0,38.81610868510432,132,80,0.0
497,80,120,40.0,1.6,2.4,40.0,60.0,160.0,38.81610868510432,132,80,0.0
498,80,120,40.0,1.6,2.4,40.0,60.0,160.0,38.81610868510432,132,80,0.0
499,80,120,40.0,1.6,2.4,40.0,60.0,160.0,38.81610868510432,132,80,0.0
500,81,119,40.5,1.62,2.38,40.5,59.49999999999999,162.0,39.301310043668124,133,81,2.0
501,81,119,40.5,1.62,2.38,40.5,59.49999999999999,162.0,39.301310043668124,134,81,0.0
502,81,119,40.5,1.62,2.38,40.5,59.49999999999999,162.0,39.301310043668124,134,81,0.0
503,81,119,40.5,1.62,2.38,40.5,59.49999999999999,162.0,39.301310043668124,134,81,0.0
504,82,118,41.0,1.6400000000000001,2.36,41.0,58.99999999999999,164.0,39.78651140223193,135,82,2.0
505,82,118,41.0,1.6400000000000001,2.36,41.0,58.99999999999999,164.0,39.78651140223193,135,82,0.0
506,82,118,41.0,1.6400000000000001,2.36,41.0,58.99999999999999,164.0,39.78651140223193,135,82,0.0
507,82,118,41.0,1.6400000000000001,2.36,41.0,58.99999999999999,164.0,39.78651140223193,135,82,0.0
508,82,118,41.0,1.6400000000000001,2.36,41.0,58.99999999999999,164.0,39.78651140223193,135,82,0.0
509,82,118,41.0,1.6400000000000001,2.36,41.0,58.99999999999999,164.0,39.78651140223193,136,82,0.0
510,82,118,41.0,1.6400000000000001,2.36,41.0,58.99999999999999,164.0,39.78651140223193,136,82,0.0
511,82,118,41.0,1.6400000000000001,2.36,41.0,58.99999999999999,164.0,39.78651140223193,136,82,0.0
512,82,118,41.0,1.6400000000000001,2.36,41.0,58.99999999999999,164.0,39.78651140223193,136,82,0.0
513,82,118,41.0,1.6400000000000001,2.36,41.0,58.99999999999999,164.0,39.78651140223193,136,82,0.0
514,82,118,41.0,1.6400000000000001,2.36,41.0,58.99999999999999,164.0,39.78651140223193,136,82,0.0
515,82,118,41.0,1.6400000000000001,2.36,41.0,58.99999999999999,164.0,39.78651140223193,136,82,0.0
516,82,118,41.0,1.6400000000000001,2.36,41.0,58.99999999999999,164.0,39.78651140223193,136,82,0.0
517,82,118,41.0,1.6400000000000001,2.36,41.0,58.99999999999999,164.0,39.78651140223193,136,82,0.0
518,82,118,41.0,1.6400000000000001,2.36,41.0,58.99999999999999,164.0,39.78651140223193,136,82,0.0
519,82,118,41.0,1.6400000000000001,2.36,41.0,58.99999999999999,164.0,39.78651140223193,136,82,0.0
520,82,118,41.0,1.6400000000000001,2.36,41.0,58.99999999999999,164.0,39.78651140223193,137,82,0.0
521,82,118,41.0,1.6400000000000001,2.36,41.0,58.99999999999999,164.0,39.78651140223193,138,82,0.0
522,82,118,41.0,1.6400000000000001,2.36,41.0,58.99999999999999,164.0,39.78651140223193,138,82,0.0
523,82,118,41.0,1.6400000000000001,2.36,41.0,58.99999999999999,164.0,39.78651140223193,138,82,0.0
524,82,118,41.0,1.6400000000000001,2.36,41.0,58.99999999999999,164.0,39.78651140223193,138,82,0.0
525,82,118,41.0,1.6400000000000001,2.36,41.0,58.99999999999999,164.0,39.78651140223193,138,82,0.0
526,82,118,41.0,1.6400000000000001,2.36,41.0,58.99999999999999,164.0,39.78651140223193,138,82,0.0
527,82,118,41.0,1.6400000000000001,2.36,41.0,58.99999999999999,164.0,39.78651140223193,138,82,0.0
528,82,118,41.0,1.6400000000000001,2.36,41.0,58.99999999999999,164.0,39.78651140223193,138,82,0.0
529,82,118,41.0,1.6400000000000001,2.36,41.0,58.99999999999999,164.0,39.78651140223193,138,82,0.0
530,82,118,41.0,1.6400000000000001,2.36,41.0,58.99999999999999,164.0,39.78651140223193,138,82,0.0
531,82,118,41.0,1.6400000000000001,2.36,41.0,58.99999999999999,164.0,39.78651140223193,138,82,0.0
532,83,117,41.5,1.6600000000000001,2.34,41.5,58.49999999999999,166.0,40.27171276079573,139,83,2.0
533,83,117,41.5,1.6600000000000001,2.34,41.5,58.49999999999999,166.0,40.27171276079573,139,83,0.0
534,83,117,41.5,1.6600000000000001,2.34,41.5,58.49999999999999,166.0,40.27171276079573,139,83,0.0
535,83,117,41.5,1.6600000000000001,2.34,41.5,58.49999999999999,166.0,40.27171276079573,140,83,0.0
536,83,117,41.5,1.6600000000000001,2.34,41.5,58.49999999999999,166.0,40.27171276079573,141,83,0.0
537,83,117,41.5,1.6600000000000001,2.34,41.5,58.49999999999999,166.0,40.27171276079573,141,83,0.0
538,83,117,41.5,1.6600000000000001,2.34,41.5,58.49999999999999,166.0,40.27171276079573,141,83,0.0
539,83,117,41.5,1.6600000000000001,2.34,41.5,58.49999999999999,166.0,40.27171276079573,141,83,0.0
540,83,117,41.5,1.6600000000000001,2.34,41.5,58.49999999999999,166.0,40.27171276079573,141,83,0.0
541,83,117,41.5,1.6600000000000001,2.34,41.5,58.49999999999999,166.0,40.27171276079573,141,83,0.0
542,83,117,41.5,1.6600000000000001,2.34,41.5,58.49999999999999,166.0,40.27171276079573,141,83,0.0
543,83,117,41.5,1.6600000000000001,2.34,41.5,58.49999999999999,166.0,40.27171276079573,141,83,0.0
544,83,117,41.5,1.6600000000000001,2.34,41.5,58.49999999999999,166.0,40.27171276079573,141,83,0.0
545,83,117,41.5,1.6600000000000001,2.34,41.5,58.49999999999999,166.0,40.27171276079573,141,83,0.0
546,83,117,41.5,1.6600000000000001,2.34,41.5,58.49999999999999,166.0,40.27171276079573,141,83,0.0
547,83,117,41.5,1.6600000000000001,2.34,41.5,58.49999999999999,166.0,40.27171276079573,141,83,0.0
548,84,116,42.0,1.68,2.3200000000000003,42.0,58.00000000000001,168.0,40.756914119359536,142,84,2.0
549,84,116,42.0,1.68,2.3200000000000003,42.0,58.00000000000001,168.0,40.756914119359536,142,84,0.0
550,84,116,42.0,1.68,2.3200000000000003,42.0,58.00000000000001,168.0,40.756914119359536,142,84,0.0
551,84,116,42.0,1.68,2.3200000000000003,42.0,58.00000000000001,168.0,40.756914119359536,142,84,0.0
552,84,116,42.0,1.68,2.3200000000000003,42.0,58.00000000000001,168.0,40.756914119359536,142,84,0.0
553,84,116,42.0,1.68,2.3200000000000003,42.0,58.00000000000001,168.0,40.756914119359536,142,84,0.0
554,84,116,42.0,1.68,2.3200000000000003,42.0,58.00000000000001,168.0,40.756914119359536,143,84,0.0
555,84,116,42.0,1.68,2.3200000000000003,42.0,58.00000000000001,168.0,40.756914119359536,143,84,0.0
556,84,116,42.0,1.68,2.3200000000000003,42.0,58.00000000000001,168.0,40.756914119359536,143,84,0.0
557,84,116,42.0,1.68,2.3200000000000003,42.0,58.00000000000001,168.0,40.756914119359536,143,84,0.0
558,84,116,42.0,1.68,2.3200000000000003,42.0,58.00000000000001,168.0,40.756914119359536,143,84,0.0
559,84,116,42.0,1.68,2.3200000000000003,42.0,58.00000000000001,168.0,40.756914119359536,143,84,0.0
560,84,116,42.0,1.68,2.3200000000000003,42.0,58.00000000000001,168.0,40.756914119359536,144,84,0.0
561,84,116,42.0,1.68,2.3200000000000003,42.0,58.00000000000001,168.0,40.756914119359536,144,84,0.0
562,84,116,42.0,1.68,2.3200000000000003,42.0,58.00000000000001,168.0,40.756914119359536,144,84,0.0
563,84,116,42.0,1.68,2.3200000000000003,42.0,58.00000000000001,168.0,40.756914119359536,144,84,0.0
564,84,116,42.0,1.68,2.3200000000000003,42.0,58.00000000000001,168.0,40.756914119359536,144,84,0.0
565,84,116,42.0,1.68,2.3200000000000003,42.0,58.00000000000001,168.0,40.756914119359536,144,84,0.0
566,84,116,42.0,1.68,2.3200000000000003,42.0,58.00000000000001,168.0,40.756914119359536,144,84,0.0
567,84,116,42.0,1.68,2.3200000000000003,42.0,58.00000000000001,168.0,40.756914119359536,144,84,0.0
568,84,116,42.0,1.68,2.3200000000000003,42.0,58.00000000000001,168.0,40.756914119359536,144,84,0.0
569,84,116,42.0,1.68,2.3200000000000003,42.0,58.00000000000001,168.0,40.756914119359536,144,84,0.0
570,84,116,42.0,1.68,2.3200000000000003,42.0,58.00000000000001,168.0,40.756914119359536,144,84,0.0
571,84,116,42.0,1.68,2.3200000000000003,42.0,58.00000000000001,168.0,40.756914119359536,144,84,0.0
572,84,116,42.0,1.68,2.3200000000000003,42.0,58.00000000000001,168.0,40.756914119359536,144,84,0.0
573,84,116,42.0,1.68,2.3200000000000003,42.0,58.00000000000001,168.0,40.756914119359536,144,84,0.0
574,84,116,42.0,1.68,2.3200000000000003,42.0,58.00000000000001,168.0,40.756914119359536,144,84,0.0
575,84,116,42.0,1.68,2.3200000000000003,42.0,58.00000000000001,168.0,40.756914119359536,144,84,0.0
576,84,116,42.0,1.68,2.3200000000000003,42.0,58.00000000000001,168.0,40.756914119359536,144,84,0.0
577,84,116,42.0,1.68,2.3200000000000003,42.0,58.00000000000001,168.0,40.756914119359536,144,84,0.0
578,84,116,42.0,1.68,2.3200000000000003,42.0,58.00000000000001,168.0,40.756914119359536,145,84,0.0
579,84,116,42.0,1.68,2.3200000000000003,42.0,58.00000000000001,168.0,40.756914119359536,145,84,0.0
580,84,116,42.0,1.68,2.3200000000000003,42.0,58.00000000000001,168.0,40.756914119359536,145,84,0.0
581,84,116,42.0,1.68,2.3200000000000003,42.0,58.00000000000001,168.0,40.756914119359536,145,84,0.0
582,84,116,42.0,1.68,2.3200000000000003,42.0,58.00000000000001,168.0,40.756914119359536,145,84,0.0
583,84,116,42.0,1.68,2.3200000000000003,42.0,58.00000000000001,168.0,40.756914119359536,145,84,0.0
584,84,116,42.0,1.68,2.3200000000000003,42.0,58.00000000000001,168.0,40.756914119359536,145,84,0.0
585,84,116,42.0,1.68,2.3200000000000003,42.0,58.00000000000001,168.0,40.756914119359536,145,84,0.0
586,84,116,42.0,1.68,2.3200000000000003,42.0,58.00000000000001,168.0,40.756914119359536,145,84,0.0
587,84,116,42.0,1.68,2.3200000000000003,42.0,58.00000000000001,168.0,40.756914119359536,145,84,0.0
588,84,116,42.0,1.68,2.3200000000000003,42.0,58.00000000000001,168.0,40.756914119359536,145,84,0.0
589,84,116,42.0,1.68,2.3200000000000003,42.0,58.00000000000001,168.0,40.756914119359536,145,84,0.0
590,84,116,42.0,1.68,2.3200000000000003,42.0,58.00000000000001,168.0,40.756914119359536,145,84,0.0
591,84,116,42.0,1.68,2.3200000000000003,42.0,58.00000000000001,168.0,40.756914119359536,145,84,0.0
592,84,116,42.0,1.68,2.3200000000000003,42.0,58.00000000000001,168.0,40.756914119359536,145,84,0.0
593,84,116,42.0,1.68,2.3200000000000003,42.0,58.00000000000001,168.0,40.756914119359536,145,84,0.0
594,84,116,42.0,1.68,2.3200000000000003,42.0,58.00000000000001,168.0,40.756914119359536,145,84,0.0
595,84,116,42.0,1.68,2.3200000000000003,42.0,58.00000000000001,168.0,40.756914119359536,145,84,0.0
596,84,116,42.0,1.68,2.3200000000000003,42.0,58.00000000000001,168.0,40.756914119359536,145,84,0.0
597,84,116,42.0,1.68,2.3200000000000003,42.0,58.00000000000001,168.0,40.756914119359536,145,84,0.0
598,84,116,42.0,1.68,2.3200000000000003,42.0,58.00000000000001,168.0,40.756914119359536,145,84,0.0
599,84,116,42.0,1.68,2.3200000000000003,42.0,58.00000000000001,168.0,40.756914119359536,145,84,0.0
600,84,116,42.0,1.68,2.3200000000000003,42.0,58.00000000000001,168.0,40.756914119359536,145,84,0.0
601,84,116,42.0,1.68,2.3200000000000003,42.0,58.00000000000001,168.0,40.756914119359536,145,84,0.0
602,84,116,42.0,1.68,2.3200000000000003,42.0,58.00000000000001,168.0,40.756914119359536,145,84,0.0
603,84,116,42.0,1.68,2.3200000000000003,42.0,58.00000000000001,168.0,40.756914119359536,145,84,0.0
604,84,116,42.0,1.68,2.3200000000000003,42.0,58.00000000000001,168.0,40.756914119359536,145,84,0.0
605,84,116,42.0,1.68,2.3200000000000003,42.0,58.00000000000001,168.0,40.756914119359536,145,84,0.0
606,84,116,42.0,1.68,2.3200000000000003,42.0,58.00000000000001,168.0,40.756914119359536,145,84,0.0
607,84,116,42.0,1.68,2.3200000000000003,42.0,58.00000000000001,168.0,40.756914119359536,145,84,0.0
608,84,116,42.0,1.68,2.3200000000000003,42.0,58.00000000000001,168.0,40.756914119359536,145,84,0.0
609,84,116,42.0,1.68,2.3200000000000003,42.0,58.00000000000001,168.0,40.756914119359536,145,84,0.0
610,84,116,42.0,1.68,2.3200000000000003,42.0,58.00000000000001,168.0,40.756914119359536,145,84,0.0
611,84,116,42.0,1.68,2.3200000000000003,42.0,58.00000000000001,168.0,40.756914119359536,145,84,0.0
612,84,116,42.0,1.68,2.3200000000000003,42.0,58.00000000000001,168.0,40.756914119359536,145,84,0.0
613,84,116,42.0,1.68,2.3200000000000003,42.0,58.00000000000001,168.0,40.756914119359536,145,84,0.0
614,84,116,42.0,1.68,2.3200000000000003,42.0,58.00000000000001,168.0,40.756914119359536,145,84,0.0
615,85,115,42.5,1.7,2.3,42.5,57.49999999999999,170.0,41.24211547792334,146,85,2.0
616,85,115,42.5,1.7,2.3,42.5,57.49999999999999,170.0,41.24211547792334,146,85,0.0
617,85,115,42.5,1.7,2.3,42.5,57.49999999999999,170.0,41.24211547792334,146,85,0.0
618,85,115,42.5,1.7,2.3,42.5,57.49999999999999,170.0,41.24211547792334,146,85,0.0
619,85,115,42.5,1.7,2.3,42.5,57.49999999999999,170.0,41.24211547792334,146,85,0.0
620,85,115,42.5,1.7,2.3,42.5,57.49999999999999,170.0,41.24211547792334,146,85,0.0
621,85,115,42.5,1.7,2.3,42.5,57.49999999999999,170.0,41.24211547792334,146,85,0.0
622,85,115,42.5,1.7,2.3,42.5,57.49999999999999,170.0,41.24211547792334,146,85,0.0
623,85,115,42.5,1.7,2.3,42.5,57.49999999999999,170.0,41.24211547792334,146,85,0.0
624,85,115,42.5,1.7,2.3,42.5,57.49999999999999,170.0,41.24211547792334,146,85,0.0
625,85,115,42.5,1.7,2.3,42.5,57.49999999999999,170.0,41.24211547792334,146,85,0.0
626,85,115,42.5,1.7,2.3,42.5,57.49999999999999,170.0,41.24211547792334,146,85,0.0
627,85,115,42.5,1.7,2.3,42.5,57.49999999999999,170.0,41.24211547792334,146,85,0.0
628,85,115,42.5,1.7,2.3,42.5,57.49999999999999,170.0,41.24211547792334,147,85,0.0
629,85,115,42.5,1.7,2.3,42.5,57.49999999999999,170.0,41.24211547792334,147,85,0.0
630,86,114,43.0,1.72,2.2800000000000002,43.0,57.00000000000001,172.0,41.72731683648714,149,86,2.0
631,86,114,43.0,1.72,2.2800000000000002,43.0,57.00000000000001,172.0,41.72731683648714,150,86,0.0
632,86,114,43.0,1.72,2.2800000000000002,43.0,57.00000000000001,172.0,41.72731683648714,150,86,0.0
633,86,114,43.0,1.72,2.2800000000000002,43.0,57.00000000000001,172.0,41.72731683648714,150,86,0.0
634,86,114,43.0,1.72,2.2800000000000002,43.0,57.00000000000001,172.0,41.72731683648714,150,86,0.0
635,87,113,43.5,1.74,2.26,43.5,56.49999999999999,174.0,42.21251819505095,151,87,2.0
636,87,113,43.5,1.74,2.26,43.5,56.49999999999999,174.0,42.21251819505095,151,87,0.0
637,87,113,43.5,1.74,2.26,43.5,56.49999999999999,174.0,42.21251819505095,151,87,0.0
638,87,113,43.5,1.74,2.26,43.5,56.49999999999999,174.0,42.21251819505095,151,87,0.0
639,87,113,43.5,1.74,2.26,43.5,56.49999999999999,174.0,42.21251819505095,151,87,0.0
640,87,113,43.5,1.74,2.26,43.5,56.49999999999999,174.0,42.21251819505095,152,87,0.0
641,87,113,43.5,1.74,2.26,43.5,56.49999999999999,174.0,42.21251819505095,152,87,0.0
642,87,113,43.5,1.74,2.26,43.5,56.49999999999999,174.0,42.21251819505095,152,87,0.0
643,87,113,43.5,1.74,2.26,43.5,56.49999999999999,174.0,42.21251819505095,152,87,0.0
644,87,113,43.5,1.74,2.26,43.5,56.49999999999999,174.0,42.21251819505095,152,87,0.0
645,87,113,43.5,1.74,2.26,43.5,56.49999999999999,174.0,42.21251819505095,152,87,0.0
646,87,113,43.5,1.74,2.26,43.5,56.49999999999999,174.0,42.21251819505095,152,87,0.0
647,87,113,43.5,1.74,2.26,43.5,56.49999999999999,174.0,42.21251819505095,152,87,0.0
648,87,113,43.5,1.74,2.26,43.5,56.49999999999999,174.0,42.21251819505095,152,87,0.0
649,87,113,43.5,1.74,2.26,43.5,56.49999999999999,174.0,42.21251819505095,152,87,0.0
650,87,113,43.5,1.74,2.26,43.5,56.49999999999999,174.0,42.21251819505095,152,87,0.0
651,87,113,43.5,1.74,2.26,43.5,56.49999999999999,174.0,42.21251819505095,152,87,0.0
652,87,113,43.5,1.74,2.26,43.5,56.49999999999999,174.0,42.21251819505095,152,87,0.0
653,87,113,43.5,1.74,2.26,43.5,56.49999999999999,174.0,42.21251819505095,152,87,0.0
654,87,113,43.5,1.74,2.26,43.5,56.49999999999999,174.0,42.21251819505095,153,87,0.0
655,87,113,43.5,1.74,2.26,43.5,56.49999999999999,174.0,42.21251819505095,153,87,0.0
656,87,113,43.5,1.74,2.26,43.5,56.49999999999999,174.0,42.21251819505095,153,87,0.0
657,87,113,43.5,1.74,2.26,43.5,56.49999999999999,174.0,42.21251819505095,153,87,0.0
658,87,113,43.5,1.74,2.26,43.5,56.49999999999999,174.0,42.21251819505095,153,87,0.0
659,87,113,43.5,1.74,2.26,43.5,56.49999999999999,174.0,42.21251819505095,153,87,0.0
660,88,112,44.0,1.76,2.24,44.0,56.00000000000001,176.0,42.697719553614746,154,88,2.0
661,89,111,44.5,1.78,2.2199999999999998,44.5,55.49999999999999,178.0,43.18292091217856,155,89,2.0
662,89,111,44.5,1.78,2.2199999999999998,44.5,55.49999999999999,178.0,43.18292091217856,156,89,0.0
663,89,111,44.5,1.78,2.2199999999999998,44.5,55.49999999999999,178.0,43.18292091217856,157,89,0.0
664,89,111,44.5,1.78,2.2199999999999998,44.5,55.49999999999999,178.0,43.18292091217856,157,89,0.0
665,89,111,44.5,1.78,2.2199999999999998,44.5,55.49999999999999,178.0,43.18292091217856,157,89,0.0
666,89,111,44.5,1.78,2.2199999999999998,44.5,55.49999999999999,178.0,43.18292091217856,157,89,0.0
667,89,111,44.5,1.78,2.2199999999999998,44.5,55.49999999999999,178.0,43.18292091217856,157,89,0.0
668,90,110,45.0,1.8,2.2,45.0,55.0,180.0,43.66812227074236,158,90,2.0
669,90,110,45.0,1.8,2.2,45.0,55.0,180.0,43.66812227074236,158,90,0.0
670,91,109,45.5,1.82,2.1799999999999997,45.5,54.49999999999999,182.0,44.153323629306165,159,91,2.0
671,91,109,45.5,1.82,2.1799999999999997,45.5,54.49999999999999,182.0,44.153323629306165,159,91,0.0
672,92,108,46.0,1.84,2.16,46.0,54.0,184.0,44.638524987869964,160,92,2.0
673,92,108,46.0,1.84,2.16,46.0,54.0,184.0,44.638524987869964,160,92,0.0
674,92,108,46.0,1.84,2.16,46.0,54.0,184.0,44.638524987869964,160,92,0.0
675,92,108,46.0,1.84,2.16,46.0,54.0,184.0,44.638524987869964,160,92,0.0
676,92,108,46.0,1.84,2.16,46.0,54.0,184.0,44.638524987869964,160,92,0.0
677,92,108,46.0,1.84,2.16,46.0,54.0,184.0,44.638524987869964,160,92,0.0
678,92,108,46.0,1.84,2.16,46.0,54.0,184.0,44.638524987869964,160,92,0.0
679,93,107,46.5,1.86,2.1399999999999997,46.5,53.49999999999999,186.0,45.12372634643377,161,93,2.0
680,93,107,46.5,1.86,2.1399999999999997,46.5,53.49999999999999,186.0,45.12372634643377,161,93,0.0
681,93,107,46.5,1.86,2.1399999999999997,46.5,53.49999999999999,186.0,45.12372634643377,161,93,0.0
682,93,107,46.5,1.86,2.1399999999999997,46.5,53.49999999999999,186.0,45.12372634643377,161,93,0.0
683,93,107,46.5,1.86,2.1399999999999997,46.5,53.49999999999999,186.0,45.12372634643377,161,93,0.0
684,93,107,46.5,1.86,2.1399999999999997,46.5,53.49999999999999,186.0,45.12372634643377,161,93,0.0
685,94,106,47.0,1.8800000000000001,2.12,47.0,53.0,188.0,45.608927704997576,162,94,2.0
686,94,106,47.0,1.8800000000000001,2.12,47.0,53.0,188.0,45.608927704997576,163,94,0.0
687,94,106,47.0,1.8800000000000001,2.12,47.0,53.0,188.0,45.608927704997576,164,94,0.0
688,94,106,47.0,1.8800000000000001,2.12,47.0,53.0,188.0,45.608927704997576,164,94,0.0
689,94,106,47.0,1.8800000000000001,2.12,47.0,53.0,188.0,45.608927704997576,164,94,0.0
690,94,106,47.0,1.8800000000000001,2.12,47.0,53.0,188.0,45.608927704997576,164,94,0.0
691,94,106,47.0,1.8800000000000001,2.12,47.0,53.0,188.0,45.608927704997576,164,94,0.0
692,95,105,47.5,1.9000000000000001,2.0999999999999996,47.5,52.49999999999999,190.0,46.094129063561375,165,95,2.0
693,95,105,47.5,1.9000000000000001,2.0999999999999996,47.5,52.49999999999999,190.0,46.094129063561375,165,95,0.0
694,95,105,47.5,1.9000000000000001,2.0999999999999996,47.5,52.49999999999999,190.0,46.094129063561375,165,95,0.0
695,95,105,47.5,1.9000000000000001,2.0999999999999996,47.5,52.49999999999999,190.0,46.094129063561375,165,95,0.0
696,95,105,47.5,1.9000000000000001,2.0999999999999996,47.5,52.49999999999999,190.0,46.094129063561375,165,95,0.0
697,95,105,47.5,1.9000000000000001,2.0999999999999996,47.5,52.49999999999999,190.0,46.094129063561375,165,95,0.0
698,95,105,47.5,1.9000000000000001,2.0999999999999996,47.5,52.49999999999999,190.0,46.094129063561375,165,95,0.0
699,95,105,47.5,1.9000000000000001,2.0999999999999996,47.5,52.49999999999999,190.0,46.094129063561375,165,95,0.0
700,95,105,47.5,1.9000000000000001,2.0999999999999996,47.5,52.49999999999999,190.0,46.094129063561375,165,95,0.0
701,95,105,47.5,1.9000000000000001,2.0999999999999996,47.5,52.49999999999999,190.0,46.094129063561375,165,95,0.0
702,95,105,47.5,1.9000000000000001,2.0999999999999996,47.5,52.49999999999999,190.0,46.094129063561375,165,95,0.0
703,95,105,47.5,1.9000000000000001,2.0999999999999996,47.5,52.49999999999999,190.0,46.094129063561375,165,95,0.0
704,95,105,47.5,1.9000000000000001,2.0999999999999996,47.5,52.49999999999999,190.0,46.094129063561375,165,95,0.0
705,95,105,47.5,1.9000000000000001,2.0999999999999996,47.5,52.49999999999999,190.0,46.094129063561375,165,95,0.0
706,95,105,47.5,1.9000000000000001,2.0999999999999996,47.5,52.49999999999999,190.0,46.094129063561375,165,95,0.0
707,95,105,47.5,1.9000000000000001,2.0999999999999996,47.5,52.49999999999999,190.0,46.094129063561375,165,95,0.0
708,95,105,47.5,1.9000000000000001,2.0999999999999996,47.5,52.49999999999999,190.0,46.094129063561375,165,95,0.0
709,95,105,47.5,1.9000000000000001,2.0999999999999996,47.5,52.49999999999999,190.0,46.094129063561375,165,95,0.0
710,95,105,47.5,1.9000000000000001,2.0999999999999996,47.5,52.49999999999999,190.0,46.094129063561375,165,95,0.0
711,95,105,47.5,1.9000000000000001,2.0999999999999996,47.5,52.49999999999999,190.0,46.094129063561375,165,95,0.0
712,95,105,47.5,1.9000000000000001,2.0999999999999996,47.5,52.49999999999999,190.0,46.094129063561375,165,95,0.0
713,95,105,47.5,1.9000000000000001,2.0999999999999996,47.5,52.49999999999999,190.0,46.094129063561375,165,95,0.0
714,95,105,47.5,1.9000000000000001,2.0999999999999996,47.5,52.49999999999999,190.0,46.094129063561375,165,95,0.0
715,95,105,47.5,1.9000000000000001,2.0999999999999996,47.5,52.49999999999999,190.0,46.094129063561375,165,95,0.0
716,95,105,47.5,1.9000000000000001,2.0999999999999996,47.5,52.49999999999999,190.0,46.094129063561375,165,95,0.0
717,95,105,47.5,1.9000000000000001,2.0999999999999996,47.5,52.49999999999999,190.0,46.094129063561375,165,95,0.0
718,96,104,48.0,1.92,2.08,48.0,52.0,192.0,46.57933042212518,166,96,2.0
719,96,104,48.0,1.92,2.08,48.0,52.0,192.0,46.57933042212518,166,96,0.0
720,97,103,48.5,1.94,2.06,48.5,51.5,194.0,47.06453178068899,167,97,2.0
721,97,103,48.5,1.94,2.06,48.5,51.5,194.0,47.06453178068899,167,97,0.0
722,97,103,48.5,1.94,2.06,48.5,51.5,194.0,47.06453178068899,167,97,0.0
723,97,103,48.5,1.94,2.06,48.5,51.5,194.0,47.06453178068899,167,97,0.0
724,97,103,48.5,1.94,2.06,48.5,51.5,194.0,47.06453178068899,167,97,0.0
725,97,103,48.5,1.94,2.06,48.5,51.5,194.0,47.06453178068899,167,97,0.0
726,97,103,48.5,1.94,2.06,48.5,51.5,194.0,47.06453178068899,167,97,0.0
727,97,103,48.5,1.94,2.06,48.5,51.5,194.0,47.06453178068899,167,97,0.0
728,97,103,48.5,1.94,2.06,48.5,51.5,194.0,47.06453178068899,167,97,0.0
729,97,103,48.5,1.94,2.06,48.5,51.5,194.0,47.06453178068899,167,97,0.0
730,97,103,48.5,1.94,2.06,48.5,51.5,194.0,47.06453178068899,167,97,0.0
731,97,103,48.5,1.94,2.06,48.5,51.5,194.0,47.06453178068899,167,97,0.0
732,97,103,48.5,1.94,2.06,48.5,51.5,194.0,47.06453178068899,167,97,0.0
733,97,103,48.5,1.94,2.06,48.5,51.5,194.0,47.06453178068899,167,97,0.0
734,97,103,48.5,1.94,2.06,48.5,51.5,194.0,47.06453178068899,167,97,0.0
735,97,103,48.5,1.94,2.06,48.5,51.5,194.0,47.06453178068899,167,97,0.0
736,97,103,48.5,1.94,2.06,48.5,51.5,194.0,47.06453178068899,167,97,0.0
737,97,103,48.5,1.94,2.06,48.5,51.5,194.0,47.06453178068899,167,97,0.0
738,97,103,48.5,1.94,2.06,48.5,51.5,194.0,47.06453178068899,167,97,0.0
739,97,103,48.5,1.94,2.06,48.5,51.5,194.0,47.06453178068899,168,97,0.0
740,97,103,48.5,1.94,2.06,48.5,51.5,194.0,47.06453178068899,168,97,0.0
741,97,103,48.5,1.94,2.06,48.5,51.5,194.0,47.06453178068899,168,97,0.0
742,97,103,48.5,1.94,2.06,48.5,51.5,194.0,47.06453178068899,168,97,0.0
743,97,103,48.5,1.94,2.06,48.5,51.5,194.0,47.06453178068899,168,97,0.0
744,97,103,48.5,1.94,2.06,48.5,51.5,194.0,47.06453178068899,168,97,0.0
745,97,103,48.5,1.94,2.06,48.5,51.5,194.0,47.06453178068899,168,97,0.0
746,97,103,48.5,1.94,2.06,48.5,51.5,194.0,47.06453178068899,168,97,0.0
747,97,103,48.5,1.94,2.06,48.5,51.5,194.0,47.06453178068899,168,97,0.0
748,97,103,48.5,1.94,2.06,48.5,51.5,194.0,47.06453178068899,169,97,0.0
749,97,103,48.5,1.94,2.06,48.5,51.5,194.0,47.06453178068899,169,97,0.0
750,97,103,48.5,1.94,2.06,48.5,51.5,194.0,47.06453178068899,170,97,0.0
751,97,103,48.5,1.94,2.06,48.5,51.5,194.0,47.06453178068899,171,97,0.0
752,97,103,48.5,1.94,2.06,48.5,51.5,194.0,47.06453178068899,171,97,0.0
753,97,103,48.5,1.94,2.06,48.5,51.5,194.0,47.06453178068899,171,97,0.0
754,97,103,48.5,1.94,2.06,48.5,51.5,194.0,47.06453178068899,171,97,0.0
755,97,103,48.5,1.94,2.06,48.5,51.5,194.0,47.06453178068899,171,97,0.0
756,97,103,48.5,1.94,2.06,48.5,51.5,194.0,47.06453178068899,171,97,0.0
757,97,103,48.5,1.94,2.06,48.5,51.5,194.0,47.06453178068899,171,97,0.0
758,97,103,48.5,1.94,2.06,48.5,51.5,194.0,47.06453178068899,171,97,0.0
759,97,103,48.5,1.94,2.06,48.5,51.5,194.0,47.06453178068899,172,97,0.0
760,97,103,48.5,1.94,2.06,48.5,51.5,194.0,47.06453178068899,172,97,0.0
761,97,103,48.5,1.94,2.06,48.5,51.5,194.0,47.06453178068899,172,97,0.0
762,97,103,48.5,1.94,2.06,48.5,51.5,194.0,47.06453178068899,172,97,0.0
763,97,103,48.5,1.94,2.06,48.5,51.5,194.0,47.06453178068899,172,97,0.0
764,97,103,48.5,1.94,2.06,48.5,51.5,194.0,47.06453178068899,172,97,0.0
765,97,103,48.5,1.94,2.06,48.5,51.5,194.0,47.06453178068899,172,97,0.0
766,97,103,48.5,1.94,2.06,48.5,51.5,194.0,47.06453178068899,172,97,0.0
767,97,103,48.5,1.94,2.06,48.5,51.5,194.0,47.06453178068899,172,97,0.0
768,97,103,48.5,1.94,2.06,48.5,51.5,194.0,47.06453178068899,172,97,0.0
769,97,103,48.5,1.94,2.06,48.5,51.5,194.0,47.06453178068899,172,97,0.0
770,97,103,48.5,1.94,2.06,48.5,51.5,194.0,47.06453178068899,172,97,0.0
771,97,103,48.5,1.94,2.06,48.5,51.5,194.0,47.06453178068899,172,97,0.0
772,97,103,48.5,1.94,2.06,48.5,51.5,194.0,47.06453178068899,172,97,0.0
773,97,103,48.5,1.94,2.06,48.5,51.5,194.0,47.06453178068899,173,97,0.0
774,97,103,48.5,1.94,2.06,48.5,51.5,194.0,47.06453178068899,174,97,0.0
775,97,103,48.5,1.94,2.06,48.5,51.5,194.0,47.06453178068899,174,97,0.0
776,97,103,48.5,1.94,2.06,48.5,51.5,194.0,47.06453178068899,174,97,0.0
777,97,103,48.5,1.94,2.06,48.5,51.5,194.0,47.06453178068899,174,97,0.0
778,97,103,48.5,1.94,2.06,48.5,51.5,194.0,47.06453178068899,174,97,0.0
779,97,103,48.5,1.94,2.06,48.5,51.5,194.0,47.06453178068899,174,97,0.0
780,97,103,48.5,1.94,2.06,48.5,51.5,194.0,47.06453178068899,174,97,0.0
781,97,103,48.5,1.94,2.06,48.5,51.5,194.0,47.06453178068899,174,97,0.0
782,97,103,48.5,1.94,2.06,48.5,51.5,194.0,47.06453178068899,174,97,0.0
783,97,103,48.5,1.94,2.06,48.5,51.5,194.0,47.06453178068899,174,97,0.0
784,97,103,48.5,1.94,2.06,48.5,51.5,194.0,47.06453178068899,174,97,0.0
785,97,103,48.5,1.94,2.06,48.5,51.5,194.0,47.06453178068899,174,97,0.0
786,97,103,48.5,1.94,2.06,48.5,51.5,194.0,47.06453178068899,174,97,0.0
787,97,103,48.5,1.94,2.06,48.5,51.5,194.0,47.06453178068899,174,97,0.0
788,97,103,48.5,1.94,2.06,48.5,51.5,194.0,47.06453178068899,174,97,0.0
789,97,103,48.5,1.94,2.06,48.5,51.5,194.0,47.06453178068899,174,97,0.0
790,97,103,48.5,1.94,2.06,48.5,51.5,194.0,47.06453178068899,174,97,0.0
791,97,103,48.5,1.94,2.06,48.5,51.5,194.0,47.06453178068899,174,97,0.0
792,97,103,48.5,1.94,2.06,48.5,51.5,194.0,47.06453178068899,174,97,0.0
793,97,103,48.5,1.94,2.06,48.5,51.5,194.0,47.06453178068899,174,97,0.0
794,97,103,48.5,1.94,2.06,48.5,51.5,194.0,47.06453178068899,174,97,0.0
795,97,103,48.5,1.94,2.06,48.5,51.5,194.0,47.06453178068899,174,97,0.0
796,97,103,48.5,1.94,2.06,48.5,51.5,194.0,47.06453178068899,174,97,0.0
797,97,103,48.5,1.94,2.06,48.5,51.5,194.0,47.06453178068899,174,97,0.0
798,97,103,48.5,1.94,2.06,48.5,51.5,194.0,47.06453178068899,174,97,0.0
799,97,103,48.5,1.94,2.06,48.5,51.5,194.0,47.06453178068899,174,97,0.0
800,97,103,48.5,1.94,2.06,48.5,51.5,194.0,47.06453178068899,174,97,0.0
801,98,102,49.0,1.96,2.04,49.0,51.0,196.0,47.549733139252794,175,98,2.0
802,98,102,49.0,1.96,2.04,49.0,51.0,196.0,47.549733139252794,175,98,0.0
803,98,102,49.0,1.96,2.04,49.0,51.0,196.0,47.549733139252794,175,98,0.0
804,98,102,49.0,1.96,2.04,49.0,51.0,196.0,47.549733139252794,175,98,0.0
805,98,102,49.0,1.96,2.04,49.0,51.0,196.0,47.549733139252794,175,98,0.0
806,98,102,49.0,1.96,2.04,49.0,51.0,196.0,47.549733139252794,175,98,0.0
807,98,102,49.0,1.96,2.04,49.0,51.0,196.0,47.549733139252794,175,98,0.0
808,98,102,49.0,1.96,2.04,49.0,51.0,196.0,47.549733139252794,175,98,0.0
809,98,102,49.0,1.96,2.04,49.0,51.0,196.0,47.549733139252794,176,98,0.0
810,98,102,49.0,1.96,2.04,49.0,51.0,196.0,47.549733139252794,177,98,0.0
811,99,101,49.5,1.98,2.02,49.5,50.5,198.0,48.03493449781659,178,99,2.0
812,99,101,49.5,1.98,2.02,49.5,50.5,198.0,48.03493449781659,178,99,0.0
813,99,101,49.5,1.98,2.02,49.5,50.5,198.0,48.03493449781659,178,99,0.0
814,99,101,49.5,1.98,2.02,49.5,50.5,198.0,48.03493449781659,178,99,0.0
815,99,101,49.5,1.98,2.02,49.5,50.5,198.0,48.03493449781659,178,99,0.0
816,99,101,49.5,1.98,2.02,49.5,50.5,198.0,48.03493449781659,178,99,0.0
817,99,101,49.5,1.98,2.02,49.5,50.5,198.0,48.03493449781659,178,99,0.0
818,99,101,49.5,1.98,2.02,49.5,50.5,198.0,48.03493449781659,178,99,0.0
819,99,101,49.5,1.98,2.02,49.5,50.5,198.0,48.03493449781659,178,99,0.0
820,99,101,49.5,1.98,2.02,49.5,50.5,198.0,48.03493449781659,178,99,0.0
821,99,101,49.5,1.98,2.02,49.5,50.5,198.0,48.03493449781659,178,99,0.0
822,99,101,49.5,1.98,2.02,49.5,50.5,198.0,48.03493449781659,178,99,0.0
823,99,101,49.5,1.98,2.02,49.5,50.5,198.0,48.03493449781659,178,99,0.0
824,99,101,49.5,1.98,2.02,49.5,50.5,198.0,48.03493449781659,178,99,0.0
825,99,101,49.5,1.98,2.02,49.5,50.5,198.0,48.03493449781659,178,99,0.0
826,100,100,50.0,2.0,2.0,50.0,50.0,200.0,48.5201358563804,179,100,2.0
827,100,100,50.0,2.0,2.0,50.0,50.0,200.0,48.5201358563804,179,100,0.0
828,100,100,50.0,2.0,2.0,50.0,50.0,200.0,48.5201358563804,179,100,0.0
829,100,100,50.0,2.0,2.0,50.0,50.0,200.0,48.5201358563804,179,100,0.0
830,100,100,50.0,2.0,2.0,50.0,50.0,200.0,48.5201358563804,179,100,0.0
831,100,100,50.0,2.0,2.0,50.0,50.0,200.0,48.5201358563804,179,100,0.0
832,100,100,50.0,2.0,2.0,50.0,50.0,200.0,48.5201358563804,179,100,0.0
833,100,100,50.0,2.0,2.0,50.0,50.0,200.0,48.5201358563804,179,100,0.0
834,100,100,50.0,2.0,2.0,50.0,50.0,200.0,48.5201358563804,179,100,0.0
835,100,100,50.0,2.0,2.0,50.0,50.0,200.0,48.5201358563804,179,100,0.0
836,100,100,50.0,2.0,2.0,50.0,50.0,200.0,48.5201358563804,179,100,0.0
837,100,100,50.0,2.0,2.0,50.0,50.0,200.0,48.5201358563804,180,100,0.0
838,100,100,50.0,2.0,2.0,50.0,50.0,200.0,48.5201358563804,181,100,0.0
839,100,100,50.0,2.0,2.0,50.0,50.0,200.0,48.5201358563804,183,100,0.0
840,100,100,50.0,2.0,2.0,50.0,50.0,200.0,48.5201358563804,184,100,0.0
841,100,100,50.0,2.0,2.0,50.0,50.0,200.0,48.5201358563804,184,100,0.0
842,100,100,50.0,2.0,2.0,50.0,50.0,200.0,48.5201358563804,184,100,0.0
843,100,100,50.0,2.0,2.0,50.0,50.0,200.0,48.5201358563804,184,100,0.0
844,100,100,50.0,2.0,2.0,50.0,50.0,200.0,48.5201358563804,184,100,0.0
845,100,100,50.0,2.0,2.0,50.0,50.0,200.0,48.5201358563804,184,100,0.0
846,100,100,50.0,2.0,2.0,50.0,50.0,200.0,48.5201358563804,184,100,0.0
847,100,100,50.0,2.0,2.0,50.0,50.0,200.0,48.5201358563804,184,100,0.0
848,100,100,50.0,2.0,2.0,50.0,50.0,200.0,48.5201358563804,184,100,0.0
849,100,100,50.0,2.0,2.0,50.0,50.0,200.0,48.5201358563804,184,100,0.0
850,100,100,50.0,2.0,2.0,50.0,50.0,200.0,48.5201358563804,184,100,0.0
851,100,100,50.0,2.0,2.0,50.0,50.0,200.0,48.5201358563804,184,100,0.0
852,100,100,50.0,2.0,2.0,50.0,50.0,200.0,48.5201358563804,184,100,0.0
853,100,100,50.0,2.0,2.0,50.0,50.0,200.0,48.5201358563804,184,100,0.0
854,101,99,50.5,2.02,1.98,50.5,49.5,202.0,49.005337214944205,185,101,2.0
855,101,99,50.5,2.02,1.98,50.5,49.5,202.0,49.005337214944205,185,101,0.0
856,101,99,50.5,2.02,1.98,50.5,49.5,202.0,49.005337214944205,185,101,0.0
857,101,99,50.5,2.02,1.98,50.5,49.5,202.0,49.005337214944205,185,101,0.0
858,101,99,50.5,2.02,1.98,50.5,49.5,202.0,49.005337214944205,185,101,0.0
859,102,98,51.0,2.04,1.96,51.0,49.0,204.0,49.49053857350801,186,102,2.0
860,103,97,51.5,2.06,1.94,51.5,48.5,206.0,49.97573993207181,187,103,2.0
861,103,97,51.5,2.06,1.94,51.5,48.5,206.0,49.97573993207181,187,103,0.0
862,103,97,51.5,2.06,1.94,51.5,48.5,206.0,49.97573993207181,187,103,0.0
863,103,97,51.5,2.06,1.94,51.5,48.5,206.0,49.97573993207181,187,103,0.0
864,103,97,51.5,2.06,1.94,51.5,48.5,206.0,49.97573993207181,187,103,0.0
865,103,97,51.5,2.06,1.94,51.5,48.5,206.0,49.97573993207181,187,103,0.0
866,103,97,51.5,2.06,1.94,51.5,48.5,206.0,49.97573993207181,187,103,0.0
867,103,97,51.5,2.06,1.94,51.5,48.5,206.0,49.97573993207181,187,103,0.0
868,103,97,51.5,2.06,1.94,51.5,48.5,206.0,49.97573993207181,187,103,0.0
869,103,97,51.5,2.06,1.94,51.5,48.5,206.0,49.97573993207181,187,103,0.0
870,103,97,51.5,2.06,1.94,51.5,48.5,206.0,49.97573993207181,187,103,0.0
871,103,97,51.5,2.06,1.94,51.5,48.5,206.0,49.97573993207181,187,103,0.0
872,103,97,51.5,2.06,1.94,51.5,48.5,206.0,49.97573993207181,187,103,0.0
873,103,97,51.5,2.06,1.94,51.5,48.5,206.0,49.97573993207181,187,103,0.0
874,103,97,51.5,2.06,1.94,51.5,48.5,206.0,49.97573993207181,187,103,0.0
875,103,97,51.5,2.06,1.94,51.5,48.5,206.0,49.97573993207181,187,103,0.0
876,103,97,51.5,2.06,1.94,51.5,48.5,206.0,49.97573993207181,187,103,0.0
877,103,97,51.5,2.06,1.94,51.5,48.5,206.0,49.97573993207181,187,103,0.0
878,103,97,51.5,2.06,1.94,51.5,48.5,206.0,49.97573993207181,187,103,0.0
879,103,97,51.5,2.06,1.94,51.5,48.5,206.0,49.97573993207181,187,103,0.0
880,103,97,51.5,2.06,1.94,51.5,48.5,206.0,49.97573993207181,187,103,0.0
881,103,97,51.5,2.06,1.94,51.5,48.5,206.0,49.97573993207181,187,103,0.0
882,103,97,51.5,2.06,1.94,51.5,48.5,206.0,49.97573993207181,187,103,0.0
883,103,97,51.5,2.06,1.94,51.5,48.5,206.0,49.97573993207181,187,103,0.0
884,103,97,51.5,2.06,1.94,51.5,48.5,206.0,49.97573993207181,187,103,0.0
885,103,97,51.5,2.06,1.94,51.5,48.5,206.0,49.97573993207181,187,103,0.0
886,103,97,51.5,2.06,1.94,51.5,48.5,206.0,49.97573993207181,187,103,0.0
887,103,97,51.5,2.06,1.94,51.5,48.5,206.0,49.97573993207181,187,103,0.0
888,103,97,51.5,2.06,1.94,51.5,48.5,206.0,49.97573993207181,187,103,0.0
889,103,97,51.5,2.06,1.94,51.5,48.5,206.0,49.97573993207181,187,103,0.0
890,103,97,51.5,2.06,1.94,51.5,48.5,206.0,49.97573993207181,187,103,0.0
891,103,97,51.5,2.06,1.94,51.5,48.5,206.0,49.97573993207181,187,103,0.0
892,103,97,51.5,2.06,1.94,51.5,48.5,206.0,49.97573993207181,187,103,0.0
893,103,97,51.5,2.06,1.94,51.5,48.5,206.0,49.97573993207181,187,103,0.0
894,103,97,51.5,2.06,1.94,51.5,48.5,206.0,49.97573993207181,187,103,0.0
895,103,97,51.5,2.06,1.94,51.5,48.5,206.0,49.97573993207181,187,103,0.0
896,103,97,51.5,2.06,1.94,51.5,48.5,206.0,49.97573993207181,187,103,0.0
897,103,97,51.5,2.06,1.94,51.5,48.5,206.0,49.97573993207181,187,103,0.0
898,103,97,51.5,2.06,1.94,51.5,48.5,206.0,49.97573993207181,188,103,0.0
899,103,97,51.5,2.06,1.94,51.5,48.5,206.0,49.97573993207181,188,103,0.0
900,103,97,51.5,2.06,1.94,51.5,48.5,206.0,49.97573993207181,189,103,0.0
901,103,97,51.5,2.06,1.94,51.5,48.5,206.0,49.97573993207181,189,103,0.0
902,103,97,51.5,2.06,1.94,51.5,48.5,206.0,49.97573993207181,189,103,0.0
903,103,97,51.5,2.06,1.94,51.5,48.5,206.0,49.97573993207181,189,103,0.0
904,103,97,51.5,2.06,1.94,51.5,48.5,206.0,49.97573993207181,189,103,0.0
905,103,97,51.5,2.06,1.94,51.5,48.5,206.0,49.97573993207181,190,103,0.0
906,103,97,51.5,2.06,1.94,51.5,48.5,206.0,49.97573993207181,190,103,0.0
907,103,97,51.5,2.06,1.94,51.5,48.5,206.0,49.97573993207181,190,103,0.0
908,103,97,51.5,2.06,1.94,51.5,48.5,206.0,49.97573993207181,190,103,0.0
909,103,97,51.5,2.06,1.94,51.5,48.5,206.0,49.97573993207181,190,103,0.0
910,103,97,51.5,2.06,1.94,51.5,48.5,206.0,49.97573993207181,190,103,0.0
911,103,97,51.5,2.06,1.94,51.5,48.5,206.0,49.97573993207181,190,103,0.0
912,103,97,51.5,2.06,1.94,51.5,48.5,206.0,49.97573993207181,190,103,0.0
913,104,96,52.0,2.08,1.92,52.0,48.0,208.0,50.46094129063562,191,104,2.0
914,104,96,52.0,2.08,1.92,52.0,48.0,208.0,50.46094129063562,192,104,0.0
915,104,96,52.0,2.08,1.92,52.0,48.0,208.0,50.46094129063562,192,104,0.0
916,104,96,52.0,2.08,1.92,52.0,48.0,208.0,50.46094129063562,192,104,0.0
917,104,96,52.0,2.08,1.92,52.0,48.0,208.0,50.46094129063562,193,104,0.0
918,104,96,52.0,2.08,1.92,52.0,48.0,208.0,50.46094129063562,193,104,0.0
919,104,96,52.0,2.08,1.92,52.0,48.0,208.0,50.46094129063562,193,104,0.0
920,104,96,52.0,2.08,1.92,52.0,48.0,208.0,50.46094129063562,193,104,0.0
921,104,96,52.0,2.08,1.92,52.0,48.0,208.0,50.46094129063562,193,104,0.0
922,104,96,52.0,2.08,1.92,52.0,48.0,208.0,50.46094129063562,193,104,0.0
923,104,96,52.0,2.08,1.92,52.0,48.0,208.0,50.46094129063562,193,104,0.0
924,104,96,52.0,2.08,1.92,52.0,48.0,208.0,50.46094129063562,193,104,0.0
925,104,96,52.0,2.08,1.92,52.0,48.0,208.0,50.46094129063562,193,104,0.0
926,104,96,52.0,2.08,1.92,52.0,48.0,208.0,50.46094129063562,193,104,0.0
927,104,96,52.0,2.08,1.92,52.0,48.0,208.0,50.46094129063562,193,104,0.0
928,104,96,52.0,2.08,1.92,52.0,48.0,208.0,50.46094129063562,193,104,0.0
929,104,96,52.0,2.08,1.92,52.0,48.0,208.0,50.46094129063562,193,104,0.0
930,104,96,52.0,2.08,1.92,52.0,48.0,208.0,50.46094129063562,193,104,0.0
931,104,96,52.0,2.08,1.92,52.0,48.0,208.0,50.46094129063562,193,104,0.0
932,104,96,52.0,2.08,1.92,52.0,48.0,208.0,50.46094129063562,193,104,0.0
933,104,96,52.0,2.08,1.92,52.0,48.0,208.0,50.46094129063562,193,104,0.0
934,104,96,52.0,2.08,1.92,52.0,48.0,208.0,50.46094129063562,193,104,0.0
935,104,96,52.0,2.08,1.92,52.0,48.0,208.0,50.46094129063562,193,104,0.0
936,104,96,52.0,2.08,1.92,52.0,48.0,208.0,50.46094129063562,194,104,0.0
937,104,96,52.0,2.08,1.92,52.0,48.0,208.0,50.46094129063562,194,104,0.0
938,104,96,52.0,2.08,1.92,52.0,48.0,208.0,50.46094129063562,194,104,0.0
939,104,96,52.0,2.08,1.92,52.0,48.0,208.0,50.46094129063562,194,104,0.0
940,104,96,52.0,2.08,1.92,52.0,48.0,208.0,50.46094129063562,194,104,0.0
941,104,96,52.0,2.08,1.92,52.0,48.0,208.0,50.46094129063562,194,104,0.0
942,104,96,52.0,2.08,1.92,52.0,48.0,208.0,50.46094129063562,194,104,0.0
943,104,96,52.0,2.08,1.92,52.0,48.0,208.0,50.46094129063562,194,104,0.0
944,104,96,52.0,2.08,1.92,52.0,48.0,208.0,50.46094129063562,194,104,0.0
945,104,96,52.0,2.08,1.92,52.0,48.0,208.0,50.46094129063562,194,104,0.0
946,104,96,52.0,2.08,1.92,52.0,48.0,208.0,50.46094129063562,194,104,0.0
947,104,96,52.0,2.08,1.92,52.0,48.0,208.0,50.46094129063562,194,104,0.0
948,104,96,52.0,2.08,1.92,52.0,48.0,208.0,50.46094129063562,194,104,0.0
949,104,96,52.0,2.08,1.92,52.0,48.0,208.0,50.46094129063562,194,104,0.0
950,104,96,52.0,2.08,1.92,52.0,48.0,208.0,50.46094129063562,194,104,0.0
951,104,96,52.0,2.08,1.92,52.0,48.0,208.0,50.46094129063562,194,104,0.0
952,105,95,52.5,2.1,1.9,52.5,47.5,210.0,50.94614264919942,195,105,2.0
953,105,95,52.5,2.1,1.9,52.5,47.5,210.0,50.94614264919942,195,105,0.0
954,105,95,52.5,2.1,1.9,52.5,47.5,210.0,50.94614264919942,195,105,0.0
955,105,95,52.5,2.1,1.9,52.5,47.5,210.0,50.94614264919942,196,105,0.0
956,105,95,52.5,2.1,1.9,52.5,47.5,210.0,50.94614264919942,197,105,0.0
957,105,95,52.5,2.1,1.9,52.5,47.5,210.0,50.94614264919942,197,105,0.0
958,105,95,52.5,2.1,1.9,52.5,47.5,210.0,50.94614264919942,197,105,0.0
959,105,95,52.5,2.1,1.9,52.5,47.5,210.0,50.94614264919942,198,105,0.0
960,105,95,52.5,2.1,1.9,52.5,47.5,210.0,50.94614264919942,199,105,0.0
961,105,95,52.5,2.1,1.9,52.5,47.5,210.0,50.94614264919942,199,105,0.0
962,105,95,52.5,2.1,1.9,52.5,47.5,210.0,50.94614264919942,199,105,0.0
963,105,95,52.5,2.1,1.9,52.5,47.5,210.0,50.94614264919942,200,105,0.0
964,105,95,52.5,2.1,1.9,52.5,47.5,210.0,50.94614264919942,200,105,0.0
965,105,95,52.5,2.1,1.9,52.5,47.5,210.0,50.94614264919942,200,105,0.0
966,105,95,52.5,2.1,1.9,52.5,47.5,210.0,50.94614264919942,201,105,0.0
967,105,95,52.5,2.1,1.9,52.5,47.5,210.0,50.94614264919942,201,105,0.0
968,105,95,52.5,2.1,1.9,52.5,47.5,210.0,50.94614264919942,201,105,0.0
969,105,95,52.5,2.1,1.9,52.5,47.5,210.0,50.94614264919942,201,105,0.0
970,105,95,52.5,2.1,1.9,52.5,47.5,210.0,50.94614264919942,202,105,0.0
971,105,95,52.5,2.1,1.9,52.5,47.5,210.0,50.94614264919942,202,105,0.0
972,105,95,52.5,2.1,1.9,52.5,47.5,210.0,50.94614264919942,202,105,0.0
973,105,95,52.5,2.1,1.9,52.5,47.5,210.0,50.94614264919942,202,105,0.0
974,105,95,52.5,2.1,1.9,52.5,47.5,210.0,50.94614264919942,202,105,0.0
975,105,95,52.5,2.1,1.9,52.5,47.5,210.0,50.94614264919942,202,105,0.0
976,105,95,52.5,2.1,1.9,52.5,47.5,210.0,50.94614264919942,202,105,0.0
977,105,95,52.5,2.1,1.9,52.5,47.5,210.0,50.94614264919942,202,105,0.0
978,105,95,52.5,2.1,1.9,52.5,47.5,210.0,50.94614264919942,202,105,0.0
979,105,95,52.5,2.1,1.9,52.5,47.5,210.0,50.94614264919942,202,105,0.0
980,105,95,52.5,2.1,1.9,52.5,47.5,210.0,50.94614264919942,202,105,0.0
981,105,95,52.5,2.1,1.9,52.5,47.5,210.0,50.94614264919942,202,105,0.0
982,105,95,52.5,2.1,1.9,52.5,47.5,210.0,50.94614264919942,202,105,0.0
983,106,94,53.0,2.12,1.88,53.0,46.99999999999999,212.0,51.43134400776322,203,106,2.0
984,106,94,53.0,2.12,1.88,53.0,46.99999999999999,212.0,51.43134400776322,203,106,0.0
985,106,94,53.0,2.12,1.88,53.0,46.99999999999999,212.0,51.43134400776322,203,106,0.0
986,106,94,53.0,2.12,1.88,53.0,46.99999999999999,212.0,51.43134400776322,203,106,0.0
987,107,93,53.5,2.14,1.8599999999999999,53.5,46.49999999999999,214.0,51.91654536632703,204,107,2.0
988,107,93,53.5,2.14,1.8599999999999999,53.5,46.49999999999999,214.0,51.91654536632703,204,107,0.0
989,107,93,53.5,2.14,1.8599999999999999,53.5,46.49999999999999,214.0,51.91654536632703,204,107,0.0
990,107,93,53.5,2.14,1.8599999999999999,53.5,46.49999999999999,214.0,51.91654536632703,204,107,0.0
991,107,93,53.5,2.14,1.8599999999999999,53.5,46.49999999999999,214.0,51.91654536632703,204,107,0.0
992,107,93,53.5,2.14,1.8599999999999999,53.5,46.49999999999999,214.0,51.91654536632703,204,107,0.0
993,107,93,53.5,2.14,1.8599999999999999,53.5,46.49999999999999,214.0,51.91654536632703,204,107,0.0
994,107,93,53.5,2.14,1.8599999999999999,53.5,46.49999999999999,214.0,51.91654536632703,204,107,0.0
995,107,93,53.5,2.14,1.8599999999999999,53.5,46.49999999999999,214.0,51.91654536632703,204,107,0.0
996,107,93,53.5,2.14,1.8599999999999999,53.5,46.49999999999999,214.0,51.91654536632703,204,107,0.0
997,107,93,53.5,2.14,1.8599999999999999,53.5,46.49999999999999,214.0,51.91654536632703,204,107,0.0
998,107,93,53.5,2.14,1.8599999999999999,53.5,46.49999999999999,214.0,51.91654536632703,205,107,0.0
999,107,93,53.5,2.14,1.8599999999999999,53.5,46.49999999999999,214.0,51.91654536632703,206,107,0.0
1000,107,93,53.5,2.14,1.8599999999999999,53.5,46.49999999999999,214.0,51.91654536632703,206,107,0.0
1001,107,93,53.5,2.14,1.8599999999999999,53.5,46.49999999999999,214.0,51.91654536632703,206,107,0.0
1002,107,93,53.5,2.14,1.8599999999999999,53.5,46.49999999999999,214.0,51.91654536632703,206,107,0.0
1003,107,93,53.5,2.14,1.8599999999999999,53.5,46.49999999999999,214.0,51.91654536632703,206,107,0.0
1004,107,93,53.5,2.14,1.8599999999999999,53.5,46.49999999999999,214.0,51.91654536632703,206,107,0.0
1005,107,93,53.5,2.14,1.8599999999999999,53.5,46.49999999999999,214.0,51.91654536632703,206,107,0.0
1006,107,93,53.5,2.14,1.8599999999999999,53.5,46.49999999999999,214.0,51.91654536632703,206,107,0.0
1007,107,93,53.5,2.14,1.8599999999999999,53.5,46.49999999999999,214.0,51.91654536632703,206,107,0.0
1008,107,93,53.5,2.14,1.8599999999999999,53.5,46.49999999999999,214.0,51.91654536632703,206,107,0.0
1009,107,93,53.5,2.14,1.8599999999999999,53.5,46.49999999999999,214.0,51.91654536632703,206,107,0.0
1010,107,93,53.5,2.14,1.8599999999999999,53.5,46.49999999999999,214.0,51.91654536632703,206,107,0.0
1011,107,93,53.5,2.14,1.8599999999999999,53.5,46.49999999999999,214.0,51.91654536632703,206,107,0.0
1012,107,93,53.5,2.14,1.8599999999999999,53.5,46.49999999999999,214.0,51.91654536632703,206,107,0.0
1013,107,93,53.5,2.14,1.8599999999999999,53.5,46.49999999999999,214.0,51.91654536632703,206,107,0.0
1014,107,93,53.5,2.14,1.8599999999999999,53.5,46.49999999999999,214.0,51.91654536632703,206,107,0.0
1015,107,93,53.5,2.14,1.8599999999999999,53.5,46.49999999999999,214.0,51.91654536632703,206,107,0.0
1016,107,93,53.5,2.14,1.8599999999999999,53.5,46.49999999999999,214.0,51.91654536632703,206,107,0.0
1017,107,93,53.5,2.14,1.8599999999999999,53.5,46.49999999999999,214.0,51.91654536632703,206,107,0.0
1018,107,93,53.5,2.14,1.8599999999999999,53.5,46.49999999999999,214.0,51.91654536632703,206,107,0.0
1019,107,93,53.5,2.14,1.8599999999999999,53.5,46.49999999999999,214.0,51.91654536632703,206,107,0.0
1020,107,93,53.5,2.14,1.8599999999999999,53.5,46.49999999999999,214.0,51.91654536632703,206,107,0.0
1021,107,93,53.5,2.14,1.8599999999999999,53.5,46.49999999999999,214.0,51.91654536632703,206,107,0.0
1022,107,93,53.5,2.14,1.8599999999999999,53.5,46.49999999999999,214.0,51.91654536632703,206,107,0.0
1023,107,93,53.5,2.14,1.8599999999999999,53.5,46.49999999999999,214.0,51.91654536632703,206,107,0.0
1024,107,93,53.5,2.14,1.8599999999999999,53.5,46.49999999999999,214.0,51.91654536632703,206,107,0.0
1025,107,93,53.5,2.14,1.8599999999999999,53.5,46.49999999999999,214.0,51.91654536632703,206,107,0.0
1026,107,93,53.5,2.14,1.8599999999999999,53.5,46.49999999999999,214.0,51.91654536632703,206,107,0.0
1027,107,93,53.5,2.14,1.8599999999999999,53.5,46.49999999999999,214.0,51.91654536632703,206,107,0.0
1028,107,93,53.5,2.14,1.8599999999999999,53.5,46.49999999999999,214.0,51.91654536632703,206,107,0.0
1029,107,93,53.5,2.14,1.8599999999999999,53.5,46.49999999999999,214.0,51.91654536632703,206,107,0.0
1030,107,93,53.5,2.14,1.8599999999999999,53.5,46.49999999999999,214.0,51.91654536632703,206,107,0.0
1031,107,93,53.5,2.14,1.8599999999999999,53.5,46.49999999999999,214.0,51.91654536632703,206,107,0.0
1032,107,93,53.5,2.14,1.8599999999999999,53.5,46.49999999999999,214.0,51.91654536632703,206,107,0.0
1033,107,93,53.5,2.14,1.8599999999999999,53.5,46.49999999999999,214.0,51.91654536632703,206,107,0.0
1034,107,93,53.5,2.14,1.8599999999999999,53.5,46.49999999999999,214.0,51.91654536632703,206,107,0.0
1035,107,93,53.5,2.14,1.8599999999999999,53.5,46.49999999999999,214.0,51.91654536632703,206,107,0.0
1036,107,93,53.5,2.14,1.8599999999999999,53.5,46.49999999999999,214.0,51.91654536632703,206,107,0.0
1037,107,93,53.5,2.14,1.8599999999999999,53.5,46.49999999999999,214.0,51.91654536632703,206,107,0.0
1038,107,93,53.5,2.14,1.8599999999999999,53.5,46.49999999999999,214.0,51.91654536632703,206,107,0.0
1039,107,93,53.5,2.14,1.8599999999999999,53.5,46.49999999999999,214.0,51.91654536632703,206,107,0.0
1040,107,93,53.5,2.14,1.8599999999999999,53.5,46.49999999999999,214.0,51.91654536632703,206,107,0.0
1041,107,93,53.5,2.14,1.8599999999999999,53.5,46.49999999999999,214.0,51.91654536632703,206,107,0.0
1042,107,93,53.5,2.14,1.8599999999999999,53.5,46.49999999999999,214.0,51.91654536632703,206,107,0.0
1043,107,93,53.5,2.14,1.8599999999999999,53.5,46.49999999999999,214.0,51.91654536632703,206,107,0.0
1044,107,93,53.5,2.14,1.8599999999999999,53.5,46.49999999999999,214.0,51.91654536632703,206,107,0.0
1045,107,93,53.5,2.14,1.8599999999999999,53.5,46.49999999999999,214.0,51.91654536632703,206,107,0.0
1046,107,93,53.5,2.14,1.8599999999999999,53.5,46.49999999999999,214.0,51.91654536632703,206,107,0.0
1047,107,93,53.5,2.14,1.8599999999999999,53.5,46.49999999999999,214.0,51.91654536632703,206,107,0.0
1048,107,93,53.5,2.14,1.8599999999999999,53.5,46.49999999999999,214.0,51.91654536632703,206,107,0.0
1049,107,93,53.5,2.14,1.8599999999999999,53.5,46.49999999999999,214.0,51.91654536632703,206,107,0.0
1050,107,93,53.5,2.14,1.8599999999999999,53.5,46.49999999999999,214.0,51.91654536632703,206,107,0.0
1051,107,93,53.5,2.14,1.8599999999999999,53.5,46.49999999999999,214.0,51.91654536632703,206,107,0.0
1052,107,93,53.5,2.14,1.8599999999999999,53.5,46.49999999999999,214.0,51.91654536632703,206,107,0.0
1053,107,93,53.5,2.14,1.8599999999999999,53.5,46.49999999999999,214.0,51.91654536632703,206,107,0.0
1054,107,93,53.5,2.14,1.8599999999999999,53.5,46.49999999999999,214.0,51.91654536632703,206,107,0.0
1055,107,93,53.5,2.14,1.8599999999999999,53.5,46.49999999999999,214.0,51.91654536632703,206,107,0.0
1056,107,93,53.5,2.14,1.8599999999999999,53.5,46.49999999999999,214.0,51.91654536632703,206,107,0.0
1057,107,93,53.5,2.14,1.8599999999999999,53.5,46.49999999999999,214.0,51.91654536632703,206,107,0.0
1058,107,93,53.5,2.14,1.8599999999999999,53.5,46.49999999999999,214.0,51.91654536632703,207,107,0.0
1059,107,93,53.5,2.14,1.8599999999999999,53.5,46.49999999999999,214.0,51.91654536632703,207,107,0.0
1060,107,93,53.5,2.14,1.8599999999999999,53.5,46.49999999999999,214.0,51.91654536632703,207,107,0.0
1061,107,93,53.5,2.14,1.8599999999999999,53.5,46.49999999999999,214.0,51.91654536632703,208,107,0.0
1062,107,93,53.5,2.14,1.8599999999999999,53.5,46.49999999999999,214.0,51.91654536632703,208,107,0.0
1063,107,93,53.5,2.14,1.8599999999999999,53.5,46.49999999999999,214.0,51.91654536632703,209,107,0.0
1064,107,93,53.5,2.14,1.8599999999999999,53.5,46.49999999999999,214.0,51.91654536632703,209,107,0.0
1065,107,93,53.5,2.14,1.8599999999999999,53.5,46.49999999999999,214.0,51.91654536632703,209,107,0.0
1066,107,93,53.5,2.14,1.8599999999999999,53.5,46.49999999999999,214.0,51.91654536632703,209,107,0.0
1067,107,93,53.5,2.14,1.8599999999999999,53.5,46.49999999999999,214.0,51.91654536632703,209,107,0.0
1068,107,93,53.5,2.14,1.8599999999999999,53.5,46.49999999999999,214.0,51.91654536632703,209,107,0.0
1069,107,93,53.5,2.14,1.8599999999999999,53.5,46.49999999999999,214.0,51.91654536632703,209,107,0.0
1070,107,93,53.5,2.14,1.8599999999999999,53.5,46.49999999999999,214.0,51.91654536632703,209,107,0.0
1071,107,93,53.5,2.14,1.8599999999999999,53.5,46.49999999999999,214.0,51.91654536632703,210,107,0.0
1072,107,93,53.5,2.14,1.8599999999999999,53.5,46.49999999999999,214.0,51.91654536632703,211,107,0.0
1073,107,93,53.5,2.14,1.8599999999999999,53.5,46.49999999999999,214.0,51.91654536632703,213,107,0.0
1074,107,93,53.5,2.14,1.8599999999999999,53.5,46.49999999999999,214.0,51.91654536632703,214,107,0.0
1075,107,93,53.5,2.14,1.8599999999999999,53.5,46.49999999999999,214.0,51.91654536632703,214,107,0.0
1076,107,93,53.5,2.14,1.8599999999999999,53.5,46.49999999999999,214.0,51.91654536632703,214,107,0.0
1077,108,92,54.0,2.16,1.8399999999999999,54.0,45.99999999999999,216.0,52.40174672489083,215,108,2.0
1078,108,92,54.0,2.16,1.8399999999999999,54.0,45.99999999999999,216.0,52.40174672489083,215,108,0.0
1079,108,92,54.0,2.16,1.8399999999999999,54.0,45.99999999999999,216.0,52.40174672489083,216,108,0.0
1080,108,92,54.0,2.16,1.8399999999999999,54.0,45.99999999999999,216.0,52.40174672489083,217,108,0.0
1081,108,92,54.0,2.16,1.8399999999999999,54.0,45.99999999999999,216.0,52.40174672489083,217,108,0.0
1082,108,92,54.0,2.16,1.8399999999999999,54.0,45.99999999999999,216.0,52.40174672489083,217,108,0.0
1083,108,92,54.0,2.16,1.8399999999999999,54.0,45.99999999999999,216.0,52.40174672489083,217,108,0.0
1084,109,91,54.50000000000001,2.18,1.8199999999999998,54.5,45.49999999999999,218.0,52.886948083454634,219,109,2.0
1085,109,91,54.50000000000001,2.18,1.8199999999999998,54.5,45.49999999999999,218.0,52.886948083454634,220,109,0.0
1086,109,91,54.50000000000001,2.18,1.8199999999999998,54.5,45.49999999999999,218.0,52.886948083454634,220,109,0.0
1087,109,91,54.50000000000001,2.18,1.8199999999999998,54.5,45.49999999999999,218.0,52.886948083454634,220,109,0.0
1088,109,91,54.50000000000001,2.18,1.8199999999999998,54.5,45.49999999999999,218.0,52.886948083454634,220,109,0.0
1089,109,91,54.50000000000001,2.18,1.8199999999999998,54.5,45.49999999999999,218.0,52.886948083454634,220,109,0.0
1090,109,91,54.50000000000001,2.18,1.8199999999999998,54.5,45.49999999999999,218.0,52.886948083454634,220,109,0.0
1091,109,91,54.50000000000001,2.18,1.8199999999999998,54.5,45.49999999999999,218.0,52.886948083454634,220,109,0.0
1092,109,91,54.50000000000001,2.18,1.8199999999999998,54.5,45.49999999999999,218.0,52.886948083454634,220,109,0.0
1093,109,91,54.50000000000001,2.18,1.8199999999999998,54.5,45.49999999999999,218.0,52.886948083454634,220,109,0.0
1094,109,91,54.50000000000001,2.18,1.8199999999999998,54.5,45.49999999999999,218.0,52.886948083454634,220,109,0.0
1095,109,91,54.50000000000001,2.18,1.8199999999999998,54.5,45.49999999999999,218.0,52.886948083454634,220,109,0.0
1096,109,91,54.50000000000001,2.18,1.8199999999999998,54.5,45.49999999999999,218.0,52.886948083454634,220,109,0.0
1097,109,91,54.50000000000001,2.18,1.8199999999999998,54.5,45.49999999999999,218.0,52.886948083454634,220,109,0.0
1098,109,91,54.50000000000001,2.18,1.8199999999999998,54.5,45.49999999999999,218.0,52.886948083454634,220,109,0.0
1099,109,91,54.50000000000001,2.18,1.8199999999999998,54.5,45.49999999999999,218.0,52.886948083454634,220,109,0.0
1100,109,91,54.50000000000001,2.18,1.8199999999999998,54.5,45.49999999999999,218.0,52.886948083454634,221,109,0.0
1101,109,91,54.50000000000001,2.18,1.8199999999999998,54.5,45.49999999999999,218.0,52.886948083454634,222,109,0.0
1102,109,91,54.50000000000001,2.18,1.8199999999999998,54.5,45.49999999999999,218.0,52.886948083454634,222,109,0.0
1103,109,91,54.50000000000001,2.18,1.8199999999999998,54.5,45.49999999999999,218.0,52.886948083454634,222,109,0.0
1104,109,91,54.50000000000001,2.18,1.8199999999999998,54.5,45.49999999999999,218.0,52.886948083454634,222,109,0.0
1105,109,91,54.50000000000001,2.18,1.8199999999999998,54.5,45.49999999999999,218.0,52.886948083454634,222,109,0.0
1106,109,91,54.50000000000001,2.18,1.8199999999999998,54.5,45.49999999999999,218.0,52.886948083454634,222,109,0.0
1107,109,91,54.50000000000001,2.18,1.8199999999999998,54.5,45.49999999999999,218.0,52.886948083454634,222,109,0.0
1108,109,91,54.50000000000001,2.18,1.8199999999999998,54.5,45.49999999999999,218.0,52.886948083454634,222,109,0.0
1109,109,91,54.50000000000001,2.18,1.8199999999999998,54.5,45.49999999999999,218.0,52.886948083454634,222,109,0.0
1110,109,91,54.50000000000001,2.18,1.8199999999999998,54.5,45.49999999999999,218.0,52.886948083454634,222,109,0.0
1111,109,91,54.50000000000001,2.18,1.8199999999999998,54.5,45.49999999999999,218.0,52.886948083454634,222,109,0.0
1112,109,91,54.50000000000001,2.18,1.8199999999999998,54.5,45.49999999999999,218.0,52.886948083454634,222,109,0.0
1113,109,91,54.50000000000001,2.18,1.8199999999999998,54.5,45.49999999999999,218.0,52.886948083454634,222,109,0.0
1114,109,91,54.50000000000001,2.18,1.8199999999999998,54.5,45.49999999999999,218.0,52.886948083454634,222,109,0.0
1115,109,91,54.50000000000001,2.18,1.8199999999999998,54.5,45.49999999999999,218.0,52.886948083454634,222,109,0.0
1116,109,91,54.50000000000001,2.18,1.8199999999999998,54.5,45.49999999999999,218.0,52.886948083454634,222,109,0.0
1117,109,91,54.50000000000001,2.18,1.8199999999999998,54.5,45.49999999999999,218.0,52.886948083454634,222,109,0.0
1118,109,91,54.50000000000001,2.18,1.8199999999999998,54.5,45.49999999999999,218.0,52.886948083454634,222,109,0.0
1119,109,91,54.50000000000001,2.18,1.8199999999999998,54.5,45.49999999999999,218.0,52.886948083454634,222,109,0.0
1120,109,91,54.50000000000001,2.18,1.8199999999999998,54.5,45.49999999999999,218.0,52.886948083454634,222,109,0.0
1121,109,91,54.50000000000001,2.18,1.8199999999999998,54.5,45.49999999999999,218.0,52.886948083454634,222,109,0.0
1122,109,91,54.50000000000001,2.18,1.8199999999999998,54.5,45.49999999999999,218.0,52.886948083454634,222,109,0.0
1123,109,91,54.50000000000001,2.18,1.8199999999999998,54.5,45.49999999999999,218.0,52.886948083454634,222,109,0.0
1124,109,91,54.50000000000001,2.18,1.8199999999999998,54.5,45.49999999999999,218.0,52.886948083454634,222,109,0.0
1125,109,91,54.50000000000001,2.18,1.8199999999999998,54.5,45.49999999999999,218.0,52.886948083454634,222,109,0.0
1126,109,91,54.50000000000001,2.18,1.8199999999999998,54.5,45.49999999999999,218.0,52.886948083454634,222,109,0.0
1127,109,91,54.50000000000001,2.18,1.8199999999999998,54.5,45.49999999999999,218.0,52.886948083454634,222,109,0.0
1128,109,91,54.50000000000001,2.18,1.8199999999999998,54.5,45.49999999999999,218.0,52.886948083454634,222,109,0.0
1129,110,90,55.00000000000001,2.2,1.7999999999999998,55.0,44.99999999999999,220.0,53.37214944201843,223,110,2.0
1130,110,90,55.00000000000001,2.2,1.7999999999999998,55.0,44.99999999999999,220.0,53.37214944201843,223,110,0.0
1131,110,90,55.00000000000001,2.2,1.7999999999999998,55.0,44.99999999999999,220.0,53.37214944201843,223,110,0.0
1132,110,90,55.00000000000001,2.2,1.7999999999999998,55.0,44.99999999999999,220.0,53.37214944201843,224,110,0.0
1133,110,90,55.00000000000001,2.2,1.7999999999999998,55.0,44.99999999999999,220.0,53.37214944201843,224,110,0.0
1134,110,90,55.00000000000001,2.2,1.7999999999999998,55.0,44.99999999999999,220.0,53.37214944201843,224,110,0.0
1135,110,90,55.00000000000001,2.2,1.7999999999999998,55.0,44.99999999999999,220.0,53.37214944201843,224,110,0.0
1136,110,90,55.00000000000001,2.2,1.7999999999999998,55.0,44.99999999999999,220.0,53.37214944201843,224,110,0.0
1137,110,90,55.00000000000001,2.2,1.7999999999999998,55.0,44.99999999999999,220.0,53.37214944201843,224,110,0.0
1138,110,90,55.00000000000001,2.2,1.7999999999999998,55.0,44.99999999999999,220.0,53.37214944201843,224,110,0.0
1139,110,90,55.00000000000001,2.2,1.7999999999999998,55.0,44.99999999999999,220.0,53.37214944201843,224,110,0.0
1140,110,90,55.00000000000001,2.2,1.7999999999999998,55.0,44.99999999999999,220.0,53.37214944201843,224,110,0.0
1141,110,90,55.00000000000001,2.2,1.7999999999999998,55.0,44.99999999999999,220.0,53.37214944201843,224,110,0.0
1142,110,90,55.00000000000001,2.2,1.7999999999999998,55.0,44.99999999999999,220.0,53.37214944201843,224,110,0.0
1143,110,90,55.00000000000001,2.2,1.7999999999999998,55.0,44.99999999999999,220.0,53.37214944201843,224,110,0.0
1144,110,90,55.00000000000001,2.2,1.7999999999999998,55.0,44.99999999999999,220.0,53.37214944201843,224,110,0.0
1145,110,90,55.00000000000001,2.2,1.7999999999999998,55.0,44.99999999999999,220.0,53.37214944201843,226,110,0.0
1146,110,90,55.00000000000001,2.2,1.7999999999999998,55.0,44.99999999999999,220.0,53.37214944201843,226,110,0.0
1147,110,90,55.00000000000001,2.2,1.7999999999999998,55.0,44.99999999999999,220.0,53.37214944201843,226,110,0.0
1148,110,90,55.00000000000001,2.2,1.7999999999999998,55.0,44.99999999999999,220.0,53.37214944201843,226,110,0.0
1149,110,90,55.00000000000001,2.2,1.7999999999999998,55.0,44.99999999999999,220.0,53.37214944201843,226,110,0.0
1150,110,90,55.00000000000001,2.2,1.7999999999999998,55.0,44.99999999999999,220.0,53.37214944201843,226,110,0.0
1151,110,90,55.00000000000001,2.2,1.7999999999999998,55.0,44.99999999999999,220.0,53.37214944201843,227,110,0.0
1152,110,90,55.00000000000001,2.2,1.7999999999999998,55.0,44.99999999999999,220.0,53.37214944201843,227,110,0.0
1153,110,90,55.00000000000001,2.2,1.7999999999999998,55.0,44.99999999999999,220.0,53.37214944201843,227,110,0.0
1154,110,90,55.00000000000001,2.2,1.7999999999999998,55.0,44.99999999999999,220.0,53.37214944201843,228,110,0.0
1155,110,90,55.00000000000001,2.2,1.7999999999999998,55.0,44.99999999999999,220.0,53.37214944201843,228,110,0.0
1156,110,90,55.00000000000001,2.2,1.7999999999999998,55.0,44.99999999999999,220.0,53.37214944201843,229,110,0.0
1157,110,90,55.00000000000001,2.2,1.7999999999999998,55.0,44.99999999999999,220.0,53.37214944201843,230,110,0.0
1158,110,90,55.00000000000001,2.2,1.7999999999999998,55.0,44.99999999999999,220.0,53.37214944201843,230,110,0.0
1159,110,90,55.00000000000001,2.2,1.7999999999999998,55.0,44.99999999999999,220.0,53.37214944201843,230,110,0.0
1160,110,90,55.00000000000001,2.2,1.7999999999999998,55.0,44.99999999999999,220.0,53.37214944201843,230,110,0.0
1161,110,90,55.00000000000001,2.2,1.7999999999999998,55.0,44.99999999999999,220.0,53.37214944201843,230,110,0.0
1162,110,90,55.00000000000001,2.2,1.7999999999999998,55.0,44.99999999999999,220.0,53.37214944201843,230,110,0.0
1163,110,90,55.00000000000001,2.2,1.7999999999999998,55.0,44.99999999999999,220.0,53.37214944201843,230,110,0.0
1164,110,90,55.00000000000001,2.2,1.7999999999999998,55.0,44.99999999999999,220.0,53.37214944201843,230,110,0.0
1165,110,90,55.00000000000001,2.2,1.7999999999999998,55.0,44.99999999999999,220.0,53.37214944201843,230,110,0.0
1166,110,90,55.00000000000001,2.2,1.7999999999999998,55.0,44.99999999999999,220.0,53.37214944201843,230,110,0.0
1167,110,90,55.00000000000001,2.2,1.7999999999999998,55.0,44.99999999999999,220.0,53.37214944201843,230,110,0.0
1168,110,90,55.00000000000001,2.2,1.7999999999999998,55.0,44.99999999999999,220.0,53.37214944201843,230,110,0.0
1169,110,90,55.00000000000001,2.2,1.7999999999999998,55.0,44.99999999999999,220.0,53.37214944201843,230,110,0.0
1170,110,90,55.00000000000001,2.2,1.7999999999999998,55.0,44.99999999999999,220.0,53.37214944201843,230,110,0.0
1171,110,90,55.00000000000001,2.2,1.7999999999999998,55.0,44.99999999999999,220.0,53.37214944201843,230,110,0.0
1172,110,90,55.00000000000001,2.2,1.7999999999999998,55.0,44.99999999999999,220.0,53.37214944201843,230,110,0.0
1173,110,90,55.00000000000001,2.2,1.7999999999999998,55.0,44.99999999999999,220.0,53.37214944201843,230,110,0.0
1174,110,90,55.00000000000001,2.2,1.7999999999999998,55.0,44.99999999999999,220.0,53.37214944201843,230,110,0.0
1175,110,90,55.00000000000001,2.2,1.7999999999999998,55.0,44.99999999999999,220.0,53.37214944201843,230,110,0.0
1176,110,90,55.00000000000001,2.2,1.7999999999999998,55.0,44.99999999999999,220.0,53.37214944201843,230,110,0.0
1177,110,90,55.00000000000001,2.2,1.7999999999999998,55.0,44.99999999999999,220.0,53.37214944201843,230,110,0.0
1178,110,90,55.00000000000001,2.2,1.7999999999999998,55.0,44.99999999999999,220.0,53.37214944201843,230,110,0.0
1179,110,90,55.00000000000001,2.2,1.7999999999999998,55.0,44.99999999999999,220.0,53.37214944201843,230,110,0.0
1180,110,90,55.00000000000001,2.2,1.7999999999999998,55.0,44.99999999999999,220.0,53.37214944201843,230,110,0.0
1181,110,90,55.00000000000001,2.2,1.7999999999999998,55.0,44.99999999999999,220.0,53.37214944201843,230,110,0.0
1182,110,90,55.00000000000001,2.2,1.7999999999999998,55.0,44.99999999999999,220.0,53.37214944201843,230,110,0.0
1183,110,90,55.00000000000001,2.2,1.7999999999999998,55.0,44.99999999999999,220.0,53.37214944201843,230,110,0.0
1184,110,90,55.00000000000001,2.2,1.7999999999999998,55.0,44.99999999999999,220.0,53.37214944201843,231,110,0.0
1185,110,90,55.00000000000001,2.2,1.7999999999999998,55.0,44.99999999999999,220.0,53.37214944201843,232,110,0.0
1186,110,90,55.00000000000001,2.2,1.7999999999999998,55.0,44.99999999999999,220.0,53.37214944201843,232,110,0.0
1187,110,90,55.00000000000001,2.2,1.7999999999999998,55.0,44.99999999999999,220.0,53.37214944201843,232,110,0.0
1188,110,90,55.00000000000001,2.2,1.7999999999999998,55.0,44.99999999999999,220.0,53.37214944201843,232,110,0.0
1189,110,90,55.00000000000001,2.2,1.7999999999999998,55.0,44.99999999999999,220.0,53.37214944201843,232,110,0.0
1190,110,90,55.00000000000001,2.2,1.7999999999999998,55.0,44.99999999999999,220.0,53.37214944201843,232,110,0.0
1191,110,90,55.00000000000001,2.2,1.7999999999999998,55.0,44.99999999999999,220.0,53.37214944201843,232,110,0.0
1192,110,90,55.00000000000001,2.2,1.7999999999999998,55.0,44.99999999999999,220.0,53.37214944201843,232,110,0.0
1193,110,90,55.00000000000001,2.2,1.7999999999999998,55.0,44.99999999999999,220.0,53.37214944201843,232,110,0.0
1194,110,90,55.00000000000001,2.2,1.7999999999999998,55.0,44.99999999999999,220.0,53.37214944201843,232,110,0.0
1195,110,90,55.00000000000001,2.2,1.7999999999999998,55.0,44.99999999999999,220.0,53.37214944201843,232,110,0.0
1196,110,90,55.00000000000001,2.2,1.7999999999999998,55.0,44.99999999999999,220.0,53.37214944201843,232,110,0.0
1197,110,90,55.00000000000001,2.2,1.7999999999999998,55.0,44.99999999999999,220.0,53.37214944201843,232,110,0.0
1198,110,90,55.00000000000001,2.2,1.7999999999999998,55.0,44.99999999999999,220.0,53.37214944201843,232,110,0.0
1199,110,90,55.00000000000001,2.2,1.7999999999999998,55.0,44.99999999999999,220.0,53.37214944201843,232,110,0.0
1200,110,90,55.00000000000001,2.2,1.7999999999999998,55.0,44.99999999999999,220.0,53.37214944201843,232,110,0.0
1201,110,90,55.00000000000001,2.2,1.7999999999999998,55.0,44.99999999999999,220.0,53.37214944201843,232,110,0.0
1202,110,90,55.00000000000001,2.2,1.7999999999999998,55.0,44.99999999999999,220.0,53.37214944201843,232,110,0.0
1203,110,90,55.00000000000001,2.2,1.7999999999999998,55.0,44.99999999999999,220.0,53.37214944201843,232,110,0.0
1204,110,90,55.00000000000001,2.2,1.7999999999999998,55.0,44.99999999999999,220.0,53.37214944201843,232,110,0.0
1205,110,90,55.00000000000001,2.2,1.7999999999999998,55.0,44.99999999999999,220.0,53.37214944201843,232,110,0.0
1206,110,90,55.00000000000001,2.2,1.7999999999999998,55.0,44.99999999999999,220.0,53.37214944201843,232,110,0.0
1207,110,90,55.00000000000001,2.2,1.7999999999999998,55.0,44.99999999999999,220.0,53.37214944201843,232,110,0.0
1208,110,90,55.00000000000001,2.2,1.7999999999999998,55.0,44.99999999999999,220.0,53.37214944201843,232,110,0.0
1209,110,90,55.00000000000001,2.2,1.7999999999999998,55.0,44.99999999999999,220.0,53.37214944201843,232,110,0.0
1210,110,90,55.00000000000001,2.2,1.7999999999999998,55.0,44.99999999999999,220.0,53.37214944201843,232,110,0.0
1211,110,90,55.00000000000001,2.2,1.7999999999999998,55.0,44.99999999999999,220.0,53.37214944201843,232,110,0.0
1212,110,90,55.00000000000001,2.2,1.7999999999999998,55.0,44.99999999999999,220.0,53.37214944201843,232,110,0.0
1213,110,90,55.00000000000001,2.2,1.7999999999999998,55.0,44.99999999999999,220.0,53.37214944201843,232,110,0.0
1214,110,90,55.00000000000001,2.2,1.7999999999999998,55.0,44.99999999999999,220.0,53.37214944201843,232,110,0.0
1215,110,90,55.00000000000001,2.2,1.7999999999999998,55.0,44.99999999999999,220.0,53.37214944201843,232,110,0.0
1216,111,89,55.50000000000001,2.22,1.7799999999999998,55.50000000000001,44.49999999999999,222.00000000000003,53.857350800582246,233,111,2.0000000000000284
1217,111,89,55.50000000000001,2.22,1.7799999999999998,55.50000000000001,44.49999999999999,222.00000000000003,53.857350800582246,233,111,0.0
1218,111,89,55.50000000000001,2.22,1.7799999999999998,55.50000000000001,44.49999999999999,222.00000000000003,53.857350800582246,234,111,0.0
1219,111,89,55.50000000000001,2.22,1.7799999999999998,55.50000000000001,44.49999999999999,222.00000000000003,53.857350800582246,234,111,0.0
1220,111,89,55.50000000000001,2.22,1.7799999999999998,55.50000000000001,44.49999999999999,222.00000000000003,53.857350800582246,235,111,0.0
1221,111,89,55.50000000000001,2.22,1.7799999999999998,55.50000000000001,44.49999999999999,222.00000000000003,53.857350800582246,235,111,0.0
1222,111,89,55.50000000000001,2.22,1.7799999999999998,55.50000000000001,44.49999999999999,222.00000000000003,53.857350800582246,235,111,0.0
1223,111,89,55.50000000000001,2.22,1.7799999999999998,55.50000000000001,44.49999999999999,222.00000000000003,53.857350800582246,235,111,0.0
1224,111,89,55.50000000000001,2.22,1.7799999999999998,55.50000000000001,44.49999999999999,222.00000000000003,53.857350800582246,235,111,0.0
1225,111,89,55.50000000000001,2.22,1.7799999999999998,55.50000000000001,44.49999999999999,222.00000000000003,53.857350800582246,235,111,0.0
1226,111,89,55.50000000000001,2.22,1.7799999999999998,55.50000000000001,44.49999999999999,222.00000000000003,53.857350800582246,235,111,0.0
1227,111,89,55.50000000000001,2.22,1.7799999999999998,55.50000000000001,44.49999999999999,222.00000000000003,53.857350800582246,235,111,0.0
1228,111,89,55.50000000000001,2.22,1.7799999999999998,55.50000000000001,44.49999999999999,222.00000000000003,53.857350800582246,235,111,0.0
1229,111,89,55.50000000000001,2.22,1.7799999999999998,55.50000000000001,44.49999999999999,222.00000000000003,53.857350800582246,235,111,0.0
1230,111,89,55.50000000000001,2.22,1.7799999999999998,55.50000000000001,44.49999999999999,222.00000000000003,53.857350800582246,235,111,0.0
1231,111,89,55.50000000000001,2.22,1.7799999999999998,55.50000000000001,44.49999999999999,222.00000000000003,53.857350800582246,235,111,0.0
1232,111,89,55.50000000000001,2.22,1.7799999999999998,55.50000000000001,44.49999999999999,222.00000000000003,53.857350800582246,235,111,0.0
1233,111,89,55.50000000000001,2.22,1.7799999999999998,55.50000000000001,44.49999999999999,222.00000000000003,53.857350800582246,235,111,0.0
1234,111,89,55.50000000000001,2.22,1.7799999999999998,55.50000000000001,44.49999999999999,222.00000000000003,53.857350800582246,236,111,0.0
1235,111,89,55.50000000000001,2.22,1.7799999999999998,55.50000000000001,44.49999999999999,222.00000000000003,53.857350800582246,237,111,0.0
1236,111,89,55.50000000000001,2.22,1.7799999999999998,55.50000000000001,44.49999999999999,222.00000000000003,53.857350800582246,238,111,0.0
1237,111,89,55.50000000000001,2.22,1.7799999999999998,55.50000000000001,44.49999999999999,222.00000000000003,53.857350800582246,239,111,0.0
1238,111,89,55.50000000000001,2.22,1.7799999999999998,55.50000000000001,44.49999999999999,222.00000000000003,53.857350800582246,241,111,0.0
1239,111,89,55.50000000000001,2.22,1.7799999999999998,55.50000000000001,44.49999999999999,222.00000000000003,53.857350800582246,241,111,0.0
1240,111,89,55.50000000000001,2.22,1.7799999999999998,55.50000000000001,44.49999999999999,222.00000000000003,53.857350800582246,241,111,0.0
1241,111,89,55.50000000000001,2.22,1.7799999999999998,55.50000000000001,44.49999999999999,222.00000000000003,53.857350800582246,241,111,0.0
1242,111,89,55.50000000000001,2.22,1.7799999999999998,55.50000000000001,44.49999999999999,222.00000000000003,53.857350800582246,241,111,0.0
1243,112,88,56.00000000000001,2.24,1.7599999999999998,56.00000000000001,43.99999999999999,224.00000000000003,54.34255215914605,242,112,2.0
1244,112,88,56.00000000000001,2.24,1.7599999999999998,56.00000000000001,43.99999999999999,224.00000000000003,54.34255215914605,242,112,0.0
1245,112,88,56.00000000000001,2.24,1.7599999999999998,56.00000000000001,43.99999999999999,224.00000000000003,54.34255215914605,242,112,0.0
1246,112,88,56.00000000000001,2.24,1.7599999999999998,56.00000000000001,43.99999999999999,224.00000000000003,54.34255215914605,242,112,0.0
1247,112,88,56.00000000000001,2.24,1.7599999999999998,56.00000000000001,43.99999999999999,224.00000000000003,54.34255215914605,242,112,0.0
1248,112,88,56.00000000000001,2.24,1.7599999999999998,56.00000000000001,43.99999999999999,224.00000000000003,54.34255215914605,242,112,0.0
1249,112,88,56.00000000000001,2.24,1.7599999999999998,56.00000000000001,43.99999999999999,224.00000000000003,54.34255215914605,242,112,0.0
1250,112,88,56.00000000000001,2.24,1.7599999999999998,56.00000000000001,43.99999999999999,224.00000000000003,54.34255215914605,242,112,0.0
1251,112,88,56.00000000000001,2.24,1.7599999999999998,56.00000000000001,43.99999999999999,224.00000000000003,54.34255215914605,242,112,0.0
1252,112,88,56.00000000000001,2.24,1.7599999999999998,56.00000000000001,43.99999999999999,224.00000000000003,54.34255215914605,242,112,0.0
1253,112,88,56.00000000000001,2.24,1.7599999999999998,56.00000000000001,43.99999999999999,224.00000000000003,54.34255215914605,242,112,0.0
1254,112,88,56.00000000000001,2.24,1.7599999999999998,56.00000000000001,43.99999999999999,224.00000000000003,54.34255215914605,242,112,0.0
1255,112,88,56.00000000000001,2.24,1.7599999999999998,56.00000000000001,43.99999999999999,224.00000000000003,54.34255215914605,242,112,0.0
1256,112,88,56.00000000000001,2.24,1.7599999999999998,56.00000000000001,43.99999999999999,224.00000000000003,54.34255215914605,242,112,0.0
1257,112,88,56.00000000000001,2.24,1.7599999999999998,56.00000000000001,43.99999999999999,224.00000000000003,54.34255215914605,242,112,0.0
1258,112,88,56.00000000000001,2.24,1.7599999999999998,56.00000000000001,43.99999999999999,224.00000000000003,54.34255215914605,242,112,0.0
1259,112,88,56.00000000000001,2.24,1.7599999999999998,56.00000000000001,43.99999999999999,224.00000000000003,54.34255215914605,242,112,0.0
1260,112,88,56.00000000000001,2.24,1.7599999999999998,56.00000000000001,43.99999999999999,224.00000000000003,54.34255215914605,242,112,0.0
1261,112,88,56.00000000000001,2.24,1.7599999999999998,56.00000000000001,43.99999999999999,224.00000000000003,54.34255215914605,242,112,0.0
1262,112,88,56.00000000000001,2.24,1.7599999999999998,56.00000000000001,43.99999999999999,224.00000000000003,54.34255215914605,242,112,0.0
1263,112,88,56.00000000000001,2.24,1.7599999999999998,56.00000000000001,43.99999999999999,224.00000000000003,54.34255215914605,242,112,0.0
1264,112,88,56.00000000000001,2.24,1.7599999999999998,56.00000000000001,43.99999999999999,224.00000000000003,54.34255215914605,242,112,0.0
1265,112,88,56.00000000000001,2.24,1.7599999999999998,56.00000000000001,43.99999999999999,224.00000000000003,54.34255215914605,242,112,0.0
1266,112,88,56.00000000000001,2.24,1.7599999999999998,56.00000000000001,43.99999999999999,224.00000000000003,54.34255215914605,242,112,0.0
1267,112,88,56.00000000000001,2.24,1.7599999999999998,56.00000000000001,43.99999999999999,224.00000000000003,54.34255215914605,242,112,0.0
1268,112,88,56.00000000000001,2.24,1.7599999999999998,56.00000000000001,43.99999999999999,224.00000000000003,54.34255215914605,242,112,0.0
1269,112,88,56.00000000000001,2.24,1.7599999999999998,56.00000000000001,43.99999999999999,224.00000000000003,54.34255215914605,242,112,0.0
1270,112,88,56.00000000000001,2.24,1.7599999999999998,56.00000000000001,43.99999999999999,224.00000000000003,54.34255215914605,242,112,0.0
1271,112,88,56.00000000000001,2.24,1.7599999999999998,56.00000000000001,43.99999999999999,224.00000000000003,54.34255215914605,242,112,0.0
1272,112,88,56.00000000000001,2.24,1.7599999999999998,56.00000000000001,43.99999999999999,224.00000000000003,54.34255215914605,242,112,0.0
1273,112,88,56.00000000000001,2.24,1.7599999999999998,56.00000000000001,43.99999999999999,224.00000000000003,54.34255215914605,242,112,0.0
1274,112,88,56.00000000000001,2.24,1.7599999999999998,56.00000000000001,43.99999999999999,224.00000000000003,54.34255215914605,242,112,0.0
1275,112,88,56.00000000000001,2.24,1.7599999999999998,56.00000000000001,43.99999999999999,224.00000000000003,54.34255215914605,242,112,0.0
1276,112,88,56.00000000000001,2.24,1.7599999999999998,56.00000000000001,43.99999999999999,224.00000000000003,54.34255215914605,242,112,0.0
1277,112,88,56.00000000000001,2.24,1.7599999999999998,56.00000000000001,43.99999999999999,224.00000000000003,54.34255215914605,242,112,0.0
1278,112,88,56.00000000000001,2.24,1.7599999999999998,56.00000000000001,43.99999999999999,224.00000000000003,54.34255215914605,242,112,0.0
1279,113,87,56.49999999999999,2.2600000000000002,1.7399999999999998,56.50000000000001,43.49999999999999,226.00000000000003,54.82775351770985,243,113,2.0
1280,113,87,56.49999999999999,2.2600000000000002,1.7399999999999998,56.50000000000001,43.49999999999999,226.00000000000003,54.82775351770985,243,113,0.0
1281,113,87,56.49999999999999,2.2600000000000002,1.7399999999999998,56.50000000000001,43.49999999999999,226.00000000000003,54.82775351770985,243,113,0.0
1282,113,87,56.49999999999999,2.2600000000000002,1.7399999999999998,56.50000000000001,43.49999999999999,226.00000000000003,54.82775351770985,243,113,0.0
1283,114,86,56.99999999999999,2.2800000000000002,1.7199999999999998,57.00000000000001,42.99999999999999,228.00000000000003,55.31295487627366,244,114,2.0
1284,114,86,56.99999999999999,2.2800000000000002,1.7199999999999998,57.00000000000001,42.99999999999999,228.00000000000003,55.31295487627366,244,114,0.0
1285,114,86,56.99999999999999,2.2800000000000002,1.7199999999999998,57.00000000000001,42.99999999999999,228.00000000000003,55.31295487627366,244,114,0.0
1286,114,86,56.99999999999999,2.2800000000000002,1.7199999999999998,57.00000000000001,42.99999999999999,228.00000000000003,55.31295487627366,244,114,0.0
1287,114,86,56.99999999999999,2.2800000000000002,1.7199999999999998,57.00000000000001,42.99999999999999,228.00000000000003,55.31295487627366,244,114,0.0
1288,114,86,56.99999999999999,2.2800000000000002,1.7199999999999998,57.00000000000001,42.99999999999999,228.00000000000003,55.31295487627366,244,114,0.0
1289,114,86,56.99999999999999,2.2800000000000002,1.7199999999999998,57.00000000000001,42.99999999999999,228.00000000000003,55.31295487627366,244,114,0.0
1290,114,86,56.99999999999999,2.2800000000000002,1.7199999999999998,57.00000000000001,42.99999999999999,228.00000000000003,55.31295487627366,244,114,0.0
1291,114,86,56.99999999999999,2.2800000000000002,1.7199999999999998,57.00000000000001,42.99999999999999,228.00000000000003,55.31295487627366,244,114,0.0
1292,114,86,56.99999999999999,2.2800000000000002,1.7199999999999998,57.00000000000001,42.99999999999999,228.00000000000003,55.31295487627366,244,114,0.0
1293,114,86,56.99999999999999,2.2800000000000002,1.7199999999999998,57.00000000000001,42.99999999999999,228.00000000000003,55.31295487627366,244,114,0.0
1294,114,86,56.99999999999999,2.2800000000000002,1.7199999999999998,57.00000000000001,42.99999999999999,228.00000000000003,55.31295487627366,244,114,0.0
1295,114,86,56.99999999999999,2.2800000000000002,1.7199999999999998,57.00000000000001,42.99999999999999,228.00000000000003,55.31295487627366,244,114,0.0
1296,114,86,56.99999999999999,2.2800000000000002,1.7199999999999998,57.00000000000001,42.99999999999999,228.00000000000003,55.31295487627366,244,114,0.0
1297,114,86,56.99999999999999,2.2800000000000002,1.7199999999999998,57.00000000000001,42.99999999999999,228.00000000000003,55.31295487627366,245,114,0.0
1298,114,86,56.99999999999999,2.2800000000000002,1.7199999999999998,57.00000000000001,42.99999999999999,228.00000000000003,55.31295487627366,246,114,0.0
1299,114,86,56.99999999999999,2.2800000000000002,1.7199999999999998,57.00000000000001,42.99999999999999,228.00000000000003,55.31295487627366,246,114,0.0
1300,114,86,56.99999999999999,2.2800000000000002,1.7199999999999998,57.00000000000001,42.99999999999999,228.00000000000003,55.31295487627366,246,114,0.0
1301,114,86,56.99999999999999,2.2800000000000002,1.7199999999999998,57.00000000000001,42.99999999999999,228.00000000000003,55.31295487627366,246,114,0.0
1302,114,86,56.99999999999999,2.2800000000000002,1.7199999999999998,57.00000000000001,42.99999999999999,228.00000000000003,55.31295487627366,246,114,0.0
1303,114,86,56.99999999999999,2.2800000000000002,1.7199999999999998,57.00000000000001,42.99999999999999,228.00000000000003,55.31295487627366,246,114,0.0
1304,114,86,56.99999999999999,2.2800000000000002,1.7199999999999998,57.00000000000001,42.99999999999999,228.00000000000003,55.31295487627366,246,114,0.0
1305,114,86,56.99999999999999,2.2800000000000002,1.7199999999999998,57.00000000000001,42.99999999999999,228.00000000000003,55.31295487627366,246,114,0.0
1306,114,86,56.99999999999999,2.2800000000000002,1.7199999999999998,57.00000000000001,42.99999999999999,228.00000000000003,55.31295487627366,246,114,0.0
1307,114,86,56.99999999999999,2.2800000000000002,1.7199999999999998,57.00000000000001,42.99999999999999,228.00000000000003,55.31295487627366,247,114,0.0
1308,114,86,56.99999999999999,2.2800000000000002,1.7199999999999998,57.00000000000001,42.99999999999999,228.00000000000003,55.31295487627366,247,114,0.0
1309,114,86,56.99999999999999,2.2800000000000002,1.7199999999999998,57.00000000000001,42.99999999999999,228.00000000000003,55.31295487627366,247,114,0.0
1310,114,86,56.99999999999999,2.2800000000000002,1.7199999999999998,57.00000000000001,42.99999999999999,228.00000000000003,55.31295487627366,247,114,0.0
1311,114,86,56.99999999999999,2.2800000000000002,1.7199999999999998,57.00000000000001,42.99999999999999,228.00000000000003,55.31295487627366,248,114,0.0
1312,114,86,56.99999999999999,2.2800000000000002,1.7199999999999998,57.00000000000001,42.99999999999999,228.00000000000003,55.31295487627366,248,114,0.0
1313,114,86,56.99999999999999,2.2800000000000002,1.7199999999999998,57.00000000000001,42.99999999999999,228.00000000000003,55.31295487627366,248,114,0.0
1314,114,86,56.99999999999999,2.2800000000000002,1.7199999999999998,57.00000000000001,42.99999999999999,228.00000000000003,55.31295487627366,248,114,0.0
1315,114,86,56.99999999999999,2.2800000000000002,1.7199999999999998,57.00000000000001,42.99999999999999,228.00000000000003,55.31295487627366,249,114,0.0
1316,114,86,56.99999999999999,2.2800000000000002,1.7199999999999998,57.00000000000001,42.99999999999999,228.00000000000003,55.31295487627366,249,114,0.0
1317,114,86,56.99999999999999,2.2800000000000002,1.7199999999999998,57.00000000000001,42.99999999999999,228.00000000000003,55.31295487627366,249,114,0.0
1318,114,86,56.99999999999999,2.2800000000000002,1.7199999999999998,57.00000000000001,42.99999999999999,228.00000000000003,55.31295487627366,249,114,0.0
1319,114,86,56.99999999999999,2.2800000000000002,1.7199999999999998,57.00000000000001,42.99999999999999,228.00000000000003,55.31295487627366,249,114,0.0
1320,114,86,56.99999999999999,2.2800000000000002,1.7199999999999998,57.00000000000001,42.99999999999999,228.00000000000003,55.31295487627366,249,114,0.0
1321,115,85,57.49999999999999,2.3000000000000003,1.6999999999999997,57.50000000000001,42.49999999999999,230.00000000000003,55.79815623483747,250,115,2.0
1322,115,85,57.49999999999999,2.3000000000000003,1.6999999999999997,57.50000000000001,42.49999999999999,230.00000000000003,55.79815623483747,250,115,0.0
1323,115,85,57.49999999999999,2.3000000000000003,1.6999999999999997,57.50000000000001,42.49999999999999,230.00000000000003,55.79815623483747,250,115,0.0
1324,115,85,57.49999999999999,2.3000000000000003,1.6999999999999997,57.50000000000001,42.49999999999999,230.00000000000003,55.79815623483747,250,115,0.0
1325,115,85,57.49999999999999,2.3000000000000003,1.6999999999999997,57.50000000000001,42.49999999999999,230.00000000000003,55.79815623483747,250,115,0.0
1326,115,85,57.49999999999999,2.3000000000000003,1.6999999999999997,57.50000000000001,42.49999999999999,230.00000000000003,55.79815623483747,250,115,0.0
1327,115,85,57.49999999999999,2.3000000000000003,1.6999999999999997,57.50000000000001,42.49999999999999,230.00000000000003,55.79815623483747,250,115,0.0
1328,115,85,57.49999999999999,2.3000000000000003,1.6999999999999997,57.50000000000001,42.49999999999999,230.00000000000003,55.79815623483747,250,115,0.0
1329,115,85,57.49999999999999,2.3000000000000003,1.6999999999999997,57.50000000000001,42.49999999999999,230.00000000000003,55.79815623483747,250,115,0.0
1330,115,85,57.49999999999999,2.3000000000000003,1.6999999999999997,57.50000000000001,42.49999999999999,230.00000000000003,55.79815623483747,250,115,0.0
1331,115,85,57.49999999999999,2.3000000000000003,1.6999999999999997,57.50000000000001,42.49999999999999,230.00000000000003,55.79815623483747,251,115,0.0
1332,115,85,57.49999999999999,2.3000000000000003,1.6999999999999997,57.50000000000001,42.49999999999999,230.00000000000003,55.79815623483747,251,115,0.0
1333,115,85,57.49999999999999,2.3000000000000003,1.6999999999999997,57.50000000000001,42.49999999999999,230.00000000000003,55.79815623483747,251,115,0.0
1334,115,85,57.49999999999999,2.3000000000000003,1.6999999999999997,57.50000000000001,42.49999999999999,230.00000000000003,55.79815623483747,252,115,0.0
1335,115,85,57.49999999999999,2.3000000000000003,1.6999999999999997,57.50000000000001,42.49999999999999,230.00000000000003,55.79815623483747,252,115,0.0
1336,115,85,57.49999999999999,2.3000000000000003,1.6999999999999997,57.50000000000001,42.49999999999999,230.00000000000003,55.79815623483747,252,115,0.0
1337,116,84,57.99999999999999,2.32,1.6800000000000002,57.99999999999999,42.0,231.99999999999997,56.28335759340125,253,116,1.9999999999999432
1338,116,84,57.99999999999999,2.32,1.6800000000000002,57.99999999999999,42.0,231.99999999999997,56.28335759340125,253,116,0.0
1339,116,84,57.99999999999999,2.32,1.6800000000000002,57.99999999999999,42.0,231.99999999999997,56.28335759340125,253,116,0.0
1340,116,84,57.99999999999999,2.32,1.6800000000000002,57.99999999999999,42.0,231.99999999999997,56.28335759340125,253,116,0.0
1341,116,84,57.99999999999999,2.32,1.6800000000000002,57.99999999999999,42.0,231.99999999999997,56.28335759340125,253,116,0.0
1342,116,84,57.99999999999999,2.32,1.6800000000000002,57.99999999999999,42.0,231.99999999999997,56.28335759340125,253,116,0.0
1343,116,84,57.99999999999999,2.32,1.6800000000000002,57.99999999999999,42.0,231.99999999999997,56.28335759340125,253,116,0.0
1344,116,84,57.99999999999999,2.32,1.6800000000000002,57.99999999999999,42.0,231.99999999999997,56.28335759340125,253,116,0.0
1345,116,84,57.99999999999999,2.32,1.6800000000000002,57.99999999999999,42.0,231.99999999999997,56.28335759340125,253,116,0.0
1346,116,84,57.99999999999999,2.32,1.6800000000000002,57.99999999999999,42.0,231.99999999999997,56.28335759340125,253,116,0.0
1347,116,84,57.99999999999999,2.32,1.6800000000000002,57.99999999999999,42.0,231.99999999999997,56.28335759340125,253,116,0.0
1348,116,84,57.99999999999999,2.32,1.6800000000000002,57.99999999999999,42.0,231.99999999999997,56.28335759340125,253,116,0.0
1349,116,84,57.99999999999999,2.32,1.6800000000000002,57.99999999999999,42.0,231.99999999999997,56.28335759340125,253,116,0.0
1350,116,84,57.99999999999999,2.32,1.6800000000000002,57.99999999999999,42.0,231.99999999999997,56.28335759340125,253,116,0.0
1351,116,84,57.99999999999999,2.32,1.6800000000000002,57.99999999999999,42.0,231.99999999999997,56.28335759340125,253,116,0.0
1352,116,84,57.99999999999999,2.32,1.6800000000000002,57.99999999999999,42.0,231.99999999999997,56.28335759340125,253,116,0.0
1353,116,84,57.99999999999999,2.32,1.6800000000000002,57.99999999999999,42.0,231.99999999999997,56.28335759340125,253,116,0.0
1354,116,84,57.99999999999999,2.32,1.6800000000000002,57.99999999999999,42.0,231.99999999999997,56.28335759340125,253,116,0.0
1355,116,84,57.99999999999999,2.32,1.6800000000000002,57.99999999999999,42.0,231.99999999999997,56.28335759340125,253,116,0.0
1356,116,84,57.99999999999999,2.32,1.6800000000000002,57.99999999999999,42.0,231.99999999999997,56.28335759340125,253,116,0.0
1357,116,84,57.99999999999999,2.32,1.6800000000000002,57.99999999999999,42.0,231.99999999999997,56.28335759340125,253,116,0.0
1358,116,84,57.99999999999999,2.32,1.6800000000000002,57.99999999999999,42.0,231.99999999999997,56.28335759340125,253,116,0.0
1359,116,84,57.99999999999999,2.32,1.6800000000000002,57.99999999999999,42.0,231.99999999999997,56.28335759340125,253,116,0.0
1360,116,84,57.99999999999999,2.32,1.6800000000000002,57.99999999999999,42.0,231.99999999999997,56.28335759340125,253,116,0.0
1361,116,84,57.99999999999999,2.32,1.6800000000000002,57.99999999999999,42.0,231.99999999999997,56.28335759340125,253,116,0.0
1362,116,84,57.99999999999999,2.32,1.6800000000000002,57.99999999999999,42.0,231.99999999999997,56.28335759340125,253,116,0.0
1363,116,84,57.99999999999999,2.32,1.6800000000000002,57.99999999999999,42.0,231.99999999999997,56.28335759340125,253,116,0.0
1364,116,84,57.99999999999999,2.32,1.6800000000000002,57.99999999999999,42.0,231.99999999999997,56.28335759340125,253,116,0.0
1365,116,84,57.99999999999999,2.32,1.6800000000000002,57.99999999999999,42.0,231.99999999999997,56.28335759340125,253,116,0.0
1366,117,83,58.5,2.34,1.6600000000000001,58.49999999999999,41.5,233.99999999999997,56.76855895196506,254,117,2.0
1367,117,83,58.5,2.34,1.6600000000000001,58.49999999999999,41.5,233.99999999999997,56.76855895196506,254,117,0.0
1368,117,83,58.5,2.34,1.6600000000000001,58.49999999999999,41.5,233.99999999999997,56.76855895196506,254,117,0.0
1369,117,83,58.5,2.34,1.6600000000000001,58.49999999999999,41.5,233.99999999999997,56.76855895196506,254,117,0.0
1370,117,83,58.5,2.34,1.6600000000000001,58.49999999999999,41.5,233.99999999999997,56.76855895196506,254,117,0.0
1371,117,83,58.5,2.34,1.6600000000000001,58.49999999999999,41.5,233.99999999999997,56.76855895196506,254,117,0.0
1372,117,83,58.5,2.34,1.6600000000000001,58.49999999999999,41.5,233.99999999999997,56.76855895196506,254,117,0.0
1373,117,83,58.5,2.34,1.6600000000000001,58.49999999999999,41.5,233.99999999999997,56.76855895196506,254,117,0.0
1374,117,83,58.5,2.34,1.6600000000000001,58.49999999999999,41.5,233.99999999999997,56.76855895196506,254,117,0.0
1375,117,83,58.5,2.34,1.6600000000000001,58.49999999999999,41.5,233.99999999999997,56.76855895196506,255,117,0.0
1376,117,83,58.5,2.34,1.6600000000000001,58.49999999999999,41.5,233.99999999999997,56.76855895196506,256,117,0.0
1377,117,83,58.5,2.34,1.6600000000000001,58.49999999999999,41.5,233.99999999999997,56.76855895196506,256,117,0.0
1378,117,83,58.5,2.34,1.6600000000000001,58.49999999999999,41.5,233.99999999999997,56.76855895196506,256,117,0.0
1379,117,83,58.5,2.34,1.6600000000000001,58.49999999999999,41.5,233.99999999999997,56.76855895196506,256,117,0.0
1380,117,83,58.5,2.34,1.6600000000000001,58.49999999999999,41.5,233.99999999999997,56.76855895196506,256,117,0.0
1381,118,82,59.0,2.36,1.6400000000000001,58.99999999999999,41.0,235.99999999999997,57.25376031052887,258,118,2.0
1382,118,82,59.0,2.36,1.6400000000000001,58.99999999999999,41.0,235.99999999999997,57.25376031052887,258,118,0.0
1383,118,82,59.0,2.36,1.6400000000000001,58.99999999999999,41.0,235.99999999999997,57.25376031052887,258,118,0.0
1384,118,82,59.0,2.36,1.6400000000000001,58.99999999999999,41.0,235.99999999999997,57.25376031052887,258,118,0.0
1385,118,82,59.0,2.36,1.6400000000000001,58.99999999999999,41.0,235.99999999999997,57.25376031052887,258,118,0.0
1386,118,82,59.0,2.36,1.6400000000000001,58.99999999999999,41.0,235.99999999999997,57.25376031052887,259,118,0.0
1387,118,82,59.0,2.36,1.6400000000000001,58.99999999999999,41.0,235.99999999999997,57.25376031052887,259,118,0.0
1388,118,82,59.0,2.36,1.6400000000000001,58.99999999999999,41.0,235.99999999999997,57.25376031052887,259,118,0.0
1389,118,82,59.0,2.36,1.6400000000000001,58.99999999999999,41.0,235.99999999999997,57.25376031052887,259,118,0.0
1390,118,82,59.0,2.36,1.6400000000000001,58.99999999999999,41.0,235.99999999999997,57.25376031052887,259,118,0.0
1391,118,82,59.0,2.36,1.6400000000000001,58.99999999999999,41.0,235.99999999999997,57.25376031052887,259,118,0.0
1392,118,82,59.0,2.36,1.6400000000000001,58.99999999999999,41.0,235.99999999999997,57.25376031052887,259,118,0.0
1393,118,82,59.0,2.36,1.6400000000000001,58.99999999999999,41.0,235.99999999999997,57.25376031052887,260,118,0.0
1394,118,82,59.0,2.36,1.6400000000000001,58.99999999999999,41.0,235.99999999999997,57.25376031052887,261,118,0.0
1395,118,82,59.0,2.36,1.6400000000000001,58.99999999999999,41.0,235.99999999999997,57.25376031052887,261,118,0.0
1396,118,82,59.0,2.36,1.6400000000000001,58.99999999999999,41.0,235.99999999999997,57.25376031052887,261,118,0.0
1397,118,82,59.0,2.36,1.6400000000000001,58.99999999999999,41.0,235.99999999999997,57.25376031052887,261,118,0.0
1398,118,82,59.0,2.36,1.6400000000000001,58.99999999999999,41.0,235.99999999999997,57.25376031052887,261,118,0.0
1399,118,82,59.0,2.36,1.6400000000000001,58.99999999999999,41.0,235.99999999999997,57.25376031052887,261,118,0.0
1400,118,82,59.0,2.36,1.6400000000000001,58.99999999999999,41.0,235.99999999999997,57.25376031052887,261,118,0.0
1401,118,82,59.0,2.36,1.6400000000000001,58.99999999999999,41.0,235.99999999999997,57.25376031052887,261,118,0.0
1402,118,82,59.0,2.36,1.6400000000000001,58.99999999999999,41.0,235.99999999999997,57.25376031052887,261,118,0.0
1403,118,82,59.0,2.36,1.6400000000000001,58.99999999999999,41.0,235.99999999999997,57.25376031052887,261,118,0.0
1404,118,82,59.0,2.36,1.6400000000000001,58.99999999999999,41.0,235.99999999999997,57.25376031052887,261,118,0.0
1405,118,82,59.0,2.36,1.6400000000000001,58.99999999999999,41.0,235.99999999999997,57.25376031052887,261,118,0.0
1406,118,82,59.0,2.36,1.6400000000000001,58.99999999999999,41.0,235.99999999999997,57.25376031052887,261,118,0.0
1407,119,81,59.5,2.38,1.62,59.49999999999999,40.5,237.99999999999997,57.73896166909267,262,119,2.0
1408,119,81,59.5,2.38,1.62,59.49999999999999,40.5,237.99999999999997,57.73896166909267,262,119,0.0
1409,119,81,59.5,2.38,1.62,59.49999999999999,40.5,237.99999999999997,57.73896166909267,262,119,0.0
1410,119,81,59.5,2.38,1.62,59.49999999999999,40.5,237.99999999999997,57.73896166909267,262,119,0.0
1411,119,81,59.5,2.38,1.62,59.49999999999999,40.5,237.99999999999997,57.73896166909267,262,119,0.0
1412,119,81,59.5,2.38,1.62,59.49999999999999,40.5,237.99999999999997,57.73896166909267,262,119,0.0
1413,119,81,59.5,2.38,1.62,59.49999999999999,40.5,237.99999999999997,57.73896166909267,262,119,0.0
1414,119,81,59.5,2.38,1.62,59.49999999999999,40.5,237.99999999999997,57.73896166909267,262,119,0.0
1415,119,81,59.5,2.38,1.62,59.49999999999999,40.5,237.99999999999997,57.73896166909267,262,119,0.0
1416,119,81,59.5,2.38,1.62,59.49999999999999,40.5,237.99999999999997,57.73896166909267,262,119,0.0
1417,119,81,59.5,2.38,1.62,59.49999999999999,40.5,237.99999999999997,57.73896166909267,262,119,0.0
1418,119,81,59.5,2.38,1.62,59.49999999999999,40.5,237.99999999999997,57.73896166909267,262,119,0.0
1419,119,81,59.5,2.38,1.62,59.49999999999999,40.5,237.99999999999997,57.73896166909267,262,119,0.0
1420,119,81,59.5,2.38,1.62,59.49999999999999,40.5,237.99999999999997,57.73896166909267,262,119,0.0
1421,119,81,59.5,2.38,1.62,59.49999999999999,40.5,237.99999999999997,57.73896166909267,262,119,0.0
1422,119,81,59.5,2.38,1.62,59.49999999999999,40.5,237.99999999999997,57.73896166909267,262,119,0.0
1423,119,81,59.5,2.38,1.62,59.49999999999999,40.5,237.99999999999997,57.73896166909267,262,119,0.0
1424,119,81,59.5,2.38,1.62,59.49999999999999,40.5,237.99999999999997,57.73896166909267,262,119,0.0
1425,119,81,59.5,2.38,1.62,59.49999999999999,40.5,237.99999999999997,57.73896166909267,262,119,0.0
1426,119,81,59.5,2.38,1.62,59.49999999999999,40.5,237.99999999999997,57.73896166909267,262,119,0.0
1427,119,81,59.5,2.38,1.62,59.49999999999999,40.5,237.99999999999997,57.73896166909267,262,119,0.0
1428,119,81,59.5,2.38,1.62,59.49999999999999,40.5,237.99999999999997,57.73896166909267,262,119,0.0
1429,119,81,59.5,2.38,1.62,59.49999999999999,40.5,237.99999999999997,57.73896166909267,262,119,0.0
1430,119,81,59.5,2.38,1.62,59.49999999999999,40.5,237.99999999999997,57.73896166909267,262,119,0.0
1431,119,81,59.5,2.38,1.62,59.49999999999999,40.5,237.99999999999997,57.73896166909267,263,119,0.0
1432,119,81,59.5,2.38,1.62,59.49999999999999,40.5,237.99999999999997,57.73896166909267,264,119,0.0
1433,119,81,59.5,2.38,1.62,59.49999999999999,40.5,237.99999999999997,57.73896166909267,264,119,0.0
1434,119,81,59.5,2.38,1.62,59.49999999999999,40.5,237.99999999999997,57.73896166909267,265,119,0.0
1435,119,81,59.5,2.38,1.62,59.49999999999999,40.5,237.99999999999997,57.73896166909267,265,119,0.0
1436,119,81,59.5,2.38,1.62,59.49999999999999,40.5,237.99999999999997,57.73896166909267,265,119,0.0
1437,119,81,59.5,2.38,1.62,59.49999999999999,40.5,237.99999999999997,57.73896166909267,265,119,0.0
1438,119,81,59.5,2.38,1.62,59.49999999999999,40.5,237.99999999999997,57.73896166909267,265,119,0.0
1439,119,81,59.5,2.38,1.62,59.49999999999999,40.5,237.99999999999997,57.73896166909267,266,119,0.0
1440,119,81,59.5,2.38,1.62,59.49999999999999,40.5,237.99999999999997,57.73896166909267,266,119,0.0
1441,119,81,59.5,2.38,1.62,59.49999999999999,40.5,237.99999999999997,57.73896166909267,266,119,0.0
1442,119,81,59.5,2.38,1.62,59.49999999999999,40.5,237.99999999999997,57.73896166909267,266,119,0.0
1443,119,81,59.5,2.38,1.62,59.49999999999999,40.5,237.99999999999997,57.73896166909267,266,119,0.0
1444,119,81,59.5,2.38,1.62,59.49999999999999,40.5,237.99999999999997,57.73896166909267,266,119,0.0
1445,119,81,59.5,2.38,1.62,59.49999999999999,40.5,237.99999999999997,57.73896166909267,266,119,0.0
1446,119,81,59.5,2.38,1.62,59.49999999999999,40.5,237.99999999999997,57.73896166909267,266,119,0.0
1447,119,81,59.5,2.38,1.62,59.49999999999999,40.5,237.99999999999997,57.73896166909267,266,119,0.0
1448,119,81,59.5,2.38,1.62,59.49999999999999,40.5,237.99999999999997,57.73896166909267,266,119,0.0
1449,119,81,59.5,2.38,1.62,59.49999999999999,40.5,237.99999999999997,57.73896166909267,266,119,0.0
1450,119,81,59.5,2.38,1.62,59.49999999999999,40.5,237.99999999999997,57.73896166909267,266,119,0.0
1451,119,81,59.5,2.38,1.62,59.49999999999999,40.5,237.99999999999997,57.73896166909267,266,119,0.0
1452,119,81,59.5,2.38,1.62,59.49999999999999,40.5,237.99999999999997,57.73896166909267,266,119,0.0
1453,119,81,59.5,2.38,1.62,59.49999999999999,40.5,237.99999999999997,57.73896166909267,266,119,0.0
1454,119,81,59.5,2.38,1.62,59.49999999999999,40.5,237.99999999999997,57.73896166909267,266,119,0.0
1455,119,81,59.5,2.38,1.62,59.49999999999999,40.5,237.99999999999997,57.73896166909267,266,119,0.0
1456,119,81,59.5,2.38,1.62,59.49999999999999,40.5,237.99999999999997,57.73896166909267,266,119,0.0
1457,119,81,59.5,2.38,1.62,59.49999999999999,40.5,237.99999999999997,57.73896166909267,266,119,0.0
1458,119,81,59.5,2.38,1.62,59.49999999999999,40.5,237.99999999999997,57.73896166909267,266,119,0.0
1459,119,81,59.5,2.38,1.62,59.49999999999999,40.5,237.99999999999997,57.73896166909267,266,119,0.0
1460,119,81,59.5,2.38,1.62,59.49999999999999,40.5,237.99999999999997,57.73896166909267,266,119,0.0
1461,119,81,59.5,2.38,1.62,59.49999999999999,40.5,237.99999999999997,57.73896166909267,266,119,0.0
1462,119,81,59.5,2.38,1.62,59.49999999999999,40.5,237.99999999999997,57.73896166909267,266,119,0.0
1463,119,81,59.5,2.38,1.62,59.49999999999999,40.5,237.99999999999997,57.73896166909267,266,119,0.0
1464,119,81,59.5,2.38,1.62,59.49999999999999,40.5,237.99999999999997,57.73896166909267,266,119,0.0
1465,119,81,59.5,2.38,1.62,59.49999999999999,40.5,237.99999999999997,57.73896166909267,266,119,0.0
1466,119,81,59.5,2.38,1.62,59.49999999999999,40.5,237.99999999999997,57.73896166909267,266,119,0.0
1467,119,81,59.5,2.38,1.62,59.49999999999999,40.5,237.99999999999997,57.73896166909267,266,119,0.0
1468,119,81,59.5,2.38,1.62,59.49999999999999,40.5,237.99999999999997,57.73896166909267,266,119,0.0
1469,119,81,59.5,2.38,1.62,59.49999999999999,40.5,237.99999999999997,57.73896166909267,266,119,0.0
1470,119,81,59.5,2.38,1.62,59.49999999999999,40.5,237.99999999999997,57.73896166909267,266,119,0.0
1471,119,81,59.5,2.38,1.62,59.49999999999999,40.5,237.99999999999997,57.73896166909267,266,119,0.0
1472,119,81,59.5,2.38,1.62,59.49999999999999,40.5,237.99999999999997,57.73896166909267,266,119,0.0
1473,119,81,59.5,2.38,1.62,59.49999999999999,40.5,237.99999999999997,57.73896166909267,266,119,0.0
1474,119,81,59.5,2.38,1.62,59.49999999999999,40.5,237.99999999999997,57.73896166909267,266,119,0.0
1475,119,81,59.5,2.38,1.62,59.49999999999999,40.5,237.99999999999997,57.73896166909267,266,119,0.0
1476,119,81,59.5,2.38,1.62,59.49999999999999,40.5,237.99999999999997,57.73896166909267,266,119,0.0
1477,119,81,59.5,2.38,1.62,59.49999999999999,40.5,237.99999999999997,57.73896166909267,266,119,0.0
1478,119,81,59.5,2.38,1.62,59.49999999999999,40.5,237.99999999999997,57.73896166909267,266,119,0.0
1479,119,81,59.5,2.38,1.62,59.49999999999999,40.5,237.99999999999997,57.73896166909267,266,119,0.0
1480,119,81,59.5,2.38,1.62,59.49999999999999,40.5,237.99999999999997,57.73896166909267,266,119,0.0
1481,119,81,59.5,2.38,1.62,59.49999999999999,40.5,237.99999999999997,57.73896166909267,266,119,0.0
1482,119,81,59.5,2.38,1.62,59.49999999999999,40.5,237.99999999999997,57.73896166909267,266,119,0.0
1483,119,81,59.5,2.38,1.62,59.49999999999999,40.5,237.99999999999997,57.73896166909267,266,119,0.0
1484,119,81,59.5,2.38,1.62,59.49999999999999,40.5,237.99999999999997,57.73896166909267,266,119,0.0
1485,119,81,59.5,2.38,1.62,59.49999999999999,40.5,237.99999999999997,57.73896166909267,266,119,0.0
1486,119,81,59.5,2.38,1.62,59.49999999999999,40.5,237.99999999999997,57.73896166909267,266,119,0.0
1487,119,81,59.5,2.38,1.62,59.49999999999999,40.5,237.99999999999997,57.73896166909267,266,119,0.0
1488,119,81,59.5,2.38,1.62,59.49999999999999,40.5,237.99999999999997,57.73896166909267,266,119,0.0
1489,119,81,59.5,2.38,1.62,59.49999999999999,40.5,237.99999999999997,57.73896166909267,266,119,0.0
1490,119,81,59.5,2.38,1.62,59.49999999999999,40.5,237.99999999999997,57.73896166909267,266,119,0.0
1491,119,81,59.5,2.38,1.62,59.49999999999999,40.5,237.99999999999997,57.73896166909267,266,119,0.0
1492,119,81,59.5,2.38,1.62,59.49999999999999,40.5,237.99999999999997,57.73896166909267,266,119,0.0
1493,119,81,59.5,2.38,1.62,59.49999999999999,40.5,237.99999999999997,57.73896166909267,266,119,0.0
1494,119,81,59.5,2.38,1.62,59.49999999999999,40.5,237.99999999999997,57.73896166909267,266,119,0.0
1495,119,81,59.5,2.38,1.62,59.49999999999999,40.5,237.99999999999997,57.73896166909267,266,119,0.0
1496,119,81,59.5,2.38,1.62,59.49999999999999,40.5,237.99999999999997,57.73896166909267,266,119,0.0
1497,119,81,59.5,2.38,1.62,59.49999999999999,40.5,237.99999999999997,57.73896166909267,266,119,0.0
1498,119,81,59.5,2.38,1.62,59.49999999999999,40.5,237.99999999999997,57.73896166909267,266,119,0.0
1499,119,81,59.5,2.38,1.62,59.49999999999999,40.5,237.99999999999997,57.73896166909267,266,119,0.0
1500,119,81,59.5,2.38,1.62,59.49999999999999,40.5,237.99999999999997,57.73896166909267,266,119,0.0
1501,119,81,59.5,2.38,1.62,59.49999999999999,40.5,237.99999999999997,57.73896166909267,266,119,0.0
1502,119,81,59.5,2.38,1.62,59.49999999999999,40.5,237.99999999999997,57.73896166909267,266,119,0.0
1503,119,81,59.5,2.38,1.62,59.49999999999999,40.5,237.99999999999997,57.73896166909267,266,119,0.0
1504,119,81,59.5,2.38,1.62,59.49999999999999,40.5,237.99999999999997,57.73896166909267,266,119,0.0
1505,119,81,59.5,2.38,1.62,59.49999999999999,40.5,237.99999999999997,57.73896166909267,266,119,0.0
1506,119,81,59.5,2.38,1.62,59.49999999999999,40.5,237.99999999999997,57.73896166909267,266,119,0.0
1507,119,81,59.5,2.38,1.62,59.49999999999999,40.5,237.99999999999997,57.73896166909267,266,119,0.0
1508,119,81,59.5,2.38,1.62,59.49999999999999,40.5,237.99999999999997,57.73896166909267,266,119,0.0
1509,119,81,59.5,2.38,1.62,59.49999999999999,40.5,237.99999999999997,57.73896166909267,266,119,0.0
1510,119,81,59.5,2.38,1.62,59.49999999999999,40.5,237.99999999999997,57.73896166909267,266,119,0.0
1511,119,81,59.5,2.38,1.62,59.49999999999999,40.5,237.99999999999997,57.73896166909267,266,119,0.0
1512,119,81,59.5,2.38,1.62,59.49999999999999,40.5,237.99999999999997,57.73896166909267,266,119,0.0
1513,119,81,59.5,2.38,1.62,59.49999999999999,40.5,237.99999999999997,57.73896166909267,266,119,0.0
1514,119,81,59.5,2.38,1.62,59.49999999999999,40.5,237.99999999999997,57.73896166909267,266,119,0.0
1515,119,81,59.5,2.38,1.62,59.49999999999999,40.5,237.99999999999997,57.73896166909267,266,119,0.0
1516,119,81,59.5,2.38,1.62,59.49999999999999,40.5,237.99999999999997,57.73896166909267,266,119,0.0
1517,119,81,59.5,2.38,1.62,59.49999999999999,40.5,237.99999999999997,57.73896166909267,266,119,0.0
1518,119,81,59.5,2.38,1.62,59.49999999999999,40.5,237.99999999999997,57.73896166909267,266,119,0.0
1519,119,81,59.5,2.38,1.62,59.49999999999999,40.5,237.99999999999997,57.73896166909267,266,119,0.0
1520,119,81,59.5,2.38,1.62,59.49999999999999,40.5,237.99999999999997,57.73896166909267,266,119,0.0
1521,120,80,60.0,2.4,1.6,60.0,40.0,240.0,58.22416302765648,267,120,2.0000000000000284
1522,120,80,60.0,2.4,1.6,60.0,40.0,240.0,58.22416302765648,267,120,0.0
1523,120,80,60.0,2.4,1.6,60.0,40.0,240.0,58.22416302765648,267,120,0.0
1524,120,80,60.0,2.4,1.6,60.0,40.0,240.0,58.22416302765648,267,120,0.0
1525,120,80,60.0,2.4,1.6,60.0,40.0,240.0,58.22416302765648,267,120,0.0
1526,120,80,60.0,2.4,1.6,60.0,40.0,240.0,58.22416302765648,267,120,0.0
1527,120,80,60.0,2.4,1.6,60.0,40.0,240.0,58.22416302765648,267,120,0.0
1528,120,80,60.0,2.4,1.6,60.0,40.0,240.0,58.22416302765648,267,120,0.0
1529,120,80,60.0,2.4,1.6,60.0,40.0,240.0,58.22416302765648,267,120,0.0
1530,120,80,60.0,2.4,1.6,60.0,40.0,240.0,58.22416302765648,267,120,0.0
1531,120,80,60.0,2.4,1.6,60.0,40.0,240.0,58.22416302765648,267,120,0.0
1532,120,80,60.0,2.4,1.6,60.0,40.0,240.0,58.22416302765648,267,120,0.0
1533,120,80,60.0,2.4,1.6,60.0,40.0,240.0,58.22416302765648,267,120,0.0
1534,120,80,60.0,2.4,1.6,60.0,40.0,240.0,58.22416302765648,267,120,0.0
1535,120,80,60.0,2.4,1.6,60.0,40.0,240.0,58.22416302765648,267,120,0.0
1536,120,80,60.0,2.4,1.6,60.0,40.0,240.0,58.22416302765648,267,120,0.0
1537,120,80,60.0,2.4,1.6,60.0,40.0,240.0,58.22416302765648,267,120,0.0
1538,120,80,60.0,2.4,1.6,60.0,40.0,240.0,58.22416302765648,267,120,0.0
1539,120,80,60.0,2.4,1.6,60.0,40.0,240.0,58.22416302765648,267,120,0.0
1540,120,80,60.0,2.4,1.6,60.0,40.0,240.0,58.22416302765648,267,120,0.0
1541,120,80,60.0,2.4,1.6,60.0,40.0,240.0,58.22416302765648,267,120,0.0
1542,120,80,60.0,2.4,1.6,60.0,40.0,240.0,58.22416302765648,267,120,0.0
1543,120,80,60.0,2.4,1.6,60.0,40.0,240.0,58.22416302765648,267,120,0.0
1544,120,80,60.0,2.4,1.6,60.0,40.0,240.0,58.22416302765648,268,120,0.0
1545,120,80,60.0,2.4,1.6,60.0,40.0,240.0,58.22416302765648,269,120,0.0
1546,120,80,60.0,2.4,1.6,60.0,40.0,240.0,58.22416302765648,269,120,0.0
1547,120,80,60.0,2.4,1.6,60.0,40.0,240.0,58.22416302765648,269,120,0.0
1548,120,80,60.0,2.4,1.6,60.0,40.0,240.0,58.22416302765648,269,120,0.0
1549,120,80,60.0,2.4,1.6,60.0,40.0,240.0,58.22416302765648,270,120,0.0
1550,120,80,60.0,2.4,1.6,60.0,40.0,240.0,58.22416302765648,271,120,0.0
1551,120,80,60.0,2.4,1.6,60.0,40.0,240.0,58.22416302765648,271,120,0.0
1552,120,80,60.0,2.4,1.6,60.0,40.0,240.0,58.22416302765648,271,120,0.0
1553,120,80,60.0,2.4,1.6,60.0,40.0,240.0,58.22416302765648,271,120,0.0
1554,120,80,60.0,2.4,1.6,60.0,40.0,240.0,58.22416302765648,271,120,0.0
1555,120,80,60.0,2.4,1.6,60.0,40.0,240.0,58.22416302765648,271,120,0.0
1556,120,80,60.0,2.4,1.6,60.0,40.0,240.0,58.22416302765648,271,120,0.0
1557,120,80,60.0,2.4,1.6,60.0,40.0,240.0,58.22416302765648,271,120,0.0
1558,120,80,60.0,2.4,1.6,60.0,40.0,240.0,58.22416302765648,271,120,0.0
1559,120,80,60.0,2.4,1.6,60.0,40.0,240.0,58.22416302765648,271,120,0.0
1560,120,80,60.0,2.4,1.6,60.0,40.0,240.0,58.22416302765648,271,120,0.0
1561,120,80,60.0,2.4,1.6,60.0,40.0,240.0,58.22416302765648,271,120,0.0
1562,120,80,60.0,2.4,1.6,60.0,40.0,240.0,58.22416302765648,271,120,0.0
1563,120,80,60.0,2.4,1.6,60.0,40.0,240.0,58.22416302765648,271,120,0.0
1564,120,80,60.0,2.4,1.6,60.0,40.0,240.0,58.22416302765648,271,120,0.0
1565,120,80,60.0,2.4,1.6,60.0,40.0,240.0,58.22416302765648,271,120,0.0
1566,120,80,60.0,2.4,1.6,60.0,40.0,240.0,58.22416302765648,271,120,0.0
1567,120,80,60.0,2.4,1.6,60.0,40.0,240.0,58.22416302765648,271,120,0.0
1568,120,80,60.0,2.4,1.6,60.0,40.0,240.0,58.22416302765648,271,120,0.0
1569,120,80,60.0,2.4,1.6,60.0,40.0,240.0,58.22416302765648,271,120,0.0
1570,120,80,60.0,2.4,1.6,60.0,40.0,240.0,58.22416302765648,271,120,0.0
1571,120,80,60.0,2.4,1.6,60.0,40.0,240.0,58.22416302765648,271,120,0.0
1572,120,80,60.0,2.4,1.6,60.0,40.0,240.0,58.22416302765648,271,120,0.0
1573,120,80,60.0,2.4,1.6,60.0,40.0,240.0,58.22416302765648,271,120,0.0
1574,120,80,60.0,2.4,1.6,60.0,40.0,240.0,58.22416302765648,271,120,0.0
1575,120,80,60.0,2.4,1.6,60.0,40.0,240.0,58.22416302765648,271,120,0.0
1576,120,80,60.0,2.4,1.6,60.0,40.0,240.0,58.22416302765648,271,120,0.0
1577,120,80,60.0,2.4,1.6,60.0,40.0,240.0,58.22416302765648,271,120,0.0
1578,120,80,60.0,2.4,1.6,60.0,40.0,240.0,58.22416302765648,271,120,0.0
1579,120,80,60.0,2.4,1.6,60.0,40.0,240.0,58.22416302765648,271,120,0.0
1580,120,80,60.0,2.4,1.6,60.0,40.0,240.0,58.22416302765648,271,120,0.0
1581,120,80,60.0,2.4,1.6,60.0,40.0,240.0,58.22416302765648,271,120,0.0
1582,120,80,60.0,2.4,1.6,60.0,40.0,240.0,58.22416302765648,271,120,0.0
1583,120,80,60.0,2.4,1.6,60.0,40.0,240.0,58.22416302765648,271,120,0.0
1584,120,80,60.0,2.4,1.6,60.0,40.0,240.0,58.22416302765648,271,120,0.0
1585,120,80,60.0,2.4,1.6,60.0,40.0,240.0,58.22416302765648,272,120,0.0
1586,120,80,60.0,2.4,1.6,60.0,40.0,240.0,58.22416302765648,272,120,0.0
1587,120,80,60.0,2.4,1.6,60.0,40.0,240.0,58.22416302765648,272,120,0.0
1588,120,80,60.0,2.4,1.6,60.0,40.0,240.0,58.22416302765648,272,120,0.0
1589,120,80,60.0,2.4,1.6,60.0,40.0,240.0,58.22416302765648,272,120,0.0
1590,120,80,60.0,2.4,1.6,60.0,40.0,240.0,58.22416302765648,272,120,0.0
1591,120,80,60.0,2.4,1.6,60.0,40.0,240.0,58.22416302765648,272,120,0.0
1592,120,80,60.0,2.4,1.6,60.0,40.0,240.0,58.22416302765648,272,120,0.0
1593,120,80,60.0,2.4,1.6,60.0,40.0,240.0,58.22416302765648,272,120,0.0
1594,120,80,60.0,2.4,1.6,60.0,40.0,240.0,58.22416302765648,272,120,0.0
1595,120,80,60.0,2.4,1.6,60.0,40.0,240.0,58.22416302765648,273,120,0.0
1596,120,80,60.0,2.4,1.6,60.0,40.0,240.0,58.22416302765648,274,120,0.0
1597,120,80,60.0,2.4,1.6,60.0,40.0,240.0,58.22416302765648,275,120,0.0
1598,120,80,60.0,2.4,1.6,60.0,40.0,240.0,58.22416302765648,275,120,0.0
1599,120,80,60.0,2.4,1.6,60.0,40.0,240.0,58.22416302765648,275,120,0.0
1600,121,79,60.5,2.42,1.58,60.5,39.5,242.0,58.70936438622029,276,121,2.0
1601,121,79,60.5,2.42,1.58,60.5,39.5,242.0,58.70936438622029,276,121,0.0
1602,121,79,60.5,2.42,1.58,60.5,39.5,242.0,58.70936438622029,276,121,0.0
1603,121,79,60.5,2.42,1.58,60.5,39.5,242.0,58.70936438622029,276,121,0.0
1604,121,79,60.5,2.42,1.58,60.5,39.5,242.0,58.70936438622029,276,121,0.0
1605,121,79,60.5,2.42,1.58,60.5,39.5,242.0,58.70936438622029,276,121,0.0
1606,121,79,60.5,2.42,1.58,60.5,39.5,242.0,58.70936438622029,276,121,0.0
1607,121,79,60.5,2.42,1.58,60.5,39.5,242.0,58.70936438622029,276,121,0.0
1608,121,79,60.5,2.42,1.58,60.5,39.5,242.0,58.70936438622029,276,121,0.0
1609,121,79,60.5,2.42,1.58,60.5,39.5,242.0,58.70936438622029,276,121,0.0
1610,121,79,60.5,2.42,1.58,60.5,39.5,242.0,58.70936438622029,276,121,0.0
1611,121,79,60.5,2.42,1.58,60.5,39.5,242.0,58.70936438622029,276,121,0.0
1612,121,79,60.5,2.42,1.58,60.5,39.5,242.0,58.70936438622029,276,121,0.0
1613,121,79,60.5,2.42,1.58,60.5,39.5,242.0,58.70936438622029,276,121,0.0
1614,121,79,60.5,2.42,1.58,60.5,39.5,242.0,58.70936438622029,276,121,0.0
1615,121,79,60.5,2.42,1.58,60.5,39.5,242.0,58.70936438622029,276,121,0.0
1616,121,79,60.5,2.42,1.58,60.5,39.5,242.0,58.70936438622029,276,121,0.0
1617,121,79,60.5,2.42,1.58,60.5,39.5,242.0,58.70936438622029,276,121,0.0
1618,121,79,60.5,2.42,1.58,60.5,39.5,242.0,58.70936438622029,276,121,0.0
1619,121,79,60.5,2.42,1.58,60.5,39.5,242.0,58.70936438622029,276,121,0.0
1620,121,79,60.5,2.42,1.58,60.5,39.5,242.0,58.70936438622029,276,121,0.0
1621,121,79,60.5,2.42,1.58,60.5,39.5,242.0,58.70936438622029,276,121,0.0
1622,121,79,60.5,2.42,1.58,60.5,39.5,242.0,58.70936438622029,276,121,0.0
1623,121,79,60.5,2.42,1.58,60.5,39.5,242.0,58.70936438622029,276,121,0.0
1624,121,79,60.5,2.42,1.58,60.5,39.5,242.0,58.70936438622029,276,121,0.0
1625,121,79,60.5,2.42,1.58,60.5,39.5,242.0,58.70936438622029,276,121,0.0
1626,121,79,60.5,2.42,1.58,60.5,39.5,242.0,58.70936438622029,276,121,0.0
1627,121,79,60.5,2.42,1.58,60.5,39.5,242.0,58.70936438622029,276,121,0.0
1628,121,79,60.5,2.42,1.58,60.5,39.5,242.0,58.70936438622029,276,121,0.0
1629,121,79,60.5,2.42,1.58,60.5,39.5,242.0,58.70936438622029,276,121,0.0
1630,121,79,60.5,2.42,1.58,60.5,39.5,242.0,58.70936438622029,276,121,0.0
1631,121,79,60.5,2.42,1.58,60.5,39.5,242.0,58.70936438622029,276,121,0.0
1632,121,79,60.5,2.42,1.58,60.5,39.5,242.0,58.70936438622029,276,121,0.0
1633,121,79,60.5,2.42,1.58,60.5,39.5,242.0,58.70936438622029,276,121,0.0
1634,121,79,60.5,2.42,1.58,60.5,39.5,242.0,58.70936438622029,276,121,0.0
1635,121,79,60.5,2.42,1.58,60.5,39.5,242.0,58.70936438622029,277,121,0.0
1636,121,79,60.5,2.42,1.58,60.5,39.5,242.0,58.70936438622029,277,121,0.0
1637,121,79,60.5,2.42,1.58,60.5,39.5,242.0,58.70936438622029,277,121,0.0
1638,121,79,60.5,2.42,1.58,60.5,39.5,242.0,58.70936438622029,277,121,0.0
1639,121,79,60.5,2.42,1.58,60.5,39.5,242.0,58.70936438622029,277,121,0.0
1640,121,79,60.5,2.42,1.58,60.5,39.5,242.0,58.70936438622029,277,121,0.0
1641,121,79,60.5,2.42,1.58,60.5,39.5,242.0,58.70936438622029,277,121,0.0
1642,121,79,60.5,2.42,1.58,60.5,39.5,242.0,58.70936438622029,277,121,0.0
1643,121,79,60.5,2.42,1.58,60.5,39.5,242.0,58.70936438622029,277,121,0.0
1644,121,79,60.5,2.42,1.58,60.5,39.5,242.0,58.70936438622029,277,121,0.0
1645,121,79,60.5,2.42,1.58,60.5,39.5,242.0,58.70936438622029,277,121,0.0
1646,121,79,60.5,2.42,1.58,60.5,39.5,242.0,58.70936438622029,277,121,0.0
1647,121,79,60.5,2.42,1.58,60.5,39.5,242.0,58.70936438622029,277,121,0.0
1648,121,79,60.5,2.42,1.58,60.5,39.5,242.0,58.70936438622029,277,121,0.0
1649,121,79,60.5,2.42,1.58,60.5,39.5,242.0,58.70936438622029,277,121,0.0
1650,121,79,60.5,2.42,1.58,60.5,39.5,242.0,58.70936438622029,277,121,0.0
1651,121,79,60.5,2.42,1.58,60.5,39.5,242.0,58.70936438622029,277,121,0.0
1652,121,79,60.5,2.42,1.58,60.5,39.5,242.0,58.70936438622029,277,121,0.0
1653,121,79,60.5,2.42,1.58,60.5,39.5,242.0,58.70936438622029,277,121,0.0
1654,121,79,60.5,2.42,1.58,60.5,39.5,242.0,58.70936438622029,277,121,0.0
1655,121,79,60.5,2.42,1.58,60.5,39.5,242.0,58.70936438622029,277,121,0.0
1656,121,79,60.5,2.42,1.58,60.5,39.5,242.0,58.70936438622029,277,121,0.0
1657,121,79,60.5,2.42,1.58,60.5,39.5,242.0,58.70936438622029,277,121,0.0
1658,121,79,60.5,2.42,1.58,60.5,39.5,242.0,58.70936438622029,277,121,0.0
1659,121,79,60.5,2.42,1.58,60.5,39.5,242.0,58.70936438622029,277,121,0.0
1660,121,79,60.5,2.42,1.58,60.5,39.5,242.0,58.70936438622029,277,121,0.0
1661,121,79,60.5,2.42,1.58,60.5,39.5,242.0,58.70936438622029,277,121,0.0
1662,121,79,60.5,2.42,1.58,60.5,39.5,242.0,58.70936438622029,277,121,0.0
1663,121,79,60.5,2.42,1.58,60.5,39.5,242.0,58.70936438622029,277,121,0.0
1664,121,79,60.5,2.42,1.58,60.5,39.5,242.0,58.70936438622029,277,121,0.0
1665,121,79,60.5,2.42,1.58,60.5,39.5,242.0,58.70936438622029,277,121,0.0
1666,121,79,60.5,2.42,1.58,60.5,39.5,242.0,58.70936438622029,277,121,0.0
1667,121,79,60.5,2.42,1.58,60.5,39.5,242.0,58.70936438622029,277,121,0.0
1668,121,79,60.5,2.42,1.58,60.5,39.5,242.0,58.70936438622029,277,121,0.0
1669,121,79,60.5,2.42,1.58,60.5,39.5,242.0,58.70936438622029,277,121,0.0
1670,121,79,60.5,2.42,1.58,60.5,39.5,242.0,58.70936438622029,277,121,0.0
1671,121,79,60.5,2.42,1.58,60.5,39.5,242.0,58.70936438622029,277,121,0.0
1672,121,79,60.5,2.42,1.58,60.5,39.5,242.0,58.70936438622029,277,121,0.0
1673,121,79,60.5,2.42,1.58,60.5,39.5,242.0,58.70936438622029,277,121,0.0
1674,121,79,60.5,2.42,1.58,60.5,39.5,242.0,58.70936438622029,277,121,0.0
1675,121,79,60.5,2.42,1.58,60.5,39.5,242.0,58.70936438622029,277,121,0.0
1676,121,79,60.5,2.42,1.58,60.5,39.5,242.0,58.70936438622029,277,121,0.0
1677,121,79,60.5,2.42,1.58,60.5,39.5,242.0,58.70936438622029,277,121,0.0
1678,121,79,60.5,2.42,1.58,60.5,39.5,242.0,58.70936438622029,277,121,0.0
1679,121,79,60.5,2.42,1.58,60.5,39.5,242.0,58.70936438622029,277,121,0.0
1680,121,79,60.5,2.42,1.58,60.5,39.5,242.0,58.70936438622029,277,121,0.0
1681,121,79,60.5,2.42,1.58,60.5,39.5,242.0,58.70936438622029,277,121,0.0
1682,121,79,60.5,2.42,1.58,60.5,39.5,242.0,58.70936438622029,277,121,0.0
1683,121,79,60.5,2.42,1.58,60.5,39.5,242.0,58.70936438622029,277,121,0.0
1684,121,79,60.5,2.42,1.58,60.5,39.5,242.0,58.70936438622029,277,121,0.0
1685,121,79,60.5,2.42,1.58,60.5,39.5,242.0,58.70936438622029,277,121,0.0
1686,122,78,61.0,2.44,1.56,61.0,39.0,244.0,59.194565744784086,278,122,2.0
1687,122,78,61.0,2.44,1.56,61.0,39.0,244.0,59.194565744784086,278,122,0.0
1688,122,78,61.0,2.44,1.56,61.0,39.0,244.0,59.194565744784086,278,122,0.0
1689,122,78,61.0,2.44,1.56,61.0,39.0,244.0,59.194565744784086,279,122,0.0
1690,122,78,61.0,2.44,1.56,61.0,39.0,244.0,59.194565744784086,279,122,0.0
1691,122,78,61.0,2.44,1.56,61.0,39.0,244.0,59.194565744784086,280,122,0.0
1692,122,78,61.0,2.44,1.56,61.0,39.0,244.0,59.194565744784086,281,122,0.0
1693,122,78,61.0,2.44,1.56,61.0,39.0,244.0,59.194565744784086,281,122,0.0
1694,122,78,61.0,2.44,1.56,61.0,39.0,244.0,59.194565744784086,281,122,0.0
1695,122,78,61.0,2.44,1.56,61.0,39.0,244.0,59.194565744784086,281,122,0.0
1696,122,78,61.0,2.44,1.56,61.0,39.0,244.0,59.194565744784086,281,122,0.0
1697,122,78,61.0,2.44,1.56,61.0,39.0,244.0,59.194565744784086,281,122,0.0
1698,122,78,61.0,2.44,1.56,61.0,39.0,244.0,59.194565744784086,281,122,0.0
1699,122,78,61.0,2.44,1.56,61.0,39.0,244.0,59.194565744784086,281,122,0.0
1700,122,78,61.0,2.44,1.56,61.0,39.0,244.0,59.194565744784086,281,122,0.0
1701,122,78,61.0,2.44,1.56,61.0,39.0,244.0,59.194565744784086,282,122,0.0
1702,122,78,61.0,2.44,1.56,61.0,39.0,244.0,59.194565744784086,282,122,0.0
1703,122,78,61.0,2.44,1.56,61.0,39.0,244.0,59.194565744784086,282,122,0.0
1704,122,78,61.0,2.44,1.56,61.0,39.0,244.0,59.194565744784086,282,122,0.0
1705,122,78,61.0,2.44,1.56,61.0,39.0,244.0,59.194565744784086,282,122,0.0
1706,122,78,61.0,2.44,1.56,61.0,39.0,244.0,59.194565744784086,282,122,0.0
1707,122,78,61.0,2.44,1.56,61.0,39.0,244.0,59.194565744784086,282,122,0.0
1708,122,78,61.0,2.44,1.56,61.0,39.0,244.0,59.194565744784086,282,122,0.0
1709,122,78,61.0,2.44,1.56,61.0,39.0,244.0,59.194565744784086,282,122,0.0
1710,122,78,61.0,2.44,1.56,61.0,39.0,244.0,59.194565744784086,282,122,0.0
1711,122,78,61.0,2.44,1.56,61.0,39.0,244.0,59.194565744784086,283,122,0.0
1712,122,78,61.0,2.44,1.56,61.0,39.0,244.0,59.194565744784086,283,122,0.0
1713,122,78,61.0,2.44,1.56,61.0,39.0,244.0,59.194565744784086,283,122,0.0
1714,122,78,61.0,2.44,1.56,61.0,39.0,244.0,59.194565744784086,283,122,0.0
1715,122,78,61.0,2.44,1.56,61.0,39.0,244.0,59.194565744784086,283,122,0.0
1716,122,78,61.0,2.44,1.56,61.0,39.0,244.0,59.194565744784086,283,122,0.0
1717,122,78,61.0,2.44,1.56,61.0,39.0,244.0,59.194565744784086,283,122,0.0
1718,122,78,61.0,2.44,1.56,61.0,39.0,244.0,59.194565744784086,283,122,0.0
1719,122,78,61.0,2.44,1.56,61.0,39.0,244.0,59.194565744784086,283,122,0.0
1720,122,78,61.0,2.44,1.56,61.0,39.0,244.0,59.194565744784086,283,122,0.0
1721,122,78,61.0,2.44,1.56,61.0,39.0,244.0,59.194565744784086,283,122,0.0
1722,122,78,61.0,2.44,1.56,61.0,39.0,244.0,59.194565744784086,283,122,0.0
1723,122,78,61.0,2.44,1.56,61.0,39.0,244.0,59.194565744784086,283,122,0.0
1724,122,78,61.0,2.44,1.56,61.0,39.0,244.0,59.194565744784086,283,122,0.0
1725,122,78,61.0,2.44,1.56,61.0,39.0,244.0,59.194565744784086,283,122,0.0
1726,122,78,61.0,2.44,1.56,61.0,39.0,244.0,59.194565744784086,283,122,0.0
1727,122,78,61.0,2.44,1.56,61.0,39.0,244.0,59.194565744784086,283,122,0.0
1728,122,78,61.0,2.44,1.56,61.0,39.0,244.0,59.194565744784086,283,122,0.0
1729,122,78,61.0,2.44,1.56,61.0,39.0,244.0,59.194565744784086,283,122,0.0
1730,122,78,61.0,2.44,1.56,61.0,39.0,244.0,59.194565744784086,283,122,0.0
1731,122,78,61.0,2.44,1.56,61.0,39.0,244.0,59.194565744784086,283,122,0.0
1732,122,78,61.0,2.44,1.56,61.0,39.0,244.0,59.194565744784086,283,122,0.0
1733,122,78,61.0,2.44,1.56,61.0,39.0,244.0,59.194565744784086,283,122,0.0
1734,122,78,61.0,2.44,1.56,61.0,39.0,244.0,59.194565744784086,283,122,0.0
1735,122,78,61.0,2.44,1.56,61.0,39.0,244.0,59.194565744784086,283,122,0.0
1736,122,78,61.0,2.44,1.56,61.0,39.0,244.0,59.194565744784086,283,122,0.0
1737,123,77,61.5,2.46,1.54,61.5,38.5,246.0,59.67976710334789,284,123,2.0
1738,123,77,61.5,2.46,1.54,61.5,38.5,246.0,59.67976710334789,284,123,0.0
1739,123,77,61.5,2.46,1.54,61.5,38.5,246.0,59.67976710334789,284,123,0.0
1740,123,77,61.5,2.46,1.54,61.5,38.5,246.0,59.67976710334789,284,123,0.0
1741,123,77,61.5,2.46,1.54,61.5,38.5,246.0,59.67976710334789,284,123,0.0
1742,123,77,61.5,2.46,1.54,61.5,38.5,246.0,59.67976710334789,284,123,0.0
1743,123,77,61.5,2.46,1.54,61.5,38.5,246.0,59.67976710334789,284,123,0.0
1744,123,77,61.5,2.46,1.54,61.5,38.5,246.0,59.67976710334789,284,123,0.0
1745,123,77,61.5,2.46,1.54,61.5,38.5,246.0,59.67976710334789,284,123,0.0
1746,123,77,61.5,2.46,1.54,61.5,38.5,246.0,59.67976710334789,284,123,0.0
1747,123,77,61.5,2.46,1.54,61.5,38.5,246.0,59.67976710334789,284,123,0.0
1748,123,77,61.5,2.46,1.54,61.5,38.5,246.0,59.67976710334789,284,123,0.0
1749,123,77,61.5,2.46,1.54,61.5,38.5,246.0,59.67976710334789,285,123,0.0
1750,123,77,61.5,2.46,1.54,61.5,38.5,246.0,59.67976710334789,285,123,0.0
1751,123,77,61.5,2.46,1.54,61.5,38.5,246.0,59.67976710334789,285,123,0.0
1752,123,77,61.5,2.46,1.54,61.5,38.5,246.0,59.67976710334789,285,123,0.0
1753,123,77,61.5,2.46,1.54,61.5,38.5,246.0,59.67976710334789,285,123,0.0
1754,123,77,61.5,2.46,1.54,61.5,38.5,246.0,59.67976710334789,285,123,0.0
1755,123,77,61.5,2.46,1.54,61.5,38.5,246.0,59.67976710334789,286,123,0.0
1756,123,77,61.5,2.46,1.54,61.5,38.5,246.0,59.67976710334789,286,123,0.0
1757,123,77,61.5,2.46,1.54,61.5,38.5,246.0,59.67976710334789,287,123,0.0
1758,123,77,61.5,2.46,1.54,61.5,38.5,246.0,59.67976710334789,287,123,0.0
1759,123,77,61.5,2.46,1.54,61.5,38.5,246.0,59.67976710334789,288,123,0.0
1760,123,77,61.5,2.46,1.54,61.5,38.5,246.0,59.67976710334789,289,123,0.0
1761,123,77,61.5,2.46,1.54,61.5,38.5,246.0,59.67976710334789,290,123,0.0
1762,123,77,61.5,2.46,1.54,61.5,38.5,246.0,59.67976710334789,291,123,0.0
1763,123,77,61.5,2.46,1.54,61.5,38.5,246.0,59.67976710334789,291,123,0.0
1764,123,77,61.5,2.46,1.54,61.5,38.5,246.0,59.67976710334789,291,123,0.0
1765,123,77,61.5,2.46,1.54,61.5,38.5,246.0,59.67976710334789,292,123,0.0
1766,123,77,61.5,2.46,1.54,61.5,38.5,246.0,59.67976710334789,292,123,0.0
1767,123,77,61.5,2.46,1.54,61.5,38.5,246.0,59.67976710334789,292,123,0.0
1768,123,77,61.5,2.46,1.54,61.5,38.5,246.0,59.67976710334789,292,123,0.0
1769,123,77,61.5,2.46,1.54,61.5,38.5,246.0,59.67976710334789,292,123,0.0
1770,123,77,61.5,2.46,1.54,61.5,38.5,246.0,59.67976710334789,292,123,0.0
1771,124,76,62.0,2.48,1.52,62.0,38.0,248.0,60.16496846191169,293,124,2.0
1772,124,76,62.0,2.48,1.52,62.0,38.0,248.0,60.16496846191169,293,124,0.0
1773,124,76,62.0,2.48,1.52,62.0,38.0,248.0,60.16496846191169,293,124,0.0
1774,124,76,62.0,2.48,1.52,62.0,38.0,248.0,60.16496846191169,293,124,0.0
1775,124,76,62.0,2.48,1.52,62.0,38.0,248.0,60.16496846191169,294,124,0.0
1776,124,76,62.0,2.48,1.52,62.0,38.0,248.0,60.16496846191169,295,124,0.0
1777,124,76,62.0,2.48,1.52,62.0,38.0,248.0,60.16496846191169,295,124,0.0
1778,124,76,62.0,2.48,1.52,62.0,38.0,248.0,60.16496846191169,295,124,0.0
1779,124,76,62.0,2.48,1.52,62.0,38.0,248.0,60.16496846191169,295,124,0.0
1780,124,76,62.0,2.48,1.52,62.0,38.0,248.0,60.16496846191169,295,124,0.0
1781,124,76,62.0,2.48,1.52,62.0,38.0,248.0,60.16496846191169,295,124,0.0
1782,124,76,62.0,2.48,1.52,62.0,38.0,248.0,60.16496846191169,295,124,0.0
1783,124,76,62.0,2.48,1.52,62.0,38.0,248.0,60.16496846191169,295,124,0.0
1784,124,76,62.0,2.48,1.52,62.0,38.0,248.0,60.16496846191169,295,124,0.0
1785,124,76,62.0,2.48,1.52,62.0,38.0,248.0,60.16496846191169,295,124,0.0
1786,124,76,62.0,2.48,1.52,62.0,38.0,248.0,60.16496846191169,296,124,0.0
1787,124,76,62.0,2.48,1.52,62.0,38.0,248.0,60.16496846191169,296,124,0.0
1788,124,76,62.0,2.48,1.52,62.0,38.0,248.0,60.16496846191169,296,124,0.0
1789,124,76,62.0,2.48,1.52,62.0,38.0,248.0,60.16496846191169,296,124,0.0
1790,124,76,62.0,2.48,1.52,62.0,38.0,248.0,60.16496846191169,296,124,0.0
1791,124,76,62.0,2.48,1.52,62.0,38.0,248.0,60.16496846191169,296,124,0.0
1792,124,76,62.0,2.48,1.52,62.0,38.0,248.0,60.16496846191169,296,124,0.0
1793,124,76,62.0,2.48,1.52,62.0,38.0,248.0,60.16496846191169,296,124,0.0
1794,124,76,62.0,2.48,1.52,62.0,38.0,248.0,60.16496846191169,296,124,0.0
1795,124,76,62.0,2.48,1.52,62.0,38.0,248.0,60.16496846191169,296,124,0.0
1796,124,76,62.0,2.48,1.52,62.0,38.0,248.0,60.16496846191169,297,124,0.0
1797,124,76,62.0,2.48,1.52,62.0,38.0,248.0,60.16496846191169,298,124,0.0
1798,124,76,62.0,2.48,1.52,62.0,38.0,248.0,60.16496846191169,299,124,0.0
1799,124,76,62.0,2.48,1.52,62.0,38.0,248.0,60.16496846191169,299,124,0.0
1800,124,76,62.0,2.48,1.52,62.0,38.0,248.0,60.16496846191169,299,124,0.0
1801,124,76,62.0,2.48,1.52,62.0,38.0,248.0,60.16496846191169,300,124,0.0
1802,124,76,62.0,2.48,1.52,62.0,38.0,248.0,60.16496846191169,300,124,0.0
1803,125,75,62.5,2.5,1.5,62.5,37.5,250.0,60.6501698204755,301,125,2.0
1804,125,75,62.5,2.5,1.5,62.5,37.5,250.0,60.6501698204755,301,125,0.0
1805,125,75,62.5,2.5,1.5,62.5,37.5,250.0,60.6501698204755,301,125,0.0
1806,125,75,62.5,2.5,1.5,62.5,37.5,250.0,60.6501698204755,301,125,0.0
1807,125,75,62.5,2.5,1.5,62.5,37.5,250.0,60.6501698204755,301,125,0.0
1808,125,75,62.5,2.5,1.5,62.5,37.5,250.0,60.6501698204755,302,125,0.0
1809,125,75,62.5,2.5,1.5,62.5,37.5,250.0,60.6501698204755,302,125,0.0
1810,125,75,62.5,2.5,1.5,62.5,37.5,250.0,60.6501698204755,302,125,0.0
1811,125,75,62.5,2.5,1.5,62.5,37.5,250.0,60.6501698204755,302,125,0.0
1812,125,75,62.5,2.5,1.5,62.5,37.5,250.0,60.6501698204755,302,125,0.0
1813,125,75,62.5,2.5,1.5,62.5,37.5,250.0,60.6501698204755,302,125,0.0
1814,125,75,62.5,2.5,1.5,62.5,37.5,250.0,60.6501698204755,302,125,0.0
1815,125,75,62.5,2.5,1.5,62.5,37.5,250.0,60.6501698204755,302,125,0.0
1816,125,75,62.5,2.5,1.5,62.5,37.5,250.0,60.6501698204755,302,125,0.0
1817,125,75,62.5,2.5,1.5,62.5,37.5,250.0,60.6501698204755,302,125,0.0
1818,125,75,62.5,2.5,1.5,62.5,37.5,250.0,60.6501698204755,302,125,0.0
1819,125,75,62.5,2.5,1.5,62.5,37.5,250.0,60.6501698204755,302,125,0.0
1820,125,75,62.5,2.5,1.5,62.5,37.5,250.0,60.6501698204755,302,125,0.0
1821,125,75,62.5,2.5,1.5,62.5,37.5,250.0,60.6501698204755,302,125,0.0
1822,125,75,62.5,2.5,1.5,62.5,37.5,250.0,60.6501698204755,302,125,0.0
1823,125,75,62.5,2.5,1.5,62.5,37.5,250.0,60.6501698204755,302,125,0.0
1824,125,75,62.5,2.5,1.5,62.5,37.5,250.0,60.6501698204755,302,125,0.0
1825,126,74,63.0,2.52,1.48,63.0,37.0,252.0,61.135371179039296,303,126,2.0
1826,126,74,63.0,2.52,1.48,63.0,37.0,252.0,61.135371179039296,303,126,0.0
1827,126,74,63.0,2.52,1.48,63.0,37.0,252.0,61.135371179039296,303,126,0.0
1828,126,74,63.0,2.52,1.48,63.0,37.0,252.0,61.135371179039296,303,126,0.0
1829,126,74,63.0,2.52,1.48,63.0,37.0,252.0,61.135371179039296,303,126,0.0
1830,126,74,63.0,2.52,1.48,63.0,37.0,252.0,61.135371179039296,303,126,0.0
1831,126,74,63.0,2.52,1.48,63.0,37.0,252.0,61.135371179039296,303,126,0.0
1832,126,74,63.0,2.52,1.48,63.0,37.0,252.0,61.135371179039296,303,126,0.0
1833,126,74,63.0,2.52,1.48,63.0,37.0,252.0,61.135371179039296,303,126,0.0
1834,126,74,63.0,2.52,1.48,63.0,37.0,252.0,61.135371179039296,303,126,0.0
1835,126,74,63.0,2.52,1.48,63.0,37.0,252.0,61.135371179039296,303,126,0.0
1836,126,74,63.0,2.52,1.48,63.0,37.0,252.0,61.135371179039296,303,126,0.0
1837,126,74,63.0,2.52,1.48,63.0,37.0,252.0,61.135371179039296,303,126,0.0
1838,126,74,63.0,2.52,1.48,63.0,37.0,252.0,61.135371179039296,303,126,0.0
1839,126,74,63.0,2.52,1.48,63.0,37.0,252.0,61.135371179039296,303,126,0.0
1840,126,74,63.0,2.52,1.48,63.0,37.0,252.0,61.135371179039296,303,126,0.0
1841,126,74,63.0,2.52,1.48,63.0,37.0,252.0,61.135371179039296,303,126,0.0
1842,126,74,63.0,2.52,1.48,63.0,37.0,252.0,61.135371179039296,303,126,0.0
1843,126,74,63.0,2.52,1.48,63.0,37.0,252.0,61.135371179039296,303,126,0.0
1844,126,74,63.0,2.52,1.48,63.0,37.0,252.0,61.135371179039296,303,126,0.0
1845,126,74,63.0,2.52,1.48,63.0,37.0,252.0,61.135371179039296,303,126,0.0
1846,126,74,63.0,2.52,1.48,63.0,37.0,252.0,61.135371179039296,303,126,0.0
1847,126,74,63.0,2.52,1.48,63.0,37.0,252.0,61.135371179039296,304,126,0.0
1848,126,74,63.0,2.52,1.48,63.0,37.0,252.0,61.135371179039296,305,126,0.0
1849,126,74,63.0,2.52,1.48,63.0,37.0,252.0,61.135371179039296,305,126,0.0
1850,126,74,63.0,2.52,1.48,63.0,37.0,252.0,61.135371179039296,305,126,0.0
1851,126,74,63.0,2.52,1.48,63.0,37.0,252.0,61.135371179039296,305,126,0.0
1852,126,74,63.0,2.52,1.48,63.0,37.0,252.0,61.135371179039296,306,126,0.0
1853,126,74,63.0,2.52,1.48,63.0,37.0,252.0,61.135371179039296,309,126,0.0
1854,126,74,63.0,2.52,1.48,63.0,37.0,252.0,61.135371179039296,309,126,0.0
1855,126,74,63.0,2.52,1.48,63.0,37.0,252.0,61.135371179039296,309,126,0.0
1856,126,74,63.0,2.52,1.48,63.0,37.0,252.0,61.135371179039296,310,126,0.0
1857,126,74,63.0,2.52,1.48,63.0,37.0,252.0,61.135371179039296,310,126,0.0
1858,126,74,63.0,2.52,1.48,63.0,37.0,252.0,61.135371179039296,311,126,0.0
1859,126,74,63.0,2.52,1.48,63.0,37.0,252.0,61.135371179039296,311,126,0.0
1860,126,74,63.0,2.52,1.48,63.0,37.0,252.0,61.135371179039296,311,126,0.0
1861,126,74,63.0,2.52,1.48,63.0,37.0,252.0,61.135371179039296,311,126,0.0
1862,126,74,63.0,2.52,1.48,63.0,37.0,252.0,61.135371179039296,311,126,0.0
1863,126,74,63.0,2.52,1.48,63.0,37.0,252.0,61.135371179039296,311,126,0.0
1864,126,74,63.0,2.52,1.48,63.0,37.0,252.0,61.135371179039296,311,126,0.0
1865,126,74,63.0,2.52,1.48,63.0,37.0,252.0,61.135371179039296,311,126,0.0
1866,126,74,63.0,2.52,1.48,63.0,37.0,252.0,61.135371179039296,311,126,0.0
1867,126,74,63.0,2.52,1.48,63.0,37.0,252.0,61.135371179039296,311,126,0.0
1868,126,74,63.0,2.52,1.48,63.0,37.0,252.0,61.135371179039296,311,126,0.0
1869,126,74,63.0,2.52,1.48,63.0,37.0,252.0,61.135371179039296,311,126,0.0
1870,126,74,63.0,2.52,1.48,63.0,37.0,252.0,61.135371179039296,311,126,0.0
1871,127,73,63.5,2.54,1.46,63.5,36.5,254.0,61.6205725376031,313,127,2.0
1872,127,73,63.5,2.54,1.46,63.5,36.5,254.0,61.6205725376031,313,127,0.0
1873,127,73,63.5,2.54,1.46,63.5,36.5,254.0,61.6205725376031,313,127,0.0
1874,127,73,63.5,2.54,1.46,63.5,36.5,254.0,61.6205725376031,313,127,0.0
1875,127,73,63.5,2.54,1.46,63.5,36.5,254.0,61.6205725376031,313,127,0.0
1876,127,73,63.5,2.54,1.46,63.5,36.5,254.0,61.6205725376031,313,127,0.0
1877,127,73,63.5,2.54,1.46,63.5,36.5,254.0,61.6205725376031,313,127,0.0
1878,127,73,63.5,2.54,1.46,63.5,36.5,254.0,61.6205725376031,313,127,0.0
1879,127,73,63.5,2.54,1.46,63.5,36.5,254.0,61.6205725376031,313,127,0.0
1880,127,73,63.5,2.54,1.46,63.5,36.5,254.0,61.6205725376031,313,127,0.0
1881,127,73,63.5,2.54,1.46,63.5,36.5,254.0,61.6205725376031,313,127,0.0
1882,127,73,63.5,2.54,1.46,63.5,36.5,254.0,61.6205725376031,313,127,0.0
1883,127,73,63.5,2.54,1.46,63.5,36.5,254.0,61.6205725376031,314,127,0.0
1884,127,73,63.5,2.54,1.46,63.5,36.5,254.0,61.6205725376031,315,127,0.0
1885,127,73,63.5,2.54,1.46,63.5,36.5,254.0,61.6205725376031,315,127,0.0
1886,127,73,63.5,2.54,1.46,63.5,36.5,254.0,61.6205725376031,316,127,0.0
1887,127,73,63.5,2.54,1.46,63.5,36.5,254.0,61.6205725376031,316,127,0.0
1888,127,73,63.5,2.54,1.46,63.5,36.5,254.0,61.6205725376031,316,127,0.0
1889,127,73,63.5,2.54,1.46,63.5,36.5,254.0,61.6205725376031,316,127,0.0
1890,127,73,63.5,2.54,1.46,63.5,36.5,254.0,61.6205725376031,316,127,0.0
1891,128,72,64.0,2.56,1.44,64.0,36.0,256.0,62.105773896166916,317,128,2.0
1892,128,72,64.0,2.56,1.44,64.0,36.0,256.0,62.105773896166916,317,128,0.0
1893,128,72,64.0,2.56,1.44,64.0,36.0,256.0,62.105773896166916,317,128,0.0
1894,128,72,64.0,2.56,1.44,64.0,36.0,256.0,62.105773896166916,317,128,0.0
1895,128,72,64.0,2.56,1.44,64.0,36.0,256.0,62.105773896166916,317,128,0.0
1896,128,72,64.0,2.56,1.44,64.0,36.0,256.0,62.105773896166916,317,128,0.0
1897,128,72,64.0,2.56,1.44,64.0,36.0,256.0,62.105773896166916,317,128,0.0
1898,128,72,64.0,2.56,1.44,64.0,36.0,256.0,62.105773896166916,317,128,0.0
1899,128,72,64.0,2.56,1.44,64.0,36.0,256.0,62.105773896166916,317,128,0.0
1900,128,72,64.0,2.56,1.44,64.0,36.0,256.0,62.105773896166916,317,128,0.0
1901,128,72,64.0,2.56,1.44,64.0,36.0,256.0,62.105773896166916,317,128,0.0
1902,128,72,64.0,2.56,1.44,64.0,36.0,256.0,62.105773896166916,317,128,0.0
1903,128,72,64.0,2.56,1.44,64.0,36.0,256.0,62.105773896166916,317,128,0.0
1904,128,72,64.0,2.56,1.44,64.0,36.0,256.0,62.105773896166916,317,128,0.0
1905,128,72,64.0,2.56,1.44,64.0,36.0,256.0,62.105773896166916,317,128,0.0
1906,128,72,64.0,2.56,1.44,64.0,36.0,256.0,62.105773896166916,317,128,0.0
1907,128,72,64.0,2.56,1.44,64.0,36.0,256.0,62.105773896166916,317,128,0.0
1908,128,72,64.0,2.56,1.44,64.0,36.0,256.0,62.105773896166916,317,128,0.0
1909,128,72,64.0,2.56,1.44,64.0,36.0,256.0,62.105773896166916,317,128,0.0
1910,128,72,64.0,2.56,1.44,64.0,36.0,256.0,62.105773896166916,317,128,0.0
1911,128,72,64.0,2.56,1.44,64.0,36.0,256.0,62.105773896166916,317,128,0.0
1912,128,72,64.0,2.56,1.44,64.0,36.0,256.0,62.105773896166916,317,128,0.0
1913,128,72,64.0,2.56,1.44,64.0,36.0,256.0,62.105773896166916,317,128,0.0
1914,128,72,64.0,2.56,1.44,64.0,36.0,256.0,62.105773896166916,317,128,0.0
1915,128,72,64.0,2.56,1.44,64.0,36.0,256.0,62.105773896166916,317,128,0.0
1916,128,72,64.0,2.56,1.44,64.0,36.0,256.0,62.105773896166916,317,128,0.0
1917,128,72,64.0,2.56,1.44,64.0,36.0,256.0,62.105773896166916,318,128,0.0
1918,128,72,64.0,2.56,1.44,64.0,36.0,256.0,62.105773896166916,319,128,0.0
1919,128,72,64.0,2.56,1.44,64.0,36.0,256.0,62.105773896166916,319,128,0.0
1920,128,72,64.0,2.56,1.44,64.0,36.0,256.0,62.105773896166916,319,128,0.0
1921,128,72,64.0,2.56,1.44,64.0,36.0,256.0,62.105773896166916,319,128,0.0
1922,128,72,64.0,2.56,1.44,64.0,36.0,256.0,62.105773896166916,319,128,0.0
1923,128,72,64.0,2.56,1.44,64.0,36.0,256.0,62.105773896166916,319,128,0.0
1924,128,72,64.0,2.56,1.44,64.0,36.0,256.0,62.105773896166916,319,128,0.0
1925,128,72,64.0,2.56,1.44,64.0,36.0,256.0,62.105773896166916,319,128,0.0
1926,128,72,64.0,2.56,1.44,64.0,36.0,256.0,62.105773896166916,319,128,0.0
1927,128,72,64.0,2.56,1.44,64.0,36.0,256.0,62.105773896166916,319,128,0.0
1928,128,72,64.0,2.56,1.44,64.0,36.0,256.0,62.105773896166916,319,128,0.0
1929,128,72,64.0,2.56,1.44,64.0,36.0,256.0,62.105773896166916,319,128,0.0
1930,128,72,64.0,2.56,1.44,64.0,36.0,256.0,62.105773896166916,319,128,0.0
1931,128,72,64.0,2.56,1.44,64.0,36.0,256.0,62.105773896166916,320,128,0.0
1932,128,72,64.0,2.56,1.44,64.0,36.0,256.0,62.105773896166916,320,128,0.0
1933,128,72,64.0,2.56,1.44,64.0,36.0,256.0,62.105773896166916,320,128,0.0
1934,128,72,64.0,2.56,1.44,64.0,36.0,256.0,62.105773896166916,320,128,0.0
1935,128,72,64.0,2.56,1.44,64.0,36.0,256.0,62.105773896166916,321,128,0.0
1936,128,72,64.0,2.56,1.44,64.0,36.0,256.0,62.105773896166916,321,128,0.0
1937,128,72,64.0,2.56,1.44,64.0,36.0,256.0,62.105773896166916,321,128,0.0
1938,128,72,64.0,2.56,1.44,64.0,36.0,256.0,62.105773896166916,321,128,0.0
1939,128,72,64.0,2.56,1.44,64.0,36.0,256.0,62.105773896166916,321,128,0.0
1940,128,72,64.0,2.56,1.44,64.0,36.0,256.0,62.105773896166916,321,128,0.0
1941,128,72,64.0,2.56,1.44,64.0,36.0,256.0,62.105773896166916,321,128,0.0
1942,128,72,64.0,2.56,1.44,64.0,36.0,256.0,62.105773896166916,321,128,0.0
1943,128,72,64.0,2.56,1.44,64.0,36.0,256.0,62.105773896166916,321,128,0.0
1944,128,72,64.0,2.56,1.44,64.0,36.0,256.0,62.105773896166916,321,128,0.0
1945,128,72,64.0,2.56,1.44,64.0,36.0,256.0,62.105773896166916,321,128,0.0
1946,128,72,64.0,2.56,1.44,64.0,36.0,256.0,62.105773896166916,321,128,0.0
1947,128,72,64.0,2.56,1.44,64.0,36.0,256.0,62.105773896166916,321,128,0.0
1948,128,72,64.0,2.56,1.44,64.0,36.0,256.0,62.105773896166916,321,128,0.0
1949,128,72,64.0,2.56,1.44,64.0,36.0,256.0,62.105773896166916,321,128,0.0
1950,128,72,64.0,2.56,1.44,64.0,36.0,256.0,62.105773896166916,322,128,0.0
1951,128,72,64.0,2.56,1.44,64.0,36.0,256.0,62.105773896166916,322,128,0.0
1952,128,72,64.0,2.56,1.44,64.0,36.0,256.0,62.105773896166916,323,128,0.0
1953,128,72,64.0,2.56,1.44,64.0,36.0,256.0,62.105773896166916,324,128,0.0
1954,128,72,64.0,2.56,1.44,64.0,36.0,256.0,62.105773896166916,324,128,0.0
1955,128,72,64.0,2.56,1.44,64.0,36.0,256.0,62.105773896166916,325,128,0.0
1956,128,72,64.0,2.56,1.44,64.0,36.0,256.0,62.105773896166916,326,128,0.0
1957,128,72,64.0,2.56,1.44,64.0,36.0,256.0,62.105773896166916,326,128,0.0
1958,128,72,64.0,2.56,1.44,64.0,36.0,256.0,62.105773896166916,326,128,0.0
1959,128,72,64.0,2.56,1.44,64.0,36.0,256.0,62.105773896166916,326,128,0.0
1960,128,72,64.0,2.56,1.44,64.0,36.0,256.0,62.105773896166916,326,128,0.0
1961,128,72,64.0,2.56,1.44,64.0,36.0,256.0,62.105773896166916,326,128,0.0
1962,128,72,64.0,2.56,1.44,64.0,36.0,256.0,62.105773896166916,326,128,0.0
1963,128,72,64.0,2.56,1.44,64.0,36.0,256.0,62.105773896166916,326,128,0.0
1964,129,71,64.5,2.58,1.42,64.5,35.5,258.0,62.59097525473072,327,129,2.0
1965,129,71,64.5,2.58,1.42,64.5,35.5,258.0,62.59097525473072,327,129,0.0
1966,129,71,64.5,2.58,1.42,64.5,35.5,258.0,62.59097525473072,328,129,0.0
1967,129,71,64.5,2.58,1.42,64.5,35.5,258.0,62.59097525473072,328,129,0.0
1968,129,71,64.5,2.58,1.42,64.5,35.5,258.0,62.59097525473072,328,129,0.0
1969,129,71,64.5,2.58,1.42,64.5,35.5,258.0,62.59097525473072,328,129,0.0
1970,129,71,64.5,2.58,1.42,64.5,35.5,258.0,62.59097525473072,328,129,0.0
1971,129,71,64.5,2.58,1.42,64.5,35.5,258.0,62.59097525473072,328,129,0.0
1972,129,71,64.5,2.58,1.42,64.5,35.5,258.0,62.59097525473072,328,129,0.0
1973,129,71,64.5,2.58,1.42,64.5,35.5,258.0,62.59097525473072,328,129,0.0
1974,129,71,64.5,2.58,1.42,64.5,35.5,258.0,62.59097525473072,328,129,0.0
1975,129,71,64.5,2.58,1.42,64.5,35.5,258.0,62.59097525473072,328,129,0.0
1976,129,71,64.5,2.58,1.42,64.5,35.5,258.0,62.59097525473072,328,129,0.0
1977,129,71,64.5,2.58,1.42,64.5,35.5,258.0,62.59097525473072,328,129,0.0
1978,129,71,64.5,2.58,1.42,64.5,35.5,258.0,62.59097525473072,328,129,0.0
1979,129,71,64.5,2.58,1.42,64.5,35.5,258.0,62.59097525473072,328,129,0.0
1980,129,71,64.5,2.58,1.42,64.5,35.5,258.0,62.59097525473072,328,129,0.0
1981,129,71,64.5,2.58,1.42,64.5,35.5,258.0,62.59097525473072,328,129,0.0
1982,129,71,64.5,2.58,1.42,64.5,35.5,258.0,62.59097525473072,328,129,0.0
1983,129,71,64.5,2.58,1.42,64.5,35.5,258.0,62.59097525473072,328,129,0.0
1984,129,71,64.5,2.58,1.42,64.5,35.5,258.0,62.59097525473072,328,129,0.0
1985,129,71,64.5,2.58,1.42,64.5,35.5,258.0,62.59097525473072,328,129,0.0
1986,129,71,64.5,2.58,1.42,64.5,35.5,258.0,62.59097525473072,328,129,0.0
1987,129,71,64.5,2.58,1.42,64.5,35.5,258.0,62.59097525473072,328,129,0.0
1988,129,71,64.5,2.58,1.42,64.5,35.5,258.0,62.59097525473072,328,129,0.0
1989,129,71,64.5,2.58,1.42,64.5,35.5,258.0,62.59097525473072,328,129,0.0
1990,129,71,64.5,2.58,1.42,64.5,35.5,258.0,62.59097525473072,328,129,0.0
1991,129,71,64.5,2.58,1.42,64.5,35.5,258.0,62.59097525473072,328,129,0.0
1992,129,71,64.5,2.58,1.42,64.5,35.5,258.0,62.59097525473072,328,129,0.0
1993,129,71,64.5,2.58,1.42,64.5,35.5,258.0,62.59097525473072,328,129,0.0
1994,129,71,64.5,2.58,1.42,64.5,35.5,258.0,62.59097525473072,328,129,0.0
1995,129,71,64.5,2.58,1.42,64.5,35.5,258.0,62.59097525473072,328,129,0.0
1996,129,71,64.5,2.58,1.42,64.5,35.5,258.0,62.59097525473072,328,129,0.0
1997,129,71,64.5,2.58,1.42,64.5,35.5,258.0,62.59097525473072,328,129,0.0
1998,129,71,64.5,2.58,1.42,64.5,35.5,258.0,62.59097525473072,328,129,0.0
1999,129,71,64.5,2.58,1.42,64.5,35.5,258.0,62.59097525473072,328,129,0.0
2000,129,71,64.5,2.58,1.42,64.5,35.5,258.0,62.59097525473072,328,129,0.0
