step,n_adsorbed,n_free,percent_adsorbed,m_adsorbed_mg,m_free_mg,c_pdf_mg_l,c_remaining_mg_l,qt_mg_g,percent_qmax,n_contacts,n_adsorption_events,dqt_per_step
0,0,200,0.0,0.0,4.0,0.0,100.0,0.0,0.0,0,0,0.0
1,0,200,0.0,0.0,4.0,0.0,100.0,0.0,0.0,0,0,0.0
2,0,200,0.0,0.0,4.0,0.0,100.0,0.0,0.0,0,0,0.0
3,0,200,0.0,0.0,4.0,0.0,100.0,0.0,0.0,0,0,0.0
4,0,200,0.0,0.0,4.0,0.0,100.0,0.0,0.0,0,0,0.0
5,0,200,0.0,0.0,4.0,0.0,100.0,0.0,0.0,0,0,0.0
6,0,200,0.0,0.0,4.0,0.0,100.0,0.0,0.0,0,0,0.0
7,0,200,0.0,0.0,4.0,0.0,100.0,0.0,0.0,0,0,0.0
8,0,200,0.0,0.0,4.0,0.0,100.0,0.0,0.0,0,0,0.0
9,2,198,1.0,0.04,3.96,1.0,99.0,4.0,0.9704027171276081,2,2,4.0
10,3,197,1.5,0.06,3.94,1.5,98.5,6.0,1.455604075691412,3,3,2.0
11,3,197,1.5,0.06,3.94,1.5,98.5,6.0,1.455604075691412,3,3,0.0
12,3,197,1.5,0.06,3.94,1.5,98.5,6.0,1.455604075691412,3,3,0.0
13,3,197,1.5,0.06,3.94,1.5,98.5,6.0,1.455604075691412,3,3,0.0
14,3,197,1.5,0.06,3.94,1.5,98.5,6.0,1.455604075691412,3,3,0.0
15,4,196,2.0,0.08,3.92,2.0,98.0,8.0,1.9408054342552161,4,4,2.0
16,5,195,2.5,0.1,3.9,2.5,97.5,10.0,2.42600679281902,5,5,2.0
17,5,195,2.5,0.1,3.9,2.5,97.5,10.0,2.42600679281902,5,5,0.0
18,5,195,2.5,0.1,3.9,2.5,97.5,10.0,2.42600679281902,5,5,0.0
19,5,195,2.5,0.1,3.9,2.5,97.5,10.0,2.42600679281902,5,5,0.0
20,6,194,3.0,0.12,3.88,3.0,97.0,12.0,2.911208151382824,6,6,2.0
21,6,194,3.0,0.12,3.88,3.0,97.0,12.0,2.911208151382824,6,6,0.0
22,7,193,3.5000000000000004,0.14,3.86,3.5000000000000004,96.5,14.000000000000002,3.3964095099466283,7,7,2.0000000000000018
23,7,193,3.5000000000000004,0.14,3.86,3.5000000000000004,96.5,14.000000000000002,3.3964095099466283,7,7,0.0
24,7,193,3.5000000000000004,0.14,3.86,3.5000000000000004,96.5,14.000000000000002,3.3964095099466283,7,7,0.0
25,8,192,4.0,0.16,3.84,4.0,96.0,16.0,3.8816108685104322,8,8,1.9999999999999982
26,9,191,4.5,0.18,3.82,4.5,95.5,18.0,4.366812227074236,9,9,2.0
27,10,190,5.0,0.2,3.8,5.0,95.0,20.0,4.85201358563804,10,10,2.0
28,10,190,5.0,0.2,3.8,5.0,95.0,20.0,4.85201358563804,10,10,0.0
29,11,189,5.5,0.22,3.78,5.5,94.5,22.0,5.337214944201843,11,11,2.0
30,11,189,5.5,0.22,3.78,5.5,94.5,22.0,5.337214944201843,11,11,0.0
31,11,189,5.5,0.22,3.78,5.5,94.5,22.0,5.337214944201843,11,11,0.0
32,11,189,5.5,0.22,3.78,5.5,94.5,22.0,5.337214944201843,11,11,0.0
33,11,189,5.5,0.22,3.78,5.5,94.5,22.0,5.337214944201843,11,11,0.0
34,11,189,5.5,0.22,3.78,5.5,94.5,22.0,5.337214944201843,11,11,0.0
35,12,188,6.0,0.24,3.76,6.0,93.99999999999999,24.0,5.822416302765648,12,12,2.0
36,13,187,6.5,0.26,3.74,6.5,93.5,26.0,6.307617661329452,13,13,2.0
37,13,187,6.5,0.26,3.74,6.5,93.5,26.0,6.307617661329452,13,13,0.0
38,13,187,6.5,0.26,3.74,6.5,93.5,26.0,6.307617661329452,13,13,0.0
39,13,187,6.5,0.26,3.74,6.5,93.5,26.0,6.307617661329452,13,13,0.0
40,13,187,6.5,0.26,3.74,6.5,93.5,26.0,6.307617661329452,13,13,0.0
41,13,187,6.5,0.26,3.74,6.5,93.5,26.0,6.307617661329452,13,13,0.0
42,13,187,6.5,0.26,3.74,6.5,93.5,26.0,6.307617661329452,13,13,0.0
43,13,187,6.5,0.26,3.74,6.5,93.5,26.0,6.307617661329452,13,13,0.0
44,13,187,6.5,0.26,3.74,6.5,93.5,26.0,6.307617661329452,13,13,0.0
45,13,187,6.5,0.26,3.74,6.5,93.5,26.0,6.307617661329452,13,13,0.0
46,13,187,6.5,0.26,3.74,6.5,93.5,26.0,6.307617661329452,13,13,0.0
47,13,187,6.5,0.26,3.74,6.5,93.5,26.0,6.307617661329452,13,13,0.0
48,13,187,6.5,0.26,3.74,6.5,93.5,26.0,6.307617661329452,13,13,0.0
49,13,187,6.5,0.26,3.74,6.5,93.5,26.0,6.307617661329452,13,13,0.0
50,13,187,6.5,0.26,3.74,6.5,93.5,26.0,6.307617661329452,13,13,0.0
51,13,187,6.5,0.26,3.74,6.5,93.5,26.0,6.307617661329452,13,13,0.0
52,13,187,6.5,0.26,3.74,6.5,93.5,26.0,6.307617661329452,13,13,0.0
53,13,187,6.5,0.26,3.74,6.5,93.5,26.0,6.307617661329452,13,13,0.0
54,14,186,7.000000000000001,0.28,3.7199999999999998,7.000000000000001,92.99999999999999,28.000000000000004,6.7928190198932565,14,14,2.0000000000000036
55,15,185,7.5,0.3,3.7,7.5,92.5,30.0,7.27802037845706,15,15,1.9999999999999964
56,15,185,7.5,0.3,3.7,7.5,92.5,30.0,7.27802037845706,15,15,0.0
57,15,185,7.5,0.3,3.7,7.5,92.5,30.0,7.27802037845706,15,15,0.0
58,16,184,8.0,0.32,3.68,8.0,92.0,32.0,7.7632217370208645,16,16,2.0
59,16,184,8.0,0.32,3.68,8.0,92.0,32.0,7.7632217370208645,16,16,0.0
60,17,183,8.5,0.34,3.66,8.5,91.5,34.0,8.248423095584668,17,17,2.0
61,17,183,8.5,0.34,3.66,8.5,91.5,34.0,8.248423095584668,17,17,0.0
62,18,182,9.0,0.36,3.64,9.0,91.0,36.0,8.733624454148472,18,18,2.0
63,19,181,9.5,0.38,3.62,9.5,90.5,38.0,9.218825812712275,19,19,2.0
64,19,181,9.5,0.38,3.62,9.5,90.5,38.0,9.218825812712275,19,19,0.0
65,19,181,9.5,0.38,3.62,9.5,90.5,38.0,9.218825812712275,19,19,0.0
66,19,181,9.5,0.38,3.62,9.5,90.5,38.0,9.218825812712275,19,19,0.0
67,19,181,9.5,0.38,3.62,9.5,90.5,38.0,9.218825812712275,19,19,0.0
68,19,181,9.5,0.38,3.62,9.5,90.5,38.0,9.218825812712275,19,19,0.0
69,20,180,10.0,0.4,3.6,10.0,90.0,40.0,9.70402717127608,20,20,2.0
70,20,180,10.0,0.4,3.6,10.0,90.0,40.0,9.70402717127608,20,20,0.0
71,20,180,10.0,0.4,3.6,10.0,90.0,40.0,9.70402717127608,20,20,0.0
72,20,180,10.0,0.4,3.6,10.0,90.0,40.0,9.70402717127608,20,20,0.0
73,20,180,10.0,0.4,3.6,10.0,90.0,40.0,9.70402717127608,20,20,0.0
74,20,180,10.0,0.4,3.6,10.0,90.0,40.0,9.70402717127608,20,20,0.0
75,20,180,10.0,0.4,3.6,10.0,90.0,40.0,9.70402717127608,20,20,0.0
76,20,180,10.0,0.4,3.6,10.0,90.0,40.0,9.70402717127608,20,20,0.0
77,20,180,10.0,0.4,3.6,10.0,90.0,40.0,9.70402717127608,21,20,0.0
78,20,180,10.0,0.4,3.6,10.0,90.0,40.0,9.70402717127608,22,20,0.0
79,20,180,10.0,0.4,3.6,10.0,90.0,40.0,9.70402717127608,23,20,0.0
80,20,180,10.0,0.4,3.6,10.0,90.0,40.0,9.70402717127608,23,20,0.0
81,21,179,10.5,0.42,3.58,10.5,89.5,42.0,10.189228529839884,24,21,2.0
82,21,179,10.5,0.42,3.58,10.5,89.5,42.0,10.189228529839884,24,21,0.0
83,21,179,10.5,0.42,3.58,10.5,89.5,42.0,10.189228529839884,24,21,0.0
84,21,179,10.5,0.42,3.58,10.5,89.5,42.0,10.189228529839884,24,21,0.0
85,21,179,10.5,0.42,3.58,10.5,89.5,42.0,10.189228529839884,24,21,0.0
86,21,179,10.5,0.42,3.58,10.5,89.5,42.0,10.189228529839884,24,21,0.0
87,21,179,10.5,0.42,3.58,10.5,89.5,42.0,10.189228529839884,24,21,0.0
88,22,178,11.0,0.44,3.56,11.0,89.0,44.0,10.674429888403687,25,22,2.0
89,22,178,11.0,0.44,3.56,11.0,89.0,44.0,10.674429888403687,25,22,0.0
90,22,178,11.0,0.44,3.56,11.0,89.0,44.0,10.674429888403687,25,22,0.0
91,22,178,11.0,0.44,3.56,11.0,89.0,44.0,10.674429888403687,25,22,0.0
92,22,178,11.0,0.44,3.56,11.0,89.0,44.0,10.674429888403687,25,22,0.0
93,22,178,11.0,0.44,3.56,11.0,89.0,44.0,10.674429888403687,25,22,0.0
94,23,177,11.5,0.46,3.54,11.5,88.5,46.0,11.159631246967491,26,23,2.0
95,23,177,11.5,0.46,3.54,11.5,88.5,46.0,11.159631246967491,26,23,0.0
96,24,176,12.0,0.48,3.52,12.0,88.0,48.0,11.644832605531295,27,24,2.0
97,25,175,12.5,0.5,3.5,12.5,87.5,50.0,12.1300339640951,28,25,2.0
98,25,175,12.5,0.5,3.5,12.5,87.5,50.0,12.1300339640951,28,25,0.0
99,25,175,12.5,0.5,3.5,12.5,87.5,50.0,12.1300339640951,28,25,0.0
100,25,175,12.5,0.5,3.5,12.5,87.5,50.0,12.1300339640951,28,25,0.0
101,25,175,12.5,0.5,3.5,12.5,87.5,50.0,12.1300339640951,28,25,0.0
102,25,175,12.5,0.5,3.5,12.5,87.5,50.0,12.1300339640951,28,25,0.0
103,25,175,12.5,0.5,3.5,12.5,87.5,50.0,12.1300339640951,28,25,0.0
104,25,175,12.5,0.5,3.5,12.5,87.5,50.0,12.1300339640951,28,25,0.0
105,25,175,12.5,0.5,3.5,12.5,87.5,50.0,12.1300339640951,28,25,0.0
106,25,175,12.5,0.5,3.5,12.5,87.5,50.0,12.1300339640951,28,25,0.0
107,25,175,12.5,0.5,3.5,12.5,87.5,50.0,12.1300339640951,28,25,0.0
108,25,175,12.5,0.5,3.5,12.5,87.5,50.0,12.1300339640951,28,25,0.0
109,25,175,12.5,0.5,3.5,12.5,87.5,50.0,12.1300339640951,28,25,0.0
110,25,175,12.5,0.5,3.5,12.5,87.5,50.0,12.1300339640951,28,25,0.0
111,25,175,12.5,0.5,3.5,12.5,87.5,50.0,12.1300339640951,28,25,0.0
112,25,175,12.5,0.5,3.5,12.5,87.5,50.0,12.1300339640951,28,25,0.0
113,25,175,12.5,0.5,3.5,12.5,87.5,50.0,12.1300339640951,28,25,0.0
114,26,174,13.0,0.52,3.48,13.0,87.0,52.0,12.615235322658904,29,26,2.0
115,27,173,13.5,0.54,3.46,13.5,86.5,54.0,13.100436681222707,30,27,2.0
116,27,173,13.5,0.54,3.46,13.5,86.5,54.0,13.100436681222707,30,27,0.0
117,27,173,13.5,0.54,3.46,13.5,86.5,54.0,13.100436681222707,30,27,0.0
118,27,173,13.5,0.54,3.46,13.5,86.5,54.0,13.100436681222707,30,27,0.0
119,27,173,13.5,0.54,3.46,13.5,86.5,54.0,13.100436681222707,30,27,0.0
120,27,173,13.5,0.54,3.46,13.5,86.5,54.0,13.100436681222707,30,27,0.0
121,27,173,13.5,0.54,3.46,13.5,86.5,54.0,13.100436681222707,30,27,0.0
122,27,173,13.5,0.54,3.46,13.5,86.5,54.0,13.100436681222707,30,27,0.0
123,27,173,13.5,0.54,3.46,13.5,86.5,54.0,13.100436681222707,30,27,0.0
124,27,173,13.5,0.54,3.46,13.5,86.5,54.0,13.100436681222707,30,27,0.0
125,28,172,14.000000000000002,0.56,3.44,14.000000000000002,86.0,56.00000000000001,13.585638039786513,31,28,2.000000000000007
126,28,172,14.000000000000002,0.56,3.44,14.000000000000002,86.0,56.00000000000001,13.585638039786513,31,28,0.0
127,28,172,14.000000000000002,0.56,3.44,14.000000000000002,86.0,56.00000000000001,13.585638039786513,31,28,0.0
128,28,172,14.000000000000002,0.56,3.44,14.000000000000002,86.0,56.00000000000001,13.585638039786513,31,28,0.0
129,28,172,14.000000000000002,0.56,3.44,14.000000000000002,86.0,56.00000000000001,13.585638039786513,31,28,0.0
130,28,172,14.000000000000002,0.56,3.44,14.000000000000002,86.0,56.00000000000001,13.585638039786513,31,28,0.0
131,29,171,14.499999999999998,0.58,3.42,14.499999999999998,85.5,57.99999999999999,14.070839398350312,32,29,1.9999999999999858
132,29,171,14.499999999999998,0.58,3.42,14.499999999999998,85.5,57.99999999999999,14.070839398350312,32,29,0.0
133,29,171,14.499999999999998,0.58,3.42,14.499999999999998,85.5,57.99999999999999,14.070839398350312,32,29,0.0
134,30,170,15.0,0.6,3.4,15.0,85.0,60.0,14.55604075691412,33,30,2.000000000000007
135,30,170,15.0,0.6,3.4,15.0,85.0,60.0,14.55604075691412,33,30,0.0
136,30,170,15.0,0.6,3.4,15.0,85.0,60.0,14.55604075691412,33,30,0.0
137,31,169,15.5,0.62,3.38,15.5,84.5,62.0,15.041242115477923,34,31,2.0
138,31,169,15.5,0.62,3.38,15.5,84.5,62.0,15.041242115477923,34,31,0.0
139,31,169,15.5,0.62,3.38,15.5,84.5,62.0,15.041242115477923,34,31,0.0
140,32,168,16.0,0.64,3.36,16.0,84.0,64.0,15.526443474041729,35,32,2.0
141,33,167,16.5,0.66,3.34,16.5,83.5,66.0,16.011644832605533,36,33,2.0
142,34,166,17.0,0.68,3.32,17.0,83.0,68.0,16.496846191169336,37,34,2.0
143,34,166,17.0,0.68,3.32,17.0,83.0,68.0,16.496846191169336,37,34,0.0
144,34,166,17.0,0.68,3.32,17.0,83.0,68.0,16.496846191169336,37,34,0.0
145,35,165,17.5,0.7000000000000001,3.3,17.5,82.5,70.0,16.98204754973314,39,35,2.0
146,35,165,17.5,0.7000000000000001,3.3,17.5,82.5,70.0,16.98204754973314,39,35,0.0
147,35,165,17.5,0.7000000000000001,3.3,17.5,82.5,70.0,16.98204754973314,39,35,0.0
148,35,165,17.5,0.7000000000000001,3.3,17.5,82.5,70.0,16.98204754973314,39,35,0.0
149,35,165,17.5,0.7000000000000001,3.3,17.5,82.5,70.0,16.98204754973314,39,35,0.0
150,35,165,17.5,0.7000000000000001,3.3,17.5,82.5,70.0,16.98204754973314,39,35,0.0
151,35,165,17.5,0.7000000000000001,3.3,17.5,82.5,70.0,16.98204754973314,39,35,0.0
152,35,165,17.5,0.7000000000000001,3.3,17.5,82.5,70.0,16.98204754973314,39,35,0.0
153,35,165,17.5,0.7000000000000001,3.3,17.5,82.5,70.0,16.98204754973314,39,35,0.0
154,35,165,17.5,0.7000000000000001,3.3,17.5,82.5,70.0,16.98204754973314,39,35,0.0
155,35,165,17.5,0.7000000000000001,3.3,17.5,82.5,70.0,16.98204754973314,39,35,0.0
156,35,165,17.5,0.7000000000000001,3.3,17.5,82.5,70.0,16.98204754973314,39,35,0.0
157,35,165,17.5,0.7000000000000001,3.3,17.5,82.5,70.0,16.98204754973314,39,35,0.0
158,35,165,17.5,0.7000000000000001,3.3,17.5,82.5,70.0,16.98204754973314,39,35,0.0
159,35,165,17.5,0.7000000000000001,3.3,17.5,82.5,70.0,16.98204754973314,39,35,0.0
160,35,165,17.5,0.7000000000000001,3.3,17.5,82.5,70.0,16.98204754973314,39,35,0.0
161,35,165,17.5,0.7000000000000001,3.3,17.5,82.5,70.0,16.98204754973314,39,35,0.0
162,35,165,17.5,0.7000000000000001,3.3,17.5,82.5,70.0,16.98204754973314,39,35,0.0
163,35,165,17.5,0.7000000000000001,3.3,17.5,82.5,70.0,16.98204754973314,39,35,0.0
164,35,165,17.5,0.7000000000000001,3.3,17.5,82.5,70.0,16.98204754973314,39,35,0.0
165,35,165,17.5,0.7000000000000001,3.3,17.5,82.5,70.0,16.98204754973314,39,35,0.0
166,35,165,17.5,0.7000000000000001,3.3,17.5,82.5,70.0,16.98204754973314,39,35,0.0
167,35,165,17.5,0.7000000000000001,3.3,17.5,82.5,70.0,16.98204754973314,39,35,0.0
168,35,165,17.5,0.7000000000000001,3.3,17.5,82.5,70.0,16.98204754973314,39,35,0.0
169,35,165,17.5,0.7000000000000001,3.3,17.5,82.5,70.0,16.98204754973314,39,35,0.0
170,35,165,17.5,0.7000000000000001,3.3,17.5,82.5,70.0,16.98204754973314,39,35,0.0
171,35,165,17.5,0.7000000000000001,3.3,17.5,82.5,70.0,16.98204754973314,39,35,0.0
172,35,165,17.5,0.7000000000000001,3.3,17.5,82.5,70.0,16.98204754973314,39,35,0.0
173,35,165,17.5,0.7000000000000001,3.3,17.5,82.5,70.0,16.98204754973314,39,35,0.0
174,35,165,17.5,0.7000000000000001,3.3,17.5,82.5,70.0,16.98204754973314,39,35,0.0
175,35,165,17.5,0.7000000000000001,3.3,17.5,82.5,70.0,16.98204754973314,39,35,0.0
176,35,165,17.5,0.7000000000000001,3.3,17.5,82.5,70.0,16.98204754973314,39,35,0.0
177,35,165,17.5,0.7000000000000001,3.3,17.5,82.5,70.0,16.98204754973314,39,35,0.0
178,35,165,17.5,0.7000000000000001,3.3,17.5,82.5,70.0,16.98204754973314,39,35,0.0
179,35,165,17.5,0.7000000000000001,3.3,17.5,82.5,70.0,16.98204754973314,39,35,0.0
180,36,164,18.0,0.72,3.2800000000000002,18.0,82.0,72.0,17.467248908296945,40,36,2.0
181,36,164,18.0,0.72,3.2800000000000002,18.0,82.0,72.0,17.467248908296945,40,36,0.0
182,36,164,18.0,0.72,3.2800000000000002,18.0,82.0,72.0,17.467248908296945,40,36,0.0
183,37,163,18.5,0.74,3.26,18.5,81.5,74.0,17.952450266860748,41,37,2.0
184,37,163,18.5,0.74,3.26,18.5,81.5,74.0,17.952450266860748,41,37,0.0
185,37,163,18.5,0.74,3.26,18.5,81.5,74.0,17.952450266860748,41,37,0.0
186,37,163,18.5,0.74,3.26,18.5,81.5,74.0,17.952450266860748,41,37,0.0
187,37,163,18.5,0.74,3.26,18.5,81.5,74.0,17.952450266860748,41,37,0.0
188,37,163,18.5,0.74,3.26,18.5,81.5,74.0,17.952450266860748,41,37,0.0
189,38,162,19.0,0.76,3.24,19.0,81.0,76.0,18.43765162542455,42,38,2.0
190,38,162,19.0,0.76,3.24,19.0,81.0,76.0,18.43765162542455,42,38,0.0
191,38,162,19.0,0.76,3.24,19.0,81.0,76.0,18.43765162542455,42,38,0.0
192,38,162,19.0,0.76,3.24,19.0,81.0,76.0,18.43765162542455,42,38,0.0
193,38,162,19.0,0.76,3.24,19.0,81.0,76.0,18.43765162542455,42,38,0.0
194,38,162,19.0,0.76,3.24,19.0,81.0,76.0,18.43765162542455,42,38,0.0
195,38,162,19.0,0.76,3.24,19.0,81.0,76.0,18.43765162542455,42,38,0.0
196,38,162,19.0,0.76,3.24,19.0,81.0,76.0,18.43765162542455,42,38,0.0
197,38,162,19.0,0.76,3.24,19.0,81.0,76.0,18.43765162542455,42,38,0.0
198,38,162,19.0,0.76,3.24,19.0,81.0,76.0,18.43765162542455,42,38,0.0
199,38,162,19.0,0.76,3.24,19.0,81.0,76.0,18.43765162542455,42,38,0.0
200,39,161,19.5,0.78,3.2199999999999998,19.5,80.49999999999999,78.0,18.922852983988356,43,39,2.0
201,39,161,19.5,0.78,3.2199999999999998,19.5,80.49999999999999,78.0,18.922852983988356,43,39,0.0
202,39,161,19.5,0.78,3.2199999999999998,19.5,80.49999999999999,78.0,18.922852983988356,43,39,0.0
203,39,161,19.5,0.78,3.2199999999999998,19.5,80.49999999999999,78.0,18.922852983988356,43,39,0.0
204,40,160,20.0,0.8,3.2,20.0,80.0,80.0,19.40805434255216,44,40,2.0
205,40,160,20.0,0.8,3.2,20.0,80.0,80.0,19.40805434255216,44,40,0.0
206,40,160,20.0,0.8,3.2,20.0,80.0,80.0,19.40805434255216,44,40,0.0
207,41,159,20.5,0.8200000000000001,3.1799999999999997,20.5,79.49999999999999,82.0,19.893255701115965,45,41,2.0
208,42,158,21.0,0.84,3.16,21.0,79.0,84.0,20.378457059679768,46,42,2.0
209,42,158,21.0,0.84,3.16,21.0,79.0,84.0,20.378457059679768,46,42,0.0
210,42,158,21.0,0.84,3.16,21.0,79.0,84.0,20.378457059679768,46,42,0.0
211,42,158,21.0,0.84,3.16,21.0,79.0,84.0,20.378457059679768,46,42,0.0
212,42,158,21.0,0.84,3.16,21.0,79.0,84.0,20.378457059679768,46,42,0.0
213,42,158,21.0,0.84,3.16,21.0,79.0,84.0,20.378457059679768,46,42,0.0
214,42,158,21.0,0.84,3.16,21.0,79.0,84.0,20.378457059679768,46,42,0.0
215,42,158,21.0,0.84,3.16,21.0,79.0,84.0,20.378457059679768,46,42,0.0
216,42,158,21.0,0.84,3.16,21.0,79.0,84.0,20.378457059679768,46,42,0.0
217,42,158,21.0,0.84,3.16,21.0,79.0,84.0,20.378457059679768,46,42,0.0
218,42,158,21.0,0.84,3.16,21.0,79.0,84.0,20.378457059679768,46,42,0.0
219,42,158,21.0,0.84,3.16,21.0,79.0,84.0,20.378457059679768,46,42,0.0
220,43,157,21.5,0.86,3.14,21.5,78.5,86.0,20.86365841824357,47,43,2.0
221,43,157,21.5,0.86,3.14,21.5,78.5,86.0,20.86365841824357,47,43,0.0
222,43,157,21.5,0.86,3.14,21.5,78.5,86.0,20.86365841824357,47,43,0.0
223,43,157,21.5,0.86,3.14,21.5,78.5,86.0,20.86365841824357,47,43,0.0
224,43,157,21.5,0.86,3.14,21.5,78.5,86.0,20.86365841824357,47,43,0.0
225,43,157,21.5,0.86,3.14,21.5,78.5,86.0,20.86365841824357,47,43,0.0
226,43,157,21.5,0.86,3.14,21.5,78.5,86.0,20.86365841824357,47,43,0.0
227,43,157,21.5,0.86,3.14,21.5,78.5,86.0,20.86365841824357,47,43,0.0
228,43,157,21.5,0.86,3.14,21.5,78.5,86.0,20.86365841824357,47,43,0.0
229,43,157,21.5,0.86,3.14,21.5,78.5,86.0,20.86365841824357,47,43,0.0
230,43,157,21.5,0.86,3.14,21.5,78.5,86.0,20.86365841824357,47,43,0.0
231,43,157,21.5,0.86,3.14,21.5,78.5,86.0,20.86365841824357,47,43,0.0
232,43,157,21.5,0.86,3.14,21.5,78.5,86.0,20.86365841824357,47,43,0.0
233,43,157,21.5,0.86,3.14,21.5,78.5,86.0,20.86365841824357,47,43,0.0
234,43,157,21.5,0.86,3.14,21.5,78.5,86.0,20.86365841824357,47,43,0.0
235,43,157,21.5,0.86,3.14,21.5,78.5,86.0,20.86365841824357,47,43,0.0
236,43,157,21.5,0.86,3.14,21.5,78.5,86.0,20.86365841824357,47,43,0.0
237,43,157,21.5,0.86,3.14,21.5,78.5,86.0,20.86365841824357,47,43,0.0
238,43,157,21.5,0.86,3.14,21.5,78.5,86.0,20.86365841824357,47,43,0.0
239,43,157,21.5,0.86,3.14,21.5,78.5,86.0,20.86365841824357,47,43,0.0
240,43,157,21.5,0.86,3.14,21.5,78.5,86.0,20.86365841824357,47,43,0.0
241,43,157,21.5,0.86,3.14,21.5,78.5,86.0,20.86365841824357,47,43,0.0
242,43,157,21.5,0.86,3.14,21.5,78.5,86.0,20.86365841824357,47,43,0.0
243,43,157,21.5,0.86,3.14,21.5,78.5,86.0,20.86365841824357,47,43,0.0
244,43,157,21.5,0.86,3.14,21.5,78.5,86.0,20.86365841824357,47,43,0.0
245,43,157,21.5,0.86,3.14,21.5,78.5,86.0,20.86365841824357,47,43,0.0
246,43,157,21.5,0.86,3.14,21.5,78.5,86.0,20.86365841824357,48,43,0.0
247,43,157,21.5,0.86,3.14,21.5,78.5,86.0,20.86365841824357,48,43,0.0
248,44,156,22.0,0.88,3.12,22.0,78.0,88.0,21.348859776807373,50,44,2.0
249,44,156,22.0,0.88,3.12,22.0,78.0,88.0,21.348859776807373,50,44,0.0
250,44,156,22.0,0.88,3.12,22.0,78.0,88.0,21.348859776807373,50,44,0.0
251,44,156,22.0,0.88,3.12,22.0,78.0,88.0,21.348859776807373,51,44,0.0
252,44,156,22.0,0.88,3.12,22.0,78.0,88.0,21.348859776807373,51,44,0.0
253,44,156,22.0,0.88,3.12,22.0,78.0,88.0,21.348859776807373,51,44,0.0
254,44,156,22.0,0.88,3.12,22.0,78.0,88.0,21.348859776807373,51,44,0.0
255,45,155,22.5,0.9,3.1,22.5,77.5,90.0,21.83406113537118,52,45,2.0
256,45,155,22.5,0.9,3.1,22.5,77.5,90.0,21.83406113537118,52,45,0.0
257,45,155,22.5,0.9,3.1,22.5,77.5,90.0,21.83406113537118,52,45,0.0
258,45,155,22.5,0.9,3.1,22.5,77.5,90.0,21.83406113537118,52,45,0.0
259,45,155,22.5,0.9,3.1,22.5,77.5,90.0,21.83406113537118,52,45,0.0
260,45,155,22.5,0.9,3.1,22.5,77.5,90.0,21.83406113537118,52,45,0.0
261,45,155,22.5,0.9,3.1,22.5,77.5,90.0,21.83406113537118,52,45,0.0
262,45,155,22.5,0.9,3.1,22.5,77.5,90.0,21.83406113537118,52,45,0.0
263,45,155,22.5,0.9,3.1,22.5,77.5,90.0,21.83406113537118,52,45,0.0
264,45,155,22.5,0.9,3.1,22.5,77.5,90.0,21.83406113537118,52,45,0.0
265,45,155,22.5,0.9,3.1,22.5,77.5,90.0,21.83406113537118,52,45,0.0
266,45,155,22.5,0.9,3.1,22.5,77.5,90.0,21.83406113537118,52,45,0.0
267,45,155,22.5,0.9,3.1,22.5,77.5,90.0,21.83406113537118,52,45,0.0
268,45,155,22.5,0.9,3.1,22.5,77.5,90.0,21.83406113537118,52,45,0.0
269,45,155,22.5,0.9,3.1,22.5,77.5,90.0,21.83406113537118,52,45,0.0
270,45,155,22.5,0.9,3.1,22.5,77.5,90.0,21.83406113537118,52,45,0.0
271,45,155,22.5,0.9,3.1,22.5,77.5,90.0,21.83406113537118,52,45,0.0
272,45,155,22.5,0.9,3.1,22.5,77.5,90.0,21.83406113537118,52,45,0.0
273,45,155,22.5,0.9,3.1,22.5,77.5,90.0,21.83406113537118,52,45,0.0
274,45,155,22.5,0.9,3.1,22.5,77.5,90.0,21.83406113537118,52,45,0.0
275,46,154,23.0,0.92,3.08,23.0,77.0,92.0,22.319262493934982,53,46,2.0
276,46,154,23.0,0.92,3.08,23.0,77.0,92.0,22.319262493934982,53,46,0.0
277,46,154,23.0,0.92,3.08,23.0,77.0,92.0,22.319262493934982,53,46,0.0
278,46,154,23.0,0.92,3.08,23.0,77.0,92.0,22.319262493934982,53,46,0.0
279,46,154,23.0,0.92,3.08,23.0,77.0,92.0,22.319262493934982,53,46,0.0
280,46,154,23.0,0.92,3.08,23.0,77.0,92.0,22.319262493934982,53,46,0.0
281,46,154,23.0,0.92,3.08,23.0,77.0,92.0,22.319262493934982,53,46,0.0
282,46,154,23.0,0.92,3.08,23.0,77.0,92.0,22.319262493934982,53,46,0.0
283,46,154,23.0,0.92,3.08,23.0,77.0,92.0,22.319262493934982,53,46,0.0
284,46,154,23.0,0.92,3.08,23.0,77.0,92.0,22.319262493934982,53,46,0.0
285,46,154,23.0,0.92,3.08,23.0,77.0,92.0,22.319262493934982,53,46,0.0
286,46,154,23.0,0.92,3.08,23.0,77.0,92.0,22.319262493934982,53,46,0.0
287,46,154,23.0,0.92,3.08,23.0,77.0,92.0,22.319262493934982,53,46,0.0
288,46,154,23.0,0.92,3.08,23.0,77.0,92.0,22.319262493934982,53,46,0.0
289,46,154,23.0,0.92,3.08,23.0,77.0,92.0,22.319262493934982,53,46,0.0
290,46,154,23.0,0.92,3.08,23.0,77.0,92.0,22.319262493934982,53,46,0.0
291,46,154,23.0,0.92,3.08,23.0,77.0,92.0,22.319262493934982,53,46,0.0
292,48,152,24.0,0.96,3.04,24.0,76.0,96.0,23.28966521106259,55,48,4.0
293,48,152,24.0,0.96,3.04,24.0,76.0,96.0,23.28966521106259,56,48,0.0
294,48,152,24.0,0.96,3.04,24.0,76.0,96.0,23.28966521106259,56,48,0.0
295,48,152,24.0,0.96,3.04,24.0,76.0,96.0,23.28966521106259,56,48,0.0
296,49,151,24.5,0.98,3.02,24.5,75.5,98.0,23.774866569626397,58,49,2.0
297,49,151,24.5,0.98,3.02,24.5,75.5,98.0,23.774866569626397,59,49,0.0
298,49,151,24.5,0.98,3.02,24.5,75.5,98.0,23.774866569626397,59,49,0.0
299,49,151,24.5,0.98,3.02,24.5,75.5,98.0,23.774866569626397,59,49,0.0
300,49,151,24.5,0.98,3.02,24.5,75.5,98.0,23.774866569626397,59,49,0.0
301,49,151,24.5,0.98,3.02,24.5,75.5,98.0,23.774866569626397,59,49,0.0
302,49,151,24.5,0.98,3.02,24.5,75.5,98.0,23.774866569626397,59,49,0.0
303,49,151,24.5,0.98,3.02,24.5,75.5,98.0,23.774866569626397,59,49,0.0
304,49,151,24.5,0.98,3.02,24.5,75.5,98.0,23.774866569626397,59,49,0.0
305,49,151,24.5,0.98,3.02,24.5,75.5,98.0,23.774866569626397,59,49,0.0
306,49,151,24.5,0.98,3.02,24.5,75.5,98.0,23.774866569626397,59,49,0.0
307,49,151,24.5,0.98,3.02,24.5,75.5,98.0,23.774866569626397,59,49,0.0
308,49,151,24.5,0.98,3.02,24.5,75.5,98.0,23.774866569626397,59,49,0.0
309,49,151,24.5,0.98,3.02,24.5,75.5,98.0,23.774866569626397,59,49,0.0
310,49,151,24.5,0.98,3.02,24.5,75.5,98.0,23.774866569626397,59,49,0.0
311,49,151,24.5,0.98,3.02,24.5,75.5,98.0,23.774866569626397,59,49,0.0
312,49,151,24.5,0.98,3.02,24.5,75.5,98.0,23.774866569626397,59,49,0.0
313,49,151,24.5,0.98,3.02,24.5,75.5,98.0,23.774866569626397,59,49,0.0
314,49,151,24.5,0.98,3.02,24.5,75.5,98.0,23.774866569626397,59,49,0.0
315,50,150,25.0,1.0,3.0,25.0,75.0,100.0,24.2600679281902,60,50,2.0
316,50,150,25.0,1.0,3.0,25.0,75.0,100.0,24.2600679281902,60,50,0.0
317,50,150,25.0,1.0,3.0,25.0,75.0,100.0,24.2600679281902,60,50,0.0
318,50,150,25.0,1.0,3.0,25.0,75.0,100.0,24.2600679281902,60,50,0.0
319,50,150,25.0,1.0,3.0,25.0,75.0,100.0,24.2600679281902,60,50,0.0
320,50,150,25.0,1.0,3.0,25.0,75.0,100.0,24.2600679281902,60,50,0.0
321,50,150,25.0,1.0,3.0,25.0,75.0,100.0,24.2600679281902,60,50,0.0
322,50,150,25.0,1.0,3.0,25.0,75.0,100.0,24.2600679281902,60,50,0.0
323,51,149,25.5,1.02,2.98,25.5,74.5,102.0,24.745269286754006,61,51,2.0
324,51,149,25.5,1.02,2.98,25.5,74.5,102.0,24.745269286754006,61,51,0.0
325,51,149,25.5,1.02,2.98,25.5,74.5,102.0,24.745269286754006,61,51,0.0
326,52,148,26.0,1.04,2.96,26.0,74.0,104.0,25.23047064531781,62,52,2.0
327,52,148,26.0,1.04,2.96,26.0,74.0,104.0,25.23047064531781,62,52,0.0
328,52,148,26.0,1.04,2.96,26.0,74.0,104.0,25.23047064531781,62,52,0.0
329,52,148,26.0,1.04,2.96,26.0,74.0,104.0,25.23047064531781,62,52,0.0
330,52,148,26.0,1.04,2.96,26.0,74.0,104.0,25.23047064531781,62,52,0.0
331,52,148,26.0,1.04,2.96,26.0,74.0,104.0,25.23047064531781,62,52,0.0
332,53,147,26.5,1.06,2.94,26.5,73.5,106.0,25.71567200388161,63,53,2.0
333,55,145,27.500000000000004,1.1,2.9,27.5,72.5,110.0,26.686074721009216,65,55,4.0
334,55,145,27.500000000000004,1.1,2.9,27.5,72.5,110.0,26.686074721009216,65,55,0.0
335,55,145,27.500000000000004,1.1,2.9,27.5,72.5,110.0,26.686074721009216,66,55,0.0
336,55,145,27.500000000000004,1.1,2.9,27.5,72.5,110.0,26.686074721009216,66,55,0.0
337,55,145,27.500000000000004,1.1,2.9,27.5,72.5,110.0,26.686074721009216,66,55,0.0
338,55,145,27.500000000000004,1.1,2.9,27.5,72.5,110.0,26.686074721009216,67,55,0.0
339,55,145,27.500000000000004,1.1,2.9,27.5,72.5,110.0,26.686074721009216,67,55,0.0
340,55,145,27.500000000000004,1.1,2.9,27.5,72.5,110.0,26.686074721009216,68,55,0.0
341,56,144,28.000000000000004,1.12,2.88,28.000000000000004,72.0,112.00000000000001,27.171276079573026,69,56,2.000000000000014
342,56,144,28.000000000000004,1.12,2.88,28.000000000000004,72.0,112.00000000000001,27.171276079573026,69,56,0.0
343,56,144,28.000000000000004,1.12,2.88,28.000000000000004,72.0,112.00000000000001,27.171276079573026,69,56,0.0
344,56,144,28.000000000000004,1.12,2.88,28.000000000000004,72.0,112.00000000000001,27.171276079573026,69,56,0.0
345,56,144,28.000000000000004,1.12,2.88,28.000000000000004,72.0,112.00000000000001,27.171276079573026,69,56,0.0
346,56,144,28.000000000000004,1.12,2.88,28.000000000000004,72.0,112.00000000000001,27.171276079573026,69,56,0.0
347,56,144,28.000000000000004,1.12,2.88,28.000000000000004,72.0,112.00000000000001,27.171276079573026,69,56,0.0
348,56,144,28.000000000000004,1.12,2.88,28.000000000000004,72.0,112.00000000000001,27.171276079573026,69,56,0.0
349,56,144,28.000000000000004,1.12,2.88,28.000000000000004,72.0,112.00000000000001,27.171276079573026,69,56,0.0
350,56,144,28.000000000000004,1.12,2.88,28.000000000000004,72.0,112.00000000000001,27.171276079573026,69,56,0.0
351,56,144,28.000000000000004,1.12,2.88,28.000000000000004,72.0,112.00000000000001,27.171276079573026,69,56,0.0
352,56,144,28.000000000000004,1.12,2.88,28.000000000000004,72.0,112.00000000000001,27.171276079573026,69,56,0.0
353,56,144,28.000000000000004,1.12,2.88,28.000000000000004,72.0,112.00000000000001,27.171276079573026,69,56,0.0
354,56,144,28.000000000000004,1.12,2.88,28.000000000000004,72.0,112.00000000000001,27.171276079573026,69,56,0.0
355,56,144,28.000000000000004,1.12,2.88,28.000000000000004,72.0,112.00000000000001,27.171276079573026,69,56,0.0
356,56,144,28.000000000000004,1.12,2.88,28.000000000000004,72.0,112.00000000000001,27.171276079573026,69,56,0.0
357,56,144,28.000000000000004,1.12,2.88,28.000000000000004,72.0,112.00000000000001,27.171276079573026,69,56,0.0
358,56,144,28.000000000000004,1.12,2.88,28.000000000000004,72.0,112.00000000000001,27.171276079573026,69,56,0.0
359,57,143,28.499999999999996,1.1400000000000001,2.86,28.500000000000004,71.5,114.00000000000001,27.65647743813683,70,57,2.0
360,57,143,28.499999999999996,1.1400000000000001,2.86,28.500000000000004,71.5,114.00000000000001,27.65647743813683,70,57,0.0
361,57,143,28.499999999999996,1.1400000000000001,2.86,28.500000000000004,71.5,114.00000000000001,27.65647743813683,70,57,0.0
362,57,143,28.499999999999996,1.1400000000000001,2.86,28.500000000000004,71.5,114.00000000000001,27.65647743813683,70,57,0.0
363,57,143,28.499999999999996,1.1400000000000001,2.86,28.500000000000004,71.5,114.00000000000001,27.65647743813683,70,57,0.0
364,57,143,28.499999999999996,1.1400000000000001,2.86,28.500000000000004,71.5,114.00000000000001,27.65647743813683,70,57,0.0
365,57,143,28.499999999999996,1.1400000000000001,2.86,28.500000000000004,71.5,114.00000000000001,27.65647743813683,70,57,0.0
366,57,143,28.499999999999996,1.1400000000000001,2.86,28.500000000000004,71.5,114.00000000000001,27.65647743813683,70,57,0.0
367,57,143,28.499999999999996,1.1400000000000001,2.86,28.500000000000004,71.5,114.00000000000001,27.65647743813683,70,57,0.0
368,57,143,28.499999999999996,1.1400000000000001,2.86,28.500000000000004,71.5,114.00000000000001,27.65647743813683,70,57,0.0
369,57,143,28.499999999999996,1.1400000000000001,2.86,28.500000000000004,71.5,114.00000000000001,27.65647743813683,70,57,0.0
370,57,143,28.499999999999996,1.1400000000000001,2.86,28.500000000000004,71.5,114.00000000000001,27.65647743813683,70,57,0.0
371,57,143,28.499999999999996,1.1400000000000001,2.86,28.500000000000004,71.5,114.00000000000001,27.65647743813683,70,57,0.0
372,57,143,28.499999999999996,1.1400000000000001,2.86,28.500000000000004,71.5,114.00000000000001,27.65647743813683,70,57,0.0
373,57,143,28.499999999999996,1.1400000000000001,2.86,28.500000000000004,71.5,114.00000000000001,27.65647743813683,70,57,0.0
374,57,143,28.499999999999996,1.1400000000000001,2.86,28.500000000000004,71.5,114.00000000000001,27.65647743813683,70,57,0.0
375,57,143,28.499999999999996,1.1400000000000001,2.86,28.500000000000004,71.5,114.00000000000001,27.65647743813683,70,57,0.0
376,57,143,28.499999999999996,1.1400000000000001,2.86,28.500000000000004,71.5,114.00000000000001,27.65647743813683,70,57,0.0
377,57,143,28.499999999999996,1.1400000000000001,2.86,28.500000000000004,71.5,114.00000000000001,27.65647743813683,70,57,0.0
378,58,142,28.999999999999996,1.16,2.84,28.999999999999996,71.0,115.99999999999999,28.141678796700624,71,58,1.9999999999999716
379,58,142,28.999999999999996,1.16,2.84,28.999999999999996,71.0,115.99999999999999,28.141678796700624,71,58,0.0
380,58,142,28.999999999999996,1.16,2.84,28.999999999999996,71.0,115.99999999999999,28.141678796700624,71,58,0.0
381,58,142,28.999999999999996,1.16,2.84,28.999999999999996,71.0,115.99999999999999,28.141678796700624,71,58,0.0
382,58,142,28.999999999999996,1.16,2.84,28.999999999999996,71.0,115.99999999999999,28.141678796700624,71,58,0.0
383,58,142,28.999999999999996,1.16,2.84,28.999999999999996,71.0,115.99999999999999,28.141678796700624,71,58,0.0
384,58,142,28.999999999999996,1.16,2.84,28.999999999999996,71.0,115.99999999999999,28.141678796700624,71,58,0.0
385,58,142,28.999999999999996,1.16,2.84,28.999999999999996,71.0,115.99999999999999,28.141678796700624,71,58,0.0
386,58,142,28.999999999999996,1.16,2.84,28.999999999999996,71.0,115.99999999999999,28.141678796700624,71,58,0.0
387,58,142,28.999999999999996,1.16,2.84,28.999999999999996,71.0,115.99999999999999,28.141678796700624,71,58,0.0
388,58,142,28.999999999999996,1.16,2.84,28.999999999999996,71.0,115.99999999999999,28.141678796700624,71,58,0.0
389,58,142,28.999999999999996,1.16,2.84,28.999999999999996,71.0,115.99999999999999,28.141678796700624,71,58,0.0
390,58,142,28.999999999999996,1.16,2.84,28.999999999999996,71.0,115.99999999999999,28.141678796700624,71,58,0.0
391,58,142,28.999999999999996,1.16,2.84,28.999999999999996,71.0,115.99999999999999,28.141678796700624,71,58,0.0
392,58,142,28.999999999999996,1.16,2.84,28.999999999999996,71.0,115.99999999999999,28.141678796700624,71,58,0.0
393,58,142,28.999999999999996,1.16,2.84,28.999999999999996,71.0,115.99999999999999,28.141678796700624,71,58,0.0
394,58,142,28.999999999999996,1.16,2.84,28.999999999999996,71.0,115.99999999999999,28.141678796700624,71,58,0.0
395,58,142,28.999999999999996,1.16,2.84,28.999999999999996,71.0,115.99999999999999,28.141678796700624,71,58,0.0
396,58,142,28.999999999999996,1.16,2.84,28.999999999999996,71.0,115.99999999999999,28.141678796700624,71,58,0.0
397,58,142,28.999999999999996,1.16,2.84,28.999999999999996,71.0,115.99999999999999,28.141678796700624,71,58,0.0
398,58,142,28.999999999999996,1.16,2.84,28.999999999999996,71.0,115.99999999999999,28.141678796700624,71,58,0.0
399,58,142,28.999999999999996,1.16,2.84,28.999999999999996,71.0,115.99999999999999,28.141678796700624,71,58,0.0
400,58,142,28.999999999999996,1.16,2.84,28.999999999999996,71.0,115.99999999999999,28.141678796700624,71,58,0.0
401,58,142,28.999999999999996,1.16,2.84,28.999999999999996,71.0,115.99999999999999,28.141678796700624,71,58,0.0
402,58,142,28.999999999999996,1.16,2.84,28.999999999999996,71.0,115.99999999999999,28.141678796700624,71,58,0.0
403,58,142,28.999999999999996,1.16,2.84,28.999999999999996,71.0,115.99999999999999,28.141678796700624,71,58,0.0
404,58,142,28.999999999999996,1.16,2.84,28.999999999999996,71.0,115.99999999999999,28.141678796700624,71,58,0.0
405,58,142,28.999999999999996,1.16,2.84,28.999999999999996,71.0,115.99999999999999,28.141678796700624,71,58,0.0
406,58,142,28.999999999999996,1.16,2.84,28.999999999999996,71.0,115.99999999999999,28.141678796700624,71,58,0.0
407,58,142,28.999999999999996,1.16,2.84,28.999999999999996,71.0,115.99999999999999,28.141678796700624,71,58,0.0
408,58,142,28.999999999999996,1.16,2.84,28.999999999999996,71.0,115.99999999999999,28.141678796700624,71,58,0.0
409,58,142,28.999999999999996,1.16,2.84,28.999999999999996,71.0,115.99999999999999,28.141678796700624,71,58,0.0
410,58,142,28.999999999999996,1.16,2.84,28.999999999999996,71.0,115.99999999999999,28.141678796700624,71,58,0.0
411,58,142,28.999999999999996,1.16,2.84,28.999999999999996,71.0,115.99999999999999,28.141678796700624,71,58,0.0
412,58,142,28.999999999999996,1.16,2.84,28.999999999999996,71.0,115.99999999999999,28.141678796700624,71,58,0.0
413,58,142,28.999999999999996,1.16,2.84,28.999999999999996,71.0,115.99999999999999,28.141678796700624,71,58,0.0
414,58,142,28.999999999999996,1.16,2.84,28.999999999999996,71.0,115.99999999999999,28.141678796700624,71,58,0.0
415,59,141,29.5,1.18,2.8200000000000003,29.499999999999996,70.5,117.99999999999999,28.626880155264434,72,59,2.0
416,59,141,29.5,1.18,2.8200000000000003,29.499999999999996,70.5,117.99999999999999,28.626880155264434,72,59,0.0
417,59,141,29.5,1.18,2.8200000000000003,29.499999999999996,70.5,117.99999999999999,28.626880155264434,72,59,0.0
418,59,141,29.5,1.18,2.8200000000000003,29.499999999999996,70.5,117.99999999999999,28.626880155264434,72,59,0.0
419,59,141,29.5,1.18,2.8200000000000003,29.499999999999996,70.5,117.99999999999999,28.626880155264434,72,59,0.0
420,59,141,29.5,1.18,2.8200000000000003,29.499999999999996,70.5,117.99999999999999,28.626880155264434,72,59,0.0
421,59,141,29.5,1.18,2.8200000000000003,29.499999999999996,70.5,117.99999999999999,28.626880155264434,72,59,0.0
422,59,141,29.5,1.18,2.8200000000000003,29.499999999999996,70.5,117.99999999999999,28.626880155264434,72,59,0.0
423,59,141,29.5,1.18,2.8200000000000003,29.499999999999996,70.5,117.99999999999999,28.626880155264434,72,59,0.0
424,59,141,29.5,1.18,2.8200000000000003,29.499999999999996,70.5,117.99999999999999,28.626880155264434,72,59,0.0
425,59,141,29.5,1.18,2.8200000000000003,29.499999999999996,70.5,117.99999999999999,28.626880155264434,72,59,0.0
426,59,141,29.5,1.18,2.8200000000000003,29.499999999999996,70.5,117.99999999999999,28.626880155264434,72,59,0.0
427,59,141,29.5,1.18,2.8200000000000003,29.499999999999996,70.5,117.99999999999999,28.626880155264434,72,59,0.0
428,59,141,29.5,1.18,2.8200000000000003,29.499999999999996,70.5,117.99999999999999,28.626880155264434,72,59,0.0
429,59,141,29.5,1.18,2.8200000000000003,29.499999999999996,70.5,117.99999999999999,28.626880155264434,72,59,0.0
430,59,141,29.5,1.18,2.8200000000000003,29.499999999999996,70.5,117.99999999999999,28.626880155264434,72,59,0.0
431,59,141,29.5,1.18,2.8200000000000003,29.499999999999996,70.5,117.99999999999999,28.626880155264434,72,59,0.0
432,59,141,29.5,1.18,2.8200000000000003,29.499999999999996,70.5,117.99999999999999,28.626880155264434,72,59,0.0
433,59,141,29.5,1.18,2.8200000000000003,29.499999999999996,70.5,117.99999999999999,28.626880155264434,72,59,0.0
434,59,141,29.5,1.18,2.8200000000000003,29.499999999999996,70.5,117.99999999999999,28.626880155264434,72,59,0.0
435,59,141,29.5,1.18,2.8200000000000003,29.499999999999996,70.5,117.99999999999999,28.626880155264434,72,59,0.0
436,59,141,29.5,1.18,2.8200000000000003,29.499999999999996,70.5,117.99999999999999,28.626880155264434,73,59,0.0
437,59,141,29.5,1.18,2.8200000000000003,29.499999999999996,70.5,117.99999999999999,28.626880155264434,73,59,0.0
438,59,141,29.5,1.18,2.8200000000000003,29.499999999999996,70.5,117.99999999999999,28.626880155264434,73,59,0.0
439,59,141,29.5,1.18,2.8200000000000003,29.499999999999996,70.5,117.99999999999999,28.626880155264434,73,59,0.0
440,59,141,29.5,1.18,2.8200000000000003,29.499999999999996,70.5,117.99999999999999,28.626880155264434,73,59,0.0
441,59,141,29.5,1.18,2.8200000000000003,29.499999999999996,70.5,117.99999999999999,28.626880155264434,73,59,0.0
442,59,141,29.5,1.18,2.8200000000000003,29.499999999999996,70.5,117.99999999999999,28.626880155264434,73,59,0.0
443,59,141,29.5,1.18,2.8200000000000003,29.499999999999996,70.5,117.99999999999999,28.626880155264434,73,59,0.0
444,60,140,30.0,1.2,2.8,30.0,70.0,120.0,29.11208151382824,74,60,2.000000000000014
445,60,140,30.0,1.2,2.8,30.0,70.0,120.0,29.11208151382824,74,60,0.0
446,60,140,30.0,1.2,2.8,30.0,70.0,120.0,29.11208151382824,74,60,0.0
447,60,140,30.0,1.2,2.8,30.0,70.0,120.0,29.11208151382824,74,60,0.0
448,60,140,30.0,1.2,2.8,30.0,70.0,120.0,29.11208151382824,74,60,0.0
449,60,140,30.0,1.2,2.8,30.0,70.0,120.0,29.11208151382824,74,60,0.0
450,60,140,30.0,1.2,2.8,30.0,70.0,120.0,29.11208151382824,74,60,0.0
451,60,140,30.0,1.2,2.8,30.0,70.0,120.0,29.11208151382824,74,60,0.0
452,60,140,30.0,1.2,2.8,30.0,70.0,120.0,29.11208151382824,74,60,0.0
453,60,140,30.0,1.2,2.8,30.0,70.0,120.0,29.11208151382824,74,60,0.0
454,60,140,30.0,1.2,2.8,30.0,70.0,120.0,29.11208151382824,74,60,0.0
455,61,139,30.5,1.22,2.7800000000000002,30.5,69.5,122.0,29.597282872392043,75,61,2.0
456,62,138,31.0,1.24,2.76,31.0,69.0,124.0,30.082484230955846,76,62,2.0
457,62,138,31.0,1.24,2.76,31.0,69.0,124.0,30.082484230955846,76,62,0.0
458,62,138,31.0,1.24,2.76,31.0,69.0,124.0,30.082484230955846,76,62,0.0
459,62,138,31.0,1.24,2.76,31.0,69.0,124.0,30.082484230955846,76,62,0.0
460,62,138,31.0,1.24,2.76,31.0,69.0,124.0,30.082484230955846,76,62,0.0
461,62,138,31.0,1.24,2.76,31.0,69.0,124.0,30.082484230955846,76,62,0.0
462,62,138,31.0,1.24,2.76,31.0,69.0,124.0,30.082484230955846,76,62,0.0
463,62,138,31.0,1.24,2.76,31.0,69.0,124.0,30.082484230955846,76,62,0.0
464,62,138,31.0,1.24,2.76,31.0,69.0,124.0,30.082484230955846,76,62,0.0
465,63,137,31.5,1.26,2.74,31.5,68.5,126.0,30.567685589519648,77,63,2.0
466,63,137,31.5,1.26,2.74,31.5,68.5,126.0,30.567685589519648,77,63,0.0
467,63,137,31.5,1.26,2.74,31.5,68.5,126.0,30.567685589519648,77,63,0.0
468,63,137,31.5,1.26,2.74,31.5,68.5,126.0,30.567685589519648,77,63,0.0
469,63,137,31.5,1.26,2.74,31.5,68.5,126.0,30.567685589519648,77,63,0.0
470,63,137,31.5,1.26,2.74,31.5,68.5,126.0,30.567685589519648,77,63,0.0
471,63,137,31.5,1.26,2.74,31.5,68.5,126.0,30.567685589519648,77,63,0.0
472,63,137,31.5,1.26,2.74,31.5,68.5,126.0,30.567685589519648,77,63,0.0
473,63,137,31.5,1.26,2.74,31.5,68.5,126.0,30.567685589519648,77,63,0.0
474,63,137,31.5,1.26,2.74,31.5,68.5,126.0,30.567685589519648,77,63,0.0
475,63,137,31.5,1.26,2.74,31.5,68.5,126.0,30.567685589519648,77,63,0.0
476,63,137,31.5,1.26,2.74,31.5,68.5,126.0,30.567685589519648,77,63,0.0
477,63,137,31.5,1.26,2.74,31.5,68.5,126.0,30.567685589519648,77,63,0.0
478,63,137,31.5,1.26,2.74,31.5,68.5,126.0,30.567685589519648,77,63,0.0
479,63,137,31.5,1.26,2.74,31.5,68.5,126.0,30.567685589519648,77,63,0.0
480,63,137,31.5,1.26,2.74,31.5,68.5,126.0,30.567685589519648,77,63,0.0
481,63,137,31.5,1.26,2.74,31.5,68.5,126.0,30.567685589519648,77,63,0.0
482,63,137,31.5,1.26,2.74,31.5,68.5,126.0,30.567685589519648,77,63,0.0
483,63,137,31.5,1.26,2.74,31.5,68.5,126.0,30.567685589519648,77,63,0.0
484,64,136,32.0,1.28,2.7199999999999998,32.0,67.99999999999999,128.0,31.052886948083458,78,64,2.0
485,64,136,32.0,1.28,2.7199999999999998,32.0,67.99999999999999,128.0,31.052886948083458,78,64,0.0
486,64,136,32.0,1.28,2.7199999999999998,32.0,67.99999999999999,128.0,31.052886948083458,78,64,0.0
487,64,136,32.0,1.28,2.7199999999999998,32.0,67.99999999999999,128.0,31.052886948083458,78,64,0.0
488,64,136,32.0,1.28,2.7199999999999998,32.0,67.99999999999999,128.0,31.052886948083458,78,64,0.0
489,64,136,32.0,1.28,2.7199999999999998,32.0,67.99999999999999,128.0,31.052886948083458,78,64,0.0
490,64,136,32.0,1.28,2.7199999999999998,32.0,67.99999999999999,128.0,31.052886948083458,79,64,0.0
491,64,136,32.0,1.28,2.7199999999999998,32.0,67.99999999999999,128.0,31.052886948083458,80,64,0.0
492,64,136,32.0,1.28,2.7199999999999998,32.0,67.99999999999999,128.0,31.052886948083458,80,64,0.0
493,64,136,32.0,1.28,2.7199999999999998,32.0,67.99999999999999,128.0,31.052886948083458,80,64,0.0
494,64,136,32.0,1.28,2.7199999999999998,32.0,67.99999999999999,128.0,31.052886948083458,80,64,0.0
495,64,136,32.0,1.28,2.7199999999999998,32.0,67.99999999999999,128.0,31.052886948083458,80,64,0.0
496,65,135,32.5,1.3,2.7,32.5,67.5,130.0,31.53808830664726,81,65,2.0
497,65,135,32.5,1.3,2.7,32.5,67.5,130.0,31.53808830664726,81,65,0.0
498,65,135,32.5,1.3,2.7,32.5,67.5,130.0,31.53808830664726,81,65,0.0
499,65,135,32.5,1.3,2.7,32.5,67.5,130.0,31.53808830664726,81,65,0.0
500,66,134,33.0,1.32,2.6799999999999997,33.0,66.99999999999999,132.0,32.02328966521107,82,66,2.0
501,66,134,33.0,1.32,2.6799999999999997,33.0,66.99999999999999,132.0,32.02328966521107,82,66,0.0
502,66,134,33.0,1.32,2.6799999999999997,33.0,66.99999999999999,132.0,32.02328966521107,82,66,0.0
503,67,133,33.5,1.34,2.66,33.5,66.5,134.0,32.508491023774866,83,67,2.0
504,67,133,33.5,1.34,2.66,33.5,66.5,134.0,32.508491023774866,83,67,0.0
505,67,133,33.5,1.34,2.66,33.5,66.5,134.0,32.508491023774866,83,67,0.0
506,67,133,33.5,1.34,2.66,33.5,66.5,134.0,32.508491023774866,83,67,0.0
507,67,133,33.5,1.34,2.66,33.5,66.5,134.0,32.508491023774866,84,67,0.0
508,67,133,33.5,1.34,2.66,33.5,66.5,134.0,32.508491023774866,84,67,0.0
509,68,132,34.0,1.36,2.6399999999999997,34.0,65.99999999999999,136.0,32.99369238233867,85,68,2.0
510,68,132,34.0,1.36,2.6399999999999997,34.0,65.99999999999999,136.0,32.99369238233867,85,68,0.0
511,68,132,34.0,1.36,2.6399999999999997,34.0,65.99999999999999,136.0,32.99369238233867,85,68,0.0
512,68,132,34.0,1.36,2.6399999999999997,34.0,65.99999999999999,136.0,32.99369238233867,85,68,0.0
513,68,132,34.0,1.36,2.6399999999999997,34.0,65.99999999999999,136.0,32.99369238233867,85,68,0.0
514,68,132,34.0,1.36,2.6399999999999997,34.0,65.99999999999999,136.0,32.99369238233867,85,68,0.0
515,68,132,34.0,1.36,2.6399999999999997,34.0,65.99999999999999,136.0,32.99369238233867,85,68,0.0
516,68,132,34.0,1.36,2.6399999999999997,34.0,65.99999999999999,136.0,32.99369238233867,85,68,0.0
517,68,132,34.0,1.36,2.6399999999999997,34.0,65.99999999999999,136.0,32.99369238233867,85,68,0.0
518,68,132,34.0,1.36,2.6399999999999997,34.0,65.99999999999999,136.0,32.99369238233867,85,68,0.0
519,68,132,34.0,1.36,2.6399999999999997,34.0,65.99999999999999,136.0,32.99369238233867,85,68,0.0
520,68,132,34.0,1.36,2.6399999999999997,34.0,65.99999999999999,136.0,32.99369238233867,85,68,0.0
521,68,132,34.0,1.36,2.6399999999999997,34.0,65.99999999999999,136.0,32.99369238233867,85,68,0.0
522,68,132,34.0,1.36,2.6399999999999997,34.0,65.99999999999999,136.0,32.99369238233867,85,68,0.0
523,68,132,34.0,1.36,2.6399999999999997,34.0,65.99999999999999,136.0,32.99369238233867,85,68,0.0
524,68,132,34.0,1.36,2.6399999999999997,34.0,65.99999999999999,136.0,32.99369238233867,85,68,0.0
525,69,131,34.5,1.3800000000000001,2.62,34.5,65.5,138.0,33.47889374090248,87,69,2.0
526,69,131,34.5,1.3800000000000001,2.62,34.5,65.5,138.0,33.47889374090248,87,69,0.0
527,69,131,34.5,1.3800000000000001,2.62,34.5,65.5,138.0,33.47889374090248,87,69,0.0
528,69,131,34.5,1.3800000000000001,2.62,34.5,65.5,138.0,33.47889374090248,87,69,0.0
529,69,131,34.5,1.3800000000000001,2.62,34.5,65.5,138.0,33.47889374090248,87,69,0.0
530,69,131,34.5,1.3800000000000001,2.62,34.5,65.5,138.0,33.47889374090248,87,69,0.0
531,69,131,34.5,1.3800000000000001,2.62,34.5,65.5,138.0,33.47889374090248,87,69,0.0
532,69,131,34.5,1.3800000000000001,2.62,34.5,65.5,138.0,33.47889374090248,87,69,0.0
533,69,131,34.5,1.3800000000000001,2.62,34.5,65.5,138.0,33.47889374090248,87,69,0.0
534,69,131,34.5,1.3800000000000001,2.62,34.5,65.5,138.0,33.47889374090248,87,69,0.0
535,69,131,34.5,1.3800000000000001,2.62,34.5,65.5,138.0,33.47889374090248,87,69,0.0
536,69,131,34.5,1.3800000000000001,2.62,34.5,65.5,138.0,33.47889374090248,88,69,0.0
537,69,131,34.5,1.3800000000000001,2.62,34.5,65.5,138.0,33.47889374090248,88,69,0.0
538,69,131,34.5,1.3800000000000001,2.62,34.5,65.5,138.0,33.47889374090248,88,69,0.0
539,69,131,34.5,1.3800000000000001,2.62,34.5,65.5,138.0,33.47889374090248,88,69,0.0
540,69,131,34.5,1.3800000000000001,2.62,34.5,65.5,138.0,33.47889374090248,88,69,0.0
541,69,131,34.5,1.3800000000000001,2.62,34.5,65.5,138.0,33.47889374090248,88,69,0.0
542,69,131,34.5,1.3800000000000001,2.62,34.5,65.5,138.0,33.47889374090248,88,69,0.0
543,69,131,34.5,1.3800000000000001,2.62,34.5,65.5,138.0,33.47889374090248,88,69,0.0
544,69,131,34.5,1.3800000000000001,2.62,34.5,65.5,138.0,33.47889374090248,88,69,0.0
545,69,131,34.5,1.3800000000000001,2.62,34.5,65.5,138.0,33.47889374090248,88,69,0.0
546,69,131,34.5,1.3800000000000001,2.62,34.5,65.5,138.0,33.47889374090248,88,69,0.0
547,69,131,34.5,1.3800000000000001,2.62,34.5,65.5,138.0,33.47889374090248,88,69,0.0
548,70,130,35.0,1.4000000000000001,2.5999999999999996,35.0,64.99999999999999,140.0,33.96409509946628,89,70,2.0
549,70,130,35.0,1.4000000000000001,2.5999999999999996,35.0,64.99999999999999,140.0,33.96409509946628,89,70,0.0
550,70,130,35.0,1.4000000000000001,2.5999999999999996,35.0,64.99999999999999,140.0,33.96409509946628,89,70,0.0
551,70,130,35.0,1.4000000000000001,2.5999999999999996,35.0,64.99999999999999,140.0,33.96409509946628,89,70,0.0
552,70,130,35.0,1.4000000000000001,2.5999999999999996,35.0,64.99999999999999,140.0,33.96409509946628,89,70,0.0
553,70,130,35.0,1.4000000000000001,2.5999999999999996,35.0,64.99999999999999,140.0,33.96409509946628,89,70,0.0
554,70,130,35.0,1.4000000000000001,2.5999999999999996,35.0,64.99999999999999,140.0,33.96409509946628,89,70,0.0
555,70,130,35.0,1.4000000000000001,2.5999999999999996,35.0,64.99999999999999,140.0,33.96409509946628,89,70,0.0
556,70,130,35.0,1.4000000000000001,2.5999999999999996,35.0,64.99999999999999,140.0,33.96409509946628,89,70,0.0
557,70,130,35.0,1.4000000000000001,2.5999999999999996,35.0,64.99999999999999,140.0,33.96409509946628,89,70,0.0
558,70,130,35.0,1.4000000000000001,2.5999999999999996,35.0,64.99999999999999,140.0,33.96409509946628,89,70,0.0
559,70,130,35.0,1.4000000000000001,2.5999999999999996,35.0,64.99999999999999,140.0,33.96409509946628,89,70,0.0
560,70,130,35.0,1.4000000000000001,2.5999999999999996,35.0,64.99999999999999,140.0,33.96409509946628,89,70,0.0
561,71,129,35.5,1.42,2.58,35.5,64.5,142.0,34.449296458030084,90,71,2.0
562,71,129,35.5,1.42,2.58,35.5,64.5,142.0,34.449296458030084,90,71,0.0
563,71,129,35.5,1.42,2.58,35.5,64.5,142.0,34.449296458030084,90,71,0.0
564,71,129,35.5,1.42,2.58,35.5,64.5,142.0,34.449296458030084,91,71,0.0
565,71,129,35.5,1.42,2.58,35.5,64.5,142.0,34.449296458030084,91,71,0.0
566,71,129,35.5,1.42,2.58,35.5,64.5,142.0,34.449296458030084,91,71,0.0
567,71,129,35.5,1.42,2.58,35.5,64.5,142.0,34.449296458030084,91,71,0.0
568,71,129,35.5,1.42,2.58,35.5,64.5,142.0,34.449296458030084,91,71,0.0
569,71,129,35.5,1.42,2.58,35.5,64.5,142.0,34.449296458030084,91,71,0.0
570,71,129,35.5,1.42,2.58,35.5,64.5,142.0,34.449296458030084,91,71,0.0
571,71,129,35.5,1.42,2.58,35.5,64.5,142.0,34.449296458030084,91,71,0.0
572,71,129,35.5,1.42,2.58,35.5,64.5,142.0,34.449296458030084,91,71,0.0
573,71,129,35.5,1.42,2.58,35.5,64.5,142.0,34.449296458030084,91,71,0.0
574,71,129,35.5,1.42,2.58,35.5,64.5,142.0,34.449296458030084,91,71,0.0
575,71,129,35.5,1.42,2.58,35.5,64.5,142.0,34.449296458030084,91,71,0.0
576,71,129,35.5,1.42,2.58,35.5,64.5,142.0,34.449296458030084,91,71,0.0
577,71,129,35.5,1.42,2.58,35.5,64.5,142.0,34.449296458030084,91,71,0.0
578,71,129,35.5,1.42,2.58,35.5,64.5,142.0,34.449296458030084,91,71,0.0
579,71,129,35.5,1.42,2.58,35.5,64.5,142.0,34.449296458030084,91,71,0.0
580,71,129,35.5,1.42,2.58,35.5,64.5,142.0,34.449296458030084,91,71,0.0
581,72,128,36.0,1.44,2.56,36.0,64.0,144.0,34.93449781659389,92,72,2.0
582,72,128,36.0,1.44,2.56,36.0,64.0,144.0,34.93449781659389,92,72,0.0
583,72,128,36.0,1.44,2.56,36.0,64.0,144.0,34.93449781659389,92,72,0.0
584,72,128,36.0,1.44,2.56,36.0,64.0,144.0,34.93449781659389,92,72,0.0
585,72,128,36.0,1.44,2.56,36.0,64.0,144.0,34.93449781659389,92,72,0.0
586,72,128,36.0,1.44,2.56,36.0,64.0,144.0,34.93449781659389,92,72,0.0
587,72,128,36.0,1.44,2.56,36.0,64.0,144.0,34.93449781659389,92,72,0.0
588,73,127,36.5,1.46,2.54,36.5,63.5,146.0,35.419699175157696,93,73,2.0
589,74,126,37.0,1.48,2.52,37.0,63.0,148.0,35.904900533721495,94,74,2.0
590,74,126,37.0,1.48,2.52,37.0,63.0,148.0,35.904900533721495,94,74,0.0
591,74,126,37.0,1.48,2.52,37.0,63.0,148.0,35.904900533721495,94,74,0.0
592,74,126,37.0,1.48,2.52,37.0,63.0,148.0,35.904900533721495,94,74,0.0
593,74,126,37.0,1.48,2.52,37.0,63.0,148.0,35.904900533721495,94,74,0.0
594,74,126,37.0,1.48,2.52,37.0,63.0,148.0,35.904900533721495,94,74,0.0
595,74,126,37.0,1.48,2.52,37.0,63.0,148.0,35.904900533721495,94,74,0.0
596,74,126,37.0,1.48,2.52,37.0,63.0,148.0,35.904900533721495,94,74,0.0
597,74,126,37.0,1.48,2.52,37.0,63.0,148.0,35.904900533721495,94,74,0.0
598,75,125,37.5,1.5,2.5,37.5,62.5,150.0,36.3901018922853,95,75,2.0
599,75,125,37.5,1.5,2.5,37.5,62.5,150.0,36.3901018922853,95,75,0.0
600,75,125,37.5,1.5,2.5,37.5,62.5,150.0,36.3901018922853,95,75,0.0
601,75,125,37.5,1.5,2.5,37.5,62.5,150.0,36.3901018922853,95,75,0.0
602,75,125,37.5,1.5,2.5,37.5,62.5,150.0,36.3901018922853,95,75,0.0
603,76,124,38.0,1.52,2.48,38.0,62.0,152.0,36.8753032508491,96,76,2.0
604,76,124,38.0,1.52,2.48,38.0,62.0,152.0,36.8753032508491,96,76,0.0
605,76,124,38.0,1.52,2.48,38.0,62.0,152.0,36.8753032508491,96,76,0.0
606,76,124,38.0,1.52,2.48,38.0,62.0,152.0,36.8753032508491,96,76,0.0
607,76,124,38.0,1.52,2.48,38.0,62.0,152.0,36.8753032508491,96,76,0.0
608,76,124,38.0,1.52,2.48,38.0,62.0,152.0,36.8753032508491,96,76,0.0
609,76,124,38.0,1.52,2.48,38.0,62.0,152.0,36.8753032508491,96,76,0.0
610,76,124,38.0,1.52,2.48,38.0,62.0,152.0,36.8753032508491,96,76,0.0
611,76,124,38.0,1.52,2.48,38.0,62.0,152.0,36.8753032508491,96,76,0.0
612,77,123,38.5,1.54,2.46,38.5,61.5,154.0,37.36050460941291,97,77,2.0
613,77,123,38.5,1.54,2.46,38.5,61.5,154.0,37.36050460941291,97,77,0.0
614,77,123,38.5,1.54,2.46,38.5,61.5,154.0,37.36050460941291,97,77,0.0
615,78,122,39.0,1.56,2.44,39.0,61.0,156.0,37.84570596797671,98,78,2.0
616,78,122,39.0,1.56,2.44,39.0,61.0,156.0,37.84570596797671,99,78,0.0
617,79,121,39.5,1.58,2.42,39.5,60.5,158.0,38.33090732654051,100,79,2.0
618,80,120,40.0,1.6,2.4,40.0,60.0,160.0,38.81610868510432,101,80,2.0
619,80,120,40.0,1.6,2.4,40.0,60.0,160.0,38.81610868510432,101,80,0.0
620,80,120,40.0,1.6,2.4,40.0,60.0,160.0,38.81610868510432,101,80,0.0
621,80,120,40.0,1.6,2.4,40.0,60.0,160.0,38.81610868510432,102,80,0.0
622,80,120,40.0,1.6,2.4,40.0,60.0,160.0,38.81610868510432,102,80,0.0
623,80,120,40.0,1.6,2.4,40.0,60.0,160.0,38.81610868510432,102,80,0.0
624,80,120,40.0,1.6,2.4,40.0,60.0,160.0,38.81610868510432,104,80,0.0
625,80,120,40.0,1.6,2.4,40.0,60.0,160.0,38.81610868510432,106,80,0.0
626,80,120,40.0,1.6,2.4,40.0,60.0,160.0,38.81610868510432,106,80,0.0
627,80,120,40.0,1.6,2.4,40.0,60.0,160.0,38.81610868510432,106,80,0.0
628,80,120,40.0,1.6,2.4,40.0,60.0,160.0,38.81610868510432,106,80,0.0
629,81,119,40.5,1.62,2.38,40.5,59.49999999999999,162.0,39.301310043668124,108,81,2.0
630,81,119,40.5,1.62,2.38,40.5,59.49999999999999,162.0,39.301310043668124,110,81,0.0
631,81,119,40.5,1.62,2.38,40.5,59.49999999999999,162.0,39.301310043668124,111,81,0.0
632,81,119,40.5,1.62,2.38,40.5,59.49999999999999,162.0,39.301310043668124,111,81,0.0
633,81,119,40.5,1.62,2.38,40.5,59.49999999999999,162.0,39.301310043668124,112,81,0.0
634,81,119,40.5,1.62,2.38,40.5,59.49999999999999,162.0,39.301310043668124,112,81,0.0
635,81,119,40.5,1.62,2.38,40.5,59.49999999999999,162.0,39.301310043668124,112,81,0.0
636,81,119,40.5,1.62,2.38,40.5,59.49999999999999,162.0,39.301310043668124,112,81,0.0
637,81,119,40.5,1.62,2.38,40.5,59.49999999999999,162.0,39.301310043668124,112,81,0.0
638,81,119,40.5,1.62,2.38,40.5,59.49999999999999,162.0,39.301310043668124,112,81,0.0
639,81,119,40.5,1.62,2.38,40.5,59.49999999999999,162.0,39.301310043668124,112,81,0.0
640,81,119,40.5,1.62,2.38,40.5,59.49999999999999,162.0,39.301310043668124,112,81,0.0
641,81,119,40.5,1.62,2.38,40.5,59.49999999999999,162.0,39.301310043668124,112,81,0.0
642,81,119,40.5,1.62,2.38,40.5,59.49999999999999,162.0,39.301310043668124,112,81,0.0
643,81,119,40.5,1.62,2.38,40.5,59.49999999999999,162.0,39.301310043668124,112,81,0.0
644,82,118,41.0,1.6400000000000001,2.36,41.0,58.99999999999999,164.0,39.78651140223193,113,82,2.0
645,82,118,41.0,1.6400000000000001,2.36,41.0,58.99999999999999,164.0,39.78651140223193,113,82,0.0
646,82,118,41.0,1.6400000000000001,2.36,41.0,58.99999999999999,164.0,39.78651140223193,114,82,0.0
647,82,118,41.0,1.6400000000000001,2.36,41.0,58.99999999999999,164.0,39.78651140223193,114,82,0.0
648,82,118,41.0,1.6400000000000001,2.36,41.0,58.99999999999999,164.0,39.78651140223193,114,82,0.0
649,82,118,41.0,1.6400000000000001,2.36,41.0,58.99999999999999,164.0,39.78651140223193,114,82,0.0
650,82,118,41.0,1.6400000000000001,2.36,41.0,58.99999999999999,164.0,39.78651140223193,114,82,0.0
651,82,118,41.0,1.6400000000000001,2.36,41.0,58.99999999999999,164.0,39.78651140223193,115,82,0.0
652,82,118,41.0,1.6400000000000001,2.36,41.0,58.99999999999999,164.0,39.78651140223193,116,82,0.0
653,82,118,41.0,1.6400000000000001,2.36,41.0,58.99999999999999,164.0,39.78651140223193,116,82,0.0
654,82,118,41.0,1.6400000000000001,2.36,41.0,58.99999999999999,164.0,39.78651140223193,117,82,0.0
655,82,118,41.0,1.6400000000000001,2.36,41.0,58.99999999999999,164.0,39.78651140223193,118,82,0.0
656,82,118,41.0,1.6400000000000001,2.36,41.0,58.99999999999999,164.0,39.78651140223193,119,82,0.0
657,82,118,41.0,1.6400000000000001,2.36,41.0,58.99999999999999,164.0,39.78651140223193,119,82,0.0
658,82,118,41.0,1.6400000000000001,2.36,41.0,58.99999999999999,164.0,39.78651140223193,119,82,0.0
659,82,118,41.0,1.6400000000000001,2.36,41.0,58.99999999999999,164.0,39.78651140223193,120,82,0.0
660,82,118,41.0,1.6400000000000001,2.36,41.0,58.99999999999999,164.0,39.78651140223193,121,82,0.0
661,82,118,41.0,1.6400000000000001,2.36,41.0,58.99999999999999,164.0,39.78651140223193,121,82,0.0
662,82,118,41.0,1.6400000000000001,2.36,41.0,58.99999999999999,164.0,39.78651140223193,121,82,0.0
663,82,118,41.0,1.6400000000000001,2.36,41.0,58.99999999999999,164.0,39.78651140223193,121,82,0.0
664,82,118,41.0,1.6400000000000001,2.36,41.0,58.99999999999999,164.0,39.78651140223193,121,82,0.0
665,82,118,41.0,1.6400000000000001,2.36,41.0,58.99999999999999,164.0,39.78651140223193,122,82,0.0
666,82,118,41.0,1.6400000000000001,2.36,41.0,58.99999999999999,164.0,39.78651140223193,122,82,0.0
667,82,118,41.0,1.6400000000000001,2.36,41.0,58.99999999999999,164.0,39.78651140223193,123,82,0.0
668,82,118,41.0,1.6400000000000001,2.36,41.0,58.99999999999999,164.0,39.78651140223193,123,82,0.0
669,82,118,41.0,1.6400000000000001,2.36,41.0,58.99999999999999,164.0,39.78651140223193,123,82,0.0
670,82,118,41.0,1.6400000000000001,2.36,41.0,58.99999999999999,164.0,39.78651140223193,123,82,0.0
671,82,118,41.0,1.6400000000000001,2.36,41.0,58.99999999999999,164.0,39.78651140223193,123,82,0.0
672,82,118,41.0,1.6400000000000001,2.36,41.0,58.99999999999999,164.0,39.78651140223193,124,82,0.0
673,82,118,41.0,1.6400000000000001,2.36,41.0,58.99999999999999,164.0,39.78651140223193,125,82,0.0
674,82,118,41.0,1.6400000000000001,2.36,41.0,58.99999999999999,164.0,39.78651140223193,126,82,0.0
675,82,118,41.0,1.6400000000000001,2.36,41.0,58.99999999999999,164.0,39.78651140223193,126,82,0.0
676,82,118,41.0,1.6400000000000001,2.36,41.0,58.99999999999999,164.0,39.78651140223193,126,82,0.0
677,82,118,41.0,1.6400000000000001,2.36,41.0,58.99999999999999,164.0,39.78651140223193,127,82,0.0
678,82,118,41.0,1.6400000000000001,2.36,41.0,58.99999999999999,164.0,39.78651140223193,128,82,0.0
679,82,118,41.0,1.6400000000000001,2.36,41.0,58.99999999999999,164.0,39.78651140223193,128,82,0.0
680,82,118,41.0,1.6400000000000001,2.36,41.0,58.99999999999999,164.0,39.78651140223193,128,82,0.0
681,82,118,41.0,1.6400000000000001,2.36,41.0,58.99999999999999,164.0,39.78651140223193,128,82,0.0
682,82,118,41.0,1.6400000000000001,2.36,41.0,58.99999999999999,164.0,39.78651140223193,128,82,0.0
683,82,118,41.0,1.6400000000000001,2.36,41.0,58.99999999999999,164.0,39.78651140223193,128,82,0.0
684,82,118,41.0,1.6400000000000001,2.36,41.0,58.99999999999999,164.0,39.78651140223193,128,82,0.0
685,83,117,41.5,1.6600000000000001,2.34,41.5,58.49999999999999,166.0,40.27171276079573,129,83,2.0
686,83,117,41.5,1.6600000000000001,2.34,41.5,58.49999999999999,166.0,40.27171276079573,129,83,0.0
687,83,117,41.5,1.6600000000000001,2.34,41.5,58.49999999999999,166.0,40.27171276079573,129,83,0.0
688,83,117,41.5,1.6600000000000001,2.34,41.5,58.49999999999999,166.0,40.27171276079573,129,83,0.0
689,83,117,41.5,1.6600000000000001,2.34,41.5,58.49999999999999,166.0,40.27171276079573,129,83,0.0
690,83,117,41.5,1.6600000000000001,2.34,41.5,58.49999999999999,166.0,40.27171276079573,129,83,0.0
691,83,117,41.5,1.6600000000000001,2.34,41.5,58.49999999999999,166.0,40.27171276079573,129,83,0.0
692,83,117,41.5,1.6600000000000001,2.34,41.5,58.49999999999999,166.0,40.27171276079573,129,83,0.0
693,83,117,41.5,1.6600000000000001,2.34,41.5,58.49999999999999,166.0,40.27171276079573,129,83,0.0
694,83,117,41.5,1.6600000000000001,2.34,41.5,58.49999999999999,166.0,40.27171276079573,129,83,0.0
695,83,117,41.5,1.6600000000000001,2.34,41.5,58.49999999999999,166.0,40.27171276079573,129,83,0.0
696,83,117,41.5,1.6600000000000001,2.34,41.5,58.49999999999999,166.0,40.27171276079573,129,83,0.0
697,83,117,41.5,1.6600000000000001,2.34,41.5,58.49999999999999,166.0,40.27171276079573,129,83,0.0
698,83,117,41.5,1.6600000000000001,2.34,41.5,58.49999999999999,166.0,40.27171276079573,130,83,0.0
699,84,116,42.0,1.68,2.3200000000000003,42.0,58.00000000000001,168.0,40.756914119359536,131,84,2.0
700,84,116,42.0,1.68,2.3200000000000003,42.0,58.00000000000001,168.0,40.756914119359536,131,84,0.0
701,84,116,42.0,1.68,2.3200000000000003,42.0,58.00000000000001,168.0,40.756914119359536,131,84,0.0
702,84,116,42.0,1.68,2.3200000000000003,42.0,58.00000000000001,168.0,40.756914119359536,132,84,0.0
703,84,116,42.0,1.68,2.3200000000000003,42.0,58.00000000000001,168.0,40.756914119359536,133,84,0.0
704,84,116,42.0,1.68,2.3200000000000003,42.0,58.00000000000001,168.0,40.756914119359536,134,84,0.0
705,84,116,42.0,1.68,2.3200000000000003,42.0,58.00000000000001,168.0,40.756914119359536,134,84,0.0
706,84,116,42.0,1.68,2.3200000000000003,42.0,58.00000000000001,168.0,40.756914119359536,134,84,0.0
707,84,116,42.0,1.68,2.3200000000000003,42.0,58.00000000000001,168.0,40.756914119359536,134,84,0.0
708,85,115,42.5,1.7,2.3,42.5,57.49999999999999,170.0,41.24211547792334,135,85,2.0
709,85,115,42.5,1.7,2.3,42.5,57.49999999999999,170.0,41.24211547792334,135,85,0.0
710,85,115,42.5,1.7,2.3,42.5,57.49999999999999,170.0,41.24211547792334,136,85,0.0
711,85,115,42.5,1.7,2.3,42.5,57.49999999999999,170.0,41.24211547792334,136,85,0.0
712,86,114,43.0,1.72,2.2800000000000002,43.0,57.00000000000001,172.0,41.72731683648714,137,86,2.0
713,86,114,43.0,1.72,2.2800000000000002,43.0,57.00000000000001,172.0,41.72731683648714,137,86,0.0
714,86,114,43.0,1.72,2.2800000000000002,43.0,57.00000000000001,172.0,41.72731683648714,138,86,0.0
715,86,114,43.0,1.72,2.2800000000000002,43.0,57.00000000000001,172.0,41.72731683648714,138,86,0.0
716,86,114,43.0,1.72,2.2800000000000002,43.0,57.00000000000001,172.0,41.72731683648714,139,86,0.0
717,86,114,43.0,1.72,2.2800000000000002,43.0,57.00000000000001,172.0,41.72731683648714,139,86,0.0
718,87,113,43.5,1.74,2.26,43.5,56.49999999999999,174.0,42.21251819505095,140,87,2.0
719,87,113,43.5,1.74,2.26,43.5,56.49999999999999,174.0,42.21251819505095,141,87,0.0
720,87,113,43.5,1.74,2.26,43.5,56.49999999999999,174.0,42.21251819505095,142,87,0.0
721,87,113,43.5,1.74,2.26,43.5,56.49999999999999,174.0,42.21251819505095,142,87,0.0
722,87,113,43.5,1.74,2.26,43.5,56.49999999999999,174.0,42.21251819505095,143,87,0.0
723,89,111,44.5,1.78,2.2199999999999998,44.5,55.49999999999999,178.0,43.18292091217856,145,89,4.0
724,89,111,44.5,1.78,2.2199999999999998,44.5,55.49999999999999,178.0,43.18292091217856,145,89,0.0
725,89,111,44.5,1.78,2.2199999999999998,44.5,55.49999999999999,178.0,43.18292091217856,145,89,0.0
726,89,111,44.5,1.78,2.2199999999999998,44.5,55.49999999999999,178.0,43.18292091217856,145,89,0.0
727,89,111,44.5,1.78,2.2199999999999998,44.5,55.49999999999999,178.0,43.18292091217856,145,89,0.0
728,89,111,44.5,1.78,2.2199999999999998,44.5,55.49999999999999,178.0,43.18292091217856,145,89,0.0
729,89,111,44.5,1.78,2.2199999999999998,44.5,55.49999999999999,178.0,43.18292091217856,145,89,0.0
730,89,111,44.5,1.78,2.2199999999999998,44.5,55.49999999999999,178.0,43.18292091217856,145,89,0.0
731,89,111,44.5,1.78,2.2199999999999998,44.5,55.49999999999999,178.0,43.18292091217856,145,89,0.0
732,89,111,44.5,1.78,2.2199999999999998,44.5,55.49999999999999,178.0,43.18292091217856,145,89,0.0
733,89,111,44.5,1.78,2.2199999999999998,44.5,55.49999999999999,178.0,43.18292091217856,145,89,0.0
734,89,111,44.5,1.78,2.2199999999999998,44.5,55.49999999999999,178.0,43.18292091217856,145,89,0.0
735,89,111,44.5,1.78,2.2199999999999998,44.5,55.49999999999999,178.0,43.18292091217856,145,89,0.0
736,90,110,45.0,1.8,2.2,45.0,55.0,180.0,43.66812227074236,146,90,2.0
737,90,110,45.0,1.8,2.2,45.0,55.0,180.0,43.66812227074236,146,90,0.0
738,90,110,45.0,1.8,2.2,45.0,55.0,180.0,43.66812227074236,146,90,0.0
739,90,110,45.0,1.8,2.2,45.0,55.0,180.0,43.66812227074236,146,90,0.0
740,90,110,45.0,1.8,2.2,45.0,55.0,180.0,43.66812227074236,146,90,0.0
741,90,110,45.0,1.8,2.2,45.0,55.0,180.0,43.66812227074236,146,90,0.0
742,90,110,45.0,1.8,2.2,45.0,55.0,180.0,43.66812227074236,146,90,0.0
743,90,110,45.0,1.8,2.2,45.0,55.0,180.0,43.66812227074236,146,90,0.0
744,90,110,45.0,1.8,2.2,45.0,55.0,180.0,43.66812227074236,146,90,0.0
745,90,110,45.0,1.8,2.2,45.0,55.0,180.0,43.66812227074236,146,90,0.0
746,90,110,45.0,1.8,2.2,45.0,55.0,180.0,43.66812227074236,146,90,0.0
747,90,110,45.0,1.8,2.2,45.0,55.0,180.0,43.66812227074236,146,90,0.0
748,90,110,45.0,1.8,2.2,45.0,55.0,180.0,43.66812227074236,146,90,0.0
749,90,110,45.0,1.8,2.2,45.0,55.0,180.0,43.66812227074236,146,90,0.0
750,90,110,45.0,1.8,2.2,45.0,55.0,180.0,43.66812227074236,146,90,0.0
751,90,110,45.0,1.8,2.2,45.0,55.0,180.0,43.66812227074236,146,90,0.0
752,90,110,45.0,1.8,2.2,45.0,55.0,180.0,43.66812227074236,146,90,0.0
753,90,110,45.0,1.8,2.2,45.0,55.0,180.0,43.66812227074236,146,90,0.0
754,90,110,45.0,1.8,2.2,45.0,55.0,180.0,43.66812227074236,146,90,0.0
755,90,110,45.0,1.8,2.2,45.0,55.0,180.0,43.66812227074236,146,90,0.0
756,90,110,45.0,1.8,2.2,45.0,55.0,180.0,43.66812227074236,146,90,0.0
757,90,110,45.0,1.8,2.2,45.0,55.0,180.0,43.66812227074236,146,90,0.0
758,90,110,45.0,1.8,2.2,45.0,55.0,180.0,43.66812227074236,146,90,0.0
759,90,110,45.0,1.8,2.2,45.0,55.0,180.0,43.66812227074236,146,90,0.0
760,90,110,45.0,1.8,2.2,45.0,55.0,180.0,43.66812227074236,146,90,0.0
761,90,110,45.0,1.8,2.2,45.0,55.0,180.0,43.66812227074236,146,90,0.0
762,90,110,45.0,1.8,2.2,45.0,55.0,180.0,43.66812227074236,146,90,0.0
763,90,110,45.0,1.8,2.2,45.0,55.0,180.0,43.66812227074236,146,90,0.0
764,90,110,45.0,1.8,2.2,45.0,55.0,180.0,43.66812227074236,146,90,0.0
765,90,110,45.0,1.8,2.2,45.0,55.0,180.0,43.66812227074236,146,90,0.0
766,90,110,45.0,1.8,2.2,45.0,55.0,180.0,43.66812227074236,146,90,0.0
767,90,110,45.0,1.8,2.2,45.0,55.0,180.0,43.66812227074236,146,90,0.0
768,90,110,45.0,1.8,2.2,45.0,55.0,180.0,43.66812227074236,146,90,0.0
769,90,110,45.0,1.8,2.2,45.0,55.0,180.0,43.66812227074236,146,90,0.0
770,90,110,45.0,1.8,2.2,45.0,55.0,180.0,43.66812227074236,146,90,0.0
771,90,110,45.0,1.8,2.2,45.0,55.0,180.0,43.66812227074236,146,90,0.0
772,90,110,45.0,1.8,2.2,45.0,55.0,180.0,43.66812227074236,146,90,0.0
773,91,109,45.5,1.82,2.1799999999999997,45.5,54.49999999999999,182.0,44.153323629306165,147,91,2.0
774,91,109,45.5,1.82,2.1799999999999997,45.5,54.49999999999999,182.0,44.153323629306165,147,91,0.0
775,91,109,45.5,1.82,2.1799999999999997,45.5,54.49999999999999,182.0,44.153323629306165,147,91,0.0
776,91,109,45.5,1.82,2.1799999999999997,45.5,54.49999999999999,182.0,44.153323629306165,147,91,0.0
777,91,109,45.5,1.82,2.1799999999999997,45.5,54.49999999999999,182.0,44.153323629306165,147,91,0.0
778,91,109,45.5,1.82,2.1799999999999997,45.5,54.49999999999999,182.0,44.153323629306165,147,91,0.0
779,91,109,45.5,1.82,2.1799999999999997,45.5,54.49999999999999,182.0,44.153323629306165,147,91,0.0
780,91,109,45.5,1.82,2.1799999999999997,45.5,54.49999999999999,182.0,44.153323629306165,147,91,0.0
781,91,109,45.5,1.82,2.1799999999999997,45.5,54.49999999999999,182.0,44.153323629306165,147,91,0.0
782,91,109,45.5,1.82,2.1799999999999997,45.5,54.49999999999999,182.0,44.153323629306165,147,91,0.0
783,91,109,45.5,1.82,2.1799999999999997,45.5,54.49999999999999,182.0,44.153323629306165,147,91,0.0
784,91,109,45.5,1.82,2.1799999999999997,45.5,54.49999999999999,182.0,44.153323629306165,147,91,0.0
785,91,109,45.5,1.82,2.1799999999999997,45.5,54.49999999999999,182.0,44.153323629306165,147,91,0.0
786,91,109,45.5,1.82,2.1799999999999997,45.5,54.49999999999999,182.0,44.153323629306165,147,91,0.0
787,91,109,45.5,1.82,2.1799999999999997,45.5,54.49999999999999,182.0,44.153323629306165,147,91,0.0
788,91,109,45.5,1.82,2.1799999999999997,45.5,54.49999999999999,182.0,44.153323629306165,147,91,0.0
789,91,109,45.5,1.82,2.1799999999999997,45.5,54.49999999999999,182.0,44.153323629306165,147,91,0.0
790,91,109,45.5,1.82,2.1799999999999997,45.5,54.49999999999999,182.0,44.153323629306165,147,91,0.0
791,91,109,45.5,1.82,2.1799999999999997,45.5,54.49999999999999,182.0,44.153323629306165,147,91,0.0
792,91,109,45.5,1.82,2.1799999999999997,45.5,54.49999999999999,182.0,44.153323629306165,147,91,0.0
793,91,109,45.5,1.82,2.1799999999999997,45.5,54.49999999999999,182.0,44.153323629306165,147,91,0.0
794,91,109,45.5,1.82,2.1799999999999997,45.5,54.49999999999999,182.0,44.153323629306165,147,91,0.0
795,91,109,45.5,1.82,2.1799999999999997,45.5,54.49999999999999,182.0,44.153323629306165,147,91,0.0
796,91,109,45.5,1.82,2.1799999999999997,45.5,54.49999999999999,182.0,44.153323629306165,147,91,0.0
797,91,109,45.5,1.82,2.1799999999999997,45.5,54.49999999999999,182.0,44.153323629306165,147,91,0.0
798,91,109,45.5,1.82,2.1799999999999997,45.5,54.49999999999999,182.0,44.153323629306165,147,91,0.0
799,91,109,45.5,1.82,2.1799999999999997,45.5,54.49999999999999,182.0,44.153323629306165,147,91,0.0
800,91,109,45.5,1.82,2.1799999999999997,45.5,54.49999999999999,182.0,44.153323629306165,147,91,0.0
801,91,109,45.5,1.82,2.1799999999999997,45.5,54.49999999999999,182.0,44.153323629306165,147,91,0.0
802,91,109,45.5,1.82,2.1799999999999997,45.5,54.49999999999999,182.0,44.153323629306165,147,91,0.0
803,91,109,45.5,1.82,2.1799999999999997,45.5,54.49999999999999,182.0,44.153323629306165,147,91,0.0
804,91,109,45.5,1.82,2.1799999999999997,45.5,54.49999999999999,182.0,44.153323629306165,147,91,0.0
805,91,109,45.5,1.82,2.1799999999999997,45.5,54.49999999999999,182.0,44.153323629306165,147,91,0.0
806,91,109,45.5,1.82,2.1799999999999997,45.5,54.49999999999999,182.0,44.153323629306165,147,91,0.0
807,91,109,45.5,1.82,2.1799999999999997,45.5,54.49999999999999,182.0,44.153323629306165,147,91,0.0
808,91,109,45.5,1.82,2.1799999999999997,45.5,54.49999999999999,182.0,44.153323629306165,147,91,0.0
809,91,109,45.5,1.82,2.1799999999999997,45.5,54.49999999999999,182.0,44.153323629306165,147,91,0.0
810,91,109,45.5,1.82,2.1799999999999997,45.5,54.49999999999999,182.0,44.153323629306165,147,91,0.0
811,91,109,45.5,1.82,2.1799999999999997,45.5,54.49999999999999,182.0,44.153323629306165,147,91,0.0
812,91,109,45.5,1.82,2.1799999999999997,45.5,54.49999999999999,182.0,44.153323629306165,147,91,0.0
813,91,109,45.5,1.82,2.1799999999999997,45.5,54.49999999999999,182.0,44.153323629306165,147,91,0.0
814,91,109,45.5,1.82,2.1799999999999997,45.5,54.49999999999999,182.0,44.153323629306165,147,91,0.0
815,91,109,45.5,1.82,2.1799999999999997,45.5,54.49999999999999,182.0,44.153323629306165,147,91,0.0
816,91,109,45.5,1.82,2.1799999999999997,45.5,54.49999999999999,182.0,44.153323629306165,148,91,0.0
817,91,109,45.5,1.82,2.1799999999999997,45.5,54.49999999999999,182.0,44.153323629306165,149,91,0.0
818,91,109,45.5,1.82,2.1799999999999997,45.5,54.49999999999999,182.0,44.153323629306165,149,91,0.0
819,91,109,45.5,1.82,2.1799999999999997,45.5,54.49999999999999,182.0,44.153323629306165,149,91,0.0
820,91,109,45.5,1.82,2.1799999999999997,45.5,54.49999999999999,182.0,44.153323629306165,149,91,0.0
821,91,109,45.5,1.82,2.1799999999999997,45.5,54.49999999999999,182.0,44.153323629306165,150,91,0.0
822,91,109,45.5,1.82,2.1799999999999997,45.5,54.49999999999999,182.0,44.153323629306165,151,91,0.0
823,91,109,45.5,1.82,2.1799999999999997,45.5,54.49999999999999,182.0,44.153323629306165,151,91,0.0
824,91,109,45.5,1.82,2.1799999999999997,45.5,54.49999999999999,182.0,44.153323629306165,151,91,0.0
825,91,109,45.5,1.82,2.1799999999999997,45.5,54.49999999999999,182.0,44.153323629306165,151,91,0.0
826,91,109,45.5,1.82,2.1799999999999997,45.5,54.49999999999999,182.0,44.153323629306165,151,91,0.0
827,91,109,45.5,1.82,2.1799999999999997,45.5,54.49999999999999,182.0,44.153323629306165,152,91,0.0
828,91,109,45.5,1.82,2.1799999999999997,45.5,54.49999999999999,182.0,44.153323629306165,153,91,0.0
829,91,109,45.5,1.82,2.1799999999999997,45.5,54.49999999999999,182.0,44.153323629306165,153,91,0.0
830,91,109,45.5,1.82,2.1799999999999997,45.5,54.49999999999999,182.0,44.153323629306165,153,91,0.0
831,91,109,45.5,1.82,2.1799999999999997,45.5,54.49999999999999,182.0,44.153323629306165,153,91,0.0
832,91,109,45.5,1.82,2.1799999999999997,45.5,54.49999999999999,182.0,44.153323629306165,153,91,0.0
833,91,109,45.5,1.82,2.1799999999999997,45.5,54.49999999999999,182.0,44.153323629306165,153,91,0.0
834,91,109,45.5,1.82,2.1799999999999997,45.5,54.49999999999999,182.0,44.153323629306165,153,91,0.0
835,91,109,45.5,1.82,2.1799999999999997,45.5,54.49999999999999,182.0,44.153323629306165,153,91,0.0
836,91,109,45.5,1.82,2.1799999999999997,45.5,54.49999999999999,182.0,44.153323629306165,153,91,0.0
837,91,109,45.5,1.82,2.1799999999999997,45.5,54.49999999999999,182.0,44.153323629306165,153,91,0.0
838,91,109,45.5,1.82,2.1799999999999997,45.5,54.49999999999999,182.0,44.153323629306165,153,91,0.0
839,91,109,45.5,1.82,2.1799999999999997,45.5,54.49999999999999,182.0,44.153323629306165,153,91,0.0
840,91,109,45.5,1.82,2.1799999999999997,45.5,54.49999999999999,182.0,44.153323629306165,153,91,0.0
841,91,109,45.5,1.82,2.1799999999999997,45.5,54.49999999999999,182.0,44.153323629306165,153,91,0.0
842,91,109,45.5,1.82,2.1799999999999997,45.5,54.49999999999999,182.0,44.153323629306165,153,91,0.0
843,91,109,45.5,1.82,2.1799999999999997,45.5,54.49999999999999,182.0,44.153323629306165,153,91,0.0
844,91,109,45.5,1.82,2.1799999999999997,45.5,54.49999999999999,182.0,44.153323629306165,153,91,0.0
845,91,109,45.5,1.82,2.1799999999999997,45.5,54.49999999999999,182.0,44.153323629306165,153,91,0.0
846,91,109,45.5,1.82,2.1799999999999997,45.5,54.49999999999999,182.0,44.153323629306165,153,91,0.0
847,91,109,45.5,1.82,2.1799999999999997,45.5,54.49999999999999,182.0,44.153323629306165,153,91,0.0
848,91,109,45.5,1.82,2.1799999999999997,45.5,54.49999999999999,182.0,44.153323629306165,153,91,0.0
849,91,109,45.5,1.82,2.1799999999999997,45.5,54.49999999999999,182.0,44.153323629306165,153,91,0.0
850,91,109,45.5,1.82,2.1799999999999997,45.5,54.49999999999999,182.0,44.153323629306165,153,91,0.0
851,91,109,45.5,1.82,2.1799999999999997,45.5,54.49999999999999,182.0,44.153323629306165,153,91,0.0
852,91,109,45.5,1.82,2.1799999999999997,45.5,54.49999999999999,182.0,44.153323629306165,153,91,0.0
853,91,109,45.5,1.82,2.1799999999999997,45.5,54.49999999999999,182.0,44.153323629306165,153,91,0.0
854,91,109,45.5,1.82,2.1799999999999997,45.5,54.49999999999999,182.0,44.153323629306165,153,91,0.0
855,91,109,45.5,1.82,2.1799999999999997,45.5,54.49999999999999,182.0,44.153323629306165,153,91,0.0
856,91,109,45.5,1.82,2.1799999999999997,45.5,54.49999999999999,182.0,44.153323629306165,153,91,0.0
857,91,109,45.5,1.82,2.1799999999999997,45.5,54.49999999999999,182.0,44.153323629306165,153,91,0.0
858,91,109,45.5,1.82,2.1799999999999997,45.5,54.49999999999999,182.0,44.153323629306165,153,91,0.0
859,91,109,45.5,1.82,2.1799999999999997,45.5,54.49999999999999,182.0,44.153323629306165,153,91,0.0
860,91,109,45.5,1.82,2.1799999999999997,45.5,54.49999999999999,182.0,44.153323629306165,153,91,0.0
861,91,109,45.5,1.82,2.1799999999999997,45.5,54.49999999999999,182.0,44.153323629306165,153,91,0.0
862,91,109,45.5,1.82,2.1799999999999997,45.5,54.49999999999999,182.0,44.153323629306165,153,91,0.0
863,91,109,45.5,1.82,2.1799999999999997,45.5,54.49999999999999,182.0,44.153323629306165,153,91,0.0
864,91,109,45.5,1.82,2.1799999999999997,45.5,54.49999999999999,182.0,44.153323629306165,153,91,0.0
865,91,109,45.5,1.82,2.1799999999999997,45.5,54.49999999999999,182.0,44.153323629306165,153,91,0.0
866,91,109,45.5,1.82,2.1799999999999997,45.5,54.49999999999999,182.0,44.153323629306165,153,91,0.0
867,92,108,46.0,1.84,2.16,46.0,54.0,184.0,44.638524987869964,154,92,2.0
868,92,108,46.0,1.84,2.16,46.0,54.0,184.0,44.638524987869964,155,92,0.0
869,92,108,46.0,1.84,2.16,46.0,54.0,184.0,44.638524987869964,155,92,0.0
870,92,108,46.0,1.84,2.16,46.0,54.0,184.0,44.638524987869964,155,92,0.0
871,93,107,46.5,1.86,2.1399999999999997,46.5,53.49999999999999,186.0,45.12372634643377,156,93,2.0
872,93,107,46.5,1.86,2.1399999999999997,46.5,53.49999999999999,186.0,45.12372634643377,156,93,0.0
873,93,107,46.5,1.86,2.1399999999999997,46.5,53.49999999999999,186.0,45.12372634643377,156,93,0.0
874,93,107,46.5,1.86,2.1399999999999997,46.5,53.49999999999999,186.0,45.12372634643377,157,93,0.0
875,93,107,46.5,1.86,2.1399999999999997,46.5,53.49999999999999,186.0,45.12372634643377,157,93,0.0
876,93,107,46.5,1.86,2.1399999999999997,46.5,53.49999999999999,186.0,45.12372634643377,157,93,0.0
877,93,107,46.5,1.86,2.1399999999999997,46.5,53.49999999999999,186.0,45.12372634643377,157,93,0.0
878,93,107,46.5,1.86,2.1399999999999997,46.5,53.49999999999999,186.0,45.12372634643377,158,93,0.0
879,93,107,46.5,1.86,2.1399999999999997,46.5,53.49999999999999,186.0,45.12372634643377,158,93,0.0
880,93,107,46.5,1.86,2.1399999999999997,46.5,53.49999999999999,186.0,45.12372634643377,159,93,0.0
881,93,107,46.5,1.86,2.1399999999999997,46.5,53.49999999999999,186.0,45.12372634643377,159,93,0.0
882,93,107,46.5,1.86,2.1399999999999997,46.5,53.49999999999999,186.0,45.12372634643377,159,93,0.0
883,93,107,46.5,1.86,2.1399999999999997,46.5,53.49999999999999,186.0,45.12372634643377,159,93,0.0
884,93,107,46.5,1.86,2.1399999999999997,46.5,53.49999999999999,186.0,45.12372634643377,159,93,0.0
885,93,107,46.5,1.86,2.1399999999999997,46.5,53.49999999999999,186.0,45.12372634643377,159,93,0.0
886,93,107,46.5,1.86,2.1399999999999997,46.5,53.49999999999999,186.0,45.12372634643377,159,93,0.0
887,93,107,46.5,1.86,2.1399999999999997,46.5,53.49999999999999,186.0,45.12372634643377,159,93,0.0
888,93,107,46.5,1.86,2.1399999999999997,46.5,53.49999999999999,186.0,45.12372634643377,159,93,0.0
889,93,107,46.5,1.86,2.1399999999999997,46.5,53.49999999999999,186.0,45.12372634643377,160,93,0.0
890,94,106,47.0,1.8800000000000001,2.12,47.0,53.0,188.0,45.608927704997576,162,94,2.0
891,94,106,47.0,1.8800000000000001,2.12,47.0,53.0,188.0,45.608927704997576,162,94,0.0
892,94,106,47.0,1.8800000000000001,2.12,47.0,53.0,188.0,45.608927704997576,162,94,0.0
893,94,106,47.0,1.8800000000000001,2.12,47.0,53.0,188.0,45.608927704997576,162,94,0.0
894,94,106,47.0,1.8800000000000001,2.12,47.0,53.0,188.0,45.608927704997576,162,94,0.0
895,94,106,47.0,1.8800000000000001,2.12,47.0,53.0,188.0,45.608927704997576,162,94,0.0
896,94,106,47.0,1.8800000000000001,2.12,47.0,53.0,188.0,45.608927704997576,162,94,0.0
897,94,106,47.0,1.8800000000000001,2.12,47.0,53.0,188.0,45.608927704997576,162,94,0.0
898,94,106,47.0,1.8800000000000001,2.12,47.0,53.0,188.0,45.608927704997576,162,94,0.0
899,94,106,47.0,1.8800000000000001,2.12,47.0,53.0,188.0,45.608927704997576,163,94,0.0
900,94,106,47.0,1.8800000000000001,2.12,47.0,53.0,188.0,45.608927704997576,164,94,0.0
901,94,106,47.0,1.8800000000000001,2.12,47.0,53.0,188.0,45.608927704997576,164,94,0.0
902,94,106,47.0,1.8800000000000001,2.12,47.0,53.0,188.0,45.608927704997576,165,94,0.0
903,94,106,47.0,1.8800000000000001,2.12,47.0,53.0,188.0,45.608927704997576,166,94,0.0
904,94,106,47.0,1.8800000000000001,2.12,47.0,53.0,188.0,45.608927704997576,166,94,0.0
905,94,106,47.0,1.8800000000000001,2.12,47.0,53.0,188.0,45.608927704997576,166,94,0.0
906,94,106,47.0,1.8800000000000001,2.12,47.0,53.0,188.0,45.608927704997576,166,94,0.0
907,94,106,47.0,1.8800000000000001,2.12,47.0,53.0,188.0,45.608927704997576,166,94,0.0
908,94,106,47.0,1.8800000000000001,2.12,47.0,53.0,188.0,45.608927704997576,166,94,0.0
909,94,106,47.0,1.8800000000000001,2.12,47.0,53.0,188.0,45.608927704997576,166,94,0.0
910,94,106,47.0,1.8800000000000001,2.12,47.0,53.0,188.0,45.608927704997576,166,94,0.0
911,94,106,47.0,1.8800000000000001,2.12,47.0,53.0,188.0,45.608927704997576,166,94,0.0
912,95,105,47.5,1.9000000000000001,2.0999999999999996,47.5,52.49999999999999,190.0,46.094129063561375,167,95,2.0
913,95,105,47.5,1.9000000000000001,2.0999999999999996,47.5,52.49999999999999,190.0,46.094129063561375,167,95,0.0
914,95,105,47.5,1.9000000000000001,2.0999999999999996,47.5,52.49999999999999,190.0,46.094129063561375,167,95,0.0
915,95,105,47.5,1.9000000000000001,2.0999999999999996,47.5,52.49999999999999,190.0,46.094129063561375,167,95,0.0
916,95,105,47.5,1.9000000000000001,2.0999999999999996,47.5,52.49999999999999,190.0,46.094129063561375,167,95,0.0
917,95,105,47.5,1.9000000000000001,2.0999999999999996,47.5,52.49999999999999,190.0,46.094129063561375,167,95,0.0
918,95,105,47.5,1.9000000000000001,2.0999999999999996,47.5,52.49999999999999,190.0,46.094129063561375,167,95,0.0
919,95,105,47.5,1.9000000000000001,2.0999999999999996,47.5,52.49999999999999,190.0,46.094129063561375,167,95,0.0
920,95,105,47.5,1.9000000000000001,2.0999999999999996,47.5,52.49999999999999,190.0,46.094129063561375,167,95,0.0
921,95,105,47.5,1.9000000000000001,2.0999999999999996,47.5,52.49999999999999,190.0,46.094129063561375,167,95,0.0
922,95,105,47.5,1.9000000000000001,2.0999999999999996,47.5,52.49999999999999,190.0,46.094129063561375,167,95,0.0
923,95,105,47.5,1.9000000000000001,2.0999999999999996,47.5,52.49999999999999,190.0,46.094129063561375,167,95,0.0
924,95,105,47.5,1.9000000000000001,2.0999999999999996,47.5,52.49999999999999,190.0,46.094129063561375,167,95,0.0
925,95,105,47.5,1.9000000000000001,2.0999999999999996,47.5,52.49999999999999,190.0,46.094129063561375,167,95,0.0
926,95,105,47.5,1.9000000000000001,2.0999999999999996,47.5,52.49999999999999,190.0,46.094129063561375,167,95,0.0
927,95,105,47.5,1.9000000000000001,2.0999999999999996,47.5,52.49999999999999,190.0,46.094129063561375,167,95,0.0
928,95,105,47.5,1.9000000000000001,2.0999999999999996,47.5,52.49999999999999,190.0,46.094129063561375,167,95,0.0
929,95,105,47.5,1.9000000000000001,2.0999999999999996,47.5,52.49999999999999,190.0,46.094129063561375,167,95,0.0
930,95,105,47.5,1.9000000000000001,2.0999999999999996,47.5,52.49999999999999,190.0,46.094129063561375,167,95,0.0
931,95,105,47.5,1.9000000000000001,2.0999999999999996,47.5,52.49999999999999,190.0,46.094129063561375,167,95,0.0
932,95,105,47.5,1.9000000000000001,2.0999999999999996,47.5,52.49999999999999,190.0,46.094129063561375,167,95,0.0
933,96,104,48.0,1.92,2.08,48.0,52.0,192.0,46.57933042212518,168,96,2.0
934,96,104,48.0,1.92,2.08,48.0,52.0,192.0,46.57933042212518,168,96,0.0
935,96,104,48.0,1.92,2.08,48.0,52.0,192.0,46.57933042212518,168,96,0.0
936,96,104,48.0,1.92,2.08,48.0,52.0,192.0,46.57933042212518,168,96,0.0
937,96,104,48.0,1.92,2.08,48.0,52.0,192.0,46.57933042212518,168,96,0.0
938,96,104,48.0,1.92,2.08,48.0,52.0,192.0,46.57933042212518,168,96,0.0
939,96,104,48.0,1.92,2.08,48.0,52.0,192.0,46.57933042212518,168,96,0.0
940,96,104,48.0,1.92,2.08,48.0,52.0,192.0,46.57933042212518,168,96,0.0
941,96,104,48.0,1.92,2.08,48.0,52.0,192.0,46.57933042212518,168,96,0.0
942,97,103,48.5,1.94,2.06,48.5,51.5,194.0,47.06453178068899,169,97,2.0
943,97,103,48.5,1.94,2.06,48.5,51.5,194.0,47.06453178068899,169,97,0.0
944,97,103,48.5,1.94,2.06,48.5,51.5,194.0,47.06453178068899,169,97,0.0
945,97,103,48.5,1.94,2.06,48.5,51.5,194.0,47.06453178068899,169,97,0.0
946,97,103,48.5,1.94,2.06,48.5,51.5,194.0,47.06453178068899,169,97,0.0
947,97,103,48.5,1.94,2.06,48.5,51.5,194.0,47.06453178068899,169,97,0.0
948,97,103,48.5,1.94,2.06,48.5,51.5,194.0,47.06453178068899,170,97,0.0
949,97,103,48.5,1.94,2.06,48.5,51.5,194.0,47.06453178068899,171,97,0.0
950,97,103,48.5,1.94,2.06,48.5,51.5,194.0,47.06453178068899,171,97,0.0
951,97,103,48.5,1.94,2.06,48.5,51.5,194.0,47.06453178068899,171,97,0.0
952,97,103,48.5,1.94,2.06,48.5,51.5,194.0,47.06453178068899,171,97,0.0
953,97,103,48.5,1.94,2.06,48.5,51.5,194.0,47.06453178068899,171,97,0.0
954,97,103,48.5,1.94,2.06,48.5,51.5,194.0,47.06453178068899,171,97,0.0
955,97,103,48.5,1.94,2.06,48.5,51.5,194.0,47.06453178068899,171,97,0.0
956,97,103,48.5,1.94,2.06,48.5,51.5,194.0,47.06453178068899,171,97,0.0
957,97,103,48.5,1.94,2.06,48.5,51.5,194.0,47.06453178068899,171,97,0.0
958,97,103,48.5,1.94,2.06,48.5,51.5,194.0,47.06453178068899,171,97,0.0
959,97,103,48.5,1.94,2.06,48.5,51.5,194.0,47.06453178068899,171,97,0.0
960,97,103,48.5,1.94,2.06,48.5,51.5,194.0,47.06453178068899,171,97,0.0
961,97,103,48.5,1.94,2.06,48.5,51.5,194.0,47.06453178068899,171,97,0.0
962,97,103,48.5,1.94,2.06,48.5,51.5,194.0,47.06453178068899,171,97,0.0
963,97,103,48.5,1.94,2.06,48.5,51.5,194.0,47.06453178068899,171,97,0.0
964,97,103,48.5,1.94,2.06,48.5,51.5,194.0,47.06453178068899,171,97,0.0
965,97,103,48.5,1.94,2.06,48.5,51.5,194.0,47.06453178068899,171,97,0.0
966,97,103,48.5,1.94,2.06,48.5,51.5,194.0,47.06453178068899,171,97,0.0
967,97,103,48.5,1.94,2.06,48.5,51.5,194.0,47.06453178068899,171,97,0.0
968,97,103,48.5,1.94,2.06,48.5,51.5,194.0,47.06453178068899,171,97,0.0
969,98,102,49.0,1.96,2.04,49.0,51.0,196.0,47.549733139252794,172,98,2.0
970,98,102,49.0,1.96,2.04,49.0,51.0,196.0,47.549733139252794,172,98,0.0
971,98,102,49.0,1.96,2.04,49.0,51.0,196.0,47.549733139252794,172,98,0.0
972,98,102,49.0,1.96,2.04,49.0,51.0,196.0,47.549733139252794,172,98,0.0
973,98,102,49.0,1.96,2.04,49.0,51.0,196.0,47.549733139252794,172,98,0.0
974,98,102,49.0,1.96,2.04,49.0,51.0,196.0,47.549733139252794,172,98,0.0
975,98,102,49.0,1.96,2.04,49.0,51.0,196.0,47.549733139252794,172,98,0.0
976,98,102,49.0,1.96,2.04,49.0,51.0,196.0,47.549733139252794,172,98,0.0
977,98,102,49.0,1.96,2.04,49.0,51.0,196.0,47.549733139252794,172,98,0.0
978,98,102,49.0,1.96,2.04,49.0,51.0,196.0,47.549733139252794,172,98,0.0
979,98,102,49.0,1.96,2.04,49.0,51.0,196.0,47.549733139252794,172,98,0.0
980,98,102,49.0,1.96,2.04,49.0,51.0,196.0,47.549733139252794,172,98,0.0
981,98,102,49.0,1.96,2.04,49.0,51.0,196.0,47.549733139252794,172,98,0.0
982,98,102,49.0,1.96,2.04,49.0,51.0,196.0,47.549733139252794,172,98,0.0
983,98,102,49.0,1.96,2.04,49.0,51.0,196.0,47.549733139252794,172,98,0.0
984,98,102,49.0,1.96,2.04,49.0,51.0,196.0,47.549733139252794,172,98,0.0
985,98,102,49.0,1.96,2.04,49.0,51.0,196.0,47.549733139252794,172,98,0.0
986,98,102,49.0,1.96,2.04,49.0,51.0,196.0,47.549733139252794,172,98,0.0
987,99,101,49.5,1.98,2.02,49.5,50.5,198.0,48.03493449781659,173,99,2.0
988,99,101,49.5,1.98,2.02,49.5,50.5,198.0,48.03493449781659,173,99,0.0
989,99,101,49.5,1.98,2.02,49.5,50.5,198.0,48.03493449781659,173,99,0.0
990,99,101,49.5,1.98,2.02,49.5,50.5,198.0,48.03493449781659,173,99,0.0
991,99,101,49.5,1.98,2.02,49.5,50.5,198.0,48.03493449781659,173,99,0.0
992,99,101,49.5,1.98,2.02,49.5,50.5,198.0,48.03493449781659,173,99,0.0
993,99,101,49.5,1.98,2.02,49.5,50.5,198.0,48.03493449781659,173,99,0.0
994,99,101,49.5,1.98,2.02,49.5,50.5,198.0,48.03493449781659,173,99,0.0
995,99,101,49.5,1.98,2.02,49.5,50.5,198.0,48.03493449781659,173,99,0.0
996,99,101,49.5,1.98,2.02,49.5,50.5,198.0,48.03493449781659,173,99,0.0
997,99,101,49.5,1.98,2.02,49.5,50.5,198.0,48.03493449781659,173,99,0.0
998,99,101,49.5,1.98,2.02,49.5,50.5,198.0,48.03493449781659,173,99,0.0
999,99,101,49.5,1.98,2.02,49.5,50.5,198.0,48.03493449781659,173,99,0.0
1000,99,101,49.5,1.98,2.02,49.5,50.5,198.0,48.03493449781659,173,99,0.0
1001,99,101,49.5,1.98,2.02,49.5,50.5,198.0,48.03493449781659,174,99,0.0
1002,99,101,49.5,1.98,2.02,49.5,50.5,198.0,48.03493449781659,174,99,0.0
1003,99,101,49.5,1.98,2.02,49.5,50.5,198.0,48.03493449781659,174,99,0.0
1004,99,101,49.5,1.98,2.02,49.5,50.5,198.0,48.03493449781659,174,99,0.0
1005,99,101,49.5,1.98,2.02,49.5,50.5,198.0,48.03493449781659,174,99,0.0
1006,99,101,49.5,1.98,2.02,49.5,50.5,198.0,48.03493449781659,174,99,0.0
1007,100,100,50.0,2.0,2.0,50.0,50.0,200.0,48.5201358563804,175,100,2.0
1008,100,100,50.0,2.0,2.0,50.0,50.0,200.0,48.5201358563804,175,100,0.0
1009,100,100,50.0,2.0,2.0,50.0,50.0,200.0,48.5201358563804,175,100,0.0
1010,100,100,50.0,2.0,2.0,50.0,50.0,200.0,48.5201358563804,176,100,0.0
1011,100,100,50.0,2.0,2.0,50.0,50.0,200.0,48.5201358563804,176,100,0.0
1012,100,100,50.0,2.0,2.0,50.0,50.0,200.0,48.5201358563804,176,100,0.0
1013,100,100,50.0,2.0,2.0,50.0,50.0,200.0,48.5201358563804,176,100,0.0
1014,100,100,50.0,2.0,2.0,50.0,50.0,200.0,48.5201358563804,176,100,0.0
1015,100,100,50.0,2.0,2.0,50.0,50.0,200.0,48.5201358563804,176,100,0.0
1016,100,100,50.0,2.0,2.0,50.0,50.0,200.0,48.5201358563804,176,100,0.0
1017,100,100,50.0,2.0,2.0,50.0,50.0,200.0,48.5201358563804,176,100,0.0
1018,100,100,50.0,2.0,2.0,50.0,50.0,200.0,48.5201358563804,176,100,0.0
1019,101,99,50.5,2.02,1.98,50.5,49.5,202.0,49.005337214944205,177,101,2.0
1020,101,99,50.5,2.02,1.98,50.5,49.5,202.0,49.005337214944205,177,101,0.0
1021,101,99,50.5,2.02,1.98,50.5,49.5,202.0,49.005337214944205,177,101,0.0
1022,101,99,50.5,2.02,1.98,50.5,49.5,202.0,49.005337214944205,177,101,0.0
1023,101,99,50.5,2.02,1.98,50.5,49.5,202.0,49.005337214944205,177,101,0.0
1024,101,99,50.5,2.02,1.98,50.5,49.5,202.0,49.005337214944205,177,101,0.0
1025,101,99,50.5,2.02,1.98,50.5,49.5,202.0,49.005337214944205,177,101,0.0
1026,101,99,50.5,2.02,1.98,50.5,49.5,202.0,49.005337214944205,177,101,0.0
1027,101,99,50.5,2.02,1.98,50.5,49.5,202.0,49.005337214944205,177,101,0.0
1028,102,98,51.0,2.04,1.96,51.0,49.0,204.0,49.49053857350801,178,102,2.0
1029,102,98,51.0,2.04,1.96,51.0,49.0,204.0,49.49053857350801,178,102,0.0
1030,102,98,51.0,2.04,1.96,51.0,49.0,204.0,49.49053857350801,178,102,0.0
1031,102,98,51.0,2.04,1.96,51.0,49.0,204.0,49.49053857350801,178,102,0.0
1032,102,98,51.0,2.04,1.96,51.0,49.0,204.0,49.49053857350801,178,102,0.0
1033,102,98,51.0,2.04,1.96,51.0,49.0,204.0,49.49053857350801,178,102,0.0
1034,102,98,51.0,2.04,1.96,51.0,49.0,204.0,49.49053857350801,178,102,0.0
1035,102,98,51.0,2.04,1.96,51.0,49.0,204.0,49.49053857350801,178,102,0.0
1036,102,98,51.0,2.04,1.96,51.0,49.0,204.0,49.49053857350801,178,102,0.0
1037,102,98,51.0,2.04,1.96,51.0,49.0,204.0,49.49053857350801,178,102,0.0
1038,102,98,51.0,2.04,1.96,51.0,49.0,204.0,49.49053857350801,178,102,0.0
1039,102,98,51.0,2.04,1.96,51.0,49.0,204.0,49.49053857350801,178,102,0.0
1040,102,98,51.0,2.04,1.96,51.0,49.0,204.0,49.49053857350801,178,102,0.0
1041,102,98,51.0,2.04,1.96,51.0,49.0,204.0,49.49053857350801,179,102,0.0
1042,102,98,51.0,2.04,1.96,51.0,49.0,204.0,49.49053857350801,180,102,0.0
1043,102,98,51.0,2.04,1.96,51.0,49.0,204.0,49.49053857350801,181,102,0.0
1044,102,98,51.0,2.04,1.96,51.0,49.0,204.0,49.49053857350801,181,102,0.0
1045,103,97,51.5,2.06,1.94,51.5,48.5,206.0,49.97573993207181,182,103,2.0
1046,103,97,51.5,2.06,1.94,51.5,48.5,206.0,49.97573993207181,183,103,0.0
1047,103,97,51.5,2.06,1.94,51.5,48.5,206.0,49.97573993207181,184,103,0.0
1048,103,97,51.5,2.06,1.94,51.5,48.5,206.0,49.97573993207181,184,103,0.0
1049,103,97,51.5,2.06,1.94,51.5,48.5,206.0,49.97573993207181,184,103,0.0
1050,103,97,51.5,2.06,1.94,51.5,48.5,206.0,49.97573993207181,184,103,0.0
1051,103,97,51.5,2.06,1.94,51.5,48.5,206.0,49.97573993207181,184,103,0.0
1052,103,97,51.5,2.06,1.94,51.5,48.5,206.0,49.97573993207181,184,103,0.0
1053,104,96,52.0,2.08,1.92,52.0,48.0,208.0,50.46094129063562,185,104,2.0
1054,104,96,52.0,2.08,1.92,52.0,48.0,208.0,50.46094129063562,185,104,0.0
1055,104,96,52.0,2.08,1.92,52.0,48.0,208.0,50.46094129063562,185,104,0.0
1056,105,95,52.5,2.1,1.9,52.5,47.5,210.0,50.94614264919942,186,105,2.0
1057,105,95,52.5,2.1,1.9,52.5,47.5,210.0,50.94614264919942,186,105,0.0
1058,105,95,52.5,2.1,1.9,52.5,47.5,210.0,50.94614264919942,186,105,0.0
1059,105,95,52.5,2.1,1.9,52.5,47.5,210.0,50.94614264919942,186,105,0.0
1060,105,95,52.5,2.1,1.9,52.5,47.5,210.0,50.94614264919942,186,105,0.0
1061,105,95,52.5,2.1,1.9,52.5,47.5,210.0,50.94614264919942,186,105,0.0
1062,105,95,52.5,2.1,1.9,52.5,47.5,210.0,50.94614264919942,186,105,0.0
1063,105,95,52.5,2.1,1.9,52.5,47.5,210.0,50.94614264919942,186,105,0.0
1064,105,95,52.5,2.1,1.9,52.5,47.5,210.0,50.94614264919942,186,105,0.0
1065,106,94,53.0,2.12,1.88,53.0,46.99999999999999,212.0,51.43134400776322,187,106,2.0
1066,106,94,53.0,2.12,1.88,53.0,46.99999999999999,212.0,51.43134400776322,187,106,0.0
1067,106,94,53.0,2.12,1.88,53.0,46.99999999999999,212.0,51.43134400776322,187,106,0.0
1068,106,94,53.0,2.12,1.88,53.0,46.99999999999999,212.0,51.43134400776322,187,106,0.0
1069,106,94,53.0,2.12,1.88,53.0,46.99999999999999,212.0,51.43134400776322,187,106,0.0
1070,106,94,53.0,2.12,1.88,53.0,46.99999999999999,212.0,51.43134400776322,187,106,0.0
1071,106,94,53.0,2.12,1.88,53.0,46.99999999999999,212.0,51.43134400776322,187,106,0.0
1072,106,94,53.0,2.12,1.88,53.0,46.99999999999999,212.0,51.43134400776322,187,106,0.0
1073,106,94,53.0,2.12,1.88,53.0,46.99999999999999,212.0,51.43134400776322,187,106,0.0
1074,106,94,53.0,2.12,1.88,53.0,46.99999999999999,212.0,51.43134400776322,187,106,0.0
1075,106,94,53.0,2.12,1.88,53.0,46.99999999999999,212.0,51.43134400776322,187,106,0.0
1076,106,94,53.0,2.12,1.88,53.0,46.99999999999999,212.0,51.43134400776322,187,106,0.0
1077,106,94,53.0,2.12,1.88,53.0,46.99999999999999,212.0,51.43134400776322,187,106,0.0
1078,106,94,53.0,2.12,1.88,53.0,46.99999999999999,212.0,51.43134400776322,187,106,0.0
1079,106,94,53.0,2.12,1.88,53.0,46.99999999999999,212.0,51.43134400776322,187,106,0.0
1080,106,94,53.0,2.12,1.88,53.0,46.99999999999999,212.0,51.43134400776322,187,106,0.0
1081,106,94,53.0,2.12,1.88,53.0,46.99999999999999,212.0,51.43134400776322,187,106,0.0
1082,106,94,53.0,2.12,1.88,53.0,46.99999999999999,212.0,51.43134400776322,187,106,0.0
1083,106,94,53.0,2.12,1.88,53.0,46.99999999999999,212.0,51.43134400776322,187,106,0.0
1084,106,94,53.0,2.12,1.88,53.0,46.99999999999999,212.0,51.43134400776322,187,106,0.0
1085,106,94,53.0,2.12,1.88,53.0,46.99999999999999,212.0,51.43134400776322,187,106,0.0
1086,106,94,53.0,2.12,1.88,53.0,46.99999999999999,212.0,51.43134400776322,187,106,0.0
1087,106,94,53.0,2.12,1.88,53.0,46.99999999999999,212.0,51.43134400776322,187,106,0.0
1088,106,94,53.0,2.12,1.88,53.0,46.99999999999999,212.0,51.43134400776322,187,106,0.0
1089,106,94,53.0,2.12,1.88,53.0,46.99999999999999,212.0,51.43134400776322,187,106,0.0
1090,106,94,53.0,2.12,1.88,53.0,46.99999999999999,212.0,51.43134400776322,187,106,0.0
1091,106,94,53.0,2.12,1.88,53.0,46.99999999999999,212.0,51.43134400776322,187,106,0.0
1092,106,94,53.0,2.12,1.88,53.0,46.99999999999999,212.0,51.43134400776322,187,106,0.0
1093,106,94,53.0,2.12,1.88,53.0,46.99999999999999,212.0,51.43134400776322,187,106,0.0
1094,107,93,53.5,2.14,1.8599999999999999,53.5,46.49999999999999,214.0,51.91654536632703,188,107,2.0
1095,107,93,53.5,2.14,1.8599999999999999,53.5,46.49999999999999,214.0,51.91654536632703,188,107,0.0
1096,107,93,53.5,2.14,1.8599999999999999,53.5,46.49999999999999,214.0,51.91654536632703,188,107,0.0
1097,107,93,53.5,2.14,1.8599999999999999,53.5,46.49999999999999,214.0,51.91654536632703,188,107,0.0
1098,107,93,53.5,2.14,1.8599999999999999,53.5,46.49999999999999,214.0,51.91654536632703,188,107,0.0
1099,107,93,53.5,2.14,1.8599999999999999,53.5,46.49999999999999,214.0,51.91654536632703,188,107,0.0
1100,107,93,53.5,2.14,1.8599999999999999,53.5,46.49999999999999,214.0,51.91654536632703,188,107,0.0
1101,107,93,53.5,2.14,1.8599999999999999,53.5,46.49999999999999,214.0,51.91654536632703,188,107,0.0
1102,107,93,53.5,2.14,1.8599999999999999,53.5,46.49999999999999,214.0,51.91654536632703,188,107,0.0
1103,107,93,53.5,2.14,1.8599999999999999,53.5,46.49999999999999,214.0,51.91654536632703,188,107,0.0
1104,107,93,53.5,2.14,1.8599999999999999,53.5,46.49999999999999,214.0,51.91654536632703,188,107,0.0
1105,107,93,53.5,2.14,1.8599999999999999,53.5,46.49999999999999,214.0,51.91654536632703,188,107,0.0
1106,107,93,53.5,2.14,1.8599999999999999,53.5,46.49999999999999,214.0,51.91654536632703,188,107,0.0
1107,107,93,53.5,2.14,1.8599999999999999,53.5,46.49999999999999,214.0,51.91654536632703,188,107,0.0
1108,107,93,53.5,2.14,1.8599999999999999,53.5,46.49999999999999,214.0,51.91654536632703,188,107,0.0
1109,107,93,53.5,2.14,1.8599999999999999,53.5,46.49999999999999,214.0,51.91654536632703,188,107,0.0
1110,107,93,53.5,2.14,1.8599999999999999,53.5,46.49999999999999,214.0,51.91654536632703,188,107,0.0
1111,107,93,53.5,2.14,1.8599999999999999,53.5,46.49999999999999,214.0,51.91654536632703,188,107,0.0
1112,107,93,53.5,2.14,1.8599999999999999,53.5,46.49999999999999,214.0,51.91654536632703,188,107,0.0
1113,107,93,53.5,2.14,1.8599999999999999,53.5,46.49999999999999,214.0,51.91654536632703,188,107,0.0
1114,107,93,53.5,2.14,1.8599999999999999,53.5,46.49999999999999,214.0,51.91654536632703,188,107,0.0
1115,107,93,53.5,2.14,1.8599999999999999,53.5,46.49999999999999,214.0,51.91654536632703,188,107,0.0
1116,107,93,53.5,2.14,1.8599999999999999,53.5,46.49999999999999,214.0,51.91654536632703,188,107,0.0
1117,107,93,53.5,2.14,1.8599999999999999,53.5,46.49999999999999,214.0,51.91654536632703,188,107,0.0
1118,107,93,53.5,2.14,1.8599999999999999,53.5,46.49999999999999,214.0,51.91654536632703,188,107,0.0
1119,107,93,53.5,2.14,1.8599999999999999,53.5,46.49999999999999,214.0,51.91654536632703,188,107,0.0
1120,107,93,53.5,2.14,1.8599999999999999,53.5,46.49999999999999,214.0,51.91654536632703,188,107,0.0
1121,107,93,53.5,2.14,1.8599999999999999,53.5,46.49999999999999,214.0,51.91654536632703,188,107,0.0
1122,107,93,53.5,2.14,1.8599999999999999,53.5,46.49999999999999,214.0,51.91654536632703,188,107,0.0
1123,107,93,53.5,2.14,1.8599999999999999,53.5,46.49999999999999,214.0,51.91654536632703,188,107,0.0
1124,107,93,53.5,2.14,1.8599999999999999,53.5,46.49999999999999,214.0,51.91654536632703,188,107,0.0
1125,107,93,53.5,2.14,1.8599999999999999,53.5,46.49999999999999,214.0,51.91654536632703,189,107,0.0
1126,107,93,53.5,2.14,1.8599999999999999,53.5,46.49999999999999,214.0,51.91654536632703,190,107,0.0
1127,107,93,53.5,2.14,1.8599999999999999,53.5,46.49999999999999,214.0,51.91654536632703,190,107,0.0
1128,107,93,53.5,2.14,1.8599999999999999,53.5,46.49999999999999,214.0,51.91654536632703,190,107,0.0
1129,107,93,53.5,2.14,1.8599999999999999,53.5,46.49999999999999,214.0,51.91654536632703,191,107,0.0
1130,107,93,53.5,2.14,1.8599999999999999,53.5,46.49999999999999,214.0,51.91654536632703,191,107,0.0
1131,107,93,53.5,2.14,1.8599999999999999,53.5,46.49999999999999,214.0,51.91654536632703,191,107,0.0
1132,107,93,53.5,2.14,1.8599999999999999,53.5,46.49999999999999,214.0,51.91654536632703,191,107,0.0
1133,107,93,53.5,2.14,1.8599999999999999,53.5,46.49999999999999,214.0,51.91654536632703,191,107,0.0
1134,107,93,53.5,2.14,1.8599999999999999,53.5,46.49999999999999,214.0,51.91654536632703,191,107,0.0
1135,107,93,53.5,2.14,1.8599999999999999,53.5,46.49999999999999,214.0,51.91654536632703,191,107,0.0
1136,107,93,53.5,2.14,1.8599999999999999,53.5,46.49999999999999,214.0,51.91654536632703,191,107,0.0
1137,107,93,53.5,2.14,1.8599999999999999,53.5,46.49999999999999,214.0,51.91654536632703,191,107,0.0
1138,107,93,53.5,2.14,1.8599999999999999,53.5,46.49999999999999,214.0,51.91654536632703,191,107,0.0
1139,107,93,53.5,2.14,1.8599999999999999,53.5,46.49999999999999,214.0,51.91654536632703,191,107,0.0
1140,107,93,53.5,2.14,1.8599999999999999,53.5,46.49999999999999,214.0,51.91654536632703,191,107,0.0
1141,107,93,53.5,2.14,1.8599999999999999,53.5,46.49999999999999,214.0,51.91654536632703,191,107,0.0
1142,108,92,54.0,2.16,1.8399999999999999,54.0,45.99999999999999,216.0,52.40174672489083,192,108,2.0
1143,108,92,54.0,2.16,1.8399999999999999,54.0,45.99999999999999,216.0,52.40174672489083,192,108,0.0
1144,109,91,54.50000000000001,2.18,1.8199999999999998,54.5,45.49999999999999,218.0,52.886948083454634,193,109,2.0
1145,109,91,54.50000000000001,2.18,1.8199999999999998,54.5,45.49999999999999,218.0,52.886948083454634,193,109,0.0
1146,109,91,54.50000000000001,2.18,1.8199999999999998,54.5,45.49999999999999,218.0,52.886948083454634,193,109,0.0
1147,109,91,54.50000000000001,2.18,1.8199999999999998,54.5,45.49999999999999,218.0,52.886948083454634,193,109,0.0
1148,109,91,54.50000000000001,2.18,1.8199999999999998,54.5,45.49999999999999,218.0,52.886948083454634,193,109,0.0
1149,109,91,54.50000000000001,2.18,1.8199999999999998,54.5,45.49999999999999,218.0,52.886948083454634,193,109,0.0
1150,109,91,54.50000000000001,2.18,1.8199999999999998,54.5,45.49999999999999,218.0,52.886948083454634,194,109,0.0
1151,109,91,54.50000000000001,2.18,1.8199999999999998,54.5,45.49999999999999,218.0,52.886948083454634,194,109,0.0
1152,109,91,54.50000000000001,2.18,1.8199999999999998,54.5,45.49999999999999,218.0,52.886948083454634,194,109,0.0
1153,109,91,54.50000000000001,2.18,1.8199999999999998,54.5,45.49999999999999,218.0,52.886948083454634,194,109,0.0
1154,109,91,54.50000000000001,2.18,1.8199999999999998,54.5,45.49999999999999,218.0,52.886948083454634,194,109,0.0
1155,109,91,54.50000000000001,2.18,1.8199999999999998,54.5,45.49999999999999,218.0,52.886948083454634,194,109,0.0
1156,109,91,54.50000000000001,2.18,1.8199999999999998,54.5,45.49999999999999,218.0,52.886948083454634,194,109,0.0
1157,110,90,55.00000000000001,2.2,1.7999999999999998,55.0,44.99999999999999,220.0,53.37214944201843,195,110,2.0
1158,111,89,55.50000000000001,2.22,1.7799999999999998,55.50000000000001,44.49999999999999,222.00000000000003,53.857350800582246,196,111,2.0000000000000284
1159,111,89,55.50000000000001,2.22,1.7799999999999998,55.50000000000001,44.49999999999999,222.00000000000003,53.857350800582246,196,111,0.0
1160,111,89,55.50000000000001,2.22,1.7799999999999998,55.50000000000001,44.49999999999999,222.00000000000003,53.857350800582246,196,111,0.0
1161,111,89,55.50000000000001,2.22,1.7799999999999998,55.50000000000001,44.49999999999999,222.00000000000003,53.857350800582246,196,111,0.0
1162,111,89,55.50000000000001,2.22,1.7799999999999998,55.50000000000001,44.49999999999999,222.00000000000003,53.857350800582246,196,111,0.0
1163,111,89,55.50000000000001,2.22,1.7799999999999998,55.50000000000001,44.49999999999999,222.00000000000003,53.857350800582246,196,111,0.0
1164,111,89,55.50000000000001,2.22,1.7799999999999998,55.50000000000001,44.49999999999999,222.00000000000003,53.857350800582246,196,111,0.0
1165,112,88,56.00000000000001,2.24,1.7599999999999998,56.00000000000001,43.99999999999999,224.00000000000003,54.34255215914605,197,112,2.0
1166,112,88,56.00000000000001,2.24,1.7599999999999998,56.00000000000001,43.99999999999999,224.00000000000003,54.34255215914605,197,112,0.0
1167,112,88,56.00000000000001,2.24,1.7599999999999998,56.00000000000001,43.99999999999999,224.00000000000003,54.34255215914605,197,112,0.0
1168,112,88,56.00000000000001,2.24,1.7599999999999998,56.00000000000001,43.99999999999999,224.00000000000003,54.34255215914605,197,112,0.0
1169,112,88,56.00000000000001,2.24,1.7599999999999998,56.00000000000001,43.99999999999999,224.00000000000003,54.34255215914605,197,112,0.0
1170,112,88,56.00000000000001,2.24,1.7599999999999998,56.00000000000001,43.99999999999999,224.00000000000003,54.34255215914605,197,112,0.0
1171,112,88,56.00000000000001,2.24,1.7599999999999998,56.00000000000001,43.99999999999999,224.00000000000003,54.34255215914605,197,112,0.0
1172,112,88,56.00000000000001,2.24,1.7599999999999998,56.00000000000001,43.99999999999999,224.00000000000003,54.34255215914605,197,112,0.0
1173,112,88,56.00000000000001,2.24,1.7599999999999998,56.00000000000001,43.99999999999999,224.00000000000003,54.34255215914605,197,112,0.0
1174,113,87,56.49999999999999,2.2600000000000002,1.7399999999999998,56.50000000000001,43.49999999999999,226.00000000000003,54.82775351770985,198,113,2.0
1175,113,87,56.49999999999999,2.2600000000000002,1.7399999999999998,56.50000000000001,43.49999999999999,226.00000000000003,54.82775351770985,198,113,0.0
1176,114,86,56.99999999999999,2.2800000000000002,1.7199999999999998,57.00000000000001,42.99999999999999,228.00000000000003,55.31295487627366,199,114,2.0
1177,114,86,56.99999999999999,2.2800000000000002,1.7199999999999998,57.00000000000001,42.99999999999999,228.00000000000003,55.31295487627366,199,114,0.0
1178,114,86,56.99999999999999,2.2800000000000002,1.7199999999999998,57.00000000000001,42.99999999999999,228.00000000000003,55.31295487627366,199,114,0.0
1179,114,86,56.99999999999999,2.2800000000000002,1.7199999999999998,57.00000000000001,42.99999999999999,228.00000000000003,55.31295487627366,200,114,0.0
1180,114,86,56.99999999999999,2.2800000000000002,1.7199999999999998,57.00000000000001,42.99999999999999,228.00000000000003,55.31295487627366,201,114,0.0
1181,114,86,56.99999999999999,2.2800000000000002,1.7199999999999998,57.00000000000001,42.99999999999999,228.00000000000003,55.31295487627366,202,114,0.0
1182,114,86,56.99999999999999,2.2800000000000002,1.7199999999999998,57.00000000000001,42.99999999999999,228.00000000000003,55.31295487627366,202,114,0.0
1183,114,86,56.99999999999999,2.2800000000000002,1.7199999999999998,57.00000000000001,42.99999999999999,228.00000000000003,55.31295487627366,203,114,0.0
1184,114,86,56.99999999999999,2.2800000000000002,1.7199999999999998,57.00000000000001,42.99999999999999,228.00000000000003,55.31295487627366,204,114,0.0
1185,114,86,56.99999999999999,2.2800000000000002,1.7199999999999998,57.00000000000001,42.99999999999999,228.00000000000003,55.31295487627366,205,114,0.0
1186,114,86,56.99999999999999,2.2800000000000002,1.7199999999999998,57.00000000000001,42.99999999999999,228.00000000000003,55.31295487627366,206,114,0.0
1187,114,86,56.99999999999999,2.2800000000000002,1.7199999999999998,57.00000000000001,42.99999999999999,228.00000000000003,55.31295487627366,206,114,0.0
1188,114,86,56.99999999999999,2.2800000000000002,1.7199999999999998,57.00000000000001,42.99999999999999,228.00000000000003,55.31295487627366,206,114,0.0
1189,114,86,56.99999999999999,2.2800000000000002,1.7199999999999998,57.00000000000001,42.99999999999999,228.00000000000003,55.31295487627366,206,114,0.0
1190,114,86,56.99999999999999,2.2800000000000002,1.7199999999999998,57.00000000000001,42.99999999999999,228.00000000000003,55.31295487627366,206,114,0.0
1191,114,86,56.99999999999999,2.2800000000000002,1.7199999999999998,57.00000000000001,42.99999999999999,228.00000000000003,55.31295487627366,206,114,0.0
1192,114,86,56.99999999999999,2.2800000000000002,1.7199999999999998,57.00000000000001,42.99999999999999,228.00000000000003,55.31295487627366,206,114,0.0
1193,114,86,56.99999999999999,2.2800000000000002,1.7199999999999998,57.00000000000001,42.99999999999999,228.00000000000003,55.31295487627366,207,114,0.0
1194,114,86,56.99999999999999,2.2800000000000002,1.7199999999999998,57.00000000000001,42.99999999999999,228.00000000000003,55.31295487627366,207,114,0.0
1195,114,86,56.99999999999999,2.2800000000000002,1.7199999999999998,57.00000000000001,42.99999999999999,228.00000000000003,55.31295487627366,207,114,0.0
1196,114,86,56.99999999999999,2.2800000000000002,1.7199999999999998,57.00000000000001,42.99999999999999,228.00000000000003,55.31295487627366,207,114,0.0
1197,114,86,56.99999999999999,2.2800000000000002,1.7199999999999998,57.00000000000001,42.99999999999999,228.00000000000003,55.31295487627366,207,114,0.0
1198,114,86,56.99999999999999,2.2800000000000002,1.7199999999999998,57.00000000000001,42.99999999999999,228.00000000000003,55.31295487627366,207,114,0.0
1199,114,86,56.99999999999999,2.2800000000000002,1.7199999999999998,57.00000000000001,42.99999999999999,228.00000000000003,55.31295487627366,207,114,0.0
1200,114,86,56.99999999999999,2.2800000000000002,1.7199999999999998,57.00000000000001,42.99999999999999,228.00000000000003,55.31295487627366,207,114,0.0
1201,114,86,56.99999999999999,2.2800000000000002,1.7199999999999998,57.00000000000001,42.99999999999999,228.00000000000003,55.31295487627366,207,114,0.0
1202,114,86,56.99999999999999,2.2800000000000002,1.7199999999999998,57.00000000000001,42.99999999999999,228.00000000000003,55.31295487627366,207,114,0.0
1203,114,86,56.99999999999999,2.2800000000000002,1.7199999999999998,57.00000000000001,42.99999999999999,228.00000000000003,55.31295487627366,207,114,0.0
1204,115,85,57.49999999999999,2.3000000000000003,1.6999999999999997,57.50000000000001,42.49999999999999,230.00000000000003,55.79815623483747,208,115,2.0
1205,115,85,57.49999999999999,2.3000000000000003,1.6999999999999997,57.50000000000001,42.49999999999999,230.00000000000003,55.79815623483747,208,115,0.0
1206,115,85,57.49999999999999,2.3000000000000003,1.6999999999999997,57.50000000000001,42.49999999999999,230.00000000000003,55.79815623483747,208,115,0.0
1207,115,85,57.49999999999999,2.3000000000000003,1.6999999999999997,57.50000000000001,42.49999999999999,230.00000000000003,55.79815623483747,208,115,0.0
1208,115,85,57.49999999999999,2.3000000000000003,1.6999999999999997,57.50000000000001,42.49999999999999,230.00000000000003,55.79815623483747,208,115,0.0
1209,115,85,57.49999999999999,2.3000000000000003,1.6999999999999997,57.50000000000001,42.49999999999999,230.00000000000003,55.79815623483747,208,115,0.0
1210,115,85,57.49999999999999,2.3000000000000003,1.6999999999999997,57.50000000000001,42.49999999999999,230.00000000000003,55.79815623483747,208,115,0.0
1211,115,85,57.49999999999999,2.3000000000000003,1.6999999999999997,57.50000000000001,42.49999999999999,230.00000000000003,55.79815623483747,208,115,0.0
1212,115,85,57.49999999999999,2.3000000000000003,1.6999999999999997,57.50000000000001,42.49999999999999,230.00000000000003,55.79815623483747,208,115,0.0
1213,115,85,57.49999999999999,2.3000000000000003,1.6999999999999997,57.50000000000001,42.49999999999999,230.00000000000003,55.79815623483747,208,115,0.0
1214,115,85,57.49999999999999,2.3000000000000003,1.6999999999999997,57.50000000000001,42.49999999999999,230.00000000000003,55.79815623483747,208,115,0.0
1215,115,85,57.49999999999999,2.3000000000000003,1.6999999999999997,57.50000000000001,42.49999999999999,230.00000000000003,55.79815623483747,209,115,0.0
1216,115,85,57.49999999999999,2.3000000000000003,1.6999999999999997,57.50000000000001,42.49999999999999,230.00000000000003,55.79815623483747,209,115,0.0
1217,115,85,57.49999999999999,2.3000000000000003,1.6999999999999997,57.50000000000001,42.49999999999999,230.00000000000003,55.79815623483747,209,115,0.0
1218,115,85,57.49999999999999,2.3000000000000003,1.6999999999999997,57.50000000000001,42.49999999999999,230.00000000000003,55.79815623483747,209,115,0.0
1219,115,85,57.49999999999999,2.3000000000000003,1.6999999999999997,57.50000000000001,42.49999999999999,230.00000000000003,55.79815623483747,209,115,0.0
1220,116,84,57.99999999999999,2.32,1.6800000000000002,57.99999999999999,42.0,231.99999999999997,56.28335759340125,210,116,1.9999999999999432
1221,116,84,57.99999999999999,2.32,1.6800000000000002,57.99999999999999,42.0,231.99999999999997,56.28335759340125,210,116,0.0
1222,116,84,57.99999999999999,2.32,1.6800000000000002,57.99999999999999,42.0,231.99999999999997,56.28335759340125,210,116,0.0
1223,116,84,57.99999999999999,2.32,1.6800000000000002,57.99999999999999,42.0,231.99999999999997,56.28335759340125,210,116,0.0
1224,116,84,57.99999999999999,2.32,1.6800000000000002,57.99999999999999,42.0,231.99999999999997,56.28335759340125,210,116,0.0
1225,116,84,57.99999999999999,2.32,1.6800000000000002,57.99999999999999,42.0,231.99999999999997,56.28335759340125,210,116,0.0
1226,116,84,57.99999999999999,2.32,1.6800000000000002,57.99999999999999,42.0,231.99999999999997,56.28335759340125,210,116,0.0
1227,116,84,57.99999999999999,2.32,1.6800000000000002,57.99999999999999,42.0,231.99999999999997,56.28335759340125,210,116,0.0
1228,116,84,57.99999999999999,2.32,1.6800000000000002,57.99999999999999,42.0,231.99999999999997,56.28335759340125,210,116,0.0
1229,116,84,57.99999999999999,2.32,1.6800000000000002,57.99999999999999,42.0,231.99999999999997,56.28335759340125,210,116,0.0
1230,116,84,57.99999999999999,2.32,1.6800000000000002,57.99999999999999,42.0,231.99999999999997,56.28335759340125,211,116,0.0
1231,116,84,57.99999999999999,2.32,1.6800000000000002,57.99999999999999,42.0,231.99999999999997,56.28335759340125,211,116,0.0
1232,116,84,57.99999999999999,2.32,1.6800000000000002,57.99999999999999,42.0,231.99999999999997,56.28335759340125,211,116,0.0
1233,116,84,57.99999999999999,2.32,1.6800000000000002,57.99999999999999,42.0,231.99999999999997,56.28335759340125,211,116,0.0
1234,117,83,58.5,2.34,1.6600000000000001,58.49999999999999,41.5,233.99999999999997,56.76855895196506,212,117,2.0
1235,117,83,58.5,2.34,1.6600000000000001,58.49999999999999,41.5,233.99999999999997,56.76855895196506,212,117,0.0
1236,117,83,58.5,2.34,1.6600000000000001,58.49999999999999,41.5,233.99999999999997,56.76855895196506,212,117,0.0
1237,117,83,58.5,2.34,1.6600000000000001,58.49999999999999,41.5,233.99999999999997,56.76855895196506,212,117,0.0
1238,117,83,58.5,2.34,1.6600000000000001,58.49999999999999,41.5,233.99999999999997,56.76855895196506,212,117,0.0
1239,117,83,58.5,2.34,1.6600000000000001,58.49999999999999,41.5,233.99999999999997,56.76855895196506,212,117,0.0
1240,117,83,58.5,2.34,1.6600000000000001,58.49999999999999,41.5,233.99999999999997,56.76855895196506,212,117,0.0
1241,117,83,58.5,2.34,1.6600000000000001,58.49999999999999,41.5,233.99999999999997,56.76855895196506,212,117,0.0
1242,117,83,58.5,2.34,1.6600000000000001,58.49999999999999,41.5,233.99999999999997,56.76855895196506,212,117,0.0
1243,117,83,58.5,2.34,1.6600000000000001,58.49999999999999,41.5,233.99999999999997,56.76855895196506,212,117,0.0
1244,117,83,58.5,2.34,1.6600000000000001,58.49999999999999,41.5,233.99999999999997,56.76855895196506,212,117,0.0
1245,118,82,59.0,2.36,1.6400000000000001,58.99999999999999,41.0,235.99999999999997,57.25376031052887,213,118,2.0
1246,118,82,59.0,2.36,1.6400000000000001,58.99999999999999,41.0,235.99999999999997,57.25376031052887,213,118,0.0
1247,118,82,59.0,2.36,1.6400000000000001,58.99999999999999,41.0,235.99999999999997,57.25376031052887,213,118,0.0
1248,119,81,59.5,2.38,1.62,59.49999999999999,40.5,237.99999999999997,57.73896166909267,214,119,2.0
1249,119,81,59.5,2.38,1.62,59.49999999999999,40.5,237.99999999999997,57.73896166909267,214,119,0.0
1250,119,81,59.5,2.38,1.62,59.49999999999999,40.5,237.99999999999997,57.73896166909267,214,119,0.0
1251,119,81,59.5,2.38,1.62,59.49999999999999,40.5,237.99999999999997,57.73896166909267,214,119,0.0
1252,119,81,59.5,2.38,1.62,59.49999999999999,40.5,237.99999999999997,57.73896166909267,214,119,0.0
1253,119,81,59.5,2.38,1.62,59.49999999999999,40.5,237.99999999999997,57.73896166909267,214,119,0.0
1254,119,81,59.5,2.38,1.62,59.49999999999999,40.5,237.99999999999997,57.73896166909267,214,119,0.0
1255,119,81,59.5,2.38,1.62,59.49999999999999,40.5,237.99999999999997,57.73896166909267,214,119,0.0
1256,119,81,59.5,2.38,1.62,59.49999999999999,40.5,237.99999999999997,57.73896166909267,214,119,0.0
1257,119,81,59.5,2.38,1.62,59.49999999999999,40.5,237.99999999999997,57.73896166909267,214,119,0.0
1258,119,81,59.5,2.38,1.62,59.49999999999999,40.5,237.99999999999997,57.73896166909267,214,119,0.0
1259,119,81,59.5,2.38,1.62,59.49999999999999,40.5,237.99999999999997,57.73896166909267,214,119,0.0
1260,119,81,59.5,2.38,1.62,59.49999999999999,40.5,237.99999999999997,57.73896166909267,214,119,0.0
1261,119,81,59.5,2.38,1.62,59.49999999999999,40.5,237.99999999999997,57.73896166909267,214,119,0.0
1262,119,81,59.5,2.38,1.62,59.49999999999999,40.5,237.99999999999997,57.73896166909267,214,119,0.0
1263,119,81,59.5,2.38,1.62,59.49999999999999,40.5,237.99999999999997,57.73896166909267,214,119,0.0
1264,119,81,59.5,2.38,1.62,59.49999999999999,40.5,237.99999999999997,57.73896166909267,214,119,0.0
1265,119,81,59.5,2.38,1.62,59.49999999999999,40.5,237.99999999999997,57.73896166909267,214,119,0.0
1266,119,81,59.5,2.38,1.62,59.49999999999999,40.5,237.99999999999997,57.73896166909267,214,119,0.0
1267,119,81,59.5,2.38,1.62,59.49999999999999,40.5,237.99999999999997,57.73896166909267,214,119,0.0
1268,119,81,59.5,2.38,1.62,59.49999999999999,40.5,237.99999999999997,57.73896166909267,214,119,0.0
1269,119,81,59.5,2.38,1.62,59.49999999999999,40.5,237.99999999999997,57.73896166909267,214,119,0.0
1270,119,81,59.5,2.38,1.62,59.49999999999999,40.5,237.99999999999997,57.73896166909267,214,119,0.0
1271,119,81,59.5,2.38,1.62,59.49999999999999,40.5,237.99999999999997,57.73896166909267,214,119,0.0
1272,119,81,59.5,2.38,1.62,59.49999999999999,40.5,237.99999999999997,57.73896166909267,214,119,0.0
1273,119,81,59.5,2.38,1.62,59.49999999999999,40.5,237.99999999999997,57.73896166909267,214,119,0.0
1274,119,81,59.5,2.38,1.62,59.49999999999999,40.5,237.99999999999997,57.73896166909267,214,119,0.0
1275,119,81,59.5,2.38,1.62,59.49999999999999,40.5,237.99999999999997,57.73896166909267,214,119,0.0
1276,119,81,59.5,2.38,1.62,59.49999999999999,40.5,237.99999999999997,57.73896166909267,214,119,0.0
1277,119,81,59.5,2.38,1.62,59.49999999999999,40.5,237.99999999999997,57.73896166909267,214,119,0.0
1278,119,81,59.5,2.38,1.62,59.49999999999999,40.5,237.99999999999997,57.73896166909267,214,119,0.0
1279,120,80,60.0,2.4,1.6,60.0,40.0,240.0,58.22416302765648,215,120,2.0000000000000284
1280,120,80,60.0,2.4,1.6,60.0,40.0,240.0,58.22416302765648,215,120,0.0
1281,120,80,60.0,2.4,1.6,60.0,40.0,240.0,58.22416302765648,215,120,0.0
1282,120,80,60.0,2.4,1.6,60.0,40.0,240.0,58.22416302765648,215,120,0.0
1283,120,80,60.0,2.4,1.6,60.0,40.0,240.0,58.22416302765648,215,120,0.0
1284,120,80,60.0,2.4,1.6,60.0,40.0,240.0,58.22416302765648,215,120,0.0
1285,120,80,60.0,2.4,1.6,60.0,40.0,240.0,58.22416302765648,215,120,0.0
1286,120,80,60.0,2.4,1.6,60.0,40.0,240.0,58.22416302765648,215,120,0.0
1287,120,80,60.0,2.4,1.6,60.0,40.0,240.0,58.22416302765648,215,120,0.0
1288,120,80,60.0,2.4,1.6,60.0,40.0,240.0,58.22416302765648,215,120,0.0
1289,120,80,60.0,2.4,1.6,60.0,40.0,240.0,58.22416302765648,215,120,0.0
1290,120,80,60.0,2.4,1.6,60.0,40.0,240.0,58.22416302765648,215,120,0.0
1291,120,80,60.0,2.4,1.6,60.0,40.0,240.0,58.22416302765648,215,120,0.0
1292,120,80,60.0,2.4,1.6,60.0,40.0,240.0,58.22416302765648,215,120,0.0
1293,120,80,60.0,2.4,1.6,60.0,40.0,240.0,58.22416302765648,215,120,0.0
1294,120,80,60.0,2.4,1.6,60.0,40.0,240.0,58.22416302765648,215,120,0.0
1295,120,80,60.0,2.4,1.6,60.0,40.0,240.0,58.22416302765648,215,120,0.0
1296,120,80,60.0,2.4,1.6,60.0,40.0,240.0,58.22416302765648,215,120,0.0
1297,120,80,60.0,2.4,1.6,60.0,40.0,240.0,58.22416302765648,215,120,0.0
1298,120,80,60.0,2.4,1.6,60.0,40.0,240.0,58.22416302765648,215,120,0.0
1299,120,80,60.0,2.4,1.6,60.0,40.0,240.0,58.22416302765648,215,120,0.0
1300,120,80,60.0,2.4,1.6,60.0,40.0,240.0,58.22416302765648,215,120,0.0
1301,120,80,60.0,2.4,1.6,60.0,40.0,240.0,58.22416302765648,215,120,0.0
1302,120,80,60.0,2.4,1.6,60.0,40.0,240.0,58.22416302765648,215,120,0.0
1303,120,80,60.0,2.4,1.6,60.0,40.0,240.0,58.22416302765648,215,120,0.0
1304,120,80,60.0,2.4,1.6,60.0,40.0,240.0,58.22416302765648,215,120,0.0
1305,120,80,60.0,2.4,1.6,60.0,40.0,240.0,58.22416302765648,215,120,0.0
1306,120,80,60.0,2.4,1.6,60.0,40.0,240.0,58.22416302765648,215,120,0.0
1307,120,80,60.0,2.4,1.6,60.0,40.0,240.0,58.22416302765648,215,120,0.0
1308,120,80,60.0,2.4,1.6,60.0,40.0,240.0,58.22416302765648,215,120,0.0
1309,120,80,60.0,2.4,1.6,60.0,40.0,240.0,58.22416302765648,215,120,0.0
1310,120,80,60.0,2.4,1.6,60.0,40.0,240.0,58.22416302765648,215,120,0.0
1311,120,80,60.0,2.4,1.6,60.0,40.0,240.0,58.22416302765648,215,120,0.0
1312,120,80,60.0,2.4,1.6,60.0,40.0,240.0,58.22416302765648,215,120,0.0
1313,120,80,60.0,2.4,1.6,60.0,40.0,240.0,58.22416302765648,215,120,0.0
1314,120,80,60.0,2.4,1.6,60.0,40.0,240.0,58.22416302765648,215,120,0.0
1315,120,80,60.0,2.4,1.6,60.0,40.0,240.0,58.22416302765648,215,120,0.0
1316,120,80,60.0,2.4,1.6,60.0,40.0,240.0,58.22416302765648,215,120,0.0
1317,120,80,60.0,2.4,1.6,60.0,40.0,240.0,58.22416302765648,215,120,0.0
1318,120,80,60.0,2.4,1.6,60.0,40.0,240.0,58.22416302765648,215,120,0.0
1319,120,80,60.0,2.4,1.6,60.0,40.0,240.0,58.22416302765648,215,120,0.0
1320,120,80,60.0,2.4,1.6,60.0,40.0,240.0,58.22416302765648,216,120,0.0
1321,120,80,60.0,2.4,1.6,60.0,40.0,240.0,58.22416302765648,216,120,0.0
1322,120,80,60.0,2.4,1.6,60.0,40.0,240.0,58.22416302765648,216,120,0.0
1323,120,80,60.0,2.4,1.6,60.0,40.0,240.0,58.22416302765648,216,120,0.0
1324,120,80,60.0,2.4,1.6,60.0,40.0,240.0,58.22416302765648,216,120,0.0
1325,120,80,60.0,2.4,1.6,60.0,40.0,240.0,58.22416302765648,216,120,0.0
1326,120,80,60.0,2.4,1.6,60.0,40.0,240.0,58.22416302765648,216,120,0.0
1327,120,80,60.0,2.4,1.6,60.0,40.0,240.0,58.22416302765648,216,120,0.0
1328,120,80,60.0,2.4,1.6,60.0,40.0,240.0,58.22416302765648,216,120,0.0
1329,120,80,60.0,2.4,1.6,60.0,40.0,240.0,58.22416302765648,217,120,0.0
1330,120,80,60.0,2.4,1.6,60.0,40.0,240.0,58.22416302765648,217,120,0.0
1331,120,80,60.0,2.4,1.6,60.0,40.0,240.0,58.22416302765648,218,120,0.0
1332,120,80,60.0,2.4,1.6,60.0,40.0,240.0,58.22416302765648,219,120,0.0
1333,120,80,60.0,2.4,1.6,60.0,40.0,240.0,58.22416302765648,219,120,0.0
1334,120,80,60.0,2.4,1.6,60.0,40.0,240.0,58.22416302765648,219,120,0.0
1335,120,80,60.0,2.4,1.6,60.0,40.0,240.0,58.22416302765648,219,120,0.0
1336,120,80,60.0,2.4,1.6,60.0,40.0,240.0,58.22416302765648,221,120,0.0
1337,121,79,60.5,2.42,1.58,60.5,39.5,242.0,58.70936438622029,223,121,2.0
1338,121,79,60.5,2.42,1.58,60.5,39.5,242.0,58.70936438622029,224,121,0.0
1339,121,79,60.5,2.42,1.58,60.5,39.5,242.0,58.70936438622029,224,121,0.0
1340,121,79,60.5,2.42,1.58,60.5,39.5,242.0,58.70936438622029,224,121,0.0
1341,121,79,60.5,2.42,1.58,60.5,39.5,242.0,58.70936438622029,224,121,0.0
1342,121,79,60.5,2.42,1.58,60.5,39.5,242.0,58.70936438622029,225,121,0.0
1343,121,79,60.5,2.42,1.58,60.5,39.5,242.0,58.70936438622029,225,121,0.0
1344,121,79,60.5,2.42,1.58,60.5,39.5,242.0,58.70936438622029,225,121,0.0
1345,121,79,60.5,2.42,1.58,60.5,39.5,242.0,58.70936438622029,225,121,0.0
1346,121,79,60.5,2.42,1.58,60.5,39.5,242.0,58.70936438622029,225,121,0.0
1347,121,79,60.5,2.42,1.58,60.5,39.5,242.0,58.70936438622029,225,121,0.0
1348,122,78,61.0,2.44,1.56,61.0,39.0,244.0,59.194565744784086,226,122,2.0
1349,122,78,61.0,2.44,1.56,61.0,39.0,244.0,59.194565744784086,226,122,0.0
1350,122,78,61.0,2.44,1.56,61.0,39.0,244.0,59.194565744784086,226,122,0.0
1351,122,78,61.0,2.44,1.56,61.0,39.0,244.0,59.194565744784086,226,122,0.0
1352,122,78,61.0,2.44,1.56,61.0,39.0,244.0,59.194565744784086,226,122,0.0
1353,122,78,61.0,2.44,1.56,61.0,39.0,244.0,59.194565744784086,226,122,0.0
1354,122,78,61.0,2.44,1.56,61.0,39.0,244.0,59.194565744784086,226,122,0.0
1355,122,78,61.0,2.44,1.56,61.0,39.0,244.0,59.194565744784086,226,122,0.0
1356,122,78,61.0,2.44,1.56,61.0,39.0,244.0,59.194565744784086,226,122,0.0
1357,122,78,61.0,2.44,1.56,61.0,39.0,244.0,59.194565744784086,227,122,0.0
1358,122,78,61.0,2.44,1.56,61.0,39.0,244.0,59.194565744784086,227,122,0.0
1359,122,78,61.0,2.44,1.56,61.0,39.0,244.0,59.194565744784086,228,122,0.0
1360,122,78,61.0,2.44,1.56,61.0,39.0,244.0,59.194565744784086,228,122,0.0
1361,122,78,61.0,2.44,1.56,61.0,39.0,244.0,59.194565744784086,228,122,0.0
1362,122,78,61.0,2.44,1.56,61.0,39.0,244.0,59.194565744784086,228,122,0.0
1363,122,78,61.0,2.44,1.56,61.0,39.0,244.0,59.194565744784086,228,122,0.0
1364,122,78,61.0,2.44,1.56,61.0,39.0,244.0,59.194565744784086,228,122,0.0
1365,122,78,61.0,2.44,1.56,61.0,39.0,244.0,59.194565744784086,228,122,0.0
1366,122,78,61.0,2.44,1.56,61.0,39.0,244.0,59.194565744784086,228,122,0.0
1367,122,78,61.0,2.44,1.56,61.0,39.0,244.0,59.194565744784086,228,122,0.0
1368,122,78,61.0,2.44,1.56,61.0,39.0,244.0,59.194565744784086,228,122,0.0
1369,122,78,61.0,2.44,1.56,61.0,39.0,244.0,59.194565744784086,229,122,0.0
1370,122,78,61.0,2.44,1.56,61.0,39.0,244.0,59.194565744784086,229,122,0.0
1371,122,78,61.0,2.44,1.56,61.0,39.0,244.0,59.194565744784086,229,122,0.0
1372,122,78,61.0,2.44,1.56,61.0,39.0,244.0,59.194565744784086,229,122,0.0
1373,122,78,61.0,2.44,1.56,61.0,39.0,244.0,59.194565744784086,229,122,0.0
1374,122,78,61.0,2.44,1.56,61.0,39.0,244.0,59.194565744784086,229,122,0.0
1375,122,78,61.0,2.44,1.56,61.0,39.0,244.0,59.194565744784086,230,122,0.0
1376,122,78,61.0,2.44,1.56,61.0,39.0,244.0,59.194565744784086,230,122,0.0
1377,122,78,61.0,2.44,1.56,61.0,39.0,244.0,59.194565744784086,230,122,0.0
1378,122,78,61.0,2.44,1.56,61.0,39.0,244.0,59.194565744784086,230,122,0.0
1379,122,78,61.0,2.44,1.56,61.0,39.0,244.0,59.194565744784086,230,122,0.0
1380,122,78,61.0,2.44,1.56,61.0,39.0,244.0,59.194565744784086,230,122,0.0
1381,122,78,61.0,2.44,1.56,61.0,39.0,244.0,59.194565744784086,230,122,0.0
1382,122,78,61.0,2.44,1.56,61.0,39.0,244.0,59.194565744784086,230,122,0.0
1383,122,78,61.0,2.44,1.56,61.0,39.0,244.0,59.194565744784086,230,122,0.0
1384,122,78,61.0,2.44,1.56,61.0,39.0,244.0,59.194565744784086,230,122,0.0
1385,122,78,61.0,2.44,1.56,61.0,39.0,244.0,59.194565744784086,230,122,0.0
1386,122,78,61.0,2.44,1.56,61.0,39.0,244.0,59.194565744784086,230,122,0.0
1387,122,78,61.0,2.44,1.56,61.0,39.0,244.0,59.194565744784086,230,122,0.0
1388,122,78,61.0,2.44,1.56,61.0,39.0,244.0,59.194565744784086,230,122,0.0
1389,122,78,61.0,2.44,1.56,61.0,39.0,244.0,59.194565744784086,230,122,0.0
1390,122,78,61.0,2.44,1.56,61.0,39.0,244.0,59.194565744784086,230,122,0.0
1391,122,78,61.0,2.44,1.56,61.0,39.0,244.0,59.194565744784086,230,122,0.0
1392,122,78,61.0,2.44,1.56,61.0,39.0,244.0,59.194565744784086,230,122,0.0
1393,122,78,61.0,2.44,1.56,61.0,39.0,244.0,59.194565744784086,230,122,0.0
1394,122,78,61.0,2.44,1.56,61.0,39.0,244.0,59.194565744784086,230,122,0.0
1395,122,78,61.0,2.44,1.56,61.0,39.0,244.0,59.194565744784086,230,122,0.0
1396,122,78,61.0,2.44,1.56,61.0,39.0,244.0,59.194565744784086,230,122,0.0
1397,122,78,61.0,2.44,1.56,61.0,39.0,244.0,59.194565744784086,230,122,0.0
1398,122,78,61.0,2.44,1.56,61.0,39.0,244.0,59.194565744784086,230,122,0.0
1399,122,78,61.0,2.44,1.56,61.0,39.0,244.0,59.194565744784086,230,122,0.0
1400,122,78,61.0,2.44,1.56,61.0,39.0,244.0,59.194565744784086,230,122,0.0
1401,122,78,61.0,2.44,1.56,61.0,39.0,244.0,59.194565744784086,230,122,0.0
1402,122,78,61.0,2.44,1.56,61.0,39.0,244.0,59.194565744784086,230,122,0.0
1403,122,78,61.0,2.44,1.56,61.0,39.0,244.0,59.194565744784086,230,122,0.0
1404,122,78,61.0,2.44,1.56,61.0,39.0,244.0,59.194565744784086,230,122,0.0
1405,122,78,61.0,2.44,1.56,61.0,39.0,244.0,59.194565744784086,230,122,0.0
1406,122,78,61.0,2.44,1.56,61.0,39.0,244.0,59.194565744784086,230,122,0.0
1407,122,78,61.0,2.44,1.56,61.0,39.0,244.0,59.194565744784086,230,122,0.0
1408,123,77,61.5,2.46,1.54,61.5,38.5,246.0,59.67976710334789,231,123,2.0
1409,123,77,61.5,2.46,1.54,61.5,38.5,246.0,59.67976710334789,231,123,0.0
1410,123,77,61.5,2.46,1.54,61.5,38.5,246.0,59.67976710334789,231,123,0.0
1411,123,77,61.5,2.46,1.54,61.5,38.5,246.0,59.67976710334789,231,123,0.0
1412,123,77,61.5,2.46,1.54,61.5,38.5,246.0,59.67976710334789,231,123,0.0
1413,123,77,61.5,2.46,1.54,61.5,38.5,246.0,59.67976710334789,231,123,0.0
1414,123,77,61.5,2.46,1.54,61.5,38.5,246.0,59.67976710334789,231,123,0.0
1415,123,77,61.5,2.46,1.54,61.5,38.5,246.0,59.67976710334789,231,123,0.0
1416,123,77,61.5,2.46,1.54,61.5,38.5,246.0,59.67976710334789,231,123,0.0
1417,123,77,61.5,2.46,1.54,61.5,38.5,246.0,59.67976710334789,231,123,0.0
1418,124,76,62.0,2.48,1.52,62.0,38.0,248.0,60.16496846191169,232,124,2.0
1419,124,76,62.0,2.48,1.52,62.0,38.0,248.0,60.16496846191169,233,124,0.0
1420,124,76,62.0,2.48,1.52,62.0,38.0,248.0,60.16496846191169,233,124,0.0
1421,124,76,62.0,2.48,1.52,62.0,38.0,248.0,60.16496846191169,233,124,0.0
1422,124,76,62.0,2.48,1.52,62.0,38.0,248.0,60.16496846191169,233,124,0.0
1423,124,76,62.0,2.48,1.52,62.0,38.0,248.0,60.16496846191169,233,124,0.0
1424,124,76,62.0,2.48,1.52,62.0,38.0,248.0,60.16496846191169,233,124,0.0
1425,124,76,62.0,2.48,1.52,62.0,38.0,248.0,60.16496846191169,233,124,0.0
1426,125,75,62.5,2.5,1.5,62.5,37.5,250.0,60.6501698204755,234,125,2.0
1427,125,75,62.5,2.5,1.5,62.5,37.5,250.0,60.6501698204755,234,125,0.0
1428,125,75,62.5,2.5,1.5,62.5,37.5,250.0,60.6501698204755,234,125,0.0
1429,125,75,62.5,2.5,1.5,62.5,37.5,250.0,60.6501698204755,234,125,0.0
1430,125,75,62.5,2.5,1.5,62.5,37.5,250.0,60.6501698204755,234,125,0.0
1431,125,75,62.5,2.5,1.5,62.5,37.5,250.0,60.6501698204755,234,125,0.0
1432,125,75,62.5,2.5,1.5,62.5,37.5,250.0,60.6501698204755,234,125,0.0
1433,125,75,62.5,2.5,1.5,62.5,37.5,250.0,60.6501698204755,234,125,0.0
1434,125,75,62.5,2.5,1.5,62.5,37.5,250.0,60.6501698204755,234,125,0.0
1435,125,75,62.5,2.5,1.5,62.5,37.5,250.0,60.6501698204755,234,125,0.0
1436,125,75,62.5,2.5,1.5,62.5,37.5,250.0,60.6501698204755,234,125,0.0
1437,125,75,62.5,2.5,1.5,62.5,37.5,250.0,60.6501698204755,234,125,0.0
1438,125,75,62.5,2.5,1.5,62.5,37.5,250.0,60.6501698204755,234,125,0.0
1439,125,75,62.5,2.5,1.5,62.5,37.5,250.0,60.6501698204755,234,125,0.0
1440,125,75,62.5,2.5,1.5,62.5,37.5,250.0,60.6501698204755,234,125,0.0
1441,125,75,62.5,2.5,1.5,62.5,37.5,250.0,60.6501698204755,234,125,0.0
1442,125,75,62.5,2.5,1.5,62.5,37.5,250.0,60.6501698204755,234,125,0.0
1443,125,75,62.5,2.5,1.5,62.5,37.5,250.0,60.6501698204755,234,125,0.0
1444,125,75,62.5,2.5,1.5,62.5,37.5,250.0,60.6501698204755,234,125,0.0
1445,125,75,62.5,2.5,1.5,62.5,37.5,250.0,60.6501698204755,234,125,0.0
1446,125,75,62.5,2.5,1.5,62.5,37.5,250.0,60.6501698204755,234,125,0.0
1447,125,75,62.5,2.5,1.5,62.5,37.5,250.0,60.6501698204755,234,125,0.0
1448,125,75,62.5,2.5,1.5,62.5,37.5,250.0,60.6501698204755,234,125,0.0
1449,125,75,62.5,2.5,1.5,62.5,37.5,250.0,60.6501698204755,234,125,0.0
1450,125,75,62.5,2.5,1.5,62.5,37.5,250.0,60.6501698204755,234,125,0.0
1451,125,75,62.5,2.5,1.5,62.5,37.5,250.0,60.6501698204755,234,125,0.0
1452,125,75,62.5,2.5,1.5,62.5,37.5,250.0,60.6501698204755,234,125,0.0
1453,125,75,62.5,2.5,1.5,62.5,37.5,250.0,60.6501698204755,234,125,0.0
1454,125,75,62.5,2.5,1.5,62.5,37.5,250.0,60.6501698204755,234,125,0.0
1455,125,75,62.5,2.5,1.5,62.5,37.5,250.0,60.6501698204755,234,125,0.0
1456,125,75,62.5,2.5,1.5,62.5,37.5,250.0,60.6501698204755,234,125,0.0
1457,125,75,62.5,2.5,1.5,62.5,37.5,250.0,60.6501698204755,234,125,0.0
1458,125,75,62.5,2.5,1.5,62.5,37.5,250.0,60.6501698204755,234,125,0.0
1459,125,75,62.5,2.5,1.5,62.5,37.5,250.0,60.6501698204755,234,125,0.0
1460,125,75,62.5,2.5,1.5,62.5,37.5,250.0,60.6501698204755,234,125,0.0
1461,125,75,62.5,2.5,1.5,62.5,37.5,250.0,60.6501698204755,234,125,0.0
1462,125,75,62.5,2.5,1.5,62.5,37.5,250.0,60.6501698204755,234,125,0.0
1463,125,75,62.5,2.5,1.5,62.5,37.5,250.0,60.6501698204755,235,125,0.0
1464,125,75,62.5,2.5,1.5,62.5,37.5,250.0,60.6501698204755,235,125,0.0
1465,125,75,62.5,2.5,1.5,62.5,37.5,250.0,60.6501698204755,235,125,0.0
1466,125,75,62.5,2.5,1.5,62.5,37.5,250.0,60.6501698204755,235,125,0.0
1467,125,75,62.5,2.5,1.5,62.5,37.5,250.0,60.6501698204755,235,125,0.0
1468,125,75,62.5,2.5,1.5,62.5,37.5,250.0,60.6501698204755,235,125,0.0
1469,125,75,62.5,2.5,1.5,62.5,37.5,250.0,60.6501698204755,235,125,0.0
1470,125,75,62.5,2.5,1.5,62.5,37.5,250.0,60.6501698204755,235,125,0.0
1471,125,75,62.5,2.5,1.5,62.5,37.5,250.0,60.6501698204755,235,125,0.0
1472,125,75,62.5,2.5,1.5,62.5,37.5,250.0,60.6501698204755,235,125,0.0
1473,125,75,62.5,2.5,1.5,62.5,37.5,250.0,60.6501698204755,235,125,0.0
1474,125,75,62.5,2.5,1.5,62.5,37.5,250.0,60.6501698204755,235,125,0.0
1475,125,75,62.5,2.5,1.5,62.5,37.5,250.0,60.6501698204755,235,125,0.0
1476,125,75,62.5,2.5,1.5,62.5,37.5,250.0,60.6501698204755,235,125,0.0
1477,125,75,62.5,2.5,1.5,62.5,37.5,250.0,60.6501698204755,235,125,0.0
1478,125,75,62.5,2.5,1.5,62.5,37.5,250.0,60.6501698204755,235,125,0.0
1479,125,75,62.5,2.5,1.5,62.5,37.5,250.0,60.6501698204755,235,125,0.0
1480,125,75,62.5,2.5,1.5,62.5,37.5,250.0,60.6501698204755,235,125,0.0
1481,125,75,62.5,2.5,1.5,62.5,37.5,250.0,60.6501698204755,235,125,0.0
1482,125,75,62.5,2.5,1.5,62.5,37.5,250.0,60.6501698204755,235,125,0.0
1483,125,75,62.5,2.5,1.5,62.5,37.5,250.0,60.6501698204755,235,125,0.0
1484,125,75,62.5,2.5,1.5,62.5,37.5,250.0,60.6501698204755,235,125,0.0
1485,125,75,62.5,2.5,1.5,62.5,37.5,250.0,60.6501698204755,235,125,0.0
1486,125,75,62.5,2.5,1.5,62.5,37.5,250.0,60.6501698204755,236,125,0.0
1487,125,75,62.5,2.5,1.5,62.5,37.5,250.0,60.6501698204755,236,125,0.0
1488,125,75,62.5,2.5,1.5,62.5,37.5,250.0,60.6501698204755,236,125,0.0
1489,125,75,62.5,2.5,1.5,62.5,37.5,250.0,60.6501698204755,237,125,0.0
1490,125,75,62.5,2.5,1.5,62.5,37.5,250.0,60.6501698204755,237,125,0.0
1491,125,75,62.5,2.5,1.5,62.5,37.5,250.0,60.6501698204755,237,125,0.0
1492,125,75,62.5,2.5,1.5,62.5,37.5,250.0,60.6501698204755,237,125,0.0
1493,125,75,62.5,2.5,1.5,62.5,37.5,250.0,60.6501698204755,237,125,0.0
1494,125,75,62.5,2.5,1.5,62.5,37.5,250.0,60.6501698204755,237,125,0.0
1495,125,75,62.5,2.5,1.5,62.5,37.5,250.0,60.6501698204755,237,125,0.0
1496,125,75,62.5,2.5,1.5,62.5,37.5,250.0,60.6501698204755,237,125,0.0
1497,125,75,62.5,2.5,1.5,62.5,37.5,250.0,60.6501698204755,237,125,0.0
1498,125,75,62.5,2.5,1.5,62.5,37.5,250.0,60.6501698204755,237,125,0.0
1499,125,75,62.5,2.5,1.5,62.5,37.5,250.0,60.6501698204755,237,125,0.0
1500,125,75,62.5,2.5,1.5,62.5,37.5,250.0,60.6501698204755,237,125,0.0
1501,125,75,62.5,2.5,1.5,62.5,37.5,250.0,60.6501698204755,237,125,0.0
1502,125,75,62.5,2.5,1.5,62.5,37.5,250.0,60.6501698204755,237,125,0.0
1503,125,75,62.5,2.5,1.5,62.5,37.5,250.0,60.6501698204755,237,125,0.0
1504,125,75,62.5,2.5,1.5,62.5,37.5,250.0,60.6501698204755,237,125,0.0
1505,125,75,62.5,2.5,1.5,62.5,37.5,250.0,60.6501698204755,238,125,0.0
1506,125,75,62.5,2.5,1.5,62.5,37.5,250.0,60.6501698204755,238,125,0.0
1507,125,75,62.5,2.5,1.5,62.5,37.5,250.0,60.6501698204755,238,125,0.0
1508,125,75,62.5,2.5,1.5,62.5,37.5,250.0,60.6501698204755,238,125,0.0
1509,125,75,62.5,2.5,1.5,62.5,37.5,250.0,60.6501698204755,238,125,0.0
1510,125,75,62.5,2.5,1.5,62.5,37.5,250.0,60.6501698204755,238,125,0.0
1511,125,75,62.5,2.5,1.5,62.5,37.5,250.0,60.6501698204755,238,125,0.0
1512,125,75,62.5,2.5,1.5,62.5,37.5,250.0,60.6501698204755,238,125,0.0
1513,125,75,62.5,2.5,1.5,62.5,37.5,250.0,60.6501698204755,238,125,0.0
1514,125,75,62.5,2.5,1.5,62.5,37.5,250.0,60.6501698204755,238,125,0.0
1515,125,75,62.5,2.5,1.5,62.5,37.5,250.0,60.6501698204755,238,125,0.0
1516,125,75,62.5,2.5,1.5,62.5,37.5,250.0,60.6501698204755,238,125,0.0
1517,125,75,62.5,2.5,1.5,62.5,37.5,250.0,60.6501698204755,239,125,0.0
1518,125,75,62.5,2.5,1.5,62.5,37.5,250.0,60.6501698204755,239,125,0.0
1519,125,75,62.5,2.5,1.5,62.5,37.5,250.0,60.6501698204755,239,125,0.0
1520,125,75,62.5,2.5,1.5,62.5,37.5,250.0,60.6501698204755,240,125,0.0
1521,125,75,62.5,2.5,1.5,62.5,37.5,250.0,60.6501698204755,240,125,0.0
1522,125,75,62.5,2.5,1.5,62.5,37.5,250.0,60.6501698204755,241,125,0.0
1523,125,75,62.5,2.5,1.5,62.5,37.5,250.0,60.6501698204755,241,125,0.0
1524,125,75,62.5,2.5,1.5,62.5,37.5,250.0,60.6501698204755,241,125,0.0
1525,125,75,62.5,2.5,1.5,62.5,37.5,250.0,60.6501698204755,241,125,0.0
1526,125,75,62.5,2.5,1.5,62.5,37.5,250.0,60.6501698204755,241,125,0.0
1527,125,75,62.5,2.5,1.5,62.5,37.5,250.0,60.6501698204755,241,125,0.0
1528,125,75,62.5,2.5,1.5,62.5,37.5,250.0,60.6501698204755,241,125,0.0
1529,125,75,62.5,2.5,1.5,62.5,37.5,250.0,60.6501698204755,241,125,0.0
1530,125,75,62.5,2.5,1.5,62.5,37.5,250.0,60.6501698204755,241,125,0.0
1531,125,75,62.5,2.5,1.5,62.5,37.5,250.0,60.6501698204755,241,125,0.0
1532,125,75,62.5,2.5,1.5,62.5,37.5,250.0,60.6501698204755,241,125,0.0
1533,125,75,62.5,2.5,1.5,62.5,37.5,250.0,60.6501698204755,241,125,0.0
1534,125,75,62.5,2.5,1.5,62.5,37.5,250.0,60.6501698204755,241,125,0.0
1535,125,75,62.5,2.5,1.5,62.5,37.5,250.0,60.6501698204755,241,125,0.0
1536,125,75,62.5,2.5,1.5,62.5,37.5,250.0,60.6501698204755,241,125,0.0
1537,125,75,62.5,2.5,1.5,62.5,37.5,250.0,60.6501698204755,241,125,0.0
1538,125,75,62.5,2.5,1.5,62.5,37.5,250.0,60.6501698204755,241,125,0.0
1539,125,75,62.5,2.5,1.5,62.5,37.5,250.0,60.6501698204755,241,125,0.0
1540,125,75,62.5,2.5,1.5,62.5,37.5,250.0,60.6501698204755,241,125,0.0
1541,125,75,62.5,2.5,1.5,62.5,37.5,250.0,60.6501698204755,241,125,0.0
1542,125,75,62.5,2.5,1.5,62.5,37.5,250.0,60.6501698204755,241,125,0.0
1543,125,75,62.5,2.5,1.5,62.5,37.5,250.0,60.6501698204755,242,125,0.0
1544,125,75,62.5,2.5,1.5,62.5,37.5,250.0,60.6501698204755,242,125,0.0
1545,125,75,62.5,2.5,1.5,62.5,37.5,250.0,60.6501698204755,242,125,0.0
1546,125,75,62.5,2.5,1.5,62.5,37.5,250.0,60.6501698204755,242,125,0.0
1547,125,75,62.5,2.5,1.5,62.5,37.5,250.0,60.6501698204755,242,125,0.0
1548,125,75,62.5,2.5,1.5,62.5,37.5,250.0,60.6501698204755,242,125,0.0
1549,125,75,62.5,2.5,1.5,62.5,37.5,250.0,60.6501698204755,242,125,0.0
1550,125,75,62.5,2.5,1.5,62.5,37.5,250.0,60.6501698204755,242,125,0.0
1551,125,75,62.5,2.5,1.5,62.5,37.5,250.0,60.6501698204755,242,125,0.0
1552,125,75,62.5,2.5,1.5,62.5,37.5,250.0,60.6501698204755,242,125,0.0
1553,125,75,62.5,2.5,1.5,62.5,37.5,250.0,60.6501698204755,242,125,0.0
1554,125,75,62.5,2.5,1.5,62.5,37.5,250.0,60.6501698204755,242,125,0.0
1555,125,75,62.5,2.5,1.5,62.5,37.5,250.0,60.6501698204755,242,125,0.0
1556,125,75,62.5,2.5,1.5,62.5,37.5,250.0,60.6501698204755,242,125,0.0
1557,125,75,62.5,2.5,1.5,62.5,37.5,250.0,60.6501698204755,243,125,0.0
1558,125,75,62.5,2.5,1.5,62.5,37.5,250.0,60.6501698204755,243,125,0.0
1559,125,75,62.5,2.5,1.5,62.5,37.5,250.0,60.6501698204755,243,125,0.0
1560,125,75,62.5,2.5,1.5,62.5,37.5,250.0,60.6501698204755,243,125,0.0
1561,125,75,62.5,2.5,1.5,62.5,37.5,250.0,60.6501698204755,243,125,0.0
1562,125,75,62.5,2.5,1.5,62.5,37.5,250.0,60.6501698204755,243,125,0.0
1563,125,75,62.5,2.5,1.5,62.5,37.5,250.0,60.6501698204755,243,125,0.0
1564,125,75,62.5,2.5,1.5,62.5,37.5,250.0,60.6501698204755,243,125,0.0
1565,125,75,62.5,2.5,1.5,62.5,37.5,250.0,60.6501698204755,243,125,0.0
1566,125,75,62.5,2.5,1.5,62.5,37.5,250.0,60.6501698204755,243,125,0.0
1567,125,75,62.5,2.5,1.5,62.5,37.5,250.0,60.6501698204755,243,125,0.0
1568,125,75,62.5,2.5,1.5,62.5,37.5,250.0,60.6501698204755,244,125,0.0
1569,125,75,62.5,2.5,1.5,62.5,37.5,250.0,60.6501698204755,244,125,0.0
1570,125,75,62.5,2.5,1.5,62.5,37.5,250.0,60.6501698204755,245,125,0.0
1571,125,75,62.5,2.5,1.5,62.5,37.5,250.0,60.6501698204755,245,125,0.0
1572,125,75,62.5,2.5,1.5,62.5,37.5,250.0,60.6501698204755,245,125,0.0
1573,125,75,62.5,2.5,1.5,62.5,37.5,250.0,60.6501698204755,245,125,0.0
1574,125,75,62.5,2.5,1.5,62.5,37.5,250.0,60.6501698204755,245,125,0.0
1575,125,75,62.5,2.5,1.5,62.5,37.5,250.0,60.6501698204755,245,125,0.0
1576,125,75,62.5,2.5,1.5,62.5,37.5,250.0,60.6501698204755,245,125,0.0
1577,125,75,62.5,2.5,1.5,62.5,37.5,250.0,60.6501698204755,245,125,0.0
1578,125,75,62.5,2.5,1.5,62.5,37.5,250.0,60.6501698204755,245,125,0.0
1579,125,75,62.5,2.5,1.5,62.5,37.5,250.0,60.6501698204755,245,125,0.0
1580,126,74,63.0,2.52,1.48,63.0,37.0,252.0,61.135371179039296,246,126,2.0
1581,126,74,63.0,2.52,1.48,63.0,37.0,252.0,61.135371179039296,246,126,0.0
1582,126,74,63.0,2.52,1.48,63.0,37.0,252.0,61.135371179039296,246,126,0.0
1583,126,74,63.0,2.52,1.48,63.0,37.0,252.0,61.135371179039296,246,126,0.0
1584,126,74,63.0,2.52,1.48,63.0,37.0,252.0,61.135371179039296,247,126,0.0
1585,126,74,63.0,2.52,1.48,63.0,37.0,252.0,61.135371179039296,248,126,0.0
1586,126,74,63.0,2.52,1.48,63.0,37.0,252.0,61.135371179039296,249,126,0.0
1587,126,74,63.0,2.52,1.48,63.0,37.0,252.0,61.135371179039296,250,126,0.0
1588,126,74,63.0,2.52,1.48,63.0,37.0,252.0,61.135371179039296,251,126,0.0
1589,126,74,63.0,2.52,1.48,63.0,37.0,252.0,61.135371179039296,251,126,0.0
1590,126,74,63.0,2.52,1.48,63.0,37.0,252.0,61.135371179039296,251,126,0.0
1591,126,74,63.0,2.52,1.48,63.0,37.0,252.0,61.135371179039296,252,126,0.0
1592,126,74,63.0,2.52,1.48,63.0,37.0,252.0,61.135371179039296,253,126,0.0
1593,126,74,63.0,2.52,1.48,63.0,37.0,252.0,61.135371179039296,253,126,0.0
1594,126,74,63.0,2.52,1.48,63.0,37.0,252.0,61.135371179039296,254,126,0.0
1595,126,74,63.0,2.52,1.48,63.0,37.0,252.0,61.135371179039296,254,126,0.0
1596,126,74,63.0,2.52,1.48,63.0,37.0,252.0,61.135371179039296,254,126,0.0
1597,126,74,63.0,2.52,1.48,63.0,37.0,252.0,61.135371179039296,254,126,0.0
1598,126,74,63.0,2.52,1.48,63.0,37.0,252.0,61.135371179039296,255,126,0.0
1599,126,74,63.0,2.52,1.48,63.0,37.0,252.0,61.135371179039296,256,126,0.0
1600,126,74,63.0,2.52,1.48,63.0,37.0,252.0,61.135371179039296,256,126,0.0
1601,126,74,63.0,2.52,1.48,63.0,37.0,252.0,61.135371179039296,256,126,0.0
1602,126,74,63.0,2.52,1.48,63.0,37.0,252.0,61.135371179039296,256,126,0.0
1603,126,74,63.0,2.52,1.48,63.0,37.0,252.0,61.135371179039296,256,126,0.0
1604,126,74,63.0,2.52,1.48,63.0,37.0,252.0,61.135371179039296,256,126,0.0
1605,126,74,63.0,2.52,1.48,63.0,37.0,252.0,61.135371179039296,256,126,0.0
1606,126,74,63.0,2.52,1.48,63.0,37.0,252.0,61.135371179039296,256,126,0.0
1607,126,74,63.0,2.52,1.48,63.0,37.0,252.0,61.135371179039296,256,126,0.0
1608,126,74,63.0,2.52,1.48,63.0,37.0,252.0,61.135371179039296,256,126,0.0
1609,126,74,63.0,2.52,1.48,63.0,37.0,252.0,61.135371179039296,256,126,0.0
1610,126,74,63.0,2.52,1.48,63.0,37.0,252.0,61.135371179039296,256,126,0.0
1611,126,74,63.0,2.52,1.48,63.0,37.0,252.0,61.135371179039296,256,126,0.0
1612,126,74,63.0,2.52,1.48,63.0,37.0,252.0,61.135371179039296,256,126,0.0
1613,126,74,63.0,2.52,1.48,63.0,37.0,252.0,61.135371179039296,256,126,0.0
1614,126,74,63.0,2.52,1.48,63.0,37.0,252.0,61.135371179039296,256,126,0.0
1615,126,74,63.0,2.52,1.48,63.0,37.0,252.0,61.135371179039296,256,126,0.0
1616,126,74,63.0,2.52,1.48,63.0,37.0,252.0,61.135371179039296,256,126,0.0
1617,126,74,63.0,2.52,1.48,63.0,37.0,252.0,61.135371179039296,256,126,0.0
1618,126,74,63.0,2.52,1.48,63.0,37.0,252.0,61.135371179039296,256,126,0.0
1619,126,74,63.0,2.52,1.48,63.0,37.0,252.0,61.135371179039296,256,126,0.0
1620,126,74,63.0,2.52,1.48,63.0,37.0,252.0,61.135371179039296,256,126,0.0
1621,126,74,63.0,2.52,1.48,63.0,37.0,252.0,61.135371179039296,256,126,0.0
1622,126,74,63.0,2.52,1.48,63.0,37.0,252.0,61.135371179039296,256,126,0.0
1623,126,74,63.0,2.52,1.48,63.0,37.0,252.0,61.135371179039296,256,126,0.0
1624,126,74,63.0,2.52,1.48,63.0,37.0,252.0,61.135371179039296,256,126,0.0
1625,126,74,63.0,2.52,1.48,63.0,37.0,252.0,61.135371179039296,256,126,0.0
1626,126,74,63.0,2.52,1.48,63.0,37.0,252.0,61.135371179039296,256,126,0.0
1627,126,74,63.0,2.52,1.48,63.0,37.0,252.0,61.135371179039296,256,126,0.0
1628,126,74,63.0,2.52,1.48,63.0,37.0,252.0,61.135371179039296,256,126,0.0
1629,126,74,63.0,2.52,1.48,63.0,37.0,252.0,61.135371179039296,256,126,0.0
1630,126,74,63.0,2.52,1.48,63.0,37.0,252.0,61.135371179039296,256,126,0.0
1631,126,74,63.0,2.52,1.48,63.0,37.0,252.0,61.135371179039296,256,126,0.0
1632,126,74,63.0,2.52,1.48,63.0,37.0,252.0,61.135371179039296,256,126,0.0
1633,126,74,63.0,2.52,1.48,63.0,37.0,252.0,61.135371179039296,256,126,0.0
1634,126,74,63.0,2.52,1.48,63.0,37.0,252.0,61.135371179039296,256,126,0.0
1635,126,74,63.0,2.52,1.48,63.0,37.0,252.0,61.135371179039296,256,126,0.0
1636,126,74,63.0,2.52,1.48,63.0,37.0,252.0,61.135371179039296,256,126,0.0
1637,126,74,63.0,2.52,1.48,63.0,37.0,252.0,61.135371179039296,256,126,0.0
1638,126,74,63.0,2.52,1.48,63.0,37.0,252.0,61.135371179039296,256,126,0.0
1639,126,74,63.0,2.52,1.48,63.0,37.0,252.0,61.135371179039296,256,126,0.0
1640,126,74,63.0,2.52,1.48,63.0,37.0,252.0,61.135371179039296,256,126,0.0
1641,126,74,63.0,2.52,1.48,63.0,37.0,252.0,61.135371179039296,256,126,0.0
1642,126,74,63.0,2.52,1.48,63.0,37.0,252.0,61.135371179039296,256,126,0.0
1643,126,74,63.0,2.52,1.48,63.0,37.0,252.0,61.135371179039296,256,126,0.0
1644,126,74,63.0,2.52,1.48,63.0,37.0,252.0,61.135371179039296,256,126,0.0
1645,126,74,63.0,2.52,1.48,63.0,37.0,252.0,61.135371179039296,256,126,0.0
1646,126,74,63.0,2.52,1.48,63.0,37.0,252.0,61.135371179039296,256,126,0.0
1647,126,74,63.0,2.52,1.48,63.0,37.0,252.0,61.135371179039296,256,126,0.0
1648,126,74,63.0,2.52,1.48,63.0,37.0,252.0,61.135371179039296,256,126,0.0
1649,126,74,63.0,2.52,1.48,63.0,37.0,252.0,61.135371179039296,256,126,0.0
1650,126,74,63.0,2.52,1.48,63.0,37.0,252.0,61.135371179039296,256,126,0.0
1651,126,74,63.0,2.52,1.48,63.0,37.0,252.0,61.135371179039296,256,126,0.0
1652,126,74,63.0,2.52,1.48,63.0,37.0,252.0,61.135371179039296,256,126,0.0
1653,126,74,63.0,2.52,1.48,63.0,37.0,252.0,61.135371179039296,256,126,0.0
1654,126,74,63.0,2.52,1.48,63.0,37.0,252.0,61.135371179039296,256,126,0.0
1655,126,74,63.0,2.52,1.48,63.0,37.0,252.0,61.135371179039296,256,126,0.0
1656,126,74,63.0,2.52,1.48,63.0,37.0,252.0,61.135371179039296,256,126,0.0
1657,126,74,63.0,2.52,1.48,63.0,37.0,252.0,61.135371179039296,256,126,0.0
1658,126,74,63.0,2.52,1.48,63.0,37.0,252.0,61.135371179039296,256,126,0.0
1659,126,74,63.0,2.52,1.48,63.0,37.0,252.0,61.135371179039296,256,126,0.0
1660,126,74,63.0,2.52,1.48,63.0,37.0,252.0,61.135371179039296,256,126,0.0
1661,126,74,63.0,2.52,1.48,63.0,37.0,252.0,61.135371179039296,256,126,0.0
1662,126,74,63.0,2.52,1.48,63.0,37.0,252.0,61.135371179039296,256,126,0.0
1663,126,74,63.0,2.52,1.48,63.0,37.0,252.0,61.135371179039296,256,126,0.0
1664,126,74,63.0,2.52,1.48,63.0,37.0,252.0,61.135371179039296,256,126,0.0
1665,126,74,63.0,2.52,1.48,63.0,37.0,252.0,61.135371179039296,256,126,0.0
1666,126,74,63.0,2.52,1.48,63.0,37.0,252.0,61.135371179039296,256,126,0.0
1667,126,74,63.0,2.52,1.48,63.0,37.0,252.0,61.135371179039296,256,126,0.0
1668,126,74,63.0,2.52,1.48,63.0,37.0,252.0,61.135371179039296,256,126,0.0
1669,126,74,63.0,2.52,1.48,63.0,37.0,252.0,61.135371179039296,256,126,0.0
1670,126,74,63.0,2.52,1.48,63.0,37.0,252.0,61.135371179039296,256,126,0.0
1671,126,74,63.0,2.52,1.48,63.0,37.0,252.0,61.135371179039296,256,126,0.0
1672,126,74,63.0,2.52,1.48,63.0,37.0,252.0,61.135371179039296,256,126,0.0
1673,126,74,63.0,2.52,1.48,63.0,37.0,252.0,61.135371179039296,256,126,0.0
1674,126,74,63.0,2.52,1.48,63.0,37.0,252.0,61.135371179039296,257,126,0.0
1675,126,74,63.0,2.52,1.48,63.0,37.0,252.0,61.135371179039296,258,126,0.0
1676,126,74,63.0,2.52,1.48,63.0,37.0,252.0,61.135371179039296,259,126,0.0
1677,126,74,63.0,2.52,1.48,63.0,37.0,252.0,61.135371179039296,259,126,0.0
1678,126,74,63.0,2.52,1.48,63.0,37.0,252.0,61.135371179039296,260,126,0.0
1679,126,74,63.0,2.52,1.48,63.0,37.0,252.0,61.135371179039296,260,126,0.0
1680,126,74,63.0,2.52,1.48,63.0,37.0,252.0,61.135371179039296,260,126,0.0
1681,126,74,63.0,2.52,1.48,63.0,37.0,252.0,61.135371179039296,260,126,0.0
1682,126,74,63.0,2.52,1.48,63.0,37.0,252.0,61.135371179039296,261,126,0.0
1683,126,74,63.0,2.52,1.48,63.0,37.0,252.0,61.135371179039296,261,126,0.0
1684,126,74,63.0,2.52,1.48,63.0,37.0,252.0,61.135371179039296,261,126,0.0
1685,126,74,63.0,2.52,1.48,63.0,37.0,252.0,61.135371179039296,261,126,0.0
1686,126,74,63.0,2.52,1.48,63.0,37.0,252.0,61.135371179039296,261,126,0.0
1687,126,74,63.0,2.52,1.48,63.0,37.0,252.0,61.135371179039296,261,126,0.0
1688,126,74,63.0,2.52,1.48,63.0,37.0,252.0,61.135371179039296,261,126,0.0
1689,126,74,63.0,2.52,1.48,63.0,37.0,252.0,61.135371179039296,261,126,0.0
1690,126,74,63.0,2.52,1.48,63.0,37.0,252.0,61.135371179039296,261,126,0.0
1691,126,74,63.0,2.52,1.48,63.0,37.0,252.0,61.135371179039296,261,126,0.0
1692,126,74,63.0,2.52,1.48,63.0,37.0,252.0,61.135371179039296,261,126,0.0
1693,126,74,63.0,2.52,1.48,63.0,37.0,252.0,61.135371179039296,261,126,0.0
1694,126,74,63.0,2.52,1.48,63.0,37.0,252.0,61.135371179039296,261,126,0.0
1695,126,74,63.0,2.52,1.48,63.0,37.0,252.0,61.135371179039296,261,126,0.0
1696,126,74,63.0,2.52,1.48,63.0,37.0,252.0,61.135371179039296,261,126,0.0
1697,126,74,63.0,2.52,1.48,63.0,37.0,252.0,61.135371179039296,261,126,0.0
1698,126,74,63.0,2.52,1.48,63.0,37.0,252.0,61.135371179039296,261,126,0.0
1699,126,74,63.0,2.52,1.48,63.0,37.0,252.0,61.135371179039296,261,126,0.0
1700,126,74,63.0,2.52,1.48,63.0,37.0,252.0,61.135371179039296,262,126,0.0
1701,126,74,63.0,2.52,1.48,63.0,37.0,252.0,61.135371179039296,263,126,0.0
1702,126,74,63.0,2.52,1.48,63.0,37.0,252.0,61.135371179039296,263,126,0.0
1703,126,74,63.0,2.52,1.48,63.0,37.0,252.0,61.135371179039296,263,126,0.0
1704,126,74,63.0,2.52,1.48,63.0,37.0,252.0,61.135371179039296,263,126,0.0
1705,126,74,63.0,2.52,1.48,63.0,37.0,252.0,61.135371179039296,263,126,0.0
1706,126,74,63.0,2.52,1.48,63.0,37.0,252.0,61.135371179039296,263,126,0.0
1707,126,74,63.0,2.52,1.48,63.0,37.0,252.0,61.135371179039296,263,126,0.0
1708,126,74,63.0,2.52,1.48,63.0,37.0,252.0,61.135371179039296,263,126,0.0
1709,126,74,63.0,2.52,1.48,63.0,37.0,252.0,61.135371179039296,263,126,0.0
1710,126,74,63.0,2.52,1.48,63.0,37.0,252.0,61.135371179039296,263,126,0.0
1711,126,74,63.0,2.52,1.48,63.0,37.0,252.0,61.135371179039296,263,126,0.0
1712,126,74,63.0,2.52,1.48,63.0,37.0,252.0,61.135371179039296,263,126,0.0
1713,126,74,63.0,2.52,1.48,63.0,37.0,252.0,61.135371179039296,263,126,0.0
1714,126,74,63.0,2.52,1.48,63.0,37.0,252.0,61.135371179039296,263,126,0.0
1715,126,74,63.0,2.52,1.48,63.0,37.0,252.0,61.135371179039296,264,126,0.0
1716,126,74,63.0,2.52,1.48,63.0,37.0,252.0,61.135371179039296,264,126,0.0
1717,126,74,63.0,2.52,1.48,63.0,37.0,252.0,61.135371179039296,264,126,0.0
1718,126,74,63.0,2.52,1.48,63.0,37.0,252.0,61.135371179039296,264,126,0.0
1719,126,74,63.0,2.52,1.48,63.0,37.0,252.0,61.135371179039296,264,126,0.0
1720,126,74,63.0,2.52,1.48,63.0,37.0,252.0,61.135371179039296,264,126,0.0
1721,127,73,63.5,2.54,1.46,63.5,36.5,254.0,61.6205725376031,265,127,2.0
1722,127,73,63.5,2.54,1.46,63.5,36.5,254.0,61.6205725376031,265,127,0.0
1723,127,73,63.5,2.54,1.46,63.5,36.5,254.0,61.6205725376031,265,127,0.0
1724,127,73,63.5,2.54,1.46,63.5,36.5,254.0,61.6205725376031,265,127,0.0
1725,127,73,63.5,2.54,1.46,63.5,36.5,254.0,61.6205725376031,265,127,0.0
1726,127,73,63.5,2.54,1.46,63.5,36.5,254.0,61.6205725376031,265,127,0.0
1727,127,73,63.5,2.54,1.46,63.5,36.5,254.0,61.6205725376031,265,127,0.0
1728,127,73,63.5,2.54,1.46,63.5,36.5,254.0,61.6205725376031,265,127,0.0
1729,127,73,63.5,2.54,1.46,63.5,36.5,254.0,61.6205725376031,265,127,0.0
1730,127,73,63.5,2.54,1.46,63.5,36.5,254.0,61.6205725376031,265,127,0.0
1731,127,73,63.5,2.54,1.46,63.5,36.5,254.0,61.6205725376031,265,127,0.0
1732,127,73,63.5,2.54,1.46,63.5,36.5,254.0,61.6205725376031,266,127,0.0
1733,127,73,63.5,2.54,1.46,63.5,36.5,254.0,61.6205725376031,266,127,0.0
1734,127,73,63.5,2.54,1.46,63.5,36.5,254.0,61.6205725376031,266,127,0.0
1735,127,73,63.5,2.54,1.46,63.5,36.5,254.0,61.6205725376031,266,127,0.0
1736,127,73,63.5,2.54,1.46,63.5,36.5,254.0,61.6205725376031,266,127,0.0
1737,127,73,63.5,2.54,1.46,63.5,36.5,254.0,61.6205725376031,266,127,0.0
1738,127,73,63.5,2.54,1.46,63.5,36.5,254.0,61.6205725376031,267,127,0.0
1739,127,73,63.5,2.54,1.46,63.5,36.5,254.0,61.6205725376031,267,127,0.0
1740,127,73,63.5,2.54,1.46,63.5,36.5,254.0,61.6205725376031,267,127,0.0
1741,127,73,63.5,2.54,1.46,63.5,36.5,254.0,61.6205725376031,267,127,0.0
1742,127,73,63.5,2.54,1.46,63.5,36.5,254.0,61.6205725376031,267,127,0.0
1743,127,73,63.5,2.54,1.46,63.5,36.5,254.0,61.6205725376031,267,127,0.0
1744,127,73,63.5,2.54,1.46,63.5,36.5,254.0,61.6205725376031,267,127,0.0
1745,127,73,63.5,2.54,1.46,63.5,36.5,254.0,61.6205725376031,267,127,0.0
1746,128,72,64.0,2.56,1.44,64.0,36.0,256.0,62.105773896166916,268,128,2.0
1747,128,72,64.0,2.56,1.44,64.0,36.0,256.0,62.105773896166916,268,128,0.0
1748,128,72,64.0,2.56,1.44,64.0,36.0,256.0,62.105773896166916,268,128,0.0
1749,128,72,64.0,2.56,1.44,64.0,36.0,256.0,62.105773896166916,268,128,0.0
1750,128,72,64.0,2.56,1.44,64.0,36.0,256.0,62.105773896166916,268,128,0.0
1751,128,72,64.0,2.56,1.44,64.0,36.0,256.0,62.105773896166916,268,128,0.0
1752,128,72,64.0,2.56,1.44,64.0,36.0,256.0,62.105773896166916,268,128,0.0
1753,128,72,64.0,2.56,1.44,64.0,36.0,256.0,62.105773896166916,268,128,0.0
1754,128,72,64.0,2.56,1.44,64.0,36.0,256.0,62.105773896166916,268,128,0.0
1755,128,72,64.0,2.56,1.44,64.0,36.0,256.0,62.105773896166916,268,128,0.0
1756,128,72,64.0,2.56,1.44,64.0,36.0,256.0,62.105773896166916,268,128,0.0
1757,128,72,64.0,2.56,1.44,64.0,36.0,256.0,62.105773896166916,268,128,0.0
1758,128,72,64.0,2.56,1.44,64.0,36.0,256.0,62.105773896166916,268,128,0.0
1759,128,72,64.0,2.56,1.44,64.0,36.0,256.0,62.105773896166916,268,128,0.0
1760,128,72,64.0,2.56,1.44,64.0,36.0,256.0,62.105773896166916,268,128,0.0
1761,128,72,64.0,2.56,1.44,64.0,36.0,256.0,62.105773896166916,268,128,0.0
1762,128,72,64.0,2.56,1.44,64.0,36.0,256.0,62.105773896166916,268,128,0.0
1763,128,72,64.0,2.56,1.44,64.0,36.0,256.0,62.105773896166916,268,128,0.0
1764,128,72,64.0,2.56,1.44,64.0,36.0,256.0,62.105773896166916,268,128,0.0
1765,128,72,64.0,2.56,1.44,64.0,36.0,256.0,62.105773896166916,268,128,0.0
1766,128,72,64.0,2.56,1.44,64.0,36.0,256.0,62.105773896166916,268,128,0.0
1767,128,72,64.0,2.56,1.44,64.0,36.0,256.0,62.105773896166916,269,128,0.0
1768,128,72,64.0,2.56,1.44,64.0,36.0,256.0,62.105773896166916,269,128,0.0
1769,128,72,64.0,2.56,1.44,64.0,36.0,256.0,62.105773896166916,269,128,0.0
1770,128,72,64.0,2.56,1.44,64.0,36.0,256.0,62.105773896166916,269,128,0.0
1771,128,72,64.0,2.56,1.44,64.0,36.0,256.0,62.105773896166916,269,128,0.0
1772,128,72,64.0,2.56,1.44,64.0,36.0,256.0,62.105773896166916,269,128,0.0
1773,128,72,64.0,2.56,1.44,64.0,36.0,256.0,62.105773896166916,269,128,0.0
1774,128,72,64.0,2.56,1.44,64.0,36.0,256.0,62.105773896166916,269,128,0.0
1775,128,72,64.0,2.56,1.44,64.0,36.0,256.0,62.105773896166916,269,128,0.0
1776,128,72,64.0,2.56,1.44,64.0,36.0,256.0,62.105773896166916,269,128,0.0
1777,128,72,64.0,2.56,1.44,64.0,36.0,256.0,62.105773896166916,269,128,0.0
1778,128,72,64.0,2.56,1.44,64.0,36.0,256.0,62.105773896166916,269,128,0.0
1779,128,72,64.0,2.56,1.44,64.0,36.0,256.0,62.105773896166916,269,128,0.0
1780,128,72,64.0,2.56,1.44,64.0,36.0,256.0,62.105773896166916,269,128,0.0
1781,128,72,64.0,2.56,1.44,64.0,36.0,256.0,62.105773896166916,269,128,0.0
1782,128,72,64.0,2.56,1.44,64.0,36.0,256.0,62.105773896166916,269,128,0.0
1783,128,72,64.0,2.56,1.44,64.0,36.0,256.0,62.105773896166916,269,128,0.0
1784,128,72,64.0,2.56,1.44,64.0,36.0,256.0,62.105773896166916,269,128,0.0
1785,128,72,64.0,2.56,1.44,64.0,36.0,256.0,62.105773896166916,269,128,0.0
1786,128,72,64.0,2.56,1.44,64.0,36.0,256.0,62.105773896166916,269,128,0.0
1787,128,72,64.0,2.56,1.44,64.0,36.0,256.0,62.105773896166916,269,128,0.0
1788,128,72,64.0,2.56,1.44,64.0,36.0,256.0,62.105773896166916,269,128,0.0
1789,128,72,64.0,2.56,1.44,64.0,36.0,256.0,62.105773896166916,269,128,0.0
1790,128,72,64.0,2.56,1.44,64.0,36.0,256.0,62.105773896166916,269,128,0.0
1791,128,72,64.0,2.56,1.44,64.0,36.0,256.0,62.105773896166916,269,128,0.0
1792,128,72,64.0,2.56,1.44,64.0,36.0,256.0,62.105773896166916,269,128,0.0
1793,128,72,64.0,2.56,1.44,64.0,36.0,256.0,62.105773896166916,269,128,0.0
1794,128,72,64.0,2.56,1.44,64.0,36.0,256.0,62.105773896166916,269,128,0.0
1795,128,72,64.0,2.56,1.44,64.0,36.0,256.0,62.105773896166916,269,128,0.0
1796,128,72,64.0,2.56,1.44,64.0,36.0,256.0,62.105773896166916,270,128,0.0
1797,128,72,64.0,2.56,1.44,64.0,36.0,256.0,62.105773896166916,271,128,0.0
1798,128,72,64.0,2.56,1.44,64.0,36.0,256.0,62.105773896166916,271,128,0.0
1799,128,72,64.0,2.56,1.44,64.0,36.0,256.0,62.105773896166916,271,128,0.0
1800,128,72,64.0,2.56,1.44,64.0,36.0,256.0,62.105773896166916,271,128,0.0
1801,128,72,64.0,2.56,1.44,64.0,36.0,256.0,62.105773896166916,271,128,0.0
1802,128,72,64.0,2.56,1.44,64.0,36.0,256.0,62.105773896166916,271,128,0.0
1803,128,72,64.0,2.56,1.44,64.0,36.0,256.0,62.105773896166916,271,128,0.0
1804,128,72,64.0,2.56,1.44,64.0,36.0,256.0,62.105773896166916,271,128,0.0
1805,128,72,64.0,2.56,1.44,64.0,36.0,256.0,62.105773896166916,271,128,0.0
1806,128,72,64.0,2.56,1.44,64.0,36.0,256.0,62.105773896166916,271,128,0.0
1807,128,72,64.0,2.56,1.44,64.0,36.0,256.0,62.105773896166916,271,128,0.0
1808,128,72,64.0,2.56,1.44,64.0,36.0,256.0,62.105773896166916,271,128,0.0
1809,128,72,64.0,2.56,1.44,64.0,36.0,256.0,62.105773896166916,271,128,0.0
1810,128,72,64.0,2.56,1.44,64.0,36.0,256.0,62.105773896166916,271,128,0.0
1811,128,72,64.0,2.56,1.44,64.0,36.0,256.0,62.105773896166916,271,128,0.0
1812,128,72,64.0,2.56,1.44,64.0,36.0,256.0,62.105773896166916,271,128,0.0
1813,128,72,64.0,2.56,1.44,64.0,36.0,256.0,62.105773896166916,271,128,0.0
1814,128,72,64.0,2.56,1.44,64.0,36.0,256.0,62.105773896166916,271,128,0.0
1815,128,72,64.0,2.56,1.44,64.0,36.0,256.0,62.105773896166916,271,128,0.0
1816,128,72,64.0,2.56,1.44,64.0,36.0,256.0,62.105773896166916,271,128,0.0
1817,128,72,64.0,2.56,1.44,64.0,36.0,256.0,62.105773896166916,271,128,0.0
1818,128,72,64.0,2.56,1.44,64.0,36.0,256.0,62.105773896166916,271,128,0.0
1819,128,72,64.0,2.56,1.44,64.0,36.0,256.0,62.105773896166916,271,128,0.0
1820,128,72,64.0,2.56,1.44,64.0,36.0,256.0,62.105773896166916,271,128,0.0
1821,128,72,64.0,2.56,1.44,64.0,36.0,256.0,62.105773896166916,271,128,0.0
1822,128,72,64.0,2.56,1.44,64.0,36.0,256.0,62.105773896166916,271,128,0.0
1823,128,72,64.0,2.56,1.44,64.0,36.0,256.0,62.105773896166916,272,128,0.0
1824,128,72,64.0,2.56,1.44,64.0,36.0,256.0,62.105773896166916,273,128,0.0
1825,128,72,64.0,2.56,1.44,64.0,36.0,256.0,62.105773896166916,273,128,0.0
1826,128,72,64.0,2.56,1.44,64.0,36.0,256.0,62.105773896166916,273,128,0.0
1827,128,72,64.0,2.56,1.44,64.0,36.0,256.0,62.105773896166916,273,128,0.0
1828,128,72,64.0,2.56,1.44,64.0,36.0,256.0,62.105773896166916,273,128,0.0
1829,128,72,64.0,2.56,1.44,64.0,36.0,256.0,62.105773896166916,273,128,0.0
1830,128,72,64.0,2.56,1.44,64.0,36.0,256.0,62.105773896166916,273,128,0.0
1831,128,72,64.0,2.56,1.44,64.0,36.0,256.0,62.105773896166916,273,128,0.0
1832,128,72,64.0,2.56,1.44,64.0,36.0,256.0,62.105773896166916,273,128,0.0
1833,128,72,64.0,2.56,1.44,64.0,36.0,256.0,62.105773896166916,273,128,0.0
1834,128,72,64.0,2.56,1.44,64.0,36.0,256.0,62.105773896166916,273,128,0.0
1835,128,72,64.0,2.56,1.44,64.0,36.0,256.0,62.105773896166916,273,128,0.0
1836,128,72,64.0,2.56,1.44,64.0,36.0,256.0,62.105773896166916,273,128,0.0
1837,128,72,64.0,2.56,1.44,64.0,36.0,256.0,62.105773896166916,273,128,0.0
1838,128,72,64.0,2.56,1.44,64.0,36.0,256.0,62.105773896166916,273,128,0.0
1839,129,71,64.5,2.58,1.42,64.5,35.5,258.0,62.59097525473072,274,129,2.0
1840,129,71,64.5,2.58,1.42,64.5,35.5,258.0,62.59097525473072,274,129,0.0
1841,129,71,64.5,2.58,1.42,64.5,35.5,258.0,62.59097525473072,274,129,0.0
1842,129,71,64.5,2.58,1.42,64.5,35.5,258.0,62.59097525473072,274,129,0.0
1843,129,71,64.5,2.58,1.42,64.5,35.5,258.0,62.59097525473072,274,129,0.0
1844,129,71,64.5,2.58,1.42,64.5,35.5,258.0,62.59097525473072,274,129,0.0
1845,129,71,64.5,2.58,1.42,64.5,35.5,258.0,62.59097525473072,274,129,0.0
1846,129,71,64.5,2.58,1.42,64.5,35.5,258.0,62.59097525473072,274,129,0.0
1847,129,71,64.5,2.58,1.42,64.5,35.5,258.0,62.59097525473072,274,129,0.0
1848,129,71,64.5,2.58,1.42,64.5,35.5,258.0,62.59097525473072,274,129,0.0
1849,129,71,64.5,2.58,1.42,64.5,35.5,258.0,62.59097525473072,274,129,0.0
1850,129,71,64.5,2.58,1.42,64.5,35.5,258.0,62.59097525473072,274,129,0.0
1851,129,71,64.5,2.58,1.42,64.5,35.5,258.0,62.59097525473072,274,129,0.0
1852,129,71,64.5,2.58,1.42,64.5,35.5,258.0,62.59097525473072,274,129,0.0
1853,129,71,64.5,2.58,1.42,64.5,35.5,258.0,62.59097525473072,274,129,0.0
1854,129,71,64.5,2.58,1.42,64.5,35.5,258.0,62.59097525473072,274,129,0.0
1855,129,71,64.5,2.58,1.42,64.5,35.5,258.0,62.59097525473072,274,129,0.0
1856,129,71,64.5,2.58,1.42,64.5,35.5,258.0,62.59097525473072,274,129,0.0
1857,129,71,64.5,2.58,1.42,64.5,35.5,258.0,62.59097525473072,274,129,0.0
1858,129,71,64.5,2.58,1.42,64.5,35.5,258.0,62.59097525473072,274,129,0.0
1859,129,71,64.5,2.58,1.42,64.5,35.5,258.0,62.59097525473072,274,129,0.0
1860,129,71,64.5,2.58,1.42,64.5,35.5,258.0,62.59097525473072,274,129,0.0
1861,129,71,64.5,2.58,1.42,64.5,35.5,258.0,62.59097525473072,274,129,0.0
1862,129,71,64.5,2.58,1.42,64.5,35.5,258.0,62.59097525473072,274,129,0.0
1863,129,71,64.5,2.58,1.42,64.5,35.5,258.0,62.59097525473072,274,129,0.0
1864,129,71,64.5,2.58,1.42,64.5,35.5,258.0,62.59097525473072,274,129,0.0
1865,129,71,64.5,2.58,1.42,64.5,35.5,258.0,62.59097525473072,274,129,0.0
1866,129,71,64.5,2.58,1.42,64.5,35.5,258.0,62.59097525473072,274,129,0.0
1867,129,71,64.5,2.58,1.42,64.5,35.5,258.0,62.59097525473072,275,129,0.0
1868,129,71,64.5,2.58,1.42,64.5,35.5,258.0,62.59097525473072,276,129,0.0
1869,129,71,64.5,2.58,1.42,64.5,35.5,258.0,62.59097525473072,277,129,0.0
1870,129,71,64.5,2.58,1.42,64.5,35.5,258.0,62.59097525473072,277,129,0.0
1871,129,71,64.5,2.58,1.42,64.5,35.5,258.0,62.59097525473072,277,129,0.0
1872,129,71,64.5,2.58,1.42,64.5,35.5,258.0,62.59097525473072,278,129,0.0
1873,129,71,64.5,2.58,1.42,64.5,35.5,258.0,62.59097525473072,278,129,0.0
1874,129,71,64.5,2.58,1.42,64.5,35.5,258.0,62.59097525473072,279,129,0.0
1875,129,71,64.5,2.58,1.42,64.5,35.5,258.0,62.59097525473072,280,129,0.0
1876,129,71,64.5,2.58,1.42,64.5,35.5,258.0,62.59097525473072,281,129,0.0
1877,129,71,64.5,2.58,1.42,64.5,35.5,258.0,62.59097525473072,281,129,0.0
1878,129,71,64.5,2.58,1.42,64.5,35.5,258.0,62.59097525473072,281,129,0.0
1879,129,71,64.5,2.58,1.42,64.5,35.5,258.0,62.59097525473072,282,129,0.0
1880,129,71,64.5,2.58,1.42,64.5,35.5,258.0,62.59097525473072,282,129,0.0
1881,129,71,64.5,2.58,1.42,64.5,35.5,258.0,62.59097525473072,282,129,0.0
1882,129,71,64.5,2.58,1.42,64.5,35.5,258.0,62.59097525473072,282,129,0.0
1883,129,71,64.5,2.58,1.42,64.5,35.5,258.0,62.59097525473072,282,129,0.0
1884,130,70,65.0,2.6,1.4,65.0,35.0,260.0,63.07617661329452,283,130,2.0
1885,130,70,65.0,2.6,1.4,65.0,35.0,260.0,63.07617661329452,283,130,0.0
1886,130,70,65.0,2.6,1.4,65.0,35.0,260.0,63.07617661329452,283,130,0.0
1887,130,70,65.0,2.6,1.4,65.0,35.0,260.0,63.07617661329452,283,130,0.0
1888,130,70,65.0,2.6,1.4,65.0,35.0,260.0,63.07617661329452,284,130,0.0
1889,130,70,65.0,2.6,1.4,65.0,35.0,260.0,63.07617661329452,284,130,0.0
1890,130,70,65.0,2.6,1.4,65.0,35.0,260.0,63.07617661329452,284,130,0.0
1891,131,69,65.5,2.62,1.38,65.5,34.5,262.0,63.56137797185832,285,131,2.0
1892,131,69,65.5,2.62,1.38,65.5,34.5,262.0,63.56137797185832,285,131,0.0
1893,131,69,65.5,2.62,1.38,65.5,34.5,262.0,63.56137797185832,285,131,0.0
1894,131,69,65.5,2.62,1.38,65.5,34.5,262.0,63.56137797185832,285,131,0.0
1895,131,69,65.5,2.62,1.38,65.5,34.5,262.0,63.56137797185832,285,131,0.0
1896,131,69,65.5,2.62,1.38,65.5,34.5,262.0,63.56137797185832,285,131,0.0
1897,131,69,65.5,2.62,1.38,65.5,34.5,262.0,63.56137797185832,285,131,0.0
1898,131,69,65.5,2.62,1.38,65.5,34.5,262.0,63.56137797185832,285,131,0.0
1899,131,69,65.5,2.62,1.38,65.5,34.5,262.0,63.56137797185832,285,131,0.0
1900,131,69,65.5,2.62,1.38,65.5,34.5,262.0,63.56137797185832,285,131,0.0
1901,131,69,65.5,2.62,1.38,65.5,34.5,262.0,63.56137797185832,285,131,0.0
1902,131,69,65.5,2.62,1.38,65.5,34.5,262.0,63.56137797185832,285,131,0.0
1903,131,69,65.5,2.62,1.38,65.5,34.5,262.0,63.56137797185832,285,131,0.0
1904,131,69,65.5,2.62,1.38,65.5,34.5,262.0,63.56137797185832,285,131,0.0
1905,131,69,65.5,2.62,1.38,65.5,34.5,262.0,63.56137797185832,285,131,0.0
1906,131,69,65.5,2.62,1.38,65.5,34.5,262.0,63.56137797185832,285,131,0.0
1907,131,69,65.5,2.62,1.38,65.5,34.5,262.0,63.56137797185832,285,131,0.0
1908,131,69,65.5,2.62,1.38,65.5,34.5,262.0,63.56137797185832,285,131,0.0
1909,131,69,65.5,2.62,1.38,65.5,34.5,262.0,63.56137797185832,285,131,0.0
1910,131,69,65.5,2.62,1.38,65.5,34.5,262.0,63.56137797185832,285,131,0.0
1911,131,69,65.5,2.62,1.38,65.5,34.5,262.0,63.56137797185832,285,131,0.0
1912,131,69,65.5,2.62,1.38,65.5,34.5,262.0,63.56137797185832,285,131,0.0
1913,132,68,66.0,2.64,1.3599999999999999,66.0,33.99999999999999,264.0,64.04657933042213,286,132,2.0
1914,132,68,66.0,2.64,1.3599999999999999,66.0,33.99999999999999,264.0,64.04657933042213,286,132,0.0
1915,132,68,66.0,2.64,1.3599999999999999,66.0,33.99999999999999,264.0,64.04657933042213,287,132,0.0
1916,132,68,66.0,2.64,1.3599999999999999,66.0,33.99999999999999,264.0,64.04657933042213,287,132,0.0
1917,132,68,66.0,2.64,1.3599999999999999,66.0,33.99999999999999,264.0,64.04657933042213,288,132,0.0
1918,132,68,66.0,2.64,1.3599999999999999,66.0,33.99999999999999,264.0,64.04657933042213,289,132,0.0
1919,132,68,66.0,2.64,1.3599999999999999,66.0,33.99999999999999,264.0,64.04657933042213,289,132,0.0
1920,132,68,66.0,2.64,1.3599999999999999,66.0,33.99999999999999,264.0,64.04657933042213,289,132,0.0
1921,133,67,66.5,2.66,1.3399999999999999,66.5,33.49999999999999,266.0,64.53178068898593,290,133,2.0
1922,133,67,66.5,2.66,1.3399999999999999,66.5,33.49999999999999,266.0,64.53178068898593,290,133,0.0
1923,133,67,66.5,2.66,1.3399999999999999,66.5,33.49999999999999,266.0,64.53178068898593,290,133,0.0
1924,133,67,66.5,2.66,1.3399999999999999,66.5,33.49999999999999,266.0,64.53178068898593,290,133,0.0
1925,133,67,66.5,2.66,1.3399999999999999,66.5,33.49999999999999,266.0,64.53178068898593,290,133,0.0
1926,133,67,66.5,2.66,1.3399999999999999,66.5,33.49999999999999,266.0,64.53178068898593,290,133,0.0
1927,133,67,66.5,2.66,1.3399999999999999,66.5,33.49999999999999,266.0,64.53178068898593,290,133,0.0
1928,133,67,66.5,2.66,1.3399999999999999,66.5,33.49999999999999,266.0,64.53178068898593,290,133,0.0
1929,133,67,66.5,2.66,1.3399999999999999,66.5,33.49999999999999,266.0,64.53178068898593,290,133,0.0
1930,133,67,66.5,2.66,1.3399999999999999,66.5,33.49999999999999,266.0,64.53178068898593,290,133,0.0
1931,133,67,66.5,2.66,1.3399999999999999,66.5,33.49999999999999,266.0,64.53178068898593,290,133,0.0
1932,133,67,66.5,2.66,1.3399999999999999,66.5,33.49999999999999,266.0,64.53178068898593,290,133,0.0
1933,133,67,66.5,2.66,1.3399999999999999,66.5,33.49999999999999,266.0,64.53178068898593,290,133,0.0
1934,133,67,66.5,2.66,1.3399999999999999,66.5,33.49999999999999,266.0,64.53178068898593,290,133,0.0
1935,133,67,66.5,2.66,1.3399999999999999,66.5,33.49999999999999,266.0,64.53178068898593,290,133,0.0
1936,133,67,66.5,2.66,1.3399999999999999,66.5,33.49999999999999,266.0,64.53178068898593,290,133,0.0
1937,133,67,66.5,2.66,1.3399999999999999,66.5,33.49999999999999,266.0,64.53178068898593,290,133,0.0
1938,133,67,66.5,2.66,1.3399999999999999,66.5,33.49999999999999,266.0,64.53178068898593,290,133,0.0
1939,133,67,66.5,2.66,1.3399999999999999,66.5,33.49999999999999,266.0,64.53178068898593,290,133,0.0
1940,133,67,66.5,2.66,1.3399999999999999,66.5,33.49999999999999,266.0,64.53178068898593,290,133,0.0
1941,133,67,66.5,2.66,1.3399999999999999,66.5,33.49999999999999,266.0,64.53178068898593,290,133,0.0
1942,133,67,66.5,2.66,1.3399999999999999,66.5,33.49999999999999,266.0,64.53178068898593,290,133,0.0
1943,133,67,66.5,2.66,1.3399999999999999,66.5,33.49999999999999,266.0,64.53178068898593,290,133,0.0
1944,133,67,66.5,2.66,1.3399999999999999,66.5,33.49999999999999,266.0,64.53178068898593,290,133,0.0
1945,133,67,66.5,2.66,1.3399999999999999,66.5,33.49999999999999,266.0,64.53178068898593,290,133,0.0
1946,133,67,66.5,2.66,1.3399999999999999,66.5,33.49999999999999,266.0,64.53178068898593,290,133,0.0
1947,133,67,66.5,2.66,1.3399999999999999,66.5,33.49999999999999,266.0,64.53178068898593,290,133,0.0
1948,133,67,66.5,2.66,1.3399999999999999,66.5,33.49999999999999,266.0,64.53178068898593,290,133,0.0
1949,133,67,66.5,2.66,1.3399999999999999,66.5,33.49999999999999,266.0,64.53178068898593,290,133,0.0
1950,133,67,66.5,2.66,1.3399999999999999,66.5,33.49999999999999,266.0,64.53178068898593,290,133,0.0
1951,133,67,66.5,2.66,1.3399999999999999,66.5,33.49999999999999,266.0,64.53178068898593,290,133,0.0
1952,133,67,66.5,2.66,1.3399999999999999,66.5,33.49999999999999,266.0,64.53178068898593,290,133,0.0
1953,133,67,66.5,2.66,1.3399999999999999,66.5,33.49999999999999,266.0,64.53178068898593,290,133,0.0
1954,133,67,66.5,2.66,1.3399999999999999,66.5,33.49999999999999,266.0,64.53178068898593,290,133,0.0
1955,133,67,66.5,2.66,1.3399999999999999,66.5,33.49999999999999,266.0,64.53178068898593,290,133,0.0
1956,133,67,66.5,2.66,1.3399999999999999,66.5,33.49999999999999,266.0,64.53178068898593,290,133,0.0
1957,133,67,66.5,2.66,1.3399999999999999,66.5,33.49999999999999,266.0,64.53178068898593,290,133,0.0
1958,133,67,66.5,2.66,1.3399999999999999,66.5,33.49999999999999,266.0,64.53178068898593,290,133,0.0
1959,133,67,66.5,2.66,1.3399999999999999,66.5,33.49999999999999,266.0,64.53178068898593,290,133,0.0
1960,133,67,66.5,2.66,1.3399999999999999,66.5,33.49999999999999,266.0,64.53178068898593,290,133,0.0
1961,133,67,66.5,2.66,1.3399999999999999,66.5,33.49999999999999,266.0,64.53178068898593,290,133,0.0
1962,133,67,66.5,2.66,1.3399999999999999,66.5,33.49999999999999,266.0,64.53178068898593,290,133,0.0
1963,133,67,66.5,2.66,1.3399999999999999,66.5,33.49999999999999,266.0,64.53178068898593,290,133,0.0
1964,133,67,66.5,2.66,1.3399999999999999,66.5,33.49999999999999,266.0,64.53178068898593,290,133,0.0
1965,133,67,66.5,2.66,1.3399999999999999,66.5,33.49999999999999,266.0,64.53178068898593,290,133,0.0
1966,133,67,66.5,2.66,1.3399999999999999,66.5,33.49999999999999,266.0,64.53178068898593,290,133,0.0
1967,133,67,66.5,2.66,1.3399999999999999,66.5,33.49999999999999,266.0,64.53178068898593,290,133,0.0
1968,133,67,66.5,2.66,1.3399999999999999,66.5,33.49999999999999,266.0,64.53178068898593,290,133,0.0
1969,133,67,66.5,2.66,1.3399999999999999,66.5,33.49999999999999,266.0,64.53178068898593,290,133,0.0
1970,133,67,66.5,2.66,1.3399999999999999,66.5,33.49999999999999,266.0,64.53178068898593,290,133,0.0
1971,133,67,66.5,2.66,1.3399999999999999,66.5,33.49999999999999,266.0,64.53178068898593,290,133,0.0
1972,133,67,66.5,2.66,1.3399999999999999,66.5,33.49999999999999,266.0,64.53178068898593,290,133,0.0
1973,133,67,66.5,2.66,1.3399999999999999,66.5,33.49999999999999,266.0,64.53178068898593,290,133,0.0
1974,133,67,66.5,2.66,1.3399999999999999,66.5,33.49999999999999,266.0,64.53178068898593,290,133,0.0
1975,133,67,66.5,2.66,1.3399999999999999,66.5,33.49999999999999,266.0,64.53178068898593,290,133,0.0
1976,133,67,66.5,2.66,1.3399999999999999,66.5,33.49999999999999,266.0,64.53178068898593,290,133,0.0
1977,133,67,66.5,2.66,1.3399999999999999,66.5,33.49999999999999,266.0,64.53178068898593,290,133,0.0
1978,133,67,66.5,2.66,1.3399999999999999,66.5,33.49999999999999,266.0,64.53178068898593,290,133,0.0
1979,133,67,66.5,2.66,1.3399999999999999,66.5,33.49999999999999,266.0,64.53178068898593,290,133,0.0
1980,133,67,66.5,2.66,1.3399999999999999,66.5,33.49999999999999,266.0,64.53178068898593,290,133,0.0
1981,133,67,66.5,2.66,1.3399999999999999,66.5,33.49999999999999,266.0,64.53178068898593,290,133,0.0
1982,133,67,66.5,2.66,1.3399999999999999,66.5,33.49999999999999,266.0,64.53178068898593,290,133,0.0
1983,133,67,66.5,2.66,1.3399999999999999,66.5,33.49999999999999,266.0,64.53178068898593,290,133,0.0
1984,133,67,66.5,2.66,1.3399999999999999,66.5,33.49999999999999,266.0,64.53178068898593,290,133,0.0
1985,133,67,66.5,2.66,1.3399999999999999,66.5,33.49999999999999,266.0,64.53178068898593,290,133,0.0
1986,133,67,66.5,2.66,1.3399999999999999,66.5,33.49999999999999,266.0,64.53178068898593,290,133,0.0
1987,133,67,66.5,2.66,1.3399999999999999,66.5,33.49999999999999,266.0,64.53178068898593,290,133,0.0
1988,133,67,66.5,2.66,1.3399999999999999,66.5,33.49999999999999,266.0,64.53178068898593,290,133,0.0
1989,133,67,66.5,2.66,1.3399999999999999,66.5,33.49999999999999,266.0,64.53178068898593,290,133,0.0
1990,133,67,66.5,2.66,1.3399999999999999,66.5,33.49999999999999,266.0,64.53178068898593,290,133,0.0
1991,133,67,66.5,2.66,1.3399999999999999,66.5,33.49999999999999,266.0,64.53178068898593,290,133,0.0
1992,133,67,66.5,2.66,1.3399999999999999,66.5,33.49999999999999,266.0,64.53178068898593,290,133,0.0
1993,133,67,66.5,2.66,1.3399999999999999,66.5,33.49999999999999,266.0,64.53178068898593,290,133,0.0
1994,133,67,66.5,2.66,1.3399999999999999,66.5,33.49999999999999,266.0,64.53178068898593,290,133,0.0
1995,133,67,66.5,2.66,1.3399999999999999,66.5,33.49999999999999,266.0,64.53178068898593,290,133,0.0
1996,133,67,66.5,2.66,1.3399999999999999,66.5,33.49999999999999,266.0,64.53178068898593,290,133,0.0
1997,133,67,66.5,2.66,1.3399999999999999,66.5,33.49999999999999,266.0,64.53178068898593,290,133,0.0
1998,133,67,66.5,2.66,1.3399999999999999,66.5,33.49999999999999,266.0,64.53178068898593,290,133,0.0
1999,133,67,66.5,2.66,1.3399999999999999,66.5,33.49999999999999,266.0,64.53178068898593,290,133,0.0
2000,133,67,66.5,2.66,1.3399999999999999,66.5,33.49999999999999,266.0,64.53178068898593,290,133,0.0
