step,n_adsorbed,n_free,percent_adsorbed,m_adsorbed_mg,m_free_mg,c_pdf_mg_l,c_remaining_mg_l,qt_mg_g,percent_qmax,n_contacts,n_adsorption_events,dqt_per_step
0,0,200,0.0,0.0,4.0,0.0,100.0,0.0,0.0,0,0,0.0
1,0,200,0.0,0.0,4.0,0.0,100.0,0.0,0.0,0,0,0.0
2,1,199,0.5,0.02,3.98,0.5,99.5,2.0,0.48520135856380403,1,1,2.0
3,1,199,0.5,0.02,3.98,0.5,99.5,2.0,0.48520135856380403,1,1,0.0
4,1,199,0.5,0.02,3.98,0.5,99.5,2.0,0.48520135856380403,1,1,0.0
5,2,198,1.0,0.04,3.96,1.0,99.0,4.0,0.9704027171276081,2,2,2.0
6,2,198,1.0,0.04,3.96,1.0,99.0,4.0,0.9704027171276081,2,2,0.0
7,3,197,1.5,0.06,3.94,1.5,98.5,6.0,1.455604075691412,3,3,2.0
8,3,197,1.5,0.06,3.94,1.5,98.5,6.0,1.455604075691412,3,3,0.0
9,3,197,1.5,0.06,3.94,1.5,98.5,6.0,1.455604075691412,3,3,0.0
10,3,197,1.5,0.06,3.94,1.5,98.5,6.0,1.455604075691412,3,3,0.0
11,4,196,2.0,0.08,3.92,2.0,98.0,8.0,1.9408054342552161,4,4,2.0
12,5,195,2.5,0.1,3.9,2.5,97.5,10.0,2.42600679281902,5,5,2.0
13,5,195,2.5,0.1,3.9,2.5,97.5,10.0,2.42600679281902,5,5,0.0
14,6,194,3.0,0.12,3.88,3.0,97.0,12.0,2.911208151382824,6,6,2.0
15,7,193,3.5000000000000004,0.14,3.86,3.5000000000000004,96.5,14.000000000000002,3.3964095099466283,7,7,2.0000000000000018
16,7,193,3.5000000000000004,0.14,3.86,3.5000000000000004,96.5,14.000000000000002,3.3964095099466283,7,7,0.0
17,7,193,3.5000000000000004,0.14,3.86,3.5000000000000004,96.5,14.000000000000002,3.3964095099466283,7,7,0.0
18,7,193,3.5000000000000004,0.14,3.86,3.5000000000000004,96.5,14.000000000000002,3.3964095099466283,7,7,0.0
19,7,193,3.5000000000000004,0.14,3.86,3.5000000000000004,96.5,14.000000000000002,3.3964095099466283,7,7,0.0
20,7,193,3.5000000000000004,0.14,3.86,3.5000000000000004,96.5,14.000000000000002,3.3964095099466283,7,7,0.0
21,8,192,4.0,0.16,3.84,4.0,96.0,16.0,3.8816108685104322,8,8,1.9999999999999982
22,9,191,4.5,0.18,3.82,4.5,95.5,18.0,4.366812227074236,9,9,2.0
23,9,191,4.5,0.18,3.82,4.5,95.5,18.0,4.366812227074236,9,9,0.0
24,9,191,4.5,0.18,3.82,4.5,95.5,18.0,4.366812227074236,9,9,0.0
25,9,191,4.5,0.18,3.82,4.5,95.5,18.0,4.366812227074236,9,9,0.0
26,9,191,4.5,0.18,3.82,4.5,95.5,18.0,4.366812227074236,9,9,0.0
27,9,191,4.5,0.18,3.82,4.5,95.5,18.0,4.366812227074236,9,9,0.0
28,9,191,4.5,0.18,3.82,4.5,95.5,18.0,4.366812227074236,9,9,0.0
29,9,191,4.5,0.18,3.82,4.5,95.5,18.0,4.366812227074236,9,9,0.0
30,9,191,4.5,0.18,3.82,4.5,95.5,18.0,4.366812227074236,9,9,0.0
31,9,191,4.5,0.18,3.82,4.5,95.5,18.0,4.366812227074236,9,9,0.0
32,9,191,4.5,0.18,3.82,4.5,95.5,18.0,4.366812227074236,9,9,0.0
33,9,191,4.5,0.18,3.82,4.5,95.5,18.0,4.366812227074236,9,9,0.0
34,9,191,4.5,0.18,3.82,4.5,95.5,18.0,4.366812227074236,9,9,0.0
35,9,191,4.5,0.18,3.82,4.5,95.5,18.0,4.366812227074236,9,9,0.0
36,9,191,4.5,0.18,3.82,4.5,95.5,18.0,4.366812227074236,9,9,0.0
37,9,191,4.5,0.18,3.82,4.5,95.5,18.0,4.366812227074236,9,9,0.0
38,10,190,5.0,0.2,3.8,5.0,95.0,20.0,4.85201358563804,10,10,2.0
39,10,190,5.0,0.2,3.8,5.0,95.0,20.0,4.85201358563804,10,10,0.0
40,11,189,5.5,0.22,3.78,5.5,94.5,22.0,5.337214944201843,11,11,2.0
41,11,189,5.5,0.22,3.78,5.5,94.5,22.0,5.337214944201843,11,11,0.0
42,11,189,5.5,0.22,3.78,5.5,94.5,22.0,5.337214944201843,11,11,0.0
43,11,189,5.5,0.22,3.78,5.5,94.5,22.0,5.337214944201843,11,11,0.0
44,11,189,5.5,0.22,3.78,5.5,94.5,22.0,5.337214944201843,11,11,0.0
45,11,189,5.5,0.22,3.78,5.5,94.5,22.0,5.337214944201843,11,11,0.0
46,11,189,5.5,0.22,3.78,5.5,94.5,22.0,5.337214944201843,11,11,0.0
47,12,188,6.0,0.24,3.76,6.0,93.99999999999999,24.0,5.822416302765648,12,12,2.0
48,12,188,6.0,0.24,3.76,6.0,93.99999999999999,24.0,5.822416302765648,12,12,0.0
49,12,188,6.0,0.24,3.76,6.0,93.99999999999999,24.0,5.822416302765648,12,12,0.0
50,13,187,6.5,0.26,3.74,6.5,93.5,26.0,6.307617661329452,13,13,2.0
51,13,187,6.5,0.26,3.74,6.5,93.5,26.0,6.307617661329452,13,13,0.0
52,13,187,6.5,0.26,3.74,6.5,93.5,26.0,6.307617661329452,13,13,0.0
53,13,187,6.5,0.26,3.74,6.5,93.5,26.0,6.307617661329452,13,13,0.0
54,14,186,7.000000000000001,0.28,3.7199999999999998,7.000000000000001,92.99999999999999,28.000000000000004,6.7928190198932565,14,14,2.0000000000000036
55,14,186,7.000000000000001,0.28,3.7199999999999998,7.000000000000001,92.99999999999999,28.000000000000004,6.7928190198932565,14,14,0.0
56,14,186,7.000000000000001,0.28,3.7199999999999998,7.000000000000001,92.99999999999999,28.000000000000004,6.7928190198932565,14,14,0.0
57,15,185,7.5,0.3,3.7,7.5,92.5,30.0,7.27802037845706,15,15,1.9999999999999964
58,15,185,7.5,0.3,3.7,7.5,92.5,30.0,7.27802037845706,15,15,0.0
59,15,185,7.5,0.3,3.7,7.5,92.5,30.0,7.27802037845706,15,15,0.0
60,15,185,7.5,0.3,3.7,7.5,92.5,30.0,7.27802037845706,15,15,0.0
61,15,185,7.5,0.3,3.7,7.5,92.5,30.0,7.27802037845706,15,15,0.0
62,15,185,7.5,0.3,3.7,7.5,92.5,30.0,7.27802037845706,15,15,0.0
63,16,184,8.0,0.32,3.68,8.0,92.0,32.0,7.7632217370208645,16,16,2.0
64,16,184,8.0,0.32,3.68,8.0,92.0,32.0,7.7632217370208645,16,16,0.0
65,16,184,8.0,0.32,3.68,8.0,92.0,32.0,7.7632217370208645,16,16,0.0
66,16,184,8.0,0.32,3.68,8.0,92.0,32.0,7.7632217370208645,16,16,0.0
67,16,184,8.0,0.32,3.68,8.0,92.0,32.0,7.7632217370208645,16,16,0.0
68,17,183,8.5,0.34,3.66,8.5,91.5,34.0,8.248423095584668,17,17,2.0
69,17,183,8.5,0.34,3.66,8.5,91.5,34.0,8.248423095584668,17,17,0.0
70,18,182,9.0,0.36,3.64,9.0,91.0,36.0,8.733624454148472,18,18,2.0
71,18,182,9.0,0.36,3.64,9.0,91.0,36.0,8.733624454148472,18,18,0.0
72,18,182,9.0,0.36,3.64,9.0,91.0,36.0,8.733624454148472,18,18,0.0
73,18,182,9.0,0.36,3.64,9.0,91.0,36.0,8.733624454148472,18,18,0.0
74,18,182,9.0,0.36,3.64,9.0,91.0,36.0,8.733624454148472,18,18,0.0
75,18,182,9.0,0.36,3.64,9.0,91.0,36.0,8.733624454148472,18,18,0.0
76,18,182,9.0,0.36,3.64,9.0,91.0,36.0,8.733624454148472,18,18,0.0
77,19,181,9.5,0.38,3.62,9.5,90.5,38.0,9.218825812712275,19,19,2.0
78,19,181,9.5,0.38,3.62,9.5,90.5,38.0,9.218825812712275,19,19,0.0
79,19,181,9.5,0.38,3.62,9.5,90.5,38.0,9.218825812712275,19,19,0.0
80,20,180,10.0,0.4,3.6,10.0,90.0,40.0,9.70402717127608,20,20,2.0
81,21,179,10.5,0.42,3.58,10.5,89.5,42.0,10.189228529839884,21,21,2.0
82,21,179,10.5,0.42,3.58,10.5,89.5,42.0,10.189228529839884,21,21,0.0
83,21,179,10.5,0.42,3.58,10.5,89.5,42.0,10.189228529839884,21,21,0.0
84,21,179,10.5,0.42,3.58,10.5,89.5,42.0,10.189228529839884,21,21,0.0
85,21,179,10.5,0.42,3.58,10.5,89.5,42.0,10.189228529839884,21,21,0.0
86,22,178,11.0,0.44,3.56,11.0,89.0,44.0,10.674429888403687,22,22,2.0
87,23,177,11.5,0.46,3.54,11.5,88.5,46.0,11.159631246967491,23,23,2.0
88,23,177,11.5,0.46,3.54,11.5,88.5,46.0,11.159631246967491,23,23,0.0
89,23,177,11.5,0.46,3.54,11.5,88.5,46.0,11.159631246967491,23,23,0.0
90,24,176,12.0,0.48,3.52,12.0,88.0,48.0,11.644832605531295,24,24,2.0
91,24,176,12.0,0.48,3.52,12.0,88.0,48.0,11.644832605531295,24,24,0.0
92,24,176,12.0,0.48,3.52,12.0,88.0,48.0,11.644832605531295,24,24,0.0
93,24,176,12.0,0.48,3.52,12.0,88.0,48.0,11.644832605531295,24,24,0.0
94,24,176,12.0,0.48,3.52,12.0,88.0,48.0,11.644832605531295,24,24,0.0
95,24,176,12.0,0.48,3.52,12.0,88.0,48.0,11.644832605531295,24,24,0.0
96,24,176,12.0,0.48,3.52,12.0,88.0,48.0,11.644832605531295,24,24,0.0
97,27,173,13.5,0.54,3.46,13.5,86.5,54.0,13.100436681222707,27,27,6.0
98,28,172,14.000000000000002,0.56,3.44,14.000000000000002,86.0,56.00000000000001,13.585638039786513,28,28,2.000000000000007
99,28,172,14.000000000000002,0.56,3.44,14.000000000000002,86.0,56.00000000000001,13.585638039786513,28,28,0.0
100,28,172,14.000000000000002,0.56,3.44,14.000000000000002,86.0,56.00000000000001,13.585638039786513,28,28,0.0
101,28,172,14.000000000000002,0.56,3.44,14.000000000000002,86.0,56.00000000000001,13.585638039786513,28,28,0.0
102,28,172,14.000000000000002,0.56,3.44,14.000000000000002,86.0,56.00000000000001,13.585638039786513,28,28,0.0
103,28,172,14.000000000000002,0.56,3.44,14.000000000000002,86.0,56.00000000000001,13.585638039786513,28,28,0.0
104,28,172,14.000000000000002,0.56,3.44,14.000000000000002,86.0,56.00000000000001,13.585638039786513,28,28,0.0
105,28,172,14.000000000000002,0.56,3.44,14.000000000000002,86.0,56.00000000000001,13.585638039786513,28,28,0.0
106,28,172,14.000000000000002,0.56,3.44,14.000000000000002,86.0,56.00000000000001,13.585638039786513,28,28,0.0
107,28,172,14.000000000000002,0.56,3.44,14.000000000000002,86.0,56.00000000000001,13.585638039786513,28,28,0.0
108,28,172,14.000000000000002,0.56,3.44,14.000000000000002,86.0,56.00000000000001,13.585638039786513,28,28,0.0
109,28,172,14.000000000000002,0.56,3.44,14.000000000000002,86.0,56.00000000000001,13.585638039786513,28,28,0.0
110,28,172,14.000000000000002,0.56,3.44,14.000000000000002,86.0,56.00000000000001,13.585638039786513,28,28,0.0
111,29,171,14.499999999999998,0.58,3.42,14.499999999999998,85.5,57.99999999999999,14.070839398350312,29,29,1.9999999999999858
112,29,171,14.499999999999998,0.58,3.42,14.499999999999998,85.5,57.99999999999999,14.070839398350312,29,29,0.0
113,29,171,14.499999999999998,0.58,3.42,14.499999999999998,85.5,57.99999999999999,14.070839398350312,29,29,0.0
114,29,171,14.499999999999998,0.58,3.42,14.499999999999998,85.5,57.99999999999999,14.070839398350312,29,29,0.0
115,29,171,14.499999999999998,0.58,3.42,14.499999999999998,85.5,57.99999999999999,14.070839398350312,29,29,0.0
116,29,171,14.499999999999998,0.58,3.42,14.499999999999998,85.5,57.99999999999999,14.070839398350312,29,29,0.0
117,29,171,14.499999999999998,0.58,3.42,14.499999999999998,85.5,57.99999999999999,14.070839398350312,29,29,0.0
118,29,171,14.499999999999998,0.58,3.42,14.499999999999998,85.5,57.99999999999999,14.070839398350312,29,29,0.0
119,29,171,14.499999999999998,0.58,3.42,14.499999999999998,85.5,57.99999999999999,14.070839398350312,29,29,0.0
120,30,170,15.0,0.6,3.4,15.0,85.0,60.0,14.55604075691412,30,30,2.000000000000007
121,30,170,15.0,0.6,3.4,15.0,85.0,60.0,14.55604075691412,30,30,0.0
122,31,169,15.5,0.62,3.38,15.5,84.5,62.0,15.041242115477923,31,31,2.0
123,32,168,16.0,0.64,3.36,16.0,84.0,64.0,15.526443474041729,32,32,2.0
124,32,168,16.0,0.64,3.36,16.0,84.0,64.0,15.526443474041729,32,32,0.0
125,32,168,16.0,0.64,3.36,16.0,84.0,64.0,15.526443474041729,32,32,0.0
126,32,168,16.0,0.64,3.36,16.0,84.0,64.0,15.526443474041729,32,32,0.0
127,32,168,16.0,0.64,3.36,16.0,84.0,64.0,15.526443474041729,32,32,0.0
128,34,166,17.0,0.68,3.32,17.0,83.0,68.0,16.496846191169336,34,34,4.0
129,34,166,17.0,0.68,3.32,17.0,83.0,68.0,16.496846191169336,34,34,0.0
130,34,166,17.0,0.68,3.32,17.0,83.0,68.0,16.496846191169336,34,34,0.0
131,34,166,17.0,0.68,3.32,17.0,83.0,68.0,16.496846191169336,34,34,0.0
132,34,166,17.0,0.68,3.32,17.0,83.0,68.0,16.496846191169336,34,34,0.0
133,34,166,17.0,0.68,3.32,17.0,83.0,68.0,16.496846191169336,34,34,0.0
134,34,166,17.0,0.68,3.32,17.0,83.0,68.0,16.496846191169336,34,34,0.0
135,35,165,17.5,0.7000000000000001,3.3,17.5,82.5,70.0,16.98204754973314,35,35,2.0
136,35,165,17.5,0.7000000000000001,3.3,17.5,82.5,70.0,16.98204754973314,35,35,0.0
137,36,164,18.0,0.72,3.2800000000000002,18.0,82.0,72.0,17.467248908296945,36,36,2.0
138,37,163,18.5,0.74,3.26,18.5,81.5,74.0,17.952450266860748,37,37,2.0
139,37,163,18.5,0.74,3.26,18.5,81.5,74.0,17.952450266860748,37,37,0.0
140,37,163,18.5,0.74,3.26,18.5,81.5,74.0,17.952450266860748,37,37,0.0
141,37,163,18.5,0.74,3.26,18.5,81.5,74.0,17.952450266860748,37,37,0.0
142,37,163,18.5,0.74,3.26,18.5,81.5,74.0,17.952450266860748,37,37,0.0
143,38,162,19.0,0.76,3.24,19.0,81.0,76.0,18.43765162542455,38,38,2.0
144,38,162,19.0,0.76,3.24,19.0,81.0,76.0,18.43765162542455,38,38,0.0
145,38,162,19.0,0.76,3.24,19.0,81.0,76.0,18.43765162542455,38,38,0.0
146,38,162,19.0,0.76,3.24,19.0,81.0,76.0,18.43765162542455,38,38,0.0
147,38,162,19.0,0.76,3.24,19.0,81.0,76.0,18.43765162542455,38,38,0.0
148,38,162,19.0,0.76,3.24,19.0,81.0,76.0,18.43765162542455,38,38,0.0
149,38,162,19.0,0.76,3.24,19.0,81.0,76.0,18.43765162542455,38,38,0.0
150,38,162,19.0,0.76,3.24,19.0,81.0,76.0,18.43765162542455,38,38,0.0
151,38,162,19.0,0.76,3.24,19.0,81.0,76.0,18.43765162542455,38,38,0.0
152,38,162,19.0,0.76,3.24,19.0,81.0,76.0,18.43765162542455,38,38,0.0
153,38,162,19.0,0.76,3.24,19.0,81.0,76.0,18.43765162542455,38,38,0.0
154,39,161,19.5,0.78,3.2199999999999998,19.5,80.49999999999999,78.0,18.922852983988356,39,39,2.0
155,39,161,19.5,0.78,3.2199999999999998,19.5,80.49999999999999,78.0,18.922852983988356,39,39,0.0
156,39,161,19.5,0.78,3.2199999999999998,19.5,80.49999999999999,78.0,18.922852983988356,39,39,0.0
157,39,161,19.5,0.78,3.2199999999999998,19.5,80.49999999999999,78.0,18.922852983988356,39,39,0.0
158,39,161,19.5,0.78,3.2199999999999998,19.5,80.49999999999999,78.0,18.922852983988356,39,39,0.0
159,40,160,20.0,0.8,3.2,20.0,80.0,80.0,19.40805434255216,40,40,2.0
160,40,160,20.0,0.8,3.2,20.0,80.0,80.0,19.40805434255216,40,40,0.0
161,40,160,20.0,0.8,3.2,20.0,80.0,80.0,19.40805434255216,40,40,0.0
162,40,160,20.0,0.8,3.2,20.0,80.0,80.0,19.40805434255216,40,40,0.0
163,40,160,20.0,0.8,3.2,20.0,80.0,80.0,19.40805434255216,40,40,0.0
164,40,160,20.0,0.8,3.2,20.0,80.0,80.0,19.40805434255216,40,40,0.0
165,40,160,20.0,0.8,3.2,20.0,80.0,80.0,19.40805434255216,40,40,0.0
166,40,160,20.0,0.8,3.2,20.0,80.0,80.0,19.40805434255216,40,40,0.0
167,40,160,20.0,0.8,3.2,20.0,80.0,80.0,19.40805434255216,40,40,0.0
168,40,160,20.0,0.8,3.2,20.0,80.0,80.0,19.40805434255216,40,40,0.0
169,40,160,20.0,0.8,3.2,20.0,80.0,80.0,19.40805434255216,40,40,0.0
170,40,160,20.0,0.8,3.2,20.0,80.0,80.0,19.40805434255216,40,40,0.0
171,40,160,20.0,0.8,3.2,20.0,80.0,80.0,19.40805434255216,40,40,0.0
172,40,160,20.0,0.8,3.2,20.0,80.0,80.0,19.40805434255216,40,40,0.0
173,41,159,20.5,0.8200000000000001,3.1799999999999997,20.5,79.49999999999999,82.0,19.893255701115965,41,41,2.0
174,41,159,20.5,0.8200000000000001,3.1799999999999997,20.5,79.49999999999999,82.0,19.893255701115965,41,41,0.0
175,41,159,20.5,0.8200000000000001,3.1799999999999997,20.5,79.49999999999999,82.0,19.893255701115965,41,41,0.0
176,41,159,20.5,0.8200000000000001,3.1799999999999997,20.5,79.49999999999999,82.0,19.893255701115965,41,41,0.0
177,41,159,20.5,0.8200000000000001,3.1799999999999997,20.5,79.49999999999999,82.0,19.893255701115965,41,41,0.0
178,41,159,20.5,0.8200000000000001,3.1799999999999997,20.5,79.49999999999999,82.0,19.893255701115965,41,41,0.0
179,41,159,20.5,0.8200000000000001,3.1799999999999997,20.5,79.49999999999999,82.0,19.893255701115965,41,41,0.0
180,41,159,20.5,0.8200000000000001,3.1799999999999997,20.5,79.49999999999999,82.0,19.893255701115965,41,41,0.0
181,41,159,20.5,0.8200000000000001,3.1799999999999997,20.5,79.49999999999999,82.0,19.893255701115965,41,41,0.0
182,41,159,20.5,0.8200000000000001,3.1799999999999997,20.5,79.49999999999999,82.0,19.893255701115965,41,41,0.0
183,42,158,21.0,0.84,3.16,21.0,79.0,84.0,20.378457059679768,42,42,2.0
184,42,158,21.0,0.84,3.16,21.0,79.0,84.0,20.378457059679768,42,42,0.0
185,42,158,21.0,0.84,3.16,21.0,79.0,84.0,20.378457059679768,42,42,0.0
186,42,158,21.0,0.84,3.16,21.0,79.0,84.0,20.378457059679768,42,42,0.0
187,42,158,21.0,0.84,3.16,21.0,79.0,84.0,20.378457059679768,42,42,0.0
188,42,158,21.0,0.84,3.16,21.0,79.0,84.0,20.378457059679768,42,42,0.0
189,42,158,21.0,0.84,3.16,21.0,79.0,84.0,20.378457059679768,42,42,0.0
190,42,158,21.0,0.84,3.16,21.0,79.0,84.0,20.378457059679768,42,42,0.0
191,42,158,21.0,0.84,3.16,21.0,79.0,84.0,20.378457059679768,42,42,0.0
192,42,158,21.0,0.84,3.16,21.0,79.0,84.0,20.378457059679768,42,42,0.0
193,42,158,21.0,0.84,3.16,21.0,79.0,84.0,20.378457059679768,42,42,0.0
194,42,158,21.0,0.84,3.16,21.0,79.0,84.0,20.378457059679768,42,42,0.0
195,43,157,21.5,0.86,3.14,21.5,78.5,86.0,20.86365841824357,43,43,2.0
196,43,157,21.5,0.86,3.14,21.5,78.5,86.0,20.86365841824357,43,43,0.0
197,43,157,21.5,0.86,3.14,21.5,78.5,86.0,20.86365841824357,43,43,0.0
198,43,157,21.5,0.86,3.14,21.5,78.5,86.0,20.86365841824357,43,43,0.0
199,43,157,21.5,0.86,3.14,21.5,78.5,86.0,20.86365841824357,43,43,0.0
200,44,156,22.0,0.88,3.12,22.0,78.0,88.0,21.348859776807373,44,44,2.0
201,44,156,22.0,0.88,3.12,22.0,78.0,88.0,21.348859776807373,44,44,0.0
202,45,155,22.5,0.9,3.1,22.5,77.5,90.0,21.83406113537118,45,45,2.0
203,45,155,22.5,0.9,3.1,22.5,77.5,90.0,21.83406113537118,45,45,0.0
204,45,155,22.5,0.9,3.1,22.5,77.5,90.0,21.83406113537118,45,45,0.0
205,45,155,22.5,0.9,3.1,22.5,77.5,90.0,21.83406113537118,45,45,0.0
206,46,154,23.0,0.92,3.08,23.0,77.0,92.0,22.319262493934982,46,46,2.0
207,46,154,23.0,0.92,3.08,23.0,77.0,92.0,22.319262493934982,46,46,0.0
208,46,154,23.0,0.92,3.08,23.0,77.0,92.0,22.319262493934982,46,46,0.0
209,46,154,23.0,0.92,3.08,23.0,77.0,92.0,22.319262493934982,46,46,0.0
210,46,154,23.0,0.92,3.08,23.0,77.0,92.0,22.319262493934982,46,46,0.0
211,46,154,23.0,0.92,3.08,23.0,77.0,92.0,22.319262493934982,46,46,0.0
212,46,154,23.0,0.92,3.08,23.0,77.0,92.0,22.319262493934982,46,46,0.0
213,46,154,23.0,0.92,3.08,23.0,77.0,92.0,22.319262493934982,46,46,0.0
214,46,154,23.0,0.92,3.08,23.0,77.0,92.0,22.319262493934982,46,46,0.0
215,46,154,23.0,0.92,3.08,23.0,77.0,92.0,22.319262493934982,46,46,0.0
216,46,154,23.0,0.92,3.08,23.0,77.0,92.0,22.319262493934982,46,46,0.0
217,46,154,23.0,0.92,3.08,23.0,77.0,92.0,22.319262493934982,46,46,0.0
218,46,154,23.0,0.92,3.08,23.0,77.0,92.0,22.319262493934982,46,46,0.0
219,46,154,23.0,0.92,3.08,23.0,77.0,92.0,22.319262493934982,46,46,0.0
220,46,154,23.0,0.92,3.08,23.0,77.0,92.0,22.319262493934982,46,46,0.0
221,46,154,23.0,0.92,3.08,23.0,77.0,92.0,22.319262493934982,46,46,0.0
222,47,153,23.5,0.9400000000000001,3.06,23.5,76.5,94.0,22.804463852498788,47,47,2.0
223,47,153,23.5,0.9400000000000001,3.06,23.5,76.5,94.0,22.804463852498788,47,47,0.0
224,47,153,23.5,0.9400000000000001,3.06,23.5,76.5,94.0,22.804463852498788,47,47,0.0
225,48,152,24.0,0.96,3.04,24.0,76.0,96.0,23.28966521106259,48,48,2.0
226,48,152,24.0,0.96,3.04,24.0,76.0,96.0,23.28966521106259,48,48,0.0
227,48,152,24.0,0.96,3.04,24.0,76.0,96.0,23.28966521106259,49,48,0.0
228,48,152,24.0,0.96,3.04,24.0,76.0,96.0,23.28966521106259,49,48,0.0
229,48,152,24.0,0.96,3.04,24.0,76.0,96.0,23.28966521106259,50,48,0.0
230,48,152,24.0,0.96,3.04,24.0,76.0,96.0,23.28966521106259,50,48,0.0
231,48,152,24.0,0.96,3.04,24.0,76.0,96.0,23.28966521106259,50,48,0.0
232,48,152,24.0,0.96,3.04,24.0,76.0,96.0,23.28966521106259,50,48,0.0
233,48,152,24.0,0.96,3.04,24.0,76.0,96.0,23.28966521106259,51,48,0.0
234,48,152,24.0,0.96,3.04,24.0,76.0,96.0,23.28966521106259,51,48,0.0
235,49,151,24.5,0.98,3.02,24.5,75.5,98.0,23.774866569626397,53,49,2.0
236,49,151,24.5,0.98,3.02,24.5,75.5,98.0,23.774866569626397,54,49,0.0
237,49,151,24.5,0.98,3.02,24.5,75.5,98.0,23.774866569626397,55,49,0.0
238,49,151,24.5,0.98,3.02,24.5,75.5,98.0,23.774866569626397,55,49,0.0
239,49,151,24.5,0.98,3.02,24.5,75.5,98.0,23.774866569626397,56,49,0.0
240,51,149,25.5,1.02,2.98,25.5,74.5,102.0,24.745269286754006,58,51,4.0
241,51,149,25.5,1.02,2.98,25.5,74.5,102.0,24.745269286754006,58,51,0.0
242,52,148,26.0,1.04,2.96,26.0,74.0,104.0,25.23047064531781,59,52,2.0
243,52,148,26.0,1.04,2.96,26.0,74.0,104.0,25.23047064531781,59,52,0.0
244,53,147,26.5,1.06,2.94,26.5,73.5,106.0,25.71567200388161,60,53,2.0
245,53,147,26.5,1.06,2.94,26.5,73.5,106.0,25.71567200388161,60,53,0.0
246,54,146,27.0,1.08,2.92,27.0,73.0,108.0,26.200873362445414,61,54,2.0
247,54,146,27.0,1.08,2.92,27.0,73.0,108.0,26.200873362445414,61,54,0.0
248,54,146,27.0,1.08,2.92,27.0,73.0,108.0,26.200873362445414,61,54,0.0
249,54,146,27.0,1.08,2.92,27.0,73.0,108.0,26.200873362445414,61,54,0.0
250,54,146,27.0,1.08,2.92,27.0,73.0,108.0,26.200873362445414,61,54,0.0
251,54,146,27.0,1.08,2.92,27.0,73.0,108.0,26.200873362445414,61,54,0.0
252,55,145,27.500000000000004,1.1,2.9,27.5,72.5,110.0,26.686074721009216,62,55,2.0
253,55,145,27.500000000000004,1.1,2.9,27.5,72.5,110.0,26.686074721009216,62,55,0.0
254,57,143,28.499999999999996,1.1400000000000001,2.86,28.500000000000004,71.5,114.00000000000001,27.65647743813683,64,57,4.000000000000014
255,57,143,28.499999999999996,1.1400000000000001,2.86,28.500000000000004,71.5,114.00000000000001,27.65647743813683,64,57,0.0
256,57,143,28.499999999999996,1.1400000000000001,2.86,28.500000000000004,71.5,114.00000000000001,27.65647743813683,64,57,0.0
257,57,143,28.499999999999996,1.1400000000000001,2.86,28.500000000000004,71.5,114.00000000000001,27.65647743813683,64,57,0.0
258,57,143,28.499999999999996,1.1400000000000001,2.86,28.500000000000004,71.5,114.00000000000001,27.65647743813683,64,57,0.0
259,57,143,28.499999999999996,1.1400000000000001,2.86,28.500000000000004,71.5,114.00000000000001,27.65647743813683,64,57,0.0
260,57,143,28.499999999999996,1.1400000000000001,2.86,28.500000000000004,71.5,114.00000000000001,27.65647743813683,64,57,0.0
261,57,143,28.499999999999996,1.1400000000000001,2.86,28.500000000000004,71.5,114.00000000000001,27.65647743813683,64,57,0.0
262,57,143,28.499999999999996,1.1400000000000001,2.86,28.500000000000004,71.5,114.00000000000001,27.65647743813683,64,57,0.0
263,57,143,28.499999999999996,1.1400000000000001,2.86,28.500000000000004,71.5,114.00000000000001,27.65647743813683,64,57,0.0
264,57,143,28.499999999999996,1.1400000000000001,2.86,28.500000000000004,71.5,114.00000000000001,27.65647743813683,64,57,0.0
265,57,143,28.499999999999996,1.1400000000000001,2.86,28.500000000000004,71.5,114.00000000000001,27.65647743813683,64,57,0.0
266,57,143,28.499999999999996,1.1400000000000001,2.86,28.500000000000004,71.5,114.00000000000001,27.65647743813683,64,57,0.0
267,57,143,28.499999999999996,1.1400000000000001,2.86,28.500000000000004,71.5,114.00000000000001,27.65647743813683,64,57,0.0
268,58,142,28.999999999999996,1.16,2.84,28.999999999999996,71.0,115.99999999999999,28.141678796700624,65,58,1.9999999999999716
269,58,142,28.999999999999996,1.16,2.84,28.999999999999996,71.0,115.99999999999999,28.141678796700624,65,58,0.0
270,58,142,28.999999999999996,1.16,2.84,28.999999999999996,71.0,115.99999999999999,28.141678796700624,65,58,0.0
271,58,142,28.999999999999996,1.16,2.84,28.999999999999996,71.0,115.99999999999999,28.141678796700624,65,58,0.0
272,58,142,28.999999999999996,1.16,2.84,28.999999999999996,71.0,115.99999999999999,28.141678796700624,65,58,0.0
273,58,142,28.999999999999996,1.16,2.84,28.999999999999996,71.0,115.99999999999999,28.141678796700624,65,58,0.0
274,58,142,28.999999999999996,1.16,2.84,28.999999999999996,71.0,115.99999999999999,28.141678796700624,65,58,0.0
275,58,142,28.999999999999996,1.16,2.84,28.999999999999996,71.0,115.99999999999999,28.141678796700624,65,58,0.0
276,58,142,28.999999999999996,1.16,2.84,28.999999999999996,71.0,115.99999999999999,28.141678796700624,65,58,0.0
277,58,142,28.999999999999996,1.16,2.84,28.999999999999996,71.0,115.99999999999999,28.141678796700624,65,58,0.0
278,58,142,28.999999999999996,1.16,2.84,28.999999999999996,71.0,115.99999999999999,28.141678796700624,65,58,0.0
279,58,142,28.999999999999996,1.16,2.84,28.999999999999996,71.0,115.99999999999999,28.141678796700624,65,58,0.0
280,59,141,29.5,1.18,2.8200000000000003,29.499999999999996,70.5,117.99999999999999,28.626880155264434,66,59,2.0
281,59,141,29.5,1.18,2.8200000000000003,29.499999999999996,70.5,117.99999999999999,28.626880155264434,66,59,0.0
282,59,141,29.5,1.18,2.8200000000000003,29.499999999999996,70.5,117.99999999999999,28.626880155264434,66,59,0.0
283,60,140,30.0,1.2,2.8,30.0,70.0,120.0,29.11208151382824,67,60,2.000000000000014
284,60,140,30.0,1.2,2.8,30.0,70.0,120.0,29.11208151382824,67,60,0.0
285,60,140,30.0,1.2,2.8,30.0,70.0,120.0,29.11208151382824,67,60,0.0
286,60,140,30.0,1.2,2.8,30.0,70.0,120.0,29.11208151382824,67,60,0.0
287,60,140,30.0,1.2,2.8,30.0,70.0,120.0,29.11208151382824,67,60,0.0
288,60,140,30.0,1.2,2.8,30.0,70.0,120.0,29.11208151382824,67,60,0.0
289,60,140,30.0,1.2,2.8,30.0,70.0,120.0,29.11208151382824,67,60,0.0
290,60,140,30.0,1.2,2.8,30.0,70.0,120.0,29.11208151382824,67,60,0.0
291,60,140,30.0,1.2,2.8,30.0,70.0,120.0,29.11208151382824,67,60,0.0
292,60,140,30.0,1.2,2.8,30.0,70.0,120.0,29.11208151382824,67,60,0.0
293,60,140,30.0,1.2,2.8,30.0,70.0,120.0,29.11208151382824,67,60,0.0
294,60,140,30.0,1.2,2.8,30.0,70.0,120.0,29.11208151382824,67,60,0.0
295,60,140,30.0,1.2,2.8,30.0,70.0,120.0,29.11208151382824,67,60,0.0
296,60,140,30.0,1.2,2.8,30.0,70.0,120.0,29.11208151382824,67,60,0.0
297,60,140,30.0,1.2,2.8,30.0,70.0,120.0,29.11208151382824,67,60,0.0
298,60,140,30.0,1.2,2.8,30.0,70.0,120.0,29.11208151382824,67,60,0.0
299,61,139,30.5,1.22,2.7800000000000002,30.5,69.5,122.0,29.597282872392043,68,61,2.0
300,61,139,30.5,1.22,2.7800000000000002,30.5,69.5,122.0,29.597282872392043,68,61,0.0
301,61,139,30.5,1.22,2.7800000000000002,30.5,69.5,122.0,29.597282872392043,68,61,0.0
302,61,139,30.5,1.22,2.7800000000000002,30.5,69.5,122.0,29.597282872392043,68,61,0.0
303,61,139,30.5,1.22,2.7800000000000002,30.5,69.5,122.0,29.597282872392043,68,61,0.0
304,61,139,30.5,1.22,2.7800000000000002,30.5,69.5,122.0,29.597282872392043,68,61,0.0
305,61,139,30.5,1.22,2.7800000000000002,30.5,69.5,122.0,29.597282872392043,68,61,0.0
306,62,138,31.0,1.24,2.76,31.0,69.0,124.0,30.082484230955846,69,62,2.0
307,62,138,31.0,1.24,2.76,31.0,69.0,124.0,30.082484230955846,69,62,0.0
308,62,138,31.0,1.24,2.76,31.0,69.0,124.0,30.082484230955846,69,62,0.0
309,62,138,31.0,1.24,2.76,31.0,69.0,124.0,30.082484230955846,69,62,0.0
310,62,138,31.0,1.24,2.76,31.0,69.0,124.0,30.082484230955846,69,62,0.0
311,62,138,31.0,1.24,2.76,31.0,69.0,124.0,30.082484230955846,69,62,0.0
312,62,138,31.0,1.24,2.76,31.0,69.0,124.0,30.082484230955846,69,62,0.0
313,62,138,31.0,1.24,2.76,31.0,69.0,124.0,30.082484230955846,69,62,0.0
314,62,138,31.0,1.24,2.76,31.0,69.0,124.0,30.082484230955846,69,62,0.0
315,62,138,31.0,1.24,2.76,31.0,69.0,124.0,30.082484230955846,69,62,0.0
316,62,138,31.0,1.24,2.76,31.0,69.0,124.0,30.082484230955846,69,62,0.0
317,62,138,31.0,1.24,2.76,31.0,69.0,124.0,30.082484230955846,69,62,0.0
318,62,138,31.0,1.24,2.76,31.0,69.0,124.0,30.082484230955846,69,62,0.0
319,63,137,31.5,1.26,2.74,31.5,68.5,126.0,30.567685589519648,70,63,2.0
320,64,136,32.0,1.28,2.7199999999999998,32.0,67.99999999999999,128.0,31.052886948083458,71,64,2.0
321,64,136,32.0,1.28,2.7199999999999998,32.0,67.99999999999999,128.0,31.052886948083458,71,64,0.0
322,64,136,32.0,1.28,2.7199999999999998,32.0,67.99999999999999,128.0,31.052886948083458,71,64,0.0
323,64,136,32.0,1.28,2.7199999999999998,32.0,67.99999999999999,128.0,31.052886948083458,71,64,0.0
324,64,136,32.0,1.28,2.7199999999999998,32.0,67.99999999999999,128.0,31.052886948083458,71,64,0.0
325,64,136,32.0,1.28,2.7199999999999998,32.0,67.99999999999999,128.0,31.052886948083458,71,64,0.0
326,65,135,32.5,1.3,2.7,32.5,67.5,130.0,31.53808830664726,72,65,2.0
327,65,135,32.5,1.3,2.7,32.5,67.5,130.0,31.53808830664726,72,65,0.0
328,65,135,32.5,1.3,2.7,32.5,67.5,130.0,31.53808830664726,72,65,0.0
329,65,135,32.5,1.3,2.7,32.5,67.5,130.0,31.53808830664726,72,65,0.0
330,65,135,32.5,1.3,2.7,32.5,67.5,130.0,31.53808830664726,72,65,0.0
331,65,135,32.5,1.3,2.7,32.5,67.5,130.0,31.53808830664726,72,65,0.0
332,65,135,32.5,1.3,2.7,32.5,67.5,130.0,31.53808830664726,72,65,0.0
333,65,135,32.5,1.3,2.7,32.5,67.5,130.0,31.53808830664726,72,65,0.0
334,65,135,32.5,1.3,2.7,32.5,67.5,130.0,31.53808830664726,72,65,0.0
335,65,135,32.5,1.3,2.7,32.5,67.5,130.0,31.53808830664726,72,65,0.0
336,65,135,32.5,1.3,2.7,32.5,67.5,130.0,31.53808830664726,72,65,0.0
337,65,135,32.5,1.3,2.7,32.5,67.5,130.0,31.53808830664726,72,65,0.0
338,65,135,32.5,1.3,2.7,32.5,67.5,130.0,31.53808830664726,72,65,0.0
339,65,135,32.5,1.3,2.7,32.5,67.5,130.0,31.53808830664726,72,65,0.0
340,65,135,32.5,1.3,2.7,32.5,67.5,130.0,31.53808830664726,72,65,0.0
341,66,134,33.0,1.32,2.6799999999999997,33.0,66.99999999999999,132.0,32.02328966521107,73,66,2.0
342,66,134,33.0,1.32,2.6799999999999997,33.0,66.99999999999999,132.0,32.02328966521107,73,66,0.0
343,66,134,33.0,1.32,2.6799999999999997,33.0,66.99999999999999,132.0,32.02328966521107,73,66,0.0
344,66,134,33.0,1.32,2.6799999999999997,33.0,66.99999999999999,132.0,32.02328966521107,73,66,0.0
345,66,134,33.0,1.32,2.6799999999999997,33.0,66.99999999999999,132.0,32.02328966521107,73,66,0.0
346,66,134,33.0,1.32,2.6799999999999997,33.0,66.99999999999999,132.0,32.02328966521107,74,66,0.0
347,68,132,34.0,1.36,2.6399999999999997,34.0,65.99999999999999,136.0,32.99369238233867,76,68,4.0
348,68,132,34.0,1.36,2.6399999999999997,34.0,65.99999999999999,136.0,32.99369238233867,76,68,0.0
349,68,132,34.0,1.36,2.6399999999999997,34.0,65.99999999999999,136.0,32.99369238233867,76,68,0.0
350,68,132,34.0,1.36,2.6399999999999997,34.0,65.99999999999999,136.0,32.99369238233867,76,68,0.0
351,68,132,34.0,1.36,2.6399999999999997,34.0,65.99999999999999,136.0,32.99369238233867,76,68,0.0
352,68,132,34.0,1.36,2.6399999999999997,34.0,65.99999999999999,136.0,32.99369238233867,76,68,0.0
353,68,132,34.0,1.36,2.6399999999999997,34.0,65.99999999999999,136.0,32.99369238233867,76,68,0.0
354,68,132,34.0,1.36,2.6399999999999997,34.0,65.99999999999999,136.0,32.99369238233867,76,68,0.0
355,68,132,34.0,1.36,2.6399999999999997,34.0,65.99999999999999,136.0,32.99369238233867,76,68,0.0
356,68,132,34.0,1.36,2.6399999999999997,34.0,65.99999999999999,136.0,32.99369238233867,76,68,0.0
357,68,132,34.0,1.36,2.6399999999999997,34.0,65.99999999999999,136.0,32.99369238233867,76,68,0.0
358,68,132,34.0,1.36,2.6399999999999997,34.0,65.99999999999999,136.0,32.99369238233867,76,68,0.0
359,68,132,34.0,1.36,2.6399999999999997,34.0,65.99999999999999,136.0,32.99369238233867,76,68,0.0
360,69,131,34.5,1.3800000000000001,2.62,34.5,65.5,138.0,33.47889374090248,77,69,2.0
361,69,131,34.5,1.3800000000000001,2.62,34.5,65.5,138.0,33.47889374090248,77,69,0.0
362,69,131,34.5,1.3800000000000001,2.62,34.5,65.5,138.0,33.47889374090248,77,69,0.0
363,70,130,35.0,1.4000000000000001,2.5999999999999996,35.0,64.99999999999999,140.0,33.96409509946628,78,70,2.0
364,70,130,35.0,1.4000000000000001,2.5999999999999996,35.0,64.99999999999999,140.0,33.96409509946628,78,70,0.0
365,70,130,35.0,1.4000000000000001,2.5999999999999996,35.0,64.99999999999999,140.0,33.96409509946628,78,70,0.0
366,70,130,35.0,1.4000000000000001,2.5999999999999996,35.0,64.99999999999999,140.0,33.96409509946628,78,70,0.0
367,70,130,35.0,1.4000000000000001,2.5999999999999996,35.0,64.99999999999999,140.0,33.96409509946628,78,70,0.0
368,70,130,35.0,1.4000000000000001,2.5999999999999996,35.0,64.99999999999999,140.0,33.96409509946628,78,70,0.0
369,70,130,35.0,1.4000000000000001,2.5999999999999996,35.0,64.99999999999999,140.0,33.96409509946628,78,70,0.0
370,70,130,35.0,1.4000000000000001,2.5999999999999996,35.0,64.99999999999999,140.0,33.96409509946628,78,70,0.0
371,70,130,35.0,1.4000000000000001,2.5999999999999996,35.0,64.99999999999999,140.0,33.96409509946628,78,70,0.0
372,70,130,35.0,1.4000000000000001,2.5999999999999996,35.0,64.99999999999999,140.0,33.96409509946628,78,70,0.0
373,70,130,35.0,1.4000000000000001,2.5999999999999996,35.0,64.99999999999999,140.0,33.96409509946628,78,70,0.0
374,70,130,35.0,1.4000000000000001,2.5999999999999996,35.0,64.99999999999999,140.0,33.96409509946628,78,70,0.0
375,70,130,35.0,1.4000000000000001,2.5999999999999996,35.0,64.99999999999999,140.0,33.96409509946628,78,70,0.0
376,70,130,35.0,1.4000000000000001,2.5999999999999996,35.0,64.99999999999999,140.0,33.96409509946628,78,70,0.0
377,70,130,35.0,1.4000000000000001,2.5999999999999996,35.0,64.99999999999999,140.0,33.96409509946628,78,70,0.0
378,70,130,35.0,1.4000000000000001,2.5999999999999996,35.0,64.99999999999999,140.0,33.96409509946628,78,70,0.0
379,70,130,35.0,1.4000000000000001,2.5999999999999996,35.0,64.99999999999999,140.0,33.96409509946628,78,70,0.0
380,70,130,35.0,1.4000000000000001,2.5999999999999996,35.0,64.99999999999999,140.0,33.96409509946628,78,70,0.0
381,70,130,35.0,1.4000000000000001,2.5999999999999996,35.0,64.99999999999999,140.0,33.96409509946628,78,70,0.0
382,70,130,35.0,1.4000000000000001,2.5999999999999996,35.0,64.99999999999999,140.0,33.96409509946628,78,70,0.0
383,70,130,35.0,1.4000000000000001,2.5999999999999996,35.0,64.99999999999999,140.0,33.96409509946628,78,70,0.0
384,70,130,35.0,1.4000000000000001,2.5999999999999996,35.0,64.99999999999999,140.0,33.96409509946628,78,70,0.0
385,70,130,35.0,1.4000000000000001,2.5999999999999996,35.0,64.99999999999999,140.0,33.96409509946628,78,70,0.0
386,70,130,35.0,1.4000000000000001,2.5999999999999996,35.0,64.99999999999999,140.0,33.96409509946628,78,70,0.0
387,70,130,35.0,1.4000000000000001,2.5999999999999996,35.0,64.99999999999999,140.0,33.96409509946628,78,70,0.0
388,70,130,35.0,1.4000000000000001,2.5999999999999996,35.0,64.99999999999999,140.0,33.96409509946628,78,70,0.0
389,70,130,35.0,1.4000000000000001,2.5999999999999996,35.0,64.99999999999999,140.0,33.96409509946628,78,70,0.0
390,70,130,35.0,1.4000000000000001,2.5999999999999996,35.0,64.99999999999999,140.0,33.96409509946628,78,70,0.0
391,70,130,35.0,1.4000000000000001,2.5999999999999996,35.0,64.99999999999999,140.0,33.96409509946628,78,70,0.0
392,70,130,35.0,1.4000000000000001,2.5999999999999996,35.0,64.99999999999999,140.0,33.96409509946628,78,70,0.0
393,70,130,35.0,1.4000000000000001,2.5999999999999996,35.0,64.99999999999999,140.0,33.96409509946628,78,70,0.0
394,70,130,35.0,1.4000000000000001,2.5999999999999996,35.0,64.99999999999999,140.0,33.96409509946628,78,70,0.0
395,70,130,35.0,1.4000000000000001,2.5999999999999996,35.0,64.99999999999999,140.0,33.96409509946628,78,70,0.0
396,70,130,35.0,1.4000000000000001,2.5999999999999996,35.0,64.99999999999999,140.0,33.96409509946628,78,70,0.0
397,70,130,35.0,1.4000000000000001,2.5999999999999996,35.0,64.99999999999999,140.0,33.96409509946628,78,70,0.0
398,70,130,35.0,1.4000000000000001,2.5999999999999996,35.0,64.99999999999999,140.0,33.96409509946628,78,70,0.0
399,70,130,35.0,1.4000000000000001,2.5999999999999996,35.0,64.99999999999999,140.0,33.96409509946628,78,70,0.0
400,70,130,35.0,1.4000000000000001,2.5999999999999996,35.0,64.99999999999999,140.0,33.96409509946628,78,70,0.0
401,70,130,35.0,1.4000000000000001,2.5999999999999996,35.0,64.99999999999999,140.0,33.96409509946628,78,70,0.0
402,70,130,35.0,1.4000000000000001,2.5999999999999996,35.0,64.99999999999999,140.0,33.96409509946628,78,70,0.0
403,70,130,35.0,1.4000000000000001,2.5999999999999996,35.0,64.99999999999999,140.0,33.96409509946628,78,70,0.0
404,71,129,35.5,1.42,2.58,35.5,64.5,142.0,34.449296458030084,79,71,2.0
405,71,129,35.5,1.42,2.58,35.5,64.5,142.0,34.449296458030084,79,71,0.0
406,71,129,35.5,1.42,2.58,35.5,64.5,142.0,34.449296458030084,79,71,0.0
407,71,129,35.5,1.42,2.58,35.5,64.5,142.0,34.449296458030084,79,71,0.0
408,71,129,35.5,1.42,2.58,35.5,64.5,142.0,34.449296458030084,79,71,0.0
409,71,129,35.5,1.42,2.58,35.5,64.5,142.0,34.449296458030084,79,71,0.0
410,71,129,35.5,1.42,2.58,35.5,64.5,142.0,34.449296458030084,79,71,0.0
411,71,129,35.5,1.42,2.58,35.5,64.5,142.0,34.449296458030084,79,71,0.0
412,71,129,35.5,1.42,2.58,35.5,64.5,142.0,34.449296458030084,79,71,0.0
413,71,129,35.5,1.42,2.58,35.5,64.5,142.0,34.449296458030084,79,71,0.0
414,71,129,35.5,1.42,2.58,35.5,64.5,142.0,34.449296458030084,80,71,0.0
415,71,129,35.5,1.42,2.58,35.5,64.5,142.0,34.449296458030084,80,71,0.0
416,72,128,36.0,1.44,2.56,36.0,64.0,144.0,34.93449781659389,81,72,2.0
417,72,128,36.0,1.44,2.56,36.0,64.0,144.0,34.93449781659389,81,72,0.0
418,72,128,36.0,1.44,2.56,36.0,64.0,144.0,34.93449781659389,81,72,0.0
419,72,128,36.0,1.44,2.56,36.0,64.0,144.0,34.93449781659389,81,72,0.0
420,72,128,36.0,1.44,2.56,36.0,64.0,144.0,34.93449781659389,81,72,0.0
421,72,128,36.0,1.44,2.56,36.0,64.0,144.0,34.93449781659389,81,72,0.0
422,73,127,36.5,1.46,2.54,36.5,63.5,146.0,35.419699175157696,82,73,2.0
423,73,127,36.5,1.46,2.54,36.5,63.5,146.0,35.419699175157696,82,73,0.0
424,73,127,36.5,1.46,2.54,36.5,63.5,146.0,35.419699175157696,82,73,0.0
425,73,127,36.5,1.46,2.54,36.5,63.5,146.0,35.419699175157696,82,73,0.0
426,73,127,36.5,1.46,2.54,36.5,63.5,146.0,35.419699175157696,82,73,0.0
427,73,127,36.5,1.46,2.54,36.5,63.5,146.0,35.419699175157696,82,73,0.0
428,73,127,36.5,1.46,2.54,36.5,63.5,146.0,35.419699175157696,82,73,0.0
429,73,127,36.5,1.46,2.54,36.5,63.5,146.0,35.419699175157696,82,73,0.0
430,73,127,36.5,1.46,2.54,36.5,63.5,146.0,35.419699175157696,82,73,0.0
431,74,126,37.0,1.48,2.52,37.0,63.0,148.0,35.904900533721495,83,74,2.0
432,75,125,37.5,1.5,2.5,37.5,62.5,150.0,36.3901018922853,84,75,2.0
433,75,125,37.5,1.5,2.5,37.5,62.5,150.0,36.3901018922853,84,75,0.0
434,75,125,37.5,1.5,2.5,37.5,62.5,150.0,36.3901018922853,84,75,0.0
435,75,125,37.5,1.5,2.5,37.5,62.5,150.0,36.3901018922853,84,75,0.0
436,75,125,37.5,1.5,2.5,37.5,62.5,150.0,36.3901018922853,84,75,0.0
437,75,125,37.5,1.5,2.5,37.5,62.5,150.0,36.3901018922853,84,75,0.0
438,75,125,37.5,1.5,2.5,37.5,62.5,150.0,36.3901018922853,84,75,0.0
439,75,125,37.5,1.5,2.5,37.5,62.5,150.0,36.3901018922853,84,75,0.0
440,75,125,37.5,1.5,2.5,37.5,62.5,150.0,36.3901018922853,84,75,0.0
441,75,125,37.5,1.5,2.5,37.5,62.5,150.0,36.3901018922853,84,75,0.0
442,75,125,37.5,1.5,2.5,37.5,62.5,150.0,36.3901018922853,84,75,0.0
443,75,125,37.5,1.5,2.5,37.5,62.5,150.0,36.3901018922853,84,75,0.0
444,75,125,37.5,1.5,2.5,37.5,62.5,150.0,36.3901018922853,84,75,0.0
445,75,125,37.5,1.5,2.5,37.5,62.5,150.0,36.3901018922853,84,75,0.0
446,75,125,37.5,1.5,2.5,37.5,62.5,150.0,36.3901018922853,84,75,0.0
447,75,125,37.5,1.5,2.5,37.5,62.5,150.0,36.3901018922853,84,75,0.0
448,75,125,37.5,1.5,2.5,37.5,62.5,150.0,36.3901018922853,84,75,0.0
449,75,125,37.5,1.5,2.5,37.5,62.5,150.0,36.3901018922853,84,75,0.0
450,75,125,37.5,1.5,2.5,37.5,62.5,150.0,36.3901018922853,84,75,0.0
451,75,125,37.5,1.5,2.5,37.5,62.5,150.0,36.3901018922853,84,75,0.0
452,76,124,38.0,1.52,2.48,38.0,62.0,152.0,36.8753032508491,85,76,2.0
453,76,124,38.0,1.52,2.48,38.0,62.0,152.0,36.8753032508491,85,76,0.0
454,76,124,38.0,1.52,2.48,38.0,62.0,152.0,36.8753032508491,85,76,0.0
455,76,124,38.0,1.52,2.48,38.0,62.0,152.0,36.8753032508491,85,76,0.0
456,76,124,38.0,1.52,2.48,38.0,62.0,152.0,36.8753032508491,85,76,0.0
457,76,124,38.0,1.52,2.48,38.0,62.0,152.0,36.8753032508491,85,76,0.0
458,76,124,38.0,1.52,2.48,38.0,62.0,152.0,36.8753032508491,85,76,0.0
459,76,124,38.0,1.52,2.48,38.0,62.0,152.0,36.8753032508491,85,76,0.0
460,76,124,38.0,1.52,2.48,38.0,62.0,152.0,36.8753032508491,85,76,0.0
461,76,124,38.0,1.52,2.48,38.0,62.0,152.0,36.8753032508491,85,76,0.0
462,76,124,38.0,1.52,2.48,38.0,62.0,152.0,36.8753032508491,85,76,0.0
463,76,124,38.0,1.52,2.48,38.0,62.0,152.0,36.8753032508491,85,76,0.0
464,76,124,38.0,1.52,2.48,38.0,62.0,152.0,36.8753032508491,85,76,0.0
465,76,124,38.0,1.52,2.48,38.0,62.0,152.0,36.8753032508491,85,76,0.0
466,76,124,38.0,1.52,2.48,38.0,62.0,152.0,36.8753032508491,85,76,0.0
467,76,124,38.0,1.52,2.48,38.0,62.0,152.0,36.8753032508491,85,76,0.0
468,76,124,38.0,1.52,2.48,38.0,62.0,152.0,36.8753032508491,85,76,0.0
469,76,124,38.0,1.52,2.48,38.0,62.0,152.0,36.8753032508491,85,76,0.0
470,76,124,38.0,1.52,2.48,38.0,62.0,152.0,36.8753032508491,85,76,0.0
471,76,124,38.0,1.52,2.48,38.0,62.0,152.0,36.8753032508491,85,76,0.0
472,76,124,38.0,1.52,2.48,38.0,62.0,152.0,36.8753032508491,85,76,0.0
473,76,124,38.0,1.52,2.48,38.0,62.0,152.0,36.8753032508491,85,76,0.0
474,77,123,38.5,1.54,2.46,38.5,61.5,154.0,37.36050460941291,86,77,2.0
475,77,123,38.5,1.54,2.46,38.5,61.5,154.0,37.36050460941291,86,77,0.0
476,77,123,38.5,1.54,2.46,38.5,61.5,154.0,37.36050460941291,86,77,0.0
477,77,123,38.5,1.54,2.46,38.5,61.5,154.0,37.36050460941291,86,77,0.0
478,77,123,38.5,1.54,2.46,38.5,61.5,154.0,37.36050460941291,86,77,0.0
479,77,123,38.5,1.54,2.46,38.5,61.5,154.0,37.36050460941291,86,77,0.0
480,77,123,38.5,1.54,2.46,38.5,61.5,154.0,37.36050460941291,86,77,0.0
481,77,123,38.5,1.54,2.46,38.5,61.5,154.0,37.36050460941291,86,77,0.0
482,77,123,38.5,1.54,2.46,38.5,61.5,154.0,37.36050460941291,86,77,0.0
483,77,123,38.5,1.54,2.46,38.5,61.5,154.0,37.36050460941291,86,77,0.0
484,77,123,38.5,1.54,2.46,38.5,61.5,154.0,37.36050460941291,86,77,0.0
485,77,123,38.5,1.54,2.46,38.5,61.5,154.0,37.36050460941291,86,77,0.0
486,77,123,38.5,1.54,2.46,38.5,61.5,154.0,37.36050460941291,86,77,0.0
487,77,123,38.5,1.54,2.46,38.5,61.5,154.0,37.36050460941291,86,77,0.0
488,77,123,38.5,1.54,2.46,38.5,61.5,154.0,37.36050460941291,86,77,0.0
489,77,123,38.5,1.54,2.46,38.5,61.5,154.0,37.36050460941291,87,77,0.0
490,77,123,38.5,1.54,2.46,38.5,61.5,154.0,37.36050460941291,88,77,0.0
491,77,123,38.5,1.54,2.46,38.5,61.5,154.0,37.36050460941291,89,77,0.0
492,77,123,38.5,1.54,2.46,38.5,61.5,154.0,37.36050460941291,89,77,0.0
493,77,123,38.5,1.54,2.46,38.5,61.5,154.0,37.36050460941291,90,77,0.0
494,77,123,38.5,1.54,2.46,38.5,61.5,154.0,37.36050460941291,90,77,0.0
495,77,123,38.5,1.54,2.46,38.5,61.5,154.0,37.36050460941291,90,77,0.0
496,77,123,38.5,1.54,2.46,38.5,61.5,154.0,37.36050460941291,90,77,0.0
497,78,122,39.0,1.56,2.44,39.0,61.0,156.0,37.84570596797671,91,78,2.0
498,78,122,39.0,1.56,2.44,39.0,61.0,156.0,37.84570596797671,91,78,0.0
499,78,122,39.0,1.56,2.44,39.0,61.0,156.0,37.84570596797671,91,78,0.0
500,78,122,39.0,1.56,2.44,39.0,61.0,156.0,37.84570596797671,91,78,0.0
501,78,122,39.0,1.56,2.44,39.0,61.0,156.0,37.84570596797671,91,78,0.0
502,78,122,39.0,1.56,2.44,39.0,61.0,156.0,37.84570596797671,91,78,0.0
503,78,122,39.0,1.56,2.44,39.0,61.0,156.0,37.84570596797671,91,78,0.0
504,78,122,39.0,1.56,2.44,39.0,61.0,156.0,37.84570596797671,91,78,0.0
505,78,122,39.0,1.56,2.44,39.0,61.0,156.0,37.84570596797671,91,78,0.0
506,78,122,39.0,1.56,2.44,39.0,61.0,156.0,37.84570596797671,91,78,0.0
507,78,122,39.0,1.56,2.44,39.0,61.0,156.0,37.84570596797671,91,78,0.0
508,78,122,39.0,1.56,2.44,39.0,61.0,156.0,37.84570596797671,91,78,0.0
509,78,122,39.0,1.56,2.44,39.0,61.0,156.0,37.84570596797671,91,78,0.0
510,78,122,39.0,1.56,2.44,39.0,61.0,156.0,37.84570596797671,91,78,0.0
511,78,122,39.0,1.56,2.44,39.0,61.0,156.0,37.84570596797671,91,78,0.0
512,78,122,39.0,1.56,2.44,39.0,61.0,156.0,37.84570596797671,91,78,0.0
513,78,122,39.0,1.56,2.44,39.0,61.0,156.0,37.84570596797671,91,78,0.0
514,78,122,39.0,1.56,2.44,39.0,61.0,156.0,37.84570596797671,91,78,0.0
515,78,122,39.0,1.56,2.44,39.0,61.0,156.0,37.84570596797671,91,78,0.0
516,78,122,39.0,1.56,2.44,39.0,61.0,156.0,37.84570596797671,91,78,0.0
517,78,122,39.0,1.56,2.44,39.0,61.0,156.0,37.84570596797671,91,78,0.0
518,78,122,39.0,1.56,2.44,39.0,61.0,156.0,37.84570596797671,91,78,0.0
519,78,122,39.0,1.56,2.44,39.0,61.0,156.0,37.84570596797671,91,78,0.0
520,78,122,39.0,1.56,2.44,39.0,61.0,156.0,37.84570596797671,91,78,0.0
521,78,122,39.0,1.56,2.44,39.0,61.0,156.0,37.84570596797671,91,78,0.0
522,78,122,39.0,1.56,2.44,39.0,61.0,156.0,37.84570596797671,91,78,0.0
523,78,122,39.0,1.56,2.44,39.0,61.0,156.0,37.84570596797671,91,78,0.0
524,78,122,39.0,1.56,2.44,39.0,61.0,156.0,37.84570596797671,92,78,0.0
525,78,122,39.0,1.56,2.44,39.0,61.0,156.0,37.84570596797671,93,78,0.0
526,78,122,39.0,1.56,2.44,39.0,61.0,156.0,37.84570596797671,93,78,0.0
527,78,122,39.0,1.56,2.44,39.0,61.0,156.0,37.84570596797671,93,78,0.0
528,78,122,39.0,1.56,2.44,39.0,61.0,156.0,37.84570596797671,93,78,0.0
529,78,122,39.0,1.56,2.44,39.0,61.0,156.0,37.84570596797671,93,78,0.0
530,78,122,39.0,1.56,2.44,39.0,61.0,156.0,37.84570596797671,93,78,0.0
531,78,122,39.0,1.56,2.44,39.0,61.0,156.0,37.84570596797671,93,78,0.0
532,78,122,39.0,1.56,2.44,39.0,61.0,156.0,37.84570596797671,93,78,0.0
533,78,122,39.0,1.56,2.44,39.0,61.0,156.0,37.84570596797671,93,78,0.0
534,78,122,39.0,1.56,2.44,39.0,61.0,156.0,37.84570596797671,93,78,0.0
535,78,122,39.0,1.56,2.44,39.0,61.0,156.0,37.84570596797671,93,78,0.0
536,78,122,39.0,1.56,2.44,39.0,61.0,156.0,37.84570596797671,93,78,0.0
537,78,122,39.0,1.56,2.44,39.0,61.0,156.0,37.84570596797671,93,78,0.0
538,78,122,39.0,1.56,2.44,39.0,61.0,156.0,37.84570596797671,93,78,0.0
539,78,122,39.0,1.56,2.44,39.0,61.0,156.0,37.84570596797671,93,78,0.0
540,78,122,39.0,1.56,2.44,39.0,61.0,156.0,37.84570596797671,93,78,0.0
541,79,121,39.5,1.58,2.42,39.5,60.5,158.0,38.33090732654051,94,79,2.0
542,79,121,39.5,1.58,2.42,39.5,60.5,158.0,38.33090732654051,94,79,0.0
543,79,121,39.5,1.58,2.42,39.5,60.5,158.0,38.33090732654051,94,79,0.0
544,79,121,39.5,1.58,2.42,39.5,60.5,158.0,38.33090732654051,94,79,0.0
545,79,121,39.5,1.58,2.42,39.5,60.5,158.0,38.33090732654051,94,79,0.0
546,79,121,39.5,1.58,2.42,39.5,60.5,158.0,38.33090732654051,94,79,0.0
547,79,121,39.5,1.58,2.42,39.5,60.5,158.0,38.33090732654051,94,79,0.0
548,79,121,39.5,1.58,2.42,39.5,60.5,158.0,38.33090732654051,94,79,0.0
549,79,121,39.5,1.58,2.42,39.5,60.5,158.0,38.33090732654051,94,79,0.0
550,79,121,39.5,1.58,2.42,39.5,60.5,158.0,38.33090732654051,94,79,0.0
551,79,121,39.5,1.58,2.42,39.5,60.5,158.0,38.33090732654051,94,79,0.0
552,79,121,39.5,1.58,2.42,39.5,60.5,158.0,38.33090732654051,94,79,0.0
553,79,121,39.5,1.58,2.42,39.5,60.5,158.0,38.33090732654051,94,79,0.0
554,79,121,39.5,1.58,2.42,39.5,60.5,158.0,38.33090732654051,94,79,0.0
555,79,121,39.5,1.58,2.42,39.5,60.5,158.0,38.33090732654051,94,79,0.0
556,79,121,39.5,1.58,2.42,39.5,60.5,158.0,38.33090732654051,94,79,0.0
557,79,121,39.5,1.58,2.42,39.5,60.5,158.0,38.33090732654051,94,79,0.0
558,79,121,39.5,1.58,2.42,39.5,60.5,158.0,38.33090732654051,94,79,0.0
559,80,120,40.0,1.6,2.4,40.0,60.0,160.0,38.81610868510432,95,80,2.0
560,81,119,40.5,1.62,2.38,40.5,59.49999999999999,162.0,39.301310043668124,96,81,2.0
561,81,119,40.5,1.62,2.38,40.5,59.49999999999999,162.0,39.301310043668124,96,81,0.0
562,81,119,40.5,1.62,2.38,40.5,59.49999999999999,162.0,39.301310043668124,96,81,0.0
563,81,119,40.5,1.62,2.38,40.5,59.49999999999999,162.0,39.301310043668124,96,81,0.0
564,81,119,40.5,1.62,2.38,40.5,59.49999999999999,162.0,39.301310043668124,96,81,0.0
565,81,119,40.5,1.62,2.38,40.5,59.49999999999999,162.0,39.301310043668124,96,81,0.0
566,81,119,40.5,1.62,2.38,40.5,59.49999999999999,162.0,39.301310043668124,96,81,0.0
567,81,119,40.5,1.62,2.38,40.5,59.49999999999999,162.0,39.301310043668124,96,81,0.0
568,82,118,41.0,1.6400000000000001,2.36,41.0,58.99999999999999,164.0,39.78651140223193,97,82,2.0
569,82,118,41.0,1.6400000000000001,2.36,41.0,58.99999999999999,164.0,39.78651140223193,97,82,0.0
570,82,118,41.0,1.6400000000000001,2.36,41.0,58.99999999999999,164.0,39.78651140223193,97,82,0.0
571,82,118,41.0,1.6400000000000001,2.36,41.0,58.99999999999999,164.0,39.78651140223193,97,82,0.0
572,82,118,41.0,1.6400000000000001,2.36,41.0,58.99999999999999,164.0,39.78651140223193,97,82,0.0
573,82,118,41.0,1.6400000000000001,2.36,41.0,58.99999999999999,164.0,39.78651140223193,97,82,0.0
574,83,117,41.5,1.6600000000000001,2.34,41.5,58.49999999999999,166.0,40.27171276079573,98,83,2.0
575,83,117,41.5,1.6600000000000001,2.34,41.5,58.49999999999999,166.0,40.27171276079573,98,83,0.0
576,83,117,41.5,1.6600000000000001,2.34,41.5,58.49999999999999,166.0,40.27171276079573,98,83,0.0
577,83,117,41.5,1.6600000000000001,2.34,41.5,58.49999999999999,166.0,40.27171276079573,98,83,0.0
578,83,117,41.5,1.6600000000000001,2.34,41.5,58.49999999999999,166.0,40.27171276079573,98,83,0.0
579,83,117,41.5,1.6600000000000001,2.34,41.5,58.49999999999999,166.0,40.27171276079573,98,83,0.0
580,83,117,41.5,1.6600000000000001,2.34,41.5,58.49999999999999,166.0,40.27171276079573,98,83,0.0
581,83,117,41.5,1.6600000000000001,2.34,41.5,58.49999999999999,166.0,40.27171276079573,98,83,0.0
582,84,116,42.0,1.68,2.3200000000000003,42.0,58.00000000000001,168.0,40.756914119359536,99,84,2.0
583,84,116,42.0,1.68,2.3200000000000003,42.0,58.00000000000001,168.0,40.756914119359536,99,84,0.0
584,84,116,42.0,1.68,2.3200000000000003,42.0,58.00000000000001,168.0,40.756914119359536,100,84,0.0
585,84,116,42.0,1.68,2.3200000000000003,42.0,58.00000000000001,168.0,40.756914119359536,100,84,0.0
586,84,116,42.0,1.68,2.3200000000000003,42.0,58.00000000000001,168.0,40.756914119359536,100,84,0.0
587,84,116,42.0,1.68,2.3200000000000003,42.0,58.00000000000001,168.0,40.756914119359536,100,84,0.0
588,84,116,42.0,1.68,2.3200000000000003,42.0,58.00000000000001,168.0,40.756914119359536,100,84,0.0
589,84,116,42.0,1.68,2.3200000000000003,42.0,58.00000000000001,168.0,40.756914119359536,100,84,0.0
590,84,116,42.0,1.68,2.3200000000000003,42.0,58.00000000000001,168.0,40.756914119359536,100,84,0.0
591,84,116,42.0,1.68,2.3200000000000003,42.0,58.00000000000001,168.0,40.756914119359536,100,84,0.0
592,84,116,42.0,1.68,2.3200000000000003,42.0,58.00000000000001,168.0,40.756914119359536,100,84,0.0
593,84,116,42.0,1.68,2.3200000000000003,42.0,58.00000000000001,168.0,40.756914119359536,100,84,0.0
594,85,115,42.5,1.7,2.3,42.5,57.49999999999999,170.0,41.24211547792334,101,85,2.0
595,85,115,42.5,1.7,2.3,42.5,57.49999999999999,170.0,41.24211547792334,101,85,0.0
596,85,115,42.5,1.7,2.3,42.5,57.49999999999999,170.0,41.24211547792334,101,85,0.0
597,86,114,43.0,1.72,2.2800000000000002,43.0,57.00000000000001,172.0,41.72731683648714,102,86,2.0
598,86,114,43.0,1.72,2.2800000000000002,43.0,57.00000000000001,172.0,41.72731683648714,102,86,0.0
599,86,114,43.0,1.72,2.2800000000000002,43.0,57.00000000000001,172.0,41.72731683648714,102,86,0.0
600,86,114,43.0,1.72,2.2800000000000002,43.0,57.00000000000001,172.0,41.72731683648714,102,86,0.0
601,86,114,43.0,1.72,2.2800000000000002,43.0,57.00000000000001,172.0,41.72731683648714,102,86,0.0
602,86,114,43.0,1.72,2.2800000000000002,43.0,57.00000000000001,172.0,41.72731683648714,102,86,0.0
603,86,114,43.0,1.72,2.2800000000000002,43.0,57.00000000000001,172.0,41.72731683648714,103,86,0.0
604,86,114,43.0,1.72,2.2800000000000002,43.0,57.00000000000001,172.0,41.72731683648714,103,86,0.0
605,86,114,43.0,1.72,2.2800000000000002,43.0,57.00000000000001,172.0,41.72731683648714,104,86,0.0
606,86,114,43.0,1.72,2.2800000000000002,43.0,57.00000000000001,172.0,41.72731683648714,105,86,0.0
607,86,114,43.0,1.72,2.2800000000000002,43.0,57.00000000000001,172.0,41.72731683648714,105,86,0.0
608,86,114,43.0,1.72,2.2800000000000002,43.0,57.00000000000001,172.0,41.72731683648714,105,86,0.0
609,86,114,43.0,1.72,2.2800000000000002,43.0,57.00000000000001,172.0,41.72731683648714,105,86,0.0
610,86,114,43.0,1.72,2.2800000000000002,43.0,57.00000000000001,172.0,41.72731683648714,105,86,0.0
611,86,114,43.0,1.72,2.2800000000000002,43.0,57.00000000000001,172.0,41.72731683648714,105,86,0.0
612,86,114,43.0,1.72,2.2800000000000002,43.0,57.00000000000001,172.0,41.72731683648714,105,86,0.0
613,86,114,43.0,1.72,2.2800000000000002,43.0,57.00000000000001,172.0,41.72731683648714,105,86,0.0
614,86,114,43.0,1.72,2.2800000000000002,43.0,57.00000000000001,172.0,41.72731683648714,105,86,0.0
615,86,114,43.0,1.72,2.2800000000000002,43.0,57.00000000000001,172.0,41.72731683648714,105,86,0.0
616,86,114,43.0,1.72,2.2800000000000002,43.0,57.00000000000001,172.0,41.72731683648714,105,86,0.0
617,86,114,43.0,1.72,2.2800000000000002,43.0,57.00000000000001,172.0,41.72731683648714,105,86,0.0
618,86,114,43.0,1.72,2.2800000000000002,43.0,57.00000000000001,172.0,41.72731683648714,105,86,0.0
619,86,114,43.0,1.72,2.2800000000000002,43.0,57.00000000000001,172.0,41.72731683648714,105,86,0.0
620,86,114,43.0,1.72,2.2800000000000002,43.0,57.00000000000001,172.0,41.72731683648714,105,86,0.0
621,86,114,43.0,1.72,2.2800000000000002,43.0,57.00000000000001,172.0,41.72731683648714,105,86,0.0
622,86,114,43.0,1.72,2.2800000000000002,43.0,57.00000000000001,172.0,41.72731683648714,105,86,0.0
623,87,113,43.5,1.74,2.26,43.5,56.49999999999999,174.0,42.21251819505095,106,87,2.0
624,87,113,43.5,1.74,2.26,43.5,56.49999999999999,174.0,42.21251819505095,106,87,0.0
625,87,113,43.5,1.74,2.26,43.5,56.49999999999999,174.0,42.21251819505095,106,87,0.0
626,87,113,43.5,1.74,2.26,43.5,56.49999999999999,174.0,42.21251819505095,106,87,0.0
627,87,113,43.5,1.74,2.26,43.5,56.49999999999999,174.0,42.21251819505095,106,87,0.0
628,87,113,43.5,1.74,2.26,43.5,56.49999999999999,174.0,42.21251819505095,106,87,0.0
629,87,113,43.5,1.74,2.26,43.5,56.49999999999999,174.0,42.21251819505095,106,87,0.0
630,87,113,43.5,1.74,2.26,43.5,56.49999999999999,174.0,42.21251819505095,106,87,0.0
631,87,113,43.5,1.74,2.26,43.5,56.49999999999999,174.0,42.21251819505095,106,87,0.0
632,87,113,43.5,1.74,2.26,43.5,56.49999999999999,174.0,42.21251819505095,106,87,0.0
633,87,113,43.5,1.74,2.26,43.5,56.49999999999999,174.0,42.21251819505095,106,87,0.0
634,87,113,43.5,1.74,2.26,43.5,56.49999999999999,174.0,42.21251819505095,106,87,0.0
635,87,113,43.5,1.74,2.26,43.5,56.49999999999999,174.0,42.21251819505095,106,87,0.0
636,87,113,43.5,1.74,2.26,43.5,56.49999999999999,174.0,42.21251819505095,106,87,0.0
637,87,113,43.5,1.74,2.26,43.5,56.49999999999999,174.0,42.21251819505095,106,87,0.0
638,88,112,44.0,1.76,2.24,44.0,56.00000000000001,176.0,42.697719553614746,107,88,2.0
639,88,112,44.0,1.76,2.24,44.0,56.00000000000001,176.0,42.697719553614746,107,88,0.0
640,88,112,44.0,1.76,2.24,44.0,56.00000000000001,176.0,42.697719553614746,107,88,0.0
641,88,112,44.0,1.76,2.24,44.0,56.00000000000001,176.0,42.697719553614746,107,88,0.0
642,88,112,44.0,1.76,2.24,44.0,56.00000000000001,176.0,42.697719553614746,107,88,0.0
643,88,112,44.0,1.76,2.24,44.0,56.00000000000001,176.0,42.697719553614746,107,88,0.0
644,88,112,44.0,1.76,2.24,44.0,56.00000000000001,176.0,42.697719553614746,107,88,0.0
645,88,112,44.0,1.76,2.24,44.0,56.00000000000001,176.0,42.697719553614746,107,88,0.0
646,88,112,44.0,1.76,2.24,44.0,56.00000000000001,176.0,42.697719553614746,107,88,0.0
647,88,112,44.0,1.76,2.24,44.0,56.00000000000001,176.0,42.697719553614746,107,88,0.0
648,88,112,44.0,1.76,2.24,44.0,56.00000000000001,176.0,42.697719553614746,108,88,0.0
649,88,112,44.0,1.76,2.24,44.0,56.00000000000001,176.0,42.697719553614746,109,88,0.0
650,88,112,44.0,1.76,2.24,44.0,56.00000000000001,176.0,42.697719553614746,109,88,0.0
651,88,112,44.0,1.76,2.24,44.0,56.00000000000001,176.0,42.697719553614746,109,88,0.0
652,88,112,44.0,1.76,2.24,44.0,56.00000000000001,176.0,42.697719553614746,109,88,0.0
653,88,112,44.0,1.76,2.24,44.0,56.00000000000001,176.0,42.697719553614746,109,88,0.0
654,88,112,44.0,1.76,2.24,44.0,56.00000000000001,176.0,42.697719553614746,109,88,0.0
655,88,112,44.0,1.76,2.24,44.0,56.00000000000001,176.0,42.697719553614746,109,88,0.0
656,88,112,44.0,1.76,2.24,44.0,56.00000000000001,176.0,42.697719553614746,109,88,0.0
657,88,112,44.0,1.76,2.24,44.0,56.00000000000001,176.0,42.697719553614746,109,88,0.0
658,88,112,44.0,1.76,2.24,44.0,56.00000000000001,176.0,42.697719553614746,109,88,0.0
659,88,112,44.0,1.76,2.24,44.0,56.00000000000001,176.0,42.697719553614746,109,88,0.0
660,89,111,44.5,1.78,2.2199999999999998,44.5,55.49999999999999,178.0,43.18292091217856,110,89,2.0
661,89,111,44.5,1.78,2.2199999999999998,44.5,55.49999999999999,178.0,43.18292091217856,110,89,0.0
662,89,111,44.5,1.78,2.2199999999999998,44.5,55.49999999999999,178.0,43.18292091217856,110,89,0.0
663,89,111,44.5,1.78,2.2199999999999998,44.5,55.49999999999999,178.0,43.18292091217856,110,89,0.0
664,89,111,44.5,1.78,2.2199999999999998,44.5,55.49999999999999,178.0,43.18292091217856,110,89,0.0
665,89,111,44.5,1.78,2.2199999999999998,44.5,55.49999999999999,178.0,43.18292091217856,110,89,0.0
666,89,111,44.5,1.78,2.2199999999999998,44.5,55.49999999999999,178.0,43.18292091217856,110,89,0.0
667,89,111,44.5,1.78,2.2199999999999998,44.5,55.49999999999999,178.0,43.18292091217856,110,89,0.0
668,89,111,44.5,1.78,2.2199999999999998,44.5,55.49999999999999,178.0,43.18292091217856,110,89,0.0
669,89,111,44.5,1.78,2.2199999999999998,44.5,55.49999999999999,178.0,43.18292091217856,110,89,0.0
670,89,111,44.5,1.78,2.2199999999999998,44.5,55.49999999999999,178.0,43.18292091217856,110,89,0.0
671,89,111,44.5,1.78,2.2199999999999998,44.5,55.49999999999999,178.0,43.18292091217856,110,89,0.0
672,89,111,44.5,1.78,2.2199999999999998,44.5,55.49999999999999,178.0,43.18292091217856,110,89,0.0
673,89,111,44.5,1.78,2.2199999999999998,44.5,55.49999999999999,178.0,43.18292091217856,110,89,0.0
674,89,111,44.5,1.78,2.2199999999999998,44.5,55.49999999999999,178.0,43.18292091217856,110,89,0.0
675,89,111,44.5,1.78,2.2199999999999998,44.5,55.49999999999999,178.0,43.18292091217856,110,89,0.0
676,89,111,44.5,1.78,2.2199999999999998,44.5,55.49999999999999,178.0,43.18292091217856,110,89,0.0
677,90,110,45.0,1.8,2.2,45.0,55.0,180.0,43.66812227074236,111,90,2.0
678,90,110,45.0,1.8,2.2,45.0,55.0,180.0,43.66812227074236,111,90,0.0
679,90,110,45.0,1.8,2.2,45.0,55.0,180.0,43.66812227074236,111,90,0.0
680,90,110,45.0,1.8,2.2,45.0,55.0,180.0,43.66812227074236,111,90,0.0
681,90,110,45.0,1.8,2.2,45.0,55.0,180.0,43.66812227074236,111,90,0.0
682,90,110,45.0,1.8,2.2,45.0,55.0,180.0,43.66812227074236,111,90,0.0
683,90,110,45.0,1.8,2.2,45.0,55.0,180.0,43.66812227074236,111,90,0.0
684,90,110,45.0,1.8,2.2,45.0,55.0,180.0,43.66812227074236,111,90,0.0
685,90,110,45.0,1.8,2.2,45.0,55.0,180.0,43.66812227074236,111,90,0.0
686,90,110,45.0,1.8,2.2,45.0,55.0,180.0,43.66812227074236,111,90,0.0
687,90,110,45.0,1.8,2.2,45.0,55.0,180.0,43.66812227074236,111,90,0.0
688,90,110,45.0,1.8,2.2,45.0,55.0,180.0,43.66812227074236,111,90,0.0
689,90,110,45.0,1.8,2.2,45.0,55.0,180.0,43.66812227074236,111,90,0.0
690,90,110,45.0,1.8,2.2,45.0,55.0,180.0,43.66812227074236,111,90,0.0
691,90,110,45.0,1.8,2.2,45.0,55.0,180.0,43.66812227074236,111,90,0.0
692,90,110,45.0,1.8,2.2,45.0,55.0,180.0,43.66812227074236,111,90,0.0
693,90,110,45.0,1.8,2.2,45.0,55.0,180.0,43.66812227074236,111,90,0.0
694,90,110,45.0,1.8,2.2,45.0,55.0,180.0,43.66812227074236,111,90,0.0
695,90,110,45.0,1.8,2.2,45.0,55.0,180.0,43.66812227074236,111,90,0.0
696,90,110,45.0,1.8,2.2,45.0,55.0,180.0,43.66812227074236,111,90,0.0
697,90,110,45.0,1.8,2.2,45.0,55.0,180.0,43.66812227074236,111,90,0.0
698,91,109,45.5,1.82,2.1799999999999997,45.5,54.49999999999999,182.0,44.153323629306165,113,91,2.0
699,92,108,46.0,1.84,2.16,46.0,54.0,184.0,44.638524987869964,115,92,2.0
700,92,108,46.0,1.84,2.16,46.0,54.0,184.0,44.638524987869964,116,92,0.0
701,92,108,46.0,1.84,2.16,46.0,54.0,184.0,44.638524987869964,116,92,0.0
702,92,108,46.0,1.84,2.16,46.0,54.0,184.0,44.638524987869964,117,92,0.0
703,92,108,46.0,1.84,2.16,46.0,54.0,184.0,44.638524987869964,117,92,0.0
704,92,108,46.0,1.84,2.16,46.0,54.0,184.0,44.638524987869964,117,92,0.0
705,92,108,46.0,1.84,2.16,46.0,54.0,184.0,44.638524987869964,117,92,0.0
706,92,108,46.0,1.84,2.16,46.0,54.0,184.0,44.638524987869964,117,92,0.0
707,92,108,46.0,1.84,2.16,46.0,54.0,184.0,44.638524987869964,117,92,0.0
708,92,108,46.0,1.84,2.16,46.0,54.0,184.0,44.638524987869964,117,92,0.0
709,92,108,46.0,1.84,2.16,46.0,54.0,184.0,44.638524987869964,117,92,0.0
710,93,107,46.5,1.86,2.1399999999999997,46.5,53.49999999999999,186.0,45.12372634643377,118,93,2.0
711,93,107,46.5,1.86,2.1399999999999997,46.5,53.49999999999999,186.0,45.12372634643377,118,93,0.0
712,93,107,46.5,1.86,2.1399999999999997,46.5,53.49999999999999,186.0,45.12372634643377,118,93,0.0
713,93,107,46.5,1.86,2.1399999999999997,46.5,53.49999999999999,186.0,45.12372634643377,118,93,0.0
714,93,107,46.5,1.86,2.1399999999999997,46.5,53.49999999999999,186.0,45.12372634643377,118,93,0.0
715,93,107,46.5,1.86,2.1399999999999997,46.5,53.49999999999999,186.0,45.12372634643377,118,93,0.0
716,93,107,46.5,1.86,2.1399999999999997,46.5,53.49999999999999,186.0,45.12372634643377,119,93,0.0
717,93,107,46.5,1.86,2.1399999999999997,46.5,53.49999999999999,186.0,45.12372634643377,119,93,0.0
718,93,107,46.5,1.86,2.1399999999999997,46.5,53.49999999999999,186.0,45.12372634643377,119,93,0.0
719,93,107,46.5,1.86,2.1399999999999997,46.5,53.49999999999999,186.0,45.12372634643377,119,93,0.0
720,93,107,46.5,1.86,2.1399999999999997,46.5,53.49999999999999,186.0,45.12372634643377,119,93,0.0
721,93,107,46.5,1.86,2.1399999999999997,46.5,53.49999999999999,186.0,45.12372634643377,119,93,0.0
722,93,107,46.5,1.86,2.1399999999999997,46.5,53.49999999999999,186.0,45.12372634643377,119,93,0.0
723,93,107,46.5,1.86,2.1399999999999997,46.5,53.49999999999999,186.0,45.12372634643377,119,93,0.0
724,94,106,47.0,1.8800000000000001,2.12,47.0,53.0,188.0,45.608927704997576,120,94,2.0
725,94,106,47.0,1.8800000000000001,2.12,47.0,53.0,188.0,45.608927704997576,120,94,0.0
726,94,106,47.0,1.8800000000000001,2.12,47.0,53.0,188.0,45.608927704997576,120,94,0.0
727,94,106,47.0,1.8800000000000001,2.12,47.0,53.0,188.0,45.608927704997576,120,94,0.0
728,94,106,47.0,1.8800000000000001,2.12,47.0,53.0,188.0,45.608927704997576,120,94,0.0
729,94,106,47.0,1.8800000000000001,2.12,47.0,53.0,188.0,45.608927704997576,120,94,0.0
730,95,105,47.5,1.9000000000000001,2.0999999999999996,47.5,52.49999999999999,190.0,46.094129063561375,121,95,2.0
731,95,105,47.5,1.9000000000000001,2.0999999999999996,47.5,52.49999999999999,190.0,46.094129063561375,121,95,0.0
732,95,105,47.5,1.9000000000000001,2.0999999999999996,47.5,52.49999999999999,190.0,46.094129063561375,121,95,0.0
733,95,105,47.5,1.9000000000000001,2.0999999999999996,47.5,52.49999999999999,190.0,46.094129063561375,121,95,0.0
734,95,105,47.5,1.9000000000000001,2.0999999999999996,47.5,52.49999999999999,190.0,46.094129063561375,121,95,0.0
735,95,105,47.5,1.9000000000000001,2.0999999999999996,47.5,52.49999999999999,190.0,46.094129063561375,121,95,0.0
736,95,105,47.5,1.9000000000000001,2.0999999999999996,47.5,52.49999999999999,190.0,46.094129063561375,121,95,0.0
737,95,105,47.5,1.9000000000000001,2.0999999999999996,47.5,52.49999999999999,190.0,46.094129063561375,122,95,0.0
738,95,105,47.5,1.9000000000000001,2.0999999999999996,47.5,52.49999999999999,190.0,46.094129063561375,122,95,0.0
739,95,105,47.5,1.9000000000000001,2.0999999999999996,47.5,52.49999999999999,190.0,46.094129063561375,122,95,0.0
740,95,105,47.5,1.9000000000000001,2.0999999999999996,47.5,52.49999999999999,190.0,46.094129063561375,122,95,0.0
741,95,105,47.5,1.9000000000000001,2.0999999999999996,47.5,52.49999999999999,190.0,46.094129063561375,122,95,0.0
742,95,105,47.5,1.9000000000000001,2.0999999999999996,47.5,52.49999999999999,190.0,46.094129063561375,122,95,0.0
743,95,105,47.5,1.9000000000000001,2.0999999999999996,47.5,52.49999999999999,190.0,46.094129063561375,122,95,0.0
744,95,105,47.5,1.9000000000000001,2.0999999999999996,47.5,52.49999999999999,190.0,46.094129063561375,122,95,0.0
745,95,105,47.5,1.9000000000000001,2.0999999999999996,47.5,52.49999999999999,190.0,46.094129063561375,122,95,0.0
746,95,105,47.5,1.9000000000000001,2.0999999999999996,47.5,52.49999999999999,190.0,46.094129063561375,122,95,0.0
747,95,105,47.5,1.9000000000000001,2.0999999999999996,47.5,52.49999999999999,190.0,46.094129063561375,123,95,0.0
748,95,105,47.5,1.9000000000000001,2.0999999999999996,47.5,52.49999999999999,190.0,46.094129063561375,123,95,0.0
749,95,105,47.5,1.9000000000000001,2.0999999999999996,47.5,52.49999999999999,190.0,46.094129063561375,123,95,0.0
750,95,105,47.5,1.9000000000000001,2.0999999999999996,47.5,52.49999999999999,190.0,46.094129063561375,123,95,0.0
751,96,104,48.0,1.92,2.08,48.0,52.0,192.0,46.57933042212518,124,96,2.0
752,97,103,48.5,1.94,2.06,48.5,51.5,194.0,47.06453178068899,125,97,2.0
753,97,103,48.5,1.94,2.06,48.5,51.5,194.0,47.06453178068899,125,97,0.0
754,97,103,48.5,1.94,2.06,48.5,51.5,194.0,47.06453178068899,125,97,0.0
755,97,103,48.5,1.94,2.06,48.5,51.5,194.0,47.06453178068899,125,97,0.0
756,97,103,48.5,1.94,2.06,48.5,51.5,194.0,47.06453178068899,125,97,0.0
757,98,102,49.0,1.96,2.04,49.0,51.0,196.0,47.549733139252794,126,98,2.0
758,98,102,49.0,1.96,2.04,49.0,51.0,196.0,47.549733139252794,126,98,0.0
759,98,102,49.0,1.96,2.04,49.0,51.0,196.0,47.549733139252794,126,98,0.0
760,98,102,49.0,1.96,2.04,49.0,51.0,196.0,47.549733139252794,126,98,0.0
761,98,102,49.0,1.96,2.04,49.0,51.0,196.0,47.549733139252794,126,98,0.0
762,98,102,49.0,1.96,2.04,49.0,51.0,196.0,47.549733139252794,126,98,0.0
763,98,102,49.0,1.96,2.04,49.0,51.0,196.0,47.549733139252794,126,98,0.0
764,98,102,49.0,1.96,2.04,49.0,51.0,196.0,47.549733139252794,126,98,0.0
765,98,102,49.0,1.96,2.04,49.0,51.0,196.0,47.549733139252794,126,98,0.0
766,98,102,49.0,1.96,2.04,49.0,51.0,196.0,47.549733139252794,126,98,0.0
767,98,102,49.0,1.96,2.04,49.0,51.0,196.0,47.549733139252794,126,98,0.0
768,98,102,49.0,1.96,2.04,49.0,51.0,196.0,47.549733139252794,126,98,0.0
769,98,102,49.0,1.96,2.04,49.0,51.0,196.0,47.549733139252794,126,98,0.0
770,99,101,49.5,1.98,2.02,49.5,50.5,198.0,48.03493449781659,127,99,2.0
771,99,101,49.5,1.98,2.02,49.5,50.5,198.0,48.03493449781659,127,99,0.0
772,99,101,49.5,1.98,2.02,49.5,50.5,198.0,48.03493449781659,127,99,0.0
773,99,101,49.5,1.98,2.02,49.5,50.5,198.0,48.03493449781659,128,99,0.0
774,99,101,49.5,1.98,2.02,49.5,50.5,198.0,48.03493449781659,128,99,0.0
775,99,101,49.5,1.98,2.02,49.5,50.5,198.0,48.03493449781659,128,99,0.0
776,99,101,49.5,1.98,2.02,49.5,50.5,198.0,48.03493449781659,129,99,0.0
777,99,101,49.5,1.98,2.02,49.5,50.5,198.0,48.03493449781659,130,99,0.0
778,99,101,49.5,1.98,2.02,49.5,50.5,198.0,48.03493449781659,130,99,0.0
779,99,101,49.5,1.98,2.02,49.5,50.5,198.0,48.03493449781659,131,99,0.0
780,99,101,49.5,1.98,2.02,49.5,50.5,198.0,48.03493449781659,131,99,0.0
781,99,101,49.5,1.98,2.02,49.5,50.5,198.0,48.03493449781659,131,99,0.0
782,99,101,49.5,1.98,2.02,49.5,50.5,198.0,48.03493449781659,131,99,0.0
783,99,101,49.5,1.98,2.02,49.5,50.5,198.0,48.03493449781659,132,99,0.0
784,99,101,49.5,1.98,2.02,49.5,50.5,198.0,48.03493449781659,132,99,0.0
785,99,101,49.5,1.98,2.02,49.5,50.5,198.0,48.03493449781659,132,99,0.0
786,99,101,49.5,1.98,2.02,49.5,50.5,198.0,48.03493449781659,132,99,0.0
787,99,101,49.5,1.98,2.02,49.5,50.5,198.0,48.03493449781659,133,99,0.0
788,99,101,49.5,1.98,2.02,49.5,50.5,198.0,48.03493449781659,133,99,0.0
789,99,101,49.5,1.98,2.02,49.5,50.5,198.0,48.03493449781659,133,99,0.0
790,99,101,49.5,1.98,2.02,49.5,50.5,198.0,48.03493449781659,133,99,0.0
791,99,101,49.5,1.98,2.02,49.5,50.5,198.0,48.03493449781659,133,99,0.0
792,99,101,49.5,1.98,2.02,49.5,50.5,198.0,48.03493449781659,133,99,0.0
793,99,101,49.5,1.98,2.02,49.5,50.5,198.0,48.03493449781659,133,99,0.0
794,99,101,49.5,1.98,2.02,49.5,50.5,198.0,48.03493449781659,133,99,0.0
795,99,101,49.5,1.98,2.02,49.5,50.5,198.0,48.03493449781659,133,99,0.0
796,99,101,49.5,1.98,2.02,49.5,50.5,198.0,48.03493449781659,133,99,0.0
797,99,101,49.5,1.98,2.02,49.5,50.5,198.0,48.03493449781659,133,99,0.0
798,99,101,49.5,1.98,2.02,49.5,50.5,198.0,48.03493449781659,133,99,0.0
799,99,101,49.5,1.98,2.02,49.5,50.5,198.0,48.03493449781659,133,99,0.0
800,99,101,49.5,1.98,2.02,49.5,50.5,198.0,48.03493449781659,133,99,0.0
801,99,101,49.5,1.98,2.02,49.5,50.5,198.0,48.03493449781659,133,99,0.0
802,99,101,49.5,1.98,2.02,49.5,50.5,198.0,48.03493449781659,133,99,0.0
803,99,101,49.5,1.98,2.02,49.5,50.5,198.0,48.03493449781659,133,99,0.0
804,99,101,49.5,1.98,2.02,49.5,50.5,198.0,48.03493449781659,133,99,0.0
805,100,100,50.0,2.0,2.0,50.0,50.0,200.0,48.5201358563804,134,100,2.0
806,100,100,50.0,2.0,2.0,50.0,50.0,200.0,48.5201358563804,134,100,0.0
807,100,100,50.0,2.0,2.0,50.0,50.0,200.0,48.5201358563804,134,100,0.0
808,100,100,50.0,2.0,2.0,50.0,50.0,200.0,48.5201358563804,134,100,0.0
809,100,100,50.0,2.0,2.0,50.0,50.0,200.0,48.5201358563804,134,100,0.0
810,100,100,50.0,2.0,2.0,50.0,50.0,200.0,48.5201358563804,134,100,0.0
811,100,100,50.0,2.0,2.0,50.0,50.0,200.0,48.5201358563804,134,100,0.0
812,100,100,50.0,2.0,2.0,50.0,50.0,200.0,48.5201358563804,134,100,0.0
813,100,100,50.0,2.0,2.0,50.0,50.0,200.0,48.5201358563804,134,100,0.0
814,100,100,50.0,2.0,2.0,50.0,50.0,200.0,48.5201358563804,134,100,0.0
815,100,100,50.0,2.0,2.0,50.0,50.0,200.0,48.5201358563804,134,100,0.0
816,100,100,50.0,2.0,2.0,50.0,50.0,200.0,48.5201358563804,134,100,0.0
817,100,100,50.0,2.0,2.0,50.0,50.0,200.0,48.5201358563804,134,100,0.0
818,100,100,50.0,2.0,2.0,50.0,50.0,200.0,48.5201358563804,134,100,0.0
819,100,100,50.0,2.0,2.0,50.0,50.0,200.0,48.5201358563804,134,100,0.0
820,100,100,50.0,2.0,2.0,50.0,50.0,200.0,48.5201358563804,134,100,0.0
821,100,100,50.0,2.0,2.0,50.0,50.0,200.0,48.5201358563804,134,100,0.0
822,100,100,50.0,2.0,2.0,50.0,50.0,200.0,48.5201358563804,134,100,0.0
823,100,100,50.0,2.0,2.0,50.0,50.0,200.0,48.5201358563804,134,100,0.0
824,100,100,50.0,2.0,2.0,50.0,50.0,200.0,48.5201358563804,134,100,0.0
825,100,100,50.0,2.0,2.0,50.0,50.0,200.0,48.5201358563804,134,100,0.0
826,100,100,50.0,2.0,2.0,50.0,50.0,200.0,48.5201358563804,134,100,0.0
827,100,100,50.0,2.0,2.0,50.0,50.0,200.0,48.5201358563804,134,100,0.0
828,100,100,50.0,2.0,2.0,50.0,50.0,200.0,48.5201358563804,134,100,0.0
829,100,100,50.0,2.0,2.0,50.0,50.0,200.0,48.5201358563804,134,100,0.0
830,100,100,50.0,2.0,2.0,50.0,50.0,200.0,48.5201358563804,135,100,0.0
831,100,100,50.0,2.0,2.0,50.0,50.0,200.0,48.5201358563804,136,100,0.0
832,100,100,50.0,2.0,2.0,50.0,50.0,200.0,48.5201358563804,136,100,0.0
833,101,99,50.5,2.02,1.98,50.5,49.5,202.0,49.005337214944205,137,101,2.0
834,101,99,50.5,2.02,1.98,50.5,49.5,202.0,49.005337214944205,137,101,0.0
835,101,99,50.5,2.02,1.98,50.5,49.5,202.0,49.005337214944205,137,101,0.0
836,101,99,50.5,2.02,1.98,50.5,49.5,202.0,49.005337214944205,138,101,0.0
837,101,99,50.5,2.02,1.98,50.5,49.5,202.0,49.005337214944205,139,101,0.0
838,101,99,50.5,2.02,1.98,50.5,49.5,202.0,49.005337214944205,139,101,0.0
839,101,99,50.5,2.02,1.98,50.5,49.5,202.0,49.005337214944205,139,101,0.0
840,101,99,50.5,2.02,1.98,50.5,49.5,202.0,49.005337214944205,139,101,0.0
841,101,99,50.5,2.02,1.98,50.5,49.5,202.0,49.005337214944205,139,101,0.0
842,101,99,50.5,2.02,1.98,50.5,49.5,202.0,49.005337214944205,139,101,0.0
843,101,99,50.5,2.02,1.98,50.5,49.5,202.0,49.005337214944205,139,101,0.0
844,101,99,50.5,2.02,1.98,50.5,49.5,202.0,49.005337214944205,140,101,0.0
845,101,99,50.5,2.02,1.98,50.5,49.5,202.0,49.005337214944205,140,101,0.0
846,101,99,50.5,2.02,1.98,50.5,49.5,202.0,49.005337214944205,140,101,0.0
847,101,99,50.5,2.02,1.98,50.5,49.5,202.0,49.005337214944205,140,101,0.0
848,101,99,50.5,2.02,1.98,50.5,49.5,202.0,49.005337214944205,140,101,0.0
849,101,99,50.5,2.02,1.98,50.5,49.5,202.0,49.005337214944205,140,101,0.0
850,101,99,50.5,2.02,1.98,50.5,49.5,202.0,49.005337214944205,140,101,0.0
851,101,99,50.5,2.02,1.98,50.5,49.5,202.0,49.005337214944205,140,101,0.0
852,101,99,50.5,2.02,1.98,50.5,49.5,202.0,49.005337214944205,140,101,0.0
853,101,99,50.5,2.02,1.98,50.5,49.5,202.0,49.005337214944205,140,101,0.0
854,101,99,50.5,2.02,1.98,50.5,49.5,202.0,49.005337214944205,140,101,0.0
855,101,99,50.5,2.02,1.98,50.5,49.5,202.0,49.005337214944205,140,101,0.0
856,101,99,50.5,2.02,1.98,50.5,49.5,202.0,49.005337214944205,140,101,0.0
857,101,99,50.5,2.02,1.98,50.5,49.5,202.0,49.005337214944205,140,101,0.0
858,101,99,50.5,2.02,1.98,50.5,49.5,202.0,49.005337214944205,140,101,0.0
859,101,99,50.5,2.02,1.98,50.5,49.5,202.0,49.005337214944205,141,101,0.0
860,101,99,50.5,2.02,1.98,50.5,49.5,202.0,49.005337214944205,142,101,0.0
861,101,99,50.5,2.02,1.98,50.5,49.5,202.0,49.005337214944205,143,101,0.0
862,101,99,50.5,2.02,1.98,50.5,49.5,202.0,49.005337214944205,143,101,0.0
863,101,99,50.5,2.02,1.98,50.5,49.5,202.0,49.005337214944205,143,101,0.0
864,101,99,50.5,2.02,1.98,50.5,49.5,202.0,49.005337214944205,143,101,0.0
865,101,99,50.5,2.02,1.98,50.5,49.5,202.0,49.005337214944205,143,101,0.0
866,101,99,50.5,2.02,1.98,50.5,49.5,202.0,49.005337214944205,143,101,0.0
867,101,99,50.5,2.02,1.98,50.5,49.5,202.0,49.005337214944205,143,101,0.0
868,101,99,50.5,2.02,1.98,50.5,49.5,202.0,49.005337214944205,143,101,0.0
869,101,99,50.5,2.02,1.98,50.5,49.5,202.0,49.005337214944205,143,101,0.0
870,101,99,50.5,2.02,1.98,50.5,49.5,202.0,49.005337214944205,143,101,0.0
871,101,99,50.5,2.02,1.98,50.5,49.5,202.0,49.005337214944205,143,101,0.0
872,101,99,50.5,2.02,1.98,50.5,49.5,202.0,49.005337214944205,143,101,0.0
873,101,99,50.5,2.02,1.98,50.5,49.5,202.0,49.005337214944205,143,101,0.0
874,101,99,50.5,2.02,1.98,50.5,49.5,202.0,49.005337214944205,143,101,0.0
875,101,99,50.5,2.02,1.98,50.5,49.5,202.0,49.005337214944205,143,101,0.0
876,101,99,50.5,2.02,1.98,50.5,49.5,202.0,49.005337214944205,143,101,0.0
877,101,99,50.5,2.02,1.98,50.5,49.5,202.0,49.005337214944205,143,101,0.0
878,101,99,50.5,2.02,1.98,50.5,49.5,202.0,49.005337214944205,143,101,0.0
879,101,99,50.5,2.02,1.98,50.5,49.5,202.0,49.005337214944205,143,101,0.0
880,101,99,50.5,2.02,1.98,50.5,49.5,202.0,49.005337214944205,143,101,0.0
881,101,99,50.5,2.02,1.98,50.5,49.5,202.0,49.005337214944205,143,101,0.0
882,101,99,50.5,2.02,1.98,50.5,49.5,202.0,49.005337214944205,143,101,0.0
883,101,99,50.5,2.02,1.98,50.5,49.5,202.0,49.005337214944205,143,101,0.0
884,101,99,50.5,2.02,1.98,50.5,49.5,202.0,49.005337214944205,143,101,0.0
885,101,99,50.5,2.02,1.98,50.5,49.5,202.0,49.005337214944205,143,101,0.0
886,101,99,50.5,2.02,1.98,50.5,49.5,202.0,49.005337214944205,143,101,0.0
887,101,99,50.5,2.02,1.98,50.5,49.5,202.0,49.005337214944205,143,101,0.0
888,101,99,50.5,2.02,1.98,50.5,49.5,202.0,49.005337214944205,143,101,0.0
889,101,99,50.5,2.02,1.98,50.5,49.5,202.0,49.005337214944205,143,101,0.0
890,101,99,50.5,2.02,1.98,50.5,49.5,202.0,49.005337214944205,143,101,0.0
891,101,99,50.5,2.02,1.98,50.5,49.5,202.0,49.005337214944205,143,101,0.0
892,101,99,50.5,2.02,1.98,50.5,49.5,202.0,49.005337214944205,143,101,0.0
893,101,99,50.5,2.02,1.98,50.5,49.5,202.0,49.005337214944205,143,101,0.0
894,101,99,50.5,2.02,1.98,50.5,49.5,202.0,49.005337214944205,143,101,0.0
895,101,99,50.5,2.02,1.98,50.5,49.5,202.0,49.005337214944205,143,101,0.0
896,101,99,50.5,2.02,1.98,50.5,49.5,202.0,49.005337214944205,143,101,0.0
897,101,99,50.5,2.02,1.98,50.5,49.5,202.0,49.005337214944205,143,101,0.0
898,101,99,50.5,2.02,1.98,50.5,49.5,202.0,49.005337214944205,144,101,0.0
899,101,99,50.5,2.02,1.98,50.5,49.5,202.0,49.005337214944205,145,101,0.0
900,101,99,50.5,2.02,1.98,50.5,49.5,202.0,49.005337214944205,145,101,0.0
901,101,99,50.5,2.02,1.98,50.5,49.5,202.0,49.005337214944205,145,101,0.0
902,101,99,50.5,2.02,1.98,50.5,49.5,202.0,49.005337214944205,145,101,0.0
903,101,99,50.5,2.02,1.98,50.5,49.5,202.0,49.005337214944205,145,101,0.0
904,101,99,50.5,2.02,1.98,50.5,49.5,202.0,49.005337214944205,145,101,0.0
905,101,99,50.5,2.02,1.98,50.5,49.5,202.0,49.005337214944205,145,101,0.0
906,101,99,50.5,2.02,1.98,50.5,49.5,202.0,49.005337214944205,146,101,0.0
907,101,99,50.5,2.02,1.98,50.5,49.5,202.0,49.005337214944205,146,101,0.0
908,101,99,50.5,2.02,1.98,50.5,49.5,202.0,49.005337214944205,146,101,0.0
909,101,99,50.5,2.02,1.98,50.5,49.5,202.0,49.005337214944205,146,101,0.0
910,101,99,50.5,2.02,1.98,50.5,49.5,202.0,49.005337214944205,146,101,0.0
911,101,99,50.5,2.02,1.98,50.5,49.5,202.0,49.005337214944205,146,101,0.0
912,101,99,50.5,2.02,1.98,50.5,49.5,202.0,49.005337214944205,146,101,0.0
913,101,99,50.5,2.02,1.98,50.5,49.5,202.0,49.005337214944205,146,101,0.0
914,101,99,50.5,2.02,1.98,50.5,49.5,202.0,49.005337214944205,146,101,0.0
915,101,99,50.5,2.02,1.98,50.5,49.5,202.0,49.005337214944205,146,101,0.0
916,101,99,50.5,2.02,1.98,50.5,49.5,202.0,49.005337214944205,146,101,0.0
917,101,99,50.5,2.02,1.98,50.5,49.5,202.0,49.005337214944205,146,101,0.0
918,101,99,50.5,2.02,1.98,50.5,49.5,202.0,49.005337214944205,146,101,0.0
919,101,99,50.5,2.02,1.98,50.5,49.5,202.0,49.005337214944205,146,101,0.0
920,101,99,50.5,2.02,1.98,50.5,49.5,202.0,49.005337214944205,146,101,0.0
921,101,99,50.5,2.02,1.98,50.5,49.5,202.0,49.005337214944205,146,101,0.0
922,101,99,50.5,2.02,1.98,50.5,49.5,202.0,49.005337214944205,146,101,0.0
923,101,99,50.5,2.02,1.98,50.5,49.5,202.0,49.005337214944205,146,101,0.0
924,101,99,50.5,2.02,1.98,50.5,49.5,202.0,49.005337214944205,146,101,0.0
925,101,99,50.5,2.02,1.98,50.5,49.5,202.0,49.005337214944205,146,101,0.0
926,101,99,50.5,2.02,1.98,50.5,49.5,202.0,49.005337214944205,147,101,0.0
927,101,99,50.5,2.02,1.98,50.5,49.5,202.0,49.005337214944205,147,101,0.0
928,101,99,50.5,2.02,1.98,50.5,49.5,202.0,49.005337214944205,147,101,0.0
929,101,99,50.5,2.02,1.98,50.5,49.5,202.0,49.005337214944205,147,101,0.0
930,101,99,50.5,2.02,1.98,50.5,49.5,202.0,49.005337214944205,147,101,0.0
931,101,99,50.5,2.02,1.98,50.5,49.5,202.0,49.005337214944205,148,101,0.0
932,101,99,50.5,2.02,1.98,50.5,49.5,202.0,49.005337214944205,149,101,0.0
933,101,99,50.5,2.02,1.98,50.5,49.5,202.0,49.005337214944205,149,101,0.0
934,101,99,50.5,2.02,1.98,50.5,49.5,202.0,49.005337214944205,150,101,0.0
935,102,98,51.0,2.04,1.96,51.0,49.0,204.0,49.49053857350801,151,102,2.0
936,102,98,51.0,2.04,1.96,51.0,49.0,204.0,49.49053857350801,151,102,0.0
937,103,97,51.5,2.06,1.94,51.5,48.5,206.0,49.97573993207181,152,103,2.0
938,103,97,51.5,2.06,1.94,51.5,48.5,206.0,49.97573993207181,152,103,0.0
939,103,97,51.5,2.06,1.94,51.5,48.5,206.0,49.97573993207181,152,103,0.0
940,103,97,51.5,2.06,1.94,51.5,48.5,206.0,49.97573993207181,152,103,0.0
941,103,97,51.5,2.06,1.94,51.5,48.5,206.0,49.97573993207181,152,103,0.0
942,103,97,51.5,2.06,1.94,51.5,48.5,206.0,49.97573993207181,152,103,0.0
943,103,97,51.5,2.06,1.94,51.5,48.5,206.0,49.97573993207181,152,103,0.0
944,103,97,51.5,2.06,1.94,51.5,48.5,206.0,49.97573993207181,152,103,0.0
945,103,97,51.5,2.06,1.94,51.5,48.5,206.0,49.97573993207181,152,103,0.0
946,103,97,51.5,2.06,1.94,51.5,48.5,206.0,49.97573993207181,152,103,0.0
947,103,97,51.5,2.06,1.94,51.5,48.5,206.0,49.97573993207181,152,103,0.0
948,103,97,51.5,2.06,1.94,51.5,48.5,206.0,49.97573993207181,152,103,0.0
949,103,97,51.5,2.06,1.94,51.5,48.5,206.0,49.97573993207181,152,103,0.0
950,103,97,51.5,2.06,1.94,51.5,48.5,206.0,49.97573993207181,152,103,0.0
951,103,97,51.5,2.06,1.94,51.5,48.5,206.0,49.97573993207181,152,103,0.0
952,103,97,51.5,2.06,1.94,51.5,48.5,206.0,49.97573993207181,152,103,0.0
953,103,97,51.5,2.06,1.94,51.5,48.5,206.0,49.97573993207181,152,103,0.0
954,103,97,51.5,2.06,1.94,51.5,48.5,206.0,49.97573993207181,152,103,0.0
955,103,97,51.5,2.06,1.94,51.5,48.5,206.0,49.97573993207181,152,103,0.0
956,103,97,51.5,2.06,1.94,51.5,48.5,206.0,49.97573993207181,152,103,0.0
957,103,97,51.5,2.06,1.94,51.5,48.5,206.0,49.97573993207181,152,103,0.0
958,103,97,51.5,2.06,1.94,51.5,48.5,206.0,49.97573993207181,152,103,0.0
959,103,97,51.5,2.06,1.94,51.5,48.5,206.0,49.97573993207181,153,103,0.0
960,103,97,51.5,2.06,1.94,51.5,48.5,206.0,49.97573993207181,153,103,0.0
961,103,97,51.5,2.06,1.94,51.5,48.5,206.0,49.97573993207181,153,103,0.0
962,103,97,51.5,2.06,1.94,51.5,48.5,206.0,49.97573993207181,153,103,0.0
963,103,97,51.5,2.06,1.94,51.5,48.5,206.0,49.97573993207181,153,103,0.0
964,103,97,51.5,2.06,1.94,51.5,48.5,206.0,49.97573993207181,153,103,0.0
965,103,97,51.5,2.06,1.94,51.5,48.5,206.0,49.97573993207181,153,103,0.0
966,103,97,51.5,2.06,1.94,51.5,48.5,206.0,49.97573993207181,154,103,0.0
967,103,97,51.5,2.06,1.94,51.5,48.5,206.0,49.97573993207181,155,103,0.0
968,103,97,51.5,2.06,1.94,51.5,48.5,206.0,49.97573993207181,155,103,0.0
969,103,97,51.5,2.06,1.94,51.5,48.5,206.0,49.97573993207181,155,103,0.0
970,103,97,51.5,2.06,1.94,51.5,48.5,206.0,49.97573993207181,156,103,0.0
971,103,97,51.5,2.06,1.94,51.5,48.5,206.0,49.97573993207181,156,103,0.0
972,103,97,51.5,2.06,1.94,51.5,48.5,206.0,49.97573993207181,156,103,0.0
973,103,97,51.5,2.06,1.94,51.5,48.5,206.0,49.97573993207181,156,103,0.0
974,103,97,51.5,2.06,1.94,51.5,48.5,206.0,49.97573993207181,156,103,0.0
975,103,97,51.5,2.06,1.94,51.5,48.5,206.0,49.97573993207181,156,103,0.0
976,103,97,51.5,2.06,1.94,51.5,48.5,206.0,49.97573993207181,156,103,0.0
977,103,97,51.5,2.06,1.94,51.5,48.5,206.0,49.97573993207181,156,103,0.0
978,103,97,51.5,2.06,1.94,51.5,48.5,206.0,49.97573993207181,156,103,0.0
979,103,97,51.5,2.06,1.94,51.5,48.5,206.0,49.97573993207181,156,103,0.0
980,103,97,51.5,2.06,1.94,51.5,48.5,206.0,49.97573993207181,156,103,0.0
981,103,97,51.5,2.06,1.94,51.5,48.5,206.0,49.97573993207181,156,103,0.0
982,103,97,51.5,2.06,1.94,51.5,48.5,206.0,49.97573993207181,156,103,0.0
983,103,97,51.5,2.06,1.94,51.5,48.5,206.0,49.97573993207181,156,103,0.0
984,103,97,51.5,2.06,1.94,51.5,48.5,206.0,49.97573993207181,156,103,0.0
985,103,97,51.5,2.06,1.94,51.5,48.5,206.0,49.97573993207181,156,103,0.0
986,103,97,51.5,2.06,1.94,51.5,48.5,206.0,49.97573993207181,156,103,0.0
987,103,97,51.5,2.06,1.94,51.5,48.5,206.0,49.97573993207181,156,103,0.0
988,103,97,51.5,2.06,1.94,51.5,48.5,206.0,49.97573993207181,156,103,0.0
989,103,97,51.5,2.06,1.94,51.5,48.5,206.0,49.97573993207181,156,103,0.0
990,103,97,51.5,2.06,1.94,51.5,48.5,206.0,49.97573993207181,156,103,0.0
991,103,97,51.5,2.06,1.94,51.5,48.5,206.0,49.97573993207181,156,103,0.0
992,103,97,51.5,2.06,1.94,51.5,48.5,206.0,49.97573993207181,156,103,0.0
993,103,97,51.5,2.06,1.94,51.5,48.5,206.0,49.97573993207181,156,103,0.0
994,103,97,51.5,2.06,1.94,51.5,48.5,206.0,49.97573993207181,156,103,0.0
995,103,97,51.5,2.06,1.94,51.5,48.5,206.0,49.97573993207181,156,103,0.0
996,103,97,51.5,2.06,1.94,51.5,48.5,206.0,49.97573993207181,156,103,0.0
997,103,97,51.5,2.06,1.94,51.5,48.5,206.0,49.97573993207181,156,103,0.0
998,103,97,51.5,2.06,1.94,51.5,48.5,206.0,49.97573993207181,156,103,0.0
999,103,97,51.5,2.06,1.94,51.5,48.5,206.0,49.97573993207181,156,103,0.0
1000,103,97,51.5,2.06,1.94,51.5,48.5,206.0,49.97573993207181,156,103,0.0
1001,103,97,51.5,2.06,1.94,51.5,48.5,206.0,49.97573993207181,156,103,0.0
1002,103,97,51.5,2.06,1.94,51.5,48.5,206.0,49.97573993207181,156,103,0.0
1003,103,97,51.5,2.06,1.94,51.5,48.5,206.0,49.97573993207181,156,103,0.0
1004,103,97,51.5,2.06,1.94,51.5,48.5,206.0,49.97573993207181,157,103,0.0
1005,103,97,51.5,2.06,1.94,51.5,48.5,206.0,49.97573993207181,158,103,0.0
1006,103,97,51.5,2.06,1.94,51.5,48.5,206.0,49.97573993207181,158,103,0.0
1007,103,97,51.5,2.06,1.94,51.5,48.5,206.0,49.97573993207181,158,103,0.0
1008,103,97,51.5,2.06,1.94,51.5,48.5,206.0,49.97573993207181,158,103,0.0
1009,103,97,51.5,2.06,1.94,51.5,48.5,206.0,49.97573993207181,158,103,0.0
1010,103,97,51.5,2.06,1.94,51.5,48.5,206.0,49.97573993207181,158,103,0.0
1011,103,97,51.5,2.06,1.94,51.5,48.5,206.0,49.97573993207181,158,103,0.0
1012,103,97,51.5,2.06,1.94,51.5,48.5,206.0,49.97573993207181,158,103,0.0
1013,103,97,51.5,2.06,1.94,51.5,48.5,206.0,49.97573993207181,158,103,0.0
1014,103,97,51.5,2.06,1.94,51.5,48.5,206.0,49.97573993207181,158,103,0.0
1015,103,97,51.5,2.06,1.94,51.5,48.5,206.0,49.97573993207181,158,103,0.0
1016,103,97,51.5,2.06,1.94,51.5,48.5,206.0,49.97573993207181,158,103,0.0
1017,103,97,51.5,2.06,1.94,51.5,48.5,206.0,49.97573993207181,158,103,0.0
1018,103,97,51.5,2.06,1.94,51.5,48.5,206.0,49.97573993207181,159,103,0.0
1019,103,97,51.5,2.06,1.94,51.5,48.5,206.0,49.97573993207181,160,103,0.0
1020,103,97,51.5,2.06,1.94,51.5,48.5,206.0,49.97573993207181,160,103,0.0
1021,103,97,51.5,2.06,1.94,51.5,48.5,206.0,49.97573993207181,161,103,0.0
1022,103,97,51.5,2.06,1.94,51.5,48.5,206.0,49.97573993207181,161,103,0.0
1023,103,97,51.5,2.06,1.94,51.5,48.5,206.0,49.97573993207181,161,103,0.0
1024,103,97,51.5,2.06,1.94,51.5,48.5,206.0,49.97573993207181,161,103,0.0
1025,103,97,51.5,2.06,1.94,51.5,48.5,206.0,49.97573993207181,161,103,0.0
1026,103,97,51.5,2.06,1.94,51.5,48.5,206.0,49.97573993207181,161,103,0.0
1027,103,97,51.5,2.06,1.94,51.5,48.5,206.0,49.97573993207181,161,103,0.0
1028,103,97,51.5,2.06,1.94,51.5,48.5,206.0,49.97573993207181,161,103,0.0
1029,103,97,51.5,2.06,1.94,51.5,48.5,206.0,49.97573993207181,161,103,0.0
1030,103,97,51.5,2.06,1.94,51.5,48.5,206.0,49.97573993207181,161,103,0.0
1031,103,97,51.5,2.06,1.94,51.5,48.5,206.0,49.97573993207181,161,103,0.0
1032,103,97,51.5,2.06,1.94,51.5,48.5,206.0,49.97573993207181,161,103,0.0
1033,103,97,51.5,2.06,1.94,51.5,48.5,206.0,49.97573993207181,161,103,0.0
1034,103,97,51.5,2.06,1.94,51.5,48.5,206.0,49.97573993207181,161,103,0.0
1035,103,97,51.5,2.06,1.94,51.5,48.5,206.0,49.97573993207181,161,103,0.0
1036,103,97,51.5,2.06,1.94,51.5,48.5,206.0,49.97573993207181,161,103,0.0
1037,103,97,51.5,2.06,1.94,51.5,48.5,206.0,49.97573993207181,161,103,0.0
1038,103,97,51.5,2.06,1.94,51.5,48.5,206.0,49.97573993207181,161,103,0.0
1039,103,97,51.5,2.06,1.94,51.5,48.5,206.0,49.97573993207181,161,103,0.0
1040,103,97,51.5,2.06,1.94,51.5,48.5,206.0,49.97573993207181,161,103,0.0
1041,103,97,51.5,2.06,1.94,51.5,48.5,206.0,49.97573993207181,161,103,0.0
1042,103,97,51.5,2.06,1.94,51.5,48.5,206.0,49.97573993207181,161,103,0.0
1043,103,97,51.5,2.06,1.94,51.5,48.5,206.0,49.97573993207181,161,103,0.0
1044,103,97,51.5,2.06,1.94,51.5,48.5,206.0,49.97573993207181,161,103,0.0
1045,103,97,51.5,2.06,1.94,51.5,48.5,206.0,49.97573993207181,161,103,0.0
1046,103,97,51.5,2.06,1.94,51.5,48.5,206.0,49.97573993207181,161,103,0.0
1047,103,97,51.5,2.06,1.94,51.5,48.5,206.0,49.97573993207181,161,103,0.0
1048,103,97,51.5,2.06,1.94,51.5,48.5,206.0,49.97573993207181,161,103,0.0
1049,103,97,51.5,2.06,1.94,51.5,48.5,206.0,49.97573993207181,161,103,0.0
1050,103,97,51.5,2.06,1.94,51.5,48.5,206.0,49.97573993207181,161,103,0.0
1051,103,97,51.5,2.06,1.94,51.5,48.5,206.0,49.97573993207181,161,103,0.0
1052,103,97,51.5,2.06,1.94,51.5,48.5,206.0,49.97573993207181,161,103,0.0
1053,103,97,51.5,2.06,1.94,51.5,48.5,206.0,49.97573993207181,162,103,0.0
1054,103,97,51.5,2.06,1.94,51.5,48.5,206.0,49.97573993207181,163,103,0.0
1055,103,97,51.5,2.06,1.94,51.5,48.5,206.0,49.97573993207181,163,103,0.0
1056,103,97,51.5,2.06,1.94,51.5,48.5,206.0,49.97573993207181,163,103,0.0
1057,103,97,51.5,2.06,1.94,51.5,48.5,206.0,49.97573993207181,163,103,0.0
1058,103,97,51.5,2.06,1.94,51.5,48.5,206.0,49.97573993207181,163,103,0.0
1059,103,97,51.5,2.06,1.94,51.5,48.5,206.0,49.97573993207181,163,103,0.0
1060,103,97,51.5,2.06,1.94,51.5,48.5,206.0,49.97573993207181,163,103,0.0
1061,103,97,51.5,2.06,1.94,51.5,48.5,206.0,49.97573993207181,163,103,0.0
1062,103,97,51.5,2.06,1.94,51.5,48.5,206.0,49.97573993207181,164,103,0.0
1063,103,97,51.5,2.06,1.94,51.5,48.5,206.0,49.97573993207181,165,103,0.0
1064,103,97,51.5,2.06,1.94,51.5,48.5,206.0,49.97573993207181,165,103,0.0
1065,103,97,51.5,2.06,1.94,51.5,48.5,206.0,49.97573993207181,165,103,0.0
1066,103,97,51.5,2.06,1.94,51.5,48.5,206.0,49.97573993207181,165,103,0.0
1067,103,97,51.5,2.06,1.94,51.5,48.5,206.0,49.97573993207181,165,103,0.0
1068,103,97,51.5,2.06,1.94,51.5,48.5,206.0,49.97573993207181,165,103,0.0
1069,103,97,51.5,2.06,1.94,51.5,48.5,206.0,49.97573993207181,165,103,0.0
1070,103,97,51.5,2.06,1.94,51.5,48.5,206.0,49.97573993207181,165,103,0.0
1071,103,97,51.5,2.06,1.94,51.5,48.5,206.0,49.97573993207181,165,103,0.0
1072,103,97,51.5,2.06,1.94,51.5,48.5,206.0,49.97573993207181,166,103,0.0
1073,103,97,51.5,2.06,1.94,51.5,48.5,206.0,49.97573993207181,166,103,0.0
1074,103,97,51.5,2.06,1.94,51.5,48.5,206.0,49.97573993207181,166,103,0.0
1075,103,97,51.5,2.06,1.94,51.5,48.5,206.0,49.97573993207181,166,103,0.0
1076,103,97,51.5,2.06,1.94,51.5,48.5,206.0,49.97573993207181,168,103,0.0
1077,103,97,51.5,2.06,1.94,51.5,48.5,206.0,49.97573993207181,169,103,0.0
1078,103,97,51.5,2.06,1.94,51.5,48.5,206.0,49.97573993207181,170,103,0.0
1079,103,97,51.5,2.06,1.94,51.5,48.5,206.0,49.97573993207181,170,103,0.0
1080,103,97,51.5,2.06,1.94,51.5,48.5,206.0,49.97573993207181,170,103,0.0
1081,103,97,51.5,2.06,1.94,51.5,48.5,206.0,49.97573993207181,170,103,0.0
1082,103,97,51.5,2.06,1.94,51.5,48.5,206.0,49.97573993207181,170,103,0.0
1083,103,97,51.5,2.06,1.94,51.5,48.5,206.0,49.97573993207181,170,103,0.0
1084,103,97,51.5,2.06,1.94,51.5,48.5,206.0,49.97573993207181,170,103,0.0
1085,103,97,51.5,2.06,1.94,51.5,48.5,206.0,49.97573993207181,170,103,0.0
1086,103,97,51.5,2.06,1.94,51.5,48.5,206.0,49.97573993207181,170,103,0.0
1087,103,97,51.5,2.06,1.94,51.5,48.5,206.0,49.97573993207181,170,103,0.0
1088,103,97,51.5,2.06,1.94,51.5,48.5,206.0,49.97573993207181,170,103,0.0
1089,103,97,51.5,2.06,1.94,51.5,48.5,206.0,49.97573993207181,170,103,0.0
1090,103,97,51.5,2.06,1.94,51.5,48.5,206.0,49.97573993207181,171,103,0.0
1091,103,97,51.5,2.06,1.94,51.5,48.5,206.0,49.97573993207181,172,103,0.0
1092,103,97,51.5,2.06,1.94,51.5,48.5,206.0,49.97573993207181,173,103,0.0
1093,103,97,51.5,2.06,1.94,51.5,48.5,206.0,49.97573993207181,173,103,0.0
1094,103,97,51.5,2.06,1.94,51.5,48.5,206.0,49.97573993207181,174,103,0.0
1095,103,97,51.5,2.06,1.94,51.5,48.5,206.0,49.97573993207181,174,103,0.0
1096,103,97,51.5,2.06,1.94,51.5,48.5,206.0,49.97573993207181,174,103,0.0
1097,103,97,51.5,2.06,1.94,51.5,48.5,206.0,49.97573993207181,175,103,0.0
1098,103,97,51.5,2.06,1.94,51.5,48.5,206.0,49.97573993207181,176,103,0.0
1099,103,97,51.5,2.06,1.94,51.5,48.5,206.0,49.97573993207181,176,103,0.0
1100,103,97,51.5,2.06,1.94,51.5,48.5,206.0,49.97573993207181,177,103,0.0
1101,103,97,51.5,2.06,1.94,51.5,48.5,206.0,49.97573993207181,177,103,0.0
1102,103,97,51.5,2.06,1.94,51.5,48.5,206.0,49.97573993207181,178,103,0.0
1103,104,96,52.0,2.08,1.92,52.0,48.0,208.0,50.46094129063562,180,104,2.0
1104,104,96,52.0,2.08,1.92,52.0,48.0,208.0,50.46094129063562,180,104,0.0
1105,104,96,52.0,2.08,1.92,52.0,48.0,208.0,50.46094129063562,180,104,0.0
1106,104,96,52.0,2.08,1.92,52.0,48.0,208.0,50.46094129063562,180,104,0.0
1107,104,96,52.0,2.08,1.92,52.0,48.0,208.0,50.46094129063562,181,104,0.0
1108,104,96,52.0,2.08,1.92,52.0,48.0,208.0,50.46094129063562,182,104,0.0
1109,104,96,52.0,2.08,1.92,52.0,48.0,208.0,50.46094129063562,182,104,0.0
1110,104,96,52.0,2.08,1.92,52.0,48.0,208.0,50.46094129063562,182,104,0.0
1111,104,96,52.0,2.08,1.92,52.0,48.0,208.0,50.46094129063562,183,104,0.0
1112,104,96,52.0,2.08,1.92,52.0,48.0,208.0,50.46094129063562,183,104,0.0
1113,104,96,52.0,2.08,1.92,52.0,48.0,208.0,50.46094129063562,183,104,0.0
1114,104,96,52.0,2.08,1.92,52.0,48.0,208.0,50.46094129063562,183,104,0.0
1115,104,96,52.0,2.08,1.92,52.0,48.0,208.0,50.46094129063562,183,104,0.0
1116,104,96,52.0,2.08,1.92,52.0,48.0,208.0,50.46094129063562,183,104,0.0
1117,104,96,52.0,2.08,1.92,52.0,48.0,208.0,50.46094129063562,183,104,0.0
1118,104,96,52.0,2.08,1.92,52.0,48.0,208.0,50.46094129063562,183,104,0.0
1119,104,96,52.0,2.08,1.92,52.0,48.0,208.0,50.46094129063562,183,104,0.0
1120,104,96,52.0,2.08,1.92,52.0,48.0,208.0,50.46094129063562,183,104,0.0
1121,104,96,52.0,2.08,1.92,52.0,48.0,208.0,50.46094129063562,183,104,0.0
1122,104,96,52.0,2.08,1.92,52.0,48.0,208.0,50.46094129063562,183,104,0.0
1123,104,96,52.0,2.08,1.92,52.0,48.0,208.0,50.46094129063562,183,104,0.0
1124,104,96,52.0,2.08,1.92,52.0,48.0,208.0,50.46094129063562,183,104,0.0
1125,104,96,52.0,2.08,1.92,52.0,48.0,208.0,50.46094129063562,183,104,0.0
1126,104,96,52.0,2.08,1.92,52.0,48.0,208.0,50.46094129063562,183,104,0.0
1127,105,95,52.5,2.1,1.9,52.5,47.5,210.0,50.94614264919942,184,105,2.0
1128,105,95,52.5,2.1,1.9,52.5,47.5,210.0,50.94614264919942,184,105,0.0
1129,105,95,52.5,2.1,1.9,52.5,47.5,210.0,50.94614264919942,184,105,0.0
1130,106,94,53.0,2.12,1.88,53.0,46.99999999999999,212.0,51.43134400776322,186,106,2.0
1131,106,94,53.0,2.12,1.88,53.0,46.99999999999999,212.0,51.43134400776322,186,106,0.0
1132,106,94,53.0,2.12,1.88,53.0,46.99999999999999,212.0,51.43134400776322,186,106,0.0
1133,106,94,53.0,2.12,1.88,53.0,46.99999999999999,212.0,51.43134400776322,186,106,0.0
1134,106,94,53.0,2.12,1.88,53.0,46.99999999999999,212.0,51.43134400776322,186,106,0.0
1135,106,94,53.0,2.12,1.88,53.0,46.99999999999999,212.0,51.43134400776322,187,106,0.0
1136,106,94,53.0,2.12,1.88,53.0,46.99999999999999,212.0,51.43134400776322,188,106,0.0
1137,106,94,53.0,2.12,1.88,53.0,46.99999999999999,212.0,51.43134400776322,188,106,0.0
1138,106,94,53.0,2.12,1.88,53.0,46.99999999999999,212.0,51.43134400776322,188,106,0.0
1139,106,94,53.0,2.12,1.88,53.0,46.99999999999999,212.0,51.43134400776322,189,106,0.0
1140,106,94,53.0,2.12,1.88,53.0,46.99999999999999,212.0,51.43134400776322,189,106,0.0
1141,106,94,53.0,2.12,1.88,53.0,46.99999999999999,212.0,51.43134400776322,189,106,0.0
1142,106,94,53.0,2.12,1.88,53.0,46.99999999999999,212.0,51.43134400776322,189,106,0.0
1143,106,94,53.0,2.12,1.88,53.0,46.99999999999999,212.0,51.43134400776322,189,106,0.0
1144,107,93,53.5,2.14,1.8599999999999999,53.5,46.49999999999999,214.0,51.91654536632703,190,107,2.0
1145,107,93,53.5,2.14,1.8599999999999999,53.5,46.49999999999999,214.0,51.91654536632703,190,107,0.0
1146,107,93,53.5,2.14,1.8599999999999999,53.5,46.49999999999999,214.0,51.91654536632703,190,107,0.0
1147,107,93,53.5,2.14,1.8599999999999999,53.5,46.49999999999999,214.0,51.91654536632703,190,107,0.0
1148,107,93,53.5,2.14,1.8599999999999999,53.5,46.49999999999999,214.0,51.91654536632703,190,107,0.0
1149,107,93,53.5,2.14,1.8599999999999999,53.5,46.49999999999999,214.0,51.91654536632703,190,107,0.0
1150,107,93,53.5,2.14,1.8599999999999999,53.5,46.49999999999999,214.0,51.91654536632703,190,107,0.0
1151,107,93,53.5,2.14,1.8599999999999999,53.5,46.49999999999999,214.0,51.91654536632703,190,107,0.0
1152,107,93,53.5,2.14,1.8599999999999999,53.5,46.49999999999999,214.0,51.91654536632703,190,107,0.0
1153,107,93,53.5,2.14,1.8599999999999999,53.5,46.49999999999999,214.0,51.91654536632703,190,107,0.0
1154,107,93,53.5,2.14,1.8599999999999999,53.5,46.49999999999999,214.0,51.91654536632703,190,107,0.0
1155,107,93,53.5,2.14,1.8599999999999999,53.5,46.49999999999999,214.0,51.91654536632703,190,107,0.0
1156,107,93,53.5,2.14,1.8599999999999999,53.5,46.49999999999999,214.0,51.91654536632703,190,107,0.0
1157,107,93,53.5,2.14,1.8599999999999999,53.5,46.49999999999999,214.0,51.91654536632703,190,107,0.0
1158,108,92,54.0,2.16,1.8399999999999999,54.0,45.99999999999999,216.0,52.40174672489083,191,108,2.0
1159,108,92,54.0,2.16,1.8399999999999999,54.0,45.99999999999999,216.0,52.40174672489083,191,108,0.0
1160,108,92,54.0,2.16,1.8399999999999999,54.0,45.99999999999999,216.0,52.40174672489083,191,108,0.0
1161,108,92,54.0,2.16,1.8399999999999999,54.0,45.99999999999999,216.0,52.40174672489083,191,108,0.0
1162,108,92,54.0,2.16,1.8399999999999999,54.0,45.99999999999999,216.0,52.40174672489083,191,108,0.0
1163,108,92,54.0,2.16,1.8399999999999999,54.0,45.99999999999999,216.0,52.40174672489083,191,108,0.0
1164,108,92,54.0,2.16,1.8399999999999999,54.0,45.99999999999999,216.0,52.40174672489083,191,108,0.0
1165,108,92,54.0,2.16,1.8399999999999999,54.0,45.99999999999999,216.0,52.40174672489083,191,108,0.0
1166,108,92,54.0,2.16,1.8399999999999999,54.0,45.99999999999999,216.0,52.40174672489083,191,108,0.0
1167,108,92,54.0,2.16,1.8399999999999999,54.0,45.99999999999999,216.0,52.40174672489083,191,108,0.0
1168,108,92,54.0,2.16,1.8399999999999999,54.0,45.99999999999999,216.0,52.40174672489083,191,108,0.0
1169,108,92,54.0,2.16,1.8399999999999999,54.0,45.99999999999999,216.0,52.40174672489083,191,108,0.0
1170,108,92,54.0,2.16,1.8399999999999999,54.0,45.99999999999999,216.0,52.40174672489083,191,108,0.0
1171,108,92,54.0,2.16,1.8399999999999999,54.0,45.99999999999999,216.0,52.40174672489083,191,108,0.0
1172,108,92,54.0,2.16,1.8399999999999999,54.0,45.99999999999999,216.0,52.40174672489083,191,108,0.0
1173,108,92,54.0,2.16,1.8399999999999999,54.0,45.99999999999999,216.0,52.40174672489083,191,108,0.0
1174,108,92,54.0,2.16,1.8399999999999999,54.0,45.99999999999999,216.0,52.40174672489083,191,108,0.0
1175,108,92,54.0,2.16,1.8399999999999999,54.0,45.99999999999999,216.0,52.40174672489083,191,108,0.0
1176,108,92,54.0,2.16,1.8399999999999999,54.0,45.99999999999999,216.0,52.40174672489083,192,108,0.0
1177,108,92,54.0,2.16,1.8399999999999999,54.0,45.99999999999999,216.0,52.40174672489083,193,108,0.0
1178,108,92,54.0,2.16,1.8399999999999999,54.0,45.99999999999999,216.0,52.40174672489083,193,108,0.0
1179,108,92,54.0,2.16,1.8399999999999999,54.0,45.99999999999999,216.0,52.40174672489083,194,108,0.0
1180,108,92,54.0,2.16,1.8399999999999999,54.0,45.99999999999999,216.0,52.40174672489083,195,108,0.0
1181,108,92,54.0,2.16,1.8399999999999999,54.0,45.99999999999999,216.0,52.40174672489083,195,108,0.0
1182,108,92,54.0,2.16,1.8399999999999999,54.0,45.99999999999999,216.0,52.40174672489083,195,108,0.0
1183,108,92,54.0,2.16,1.8399999999999999,54.0,45.99999999999999,216.0,52.40174672489083,195,108,0.0
1184,108,92,54.0,2.16,1.8399999999999999,54.0,45.99999999999999,216.0,52.40174672489083,195,108,0.0
1185,108,92,54.0,2.16,1.8399999999999999,54.0,45.99999999999999,216.0,52.40174672489083,195,108,0.0
1186,108,92,54.0,2.16,1.8399999999999999,54.0,45.99999999999999,216.0,52.40174672489083,195,108,0.0
1187,108,92,54.0,2.16,1.8399999999999999,54.0,45.99999999999999,216.0,52.40174672489083,195,108,0.0
1188,108,92,54.0,2.16,1.8399999999999999,54.0,45.99999999999999,216.0,52.40174672489083,195,108,0.0
1189,108,92,54.0,2.16,1.8399999999999999,54.0,45.99999999999999,216.0,52.40174672489083,195,108,0.0
1190,108,92,54.0,2.16,1.8399999999999999,54.0,45.99999999999999,216.0,52.40174672489083,195,108,0.0
1191,108,92,54.0,2.16,1.8399999999999999,54.0,45.99999999999999,216.0,52.40174672489083,195,108,0.0
1192,108,92,54.0,2.16,1.8399999999999999,54.0,45.99999999999999,216.0,52.40174672489083,195,108,0.0
1193,108,92,54.0,2.16,1.8399999999999999,54.0,45.99999999999999,216.0,52.40174672489083,195,108,0.0
1194,108,92,54.0,2.16,1.8399999999999999,54.0,45.99999999999999,216.0,52.40174672489083,195,108,0.0
1195,108,92,54.0,2.16,1.8399999999999999,54.0,45.99999999999999,216.0,52.40174672489083,195,108,0.0
1196,108,92,54.0,2.16,1.8399999999999999,54.0,45.99999999999999,216.0,52.40174672489083,195,108,0.0
1197,108,92,54.0,2.16,1.8399999999999999,54.0,45.99999999999999,216.0,52.40174672489083,195,108,0.0
1198,108,92,54.0,2.16,1.8399999999999999,54.0,45.99999999999999,216.0,52.40174672489083,195,108,0.0
1199,108,92,54.0,2.16,1.8399999999999999,54.0,45.99999999999999,216.0,52.40174672489083,195,108,0.0
1200,108,92,54.0,2.16,1.8399999999999999,54.0,45.99999999999999,216.0,52.40174672489083,195,108,0.0
1201,108,92,54.0,2.16,1.8399999999999999,54.0,45.99999999999999,216.0,52.40174672489083,195,108,0.0
1202,108,92,54.0,2.16,1.8399999999999999,54.0,45.99999999999999,216.0,52.40174672489083,195,108,0.0
1203,108,92,54.0,2.16,1.8399999999999999,54.0,45.99999999999999,216.0,52.40174672489083,195,108,0.0
1204,108,92,54.0,2.16,1.8399999999999999,54.0,45.99999999999999,216.0,52.40174672489083,195,108,0.0
1205,108,92,54.0,2.16,1.8399999999999999,54.0,45.99999999999999,216.0,52.40174672489083,195,108,0.0
1206,108,92,54.0,2.16,1.8399999999999999,54.0,45.99999999999999,216.0,52.40174672489083,195,108,0.0
1207,108,92,54.0,2.16,1.8399999999999999,54.0,45.99999999999999,216.0,52.40174672489083,195,108,0.0
1208,109,91,54.50000000000001,2.18,1.8199999999999998,54.5,45.49999999999999,218.0,52.886948083454634,196,109,2.0
1209,109,91,54.50000000000001,2.18,1.8199999999999998,54.5,45.49999999999999,218.0,52.886948083454634,196,109,0.0
1210,109,91,54.50000000000001,2.18,1.8199999999999998,54.5,45.49999999999999,218.0,52.886948083454634,196,109,0.0
1211,109,91,54.50000000000001,2.18,1.8199999999999998,54.5,45.49999999999999,218.0,52.886948083454634,196,109,0.0
1212,109,91,54.50000000000001,2.18,1.8199999999999998,54.5,45.49999999999999,218.0,52.886948083454634,196,109,0.0
1213,109,91,54.50000000000001,2.18,1.8199999999999998,54.5,45.49999999999999,218.0,52.886948083454634,196,109,0.0
1214,109,91,54.50000000000001,2.18,1.8199999999999998,54.5,45.49999999999999,218.0,52.886948083454634,196,109,0.0
1215,109,91,54.50000000000001,2.18,1.8199999999999998,54.5,45.49999999999999,218.0,52.886948083454634,196,109,0.0
1216,109,91,54.50000000000001,2.18,1.8199999999999998,54.5,45.49999999999999,218.0,52.886948083454634,196,109,0.0
1217,109,91,54.50000000000001,2.18,1.8199999999999998,54.5,45.49999999999999,218.0,52.886948083454634,197,109,0.0
1218,109,91,54.50000000000001,2.18,1.8199999999999998,54.5,45.49999999999999,218.0,52.886948083454634,197,109,0.0
1219,109,91,54.50000000000001,2.18,1.8199999999999998,54.5,45.49999999999999,218.0,52.886948083454634,197,109,0.0
1220,110,90,55.00000000000001,2.2,1.7999999999999998,55.0,44.99999999999999,220.0,53.37214944201843,198,110,2.0
1221,110,90,55.00000000000001,2.2,1.7999999999999998,55.0,44.99999999999999,220.0,53.37214944201843,198,110,0.0
1222,110,90,55.00000000000001,2.2,1.7999999999999998,55.0,44.99999999999999,220.0,53.37214944201843,198,110,0.0
1223,110,90,55.00000000000001,2.2,1.7999999999999998,55.0,44.99999999999999,220.0,53.37214944201843,198,110,0.0
1224,110,90,55.00000000000001,2.2,1.7999999999999998,55.0,44.99999999999999,220.0,53.37214944201843,198,110,0.0
1225,110,90,55.00000000000001,2.2,1.7999999999999998,55.0,44.99999999999999,220.0,53.37214944201843,198,110,0.0
1226,110,90,55.00000000000001,2.2,1.7999999999999998,55.0,44.99999999999999,220.0,53.37214944201843,198,110,0.0
1227,110,90,55.00000000000001,2.2,1.7999999999999998,55.0,44.99999999999999,220.0,53.37214944201843,198,110,0.0
1228,110,90,55.00000000000001,2.2,1.7999999999999998,55.0,44.99999999999999,220.0,53.37214944201843,198,110,0.0
1229,110,90,55.00000000000001,2.2,1.7999999999999998,55.0,44.99999999999999,220.0,53.37214944201843,198,110,0.0
1230,110,90,55.00000000000001,2.2,1.7999999999999998,55.0,44.99999999999999,220.0,53.37214944201843,198,110,0.0
1231,110,90,55.00000000000001,2.2,1.7999999999999998,55.0,44.99999999999999,220.0,53.37214944201843,198,110,0.0
1232,110,90,55.00000000000001,2.2,1.7999999999999998,55.0,44.99999999999999,220.0,53.37214944201843,198,110,0.0
1233,110,90,55.00000000000001,2.2,1.7999999999999998,55.0,44.99999999999999,220.0,53.37214944201843,198,110,0.0
1234,110,90,55.00000000000001,2.2,1.7999999999999998,55.0,44.99999999999999,220.0,53.37214944201843,198,110,0.0
1235,110,90,55.00000000000001,2.2,1.7999999999999998,55.0,44.99999999999999,220.0,53.37214944201843,198,110,0.0
1236,110,90,55.00000000000001,2.2,1.7999999999999998,55.0,44.99999999999999,220.0,53.37214944201843,198,110,0.0
1237,110,90,55.00000000000001,2.2,1.7999999999999998,55.0,44.99999999999999,220.0,53.37214944201843,198,110,0.0
1238,110,90,55.00000000000001,2.2,1.7999999999999998,55.0,44.99999999999999,220.0,53.37214944201843,198,110,0.0
1239,110,90,55.00000000000001,2.2,1.7999999999999998,55.0,44.99999999999999,220.0,53.37214944201843,198,110,0.0
1240,110,90,55.00000000000001,2.2,1.7999999999999998,55.0,44.99999999999999,220.0,53.37214944201843,198,110,0.0
1241,110,90,55.00000000000001,2.2,1.7999999999999998,55.0,44.99999999999999,220.0,53.37214944201843,198,110,0.0
1242,110,90,55.00000000000001,2.2,1.7999999999999998,55.0,44.99999999999999,220.0,53.37214944201843,198,110,0.0
1243,110,90,55.00000000000001,2.2,1.7999999999999998,55.0,44.99999999999999,220.0,53.37214944201843,198,110,0.0
1244,110,90,55.00000000000001,2.2,1.7999999999999998,55.0,44.99999999999999,220.0,53.37214944201843,198,110,0.0
1245,110,90,55.00000000000001,2.2,1.7999999999999998,55.0,44.99999999999999,220.0,53.37214944201843,198,110,0.0
1246,110,90,55.00000000000001,2.2,1.7999999999999998,55.0,44.99999999999999,220.0,53.37214944201843,198,110,0.0
1247,110,90,55.00000000000001,2.2,1.7999999999999998,55.0,44.99999999999999,220.0,53.37214944201843,198,110,0.0
1248,110,90,55.00000000000001,2.2,1.7999999999999998,55.0,44.99999999999999,220.0,53.37214944201843,198,110,0.0
1249,110,90,55.00000000000001,2.2,1.7999999999999998,55.0,44.99999999999999,220.0,53.37214944201843,198,110,0.0
1250,110,90,55.00000000000001,2.2,1.7999999999999998,55.0,44.99999999999999,220.0,53.37214944201843,198,110,0.0
1251,110,90,55.00000000000001,2.2,1.7999999999999998,55.0,44.99999999999999,220.0,53.37214944201843,198,110,0.0
1252,110,90,55.00000000000001,2.2,1.7999999999999998,55.0,44.99999999999999,220.0,53.37214944201843,198,110,0.0
1253,110,90,55.00000000000001,2.2,1.7999999999999998,55.0,44.99999999999999,220.0,53.37214944201843,198,110,0.0
1254,110,90,55.00000000000001,2.2,1.7999999999999998,55.0,44.99999999999999,220.0,53.37214944201843,198,110,0.0
1255,110,90,55.00000000000001,2.2,1.7999999999999998,55.0,44.99999999999999,220.0,53.37214944201843,198,110,0.0
1256,110,90,55.00000000000001,2.2,1.7999999999999998,55.0,44.99999999999999,220.0,53.37214944201843,198,110,0.0
1257,110,90,55.00000000000001,2.2,1.7999999999999998,55.0,44.99999999999999,220.0,53.37214944201843,198,110,0.0
1258,110,90,55.00000000000001,2.2,1.7999999999999998,55.0,44.99999999999999,220.0,53.37214944201843,198,110,0.0
1259,110,90,55.00000000000001,2.2,1.7999999999999998,55.0,44.99999999999999,220.0,53.37214944201843,198,110,0.0
1260,110,90,55.00000000000001,2.2,1.7999999999999998,55.0,44.99999999999999,220.0,53.37214944201843,198,110,0.0
1261,110,90,55.00000000000001,2.2,1.7999999999999998,55.0,44.99999999999999,220.0,53.37214944201843,198,110,0.0
1262,110,90,55.00000000000001,2.2,1.7999999999999998,55.0,44.99999999999999,220.0,53.37214944201843,198,110,0.0
1263,110,90,55.00000000000001,2.2,1.7999999999999998,55.0,44.99999999999999,220.0,53.37214944201843,198,110,0.0
1264,110,90,55.00000000000001,2.2,1.7999999999999998,55.0,44.99999999999999,220.0,53.37214944201843,198,110,0.0
1265,110,90,55.00000000000001,2.2,1.7999999999999998,55.0,44.99999999999999,220.0,53.37214944201843,198,110,0.0
1266,110,90,55.00000000000001,2.2,1.7999999999999998,55.0,44.99999999999999,220.0,53.37214944201843,198,110,0.0
1267,110,90,55.00000000000001,2.2,1.7999999999999998,55.0,44.99999999999999,220.0,53.37214944201843,198,110,0.0
1268,110,90,55.00000000000001,2.2,1.7999999999999998,55.0,44.99999999999999,220.0,53.37214944201843,198,110,0.0
1269,110,90,55.00000000000001,2.2,1.7999999999999998,55.0,44.99999999999999,220.0,53.37214944201843,198,110,0.0
1270,110,90,55.00000000000001,2.2,1.7999999999999998,55.0,44.99999999999999,220.0,53.37214944201843,198,110,0.0
1271,111,89,55.50000000000001,2.22,1.7799999999999998,55.50000000000001,44.49999999999999,222.00000000000003,53.857350800582246,199,111,2.0000000000000284
1272,111,89,55.50000000000001,2.22,1.7799999999999998,55.50000000000001,44.49999999999999,222.00000000000003,53.857350800582246,200,111,0.0
1273,111,89,55.50000000000001,2.22,1.7799999999999998,55.50000000000001,44.49999999999999,222.00000000000003,53.857350800582246,200,111,0.0
1274,111,89,55.50000000000001,2.22,1.7799999999999998,55.50000000000001,44.49999999999999,222.00000000000003,53.857350800582246,200,111,0.0
1275,111,89,55.50000000000001,2.22,1.7799999999999998,55.50000000000001,44.49999999999999,222.00000000000003,53.857350800582246,200,111,0.0
1276,111,89,55.50000000000001,2.22,1.7799999999999998,55.50000000000001,44.49999999999999,222.00000000000003,53.857350800582246,200,111,0.0
1277,111,89,55.50000000000001,2.22,1.7799999999999998,55.50000000000001,44.49999999999999,222.00000000000003,53.857350800582246,200,111,0.0
1278,112,88,56.00000000000001,2.24,1.7599999999999998,56.00000000000001,43.99999999999999,224.00000000000003,54.34255215914605,201,112,2.0
1279,112,88,56.00000000000001,2.24,1.7599999999999998,56.00000000000001,43.99999999999999,224.00000000000003,54.34255215914605,201,112,0.0
1280,112,88,56.00000000000001,2.24,1.7599999999999998,56.00000000000001,43.99999999999999,224.00000000000003,54.34255215914605,201,112,0.0
1281,112,88,56.00000000000001,2.24,1.7599999999999998,56.00000000000001,43.99999999999999,224.00000000000003,54.34255215914605,201,112,0.0
1282,112,88,56.00000000000001,2.24,1.7599999999999998,56.00000000000001,43.99999999999999,224.00000000000003,54.34255215914605,201,112,0.0
1283,112,88,56.00000000000001,2.24,1.7599999999999998,56.00000000000001,43.99999999999999,224.00000000000003,54.34255215914605,201,112,0.0
1284,112,88,56.00000000000001,2.24,1.7599999999999998,56.00000000000001,43.99999999999999,224.00000000000003,54.34255215914605,201,112,0.0
1285,112,88,56.00000000000001,2.24,1.7599999999999998,56.00000000000001,43.99999999999999,224.00000000000003,54.34255215914605,202,112,0.0
1286,112,88,56.00000000000001,2.24,1.7599999999999998,56.00000000000001,43.99999999999999,224.00000000000003,54.34255215914605,203,112,0.0
1287,112,88,56.00000000000001,2.24,1.7599999999999998,56.00000000000001,43.99999999999999,224.00000000000003,54.34255215914605,204,112,0.0
1288,112,88,56.00000000000001,2.24,1.7599999999999998,56.00000000000001,43.99999999999999,224.00000000000003,54.34255215914605,204,112,0.0
1289,112,88,56.00000000000001,2.24,1.7599999999999998,56.00000000000001,43.99999999999999,224.00000000000003,54.34255215914605,204,112,0.0
1290,112,88,56.00000000000001,2.24,1.7599999999999998,56.00000000000001,43.99999999999999,224.00000000000003,54.34255215914605,204,112,0.0
1291,112,88,56.00000000000001,2.24,1.7599999999999998,56.00000000000001,43.99999999999999,224.00000000000003,54.34255215914605,204,112,0.0
1292,112,88,56.00000000000001,2.24,1.7599999999999998,56.00000000000001,43.99999999999999,224.00000000000003,54.34255215914605,204,112,0.0
1293,112,88,56.00000000000001,2.24,1.7599999999999998,56.00000000000001,43.99999999999999,224.00000000000003,54.34255215914605,204,112,0.0
1294,112,88,56.00000000000001,2.24,1.7599999999999998,56.00000000000001,43.99999999999999,224.00000000000003,54.34255215914605,205,112,0.0
1295,112,88,56.00000000000001,2.24,1.7599999999999998,56.00000000000001,43.99999999999999,224.00000000000003,54.34255215914605,206,112,0.0
1296,112,88,56.00000000000001,2.24,1.7599999999999998,56.00000000000001,43.99999999999999,224.00000000000003,54.34255215914605,206,112,0.0
1297,112,88,56.00000000000001,2.24,1.7599999999999998,56.00000000000001,43.99999999999999,224.00000000000003,54.34255215914605,206,112,0.0
1298,113,87,56.49999999999999,2.2600000000000002,1.7399999999999998,56.50000000000001,43.49999999999999,226.00000000000003,54.82775351770985,207,113,2.0
1299,113,87,56.49999999999999,2.2600000000000002,1.7399999999999998,56.50000000000001,43.49999999999999,226.00000000000003,54.82775351770985,207,113,0.0
1300,113,87,56.49999999999999,2.2600000000000002,1.7399999999999998,56.50000000000001,43.49999999999999,226.00000000000003,54.82775351770985,207,113,0.0
1301,113,87,56.49999999999999,2.2600000000000002,1.7399999999999998,56.50000000000001,43.49999999999999,226.00000000000003,54.82775351770985,207,113,0.0
1302,113,87,56.49999999999999,2.2600000000000002,1.7399999999999998,56.50000000000001,43.49999999999999,226.00000000000003,54.82775351770985,207,113,0.0
1303,113,87,56.49999999999999,2.2600000000000002,1.7399999999999998,56.50000000000001,43.49999999999999,226.00000000000003,54.82775351770985,207,113,0.0
1304,113,87,56.49999999999999,2.2600000000000002,1.7399999999999998,56.50000000000001,43.49999999999999,226.00000000000003,54.82775351770985,207,113,0.0
1305,113,87,56.49999999999999,2.2600000000000002,1.7399999999999998,56.50000000000001,43.49999999999999,226.00000000000003,54.82775351770985,207,113,0.0
1306,113,87,56.49999999999999,2.2600000000000002,1.7399999999999998,56.50000000000001,43.49999999999999,226.00000000000003,54.82775351770985,207,113,0.0
1307,113,87,56.49999999999999,2.2600000000000002,1.7399999999999998,56.50000000000001,43.49999999999999,226.00000000000003,54.82775351770985,207,113,0.0
1308,113,87,56.49999999999999,2.2600000000000002,1.7399999999999998,56.50000000000001,43.49999999999999,226.00000000000003,54.82775351770985,207,113,0.0
1309,113,87,56.49999999999999,2.2600000000000002,1.7399999999999998,56.50000000000001,43.49999999999999,226.00000000000003,54.82775351770985,207,113,0.0
1310,114,86,56.99999999999999,2.2800000000000002,1.7199999999999998,57.00000000000001,42.99999999999999,228.00000000000003,55.31295487627366,208,114,2.0
1311,114,86,56.99999999999999,2.2800000000000002,1.7199999999999998,57.00000000000001,42.99999999999999,228.00000000000003,55.31295487627366,208,114,0.0
1312,114,86,56.99999999999999,2.2800000000000002,1.7199999999999998,57.00000000000001,42.99999999999999,228.00000000000003,55.31295487627366,208,114,0.0
1313,114,86,56.99999999999999,2.2800000000000002,1.7199999999999998,57.00000000000001,42.99999999999999,228.00000000000003,55.31295487627366,208,114,0.0
1314,114,86,56.99999999999999,2.2800000000000002,1.7199999999999998,57.00000000000001,42.99999999999999,228.00000000000003,55.31295487627366,208,114,0.0
1315,114,86,56.99999999999999,2.2800000000000002,1.7199999999999998,57.00000000000001,42.99999999999999,228.00000000000003,55.31295487627366,208,114,0.0
1316,114,86,56.99999999999999,2.2800000000000002,1.7199999999999998,57.00000000000001,42.99999999999999,228.00000000000003,55.31295487627366,208,114,0.0
1317,114,86,56.99999999999999,2.2800000000000002,1.7199999999999998,57.00000000000001,42.99999999999999,228.00000000000003,55.31295487627366,208,114,0.0
1318,114,86,56.99999999999999,2.2800000000000002,1.7199999999999998,57.00000000000001,42.99999999999999,228.00000000000003,55.31295487627366,208,114,0.0
1319,114,86,56.99999999999999,2.2800000000000002,1.7199999999999998,57.00000000000001,42.99999999999999,228.00000000000003,55.31295487627366,208,114,0.0
1320,114,86,56.99999999999999,2.2800000000000002,1.7199999999999998,57.00000000000001,42.99999999999999,228.00000000000003,55.31295487627366,208,114,0.0
1321,114,86,56.99999999999999,2.2800000000000002,1.7199999999999998,57.00000000000001,42.99999999999999,228.00000000000003,55.31295487627366,208,114,0.0
1322,114,86,56.99999999999999,2.2800000000000002,1.7199999999999998,57.00000000000001,42.99999999999999,228.00000000000003,55.31295487627366,208,114,0.0
1323,114,86,56.99999999999999,2.2800000000000002,1.7199999999999998,57.00000000000001,42.99999999999999,228.00000000000003,55.31295487627366,208,114,0.0
1324,114,86,56.99999999999999,2.2800000000000002,1.7199999999999998,57.00000000000001,42.99999999999999,228.00000000000003,55.31295487627366,208,114,0.0
1325,114,86,56.99999999999999,2.2800000000000002,1.7199999999999998,57.00000000000001,42.99999999999999,228.00000000000003,55.31295487627366,208,114,0.0
1326,114,86,56.99999999999999,2.2800000000000002,1.7199999999999998,57.00000000000001,42.99999999999999,228.00000000000003,55.31295487627366,208,114,0.0
1327,114,86,56.99999999999999,2.2800000000000002,1.7199999999999998,57.00000000000001,42.99999999999999,228.00000000000003,55.31295487627366,208,114,0.0
1328,115,85,57.49999999999999,2.3000000000000003,1.6999999999999997,57.50000000000001,42.49999999999999,230.00000000000003,55.79815623483747,209,115,2.0
1329,115,85,57.49999999999999,2.3000000000000003,1.6999999999999997,57.50000000000001,42.49999999999999,230.00000000000003,55.79815623483747,209,115,0.0
1330,116,84,57.99999999999999,2.32,1.6800000000000002,57.99999999999999,42.0,231.99999999999997,56.28335759340125,210,116,1.9999999999999432
1331,116,84,57.99999999999999,2.32,1.6800000000000002,57.99999999999999,42.0,231.99999999999997,56.28335759340125,211,116,0.0
1332,117,83,58.5,2.34,1.6600000000000001,58.49999999999999,41.5,233.99999999999997,56.76855895196506,213,117,2.0
1333,117,83,58.5,2.34,1.6600000000000001,58.49999999999999,41.5,233.99999999999997,56.76855895196506,214,117,0.0
1334,117,83,58.5,2.34,1.6600000000000001,58.49999999999999,41.5,233.99999999999997,56.76855895196506,215,117,0.0
1335,117,83,58.5,2.34,1.6600000000000001,58.49999999999999,41.5,233.99999999999997,56.76855895196506,216,117,0.0
1336,117,83,58.5,2.34,1.6600000000000001,58.49999999999999,41.5,233.99999999999997,56.76855895196506,216,117,0.0
1337,117,83,58.5,2.34,1.6600000000000001,58.49999999999999,41.5,233.99999999999997,56.76855895196506,216,117,0.0
1338,117,83,58.5,2.34,1.6600000000000001,58.49999999999999,41.5,233.99999999999997,56.76855895196506,216,117,0.0
1339,117,83,58.5,2.34,1.6600000000000001,58.49999999999999,41.5,233.99999999999997,56.76855895196506,216,117,0.0
1340,117,83,58.5,2.34,1.6600000000000001,58.49999999999999,41.5,233.99999999999997,56.76855895196506,216,117,0.0
1341,117,83,58.5,2.34,1.6600000000000001,58.49999999999999,41.5,233.99999999999997,56.76855895196506,216,117,0.0
1342,117,83,58.5,2.34,1.6600000000000001,58.49999999999999,41.5,233.99999999999997,56.76855895196506,216,117,0.0
1343,117,83,58.5,2.34,1.6600000000000001,58.49999999999999,41.5,233.99999999999997,56.76855895196506,216,117,0.0
1344,117,83,58.5,2.34,1.6600000000000001,58.49999999999999,41.5,233.99999999999997,56.76855895196506,216,117,0.0
1345,117,83,58.5,2.34,1.6600000000000001,58.49999999999999,41.5,233.99999999999997,56.76855895196506,216,117,0.0
1346,117,83,58.5,2.34,1.6600000000000001,58.49999999999999,41.5,233.99999999999997,56.76855895196506,216,117,0.0
1347,117,83,58.5,2.34,1.6600000000000001,58.49999999999999,41.5,233.99999999999997,56.76855895196506,216,117,0.0
1348,117,83,58.5,2.34,1.6600000000000001,58.49999999999999,41.5,233.99999999999997,56.76855895196506,216,117,0.0
1349,117,83,58.5,2.34,1.6600000000000001,58.49999999999999,41.5,233.99999999999997,56.76855895196506,216,117,0.0
1350,117,83,58.5,2.34,1.6600000000000001,58.49999999999999,41.5,233.99999999999997,56.76855895196506,216,117,0.0
1351,117,83,58.5,2.34,1.6600000000000001,58.49999999999999,41.5,233.99999999999997,56.76855895196506,216,117,0.0
1352,117,83,58.5,2.34,1.6600000000000001,58.49999999999999,41.5,233.99999999999997,56.76855895196506,216,117,0.0
1353,117,83,58.5,2.34,1.6600000000000001,58.49999999999999,41.5,233.99999999999997,56.76855895196506,216,117,0.0
1354,117,83,58.5,2.34,1.6600000000000001,58.49999999999999,41.5,233.99999999999997,56.76855895196506,216,117,0.0
1355,117,83,58.5,2.34,1.6600000000000001,58.49999999999999,41.5,233.99999999999997,56.76855895196506,216,117,0.0
1356,117,83,58.5,2.34,1.6600000000000001,58.49999999999999,41.5,233.99999999999997,56.76855895196506,216,117,0.0
1357,117,83,58.5,2.34,1.6600000000000001,58.49999999999999,41.5,233.99999999999997,56.76855895196506,216,117,0.0
1358,117,83,58.5,2.34,1.6600000000000001,58.49999999999999,41.5,233.99999999999997,56.76855895196506,216,117,0.0
1359,117,83,58.5,2.34,1.6600000000000001,58.49999999999999,41.5,233.99999999999997,56.76855895196506,216,117,0.0
1360,117,83,58.5,2.34,1.6600000000000001,58.49999999999999,41.5,233.99999999999997,56.76855895196506,216,117,0.0
1361,117,83,58.5,2.34,1.6600000000000001,58.49999999999999,41.5,233.99999999999997,56.76855895196506,216,117,0.0
1362,117,83,58.5,2.34,1.6600000000000001,58.49999999999999,41.5,233.99999999999997,56.76855895196506,216,117,0.0
1363,117,83,58.5,2.34,1.6600000000000001,58.49999999999999,41.5,233.99999999999997,56.76855895196506,216,117,0.0
1364,117,83,58.5,2.34,1.6600000000000001,58.49999999999999,41.5,233.99999999999997,56.76855895196506,216,117,0.0
1365,117,83,58.5,2.34,1.6600000000000001,58.49999999999999,41.5,233.99999999999997,56.76855895196506,216,117,0.0
1366,117,83,58.5,2.34,1.6600000000000001,58.49999999999999,41.5,233.99999999999997,56.76855895196506,216,117,0.0
1367,117,83,58.5,2.34,1.6600000000000001,58.49999999999999,41.5,233.99999999999997,56.76855895196506,216,117,0.0
1368,117,83,58.5,2.34,1.6600000000000001,58.49999999999999,41.5,233.99999999999997,56.76855895196506,216,117,0.0
1369,117,83,58.5,2.34,1.6600000000000001,58.49999999999999,41.5,233.99999999999997,56.76855895196506,217,117,0.0
1370,117,83,58.5,2.34,1.6600000000000001,58.49999999999999,41.5,233.99999999999997,56.76855895196506,218,117,0.0
1371,117,83,58.5,2.34,1.6600000000000001,58.49999999999999,41.5,233.99999999999997,56.76855895196506,219,117,0.0
1372,117,83,58.5,2.34,1.6600000000000001,58.49999999999999,41.5,233.99999999999997,56.76855895196506,219,117,0.0
1373,117,83,58.5,2.34,1.6600000000000001,58.49999999999999,41.5,233.99999999999997,56.76855895196506,219,117,0.0
1374,117,83,58.5,2.34,1.6600000000000001,58.49999999999999,41.5,233.99999999999997,56.76855895196506,219,117,0.0
1375,117,83,58.5,2.34,1.6600000000000001,58.49999999999999,41.5,233.99999999999997,56.76855895196506,219,117,0.0
1376,117,83,58.5,2.34,1.6600000000000001,58.49999999999999,41.5,233.99999999999997,56.76855895196506,219,117,0.0
1377,117,83,58.5,2.34,1.6600000000000001,58.49999999999999,41.5,233.99999999999997,56.76855895196506,219,117,0.0
1378,117,83,58.5,2.34,1.6600000000000001,58.49999999999999,41.5,233.99999999999997,56.76855895196506,219,117,0.0
1379,117,83,58.5,2.34,1.6600000000000001,58.49999999999999,41.5,233.99999999999997,56.76855895196506,219,117,0.0
1380,117,83,58.5,2.34,1.6600000000000001,58.49999999999999,41.5,233.99999999999997,56.76855895196506,219,117,0.0
1381,117,83,58.5,2.34,1.6600000000000001,58.49999999999999,41.5,233.99999999999997,56.76855895196506,219,117,0.0
1382,117,83,58.5,2.34,1.6600000000000001,58.49999999999999,41.5,233.99999999999997,56.76855895196506,219,117,0.0
1383,117,83,58.5,2.34,1.6600000000000001,58.49999999999999,41.5,233.99999999999997,56.76855895196506,219,117,0.0
1384,117,83,58.5,2.34,1.6600000000000001,58.49999999999999,41.5,233.99999999999997,56.76855895196506,219,117,0.0
1385,117,83,58.5,2.34,1.6600000000000001,58.49999999999999,41.5,233.99999999999997,56.76855895196506,219,117,0.0
1386,117,83,58.5,2.34,1.6600000000000001,58.49999999999999,41.5,233.99999999999997,56.76855895196506,220,117,0.0
1387,117,83,58.5,2.34,1.6600000000000001,58.49999999999999,41.5,233.99999999999997,56.76855895196506,220,117,0.0
1388,117,83,58.5,2.34,1.6600000000000001,58.49999999999999,41.5,233.99999999999997,56.76855895196506,221,117,0.0
1389,117,83,58.5,2.34,1.6600000000000001,58.49999999999999,41.5,233.99999999999997,56.76855895196506,221,117,0.0
1390,117,83,58.5,2.34,1.6600000000000001,58.49999999999999,41.5,233.99999999999997,56.76855895196506,221,117,0.0
1391,117,83,58.5,2.34,1.6600000000000001,58.49999999999999,41.5,233.99999999999997,56.76855895196506,221,117,0.0
1392,117,83,58.5,2.34,1.6600000000000001,58.49999999999999,41.5,233.99999999999997,56.76855895196506,221,117,0.0
1393,117,83,58.5,2.34,1.6600000000000001,58.49999999999999,41.5,233.99999999999997,56.76855895196506,221,117,0.0
1394,117,83,58.5,2.34,1.6600000000000001,58.49999999999999,41.5,233.99999999999997,56.76855895196506,221,117,0.0
1395,117,83,58.5,2.34,1.6600000000000001,58.49999999999999,41.5,233.99999999999997,56.76855895196506,221,117,0.0
1396,117,83,58.5,2.34,1.6600000000000001,58.49999999999999,41.5,233.99999999999997,56.76855895196506,222,117,0.0
1397,117,83,58.5,2.34,1.6600000000000001,58.49999999999999,41.5,233.99999999999997,56.76855895196506,223,117,0.0
1398,117,83,58.5,2.34,1.6600000000000001,58.49999999999999,41.5,233.99999999999997,56.76855895196506,223,117,0.0
1399,117,83,58.5,2.34,1.6600000000000001,58.49999999999999,41.5,233.99999999999997,56.76855895196506,223,117,0.0
1400,117,83,58.5,2.34,1.6600000000000001,58.49999999999999,41.5,233.99999999999997,56.76855895196506,223,117,0.0
1401,117,83,58.5,2.34,1.6600000000000001,58.49999999999999,41.5,233.99999999999997,56.76855895196506,223,117,0.0
1402,117,83,58.5,2.34,1.6600000000000001,58.49999999999999,41.5,233.99999999999997,56.76855895196506,223,117,0.0
1403,117,83,58.5,2.34,1.6600000000000001,58.49999999999999,41.5,233.99999999999997,56.76855895196506,224,117,0.0
1404,117,83,58.5,2.34,1.6600000000000001,58.49999999999999,41.5,233.99999999999997,56.76855895196506,224,117,0.0
1405,117,83,58.5,2.34,1.6600000000000001,58.49999999999999,41.5,233.99999999999997,56.76855895196506,224,117,0.0
1406,117,83,58.5,2.34,1.6600000000000001,58.49999999999999,41.5,233.99999999999997,56.76855895196506,224,117,0.0
1407,117,83,58.5,2.34,1.6600000000000001,58.49999999999999,41.5,233.99999999999997,56.76855895196506,225,117,0.0
1408,117,83,58.5,2.34,1.6600000000000001,58.49999999999999,41.5,233.99999999999997,56.76855895196506,225,117,0.0
1409,117,83,58.5,2.34,1.6600000000000001,58.49999999999999,41.5,233.99999999999997,56.76855895196506,225,117,0.0
1410,117,83,58.5,2.34,1.6600000000000001,58.49999999999999,41.5,233.99999999999997,56.76855895196506,225,117,0.0
1411,117,83,58.5,2.34,1.6600000000000001,58.49999999999999,41.5,233.99999999999997,56.76855895196506,225,117,0.0
1412,118,82,59.0,2.36,1.6400000000000001,58.99999999999999,41.0,235.99999999999997,57.25376031052887,226,118,2.0
1413,118,82,59.0,2.36,1.6400000000000001,58.99999999999999,41.0,235.99999999999997,57.25376031052887,226,118,0.0
1414,118,82,59.0,2.36,1.6400000000000001,58.99999999999999,41.0,235.99999999999997,57.25376031052887,226,118,0.0
1415,118,82,59.0,2.36,1.6400000000000001,58.99999999999999,41.0,235.99999999999997,57.25376031052887,226,118,0.0
1416,118,82,59.0,2.36,1.6400000000000001,58.99999999999999,41.0,235.99999999999997,57.25376031052887,226,118,0.0
1417,118,82,59.0,2.36,1.6400000000000001,58.99999999999999,41.0,235.99999999999997,57.25376031052887,226,118,0.0
1418,118,82,59.0,2.36,1.6400000000000001,58.99999999999999,41.0,235.99999999999997,57.25376031052887,226,118,0.0
1419,118,82,59.0,2.36,1.6400000000000001,58.99999999999999,41.0,235.99999999999997,57.25376031052887,226,118,0.0
1420,118,82,59.0,2.36,1.6400000000000001,58.99999999999999,41.0,235.99999999999997,57.25376031052887,226,118,0.0
1421,118,82,59.0,2.36,1.6400000000000001,58.99999999999999,41.0,235.99999999999997,57.25376031052887,226,118,0.0
1422,118,82,59.0,2.36,1.6400000000000001,58.99999999999999,41.0,235.99999999999997,57.25376031052887,226,118,0.0
1423,118,82,59.0,2.36,1.6400000000000001,58.99999999999999,41.0,235.99999999999997,57.25376031052887,226,118,0.0
1424,118,82,59.0,2.36,1.6400000000000001,58.99999999999999,41.0,235.99999999999997,57.25376031052887,226,118,0.0
1425,118,82,59.0,2.36,1.6400000000000001,58.99999999999999,41.0,235.99999999999997,57.25376031052887,226,118,0.0
1426,118,82,59.0,2.36,1.6400000000000001,58.99999999999999,41.0,235.99999999999997,57.25376031052887,227,118,0.0
1427,118,82,59.0,2.36,1.6400000000000001,58.99999999999999,41.0,235.99999999999997,57.25376031052887,227,118,0.0
1428,118,82,59.0,2.36,1.6400000000000001,58.99999999999999,41.0,235.99999999999997,57.25376031052887,227,118,0.0
1429,118,82,59.0,2.36,1.6400000000000001,58.99999999999999,41.0,235.99999999999997,57.25376031052887,227,118,0.0
1430,118,82,59.0,2.36,1.6400000000000001,58.99999999999999,41.0,235.99999999999997,57.25376031052887,227,118,0.0
1431,118,82,59.0,2.36,1.6400000000000001,58.99999999999999,41.0,235.99999999999997,57.25376031052887,227,118,0.0
1432,118,82,59.0,2.36,1.6400000000000001,58.99999999999999,41.0,235.99999999999997,57.25376031052887,227,118,0.0
1433,118,82,59.0,2.36,1.6400000000000001,58.99999999999999,41.0,235.99999999999997,57.25376031052887,227,118,0.0
1434,118,82,59.0,2.36,1.6400000000000001,58.99999999999999,41.0,235.99999999999997,57.25376031052887,227,118,0.0
1435,118,82,59.0,2.36,1.6400000000000001,58.99999999999999,41.0,235.99999999999997,57.25376031052887,228,118,0.0
1436,118,82,59.0,2.36,1.6400000000000001,58.99999999999999,41.0,235.99999999999997,57.25376031052887,229,118,0.0
1437,118,82,59.0,2.36,1.6400000000000001,58.99999999999999,41.0,235.99999999999997,57.25376031052887,229,118,0.0
1438,118,82,59.0,2.36,1.6400000000000001,58.99999999999999,41.0,235.99999999999997,57.25376031052887,229,118,0.0
1439,118,82,59.0,2.36,1.6400000000000001,58.99999999999999,41.0,235.99999999999997,57.25376031052887,229,118,0.0
1440,119,81,59.5,2.38,1.62,59.49999999999999,40.5,237.99999999999997,57.73896166909267,230,119,2.0
1441,119,81,59.5,2.38,1.62,59.49999999999999,40.5,237.99999999999997,57.73896166909267,230,119,0.0
1442,119,81,59.5,2.38,1.62,59.49999999999999,40.5,237.99999999999997,57.73896166909267,230,119,0.0
1443,119,81,59.5,2.38,1.62,59.49999999999999,40.5,237.99999999999997,57.73896166909267,230,119,0.0
1444,119,81,59.5,2.38,1.62,59.49999999999999,40.5,237.99999999999997,57.73896166909267,230,119,0.0
1445,119,81,59.5,2.38,1.62,59.49999999999999,40.5,237.99999999999997,57.73896166909267,230,119,0.0
1446,119,81,59.5,2.38,1.62,59.49999999999999,40.5,237.99999999999997,57.73896166909267,230,119,0.0
1447,119,81,59.5,2.38,1.62,59.49999999999999,40.5,237.99999999999997,57.73896166909267,230,119,0.0
1448,119,81,59.5,2.38,1.62,59.49999999999999,40.5,237.99999999999997,57.73896166909267,231,119,0.0
1449,119,81,59.5,2.38,1.62,59.49999999999999,40.5,237.99999999999997,57.73896166909267,231,119,0.0
1450,119,81,59.5,2.38,1.62,59.49999999999999,40.5,237.99999999999997,57.73896166909267,231,119,0.0
1451,119,81,59.5,2.38,1.62,59.49999999999999,40.5,237.99999999999997,57.73896166909267,231,119,0.0
1452,119,81,59.5,2.38,1.62,59.49999999999999,40.5,237.99999999999997,57.73896166909267,231,119,0.0
1453,119,81,59.5,2.38,1.62,59.49999999999999,40.5,237.99999999999997,57.73896166909267,231,119,0.0
1454,119,81,59.5,2.38,1.62,59.49999999999999,40.5,237.99999999999997,57.73896166909267,231,119,0.0
1455,119,81,59.5,2.38,1.62,59.49999999999999,40.5,237.99999999999997,57.73896166909267,231,119,0.0
1456,119,81,59.5,2.38,1.62,59.49999999999999,40.5,237.99999999999997,57.73896166909267,231,119,0.0
1457,119,81,59.5,2.38,1.62,59.49999999999999,40.5,237.99999999999997,57.73896166909267,231,119,0.0
1458,119,81,59.5,2.38,1.62,59.49999999999999,40.5,237.99999999999997,57.73896166909267,231,119,0.0
1459,119,81,59.5,2.38,1.62,59.49999999999999,40.5,237.99999999999997,57.73896166909267,231,119,0.0
1460,119,81,59.5,2.38,1.62,59.49999999999999,40.5,237.99999999999997,57.73896166909267,231,119,0.0
1461,119,81,59.5,2.38,1.62,59.49999999999999,40.5,237.99999999999997,57.73896166909267,231,119,0.0
1462,119,81,59.5,2.38,1.62,59.49999999999999,40.5,237.99999999999997,57.73896166909267,231,119,0.0
1463,119,81,59.5,2.38,1.62,59.49999999999999,40.5,237.99999999999997,57.73896166909267,231,119,0.0
1464,119,81,59.5,2.38,1.62,59.49999999999999,40.5,237.99999999999997,57.73896166909267,231,119,0.0
1465,119,81,59.5,2.38,1.62,59.49999999999999,40.5,237.99999999999997,57.73896166909267,231,119,0.0
1466,119,81,59.5,2.38,1.62,59.49999999999999,40.5,237.99999999999997,57.73896166909267,231,119,0.0
1467,119,81,59.5,2.38,1.62,59.49999999999999,40.5,237.99999999999997,57.73896166909267,231,119,0.0
1468,119,81,59.5,2.38,1.62,59.49999999999999,40.5,237.99999999999997,57.73896166909267,231,119,0.0
1469,119,81,59.5,2.38,1.62,59.49999999999999,40.5,237.99999999999997,57.73896166909267,231,119,0.0
1470,119,81,59.5,2.38,1.62,59.49999999999999,40.5,237.99999999999997,57.73896166909267,231,119,0.0
1471,119,81,59.5,2.38,1.62,59.49999999999999,40.5,237.99999999999997,57.73896166909267,232,119,0.0
1472,119,81,59.5,2.38,1.62,59.49999999999999,40.5,237.99999999999997,57.73896166909267,233,119,0.0
1473,119,81,59.5,2.38,1.62,59.49999999999999,40.5,237.99999999999997,57.73896166909267,234,119,0.0
1474,119,81,59.5,2.38,1.62,59.49999999999999,40.5,237.99999999999997,57.73896166909267,234,119,0.0
1475,119,81,59.5,2.38,1.62,59.49999999999999,40.5,237.99999999999997,57.73896166909267,234,119,0.0
1476,119,81,59.5,2.38,1.62,59.49999999999999,40.5,237.99999999999997,57.73896166909267,234,119,0.0
1477,119,81,59.5,2.38,1.62,59.49999999999999,40.5,237.99999999999997,57.73896166909267,234,119,0.0
1478,119,81,59.5,2.38,1.62,59.49999999999999,40.5,237.99999999999997,57.73896166909267,234,119,0.0
1479,119,81,59.5,2.38,1.62,59.49999999999999,40.5,237.99999999999997,57.73896166909267,234,119,0.0
1480,119,81,59.5,2.38,1.62,59.49999999999999,40.5,237.99999999999997,57.73896166909267,234,119,0.0
1481,119,81,59.5,2.38,1.62,59.49999999999999,40.5,237.99999999999997,57.73896166909267,234,119,0.0
1482,119,81,59.5,2.38,1.62,59.49999999999999,40.5,237.99999999999997,57.73896166909267,234,119,0.0
1483,119,81,59.5,2.38,1.62,59.49999999999999,40.5,237.99999999999997,57.73896166909267,234,119,0.0
1484,119,81,59.5,2.38,1.62,59.49999999999999,40.5,237.99999999999997,57.73896166909267,234,119,0.0
1485,119,81,59.5,2.38,1.62,59.49999999999999,40.5,237.99999999999997,57.73896166909267,234,119,0.0
1486,119,81,59.5,2.38,1.62,59.49999999999999,40.5,237.99999999999997,57.73896166909267,234,119,0.0
1487,119,81,59.5,2.38,1.62,59.49999999999999,40.5,237.99999999999997,57.73896166909267,234,119,0.0
1488,119,81,59.5,2.38,1.62,59.49999999999999,40.5,237.99999999999997,57.73896166909267,235,119,0.0
1489,119,81,59.5,2.38,1.62,59.49999999999999,40.5,237.99999999999997,57.73896166909267,237,119,0.0
1490,119,81,59.5,2.38,1.62,59.49999999999999,40.5,237.99999999999997,57.73896166909267,239,119,0.0
1491,119,81,59.5,2.38,1.62,59.49999999999999,40.5,237.99999999999997,57.73896166909267,239,119,0.0
1492,119,81,59.5,2.38,1.62,59.49999999999999,40.5,237.99999999999997,57.73896166909267,240,119,0.0
1493,119,81,59.5,2.38,1.62,59.49999999999999,40.5,237.99999999999997,57.73896166909267,241,119,0.0
1494,119,81,59.5,2.38,1.62,59.49999999999999,40.5,237.99999999999997,57.73896166909267,242,119,0.0
1495,119,81,59.5,2.38,1.62,59.49999999999999,40.5,237.99999999999997,57.73896166909267,243,119,0.0
1496,119,81,59.5,2.38,1.62,59.49999999999999,40.5,237.99999999999997,57.73896166909267,243,119,0.0
1497,119,81,59.5,2.38,1.62,59.49999999999999,40.5,237.99999999999997,57.73896166909267,243,119,0.0
1498,119,81,59.5,2.38,1.62,59.49999999999999,40.5,237.99999999999997,57.73896166909267,244,119,0.0
1499,119,81,59.5,2.38,1.62,59.49999999999999,40.5,237.99999999999997,57.73896166909267,244,119,0.0
1500,119,81,59.5,2.38,1.62,59.49999999999999,40.5,237.99999999999997,57.73896166909267,245,119,0.0
1501,119,81,59.5,2.38,1.62,59.49999999999999,40.5,237.99999999999997,57.73896166909267,246,119,0.0
1502,119,81,59.5,2.38,1.62,59.49999999999999,40.5,237.99999999999997,57.73896166909267,246,119,0.0
1503,119,81,59.5,2.38,1.62,59.49999999999999,40.5,237.99999999999997,57.73896166909267,246,119,0.0
1504,119,81,59.5,2.38,1.62,59.49999999999999,40.5,237.99999999999997,57.73896166909267,246,119,0.0
1505,119,81,59.5,2.38,1.62,59.49999999999999,40.5,237.99999999999997,57.73896166909267,247,119,0.0
1506,119,81,59.5,2.38,1.62,59.49999999999999,40.5,237.99999999999997,57.73896166909267,247,119,0.0
1507,119,81,59.5,2.38,1.62,59.49999999999999,40.5,237.99999999999997,57.73896166909267,247,119,0.0
1508,119,81,59.5,2.38,1.62,59.49999999999999,40.5,237.99999999999997,57.73896166909267,247,119,0.0
1509,119,81,59.5,2.38,1.62,59.49999999999999,40.5,237.99999999999997,57.73896166909267,248,119,0.0
1510,119,81,59.5,2.38,1.62,59.49999999999999,40.5,237.99999999999997,57.73896166909267,249,119,0.0
1511,119,81,59.5,2.38,1.62,59.49999999999999,40.5,237.99999999999997,57.73896166909267,250,119,0.0
1512,119,81,59.5,2.38,1.62,59.49999999999999,40.5,237.99999999999997,57.73896166909267,250,119,0.0
1513,119,81,59.5,2.38,1.62,59.49999999999999,40.5,237.99999999999997,57.73896166909267,250,119,0.0
1514,119,81,59.5,2.38,1.62,59.49999999999999,40.5,237.99999999999997,57.73896166909267,250,119,0.0
1515,119,81,59.5,2.38,1.62,59.49999999999999,40.5,237.99999999999997,57.73896166909267,250,119,0.0
1516,119,81,59.5,2.38,1.62,59.49999999999999,40.5,237.99999999999997,57.73896166909267,250,119,0.0
1517,119,81,59.5,2.38,1.62,59.49999999999999,40.5,237.99999999999997,57.73896166909267,250,119,0.0
1518,119,81,59.5,2.38,1.62,59.49999999999999,40.5,237.99999999999997,57.73896166909267,250,119,0.0
1519,119,81,59.5,2.38,1.62,59.49999999999999,40.5,237.99999999999997,57.73896166909267,250,119,0.0
1520,119,81,59.5,2.38,1.62,59.49999999999999,40.5,237.99999999999997,57.73896166909267,250,119,0.0
1521,119,81,59.5,2.38,1.62,59.49999999999999,40.5,237.99999999999997,57.73896166909267,250,119,0.0
1522,119,81,59.5,2.38,1.62,59.49999999999999,40.5,237.99999999999997,57.73896166909267,250,119,0.0
1523,119,81,59.5,2.38,1.62,59.49999999999999,40.5,237.99999999999997,57.73896166909267,250,119,0.0
1524,120,80,60.0,2.4,1.6,60.0,40.0,240.0,58.22416302765648,251,120,2.0000000000000284
1525,120,80,60.0,2.4,1.6,60.0,40.0,240.0,58.22416302765648,252,120,0.0
1526,120,80,60.0,2.4,1.6,60.0,40.0,240.0,58.22416302765648,252,120,0.0
1527,120,80,60.0,2.4,1.6,60.0,40.0,240.0,58.22416302765648,253,120,0.0
1528,120,80,60.0,2.4,1.6,60.0,40.0,240.0,58.22416302765648,253,120,0.0
1529,120,80,60.0,2.4,1.6,60.0,40.0,240.0,58.22416302765648,253,120,0.0
1530,120,80,60.0,2.4,1.6,60.0,40.0,240.0,58.22416302765648,253,120,0.0
1531,120,80,60.0,2.4,1.6,60.0,40.0,240.0,58.22416302765648,253,120,0.0
1532,120,80,60.0,2.4,1.6,60.0,40.0,240.0,58.22416302765648,253,120,0.0
1533,120,80,60.0,2.4,1.6,60.0,40.0,240.0,58.22416302765648,253,120,0.0
1534,120,80,60.0,2.4,1.6,60.0,40.0,240.0,58.22416302765648,253,120,0.0
1535,120,80,60.0,2.4,1.6,60.0,40.0,240.0,58.22416302765648,253,120,0.0
1536,120,80,60.0,2.4,1.6,60.0,40.0,240.0,58.22416302765648,253,120,0.0
1537,120,80,60.0,2.4,1.6,60.0,40.0,240.0,58.22416302765648,253,120,0.0
1538,120,80,60.0,2.4,1.6,60.0,40.0,240.0,58.22416302765648,253,120,0.0
1539,120,80,60.0,2.4,1.6,60.0,40.0,240.0,58.22416302765648,253,120,0.0
1540,120,80,60.0,2.4,1.6,60.0,40.0,240.0,58.22416302765648,253,120,0.0
1541,120,80,60.0,2.4,1.6,60.0,40.0,240.0,58.22416302765648,254,120,0.0
1542,120,80,60.0,2.4,1.6,60.0,40.0,240.0,58.22416302765648,255,120,0.0
1543,120,80,60.0,2.4,1.6,60.0,40.0,240.0,58.22416302765648,255,120,0.0
1544,120,80,60.0,2.4,1.6,60.0,40.0,240.0,58.22416302765648,255,120,0.0
1545,120,80,60.0,2.4,1.6,60.0,40.0,240.0,58.22416302765648,255,120,0.0
1546,120,80,60.0,2.4,1.6,60.0,40.0,240.0,58.22416302765648,255,120,0.0
1547,120,80,60.0,2.4,1.6,60.0,40.0,240.0,58.22416302765648,255,120,0.0
1548,120,80,60.0,2.4,1.6,60.0,40.0,240.0,58.22416302765648,256,120,0.0
1549,120,80,60.0,2.4,1.6,60.0,40.0,240.0,58.22416302765648,257,120,0.0
1550,120,80,60.0,2.4,1.6,60.0,40.0,240.0,58.22416302765648,257,120,0.0
1551,120,80,60.0,2.4,1.6,60.0,40.0,240.0,58.22416302765648,258,120,0.0
1552,120,80,60.0,2.4,1.6,60.0,40.0,240.0,58.22416302765648,258,120,0.0
1553,120,80,60.0,2.4,1.6,60.0,40.0,240.0,58.22416302765648,258,120,0.0
1554,120,80,60.0,2.4,1.6,60.0,40.0,240.0,58.22416302765648,258,120,0.0
1555,120,80,60.0,2.4,1.6,60.0,40.0,240.0,58.22416302765648,258,120,0.0
1556,120,80,60.0,2.4,1.6,60.0,40.0,240.0,58.22416302765648,258,120,0.0
1557,120,80,60.0,2.4,1.6,60.0,40.0,240.0,58.22416302765648,258,120,0.0
1558,120,80,60.0,2.4,1.6,60.0,40.0,240.0,58.22416302765648,258,120,0.0
1559,120,80,60.0,2.4,1.6,60.0,40.0,240.0,58.22416302765648,258,120,0.0
1560,120,80,60.0,2.4,1.6,60.0,40.0,240.0,58.22416302765648,258,120,0.0
1561,121,79,60.5,2.42,1.58,60.5,39.5,242.0,58.70936438622029,259,121,2.0
1562,121,79,60.5,2.42,1.58,60.5,39.5,242.0,58.70936438622029,259,121,0.0
1563,121,79,60.5,2.42,1.58,60.5,39.5,242.0,58.70936438622029,259,121,0.0
1564,121,79,60.5,2.42,1.58,60.5,39.5,242.0,58.70936438622029,259,121,0.0
1565,121,79,60.5,2.42,1.58,60.5,39.5,242.0,58.70936438622029,260,121,0.0
1566,121,79,60.5,2.42,1.58,60.5,39.5,242.0,58.70936438622029,261,121,0.0
1567,121,79,60.5,2.42,1.58,60.5,39.5,242.0,58.70936438622029,261,121,0.0
1568,121,79,60.5,2.42,1.58,60.5,39.5,242.0,58.70936438622029,261,121,0.0
1569,121,79,60.5,2.42,1.58,60.5,39.5,242.0,58.70936438622029,261,121,0.0
1570,121,79,60.5,2.42,1.58,60.5,39.5,242.0,58.70936438622029,261,121,0.0
1571,121,79,60.5,2.42,1.58,60.5,39.5,242.0,58.70936438622029,261,121,0.0
1572,121,79,60.5,2.42,1.58,60.5,39.5,242.0,58.70936438622029,261,121,0.0
1573,121,79,60.5,2.42,1.58,60.5,39.5,242.0,58.70936438622029,261,121,0.0
1574,121,79,60.5,2.42,1.58,60.5,39.5,242.0,58.70936438622029,261,121,0.0
1575,121,79,60.5,2.42,1.58,60.5,39.5,242.0,58.70936438622029,262,121,0.0
1576,121,79,60.5,2.42,1.58,60.5,39.5,242.0,58.70936438622029,263,121,0.0
1577,121,79,60.5,2.42,1.58,60.5,39.5,242.0,58.70936438622029,263,121,0.0
1578,121,79,60.5,2.42,1.58,60.5,39.5,242.0,58.70936438622029,264,121,0.0
1579,121,79,60.5,2.42,1.58,60.5,39.5,242.0,58.70936438622029,264,121,0.0
1580,121,79,60.5,2.42,1.58,60.5,39.5,242.0,58.70936438622029,265,121,0.0
1581,121,79,60.5,2.42,1.58,60.5,39.5,242.0,58.70936438622029,265,121,0.0
1582,121,79,60.5,2.42,1.58,60.5,39.5,242.0,58.70936438622029,265,121,0.0
1583,121,79,60.5,2.42,1.58,60.5,39.5,242.0,58.70936438622029,265,121,0.0
1584,121,79,60.5,2.42,1.58,60.5,39.5,242.0,58.70936438622029,265,121,0.0
1585,121,79,60.5,2.42,1.58,60.5,39.5,242.0,58.70936438622029,265,121,0.0
1586,121,79,60.5,2.42,1.58,60.5,39.5,242.0,58.70936438622029,265,121,0.0
1587,121,79,60.5,2.42,1.58,60.5,39.5,242.0,58.70936438622029,265,121,0.0
1588,121,79,60.5,2.42,1.58,60.5,39.5,242.0,58.70936438622029,265,121,0.0
1589,121,79,60.5,2.42,1.58,60.5,39.5,242.0,58.70936438622029,265,121,0.0
1590,121,79,60.5,2.42,1.58,60.5,39.5,242.0,58.70936438622029,265,121,0.0
1591,122,78,61.0,2.44,1.56,61.0,39.0,244.0,59.194565744784086,266,122,2.0
1592,122,78,61.0,2.44,1.56,61.0,39.0,244.0,59.194565744784086,266,122,0.0
1593,122,78,61.0,2.44,1.56,61.0,39.0,244.0,59.194565744784086,266,122,0.0
1594,122,78,61.0,2.44,1.56,61.0,39.0,244.0,59.194565744784086,266,122,0.0
1595,122,78,61.0,2.44,1.56,61.0,39.0,244.0,59.194565744784086,266,122,0.0
1596,122,78,61.0,2.44,1.56,61.0,39.0,244.0,59.194565744784086,266,122,0.0
1597,122,78,61.0,2.44,1.56,61.0,39.0,244.0,59.194565744784086,266,122,0.0
1598,122,78,61.0,2.44,1.56,61.0,39.0,244.0,59.194565744784086,266,122,0.0
1599,122,78,61.0,2.44,1.56,61.0,39.0,244.0,59.194565744784086,266,122,0.0
1600,122,78,61.0,2.44,1.56,61.0,39.0,244.0,59.194565744784086,266,122,0.0
1601,122,78,61.0,2.44,1.56,61.0,39.0,244.0,59.194565744784086,266,122,0.0
1602,122,78,61.0,2.44,1.56,61.0,39.0,244.0,59.194565744784086,266,122,0.0
1603,123,77,61.5,2.46,1.54,61.5,38.5,246.0,59.67976710334789,267,123,2.0
1604,123,77,61.5,2.46,1.54,61.5,38.5,246.0,59.67976710334789,267,123,0.0
1605,123,77,61.5,2.46,1.54,61.5,38.5,246.0,59.67976710334789,267,123,0.0
1606,124,76,62.0,2.48,1.52,62.0,38.0,248.0,60.16496846191169,268,124,2.0
1607,124,76,62.0,2.48,1.52,62.0,38.0,248.0,60.16496846191169,268,124,0.0
1608,124,76,62.0,2.48,1.52,62.0,38.0,248.0,60.16496846191169,268,124,0.0
1609,124,76,62.0,2.48,1.52,62.0,38.0,248.0,60.16496846191169,268,124,0.0
1610,124,76,62.0,2.48,1.52,62.0,38.0,248.0,60.16496846191169,268,124,0.0
1611,124,76,62.0,2.48,1.52,62.0,38.0,248.0,60.16496846191169,268,124,0.0
1612,124,76,62.0,2.48,1.52,62.0,38.0,248.0,60.16496846191169,268,124,0.0
1613,124,76,62.0,2.48,1.52,62.0,38.0,248.0,60.16496846191169,268,124,0.0
1614,124,76,62.0,2.48,1.52,62.0,38.0,248.0,60.16496846191169,268,124,0.0
1615,124,76,62.0,2.48,1.52,62.0,38.0,248.0,60.16496846191169,268,124,0.0
1616,124,76,62.0,2.48,1.52,62.0,38.0,248.0,60.16496846191169,268,124,0.0
1617,124,76,62.0,2.48,1.52,62.0,38.0,248.0,60.16496846191169,268,124,0.0
1618,124,76,62.0,2.48,1.52,62.0,38.0,248.0,60.16496846191169,268,124,0.0
1619,124,76,62.0,2.48,1.52,62.0,38.0,248.0,60.16496846191169,268,124,0.0
1620,124,76,62.0,2.48,1.52,62.0,38.0,248.0,60.16496846191169,268,124,0.0
1621,124,76,62.0,2.48,1.52,62.0,38.0,248.0,60.16496846191169,268,124,0.0
1622,124,76,62.0,2.48,1.52,62.0,38.0,248.0,60.16496846191169,268,124,0.0
1623,124,76,62.0,2.48,1.52,62.0,38.0,248.0,60.16496846191169,268,124,0.0
1624,124,76,62.0,2.48,1.52,62.0,38.0,248.0,60.16496846191169,268,124,0.0
1625,124,76,62.0,2.48,1.52,62.0,38.0,248.0,60.16496846191169,268,124,0.0
1626,124,76,62.0,2.48,1.52,62.0,38.0,248.0,60.16496846191169,268,124,0.0
1627,124,76,62.0,2.48,1.52,62.0,38.0,248.0,60.16496846191169,268,124,0.0
1628,124,76,62.0,2.48,1.52,62.0,38.0,248.0,60.16496846191169,268,124,0.0
1629,124,76,62.0,2.48,1.52,62.0,38.0,248.0,60.16496846191169,268,124,0.0
1630,124,76,62.0,2.48,1.52,62.0,38.0,248.0,60.16496846191169,268,124,0.0
1631,124,76,62.0,2.48,1.52,62.0,38.0,248.0,60.16496846191169,268,124,0.0
1632,124,76,62.0,2.48,1.52,62.0,38.0,248.0,60.16496846191169,268,124,0.0
1633,124,76,62.0,2.48,1.52,62.0,38.0,248.0,60.16496846191169,268,124,0.0
1634,124,76,62.0,2.48,1.52,62.0,38.0,248.0,60.16496846191169,268,124,0.0
1635,124,76,62.0,2.48,1.52,62.0,38.0,248.0,60.16496846191169,268,124,0.0
1636,124,76,62.0,2.48,1.52,62.0,38.0,248.0,60.16496846191169,268,124,0.0
1637,124,76,62.0,2.48,1.52,62.0,38.0,248.0,60.16496846191169,268,124,0.0
1638,124,76,62.0,2.48,1.52,62.0,38.0,248.0,60.16496846191169,268,124,0.0
1639,124,76,62.0,2.48,1.52,62.0,38.0,248.0,60.16496846191169,268,124,0.0
1640,124,76,62.0,2.48,1.52,62.0,38.0,248.0,60.16496846191169,268,124,0.0
1641,124,76,62.0,2.48,1.52,62.0,38.0,248.0,60.16496846191169,268,124,0.0
1642,124,76,62.0,2.48,1.52,62.0,38.0,248.0,60.16496846191169,268,124,0.0
1643,124,76,62.0,2.48,1.52,62.0,38.0,248.0,60.16496846191169,268,124,0.0
1644,124,76,62.0,2.48,1.52,62.0,38.0,248.0,60.16496846191169,268,124,0.0
1645,124,76,62.0,2.48,1.52,62.0,38.0,248.0,60.16496846191169,268,124,0.0
1646,124,76,62.0,2.48,1.52,62.0,38.0,248.0,60.16496846191169,268,124,0.0
1647,124,76,62.0,2.48,1.52,62.0,38.0,248.0,60.16496846191169,268,124,0.0
1648,124,76,62.0,2.48,1.52,62.0,38.0,248.0,60.16496846191169,268,124,0.0
1649,124,76,62.0,2.48,1.52,62.0,38.0,248.0,60.16496846191169,268,124,0.0
1650,124,76,62.0,2.48,1.52,62.0,38.0,248.0,60.16496846191169,268,124,0.0
1651,124,76,62.0,2.48,1.52,62.0,38.0,248.0,60.16496846191169,268,124,0.0
1652,124,76,62.0,2.48,1.52,62.0,38.0,248.0,60.16496846191169,268,124,0.0
1653,124,76,62.0,2.48,1.52,62.0,38.0,248.0,60.16496846191169,268,124,0.0
1654,124,76,62.0,2.48,1.52,62.0,38.0,248.0,60.16496846191169,268,124,0.0
1655,124,76,62.0,2.48,1.52,62.0,38.0,248.0,60.16496846191169,268,124,0.0
1656,124,76,62.0,2.48,1.52,62.0,38.0,248.0,60.16496846191169,268,124,0.0
1657,124,76,62.0,2.48,1.52,62.0,38.0,248.0,60.16496846191169,268,124,0.0
1658,125,75,62.5,2.5,1.5,62.5,37.5,250.0,60.6501698204755,269,125,2.0
1659,125,75,62.5,2.5,1.5,62.5,37.5,250.0,60.6501698204755,269,125,0.0
1660,125,75,62.5,2.5,1.5,62.5,37.5,250.0,60.6501698204755,269,125,0.0
1661,125,75,62.5,2.5,1.5,62.5,37.5,250.0,60.6501698204755,269,125,0.0
1662,125,75,62.5,2.5,1.5,62.5,37.5,250.0,60.6501698204755,269,125,0.0
1663,125,75,62.5,2.5,1.5,62.5,37.5,250.0,60.6501698204755,269,125,0.0
1664,125,75,62.5,2.5,1.5,62.5,37.5,250.0,60.6501698204755,269,125,0.0
1665,125,75,62.5,2.5,1.5,62.5,37.5,250.0,60.6501698204755,269,125,0.0
1666,125,75,62.5,2.5,1.5,62.5,37.5,250.0,60.6501698204755,269,125,0.0
1667,125,75,62.5,2.5,1.5,62.5,37.5,250.0,60.6501698204755,269,125,0.0
1668,125,75,62.5,2.5,1.5,62.5,37.5,250.0,60.6501698204755,269,125,0.0
1669,125,75,62.5,2.5,1.5,62.5,37.5,250.0,60.6501698204755,269,125,0.0
1670,125,75,62.5,2.5,1.5,62.5,37.5,250.0,60.6501698204755,269,125,0.0
1671,125,75,62.5,2.5,1.5,62.5,37.5,250.0,60.6501698204755,269,125,0.0
1672,125,75,62.5,2.5,1.5,62.5,37.5,250.0,60.6501698204755,269,125,0.0
1673,125,75,62.5,2.5,1.5,62.5,37.5,250.0,60.6501698204755,269,125,0.0
1674,125,75,62.5,2.5,1.5,62.5,37.5,250.0,60.6501698204755,269,125,0.0
1675,125,75,62.5,2.5,1.5,62.5,37.5,250.0,60.6501698204755,269,125,0.0
1676,125,75,62.5,2.5,1.5,62.5,37.5,250.0,60.6501698204755,269,125,0.0
1677,125,75,62.5,2.5,1.5,62.5,37.5,250.0,60.6501698204755,269,125,0.0
1678,125,75,62.5,2.5,1.5,62.5,37.5,250.0,60.6501698204755,269,125,0.0
1679,125,75,62.5,2.5,1.5,62.5,37.5,250.0,60.6501698204755,269,125,0.0
1680,125,75,62.5,2.5,1.5,62.5,37.5,250.0,60.6501698204755,269,125,0.0
1681,125,75,62.5,2.5,1.5,62.5,37.5,250.0,60.6501698204755,269,125,0.0
1682,125,75,62.5,2.5,1.5,62.5,37.5,250.0,60.6501698204755,269,125,0.0
1683,125,75,62.5,2.5,1.5,62.5,37.5,250.0,60.6501698204755,269,125,0.0
1684,125,75,62.5,2.5,1.5,62.5,37.5,250.0,60.6501698204755,270,125,0.0
1685,125,75,62.5,2.5,1.5,62.5,37.5,250.0,60.6501698204755,271,125,0.0
1686,125,75,62.5,2.5,1.5,62.5,37.5,250.0,60.6501698204755,271,125,0.0
1687,125,75,62.5,2.5,1.5,62.5,37.5,250.0,60.6501698204755,271,125,0.0
1688,125,75,62.5,2.5,1.5,62.5,37.5,250.0,60.6501698204755,271,125,0.0
1689,125,75,62.5,2.5,1.5,62.5,37.5,250.0,60.6501698204755,271,125,0.0
1690,125,75,62.5,2.5,1.5,62.5,37.5,250.0,60.6501698204755,271,125,0.0
1691,125,75,62.5,2.5,1.5,62.5,37.5,250.0,60.6501698204755,271,125,0.0
1692,125,75,62.5,2.5,1.5,62.5,37.5,250.0,60.6501698204755,271,125,0.0
1693,125,75,62.5,2.5,1.5,62.5,37.5,250.0,60.6501698204755,271,125,0.0
1694,125,75,62.5,2.5,1.5,62.5,37.5,250.0,60.6501698204755,271,125,0.0
1695,125,75,62.5,2.5,1.5,62.5,37.5,250.0,60.6501698204755,271,125,0.0
1696,125,75,62.5,2.5,1.5,62.5,37.5,250.0,60.6501698204755,271,125,0.0
1697,125,75,62.5,2.5,1.5,62.5,37.5,250.0,60.6501698204755,271,125,0.0
1698,125,75,62.5,2.5,1.5,62.5,37.5,250.0,60.6501698204755,271,125,0.0
1699,125,75,62.5,2.5,1.5,62.5,37.5,250.0,60.6501698204755,271,125,0.0
1700,125,75,62.5,2.5,1.5,62.5,37.5,250.0,60.6501698204755,271,125,0.0
1701,125,75,62.5,2.5,1.5,62.5,37.5,250.0,60.6501698204755,271,125,0.0
1702,125,75,62.5,2.5,1.5,62.5,37.5,250.0,60.6501698204755,271,125,0.0
1703,125,75,62.5,2.5,1.5,62.5,37.5,250.0,60.6501698204755,271,125,0.0
1704,125,75,62.5,2.5,1.5,62.5,37.5,250.0,60.6501698204755,271,125,0.0
1705,125,75,62.5,2.5,1.5,62.5,37.5,250.0,60.6501698204755,271,125,0.0
1706,125,75,62.5,2.5,1.5,62.5,37.5,250.0,60.6501698204755,271,125,0.0
1707,125,75,62.5,2.5,1.5,62.5,37.5,250.0,60.6501698204755,271,125,0.0
1708,125,75,62.5,2.5,1.5,62.5,37.5,250.0,60.6501698204755,271,125,0.0
1709,125,75,62.5,2.5,1.5,62.5,37.5,250.0,60.6501698204755,271,125,0.0
1710,125,75,62.5,2.5,1.5,62.5,37.5,250.0,60.6501698204755,271,125,0.0
1711,125,75,62.5,2.5,1.5,62.5,37.5,250.0,60.6501698204755,271,125,0.0
1712,125,75,62.5,2.5,1.5,62.5,37.5,250.0,60.6501698204755,271,125,0.0
1713,125,75,62.5,2.5,1.5,62.5,37.5,250.0,60.6501698204755,271,125,0.0
1714,125,75,62.5,2.5,1.5,62.5,37.5,250.0,60.6501698204755,271,125,0.0
1715,125,75,62.5,2.5,1.5,62.5,37.5,250.0,60.6501698204755,271,125,0.0
1716,125,75,62.5,2.5,1.5,62.5,37.5,250.0,60.6501698204755,271,125,0.0
1717,125,75,62.5,2.5,1.5,62.5,37.5,250.0,60.6501698204755,271,125,0.0
1718,125,75,62.5,2.5,1.5,62.5,37.5,250.0,60.6501698204755,271,125,0.0
1719,125,75,62.5,2.5,1.5,62.5,37.5,250.0,60.6501698204755,271,125,0.0
1720,125,75,62.5,2.5,1.5,62.5,37.5,250.0,60.6501698204755,271,125,0.0
1721,125,75,62.5,2.5,1.5,62.5,37.5,250.0,60.6501698204755,271,125,0.0
1722,125,75,62.5,2.5,1.5,62.5,37.5,250.0,60.6501698204755,271,125,0.0
1723,125,75,62.5,2.5,1.5,62.5,37.5,250.0,60.6501698204755,272,125,0.0
1724,125,75,62.5,2.5,1.5,62.5,37.5,250.0,60.6501698204755,272,125,0.0
1725,125,75,62.5,2.5,1.5,62.5,37.5,250.0,60.6501698204755,272,125,0.0
1726,125,75,62.5,2.5,1.5,62.5,37.5,250.0,60.6501698204755,272,125,0.0
1727,125,75,62.5,2.5,1.5,62.5,37.5,250.0,60.6501698204755,272,125,0.0
1728,125,75,62.5,2.5,1.5,62.5,37.5,250.0,60.6501698204755,272,125,0.0
1729,125,75,62.5,2.5,1.5,62.5,37.5,250.0,60.6501698204755,272,125,0.0
1730,125,75,62.5,2.5,1.5,62.5,37.5,250.0,60.6501698204755,272,125,0.0
1731,125,75,62.5,2.5,1.5,62.5,37.5,250.0,60.6501698204755,272,125,0.0
1732,125,75,62.5,2.5,1.5,62.5,37.5,250.0,60.6501698204755,272,125,0.0
1733,125,75,62.5,2.5,1.5,62.5,37.5,250.0,60.6501698204755,272,125,0.0
1734,125,75,62.5,2.5,1.5,62.5,37.5,250.0,60.6501698204755,272,125,0.0
1735,125,75,62.5,2.5,1.5,62.5,37.5,250.0,60.6501698204755,272,125,0.0
1736,125,75,62.5,2.5,1.5,62.5,37.5,250.0,60.6501698204755,272,125,0.0
1737,125,75,62.5,2.5,1.5,62.5,37.5,250.0,60.6501698204755,272,125,0.0
1738,125,75,62.5,2.5,1.5,62.5,37.5,250.0,60.6501698204755,272,125,0.0
1739,125,75,62.5,2.5,1.5,62.5,37.5,250.0,60.6501698204755,272,125,0.0
1740,125,75,62.5,2.5,1.5,62.5,37.5,250.0,60.6501698204755,273,125,0.0
1741,125,75,62.5,2.5,1.5,62.5,37.5,250.0,60.6501698204755,273,125,0.0
1742,125,75,62.5,2.5,1.5,62.5,37.5,250.0,60.6501698204755,273,125,0.0
1743,125,75,62.5,2.5,1.5,62.5,37.5,250.0,60.6501698204755,273,125,0.0
1744,125,75,62.5,2.5,1.5,62.5,37.5,250.0,60.6501698204755,273,125,0.0
1745,125,75,62.5,2.5,1.5,62.5,37.5,250.0,60.6501698204755,273,125,0.0
1746,125,75,62.5,2.5,1.5,62.5,37.5,250.0,60.6501698204755,273,125,0.0
1747,125,75,62.5,2.5,1.5,62.5,37.5,250.0,60.6501698204755,273,125,0.0
1748,125,75,62.5,2.5,1.5,62.5,37.5,250.0,60.6501698204755,273,125,0.0
1749,125,75,62.5,2.5,1.5,62.5,37.5,250.0,60.6501698204755,273,125,0.0
1750,125,75,62.5,2.5,1.5,62.5,37.5,250.0,60.6501698204755,273,125,0.0
1751,125,75,62.5,2.5,1.5,62.5,37.5,250.0,60.6501698204755,273,125,0.0
1752,125,75,62.5,2.5,1.5,62.5,37.5,250.0,60.6501698204755,273,125,0.0
1753,125,75,62.5,2.5,1.5,62.5,37.5,250.0,60.6501698204755,273,125,0.0
1754,125,75,62.5,2.5,1.5,62.5,37.5,250.0,60.6501698204755,273,125,0.0
1755,125,75,62.5,2.5,1.5,62.5,37.5,250.0,60.6501698204755,273,125,0.0
1756,125,75,62.5,2.5,1.5,62.5,37.5,250.0,60.6501698204755,273,125,0.0
1757,125,75,62.5,2.5,1.5,62.5,37.5,250.0,60.6501698204755,273,125,0.0
1758,125,75,62.5,2.5,1.5,62.5,37.5,250.0,60.6501698204755,273,125,0.0
1759,125,75,62.5,2.5,1.5,62.5,37.5,250.0,60.6501698204755,273,125,0.0
1760,125,75,62.5,2.5,1.5,62.5,37.5,250.0,60.6501698204755,273,125,0.0
1761,125,75,62.5,2.5,1.5,62.5,37.5,250.0,60.6501698204755,273,125,0.0
1762,125,75,62.5,2.5,1.5,62.5,37.5,250.0,60.6501698204755,273,125,0.0
1763,125,75,62.5,2.5,1.5,62.5,37.5,250.0,60.6501698204755,273,125,0.0
1764,125,75,62.5,2.5,1.5,62.5,37.5,250.0,60.6501698204755,273,125,0.0
1765,125,75,62.5,2.5,1.5,62.5,37.5,250.0,60.6501698204755,273,125,0.0
1766,125,75,62.5,2.5,1.5,62.5,37.5,250.0,60.6501698204755,273,125,0.0
1767,125,75,62.5,2.5,1.5,62.5,37.5,250.0,60.6501698204755,273,125,0.0
1768,125,75,62.5,2.5,1.5,62.5,37.5,250.0,60.6501698204755,274,125,0.0
1769,125,75,62.5,2.5,1.5,62.5,37.5,250.0,60.6501698204755,275,125,0.0
1770,125,75,62.5,2.5,1.5,62.5,37.5,250.0,60.6501698204755,276,125,0.0
1771,125,75,62.5,2.5,1.5,62.5,37.5,250.0,60.6501698204755,276,125,0.0
1772,125,75,62.5,2.5,1.5,62.5,37.5,250.0,60.6501698204755,276,125,0.0
1773,125,75,62.5,2.5,1.5,62.5,37.5,250.0,60.6501698204755,276,125,0.0
1774,125,75,62.5,2.5,1.5,62.5,37.5,250.0,60.6501698204755,276,125,0.0
1775,125,75,62.5,2.5,1.5,62.5,37.5,250.0,60.6501698204755,276,125,0.0
1776,125,75,62.5,2.5,1.5,62.5,37.5,250.0,60.6501698204755,276,125,0.0
1777,125,75,62.5,2.5,1.5,62.5,37.5,250.0,60.6501698204755,276,125,0.0
1778,125,75,62.5,2.5,1.5,62.5,37.5,250.0,60.6501698204755,276,125,0.0
1779,125,75,62.5,2.5,1.5,62.5,37.5,250.0,60.6501698204755,276,125,0.0
1780,125,75,62.5,2.5,1.5,62.5,37.5,250.0,60.6501698204755,276,125,0.0
1781,125,75,62.5,2.5,1.5,62.5,37.5,250.0,60.6501698204755,276,125,0.0
1782,125,75,62.5,2.5,1.5,62.5,37.5,250.0,60.6501698204755,276,125,0.0
1783,125,75,62.5,2.5,1.5,62.5,37.5,250.0,60.6501698204755,276,125,0.0
1784,125,75,62.5,2.5,1.5,62.5,37.5,250.0,60.6501698204755,276,125,0.0
1785,125,75,62.5,2.5,1.5,62.5,37.5,250.0,60.6501698204755,276,125,0.0
1786,125,75,62.5,2.5,1.5,62.5,37.5,250.0,60.6501698204755,276,125,0.0
1787,125,75,62.5,2.5,1.5,62.5,37.5,250.0,60.6501698204755,276,125,0.0
1788,125,75,62.5,2.5,1.5,62.5,37.5,250.0,60.6501698204755,276,125,0.0
1789,125,75,62.5,2.5,1.5,62.5,37.5,250.0,60.6501698204755,276,125,0.0
1790,125,75,62.5,2.5,1.5,62.5,37.5,250.0,60.6501698204755,276,125,0.0
1791,125,75,62.5,2.5,1.5,62.5,37.5,250.0,60.6501698204755,276,125,0.0
1792,125,75,62.5,2.5,1.5,62.5,37.5,250.0,60.6501698204755,276,125,0.0
1793,125,75,62.5,2.5,1.5,62.5,37.5,250.0,60.6501698204755,276,125,0.0
1794,125,75,62.5,2.5,1.5,62.5,37.5,250.0,60.6501698204755,276,125,0.0
1795,125,75,62.5,2.5,1.5,62.5,37.5,250.0,60.6501698204755,276,125,0.0
1796,125,75,62.5,2.5,1.5,62.5,37.5,250.0,60.6501698204755,276,125,0.0
1797,125,75,62.5,2.5,1.5,62.5,37.5,250.0,60.6501698204755,276,125,0.0
1798,125,75,62.5,2.5,1.5,62.5,37.5,250.0,60.6501698204755,276,125,0.0
1799,125,75,62.5,2.5,1.5,62.5,37.5,250.0,60.6501698204755,276,125,0.0
1800,125,75,62.5,2.5,1.5,62.5,37.5,250.0,60.6501698204755,276,125,0.0
1801,125,75,62.5,2.5,1.5,62.5,37.5,250.0,60.6501698204755,276,125,0.0
1802,125,75,62.5,2.5,1.5,62.5,37.5,250.0,60.6501698204755,276,125,0.0
1803,125,75,62.5,2.5,1.5,62.5,37.5,250.0,60.6501698204755,276,125,0.0
1804,125,75,62.5,2.5,1.5,62.5,37.5,250.0,60.6501698204755,276,125,0.0
1805,125,75,62.5,2.5,1.5,62.5,37.5,250.0,60.6501698204755,276,125,0.0
1806,125,75,62.5,2.5,1.5,62.5,37.5,250.0,60.6501698204755,276,125,0.0
1807,125,75,62.5,2.5,1.5,62.5,37.5,250.0,60.6501698204755,276,125,0.0
1808,125,75,62.5,2.5,1.5,62.5,37.5,250.0,60.6501698204755,276,125,0.0
1809,125,75,62.5,2.5,1.5,62.5,37.5,250.0,60.6501698204755,276,125,0.0
1810,125,75,62.5,2.5,1.5,62.5,37.5,250.0,60.6501698204755,276,125,0.0
1811,125,75,62.5,2.5,1.5,62.5,37.5,250.0,60.6501698204755,276,125,0.0
1812,125,75,62.5,2.5,1.5,62.5,37.5,250.0,60.6501698204755,276,125,0.0
1813,125,75,62.5,2.5,1.5,62.5,37.5,250.0,60.6501698204755,276,125,0.0
1814,125,75,62.5,2.5,1.5,62.5,37.5,250.0,60.6501698204755,276,125,0.0
1815,125,75,62.5,2.5,1.5,62.5,37.5,250.0,60.6501698204755,276,125,0.0
1816,125,75,62.5,2.5,1.5,62.5,37.5,250.0,60.6501698204755,276,125,0.0
1817,125,75,62.5,2.5,1.5,62.5,37.5,250.0,60.6501698204755,276,125,0.0
1818,125,75,62.5,2.5,1.5,62.5,37.5,250.0,60.6501698204755,276,125,0.0
1819,125,75,62.5,2.5,1.5,62.5,37.5,250.0,60.6501698204755,276,125,0.0
1820,125,75,62.5,2.5,1.5,62.5,37.5,250.0,60.6501698204755,277,125,0.0
1821,125,75,62.5,2.5,1.5,62.5,37.5,250.0,60.6501698204755,277,125,0.0
1822,125,75,62.5,2.5,1.5,62.5,37.5,250.0,60.6501698204755,277,125,0.0
1823,125,75,62.5,2.5,1.5,62.5,37.5,250.0,60.6501698204755,277,125,0.0
1824,125,75,62.5,2.5,1.5,62.5,37.5,250.0,60.6501698204755,277,125,0.0
1825,125,75,62.5,2.5,1.5,62.5,37.5,250.0,60.6501698204755,277,125,0.0
1826,125,75,62.5,2.5,1.5,62.5,37.5,250.0,60.6501698204755,277,125,0.0
1827,125,75,62.5,2.5,1.5,62.5,37.5,250.0,60.6501698204755,277,125,0.0
1828,125,75,62.5,2.5,1.5,62.5,37.5,250.0,60.6501698204755,277,125,0.0
1829,125,75,62.5,2.5,1.5,62.5,37.5,250.0,60.6501698204755,277,125,0.0
1830,125,75,62.5,2.5,1.5,62.5,37.5,250.0,60.6501698204755,277,125,0.0
1831,125,75,62.5,2.5,1.5,62.5,37.5,250.0,60.6501698204755,277,125,0.0
1832,125,75,62.5,2.5,1.5,62.5,37.5,250.0,60.6501698204755,277,125,0.0
1833,125,75,62.5,2.5,1.5,62.5,37.5,250.0,60.6501698204755,277,125,0.0
1834,125,75,62.5,2.5,1.5,62.5,37.5,250.0,60.6501698204755,277,125,0.0
1835,125,75,62.5,2.5,1.5,62.5,37.5,250.0,60.6501698204755,277,125,0.0
1836,125,75,62.5,2.5,1.5,62.5,37.5,250.0,60.6501698204755,277,125,0.0
1837,125,75,62.5,2.5,1.5,62.5,37.5,250.0,60.6501698204755,277,125,0.0
1838,125,75,62.5,2.5,1.5,62.5,37.5,250.0,60.6501698204755,277,125,0.0
1839,125,75,62.5,2.5,1.5,62.5,37.5,250.0,60.6501698204755,277,125,0.0
1840,125,75,62.5,2.5,1.5,62.5,37.5,250.0,60.6501698204755,277,125,0.0
1841,125,75,62.5,2.5,1.5,62.5,37.5,250.0,60.6501698204755,277,125,0.0
1842,125,75,62.5,2.5,1.5,62.5,37.5,250.0,60.6501698204755,277,125,0.0
1843,125,75,62.5,2.5,1.5,62.5,37.5,250.0,60.6501698204755,277,125,0.0
1844,125,75,62.5,2.5,1.5,62.5,37.5,250.0,60.6501698204755,277,125,0.0
1845,125,75,62.5,2.5,1.5,62.5,37.5,250.0,60.6501698204755,277,125,0.0
1846,125,75,62.5,2.5,1.5,62.5,37.5,250.0,60.6501698204755,277,125,0.0
1847,125,75,62.5,2.5,1.5,62.5,37.5,250.0,60.6501698204755,277,125,0.0
1848,125,75,62.5,2.5,1.5,62.5,37.5,250.0,60.6501698204755,277,125,0.0
1849,125,75,62.5,2.5,1.5,62.5,37.5,250.0,60.6501698204755,277,125,0.0
1850,125,75,62.5,2.5,1.5,62.5,37.5,250.0,60.6501698204755,277,125,0.0
1851,125,75,62.5,2.5,1.5,62.5,37.5,250.0,60.6501698204755,277,125,0.0
1852,125,75,62.5,2.5,1.5,62.5,37.5,250.0,60.6501698204755,277,125,0.0
1853,125,75,62.5,2.5,1.5,62.5,37.5,250.0,60.6501698204755,277,125,0.0
1854,125,75,62.5,2.5,1.5,62.5,37.5,250.0,60.6501698204755,277,125,0.0
1855,125,75,62.5,2.5,1.5,62.5,37.5,250.0,60.6501698204755,278,125,0.0
1856,125,75,62.5,2.5,1.5,62.5,37.5,250.0,60.6501698204755,278,125,0.0
1857,125,75,62.5,2.5,1.5,62.5,37.5,250.0,60.6501698204755,279,125,0.0
1858,126,74,63.0,2.52,1.48,63.0,37.0,252.0,61.135371179039296,280,126,2.0
1859,126,74,63.0,2.52,1.48,63.0,37.0,252.0,61.135371179039296,280,126,0.0
1860,126,74,63.0,2.52,1.48,63.0,37.0,252.0,61.135371179039296,280,126,0.0
1861,126,74,63.0,2.52,1.48,63.0,37.0,252.0,61.135371179039296,280,126,0.0
1862,126,74,63.0,2.52,1.48,63.0,37.0,252.0,61.135371179039296,280,126,0.0
1863,126,74,63.0,2.52,1.48,63.0,37.0,252.0,61.135371179039296,280,126,0.0
1864,126,74,63.0,2.52,1.48,63.0,37.0,252.0,61.135371179039296,280,126,0.0
1865,126,74,63.0,2.52,1.48,63.0,37.0,252.0,61.135371179039296,280,126,0.0
1866,126,74,63.0,2.52,1.48,63.0,37.0,252.0,61.135371179039296,280,126,0.0
1867,126,74,63.0,2.52,1.48,63.0,37.0,252.0,61.135371179039296,280,126,0.0
1868,126,74,63.0,2.52,1.48,63.0,37.0,252.0,61.135371179039296,280,126,0.0
1869,126,74,63.0,2.52,1.48,63.0,37.0,252.0,61.135371179039296,280,126,0.0
1870,126,74,63.0,2.52,1.48,63.0,37.0,252.0,61.135371179039296,280,126,0.0
1871,126,74,63.0,2.52,1.48,63.0,37.0,252.0,61.135371179039296,280,126,0.0
1872,126,74,63.0,2.52,1.48,63.0,37.0,252.0,61.135371179039296,280,126,0.0
1873,126,74,63.0,2.52,1.48,63.0,37.0,252.0,61.135371179039296,281,126,0.0
1874,126,74,63.0,2.52,1.48,63.0,37.0,252.0,61.135371179039296,282,126,0.0
1875,126,74,63.0,2.52,1.48,63.0,37.0,252.0,61.135371179039296,282,126,0.0
1876,126,74,63.0,2.52,1.48,63.0,37.0,252.0,61.135371179039296,284,126,0.0
1877,126,74,63.0,2.52,1.48,63.0,37.0,252.0,61.135371179039296,284,126,0.0
1878,126,74,63.0,2.52,1.48,63.0,37.0,252.0,61.135371179039296,284,126,0.0
1879,126,74,63.0,2.52,1.48,63.0,37.0,252.0,61.135371179039296,284,126,0.0
1880,126,74,63.0,2.52,1.48,63.0,37.0,252.0,61.135371179039296,284,126,0.0
1881,126,74,63.0,2.52,1.48,63.0,37.0,252.0,61.135371179039296,284,126,0.0
1882,126,74,63.0,2.52,1.48,63.0,37.0,252.0,61.135371179039296,284,126,0.0
1883,126,74,63.0,2.52,1.48,63.0,37.0,252.0,61.135371179039296,284,126,0.0
1884,126,74,63.0,2.52,1.48,63.0,37.0,252.0,61.135371179039296,284,126,0.0
1885,126,74,63.0,2.52,1.48,63.0,37.0,252.0,61.135371179039296,284,126,0.0
1886,126,74,63.0,2.52,1.48,63.0,37.0,252.0,61.135371179039296,284,126,0.0
1887,126,74,63.0,2.52,1.48,63.0,37.0,252.0,61.135371179039296,284,126,0.0
1888,126,74,63.0,2.52,1.48,63.0,37.0,252.0,61.135371179039296,284,126,0.0
1889,126,74,63.0,2.52,1.48,63.0,37.0,252.0,61.135371179039296,284,126,0.0
1890,126,74,63.0,2.52,1.48,63.0,37.0,252.0,61.135371179039296,284,126,0.0
1891,126,74,63.0,2.52,1.48,63.0,37.0,252.0,61.135371179039296,284,126,0.0
1892,126,74,63.0,2.52,1.48,63.0,37.0,252.0,61.135371179039296,284,126,0.0
1893,126,74,63.0,2.52,1.48,63.0,37.0,252.0,61.135371179039296,284,126,0.0
1894,126,74,63.0,2.52,1.48,63.0,37.0,252.0,61.135371179039296,284,126,0.0
1895,126,74,63.0,2.52,1.48,63.0,37.0,252.0,61.135371179039296,284,126,0.0
1896,126,74,63.0,2.52,1.48,63.0,37.0,252.0,61.135371179039296,284,126,0.0
1897,126,74,63.0,2.52,1.48,63.0,37.0,252.0,61.135371179039296,284,126,0.0
1898,126,74,63.0,2.52,1.48,63.0,37.0,252.0,61.135371179039296,284,126,0.0
1899,126,74,63.0,2.52,1.48,63.0,37.0,252.0,61.135371179039296,284,126,0.0
1900,127,73,63.5,2.54,1.46,63.5,36.5,254.0,61.6205725376031,285,127,2.0
1901,127,73,63.5,2.54,1.46,63.5,36.5,254.0,61.6205725376031,285,127,0.0
1902,127,73,63.5,2.54,1.46,63.5,36.5,254.0,61.6205725376031,285,127,0.0
1903,127,73,63.5,2.54,1.46,63.5,36.5,254.0,61.6205725376031,286,127,0.0
1904,127,73,63.5,2.54,1.46,63.5,36.5,254.0,61.6205725376031,286,127,0.0
1905,127,73,63.5,2.54,1.46,63.5,36.5,254.0,61.6205725376031,287,127,0.0
1906,127,73,63.5,2.54,1.46,63.5,36.5,254.0,61.6205725376031,289,127,0.0
1907,127,73,63.5,2.54,1.46,63.5,36.5,254.0,61.6205725376031,290,127,0.0
1908,127,73,63.5,2.54,1.46,63.5,36.5,254.0,61.6205725376031,290,127,0.0
1909,127,73,63.5,2.54,1.46,63.5,36.5,254.0,61.6205725376031,290,127,0.0
1910,127,73,63.5,2.54,1.46,63.5,36.5,254.0,61.6205725376031,290,127,0.0
1911,127,73,63.5,2.54,1.46,63.5,36.5,254.0,61.6205725376031,290,127,0.0
1912,127,73,63.5,2.54,1.46,63.5,36.5,254.0,61.6205725376031,290,127,0.0
1913,127,73,63.5,2.54,1.46,63.5,36.5,254.0,61.6205725376031,290,127,0.0
1914,127,73,63.5,2.54,1.46,63.5,36.5,254.0,61.6205725376031,290,127,0.0
1915,127,73,63.5,2.54,1.46,63.5,36.5,254.0,61.6205725376031,290,127,0.0
1916,127,73,63.5,2.54,1.46,63.5,36.5,254.0,61.6205725376031,290,127,0.0
1917,127,73,63.5,2.54,1.46,63.5,36.5,254.0,61.6205725376031,290,127,0.0
1918,127,73,63.5,2.54,1.46,63.5,36.5,254.0,61.6205725376031,290,127,0.0
1919,127,73,63.5,2.54,1.46,63.5,36.5,254.0,61.6205725376031,290,127,0.0
1920,127,73,63.5,2.54,1.46,63.5,36.5,254.0,61.6205725376031,290,127,0.0
1921,127,73,63.5,2.54,1.46,63.5,36.5,254.0,61.6205725376031,290,127,0.0
1922,127,73,63.5,2.54,1.46,63.5,36.5,254.0,61.6205725376031,290,127,0.0
1923,127,73,63.5,2.54,1.46,63.5,36.5,254.0,61.6205725376031,290,127,0.0
1924,127,73,63.5,2.54,1.46,63.5,36.5,254.0,61.6205725376031,290,127,0.0
1925,127,73,63.5,2.54,1.46,63.5,36.5,254.0,61.6205725376031,290,127,0.0
1926,127,73,63.5,2.54,1.46,63.5,36.5,254.0,61.6205725376031,290,127,0.0
1927,127,73,63.5,2.54,1.46,63.5,36.5,254.0,61.6205725376031,290,127,0.0
1928,127,73,63.5,2.54,1.46,63.5,36.5,254.0,61.6205725376031,291,127,0.0
1929,127,73,63.5,2.54,1.46,63.5,36.5,254.0,61.6205725376031,292,127,0.0
1930,127,73,63.5,2.54,1.46,63.5,36.5,254.0,61.6205725376031,293,127,0.0
1931,127,73,63.5,2.54,1.46,63.5,36.5,254.0,61.6205725376031,293,127,0.0
1932,127,73,63.5,2.54,1.46,63.5,36.5,254.0,61.6205725376031,293,127,0.0
1933,127,73,63.5,2.54,1.46,63.5,36.5,254.0,61.6205725376031,293,127,0.0
1934,127,73,63.5,2.54,1.46,63.5,36.5,254.0,61.6205725376031,293,127,0.0
1935,127,73,63.5,2.54,1.46,63.5,36.5,254.0,61.6205725376031,293,127,0.0
1936,127,73,63.5,2.54,1.46,63.5,36.5,254.0,61.6205725376031,293,127,0.0
1937,127,73,63.5,2.54,1.46,63.5,36.5,254.0,61.6205725376031,293,127,0.0
1938,127,73,63.5,2.54,1.46,63.5,36.5,254.0,61.6205725376031,293,127,0.0
1939,127,73,63.5,2.54,1.46,63.5,36.5,254.0,61.6205725376031,293,127,0.0
1940,127,73,63.5,2.54,1.46,63.5,36.5,254.0,61.6205725376031,293,127,0.0
1941,127,73,63.5,2.54,1.46,63.5,36.5,254.0,61.6205725376031,293,127,0.0
1942,127,73,63.5,2.54,1.46,63.5,36.5,254.0,61.6205725376031,293,127,0.0
1943,127,73,63.5,2.54,1.46,63.5,36.5,254.0,61.6205725376031,293,127,0.0
1944,127,73,63.5,2.54,1.46,63.5,36.5,254.0,61.6205725376031,293,127,0.0
1945,127,73,63.5,2.54,1.46,63.5,36.5,254.0,61.6205725376031,293,127,0.0
1946,127,73,63.5,2.54,1.46,63.5,36.5,254.0,61.6205725376031,293,127,0.0
1947,127,73,63.5,2.54,1.46,63.5,36.5,254.0,61.6205725376031,294,127,0.0
1948,127,73,63.5,2.54,1.46,63.5,36.5,254.0,61.6205725376031,294,127,0.0
1949,127,73,63.5,2.54,1.46,63.5,36.5,254.0,61.6205725376031,294,127,0.0
1950,127,73,63.5,2.54,1.46,63.5,36.5,254.0,61.6205725376031,294,127,0.0
1951,127,73,63.5,2.54,1.46,63.5,36.5,254.0,61.6205725376031,294,127,0.0
1952,127,73,63.5,2.54,1.46,63.5,36.5,254.0,61.6205725376031,294,127,0.0
1953,127,73,63.5,2.54,1.46,63.5,36.5,254.0,61.6205725376031,294,127,0.0
1954,127,73,63.5,2.54,1.46,63.5,36.5,254.0,61.6205725376031,294,127,0.0
1955,127,73,63.5,2.54,1.46,63.5,36.5,254.0,61.6205725376031,294,127,0.0
1956,127,73,63.5,2.54,1.46,63.5,36.5,254.0,61.6205725376031,294,127,0.0
1957,127,73,63.5,2.54,1.46,63.5,36.5,254.0,61.6205725376031,294,127,0.0
1958,127,73,63.5,2.54,1.46,63.5,36.5,254.0,61.6205725376031,294,127,0.0
1959,127,73,63.5,2.54,1.46,63.5,36.5,254.0,61.6205725376031,294,127,0.0
1960,127,73,63.5,2.54,1.46,63.5,36.5,254.0,61.6205725376031,294,127,0.0
1961,127,73,63.5,2.54,1.46,63.5,36.5,254.0,61.6205725376031,294,127,0.0
1962,127,73,63.5,2.54,1.46,63.5,36.5,254.0,61.6205725376031,294,127,0.0
1963,127,73,63.5,2.54,1.46,63.5,36.5,254.0,61.6205725376031,294,127,0.0
1964,127,73,63.5,2.54,1.46,63.5,36.5,254.0,61.6205725376031,294,127,0.0
1965,127,73,63.5,2.54,1.46,63.5,36.5,254.0,61.6205725376031,294,127,0.0
1966,127,73,63.5,2.54,1.46,63.5,36.5,254.0,61.6205725376031,294,127,0.0
1967,127,73,63.5,2.54,1.46,63.5,36.5,254.0,61.6205725376031,294,127,0.0
1968,127,73,63.5,2.54,1.46,63.5,36.5,254.0,61.6205725376031,294,127,0.0
1969,127,73,63.5,2.54,1.46,63.5,36.5,254.0,61.6205725376031,294,127,0.0
1970,127,73,63.5,2.54,1.46,63.5,36.5,254.0,61.6205725376031,294,127,0.0
1971,128,72,64.0,2.56,1.44,64.0,36.0,256.0,62.105773896166916,295,128,2.0
1972,128,72,64.0,2.56,1.44,64.0,36.0,256.0,62.105773896166916,295,128,0.0
1973,128,72,64.0,2.56,1.44,64.0,36.0,256.0,62.105773896166916,295,128,0.0
1974,128,72,64.0,2.56,1.44,64.0,36.0,256.0,62.105773896166916,296,128,0.0
1975,128,72,64.0,2.56,1.44,64.0,36.0,256.0,62.105773896166916,296,128,0.0
1976,128,72,64.0,2.56,1.44,64.0,36.0,256.0,62.105773896166916,296,128,0.0
1977,128,72,64.0,2.56,1.44,64.0,36.0,256.0,62.105773896166916,296,128,0.0
1978,128,72,64.0,2.56,1.44,64.0,36.0,256.0,62.105773896166916,296,128,0.0
1979,128,72,64.0,2.56,1.44,64.0,36.0,256.0,62.105773896166916,296,128,0.0
1980,128,72,64.0,2.56,1.44,64.0,36.0,256.0,62.105773896166916,296,128,0.0
1981,128,72,64.0,2.56,1.44,64.0,36.0,256.0,62.105773896166916,296,128,0.0
1982,128,72,64.0,2.56,1.44,64.0,36.0,256.0,62.105773896166916,296,128,0.0
1983,128,72,64.0,2.56,1.44,64.0,36.0,256.0,62.105773896166916,296,128,0.0
1984,128,72,64.0,2.56,1.44,64.0,36.0,256.0,62.105773896166916,296,128,0.0
1985,128,72,64.0,2.56,1.44,64.0,36.0,256.0,62.105773896166916,297,128,0.0
1986,128,72,64.0,2.56,1.44,64.0,36.0,256.0,62.105773896166916,297,128,0.0
1987,128,72,64.0,2.56,1.44,64.0,36.0,256.0,62.105773896166916,297,128,0.0
1988,128,72,64.0,2.56,1.44,64.0,36.0,256.0,62.105773896166916,297,128,0.0
1989,128,72,64.0,2.56,1.44,64.0,36.0,256.0,62.105773896166916,297,128,0.0
1990,128,72,64.0,2.56,1.44,64.0,36.0,256.0,62.105773896166916,297,128,0.0
1991,128,72,64.0,2.56,1.44,64.0,36.0,256.0,62.105773896166916,297,128,0.0
1992,128,72,64.0,2.56,1.44,64.0,36.0,256.0,62.105773896166916,297,128,0.0
1993,128,72,64.0,2.56,1.44,64.0,36.0,256.0,62.105773896166916,297,128,0.0
1994,128,72,64.0,2.56,1.44,64.0,36.0,256.0,62.105773896166916,297,128,0.0
1995,128,72,64.0,2.56,1.44,64.0,36.0,256.0,62.105773896166916,297,128,0.0
1996,128,72,64.0,2.56,1.44,64.0,36.0,256.0,62.105773896166916,297,128,0.0
1997,128,72,64.0,2.56,1.44,64.0,36.0,256.0,62.105773896166916,297,128,0.0
1998,128,72,64.0,2.56,1.44,64.0,36.0,256.0,62.105773896166916,297,128,0.0
1999,128,72,64.0,2.56,1.44,64.0,36.0,256.0,62.105773896166916,297,128,0.0
2000,128,72,64.0,2.56,1.44,64.0,36.0,256.0,62.105773896166916,297,128,0.0
