step,n_adsorbed,n_free,percent_adsorbed,m_adsorbed_mg,m_free_mg,c_pdf_mg_l,c_remaining_mg_l,qt_mg_g,percent_qmax,n_contacts,n_adsorption_events,dqt_per_step
0,0,200,0.0,0.0,4.0,0.0,100.0,0.0,0.0,0,0,0.0
1,2,198,1.0,0.04,3.96,1.0,99.0,4.0,0.5230809467765136,2,2,4.0
2,2,198,1.0,0.04,3.96,1.0,99.0,4.0,0.5230809467765136,2,2,0.0
3,2,198,1.0,0.04,3.96,1.0,99.0,4.0,0.5230809467765136,2,2,0.0
4,3,197,1.5,0.06,3.94,1.5,98.5,6.0,0.7846214201647704,3,3,2.0
5,4,196,2.0,0.08,3.92,2.0,98.0,8.0,1.0461618935530272,4,4,2.0
6,4,196,2.0,0.08,3.92,2.0,98.0,8.0,1.0461618935530272,4,4,0.0
7,6,194,3.0,0.12,3.88,3.0,97.0,12.0,1.5692428403295409,6,6,4.0
8,7,193,3.5000000000000004,0.14,3.86,3.5000000000000004,96.5,14.000000000000002,1.830783313717798,7,7,2.0000000000000018
9,9,191,4.5,0.18,3.82,4.5,95.5,18.0,2.3538642604943116,9,9,3.9999999999999982
10,10,190,5.0,0.2,3.8,5.0,95.0,20.0,2.6154047338825683,10,10,2.0
11,10,190,5.0,0.2,3.8,5.0,95.0,20.0,2.6154047338825683,10,10,0.0
12,10,190,5.0,0.2,3.8,5.0,95.0,20.0,2.6154047338825683,10,10,0.0
13,12,188,6.0,0.24,3.76,6.0,93.99999999999999,24.0,3.1384856806590817,12,12,4.0
14,13,187,6.5,0.26,3.74,6.5,93.5,26.0,3.4000261540473384,13,13,2.0
15,14,186,7.000000000000001,0.28,3.7199999999999998,7.000000000000001,92.99999999999999,28.000000000000004,3.661566627435596,14,14,2.0000000000000036
16,15,185,7.5,0.3,3.7,7.5,92.5,30.0,3.923107100823852,15,15,1.9999999999999964
17,16,184,8.0,0.32,3.68,8.0,92.0,32.0,4.184647574212109,16,16,2.0
18,16,184,8.0,0.32,3.68,8.0,92.0,32.0,4.184647574212109,16,16,0.0
19,18,182,9.0,0.36,3.64,9.0,91.0,36.0,4.707728520988623,18,18,4.0
20,18,182,9.0,0.36,3.64,9.0,91.0,36.0,4.707728520988623,18,18,0.0
21,18,182,9.0,0.36,3.64,9.0,91.0,36.0,4.707728520988623,18,18,0.0
22,18,182,9.0,0.36,3.64,9.0,91.0,36.0,4.707728520988623,18,18,0.0
23,18,182,9.0,0.36,3.64,9.0,91.0,36.0,4.707728520988623,18,18,0.0
24,19,181,9.5,0.38,3.62,9.5,90.5,38.0,4.96926899437688,19,19,2.0
25,19,181,9.5,0.38,3.62,9.5,90.5,38.0,4.96926899437688,19,19,0.0
26,21,179,10.5,0.42,3.58,10.5,89.5,42.0,5.492349941153393,21,21,4.0
27,22,178,11.0,0.44,3.56,11.0,89.0,44.0,5.75389041454165,22,22,2.0
28,23,177,11.5,0.46,3.54,11.5,88.5,46.0,6.015430887929907,23,23,2.0
29,24,176,12.0,0.48,3.52,12.0,88.0,48.0,6.2769713613181635,24,24,2.0
30,26,174,13.0,0.52,3.48,13.0,87.0,52.0,6.800052308094677,26,26,4.0
31,27,173,13.5,0.54,3.46,13.5,86.5,54.0,7.061592781482934,27,27,2.0
32,27,173,13.5,0.54,3.46,13.5,86.5,54.0,7.061592781482934,27,27,0.0
33,27,173,13.5,0.54,3.46,13.5,86.5,54.0,7.061592781482934,27,27,0.0
34,27,173,13.5,0.54,3.46,13.5,86.5,54.0,7.061592781482934,27,27,0.0
35,27,173,13.5,0.54,3.46,13.5,86.5,54.0,7.061592781482934,27,27,0.0
36,29,171,14.499999999999998,0.58,3.42,14.499999999999998,85.5,57.99999999999999,7.584673728259447,29,29,3.999999999999993
37,29,171,14.499999999999998,0.58,3.42,14.499999999999998,85.5,57.99999999999999,7.584673728259447,29,29,0.0
38,29,171,14.499999999999998,0.58,3.42,14.499999999999998,85.5,57.99999999999999,7.584673728259447,29,29,0.0
39,29,171,14.499999999999998,0.58,3.42,14.499999999999998,85.5,57.99999999999999,7.584673728259447,29,29,0.0
40,29,171,14.499999999999998,0.58,3.42,14.499999999999998,85.5,57.99999999999999,7.584673728259447,29,29,0.0
41,29,171,14.499999999999998,0.58,3.42,14.499999999999998,85.5,57.99999999999999,7.584673728259447,29,29,0.0
42,30,170,15.0,0.6,3.4,15.0,85.0,60.0,7.846214201647704,30,30,2.000000000000007
43,31,169,15.5,0.62,3.38,15.5,84.5,62.0,8.107754675035961,31,31,2.0
44,31,169,15.5,0.62,3.38,15.5,84.5,62.0,8.107754675035961,31,31,0.0
45,31,169,15.5,0.62,3.38,15.5,84.5,62.0,8.107754675035961,31,31,0.0
46,32,168,16.0,0.64,3.36,16.0,84.0,64.0,8.369295148424218,32,32,2.0
47,32,168,16.0,0.64,3.36,16.0,84.0,64.0,8.369295148424218,32,32,0.0
48,33,167,16.5,0.66,3.34,16.5,83.5,66.0,8.630835621812475,33,33,2.0
49,33,167,16.5,0.66,3.34,16.5,83.5,66.0,8.630835621812475,33,33,0.0
50,33,167,16.5,0.66,3.34,16.5,83.5,66.0,8.630835621812475,33,33,0.0
51,33,167,16.5,0.66,3.34,16.5,83.5,66.0,8.630835621812475,33,33,0.0
52,35,165,17.5,0.7000000000000001,3.3,17.5,82.5,70.0,9.15391656858899,35,35,4.0
53,35,165,17.5,0.7000000000000001,3.3,17.5,82.5,70.0,9.15391656858899,35,35,0.0
54,35,165,17.5,0.7000000000000001,3.3,17.5,82.5,70.0,9.15391656858899,35,35,0.0
55,36,164,18.0,0.72,3.2800000000000002,18.0,82.0,72.0,9.415457041977247,36,36,2.0
56,36,164,18.0,0.72,3.2800000000000002,18.0,82.0,72.0,9.415457041977247,36,36,0.0
57,37,163,18.5,0.74,3.26,18.5,81.5,74.0,9.676997515365503,37,37,2.0
58,37,163,18.5,0.74,3.26,18.5,81.5,74.0,9.676997515365503,37,37,0.0
59,37,163,18.5,0.74,3.26,18.5,81.5,74.0,9.676997515365503,37,37,0.0
60,38,162,19.0,0.76,3.24,19.0,81.0,76.0,9.93853798875376,38,38,2.0
61,38,162,19.0,0.76,3.24,19.0,81.0,76.0,9.93853798875376,38,38,0.0
62,38,162,19.0,0.76,3.24,19.0,81.0,76.0,9.93853798875376,38,38,0.0
63,39,161,19.5,0.78,3.2199999999999998,19.5,80.49999999999999,78.0,10.200078462142017,39,39,2.0
64,39,161,19.5,0.78,3.2199999999999998,19.5,80.49999999999999,78.0,10.200078462142017,39,39,0.0
65,39,161,19.5,0.78,3.2199999999999998,19.5,80.49999999999999,78.0,10.200078462142017,39,39,0.0
66,39,161,19.5,0.78,3.2199999999999998,19.5,80.49999999999999,78.0,10.200078462142017,39,39,0.0
67,40,160,20.0,0.8,3.2,20.0,80.0,80.0,10.461618935530273,40,40,2.0
68,40,160,20.0,0.8,3.2,20.0,80.0,80.0,10.461618935530273,40,40,0.0
69,42,158,21.0,0.84,3.16,21.0,79.0,84.0,10.984699882306787,42,42,4.0
70,43,157,21.5,0.86,3.14,21.5,78.5,86.0,11.246240355695043,43,43,2.0
71,44,156,22.0,0.88,3.12,22.0,78.0,88.0,11.5077808290833,44,44,2.0
72,45,155,22.5,0.9,3.1,22.5,77.5,90.0,11.769321302471557,45,45,2.0
73,46,154,23.0,0.92,3.08,23.0,77.0,92.0,12.030861775859814,46,46,2.0
74,47,153,23.5,0.9400000000000001,3.06,23.5,76.5,94.0,12.29240224924807,47,47,2.0
75,47,153,23.5,0.9400000000000001,3.06,23.5,76.5,94.0,12.29240224924807,47,47,0.0
76,47,153,23.5,0.9400000000000001,3.06,23.5,76.5,94.0,12.29240224924807,47,47,0.0
77,48,152,24.0,0.96,3.04,24.0,76.0,96.0,12.553942722636327,48,48,2.0
78,48,152,24.0,0.96,3.04,24.0,76.0,96.0,12.553942722636327,48,48,0.0
79,50,150,25.0,1.0,3.0,25.0,75.0,100.0,13.07702366941284,50,50,4.0
80,50,150,25.0,1.0,3.0,25.0,75.0,100.0,13.07702366941284,50,50,0.0
81,52,148,26.0,1.04,2.96,26.0,74.0,104.0,13.600104616189354,52,52,4.0
82,52,148,26.0,1.04,2.96,26.0,74.0,104.0,13.600104616189354,52,52,0.0
83,52,148,26.0,1.04,2.96,26.0,74.0,104.0,13.600104616189354,52,52,0.0
84,53,147,26.5,1.06,2.94,26.5,73.5,106.0,13.861645089577612,53,53,2.0
85,54,146,27.0,1.08,2.92,27.0,73.0,108.0,14.123185562965867,54,54,2.0
86,54,146,27.0,1.08,2.92,27.0,73.0,108.0,14.123185562965867,54,54,0.0
87,56,144,28.000000000000004,1.12,2.88,28.000000000000004,72.0,112.00000000000001,14.646266509742384,56,56,4.000000000000014
88,58,142,28.999999999999996,1.16,2.84,28.999999999999996,71.0,115.99999999999999,15.169347456518894,58,58,3.9999999999999716
89,58,142,28.999999999999996,1.16,2.84,28.999999999999996,71.0,115.99999999999999,15.169347456518894,58,58,0.0
90,58,142,28.999999999999996,1.16,2.84,28.999999999999996,71.0,115.99999999999999,15.169347456518894,58,58,0.0
91,59,141,29.5,1.18,2.8200000000000003,29.499999999999996,70.5,117.99999999999999,15.43088792990715,59,59,2.0
92,60,140,30.0,1.2,2.8,30.0,70.0,120.0,15.692428403295407,60,60,2.000000000000014
93,61,139,30.5,1.22,2.7800000000000002,30.5,69.5,122.0,15.953968876683666,61,61,2.0
94,61,139,30.5,1.22,2.7800000000000002,30.5,69.5,122.0,15.953968876683666,61,61,0.0
95,61,139,30.5,1.22,2.7800000000000002,30.5,69.5,122.0,15.953968876683666,61,61,0.0
96,61,139,30.5,1.22,2.7800000000000002,30.5,69.5,122.0,15.953968876683666,61,61,0.0
97,63,137,31.5,1.26,2.74,31.5,68.5,126.0,16.47704982346018,63,63,4.0
98,63,137,31.5,1.26,2.74,31.5,68.5,126.0,16.47704982346018,63,63,0.0
99,63,137,31.5,1.26,2.74,31.5,68.5,126.0,16.47704982346018,63,63,0.0
100,65,135,32.5,1.3,2.7,32.5,67.5,130.0,17.000130770236694,65,65,4.0
101,66,134,33.0,1.32,2.6799999999999997,33.0,66.99999999999999,132.0,17.26167124362495,66,66,2.0
102,67,133,33.5,1.34,2.66,33.5,66.5,134.0,17.523211717013208,67,67,2.0
103,67,133,33.5,1.34,2.66,33.5,66.5,134.0,17.523211717013208,67,67,0.0
104,67,133,33.5,1.34,2.66,33.5,66.5,134.0,17.523211717013208,67,67,0.0
105,68,132,34.0,1.36,2.6399999999999997,34.0,65.99999999999999,136.0,17.784752190401466,68,68,2.0
106,68,132,34.0,1.36,2.6399999999999997,34.0,65.99999999999999,136.0,17.784752190401466,68,68,0.0
107,68,132,34.0,1.36,2.6399999999999997,34.0,65.99999999999999,136.0,17.784752190401466,68,68,0.0
108,68,132,34.0,1.36,2.6399999999999997,34.0,65.99999999999999,136.0,17.784752190401466,68,68,0.0
109,68,132,34.0,1.36,2.6399999999999997,34.0,65.99999999999999,136.0,17.784752190401466,68,68,0.0
110,69,131,34.5,1.3800000000000001,2.62,34.5,65.5,138.0,18.04629266378972,69,69,2.0
111,69,131,34.5,1.3800000000000001,2.62,34.5,65.5,138.0,18.04629266378972,69,69,0.0
112,69,131,34.5,1.3800000000000001,2.62,34.5,65.5,138.0,18.04629266378972,69,69,0.0
113,69,131,34.5,1.3800000000000001,2.62,34.5,65.5,138.0,18.04629266378972,69,69,0.0
114,69,131,34.5,1.3800000000000001,2.62,34.5,65.5,138.0,18.04629266378972,69,69,0.0
115,69,131,34.5,1.3800000000000001,2.62,34.5,65.5,138.0,18.04629266378972,69,69,0.0
116,69,131,34.5,1.3800000000000001,2.62,34.5,65.5,138.0,18.04629266378972,69,69,0.0
117,72,128,36.0,1.44,2.56,36.0,64.0,144.0,18.830914083954493,72,72,6.0
118,73,127,36.5,1.46,2.54,36.5,63.5,146.0,19.092454557342748,73,73,2.0
119,74,126,37.0,1.48,2.52,37.0,63.0,148.0,19.353995030731006,74,74,2.0
120,74,126,37.0,1.48,2.52,37.0,63.0,148.0,19.353995030731006,74,74,0.0
121,75,125,37.5,1.5,2.5,37.5,62.5,150.0,19.61553550411926,75,75,2.0
122,75,125,37.5,1.5,2.5,37.5,62.5,150.0,19.61553550411926,75,75,0.0
123,75,125,37.5,1.5,2.5,37.5,62.5,150.0,19.61553550411926,75,75,0.0
124,75,125,37.5,1.5,2.5,37.5,62.5,150.0,19.61553550411926,75,75,0.0
125,75,125,37.5,1.5,2.5,37.5,62.5,150.0,19.61553550411926,75,75,0.0
126,75,125,37.5,1.5,2.5,37.5,62.5,150.0,19.61553550411926,75,75,0.0
127,75,125,37.5,1.5,2.5,37.5,62.5,150.0,19.61553550411926,75,75,0.0
128,75,125,37.5,1.5,2.5,37.5,62.5,150.0,19.61553550411926,75,75,0.0
129,75,125,37.5,1.5,2.5,37.5,62.5,150.0,19.61553550411926,75,75,0.0
130,76,124,38.0,1.52,2.48,38.0,62.0,152.0,19.87707597750752,76,76,2.0
131,76,124,38.0,1.52,2.48,38.0,62.0,152.0,19.87707597750752,76,76,0.0
132,76,124,38.0,1.52,2.48,38.0,62.0,152.0,19.87707597750752,76,76,0.0
133,76,124,38.0,1.52,2.48,38.0,62.0,152.0,19.87707597750752,76,76,0.0
134,77,123,38.5,1.54,2.46,38.5,61.5,154.0,20.138616450895775,77,77,2.0
135,77,123,38.5,1.54,2.46,38.5,61.5,154.0,20.138616450895775,77,77,0.0
136,78,122,39.0,1.56,2.44,39.0,61.0,156.0,20.400156924284033,78,78,2.0
137,79,121,39.5,1.58,2.42,39.5,60.5,158.0,20.661697397672288,79,79,2.0
138,79,121,39.5,1.58,2.42,39.5,60.5,158.0,20.661697397672288,79,79,0.0
139,79,121,39.5,1.58,2.42,39.5,60.5,158.0,20.661697397672288,79,79,0.0
140,80,120,40.0,1.6,2.4,40.0,60.0,160.0,20.923237871060547,80,80,2.0
141,82,118,41.0,1.6400000000000001,2.36,41.0,58.99999999999999,164.0,21.44631881783706,82,82,4.0
142,82,118,41.0,1.6400000000000001,2.36,41.0,58.99999999999999,164.0,21.44631881783706,82,82,0.0
143,82,118,41.0,1.6400000000000001,2.36,41.0,58.99999999999999,164.0,21.44631881783706,82,82,0.0
144,82,118,41.0,1.6400000000000001,2.36,41.0,58.99999999999999,164.0,21.44631881783706,82,82,0.0
145,82,118,41.0,1.6400000000000001,2.36,41.0,58.99999999999999,164.0,21.44631881783706,82,82,0.0
146,83,117,41.5,1.6600000000000001,2.34,41.5,58.49999999999999,166.0,21.707859291225315,83,83,2.0
147,83,117,41.5,1.6600000000000001,2.34,41.5,58.49999999999999,166.0,21.707859291225315,83,83,0.0
148,83,117,41.5,1.6600000000000001,2.34,41.5,58.49999999999999,166.0,21.707859291225315,83,83,0.0
149,83,117,41.5,1.6600000000000001,2.34,41.5,58.49999999999999,166.0,21.707859291225315,83,83,0.0
150,83,117,41.5,1.6600000000000001,2.34,41.5,58.49999999999999,166.0,21.707859291225315,83,83,0.0
151,83,117,41.5,1.6600000000000001,2.34,41.5,58.49999999999999,166.0,21.707859291225315,83,83,0.0
152,83,117,41.5,1.6600000000000001,2.34,41.5,58.49999999999999,166.0,21.707859291225315,83,83,0.0
153,83,117,41.5,1.6600000000000001,2.34,41.5,58.49999999999999,166.0,21.707859291225315,83,83,0.0
154,83,117,41.5,1.6600000000000001,2.34,41.5,58.49999999999999,166.0,21.707859291225315,83,83,0.0
155,83,117,41.5,1.6600000000000001,2.34,41.5,58.49999999999999,166.0,21.707859291225315,83,83,0.0
156,84,116,42.0,1.68,2.3200000000000003,42.0,58.00000000000001,168.0,21.969399764613573,84,84,2.0
157,84,116,42.0,1.68,2.3200000000000003,42.0,58.00000000000001,168.0,21.969399764613573,84,84,0.0
158,84,116,42.0,1.68,2.3200000000000003,42.0,58.00000000000001,168.0,21.969399764613573,84,84,0.0
159,84,116,42.0,1.68,2.3200000000000003,42.0,58.00000000000001,168.0,21.969399764613573,84,84,0.0
160,85,115,42.5,1.7,2.3,42.5,57.49999999999999,170.0,22.23094023800183,85,85,2.0
161,86,114,43.0,1.72,2.2800000000000002,43.0,57.00000000000001,172.0,22.492480711390087,86,86,2.0
162,87,113,43.5,1.74,2.26,43.5,56.49999999999999,174.0,22.754021184778342,87,87,2.0
163,87,113,43.5,1.74,2.26,43.5,56.49999999999999,174.0,22.754021184778342,87,87,0.0
164,87,113,43.5,1.74,2.26,43.5,56.49999999999999,174.0,22.754021184778342,87,87,0.0
165,87,113,43.5,1.74,2.26,43.5,56.49999999999999,174.0,22.754021184778342,87,87,0.0
166,87,113,43.5,1.74,2.26,43.5,56.49999999999999,174.0,22.754021184778342,87,87,0.0
167,87,113,43.5,1.74,2.26,43.5,56.49999999999999,174.0,22.754021184778342,87,87,0.0
168,87,113,43.5,1.74,2.26,43.5,56.49999999999999,174.0,22.754021184778342,87,87,0.0
169,88,112,44.0,1.76,2.24,44.0,56.00000000000001,176.0,23.0155616581666,88,88,2.0
170,88,112,44.0,1.76,2.24,44.0,56.00000000000001,176.0,23.0155616581666,88,88,0.0
171,88,112,44.0,1.76,2.24,44.0,56.00000000000001,176.0,23.0155616581666,88,88,0.0
172,89,111,44.5,1.78,2.2199999999999998,44.5,55.49999999999999,178.0,23.277102131554855,89,89,2.0
173,89,111,44.5,1.78,2.2199999999999998,44.5,55.49999999999999,178.0,23.277102131554855,89,89,0.0
174,90,110,45.0,1.8,2.2,45.0,55.0,180.0,23.538642604943114,90,90,2.0
175,91,109,45.5,1.82,2.1799999999999997,45.5,54.49999999999999,182.0,23.800183078331372,91,91,2.0
176,91,109,45.5,1.82,2.1799999999999997,45.5,54.49999999999999,182.0,23.800183078331372,91,91,0.0
177,91,109,45.5,1.82,2.1799999999999997,45.5,54.49999999999999,182.0,23.800183078331372,91,91,0.0
178,91,109,45.5,1.82,2.1799999999999997,45.5,54.49999999999999,182.0,23.800183078331372,91,91,0.0
179,91,109,45.5,1.82,2.1799999999999997,45.5,54.49999999999999,182.0,23.800183078331372,91,91,0.0
180,92,108,46.0,1.84,2.16,46.0,54.0,184.0,24.061723551719627,92,92,2.0
181,93,107,46.5,1.86,2.1399999999999997,46.5,53.49999999999999,186.0,24.323264025107886,93,93,2.0
182,93,107,46.5,1.86,2.1399999999999997,46.5,53.49999999999999,186.0,24.323264025107886,93,93,0.0
183,93,107,46.5,1.86,2.1399999999999997,46.5,53.49999999999999,186.0,24.323264025107886,93,93,0.0
184,93,107,46.5,1.86,2.1399999999999997,46.5,53.49999999999999,186.0,24.323264025107886,93,93,0.0
185,94,106,47.0,1.8800000000000001,2.12,47.0,53.0,188.0,24.58480449849614,94,94,2.0
186,96,104,48.0,1.92,2.08,48.0,52.0,192.0,25.107885445272654,96,96,4.0
187,96,104,48.0,1.92,2.08,48.0,52.0,192.0,25.107885445272654,96,96,0.0
188,97,103,48.5,1.94,2.06,48.5,51.5,194.0,25.36942591866091,97,97,2.0
189,97,103,48.5,1.94,2.06,48.5,51.5,194.0,25.36942591866091,97,97,0.0
190,97,103,48.5,1.94,2.06,48.5,51.5,194.0,25.36942591866091,97,97,0.0
191,98,102,49.0,1.96,2.04,49.0,51.0,196.0,25.63096639204917,98,98,2.0
192,98,102,49.0,1.96,2.04,49.0,51.0,196.0,25.63096639204917,98,98,0.0
193,98,102,49.0,1.96,2.04,49.0,51.0,196.0,25.63096639204917,98,98,0.0
194,98,102,49.0,1.96,2.04,49.0,51.0,196.0,25.63096639204917,98,98,0.0
195,98,102,49.0,1.96,2.04,49.0,51.0,196.0,25.63096639204917,98,98,0.0
196,99,101,49.5,1.98,2.02,49.5,50.5,198.0,25.892506865437426,99,99,2.0
197,99,101,49.5,1.98,2.02,49.5,50.5,198.0,25.892506865437426,99,99,0.0
198,99,101,49.5,1.98,2.02,49.5,50.5,198.0,25.892506865437426,99,99,0.0
199,100,100,50.0,2.0,2.0,50.0,50.0,200.0,26.15404733882568,100,100,2.0
200,100,100,50.0,2.0,2.0,50.0,50.0,200.0,26.15404733882568,100,100,0.0
201,101,99,50.5,2.02,1.98,50.5,49.5,202.0,26.415587812213936,101,101,2.0
202,102,98,51.0,2.04,1.96,51.0,49.0,204.0,26.677128285602198,102,102,2.0
203,102,98,51.0,2.04,1.96,51.0,49.0,204.0,26.677128285602198,102,102,0.0
204,102,98,51.0,2.04,1.96,51.0,49.0,204.0,26.677128285602198,102,102,0.0
205,102,98,51.0,2.04,1.96,51.0,49.0,204.0,26.677128285602198,103,102,0.0
206,103,97,51.5,2.06,1.94,51.5,48.5,206.0,26.938668758990453,104,103,2.0
207,103,97,51.5,2.06,1.94,51.5,48.5,206.0,26.938668758990453,104,103,0.0
208,103,97,51.5,2.06,1.94,51.5,48.5,206.0,26.938668758990453,104,103,0.0
209,103,97,51.5,2.06,1.94,51.5,48.5,206.0,26.938668758990453,104,103,0.0
210,104,96,52.0,2.08,1.92,52.0,48.0,208.0,27.200209232378707,105,104,2.0
211,104,96,52.0,2.08,1.92,52.0,48.0,208.0,27.200209232378707,105,104,0.0
212,104,96,52.0,2.08,1.92,52.0,48.0,208.0,27.200209232378707,105,104,0.0
213,104,96,52.0,2.08,1.92,52.0,48.0,208.0,27.200209232378707,106,104,0.0
214,107,93,53.5,2.14,1.8599999999999999,53.5,46.49999999999999,214.0,27.98483065254348,110,107,6.0
215,107,93,53.5,2.14,1.8599999999999999,53.5,46.49999999999999,214.0,27.98483065254348,111,107,0.0
216,107,93,53.5,2.14,1.8599999999999999,53.5,46.49999999999999,214.0,27.98483065254348,112,107,0.0
217,107,93,53.5,2.14,1.8599999999999999,53.5,46.49999999999999,214.0,27.98483065254348,113,107,0.0
218,107,93,53.5,2.14,1.8599999999999999,53.5,46.49999999999999,214.0,27.98483065254348,113,107,0.0
219,107,93,53.5,2.14,1.8599999999999999,53.5,46.49999999999999,214.0,27.98483065254348,113,107,0.0
220,107,93,53.5,2.14,1.8599999999999999,53.5,46.49999999999999,214.0,27.98483065254348,113,107,0.0
221,107,93,53.5,2.14,1.8599999999999999,53.5,46.49999999999999,214.0,27.98483065254348,113,107,0.0
222,107,93,53.5,2.14,1.8599999999999999,53.5,46.49999999999999,214.0,27.98483065254348,113,107,0.0
223,107,93,53.5,2.14,1.8599999999999999,53.5,46.49999999999999,214.0,27.98483065254348,113,107,0.0
224,108,92,54.0,2.16,1.8399999999999999,54.0,45.99999999999999,216.0,28.246371125931734,114,108,2.0
225,108,92,54.0,2.16,1.8399999999999999,54.0,45.99999999999999,216.0,28.246371125931734,114,108,0.0
226,108,92,54.0,2.16,1.8399999999999999,54.0,45.99999999999999,216.0,28.246371125931734,114,108,0.0
227,108,92,54.0,2.16,1.8399999999999999,54.0,45.99999999999999,216.0,28.246371125931734,114,108,0.0
228,110,90,55.00000000000001,2.2,1.7999999999999998,55.0,44.99999999999999,220.0,28.76945207270825,116,110,4.0
229,110,90,55.00000000000001,2.2,1.7999999999999998,55.0,44.99999999999999,220.0,28.76945207270825,116,110,0.0
230,110,90,55.00000000000001,2.2,1.7999999999999998,55.0,44.99999999999999,220.0,28.76945207270825,116,110,0.0
231,110,90,55.00000000000001,2.2,1.7999999999999998,55.0,44.99999999999999,220.0,28.76945207270825,116,110,0.0
232,110,90,55.00000000000001,2.2,1.7999999999999998,55.0,44.99999999999999,220.0,28.76945207270825,116,110,0.0
233,110,90,55.00000000000001,2.2,1.7999999999999998,55.0,44.99999999999999,220.0,28.76945207270825,116,110,0.0
234,110,90,55.00000000000001,2.2,1.7999999999999998,55.0,44.99999999999999,220.0,28.76945207270825,116,110,0.0
235,110,90,55.00000000000001,2.2,1.7999999999999998,55.0,44.99999999999999,220.0,28.76945207270825,116,110,0.0
236,110,90,55.00000000000001,2.2,1.7999999999999998,55.0,44.99999999999999,220.0,28.76945207270825,116,110,0.0
237,111,89,55.50000000000001,2.22,1.7799999999999998,55.50000000000001,44.49999999999999,222.00000000000003,29.030992546096513,117,111,2.0000000000000284
238,112,88,56.00000000000001,2.24,1.7599999999999998,56.00000000000001,43.99999999999999,224.00000000000003,29.292533019484768,118,112,2.0
239,112,88,56.00000000000001,2.24,1.7599999999999998,56.00000000000001,43.99999999999999,224.00000000000003,29.292533019484768,118,112,0.0
240,112,88,56.00000000000001,2.24,1.7599999999999998,56.00000000000001,43.99999999999999,224.00000000000003,29.292533019484768,118,112,0.0
241,112,88,56.00000000000001,2.24,1.7599999999999998,56.00000000000001,43.99999999999999,224.00000000000003,29.292533019484768,118,112,0.0
242,112,88,56.00000000000001,2.24,1.7599999999999998,56.00000000000001,43.99999999999999,224.00000000000003,29.292533019484768,118,112,0.0
243,112,88,56.00000000000001,2.24,1.7599999999999998,56.00000000000001,43.99999999999999,224.00000000000003,29.292533019484768,118,112,0.0
244,112,88,56.00000000000001,2.24,1.7599999999999998,56.00000000000001,43.99999999999999,224.00000000000003,29.292533019484768,118,112,0.0
245,112,88,56.00000000000001,2.24,1.7599999999999998,56.00000000000001,43.99999999999999,224.00000000000003,29.292533019484768,118,112,0.0
246,112,88,56.00000000000001,2.24,1.7599999999999998,56.00000000000001,43.99999999999999,224.00000000000003,29.292533019484768,118,112,0.0
247,112,88,56.00000000000001,2.24,1.7599999999999998,56.00000000000001,43.99999999999999,224.00000000000003,29.292533019484768,118,112,0.0
248,112,88,56.00000000000001,2.24,1.7599999999999998,56.00000000000001,43.99999999999999,224.00000000000003,29.292533019484768,118,112,0.0
249,112,88,56.00000000000001,2.24,1.7599999999999998,56.00000000000001,43.99999999999999,224.00000000000003,29.292533019484768,118,112,0.0
250,112,88,56.00000000000001,2.24,1.7599999999999998,56.00000000000001,43.99999999999999,224.00000000000003,29.292533019484768,118,112,0.0
251,112,88,56.00000000000001,2.24,1.7599999999999998,56.00000000000001,43.99999999999999,224.00000000000003,29.292533019484768,118,112,0.0
252,112,88,56.00000000000001,2.24,1.7599999999999998,56.00000000000001,43.99999999999999,224.00000000000003,29.292533019484768,118,112,0.0
253,112,88,56.00000000000001,2.24,1.7599999999999998,56.00000000000001,43.99999999999999,224.00000000000003,29.292533019484768,118,112,0.0
254,112,88,56.00000000000001,2.24,1.7599999999999998,56.00000000000001,43.99999999999999,224.00000000000003,29.292533019484768,118,112,0.0
255,112,88,56.00000000000001,2.24,1.7599999999999998,56.00000000000001,43.99999999999999,224.00000000000003,29.292533019484768,118,112,0.0
256,113,87,56.49999999999999,2.2600000000000002,1.7399999999999998,56.50000000000001,43.49999999999999,226.00000000000003,29.554073492873023,119,113,2.0
257,113,87,56.49999999999999,2.2600000000000002,1.7399999999999998,56.50000000000001,43.49999999999999,226.00000000000003,29.554073492873023,119,113,0.0
258,113,87,56.49999999999999,2.2600000000000002,1.7399999999999998,56.50000000000001,43.49999999999999,226.00000000000003,29.554073492873023,119,113,0.0
259,113,87,56.49999999999999,2.2600000000000002,1.7399999999999998,56.50000000000001,43.49999999999999,226.00000000000003,29.554073492873023,119,113,0.0
260,113,87,56.49999999999999,2.2600000000000002,1.7399999999999998,56.50000000000001,43.49999999999999,226.00000000000003,29.554073492873023,119,113,0.0
261,113,87,56.49999999999999,2.2600000000000002,1.7399999999999998,56.50000000000001,43.49999999999999,226.00000000000003,29.554073492873023,119,113,0.0
262,113,87,56.49999999999999,2.2600000000000002,1.7399999999999998,56.50000000000001,43.49999999999999,226.00000000000003,29.554073492873023,119,113,0.0
263,113,87,56.49999999999999,2.2600000000000002,1.7399999999999998,56.50000000000001,43.49999999999999,226.00000000000003,29.554073492873023,119,113,0.0
264,113,87,56.49999999999999,2.2600000000000002,1.7399999999999998,56.50000000000001,43.49999999999999,226.00000000000003,29.554073492873023,119,113,0.0
265,113,87,56.49999999999999,2.2600000000000002,1.7399999999999998,56.50000000000001,43.49999999999999,226.00000000000003,29.554073492873023,119,113,0.0
266,113,87,56.49999999999999,2.2600000000000002,1.7399999999999998,56.50000000000001,43.49999999999999,226.00000000000003,29.554073492873023,119,113,0.0
267,113,87,56.49999999999999,2.2600000000000002,1.7399999999999998,56.50000000000001,43.49999999999999,226.00000000000003,29.554073492873023,119,113,0.0
268,113,87,56.49999999999999,2.2600000000000002,1.7399999999999998,56.50000000000001,43.49999999999999,226.00000000000003,29.554073492873023,119,113,0.0
269,113,87,56.49999999999999,2.2600000000000002,1.7399999999999998,56.50000000000001,43.49999999999999,226.00000000000003,29.554073492873023,119,113,0.0
270,113,87,56.49999999999999,2.2600000000000002,1.7399999999999998,56.50000000000001,43.49999999999999,226.00000000000003,29.554073492873023,119,113,0.0
271,114,86,56.99999999999999,2.2800000000000002,1.7199999999999998,57.00000000000001,42.99999999999999,228.00000000000003,29.815613966261278,120,114,2.0
272,115,85,57.49999999999999,2.3000000000000003,1.6999999999999997,57.50000000000001,42.49999999999999,230.00000000000003,30.07715443964954,121,115,2.0
273,115,85,57.49999999999999,2.3000000000000003,1.6999999999999997,57.50000000000001,42.49999999999999,230.00000000000003,30.07715443964954,121,115,0.0
274,116,84,57.99999999999999,2.32,1.6800000000000002,57.99999999999999,42.0,231.99999999999997,30.338694913037788,122,116,1.9999999999999432
275,116,84,57.99999999999999,2.32,1.6800000000000002,57.99999999999999,42.0,231.99999999999997,30.338694913037788,122,116,0.0
276,116,84,57.99999999999999,2.32,1.6800000000000002,57.99999999999999,42.0,231.99999999999997,30.338694913037788,122,116,0.0
277,116,84,57.99999999999999,2.32,1.6800000000000002,57.99999999999999,42.0,231.99999999999997,30.338694913037788,122,116,0.0
278,116,84,57.99999999999999,2.32,1.6800000000000002,57.99999999999999,42.0,231.99999999999997,30.338694913037788,122,116,0.0
279,117,83,58.5,2.34,1.6600000000000001,58.49999999999999,41.5,233.99999999999997,30.600235386426043,123,117,2.0
280,117,83,58.5,2.34,1.6600000000000001,58.49999999999999,41.5,233.99999999999997,30.600235386426043,123,117,0.0
281,117,83,58.5,2.34,1.6600000000000001,58.49999999999999,41.5,233.99999999999997,30.600235386426043,123,117,0.0
282,117,83,58.5,2.34,1.6600000000000001,58.49999999999999,41.5,233.99999999999997,30.600235386426043,123,117,0.0
283,117,83,58.5,2.34,1.6600000000000001,58.49999999999999,41.5,233.99999999999997,30.600235386426043,123,117,0.0
284,117,83,58.5,2.34,1.6600000000000001,58.49999999999999,41.5,233.99999999999997,30.600235386426043,123,117,0.0
285,117,83,58.5,2.34,1.6600000000000001,58.49999999999999,41.5,233.99999999999997,30.600235386426043,123,117,0.0
286,117,83,58.5,2.34,1.6600000000000001,58.49999999999999,41.5,233.99999999999997,30.600235386426043,123,117,0.0
287,117,83,58.5,2.34,1.6600000000000001,58.49999999999999,41.5,233.99999999999997,30.600235386426043,123,117,0.0
288,118,82,59.0,2.36,1.6400000000000001,58.99999999999999,41.0,235.99999999999997,30.8617758598143,124,118,2.0
289,118,82,59.0,2.36,1.6400000000000001,58.99999999999999,41.0,235.99999999999997,30.8617758598143,124,118,0.0
290,119,81,59.5,2.38,1.62,59.49999999999999,40.5,237.99999999999997,31.123316333202556,125,119,2.0
291,119,81,59.5,2.38,1.62,59.49999999999999,40.5,237.99999999999997,31.123316333202556,125,119,0.0
292,119,81,59.5,2.38,1.62,59.49999999999999,40.5,237.99999999999997,31.123316333202556,125,119,0.0
293,119,81,59.5,2.38,1.62,59.49999999999999,40.5,237.99999999999997,31.123316333202556,125,119,0.0
294,120,80,60.0,2.4,1.6,60.0,40.0,240.0,31.384856806590815,126,120,2.0000000000000284
295,120,80,60.0,2.4,1.6,60.0,40.0,240.0,31.384856806590815,126,120,0.0
296,120,80,60.0,2.4,1.6,60.0,40.0,240.0,31.384856806590815,126,120,0.0
297,120,80,60.0,2.4,1.6,60.0,40.0,240.0,31.384856806590815,126,120,0.0
298,120,80,60.0,2.4,1.6,60.0,40.0,240.0,31.384856806590815,126,120,0.0
299,120,80,60.0,2.4,1.6,60.0,40.0,240.0,31.384856806590815,126,120,0.0
300,121,79,60.5,2.42,1.58,60.5,39.5,242.0,31.646397279979077,127,121,2.0
301,121,79,60.5,2.42,1.58,60.5,39.5,242.0,31.646397279979077,127,121,0.0
302,122,78,61.0,2.44,1.56,61.0,39.0,244.0,31.90793775336733,128,122,2.0
303,122,78,61.0,2.44,1.56,61.0,39.0,244.0,31.90793775336733,128,122,0.0
304,122,78,61.0,2.44,1.56,61.0,39.0,244.0,31.90793775336733,128,122,0.0
305,122,78,61.0,2.44,1.56,61.0,39.0,244.0,31.90793775336733,128,122,0.0
306,122,78,61.0,2.44,1.56,61.0,39.0,244.0,31.90793775336733,128,122,0.0
307,122,78,61.0,2.44,1.56,61.0,39.0,244.0,31.90793775336733,128,122,0.0
308,122,78,61.0,2.44,1.56,61.0,39.0,244.0,31.90793775336733,128,122,0.0
309,122,78,61.0,2.44,1.56,61.0,39.0,244.0,31.90793775336733,128,122,0.0
310,122,78,61.0,2.44,1.56,61.0,39.0,244.0,31.90793775336733,128,122,0.0
311,122,78,61.0,2.44,1.56,61.0,39.0,244.0,31.90793775336733,128,122,0.0
312,122,78,61.0,2.44,1.56,61.0,39.0,244.0,31.90793775336733,128,122,0.0
313,122,78,61.0,2.44,1.56,61.0,39.0,244.0,31.90793775336733,128,122,0.0
314,122,78,61.0,2.44,1.56,61.0,39.0,244.0,31.90793775336733,128,122,0.0
315,122,78,61.0,2.44,1.56,61.0,39.0,244.0,31.90793775336733,128,122,0.0
316,122,78,61.0,2.44,1.56,61.0,39.0,244.0,31.90793775336733,128,122,0.0
317,122,78,61.0,2.44,1.56,61.0,39.0,244.0,31.90793775336733,128,122,0.0
318,123,77,61.5,2.46,1.54,61.5,38.5,246.0,32.16947822675559,129,123,2.0
319,124,76,62.0,2.48,1.52,62.0,38.0,248.0,32.431018700143845,130,124,2.0
320,124,76,62.0,2.48,1.52,62.0,38.0,248.0,32.431018700143845,130,124,0.0
321,124,76,62.0,2.48,1.52,62.0,38.0,248.0,32.431018700143845,130,124,0.0
322,124,76,62.0,2.48,1.52,62.0,38.0,248.0,32.431018700143845,130,124,0.0
323,124,76,62.0,2.48,1.52,62.0,38.0,248.0,32.431018700143845,130,124,0.0
324,124,76,62.0,2.48,1.52,62.0,38.0,248.0,32.431018700143845,130,124,0.0
325,125,75,62.5,2.5,1.5,62.5,37.5,250.0,32.6925591735321,131,125,2.0
326,125,75,62.5,2.5,1.5,62.5,37.5,250.0,32.6925591735321,131,125,0.0
327,125,75,62.5,2.5,1.5,62.5,37.5,250.0,32.6925591735321,131,125,0.0
328,125,75,62.5,2.5,1.5,62.5,37.5,250.0,32.6925591735321,131,125,0.0
329,126,74,63.0,2.52,1.48,63.0,37.0,252.0,32.95409964692036,132,126,2.0
330,126,74,63.0,2.52,1.48,63.0,37.0,252.0,32.95409964692036,132,126,0.0
331,126,74,63.0,2.52,1.48,63.0,37.0,252.0,32.95409964692036,132,126,0.0
332,126,74,63.0,2.52,1.48,63.0,37.0,252.0,32.95409964692036,132,126,0.0
333,126,74,63.0,2.52,1.48,63.0,37.0,252.0,32.95409964692036,132,126,0.0
334,126,74,63.0,2.52,1.48,63.0,37.0,252.0,32.95409964692036,132,126,0.0
335,126,74,63.0,2.52,1.48,63.0,37.0,252.0,32.95409964692036,132,126,0.0
336,126,74,63.0,2.52,1.48,63.0,37.0,252.0,32.95409964692036,132,126,0.0
337,126,74,63.0,2.52,1.48,63.0,37.0,252.0,32.95409964692036,132,126,0.0
338,126,74,63.0,2.52,1.48,63.0,37.0,252.0,32.95409964692036,132,126,0.0
339,126,74,63.0,2.52,1.48,63.0,37.0,252.0,32.95409964692036,132,126,0.0
340,126,74,63.0,2.52,1.48,63.0,37.0,252.0,32.95409964692036,132,126,0.0
341,126,74,63.0,2.52,1.48,63.0,37.0,252.0,32.95409964692036,132,126,0.0
342,126,74,63.0,2.52,1.48,63.0,37.0,252.0,32.95409964692036,132,126,0.0
343,126,74,63.0,2.52,1.48,63.0,37.0,252.0,32.95409964692036,132,126,0.0
344,126,74,63.0,2.52,1.48,63.0,37.0,252.0,32.95409964692036,132,126,0.0
345,126,74,63.0,2.52,1.48,63.0,37.0,252.0,32.95409964692036,132,126,0.0
346,126,74,63.0,2.52,1.48,63.0,37.0,252.0,32.95409964692036,132,126,0.0
347,127,73,63.5,2.54,1.46,63.5,36.5,254.0,33.21564012030861,133,127,2.0
348,127,73,63.5,2.54,1.46,63.5,36.5,254.0,33.21564012030861,133,127,0.0
349,127,73,63.5,2.54,1.46,63.5,36.5,254.0,33.21564012030861,133,127,0.0
350,127,73,63.5,2.54,1.46,63.5,36.5,254.0,33.21564012030861,133,127,0.0
351,127,73,63.5,2.54,1.46,63.5,36.5,254.0,33.21564012030861,133,127,0.0
352,127,73,63.5,2.54,1.46,63.5,36.5,254.0,33.21564012030861,133,127,0.0
353,128,72,64.0,2.56,1.44,64.0,36.0,256.0,33.47718059369687,134,128,2.0
354,128,72,64.0,2.56,1.44,64.0,36.0,256.0,33.47718059369687,134,128,0.0
355,128,72,64.0,2.56,1.44,64.0,36.0,256.0,33.47718059369687,134,128,0.0
356,129,71,64.5,2.58,1.42,64.5,35.5,258.0,33.73872106708513,135,129,2.0
357,129,71,64.5,2.58,1.42,64.5,35.5,258.0,33.73872106708513,135,129,0.0
358,129,71,64.5,2.58,1.42,64.5,35.5,258.0,33.73872106708513,135,129,0.0
359,129,71,64.5,2.58,1.42,64.5,35.5,258.0,33.73872106708513,135,129,0.0
360,129,71,64.5,2.58,1.42,64.5,35.5,258.0,33.73872106708513,135,129,0.0
361,129,71,64.5,2.58,1.42,64.5,35.5,258.0,33.73872106708513,135,129,0.0
362,129,71,64.5,2.58,1.42,64.5,35.5,258.0,33.73872106708513,135,129,0.0
363,129,71,64.5,2.58,1.42,64.5,35.5,258.0,33.73872106708513,135,129,0.0
364,129,71,64.5,2.58,1.42,64.5,35.5,258.0,33.73872106708513,135,129,0.0
365,129,71,64.5,2.58,1.42,64.5,35.5,258.0,33.73872106708513,135,129,0.0
366,129,71,64.5,2.58,1.42,64.5,35.5,258.0,33.73872106708513,135,129,0.0
367,130,70,65.0,2.6,1.4,65.0,35.0,260.0,34.00026154047339,136,130,2.0
368,130,70,65.0,2.6,1.4,65.0,35.0,260.0,34.00026154047339,136,130,0.0
369,130,70,65.0,2.6,1.4,65.0,35.0,260.0,34.00026154047339,136,130,0.0
370,130,70,65.0,2.6,1.4,65.0,35.0,260.0,34.00026154047339,136,130,0.0
371,130,70,65.0,2.6,1.4,65.0,35.0,260.0,34.00026154047339,136,130,0.0
372,130,70,65.0,2.6,1.4,65.0,35.0,260.0,34.00026154047339,136,130,0.0
373,130,70,65.0,2.6,1.4,65.0,35.0,260.0,34.00026154047339,136,130,0.0
374,131,69,65.5,2.62,1.38,65.5,34.5,262.0,34.26180201386164,137,131,2.0
375,131,69,65.5,2.62,1.38,65.5,34.5,262.0,34.26180201386164,137,131,0.0
376,131,69,65.5,2.62,1.38,65.5,34.5,262.0,34.26180201386164,137,131,0.0
377,131,69,65.5,2.62,1.38,65.5,34.5,262.0,34.26180201386164,138,131,0.0
378,131,69,65.5,2.62,1.38,65.5,34.5,262.0,34.26180201386164,138,131,0.0
379,131,69,65.5,2.62,1.38,65.5,34.5,262.0,34.26180201386164,138,131,0.0
380,131,69,65.5,2.62,1.38,65.5,34.5,262.0,34.26180201386164,138,131,0.0
381,131,69,65.5,2.62,1.38,65.5,34.5,262.0,34.26180201386164,138,131,0.0
382,131,69,65.5,2.62,1.38,65.5,34.5,262.0,34.26180201386164,138,131,0.0
383,132,68,66.0,2.64,1.3599999999999999,66.0,33.99999999999999,264.0,34.5233424872499,139,132,2.0
384,132,68,66.0,2.64,1.3599999999999999,66.0,33.99999999999999,264.0,34.5233424872499,139,132,0.0
385,132,68,66.0,2.64,1.3599999999999999,66.0,33.99999999999999,264.0,34.5233424872499,139,132,0.0
386,132,68,66.0,2.64,1.3599999999999999,66.0,33.99999999999999,264.0,34.5233424872499,139,132,0.0
387,132,68,66.0,2.64,1.3599999999999999,66.0,33.99999999999999,264.0,34.5233424872499,139,132,0.0
388,132,68,66.0,2.64,1.3599999999999999,66.0,33.99999999999999,264.0,34.5233424872499,139,132,0.0
389,132,68,66.0,2.64,1.3599999999999999,66.0,33.99999999999999,264.0,34.5233424872499,139,132,0.0
390,132,68,66.0,2.64,1.3599999999999999,66.0,33.99999999999999,264.0,34.5233424872499,139,132,0.0
391,132,68,66.0,2.64,1.3599999999999999,66.0,33.99999999999999,264.0,34.5233424872499,139,132,0.0
392,132,68,66.0,2.64,1.3599999999999999,66.0,33.99999999999999,264.0,34.5233424872499,139,132,0.0
393,133,67,66.5,2.66,1.3399999999999999,66.5,33.49999999999999,266.0,34.78488296063816,140,133,2.0
394,133,67,66.5,2.66,1.3399999999999999,66.5,33.49999999999999,266.0,34.78488296063816,140,133,0.0
395,133,67,66.5,2.66,1.3399999999999999,66.5,33.49999999999999,266.0,34.78488296063816,140,133,0.0
396,133,67,66.5,2.66,1.3399999999999999,66.5,33.49999999999999,266.0,34.78488296063816,140,133,0.0
397,133,67,66.5,2.66,1.3399999999999999,66.5,33.49999999999999,266.0,34.78488296063816,140,133,0.0
398,133,67,66.5,2.66,1.3399999999999999,66.5,33.49999999999999,266.0,34.78488296063816,141,133,0.0
399,133,67,66.5,2.66,1.3399999999999999,66.5,33.49999999999999,266.0,34.78488296063816,141,133,0.0
400,133,67,66.5,2.66,1.3399999999999999,66.5,33.49999999999999,266.0,34.78488296063816,142,133,0.0
401,135,65,67.5,2.7,1.2999999999999998,67.5,32.49999999999999,270.0,35.30796390741467,144,135,4.0
402,135,65,67.5,2.7,1.2999999999999998,67.5,32.49999999999999,270.0,35.30796390741467,145,135,0.0
403,135,65,67.5,2.7,1.2999999999999998,67.5,32.49999999999999,270.0,35.30796390741467,146,135,0.0
404,135,65,67.5,2.7,1.2999999999999998,67.5,32.49999999999999,270.0,35.30796390741467,147,135,0.0
405,135,65,67.5,2.7,1.2999999999999998,67.5,32.49999999999999,270.0,35.30796390741467,148,135,0.0
406,135,65,67.5,2.7,1.2999999999999998,67.5,32.49999999999999,270.0,35.30796390741467,149,135,0.0
407,136,64,68.0,2.72,1.2799999999999998,68.0,31.999999999999993,272.0,35.56950438080293,151,136,2.0
408,136,64,68.0,2.72,1.2799999999999998,68.0,31.999999999999993,272.0,35.56950438080293,152,136,0.0
409,136,64,68.0,2.72,1.2799999999999998,68.0,31.999999999999993,272.0,35.56950438080293,153,136,0.0
410,136,64,68.0,2.72,1.2799999999999998,68.0,31.999999999999993,272.0,35.56950438080293,153,136,0.0
411,136,64,68.0,2.72,1.2799999999999998,68.0,31.999999999999993,272.0,35.56950438080293,153,136,0.0
412,136,64,68.0,2.72,1.2799999999999998,68.0,31.999999999999993,272.0,35.56950438080293,153,136,0.0
413,136,64,68.0,2.72,1.2799999999999998,68.0,31.999999999999993,272.0,35.56950438080293,153,136,0.0
414,136,64,68.0,2.72,1.2799999999999998,68.0,31.999999999999993,272.0,35.56950438080293,153,136,0.0
415,136,64,68.0,2.72,1.2799999999999998,68.0,31.999999999999993,272.0,35.56950438080293,153,136,0.0
416,136,64,68.0,2.72,1.2799999999999998,68.0,31.999999999999993,272.0,35.56950438080293,153,136,0.0
417,137,63,68.5,2.74,1.2599999999999998,68.5,31.499999999999993,274.0,35.831044854191184,154,137,2.0
418,138,62,69.0,2.7600000000000002,1.2399999999999998,69.0,30.999999999999993,276.0,36.09258532757944,155,138,2.0
419,139,61,69.5,2.7800000000000002,1.2199999999999998,69.5,30.499999999999993,278.0,36.354125800967694,156,139,2.0
420,139,61,69.5,2.7800000000000002,1.2199999999999998,69.5,30.499999999999993,278.0,36.354125800967694,156,139,0.0
421,139,61,69.5,2.7800000000000002,1.2199999999999998,69.5,30.499999999999993,278.0,36.354125800967694,156,139,0.0
422,140,60,70.0,2.8000000000000003,1.1999999999999997,70.0,29.999999999999993,280.0,36.61566627435596,157,140,2.0
423,140,60,70.0,2.8000000000000003,1.1999999999999997,70.0,29.999999999999993,280.0,36.61566627435596,157,140,0.0
424,140,60,70.0,2.8000000000000003,1.1999999999999997,70.0,29.999999999999993,280.0,36.61566627435596,157,140,0.0
425,140,60,70.0,2.8000000000000003,1.1999999999999997,70.0,29.999999999999993,280.0,36.61566627435596,157,140,0.0
426,140,60,70.0,2.8000000000000003,1.1999999999999997,70.0,29.999999999999993,280.0,36.61566627435596,157,140,0.0
427,140,60,70.0,2.8000000000000003,1.1999999999999997,70.0,29.999999999999993,280.0,36.61566627435596,157,140,0.0
428,140,60,70.0,2.8000000000000003,1.1999999999999997,70.0,29.999999999999993,280.0,36.61566627435596,157,140,0.0
429,141,59,70.5,2.82,1.1800000000000002,70.5,29.500000000000004,282.0,36.87720674774421,158,141,2.0
430,142,58,71.0,2.84,1.1600000000000001,71.0,29.000000000000004,284.0,37.13874722113247,159,142,2.0
431,142,58,71.0,2.84,1.1600000000000001,71.0,29.000000000000004,284.0,37.13874722113247,159,142,0.0
432,142,58,71.0,2.84,1.1600000000000001,71.0,29.000000000000004,284.0,37.13874722113247,159,142,0.0
433,142,58,71.0,2.84,1.1600000000000001,71.0,29.000000000000004,284.0,37.13874722113247,159,142,0.0
434,142,58,71.0,2.84,1.1600000000000001,71.0,29.000000000000004,284.0,37.13874722113247,159,142,0.0
435,142,58,71.0,2.84,1.1600000000000001,71.0,29.000000000000004,284.0,37.13874722113247,159,142,0.0
436,142,58,71.0,2.84,1.1600000000000001,71.0,29.000000000000004,284.0,37.13874722113247,159,142,0.0
437,142,58,71.0,2.84,1.1600000000000001,71.0,29.000000000000004,284.0,37.13874722113247,159,142,0.0
438,142,58,71.0,2.84,1.1600000000000001,71.0,29.000000000000004,284.0,37.13874722113247,159,142,0.0
439,143,57,71.5,2.86,1.1400000000000001,71.5,28.500000000000004,286.0,37.40028769452072,160,143,2.0
440,143,57,71.5,2.86,1.1400000000000001,71.5,28.500000000000004,286.0,37.40028769452072,160,143,0.0
441,143,57,71.5,2.86,1.1400000000000001,71.5,28.500000000000004,286.0,37.40028769452072,160,143,0.0
442,143,57,71.5,2.86,1.1400000000000001,71.5,28.500000000000004,286.0,37.40028769452072,160,143,0.0
443,143,57,71.5,2.86,1.1400000000000001,71.5,28.500000000000004,286.0,37.40028769452072,160,143,0.0
444,143,57,71.5,2.86,1.1400000000000001,71.5,28.500000000000004,286.0,37.40028769452072,160,143,0.0
445,144,56,72.0,2.88,1.12,72.0,28.000000000000004,288.0,37.661828167908986,161,144,2.0
446,144,56,72.0,2.88,1.12,72.0,28.000000000000004,288.0,37.661828167908986,161,144,0.0
447,144,56,72.0,2.88,1.12,72.0,28.000000000000004,288.0,37.661828167908986,161,144,0.0
448,144,56,72.0,2.88,1.12,72.0,28.000000000000004,288.0,37.661828167908986,161,144,0.0
449,145,55,72.5,2.9,1.1,72.5,27.5,290.0,37.92336864129724,162,145,2.0
450,145,55,72.5,2.9,1.1,72.5,27.5,290.0,37.92336864129724,162,145,0.0
451,145,55,72.5,2.9,1.1,72.5,27.5,290.0,37.92336864129724,162,145,0.0
452,145,55,72.5,2.9,1.1,72.5,27.5,290.0,37.92336864129724,162,145,0.0
453,146,54,73.0,2.92,1.08,73.0,27.0,292.0,38.184909114685496,163,146,2.0
454,146,54,73.0,2.92,1.08,73.0,27.0,292.0,38.184909114685496,163,146,0.0
455,146,54,73.0,2.92,1.08,73.0,27.0,292.0,38.184909114685496,163,146,0.0
456,146,54,73.0,2.92,1.08,73.0,27.0,292.0,38.184909114685496,163,146,0.0
457,146,54,73.0,2.92,1.08,73.0,27.0,292.0,38.184909114685496,163,146,0.0
458,146,54,73.0,2.92,1.08,73.0,27.0,292.0,38.184909114685496,163,146,0.0
459,146,54,73.0,2.92,1.08,73.0,27.0,292.0,38.184909114685496,163,146,0.0
460,146,54,73.0,2.92,1.08,73.0,27.0,292.0,38.184909114685496,163,146,0.0
461,146,54,73.0,2.92,1.08,73.0,27.0,292.0,38.184909114685496,163,146,0.0
462,146,54,73.0,2.92,1.08,73.0,27.0,292.0,38.184909114685496,163,146,0.0
463,146,54,73.0,2.92,1.08,73.0,27.0,292.0,38.184909114685496,163,146,0.0
464,146,54,73.0,2.92,1.08,73.0,27.0,292.0,38.184909114685496,163,146,0.0
465,146,54,73.0,2.92,1.08,73.0,27.0,292.0,38.184909114685496,163,146,0.0
466,146,54,73.0,2.92,1.08,73.0,27.0,292.0,38.184909114685496,163,146,0.0
467,146,54,73.0,2.92,1.08,73.0,27.0,292.0,38.184909114685496,163,146,0.0
468,146,54,73.0,2.92,1.08,73.0,27.0,292.0,38.184909114685496,163,146,0.0
469,146,54,73.0,2.92,1.08,73.0,27.0,292.0,38.184909114685496,163,146,0.0
470,148,52,74.0,2.96,1.04,74.0,26.0,296.0,38.70799006146201,165,148,4.0
471,148,52,74.0,2.96,1.04,74.0,26.0,296.0,38.70799006146201,165,148,0.0
472,148,52,74.0,2.96,1.04,74.0,26.0,296.0,38.70799006146201,165,148,0.0
473,148,52,74.0,2.96,1.04,74.0,26.0,296.0,38.70799006146201,165,148,0.0
474,148,52,74.0,2.96,1.04,74.0,26.0,296.0,38.70799006146201,165,148,0.0
475,148,52,74.0,2.96,1.04,74.0,26.0,296.0,38.70799006146201,165,148,0.0
476,148,52,74.0,2.96,1.04,74.0,26.0,296.0,38.70799006146201,165,148,0.0
477,148,52,74.0,2.96,1.04,74.0,26.0,296.0,38.70799006146201,165,148,0.0
478,148,52,74.0,2.96,1.04,74.0,26.0,296.0,38.70799006146201,165,148,0.0
479,148,52,74.0,2.96,1.04,74.0,26.0,296.0,38.70799006146201,165,148,0.0
480,148,52,74.0,2.96,1.04,74.0,26.0,296.0,38.70799006146201,165,148,0.0
481,148,52,74.0,2.96,1.04,74.0,26.0,296.0,38.70799006146201,165,148,0.0
482,148,52,74.0,2.96,1.04,74.0,26.0,296.0,38.70799006146201,165,148,0.0
483,148,52,74.0,2.96,1.04,74.0,26.0,296.0,38.70799006146201,165,148,0.0
484,148,52,74.0,2.96,1.04,74.0,26.0,296.0,38.70799006146201,165,148,0.0
485,148,52,74.0,2.96,1.04,74.0,26.0,296.0,38.70799006146201,165,148,0.0
486,148,52,74.0,2.96,1.04,74.0,26.0,296.0,38.70799006146201,166,148,0.0
487,148,52,74.0,2.96,1.04,74.0,26.0,296.0,38.70799006146201,167,148,0.0
488,148,52,74.0,2.96,1.04,74.0,26.0,296.0,38.70799006146201,167,148,0.0
489,148,52,74.0,2.96,1.04,74.0,26.0,296.0,38.70799006146201,167,148,0.0
490,148,52,74.0,2.96,1.04,74.0,26.0,296.0,38.70799006146201,167,148,0.0
491,148,52,74.0,2.96,1.04,74.0,26.0,296.0,38.70799006146201,167,148,0.0
492,148,52,74.0,2.96,1.04,74.0,26.0,296.0,38.70799006146201,167,148,0.0
493,148,52,74.0,2.96,1.04,74.0,26.0,296.0,38.70799006146201,167,148,0.0
494,148,52,74.0,2.96,1.04,74.0,26.0,296.0,38.70799006146201,167,148,0.0
495,148,52,74.0,2.96,1.04,74.0,26.0,296.0,38.70799006146201,167,148,0.0
496,148,52,74.0,2.96,1.04,74.0,26.0,296.0,38.70799006146201,167,148,0.0
497,148,52,74.0,2.96,1.04,74.0,26.0,296.0,38.70799006146201,167,148,0.0
498,148,52,74.0,2.96,1.04,74.0,26.0,296.0,38.70799006146201,167,148,0.0
499,148,52,74.0,2.96,1.04,74.0,26.0,296.0,38.70799006146201,167,148,0.0
500,148,52,74.0,2.96,1.04,74.0,26.0,296.0,38.70799006146201,167,148,0.0
501,148,52,74.0,2.96,1.04,74.0,26.0,296.0,38.70799006146201,167,148,0.0
502,148,52,74.0,2.96,1.04,74.0,26.0,296.0,38.70799006146201,167,148,0.0
503,148,52,74.0,2.96,1.04,74.0,26.0,296.0,38.70799006146201,167,148,0.0
504,149,51,74.5,2.98,1.02,74.5,25.5,298.0,38.969530534850264,168,149,2.0
505,149,51,74.5,2.98,1.02,74.5,25.5,298.0,38.969530534850264,168,149,0.0
506,149,51,74.5,2.98,1.02,74.5,25.5,298.0,38.969530534850264,168,149,0.0
507,149,51,74.5,2.98,1.02,74.5,25.5,298.0,38.969530534850264,168,149,0.0
508,149,51,74.5,2.98,1.02,74.5,25.5,298.0,38.969530534850264,168,149,0.0
509,149,51,74.5,2.98,1.02,74.5,25.5,298.0,38.969530534850264,168,149,0.0
510,149,51,74.5,2.98,1.02,74.5,25.5,298.0,38.969530534850264,168,149,0.0
511,150,50,75.0,3.0,1.0,75.0,25.0,300.0,39.23107100823852,169,150,2.0
512,150,50,75.0,3.0,1.0,75.0,25.0,300.0,39.23107100823852,169,150,0.0
513,150,50,75.0,3.0,1.0,75.0,25.0,300.0,39.23107100823852,169,150,0.0
514,150,50,75.0,3.0,1.0,75.0,25.0,300.0,39.23107100823852,169,150,0.0
515,151,49,75.5,3.02,0.98,75.5,24.5,302.0,39.492611481626774,170,151,2.0
516,151,49,75.5,3.02,0.98,75.5,24.5,302.0,39.492611481626774,170,151,0.0
517,151,49,75.5,3.02,0.98,75.5,24.5,302.0,39.492611481626774,170,151,0.0
518,151,49,75.5,3.02,0.98,75.5,24.5,302.0,39.492611481626774,170,151,0.0
519,152,48,76.0,3.04,0.96,76.0,24.0,304.0,39.75415195501504,171,152,2.0
520,152,48,76.0,3.04,0.96,76.0,24.0,304.0,39.75415195501504,171,152,0.0
521,152,48,76.0,3.04,0.96,76.0,24.0,304.0,39.75415195501504,171,152,0.0
522,152,48,76.0,3.04,0.96,76.0,24.0,304.0,39.75415195501504,171,152,0.0
523,152,48,76.0,3.04,0.96,76.0,24.0,304.0,39.75415195501504,171,152,0.0
524,152,48,76.0,3.04,0.96,76.0,24.0,304.0,39.75415195501504,171,152,0.0
525,152,48,76.0,3.04,0.96,76.0,24.0,304.0,39.75415195501504,171,152,0.0
526,152,48,76.0,3.04,0.96,76.0,24.0,304.0,39.75415195501504,171,152,0.0
527,152,48,76.0,3.04,0.96,76.0,24.0,304.0,39.75415195501504,172,152,0.0
528,152,48,76.0,3.04,0.96,76.0,24.0,304.0,39.75415195501504,173,152,0.0
529,152,48,76.0,3.04,0.96,76.0,24.0,304.0,39.75415195501504,173,152,0.0
530,152,48,76.0,3.04,0.96,76.0,24.0,304.0,39.75415195501504,173,152,0.0
531,152,48,76.0,3.04,0.96,76.0,24.0,304.0,39.75415195501504,173,152,0.0
532,152,48,76.0,3.04,0.96,76.0,24.0,304.0,39.75415195501504,173,152,0.0
533,152,48,76.0,3.04,0.96,76.0,24.0,304.0,39.75415195501504,173,152,0.0
534,152,48,76.0,3.04,0.96,76.0,24.0,304.0,39.75415195501504,173,152,0.0
535,152,48,76.0,3.04,0.96,76.0,24.0,304.0,39.75415195501504,173,152,0.0
536,152,48,76.0,3.04,0.96,76.0,24.0,304.0,39.75415195501504,173,152,0.0
537,152,48,76.0,3.04,0.96,76.0,24.0,304.0,39.75415195501504,173,152,0.0
538,153,47,76.5,3.06,0.94,76.5,23.499999999999996,306.0,40.01569242840329,174,153,2.0
539,153,47,76.5,3.06,0.94,76.5,23.499999999999996,306.0,40.01569242840329,174,153,0.0
540,153,47,76.5,3.06,0.94,76.5,23.499999999999996,306.0,40.01569242840329,174,153,0.0
541,153,47,76.5,3.06,0.94,76.5,23.499999999999996,306.0,40.01569242840329,174,153,0.0
542,153,47,76.5,3.06,0.94,76.5,23.499999999999996,306.0,40.01569242840329,174,153,0.0
543,153,47,76.5,3.06,0.94,76.5,23.499999999999996,306.0,40.01569242840329,174,153,0.0
544,153,47,76.5,3.06,0.94,76.5,23.499999999999996,306.0,40.01569242840329,174,153,0.0
545,153,47,76.5,3.06,0.94,76.5,23.499999999999996,306.0,40.01569242840329,174,153,0.0
546,153,47,76.5,3.06,0.94,76.5,23.499999999999996,306.0,40.01569242840329,174,153,0.0
547,153,47,76.5,3.06,0.94,76.5,23.499999999999996,306.0,40.01569242840329,175,153,0.0
548,153,47,76.5,3.06,0.94,76.5,23.499999999999996,306.0,40.01569242840329,175,153,0.0
549,154,46,77.0,3.08,0.9199999999999999,77.0,22.999999999999996,308.0,40.27723290179155,176,154,2.0
550,154,46,77.0,3.08,0.9199999999999999,77.0,22.999999999999996,308.0,40.27723290179155,176,154,0.0
551,154,46,77.0,3.08,0.9199999999999999,77.0,22.999999999999996,308.0,40.27723290179155,176,154,0.0
552,156,44,78.0,3.12,0.8799999999999999,78.0,21.999999999999996,312.0,40.80031384856807,178,156,4.0
553,156,44,78.0,3.12,0.8799999999999999,78.0,21.999999999999996,312.0,40.80031384856807,178,156,0.0
554,156,44,78.0,3.12,0.8799999999999999,78.0,21.999999999999996,312.0,40.80031384856807,178,156,0.0
555,156,44,78.0,3.12,0.8799999999999999,78.0,21.999999999999996,312.0,40.80031384856807,178,156,0.0
556,156,44,78.0,3.12,0.8799999999999999,78.0,21.999999999999996,312.0,40.80031384856807,178,156,0.0
557,156,44,78.0,3.12,0.8799999999999999,78.0,21.999999999999996,312.0,40.80031384856807,178,156,0.0
558,156,44,78.0,3.12,0.8799999999999999,78.0,21.999999999999996,312.0,40.80031384856807,178,156,0.0
559,156,44,78.0,3.12,0.8799999999999999,78.0,21.999999999999996,312.0,40.80031384856807,178,156,0.0
560,156,44,78.0,3.12,0.8799999999999999,78.0,21.999999999999996,312.0,40.80031384856807,178,156,0.0
561,157,43,78.5,3.14,0.8599999999999999,78.5,21.499999999999996,314.0,41.06185432195632,179,157,2.0
562,157,43,78.5,3.14,0.8599999999999999,78.5,21.499999999999996,314.0,41.06185432195632,179,157,0.0
563,158,42,79.0,3.16,0.8399999999999999,79.0,20.999999999999996,316.0,41.323394795344576,180,158,2.0
564,158,42,79.0,3.16,0.8399999999999999,79.0,20.999999999999996,316.0,41.323394795344576,180,158,0.0
565,158,42,79.0,3.16,0.8399999999999999,79.0,20.999999999999996,316.0,41.323394795344576,180,158,0.0
566,158,42,79.0,3.16,0.8399999999999999,79.0,20.999999999999996,316.0,41.323394795344576,180,158,0.0
567,158,42,79.0,3.16,0.8399999999999999,79.0,20.999999999999996,316.0,41.323394795344576,180,158,0.0
568,159,41,79.5,3.18,0.8199999999999998,79.5,20.499999999999996,318.0,41.584935268732835,181,159,2.0
569,159,41,79.5,3.18,0.8199999999999998,79.5,20.499999999999996,318.0,41.584935268732835,181,159,0.0
570,159,41,79.5,3.18,0.8199999999999998,79.5,20.499999999999996,318.0,41.584935268732835,181,159,0.0
571,159,41,79.5,3.18,0.8199999999999998,79.5,20.499999999999996,318.0,41.584935268732835,181,159,0.0
572,159,41,79.5,3.18,0.8199999999999998,79.5,20.499999999999996,318.0,41.584935268732835,182,159,0.0
573,159,41,79.5,3.18,0.8199999999999998,79.5,20.499999999999996,318.0,41.584935268732835,182,159,0.0
574,159,41,79.5,3.18,0.8199999999999998,79.5,20.499999999999996,318.0,41.584935268732835,182,159,0.0
575,159,41,79.5,3.18,0.8199999999999998,79.5,20.499999999999996,318.0,41.584935268732835,182,159,0.0
576,159,41,79.5,3.18,0.8199999999999998,79.5,20.499999999999996,318.0,41.584935268732835,182,159,0.0
577,159,41,79.5,3.18,0.8199999999999998,79.5,20.499999999999996,318.0,41.584935268732835,182,159,0.0
578,159,41,79.5,3.18,0.8199999999999998,79.5,20.499999999999996,318.0,41.584935268732835,183,159,0.0
579,159,41,79.5,3.18,0.8199999999999998,79.5,20.499999999999996,318.0,41.584935268732835,184,159,0.0
580,159,41,79.5,3.18,0.8199999999999998,79.5,20.499999999999996,318.0,41.584935268732835,185,159,0.0
581,159,41,79.5,3.18,0.8199999999999998,79.5,20.499999999999996,318.0,41.584935268732835,187,159,0.0
582,159,41,79.5,3.18,0.8199999999999998,79.5,20.499999999999996,318.0,41.584935268732835,188,159,0.0
583,159,41,79.5,3.18,0.8199999999999998,79.5,20.499999999999996,318.0,41.584935268732835,189,159,0.0
584,159,41,79.5,3.18,0.8199999999999998,79.5,20.499999999999996,318.0,41.584935268732835,191,159,0.0
585,159,41,79.5,3.18,0.8199999999999998,79.5,20.499999999999996,318.0,41.584935268732835,192,159,0.0
586,159,41,79.5,3.18,0.8199999999999998,79.5,20.499999999999996,318.0,41.584935268732835,193,159,0.0
587,159,41,79.5,3.18,0.8199999999999998,79.5,20.499999999999996,318.0,41.584935268732835,193,159,0.0
588,159,41,79.5,3.18,0.8199999999999998,79.5,20.499999999999996,318.0,41.584935268732835,194,159,0.0
589,159,41,79.5,3.18,0.8199999999999998,79.5,20.499999999999996,318.0,41.584935268732835,194,159,0.0
590,159,41,79.5,3.18,0.8199999999999998,79.5,20.499999999999996,318.0,41.584935268732835,196,159,0.0
591,159,41,79.5,3.18,0.8199999999999998,79.5,20.499999999999996,318.0,41.584935268732835,198,159,0.0
592,159,41,79.5,3.18,0.8199999999999998,79.5,20.499999999999996,318.0,41.584935268732835,200,159,0.0
593,159,41,79.5,3.18,0.8199999999999998,79.5,20.499999999999996,318.0,41.584935268732835,202,159,0.0
594,159,41,79.5,3.18,0.8199999999999998,79.5,20.499999999999996,318.0,41.584935268732835,203,159,0.0
595,159,41,79.5,3.18,0.8199999999999998,79.5,20.499999999999996,318.0,41.584935268732835,204,159,0.0
596,159,41,79.5,3.18,0.8199999999999998,79.5,20.499999999999996,318.0,41.584935268732835,205,159,0.0
597,159,41,79.5,3.18,0.8199999999999998,79.5,20.499999999999996,318.0,41.584935268732835,207,159,0.0
598,159,41,79.5,3.18,0.8199999999999998,79.5,20.499999999999996,318.0,41.584935268732835,208,159,0.0
599,159,41,79.5,3.18,0.8199999999999998,79.5,20.499999999999996,318.0,41.584935268732835,209,159,0.0
600,159,41,79.5,3.18,0.8199999999999998,79.5,20.499999999999996,318.0,41.584935268732835,210,159,0.0
601,159,41,79.5,3.18,0.8199999999999998,79.5,20.499999999999996,318.0,41.584935268732835,210,159,0.0
602,159,41,79.5,3.18,0.8199999999999998,79.5,20.499999999999996,318.0,41.584935268732835,210,159,0.0
603,159,41,79.5,3.18,0.8199999999999998,79.5,20.499999999999996,318.0,41.584935268732835,210,159,0.0
604,159,41,79.5,3.18,0.8199999999999998,79.5,20.499999999999996,318.0,41.584935268732835,210,159,0.0
605,159,41,79.5,3.18,0.8199999999999998,79.5,20.499999999999996,318.0,41.584935268732835,210,159,0.0
606,159,41,79.5,3.18,0.8199999999999998,79.5,20.499999999999996,318.0,41.584935268732835,210,159,0.0
607,159,41,79.5,3.18,0.8199999999999998,79.5,20.499999999999996,318.0,41.584935268732835,210,159,0.0
608,159,41,79.5,3.18,0.8199999999999998,79.5,20.499999999999996,318.0,41.584935268732835,210,159,0.0
609,159,41,79.5,3.18,0.8199999999999998,79.5,20.499999999999996,318.0,41.584935268732835,210,159,0.0
610,159,41,79.5,3.18,0.8199999999999998,79.5,20.499999999999996,318.0,41.584935268732835,210,159,0.0
611,159,41,79.5,3.18,0.8199999999999998,79.5,20.499999999999996,318.0,41.584935268732835,211,159,0.0
612,159,41,79.5,3.18,0.8199999999999998,79.5,20.499999999999996,318.0,41.584935268732835,213,159,0.0
613,159,41,79.5,3.18,0.8199999999999998,79.5,20.499999999999996,318.0,41.584935268732835,213,159,0.0
614,159,41,79.5,3.18,0.8199999999999998,79.5,20.499999999999996,318.0,41.584935268732835,214,159,0.0
615,159,41,79.5,3.18,0.8199999999999998,79.5,20.499999999999996,318.0,41.584935268732835,214,159,0.0
616,159,41,79.5,3.18,0.8199999999999998,79.5,20.499999999999996,318.0,41.584935268732835,215,159,0.0
617,159,41,79.5,3.18,0.8199999999999998,79.5,20.499999999999996,318.0,41.584935268732835,216,159,0.0
618,159,41,79.5,3.18,0.8199999999999998,79.5,20.499999999999996,318.0,41.584935268732835,218,159,0.0
619,159,41,79.5,3.18,0.8199999999999998,79.5,20.499999999999996,318.0,41.584935268732835,218,159,0.0
620,159,41,79.5,3.18,0.8199999999999998,79.5,20.499999999999996,318.0,41.584935268732835,218,159,0.0
621,159,41,79.5,3.18,0.8199999999999998,79.5,20.499999999999996,318.0,41.584935268732835,218,159,0.0
622,159,41,79.5,3.18,0.8199999999999998,79.5,20.499999999999996,318.0,41.584935268732835,218,159,0.0
623,159,41,79.5,3.18,0.8199999999999998,79.5,20.499999999999996,318.0,41.584935268732835,218,159,0.0
624,159,41,79.5,3.18,0.8199999999999998,79.5,20.499999999999996,318.0,41.584935268732835,218,159,0.0
625,159,41,79.5,3.18,0.8199999999999998,79.5,20.499999999999996,318.0,41.584935268732835,218,159,0.0
626,159,41,79.5,3.18,0.8199999999999998,79.5,20.499999999999996,318.0,41.584935268732835,219,159,0.0
627,159,41,79.5,3.18,0.8199999999999998,79.5,20.499999999999996,318.0,41.584935268732835,219,159,0.0
628,159,41,79.5,3.18,0.8199999999999998,79.5,20.499999999999996,318.0,41.584935268732835,219,159,0.0
629,159,41,79.5,3.18,0.8199999999999998,79.5,20.499999999999996,318.0,41.584935268732835,219,159,0.0
630,159,41,79.5,3.18,0.8199999999999998,79.5,20.499999999999996,318.0,41.584935268732835,219,159,0.0
631,159,41,79.5,3.18,0.8199999999999998,79.5,20.499999999999996,318.0,41.584935268732835,219,159,0.0
632,159,41,79.5,3.18,0.8199999999999998,79.5,20.499999999999996,318.0,41.584935268732835,219,159,0.0
633,159,41,79.5,3.18,0.8199999999999998,79.5,20.499999999999996,318.0,41.584935268732835,219,159,0.0
634,159,41,79.5,3.18,0.8199999999999998,79.5,20.499999999999996,318.0,41.584935268732835,219,159,0.0
635,159,41,79.5,3.18,0.8199999999999998,79.5,20.499999999999996,318.0,41.584935268732835,219,159,0.0
636,159,41,79.5,3.18,0.8199999999999998,79.5,20.499999999999996,318.0,41.584935268732835,219,159,0.0
637,159,41,79.5,3.18,0.8199999999999998,79.5,20.499999999999996,318.0,41.584935268732835,219,159,0.0
638,159,41,79.5,3.18,0.8199999999999998,79.5,20.499999999999996,318.0,41.584935268732835,219,159,0.0
639,159,41,79.5,3.18,0.8199999999999998,79.5,20.499999999999996,318.0,41.584935268732835,219,159,0.0
640,159,41,79.5,3.18,0.8199999999999998,79.5,20.499999999999996,318.0,41.584935268732835,219,159,0.0
641,159,41,79.5,3.18,0.8199999999999998,79.5,20.499999999999996,318.0,41.584935268732835,219,159,0.0
642,159,41,79.5,3.18,0.8199999999999998,79.5,20.499999999999996,318.0,41.584935268732835,219,159,0.0
643,159,41,79.5,3.18,0.8199999999999998,79.5,20.499999999999996,318.0,41.584935268732835,219,159,0.0
644,159,41,79.5,3.18,0.8199999999999998,79.5,20.499999999999996,318.0,41.584935268732835,219,159,0.0
645,159,41,79.5,3.18,0.8199999999999998,79.5,20.499999999999996,318.0,41.584935268732835,219,159,0.0
646,159,41,79.5,3.18,0.8199999999999998,79.5,20.499999999999996,318.0,41.584935268732835,219,159,0.0
647,159,41,79.5,3.18,0.8199999999999998,79.5,20.499999999999996,318.0,41.584935268732835,219,159,0.0
648,159,41,79.5,3.18,0.8199999999999998,79.5,20.499999999999996,318.0,41.584935268732835,219,159,0.0
649,159,41,79.5,3.18,0.8199999999999998,79.5,20.499999999999996,318.0,41.584935268732835,221,159,0.0
650,159,41,79.5,3.18,0.8199999999999998,79.5,20.499999999999996,318.0,41.584935268732835,221,159,0.0
651,159,41,79.5,3.18,0.8199999999999998,79.5,20.499999999999996,318.0,41.584935268732835,221,159,0.0
652,159,41,79.5,3.18,0.8199999999999998,79.5,20.499999999999996,318.0,41.584935268732835,221,159,0.0
653,159,41,79.5,3.18,0.8199999999999998,79.5,20.499999999999996,318.0,41.584935268732835,221,159,0.0
654,159,41,79.5,3.18,0.8199999999999998,79.5,20.499999999999996,318.0,41.584935268732835,222,159,0.0
655,159,41,79.5,3.18,0.8199999999999998,79.5,20.499999999999996,318.0,41.584935268732835,223,159,0.0
656,159,41,79.5,3.18,0.8199999999999998,79.5,20.499999999999996,318.0,41.584935268732835,225,159,0.0
657,159,41,79.5,3.18,0.8199999999999998,79.5,20.499999999999996,318.0,41.584935268732835,225,159,0.0
658,159,41,79.5,3.18,0.8199999999999998,79.5,20.499999999999996,318.0,41.584935268732835,225,159,0.0
659,160,40,80.0,3.2,0.7999999999999998,80.0,19.999999999999996,320.0,41.84647574212109,226,160,2.0
660,160,40,80.0,3.2,0.7999999999999998,80.0,19.999999999999996,320.0,41.84647574212109,227,160,0.0
661,160,40,80.0,3.2,0.7999999999999998,80.0,19.999999999999996,320.0,41.84647574212109,227,160,0.0
662,160,40,80.0,3.2,0.7999999999999998,80.0,19.999999999999996,320.0,41.84647574212109,227,160,0.0
663,160,40,80.0,3.2,0.7999999999999998,80.0,19.999999999999996,320.0,41.84647574212109,227,160,0.0
664,160,40,80.0,3.2,0.7999999999999998,80.0,19.999999999999996,320.0,41.84647574212109,227,160,0.0
665,160,40,80.0,3.2,0.7999999999999998,80.0,19.999999999999996,320.0,41.84647574212109,227,160,0.0
666,160,40,80.0,3.2,0.7999999999999998,80.0,19.999999999999996,320.0,41.84647574212109,228,160,0.0
667,160,40,80.0,3.2,0.7999999999999998,80.0,19.999999999999996,320.0,41.84647574212109,228,160,0.0
668,160,40,80.0,3.2,0.7999999999999998,80.0,19.999999999999996,320.0,41.84647574212109,228,160,0.0
669,160,40,80.0,3.2,0.7999999999999998,80.0,19.999999999999996,320.0,41.84647574212109,228,160,0.0
670,160,40,80.0,3.2,0.7999999999999998,80.0,19.999999999999996,320.0,41.84647574212109,229,160,0.0
671,160,40,80.0,3.2,0.7999999999999998,80.0,19.999999999999996,320.0,41.84647574212109,230,160,0.0
672,160,40,80.0,3.2,0.7999999999999998,80.0,19.999999999999996,320.0,41.84647574212109,231,160,0.0
673,160,40,80.0,3.2,0.7999999999999998,80.0,19.999999999999996,320.0,41.84647574212109,231,160,0.0
674,160,40,80.0,3.2,0.7999999999999998,80.0,19.999999999999996,320.0,41.84647574212109,232,160,0.0
675,160,40,80.0,3.2,0.7999999999999998,80.0,19.999999999999996,320.0,41.84647574212109,232,160,0.0
676,160,40,80.0,3.2,0.7999999999999998,80.0,19.999999999999996,320.0,41.84647574212109,232,160,0.0
677,160,40,80.0,3.2,0.7999999999999998,80.0,19.999999999999996,320.0,41.84647574212109,232,160,0.0
678,160,40,80.0,3.2,0.7999999999999998,80.0,19.999999999999996,320.0,41.84647574212109,233,160,0.0
679,160,40,80.0,3.2,0.7999999999999998,80.0,19.999999999999996,320.0,41.84647574212109,234,160,0.0
680,160,40,80.0,3.2,0.7999999999999998,80.0,19.999999999999996,320.0,41.84647574212109,234,160,0.0
681,160,40,80.0,3.2,0.7999999999999998,80.0,19.999999999999996,320.0,41.84647574212109,234,160,0.0
682,160,40,80.0,3.2,0.7999999999999998,80.0,19.999999999999996,320.0,41.84647574212109,234,160,0.0
683,160,40,80.0,3.2,0.7999999999999998,80.0,19.999999999999996,320.0,41.84647574212109,234,160,0.0
684,160,40,80.0,3.2,0.7999999999999998,80.0,19.999999999999996,320.0,41.84647574212109,234,160,0.0
685,160,40,80.0,3.2,0.7999999999999998,80.0,19.999999999999996,320.0,41.84647574212109,234,160,0.0
686,160,40,80.0,3.2,0.7999999999999998,80.0,19.999999999999996,320.0,41.84647574212109,234,160,0.0
687,160,40,80.0,3.2,0.7999999999999998,80.0,19.999999999999996,320.0,41.84647574212109,234,160,0.0
688,160,40,80.0,3.2,0.7999999999999998,80.0,19.999999999999996,320.0,41.84647574212109,234,160,0.0
689,160,40,80.0,3.2,0.7999999999999998,80.0,19.999999999999996,320.0,41.84647574212109,234,160,0.0
690,160,40,80.0,3.2,0.7999999999999998,80.0,19.999999999999996,320.0,41.84647574212109,234,160,0.0
691,160,40,80.0,3.2,0.7999999999999998,80.0,19.999999999999996,320.0,41.84647574212109,234,160,0.0
692,160,40,80.0,3.2,0.7999999999999998,80.0,19.999999999999996,320.0,41.84647574212109,234,160,0.0
693,160,40,80.0,3.2,0.7999999999999998,80.0,19.999999999999996,320.0,41.84647574212109,234,160,0.0
694,160,40,80.0,3.2,0.7999999999999998,80.0,19.999999999999996,320.0,41.84647574212109,234,160,0.0
695,160,40,80.0,3.2,0.7999999999999998,80.0,19.999999999999996,320.0,41.84647574212109,234,160,0.0
696,160,40,80.0,3.2,0.7999999999999998,80.0,19.999999999999996,320.0,41.84647574212109,234,160,0.0
697,160,40,80.0,3.2,0.7999999999999998,80.0,19.999999999999996,320.0,41.84647574212109,234,160,0.0
698,160,40,80.0,3.2,0.7999999999999998,80.0,19.999999999999996,320.0,41.84647574212109,234,160,0.0
699,160,40,80.0,3.2,0.7999999999999998,80.0,19.999999999999996,320.0,41.84647574212109,234,160,0.0
700,160,40,80.0,3.2,0.7999999999999998,80.0,19.999999999999996,320.0,41.84647574212109,234,160,0.0
701,160,40,80.0,3.2,0.7999999999999998,80.0,19.999999999999996,320.0,41.84647574212109,234,160,0.0
702,160,40,80.0,3.2,0.7999999999999998,80.0,19.999999999999996,320.0,41.84647574212109,234,160,0.0
703,160,40,80.0,3.2,0.7999999999999998,80.0,19.999999999999996,320.0,41.84647574212109,234,160,0.0
704,160,40,80.0,3.2,0.7999999999999998,80.0,19.999999999999996,320.0,41.84647574212109,234,160,0.0
705,160,40,80.0,3.2,0.7999999999999998,80.0,19.999999999999996,320.0,41.84647574212109,234,160,0.0
706,161,39,80.5,3.22,0.7799999999999998,80.5,19.499999999999996,322.0,42.108016215509345,235,161,2.0
707,161,39,80.5,3.22,0.7799999999999998,80.5,19.499999999999996,322.0,42.108016215509345,235,161,0.0
708,161,39,80.5,3.22,0.7799999999999998,80.5,19.499999999999996,322.0,42.108016215509345,235,161,0.0
709,161,39,80.5,3.22,0.7799999999999998,80.5,19.499999999999996,322.0,42.108016215509345,235,161,0.0
710,161,39,80.5,3.22,0.7799999999999998,80.5,19.499999999999996,322.0,42.108016215509345,235,161,0.0
711,161,39,80.5,3.22,0.7799999999999998,80.5,19.499999999999996,322.0,42.108016215509345,235,161,0.0
712,161,39,80.5,3.22,0.7799999999999998,80.5,19.499999999999996,322.0,42.108016215509345,235,161,0.0
713,161,39,80.5,3.22,0.7799999999999998,80.5,19.499999999999996,322.0,42.108016215509345,235,161,0.0
714,162,38,81.0,3.24,0.7599999999999998,81.0,18.999999999999993,324.0,42.3695566888976,236,162,2.0
715,162,38,81.0,3.24,0.7599999999999998,81.0,18.999999999999993,324.0,42.3695566888976,236,162,0.0
716,162,38,81.0,3.24,0.7599999999999998,81.0,18.999999999999993,324.0,42.3695566888976,236,162,0.0
717,162,38,81.0,3.24,0.7599999999999998,81.0,18.999999999999993,324.0,42.3695566888976,236,162,0.0
718,162,38,81.0,3.24,0.7599999999999998,81.0,18.999999999999993,324.0,42.3695566888976,236,162,0.0
719,162,38,81.0,3.24,0.7599999999999998,81.0,18.999999999999993,324.0,42.3695566888976,236,162,0.0
720,162,38,81.0,3.24,0.7599999999999998,81.0,18.999999999999993,324.0,42.3695566888976,236,162,0.0
721,162,38,81.0,3.24,0.7599999999999998,81.0,18.999999999999993,324.0,42.3695566888976,236,162,0.0
722,162,38,81.0,3.24,0.7599999999999998,81.0,18.999999999999993,324.0,42.3695566888976,236,162,0.0
723,162,38,81.0,3.24,0.7599999999999998,81.0,18.999999999999993,324.0,42.3695566888976,236,162,0.0
724,162,38,81.0,3.24,0.7599999999999998,81.0,18.999999999999993,324.0,42.3695566888976,236,162,0.0
725,162,38,81.0,3.24,0.7599999999999998,81.0,18.999999999999993,324.0,42.3695566888976,236,162,0.0
726,162,38,81.0,3.24,0.7599999999999998,81.0,18.999999999999993,324.0,42.3695566888976,236,162,0.0
727,163,37,81.5,3.2600000000000002,0.7399999999999998,81.5,18.499999999999993,326.0,42.63109716228586,237,163,2.0
728,163,37,81.5,3.2600000000000002,0.7399999999999998,81.5,18.499999999999993,326.0,42.63109716228586,237,163,0.0
729,163,37,81.5,3.2600000000000002,0.7399999999999998,81.5,18.499999999999993,326.0,42.63109716228586,237,163,0.0
730,163,37,81.5,3.2600000000000002,0.7399999999999998,81.5,18.499999999999993,326.0,42.63109716228586,237,163,0.0
731,163,37,81.5,3.2600000000000002,0.7399999999999998,81.5,18.499999999999993,326.0,42.63109716228586,237,163,0.0
732,163,37,81.5,3.2600000000000002,0.7399999999999998,81.5,18.499999999999993,326.0,42.63109716228586,237,163,0.0
733,163,37,81.5,3.2600000000000002,0.7399999999999998,81.5,18.499999999999993,326.0,42.63109716228586,237,163,0.0
734,163,37,81.5,3.2600000000000002,0.7399999999999998,81.5,18.499999999999993,326.0,42.63109716228586,237,163,0.0
735,163,37,81.5,3.2600000000000002,0.7399999999999998,81.5,18.499999999999993,326.0,42.63109716228586,237,163,0.0
736,163,37,81.5,3.2600000000000002,0.7399999999999998,81.5,18.499999999999993,326.0,42.63109716228586,237,163,0.0
737,163,37,81.5,3.2600000000000002,0.7399999999999998,81.5,18.499999999999993,326.0,42.63109716228586,237,163,0.0
738,164,36,82.0,3.2800000000000002,0.7199999999999998,82.0,17.999999999999993,328.0,42.89263763567412,238,164,2.0
739,164,36,82.0,3.2800000000000002,0.7199999999999998,82.0,17.999999999999993,328.0,42.89263763567412,238,164,0.0
740,164,36,82.0,3.2800000000000002,0.7199999999999998,82.0,17.999999999999993,328.0,42.89263763567412,238,164,0.0
741,164,36,82.0,3.2800000000000002,0.7199999999999998,82.0,17.999999999999993,328.0,42.89263763567412,238,164,0.0
742,164,36,82.0,3.2800000000000002,0.7199999999999998,82.0,17.999999999999993,328.0,42.89263763567412,238,164,0.0
743,164,36,82.0,3.2800000000000002,0.7199999999999998,82.0,17.999999999999993,328.0,42.89263763567412,238,164,0.0
744,164,36,82.0,3.2800000000000002,0.7199999999999998,82.0,17.999999999999993,328.0,42.89263763567412,238,164,0.0
745,164,36,82.0,3.2800000000000002,0.7199999999999998,82.0,17.999999999999993,328.0,42.89263763567412,238,164,0.0
746,164,36,82.0,3.2800000000000002,0.7199999999999998,82.0,17.999999999999993,328.0,42.89263763567412,238,164,0.0
747,164,36,82.0,3.2800000000000002,0.7199999999999998,82.0,17.999999999999993,328.0,42.89263763567412,238,164,0.0
748,164,36,82.0,3.2800000000000002,0.7199999999999998,82.0,17.999999999999993,328.0,42.89263763567412,238,164,0.0
749,164,36,82.0,3.2800000000000002,0.7199999999999998,82.0,17.999999999999993,328.0,42.89263763567412,238,164,0.0
750,164,36,82.0,3.2800000000000002,0.7199999999999998,82.0,17.999999999999993,328.0,42.89263763567412,238,164,0.0
751,164,36,82.0,3.2800000000000002,0.7199999999999998,82.0,17.999999999999993,328.0,42.89263763567412,238,164,0.0
752,164,36,82.0,3.2800000000000002,0.7199999999999998,82.0,17.999999999999993,328.0,42.89263763567412,238,164,0.0
753,164,36,82.0,3.2800000000000002,0.7199999999999998,82.0,17.999999999999993,328.0,42.89263763567412,238,164,0.0
754,165,35,82.5,3.3000000000000003,0.6999999999999997,82.5,17.499999999999993,330.0,43.15417810906237,239,165,2.0
755,165,35,82.5,3.3000000000000003,0.6999999999999997,82.5,17.499999999999993,330.0,43.15417810906237,239,165,0.0
756,165,35,82.5,3.3000000000000003,0.6999999999999997,82.5,17.499999999999993,330.0,43.15417810906237,239,165,0.0
757,165,35,82.5,3.3000000000000003,0.6999999999999997,82.5,17.499999999999993,330.0,43.15417810906237,239,165,0.0
758,165,35,82.5,3.3000000000000003,0.6999999999999997,82.5,17.499999999999993,330.0,43.15417810906237,239,165,0.0
759,165,35,82.5,3.3000000000000003,0.6999999999999997,82.5,17.499999999999993,330.0,43.15417810906237,239,165,0.0
760,166,34,83.0,3.3200000000000003,0.6799999999999997,83.0,16.999999999999993,332.0,43.41571858245063,240,166,2.0
761,166,34,83.0,3.3200000000000003,0.6799999999999997,83.0,16.999999999999993,332.0,43.41571858245063,240,166,0.0
762,166,34,83.0,3.3200000000000003,0.6799999999999997,83.0,16.999999999999993,332.0,43.41571858245063,240,166,0.0
763,166,34,83.0,3.3200000000000003,0.6799999999999997,83.0,16.999999999999993,332.0,43.41571858245063,241,166,0.0
764,167,33,83.5,3.34,0.6600000000000001,83.5,16.500000000000004,334.0,43.67725905583889,243,167,2.0
765,167,33,83.5,3.34,0.6600000000000001,83.5,16.500000000000004,334.0,43.67725905583889,244,167,0.0
766,167,33,83.5,3.34,0.6600000000000001,83.5,16.500000000000004,334.0,43.67725905583889,245,167,0.0
767,167,33,83.5,3.34,0.6600000000000001,83.5,16.500000000000004,334.0,43.67725905583889,245,167,0.0
768,167,33,83.5,3.34,0.6600000000000001,83.5,16.500000000000004,334.0,43.67725905583889,245,167,0.0
769,167,33,83.5,3.34,0.6600000000000001,83.5,16.500000000000004,334.0,43.67725905583889,245,167,0.0
770,167,33,83.5,3.34,0.6600000000000001,83.5,16.500000000000004,334.0,43.67725905583889,245,167,0.0
771,167,33,83.5,3.34,0.6600000000000001,83.5,16.500000000000004,334.0,43.67725905583889,245,167,0.0
772,167,33,83.5,3.34,0.6600000000000001,83.5,16.500000000000004,334.0,43.67725905583889,245,167,0.0
773,167,33,83.5,3.34,0.6600000000000001,83.5,16.500000000000004,334.0,43.67725905583889,245,167,0.0
774,167,33,83.5,3.34,0.6600000000000001,83.5,16.500000000000004,334.0,43.67725905583889,245,167,0.0
775,167,33,83.5,3.34,0.6600000000000001,83.5,16.500000000000004,334.0,43.67725905583889,245,167,0.0
776,167,33,83.5,3.34,0.6600000000000001,83.5,16.500000000000004,334.0,43.67725905583889,245,167,0.0
777,167,33,83.5,3.34,0.6600000000000001,83.5,16.500000000000004,334.0,43.67725905583889,245,167,0.0
778,168,32,84.0,3.36,0.6400000000000001,84.0,16.000000000000004,336.0,43.93879952922715,246,168,2.0
779,168,32,84.0,3.36,0.6400000000000001,84.0,16.000000000000004,336.0,43.93879952922715,246,168,0.0
780,168,32,84.0,3.36,0.6400000000000001,84.0,16.000000000000004,336.0,43.93879952922715,246,168,0.0
781,168,32,84.0,3.36,0.6400000000000001,84.0,16.000000000000004,336.0,43.93879952922715,246,168,0.0
782,168,32,84.0,3.36,0.6400000000000001,84.0,16.000000000000004,336.0,43.93879952922715,246,168,0.0
783,168,32,84.0,3.36,0.6400000000000001,84.0,16.000000000000004,336.0,43.93879952922715,246,168,0.0
784,168,32,84.0,3.36,0.6400000000000001,84.0,16.000000000000004,336.0,43.93879952922715,246,168,0.0
785,168,32,84.0,3.36,0.6400000000000001,84.0,16.000000000000004,336.0,43.93879952922715,246,168,0.0
786,168,32,84.0,3.36,0.6400000000000001,84.0,16.000000000000004,336.0,43.93879952922715,246,168,0.0
787,168,32,84.0,3.36,0.6400000000000001,84.0,16.000000000000004,336.0,43.93879952922715,246,168,0.0
788,168,32,84.0,3.36,0.6400000000000001,84.0,16.000000000000004,336.0,43.93879952922715,246,168,0.0
789,168,32,84.0,3.36,0.6400000000000001,84.0,16.000000000000004,336.0,43.93879952922715,247,168,0.0
790,168,32,84.0,3.36,0.6400000000000001,84.0,16.000000000000004,336.0,43.93879952922715,247,168,0.0
791,168,32,84.0,3.36,0.6400000000000001,84.0,16.000000000000004,336.0,43.93879952922715,248,168,0.0
792,168,32,84.0,3.36,0.6400000000000001,84.0,16.000000000000004,336.0,43.93879952922715,249,168,0.0
793,168,32,84.0,3.36,0.6400000000000001,84.0,16.000000000000004,336.0,43.93879952922715,249,168,0.0
794,168,32,84.0,3.36,0.6400000000000001,84.0,16.000000000000004,336.0,43.93879952922715,249,168,0.0
795,168,32,84.0,3.36,0.6400000000000001,84.0,16.000000000000004,336.0,43.93879952922715,249,168,0.0
796,168,32,84.0,3.36,0.6400000000000001,84.0,16.000000000000004,336.0,43.93879952922715,249,168,0.0
797,168,32,84.0,3.36,0.6400000000000001,84.0,16.000000000000004,336.0,43.93879952922715,250,168,0.0
798,168,32,84.0,3.36,0.6400000000000001,84.0,16.000000000000004,336.0,43.93879952922715,250,168,0.0
799,168,32,84.0,3.36,0.6400000000000001,84.0,16.000000000000004,336.0,43.93879952922715,250,168,0.0
800,168,32,84.0,3.36,0.6400000000000001,84.0,16.000000000000004,336.0,43.93879952922715,250,168,0.0
801,168,32,84.0,3.36,0.6400000000000001,84.0,16.000000000000004,336.0,43.93879952922715,250,168,0.0
802,168,32,84.0,3.36,0.6400000000000001,84.0,16.000000000000004,336.0,43.93879952922715,250,168,0.0
803,168,32,84.0,3.36,0.6400000000000001,84.0,16.000000000000004,336.0,43.93879952922715,250,168,0.0
804,168,32,84.0,3.36,0.6400000000000001,84.0,16.000000000000004,336.0,43.93879952922715,250,168,0.0
805,168,32,84.0,3.36,0.6400000000000001,84.0,16.000000000000004,336.0,43.93879952922715,250,168,0.0
806,168,32,84.0,3.36,0.6400000000000001,84.0,16.000000000000004,336.0,43.93879952922715,250,168,0.0
807,168,32,84.0,3.36,0.6400000000000001,84.0,16.000000000000004,336.0,43.93879952922715,250,168,0.0
808,168,32,84.0,3.36,0.6400000000000001,84.0,16.000000000000004,336.0,43.93879952922715,250,168,0.0
809,168,32,84.0,3.36,0.6400000000000001,84.0,16.000000000000004,336.0,43.93879952922715,250,168,0.0
810,168,32,84.0,3.36,0.6400000000000001,84.0,16.000000000000004,336.0,43.93879952922715,250,168,0.0
811,168,32,84.0,3.36,0.6400000000000001,84.0,16.000000000000004,336.0,43.93879952922715,250,168,0.0
812,168,32,84.0,3.36,0.6400000000000001,84.0,16.000000000000004,336.0,43.93879952922715,250,168,0.0
813,168,32,84.0,3.36,0.6400000000000001,84.0,16.000000000000004,336.0,43.93879952922715,250,168,0.0
814,168,32,84.0,3.36,0.6400000000000001,84.0,16.000000000000004,336.0,43.93879952922715,250,168,0.0
815,168,32,84.0,3.36,0.6400000000000001,84.0,16.000000000000004,336.0,43.93879952922715,250,168,0.0
816,168,32,84.0,3.36,0.6400000000000001,84.0,16.000000000000004,336.0,43.93879952922715,250,168,0.0
817,168,32,84.0,3.36,0.6400000000000001,84.0,16.000000000000004,336.0,43.93879952922715,250,168,0.0
818,168,32,84.0,3.36,0.6400000000000001,84.0,16.000000000000004,336.0,43.93879952922715,250,168,0.0
819,168,32,84.0,3.36,0.6400000000000001,84.0,16.000000000000004,336.0,43.93879952922715,250,168,0.0
820,168,32,84.0,3.36,0.6400000000000001,84.0,16.000000000000004,336.0,43.93879952922715,250,168,0.0
821,168,32,84.0,3.36,0.6400000000000001,84.0,16.000000000000004,336.0,43.93879952922715,250,168,0.0
822,168,32,84.0,3.36,0.6400000000000001,84.0,16.000000000000004,336.0,43.93879952922715,250,168,0.0
823,168,32,84.0,3.36,0.6400000000000001,84.0,16.000000000000004,336.0,43.93879952922715,250,168,0.0
824,168,32,84.0,3.36,0.6400000000000001,84.0,16.000000000000004,336.0,43.93879952922715,250,168,0.0
825,168,32,84.0,3.36,0.6400000000000001,84.0,16.000000000000004,336.0,43.93879952922715,250,168,0.0
826,168,32,84.0,3.36,0.6400000000000001,84.0,16.000000000000004,336.0,43.93879952922715,250,168,0.0
827,168,32,84.0,3.36,0.6400000000000001,84.0,16.000000000000004,336.0,43.93879952922715,250,168,0.0
828,168,32,84.0,3.36,0.6400000000000001,84.0,16.000000000000004,336.0,43.93879952922715,250,168,0.0
829,168,32,84.0,3.36,0.6400000000000001,84.0,16.000000000000004,336.0,43.93879952922715,250,168,0.0
830,168,32,84.0,3.36,0.6400000000000001,84.0,16.000000000000004,336.0,43.93879952922715,250,168,0.0
831,168,32,84.0,3.36,0.6400000000000001,84.0,16.000000000000004,336.0,43.93879952922715,250,168,0.0
832,168,32,84.0,3.36,0.6400000000000001,84.0,16.000000000000004,336.0,43.93879952922715,250,168,0.0
833,168,32,84.0,3.36,0.6400000000000001,84.0,16.000000000000004,336.0,43.93879952922715,250,168,0.0
834,168,32,84.0,3.36,0.6400000000000001,84.0,16.000000000000004,336.0,43.93879952922715,250,168,0.0
835,168,32,84.0,3.36,0.6400000000000001,84.0,16.000000000000004,336.0,43.93879952922715,250,168,0.0
836,168,32,84.0,3.36,0.6400000000000001,84.0,16.000000000000004,336.0,43.93879952922715,250,168,0.0
837,168,32,84.0,3.36,0.6400000000000001,84.0,16.000000000000004,336.0,43.93879952922715,250,168,0.0
838,168,32,84.0,3.36,0.6400000000000001,84.0,16.000000000000004,336.0,43.93879952922715,250,168,0.0
839,168,32,84.0,3.36,0.6400000000000001,84.0,16.000000000000004,336.0,43.93879952922715,250,168,0.0
840,168,32,84.0,3.36,0.6400000000000001,84.0,16.000000000000004,336.0,43.93879952922715,250,168,0.0
841,168,32,84.0,3.36,0.6400000000000001,84.0,16.000000000000004,336.0,43.93879952922715,250,168,0.0
842,168,32,84.0,3.36,0.6400000000000001,84.0,16.000000000000004,336.0,43.93879952922715,250,168,0.0
843,168,32,84.0,3.36,0.6400000000000001,84.0,16.000000000000004,336.0,43.93879952922715,250,168,0.0
844,168,32,84.0,3.36,0.6400000000000001,84.0,16.000000000000004,336.0,43.93879952922715,250,168,0.0
845,168,32,84.0,3.36,0.6400000000000001,84.0,16.000000000000004,336.0,43.93879952922715,250,168,0.0
846,168,32,84.0,3.36,0.6400000000000001,84.0,16.000000000000004,336.0,43.93879952922715,250,168,0.0
847,169,31,84.5,3.38,0.6200000000000001,84.5,15.500000000000002,338.0,44.2003400026154,251,169,2.0
848,169,31,84.5,3.38,0.6200000000000001,84.5,15.500000000000002,338.0,44.2003400026154,251,169,0.0
849,169,31,84.5,3.38,0.6200000000000001,84.5,15.500000000000002,338.0,44.2003400026154,251,169,0.0
850,169,31,84.5,3.38,0.6200000000000001,84.5,15.500000000000002,338.0,44.2003400026154,251,169,0.0
851,169,31,84.5,3.38,0.6200000000000001,84.5,15.500000000000002,338.0,44.2003400026154,251,169,0.0
852,169,31,84.5,3.38,0.6200000000000001,84.5,15.500000000000002,338.0,44.2003400026154,251,169,0.0
853,169,31,84.5,3.38,0.6200000000000001,84.5,15.500000000000002,338.0,44.2003400026154,251,169,0.0
854,169,31,84.5,3.38,0.6200000000000001,84.5,15.500000000000002,338.0,44.2003400026154,251,169,0.0
855,169,31,84.5,3.38,0.6200000000000001,84.5,15.500000000000002,338.0,44.2003400026154,251,169,0.0
856,169,31,84.5,3.38,0.6200000000000001,84.5,15.500000000000002,338.0,44.2003400026154,251,169,0.0
857,169,31,84.5,3.38,0.6200000000000001,84.5,15.500000000000002,338.0,44.2003400026154,251,169,0.0
858,169,31,84.5,3.38,0.6200000000000001,84.5,15.500000000000002,338.0,44.2003400026154,251,169,0.0
859,169,31,84.5,3.38,0.6200000000000001,84.5,15.500000000000002,338.0,44.2003400026154,251,169,0.0
860,169,31,84.5,3.38,0.6200000000000001,84.5,15.500000000000002,338.0,44.2003400026154,251,169,0.0
861,169,31,84.5,3.38,0.6200000000000001,84.5,15.500000000000002,338.0,44.2003400026154,251,169,0.0
862,169,31,84.5,3.38,0.6200000000000001,84.5,15.500000000000002,338.0,44.2003400026154,251,169,0.0
863,169,31,84.5,3.38,0.6200000000000001,84.5,15.500000000000002,338.0,44.2003400026154,251,169,0.0
864,169,31,84.5,3.38,0.6200000000000001,84.5,15.500000000000002,338.0,44.2003400026154,251,169,0.0
865,169,31,84.5,3.38,0.6200000000000001,84.5,15.500000000000002,338.0,44.2003400026154,251,169,0.0
866,169,31,84.5,3.38,0.6200000000000001,84.5,15.500000000000002,338.0,44.2003400026154,251,169,0.0
867,169,31,84.5,3.38,0.6200000000000001,84.5,15.500000000000002,338.0,44.2003400026154,251,169,0.0
868,169,31,84.5,3.38,0.6200000000000001,84.5,15.500000000000002,338.0,44.2003400026154,252,169,0.0
869,169,31,84.5,3.38,0.6200000000000001,84.5,15.500000000000002,338.0,44.2003400026154,252,169,0.0
870,169,31,84.5,3.38,0.6200000000000001,84.5,15.500000000000002,338.0,44.2003400026154,252,169,0.0
871,169,31,84.5,3.38,0.6200000000000001,84.5,15.500000000000002,338.0,44.2003400026154,252,169,0.0
872,169,31,84.5,3.38,0.6200000000000001,84.5,15.500000000000002,338.0,44.2003400026154,252,169,0.0
873,169,31,84.5,3.38,0.6200000000000001,84.5,15.500000000000002,338.0,44.2003400026154,252,169,0.0
874,169,31,84.5,3.38,0.6200000000000001,84.5,15.500000000000002,338.0,44.2003400026154,252,169,0.0
875,169,31,84.5,3.38,0.6200000000000001,84.5,15.500000000000002,338.0,44.2003400026154,252,169,0.0
876,169,31,84.5,3.38,0.6200000000000001,84.5,15.500000000000002,338.0,44.2003400026154,252,169,0.0
877,169,31,84.5,3.38,0.6200000000000001,84.5,15.500000000000002,338.0,44.2003400026154,252,169,0.0
878,169,31,84.5,3.38,0.6200000000000001,84.5,15.500000000000002,338.0,44.2003400026154,252,169,0.0
879,169,31,84.5,3.38,0.6200000000000001,84.5,15.500000000000002,338.0,44.2003400026154,252,169,0.0
880,169,31,84.5,3.38,0.6200000000000001,84.5,15.500000000000002,338.0,44.2003400026154,252,169,0.0
881,169,31,84.5,3.38,0.6200000000000001,84.5,15.500000000000002,338.0,44.2003400026154,252,169,0.0
882,169,31,84.5,3.38,0.6200000000000001,84.5,15.500000000000002,338.0,44.2003400026154,252,169,0.0
883,169,31,84.5,3.38,0.6200000000000001,84.5,15.500000000000002,338.0,44.2003400026154,252,169,0.0
884,169,31,84.5,3.38,0.6200000000000001,84.5,15.500000000000002,338.0,44.2003400026154,253,169,0.0
885,169,31,84.5,3.38,0.6200000000000001,84.5,15.500000000000002,338.0,44.2003400026154,254,169,0.0
886,169,31,84.5,3.38,0.6200000000000001,84.5,15.500000000000002,338.0,44.2003400026154,255,169,0.0
887,169,31,84.5,3.38,0.6200000000000001,84.5,15.500000000000002,338.0,44.2003400026154,255,169,0.0
888,169,31,84.5,3.38,0.6200000000000001,84.5,15.500000000000002,338.0,44.2003400026154,255,169,0.0
889,170,30,85.0,3.4,0.6000000000000001,85.0,15.000000000000002,340.0,44.46188047600366,257,170,2.0
890,170,30,85.0,3.4,0.6000000000000001,85.0,15.000000000000002,340.0,44.46188047600366,258,170,0.0
891,170,30,85.0,3.4,0.6000000000000001,85.0,15.000000000000002,340.0,44.46188047600366,259,170,0.0
892,170,30,85.0,3.4,0.6000000000000001,85.0,15.000000000000002,340.0,44.46188047600366,260,170,0.0
893,170,30,85.0,3.4,0.6000000000000001,85.0,15.000000000000002,340.0,44.46188047600366,261,170,0.0
894,170,30,85.0,3.4,0.6000000000000001,85.0,15.000000000000002,340.0,44.46188047600366,263,170,0.0
895,170,30,85.0,3.4,0.6000000000000001,85.0,15.000000000000002,340.0,44.46188047600366,264,170,0.0
896,170,30,85.0,3.4,0.6000000000000001,85.0,15.000000000000002,340.0,44.46188047600366,264,170,0.0
897,170,30,85.0,3.4,0.6000000000000001,85.0,15.000000000000002,340.0,44.46188047600366,264,170,0.0
898,170,30,85.0,3.4,0.6000000000000001,85.0,15.000000000000002,340.0,44.46188047600366,264,170,0.0
899,170,30,85.0,3.4,0.6000000000000001,85.0,15.000000000000002,340.0,44.46188047600366,264,170,0.0
900,170,30,85.0,3.4,0.6000000000000001,85.0,15.000000000000002,340.0,44.46188047600366,264,170,0.0
901,170,30,85.0,3.4,0.6000000000000001,85.0,15.000000000000002,340.0,44.46188047600366,264,170,0.0
902,170,30,85.0,3.4,0.6000000000000001,85.0,15.000000000000002,340.0,44.46188047600366,264,170,0.0
903,170,30,85.0,3.4,0.6000000000000001,85.0,15.000000000000002,340.0,44.46188047600366,264,170,0.0
904,170,30,85.0,3.4,0.6000000000000001,85.0,15.000000000000002,340.0,44.46188047600366,264,170,0.0
905,170,30,85.0,3.4,0.6000000000000001,85.0,15.000000000000002,340.0,44.46188047600366,264,170,0.0
906,170,30,85.0,3.4,0.6000000000000001,85.0,15.000000000000002,340.0,44.46188047600366,264,170,0.0
907,170,30,85.0,3.4,0.6000000000000001,85.0,15.000000000000002,340.0,44.46188047600366,264,170,0.0
908,170,30,85.0,3.4,0.6000000000000001,85.0,15.000000000000002,340.0,44.46188047600366,264,170,0.0
909,170,30,85.0,3.4,0.6000000000000001,85.0,15.000000000000002,340.0,44.46188047600366,264,170,0.0
910,170,30,85.0,3.4,0.6000000000000001,85.0,15.000000000000002,340.0,44.46188047600366,264,170,0.0
911,170,30,85.0,3.4,0.6000000000000001,85.0,15.000000000000002,340.0,44.46188047600366,264,170,0.0
912,170,30,85.0,3.4,0.6000000000000001,85.0,15.000000000000002,340.0,44.46188047600366,264,170,0.0
913,170,30,85.0,3.4,0.6000000000000001,85.0,15.000000000000002,340.0,44.46188047600366,264,170,0.0
914,170,30,85.0,3.4,0.6000000000000001,85.0,15.000000000000002,340.0,44.46188047600366,264,170,0.0
915,170,30,85.0,3.4,0.6000000000000001,85.0,15.000000000000002,340.0,44.46188047600366,264,170,0.0
916,170,30,85.0,3.4,0.6000000000000001,85.0,15.000000000000002,340.0,44.46188047600366,264,170,0.0
917,170,30,85.0,3.4,0.6000000000000001,85.0,15.000000000000002,340.0,44.46188047600366,264,170,0.0
918,170,30,85.0,3.4,0.6000000000000001,85.0,15.000000000000002,340.0,44.46188047600366,264,170,0.0
919,170,30,85.0,3.4,0.6000000000000001,85.0,15.000000000000002,340.0,44.46188047600366,264,170,0.0
920,170,30,85.0,3.4,0.6000000000000001,85.0,15.000000000000002,340.0,44.46188047600366,264,170,0.0
921,170,30,85.0,3.4,0.6000000000000001,85.0,15.000000000000002,340.0,44.46188047600366,265,170,0.0
922,170,30,85.0,3.4,0.6000000000000001,85.0,15.000000000000002,340.0,44.46188047600366,266,170,0.0
923,170,30,85.0,3.4,0.6000000000000001,85.0,15.000000000000002,340.0,44.46188047600366,266,170,0.0
924,170,30,85.0,3.4,0.6000000000000001,85.0,15.000000000000002,340.0,44.46188047600366,266,170,0.0
925,170,30,85.0,3.4,0.6000000000000001,85.0,15.000000000000002,340.0,44.46188047600366,266,170,0.0
926,170,30,85.0,3.4,0.6000000000000001,85.0,15.000000000000002,340.0,44.46188047600366,266,170,0.0
927,170,30,85.0,3.4,0.6000000000000001,85.0,15.000000000000002,340.0,44.46188047600366,267,170,0.0
928,170,30,85.0,3.4,0.6000000000000001,85.0,15.000000000000002,340.0,44.46188047600366,267,170,0.0
929,170,30,85.0,3.4,0.6000000000000001,85.0,15.000000000000002,340.0,44.46188047600366,269,170,0.0
930,170,30,85.0,3.4,0.6000000000000001,85.0,15.000000000000002,340.0,44.46188047600366,270,170,0.0
931,170,30,85.0,3.4,0.6000000000000001,85.0,15.000000000000002,340.0,44.46188047600366,272,170,0.0
932,170,30,85.0,3.4,0.6000000000000001,85.0,15.000000000000002,340.0,44.46188047600366,273,170,0.0
933,170,30,85.0,3.4,0.6000000000000001,85.0,15.000000000000002,340.0,44.46188047600366,274,170,0.0
934,171,29,85.5,3.42,0.5800000000000001,85.5,14.500000000000002,342.0,44.723420949391915,275,171,2.0
935,171,29,85.5,3.42,0.5800000000000001,85.5,14.500000000000002,342.0,44.723420949391915,276,171,0.0
936,171,29,85.5,3.42,0.5800000000000001,85.5,14.500000000000002,342.0,44.723420949391915,277,171,0.0
937,171,29,85.5,3.42,0.5800000000000001,85.5,14.500000000000002,342.0,44.723420949391915,277,171,0.0
938,171,29,85.5,3.42,0.5800000000000001,85.5,14.500000000000002,342.0,44.723420949391915,277,171,0.0
939,172,28,86.0,3.44,0.56,86.0,14.000000000000002,344.0,44.984961422780174,278,172,2.0
940,172,28,86.0,3.44,0.56,86.0,14.000000000000002,344.0,44.984961422780174,281,172,0.0
941,172,28,86.0,3.44,0.56,86.0,14.000000000000002,344.0,44.984961422780174,283,172,0.0
942,172,28,86.0,3.44,0.56,86.0,14.000000000000002,344.0,44.984961422780174,284,172,0.0
943,172,28,86.0,3.44,0.56,86.0,14.000000000000002,344.0,44.984961422780174,285,172,0.0
944,172,28,86.0,3.44,0.56,86.0,14.000000000000002,344.0,44.984961422780174,285,172,0.0
945,172,28,86.0,3.44,0.56,86.0,14.000000000000002,344.0,44.984961422780174,285,172,0.0
946,172,28,86.0,3.44,0.56,86.0,14.000000000000002,344.0,44.984961422780174,285,172,0.0
947,172,28,86.0,3.44,0.56,86.0,14.000000000000002,344.0,44.984961422780174,285,172,0.0
948,172,28,86.0,3.44,0.56,86.0,14.000000000000002,344.0,44.984961422780174,286,172,0.0
949,172,28,86.0,3.44,0.56,86.0,14.000000000000002,344.0,44.984961422780174,288,172,0.0
950,172,28,86.0,3.44,0.56,86.0,14.000000000000002,344.0,44.984961422780174,288,172,0.0
951,172,28,86.0,3.44,0.56,86.0,14.000000000000002,344.0,44.984961422780174,290,172,0.0
952,172,28,86.0,3.44,0.56,86.0,14.000000000000002,344.0,44.984961422780174,291,172,0.0
953,172,28,86.0,3.44,0.56,86.0,14.000000000000002,344.0,44.984961422780174,292,172,0.0
954,172,28,86.0,3.44,0.56,86.0,14.000000000000002,344.0,44.984961422780174,294,172,0.0
955,172,28,86.0,3.44,0.56,86.0,14.000000000000002,344.0,44.984961422780174,295,172,0.0
956,172,28,86.0,3.44,0.56,86.0,14.000000000000002,344.0,44.984961422780174,296,172,0.0
957,173,27,86.5,3.46,0.54,86.5,13.5,346.0,45.246501896168425,300,173,2.0
958,173,27,86.5,3.46,0.54,86.5,13.5,346.0,45.246501896168425,300,173,0.0
959,173,27,86.5,3.46,0.54,86.5,13.5,346.0,45.246501896168425,300,173,0.0
960,173,27,86.5,3.46,0.54,86.5,13.5,346.0,45.246501896168425,300,173,0.0
961,173,27,86.5,3.46,0.54,86.5,13.5,346.0,45.246501896168425,300,173,0.0
962,173,27,86.5,3.46,0.54,86.5,13.5,346.0,45.246501896168425,300,173,0.0
963,173,27,86.5,3.46,0.54,86.5,13.5,346.0,45.246501896168425,300,173,0.0
964,173,27,86.5,3.46,0.54,86.5,13.5,346.0,45.246501896168425,300,173,0.0
965,173,27,86.5,3.46,0.54,86.5,13.5,346.0,45.246501896168425,300,173,0.0
966,173,27,86.5,3.46,0.54,86.5,13.5,346.0,45.246501896168425,300,173,0.0
967,173,27,86.5,3.46,0.54,86.5,13.5,346.0,45.246501896168425,300,173,0.0
968,173,27,86.5,3.46,0.54,86.5,13.5,346.0,45.246501896168425,300,173,0.0
969,173,27,86.5,3.46,0.54,86.5,13.5,346.0,45.246501896168425,300,173,0.0
970,173,27,86.5,3.46,0.54,86.5,13.5,346.0,45.246501896168425,300,173,0.0
971,173,27,86.5,3.46,0.54,86.5,13.5,346.0,45.246501896168425,300,173,0.0
972,173,27,86.5,3.46,0.54,86.5,13.5,346.0,45.246501896168425,301,173,0.0
973,173,27,86.5,3.46,0.54,86.5,13.5,346.0,45.246501896168425,301,173,0.0
974,173,27,86.5,3.46,0.54,86.5,13.5,346.0,45.246501896168425,302,173,0.0
975,173,27,86.5,3.46,0.54,86.5,13.5,346.0,45.246501896168425,303,173,0.0
976,173,27,86.5,3.46,0.54,86.5,13.5,346.0,45.246501896168425,304,173,0.0
977,173,27,86.5,3.46,0.54,86.5,13.5,346.0,45.246501896168425,306,173,0.0
978,173,27,86.5,3.46,0.54,86.5,13.5,346.0,45.246501896168425,307,173,0.0
979,173,27,86.5,3.46,0.54,86.5,13.5,346.0,45.246501896168425,309,173,0.0
980,174,26,87.0,3.48,0.52,87.0,13.0,348.0,45.508042369556684,311,174,2.0
981,175,25,87.5,3.5,0.5,87.5,12.5,350.0,45.76958284294494,313,175,2.0
982,175,25,87.5,3.5,0.5,87.5,12.5,350.0,45.76958284294494,313,175,0.0
983,175,25,87.5,3.5,0.5,87.5,12.5,350.0,45.76958284294494,313,175,0.0
984,175,25,87.5,3.5,0.5,87.5,12.5,350.0,45.76958284294494,313,175,0.0
985,175,25,87.5,3.5,0.5,87.5,12.5,350.0,45.76958284294494,313,175,0.0
986,175,25,87.5,3.5,0.5,87.5,12.5,350.0,45.76958284294494,313,175,0.0
987,175,25,87.5,3.5,0.5,87.5,12.5,350.0,45.76958284294494,313,175,0.0
988,175,25,87.5,3.5,0.5,87.5,12.5,350.0,45.76958284294494,313,175,0.0
989,175,25,87.5,3.5,0.5,87.5,12.5,350.0,45.76958284294494,313,175,0.0
990,175,25,87.5,3.5,0.5,87.5,12.5,350.0,45.76958284294494,313,175,0.0
991,175,25,87.5,3.5,0.5,87.5,12.5,350.0,45.76958284294494,313,175,0.0
992,175,25,87.5,3.5,0.5,87.5,12.5,350.0,45.76958284294494,313,175,0.0
993,175,25,87.5,3.5,0.5,87.5,12.5,350.0,45.76958284294494,313,175,0.0
994,175,25,87.5,3.5,0.5,87.5,12.5,350.0,45.76958284294494,313,175,0.0
995,175,25,87.5,3.5,0.5,87.5,12.5,350.0,45.76958284294494,313,175,0.0
996,175,25,87.5,3.5,0.5,87.5,12.5,350.0,45.76958284294494,313,175,0.0
997,175,25,87.5,3.5,0.5,87.5,12.5,350.0,45.76958284294494,313,175,0.0
998,175,25,87.5,3.5,0.5,87.5,12.5,350.0,45.76958284294494,313,175,0.0
999,175,25,87.5,3.5,0.5,87.5,12.5,350.0,45.76958284294494,313,175,0.0
1000,175,25,87.5,3.5,0.5,87.5,12.5,350.0,45.76958284294494,313,175,0.0
1001,175,25,87.5,3.5,0.5,87.5,12.5,350.0,45.76958284294494,313,175,0.0
1002,175,25,87.5,3.5,0.5,87.5,12.5,350.0,45.76958284294494,313,175,0.0
1003,175,25,87.5,3.5,0.5,87.5,12.5,350.0,45.76958284294494,313,175,0.0
1004,175,25,87.5,3.5,0.5,87.5,12.5,350.0,45.76958284294494,313,175,0.0
1005,175,25,87.5,3.5,0.5,87.5,12.5,350.0,45.76958284294494,313,175,0.0
1006,175,25,87.5,3.5,0.5,87.5,12.5,350.0,45.76958284294494,313,175,0.0
1007,175,25,87.5,3.5,0.5,87.5,12.5,350.0,45.76958284294494,313,175,0.0
1008,175,25,87.5,3.5,0.5,87.5,12.5,350.0,45.76958284294494,315,175,0.0
1009,175,25,87.5,3.5,0.5,87.5,12.5,350.0,45.76958284294494,316,175,0.0
1010,175,25,87.5,3.5,0.5,87.5,12.5,350.0,45.76958284294494,316,175,0.0
1011,175,25,87.5,3.5,0.5,87.5,12.5,350.0,45.76958284294494,316,175,0.0
1012,175,25,87.5,3.5,0.5,87.5,12.5,350.0,45.76958284294494,317,175,0.0
1013,175,25,87.5,3.5,0.5,87.5,12.5,350.0,45.76958284294494,318,175,0.0
1014,175,25,87.5,3.5,0.5,87.5,12.5,350.0,45.76958284294494,319,175,0.0
1015,175,25,87.5,3.5,0.5,87.5,12.5,350.0,45.76958284294494,320,175,0.0
1016,175,25,87.5,3.5,0.5,87.5,12.5,350.0,45.76958284294494,320,175,0.0
1017,175,25,87.5,3.5,0.5,87.5,12.5,350.0,45.76958284294494,320,175,0.0
1018,175,25,87.5,3.5,0.5,87.5,12.5,350.0,45.76958284294494,321,175,0.0
1019,175,25,87.5,3.5,0.5,87.5,12.5,350.0,45.76958284294494,321,175,0.0
1020,175,25,87.5,3.5,0.5,87.5,12.5,350.0,45.76958284294494,321,175,0.0
1021,175,25,87.5,3.5,0.5,87.5,12.5,350.0,45.76958284294494,321,175,0.0
1022,175,25,87.5,3.5,0.5,87.5,12.5,350.0,45.76958284294494,321,175,0.0
1023,175,25,87.5,3.5,0.5,87.5,12.5,350.0,45.76958284294494,321,175,0.0
1024,175,25,87.5,3.5,0.5,87.5,12.5,350.0,45.76958284294494,321,175,0.0
1025,175,25,87.5,3.5,0.5,87.5,12.5,350.0,45.76958284294494,321,175,0.0
1026,175,25,87.5,3.5,0.5,87.5,12.5,350.0,45.76958284294494,321,175,0.0
1027,175,25,87.5,3.5,0.5,87.5,12.5,350.0,45.76958284294494,321,175,0.0
1028,175,25,87.5,3.5,0.5,87.5,12.5,350.0,45.76958284294494,321,175,0.0
1029,175,25,87.5,3.5,0.5,87.5,12.5,350.0,45.76958284294494,321,175,0.0
1030,175,25,87.5,3.5,0.5,87.5,12.5,350.0,45.76958284294494,321,175,0.0
1031,175,25,87.5,3.5,0.5,87.5,12.5,350.0,45.76958284294494,321,175,0.0
1032,175,25,87.5,3.5,0.5,87.5,12.5,350.0,45.76958284294494,321,175,0.0
1033,175,25,87.5,3.5,0.5,87.5,12.5,350.0,45.76958284294494,321,175,0.0
1034,175,25,87.5,3.5,0.5,87.5,12.5,350.0,45.76958284294494,321,175,0.0
1035,175,25,87.5,3.5,0.5,87.5,12.5,350.0,45.76958284294494,321,175,0.0
1036,175,25,87.5,3.5,0.5,87.5,12.5,350.0,45.76958284294494,321,175,0.0
1037,175,25,87.5,3.5,0.5,87.5,12.5,350.0,45.76958284294494,321,175,0.0
1038,175,25,87.5,3.5,0.5,87.5,12.5,350.0,45.76958284294494,321,175,0.0
1039,175,25,87.5,3.5,0.5,87.5,12.5,350.0,45.76958284294494,321,175,0.0
1040,175,25,87.5,3.5,0.5,87.5,12.5,350.0,45.76958284294494,321,175,0.0
1041,175,25,87.5,3.5,0.5,87.5,12.5,350.0,45.76958284294494,321,175,0.0
1042,175,25,87.5,3.5,0.5,87.5,12.5,350.0,45.76958284294494,321,175,0.0
1043,175,25,87.5,3.5,0.5,87.5,12.5,350.0,45.76958284294494,321,175,0.0
1044,175,25,87.5,3.5,0.5,87.5,12.5,350.0,45.76958284294494,322,175,0.0
1045,175,25,87.5,3.5,0.5,87.5,12.5,350.0,45.76958284294494,323,175,0.0
1046,175,25,87.5,3.5,0.5,87.5,12.5,350.0,45.76958284294494,324,175,0.0
1047,175,25,87.5,3.5,0.5,87.5,12.5,350.0,45.76958284294494,325,175,0.0
1048,175,25,87.5,3.5,0.5,87.5,12.5,350.0,45.76958284294494,326,175,0.0
1049,175,25,87.5,3.5,0.5,87.5,12.5,350.0,45.76958284294494,326,175,0.0
1050,175,25,87.5,3.5,0.5,87.5,12.5,350.0,45.76958284294494,326,175,0.0
1051,175,25,87.5,3.5,0.5,87.5,12.5,350.0,45.76958284294494,326,175,0.0
1052,175,25,87.5,3.5,0.5,87.5,12.5,350.0,45.76958284294494,326,175,0.0
1053,176,24,88.0,3.52,0.48,88.0,12.0,352.0,46.0311233163332,329,176,2.0
1054,176,24,88.0,3.52,0.48,88.0,12.0,352.0,46.0311233163332,329,176,0.0
1055,176,24,88.0,3.52,0.48,88.0,12.0,352.0,46.0311233163332,329,176,0.0
1056,176,24,88.0,3.52,0.48,88.0,12.0,352.0,46.0311233163332,329,176,0.0
1057,176,24,88.0,3.52,0.48,88.0,12.0,352.0,46.0311233163332,329,176,0.0
1058,176,24,88.0,3.52,0.48,88.0,12.0,352.0,46.0311233163332,329,176,0.0
1059,176,24,88.0,3.52,0.48,88.0,12.0,352.0,46.0311233163332,329,176,0.0
1060,176,24,88.0,3.52,0.48,88.0,12.0,352.0,46.0311233163332,329,176,0.0
1061,176,24,88.0,3.52,0.48,88.0,12.0,352.0,46.0311233163332,329,176,0.0
1062,176,24,88.0,3.52,0.48,88.0,12.0,352.0,46.0311233163332,329,176,0.0
1063,176,24,88.0,3.52,0.48,88.0,12.0,352.0,46.0311233163332,329,176,0.0
1064,176,24,88.0,3.52,0.48,88.0,12.0,352.0,46.0311233163332,329,176,0.0
1065,176,24,88.0,3.52,0.48,88.0,12.0,352.0,46.0311233163332,329,176,0.0
1066,176,24,88.0,3.52,0.48,88.0,12.0,352.0,46.0311233163332,329,176,0.0
1067,176,24,88.0,3.52,0.48,88.0,12.0,352.0,46.0311233163332,329,176,0.0
1068,176,24,88.0,3.52,0.48,88.0,12.0,352.0,46.0311233163332,329,176,0.0
1069,176,24,88.0,3.52,0.48,88.0,12.0,352.0,46.0311233163332,329,176,0.0
1070,176,24,88.0,3.52,0.48,88.0,12.0,352.0,46.0311233163332,330,176,0.0
1071,176,24,88.0,3.52,0.48,88.0,12.0,352.0,46.0311233163332,330,176,0.0
1072,176,24,88.0,3.52,0.48,88.0,12.0,352.0,46.0311233163332,330,176,0.0
1073,176,24,88.0,3.52,0.48,88.0,12.0,352.0,46.0311233163332,330,176,0.0
1074,176,24,88.0,3.52,0.48,88.0,12.0,352.0,46.0311233163332,330,176,0.0
1075,176,24,88.0,3.52,0.48,88.0,12.0,352.0,46.0311233163332,330,176,0.0
1076,176,24,88.0,3.52,0.48,88.0,12.0,352.0,46.0311233163332,330,176,0.0
1077,176,24,88.0,3.52,0.48,88.0,12.0,352.0,46.0311233163332,331,176,0.0
1078,176,24,88.0,3.52,0.48,88.0,12.0,352.0,46.0311233163332,332,176,0.0
1079,176,24,88.0,3.52,0.48,88.0,12.0,352.0,46.0311233163332,332,176,0.0
1080,176,24,88.0,3.52,0.48,88.0,12.0,352.0,46.0311233163332,332,176,0.0
1081,176,24,88.0,3.52,0.48,88.0,12.0,352.0,46.0311233163332,332,176,0.0
1082,177,23,88.5,3.54,0.45999999999999996,88.5,11.499999999999998,354.0,46.29266378972146,333,177,2.0
1083,177,23,88.5,3.54,0.45999999999999996,88.5,11.499999999999998,354.0,46.29266378972146,333,177,0.0
1084,177,23,88.5,3.54,0.45999999999999996,88.5,11.499999999999998,354.0,46.29266378972146,333,177,0.0
1085,177,23,88.5,3.54,0.45999999999999996,88.5,11.499999999999998,354.0,46.29266378972146,333,177,0.0
1086,177,23,88.5,3.54,0.45999999999999996,88.5,11.499999999999998,354.0,46.29266378972146,333,177,0.0
1087,177,23,88.5,3.54,0.45999999999999996,88.5,11.499999999999998,354.0,46.29266378972146,333,177,0.0
1088,177,23,88.5,3.54,0.45999999999999996,88.5,11.499999999999998,354.0,46.29266378972146,333,177,0.0
1089,177,23,88.5,3.54,0.45999999999999996,88.5,11.499999999999998,354.0,46.29266378972146,333,177,0.0
1090,177,23,88.5,3.54,0.45999999999999996,88.5,11.499999999999998,354.0,46.29266378972146,333,177,0.0
1091,177,23,88.5,3.54,0.45999999999999996,88.5,11.499999999999998,354.0,46.29266378972146,333,177,0.0
1092,177,23,88.5,3.54,0.45999999999999996,88.5,11.499999999999998,354.0,46.29266378972146,333,177,0.0
1093,177,23,88.5,3.54,0.45999999999999996,88.5,11.499999999999998,354.0,46.29266378972146,333,177,0.0
1094,177,23,88.5,3.54,0.45999999999999996,88.5,11.499999999999998,354.0,46.29266378972146,334,177,0.0
1095,177,23,88.5,3.54,0.45999999999999996,88.5,11.499999999999998,354.0,46.29266378972146,334,177,0.0
1096,177,23,88.5,3.54,0.45999999999999996,88.5,11.499999999999998,354.0,46.29266378972146,334,177,0.0
1097,177,23,88.5,3.54,0.45999999999999996,88.5,11.499999999999998,354.0,46.29266378972146,334,177,0.0
1098,177,23,88.5,3.54,0.45999999999999996,88.5,11.499999999999998,354.0,46.29266378972146,334,177,0.0
1099,177,23,88.5,3.54,0.45999999999999996,88.5,11.499999999999998,354.0,46.29266378972146,334,177,0.0
1100,177,23,88.5,3.54,0.45999999999999996,88.5,11.499999999999998,354.0,46.29266378972146,334,177,0.0
1101,177,23,88.5,3.54,0.45999999999999996,88.5,11.499999999999998,354.0,46.29266378972146,334,177,0.0
1102,177,23,88.5,3.54,0.45999999999999996,88.5,11.499999999999998,354.0,46.29266378972146,334,177,0.0
1103,178,22,89.0,3.56,0.43999999999999995,89.0,10.999999999999998,356.0,46.55420426310971,336,178,2.0
1104,178,22,89.0,3.56,0.43999999999999995,89.0,10.999999999999998,356.0,46.55420426310971,336,178,0.0
1105,178,22,89.0,3.56,0.43999999999999995,89.0,10.999999999999998,356.0,46.55420426310971,336,178,0.0
1106,178,22,89.0,3.56,0.43999999999999995,89.0,10.999999999999998,356.0,46.55420426310971,336,178,0.0
1107,178,22,89.0,3.56,0.43999999999999995,89.0,10.999999999999998,356.0,46.55420426310971,337,178,0.0
1108,178,22,89.0,3.56,0.43999999999999995,89.0,10.999999999999998,356.0,46.55420426310971,338,178,0.0
1109,178,22,89.0,3.56,0.43999999999999995,89.0,10.999999999999998,356.0,46.55420426310971,338,178,0.0
1110,178,22,89.0,3.56,0.43999999999999995,89.0,10.999999999999998,356.0,46.55420426310971,338,178,0.0
1111,178,22,89.0,3.56,0.43999999999999995,89.0,10.999999999999998,356.0,46.55420426310971,338,178,0.0
1112,178,22,89.0,3.56,0.43999999999999995,89.0,10.999999999999998,356.0,46.55420426310971,338,178,0.0
1113,178,22,89.0,3.56,0.43999999999999995,89.0,10.999999999999998,356.0,46.55420426310971,338,178,0.0
1114,178,22,89.0,3.56,0.43999999999999995,89.0,10.999999999999998,356.0,46.55420426310971,338,178,0.0
1115,178,22,89.0,3.56,0.43999999999999995,89.0,10.999999999999998,356.0,46.55420426310971,338,178,0.0
1116,178,22,89.0,3.56,0.43999999999999995,89.0,10.999999999999998,356.0,46.55420426310971,338,178,0.0
1117,178,22,89.0,3.56,0.43999999999999995,89.0,10.999999999999998,356.0,46.55420426310971,338,178,0.0
1118,178,22,89.0,3.56,0.43999999999999995,89.0,10.999999999999998,356.0,46.55420426310971,338,178,0.0
1119,178,22,89.0,3.56,0.43999999999999995,89.0,10.999999999999998,356.0,46.55420426310971,338,178,0.0
1120,178,22,89.0,3.56,0.43999999999999995,89.0,10.999999999999998,356.0,46.55420426310971,338,178,0.0
1121,178,22,89.0,3.56,0.43999999999999995,89.0,10.999999999999998,356.0,46.55420426310971,338,178,0.0
1122,178,22,89.0,3.56,0.43999999999999995,89.0,10.999999999999998,356.0,46.55420426310971,338,178,0.0
1123,178,22,89.0,3.56,0.43999999999999995,89.0,10.999999999999998,356.0,46.55420426310971,338,178,0.0
1124,178,22,89.0,3.56,0.43999999999999995,89.0,10.999999999999998,356.0,46.55420426310971,338,178,0.0
1125,178,22,89.0,3.56,0.43999999999999995,89.0,10.999999999999998,356.0,46.55420426310971,338,178,0.0
1126,178,22,89.0,3.56,0.43999999999999995,89.0,10.999999999999998,356.0,46.55420426310971,338,178,0.0
1127,178,22,89.0,3.56,0.43999999999999995,89.0,10.999999999999998,356.0,46.55420426310971,338,178,0.0
1128,178,22,89.0,3.56,0.43999999999999995,89.0,10.999999999999998,356.0,46.55420426310971,339,178,0.0
1129,178,22,89.0,3.56,0.43999999999999995,89.0,10.999999999999998,356.0,46.55420426310971,340,178,0.0
1130,178,22,89.0,3.56,0.43999999999999995,89.0,10.999999999999998,356.0,46.55420426310971,342,178,0.0
1131,178,22,89.0,3.56,0.43999999999999995,89.0,10.999999999999998,356.0,46.55420426310971,344,178,0.0
1132,178,22,89.0,3.56,0.43999999999999995,89.0,10.999999999999998,356.0,46.55420426310971,346,178,0.0
1133,179,21,89.5,3.58,0.41999999999999993,89.5,10.499999999999998,358.0,46.81574473649797,349,179,2.0
1134,179,21,89.5,3.58,0.41999999999999993,89.5,10.499999999999998,358.0,46.81574473649797,350,179,0.0
1135,179,21,89.5,3.58,0.41999999999999993,89.5,10.499999999999998,358.0,46.81574473649797,351,179,0.0
1136,179,21,89.5,3.58,0.41999999999999993,89.5,10.499999999999998,358.0,46.81574473649797,352,179,0.0
1137,179,21,89.5,3.58,0.41999999999999993,89.5,10.499999999999998,358.0,46.81574473649797,353,179,0.0
1138,179,21,89.5,3.58,0.41999999999999993,89.5,10.499999999999998,358.0,46.81574473649797,355,179,0.0
1139,179,21,89.5,3.58,0.41999999999999993,89.5,10.499999999999998,358.0,46.81574473649797,355,179,0.0
1140,179,21,89.5,3.58,0.41999999999999993,89.5,10.499999999999998,358.0,46.81574473649797,355,179,0.0
1141,179,21,89.5,3.58,0.41999999999999993,89.5,10.499999999999998,358.0,46.81574473649797,355,179,0.0
1142,179,21,89.5,3.58,0.41999999999999993,89.5,10.499999999999998,358.0,46.81574473649797,356,179,0.0
1143,179,21,89.5,3.58,0.41999999999999993,89.5,10.499999999999998,358.0,46.81574473649797,357,179,0.0
1144,179,21,89.5,3.58,0.41999999999999993,89.5,10.499999999999998,358.0,46.81574473649797,357,179,0.0
1145,179,21,89.5,3.58,0.41999999999999993,89.5,10.499999999999998,358.0,46.81574473649797,357,179,0.0
1146,179,21,89.5,3.58,0.41999999999999993,89.5,10.499999999999998,358.0,46.81574473649797,357,179,0.0
1147,179,21,89.5,3.58,0.41999999999999993,89.5,10.499999999999998,358.0,46.81574473649797,357,179,0.0
1148,179,21,89.5,3.58,0.41999999999999993,89.5,10.499999999999998,358.0,46.81574473649797,357,179,0.0
1149,179,21,89.5,3.58,0.41999999999999993,89.5,10.499999999999998,358.0,46.81574473649797,357,179,0.0
1150,179,21,89.5,3.58,0.41999999999999993,89.5,10.499999999999998,358.0,46.81574473649797,358,179,0.0
1151,179,21,89.5,3.58,0.41999999999999993,89.5,10.499999999999998,358.0,46.81574473649797,358,179,0.0
1152,179,21,89.5,3.58,0.41999999999999993,89.5,10.499999999999998,358.0,46.81574473649797,358,179,0.0
1153,179,21,89.5,3.58,0.41999999999999993,89.5,10.499999999999998,358.0,46.81574473649797,358,179,0.0
1154,179,21,89.5,3.58,0.41999999999999993,89.5,10.499999999999998,358.0,46.81574473649797,358,179,0.0
1155,179,21,89.5,3.58,0.41999999999999993,89.5,10.499999999999998,358.0,46.81574473649797,358,179,0.0
1156,179,21,89.5,3.58,0.41999999999999993,89.5,10.499999999999998,358.0,46.81574473649797,358,179,0.0
1157,179,21,89.5,3.58,0.41999999999999993,89.5,10.499999999999998,358.0,46.81574473649797,358,179,0.0
1158,179,21,89.5,3.58,0.41999999999999993,89.5,10.499999999999998,358.0,46.81574473649797,358,179,0.0
1159,179,21,89.5,3.58,0.41999999999999993,89.5,10.499999999999998,358.0,46.81574473649797,358,179,0.0
1160,179,21,89.5,3.58,0.41999999999999993,89.5,10.499999999999998,358.0,46.81574473649797,358,179,0.0
1161,179,21,89.5,3.58,0.41999999999999993,89.5,10.499999999999998,358.0,46.81574473649797,358,179,0.0
1162,179,21,89.5,3.58,0.41999999999999993,89.5,10.499999999999998,358.0,46.81574473649797,358,179,0.0
1163,179,21,89.5,3.58,0.41999999999999993,89.5,10.499999999999998,358.0,46.81574473649797,358,179,0.0
1164,179,21,89.5,3.58,0.41999999999999993,89.5,10.499999999999998,358.0,46.81574473649797,358,179,0.0
1165,179,21,89.5,3.58,0.41999999999999993,89.5,10.499999999999998,358.0,46.81574473649797,358,179,0.0
1166,179,21,89.5,3.58,0.41999999999999993,89.5,10.499999999999998,358.0,46.81574473649797,358,179,0.0
1167,179,21,89.5,3.58,0.41999999999999993,89.5,10.499999999999998,358.0,46.81574473649797,358,179,0.0
1168,179,21,89.5,3.58,0.41999999999999993,89.5,10.499999999999998,358.0,46.81574473649797,358,179,0.0
1169,179,21,89.5,3.58,0.41999999999999993,89.5,10.499999999999998,358.0,46.81574473649797,358,179,0.0
1170,179,21,89.5,3.58,0.41999999999999993,89.5,10.499999999999998,358.0,46.81574473649797,358,179,0.0
1171,179,21,89.5,3.58,0.41999999999999993,89.5,10.499999999999998,358.0,46.81574473649797,358,179,0.0
1172,179,21,89.5,3.58,0.41999999999999993,89.5,10.499999999999998,358.0,46.81574473649797,358,179,0.0
1173,179,21,89.5,3.58,0.41999999999999993,89.5,10.499999999999998,358.0,46.81574473649797,358,179,0.0
1174,179,21,89.5,3.58,0.41999999999999993,89.5,10.499999999999998,358.0,46.81574473649797,358,179,0.0
1175,179,21,89.5,3.58,0.41999999999999993,89.5,10.499999999999998,358.0,46.81574473649797,358,179,0.0
1176,179,21,89.5,3.58,0.41999999999999993,89.5,10.499999999999998,358.0,46.81574473649797,358,179,0.0
1177,179,21,89.5,3.58,0.41999999999999993,89.5,10.499999999999998,358.0,46.81574473649797,358,179,0.0
1178,179,21,89.5,3.58,0.41999999999999993,89.5,10.499999999999998,358.0,46.81574473649797,358,179,0.0
1179,179,21,89.5,3.58,0.41999999999999993,89.5,10.499999999999998,358.0,46.81574473649797,358,179,0.0
1180,179,21,89.5,3.58,0.41999999999999993,89.5,10.499999999999998,358.0,46.81574473649797,358,179,0.0
1181,179,21,89.5,3.58,0.41999999999999993,89.5,10.499999999999998,358.0,46.81574473649797,358,179,0.0
1182,179,21,89.5,3.58,0.41999999999999993,89.5,10.499999999999998,358.0,46.81574473649797,358,179,0.0
1183,179,21,89.5,3.58,0.41999999999999993,89.5,10.499999999999998,358.0,46.81574473649797,358,179,0.0
1184,179,21,89.5,3.58,0.41999999999999993,89.5,10.499999999999998,358.0,46.81574473649797,358,179,0.0
1185,179,21,89.5,3.58,0.41999999999999993,89.5,10.499999999999998,358.0,46.81574473649797,358,179,0.0
1186,179,21,89.5,3.58,0.41999999999999993,89.5,10.499999999999998,358.0,46.81574473649797,358,179,0.0
1187,179,21,89.5,3.58,0.41999999999999993,89.5,10.499999999999998,358.0,46.81574473649797,358,179,0.0
1188,179,21,89.5,3.58,0.41999999999999993,89.5,10.499999999999998,358.0,46.81574473649797,358,179,0.0
1189,179,21,89.5,3.58,0.41999999999999993,89.5,10.499999999999998,358.0,46.81574473649797,358,179,0.0
1190,179,21,89.5,3.58,0.41999999999999993,89.5,10.499999999999998,358.0,46.81574473649797,358,179,0.0
1191,179,21,89.5,3.58,0.41999999999999993,89.5,10.499999999999998,358.0,46.81574473649797,358,179,0.0
1192,179,21,89.5,3.58,0.41999999999999993,89.5,10.499999999999998,358.0,46.81574473649797,358,179,0.0
1193,179,21,89.5,3.58,0.41999999999999993,89.5,10.499999999999998,358.0,46.81574473649797,358,179,0.0
1194,179,21,89.5,3.58,0.41999999999999993,89.5,10.499999999999998,358.0,46.81574473649797,358,179,0.0
1195,179,21,89.5,3.58,0.41999999999999993,89.5,10.499999999999998,358.0,46.81574473649797,358,179,0.0
1196,179,21,89.5,3.58,0.41999999999999993,89.5,10.499999999999998,358.0,46.81574473649797,358,179,0.0
1197,179,21,89.5,3.58,0.41999999999999993,89.5,10.499999999999998,358.0,46.81574473649797,358,179,0.0
1198,179,21,89.5,3.58,0.41999999999999993,89.5,10.499999999999998,358.0,46.81574473649797,358,179,0.0
1199,179,21,89.5,3.58,0.41999999999999993,89.5,10.499999999999998,358.0,46.81574473649797,358,179,0.0
1200,179,21,89.5,3.58,0.41999999999999993,89.5,10.499999999999998,358.0,46.81574473649797,358,179,0.0
1201,179,21,89.5,3.58,0.41999999999999993,89.5,10.499999999999998,358.0,46.81574473649797,358,179,0.0
1202,179,21,89.5,3.58,0.41999999999999993,89.5,10.499999999999998,358.0,46.81574473649797,358,179,0.0
1203,179,21,89.5,3.58,0.41999999999999993,89.5,10.499999999999998,358.0,46.81574473649797,358,179,0.0
1204,179,21,89.5,3.58,0.41999999999999993,89.5,10.499999999999998,358.0,46.81574473649797,358,179,0.0
1205,179,21,89.5,3.58,0.41999999999999993,89.5,10.499999999999998,358.0,46.81574473649797,358,179,0.0
1206,179,21,89.5,3.58,0.41999999999999993,89.5,10.499999999999998,358.0,46.81574473649797,358,179,0.0
1207,179,21,89.5,3.58,0.41999999999999993,89.5,10.499999999999998,358.0,46.81574473649797,359,179,0.0
1208,179,21,89.5,3.58,0.41999999999999993,89.5,10.499999999999998,358.0,46.81574473649797,360,179,0.0
1209,179,21,89.5,3.58,0.41999999999999993,89.5,10.499999999999998,358.0,46.81574473649797,361,179,0.0
1210,179,21,89.5,3.58,0.41999999999999993,89.5,10.499999999999998,358.0,46.81574473649797,363,179,0.0
1211,179,21,89.5,3.58,0.41999999999999993,89.5,10.499999999999998,358.0,46.81574473649797,364,179,0.0
1212,179,21,89.5,3.58,0.41999999999999993,89.5,10.499999999999998,358.0,46.81574473649797,365,179,0.0
1213,179,21,89.5,3.58,0.41999999999999993,89.5,10.499999999999998,358.0,46.81574473649797,366,179,0.0
1214,179,21,89.5,3.58,0.41999999999999993,89.5,10.499999999999998,358.0,46.81574473649797,367,179,0.0
1215,179,21,89.5,3.58,0.41999999999999993,89.5,10.499999999999998,358.0,46.81574473649797,367,179,0.0
1216,179,21,89.5,3.58,0.41999999999999993,89.5,10.499999999999998,358.0,46.81574473649797,367,179,0.0
1217,179,21,89.5,3.58,0.41999999999999993,89.5,10.499999999999998,358.0,46.81574473649797,367,179,0.0
1218,179,21,89.5,3.58,0.41999999999999993,89.5,10.499999999999998,358.0,46.81574473649797,367,179,0.0
1219,179,21,89.5,3.58,0.41999999999999993,89.5,10.499999999999998,358.0,46.81574473649797,367,179,0.0
1220,179,21,89.5,3.58,0.41999999999999993,89.5,10.499999999999998,358.0,46.81574473649797,367,179,0.0
1221,179,21,89.5,3.58,0.41999999999999993,89.5,10.499999999999998,358.0,46.81574473649797,367,179,0.0
1222,179,21,89.5,3.58,0.41999999999999993,89.5,10.499999999999998,358.0,46.81574473649797,367,179,0.0
1223,179,21,89.5,3.58,0.41999999999999993,89.5,10.499999999999998,358.0,46.81574473649797,367,179,0.0
1224,179,21,89.5,3.58,0.41999999999999993,89.5,10.499999999999998,358.0,46.81574473649797,367,179,0.0
1225,179,21,89.5,3.58,0.41999999999999993,89.5,10.499999999999998,358.0,46.81574473649797,367,179,0.0
1226,179,21,89.5,3.58,0.41999999999999993,89.5,10.499999999999998,358.0,46.81574473649797,368,179,0.0
1227,179,21,89.5,3.58,0.41999999999999993,89.5,10.499999999999998,358.0,46.81574473649797,369,179,0.0
1228,179,21,89.5,3.58,0.41999999999999993,89.5,10.499999999999998,358.0,46.81574473649797,369,179,0.0
1229,179,21,89.5,3.58,0.41999999999999993,89.5,10.499999999999998,358.0,46.81574473649797,370,179,0.0
1230,179,21,89.5,3.58,0.41999999999999993,89.5,10.499999999999998,358.0,46.81574473649797,371,179,0.0
1231,179,21,89.5,3.58,0.41999999999999993,89.5,10.499999999999998,358.0,46.81574473649797,372,179,0.0
1232,179,21,89.5,3.58,0.41999999999999993,89.5,10.499999999999998,358.0,46.81574473649797,372,179,0.0
1233,179,21,89.5,3.58,0.41999999999999993,89.5,10.499999999999998,358.0,46.81574473649797,372,179,0.0
1234,179,21,89.5,3.58,0.41999999999999993,89.5,10.499999999999998,358.0,46.81574473649797,372,179,0.0
1235,179,21,89.5,3.58,0.41999999999999993,89.5,10.499999999999998,358.0,46.81574473649797,372,179,0.0
1236,179,21,89.5,3.58,0.41999999999999993,89.5,10.499999999999998,358.0,46.81574473649797,372,179,0.0
1237,179,21,89.5,3.58,0.41999999999999993,89.5,10.499999999999998,358.0,46.81574473649797,372,179,0.0
1238,179,21,89.5,3.58,0.41999999999999993,89.5,10.499999999999998,358.0,46.81574473649797,372,179,0.0
1239,180,20,90.0,3.6,0.3999999999999999,90.0,9.999999999999998,360.0,47.07728520988623,373,180,2.0
1240,180,20,90.0,3.6,0.3999999999999999,90.0,9.999999999999998,360.0,47.07728520988623,373,180,0.0
1241,180,20,90.0,3.6,0.3999999999999999,90.0,9.999999999999998,360.0,47.07728520988623,373,180,0.0
1242,180,20,90.0,3.6,0.3999999999999999,90.0,9.999999999999998,360.0,47.07728520988623,373,180,0.0
1243,180,20,90.0,3.6,0.3999999999999999,90.0,9.999999999999998,360.0,47.07728520988623,373,180,0.0
1244,180,20,90.0,3.6,0.3999999999999999,90.0,9.999999999999998,360.0,47.07728520988623,373,180,0.0
1245,180,20,90.0,3.6,0.3999999999999999,90.0,9.999999999999998,360.0,47.07728520988623,373,180,0.0
1246,180,20,90.0,3.6,0.3999999999999999,90.0,9.999999999999998,360.0,47.07728520988623,373,180,0.0
1247,180,20,90.0,3.6,0.3999999999999999,90.0,9.999999999999998,360.0,47.07728520988623,373,180,0.0
1248,180,20,90.0,3.6,0.3999999999999999,90.0,9.999999999999998,360.0,47.07728520988623,373,180,0.0
1249,180,20,90.0,3.6,0.3999999999999999,90.0,9.999999999999998,360.0,47.07728520988623,373,180,0.0
1250,180,20,90.0,3.6,0.3999999999999999,90.0,9.999999999999998,360.0,47.07728520988623,373,180,0.0
1251,181,19,90.5,3.62,0.3799999999999999,90.5,9.499999999999996,362.0,47.338825683274486,374,181,2.0
1252,181,19,90.5,3.62,0.3799999999999999,90.5,9.499999999999996,362.0,47.338825683274486,374,181,0.0
1253,181,19,90.5,3.62,0.3799999999999999,90.5,9.499999999999996,362.0,47.338825683274486,374,181,0.0
1254,181,19,90.5,3.62,0.3799999999999999,90.5,9.499999999999996,362.0,47.338825683274486,374,181,0.0
1255,181,19,90.5,3.62,0.3799999999999999,90.5,9.499999999999996,362.0,47.338825683274486,374,181,0.0
1256,181,19,90.5,3.62,0.3799999999999999,90.5,9.499999999999996,362.0,47.338825683274486,374,181,0.0
1257,181,19,90.5,3.62,0.3799999999999999,90.5,9.499999999999996,362.0,47.338825683274486,374,181,0.0
1258,181,19,90.5,3.62,0.3799999999999999,90.5,9.499999999999996,362.0,47.338825683274486,374,181,0.0
1259,181,19,90.5,3.62,0.3799999999999999,90.5,9.499999999999996,362.0,47.338825683274486,374,181,0.0
1260,181,19,90.5,3.62,0.3799999999999999,90.5,9.499999999999996,362.0,47.338825683274486,374,181,0.0
1261,181,19,90.5,3.62,0.3799999999999999,90.5,9.499999999999996,362.0,47.338825683274486,374,181,0.0
1262,181,19,90.5,3.62,0.3799999999999999,90.5,9.499999999999996,362.0,47.338825683274486,374,181,0.0
1263,181,19,90.5,3.62,0.3799999999999999,90.5,9.499999999999996,362.0,47.338825683274486,374,181,0.0
1264,181,19,90.5,3.62,0.3799999999999999,90.5,9.499999999999996,362.0,47.338825683274486,374,181,0.0
1265,181,19,90.5,3.62,0.3799999999999999,90.5,9.499999999999996,362.0,47.338825683274486,374,181,0.0
1266,181,19,90.5,3.62,0.3799999999999999,90.5,9.499999999999996,362.0,47.338825683274486,374,181,0.0
1267,181,19,90.5,3.62,0.3799999999999999,90.5,9.499999999999996,362.0,47.338825683274486,374,181,0.0
1268,181,19,90.5,3.62,0.3799999999999999,90.5,9.499999999999996,362.0,47.338825683274486,375,181,0.0
1269,181,19,90.5,3.62,0.3799999999999999,90.5,9.499999999999996,362.0,47.338825683274486,375,181,0.0
1270,182,18,91.0,3.64,0.3599999999999999,91.0,8.999999999999996,364.0,47.600366156662744,376,182,2.0
1271,182,18,91.0,3.64,0.3599999999999999,91.0,8.999999999999996,364.0,47.600366156662744,376,182,0.0
1272,182,18,91.0,3.64,0.3599999999999999,91.0,8.999999999999996,364.0,47.600366156662744,376,182,0.0
1273,182,18,91.0,3.64,0.3599999999999999,91.0,8.999999999999996,364.0,47.600366156662744,376,182,0.0
1274,182,18,91.0,3.64,0.3599999999999999,91.0,8.999999999999996,364.0,47.600366156662744,376,182,0.0
1275,182,18,91.0,3.64,0.3599999999999999,91.0,8.999999999999996,364.0,47.600366156662744,376,182,0.0
1276,182,18,91.0,3.64,0.3599999999999999,91.0,8.999999999999996,364.0,47.600366156662744,376,182,0.0
1277,182,18,91.0,3.64,0.3599999999999999,91.0,8.999999999999996,364.0,47.600366156662744,376,182,0.0
1278,182,18,91.0,3.64,0.3599999999999999,91.0,8.999999999999996,364.0,47.600366156662744,376,182,0.0
1279,182,18,91.0,3.64,0.3599999999999999,91.0,8.999999999999996,364.0,47.600366156662744,376,182,0.0
1280,182,18,91.0,3.64,0.3599999999999999,91.0,8.999999999999996,364.0,47.600366156662744,376,182,0.0
1281,182,18,91.0,3.64,0.3599999999999999,91.0,8.999999999999996,364.0,47.600366156662744,377,182,0.0
1282,182,18,91.0,3.64,0.3599999999999999,91.0,8.999999999999996,364.0,47.600366156662744,377,182,0.0
1283,182,18,91.0,3.64,0.3599999999999999,91.0,8.999999999999996,364.0,47.600366156662744,377,182,0.0
1284,182,18,91.0,3.64,0.3599999999999999,91.0,8.999999999999996,364.0,47.600366156662744,377,182,0.0
1285,182,18,91.0,3.64,0.3599999999999999,91.0,8.999999999999996,364.0,47.600366156662744,377,182,0.0
1286,182,18,91.0,3.64,0.3599999999999999,91.0,8.999999999999996,364.0,47.600366156662744,377,182,0.0
1287,183,17,91.5,3.66,0.33999999999999986,91.5,8.499999999999996,366.0,47.861906630050996,378,183,2.0
1288,183,17,91.5,3.66,0.33999999999999986,91.5,8.499999999999996,366.0,47.861906630050996,378,183,0.0
1289,183,17,91.5,3.66,0.33999999999999986,91.5,8.499999999999996,366.0,47.861906630050996,378,183,0.0
1290,183,17,91.5,3.66,0.33999999999999986,91.5,8.499999999999996,366.0,47.861906630050996,378,183,0.0
1291,183,17,91.5,3.66,0.33999999999999986,91.5,8.499999999999996,366.0,47.861906630050996,378,183,0.0
1292,183,17,91.5,3.66,0.33999999999999986,91.5,8.499999999999996,366.0,47.861906630050996,378,183,0.0
1293,183,17,91.5,3.66,0.33999999999999986,91.5,8.499999999999996,366.0,47.861906630050996,378,183,0.0
1294,183,17,91.5,3.66,0.33999999999999986,91.5,8.499999999999996,366.0,47.861906630050996,378,183,0.0
1295,183,17,91.5,3.66,0.33999999999999986,91.5,8.499999999999996,366.0,47.861906630050996,378,183,0.0
1296,183,17,91.5,3.66,0.33999999999999986,91.5,8.499999999999996,366.0,47.861906630050996,378,183,0.0
1297,183,17,91.5,3.66,0.33999999999999986,91.5,8.499999999999996,366.0,47.861906630050996,379,183,0.0
1298,183,17,91.5,3.66,0.33999999999999986,91.5,8.499999999999996,366.0,47.861906630050996,379,183,0.0
1299,183,17,91.5,3.66,0.33999999999999986,91.5,8.499999999999996,366.0,47.861906630050996,379,183,0.0
1300,183,17,91.5,3.66,0.33999999999999986,91.5,8.499999999999996,366.0,47.861906630050996,379,183,0.0
1301,183,17,91.5,3.66,0.33999999999999986,91.5,8.499999999999996,366.0,47.861906630050996,379,183,0.0
1302,183,17,91.5,3.66,0.33999999999999986,91.5,8.499999999999996,366.0,47.861906630050996,380,183,0.0
1303,183,17,91.5,3.66,0.33999999999999986,91.5,8.499999999999996,366.0,47.861906630050996,381,183,0.0
1304,183,17,91.5,3.66,0.33999999999999986,91.5,8.499999999999996,366.0,47.861906630050996,381,183,0.0
1305,183,17,91.5,3.66,0.33999999999999986,91.5,8.499999999999996,366.0,47.861906630050996,381,183,0.0
1306,183,17,91.5,3.66,0.33999999999999986,91.5,8.499999999999996,366.0,47.861906630050996,382,183,0.0
1307,183,17,91.5,3.66,0.33999999999999986,91.5,8.499999999999996,366.0,47.861906630050996,383,183,0.0
1308,183,17,91.5,3.66,0.33999999999999986,91.5,8.499999999999996,366.0,47.861906630050996,384,183,0.0
1309,183,17,91.5,3.66,0.33999999999999986,91.5,8.499999999999996,366.0,47.861906630050996,385,183,0.0
1310,183,17,91.5,3.66,0.33999999999999986,91.5,8.499999999999996,366.0,47.861906630050996,386,183,0.0
1311,183,17,91.5,3.66,0.33999999999999986,91.5,8.499999999999996,366.0,47.861906630050996,387,183,0.0
1312,183,17,91.5,3.66,0.33999999999999986,91.5,8.499999999999996,366.0,47.861906630050996,387,183,0.0
1313,183,17,91.5,3.66,0.33999999999999986,91.5,8.499999999999996,366.0,47.861906630050996,387,183,0.0
1314,183,17,91.5,3.66,0.33999999999999986,91.5,8.499999999999996,366.0,47.861906630050996,388,183,0.0
1315,183,17,91.5,3.66,0.33999999999999986,91.5,8.499999999999996,366.0,47.861906630050996,388,183,0.0
1316,183,17,91.5,3.66,0.33999999999999986,91.5,8.499999999999996,366.0,47.861906630050996,389,183,0.0
1317,183,17,91.5,3.66,0.33999999999999986,91.5,8.499999999999996,366.0,47.861906630050996,389,183,0.0
1318,183,17,91.5,3.66,0.33999999999999986,91.5,8.499999999999996,366.0,47.861906630050996,389,183,0.0
1319,183,17,91.5,3.66,0.33999999999999986,91.5,8.499999999999996,366.0,47.861906630050996,389,183,0.0
1320,183,17,91.5,3.66,0.33999999999999986,91.5,8.499999999999996,366.0,47.861906630050996,389,183,0.0
1321,183,17,91.5,3.66,0.33999999999999986,91.5,8.499999999999996,366.0,47.861906630050996,389,183,0.0
1322,183,17,91.5,3.66,0.33999999999999986,91.5,8.499999999999996,366.0,47.861906630050996,389,183,0.0
1323,183,17,91.5,3.66,0.33999999999999986,91.5,8.499999999999996,366.0,47.861906630050996,389,183,0.0
1324,184,16,92.0,3.68,0.31999999999999984,92.0,7.999999999999996,368.0,48.123447103439254,390,184,2.0
1325,184,16,92.0,3.68,0.31999999999999984,92.0,7.999999999999996,368.0,48.123447103439254,390,184,0.0
1326,184,16,92.0,3.68,0.31999999999999984,92.0,7.999999999999996,368.0,48.123447103439254,390,184,0.0
1327,184,16,92.0,3.68,0.31999999999999984,92.0,7.999999999999996,368.0,48.123447103439254,390,184,0.0
1328,184,16,92.0,3.68,0.31999999999999984,92.0,7.999999999999996,368.0,48.123447103439254,390,184,0.0
1329,184,16,92.0,3.68,0.31999999999999984,92.0,7.999999999999996,368.0,48.123447103439254,390,184,0.0
1330,184,16,92.0,3.68,0.31999999999999984,92.0,7.999999999999996,368.0,48.123447103439254,390,184,0.0
1331,184,16,92.0,3.68,0.31999999999999984,92.0,7.999999999999996,368.0,48.123447103439254,390,184,0.0
1332,184,16,92.0,3.68,0.31999999999999984,92.0,7.999999999999996,368.0,48.123447103439254,390,184,0.0
1333,184,16,92.0,3.68,0.31999999999999984,92.0,7.999999999999996,368.0,48.123447103439254,390,184,0.0
1334,184,16,92.0,3.68,0.31999999999999984,92.0,7.999999999999996,368.0,48.123447103439254,390,184,0.0
1335,184,16,92.0,3.68,0.31999999999999984,92.0,7.999999999999996,368.0,48.123447103439254,391,184,0.0
1336,184,16,92.0,3.68,0.31999999999999984,92.0,7.999999999999996,368.0,48.123447103439254,391,184,0.0
1337,184,16,92.0,3.68,0.31999999999999984,92.0,7.999999999999996,368.0,48.123447103439254,391,184,0.0
1338,184,16,92.0,3.68,0.31999999999999984,92.0,7.999999999999996,368.0,48.123447103439254,391,184,0.0
1339,184,16,92.0,3.68,0.31999999999999984,92.0,7.999999999999996,368.0,48.123447103439254,392,184,0.0
1340,184,16,92.0,3.68,0.31999999999999984,92.0,7.999999999999996,368.0,48.123447103439254,393,184,0.0
1341,184,16,92.0,3.68,0.31999999999999984,92.0,7.999999999999996,368.0,48.123447103439254,393,184,0.0
1342,184,16,92.0,3.68,0.31999999999999984,92.0,7.999999999999996,368.0,48.123447103439254,393,184,0.0
1343,184,16,92.0,3.68,0.31999999999999984,92.0,7.999999999999996,368.0,48.123447103439254,393,184,0.0
1344,184,16,92.0,3.68,0.31999999999999984,92.0,7.999999999999996,368.0,48.123447103439254,393,184,0.0
1345,184,16,92.0,3.68,0.31999999999999984,92.0,7.999999999999996,368.0,48.123447103439254,393,184,0.0
1346,184,16,92.0,3.68,0.31999999999999984,92.0,7.999999999999996,368.0,48.123447103439254,393,184,0.0
1347,184,16,92.0,3.68,0.31999999999999984,92.0,7.999999999999996,368.0,48.123447103439254,393,184,0.0
1348,184,16,92.0,3.68,0.31999999999999984,92.0,7.999999999999996,368.0,48.123447103439254,393,184,0.0
1349,184,16,92.0,3.68,0.31999999999999984,92.0,7.999999999999996,368.0,48.123447103439254,393,184,0.0
1350,184,16,92.0,3.68,0.31999999999999984,92.0,7.999999999999996,368.0,48.123447103439254,393,184,0.0
1351,184,16,92.0,3.68,0.31999999999999984,92.0,7.999999999999996,368.0,48.123447103439254,393,184,0.0
1352,184,16,92.0,3.68,0.31999999999999984,92.0,7.999999999999996,368.0,48.123447103439254,393,184,0.0
1353,184,16,92.0,3.68,0.31999999999999984,92.0,7.999999999999996,368.0,48.123447103439254,393,184,0.0
1354,184,16,92.0,3.68,0.31999999999999984,92.0,7.999999999999996,368.0,48.123447103439254,393,184,0.0
1355,184,16,92.0,3.68,0.31999999999999984,92.0,7.999999999999996,368.0,48.123447103439254,393,184,0.0
1356,184,16,92.0,3.68,0.31999999999999984,92.0,7.999999999999996,368.0,48.123447103439254,393,184,0.0
1357,184,16,92.0,3.68,0.31999999999999984,92.0,7.999999999999996,368.0,48.123447103439254,393,184,0.0
1358,184,16,92.0,3.68,0.31999999999999984,92.0,7.999999999999996,368.0,48.123447103439254,393,184,0.0
1359,184,16,92.0,3.68,0.31999999999999984,92.0,7.999999999999996,368.0,48.123447103439254,393,184,0.0
1360,184,16,92.0,3.68,0.31999999999999984,92.0,7.999999999999996,368.0,48.123447103439254,393,184,0.0
1361,184,16,92.0,3.68,0.31999999999999984,92.0,7.999999999999996,368.0,48.123447103439254,393,184,0.0
1362,184,16,92.0,3.68,0.31999999999999984,92.0,7.999999999999996,368.0,48.123447103439254,393,184,0.0
1363,184,16,92.0,3.68,0.31999999999999984,92.0,7.999999999999996,368.0,48.123447103439254,393,184,0.0
1364,184,16,92.0,3.68,0.31999999999999984,92.0,7.999999999999996,368.0,48.123447103439254,393,184,0.0
1365,184,16,92.0,3.68,0.31999999999999984,92.0,7.999999999999996,368.0,48.123447103439254,393,184,0.0
1366,184,16,92.0,3.68,0.31999999999999984,92.0,7.999999999999996,368.0,48.123447103439254,393,184,0.0
1367,184,16,92.0,3.68,0.31999999999999984,92.0,7.999999999999996,368.0,48.123447103439254,393,184,0.0
1368,184,16,92.0,3.68,0.31999999999999984,92.0,7.999999999999996,368.0,48.123447103439254,393,184,0.0
1369,184,16,92.0,3.68,0.31999999999999984,92.0,7.999999999999996,368.0,48.123447103439254,393,184,0.0
1370,184,16,92.0,3.68,0.31999999999999984,92.0,7.999999999999996,368.0,48.123447103439254,393,184,0.0
1371,184,16,92.0,3.68,0.31999999999999984,92.0,7.999999999999996,368.0,48.123447103439254,393,184,0.0
1372,185,15,92.5,3.7,0.2999999999999998,92.5,7.499999999999996,370.0,48.38498757682751,394,185,2.0
1373,185,15,92.5,3.7,0.2999999999999998,92.5,7.499999999999996,370.0,48.38498757682751,394,185,0.0
1374,185,15,92.5,3.7,0.2999999999999998,92.5,7.499999999999996,370.0,48.38498757682751,394,185,0.0
1375,185,15,92.5,3.7,0.2999999999999998,92.5,7.499999999999996,370.0,48.38498757682751,394,185,0.0
1376,185,15,92.5,3.7,0.2999999999999998,92.5,7.499999999999996,370.0,48.38498757682751,394,185,0.0
1377,185,15,92.5,3.7,0.2999999999999998,92.5,7.499999999999996,370.0,48.38498757682751,394,185,0.0
1378,185,15,92.5,3.7,0.2999999999999998,92.5,7.499999999999996,370.0,48.38498757682751,394,185,0.0
1379,185,15,92.5,3.7,0.2999999999999998,92.5,7.499999999999996,370.0,48.38498757682751,394,185,0.0
1380,185,15,92.5,3.7,0.2999999999999998,92.5,7.499999999999996,370.0,48.38498757682751,394,185,0.0
1381,185,15,92.5,3.7,0.2999999999999998,92.5,7.499999999999996,370.0,48.38498757682751,394,185,0.0
1382,185,15,92.5,3.7,0.2999999999999998,92.5,7.499999999999996,370.0,48.38498757682751,394,185,0.0
1383,185,15,92.5,3.7,0.2999999999999998,92.5,7.499999999999996,370.0,48.38498757682751,394,185,0.0
1384,185,15,92.5,3.7,0.2999999999999998,92.5,7.499999999999996,370.0,48.38498757682751,394,185,0.0
1385,185,15,92.5,3.7,0.2999999999999998,92.5,7.499999999999996,370.0,48.38498757682751,394,185,0.0
1386,185,15,92.5,3.7,0.2999999999999998,92.5,7.499999999999996,370.0,48.38498757682751,394,185,0.0
1387,185,15,92.5,3.7,0.2999999999999998,92.5,7.499999999999996,370.0,48.38498757682751,394,185,0.0
1388,185,15,92.5,3.7,0.2999999999999998,92.5,7.499999999999996,370.0,48.38498757682751,394,185,0.0
1389,185,15,92.5,3.7,0.2999999999999998,92.5,7.499999999999996,370.0,48.38498757682751,394,185,0.0
1390,185,15,92.5,3.7,0.2999999999999998,92.5,7.499999999999996,370.0,48.38498757682751,394,185,0.0
1391,185,15,92.5,3.7,0.2999999999999998,92.5,7.499999999999996,370.0,48.38498757682751,394,185,0.0
1392,185,15,92.5,3.7,0.2999999999999998,92.5,7.499999999999996,370.0,48.38498757682751,394,185,0.0
1393,185,15,92.5,3.7,0.2999999999999998,92.5,7.499999999999996,370.0,48.38498757682751,394,185,0.0
1394,185,15,92.5,3.7,0.2999999999999998,92.5,7.499999999999996,370.0,48.38498757682751,394,185,0.0
1395,185,15,92.5,3.7,0.2999999999999998,92.5,7.499999999999996,370.0,48.38498757682751,394,185,0.0
1396,185,15,92.5,3.7,0.2999999999999998,92.5,7.499999999999996,370.0,48.38498757682751,394,185,0.0
1397,185,15,92.5,3.7,0.2999999999999998,92.5,7.499999999999996,370.0,48.38498757682751,394,185,0.0
1398,185,15,92.5,3.7,0.2999999999999998,92.5,7.499999999999996,370.0,48.38498757682751,394,185,0.0
1399,185,15,92.5,3.7,0.2999999999999998,92.5,7.499999999999996,370.0,48.38498757682751,394,185,0.0
1400,185,15,92.5,3.7,0.2999999999999998,92.5,7.499999999999996,370.0,48.38498757682751,394,185,0.0
1401,185,15,92.5,3.7,0.2999999999999998,92.5,7.499999999999996,370.0,48.38498757682751,394,185,0.0
1402,185,15,92.5,3.7,0.2999999999999998,92.5,7.499999999999996,370.0,48.38498757682751,394,185,0.0
1403,185,15,92.5,3.7,0.2999999999999998,92.5,7.499999999999996,370.0,48.38498757682751,394,185,0.0
1404,185,15,92.5,3.7,0.2999999999999998,92.5,7.499999999999996,370.0,48.38498757682751,394,185,0.0
1405,185,15,92.5,3.7,0.2999999999999998,92.5,7.499999999999996,370.0,48.38498757682751,394,185,0.0
1406,185,15,92.5,3.7,0.2999999999999998,92.5,7.499999999999996,370.0,48.38498757682751,394,185,0.0
1407,185,15,92.5,3.7,0.2999999999999998,92.5,7.499999999999996,370.0,48.38498757682751,394,185,0.0
1408,185,15,92.5,3.7,0.2999999999999998,92.5,7.499999999999996,370.0,48.38498757682751,394,185,0.0
1409,185,15,92.5,3.7,0.2999999999999998,92.5,7.499999999999996,370.0,48.38498757682751,394,185,0.0
1410,185,15,92.5,3.7,0.2999999999999998,92.5,7.499999999999996,370.0,48.38498757682751,394,185,0.0
1411,185,15,92.5,3.7,0.2999999999999998,92.5,7.499999999999996,370.0,48.38498757682751,394,185,0.0
1412,185,15,92.5,3.7,0.2999999999999998,92.5,7.499999999999996,370.0,48.38498757682751,394,185,0.0
1413,185,15,92.5,3.7,0.2999999999999998,92.5,7.499999999999996,370.0,48.38498757682751,394,185,0.0
1414,185,15,92.5,3.7,0.2999999999999998,92.5,7.499999999999996,370.0,48.38498757682751,394,185,0.0
1415,185,15,92.5,3.7,0.2999999999999998,92.5,7.499999999999996,370.0,48.38498757682751,394,185,0.0
1416,185,15,92.5,3.7,0.2999999999999998,92.5,7.499999999999996,370.0,48.38498757682751,394,185,0.0
1417,185,15,92.5,3.7,0.2999999999999998,92.5,7.499999999999996,370.0,48.38498757682751,394,185,0.0
1418,185,15,92.5,3.7,0.2999999999999998,92.5,7.499999999999996,370.0,48.38498757682751,394,185,0.0
1419,185,15,92.5,3.7,0.2999999999999998,92.5,7.499999999999996,370.0,48.38498757682751,394,185,0.0
1420,185,15,92.5,3.7,0.2999999999999998,92.5,7.499999999999996,370.0,48.38498757682751,394,185,0.0
1421,185,15,92.5,3.7,0.2999999999999998,92.5,7.499999999999996,370.0,48.38498757682751,394,185,0.0
1422,185,15,92.5,3.7,0.2999999999999998,92.5,7.499999999999996,370.0,48.38498757682751,394,185,0.0
1423,185,15,92.5,3.7,0.2999999999999998,92.5,7.499999999999996,370.0,48.38498757682751,394,185,0.0
1424,185,15,92.5,3.7,0.2999999999999998,92.5,7.499999999999996,370.0,48.38498757682751,395,185,0.0
1425,185,15,92.5,3.7,0.2999999999999998,92.5,7.499999999999996,370.0,48.38498757682751,396,185,0.0
1426,185,15,92.5,3.7,0.2999999999999998,92.5,7.499999999999996,370.0,48.38498757682751,397,185,0.0
1427,185,15,92.5,3.7,0.2999999999999998,92.5,7.499999999999996,370.0,48.38498757682751,398,185,0.0
1428,185,15,92.5,3.7,0.2999999999999998,92.5,7.499999999999996,370.0,48.38498757682751,399,185,0.0
1429,185,15,92.5,3.7,0.2999999999999998,92.5,7.499999999999996,370.0,48.38498757682751,399,185,0.0
1430,185,15,92.5,3.7,0.2999999999999998,92.5,7.499999999999996,370.0,48.38498757682751,399,185,0.0
1431,185,15,92.5,3.7,0.2999999999999998,92.5,7.499999999999996,370.0,48.38498757682751,399,185,0.0
1432,185,15,92.5,3.7,0.2999999999999998,92.5,7.499999999999996,370.0,48.38498757682751,400,185,0.0
1433,185,15,92.5,3.7,0.2999999999999998,92.5,7.499999999999996,370.0,48.38498757682751,400,185,0.0
1434,185,15,92.5,3.7,0.2999999999999998,92.5,7.499999999999996,370.0,48.38498757682751,400,185,0.0
1435,185,15,92.5,3.7,0.2999999999999998,92.5,7.499999999999996,370.0,48.38498757682751,400,185,0.0
1436,185,15,92.5,3.7,0.2999999999999998,92.5,7.499999999999996,370.0,48.38498757682751,400,185,0.0
1437,185,15,92.5,3.7,0.2999999999999998,92.5,7.499999999999996,370.0,48.38498757682751,401,185,0.0
1438,185,15,92.5,3.7,0.2999999999999998,92.5,7.499999999999996,370.0,48.38498757682751,402,185,0.0
1439,185,15,92.5,3.7,0.2999999999999998,92.5,7.499999999999996,370.0,48.38498757682751,402,185,0.0
1440,185,15,92.5,3.7,0.2999999999999998,92.5,7.499999999999996,370.0,48.38498757682751,402,185,0.0
1441,185,15,92.5,3.7,0.2999999999999998,92.5,7.499999999999996,370.0,48.38498757682751,402,185,0.0
1442,185,15,92.5,3.7,0.2999999999999998,92.5,7.499999999999996,370.0,48.38498757682751,402,185,0.0
1443,185,15,92.5,3.7,0.2999999999999998,92.5,7.499999999999996,370.0,48.38498757682751,402,185,0.0
1444,185,15,92.5,3.7,0.2999999999999998,92.5,7.499999999999996,370.0,48.38498757682751,402,185,0.0
1445,185,15,92.5,3.7,0.2999999999999998,92.5,7.499999999999996,370.0,48.38498757682751,402,185,0.0
1446,185,15,92.5,3.7,0.2999999999999998,92.5,7.499999999999996,370.0,48.38498757682751,402,185,0.0
1447,185,15,92.5,3.7,0.2999999999999998,92.5,7.499999999999996,370.0,48.38498757682751,402,185,0.0
1448,185,15,92.5,3.7,0.2999999999999998,92.5,7.499999999999996,370.0,48.38498757682751,402,185,0.0
1449,185,15,92.5,3.7,0.2999999999999998,92.5,7.499999999999996,370.0,48.38498757682751,402,185,0.0
1450,185,15,92.5,3.7,0.2999999999999998,92.5,7.499999999999996,370.0,48.38498757682751,402,185,0.0
1451,185,15,92.5,3.7,0.2999999999999998,92.5,7.499999999999996,370.0,48.38498757682751,402,185,0.0
1452,185,15,92.5,3.7,0.2999999999999998,92.5,7.499999999999996,370.0,48.38498757682751,402,185,0.0
1453,185,15,92.5,3.7,0.2999999999999998,92.5,7.499999999999996,370.0,48.38498757682751,402,185,0.0
1454,185,15,92.5,3.7,0.2999999999999998,92.5,7.499999999999996,370.0,48.38498757682751,402,185,0.0
1455,185,15,92.5,3.7,0.2999999999999998,92.5,7.499999999999996,370.0,48.38498757682751,402,185,0.0
1456,185,15,92.5,3.7,0.2999999999999998,92.5,7.499999999999996,370.0,48.38498757682751,402,185,0.0
1457,185,15,92.5,3.7,0.2999999999999998,92.5,7.499999999999996,370.0,48.38498757682751,402,185,0.0
1458,185,15,92.5,3.7,0.2999999999999998,92.5,7.499999999999996,370.0,48.38498757682751,402,185,0.0
1459,185,15,92.5,3.7,0.2999999999999998,92.5,7.499999999999996,370.0,48.38498757682751,402,185,0.0
1460,185,15,92.5,3.7,0.2999999999999998,92.5,7.499999999999996,370.0,48.38498757682751,402,185,0.0
1461,185,15,92.5,3.7,0.2999999999999998,92.5,7.499999999999996,370.0,48.38498757682751,402,185,0.0
1462,185,15,92.5,3.7,0.2999999999999998,92.5,7.499999999999996,370.0,48.38498757682751,402,185,0.0
1463,185,15,92.5,3.7,0.2999999999999998,92.5,7.499999999999996,370.0,48.38498757682751,402,185,0.0
1464,185,15,92.5,3.7,0.2999999999999998,92.5,7.499999999999996,370.0,48.38498757682751,402,185,0.0
1465,185,15,92.5,3.7,0.2999999999999998,92.5,7.499999999999996,370.0,48.38498757682751,402,185,0.0
1466,185,15,92.5,3.7,0.2999999999999998,92.5,7.499999999999996,370.0,48.38498757682751,402,185,0.0
1467,185,15,92.5,3.7,0.2999999999999998,92.5,7.499999999999996,370.0,48.38498757682751,402,185,0.0
1468,185,15,92.5,3.7,0.2999999999999998,92.5,7.499999999999996,370.0,48.38498757682751,402,185,0.0
1469,185,15,92.5,3.7,0.2999999999999998,92.5,7.499999999999996,370.0,48.38498757682751,402,185,0.0
1470,185,15,92.5,3.7,0.2999999999999998,92.5,7.499999999999996,370.0,48.38498757682751,402,185,0.0
1471,185,15,92.5,3.7,0.2999999999999998,92.5,7.499999999999996,370.0,48.38498757682751,402,185,0.0
1472,185,15,92.5,3.7,0.2999999999999998,92.5,7.499999999999996,370.0,48.38498757682751,402,185,0.0
1473,185,15,92.5,3.7,0.2999999999999998,92.5,7.499999999999996,370.0,48.38498757682751,402,185,0.0
1474,185,15,92.5,3.7,0.2999999999999998,92.5,7.499999999999996,370.0,48.38498757682751,402,185,0.0
1475,185,15,92.5,3.7,0.2999999999999998,92.5,7.499999999999996,370.0,48.38498757682751,402,185,0.0
1476,185,15,92.5,3.7,0.2999999999999998,92.5,7.499999999999996,370.0,48.38498757682751,402,185,0.0
1477,185,15,92.5,3.7,0.2999999999999998,92.5,7.499999999999996,370.0,48.38498757682751,402,185,0.0
1478,185,15,92.5,3.7,0.2999999999999998,92.5,7.499999999999996,370.0,48.38498757682751,402,185,0.0
1479,185,15,92.5,3.7,0.2999999999999998,92.5,7.499999999999996,370.0,48.38498757682751,402,185,0.0
1480,185,15,92.5,3.7,0.2999999999999998,92.5,7.499999999999996,370.0,48.38498757682751,402,185,0.0
1481,185,15,92.5,3.7,0.2999999999999998,92.5,7.499999999999996,370.0,48.38498757682751,402,185,0.0
1482,185,15,92.5,3.7,0.2999999999999998,92.5,7.499999999999996,370.0,48.38498757682751,402,185,0.0
1483,185,15,92.5,3.7,0.2999999999999998,92.5,7.499999999999996,370.0,48.38498757682751,402,185,0.0
1484,185,15,92.5,3.7,0.2999999999999998,92.5,7.499999999999996,370.0,48.38498757682751,402,185,0.0
1485,185,15,92.5,3.7,0.2999999999999998,92.5,7.499999999999996,370.0,48.38498757682751,402,185,0.0
1486,185,15,92.5,3.7,0.2999999999999998,92.5,7.499999999999996,370.0,48.38498757682751,402,185,0.0
1487,185,15,92.5,3.7,0.2999999999999998,92.5,7.499999999999996,370.0,48.38498757682751,402,185,0.0
1488,185,15,92.5,3.7,0.2999999999999998,92.5,7.499999999999996,370.0,48.38498757682751,402,185,0.0
1489,185,15,92.5,3.7,0.2999999999999998,92.5,7.499999999999996,370.0,48.38498757682751,402,185,0.0
1490,185,15,92.5,3.7,0.2999999999999998,92.5,7.499999999999996,370.0,48.38498757682751,402,185,0.0
1491,185,15,92.5,3.7,0.2999999999999998,92.5,7.499999999999996,370.0,48.38498757682751,402,185,0.0
1492,186,14,93.0,3.72,0.2799999999999998,93.0,6.999999999999995,372.0,48.64652805021577,403,186,2.0
1493,186,14,93.0,3.72,0.2799999999999998,93.0,6.999999999999995,372.0,48.64652805021577,403,186,0.0
1494,186,14,93.0,3.72,0.2799999999999998,93.0,6.999999999999995,372.0,48.64652805021577,403,186,0.0
1495,186,14,93.0,3.72,0.2799999999999998,93.0,6.999999999999995,372.0,48.64652805021577,403,186,0.0
1496,186,14,93.0,3.72,0.2799999999999998,93.0,6.999999999999995,372.0,48.64652805021577,403,186,0.0
1497,186,14,93.0,3.72,0.2799999999999998,93.0,6.999999999999995,372.0,48.64652805021577,403,186,0.0
1498,186,14,93.0,3.72,0.2799999999999998,93.0,6.999999999999995,372.0,48.64652805021577,403,186,0.0
1499,186,14,93.0,3.72,0.2799999999999998,93.0,6.999999999999995,372.0,48.64652805021577,403,186,0.0
1500,186,14,93.0,3.72,0.2799999999999998,93.0,6.999999999999995,372.0,48.64652805021577,403,186,0.0
1501,186,14,93.0,3.72,0.2799999999999998,93.0,6.999999999999995,372.0,48.64652805021577,403,186,0.0
1502,186,14,93.0,3.72,0.2799999999999998,93.0,6.999999999999995,372.0,48.64652805021577,403,186,0.0
1503,186,14,93.0,3.72,0.2799999999999998,93.0,6.999999999999995,372.0,48.64652805021577,403,186,0.0
1504,186,14,93.0,3.72,0.2799999999999998,93.0,6.999999999999995,372.0,48.64652805021577,403,186,0.0
1505,186,14,93.0,3.72,0.2799999999999998,93.0,6.999999999999995,372.0,48.64652805021577,403,186,0.0
1506,186,14,93.0,3.72,0.2799999999999998,93.0,6.999999999999995,372.0,48.64652805021577,403,186,0.0
1507,186,14,93.0,3.72,0.2799999999999998,93.0,6.999999999999995,372.0,48.64652805021577,403,186,0.0
1508,186,14,93.0,3.72,0.2799999999999998,93.0,6.999999999999995,372.0,48.64652805021577,403,186,0.0
1509,186,14,93.0,3.72,0.2799999999999998,93.0,6.999999999999995,372.0,48.64652805021577,403,186,0.0
1510,186,14,93.0,3.72,0.2799999999999998,93.0,6.999999999999995,372.0,48.64652805021577,403,186,0.0
1511,186,14,93.0,3.72,0.2799999999999998,93.0,6.999999999999995,372.0,48.64652805021577,403,186,0.0
1512,186,14,93.0,3.72,0.2799999999999998,93.0,6.999999999999995,372.0,48.64652805021577,403,186,0.0
1513,186,14,93.0,3.72,0.2799999999999998,93.0,6.999999999999995,372.0,48.64652805021577,403,186,0.0
1514,186,14,93.0,3.72,0.2799999999999998,93.0,6.999999999999995,372.0,48.64652805021577,403,186,0.0
1515,186,14,93.0,3.72,0.2799999999999998,93.0,6.999999999999995,372.0,48.64652805021577,403,186,0.0
1516,186,14,93.0,3.72,0.2799999999999998,93.0,6.999999999999995,372.0,48.64652805021577,403,186,0.0
1517,186,14,93.0,3.72,0.2799999999999998,93.0,6.999999999999995,372.0,48.64652805021577,403,186,0.0
1518,186,14,93.0,3.72,0.2799999999999998,93.0,6.999999999999995,372.0,48.64652805021577,403,186,0.0
1519,186,14,93.0,3.72,0.2799999999999998,93.0,6.999999999999995,372.0,48.64652805021577,403,186,0.0
1520,186,14,93.0,3.72,0.2799999999999998,93.0,6.999999999999995,372.0,48.64652805021577,403,186,0.0
1521,186,14,93.0,3.72,0.2799999999999998,93.0,6.999999999999995,372.0,48.64652805021577,403,186,0.0
1522,186,14,93.0,3.72,0.2799999999999998,93.0,6.999999999999995,372.0,48.64652805021577,403,186,0.0
1523,186,14,93.0,3.72,0.2799999999999998,93.0,6.999999999999995,372.0,48.64652805021577,403,186,0.0
1524,186,14,93.0,3.72,0.2799999999999998,93.0,6.999999999999995,372.0,48.64652805021577,403,186,0.0
1525,186,14,93.0,3.72,0.2799999999999998,93.0,6.999999999999995,372.0,48.64652805021577,403,186,0.0
1526,186,14,93.0,3.72,0.2799999999999998,93.0,6.999999999999995,372.0,48.64652805021577,403,186,0.0
1527,186,14,93.0,3.72,0.2799999999999998,93.0,6.999999999999995,372.0,48.64652805021577,403,186,0.0
1528,186,14,93.0,3.72,0.2799999999999998,93.0,6.999999999999995,372.0,48.64652805021577,403,186,0.0
1529,186,14,93.0,3.72,0.2799999999999998,93.0,6.999999999999995,372.0,48.64652805021577,403,186,0.0
1530,186,14,93.0,3.72,0.2799999999999998,93.0,6.999999999999995,372.0,48.64652805021577,403,186,0.0
1531,186,14,93.0,3.72,0.2799999999999998,93.0,6.999999999999995,372.0,48.64652805021577,403,186,0.0
1532,186,14,93.0,3.72,0.2799999999999998,93.0,6.999999999999995,372.0,48.64652805021577,403,186,0.0
1533,186,14,93.0,3.72,0.2799999999999998,93.0,6.999999999999995,372.0,48.64652805021577,403,186,0.0
1534,186,14,93.0,3.72,0.2799999999999998,93.0,6.999999999999995,372.0,48.64652805021577,403,186,0.0
1535,186,14,93.0,3.72,0.2799999999999998,93.0,6.999999999999995,372.0,48.64652805021577,403,186,0.0
1536,186,14,93.0,3.72,0.2799999999999998,93.0,6.999999999999995,372.0,48.64652805021577,403,186,0.0
1537,186,14,93.0,3.72,0.2799999999999998,93.0,6.999999999999995,372.0,48.64652805021577,403,186,0.0
1538,186,14,93.0,3.72,0.2799999999999998,93.0,6.999999999999995,372.0,48.64652805021577,403,186,0.0
1539,186,14,93.0,3.72,0.2799999999999998,93.0,6.999999999999995,372.0,48.64652805021577,403,186,0.0
1540,186,14,93.0,3.72,0.2799999999999998,93.0,6.999999999999995,372.0,48.64652805021577,403,186,0.0
1541,186,14,93.0,3.72,0.2799999999999998,93.0,6.999999999999995,372.0,48.64652805021577,403,186,0.0
1542,186,14,93.0,3.72,0.2799999999999998,93.0,6.999999999999995,372.0,48.64652805021577,403,186,0.0
1543,186,14,93.0,3.72,0.2799999999999998,93.0,6.999999999999995,372.0,48.64652805021577,403,186,0.0
1544,186,14,93.0,3.72,0.2799999999999998,93.0,6.999999999999995,372.0,48.64652805021577,403,186,0.0
1545,186,14,93.0,3.72,0.2799999999999998,93.0,6.999999999999995,372.0,48.64652805021577,403,186,0.0
1546,186,14,93.0,3.72,0.2799999999999998,93.0,6.999999999999995,372.0,48.64652805021577,403,186,0.0
1547,186,14,93.0,3.72,0.2799999999999998,93.0,6.999999999999995,372.0,48.64652805021577,403,186,0.0
1548,186,14,93.0,3.72,0.2799999999999998,93.0,6.999999999999995,372.0,48.64652805021577,403,186,0.0
1549,186,14,93.0,3.72,0.2799999999999998,93.0,6.999999999999995,372.0,48.64652805021577,403,186,0.0
1550,186,14,93.0,3.72,0.2799999999999998,93.0,6.999999999999995,372.0,48.64652805021577,403,186,0.0
1551,186,14,93.0,3.72,0.2799999999999998,93.0,6.999999999999995,372.0,48.64652805021577,403,186,0.0
1552,187,13,93.5,3.74,0.2599999999999998,93.5,6.499999999999995,374.0,48.90806852360402,404,187,2.0
1553,187,13,93.5,3.74,0.2599999999999998,93.5,6.499999999999995,374.0,48.90806852360402,404,187,0.0
1554,187,13,93.5,3.74,0.2599999999999998,93.5,6.499999999999995,374.0,48.90806852360402,404,187,0.0
1555,187,13,93.5,3.74,0.2599999999999998,93.5,6.499999999999995,374.0,48.90806852360402,404,187,0.0
1556,187,13,93.5,3.74,0.2599999999999998,93.5,6.499999999999995,374.0,48.90806852360402,404,187,0.0
1557,187,13,93.5,3.74,0.2599999999999998,93.5,6.499999999999995,374.0,48.90806852360402,404,187,0.0
1558,187,13,93.5,3.74,0.2599999999999998,93.5,6.499999999999995,374.0,48.90806852360402,404,187,0.0
1559,187,13,93.5,3.74,0.2599999999999998,93.5,6.499999999999995,374.0,48.90806852360402,404,187,0.0
1560,187,13,93.5,3.74,0.2599999999999998,93.5,6.499999999999995,374.0,48.90806852360402,404,187,0.0
1561,187,13,93.5,3.74,0.2599999999999998,93.5,6.499999999999995,374.0,48.90806852360402,404,187,0.0
1562,187,13,93.5,3.74,0.2599999999999998,93.5,6.499999999999995,374.0,48.90806852360402,404,187,0.0
1563,187,13,93.5,3.74,0.2599999999999998,93.5,6.499999999999995,374.0,48.90806852360402,404,187,0.0
1564,187,13,93.5,3.74,0.2599999999999998,93.5,6.499999999999995,374.0,48.90806852360402,405,187,0.0
1565,187,13,93.5,3.74,0.2599999999999998,93.5,6.499999999999995,374.0,48.90806852360402,406,187,0.0
1566,187,13,93.5,3.74,0.2599999999999998,93.5,6.499999999999995,374.0,48.90806852360402,407,187,0.0
1567,187,13,93.5,3.74,0.2599999999999998,93.5,6.499999999999995,374.0,48.90806852360402,407,187,0.0
1568,187,13,93.5,3.74,0.2599999999999998,93.5,6.499999999999995,374.0,48.90806852360402,407,187,0.0
1569,187,13,93.5,3.74,0.2599999999999998,93.5,6.499999999999995,374.0,48.90806852360402,408,187,0.0
1570,187,13,93.5,3.74,0.2599999999999998,93.5,6.499999999999995,374.0,48.90806852360402,409,187,0.0
1571,187,13,93.5,3.74,0.2599999999999998,93.5,6.499999999999995,374.0,48.90806852360402,409,187,0.0
1572,187,13,93.5,3.74,0.2599999999999998,93.5,6.499999999999995,374.0,48.90806852360402,409,187,0.0
1573,187,13,93.5,3.74,0.2599999999999998,93.5,6.499999999999995,374.0,48.90806852360402,410,187,0.0
1574,187,13,93.5,3.74,0.2599999999999998,93.5,6.499999999999995,374.0,48.90806852360402,410,187,0.0
1575,187,13,93.5,3.74,0.2599999999999998,93.5,6.499999999999995,374.0,48.90806852360402,410,187,0.0
1576,187,13,93.5,3.74,0.2599999999999998,93.5,6.499999999999995,374.0,48.90806852360402,410,187,0.0
1577,187,13,93.5,3.74,0.2599999999999998,93.5,6.499999999999995,374.0,48.90806852360402,410,187,0.0
1578,187,13,93.5,3.74,0.2599999999999998,93.5,6.499999999999995,374.0,48.90806852360402,410,187,0.0
1579,187,13,93.5,3.74,0.2599999999999998,93.5,6.499999999999995,374.0,48.90806852360402,410,187,0.0
1580,187,13,93.5,3.74,0.2599999999999998,93.5,6.499999999999995,374.0,48.90806852360402,410,187,0.0
1581,187,13,93.5,3.74,0.2599999999999998,93.5,6.499999999999995,374.0,48.90806852360402,410,187,0.0
1582,187,13,93.5,3.74,0.2599999999999998,93.5,6.499999999999995,374.0,48.90806852360402,410,187,0.0
1583,187,13,93.5,3.74,0.2599999999999998,93.5,6.499999999999995,374.0,48.90806852360402,410,187,0.0
1584,187,13,93.5,3.74,0.2599999999999998,93.5,6.499999999999995,374.0,48.90806852360402,410,187,0.0
1585,187,13,93.5,3.74,0.2599999999999998,93.5,6.499999999999995,374.0,48.90806852360402,410,187,0.0
1586,187,13,93.5,3.74,0.2599999999999998,93.5,6.499999999999995,374.0,48.90806852360402,410,187,0.0
1587,187,13,93.5,3.74,0.2599999999999998,93.5,6.499999999999995,374.0,48.90806852360402,410,187,0.0
1588,187,13,93.5,3.74,0.2599999999999998,93.5,6.499999999999995,374.0,48.90806852360402,410,187,0.0
1589,187,13,93.5,3.74,0.2599999999999998,93.5,6.499999999999995,374.0,48.90806852360402,410,187,0.0
1590,187,13,93.5,3.74,0.2599999999999998,93.5,6.499999999999995,374.0,48.90806852360402,410,187,0.0
1591,187,13,93.5,3.74,0.2599999999999998,93.5,6.499999999999995,374.0,48.90806852360402,410,187,0.0
1592,187,13,93.5,3.74,0.2599999999999998,93.5,6.499999999999995,374.0,48.90806852360402,410,187,0.0
1593,187,13,93.5,3.74,0.2599999999999998,93.5,6.499999999999995,374.0,48.90806852360402,410,187,0.0
1594,187,13,93.5,3.74,0.2599999999999998,93.5,6.499999999999995,374.0,48.90806852360402,410,187,0.0
1595,187,13,93.5,3.74,0.2599999999999998,93.5,6.499999999999995,374.0,48.90806852360402,410,187,0.0
1596,187,13,93.5,3.74,0.2599999999999998,93.5,6.499999999999995,374.0,48.90806852360402,410,187,0.0
1597,187,13,93.5,3.74,0.2599999999999998,93.5,6.499999999999995,374.0,48.90806852360402,410,187,0.0
1598,187,13,93.5,3.74,0.2599999999999998,93.5,6.499999999999995,374.0,48.90806852360402,410,187,0.0
1599,187,13,93.5,3.74,0.2599999999999998,93.5,6.499999999999995,374.0,48.90806852360402,410,187,0.0
1600,187,13,93.5,3.74,0.2599999999999998,93.5,6.499999999999995,374.0,48.90806852360402,410,187,0.0
1601,187,13,93.5,3.74,0.2599999999999998,93.5,6.499999999999995,374.0,48.90806852360402,410,187,0.0
1602,187,13,93.5,3.74,0.2599999999999998,93.5,6.499999999999995,374.0,48.90806852360402,410,187,0.0
1603,187,13,93.5,3.74,0.2599999999999998,93.5,6.499999999999995,374.0,48.90806852360402,410,187,0.0
1604,187,13,93.5,3.74,0.2599999999999998,93.5,6.499999999999995,374.0,48.90806852360402,410,187,0.0
1605,187,13,93.5,3.74,0.2599999999999998,93.5,6.499999999999995,374.0,48.90806852360402,410,187,0.0
1606,187,13,93.5,3.74,0.2599999999999998,93.5,6.499999999999995,374.0,48.90806852360402,410,187,0.0
1607,187,13,93.5,3.74,0.2599999999999998,93.5,6.499999999999995,374.0,48.90806852360402,410,187,0.0
1608,187,13,93.5,3.74,0.2599999999999998,93.5,6.499999999999995,374.0,48.90806852360402,410,187,0.0
1609,187,13,93.5,3.74,0.2599999999999998,93.5,6.499999999999995,374.0,48.90806852360402,410,187,0.0
1610,187,13,93.5,3.74,0.2599999999999998,93.5,6.499999999999995,374.0,48.90806852360402,410,187,0.0
1611,187,13,93.5,3.74,0.2599999999999998,93.5,6.499999999999995,374.0,48.90806852360402,410,187,0.0
1612,187,13,93.5,3.74,0.2599999999999998,93.5,6.499999999999995,374.0,48.90806852360402,410,187,0.0
1613,187,13,93.5,3.74,0.2599999999999998,93.5,6.499999999999995,374.0,48.90806852360402,410,187,0.0
1614,187,13,93.5,3.74,0.2599999999999998,93.5,6.499999999999995,374.0,48.90806852360402,410,187,0.0
1615,187,13,93.5,3.74,0.2599999999999998,93.5,6.499999999999995,374.0,48.90806852360402,410,187,0.0
1616,187,13,93.5,3.74,0.2599999999999998,93.5,6.499999999999995,374.0,48.90806852360402,410,187,0.0
1617,187,13,93.5,3.74,0.2599999999999998,93.5,6.499999999999995,374.0,48.90806852360402,410,187,0.0
1618,187,13,93.5,3.74,0.2599999999999998,93.5,6.499999999999995,374.0,48.90806852360402,410,187,0.0
1619,187,13,93.5,3.74,0.2599999999999998,93.5,6.499999999999995,374.0,48.90806852360402,410,187,0.0
1620,187,13,93.5,3.74,0.2599999999999998,93.5,6.499999999999995,374.0,48.90806852360402,410,187,0.0
1621,187,13,93.5,3.74,0.2599999999999998,93.5,6.499999999999995,374.0,48.90806852360402,410,187,0.0
1622,187,13,93.5,3.74,0.2599999999999998,93.5,6.499999999999995,374.0,48.90806852360402,410,187,0.0
1623,187,13,93.5,3.74,0.2599999999999998,93.5,6.499999999999995,374.0,48.90806852360402,410,187,0.0
1624,187,13,93.5,3.74,0.2599999999999998,93.5,6.499999999999995,374.0,48.90806852360402,410,187,0.0
1625,187,13,93.5,3.74,0.2599999999999998,93.5,6.499999999999995,374.0,48.90806852360402,410,187,0.0
1626,187,13,93.5,3.74,0.2599999999999998,93.5,6.499999999999995,374.0,48.90806852360402,410,187,0.0
1627,187,13,93.5,3.74,0.2599999999999998,93.5,6.499999999999995,374.0,48.90806852360402,410,187,0.0
1628,187,13,93.5,3.74,0.2599999999999998,93.5,6.499999999999995,374.0,48.90806852360402,410,187,0.0
1629,187,13,93.5,3.74,0.2599999999999998,93.5,6.499999999999995,374.0,48.90806852360402,410,187,0.0
1630,187,13,93.5,3.74,0.2599999999999998,93.5,6.499999999999995,374.0,48.90806852360402,410,187,0.0
1631,187,13,93.5,3.74,0.2599999999999998,93.5,6.499999999999995,374.0,48.90806852360402,410,187,0.0
1632,187,13,93.5,3.74,0.2599999999999998,93.5,6.499999999999995,374.0,48.90806852360402,410,187,0.0
1633,187,13,93.5,3.74,0.2599999999999998,93.5,6.499999999999995,374.0,48.90806852360402,410,187,0.0
1634,187,13,93.5,3.74,0.2599999999999998,93.5,6.499999999999995,374.0,48.90806852360402,410,187,0.0
1635,187,13,93.5,3.74,0.2599999999999998,93.5,6.499999999999995,374.0,48.90806852360402,410,187,0.0
1636,187,13,93.5,3.74,0.2599999999999998,93.5,6.499999999999995,374.0,48.90806852360402,410,187,0.0
1637,187,13,93.5,3.74,0.2599999999999998,93.5,6.499999999999995,374.0,48.90806852360402,410,187,0.0
1638,187,13,93.5,3.74,0.2599999999999998,93.5,6.499999999999995,374.0,48.90806852360402,410,187,0.0
1639,187,13,93.5,3.74,0.2599999999999998,93.5,6.499999999999995,374.0,48.90806852360402,410,187,0.0
1640,187,13,93.5,3.74,0.2599999999999998,93.5,6.499999999999995,374.0,48.90806852360402,410,187,0.0
1641,187,13,93.5,3.74,0.2599999999999998,93.5,6.499999999999995,374.0,48.90806852360402,410,187,0.0
1642,187,13,93.5,3.74,0.2599999999999998,93.5,6.499999999999995,374.0,48.90806852360402,410,187,0.0
1643,187,13,93.5,3.74,0.2599999999999998,93.5,6.499999999999995,374.0,48.90806852360402,410,187,0.0
1644,187,13,93.5,3.74,0.2599999999999998,93.5,6.499999999999995,374.0,48.90806852360402,410,187,0.0
1645,187,13,93.5,3.74,0.2599999999999998,93.5,6.499999999999995,374.0,48.90806852360402,410,187,0.0
1646,187,13,93.5,3.74,0.2599999999999998,93.5,6.499999999999995,374.0,48.90806852360402,410,187,0.0
1647,187,13,93.5,3.74,0.2599999999999998,93.5,6.499999999999995,374.0,48.90806852360402,410,187,0.0
1648,187,13,93.5,3.74,0.2599999999999998,93.5,6.499999999999995,374.0,48.90806852360402,410,187,0.0
1649,187,13,93.5,3.74,0.2599999999999998,93.5,6.499999999999995,374.0,48.90806852360402,410,187,0.0
1650,187,13,93.5,3.74,0.2599999999999998,93.5,6.499999999999995,374.0,48.90806852360402,410,187,0.0
1651,187,13,93.5,3.74,0.2599999999999998,93.5,6.499999999999995,374.0,48.90806852360402,410,187,0.0
1652,187,13,93.5,3.74,0.2599999999999998,93.5,6.499999999999995,374.0,48.90806852360402,410,187,0.0
1653,187,13,93.5,3.74,0.2599999999999998,93.5,6.499999999999995,374.0,48.90806852360402,410,187,0.0
1654,187,13,93.5,3.74,0.2599999999999998,93.5,6.499999999999995,374.0,48.90806852360402,410,187,0.0
1655,187,13,93.5,3.74,0.2599999999999998,93.5,6.499999999999995,374.0,48.90806852360402,410,187,0.0
1656,187,13,93.5,3.74,0.2599999999999998,93.5,6.499999999999995,374.0,48.90806852360402,410,187,0.0
1657,187,13,93.5,3.74,0.2599999999999998,93.5,6.499999999999995,374.0,48.90806852360402,410,187,0.0
1658,187,13,93.5,3.74,0.2599999999999998,93.5,6.499999999999995,374.0,48.90806852360402,410,187,0.0
1659,187,13,93.5,3.74,0.2599999999999998,93.5,6.499999999999995,374.0,48.90806852360402,410,187,0.0
1660,187,13,93.5,3.74,0.2599999999999998,93.5,6.499999999999995,374.0,48.90806852360402,410,187,0.0
1661,187,13,93.5,3.74,0.2599999999999998,93.5,6.499999999999995,374.0,48.90806852360402,410,187,0.0
1662,187,13,93.5,3.74,0.2599999999999998,93.5,6.499999999999995,374.0,48.90806852360402,410,187,0.0
1663,188,12,94.0,3.7600000000000002,0.23999999999999977,94.0,5.999999999999994,376.0,49.16960899699228,411,188,2.0
1664,188,12,94.0,3.7600000000000002,0.23999999999999977,94.0,5.999999999999994,376.0,49.16960899699228,411,188,0.0
1665,188,12,94.0,3.7600000000000002,0.23999999999999977,94.0,5.999999999999994,376.0,49.16960899699228,411,188,0.0
1666,188,12,94.0,3.7600000000000002,0.23999999999999977,94.0,5.999999999999994,376.0,49.16960899699228,411,188,0.0
1667,188,12,94.0,3.7600000000000002,0.23999999999999977,94.0,5.999999999999994,376.0,49.16960899699228,411,188,0.0
1668,188,12,94.0,3.7600000000000002,0.23999999999999977,94.0,5.999999999999994,376.0,49.16960899699228,411,188,0.0
1669,188,12,94.0,3.7600000000000002,0.23999999999999977,94.0,5.999999999999994,376.0,49.16960899699228,411,188,0.0
1670,188,12,94.0,3.7600000000000002,0.23999999999999977,94.0,5.999999999999994,376.0,49.16960899699228,412,188,0.0
1671,188,12,94.0,3.7600000000000002,0.23999999999999977,94.0,5.999999999999994,376.0,49.16960899699228,413,188,0.0
1672,188,12,94.0,3.7600000000000002,0.23999999999999977,94.0,5.999999999999994,376.0,49.16960899699228,414,188,0.0
1673,188,12,94.0,3.7600000000000002,0.23999999999999977,94.0,5.999999999999994,376.0,49.16960899699228,414,188,0.0
1674,188,12,94.0,3.7600000000000002,0.23999999999999977,94.0,5.999999999999994,376.0,49.16960899699228,414,188,0.0
1675,188,12,94.0,3.7600000000000002,0.23999999999999977,94.0,5.999999999999994,376.0,49.16960899699228,414,188,0.0
1676,188,12,94.0,3.7600000000000002,0.23999999999999977,94.0,5.999999999999994,376.0,49.16960899699228,414,188,0.0
1677,188,12,94.0,3.7600000000000002,0.23999999999999977,94.0,5.999999999999994,376.0,49.16960899699228,414,188,0.0
1678,188,12,94.0,3.7600000000000002,0.23999999999999977,94.0,5.999999999999994,376.0,49.16960899699228,414,188,0.0
1679,188,12,94.0,3.7600000000000002,0.23999999999999977,94.0,5.999999999999994,376.0,49.16960899699228,414,188,0.0
1680,188,12,94.0,3.7600000000000002,0.23999999999999977,94.0,5.999999999999994,376.0,49.16960899699228,414,188,0.0
1681,188,12,94.0,3.7600000000000002,0.23999999999999977,94.0,5.999999999999994,376.0,49.16960899699228,415,188,0.0
1682,188,12,94.0,3.7600000000000002,0.23999999999999977,94.0,5.999999999999994,376.0,49.16960899699228,415,188,0.0
1683,188,12,94.0,3.7600000000000002,0.23999999999999977,94.0,5.999999999999994,376.0,49.16960899699228,415,188,0.0
1684,188,12,94.0,3.7600000000000002,0.23999999999999977,94.0,5.999999999999994,376.0,49.16960899699228,415,188,0.0
1685,188,12,94.0,3.7600000000000002,0.23999999999999977,94.0,5.999999999999994,376.0,49.16960899699228,415,188,0.0
1686,188,12,94.0,3.7600000000000002,0.23999999999999977,94.0,5.999999999999994,376.0,49.16960899699228,415,188,0.0
1687,188,12,94.0,3.7600000000000002,0.23999999999999977,94.0,5.999999999999994,376.0,49.16960899699228,415,188,0.0
1688,188,12,94.0,3.7600000000000002,0.23999999999999977,94.0,5.999999999999994,376.0,49.16960899699228,415,188,0.0
1689,188,12,94.0,3.7600000000000002,0.23999999999999977,94.0,5.999999999999994,376.0,49.16960899699228,415,188,0.0
1690,188,12,94.0,3.7600000000000002,0.23999999999999977,94.0,5.999999999999994,376.0,49.16960899699228,415,188,0.0
1691,188,12,94.0,3.7600000000000002,0.23999999999999977,94.0,5.999999999999994,376.0,49.16960899699228,415,188,0.0
1692,188,12,94.0,3.7600000000000002,0.23999999999999977,94.0,5.999999999999994,376.0,49.16960899699228,415,188,0.0
1693,188,12,94.0,3.7600000000000002,0.23999999999999977,94.0,5.999999999999994,376.0,49.16960899699228,415,188,0.0
1694,188,12,94.0,3.7600000000000002,0.23999999999999977,94.0,5.999999999999994,376.0,49.16960899699228,415,188,0.0
1695,188,12,94.0,3.7600000000000002,0.23999999999999977,94.0,5.999999999999994,376.0,49.16960899699228,415,188,0.0
1696,188,12,94.0,3.7600000000000002,0.23999999999999977,94.0,5.999999999999994,376.0,49.16960899699228,415,188,0.0
1697,188,12,94.0,3.7600000000000002,0.23999999999999977,94.0,5.999999999999994,376.0,49.16960899699228,416,188,0.0
1698,188,12,94.0,3.7600000000000002,0.23999999999999977,94.0,5.999999999999994,376.0,49.16960899699228,417,188,0.0
1699,188,12,94.0,3.7600000000000002,0.23999999999999977,94.0,5.999999999999994,376.0,49.16960899699228,417,188,0.0
1700,188,12,94.0,3.7600000000000002,0.23999999999999977,94.0,5.999999999999994,376.0,49.16960899699228,418,188,0.0
1701,188,12,94.0,3.7600000000000002,0.23999999999999977,94.0,5.999999999999994,376.0,49.16960899699228,419,188,0.0
1702,188,12,94.0,3.7600000000000002,0.23999999999999977,94.0,5.999999999999994,376.0,49.16960899699228,420,188,0.0
1703,188,12,94.0,3.7600000000000002,0.23999999999999977,94.0,5.999999999999994,376.0,49.16960899699228,420,188,0.0
1704,188,12,94.0,3.7600000000000002,0.23999999999999977,94.0,5.999999999999994,376.0,49.16960899699228,420,188,0.0
1705,188,12,94.0,3.7600000000000002,0.23999999999999977,94.0,5.999999999999994,376.0,49.16960899699228,420,188,0.0
1706,188,12,94.0,3.7600000000000002,0.23999999999999977,94.0,5.999999999999994,376.0,49.16960899699228,420,188,0.0
1707,188,12,94.0,3.7600000000000002,0.23999999999999977,94.0,5.999999999999994,376.0,49.16960899699228,420,188,0.0
1708,188,12,94.0,3.7600000000000002,0.23999999999999977,94.0,5.999999999999994,376.0,49.16960899699228,420,188,0.0
1709,188,12,94.0,3.7600000000000002,0.23999999999999977,94.0,5.999999999999994,376.0,49.16960899699228,420,188,0.0
1710,188,12,94.0,3.7600000000000002,0.23999999999999977,94.0,5.999999999999994,376.0,49.16960899699228,420,188,0.0
1711,188,12,94.0,3.7600000000000002,0.23999999999999977,94.0,5.999999999999994,376.0,49.16960899699228,420,188,0.0
1712,188,12,94.0,3.7600000000000002,0.23999999999999977,94.0,5.999999999999994,376.0,49.16960899699228,420,188,0.0
1713,188,12,94.0,3.7600000000000002,0.23999999999999977,94.0,5.999999999999994,376.0,49.16960899699228,420,188,0.0
1714,188,12,94.0,3.7600000000000002,0.23999999999999977,94.0,5.999999999999994,376.0,49.16960899699228,420,188,0.0
1715,188,12,94.0,3.7600000000000002,0.23999999999999977,94.0,5.999999999999994,376.0,49.16960899699228,420,188,0.0
1716,188,12,94.0,3.7600000000000002,0.23999999999999977,94.0,5.999999999999994,376.0,49.16960899699228,420,188,0.0
1717,188,12,94.0,3.7600000000000002,0.23999999999999977,94.0,5.999999999999994,376.0,49.16960899699228,420,188,0.0
1718,188,12,94.0,3.7600000000000002,0.23999999999999977,94.0,5.999999999999994,376.0,49.16960899699228,420,188,0.0
1719,188,12,94.0,3.7600000000000002,0.23999999999999977,94.0,5.999999999999994,376.0,49.16960899699228,420,188,0.0
1720,188,12,94.0,3.7600000000000002,0.23999999999999977,94.0,5.999999999999994,376.0,49.16960899699228,420,188,0.0
1721,188,12,94.0,3.7600000000000002,0.23999999999999977,94.0,5.999999999999994,376.0,49.16960899699228,420,188,0.0
1722,188,12,94.0,3.7600000000000002,0.23999999999999977,94.0,5.999999999999994,376.0,49.16960899699228,420,188,0.0
1723,188,12,94.0,3.7600000000000002,0.23999999999999977,94.0,5.999999999999994,376.0,49.16960899699228,420,188,0.0
1724,188,12,94.0,3.7600000000000002,0.23999999999999977,94.0,5.999999999999994,376.0,49.16960899699228,420,188,0.0
1725,188,12,94.0,3.7600000000000002,0.23999999999999977,94.0,5.999999999999994,376.0,49.16960899699228,420,188,0.0
1726,188,12,94.0,3.7600000000000002,0.23999999999999977,94.0,5.999999999999994,376.0,49.16960899699228,420,188,0.0
1727,188,12,94.0,3.7600000000000002,0.23999999999999977,94.0,5.999999999999994,376.0,49.16960899699228,420,188,0.0
1728,188,12,94.0,3.7600000000000002,0.23999999999999977,94.0,5.999999999999994,376.0,49.16960899699228,420,188,0.0
1729,188,12,94.0,3.7600000000000002,0.23999999999999977,94.0,5.999999999999994,376.0,49.16960899699228,420,188,0.0
1730,188,12,94.0,3.7600000000000002,0.23999999999999977,94.0,5.999999999999994,376.0,49.16960899699228,420,188,0.0
1731,188,12,94.0,3.7600000000000002,0.23999999999999977,94.0,5.999999999999994,376.0,49.16960899699228,420,188,0.0
1732,188,12,94.0,3.7600000000000002,0.23999999999999977,94.0,5.999999999999994,376.0,49.16960899699228,420,188,0.0
1733,188,12,94.0,3.7600000000000002,0.23999999999999977,94.0,5.999999999999994,376.0,49.16960899699228,420,188,0.0
1734,188,12,94.0,3.7600000000000002,0.23999999999999977,94.0,5.999999999999994,376.0,49.16960899699228,420,188,0.0
1735,188,12,94.0,3.7600000000000002,0.23999999999999977,94.0,5.999999999999994,376.0,49.16960899699228,420,188,0.0
1736,188,12,94.0,3.7600000000000002,0.23999999999999977,94.0,5.999999999999994,376.0,49.16960899699228,420,188,0.0
1737,188,12,94.0,3.7600000000000002,0.23999999999999977,94.0,5.999999999999994,376.0,49.16960899699228,420,188,0.0
1738,188,12,94.0,3.7600000000000002,0.23999999999999977,94.0,5.999999999999994,376.0,49.16960899699228,420,188,0.0
1739,188,12,94.0,3.7600000000000002,0.23999999999999977,94.0,5.999999999999994,376.0,49.16960899699228,420,188,0.0
1740,188,12,94.0,3.7600000000000002,0.23999999999999977,94.0,5.999999999999994,376.0,49.16960899699228,420,188,0.0
1741,188,12,94.0,3.7600000000000002,0.23999999999999977,94.0,5.999999999999994,376.0,49.16960899699228,420,188,0.0
1742,188,12,94.0,3.7600000000000002,0.23999999999999977,94.0,5.999999999999994,376.0,49.16960899699228,420,188,0.0
1743,188,12,94.0,3.7600000000000002,0.23999999999999977,94.0,5.999999999999994,376.0,49.16960899699228,420,188,0.0
1744,188,12,94.0,3.7600000000000002,0.23999999999999977,94.0,5.999999999999994,376.0,49.16960899699228,420,188,0.0
1745,188,12,94.0,3.7600000000000002,0.23999999999999977,94.0,5.999999999999994,376.0,49.16960899699228,420,188,0.0
1746,188,12,94.0,3.7600000000000002,0.23999999999999977,94.0,5.999999999999994,376.0,49.16960899699228,420,188,0.0
1747,188,12,94.0,3.7600000000000002,0.23999999999999977,94.0,5.999999999999994,376.0,49.16960899699228,420,188,0.0
1748,188,12,94.0,3.7600000000000002,0.23999999999999977,94.0,5.999999999999994,376.0,49.16960899699228,420,188,0.0
1749,188,12,94.0,3.7600000000000002,0.23999999999999977,94.0,5.999999999999994,376.0,49.16960899699228,420,188,0.0
1750,188,12,94.0,3.7600000000000002,0.23999999999999977,94.0,5.999999999999994,376.0,49.16960899699228,420,188,0.0
1751,188,12,94.0,3.7600000000000002,0.23999999999999977,94.0,5.999999999999994,376.0,49.16960899699228,420,188,0.0
1752,188,12,94.0,3.7600000000000002,0.23999999999999977,94.0,5.999999999999994,376.0,49.16960899699228,420,188,0.0
1753,188,12,94.0,3.7600000000000002,0.23999999999999977,94.0,5.999999999999994,376.0,49.16960899699228,420,188,0.0
1754,188,12,94.0,3.7600000000000002,0.23999999999999977,94.0,5.999999999999994,376.0,49.16960899699228,420,188,0.0
1755,188,12,94.0,3.7600000000000002,0.23999999999999977,94.0,5.999999999999994,376.0,49.16960899699228,420,188,0.0
1756,189,11,94.5,3.7800000000000002,0.21999999999999975,94.5,5.499999999999994,378.0,49.43114947038054,421,189,2.0
1757,190,10,95.0,3.8000000000000003,0.19999999999999973,95.0,4.999999999999993,380.0,49.6926899437688,422,190,2.0
1758,190,10,95.0,3.8000000000000003,0.19999999999999973,95.0,4.999999999999993,380.0,49.6926899437688,422,190,0.0
1759,190,10,95.0,3.8000000000000003,0.19999999999999973,95.0,4.999999999999993,380.0,49.6926899437688,422,190,0.0
1760,190,10,95.0,3.8000000000000003,0.19999999999999973,95.0,4.999999999999993,380.0,49.6926899437688,422,190,0.0
1761,190,10,95.0,3.8000000000000003,0.19999999999999973,95.0,4.999999999999993,380.0,49.6926899437688,422,190,0.0
1762,190,10,95.0,3.8000000000000003,0.19999999999999973,95.0,4.999999999999993,380.0,49.6926899437688,422,190,0.0
1763,190,10,95.0,3.8000000000000003,0.19999999999999973,95.0,4.999999999999993,380.0,49.6926899437688,422,190,0.0
1764,190,10,95.0,3.8000000000000003,0.19999999999999973,95.0,4.999999999999993,380.0,49.6926899437688,422,190,0.0
1765,190,10,95.0,3.8000000000000003,0.19999999999999973,95.0,4.999999999999993,380.0,49.6926899437688,422,190,0.0
1766,190,10,95.0,3.8000000000000003,0.19999999999999973,95.0,4.999999999999993,380.0,49.6926899437688,422,190,0.0
1767,190,10,95.0,3.8000000000000003,0.19999999999999973,95.0,4.999999999999993,380.0,49.6926899437688,422,190,0.0
1768,190,10,95.0,3.8000000000000003,0.19999999999999973,95.0,4.999999999999993,380.0,49.6926899437688,422,190,0.0
1769,190,10,95.0,3.8000000000000003,0.19999999999999973,95.0,4.999999999999993,380.0,49.6926899437688,422,190,0.0
1770,190,10,95.0,3.8000000000000003,0.19999999999999973,95.0,4.999999999999993,380.0,49.6926899437688,422,190,0.0
1771,190,10,95.0,3.8000000000000003,0.19999999999999973,95.0,4.999999999999993,380.0,49.6926899437688,422,190,0.0
1772,190,10,95.0,3.8000000000000003,0.19999999999999973,95.0,4.999999999999993,380.0,49.6926899437688,422,190,0.0
1773,190,10,95.0,3.8000000000000003,0.19999999999999973,95.0,4.999999999999993,380.0,49.6926899437688,422,190,0.0
1774,190,10,95.0,3.8000000000000003,0.19999999999999973,95.0,4.999999999999993,380.0,49.6926899437688,422,190,0.0
1775,190,10,95.0,3.8000000000000003,0.19999999999999973,95.0,4.999999999999993,380.0,49.6926899437688,422,190,0.0
1776,190,10,95.0,3.8000000000000003,0.19999999999999973,95.0,4.999999999999993,380.0,49.6926899437688,422,190,0.0
1777,190,10,95.0,3.8000000000000003,0.19999999999999973,95.0,4.999999999999993,380.0,49.6926899437688,422,190,0.0
1778,190,10,95.0,3.8000000000000003,0.19999999999999973,95.0,4.999999999999993,380.0,49.6926899437688,422,190,0.0
1779,190,10,95.0,3.8000000000000003,0.19999999999999973,95.0,4.999999999999993,380.0,49.6926899437688,422,190,0.0
1780,190,10,95.0,3.8000000000000003,0.19999999999999973,95.0,4.999999999999993,380.0,49.6926899437688,422,190,0.0
1781,190,10,95.0,3.8000000000000003,0.19999999999999973,95.0,4.999999999999993,380.0,49.6926899437688,422,190,0.0
1782,190,10,95.0,3.8000000000000003,0.19999999999999973,95.0,4.999999999999993,380.0,49.6926899437688,422,190,0.0
1783,190,10,95.0,3.8000000000000003,0.19999999999999973,95.0,4.999999999999993,380.0,49.6926899437688,422,190,0.0
1784,190,10,95.0,3.8000000000000003,0.19999999999999973,95.0,4.999999999999993,380.0,49.6926899437688,422,190,0.0
1785,190,10,95.0,3.8000000000000003,0.19999999999999973,95.0,4.999999999999993,380.0,49.6926899437688,422,190,0.0
1786,190,10,95.0,3.8000000000000003,0.19999999999999973,95.0,4.999999999999993,380.0,49.6926899437688,422,190,0.0
1787,190,10,95.0,3.8000000000000003,0.19999999999999973,95.0,4.999999999999993,380.0,49.6926899437688,422,190,0.0
1788,190,10,95.0,3.8000000000000003,0.19999999999999973,95.0,4.999999999999993,380.0,49.6926899437688,422,190,0.0
1789,190,10,95.0,3.8000000000000003,0.19999999999999973,95.0,4.999999999999993,380.0,49.6926899437688,422,190,0.0
1790,190,10,95.0,3.8000000000000003,0.19999999999999973,95.0,4.999999999999993,380.0,49.6926899437688,422,190,0.0
1791,190,10,95.0,3.8000000000000003,0.19999999999999973,95.0,4.999999999999993,380.0,49.6926899437688,422,190,0.0
1792,190,10,95.0,3.8000000000000003,0.19999999999999973,95.0,4.999999999999993,380.0,49.6926899437688,422,190,0.0
1793,190,10,95.0,3.8000000000000003,0.19999999999999973,95.0,4.999999999999993,380.0,49.6926899437688,422,190,0.0
1794,190,10,95.0,3.8000000000000003,0.19999999999999973,95.0,4.999999999999993,380.0,49.6926899437688,422,190,0.0
1795,190,10,95.0,3.8000000000000003,0.19999999999999973,95.0,4.999999999999993,380.0,49.6926899437688,422,190,0.0
1796,190,10,95.0,3.8000000000000003,0.19999999999999973,95.0,4.999999999999993,380.0,49.6926899437688,422,190,0.0
1797,190,10,95.0,3.8000000000000003,0.19999999999999973,95.0,4.999999999999993,380.0,49.6926899437688,422,190,0.0
1798,190,10,95.0,3.8000000000000003,0.19999999999999973,95.0,4.999999999999993,380.0,49.6926899437688,422,190,0.0
1799,190,10,95.0,3.8000000000000003,0.19999999999999973,95.0,4.999999999999993,380.0,49.6926899437688,422,190,0.0
1800,190,10,95.0,3.8000000000000003,0.19999999999999973,95.0,4.999999999999993,380.0,49.6926899437688,422,190,0.0
1801,190,10,95.0,3.8000000000000003,0.19999999999999973,95.0,4.999999999999993,380.0,49.6926899437688,422,190,0.0
1802,190,10,95.0,3.8000000000000003,0.19999999999999973,95.0,4.999999999999993,380.0,49.6926899437688,422,190,0.0
1803,190,10,95.0,3.8000000000000003,0.19999999999999973,95.0,4.999999999999993,380.0,49.6926899437688,422,190,0.0
1804,190,10,95.0,3.8000000000000003,0.19999999999999973,95.0,4.999999999999993,380.0,49.6926899437688,422,190,0.0
1805,190,10,95.0,3.8000000000000003,0.19999999999999973,95.0,4.999999999999993,380.0,49.6926899437688,422,190,0.0
1806,190,10,95.0,3.8000000000000003,0.19999999999999973,95.0,4.999999999999993,380.0,49.6926899437688,422,190,0.0
1807,190,10,95.0,3.8000000000000003,0.19999999999999973,95.0,4.999999999999993,380.0,49.6926899437688,422,190,0.0
1808,190,10,95.0,3.8000000000000003,0.19999999999999973,95.0,4.999999999999993,380.0,49.6926899437688,422,190,0.0
1809,190,10,95.0,3.8000000000000003,0.19999999999999973,95.0,4.999999999999993,380.0,49.6926899437688,422,190,0.0
1810,190,10,95.0,3.8000000000000003,0.19999999999999973,95.0,4.999999999999993,380.0,49.6926899437688,422,190,0.0
1811,190,10,95.0,3.8000000000000003,0.19999999999999973,95.0,4.999999999999993,380.0,49.6926899437688,422,190,0.0
1812,190,10,95.0,3.8000000000000003,0.19999999999999973,95.0,4.999999999999993,380.0,49.6926899437688,422,190,0.0
1813,190,10,95.0,3.8000000000000003,0.19999999999999973,95.0,4.999999999999993,380.0,49.6926899437688,422,190,0.0
1814,190,10,95.0,3.8000000000000003,0.19999999999999973,95.0,4.999999999999993,380.0,49.6926899437688,422,190,0.0
1815,190,10,95.0,3.8000000000000003,0.19999999999999973,95.0,4.999999999999993,380.0,49.6926899437688,422,190,0.0
1816,190,10,95.0,3.8000000000000003,0.19999999999999973,95.0,4.999999999999993,380.0,49.6926899437688,422,190,0.0
1817,190,10,95.0,3.8000000000000003,0.19999999999999973,95.0,4.999999999999993,380.0,49.6926899437688,422,190,0.0
1818,190,10,95.0,3.8000000000000003,0.19999999999999973,95.0,4.999999999999993,380.0,49.6926899437688,422,190,0.0
1819,190,10,95.0,3.8000000000000003,0.19999999999999973,95.0,4.999999999999993,380.0,49.6926899437688,422,190,0.0
1820,190,10,95.0,3.8000000000000003,0.19999999999999973,95.0,4.999999999999993,380.0,49.6926899437688,422,190,0.0
1821,190,10,95.0,3.8000000000000003,0.19999999999999973,95.0,4.999999999999993,380.0,49.6926899437688,422,190,0.0
1822,190,10,95.0,3.8000000000000003,0.19999999999999973,95.0,4.999999999999993,380.0,49.6926899437688,422,190,0.0
1823,190,10,95.0,3.8000000000000003,0.19999999999999973,95.0,4.999999999999993,380.0,49.6926899437688,422,190,0.0
1824,190,10,95.0,3.8000000000000003,0.19999999999999973,95.0,4.999999999999993,380.0,49.6926899437688,422,190,0.0
1825,190,10,95.0,3.8000000000000003,0.19999999999999973,95.0,4.999999999999993,380.0,49.6926899437688,422,190,0.0
1826,190,10,95.0,3.8000000000000003,0.19999999999999973,95.0,4.999999999999993,380.0,49.6926899437688,422,190,0.0
1827,190,10,95.0,3.8000000000000003,0.19999999999999973,95.0,4.999999999999993,380.0,49.6926899437688,422,190,0.0
1828,190,10,95.0,3.8000000000000003,0.19999999999999973,95.0,4.999999999999993,380.0,49.6926899437688,422,190,0.0
1829,190,10,95.0,3.8000000000000003,0.19999999999999973,95.0,4.999999999999993,380.0,49.6926899437688,422,190,0.0
1830,190,10,95.0,3.8000000000000003,0.19999999999999973,95.0,4.999999999999993,380.0,49.6926899437688,422,190,0.0
1831,190,10,95.0,3.8000000000000003,0.19999999999999973,95.0,4.999999999999993,380.0,49.6926899437688,422,190,0.0
1832,190,10,95.0,3.8000000000000003,0.19999999999999973,95.0,4.999999999999993,380.0,49.6926899437688,422,190,0.0
1833,190,10,95.0,3.8000000000000003,0.19999999999999973,95.0,4.999999999999993,380.0,49.6926899437688,422,190,0.0
1834,190,10,95.0,3.8000000000000003,0.19999999999999973,95.0,4.999999999999993,380.0,49.6926899437688,422,190,0.0
1835,190,10,95.0,3.8000000000000003,0.19999999999999973,95.0,4.999999999999993,380.0,49.6926899437688,422,190,0.0
1836,190,10,95.0,3.8000000000000003,0.19999999999999973,95.0,4.999999999999993,380.0,49.6926899437688,422,190,0.0
1837,190,10,95.0,3.8000000000000003,0.19999999999999973,95.0,4.999999999999993,380.0,49.6926899437688,422,190,0.0
1838,190,10,95.0,3.8000000000000003,0.19999999999999973,95.0,4.999999999999993,380.0,49.6926899437688,422,190,0.0
1839,190,10,95.0,3.8000000000000003,0.19999999999999973,95.0,4.999999999999993,380.0,49.6926899437688,422,190,0.0
1840,190,10,95.0,3.8000000000000003,0.19999999999999973,95.0,4.999999999999993,380.0,49.6926899437688,422,190,0.0
1841,190,10,95.0,3.8000000000000003,0.19999999999999973,95.0,4.999999999999993,380.0,49.6926899437688,422,190,0.0
1842,190,10,95.0,3.8000000000000003,0.19999999999999973,95.0,4.999999999999993,380.0,49.6926899437688,422,190,0.0
1843,190,10,95.0,3.8000000000000003,0.19999999999999973,95.0,4.999999999999993,380.0,49.6926899437688,422,190,0.0
1844,190,10,95.0,3.8000000000000003,0.19999999999999973,95.0,4.999999999999993,380.0,49.6926899437688,422,190,0.0
1845,190,10,95.0,3.8000000000000003,0.19999999999999973,95.0,4.999999999999993,380.0,49.6926899437688,422,190,0.0
1846,190,10,95.0,3.8000000000000003,0.19999999999999973,95.0,4.999999999999993,380.0,49.6926899437688,422,190,0.0
1847,190,10,95.0,3.8000000000000003,0.19999999999999973,95.0,4.999999999999993,380.0,49.6926899437688,422,190,0.0
1848,190,10,95.0,3.8000000000000003,0.19999999999999973,95.0,4.999999999999993,380.0,49.6926899437688,422,190,0.0
1849,190,10,95.0,3.8000000000000003,0.19999999999999973,95.0,4.999999999999993,380.0,49.6926899437688,422,190,0.0
1850,190,10,95.0,3.8000000000000003,0.19999999999999973,95.0,4.999999999999993,380.0,49.6926899437688,422,190,0.0
1851,190,10,95.0,3.8000000000000003,0.19999999999999973,95.0,4.999999999999993,380.0,49.6926899437688,422,190,0.0
1852,190,10,95.0,3.8000000000000003,0.19999999999999973,95.0,4.999999999999993,380.0,49.6926899437688,422,190,0.0
1853,190,10,95.0,3.8000000000000003,0.19999999999999973,95.0,4.999999999999993,380.0,49.6926899437688,422,190,0.0
1854,190,10,95.0,3.8000000000000003,0.19999999999999973,95.0,4.999999999999993,380.0,49.6926899437688,422,190,0.0
1855,190,10,95.0,3.8000000000000003,0.19999999999999973,95.0,4.999999999999993,380.0,49.6926899437688,422,190,0.0
1856,190,10,95.0,3.8000000000000003,0.19999999999999973,95.0,4.999999999999993,380.0,49.6926899437688,422,190,0.0
1857,190,10,95.0,3.8000000000000003,0.19999999999999973,95.0,4.999999999999993,380.0,49.6926899437688,422,190,0.0
1858,190,10,95.0,3.8000000000000003,0.19999999999999973,95.0,4.999999999999993,380.0,49.6926899437688,422,190,0.0
1859,190,10,95.0,3.8000000000000003,0.19999999999999973,95.0,4.999999999999993,380.0,49.6926899437688,422,190,0.0
1860,190,10,95.0,3.8000000000000003,0.19999999999999973,95.0,4.999999999999993,380.0,49.6926899437688,422,190,0.0
1861,190,10,95.0,3.8000000000000003,0.19999999999999973,95.0,4.999999999999993,380.0,49.6926899437688,422,190,0.0
1862,190,10,95.0,3.8000000000000003,0.19999999999999973,95.0,4.999999999999993,380.0,49.6926899437688,422,190,0.0
1863,190,10,95.0,3.8000000000000003,0.19999999999999973,95.0,4.999999999999993,380.0,49.6926899437688,422,190,0.0
1864,190,10,95.0,3.8000000000000003,0.19999999999999973,95.0,4.999999999999993,380.0,49.6926899437688,422,190,0.0
1865,190,10,95.0,3.8000000000000003,0.19999999999999973,95.0,4.999999999999993,380.0,49.6926899437688,422,190,0.0
1866,190,10,95.0,3.8000000000000003,0.19999999999999973,95.0,4.999999999999993,380.0,49.6926899437688,422,190,0.0
1867,190,10,95.0,3.8000000000000003,0.19999999999999973,95.0,4.999999999999993,380.0,49.6926899437688,422,190,0.0
1868,190,10,95.0,3.8000000000000003,0.19999999999999973,95.0,4.999999999999993,380.0,49.6926899437688,422,190,0.0
1869,190,10,95.0,3.8000000000000003,0.19999999999999973,95.0,4.999999999999993,380.0,49.6926899437688,422,190,0.0
1870,190,10,95.0,3.8000000000000003,0.19999999999999973,95.0,4.999999999999993,380.0,49.6926899437688,422,190,0.0
1871,190,10,95.0,3.8000000000000003,0.19999999999999973,95.0,4.999999999999993,380.0,49.6926899437688,422,190,0.0
1872,190,10,95.0,3.8000000000000003,0.19999999999999973,95.0,4.999999999999993,380.0,49.6926899437688,422,190,0.0
1873,190,10,95.0,3.8000000000000003,0.19999999999999973,95.0,4.999999999999993,380.0,49.6926899437688,422,190,0.0
1874,190,10,95.0,3.8000000000000003,0.19999999999999973,95.0,4.999999999999993,380.0,49.6926899437688,422,190,0.0
1875,190,10,95.0,3.8000000000000003,0.19999999999999973,95.0,4.999999999999993,380.0,49.6926899437688,422,190,0.0
1876,190,10,95.0,3.8000000000000003,0.19999999999999973,95.0,4.999999999999993,380.0,49.6926899437688,422,190,0.0
1877,190,10,95.0,3.8000000000000003,0.19999999999999973,95.0,4.999999999999993,380.0,49.6926899437688,422,190,0.0
1878,190,10,95.0,3.8000000000000003,0.19999999999999973,95.0,4.999999999999993,380.0,49.6926899437688,422,190,0.0
1879,190,10,95.0,3.8000000000000003,0.19999999999999973,95.0,4.999999999999993,380.0,49.6926899437688,422,190,0.0
1880,190,10,95.0,3.8000000000000003,0.19999999999999973,95.0,4.999999999999993,380.0,49.6926899437688,422,190,0.0
1881,190,10,95.0,3.8000000000000003,0.19999999999999973,95.0,4.999999999999993,380.0,49.6926899437688,422,190,0.0
1882,190,10,95.0,3.8000000000000003,0.19999999999999973,95.0,4.999999999999993,380.0,49.6926899437688,422,190,0.0
1883,190,10,95.0,3.8000000000000003,0.19999999999999973,95.0,4.999999999999993,380.0,49.6926899437688,422,190,0.0
1884,190,10,95.0,3.8000000000000003,0.19999999999999973,95.0,4.999999999999993,380.0,49.6926899437688,422,190,0.0
1885,190,10,95.0,3.8000000000000003,0.19999999999999973,95.0,4.999999999999993,380.0,49.6926899437688,422,190,0.0
1886,190,10,95.0,3.8000000000000003,0.19999999999999973,95.0,4.999999999999993,380.0,49.6926899437688,422,190,0.0
1887,190,10,95.0,3.8000000000000003,0.19999999999999973,95.0,4.999999999999993,380.0,49.6926899437688,422,190,0.0
1888,190,10,95.0,3.8000000000000003,0.19999999999999973,95.0,4.999999999999993,380.0,49.6926899437688,422,190,0.0
1889,190,10,95.0,3.8000000000000003,0.19999999999999973,95.0,4.999999999999993,380.0,49.6926899437688,422,190,0.0
1890,190,10,95.0,3.8000000000000003,0.19999999999999973,95.0,4.999999999999993,380.0,49.6926899437688,422,190,0.0
1891,190,10,95.0,3.8000000000000003,0.19999999999999973,95.0,4.999999999999993,380.0,49.6926899437688,422,190,0.0
1892,190,10,95.0,3.8000000000000003,0.19999999999999973,95.0,4.999999999999993,380.0,49.6926899437688,422,190,0.0
1893,190,10,95.0,3.8000000000000003,0.19999999999999973,95.0,4.999999999999993,380.0,49.6926899437688,422,190,0.0
1894,190,10,95.0,3.8000000000000003,0.19999999999999973,95.0,4.999999999999993,380.0,49.6926899437688,422,190,0.0
1895,190,10,95.0,3.8000000000000003,0.19999999999999973,95.0,4.999999999999993,380.0,49.6926899437688,422,190,0.0
1896,190,10,95.0,3.8000000000000003,0.19999999999999973,95.0,4.999999999999993,380.0,49.6926899437688,422,190,0.0
1897,190,10,95.0,3.8000000000000003,0.19999999999999973,95.0,4.999999999999993,380.0,49.6926899437688,422,190,0.0
1898,190,10,95.0,3.8000000000000003,0.19999999999999973,95.0,4.999999999999993,380.0,49.6926899437688,422,190,0.0
1899,190,10,95.0,3.8000000000000003,0.19999999999999973,95.0,4.999999999999993,380.0,49.6926899437688,422,190,0.0
1900,190,10,95.0,3.8000000000000003,0.19999999999999973,95.0,4.999999999999993,380.0,49.6926899437688,422,190,0.0
1901,190,10,95.0,3.8000000000000003,0.19999999999999973,95.0,4.999999999999993,380.0,49.6926899437688,422,190,0.0
1902,190,10,95.0,3.8000000000000003,0.19999999999999973,95.0,4.999999999999993,380.0,49.6926899437688,422,190,0.0
1903,190,10,95.0,3.8000000000000003,0.19999999999999973,95.0,4.999999999999993,380.0,49.6926899437688,422,190,0.0
1904,190,10,95.0,3.8000000000000003,0.19999999999999973,95.0,4.999999999999993,380.0,49.6926899437688,422,190,0.0
1905,190,10,95.0,3.8000000000000003,0.19999999999999973,95.0,4.999999999999993,380.0,49.6926899437688,422,190,0.0
1906,190,10,95.0,3.8000000000000003,0.19999999999999973,95.0,4.999999999999993,380.0,49.6926899437688,422,190,0.0
1907,190,10,95.0,3.8000000000000003,0.19999999999999973,95.0,4.999999999999993,380.0,49.6926899437688,422,190,0.0
1908,190,10,95.0,3.8000000000000003,0.19999999999999973,95.0,4.999999999999993,380.0,49.6926899437688,422,190,0.0
1909,190,10,95.0,3.8000000000000003,0.19999999999999973,95.0,4.999999999999993,380.0,49.6926899437688,422,190,0.0
1910,190,10,95.0,3.8000000000000003,0.19999999999999973,95.0,4.999999999999993,380.0,49.6926899437688,422,190,0.0
1911,190,10,95.0,3.8000000000000003,0.19999999999999973,95.0,4.999999999999993,380.0,49.6926899437688,422,190,0.0
1912,190,10,95.0,3.8000000000000003,0.19999999999999973,95.0,4.999999999999993,380.0,49.6926899437688,422,190,0.0
1913,190,10,95.0,3.8000000000000003,0.19999999999999973,95.0,4.999999999999993,380.0,49.6926899437688,422,190,0.0
1914,190,10,95.0,3.8000000000000003,0.19999999999999973,95.0,4.999999999999993,380.0,49.6926899437688,422,190,0.0
1915,190,10,95.0,3.8000000000000003,0.19999999999999973,95.0,4.999999999999993,380.0,49.6926899437688,422,190,0.0
1916,190,10,95.0,3.8000000000000003,0.19999999999999973,95.0,4.999999999999993,380.0,49.6926899437688,422,190,0.0
1917,190,10,95.0,3.8000000000000003,0.19999999999999973,95.0,4.999999999999993,380.0,49.6926899437688,422,190,0.0
1918,190,10,95.0,3.8000000000000003,0.19999999999999973,95.0,4.999999999999993,380.0,49.6926899437688,422,190,0.0
1919,190,10,95.0,3.8000000000000003,0.19999999999999973,95.0,4.999999999999993,380.0,49.6926899437688,422,190,0.0
1920,190,10,95.0,3.8000000000000003,0.19999999999999973,95.0,4.999999999999993,380.0,49.6926899437688,422,190,0.0
1921,190,10,95.0,3.8000000000000003,0.19999999999999973,95.0,4.999999999999993,380.0,49.6926899437688,422,190,0.0
1922,190,10,95.0,3.8000000000000003,0.19999999999999973,95.0,4.999999999999993,380.0,49.6926899437688,422,190,0.0
1923,190,10,95.0,3.8000000000000003,0.19999999999999973,95.0,4.999999999999993,380.0,49.6926899437688,422,190,0.0
1924,190,10,95.0,3.8000000000000003,0.19999999999999973,95.0,4.999999999999993,380.0,49.6926899437688,422,190,0.0
1925,190,10,95.0,3.8000000000000003,0.19999999999999973,95.0,4.999999999999993,380.0,49.6926899437688,422,190,0.0
1926,190,10,95.0,3.8000000000000003,0.19999999999999973,95.0,4.999999999999993,380.0,49.6926899437688,422,190,0.0
1927,190,10,95.0,3.8000000000000003,0.19999999999999973,95.0,4.999999999999993,380.0,49.6926899437688,422,190,0.0
1928,190,10,95.0,3.8000000000000003,0.19999999999999973,95.0,4.999999999999993,380.0,49.6926899437688,422,190,0.0
1929,190,10,95.0,3.8000000000000003,0.19999999999999973,95.0,4.999999999999993,380.0,49.6926899437688,422,190,0.0
1930,190,10,95.0,3.8000000000000003,0.19999999999999973,95.0,4.999999999999993,380.0,49.6926899437688,422,190,0.0
1931,190,10,95.0,3.8000000000000003,0.19999999999999973,95.0,4.999999999999993,380.0,49.6926899437688,422,190,0.0
1932,190,10,95.0,3.8000000000000003,0.19999999999999973,95.0,4.999999999999993,380.0,49.6926899437688,422,190,0.0
1933,190,10,95.0,3.8000000000000003,0.19999999999999973,95.0,4.999999999999993,380.0,49.6926899437688,422,190,0.0
1934,190,10,95.0,3.8000000000000003,0.19999999999999973,95.0,4.999999999999993,380.0,49.6926899437688,422,190,0.0
1935,190,10,95.0,3.8000000000000003,0.19999999999999973,95.0,4.999999999999993,380.0,49.6926899437688,422,190,0.0
1936,190,10,95.0,3.8000000000000003,0.19999999999999973,95.0,4.999999999999993,380.0,49.6926899437688,422,190,0.0
1937,190,10,95.0,3.8000000000000003,0.19999999999999973,95.0,4.999999999999993,380.0,49.6926899437688,422,190,0.0
1938,190,10,95.0,3.8000000000000003,0.19999999999999973,95.0,4.999999999999993,380.0,49.6926899437688,422,190,0.0
1939,190,10,95.0,3.8000000000000003,0.19999999999999973,95.0,4.999999999999993,380.0,49.6926899437688,422,190,0.0
1940,190,10,95.0,3.8000000000000003,0.19999999999999973,95.0,4.999999999999993,380.0,49.6926899437688,422,190,0.0
1941,190,10,95.0,3.8000000000000003,0.19999999999999973,95.0,4.999999999999993,380.0,49.6926899437688,422,190,0.0
1942,190,10,95.0,3.8000000000000003,0.19999999999999973,95.0,4.999999999999993,380.0,49.6926899437688,422,190,0.0
1943,190,10,95.0,3.8000000000000003,0.19999999999999973,95.0,4.999999999999993,380.0,49.6926899437688,422,190,0.0
1944,190,10,95.0,3.8000000000000003,0.19999999999999973,95.0,4.999999999999993,380.0,49.6926899437688,422,190,0.0
1945,190,10,95.0,3.8000000000000003,0.19999999999999973,95.0,4.999999999999993,380.0,49.6926899437688,422,190,0.0
1946,190,10,95.0,3.8000000000000003,0.19999999999999973,95.0,4.999999999999993,380.0,49.6926899437688,422,190,0.0
1947,190,10,95.0,3.8000000000000003,0.19999999999999973,95.0,4.999999999999993,380.0,49.6926899437688,422,190,0.0
1948,190,10,95.0,3.8000000000000003,0.19999999999999973,95.0,4.999999999999993,380.0,49.6926899437688,422,190,0.0
1949,190,10,95.0,3.8000000000000003,0.19999999999999973,95.0,4.999999999999993,380.0,49.6926899437688,422,190,0.0
1950,190,10,95.0,3.8000000000000003,0.19999999999999973,95.0,4.999999999999993,380.0,49.6926899437688,422,190,0.0
1951,190,10,95.0,3.8000000000000003,0.19999999999999973,95.0,4.999999999999993,380.0,49.6926899437688,422,190,0.0
1952,190,10,95.0,3.8000000000000003,0.19999999999999973,95.0,4.999999999999993,380.0,49.6926899437688,422,190,0.0
1953,190,10,95.0,3.8000000000000003,0.19999999999999973,95.0,4.999999999999993,380.0,49.6926899437688,422,190,0.0
1954,190,10,95.0,3.8000000000000003,0.19999999999999973,95.0,4.999999999999993,380.0,49.6926899437688,422,190,0.0
1955,190,10,95.0,3.8000000000000003,0.19999999999999973,95.0,4.999999999999993,380.0,49.6926899437688,422,190,0.0
1956,190,10,95.0,3.8000000000000003,0.19999999999999973,95.0,4.999999999999993,380.0,49.6926899437688,422,190,0.0
1957,190,10,95.0,3.8000000000000003,0.19999999999999973,95.0,4.999999999999993,380.0,49.6926899437688,422,190,0.0
1958,190,10,95.0,3.8000000000000003,0.19999999999999973,95.0,4.999999999999993,380.0,49.6926899437688,422,190,0.0
1959,190,10,95.0,3.8000000000000003,0.19999999999999973,95.0,4.999999999999993,380.0,49.6926899437688,422,190,0.0
1960,190,10,95.0,3.8000000000000003,0.19999999999999973,95.0,4.999999999999993,380.0,49.6926899437688,422,190,0.0
1961,190,10,95.0,3.8000000000000003,0.19999999999999973,95.0,4.999999999999993,380.0,49.6926899437688,422,190,0.0
1962,190,10,95.0,3.8000000000000003,0.19999999999999973,95.0,4.999999999999993,380.0,49.6926899437688,422,190,0.0
1963,190,10,95.0,3.8000000000000003,0.19999999999999973,95.0,4.999999999999993,380.0,49.6926899437688,422,190,0.0
1964,190,10,95.0,3.8000000000000003,0.19999999999999973,95.0,4.999999999999993,380.0,49.6926899437688,422,190,0.0
1965,190,10,95.0,3.8000000000000003,0.19999999999999973,95.0,4.999999999999993,380.0,49.6926899437688,422,190,0.0
1966,190,10,95.0,3.8000000000000003,0.19999999999999973,95.0,4.999999999999993,380.0,49.6926899437688,422,190,0.0
1967,190,10,95.0,3.8000000000000003,0.19999999999999973,95.0,4.999999999999993,380.0,49.6926899437688,422,190,0.0
1968,190,10,95.0,3.8000000000000003,0.19999999999999973,95.0,4.999999999999993,380.0,49.6926899437688,422,190,0.0
1969,190,10,95.0,3.8000000000000003,0.19999999999999973,95.0,4.999999999999993,380.0,49.6926899437688,422,190,0.0
1970,190,10,95.0,3.8000000000000003,0.19999999999999973,95.0,4.999999999999993,380.0,49.6926899437688,422,190,0.0
1971,190,10,95.0,3.8000000000000003,0.19999999999999973,95.0,4.999999999999993,380.0,49.6926899437688,422,190,0.0
1972,190,10,95.0,3.8000000000000003,0.19999999999999973,95.0,4.999999999999993,380.0,49.6926899437688,422,190,0.0
1973,190,10,95.0,3.8000000000000003,0.19999999999999973,95.0,4.999999999999993,380.0,49.6926899437688,422,190,0.0
1974,190,10,95.0,3.8000000000000003,0.19999999999999973,95.0,4.999999999999993,380.0,49.6926899437688,422,190,0.0
1975,190,10,95.0,3.8000000000000003,0.19999999999999973,95.0,4.999999999999993,380.0,49.6926899437688,422,190,0.0
1976,190,10,95.0,3.8000000000000003,0.19999999999999973,95.0,4.999999999999993,380.0,49.6926899437688,422,190,0.0
1977,190,10,95.0,3.8000000000000003,0.19999999999999973,95.0,4.999999999999993,380.0,49.6926899437688,422,190,0.0
1978,190,10,95.0,3.8000000000000003,0.19999999999999973,95.0,4.999999999999993,380.0,49.6926899437688,422,190,0.0
1979,190,10,95.0,3.8000000000000003,0.19999999999999973,95.0,4.999999999999993,380.0,49.6926899437688,422,190,0.0
1980,190,10,95.0,3.8000000000000003,0.19999999999999973,95.0,4.999999999999993,380.0,49.6926899437688,422,190,0.0
1981,190,10,95.0,3.8000000000000003,0.19999999999999973,95.0,4.999999999999993,380.0,49.6926899437688,422,190,0.0
1982,190,10,95.0,3.8000000000000003,0.19999999999999973,95.0,4.999999999999993,380.0,49.6926899437688,422,190,0.0
1983,190,10,95.0,3.8000000000000003,0.19999999999999973,95.0,4.999999999999993,380.0,49.6926899437688,422,190,0.0
1984,190,10,95.0,3.8000000000000003,0.19999999999999973,95.0,4.999999999999993,380.0,49.6926899437688,422,190,0.0
1985,190,10,95.0,3.8000000000000003,0.19999999999999973,95.0,4.999999999999993,380.0,49.6926899437688,422,190,0.0
1986,190,10,95.0,3.8000000000000003,0.19999999999999973,95.0,4.999999999999993,380.0,49.6926899437688,422,190,0.0
1987,190,10,95.0,3.8000000000000003,0.19999999999999973,95.0,4.999999999999993,380.0,49.6926899437688,422,190,0.0
1988,190,10,95.0,3.8000000000000003,0.19999999999999973,95.0,4.999999999999993,380.0,49.6926899437688,422,190,0.0
1989,190,10,95.0,3.8000000000000003,0.19999999999999973,95.0,4.999999999999993,380.0,49.6926899437688,422,190,0.0
1990,190,10,95.0,3.8000000000000003,0.19999999999999973,95.0,4.999999999999993,380.0,49.6926899437688,422,190,0.0
1991,190,10,95.0,3.8000000000000003,0.19999999999999973,95.0,4.999999999999993,380.0,49.6926899437688,422,190,0.0
1992,190,10,95.0,3.8000000000000003,0.19999999999999973,95.0,4.999999999999993,380.0,49.6926899437688,422,190,0.0
1993,190,10,95.0,3.8000000000000003,0.19999999999999973,95.0,4.999999999999993,380.0,49.6926899437688,422,190,0.0
1994,190,10,95.0,3.8000000000000003,0.19999999999999973,95.0,4.999999999999993,380.0,49.6926899437688,422,190,0.0
1995,190,10,95.0,3.8000000000000003,0.19999999999999973,95.0,4.999999999999993,380.0,49.6926899437688,422,190,0.0
1996,190,10,95.0,3.8000000000000003,0.19999999999999973,95.0,4.999999999999993,380.0,49.6926899437688,422,190,0.0
1997,190,10,95.0,3.8000000000000003,0.19999999999999973,95.0,4.999999999999993,380.0,49.6926899437688,422,190,0.0
1998,190,10,95.0,3.8000000000000003,0.19999999999999973,95.0,4.999999999999993,380.0,49.6926899437688,422,190,0.0
1999,190,10,95.0,3.8000000000000003,0.19999999999999973,95.0,4.999999999999993,380.0,49.6926899437688,422,190,0.0
2000,190,10,95.0,3.8000000000000003,0.19999999999999973,95.0,4.999999999999993,380.0,49.6926899437688,422,190,0.0
