step,n_adsorbed,n_free,percent_adsorbed,m_adsorbed_mg,m_free_mg,c_pdf_mg_l,c_remaining_mg_l,qt_mg_g,percent_qmax,n_contacts,n_adsorption_events,dqt_per_step
0,0,200,0.0,0.0,4.0,0.0,100.0,0.0,0.0,0,0,0.0
1,2,198,1.0,0.04,3.96,1.0,99.0,4.0,0.5230809467765136,2,2,4.0
2,4,196,2.0,0.08,3.92,2.0,98.0,8.0,1.0461618935530272,4,4,4.0
3,5,195,2.5,0.1,3.9,2.5,97.5,10.0,1.3077023669412842,5,5,2.0
4,5,195,2.5,0.1,3.9,2.5,97.5,10.0,1.3077023669412842,5,5,0.0
5,8,192,4.0,0.16,3.84,4.0,96.0,16.0,2.0923237871060545,8,8,6.0
6,8,192,4.0,0.16,3.84,4.0,96.0,16.0,2.0923237871060545,8,8,0.0
7,8,192,4.0,0.16,3.84,4.0,96.0,16.0,2.0923237871060545,8,8,0.0
8,11,189,5.5,0.22,3.78,5.5,94.5,22.0,2.876945207270825,11,11,6.0
9,12,188,6.0,0.24,3.76,6.0,93.99999999999999,24.0,3.1384856806590817,12,12,2.0
10,12,188,6.0,0.24,3.76,6.0,93.99999999999999,24.0,3.1384856806590817,12,12,0.0
11,14,186,7.000000000000001,0.28,3.7199999999999998,7.000000000000001,92.99999999999999,28.000000000000004,3.661566627435596,14,14,4.0000000000000036
12,14,186,7.000000000000001,0.28,3.7199999999999998,7.000000000000001,92.99999999999999,28.000000000000004,3.661566627435596,14,14,0.0
13,17,183,8.5,0.34,3.66,8.5,91.5,34.0,4.446188047600367,17,17,5.9999999999999964
14,17,183,8.5,0.34,3.66,8.5,91.5,34.0,4.446188047600367,17,17,0.0
15,18,182,9.0,0.36,3.64,9.0,91.0,36.0,4.707728520988623,18,18,2.0
16,19,181,9.5,0.38,3.62,9.5,90.5,38.0,4.96926899437688,19,19,2.0
17,19,181,9.5,0.38,3.62,9.5,90.5,38.0,4.96926899437688,19,19,0.0
18,19,181,9.5,0.38,3.62,9.5,90.5,38.0,4.96926899437688,19,19,0.0
19,22,178,11.0,0.44,3.56,11.0,89.0,44.0,5.75389041454165,22,22,6.0
20,22,178,11.0,0.44,3.56,11.0,89.0,44.0,5.75389041454165,22,22,0.0
21,22,178,11.0,0.44,3.56,11.0,89.0,44.0,5.75389041454165,22,22,0.0
22,24,176,12.0,0.48,3.52,12.0,88.0,48.0,6.2769713613181635,24,24,4.0
23,25,175,12.5,0.5,3.5,12.5,87.5,50.0,6.53851183470642,25,25,2.0
24,26,174,13.0,0.52,3.48,13.0,87.0,52.0,6.800052308094677,26,26,2.0
25,26,174,13.0,0.52,3.48,13.0,87.0,52.0,6.800052308094677,26,26,0.0
26,26,174,13.0,0.52,3.48,13.0,87.0,52.0,6.800052308094677,26,26,0.0
27,26,174,13.0,0.52,3.48,13.0,87.0,52.0,6.800052308094677,26,26,0.0
28,27,173,13.5,0.54,3.46,13.5,86.5,54.0,7.061592781482934,27,27,2.0
29,28,172,14.000000000000002,0.56,3.44,14.000000000000002,86.0,56.00000000000001,7.323133254871192,28,28,2.000000000000007
30,30,170,15.0,0.6,3.4,15.0,85.0,60.0,7.846214201647704,30,30,3.999999999999993
31,31,169,15.5,0.62,3.38,15.5,84.5,62.0,8.107754675035961,31,31,2.0
32,32,168,16.0,0.64,3.36,16.0,84.0,64.0,8.369295148424218,32,32,2.0
33,33,167,16.5,0.66,3.34,16.5,83.5,66.0,8.630835621812475,33,33,2.0
34,34,166,17.0,0.68,3.32,17.0,83.0,68.0,8.892376095200733,34,34,2.0
35,34,166,17.0,0.68,3.32,17.0,83.0,68.0,8.892376095200733,34,34,0.0
36,35,165,17.5,0.7000000000000001,3.3,17.5,82.5,70.0,9.15391656858899,35,35,2.0
37,37,163,18.5,0.74,3.26,18.5,81.5,74.0,9.676997515365503,37,37,4.0
38,38,162,19.0,0.76,3.24,19.0,81.0,76.0,9.93853798875376,38,38,2.0
39,38,162,19.0,0.76,3.24,19.0,81.0,76.0,9.93853798875376,38,38,0.0
40,38,162,19.0,0.76,3.24,19.0,81.0,76.0,9.93853798875376,38,38,0.0
41,38,162,19.0,0.76,3.24,19.0,81.0,76.0,9.93853798875376,38,38,0.0
42,38,162,19.0,0.76,3.24,19.0,81.0,76.0,9.93853798875376,38,38,0.0
43,38,162,19.0,0.76,3.24,19.0,81.0,76.0,9.93853798875376,38,38,0.0
44,40,160,20.0,0.8,3.2,20.0,80.0,80.0,10.461618935530273,40,40,4.0
45,40,160,20.0,0.8,3.2,20.0,80.0,80.0,10.461618935530273,40,40,0.0
46,40,160,20.0,0.8,3.2,20.0,80.0,80.0,10.461618935530273,40,40,0.0
47,40,160,20.0,0.8,3.2,20.0,80.0,80.0,10.461618935530273,40,40,0.0
48,41,159,20.5,0.8200000000000001,3.1799999999999997,20.5,79.49999999999999,82.0,10.72315940891853,41,41,2.0
49,41,159,20.5,0.8200000000000001,3.1799999999999997,20.5,79.49999999999999,82.0,10.72315940891853,41,41,0.0
50,41,159,20.5,0.8200000000000001,3.1799999999999997,20.5,79.49999999999999,82.0,10.72315940891853,41,41,0.0
51,41,159,20.5,0.8200000000000001,3.1799999999999997,20.5,79.49999999999999,82.0,10.72315940891853,41,41,0.0
52,41,159,20.5,0.8200000000000001,3.1799999999999997,20.5,79.49999999999999,82.0,10.72315940891853,41,41,0.0
53,41,159,20.5,0.8200000000000001,3.1799999999999997,20.5,79.49999999999999,82.0,10.72315940891853,41,41,0.0
54,41,159,20.5,0.8200000000000001,3.1799999999999997,20.5,79.49999999999999,82.0,10.72315940891853,41,41,0.0
55,42,158,21.0,0.84,3.16,21.0,79.0,84.0,10.984699882306787,42,42,2.0
56,42,158,21.0,0.84,3.16,21.0,79.0,84.0,10.984699882306787,42,42,0.0
57,44,156,22.0,0.88,3.12,22.0,78.0,88.0,11.5077808290833,44,44,4.0
58,44,156,22.0,0.88,3.12,22.0,78.0,88.0,11.5077808290833,44,44,0.0
59,44,156,22.0,0.88,3.12,22.0,78.0,88.0,11.5077808290833,44,44,0.0
60,44,156,22.0,0.88,3.12,22.0,78.0,88.0,11.5077808290833,44,44,0.0
61,45,155,22.5,0.9,3.1,22.5,77.5,90.0,11.769321302471557,45,45,2.0
62,45,155,22.5,0.9,3.1,22.5,77.5,90.0,11.769321302471557,45,45,0.0
63,45,155,22.5,0.9,3.1,22.5,77.5,90.0,11.769321302471557,45,45,0.0
64,45,155,22.5,0.9,3.1,22.5,77.5,90.0,11.769321302471557,45,45,0.0
65,46,154,23.0,0.92,3.08,23.0,77.0,92.0,12.030861775859814,46,46,2.0
66,48,152,24.0,0.96,3.04,24.0,76.0,96.0,12.553942722636327,48,48,4.0
67,48,152,24.0,0.96,3.04,24.0,76.0,96.0,12.553942722636327,48,48,0.0
68,48,152,24.0,0.96,3.04,24.0,76.0,96.0,12.553942722636327,48,48,0.0
69,48,152,24.0,0.96,3.04,24.0,76.0,96.0,12.553942722636327,48,48,0.0
70,48,152,24.0,0.96,3.04,24.0,76.0,96.0,12.553942722636327,49,48,0.0
71,48,152,24.0,0.96,3.04,24.0,76.0,96.0,12.553942722636327,49,48,0.0
72,48,152,24.0,0.96,3.04,24.0,76.0,96.0,12.553942722636327,49,48,0.0
73,49,151,24.5,0.98,3.02,24.5,75.5,98.0,12.815483196024585,50,49,2.0
74,49,151,24.5,0.98,3.02,24.5,75.5,98.0,12.815483196024585,50,49,0.0
75,49,151,24.5,0.98,3.02,24.5,75.5,98.0,12.815483196024585,50,49,0.0
76,49,151,24.5,0.98,3.02,24.5,75.5,98.0,12.815483196024585,50,49,0.0
77,50,150,25.0,1.0,3.0,25.0,75.0,100.0,13.07702366941284,51,50,2.0
78,52,148,26.0,1.04,2.96,26.0,74.0,104.0,13.600104616189354,53,52,4.0
79,53,147,26.5,1.06,2.94,26.5,73.5,106.0,13.861645089577612,54,53,2.0
80,53,147,26.5,1.06,2.94,26.5,73.5,106.0,13.861645089577612,54,53,0.0
81,53,147,26.5,1.06,2.94,26.5,73.5,106.0,13.861645089577612,54,53,0.0
82,54,146,27.0,1.08,2.92,27.0,73.0,108.0,14.123185562965867,55,54,2.0
83,55,145,27.500000000000004,1.1,2.9,27.5,72.5,110.0,14.384726036354126,56,55,2.0
84,55,145,27.500000000000004,1.1,2.9,27.5,72.5,110.0,14.384726036354126,56,55,0.0
85,56,144,28.000000000000004,1.12,2.88,28.000000000000004,72.0,112.00000000000001,14.646266509742384,58,56,2.000000000000014
86,57,143,28.499999999999996,1.1400000000000001,2.86,28.500000000000004,71.5,114.00000000000001,14.907806983130639,59,57,2.0
87,58,142,28.999999999999996,1.16,2.84,28.999999999999996,71.0,115.99999999999999,15.169347456518894,60,58,1.9999999999999716
88,59,141,29.5,1.18,2.8200000000000003,29.499999999999996,70.5,117.99999999999999,15.43088792990715,61,59,2.0
89,60,140,30.0,1.2,2.8,30.0,70.0,120.0,15.692428403295407,62,60,2.000000000000014
90,61,139,30.5,1.22,2.7800000000000002,30.5,69.5,122.0,15.953968876683666,63,61,2.0
91,62,138,31.0,1.24,2.76,31.0,69.0,124.0,16.215509350071923,64,62,2.0
92,63,137,31.5,1.26,2.74,31.5,68.5,126.0,16.47704982346018,65,63,2.0
93,63,137,31.5,1.26,2.74,31.5,68.5,126.0,16.47704982346018,65,63,0.0
94,63,137,31.5,1.26,2.74,31.5,68.5,126.0,16.47704982346018,65,63,0.0
95,64,136,32.0,1.28,2.7199999999999998,32.0,67.99999999999999,128.0,16.738590296848436,66,64,2.0
96,64,136,32.0,1.28,2.7199999999999998,32.0,67.99999999999999,128.0,16.738590296848436,66,64,0.0
97,64,136,32.0,1.28,2.7199999999999998,32.0,67.99999999999999,128.0,16.738590296848436,66,64,0.0
98,66,134,33.0,1.32,2.6799999999999997,33.0,66.99999999999999,132.0,17.26167124362495,68,66,4.0
99,66,134,33.0,1.32,2.6799999999999997,33.0,66.99999999999999,132.0,17.26167124362495,68,66,0.0
100,66,134,33.0,1.32,2.6799999999999997,33.0,66.99999999999999,132.0,17.26167124362495,68,66,0.0
101,67,133,33.5,1.34,2.66,33.5,66.5,134.0,17.523211717013208,69,67,2.0
102,70,130,35.0,1.4000000000000001,2.5999999999999996,35.0,64.99999999999999,140.0,18.30783313717798,72,70,6.0
103,70,130,35.0,1.4000000000000001,2.5999999999999996,35.0,64.99999999999999,140.0,18.30783313717798,72,70,0.0
104,71,129,35.5,1.42,2.58,35.5,64.5,142.0,18.569373610566235,73,71,2.0
105,71,129,35.5,1.42,2.58,35.5,64.5,142.0,18.569373610566235,73,71,0.0
106,72,128,36.0,1.44,2.56,36.0,64.0,144.0,18.830914083954493,74,72,2.0
107,72,128,36.0,1.44,2.56,36.0,64.0,144.0,18.830914083954493,74,72,0.0
108,72,128,36.0,1.44,2.56,36.0,64.0,144.0,18.830914083954493,74,72,0.0
109,72,128,36.0,1.44,2.56,36.0,64.0,144.0,18.830914083954493,74,72,0.0
110,72,128,36.0,1.44,2.56,36.0,64.0,144.0,18.830914083954493,74,72,0.0
111,72,128,36.0,1.44,2.56,36.0,64.0,144.0,18.830914083954493,74,72,0.0
112,72,128,36.0,1.44,2.56,36.0,64.0,144.0,18.830914083954493,75,72,0.0
113,72,128,36.0,1.44,2.56,36.0,64.0,144.0,18.830914083954493,76,72,0.0
114,73,127,36.5,1.46,2.54,36.5,63.5,146.0,19.092454557342748,78,73,2.0
115,74,126,37.0,1.48,2.52,37.0,63.0,148.0,19.353995030731006,80,74,2.0
116,75,125,37.5,1.5,2.5,37.5,62.5,150.0,19.61553550411926,82,75,2.0
117,75,125,37.5,1.5,2.5,37.5,62.5,150.0,19.61553550411926,83,75,0.0
118,75,125,37.5,1.5,2.5,37.5,62.5,150.0,19.61553550411926,84,75,0.0
119,76,124,38.0,1.52,2.48,38.0,62.0,152.0,19.87707597750752,85,76,2.0
120,76,124,38.0,1.52,2.48,38.0,62.0,152.0,19.87707597750752,86,76,0.0
121,77,123,38.5,1.54,2.46,38.5,61.5,154.0,20.138616450895775,88,77,2.0
122,78,122,39.0,1.56,2.44,39.0,61.0,156.0,20.400156924284033,90,78,2.0
123,79,121,39.5,1.58,2.42,39.5,60.5,158.0,20.661697397672288,91,79,2.0
124,80,120,40.0,1.6,2.4,40.0,60.0,160.0,20.923237871060547,92,80,2.0
125,80,120,40.0,1.6,2.4,40.0,60.0,160.0,20.923237871060547,92,80,0.0
126,80,120,40.0,1.6,2.4,40.0,60.0,160.0,20.923237871060547,92,80,0.0
127,80,120,40.0,1.6,2.4,40.0,60.0,160.0,20.923237871060547,92,80,0.0
128,81,119,40.5,1.62,2.38,40.5,59.49999999999999,162.0,21.1847783444488,93,81,2.0
129,81,119,40.5,1.62,2.38,40.5,59.49999999999999,162.0,21.1847783444488,93,81,0.0
130,81,119,40.5,1.62,2.38,40.5,59.49999999999999,162.0,21.1847783444488,93,81,0.0
131,82,118,41.0,1.6400000000000001,2.36,41.0,58.99999999999999,164.0,21.44631881783706,94,82,2.0
132,82,118,41.0,1.6400000000000001,2.36,41.0,58.99999999999999,164.0,21.44631881783706,94,82,0.0
133,82,118,41.0,1.6400000000000001,2.36,41.0,58.99999999999999,164.0,21.44631881783706,94,82,0.0
134,82,118,41.0,1.6400000000000001,2.36,41.0,58.99999999999999,164.0,21.44631881783706,94,82,0.0
135,82,118,41.0,1.6400000000000001,2.36,41.0,58.99999999999999,164.0,21.44631881783706,94,82,0.0
136,82,118,41.0,1.6400000000000001,2.36,41.0,58.99999999999999,164.0,21.44631881783706,94,82,0.0
137,82,118,41.0,1.6400000000000001,2.36,41.0,58.99999999999999,164.0,21.44631881783706,94,82,0.0
138,82,118,41.0,1.6400000000000001,2.36,41.0,58.99999999999999,164.0,21.44631881783706,94,82,0.0
139,82,118,41.0,1.6400000000000001,2.36,41.0,58.99999999999999,164.0,21.44631881783706,94,82,0.0
140,82,118,41.0,1.6400000000000001,2.36,41.0,58.99999999999999,164.0,21.44631881783706,94,82,0.0
141,83,117,41.5,1.6600000000000001,2.34,41.5,58.49999999999999,166.0,21.707859291225315,95,83,2.0
142,83,117,41.5,1.6600000000000001,2.34,41.5,58.49999999999999,166.0,21.707859291225315,95,83,0.0
143,83,117,41.5,1.6600000000000001,2.34,41.5,58.49999999999999,166.0,21.707859291225315,95,83,0.0
144,83,117,41.5,1.6600000000000001,2.34,41.5,58.49999999999999,166.0,21.707859291225315,95,83,0.0
145,83,117,41.5,1.6600000000000001,2.34,41.5,58.49999999999999,166.0,21.707859291225315,95,83,0.0
146,83,117,41.5,1.6600000000000001,2.34,41.5,58.49999999999999,166.0,21.707859291225315,95,83,0.0
147,83,117,41.5,1.6600000000000001,2.34,41.5,58.49999999999999,166.0,21.707859291225315,95,83,0.0
148,83,117,41.5,1.6600000000000001,2.34,41.5,58.49999999999999,166.0,21.707859291225315,95,83,0.0
149,85,115,42.5,1.7,2.3,42.5,57.49999999999999,170.0,22.23094023800183,97,85,4.0
150,85,115,42.5,1.7,2.3,42.5,57.49999999999999,170.0,22.23094023800183,97,85,0.0
151,85,115,42.5,1.7,2.3,42.5,57.49999999999999,170.0,22.23094023800183,97,85,0.0
152,85,115,42.5,1.7,2.3,42.5,57.49999999999999,170.0,22.23094023800183,97,85,0.0
153,85,115,42.5,1.7,2.3,42.5,57.49999999999999,170.0,22.23094023800183,97,85,0.0
154,86,114,43.0,1.72,2.2800000000000002,43.0,57.00000000000001,172.0,22.492480711390087,98,86,2.0
155,86,114,43.0,1.72,2.2800000000000002,43.0,57.00000000000001,172.0,22.492480711390087,98,86,0.0
156,87,113,43.5,1.74,2.26,43.5,56.49999999999999,174.0,22.754021184778342,99,87,2.0
157,87,113,43.5,1.74,2.26,43.5,56.49999999999999,174.0,22.754021184778342,99,87,0.0
158,87,113,43.5,1.74,2.26,43.5,56.49999999999999,174.0,22.754021184778342,99,87,0.0
159,87,113,43.5,1.74,2.26,43.5,56.49999999999999,174.0,22.754021184778342,99,87,0.0
160,87,113,43.5,1.74,2.26,43.5,56.49999999999999,174.0,22.754021184778342,99,87,0.0
161,87,113,43.5,1.74,2.26,43.5,56.49999999999999,174.0,22.754021184778342,99,87,0.0
162,87,113,43.5,1.74,2.26,43.5,56.49999999999999,174.0,22.754021184778342,99,87,0.0
163,87,113,43.5,1.74,2.26,43.5,56.49999999999999,174.0,22.754021184778342,99,87,0.0
164,87,113,43.5,1.74,2.26,43.5,56.49999999999999,174.0,22.754021184778342,99,87,0.0
165,87,113,43.5,1.74,2.26,43.5,56.49999999999999,174.0,22.754021184778342,99,87,0.0
166,87,113,43.5,1.74,2.26,43.5,56.49999999999999,174.0,22.754021184778342,99,87,0.0
167,87,113,43.5,1.74,2.26,43.5,56.49999999999999,174.0,22.754021184778342,99,87,0.0
168,87,113,43.5,1.74,2.26,43.5,56.49999999999999,174.0,22.754021184778342,99,87,0.0
169,87,113,43.5,1.74,2.26,43.5,56.49999999999999,174.0,22.754021184778342,99,87,0.0
170,87,113,43.5,1.74,2.26,43.5,56.49999999999999,174.0,22.754021184778342,99,87,0.0
171,87,113,43.5,1.74,2.26,43.5,56.49999999999999,174.0,22.754021184778342,99,87,0.0
172,87,113,43.5,1.74,2.26,43.5,56.49999999999999,174.0,22.754021184778342,99,87,0.0
173,87,113,43.5,1.74,2.26,43.5,56.49999999999999,174.0,22.754021184778342,99,87,0.0
174,87,113,43.5,1.74,2.26,43.5,56.49999999999999,174.0,22.754021184778342,99,87,0.0
175,87,113,43.5,1.74,2.26,43.5,56.49999999999999,174.0,22.754021184778342,99,87,0.0
176,87,113,43.5,1.74,2.26,43.5,56.49999999999999,174.0,22.754021184778342,99,87,0.0
177,87,113,43.5,1.74,2.26,43.5,56.49999999999999,174.0,22.754021184778342,100,87,0.0
178,87,113,43.5,1.74,2.26,43.5,56.49999999999999,174.0,22.754021184778342,100,87,0.0
179,88,112,44.0,1.76,2.24,44.0,56.00000000000001,176.0,23.0155616581666,101,88,2.0
180,89,111,44.5,1.78,2.2199999999999998,44.5,55.49999999999999,178.0,23.277102131554855,102,89,2.0
181,89,111,44.5,1.78,2.2199999999999998,44.5,55.49999999999999,178.0,23.277102131554855,102,89,0.0
182,91,109,45.5,1.82,2.1799999999999997,45.5,54.49999999999999,182.0,23.800183078331372,104,91,4.0
183,92,108,46.0,1.84,2.16,46.0,54.0,184.0,24.061723551719627,105,92,2.0
184,92,108,46.0,1.84,2.16,46.0,54.0,184.0,24.061723551719627,106,92,0.0
185,93,107,46.5,1.86,2.1399999999999997,46.5,53.49999999999999,186.0,24.323264025107886,108,93,2.0
186,93,107,46.5,1.86,2.1399999999999997,46.5,53.49999999999999,186.0,24.323264025107886,109,93,0.0
187,93,107,46.5,1.86,2.1399999999999997,46.5,53.49999999999999,186.0,24.323264025107886,109,93,0.0
188,93,107,46.5,1.86,2.1399999999999997,46.5,53.49999999999999,186.0,24.323264025107886,109,93,0.0
189,93,107,46.5,1.86,2.1399999999999997,46.5,53.49999999999999,186.0,24.323264025107886,109,93,0.0
190,93,107,46.5,1.86,2.1399999999999997,46.5,53.49999999999999,186.0,24.323264025107886,109,93,0.0
191,93,107,46.5,1.86,2.1399999999999997,46.5,53.49999999999999,186.0,24.323264025107886,109,93,0.0
192,93,107,46.5,1.86,2.1399999999999997,46.5,53.49999999999999,186.0,24.323264025107886,109,93,0.0
193,93,107,46.5,1.86,2.1399999999999997,46.5,53.49999999999999,186.0,24.323264025107886,109,93,0.0
194,93,107,46.5,1.86,2.1399999999999997,46.5,53.49999999999999,186.0,24.323264025107886,109,93,0.0
195,93,107,46.5,1.86,2.1399999999999997,46.5,53.49999999999999,186.0,24.323264025107886,109,93,0.0
196,93,107,46.5,1.86,2.1399999999999997,46.5,53.49999999999999,186.0,24.323264025107886,109,93,0.0
197,93,107,46.5,1.86,2.1399999999999997,46.5,53.49999999999999,186.0,24.323264025107886,110,93,0.0
198,93,107,46.5,1.86,2.1399999999999997,46.5,53.49999999999999,186.0,24.323264025107886,110,93,0.0
199,93,107,46.5,1.86,2.1399999999999997,46.5,53.49999999999999,186.0,24.323264025107886,110,93,0.0
200,94,106,47.0,1.8800000000000001,2.12,47.0,53.0,188.0,24.58480449849614,111,94,2.0
201,94,106,47.0,1.8800000000000001,2.12,47.0,53.0,188.0,24.58480449849614,111,94,0.0
202,95,105,47.5,1.9000000000000001,2.0999999999999996,47.5,52.49999999999999,190.0,24.8463449718844,112,95,2.0
203,96,104,48.0,1.92,2.08,48.0,52.0,192.0,25.107885445272654,113,96,2.0
204,96,104,48.0,1.92,2.08,48.0,52.0,192.0,25.107885445272654,113,96,0.0
205,97,103,48.5,1.94,2.06,48.5,51.5,194.0,25.36942591866091,114,97,2.0
206,98,102,49.0,1.96,2.04,49.0,51.0,196.0,25.63096639204917,115,98,2.0
207,98,102,49.0,1.96,2.04,49.0,51.0,196.0,25.63096639204917,115,98,0.0
208,99,101,49.5,1.98,2.02,49.5,50.5,198.0,25.892506865437426,116,99,2.0
209,99,101,49.5,1.98,2.02,49.5,50.5,198.0,25.892506865437426,116,99,0.0
210,99,101,49.5,1.98,2.02,49.5,50.5,198.0,25.892506865437426,116,99,0.0
211,100,100,50.0,2.0,2.0,50.0,50.0,200.0,26.15404733882568,117,100,2.0
212,100,100,50.0,2.0,2.0,50.0,50.0,200.0,26.15404733882568,117,100,0.0
213,104,96,52.0,2.08,1.92,52.0,48.0,208.0,27.200209232378707,121,104,8.0
214,104,96,52.0,2.08,1.92,52.0,48.0,208.0,27.200209232378707,121,104,0.0
215,104,96,52.0,2.08,1.92,52.0,48.0,208.0,27.200209232378707,121,104,0.0
216,104,96,52.0,2.08,1.92,52.0,48.0,208.0,27.200209232378707,121,104,0.0
217,104,96,52.0,2.08,1.92,52.0,48.0,208.0,27.200209232378707,121,104,0.0
218,104,96,52.0,2.08,1.92,52.0,48.0,208.0,27.200209232378707,121,104,0.0
219,104,96,52.0,2.08,1.92,52.0,48.0,208.0,27.200209232378707,121,104,0.0
220,105,95,52.5,2.1,1.9,52.5,47.5,210.0,27.461749705766962,122,105,2.0
221,105,95,52.5,2.1,1.9,52.5,47.5,210.0,27.461749705766962,123,105,0.0
222,105,95,52.5,2.1,1.9,52.5,47.5,210.0,27.461749705766962,123,105,0.0
223,106,94,53.0,2.12,1.88,53.0,46.99999999999999,212.0,27.723290179155224,124,106,2.0
224,107,93,53.5,2.14,1.8599999999999999,53.5,46.49999999999999,214.0,27.98483065254348,125,107,2.0
225,107,93,53.5,2.14,1.8599999999999999,53.5,46.49999999999999,214.0,27.98483065254348,125,107,0.0
226,107,93,53.5,2.14,1.8599999999999999,53.5,46.49999999999999,214.0,27.98483065254348,125,107,0.0
227,107,93,53.5,2.14,1.8599999999999999,53.5,46.49999999999999,214.0,27.98483065254348,125,107,0.0
228,107,93,53.5,2.14,1.8599999999999999,53.5,46.49999999999999,214.0,27.98483065254348,126,107,0.0
229,107,93,53.5,2.14,1.8599999999999999,53.5,46.49999999999999,214.0,27.98483065254348,127,107,0.0
230,108,92,54.0,2.16,1.8399999999999999,54.0,45.99999999999999,216.0,28.246371125931734,129,108,2.0
231,108,92,54.0,2.16,1.8399999999999999,54.0,45.99999999999999,216.0,28.246371125931734,129,108,0.0
232,109,91,54.50000000000001,2.18,1.8199999999999998,54.5,45.49999999999999,218.0,28.50791159931999,130,109,2.0
233,109,91,54.50000000000001,2.18,1.8199999999999998,54.5,45.49999999999999,218.0,28.50791159931999,130,109,0.0
234,110,90,55.00000000000001,2.2,1.7999999999999998,55.0,44.99999999999999,220.0,28.76945207270825,131,110,2.0
235,110,90,55.00000000000001,2.2,1.7999999999999998,55.0,44.99999999999999,220.0,28.76945207270825,131,110,0.0
236,110,90,55.00000000000001,2.2,1.7999999999999998,55.0,44.99999999999999,220.0,28.76945207270825,131,110,0.0
237,110,90,55.00000000000001,2.2,1.7999999999999998,55.0,44.99999999999999,220.0,28.76945207270825,131,110,0.0
238,111,89,55.50000000000001,2.22,1.7799999999999998,55.50000000000001,44.49999999999999,222.00000000000003,29.030992546096513,132,111,2.0000000000000284
239,111,89,55.50000000000001,2.22,1.7799999999999998,55.50000000000001,44.49999999999999,222.00000000000003,29.030992546096513,132,111,0.0
240,111,89,55.50000000000001,2.22,1.7799999999999998,55.50000000000001,44.49999999999999,222.00000000000003,29.030992546096513,132,111,0.0
241,111,89,55.50000000000001,2.22,1.7799999999999998,55.50000000000001,44.49999999999999,222.00000000000003,29.030992546096513,132,111,0.0
242,111,89,55.50000000000001,2.22,1.7799999999999998,55.50000000000001,44.49999999999999,222.00000000000003,29.030992546096513,132,111,0.0
243,111,89,55.50000000000001,2.22,1.7799999999999998,55.50000000000001,44.49999999999999,222.00000000000003,29.030992546096513,132,111,0.0
244,111,89,55.50000000000001,2.22,1.7799999999999998,55.50000000000001,44.49999999999999,222.00000000000003,29.030992546096513,132,111,0.0
245,111,89,55.50000000000001,2.22,1.7799999999999998,55.50000000000001,44.49999999999999,222.00000000000003,29.030992546096513,132,111,0.0
246,111,89,55.50000000000001,2.22,1.7799999999999998,55.50000000000001,44.49999999999999,222.00000000000003,29.030992546096513,132,111,0.0
247,111,89,55.50000000000001,2.22,1.7799999999999998,55.50000000000001,44.49999999999999,222.00000000000003,29.030992546096513,132,111,0.0
248,111,89,55.50000000000001,2.22,1.7799999999999998,55.50000000000001,44.49999999999999,222.00000000000003,29.030992546096513,132,111,0.0
249,111,89,55.50000000000001,2.22,1.7799999999999998,55.50000000000001,44.49999999999999,222.00000000000003,29.030992546096513,132,111,0.0
250,111,89,55.50000000000001,2.22,1.7799999999999998,55.50000000000001,44.49999999999999,222.00000000000003,29.030992546096513,132,111,0.0
251,111,89,55.50000000000001,2.22,1.7799999999999998,55.50000000000001,44.49999999999999,222.00000000000003,29.030992546096513,132,111,0.0
252,111,89,55.50000000000001,2.22,1.7799999999999998,55.50000000000001,44.49999999999999,222.00000000000003,29.030992546096513,132,111,0.0
253,111,89,55.50000000000001,2.22,1.7799999999999998,55.50000000000001,44.49999999999999,222.00000000000003,29.030992546096513,132,111,0.0
254,111,89,55.50000000000001,2.22,1.7799999999999998,55.50000000000001,44.49999999999999,222.00000000000003,29.030992546096513,132,111,0.0
255,111,89,55.50000000000001,2.22,1.7799999999999998,55.50000000000001,44.49999999999999,222.00000000000003,29.030992546096513,132,111,0.0
256,111,89,55.50000000000001,2.22,1.7799999999999998,55.50000000000001,44.49999999999999,222.00000000000003,29.030992546096513,132,111,0.0
257,111,89,55.50000000000001,2.22,1.7799999999999998,55.50000000000001,44.49999999999999,222.00000000000003,29.030992546096513,132,111,0.0
258,111,89,55.50000000000001,2.22,1.7799999999999998,55.50000000000001,44.49999999999999,222.00000000000003,29.030992546096513,132,111,0.0
259,111,89,55.50000000000001,2.22,1.7799999999999998,55.50000000000001,44.49999999999999,222.00000000000003,29.030992546096513,132,111,0.0
260,113,87,56.49999999999999,2.2600000000000002,1.7399999999999998,56.50000000000001,43.49999999999999,226.00000000000003,29.554073492873023,135,113,4.0
261,113,87,56.49999999999999,2.2600000000000002,1.7399999999999998,56.50000000000001,43.49999999999999,226.00000000000003,29.554073492873023,135,113,0.0
262,113,87,56.49999999999999,2.2600000000000002,1.7399999999999998,56.50000000000001,43.49999999999999,226.00000000000003,29.554073492873023,135,113,0.0
263,114,86,56.99999999999999,2.2800000000000002,1.7199999999999998,57.00000000000001,42.99999999999999,228.00000000000003,29.815613966261278,137,114,2.0
264,114,86,56.99999999999999,2.2800000000000002,1.7199999999999998,57.00000000000001,42.99999999999999,228.00000000000003,29.815613966261278,138,114,0.0
265,114,86,56.99999999999999,2.2800000000000002,1.7199999999999998,57.00000000000001,42.99999999999999,228.00000000000003,29.815613966261278,138,114,0.0
266,114,86,56.99999999999999,2.2800000000000002,1.7199999999999998,57.00000000000001,42.99999999999999,228.00000000000003,29.815613966261278,139,114,0.0
267,114,86,56.99999999999999,2.2800000000000002,1.7199999999999998,57.00000000000001,42.99999999999999,228.00000000000003,29.815613966261278,140,114,0.0
268,114,86,56.99999999999999,2.2800000000000002,1.7199999999999998,57.00000000000001,42.99999999999999,228.00000000000003,29.815613966261278,141,114,0.0
269,114,86,56.99999999999999,2.2800000000000002,1.7199999999999998,57.00000000000001,42.99999999999999,228.00000000000003,29.815613966261278,142,114,0.0
270,114,86,56.99999999999999,2.2800000000000002,1.7199999999999998,57.00000000000001,42.99999999999999,228.00000000000003,29.815613966261278,142,114,0.0
271,115,85,57.49999999999999,2.3000000000000003,1.6999999999999997,57.50000000000001,42.49999999999999,230.00000000000003,30.07715443964954,143,115,2.0
272,115,85,57.49999999999999,2.3000000000000003,1.6999999999999997,57.50000000000001,42.49999999999999,230.00000000000003,30.07715443964954,143,115,0.0
273,116,84,57.99999999999999,2.32,1.6800000000000002,57.99999999999999,42.0,231.99999999999997,30.338694913037788,144,116,1.9999999999999432
274,116,84,57.99999999999999,2.32,1.6800000000000002,57.99999999999999,42.0,231.99999999999997,30.338694913037788,144,116,0.0
275,116,84,57.99999999999999,2.32,1.6800000000000002,57.99999999999999,42.0,231.99999999999997,30.338694913037788,144,116,0.0
276,116,84,57.99999999999999,2.32,1.6800000000000002,57.99999999999999,42.0,231.99999999999997,30.338694913037788,144,116,0.0
277,116,84,57.99999999999999,2.32,1.6800000000000002,57.99999999999999,42.0,231.99999999999997,30.338694913037788,144,116,0.0
278,116,84,57.99999999999999,2.32,1.6800000000000002,57.99999999999999,42.0,231.99999999999997,30.338694913037788,144,116,0.0
279,116,84,57.99999999999999,2.32,1.6800000000000002,57.99999999999999,42.0,231.99999999999997,30.338694913037788,144,116,0.0
280,116,84,57.99999999999999,2.32,1.6800000000000002,57.99999999999999,42.0,231.99999999999997,30.338694913037788,144,116,0.0
281,116,84,57.99999999999999,2.32,1.6800000000000002,57.99999999999999,42.0,231.99999999999997,30.338694913037788,144,116,0.0
282,116,84,57.99999999999999,2.32,1.6800000000000002,57.99999999999999,42.0,231.99999999999997,30.338694913037788,144,116,0.0
283,116,84,57.99999999999999,2.32,1.6800000000000002,57.99999999999999,42.0,231.99999999999997,30.338694913037788,144,116,0.0
284,116,84,57.99999999999999,2.32,1.6800000000000002,57.99999999999999,42.0,231.99999999999997,30.338694913037788,144,116,0.0
285,116,84,57.99999999999999,2.32,1.6800000000000002,57.99999999999999,42.0,231.99999999999997,30.338694913037788,144,116,0.0
286,116,84,57.99999999999999,2.32,1.6800000000000002,57.99999999999999,42.0,231.99999999999997,30.338694913037788,144,116,0.0
287,116,84,57.99999999999999,2.32,1.6800000000000002,57.99999999999999,42.0,231.99999999999997,30.338694913037788,144,116,0.0
288,116,84,57.99999999999999,2.32,1.6800000000000002,57.99999999999999,42.0,231.99999999999997,30.338694913037788,144,116,0.0
289,116,84,57.99999999999999,2.32,1.6800000000000002,57.99999999999999,42.0,231.99999999999997,30.338694913037788,144,116,0.0
290,116,84,57.99999999999999,2.32,1.6800000000000002,57.99999999999999,42.0,231.99999999999997,30.338694913037788,146,116,0.0
291,116,84,57.99999999999999,2.32,1.6800000000000002,57.99999999999999,42.0,231.99999999999997,30.338694913037788,147,116,0.0
292,117,83,58.5,2.34,1.6600000000000001,58.49999999999999,41.5,233.99999999999997,30.600235386426043,148,117,2.0
293,117,83,58.5,2.34,1.6600000000000001,58.49999999999999,41.5,233.99999999999997,30.600235386426043,148,117,0.0
294,117,83,58.5,2.34,1.6600000000000001,58.49999999999999,41.5,233.99999999999997,30.600235386426043,148,117,0.0
295,117,83,58.5,2.34,1.6600000000000001,58.49999999999999,41.5,233.99999999999997,30.600235386426043,148,117,0.0
296,117,83,58.5,2.34,1.6600000000000001,58.49999999999999,41.5,233.99999999999997,30.600235386426043,148,117,0.0
297,117,83,58.5,2.34,1.6600000000000001,58.49999999999999,41.5,233.99999999999997,30.600235386426043,148,117,0.0
298,117,83,58.5,2.34,1.6600000000000001,58.49999999999999,41.5,233.99999999999997,30.600235386426043,148,117,0.0
299,117,83,58.5,2.34,1.6600000000000001,58.49999999999999,41.5,233.99999999999997,30.600235386426043,148,117,0.0
300,117,83,58.5,2.34,1.6600000000000001,58.49999999999999,41.5,233.99999999999997,30.600235386426043,148,117,0.0
301,117,83,58.5,2.34,1.6600000000000001,58.49999999999999,41.5,233.99999999999997,30.600235386426043,148,117,0.0
302,117,83,58.5,2.34,1.6600000000000001,58.49999999999999,41.5,233.99999999999997,30.600235386426043,148,117,0.0
303,117,83,58.5,2.34,1.6600000000000001,58.49999999999999,41.5,233.99999999999997,30.600235386426043,148,117,0.0
304,117,83,58.5,2.34,1.6600000000000001,58.49999999999999,41.5,233.99999999999997,30.600235386426043,148,117,0.0
305,118,82,59.0,2.36,1.6400000000000001,58.99999999999999,41.0,235.99999999999997,30.8617758598143,150,118,2.0
306,118,82,59.0,2.36,1.6400000000000001,58.99999999999999,41.0,235.99999999999997,30.8617758598143,151,118,0.0
307,119,81,59.5,2.38,1.62,59.49999999999999,40.5,237.99999999999997,31.123316333202556,153,119,2.0
308,119,81,59.5,2.38,1.62,59.49999999999999,40.5,237.99999999999997,31.123316333202556,154,119,0.0
309,119,81,59.5,2.38,1.62,59.49999999999999,40.5,237.99999999999997,31.123316333202556,155,119,0.0
310,119,81,59.5,2.38,1.62,59.49999999999999,40.5,237.99999999999997,31.123316333202556,155,119,0.0
311,119,81,59.5,2.38,1.62,59.49999999999999,40.5,237.99999999999997,31.123316333202556,155,119,0.0
312,119,81,59.5,2.38,1.62,59.49999999999999,40.5,237.99999999999997,31.123316333202556,155,119,0.0
313,119,81,59.5,2.38,1.62,59.49999999999999,40.5,237.99999999999997,31.123316333202556,155,119,0.0
314,119,81,59.5,2.38,1.62,59.49999999999999,40.5,237.99999999999997,31.123316333202556,157,119,0.0
315,120,80,60.0,2.4,1.6,60.0,40.0,240.0,31.384856806590815,158,120,2.0000000000000284
316,120,80,60.0,2.4,1.6,60.0,40.0,240.0,31.384856806590815,158,120,0.0
317,120,80,60.0,2.4,1.6,60.0,40.0,240.0,31.384856806590815,158,120,0.0
318,120,80,60.0,2.4,1.6,60.0,40.0,240.0,31.384856806590815,159,120,0.0
319,120,80,60.0,2.4,1.6,60.0,40.0,240.0,31.384856806590815,159,120,0.0
320,120,80,60.0,2.4,1.6,60.0,40.0,240.0,31.384856806590815,159,120,0.0
321,120,80,60.0,2.4,1.6,60.0,40.0,240.0,31.384856806590815,159,120,0.0
322,120,80,60.0,2.4,1.6,60.0,40.0,240.0,31.384856806590815,159,120,0.0
323,120,80,60.0,2.4,1.6,60.0,40.0,240.0,31.384856806590815,159,120,0.0
324,120,80,60.0,2.4,1.6,60.0,40.0,240.0,31.384856806590815,159,120,0.0
325,120,80,60.0,2.4,1.6,60.0,40.0,240.0,31.384856806590815,159,120,0.0
326,120,80,60.0,2.4,1.6,60.0,40.0,240.0,31.384856806590815,159,120,0.0
327,120,80,60.0,2.4,1.6,60.0,40.0,240.0,31.384856806590815,159,120,0.0
328,120,80,60.0,2.4,1.6,60.0,40.0,240.0,31.384856806590815,159,120,0.0
329,120,80,60.0,2.4,1.6,60.0,40.0,240.0,31.384856806590815,159,120,0.0
330,120,80,60.0,2.4,1.6,60.0,40.0,240.0,31.384856806590815,160,120,0.0
331,120,80,60.0,2.4,1.6,60.0,40.0,240.0,31.384856806590815,160,120,0.0
332,120,80,60.0,2.4,1.6,60.0,40.0,240.0,31.384856806590815,161,120,0.0
333,120,80,60.0,2.4,1.6,60.0,40.0,240.0,31.384856806590815,162,120,0.0
334,120,80,60.0,2.4,1.6,60.0,40.0,240.0,31.384856806590815,162,120,0.0
335,121,79,60.5,2.42,1.58,60.5,39.5,242.0,31.646397279979077,163,121,2.0
336,122,78,61.0,2.44,1.56,61.0,39.0,244.0,31.90793775336733,165,122,2.0
337,122,78,61.0,2.44,1.56,61.0,39.0,244.0,31.90793775336733,166,122,0.0
338,123,77,61.5,2.46,1.54,61.5,38.5,246.0,32.16947822675559,168,123,2.0
339,123,77,61.5,2.46,1.54,61.5,38.5,246.0,32.16947822675559,169,123,0.0
340,123,77,61.5,2.46,1.54,61.5,38.5,246.0,32.16947822675559,169,123,0.0
341,123,77,61.5,2.46,1.54,61.5,38.5,246.0,32.16947822675559,170,123,0.0
342,124,76,62.0,2.48,1.52,62.0,38.0,248.0,32.431018700143845,171,124,2.0
343,124,76,62.0,2.48,1.52,62.0,38.0,248.0,32.431018700143845,172,124,0.0
344,126,74,63.0,2.52,1.48,63.0,37.0,252.0,32.95409964692036,174,126,4.0
345,127,73,63.5,2.54,1.46,63.5,36.5,254.0,33.21564012030861,175,127,2.0
346,127,73,63.5,2.54,1.46,63.5,36.5,254.0,33.21564012030861,176,127,0.0
347,127,73,63.5,2.54,1.46,63.5,36.5,254.0,33.21564012030861,177,127,0.0
348,127,73,63.5,2.54,1.46,63.5,36.5,254.0,33.21564012030861,178,127,0.0
349,128,72,64.0,2.56,1.44,64.0,36.0,256.0,33.47718059369687,179,128,2.0
350,128,72,64.0,2.56,1.44,64.0,36.0,256.0,33.47718059369687,179,128,0.0
351,128,72,64.0,2.56,1.44,64.0,36.0,256.0,33.47718059369687,180,128,0.0
352,128,72,64.0,2.56,1.44,64.0,36.0,256.0,33.47718059369687,181,128,0.0
353,128,72,64.0,2.56,1.44,64.0,36.0,256.0,33.47718059369687,182,128,0.0
354,128,72,64.0,2.56,1.44,64.0,36.0,256.0,33.47718059369687,183,128,0.0
355,128,72,64.0,2.56,1.44,64.0,36.0,256.0,33.47718059369687,184,128,0.0
356,128,72,64.0,2.56,1.44,64.0,36.0,256.0,33.47718059369687,184,128,0.0
357,128,72,64.0,2.56,1.44,64.0,36.0,256.0,33.47718059369687,184,128,0.0
358,129,71,64.5,2.58,1.42,64.5,35.5,258.0,33.73872106708513,185,129,2.0
359,129,71,64.5,2.58,1.42,64.5,35.5,258.0,33.73872106708513,185,129,0.0
360,129,71,64.5,2.58,1.42,64.5,35.5,258.0,33.73872106708513,185,129,0.0
361,129,71,64.5,2.58,1.42,64.5,35.5,258.0,33.73872106708513,185,129,0.0
362,129,71,64.5,2.58,1.42,64.5,35.5,258.0,33.73872106708513,185,129,0.0
363,129,71,64.5,2.58,1.42,64.5,35.5,258.0,33.73872106708513,185,129,0.0
364,129,71,64.5,2.58,1.42,64.5,35.5,258.0,33.73872106708513,185,129,0.0
365,129,71,64.5,2.58,1.42,64.5,35.5,258.0,33.73872106708513,185,129,0.0
366,130,70,65.0,2.6,1.4,65.0,35.0,260.0,34.00026154047339,186,130,2.0
367,131,69,65.5,2.62,1.38,65.5,34.5,262.0,34.26180201386164,188,131,2.0
368,131,69,65.5,2.62,1.38,65.5,34.5,262.0,34.26180201386164,188,131,0.0
369,131,69,65.5,2.62,1.38,65.5,34.5,262.0,34.26180201386164,188,131,0.0
370,131,69,65.5,2.62,1.38,65.5,34.5,262.0,34.26180201386164,188,131,0.0
371,131,69,65.5,2.62,1.38,65.5,34.5,262.0,34.26180201386164,188,131,0.0
372,131,69,65.5,2.62,1.38,65.5,34.5,262.0,34.26180201386164,188,131,0.0
373,131,69,65.5,2.62,1.38,65.5,34.5,262.0,34.26180201386164,188,131,0.0
374,132,68,66.0,2.64,1.3599999999999999,66.0,33.99999999999999,264.0,34.5233424872499,189,132,2.0
375,132,68,66.0,2.64,1.3599999999999999,66.0,33.99999999999999,264.0,34.5233424872499,189,132,0.0
376,133,67,66.5,2.66,1.3399999999999999,66.5,33.49999999999999,266.0,34.78488296063816,190,133,2.0
377,133,67,66.5,2.66,1.3399999999999999,66.5,33.49999999999999,266.0,34.78488296063816,190,133,0.0
378,133,67,66.5,2.66,1.3399999999999999,66.5,33.49999999999999,266.0,34.78488296063816,190,133,0.0
379,133,67,66.5,2.66,1.3399999999999999,66.5,33.49999999999999,266.0,34.78488296063816,190,133,0.0
380,134,66,67.0,2.68,1.3199999999999998,67.0,32.99999999999999,268.0,35.046423434026416,191,134,2.0
381,134,66,67.0,2.68,1.3199999999999998,67.0,32.99999999999999,268.0,35.046423434026416,191,134,0.0
382,134,66,67.0,2.68,1.3199999999999998,67.0,32.99999999999999,268.0,35.046423434026416,191,134,0.0
383,134,66,67.0,2.68,1.3199999999999998,67.0,32.99999999999999,268.0,35.046423434026416,191,134,0.0
384,134,66,67.0,2.68,1.3199999999999998,67.0,32.99999999999999,268.0,35.046423434026416,191,134,0.0
385,134,66,67.0,2.68,1.3199999999999998,67.0,32.99999999999999,268.0,35.046423434026416,191,134,0.0
386,134,66,67.0,2.68,1.3199999999999998,67.0,32.99999999999999,268.0,35.046423434026416,191,134,0.0
387,134,66,67.0,2.68,1.3199999999999998,67.0,32.99999999999999,268.0,35.046423434026416,191,134,0.0
388,134,66,67.0,2.68,1.3199999999999998,67.0,32.99999999999999,268.0,35.046423434026416,191,134,0.0
389,134,66,67.0,2.68,1.3199999999999998,67.0,32.99999999999999,268.0,35.046423434026416,191,134,0.0
390,134,66,67.0,2.68,1.3199999999999998,67.0,32.99999999999999,268.0,35.046423434026416,191,134,0.0
391,134,66,67.0,2.68,1.3199999999999998,67.0,32.99999999999999,268.0,35.046423434026416,191,134,0.0
392,134,66,67.0,2.68,1.3199999999999998,67.0,32.99999999999999,268.0,35.046423434026416,191,134,0.0
393,135,65,67.5,2.7,1.2999999999999998,67.5,32.49999999999999,270.0,35.30796390741467,192,135,2.0
394,135,65,67.5,2.7,1.2999999999999998,67.5,32.49999999999999,270.0,35.30796390741467,192,135,0.0
395,135,65,67.5,2.7,1.2999999999999998,67.5,32.49999999999999,270.0,35.30796390741467,192,135,0.0
396,135,65,67.5,2.7,1.2999999999999998,67.5,32.49999999999999,270.0,35.30796390741467,192,135,0.0
397,135,65,67.5,2.7,1.2999999999999998,67.5,32.49999999999999,270.0,35.30796390741467,192,135,0.0
398,135,65,67.5,2.7,1.2999999999999998,67.5,32.49999999999999,270.0,35.30796390741467,192,135,0.0
399,135,65,67.5,2.7,1.2999999999999998,67.5,32.49999999999999,270.0,35.30796390741467,192,135,0.0
400,135,65,67.5,2.7,1.2999999999999998,67.5,32.49999999999999,270.0,35.30796390741467,192,135,0.0
401,135,65,67.5,2.7,1.2999999999999998,67.5,32.49999999999999,270.0,35.30796390741467,192,135,0.0
402,135,65,67.5,2.7,1.2999999999999998,67.5,32.49999999999999,270.0,35.30796390741467,192,135,0.0
403,135,65,67.5,2.7,1.2999999999999998,67.5,32.49999999999999,270.0,35.30796390741467,192,135,0.0
404,135,65,67.5,2.7,1.2999999999999998,67.5,32.49999999999999,270.0,35.30796390741467,192,135,0.0
405,135,65,67.5,2.7,1.2999999999999998,67.5,32.49999999999999,270.0,35.30796390741467,192,135,0.0
406,135,65,67.5,2.7,1.2999999999999998,67.5,32.49999999999999,270.0,35.30796390741467,192,135,0.0
407,135,65,67.5,2.7,1.2999999999999998,67.5,32.49999999999999,270.0,35.30796390741467,192,135,0.0
408,136,64,68.0,2.72,1.2799999999999998,68.0,31.999999999999993,272.0,35.56950438080293,193,136,2.0
409,136,64,68.0,2.72,1.2799999999999998,68.0,31.999999999999993,272.0,35.56950438080293,193,136,0.0
410,136,64,68.0,2.72,1.2799999999999998,68.0,31.999999999999993,272.0,35.56950438080293,193,136,0.0
411,136,64,68.0,2.72,1.2799999999999998,68.0,31.999999999999993,272.0,35.56950438080293,194,136,0.0
412,136,64,68.0,2.72,1.2799999999999998,68.0,31.999999999999993,272.0,35.56950438080293,195,136,0.0
413,136,64,68.0,2.72,1.2799999999999998,68.0,31.999999999999993,272.0,35.56950438080293,195,136,0.0
414,136,64,68.0,2.72,1.2799999999999998,68.0,31.999999999999993,272.0,35.56950438080293,196,136,0.0
415,136,64,68.0,2.72,1.2799999999999998,68.0,31.999999999999993,272.0,35.56950438080293,197,136,0.0
416,136,64,68.0,2.72,1.2799999999999998,68.0,31.999999999999993,272.0,35.56950438080293,198,136,0.0
417,137,63,68.5,2.74,1.2599999999999998,68.5,31.499999999999993,274.0,35.831044854191184,200,137,2.0
418,137,63,68.5,2.74,1.2599999999999998,68.5,31.499999999999993,274.0,35.831044854191184,200,137,0.0
419,137,63,68.5,2.74,1.2599999999999998,68.5,31.499999999999993,274.0,35.831044854191184,200,137,0.0
420,137,63,68.5,2.74,1.2599999999999998,68.5,31.499999999999993,274.0,35.831044854191184,200,137,0.0
421,137,63,68.5,2.74,1.2599999999999998,68.5,31.499999999999993,274.0,35.831044854191184,201,137,0.0
422,137,63,68.5,2.74,1.2599999999999998,68.5,31.499999999999993,274.0,35.831044854191184,202,137,0.0
423,137,63,68.5,2.74,1.2599999999999998,68.5,31.499999999999993,274.0,35.831044854191184,202,137,0.0
424,137,63,68.5,2.74,1.2599999999999998,68.5,31.499999999999993,274.0,35.831044854191184,203,137,0.0
425,137,63,68.5,2.74,1.2599999999999998,68.5,31.499999999999993,274.0,35.831044854191184,203,137,0.0
426,137,63,68.5,2.74,1.2599999999999998,68.5,31.499999999999993,274.0,35.831044854191184,203,137,0.0
427,138,62,69.0,2.7600000000000002,1.2399999999999998,69.0,30.999999999999993,276.0,36.09258532757944,204,138,2.0
428,138,62,69.0,2.7600000000000002,1.2399999999999998,69.0,30.999999999999993,276.0,36.09258532757944,204,138,0.0
429,138,62,69.0,2.7600000000000002,1.2399999999999998,69.0,30.999999999999993,276.0,36.09258532757944,204,138,0.0
430,140,60,70.0,2.8000000000000003,1.1999999999999997,70.0,29.999999999999993,280.0,36.61566627435596,206,140,4.0
431,140,60,70.0,2.8000000000000003,1.1999999999999997,70.0,29.999999999999993,280.0,36.61566627435596,206,140,0.0
432,140,60,70.0,2.8000000000000003,1.1999999999999997,70.0,29.999999999999993,280.0,36.61566627435596,206,140,0.0
433,140,60,70.0,2.8000000000000003,1.1999999999999997,70.0,29.999999999999993,280.0,36.61566627435596,206,140,0.0
434,140,60,70.0,2.8000000000000003,1.1999999999999997,70.0,29.999999999999993,280.0,36.61566627435596,206,140,0.0
435,140,60,70.0,2.8000000000000003,1.1999999999999997,70.0,29.999999999999993,280.0,36.61566627435596,206,140,0.0
436,140,60,70.0,2.8000000000000003,1.1999999999999997,70.0,29.999999999999993,280.0,36.61566627435596,206,140,0.0
437,140,60,70.0,2.8000000000000003,1.1999999999999997,70.0,29.999999999999993,280.0,36.61566627435596,206,140,0.0
438,140,60,70.0,2.8000000000000003,1.1999999999999997,70.0,29.999999999999993,280.0,36.61566627435596,206,140,0.0
439,140,60,70.0,2.8000000000000003,1.1999999999999997,70.0,29.999999999999993,280.0,36.61566627435596,206,140,0.0
440,140,60,70.0,2.8000000000000003,1.1999999999999997,70.0,29.999999999999993,280.0,36.61566627435596,206,140,0.0
441,140,60,70.0,2.8000000000000003,1.1999999999999997,70.0,29.999999999999993,280.0,36.61566627435596,206,140,0.0
442,140,60,70.0,2.8000000000000003,1.1999999999999997,70.0,29.999999999999993,280.0,36.61566627435596,206,140,0.0
443,140,60,70.0,2.8000000000000003,1.1999999999999997,70.0,29.999999999999993,280.0,36.61566627435596,206,140,0.0
444,140,60,70.0,2.8000000000000003,1.1999999999999997,70.0,29.999999999999993,280.0,36.61566627435596,206,140,0.0
445,140,60,70.0,2.8000000000000003,1.1999999999999997,70.0,29.999999999999993,280.0,36.61566627435596,206,140,0.0
446,141,59,70.5,2.82,1.1800000000000002,70.5,29.500000000000004,282.0,36.87720674774421,207,141,2.0
447,141,59,70.5,2.82,1.1800000000000002,70.5,29.500000000000004,282.0,36.87720674774421,207,141,0.0
448,142,58,71.0,2.84,1.1600000000000001,71.0,29.000000000000004,284.0,37.13874722113247,208,142,2.0
449,142,58,71.0,2.84,1.1600000000000001,71.0,29.000000000000004,284.0,37.13874722113247,208,142,0.0
450,143,57,71.5,2.86,1.1400000000000001,71.5,28.500000000000004,286.0,37.40028769452072,209,143,2.0
451,143,57,71.5,2.86,1.1400000000000001,71.5,28.500000000000004,286.0,37.40028769452072,209,143,0.0
452,144,56,72.0,2.88,1.12,72.0,28.000000000000004,288.0,37.661828167908986,210,144,2.0
453,144,56,72.0,2.88,1.12,72.0,28.000000000000004,288.0,37.661828167908986,210,144,0.0
454,144,56,72.0,2.88,1.12,72.0,28.000000000000004,288.0,37.661828167908986,210,144,0.0
455,144,56,72.0,2.88,1.12,72.0,28.000000000000004,288.0,37.661828167908986,210,144,0.0
456,144,56,72.0,2.88,1.12,72.0,28.000000000000004,288.0,37.661828167908986,210,144,0.0
457,144,56,72.0,2.88,1.12,72.0,28.000000000000004,288.0,37.661828167908986,210,144,0.0
458,144,56,72.0,2.88,1.12,72.0,28.000000000000004,288.0,37.661828167908986,210,144,0.0
459,144,56,72.0,2.88,1.12,72.0,28.000000000000004,288.0,37.661828167908986,210,144,0.0
460,144,56,72.0,2.88,1.12,72.0,28.000000000000004,288.0,37.661828167908986,210,144,0.0
461,144,56,72.0,2.88,1.12,72.0,28.000000000000004,288.0,37.661828167908986,210,144,0.0
462,144,56,72.0,2.88,1.12,72.0,28.000000000000004,288.0,37.661828167908986,210,144,0.0
463,144,56,72.0,2.88,1.12,72.0,28.000000000000004,288.0,37.661828167908986,210,144,0.0
464,144,56,72.0,2.88,1.12,72.0,28.000000000000004,288.0,37.661828167908986,210,144,0.0
465,144,56,72.0,2.88,1.12,72.0,28.000000000000004,288.0,37.661828167908986,210,144,0.0
466,144,56,72.0,2.88,1.12,72.0,28.000000000000004,288.0,37.661828167908986,210,144,0.0
467,144,56,72.0,2.88,1.12,72.0,28.000000000000004,288.0,37.661828167908986,210,144,0.0
468,144,56,72.0,2.88,1.12,72.0,28.000000000000004,288.0,37.661828167908986,210,144,0.0
469,144,56,72.0,2.88,1.12,72.0,28.000000000000004,288.0,37.661828167908986,210,144,0.0
470,144,56,72.0,2.88,1.12,72.0,28.000000000000004,288.0,37.661828167908986,210,144,0.0
471,144,56,72.0,2.88,1.12,72.0,28.000000000000004,288.0,37.661828167908986,210,144,0.0
472,144,56,72.0,2.88,1.12,72.0,28.000000000000004,288.0,37.661828167908986,210,144,0.0
473,144,56,72.0,2.88,1.12,72.0,28.000000000000004,288.0,37.661828167908986,210,144,0.0
474,144,56,72.0,2.88,1.12,72.0,28.000000000000004,288.0,37.661828167908986,211,144,0.0
475,144,56,72.0,2.88,1.12,72.0,28.000000000000004,288.0,37.661828167908986,211,144,0.0
476,144,56,72.0,2.88,1.12,72.0,28.000000000000004,288.0,37.661828167908986,212,144,0.0
477,144,56,72.0,2.88,1.12,72.0,28.000000000000004,288.0,37.661828167908986,213,144,0.0
478,144,56,72.0,2.88,1.12,72.0,28.000000000000004,288.0,37.661828167908986,215,144,0.0
479,144,56,72.0,2.88,1.12,72.0,28.000000000000004,288.0,37.661828167908986,216,144,0.0
480,144,56,72.0,2.88,1.12,72.0,28.000000000000004,288.0,37.661828167908986,217,144,0.0
481,144,56,72.0,2.88,1.12,72.0,28.000000000000004,288.0,37.661828167908986,218,144,0.0
482,144,56,72.0,2.88,1.12,72.0,28.000000000000004,288.0,37.661828167908986,219,144,0.0
483,144,56,72.0,2.88,1.12,72.0,28.000000000000004,288.0,37.661828167908986,219,144,0.0
484,144,56,72.0,2.88,1.12,72.0,28.000000000000004,288.0,37.661828167908986,219,144,0.0
485,144,56,72.0,2.88,1.12,72.0,28.000000000000004,288.0,37.661828167908986,219,144,0.0
486,144,56,72.0,2.88,1.12,72.0,28.000000000000004,288.0,37.661828167908986,219,144,0.0
487,144,56,72.0,2.88,1.12,72.0,28.000000000000004,288.0,37.661828167908986,220,144,0.0
488,144,56,72.0,2.88,1.12,72.0,28.000000000000004,288.0,37.661828167908986,220,144,0.0
489,144,56,72.0,2.88,1.12,72.0,28.000000000000004,288.0,37.661828167908986,220,144,0.0
490,145,55,72.5,2.9,1.1,72.5,27.5,290.0,37.92336864129724,221,145,2.0
491,145,55,72.5,2.9,1.1,72.5,27.5,290.0,37.92336864129724,221,145,0.0
492,145,55,72.5,2.9,1.1,72.5,27.5,290.0,37.92336864129724,222,145,0.0
493,145,55,72.5,2.9,1.1,72.5,27.5,290.0,37.92336864129724,222,145,0.0
494,146,54,73.0,2.92,1.08,73.0,27.0,292.0,38.184909114685496,223,146,2.0
495,146,54,73.0,2.92,1.08,73.0,27.0,292.0,38.184909114685496,223,146,0.0
496,146,54,73.0,2.92,1.08,73.0,27.0,292.0,38.184909114685496,223,146,0.0
497,146,54,73.0,2.92,1.08,73.0,27.0,292.0,38.184909114685496,223,146,0.0
498,146,54,73.0,2.92,1.08,73.0,27.0,292.0,38.184909114685496,223,146,0.0
499,146,54,73.0,2.92,1.08,73.0,27.0,292.0,38.184909114685496,223,146,0.0
500,146,54,73.0,2.92,1.08,73.0,27.0,292.0,38.184909114685496,224,146,0.0
501,146,54,73.0,2.92,1.08,73.0,27.0,292.0,38.184909114685496,225,146,0.0
502,146,54,73.0,2.92,1.08,73.0,27.0,292.0,38.184909114685496,225,146,0.0
503,146,54,73.0,2.92,1.08,73.0,27.0,292.0,38.184909114685496,225,146,0.0
504,146,54,73.0,2.92,1.08,73.0,27.0,292.0,38.184909114685496,225,146,0.0
505,146,54,73.0,2.92,1.08,73.0,27.0,292.0,38.184909114685496,225,146,0.0
506,146,54,73.0,2.92,1.08,73.0,27.0,292.0,38.184909114685496,225,146,0.0
507,146,54,73.0,2.92,1.08,73.0,27.0,292.0,38.184909114685496,225,146,0.0
508,146,54,73.0,2.92,1.08,73.0,27.0,292.0,38.184909114685496,225,146,0.0
509,146,54,73.0,2.92,1.08,73.0,27.0,292.0,38.184909114685496,225,146,0.0
510,146,54,73.0,2.92,1.08,73.0,27.0,292.0,38.184909114685496,225,146,0.0
511,146,54,73.0,2.92,1.08,73.0,27.0,292.0,38.184909114685496,225,146,0.0
512,146,54,73.0,2.92,1.08,73.0,27.0,292.0,38.184909114685496,225,146,0.0
513,146,54,73.0,2.92,1.08,73.0,27.0,292.0,38.184909114685496,225,146,0.0
514,146,54,73.0,2.92,1.08,73.0,27.0,292.0,38.184909114685496,225,146,0.0
515,147,53,73.5,2.94,1.06,73.5,26.5,294.0,38.44644958807375,226,147,2.0
516,147,53,73.5,2.94,1.06,73.5,26.5,294.0,38.44644958807375,227,147,0.0
517,147,53,73.5,2.94,1.06,73.5,26.5,294.0,38.44644958807375,228,147,0.0
518,147,53,73.5,2.94,1.06,73.5,26.5,294.0,38.44644958807375,229,147,0.0
519,147,53,73.5,2.94,1.06,73.5,26.5,294.0,38.44644958807375,229,147,0.0
520,147,53,73.5,2.94,1.06,73.5,26.5,294.0,38.44644958807375,229,147,0.0
521,147,53,73.5,2.94,1.06,73.5,26.5,294.0,38.44644958807375,229,147,0.0
522,147,53,73.5,2.94,1.06,73.5,26.5,294.0,38.44644958807375,229,147,0.0
523,147,53,73.5,2.94,1.06,73.5,26.5,294.0,38.44644958807375,229,147,0.0
524,147,53,73.5,2.94,1.06,73.5,26.5,294.0,38.44644958807375,229,147,0.0
525,147,53,73.5,2.94,1.06,73.5,26.5,294.0,38.44644958807375,229,147,0.0
526,147,53,73.5,2.94,1.06,73.5,26.5,294.0,38.44644958807375,229,147,0.0
527,147,53,73.5,2.94,1.06,73.5,26.5,294.0,38.44644958807375,229,147,0.0
528,147,53,73.5,2.94,1.06,73.5,26.5,294.0,38.44644958807375,229,147,0.0
529,148,52,74.0,2.96,1.04,74.0,26.0,296.0,38.70799006146201,230,148,2.0
530,148,52,74.0,2.96,1.04,74.0,26.0,296.0,38.70799006146201,230,148,0.0
531,148,52,74.0,2.96,1.04,74.0,26.0,296.0,38.70799006146201,230,148,0.0
532,148,52,74.0,2.96,1.04,74.0,26.0,296.0,38.70799006146201,230,148,0.0
533,148,52,74.0,2.96,1.04,74.0,26.0,296.0,38.70799006146201,230,148,0.0
534,148,52,74.0,2.96,1.04,74.0,26.0,296.0,38.70799006146201,230,148,0.0
535,148,52,74.0,2.96,1.04,74.0,26.0,296.0,38.70799006146201,230,148,0.0
536,148,52,74.0,2.96,1.04,74.0,26.0,296.0,38.70799006146201,231,148,0.0
537,148,52,74.0,2.96,1.04,74.0,26.0,296.0,38.70799006146201,231,148,0.0
538,148,52,74.0,2.96,1.04,74.0,26.0,296.0,38.70799006146201,231,148,0.0
539,148,52,74.0,2.96,1.04,74.0,26.0,296.0,38.70799006146201,231,148,0.0
540,148,52,74.0,2.96,1.04,74.0,26.0,296.0,38.70799006146201,231,148,0.0
541,148,52,74.0,2.96,1.04,74.0,26.0,296.0,38.70799006146201,231,148,0.0
542,148,52,74.0,2.96,1.04,74.0,26.0,296.0,38.70799006146201,232,148,0.0
543,148,52,74.0,2.96,1.04,74.0,26.0,296.0,38.70799006146201,233,148,0.0
544,149,51,74.5,2.98,1.02,74.5,25.5,298.0,38.969530534850264,235,149,2.0
545,149,51,74.5,2.98,1.02,74.5,25.5,298.0,38.969530534850264,236,149,0.0
546,149,51,74.5,2.98,1.02,74.5,25.5,298.0,38.969530534850264,237,149,0.0
547,149,51,74.5,2.98,1.02,74.5,25.5,298.0,38.969530534850264,237,149,0.0
548,150,50,75.0,3.0,1.0,75.0,25.0,300.0,39.23107100823852,239,150,2.0
549,150,50,75.0,3.0,1.0,75.0,25.0,300.0,39.23107100823852,240,150,0.0
550,150,50,75.0,3.0,1.0,75.0,25.0,300.0,39.23107100823852,241,150,0.0
551,150,50,75.0,3.0,1.0,75.0,25.0,300.0,39.23107100823852,242,150,0.0
552,150,50,75.0,3.0,1.0,75.0,25.0,300.0,39.23107100823852,243,150,0.0
553,150,50,75.0,3.0,1.0,75.0,25.0,300.0,39.23107100823852,244,150,0.0
554,150,50,75.0,3.0,1.0,75.0,25.0,300.0,39.23107100823852,244,150,0.0
555,150,50,75.0,3.0,1.0,75.0,25.0,300.0,39.23107100823852,244,150,0.0
556,150,50,75.0,3.0,1.0,75.0,25.0,300.0,39.23107100823852,245,150,0.0
557,150,50,75.0,3.0,1.0,75.0,25.0,300.0,39.23107100823852,245,150,0.0
558,150,50,75.0,3.0,1.0,75.0,25.0,300.0,39.23107100823852,246,150,0.0
559,150,50,75.0,3.0,1.0,75.0,25.0,300.0,39.23107100823852,247,150,0.0
560,150,50,75.0,3.0,1.0,75.0,25.0,300.0,39.23107100823852,248,150,0.0
561,150,50,75.0,3.0,1.0,75.0,25.0,300.0,39.23107100823852,249,150,0.0
562,151,49,75.5,3.02,0.98,75.5,24.5,302.0,39.492611481626774,251,151,2.0
563,151,49,75.5,3.02,0.98,75.5,24.5,302.0,39.492611481626774,251,151,0.0
564,151,49,75.5,3.02,0.98,75.5,24.5,302.0,39.492611481626774,251,151,0.0
565,151,49,75.5,3.02,0.98,75.5,24.5,302.0,39.492611481626774,251,151,0.0
566,151,49,75.5,3.02,0.98,75.5,24.5,302.0,39.492611481626774,251,151,0.0
567,151,49,75.5,3.02,0.98,75.5,24.5,302.0,39.492611481626774,251,151,0.0
568,152,48,76.0,3.04,0.96,76.0,24.0,304.0,39.75415195501504,252,152,2.0
569,152,48,76.0,3.04,0.96,76.0,24.0,304.0,39.75415195501504,252,152,0.0
570,152,48,76.0,3.04,0.96,76.0,24.0,304.0,39.75415195501504,252,152,0.0
571,152,48,76.0,3.04,0.96,76.0,24.0,304.0,39.75415195501504,252,152,0.0
572,152,48,76.0,3.04,0.96,76.0,24.0,304.0,39.75415195501504,252,152,0.0
573,152,48,76.0,3.04,0.96,76.0,24.0,304.0,39.75415195501504,252,152,0.0
574,152,48,76.0,3.04,0.96,76.0,24.0,304.0,39.75415195501504,252,152,0.0
575,152,48,76.0,3.04,0.96,76.0,24.0,304.0,39.75415195501504,252,152,0.0
576,152,48,76.0,3.04,0.96,76.0,24.0,304.0,39.75415195501504,252,152,0.0
577,152,48,76.0,3.04,0.96,76.0,24.0,304.0,39.75415195501504,252,152,0.0
578,153,47,76.5,3.06,0.94,76.5,23.499999999999996,306.0,40.01569242840329,253,153,2.0
579,153,47,76.5,3.06,0.94,76.5,23.499999999999996,306.0,40.01569242840329,253,153,0.0
580,153,47,76.5,3.06,0.94,76.5,23.499999999999996,306.0,40.01569242840329,253,153,0.0
581,153,47,76.5,3.06,0.94,76.5,23.499999999999996,306.0,40.01569242840329,253,153,0.0
582,154,46,77.0,3.08,0.9199999999999999,77.0,22.999999999999996,308.0,40.27723290179155,254,154,2.0
583,154,46,77.0,3.08,0.9199999999999999,77.0,22.999999999999996,308.0,40.27723290179155,254,154,0.0
584,154,46,77.0,3.08,0.9199999999999999,77.0,22.999999999999996,308.0,40.27723290179155,254,154,0.0
585,154,46,77.0,3.08,0.9199999999999999,77.0,22.999999999999996,308.0,40.27723290179155,254,154,0.0
586,154,46,77.0,3.08,0.9199999999999999,77.0,22.999999999999996,308.0,40.27723290179155,254,154,0.0
587,154,46,77.0,3.08,0.9199999999999999,77.0,22.999999999999996,308.0,40.27723290179155,254,154,0.0
588,154,46,77.0,3.08,0.9199999999999999,77.0,22.999999999999996,308.0,40.27723290179155,254,154,0.0
589,154,46,77.0,3.08,0.9199999999999999,77.0,22.999999999999996,308.0,40.27723290179155,254,154,0.0
590,154,46,77.0,3.08,0.9199999999999999,77.0,22.999999999999996,308.0,40.27723290179155,254,154,0.0
591,154,46,77.0,3.08,0.9199999999999999,77.0,22.999999999999996,308.0,40.27723290179155,254,154,0.0
592,154,46,77.0,3.08,0.9199999999999999,77.0,22.999999999999996,308.0,40.27723290179155,255,154,0.0
593,154,46,77.0,3.08,0.9199999999999999,77.0,22.999999999999996,308.0,40.27723290179155,255,154,0.0
594,154,46,77.0,3.08,0.9199999999999999,77.0,22.999999999999996,308.0,40.27723290179155,255,154,0.0
595,154,46,77.0,3.08,0.9199999999999999,77.0,22.999999999999996,308.0,40.27723290179155,255,154,0.0
596,154,46,77.0,3.08,0.9199999999999999,77.0,22.999999999999996,308.0,40.27723290179155,255,154,0.0
597,154,46,77.0,3.08,0.9199999999999999,77.0,22.999999999999996,308.0,40.27723290179155,255,154,0.0
598,154,46,77.0,3.08,0.9199999999999999,77.0,22.999999999999996,308.0,40.27723290179155,256,154,0.0
599,154,46,77.0,3.08,0.9199999999999999,77.0,22.999999999999996,308.0,40.27723290179155,257,154,0.0
600,154,46,77.0,3.08,0.9199999999999999,77.0,22.999999999999996,308.0,40.27723290179155,258,154,0.0
601,154,46,77.0,3.08,0.9199999999999999,77.0,22.999999999999996,308.0,40.27723290179155,259,154,0.0
602,154,46,77.0,3.08,0.9199999999999999,77.0,22.999999999999996,308.0,40.27723290179155,260,154,0.0
603,154,46,77.0,3.08,0.9199999999999999,77.0,22.999999999999996,308.0,40.27723290179155,261,154,0.0
604,154,46,77.0,3.08,0.9199999999999999,77.0,22.999999999999996,308.0,40.27723290179155,262,154,0.0
605,154,46,77.0,3.08,0.9199999999999999,77.0,22.999999999999996,308.0,40.27723290179155,263,154,0.0
606,154,46,77.0,3.08,0.9199999999999999,77.0,22.999999999999996,308.0,40.27723290179155,264,154,0.0
607,154,46,77.0,3.08,0.9199999999999999,77.0,22.999999999999996,308.0,40.27723290179155,265,154,0.0
608,154,46,77.0,3.08,0.9199999999999999,77.0,22.999999999999996,308.0,40.27723290179155,266,154,0.0
609,154,46,77.0,3.08,0.9199999999999999,77.0,22.999999999999996,308.0,40.27723290179155,266,154,0.0
610,154,46,77.0,3.08,0.9199999999999999,77.0,22.999999999999996,308.0,40.27723290179155,266,154,0.0
611,155,45,77.5,3.1,0.8999999999999999,77.5,22.499999999999996,310.0,40.5387733751798,267,155,2.0
612,155,45,77.5,3.1,0.8999999999999999,77.5,22.499999999999996,310.0,40.5387733751798,267,155,0.0
613,155,45,77.5,3.1,0.8999999999999999,77.5,22.499999999999996,310.0,40.5387733751798,267,155,0.0
614,155,45,77.5,3.1,0.8999999999999999,77.5,22.499999999999996,310.0,40.5387733751798,267,155,0.0
615,156,44,78.0,3.12,0.8799999999999999,78.0,21.999999999999996,312.0,40.80031384856807,268,156,2.0
616,156,44,78.0,3.12,0.8799999999999999,78.0,21.999999999999996,312.0,40.80031384856807,268,156,0.0
617,156,44,78.0,3.12,0.8799999999999999,78.0,21.999999999999996,312.0,40.80031384856807,268,156,0.0
618,156,44,78.0,3.12,0.8799999999999999,78.0,21.999999999999996,312.0,40.80031384856807,268,156,0.0
619,156,44,78.0,3.12,0.8799999999999999,78.0,21.999999999999996,312.0,40.80031384856807,268,156,0.0
620,156,44,78.0,3.12,0.8799999999999999,78.0,21.999999999999996,312.0,40.80031384856807,268,156,0.0
621,156,44,78.0,3.12,0.8799999999999999,78.0,21.999999999999996,312.0,40.80031384856807,268,156,0.0
622,156,44,78.0,3.12,0.8799999999999999,78.0,21.999999999999996,312.0,40.80031384856807,268,156,0.0
623,156,44,78.0,3.12,0.8799999999999999,78.0,21.999999999999996,312.0,40.80031384856807,268,156,0.0
624,156,44,78.0,3.12,0.8799999999999999,78.0,21.999999999999996,312.0,40.80031384856807,268,156,0.0
625,156,44,78.0,3.12,0.8799999999999999,78.0,21.999999999999996,312.0,40.80031384856807,268,156,0.0
626,156,44,78.0,3.12,0.8799999999999999,78.0,21.999999999999996,312.0,40.80031384856807,268,156,0.0
627,156,44,78.0,3.12,0.8799999999999999,78.0,21.999999999999996,312.0,40.80031384856807,268,156,0.0
628,156,44,78.0,3.12,0.8799999999999999,78.0,21.999999999999996,312.0,40.80031384856807,268,156,0.0
629,156,44,78.0,3.12,0.8799999999999999,78.0,21.999999999999996,312.0,40.80031384856807,268,156,0.0
630,156,44,78.0,3.12,0.8799999999999999,78.0,21.999999999999996,312.0,40.80031384856807,268,156,0.0
631,156,44,78.0,3.12,0.8799999999999999,78.0,21.999999999999996,312.0,40.80031384856807,268,156,0.0
632,157,43,78.5,3.14,0.8599999999999999,78.5,21.499999999999996,314.0,41.06185432195632,269,157,2.0
633,157,43,78.5,3.14,0.8599999999999999,78.5,21.499999999999996,314.0,41.06185432195632,269,157,0.0
634,157,43,78.5,3.14,0.8599999999999999,78.5,21.499999999999996,314.0,41.06185432195632,269,157,0.0
635,158,42,79.0,3.16,0.8399999999999999,79.0,20.999999999999996,316.0,41.323394795344576,270,158,2.0
636,158,42,79.0,3.16,0.8399999999999999,79.0,20.999999999999996,316.0,41.323394795344576,270,158,0.0
637,158,42,79.0,3.16,0.8399999999999999,79.0,20.999999999999996,316.0,41.323394795344576,270,158,0.0
638,158,42,79.0,3.16,0.8399999999999999,79.0,20.999999999999996,316.0,41.323394795344576,270,158,0.0
639,158,42,79.0,3.16,0.8399999999999999,79.0,20.999999999999996,316.0,41.323394795344576,270,158,0.0
640,158,42,79.0,3.16,0.8399999999999999,79.0,20.999999999999996,316.0,41.323394795344576,270,158,0.0
641,158,42,79.0,3.16,0.8399999999999999,79.0,20.999999999999996,316.0,41.323394795344576,270,158,0.0
642,158,42,79.0,3.16,0.8399999999999999,79.0,20.999999999999996,316.0,41.323394795344576,270,158,0.0
643,158,42,79.0,3.16,0.8399999999999999,79.0,20.999999999999996,316.0,41.323394795344576,270,158,0.0
644,158,42,79.0,3.16,0.8399999999999999,79.0,20.999999999999996,316.0,41.323394795344576,270,158,0.0
645,158,42,79.0,3.16,0.8399999999999999,79.0,20.999999999999996,316.0,41.323394795344576,270,158,0.0
646,158,42,79.0,3.16,0.8399999999999999,79.0,20.999999999999996,316.0,41.323394795344576,270,158,0.0
647,158,42,79.0,3.16,0.8399999999999999,79.0,20.999999999999996,316.0,41.323394795344576,271,158,0.0
648,158,42,79.0,3.16,0.8399999999999999,79.0,20.999999999999996,316.0,41.323394795344576,271,158,0.0
649,158,42,79.0,3.16,0.8399999999999999,79.0,20.999999999999996,316.0,41.323394795344576,271,158,0.0
650,158,42,79.0,3.16,0.8399999999999999,79.0,20.999999999999996,316.0,41.323394795344576,272,158,0.0
651,158,42,79.0,3.16,0.8399999999999999,79.0,20.999999999999996,316.0,41.323394795344576,272,158,0.0
652,158,42,79.0,3.16,0.8399999999999999,79.0,20.999999999999996,316.0,41.323394795344576,273,158,0.0
653,158,42,79.0,3.16,0.8399999999999999,79.0,20.999999999999996,316.0,41.323394795344576,273,158,0.0
654,158,42,79.0,3.16,0.8399999999999999,79.0,20.999999999999996,316.0,41.323394795344576,273,158,0.0
655,158,42,79.0,3.16,0.8399999999999999,79.0,20.999999999999996,316.0,41.323394795344576,273,158,0.0
656,158,42,79.0,3.16,0.8399999999999999,79.0,20.999999999999996,316.0,41.323394795344576,274,158,0.0
657,158,42,79.0,3.16,0.8399999999999999,79.0,20.999999999999996,316.0,41.323394795344576,274,158,0.0
658,158,42,79.0,3.16,0.8399999999999999,79.0,20.999999999999996,316.0,41.323394795344576,275,158,0.0
659,158,42,79.0,3.16,0.8399999999999999,79.0,20.999999999999996,316.0,41.323394795344576,276,158,0.0
660,158,42,79.0,3.16,0.8399999999999999,79.0,20.999999999999996,316.0,41.323394795344576,276,158,0.0
661,158,42,79.0,3.16,0.8399999999999999,79.0,20.999999999999996,316.0,41.323394795344576,276,158,0.0
662,158,42,79.0,3.16,0.8399999999999999,79.0,20.999999999999996,316.0,41.323394795344576,276,158,0.0
663,159,41,79.5,3.18,0.8199999999999998,79.5,20.499999999999996,318.0,41.584935268732835,277,159,2.0
664,159,41,79.5,3.18,0.8199999999999998,79.5,20.499999999999996,318.0,41.584935268732835,277,159,0.0
665,159,41,79.5,3.18,0.8199999999999998,79.5,20.499999999999996,318.0,41.584935268732835,277,159,0.0
666,159,41,79.5,3.18,0.8199999999999998,79.5,20.499999999999996,318.0,41.584935268732835,277,159,0.0
667,159,41,79.5,3.18,0.8199999999999998,79.5,20.499999999999996,318.0,41.584935268732835,277,159,0.0
668,159,41,79.5,3.18,0.8199999999999998,79.5,20.499999999999996,318.0,41.584935268732835,277,159,0.0
669,159,41,79.5,3.18,0.8199999999999998,79.5,20.499999999999996,318.0,41.584935268732835,277,159,0.0
670,159,41,79.5,3.18,0.8199999999999998,79.5,20.499999999999996,318.0,41.584935268732835,277,159,0.0
671,159,41,79.5,3.18,0.8199999999999998,79.5,20.499999999999996,318.0,41.584935268732835,277,159,0.0
672,159,41,79.5,3.18,0.8199999999999998,79.5,20.499999999999996,318.0,41.584935268732835,277,159,0.0
673,159,41,79.5,3.18,0.8199999999999998,79.5,20.499999999999996,318.0,41.584935268732835,277,159,0.0
674,159,41,79.5,3.18,0.8199999999999998,79.5,20.499999999999996,318.0,41.584935268732835,277,159,0.0
675,159,41,79.5,3.18,0.8199999999999998,79.5,20.499999999999996,318.0,41.584935268732835,278,159,0.0
676,159,41,79.5,3.18,0.8199999999999998,79.5,20.499999999999996,318.0,41.584935268732835,278,159,0.0
677,159,41,79.5,3.18,0.8199999999999998,79.5,20.499999999999996,318.0,41.584935268732835,278,159,0.0
678,159,41,79.5,3.18,0.8199999999999998,79.5,20.499999999999996,318.0,41.584935268732835,278,159,0.0
679,159,41,79.5,3.18,0.8199999999999998,79.5,20.499999999999996,318.0,41.584935268732835,278,159,0.0
680,160,40,80.0,3.2,0.7999999999999998,80.0,19.999999999999996,320.0,41.84647574212109,279,160,2.0
681,160,40,80.0,3.2,0.7999999999999998,80.0,19.999999999999996,320.0,41.84647574212109,279,160,0.0
682,160,40,80.0,3.2,0.7999999999999998,80.0,19.999999999999996,320.0,41.84647574212109,279,160,0.0
683,160,40,80.0,3.2,0.7999999999999998,80.0,19.999999999999996,320.0,41.84647574212109,279,160,0.0
684,160,40,80.0,3.2,0.7999999999999998,80.0,19.999999999999996,320.0,41.84647574212109,279,160,0.0
685,160,40,80.0,3.2,0.7999999999999998,80.0,19.999999999999996,320.0,41.84647574212109,279,160,0.0
686,160,40,80.0,3.2,0.7999999999999998,80.0,19.999999999999996,320.0,41.84647574212109,279,160,0.0
687,160,40,80.0,3.2,0.7999999999999998,80.0,19.999999999999996,320.0,41.84647574212109,279,160,0.0
688,160,40,80.0,3.2,0.7999999999999998,80.0,19.999999999999996,320.0,41.84647574212109,279,160,0.0
689,160,40,80.0,3.2,0.7999999999999998,80.0,19.999999999999996,320.0,41.84647574212109,279,160,0.0
690,160,40,80.0,3.2,0.7999999999999998,80.0,19.999999999999996,320.0,41.84647574212109,279,160,0.0
691,160,40,80.0,3.2,0.7999999999999998,80.0,19.999999999999996,320.0,41.84647574212109,279,160,0.0
692,160,40,80.0,3.2,0.7999999999999998,80.0,19.999999999999996,320.0,41.84647574212109,279,160,0.0
693,160,40,80.0,3.2,0.7999999999999998,80.0,19.999999999999996,320.0,41.84647574212109,279,160,0.0
694,160,40,80.0,3.2,0.7999999999999998,80.0,19.999999999999996,320.0,41.84647574212109,279,160,0.0
695,160,40,80.0,3.2,0.7999999999999998,80.0,19.999999999999996,320.0,41.84647574212109,279,160,0.0
696,160,40,80.0,3.2,0.7999999999999998,80.0,19.999999999999996,320.0,41.84647574212109,279,160,0.0
697,160,40,80.0,3.2,0.7999999999999998,80.0,19.999999999999996,320.0,41.84647574212109,279,160,0.0
698,160,40,80.0,3.2,0.7999999999999998,80.0,19.999999999999996,320.0,41.84647574212109,279,160,0.0
699,160,40,80.0,3.2,0.7999999999999998,80.0,19.999999999999996,320.0,41.84647574212109,279,160,0.0
700,160,40,80.0,3.2,0.7999999999999998,80.0,19.999999999999996,320.0,41.84647574212109,279,160,0.0
701,160,40,80.0,3.2,0.7999999999999998,80.0,19.999999999999996,320.0,41.84647574212109,279,160,0.0
702,160,40,80.0,3.2,0.7999999999999998,80.0,19.999999999999996,320.0,41.84647574212109,279,160,0.0
703,160,40,80.0,3.2,0.7999999999999998,80.0,19.999999999999996,320.0,41.84647574212109,279,160,0.0
704,160,40,80.0,3.2,0.7999999999999998,80.0,19.999999999999996,320.0,41.84647574212109,279,160,0.0
705,160,40,80.0,3.2,0.7999999999999998,80.0,19.999999999999996,320.0,41.84647574212109,279,160,0.0
706,160,40,80.0,3.2,0.7999999999999998,80.0,19.999999999999996,320.0,41.84647574212109,279,160,0.0
707,160,40,80.0,3.2,0.7999999999999998,80.0,19.999999999999996,320.0,41.84647574212109,279,160,0.0
708,160,40,80.0,3.2,0.7999999999999998,80.0,19.999999999999996,320.0,41.84647574212109,279,160,0.0
709,160,40,80.0,3.2,0.7999999999999998,80.0,19.999999999999996,320.0,41.84647574212109,279,160,0.0
710,160,40,80.0,3.2,0.7999999999999998,80.0,19.999999999999996,320.0,41.84647574212109,279,160,0.0
711,160,40,80.0,3.2,0.7999999999999998,80.0,19.999999999999996,320.0,41.84647574212109,279,160,0.0
712,160,40,80.0,3.2,0.7999999999999998,80.0,19.999999999999996,320.0,41.84647574212109,279,160,0.0
713,160,40,80.0,3.2,0.7999999999999998,80.0,19.999999999999996,320.0,41.84647574212109,279,160,0.0
714,160,40,80.0,3.2,0.7999999999999998,80.0,19.999999999999996,320.0,41.84647574212109,279,160,0.0
715,160,40,80.0,3.2,0.7999999999999998,80.0,19.999999999999996,320.0,41.84647574212109,279,160,0.0
716,160,40,80.0,3.2,0.7999999999999998,80.0,19.999999999999996,320.0,41.84647574212109,279,160,0.0
717,160,40,80.0,3.2,0.7999999999999998,80.0,19.999999999999996,320.0,41.84647574212109,279,160,0.0
718,160,40,80.0,3.2,0.7999999999999998,80.0,19.999999999999996,320.0,41.84647574212109,279,160,0.0
719,160,40,80.0,3.2,0.7999999999999998,80.0,19.999999999999996,320.0,41.84647574212109,279,160,0.0
720,160,40,80.0,3.2,0.7999999999999998,80.0,19.999999999999996,320.0,41.84647574212109,279,160,0.0
721,160,40,80.0,3.2,0.7999999999999998,80.0,19.999999999999996,320.0,41.84647574212109,279,160,0.0
722,160,40,80.0,3.2,0.7999999999999998,80.0,19.999999999999996,320.0,41.84647574212109,279,160,0.0
723,160,40,80.0,3.2,0.7999999999999998,80.0,19.999999999999996,320.0,41.84647574212109,279,160,0.0
724,160,40,80.0,3.2,0.7999999999999998,80.0,19.999999999999996,320.0,41.84647574212109,281,160,0.0
725,160,40,80.0,3.2,0.7999999999999998,80.0,19.999999999999996,320.0,41.84647574212109,282,160,0.0
726,160,40,80.0,3.2,0.7999999999999998,80.0,19.999999999999996,320.0,41.84647574212109,284,160,0.0
727,160,40,80.0,3.2,0.7999999999999998,80.0,19.999999999999996,320.0,41.84647574212109,286,160,0.0
728,160,40,80.0,3.2,0.7999999999999998,80.0,19.999999999999996,320.0,41.84647574212109,287,160,0.0
729,160,40,80.0,3.2,0.7999999999999998,80.0,19.999999999999996,320.0,41.84647574212109,287,160,0.0
730,160,40,80.0,3.2,0.7999999999999998,80.0,19.999999999999996,320.0,41.84647574212109,288,160,0.0
731,160,40,80.0,3.2,0.7999999999999998,80.0,19.999999999999996,320.0,41.84647574212109,288,160,0.0
732,160,40,80.0,3.2,0.7999999999999998,80.0,19.999999999999996,320.0,41.84647574212109,288,160,0.0
733,160,40,80.0,3.2,0.7999999999999998,80.0,19.999999999999996,320.0,41.84647574212109,288,160,0.0
734,161,39,80.5,3.22,0.7799999999999998,80.5,19.499999999999996,322.0,42.108016215509345,289,161,2.0
735,161,39,80.5,3.22,0.7799999999999998,80.5,19.499999999999996,322.0,42.108016215509345,290,161,0.0
736,161,39,80.5,3.22,0.7799999999999998,80.5,19.499999999999996,322.0,42.108016215509345,291,161,0.0
737,161,39,80.5,3.22,0.7799999999999998,80.5,19.499999999999996,322.0,42.108016215509345,292,161,0.0
738,161,39,80.5,3.22,0.7799999999999998,80.5,19.499999999999996,322.0,42.108016215509345,292,161,0.0
739,162,38,81.0,3.24,0.7599999999999998,81.0,18.999999999999993,324.0,42.3695566888976,294,162,2.0
740,163,37,81.5,3.2600000000000002,0.7399999999999998,81.5,18.499999999999993,326.0,42.63109716228586,295,163,2.0
741,163,37,81.5,3.2600000000000002,0.7399999999999998,81.5,18.499999999999993,326.0,42.63109716228586,295,163,0.0
742,163,37,81.5,3.2600000000000002,0.7399999999999998,81.5,18.499999999999993,326.0,42.63109716228586,296,163,0.0
743,163,37,81.5,3.2600000000000002,0.7399999999999998,81.5,18.499999999999993,326.0,42.63109716228586,297,163,0.0
744,163,37,81.5,3.2600000000000002,0.7399999999999998,81.5,18.499999999999993,326.0,42.63109716228586,297,163,0.0
745,163,37,81.5,3.2600000000000002,0.7399999999999998,81.5,18.499999999999993,326.0,42.63109716228586,297,163,0.0
746,163,37,81.5,3.2600000000000002,0.7399999999999998,81.5,18.499999999999993,326.0,42.63109716228586,297,163,0.0
747,163,37,81.5,3.2600000000000002,0.7399999999999998,81.5,18.499999999999993,326.0,42.63109716228586,297,163,0.0
748,163,37,81.5,3.2600000000000002,0.7399999999999998,81.5,18.499999999999993,326.0,42.63109716228586,297,163,0.0
749,163,37,81.5,3.2600000000000002,0.7399999999999998,81.5,18.499999999999993,326.0,42.63109716228586,297,163,0.0
750,163,37,81.5,3.2600000000000002,0.7399999999999998,81.5,18.499999999999993,326.0,42.63109716228586,297,163,0.0
751,163,37,81.5,3.2600000000000002,0.7399999999999998,81.5,18.499999999999993,326.0,42.63109716228586,297,163,0.0
752,163,37,81.5,3.2600000000000002,0.7399999999999998,81.5,18.499999999999993,326.0,42.63109716228586,297,163,0.0
753,163,37,81.5,3.2600000000000002,0.7399999999999998,81.5,18.499999999999993,326.0,42.63109716228586,297,163,0.0
754,163,37,81.5,3.2600000000000002,0.7399999999999998,81.5,18.499999999999993,326.0,42.63109716228586,297,163,0.0
755,163,37,81.5,3.2600000000000002,0.7399999999999998,81.5,18.499999999999993,326.0,42.63109716228586,297,163,0.0
756,163,37,81.5,3.2600000000000002,0.7399999999999998,81.5,18.499999999999993,326.0,42.63109716228586,297,163,0.0
757,163,37,81.5,3.2600000000000002,0.7399999999999998,81.5,18.499999999999993,326.0,42.63109716228586,297,163,0.0
758,163,37,81.5,3.2600000000000002,0.7399999999999998,81.5,18.499999999999993,326.0,42.63109716228586,297,163,0.0
759,163,37,81.5,3.2600000000000002,0.7399999999999998,81.5,18.499999999999993,326.0,42.63109716228586,297,163,0.0
760,163,37,81.5,3.2600000000000002,0.7399999999999998,81.5,18.499999999999993,326.0,42.63109716228586,297,163,0.0
761,163,37,81.5,3.2600000000000002,0.7399999999999998,81.5,18.499999999999993,326.0,42.63109716228586,297,163,0.0
762,163,37,81.5,3.2600000000000002,0.7399999999999998,81.5,18.499999999999993,326.0,42.63109716228586,297,163,0.0
763,163,37,81.5,3.2600000000000002,0.7399999999999998,81.5,18.499999999999993,326.0,42.63109716228586,297,163,0.0
764,163,37,81.5,3.2600000000000002,0.7399999999999998,81.5,18.499999999999993,326.0,42.63109716228586,297,163,0.0
765,163,37,81.5,3.2600000000000002,0.7399999999999998,81.5,18.499999999999993,326.0,42.63109716228586,297,163,0.0
766,163,37,81.5,3.2600000000000002,0.7399999999999998,81.5,18.499999999999993,326.0,42.63109716228586,297,163,0.0
767,163,37,81.5,3.2600000000000002,0.7399999999999998,81.5,18.499999999999993,326.0,42.63109716228586,297,163,0.0
768,163,37,81.5,3.2600000000000002,0.7399999999999998,81.5,18.499999999999993,326.0,42.63109716228586,297,163,0.0
769,163,37,81.5,3.2600000000000002,0.7399999999999998,81.5,18.499999999999993,326.0,42.63109716228586,297,163,0.0
770,163,37,81.5,3.2600000000000002,0.7399999999999998,81.5,18.499999999999993,326.0,42.63109716228586,297,163,0.0
771,163,37,81.5,3.2600000000000002,0.7399999999999998,81.5,18.499999999999993,326.0,42.63109716228586,297,163,0.0
772,163,37,81.5,3.2600000000000002,0.7399999999999998,81.5,18.499999999999993,326.0,42.63109716228586,298,163,0.0
773,163,37,81.5,3.2600000000000002,0.7399999999999998,81.5,18.499999999999993,326.0,42.63109716228586,298,163,0.0
774,164,36,82.0,3.2800000000000002,0.7199999999999998,82.0,17.999999999999993,328.0,42.89263763567412,300,164,2.0
775,164,36,82.0,3.2800000000000002,0.7199999999999998,82.0,17.999999999999993,328.0,42.89263763567412,301,164,0.0
776,164,36,82.0,3.2800000000000002,0.7199999999999998,82.0,17.999999999999993,328.0,42.89263763567412,302,164,0.0
777,164,36,82.0,3.2800000000000002,0.7199999999999998,82.0,17.999999999999993,328.0,42.89263763567412,303,164,0.0
778,164,36,82.0,3.2800000000000002,0.7199999999999998,82.0,17.999999999999993,328.0,42.89263763567412,304,164,0.0
779,164,36,82.0,3.2800000000000002,0.7199999999999998,82.0,17.999999999999993,328.0,42.89263763567412,304,164,0.0
780,164,36,82.0,3.2800000000000002,0.7199999999999998,82.0,17.999999999999993,328.0,42.89263763567412,305,164,0.0
781,164,36,82.0,3.2800000000000002,0.7199999999999998,82.0,17.999999999999993,328.0,42.89263763567412,306,164,0.0
782,165,35,82.5,3.3000000000000003,0.6999999999999997,82.5,17.499999999999993,330.0,43.15417810906237,308,165,2.0
783,165,35,82.5,3.3000000000000003,0.6999999999999997,82.5,17.499999999999993,330.0,43.15417810906237,309,165,0.0
784,165,35,82.5,3.3000000000000003,0.6999999999999997,82.5,17.499999999999993,330.0,43.15417810906237,310,165,0.0
785,165,35,82.5,3.3000000000000003,0.6999999999999997,82.5,17.499999999999993,330.0,43.15417810906237,310,165,0.0
786,165,35,82.5,3.3000000000000003,0.6999999999999997,82.5,17.499999999999993,330.0,43.15417810906237,311,165,0.0
787,165,35,82.5,3.3000000000000003,0.6999999999999997,82.5,17.499999999999993,330.0,43.15417810906237,311,165,0.0
788,165,35,82.5,3.3000000000000003,0.6999999999999997,82.5,17.499999999999993,330.0,43.15417810906237,311,165,0.0
789,165,35,82.5,3.3000000000000003,0.6999999999999997,82.5,17.499999999999993,330.0,43.15417810906237,312,165,0.0
790,165,35,82.5,3.3000000000000003,0.6999999999999997,82.5,17.499999999999993,330.0,43.15417810906237,312,165,0.0
791,165,35,82.5,3.3000000000000003,0.6999999999999997,82.5,17.499999999999993,330.0,43.15417810906237,312,165,0.0
792,165,35,82.5,3.3000000000000003,0.6999999999999997,82.5,17.499999999999993,330.0,43.15417810906237,312,165,0.0
793,165,35,82.5,3.3000000000000003,0.6999999999999997,82.5,17.499999999999993,330.0,43.15417810906237,312,165,0.0
794,165,35,82.5,3.3000000000000003,0.6999999999999997,82.5,17.499999999999993,330.0,43.15417810906237,312,165,0.0
795,165,35,82.5,3.3000000000000003,0.6999999999999997,82.5,17.499999999999993,330.0,43.15417810906237,313,165,0.0
796,165,35,82.5,3.3000000000000003,0.6999999999999997,82.5,17.499999999999993,330.0,43.15417810906237,314,165,0.0
797,165,35,82.5,3.3000000000000003,0.6999999999999997,82.5,17.499999999999993,330.0,43.15417810906237,315,165,0.0
798,165,35,82.5,3.3000000000000003,0.6999999999999997,82.5,17.499999999999993,330.0,43.15417810906237,316,165,0.0
799,165,35,82.5,3.3000000000000003,0.6999999999999997,82.5,17.499999999999993,330.0,43.15417810906237,317,165,0.0
800,165,35,82.5,3.3000000000000003,0.6999999999999997,82.5,17.499999999999993,330.0,43.15417810906237,319,165,0.0
801,165,35,82.5,3.3000000000000003,0.6999999999999997,82.5,17.499999999999993,330.0,43.15417810906237,321,165,0.0
802,165,35,82.5,3.3000000000000003,0.6999999999999997,82.5,17.499999999999993,330.0,43.15417810906237,323,165,0.0
803,165,35,82.5,3.3000000000000003,0.6999999999999997,82.5,17.499999999999993,330.0,43.15417810906237,323,165,0.0
804,165,35,82.5,3.3000000000000003,0.6999999999999997,82.5,17.499999999999993,330.0,43.15417810906237,325,165,0.0
805,165,35,82.5,3.3000000000000003,0.6999999999999997,82.5,17.499999999999993,330.0,43.15417810906237,326,165,0.0
806,165,35,82.5,3.3000000000000003,0.6999999999999997,82.5,17.499999999999993,330.0,43.15417810906237,328,165,0.0
807,165,35,82.5,3.3000000000000003,0.6999999999999997,82.5,17.499999999999993,330.0,43.15417810906237,330,165,0.0
808,165,35,82.5,3.3000000000000003,0.6999999999999997,82.5,17.499999999999993,330.0,43.15417810906237,332,165,0.0
809,165,35,82.5,3.3000000000000003,0.6999999999999997,82.5,17.499999999999993,330.0,43.15417810906237,333,165,0.0
810,165,35,82.5,3.3000000000000003,0.6999999999999997,82.5,17.499999999999993,330.0,43.15417810906237,335,165,0.0
811,165,35,82.5,3.3000000000000003,0.6999999999999997,82.5,17.499999999999993,330.0,43.15417810906237,337,165,0.0
812,166,34,83.0,3.3200000000000003,0.6799999999999997,83.0,16.999999999999993,332.0,43.41571858245063,341,166,2.0
813,166,34,83.0,3.3200000000000003,0.6799999999999997,83.0,16.999999999999993,332.0,43.41571858245063,343,166,0.0
814,166,34,83.0,3.3200000000000003,0.6799999999999997,83.0,16.999999999999993,332.0,43.41571858245063,344,166,0.0
815,166,34,83.0,3.3200000000000003,0.6799999999999997,83.0,16.999999999999993,332.0,43.41571858245063,346,166,0.0
816,166,34,83.0,3.3200000000000003,0.6799999999999997,83.0,16.999999999999993,332.0,43.41571858245063,348,166,0.0
817,166,34,83.0,3.3200000000000003,0.6799999999999997,83.0,16.999999999999993,332.0,43.41571858245063,349,166,0.0
818,166,34,83.0,3.3200000000000003,0.6799999999999997,83.0,16.999999999999993,332.0,43.41571858245063,350,166,0.0
819,166,34,83.0,3.3200000000000003,0.6799999999999997,83.0,16.999999999999993,332.0,43.41571858245063,351,166,0.0
820,166,34,83.0,3.3200000000000003,0.6799999999999997,83.0,16.999999999999993,332.0,43.41571858245063,353,166,0.0
821,166,34,83.0,3.3200000000000003,0.6799999999999997,83.0,16.999999999999993,332.0,43.41571858245063,355,166,0.0
822,166,34,83.0,3.3200000000000003,0.6799999999999997,83.0,16.999999999999993,332.0,43.41571858245063,357,166,0.0
823,166,34,83.0,3.3200000000000003,0.6799999999999997,83.0,16.999999999999993,332.0,43.41571858245063,357,166,0.0
824,166,34,83.0,3.3200000000000003,0.6799999999999997,83.0,16.999999999999993,332.0,43.41571858245063,357,166,0.0
825,166,34,83.0,3.3200000000000003,0.6799999999999997,83.0,16.999999999999993,332.0,43.41571858245063,358,166,0.0
826,166,34,83.0,3.3200000000000003,0.6799999999999997,83.0,16.999999999999993,332.0,43.41571858245063,358,166,0.0
827,166,34,83.0,3.3200000000000003,0.6799999999999997,83.0,16.999999999999993,332.0,43.41571858245063,358,166,0.0
828,166,34,83.0,3.3200000000000003,0.6799999999999997,83.0,16.999999999999993,332.0,43.41571858245063,358,166,0.0
829,166,34,83.0,3.3200000000000003,0.6799999999999997,83.0,16.999999999999993,332.0,43.41571858245063,358,166,0.0
830,166,34,83.0,3.3200000000000003,0.6799999999999997,83.0,16.999999999999993,332.0,43.41571858245063,359,166,0.0
831,166,34,83.0,3.3200000000000003,0.6799999999999997,83.0,16.999999999999993,332.0,43.41571858245063,359,166,0.0
832,166,34,83.0,3.3200000000000003,0.6799999999999997,83.0,16.999999999999993,332.0,43.41571858245063,359,166,0.0
833,166,34,83.0,3.3200000000000003,0.6799999999999997,83.0,16.999999999999993,332.0,43.41571858245063,360,166,0.0
834,166,34,83.0,3.3200000000000003,0.6799999999999997,83.0,16.999999999999993,332.0,43.41571858245063,361,166,0.0
835,166,34,83.0,3.3200000000000003,0.6799999999999997,83.0,16.999999999999993,332.0,43.41571858245063,361,166,0.0
836,166,34,83.0,3.3200000000000003,0.6799999999999997,83.0,16.999999999999993,332.0,43.41571858245063,361,166,0.0
837,166,34,83.0,3.3200000000000003,0.6799999999999997,83.0,16.999999999999993,332.0,43.41571858245063,361,166,0.0
838,166,34,83.0,3.3200000000000003,0.6799999999999997,83.0,16.999999999999993,332.0,43.41571858245063,362,166,0.0
839,166,34,83.0,3.3200000000000003,0.6799999999999997,83.0,16.999999999999993,332.0,43.41571858245063,362,166,0.0
840,166,34,83.0,3.3200000000000003,0.6799999999999997,83.0,16.999999999999993,332.0,43.41571858245063,362,166,0.0
841,166,34,83.0,3.3200000000000003,0.6799999999999997,83.0,16.999999999999993,332.0,43.41571858245063,362,166,0.0
842,166,34,83.0,3.3200000000000003,0.6799999999999997,83.0,16.999999999999993,332.0,43.41571858245063,362,166,0.0
843,166,34,83.0,3.3200000000000003,0.6799999999999997,83.0,16.999999999999993,332.0,43.41571858245063,362,166,0.0
844,166,34,83.0,3.3200000000000003,0.6799999999999997,83.0,16.999999999999993,332.0,43.41571858245063,362,166,0.0
845,166,34,83.0,3.3200000000000003,0.6799999999999997,83.0,16.999999999999993,332.0,43.41571858245063,362,166,0.0
846,166,34,83.0,3.3200000000000003,0.6799999999999997,83.0,16.999999999999993,332.0,43.41571858245063,363,166,0.0
847,166,34,83.0,3.3200000000000003,0.6799999999999997,83.0,16.999999999999993,332.0,43.41571858245063,364,166,0.0
848,166,34,83.0,3.3200000000000003,0.6799999999999997,83.0,16.999999999999993,332.0,43.41571858245063,366,166,0.0
849,166,34,83.0,3.3200000000000003,0.6799999999999997,83.0,16.999999999999993,332.0,43.41571858245063,367,166,0.0
850,166,34,83.0,3.3200000000000003,0.6799999999999997,83.0,16.999999999999993,332.0,43.41571858245063,369,166,0.0
851,166,34,83.0,3.3200000000000003,0.6799999999999997,83.0,16.999999999999993,332.0,43.41571858245063,371,166,0.0
852,166,34,83.0,3.3200000000000003,0.6799999999999997,83.0,16.999999999999993,332.0,43.41571858245063,372,166,0.0
853,166,34,83.0,3.3200000000000003,0.6799999999999997,83.0,16.999999999999993,332.0,43.41571858245063,373,166,0.0
854,166,34,83.0,3.3200000000000003,0.6799999999999997,83.0,16.999999999999993,332.0,43.41571858245063,374,166,0.0
855,166,34,83.0,3.3200000000000003,0.6799999999999997,83.0,16.999999999999993,332.0,43.41571858245063,376,166,0.0
856,166,34,83.0,3.3200000000000003,0.6799999999999997,83.0,16.999999999999993,332.0,43.41571858245063,376,166,0.0
857,166,34,83.0,3.3200000000000003,0.6799999999999997,83.0,16.999999999999993,332.0,43.41571858245063,377,166,0.0
858,166,34,83.0,3.3200000000000003,0.6799999999999997,83.0,16.999999999999993,332.0,43.41571858245063,378,166,0.0
859,166,34,83.0,3.3200000000000003,0.6799999999999997,83.0,16.999999999999993,332.0,43.41571858245063,378,166,0.0
860,166,34,83.0,3.3200000000000003,0.6799999999999997,83.0,16.999999999999993,332.0,43.41571858245063,378,166,0.0
861,166,34,83.0,3.3200000000000003,0.6799999999999997,83.0,16.999999999999993,332.0,43.41571858245063,378,166,0.0
862,166,34,83.0,3.3200000000000003,0.6799999999999997,83.0,16.999999999999993,332.0,43.41571858245063,378,166,0.0
863,166,34,83.0,3.3200000000000003,0.6799999999999997,83.0,16.999999999999993,332.0,43.41571858245063,378,166,0.0
864,166,34,83.0,3.3200000000000003,0.6799999999999997,83.0,16.999999999999993,332.0,43.41571858245063,378,166,0.0
865,166,34,83.0,3.3200000000000003,0.6799999999999997,83.0,16.999999999999993,332.0,43.41571858245063,378,166,0.0
866,166,34,83.0,3.3200000000000003,0.6799999999999997,83.0,16.999999999999993,332.0,43.41571858245063,378,166,0.0
867,166,34,83.0,3.3200000000000003,0.6799999999999997,83.0,16.999999999999993,332.0,43.41571858245063,378,166,0.0
868,166,34,83.0,3.3200000000000003,0.6799999999999997,83.0,16.999999999999993,332.0,43.41571858245063,378,166,0.0
869,166,34,83.0,3.3200000000000003,0.6799999999999997,83.0,16.999999999999993,332.0,43.41571858245063,378,166,0.0
870,166,34,83.0,3.3200000000000003,0.6799999999999997,83.0,16.999999999999993,332.0,43.41571858245063,378,166,0.0
871,166,34,83.0,3.3200000000000003,0.6799999999999997,83.0,16.999999999999993,332.0,43.41571858245063,378,166,0.0
872,166,34,83.0,3.3200000000000003,0.6799999999999997,83.0,16.999999999999993,332.0,43.41571858245063,378,166,0.0
873,166,34,83.0,3.3200000000000003,0.6799999999999997,83.0,16.999999999999993,332.0,43.41571858245063,378,166,0.0
874,166,34,83.0,3.3200000000000003,0.6799999999999997,83.0,16.999999999999993,332.0,43.41571858245063,378,166,0.0
875,166,34,83.0,3.3200000000000003,0.6799999999999997,83.0,16.999999999999993,332.0,43.41571858245063,378,166,0.0
876,166,34,83.0,3.3200000000000003,0.6799999999999997,83.0,16.999999999999993,332.0,43.41571858245063,378,166,0.0
877,166,34,83.0,3.3200000000000003,0.6799999999999997,83.0,16.999999999999993,332.0,43.41571858245063,378,166,0.0
878,166,34,83.0,3.3200000000000003,0.6799999999999997,83.0,16.999999999999993,332.0,43.41571858245063,378,166,0.0
879,166,34,83.0,3.3200000000000003,0.6799999999999997,83.0,16.999999999999993,332.0,43.41571858245063,378,166,0.0
880,166,34,83.0,3.3200000000000003,0.6799999999999997,83.0,16.999999999999993,332.0,43.41571858245063,378,166,0.0
881,166,34,83.0,3.3200000000000003,0.6799999999999997,83.0,16.999999999999993,332.0,43.41571858245063,378,166,0.0
882,166,34,83.0,3.3200000000000003,0.6799999999999997,83.0,16.999999999999993,332.0,43.41571858245063,378,166,0.0
883,166,34,83.0,3.3200000000000003,0.6799999999999997,83.0,16.999999999999993,332.0,43.41571858245063,378,166,0.0
884,166,34,83.0,3.3200000000000003,0.6799999999999997,83.0,16.999999999999993,332.0,43.41571858245063,378,166,0.0
885,166,34,83.0,3.3200000000000003,0.6799999999999997,83.0,16.999999999999993,332.0,43.41571858245063,378,166,0.0
886,166,34,83.0,3.3200000000000003,0.6799999999999997,83.0,16.999999999999993,332.0,43.41571858245063,378,166,0.0
887,166,34,83.0,3.3200000000000003,0.6799999999999997,83.0,16.999999999999993,332.0,43.41571858245063,378,166,0.0
888,166,34,83.0,3.3200000000000003,0.6799999999999997,83.0,16.999999999999993,332.0,43.41571858245063,378,166,0.0
889,166,34,83.0,3.3200000000000003,0.6799999999999997,83.0,16.999999999999993,332.0,43.41571858245063,378,166,0.0
890,166,34,83.0,3.3200000000000003,0.6799999999999997,83.0,16.999999999999993,332.0,43.41571858245063,380,166,0.0
891,166,34,83.0,3.3200000000000003,0.6799999999999997,83.0,16.999999999999993,332.0,43.41571858245063,380,166,0.0
892,166,34,83.0,3.3200000000000003,0.6799999999999997,83.0,16.999999999999993,332.0,43.41571858245063,380,166,0.0
893,166,34,83.0,3.3200000000000003,0.6799999999999997,83.0,16.999999999999993,332.0,43.41571858245063,380,166,0.0
894,166,34,83.0,3.3200000000000003,0.6799999999999997,83.0,16.999999999999993,332.0,43.41571858245063,380,166,0.0
895,166,34,83.0,3.3200000000000003,0.6799999999999997,83.0,16.999999999999993,332.0,43.41571858245063,380,166,0.0
896,166,34,83.0,3.3200000000000003,0.6799999999999997,83.0,16.999999999999993,332.0,43.41571858245063,380,166,0.0
897,166,34,83.0,3.3200000000000003,0.6799999999999997,83.0,16.999999999999993,332.0,43.41571858245063,381,166,0.0
898,166,34,83.0,3.3200000000000003,0.6799999999999997,83.0,16.999999999999993,332.0,43.41571858245063,382,166,0.0
899,166,34,83.0,3.3200000000000003,0.6799999999999997,83.0,16.999999999999993,332.0,43.41571858245063,382,166,0.0
900,166,34,83.0,3.3200000000000003,0.6799999999999997,83.0,16.999999999999993,332.0,43.41571858245063,382,166,0.0
901,166,34,83.0,3.3200000000000003,0.6799999999999997,83.0,16.999999999999993,332.0,43.41571858245063,382,166,0.0
902,166,34,83.0,3.3200000000000003,0.6799999999999997,83.0,16.999999999999993,332.0,43.41571858245063,382,166,0.0
903,166,34,83.0,3.3200000000000003,0.6799999999999997,83.0,16.999999999999993,332.0,43.41571858245063,382,166,0.0
904,166,34,83.0,3.3200000000000003,0.6799999999999997,83.0,16.999999999999993,332.0,43.41571858245063,383,166,0.0
905,166,34,83.0,3.3200000000000003,0.6799999999999997,83.0,16.999999999999993,332.0,43.41571858245063,384,166,0.0
906,166,34,83.0,3.3200000000000003,0.6799999999999997,83.0,16.999999999999993,332.0,43.41571858245063,385,166,0.0
907,166,34,83.0,3.3200000000000003,0.6799999999999997,83.0,16.999999999999993,332.0,43.41571858245063,386,166,0.0
908,166,34,83.0,3.3200000000000003,0.6799999999999997,83.0,16.999999999999993,332.0,43.41571858245063,387,166,0.0
909,166,34,83.0,3.3200000000000003,0.6799999999999997,83.0,16.999999999999993,332.0,43.41571858245063,387,166,0.0
910,166,34,83.0,3.3200000000000003,0.6799999999999997,83.0,16.999999999999993,332.0,43.41571858245063,387,166,0.0
911,166,34,83.0,3.3200000000000003,0.6799999999999997,83.0,16.999999999999993,332.0,43.41571858245063,388,166,0.0
912,166,34,83.0,3.3200000000000003,0.6799999999999997,83.0,16.999999999999993,332.0,43.41571858245063,389,166,0.0
913,166,34,83.0,3.3200000000000003,0.6799999999999997,83.0,16.999999999999993,332.0,43.41571858245063,389,166,0.0
914,166,34,83.0,3.3200000000000003,0.6799999999999997,83.0,16.999999999999993,332.0,43.41571858245063,389,166,0.0
915,166,34,83.0,3.3200000000000003,0.6799999999999997,83.0,16.999999999999993,332.0,43.41571858245063,390,166,0.0
916,166,34,83.0,3.3200000000000003,0.6799999999999997,83.0,16.999999999999993,332.0,43.41571858245063,390,166,0.0
917,166,34,83.0,3.3200000000000003,0.6799999999999997,83.0,16.999999999999993,332.0,43.41571858245063,390,166,0.0
918,166,34,83.0,3.3200000000000003,0.6799999999999997,83.0,16.999999999999993,332.0,43.41571858245063,390,166,0.0
919,166,34,83.0,3.3200000000000003,0.6799999999999997,83.0,16.999999999999993,332.0,43.41571858245063,390,166,0.0
920,166,34,83.0,3.3200000000000003,0.6799999999999997,83.0,16.999999999999993,332.0,43.41571858245063,390,166,0.0
921,166,34,83.0,3.3200000000000003,0.6799999999999997,83.0,16.999999999999993,332.0,43.41571858245063,390,166,0.0
922,166,34,83.0,3.3200000000000003,0.6799999999999997,83.0,16.999999999999993,332.0,43.41571858245063,390,166,0.0
923,166,34,83.0,3.3200000000000003,0.6799999999999997,83.0,16.999999999999993,332.0,43.41571858245063,390,166,0.0
924,166,34,83.0,3.3200000000000003,0.6799999999999997,83.0,16.999999999999993,332.0,43.41571858245063,390,166,0.0
925,166,34,83.0,3.3200000000000003,0.6799999999999997,83.0,16.999999999999993,332.0,43.41571858245063,390,166,0.0
926,166,34,83.0,3.3200000000000003,0.6799999999999997,83.0,16.999999999999993,332.0,43.41571858245063,390,166,0.0
927,166,34,83.0,3.3200000000000003,0.6799999999999997,83.0,16.999999999999993,332.0,43.41571858245063,390,166,0.0
928,166,34,83.0,3.3200000000000003,0.6799999999999997,83.0,16.999999999999993,332.0,43.41571858245063,391,166,0.0
929,166,34,83.0,3.3200000000000003,0.6799999999999997,83.0,16.999999999999993,332.0,43.41571858245063,392,166,0.0
930,166,34,83.0,3.3200000000000003,0.6799999999999997,83.0,16.999999999999993,332.0,43.41571858245063,392,166,0.0
931,166,34,83.0,3.3200000000000003,0.6799999999999997,83.0,16.999999999999993,332.0,43.41571858245063,393,166,0.0
932,166,34,83.0,3.3200000000000003,0.6799999999999997,83.0,16.999999999999993,332.0,43.41571858245063,395,166,0.0
933,166,34,83.0,3.3200000000000003,0.6799999999999997,83.0,16.999999999999993,332.0,43.41571858245063,396,166,0.0
934,166,34,83.0,3.3200000000000003,0.6799999999999997,83.0,16.999999999999993,332.0,43.41571858245063,397,166,0.0
935,166,34,83.0,3.3200000000000003,0.6799999999999997,83.0,16.999999999999993,332.0,43.41571858245063,397,166,0.0
936,166,34,83.0,3.3200000000000003,0.6799999999999997,83.0,16.999999999999993,332.0,43.41571858245063,397,166,0.0
937,166,34,83.0,3.3200000000000003,0.6799999999999997,83.0,16.999999999999993,332.0,43.41571858245063,397,166,0.0
938,166,34,83.0,3.3200000000000003,0.6799999999999997,83.0,16.999999999999993,332.0,43.41571858245063,397,166,0.0
939,166,34,83.0,3.3200000000000003,0.6799999999999997,83.0,16.999999999999993,332.0,43.41571858245063,397,166,0.0
940,166,34,83.0,3.3200000000000003,0.6799999999999997,83.0,16.999999999999993,332.0,43.41571858245063,397,166,0.0
941,166,34,83.0,3.3200000000000003,0.6799999999999997,83.0,16.999999999999993,332.0,43.41571858245063,397,166,0.0
942,166,34,83.0,3.3200000000000003,0.6799999999999997,83.0,16.999999999999993,332.0,43.41571858245063,397,166,0.0
943,166,34,83.0,3.3200000000000003,0.6799999999999997,83.0,16.999999999999993,332.0,43.41571858245063,397,166,0.0
944,166,34,83.0,3.3200000000000003,0.6799999999999997,83.0,16.999999999999993,332.0,43.41571858245063,397,166,0.0
945,166,34,83.0,3.3200000000000003,0.6799999999999997,83.0,16.999999999999993,332.0,43.41571858245063,397,166,0.0
946,166,34,83.0,3.3200000000000003,0.6799999999999997,83.0,16.999999999999993,332.0,43.41571858245063,397,166,0.0
947,166,34,83.0,3.3200000000000003,0.6799999999999997,83.0,16.999999999999993,332.0,43.41571858245063,397,166,0.0
948,166,34,83.0,3.3200000000000003,0.6799999999999997,83.0,16.999999999999993,332.0,43.41571858245063,397,166,0.0
949,166,34,83.0,3.3200000000000003,0.6799999999999997,83.0,16.999999999999993,332.0,43.41571858245063,398,166,0.0
950,166,34,83.0,3.3200000000000003,0.6799999999999997,83.0,16.999999999999993,332.0,43.41571858245063,398,166,0.0
951,166,34,83.0,3.3200000000000003,0.6799999999999997,83.0,16.999999999999993,332.0,43.41571858245063,398,166,0.0
952,166,34,83.0,3.3200000000000003,0.6799999999999997,83.0,16.999999999999993,332.0,43.41571858245063,398,166,0.0
953,166,34,83.0,3.3200000000000003,0.6799999999999997,83.0,16.999999999999993,332.0,43.41571858245063,398,166,0.0
954,166,34,83.0,3.3200000000000003,0.6799999999999997,83.0,16.999999999999993,332.0,43.41571858245063,398,166,0.0
955,166,34,83.0,3.3200000000000003,0.6799999999999997,83.0,16.999999999999993,332.0,43.41571858245063,398,166,0.0
956,166,34,83.0,3.3200000000000003,0.6799999999999997,83.0,16.999999999999993,332.0,43.41571858245063,398,166,0.0
957,166,34,83.0,3.3200000000000003,0.6799999999999997,83.0,16.999999999999993,332.0,43.41571858245063,398,166,0.0
958,166,34,83.0,3.3200000000000003,0.6799999999999997,83.0,16.999999999999993,332.0,43.41571858245063,398,166,0.0
959,166,34,83.0,3.3200000000000003,0.6799999999999997,83.0,16.999999999999993,332.0,43.41571858245063,398,166,0.0
960,166,34,83.0,3.3200000000000003,0.6799999999999997,83.0,16.999999999999993,332.0,43.41571858245063,398,166,0.0
961,166,34,83.0,3.3200000000000003,0.6799999999999997,83.0,16.999999999999993,332.0,43.41571858245063,399,166,0.0
962,166,34,83.0,3.3200000000000003,0.6799999999999997,83.0,16.999999999999993,332.0,43.41571858245063,400,166,0.0
963,166,34,83.0,3.3200000000000003,0.6799999999999997,83.0,16.999999999999993,332.0,43.41571858245063,401,166,0.0
964,166,34,83.0,3.3200000000000003,0.6799999999999997,83.0,16.999999999999993,332.0,43.41571858245063,401,166,0.0
965,166,34,83.0,3.3200000000000003,0.6799999999999997,83.0,16.999999999999993,332.0,43.41571858245063,401,166,0.0
966,166,34,83.0,3.3200000000000003,0.6799999999999997,83.0,16.999999999999993,332.0,43.41571858245063,402,166,0.0
967,166,34,83.0,3.3200000000000003,0.6799999999999997,83.0,16.999999999999993,332.0,43.41571858245063,402,166,0.0
968,166,34,83.0,3.3200000000000003,0.6799999999999997,83.0,16.999999999999993,332.0,43.41571858245063,402,166,0.0
969,166,34,83.0,3.3200000000000003,0.6799999999999997,83.0,16.999999999999993,332.0,43.41571858245063,402,166,0.0
970,166,34,83.0,3.3200000000000003,0.6799999999999997,83.0,16.999999999999993,332.0,43.41571858245063,402,166,0.0
971,166,34,83.0,3.3200000000000003,0.6799999999999997,83.0,16.999999999999993,332.0,43.41571858245063,402,166,0.0
972,166,34,83.0,3.3200000000000003,0.6799999999999997,83.0,16.999999999999993,332.0,43.41571858245063,402,166,0.0
973,166,34,83.0,3.3200000000000003,0.6799999999999997,83.0,16.999999999999993,332.0,43.41571858245063,402,166,0.0
974,166,34,83.0,3.3200000000000003,0.6799999999999997,83.0,16.999999999999993,332.0,43.41571858245063,402,166,0.0
975,166,34,83.0,3.3200000000000003,0.6799999999999997,83.0,16.999999999999993,332.0,43.41571858245063,402,166,0.0
976,166,34,83.0,3.3200000000000003,0.6799999999999997,83.0,16.999999999999993,332.0,43.41571858245063,402,166,0.0
977,166,34,83.0,3.3200000000000003,0.6799999999999997,83.0,16.999999999999993,332.0,43.41571858245063,402,166,0.0
978,166,34,83.0,3.3200000000000003,0.6799999999999997,83.0,16.999999999999993,332.0,43.41571858245063,402,166,0.0
979,166,34,83.0,3.3200000000000003,0.6799999999999997,83.0,16.999999999999993,332.0,43.41571858245063,402,166,0.0
980,166,34,83.0,3.3200000000000003,0.6799999999999997,83.0,16.999999999999993,332.0,43.41571858245063,402,166,0.0
981,166,34,83.0,3.3200000000000003,0.6799999999999997,83.0,16.999999999999993,332.0,43.41571858245063,402,166,0.0
982,166,34,83.0,3.3200000000000003,0.6799999999999997,83.0,16.999999999999993,332.0,43.41571858245063,402,166,0.0
983,166,34,83.0,3.3200000000000003,0.6799999999999997,83.0,16.999999999999993,332.0,43.41571858245063,402,166,0.0
984,166,34,83.0,3.3200000000000003,0.6799999999999997,83.0,16.999999999999993,332.0,43.41571858245063,402,166,0.0
985,166,34,83.0,3.3200000000000003,0.6799999999999997,83.0,16.999999999999993,332.0,43.41571858245063,402,166,0.0
986,166,34,83.0,3.3200000000000003,0.6799999999999997,83.0,16.999999999999993,332.0,43.41571858245063,402,166,0.0
987,166,34,83.0,3.3200000000000003,0.6799999999999997,83.0,16.999999999999993,332.0,43.41571858245063,402,166,0.0
988,166,34,83.0,3.3200000000000003,0.6799999999999997,83.0,16.999999999999993,332.0,43.41571858245063,402,166,0.0
989,166,34,83.0,3.3200000000000003,0.6799999999999997,83.0,16.999999999999993,332.0,43.41571858245063,402,166,0.0
990,166,34,83.0,3.3200000000000003,0.6799999999999997,83.0,16.999999999999993,332.0,43.41571858245063,402,166,0.0
991,166,34,83.0,3.3200000000000003,0.6799999999999997,83.0,16.999999999999993,332.0,43.41571858245063,402,166,0.0
992,166,34,83.0,3.3200000000000003,0.6799999999999997,83.0,16.999999999999993,332.0,43.41571858245063,402,166,0.0
993,166,34,83.0,3.3200000000000003,0.6799999999999997,83.0,16.999999999999993,332.0,43.41571858245063,403,166,0.0
994,166,34,83.0,3.3200000000000003,0.6799999999999997,83.0,16.999999999999993,332.0,43.41571858245063,403,166,0.0
995,166,34,83.0,3.3200000000000003,0.6799999999999997,83.0,16.999999999999993,332.0,43.41571858245063,403,166,0.0
996,166,34,83.0,3.3200000000000003,0.6799999999999997,83.0,16.999999999999993,332.0,43.41571858245063,404,166,0.0
997,166,34,83.0,3.3200000000000003,0.6799999999999997,83.0,16.999999999999993,332.0,43.41571858245063,405,166,0.0
998,166,34,83.0,3.3200000000000003,0.6799999999999997,83.0,16.999999999999993,332.0,43.41571858245063,406,166,0.0
999,166,34,83.0,3.3200000000000003,0.6799999999999997,83.0,16.999999999999993,332.0,43.41571858245063,407,166,0.0
1000,166,34,83.0,3.3200000000000003,0.6799999999999997,83.0,16.999999999999993,332.0,43.41571858245063,409,166,0.0
1001,166,34,83.0,3.3200000000000003,0.6799999999999997,83.0,16.999999999999993,332.0,43.41571858245063,411,166,0.0
1002,166,34,83.0,3.3200000000000003,0.6799999999999997,83.0,16.999999999999993,332.0,43.41571858245063,413,166,0.0
1003,166,34,83.0,3.3200000000000003,0.6799999999999997,83.0,16.999999999999993,332.0,43.41571858245063,414,166,0.0
1004,166,34,83.0,3.3200000000000003,0.6799999999999997,83.0,16.999999999999993,332.0,43.41571858245063,414,166,0.0
1005,166,34,83.0,3.3200000000000003,0.6799999999999997,83.0,16.999999999999993,332.0,43.41571858245063,414,166,0.0
1006,166,34,83.0,3.3200000000000003,0.6799999999999997,83.0,16.999999999999993,332.0,43.41571858245063,414,166,0.0
1007,166,34,83.0,3.3200000000000003,0.6799999999999997,83.0,16.999999999999993,332.0,43.41571858245063,414,166,0.0
1008,166,34,83.0,3.3200000000000003,0.6799999999999997,83.0,16.999999999999993,332.0,43.41571858245063,415,166,0.0
1009,166,34,83.0,3.3200000000000003,0.6799999999999997,83.0,16.999999999999993,332.0,43.41571858245063,415,166,0.0
1010,166,34,83.0,3.3200000000000003,0.6799999999999997,83.0,16.999999999999993,332.0,43.41571858245063,415,166,0.0
1011,166,34,83.0,3.3200000000000003,0.6799999999999997,83.0,16.999999999999993,332.0,43.41571858245063,415,166,0.0
1012,166,34,83.0,3.3200000000000003,0.6799999999999997,83.0,16.999999999999993,332.0,43.41571858245063,415,166,0.0
1013,166,34,83.0,3.3200000000000003,0.6799999999999997,83.0,16.999999999999993,332.0,43.41571858245063,415,166,0.0
1014,166,34,83.0,3.3200000000000003,0.6799999999999997,83.0,16.999999999999993,332.0,43.41571858245063,415,166,0.0
1015,166,34,83.0,3.3200000000000003,0.6799999999999997,83.0,16.999999999999993,332.0,43.41571858245063,415,166,0.0
1016,166,34,83.0,3.3200000000000003,0.6799999999999997,83.0,16.999999999999993,332.0,43.41571858245063,416,166,0.0
1017,166,34,83.0,3.3200000000000003,0.6799999999999997,83.0,16.999999999999993,332.0,43.41571858245063,416,166,0.0
1018,166,34,83.0,3.3200000000000003,0.6799999999999997,83.0,16.999999999999993,332.0,43.41571858245063,416,166,0.0
1019,166,34,83.0,3.3200000000000003,0.6799999999999997,83.0,16.999999999999993,332.0,43.41571858245063,417,166,0.0
1020,166,34,83.0,3.3200000000000003,0.6799999999999997,83.0,16.999999999999993,332.0,43.41571858245063,417,166,0.0
1021,166,34,83.0,3.3200000000000003,0.6799999999999997,83.0,16.999999999999993,332.0,43.41571858245063,417,166,0.0
1022,166,34,83.0,3.3200000000000003,0.6799999999999997,83.0,16.999999999999993,332.0,43.41571858245063,417,166,0.0
1023,166,34,83.0,3.3200000000000003,0.6799999999999997,83.0,16.999999999999993,332.0,43.41571858245063,417,166,0.0
1024,166,34,83.0,3.3200000000000003,0.6799999999999997,83.0,16.999999999999993,332.0,43.41571858245063,417,166,0.0
1025,166,34,83.0,3.3200000000000003,0.6799999999999997,83.0,16.999999999999993,332.0,43.41571858245063,417,166,0.0
1026,166,34,83.0,3.3200000000000003,0.6799999999999997,83.0,16.999999999999993,332.0,43.41571858245063,417,166,0.0
1027,166,34,83.0,3.3200000000000003,0.6799999999999997,83.0,16.999999999999993,332.0,43.41571858245063,417,166,0.0
1028,166,34,83.0,3.3200000000000003,0.6799999999999997,83.0,16.999999999999993,332.0,43.41571858245063,417,166,0.0
1029,166,34,83.0,3.3200000000000003,0.6799999999999997,83.0,16.999999999999993,332.0,43.41571858245063,417,166,0.0
1030,167,33,83.5,3.34,0.6600000000000001,83.5,16.500000000000004,334.0,43.67725905583889,418,167,2.0
1031,167,33,83.5,3.34,0.6600000000000001,83.5,16.500000000000004,334.0,43.67725905583889,418,167,0.0
1032,167,33,83.5,3.34,0.6600000000000001,83.5,16.500000000000004,334.0,43.67725905583889,418,167,0.0
1033,167,33,83.5,3.34,0.6600000000000001,83.5,16.500000000000004,334.0,43.67725905583889,419,167,0.0
1034,167,33,83.5,3.34,0.6600000000000001,83.5,16.500000000000004,334.0,43.67725905583889,419,167,0.0
1035,167,33,83.5,3.34,0.6600000000000001,83.5,16.500000000000004,334.0,43.67725905583889,419,167,0.0
1036,167,33,83.5,3.34,0.6600000000000001,83.5,16.500000000000004,334.0,43.67725905583889,419,167,0.0
1037,167,33,83.5,3.34,0.6600000000000001,83.5,16.500000000000004,334.0,43.67725905583889,419,167,0.0
1038,167,33,83.5,3.34,0.6600000000000001,83.5,16.500000000000004,334.0,43.67725905583889,419,167,0.0
1039,167,33,83.5,3.34,0.6600000000000001,83.5,16.500000000000004,334.0,43.67725905583889,419,167,0.0
1040,167,33,83.5,3.34,0.6600000000000001,83.5,16.500000000000004,334.0,43.67725905583889,419,167,0.0
1041,168,32,84.0,3.36,0.6400000000000001,84.0,16.000000000000004,336.0,43.93879952922715,420,168,2.0
1042,169,31,84.5,3.38,0.6200000000000001,84.5,15.500000000000002,338.0,44.2003400026154,421,169,2.0
1043,169,31,84.5,3.38,0.6200000000000001,84.5,15.500000000000002,338.0,44.2003400026154,421,169,0.0
1044,169,31,84.5,3.38,0.6200000000000001,84.5,15.500000000000002,338.0,44.2003400026154,421,169,0.0
1045,169,31,84.5,3.38,0.6200000000000001,84.5,15.500000000000002,338.0,44.2003400026154,421,169,0.0
1046,169,31,84.5,3.38,0.6200000000000001,84.5,15.500000000000002,338.0,44.2003400026154,421,169,0.0
1047,169,31,84.5,3.38,0.6200000000000001,84.5,15.500000000000002,338.0,44.2003400026154,421,169,0.0
1048,169,31,84.5,3.38,0.6200000000000001,84.5,15.500000000000002,338.0,44.2003400026154,421,169,0.0
1049,169,31,84.5,3.38,0.6200000000000001,84.5,15.500000000000002,338.0,44.2003400026154,421,169,0.0
1050,169,31,84.5,3.38,0.6200000000000001,84.5,15.500000000000002,338.0,44.2003400026154,421,169,0.0
1051,169,31,84.5,3.38,0.6200000000000001,84.5,15.500000000000002,338.0,44.2003400026154,421,169,0.0
1052,169,31,84.5,3.38,0.6200000000000001,84.5,15.500000000000002,338.0,44.2003400026154,421,169,0.0
1053,169,31,84.5,3.38,0.6200000000000001,84.5,15.500000000000002,338.0,44.2003400026154,421,169,0.0
1054,169,31,84.5,3.38,0.6200000000000001,84.5,15.500000000000002,338.0,44.2003400026154,421,169,0.0
1055,169,31,84.5,3.38,0.6200000000000001,84.5,15.500000000000002,338.0,44.2003400026154,421,169,0.0
1056,169,31,84.5,3.38,0.6200000000000001,84.5,15.500000000000002,338.0,44.2003400026154,421,169,0.0
1057,169,31,84.5,3.38,0.6200000000000001,84.5,15.500000000000002,338.0,44.2003400026154,421,169,0.0
1058,169,31,84.5,3.38,0.6200000000000001,84.5,15.500000000000002,338.0,44.2003400026154,421,169,0.0
1059,169,31,84.5,3.38,0.6200000000000001,84.5,15.500000000000002,338.0,44.2003400026154,421,169,0.0
1060,169,31,84.5,3.38,0.6200000000000001,84.5,15.500000000000002,338.0,44.2003400026154,421,169,0.0
1061,169,31,84.5,3.38,0.6200000000000001,84.5,15.500000000000002,338.0,44.2003400026154,421,169,0.0
1062,169,31,84.5,3.38,0.6200000000000001,84.5,15.500000000000002,338.0,44.2003400026154,421,169,0.0
1063,169,31,84.5,3.38,0.6200000000000001,84.5,15.500000000000002,338.0,44.2003400026154,421,169,0.0
1064,169,31,84.5,3.38,0.6200000000000001,84.5,15.500000000000002,338.0,44.2003400026154,421,169,0.0
1065,169,31,84.5,3.38,0.6200000000000001,84.5,15.500000000000002,338.0,44.2003400026154,421,169,0.0
1066,169,31,84.5,3.38,0.6200000000000001,84.5,15.500000000000002,338.0,44.2003400026154,421,169,0.0
1067,169,31,84.5,3.38,0.6200000000000001,84.5,15.500000000000002,338.0,44.2003400026154,421,169,0.0
1068,169,31,84.5,3.38,0.6200000000000001,84.5,15.500000000000002,338.0,44.2003400026154,421,169,0.0
1069,169,31,84.5,3.38,0.6200000000000001,84.5,15.500000000000002,338.0,44.2003400026154,421,169,0.0
1070,169,31,84.5,3.38,0.6200000000000001,84.5,15.500000000000002,338.0,44.2003400026154,421,169,0.0
1071,169,31,84.5,3.38,0.6200000000000001,84.5,15.500000000000002,338.0,44.2003400026154,421,169,0.0
1072,169,31,84.5,3.38,0.6200000000000001,84.5,15.500000000000002,338.0,44.2003400026154,421,169,0.0
1073,169,31,84.5,3.38,0.6200000000000001,84.5,15.500000000000002,338.0,44.2003400026154,421,169,0.0
1074,169,31,84.5,3.38,0.6200000000000001,84.5,15.500000000000002,338.0,44.2003400026154,421,169,0.0
1075,169,31,84.5,3.38,0.6200000000000001,84.5,15.500000000000002,338.0,44.2003400026154,421,169,0.0
1076,169,31,84.5,3.38,0.6200000000000001,84.5,15.500000000000002,338.0,44.2003400026154,422,169,0.0
1077,169,31,84.5,3.38,0.6200000000000001,84.5,15.500000000000002,338.0,44.2003400026154,423,169,0.0
1078,170,30,85.0,3.4,0.6000000000000001,85.0,15.000000000000002,340.0,44.46188047600366,424,170,2.0
1079,170,30,85.0,3.4,0.6000000000000001,85.0,15.000000000000002,340.0,44.46188047600366,424,170,0.0
1080,170,30,85.0,3.4,0.6000000000000001,85.0,15.000000000000002,340.0,44.46188047600366,424,170,0.0
1081,170,30,85.0,3.4,0.6000000000000001,85.0,15.000000000000002,340.0,44.46188047600366,424,170,0.0
1082,170,30,85.0,3.4,0.6000000000000001,85.0,15.000000000000002,340.0,44.46188047600366,424,170,0.0
1083,170,30,85.0,3.4,0.6000000000000001,85.0,15.000000000000002,340.0,44.46188047600366,424,170,0.0
1084,170,30,85.0,3.4,0.6000000000000001,85.0,15.000000000000002,340.0,44.46188047600366,424,170,0.0
1085,170,30,85.0,3.4,0.6000000000000001,85.0,15.000000000000002,340.0,44.46188047600366,425,170,0.0
1086,170,30,85.0,3.4,0.6000000000000001,85.0,15.000000000000002,340.0,44.46188047600366,425,170,0.0
1087,170,30,85.0,3.4,0.6000000000000001,85.0,15.000000000000002,340.0,44.46188047600366,425,170,0.0
1088,170,30,85.0,3.4,0.6000000000000001,85.0,15.000000000000002,340.0,44.46188047600366,426,170,0.0
1089,170,30,85.0,3.4,0.6000000000000001,85.0,15.000000000000002,340.0,44.46188047600366,427,170,0.0
1090,170,30,85.0,3.4,0.6000000000000001,85.0,15.000000000000002,340.0,44.46188047600366,428,170,0.0
1091,170,30,85.0,3.4,0.6000000000000001,85.0,15.000000000000002,340.0,44.46188047600366,429,170,0.0
1092,170,30,85.0,3.4,0.6000000000000001,85.0,15.000000000000002,340.0,44.46188047600366,430,170,0.0
1093,170,30,85.0,3.4,0.6000000000000001,85.0,15.000000000000002,340.0,44.46188047600366,431,170,0.0
1094,170,30,85.0,3.4,0.6000000000000001,85.0,15.000000000000002,340.0,44.46188047600366,432,170,0.0
1095,171,29,85.5,3.42,0.5800000000000001,85.5,14.500000000000002,342.0,44.723420949391915,433,171,2.0
1096,171,29,85.5,3.42,0.5800000000000001,85.5,14.500000000000002,342.0,44.723420949391915,434,171,0.0
1097,171,29,85.5,3.42,0.5800000000000001,85.5,14.500000000000002,342.0,44.723420949391915,435,171,0.0
1098,171,29,85.5,3.42,0.5800000000000001,85.5,14.500000000000002,342.0,44.723420949391915,436,171,0.0
1099,171,29,85.5,3.42,0.5800000000000001,85.5,14.500000000000002,342.0,44.723420949391915,436,171,0.0
1100,171,29,85.5,3.42,0.5800000000000001,85.5,14.500000000000002,342.0,44.723420949391915,436,171,0.0
1101,171,29,85.5,3.42,0.5800000000000001,85.5,14.500000000000002,342.0,44.723420949391915,436,171,0.0
1102,171,29,85.5,3.42,0.5800000000000001,85.5,14.500000000000002,342.0,44.723420949391915,436,171,0.0
1103,171,29,85.5,3.42,0.5800000000000001,85.5,14.500000000000002,342.0,44.723420949391915,436,171,0.0
1104,171,29,85.5,3.42,0.5800000000000001,85.5,14.500000000000002,342.0,44.723420949391915,436,171,0.0
1105,171,29,85.5,3.42,0.5800000000000001,85.5,14.500000000000002,342.0,44.723420949391915,436,171,0.0
1106,171,29,85.5,3.42,0.5800000000000001,85.5,14.500000000000002,342.0,44.723420949391915,436,171,0.0
1107,171,29,85.5,3.42,0.5800000000000001,85.5,14.500000000000002,342.0,44.723420949391915,436,171,0.0
1108,171,29,85.5,3.42,0.5800000000000001,85.5,14.500000000000002,342.0,44.723420949391915,436,171,0.0
1109,171,29,85.5,3.42,0.5800000000000001,85.5,14.500000000000002,342.0,44.723420949391915,436,171,0.0
1110,171,29,85.5,3.42,0.5800000000000001,85.5,14.500000000000002,342.0,44.723420949391915,436,171,0.0
1111,171,29,85.5,3.42,0.5800000000000001,85.5,14.500000000000002,342.0,44.723420949391915,436,171,0.0
1112,171,29,85.5,3.42,0.5800000000000001,85.5,14.500000000000002,342.0,44.723420949391915,436,171,0.0
1113,171,29,85.5,3.42,0.5800000000000001,85.5,14.500000000000002,342.0,44.723420949391915,436,171,0.0
1114,171,29,85.5,3.42,0.5800000000000001,85.5,14.500000000000002,342.0,44.723420949391915,436,171,0.0
1115,171,29,85.5,3.42,0.5800000000000001,85.5,14.500000000000002,342.0,44.723420949391915,436,171,0.0
1116,171,29,85.5,3.42,0.5800000000000001,85.5,14.500000000000002,342.0,44.723420949391915,436,171,0.0
1117,171,29,85.5,3.42,0.5800000000000001,85.5,14.500000000000002,342.0,44.723420949391915,436,171,0.0
1118,171,29,85.5,3.42,0.5800000000000001,85.5,14.500000000000002,342.0,44.723420949391915,436,171,0.0
1119,171,29,85.5,3.42,0.5800000000000001,85.5,14.500000000000002,342.0,44.723420949391915,436,171,0.0
1120,171,29,85.5,3.42,0.5800000000000001,85.5,14.500000000000002,342.0,44.723420949391915,436,171,0.0
1121,171,29,85.5,3.42,0.5800000000000001,85.5,14.500000000000002,342.0,44.723420949391915,436,171,0.0
1122,171,29,85.5,3.42,0.5800000000000001,85.5,14.500000000000002,342.0,44.723420949391915,436,171,0.0
1123,171,29,85.5,3.42,0.5800000000000001,85.5,14.500000000000002,342.0,44.723420949391915,436,171,0.0
1124,171,29,85.5,3.42,0.5800000000000001,85.5,14.500000000000002,342.0,44.723420949391915,436,171,0.0
1125,171,29,85.5,3.42,0.5800000000000001,85.5,14.500000000000002,342.0,44.723420949391915,436,171,0.0
1126,171,29,85.5,3.42,0.5800000000000001,85.5,14.500000000000002,342.0,44.723420949391915,436,171,0.0
1127,171,29,85.5,3.42,0.5800000000000001,85.5,14.500000000000002,342.0,44.723420949391915,436,171,0.0
1128,171,29,85.5,3.42,0.5800000000000001,85.5,14.500000000000002,342.0,44.723420949391915,436,171,0.0
1129,171,29,85.5,3.42,0.5800000000000001,85.5,14.500000000000002,342.0,44.723420949391915,436,171,0.0
1130,171,29,85.5,3.42,0.5800000000000001,85.5,14.500000000000002,342.0,44.723420949391915,436,171,0.0
1131,171,29,85.5,3.42,0.5800000000000001,85.5,14.500000000000002,342.0,44.723420949391915,436,171,0.0
1132,171,29,85.5,3.42,0.5800000000000001,85.5,14.500000000000002,342.0,44.723420949391915,436,171,0.0
1133,171,29,85.5,3.42,0.5800000000000001,85.5,14.500000000000002,342.0,44.723420949391915,436,171,0.0
1134,171,29,85.5,3.42,0.5800000000000001,85.5,14.500000000000002,342.0,44.723420949391915,436,171,0.0
1135,171,29,85.5,3.42,0.5800000000000001,85.5,14.500000000000002,342.0,44.723420949391915,436,171,0.0
1136,171,29,85.5,3.42,0.5800000000000001,85.5,14.500000000000002,342.0,44.723420949391915,436,171,0.0
1137,171,29,85.5,3.42,0.5800000000000001,85.5,14.500000000000002,342.0,44.723420949391915,436,171,0.0
1138,171,29,85.5,3.42,0.5800000000000001,85.5,14.500000000000002,342.0,44.723420949391915,436,171,0.0
1139,171,29,85.5,3.42,0.5800000000000001,85.5,14.500000000000002,342.0,44.723420949391915,436,171,0.0
1140,171,29,85.5,3.42,0.5800000000000001,85.5,14.500000000000002,342.0,44.723420949391915,436,171,0.0
1141,171,29,85.5,3.42,0.5800000000000001,85.5,14.500000000000002,342.0,44.723420949391915,436,171,0.0
1142,171,29,85.5,3.42,0.5800000000000001,85.5,14.500000000000002,342.0,44.723420949391915,436,171,0.0
1143,171,29,85.5,3.42,0.5800000000000001,85.5,14.500000000000002,342.0,44.723420949391915,436,171,0.0
1144,171,29,85.5,3.42,0.5800000000000001,85.5,14.500000000000002,342.0,44.723420949391915,436,171,0.0
1145,171,29,85.5,3.42,0.5800000000000001,85.5,14.500000000000002,342.0,44.723420949391915,436,171,0.0
1146,171,29,85.5,3.42,0.5800000000000001,85.5,14.500000000000002,342.0,44.723420949391915,436,171,0.0
1147,171,29,85.5,3.42,0.5800000000000001,85.5,14.500000000000002,342.0,44.723420949391915,436,171,0.0
1148,171,29,85.5,3.42,0.5800000000000001,85.5,14.500000000000002,342.0,44.723420949391915,436,171,0.0
1149,171,29,85.5,3.42,0.5800000000000001,85.5,14.500000000000002,342.0,44.723420949391915,436,171,0.0
1150,171,29,85.5,3.42,0.5800000000000001,85.5,14.500000000000002,342.0,44.723420949391915,436,171,0.0
1151,171,29,85.5,3.42,0.5800000000000001,85.5,14.500000000000002,342.0,44.723420949391915,436,171,0.0
1152,171,29,85.5,3.42,0.5800000000000001,85.5,14.500000000000002,342.0,44.723420949391915,436,171,0.0
1153,171,29,85.5,3.42,0.5800000000000001,85.5,14.500000000000002,342.0,44.723420949391915,436,171,0.0
1154,171,29,85.5,3.42,0.5800000000000001,85.5,14.500000000000002,342.0,44.723420949391915,436,171,0.0
1155,171,29,85.5,3.42,0.5800000000000001,85.5,14.500000000000002,342.0,44.723420949391915,436,171,0.0
1156,171,29,85.5,3.42,0.5800000000000001,85.5,14.500000000000002,342.0,44.723420949391915,436,171,0.0
1157,171,29,85.5,3.42,0.5800000000000001,85.5,14.500000000000002,342.0,44.723420949391915,436,171,0.0
1158,171,29,85.5,3.42,0.5800000000000001,85.5,14.500000000000002,342.0,44.723420949391915,436,171,0.0
1159,171,29,85.5,3.42,0.5800000000000001,85.5,14.500000000000002,342.0,44.723420949391915,436,171,0.0
1160,171,29,85.5,3.42,0.5800000000000001,85.5,14.500000000000002,342.0,44.723420949391915,436,171,0.0
1161,171,29,85.5,3.42,0.5800000000000001,85.5,14.500000000000002,342.0,44.723420949391915,436,171,0.0
1162,171,29,85.5,3.42,0.5800000000000001,85.5,14.500000000000002,342.0,44.723420949391915,436,171,0.0
1163,171,29,85.5,3.42,0.5800000000000001,85.5,14.500000000000002,342.0,44.723420949391915,436,171,0.0
1164,171,29,85.5,3.42,0.5800000000000001,85.5,14.500000000000002,342.0,44.723420949391915,436,171,0.0
1165,171,29,85.5,3.42,0.5800000000000001,85.5,14.500000000000002,342.0,44.723420949391915,436,171,0.0
1166,171,29,85.5,3.42,0.5800000000000001,85.5,14.500000000000002,342.0,44.723420949391915,436,171,0.0
1167,171,29,85.5,3.42,0.5800000000000001,85.5,14.500000000000002,342.0,44.723420949391915,436,171,0.0
1168,171,29,85.5,3.42,0.5800000000000001,85.5,14.500000000000002,342.0,44.723420949391915,436,171,0.0
1169,171,29,85.5,3.42,0.5800000000000001,85.5,14.500000000000002,342.0,44.723420949391915,436,171,0.0
1170,171,29,85.5,3.42,0.5800000000000001,85.5,14.500000000000002,342.0,44.723420949391915,436,171,0.0
1171,171,29,85.5,3.42,0.5800000000000001,85.5,14.500000000000002,342.0,44.723420949391915,436,171,0.0
1172,171,29,85.5,3.42,0.5800000000000001,85.5,14.500000000000002,342.0,44.723420949391915,436,171,0.0
1173,171,29,85.5,3.42,0.5800000000000001,85.5,14.500000000000002,342.0,44.723420949391915,436,171,0.0
1174,171,29,85.5,3.42,0.5800000000000001,85.5,14.500000000000002,342.0,44.723420949391915,436,171,0.0
1175,171,29,85.5,3.42,0.5800000000000001,85.5,14.500000000000002,342.0,44.723420949391915,436,171,0.0
1176,171,29,85.5,3.42,0.5800000000000001,85.5,14.500000000000002,342.0,44.723420949391915,436,171,0.0
1177,171,29,85.5,3.42,0.5800000000000001,85.5,14.500000000000002,342.0,44.723420949391915,436,171,0.0
1178,171,29,85.5,3.42,0.5800000000000001,85.5,14.500000000000002,342.0,44.723420949391915,436,171,0.0
1179,171,29,85.5,3.42,0.5800000000000001,85.5,14.500000000000002,342.0,44.723420949391915,436,171,0.0
1180,171,29,85.5,3.42,0.5800000000000001,85.5,14.500000000000002,342.0,44.723420949391915,436,171,0.0
1181,171,29,85.5,3.42,0.5800000000000001,85.5,14.500000000000002,342.0,44.723420949391915,436,171,0.0
1182,171,29,85.5,3.42,0.5800000000000001,85.5,14.500000000000002,342.0,44.723420949391915,436,171,0.0
1183,171,29,85.5,3.42,0.5800000000000001,85.5,14.500000000000002,342.0,44.723420949391915,436,171,0.0
1184,171,29,85.5,3.42,0.5800000000000001,85.5,14.500000000000002,342.0,44.723420949391915,436,171,0.0
1185,171,29,85.5,3.42,0.5800000000000001,85.5,14.500000000000002,342.0,44.723420949391915,436,171,0.0
1186,171,29,85.5,3.42,0.5800000000000001,85.5,14.500000000000002,342.0,44.723420949391915,436,171,0.0
1187,171,29,85.5,3.42,0.5800000000000001,85.5,14.500000000000002,342.0,44.723420949391915,436,171,0.0
1188,171,29,85.5,3.42,0.5800000000000001,85.5,14.500000000000002,342.0,44.723420949391915,436,171,0.0
1189,171,29,85.5,3.42,0.5800000000000001,85.5,14.500000000000002,342.0,44.723420949391915,436,171,0.0
1190,171,29,85.5,3.42,0.5800000000000001,85.5,14.500000000000002,342.0,44.723420949391915,437,171,0.0
1191,171,29,85.5,3.42,0.5800000000000001,85.5,14.500000000000002,342.0,44.723420949391915,438,171,0.0
1192,171,29,85.5,3.42,0.5800000000000001,85.5,14.500000000000002,342.0,44.723420949391915,439,171,0.0
1193,171,29,85.5,3.42,0.5800000000000001,85.5,14.500000000000002,342.0,44.723420949391915,439,171,0.0
1194,171,29,85.5,3.42,0.5800000000000001,85.5,14.500000000000002,342.0,44.723420949391915,439,171,0.0
1195,171,29,85.5,3.42,0.5800000000000001,85.5,14.500000000000002,342.0,44.723420949391915,439,171,0.0
1196,171,29,85.5,3.42,0.5800000000000001,85.5,14.500000000000002,342.0,44.723420949391915,440,171,0.0
1197,171,29,85.5,3.42,0.5800000000000001,85.5,14.500000000000002,342.0,44.723420949391915,441,171,0.0
1198,171,29,85.5,3.42,0.5800000000000001,85.5,14.500000000000002,342.0,44.723420949391915,441,171,0.0
1199,171,29,85.5,3.42,0.5800000000000001,85.5,14.500000000000002,342.0,44.723420949391915,441,171,0.0
1200,171,29,85.5,3.42,0.5800000000000001,85.5,14.500000000000002,342.0,44.723420949391915,441,171,0.0
1201,171,29,85.5,3.42,0.5800000000000001,85.5,14.500000000000002,342.0,44.723420949391915,441,171,0.0
1202,171,29,85.5,3.42,0.5800000000000001,85.5,14.500000000000002,342.0,44.723420949391915,441,171,0.0
1203,171,29,85.5,3.42,0.5800000000000001,85.5,14.500000000000002,342.0,44.723420949391915,441,171,0.0
1204,171,29,85.5,3.42,0.5800000000000001,85.5,14.500000000000002,342.0,44.723420949391915,442,171,0.0
1205,171,29,85.5,3.42,0.5800000000000001,85.5,14.500000000000002,342.0,44.723420949391915,443,171,0.0
1206,171,29,85.5,3.42,0.5800000000000001,85.5,14.500000000000002,342.0,44.723420949391915,444,171,0.0
1207,171,29,85.5,3.42,0.5800000000000001,85.5,14.500000000000002,342.0,44.723420949391915,444,171,0.0
1208,171,29,85.5,3.42,0.5800000000000001,85.5,14.500000000000002,342.0,44.723420949391915,445,171,0.0
1209,171,29,85.5,3.42,0.5800000000000001,85.5,14.500000000000002,342.0,44.723420949391915,446,171,0.0
1210,171,29,85.5,3.42,0.5800000000000001,85.5,14.500000000000002,342.0,44.723420949391915,446,171,0.0
1211,171,29,85.5,3.42,0.5800000000000001,85.5,14.500000000000002,342.0,44.723420949391915,446,171,0.0
1212,171,29,85.5,3.42,0.5800000000000001,85.5,14.500000000000002,342.0,44.723420949391915,447,171,0.0
1213,171,29,85.5,3.42,0.5800000000000001,85.5,14.500000000000002,342.0,44.723420949391915,448,171,0.0
1214,171,29,85.5,3.42,0.5800000000000001,85.5,14.500000000000002,342.0,44.723420949391915,448,171,0.0
1215,171,29,85.5,3.42,0.5800000000000001,85.5,14.500000000000002,342.0,44.723420949391915,448,171,0.0
1216,171,29,85.5,3.42,0.5800000000000001,85.5,14.500000000000002,342.0,44.723420949391915,448,171,0.0
1217,171,29,85.5,3.42,0.5800000000000001,85.5,14.500000000000002,342.0,44.723420949391915,448,171,0.0
1218,171,29,85.5,3.42,0.5800000000000001,85.5,14.500000000000002,342.0,44.723420949391915,448,171,0.0
1219,171,29,85.5,3.42,0.5800000000000001,85.5,14.500000000000002,342.0,44.723420949391915,448,171,0.0
1220,171,29,85.5,3.42,0.5800000000000001,85.5,14.500000000000002,342.0,44.723420949391915,448,171,0.0
1221,171,29,85.5,3.42,0.5800000000000001,85.5,14.500000000000002,342.0,44.723420949391915,448,171,0.0
1222,171,29,85.5,3.42,0.5800000000000001,85.5,14.500000000000002,342.0,44.723420949391915,448,171,0.0
1223,171,29,85.5,3.42,0.5800000000000001,85.5,14.500000000000002,342.0,44.723420949391915,448,171,0.0
1224,171,29,85.5,3.42,0.5800000000000001,85.5,14.500000000000002,342.0,44.723420949391915,448,171,0.0
1225,171,29,85.5,3.42,0.5800000000000001,85.5,14.500000000000002,342.0,44.723420949391915,448,171,0.0
1226,171,29,85.5,3.42,0.5800000000000001,85.5,14.500000000000002,342.0,44.723420949391915,448,171,0.0
1227,171,29,85.5,3.42,0.5800000000000001,85.5,14.500000000000002,342.0,44.723420949391915,448,171,0.0
1228,171,29,85.5,3.42,0.5800000000000001,85.5,14.500000000000002,342.0,44.723420949391915,449,171,0.0
1229,171,29,85.5,3.42,0.5800000000000001,85.5,14.500000000000002,342.0,44.723420949391915,449,171,0.0
1230,171,29,85.5,3.42,0.5800000000000001,85.5,14.500000000000002,342.0,44.723420949391915,449,171,0.0
1231,171,29,85.5,3.42,0.5800000000000001,85.5,14.500000000000002,342.0,44.723420949391915,449,171,0.0
1232,171,29,85.5,3.42,0.5800000000000001,85.5,14.500000000000002,342.0,44.723420949391915,449,171,0.0
1233,171,29,85.5,3.42,0.5800000000000001,85.5,14.500000000000002,342.0,44.723420949391915,449,171,0.0
1234,171,29,85.5,3.42,0.5800000000000001,85.5,14.500000000000002,342.0,44.723420949391915,449,171,0.0
1235,171,29,85.5,3.42,0.5800000000000001,85.5,14.500000000000002,342.0,44.723420949391915,449,171,0.0
1236,171,29,85.5,3.42,0.5800000000000001,85.5,14.500000000000002,342.0,44.723420949391915,449,171,0.0
1237,171,29,85.5,3.42,0.5800000000000001,85.5,14.500000000000002,342.0,44.723420949391915,449,171,0.0
1238,171,29,85.5,3.42,0.5800000000000001,85.5,14.500000000000002,342.0,44.723420949391915,449,171,0.0
1239,171,29,85.5,3.42,0.5800000000000001,85.5,14.500000000000002,342.0,44.723420949391915,449,171,0.0
1240,171,29,85.5,3.42,0.5800000000000001,85.5,14.500000000000002,342.0,44.723420949391915,449,171,0.0
1241,171,29,85.5,3.42,0.5800000000000001,85.5,14.500000000000002,342.0,44.723420949391915,449,171,0.0
1242,171,29,85.5,3.42,0.5800000000000001,85.5,14.500000000000002,342.0,44.723420949391915,449,171,0.0
1243,171,29,85.5,3.42,0.5800000000000001,85.5,14.500000000000002,342.0,44.723420949391915,449,171,0.0
1244,171,29,85.5,3.42,0.5800000000000001,85.5,14.500000000000002,342.0,44.723420949391915,449,171,0.0
1245,171,29,85.5,3.42,0.5800000000000001,85.5,14.500000000000002,342.0,44.723420949391915,449,171,0.0
1246,171,29,85.5,3.42,0.5800000000000001,85.5,14.500000000000002,342.0,44.723420949391915,449,171,0.0
1247,171,29,85.5,3.42,0.5800000000000001,85.5,14.500000000000002,342.0,44.723420949391915,449,171,0.0
1248,171,29,85.5,3.42,0.5800000000000001,85.5,14.500000000000002,342.0,44.723420949391915,449,171,0.0
1249,171,29,85.5,3.42,0.5800000000000001,85.5,14.500000000000002,342.0,44.723420949391915,449,171,0.0
1250,171,29,85.5,3.42,0.5800000000000001,85.5,14.500000000000002,342.0,44.723420949391915,449,171,0.0
1251,171,29,85.5,3.42,0.5800000000000001,85.5,14.500000000000002,342.0,44.723420949391915,449,171,0.0
1252,171,29,85.5,3.42,0.5800000000000001,85.5,14.500000000000002,342.0,44.723420949391915,449,171,0.0
1253,171,29,85.5,3.42,0.5800000000000001,85.5,14.500000000000002,342.0,44.723420949391915,449,171,0.0
1254,171,29,85.5,3.42,0.5800000000000001,85.5,14.500000000000002,342.0,44.723420949391915,449,171,0.0
1255,172,28,86.0,3.44,0.56,86.0,14.000000000000002,344.0,44.984961422780174,451,172,2.0
1256,172,28,86.0,3.44,0.56,86.0,14.000000000000002,344.0,44.984961422780174,452,172,0.0
1257,172,28,86.0,3.44,0.56,86.0,14.000000000000002,344.0,44.984961422780174,453,172,0.0
1258,172,28,86.0,3.44,0.56,86.0,14.000000000000002,344.0,44.984961422780174,454,172,0.0
1259,172,28,86.0,3.44,0.56,86.0,14.000000000000002,344.0,44.984961422780174,455,172,0.0
1260,172,28,86.0,3.44,0.56,86.0,14.000000000000002,344.0,44.984961422780174,456,172,0.0
1261,172,28,86.0,3.44,0.56,86.0,14.000000000000002,344.0,44.984961422780174,457,172,0.0
1262,172,28,86.0,3.44,0.56,86.0,14.000000000000002,344.0,44.984961422780174,458,172,0.0
1263,172,28,86.0,3.44,0.56,86.0,14.000000000000002,344.0,44.984961422780174,459,172,0.0
1264,172,28,86.0,3.44,0.56,86.0,14.000000000000002,344.0,44.984961422780174,460,172,0.0
1265,172,28,86.0,3.44,0.56,86.0,14.000000000000002,344.0,44.984961422780174,460,172,0.0
1266,172,28,86.0,3.44,0.56,86.0,14.000000000000002,344.0,44.984961422780174,460,172,0.0
1267,172,28,86.0,3.44,0.56,86.0,14.000000000000002,344.0,44.984961422780174,460,172,0.0
1268,172,28,86.0,3.44,0.56,86.0,14.000000000000002,344.0,44.984961422780174,460,172,0.0
1269,172,28,86.0,3.44,0.56,86.0,14.000000000000002,344.0,44.984961422780174,460,172,0.0
1270,172,28,86.0,3.44,0.56,86.0,14.000000000000002,344.0,44.984961422780174,460,172,0.0
1271,172,28,86.0,3.44,0.56,86.0,14.000000000000002,344.0,44.984961422780174,460,172,0.0
1272,172,28,86.0,3.44,0.56,86.0,14.000000000000002,344.0,44.984961422780174,460,172,0.0
1273,172,28,86.0,3.44,0.56,86.0,14.000000000000002,344.0,44.984961422780174,460,172,0.0
1274,172,28,86.0,3.44,0.56,86.0,14.000000000000002,344.0,44.984961422780174,460,172,0.0
1275,172,28,86.0,3.44,0.56,86.0,14.000000000000002,344.0,44.984961422780174,460,172,0.0
1276,172,28,86.0,3.44,0.56,86.0,14.000000000000002,344.0,44.984961422780174,460,172,0.0
1277,172,28,86.0,3.44,0.56,86.0,14.000000000000002,344.0,44.984961422780174,460,172,0.0
1278,173,27,86.5,3.46,0.54,86.5,13.5,346.0,45.246501896168425,461,173,2.0
1279,173,27,86.5,3.46,0.54,86.5,13.5,346.0,45.246501896168425,461,173,0.0
1280,173,27,86.5,3.46,0.54,86.5,13.5,346.0,45.246501896168425,461,173,0.0
1281,173,27,86.5,3.46,0.54,86.5,13.5,346.0,45.246501896168425,461,173,0.0
1282,173,27,86.5,3.46,0.54,86.5,13.5,346.0,45.246501896168425,461,173,0.0
1283,173,27,86.5,3.46,0.54,86.5,13.5,346.0,45.246501896168425,461,173,0.0
1284,173,27,86.5,3.46,0.54,86.5,13.5,346.0,45.246501896168425,461,173,0.0
1285,173,27,86.5,3.46,0.54,86.5,13.5,346.0,45.246501896168425,461,173,0.0
1286,173,27,86.5,3.46,0.54,86.5,13.5,346.0,45.246501896168425,461,173,0.0
1287,173,27,86.5,3.46,0.54,86.5,13.5,346.0,45.246501896168425,461,173,0.0
1288,173,27,86.5,3.46,0.54,86.5,13.5,346.0,45.246501896168425,461,173,0.0
1289,173,27,86.5,3.46,0.54,86.5,13.5,346.0,45.246501896168425,461,173,0.0
1290,173,27,86.5,3.46,0.54,86.5,13.5,346.0,45.246501896168425,461,173,0.0
1291,173,27,86.5,3.46,0.54,86.5,13.5,346.0,45.246501896168425,461,173,0.0
1292,173,27,86.5,3.46,0.54,86.5,13.5,346.0,45.246501896168425,461,173,0.0
1293,173,27,86.5,3.46,0.54,86.5,13.5,346.0,45.246501896168425,461,173,0.0
1294,173,27,86.5,3.46,0.54,86.5,13.5,346.0,45.246501896168425,461,173,0.0
1295,173,27,86.5,3.46,0.54,86.5,13.5,346.0,45.246501896168425,461,173,0.0
1296,173,27,86.5,3.46,0.54,86.5,13.5,346.0,45.246501896168425,461,173,0.0
1297,173,27,86.5,3.46,0.54,86.5,13.5,346.0,45.246501896168425,461,173,0.0
1298,173,27,86.5,3.46,0.54,86.5,13.5,346.0,45.246501896168425,461,173,0.0
1299,174,26,87.0,3.48,0.52,87.0,13.0,348.0,45.508042369556684,462,174,2.0
1300,174,26,87.0,3.48,0.52,87.0,13.0,348.0,45.508042369556684,462,174,0.0
1301,174,26,87.0,3.48,0.52,87.0,13.0,348.0,45.508042369556684,462,174,0.0
1302,174,26,87.0,3.48,0.52,87.0,13.0,348.0,45.508042369556684,462,174,0.0
1303,174,26,87.0,3.48,0.52,87.0,13.0,348.0,45.508042369556684,462,174,0.0
1304,174,26,87.0,3.48,0.52,87.0,13.0,348.0,45.508042369556684,462,174,0.0
1305,174,26,87.0,3.48,0.52,87.0,13.0,348.0,45.508042369556684,462,174,0.0
1306,174,26,87.0,3.48,0.52,87.0,13.0,348.0,45.508042369556684,462,174,0.0
1307,174,26,87.0,3.48,0.52,87.0,13.0,348.0,45.508042369556684,462,174,0.0
1308,174,26,87.0,3.48,0.52,87.0,13.0,348.0,45.508042369556684,462,174,0.0
1309,174,26,87.0,3.48,0.52,87.0,13.0,348.0,45.508042369556684,462,174,0.0
1310,174,26,87.0,3.48,0.52,87.0,13.0,348.0,45.508042369556684,462,174,0.0
1311,174,26,87.0,3.48,0.52,87.0,13.0,348.0,45.508042369556684,462,174,0.0
1312,174,26,87.0,3.48,0.52,87.0,13.0,348.0,45.508042369556684,462,174,0.0
1313,174,26,87.0,3.48,0.52,87.0,13.0,348.0,45.508042369556684,462,174,0.0
1314,174,26,87.0,3.48,0.52,87.0,13.0,348.0,45.508042369556684,462,174,0.0
1315,174,26,87.0,3.48,0.52,87.0,13.0,348.0,45.508042369556684,462,174,0.0
1316,174,26,87.0,3.48,0.52,87.0,13.0,348.0,45.508042369556684,462,174,0.0
1317,174,26,87.0,3.48,0.52,87.0,13.0,348.0,45.508042369556684,462,174,0.0
1318,174,26,87.0,3.48,0.52,87.0,13.0,348.0,45.508042369556684,462,174,0.0
1319,174,26,87.0,3.48,0.52,87.0,13.0,348.0,45.508042369556684,462,174,0.0
1320,174,26,87.0,3.48,0.52,87.0,13.0,348.0,45.508042369556684,462,174,0.0
1321,174,26,87.0,3.48,0.52,87.0,13.0,348.0,45.508042369556684,462,174,0.0
1322,174,26,87.0,3.48,0.52,87.0,13.0,348.0,45.508042369556684,462,174,0.0
1323,174,26,87.0,3.48,0.52,87.0,13.0,348.0,45.508042369556684,462,174,0.0
1324,174,26,87.0,3.48,0.52,87.0,13.0,348.0,45.508042369556684,462,174,0.0
1325,174,26,87.0,3.48,0.52,87.0,13.0,348.0,45.508042369556684,462,174,0.0
1326,174,26,87.0,3.48,0.52,87.0,13.0,348.0,45.508042369556684,462,174,0.0
1327,174,26,87.0,3.48,0.52,87.0,13.0,348.0,45.508042369556684,462,174,0.0
1328,174,26,87.0,3.48,0.52,87.0,13.0,348.0,45.508042369556684,462,174,0.0
1329,174,26,87.0,3.48,0.52,87.0,13.0,348.0,45.508042369556684,462,174,0.0
1330,174,26,87.0,3.48,0.52,87.0,13.0,348.0,45.508042369556684,462,174,0.0
1331,174,26,87.0,3.48,0.52,87.0,13.0,348.0,45.508042369556684,462,174,0.0
1332,174,26,87.0,3.48,0.52,87.0,13.0,348.0,45.508042369556684,462,174,0.0
1333,174,26,87.0,3.48,0.52,87.0,13.0,348.0,45.508042369556684,462,174,0.0
1334,174,26,87.0,3.48,0.52,87.0,13.0,348.0,45.508042369556684,462,174,0.0
1335,174,26,87.0,3.48,0.52,87.0,13.0,348.0,45.508042369556684,462,174,0.0
1336,174,26,87.0,3.48,0.52,87.0,13.0,348.0,45.508042369556684,462,174,0.0
1337,174,26,87.0,3.48,0.52,87.0,13.0,348.0,45.508042369556684,463,174,0.0
1338,174,26,87.0,3.48,0.52,87.0,13.0,348.0,45.508042369556684,464,174,0.0
1339,174,26,87.0,3.48,0.52,87.0,13.0,348.0,45.508042369556684,465,174,0.0
1340,174,26,87.0,3.48,0.52,87.0,13.0,348.0,45.508042369556684,466,174,0.0
1341,174,26,87.0,3.48,0.52,87.0,13.0,348.0,45.508042369556684,467,174,0.0
1342,174,26,87.0,3.48,0.52,87.0,13.0,348.0,45.508042369556684,467,174,0.0
1343,174,26,87.0,3.48,0.52,87.0,13.0,348.0,45.508042369556684,467,174,0.0
1344,174,26,87.0,3.48,0.52,87.0,13.0,348.0,45.508042369556684,467,174,0.0
1345,174,26,87.0,3.48,0.52,87.0,13.0,348.0,45.508042369556684,467,174,0.0
1346,174,26,87.0,3.48,0.52,87.0,13.0,348.0,45.508042369556684,468,174,0.0
1347,174,26,87.0,3.48,0.52,87.0,13.0,348.0,45.508042369556684,469,174,0.0
1348,174,26,87.0,3.48,0.52,87.0,13.0,348.0,45.508042369556684,470,174,0.0
1349,174,26,87.0,3.48,0.52,87.0,13.0,348.0,45.508042369556684,471,174,0.0
1350,174,26,87.0,3.48,0.52,87.0,13.0,348.0,45.508042369556684,472,174,0.0
1351,174,26,87.0,3.48,0.52,87.0,13.0,348.0,45.508042369556684,474,174,0.0
1352,174,26,87.0,3.48,0.52,87.0,13.0,348.0,45.508042369556684,474,174,0.0
1353,174,26,87.0,3.48,0.52,87.0,13.0,348.0,45.508042369556684,475,174,0.0
1354,174,26,87.0,3.48,0.52,87.0,13.0,348.0,45.508042369556684,475,174,0.0
1355,174,26,87.0,3.48,0.52,87.0,13.0,348.0,45.508042369556684,476,174,0.0
1356,174,26,87.0,3.48,0.52,87.0,13.0,348.0,45.508042369556684,477,174,0.0
1357,174,26,87.0,3.48,0.52,87.0,13.0,348.0,45.508042369556684,478,174,0.0
1358,174,26,87.0,3.48,0.52,87.0,13.0,348.0,45.508042369556684,479,174,0.0
1359,174,26,87.0,3.48,0.52,87.0,13.0,348.0,45.508042369556684,479,174,0.0
1360,174,26,87.0,3.48,0.52,87.0,13.0,348.0,45.508042369556684,480,174,0.0
1361,174,26,87.0,3.48,0.52,87.0,13.0,348.0,45.508042369556684,480,174,0.0
1362,174,26,87.0,3.48,0.52,87.0,13.0,348.0,45.508042369556684,481,174,0.0
1363,174,26,87.0,3.48,0.52,87.0,13.0,348.0,45.508042369556684,481,174,0.0
1364,174,26,87.0,3.48,0.52,87.0,13.0,348.0,45.508042369556684,481,174,0.0
1365,174,26,87.0,3.48,0.52,87.0,13.0,348.0,45.508042369556684,481,174,0.0
1366,174,26,87.0,3.48,0.52,87.0,13.0,348.0,45.508042369556684,481,174,0.0
1367,174,26,87.0,3.48,0.52,87.0,13.0,348.0,45.508042369556684,481,174,0.0
1368,174,26,87.0,3.48,0.52,87.0,13.0,348.0,45.508042369556684,481,174,0.0
1369,174,26,87.0,3.48,0.52,87.0,13.0,348.0,45.508042369556684,482,174,0.0
1370,174,26,87.0,3.48,0.52,87.0,13.0,348.0,45.508042369556684,483,174,0.0
1371,174,26,87.0,3.48,0.52,87.0,13.0,348.0,45.508042369556684,484,174,0.0
1372,174,26,87.0,3.48,0.52,87.0,13.0,348.0,45.508042369556684,485,174,0.0
1373,174,26,87.0,3.48,0.52,87.0,13.0,348.0,45.508042369556684,485,174,0.0
1374,174,26,87.0,3.48,0.52,87.0,13.0,348.0,45.508042369556684,486,174,0.0
1375,174,26,87.0,3.48,0.52,87.0,13.0,348.0,45.508042369556684,487,174,0.0
1376,174,26,87.0,3.48,0.52,87.0,13.0,348.0,45.508042369556684,487,174,0.0
1377,174,26,87.0,3.48,0.52,87.0,13.0,348.0,45.508042369556684,487,174,0.0
1378,174,26,87.0,3.48,0.52,87.0,13.0,348.0,45.508042369556684,487,174,0.0
1379,174,26,87.0,3.48,0.52,87.0,13.0,348.0,45.508042369556684,487,174,0.0
1380,174,26,87.0,3.48,0.52,87.0,13.0,348.0,45.508042369556684,487,174,0.0
1381,174,26,87.0,3.48,0.52,87.0,13.0,348.0,45.508042369556684,487,174,0.0
1382,174,26,87.0,3.48,0.52,87.0,13.0,348.0,45.508042369556684,487,174,0.0
1383,174,26,87.0,3.48,0.52,87.0,13.0,348.0,45.508042369556684,487,174,0.0
1384,174,26,87.0,3.48,0.52,87.0,13.0,348.0,45.508042369556684,487,174,0.0
1385,174,26,87.0,3.48,0.52,87.0,13.0,348.0,45.508042369556684,487,174,0.0
1386,174,26,87.0,3.48,0.52,87.0,13.0,348.0,45.508042369556684,487,174,0.0
1387,174,26,87.0,3.48,0.52,87.0,13.0,348.0,45.508042369556684,487,174,0.0
1388,174,26,87.0,3.48,0.52,87.0,13.0,348.0,45.508042369556684,487,174,0.0
1389,174,26,87.0,3.48,0.52,87.0,13.0,348.0,45.508042369556684,487,174,0.0
1390,174,26,87.0,3.48,0.52,87.0,13.0,348.0,45.508042369556684,487,174,0.0
1391,174,26,87.0,3.48,0.52,87.0,13.0,348.0,45.508042369556684,487,174,0.0
1392,174,26,87.0,3.48,0.52,87.0,13.0,348.0,45.508042369556684,487,174,0.0
1393,174,26,87.0,3.48,0.52,87.0,13.0,348.0,45.508042369556684,487,174,0.0
1394,174,26,87.0,3.48,0.52,87.0,13.0,348.0,45.508042369556684,487,174,0.0
1395,174,26,87.0,3.48,0.52,87.0,13.0,348.0,45.508042369556684,487,174,0.0
1396,174,26,87.0,3.48,0.52,87.0,13.0,348.0,45.508042369556684,487,174,0.0
1397,174,26,87.0,3.48,0.52,87.0,13.0,348.0,45.508042369556684,487,174,0.0
1398,174,26,87.0,3.48,0.52,87.0,13.0,348.0,45.508042369556684,487,174,0.0
1399,174,26,87.0,3.48,0.52,87.0,13.0,348.0,45.508042369556684,487,174,0.0
1400,175,25,87.5,3.5,0.5,87.5,12.5,350.0,45.76958284294494,488,175,2.0
1401,175,25,87.5,3.5,0.5,87.5,12.5,350.0,45.76958284294494,488,175,0.0
1402,175,25,87.5,3.5,0.5,87.5,12.5,350.0,45.76958284294494,488,175,0.0
1403,175,25,87.5,3.5,0.5,87.5,12.5,350.0,45.76958284294494,488,175,0.0
1404,175,25,87.5,3.5,0.5,87.5,12.5,350.0,45.76958284294494,488,175,0.0
1405,175,25,87.5,3.5,0.5,87.5,12.5,350.0,45.76958284294494,488,175,0.0
1406,175,25,87.5,3.5,0.5,87.5,12.5,350.0,45.76958284294494,488,175,0.0
1407,175,25,87.5,3.5,0.5,87.5,12.5,350.0,45.76958284294494,488,175,0.0
1408,175,25,87.5,3.5,0.5,87.5,12.5,350.0,45.76958284294494,489,175,0.0
1409,175,25,87.5,3.5,0.5,87.5,12.5,350.0,45.76958284294494,489,175,0.0
1410,175,25,87.5,3.5,0.5,87.5,12.5,350.0,45.76958284294494,489,175,0.0
1411,175,25,87.5,3.5,0.5,87.5,12.5,350.0,45.76958284294494,489,175,0.0
1412,175,25,87.5,3.5,0.5,87.5,12.5,350.0,45.76958284294494,489,175,0.0
1413,175,25,87.5,3.5,0.5,87.5,12.5,350.0,45.76958284294494,489,175,0.0
1414,175,25,87.5,3.5,0.5,87.5,12.5,350.0,45.76958284294494,489,175,0.0
1415,175,25,87.5,3.5,0.5,87.5,12.5,350.0,45.76958284294494,489,175,0.0
1416,175,25,87.5,3.5,0.5,87.5,12.5,350.0,45.76958284294494,490,175,0.0
1417,175,25,87.5,3.5,0.5,87.5,12.5,350.0,45.76958284294494,491,175,0.0
1418,175,25,87.5,3.5,0.5,87.5,12.5,350.0,45.76958284294494,492,175,0.0
1419,175,25,87.5,3.5,0.5,87.5,12.5,350.0,45.76958284294494,493,175,0.0
1420,175,25,87.5,3.5,0.5,87.5,12.5,350.0,45.76958284294494,493,175,0.0
1421,175,25,87.5,3.5,0.5,87.5,12.5,350.0,45.76958284294494,493,175,0.0
1422,175,25,87.5,3.5,0.5,87.5,12.5,350.0,45.76958284294494,493,175,0.0
1423,175,25,87.5,3.5,0.5,87.5,12.5,350.0,45.76958284294494,493,175,0.0
1424,175,25,87.5,3.5,0.5,87.5,12.5,350.0,45.76958284294494,493,175,0.0
1425,175,25,87.5,3.5,0.5,87.5,12.5,350.0,45.76958284294494,493,175,0.0
1426,175,25,87.5,3.5,0.5,87.5,12.5,350.0,45.76958284294494,493,175,0.0
1427,175,25,87.5,3.5,0.5,87.5,12.5,350.0,45.76958284294494,493,175,0.0
1428,175,25,87.5,3.5,0.5,87.5,12.5,350.0,45.76958284294494,493,175,0.0
1429,175,25,87.5,3.5,0.5,87.5,12.5,350.0,45.76958284294494,493,175,0.0
1430,175,25,87.5,3.5,0.5,87.5,12.5,350.0,45.76958284294494,493,175,0.0
1431,175,25,87.5,3.5,0.5,87.5,12.5,350.0,45.76958284294494,493,175,0.0
1432,175,25,87.5,3.5,0.5,87.5,12.5,350.0,45.76958284294494,493,175,0.0
1433,175,25,87.5,3.5,0.5,87.5,12.5,350.0,45.76958284294494,494,175,0.0
1434,175,25,87.5,3.5,0.5,87.5,12.5,350.0,45.76958284294494,495,175,0.0
1435,175,25,87.5,3.5,0.5,87.5,12.5,350.0,45.76958284294494,496,175,0.0
1436,175,25,87.5,3.5,0.5,87.5,12.5,350.0,45.76958284294494,496,175,0.0
1437,175,25,87.5,3.5,0.5,87.5,12.5,350.0,45.76958284294494,496,175,0.0
1438,175,25,87.5,3.5,0.5,87.5,12.5,350.0,45.76958284294494,496,175,0.0
1439,175,25,87.5,3.5,0.5,87.5,12.5,350.0,45.76958284294494,496,175,0.0
1440,176,24,88.0,3.52,0.48,88.0,12.0,352.0,46.0311233163332,497,176,2.0
1441,176,24,88.0,3.52,0.48,88.0,12.0,352.0,46.0311233163332,497,176,0.0
1442,176,24,88.0,3.52,0.48,88.0,12.0,352.0,46.0311233163332,497,176,0.0
1443,176,24,88.0,3.52,0.48,88.0,12.0,352.0,46.0311233163332,498,176,0.0
1444,176,24,88.0,3.52,0.48,88.0,12.0,352.0,46.0311233163332,498,176,0.0
1445,176,24,88.0,3.52,0.48,88.0,12.0,352.0,46.0311233163332,499,176,0.0
1446,176,24,88.0,3.52,0.48,88.0,12.0,352.0,46.0311233163332,500,176,0.0
1447,176,24,88.0,3.52,0.48,88.0,12.0,352.0,46.0311233163332,501,176,0.0
1448,176,24,88.0,3.52,0.48,88.0,12.0,352.0,46.0311233163332,501,176,0.0
1449,176,24,88.0,3.52,0.48,88.0,12.0,352.0,46.0311233163332,502,176,0.0
1450,176,24,88.0,3.52,0.48,88.0,12.0,352.0,46.0311233163332,503,176,0.0
1451,176,24,88.0,3.52,0.48,88.0,12.0,352.0,46.0311233163332,504,176,0.0
1452,176,24,88.0,3.52,0.48,88.0,12.0,352.0,46.0311233163332,505,176,0.0
1453,176,24,88.0,3.52,0.48,88.0,12.0,352.0,46.0311233163332,505,176,0.0
1454,176,24,88.0,3.52,0.48,88.0,12.0,352.0,46.0311233163332,505,176,0.0
1455,176,24,88.0,3.52,0.48,88.0,12.0,352.0,46.0311233163332,506,176,0.0
1456,176,24,88.0,3.52,0.48,88.0,12.0,352.0,46.0311233163332,507,176,0.0
1457,176,24,88.0,3.52,0.48,88.0,12.0,352.0,46.0311233163332,507,176,0.0
1458,177,23,88.5,3.54,0.45999999999999996,88.5,11.499999999999998,354.0,46.29266378972146,508,177,2.0
1459,177,23,88.5,3.54,0.45999999999999996,88.5,11.499999999999998,354.0,46.29266378972146,508,177,0.0
1460,177,23,88.5,3.54,0.45999999999999996,88.5,11.499999999999998,354.0,46.29266378972146,508,177,0.0
1461,177,23,88.5,3.54,0.45999999999999996,88.5,11.499999999999998,354.0,46.29266378972146,508,177,0.0
1462,177,23,88.5,3.54,0.45999999999999996,88.5,11.499999999999998,354.0,46.29266378972146,508,177,0.0
1463,177,23,88.5,3.54,0.45999999999999996,88.5,11.499999999999998,354.0,46.29266378972146,508,177,0.0
1464,177,23,88.5,3.54,0.45999999999999996,88.5,11.499999999999998,354.0,46.29266378972146,508,177,0.0
1465,177,23,88.5,3.54,0.45999999999999996,88.5,11.499999999999998,354.0,46.29266378972146,508,177,0.0
1466,177,23,88.5,3.54,0.45999999999999996,88.5,11.499999999999998,354.0,46.29266378972146,508,177,0.0
1467,177,23,88.5,3.54,0.45999999999999996,88.5,11.499999999999998,354.0,46.29266378972146,508,177,0.0
1468,177,23,88.5,3.54,0.45999999999999996,88.5,11.499999999999998,354.0,46.29266378972146,508,177,0.0
1469,177,23,88.5,3.54,0.45999999999999996,88.5,11.499999999999998,354.0,46.29266378972146,508,177,0.0
1470,177,23,88.5,3.54,0.45999999999999996,88.5,11.499999999999998,354.0,46.29266378972146,508,177,0.0
1471,177,23,88.5,3.54,0.45999999999999996,88.5,11.499999999999998,354.0,46.29266378972146,508,177,0.0
1472,177,23,88.5,3.54,0.45999999999999996,88.5,11.499999999999998,354.0,46.29266378972146,508,177,0.0
1473,177,23,88.5,3.54,0.45999999999999996,88.5,11.499999999999998,354.0,46.29266378972146,508,177,0.0
1474,177,23,88.5,3.54,0.45999999999999996,88.5,11.499999999999998,354.0,46.29266378972146,508,177,0.0
1475,177,23,88.5,3.54,0.45999999999999996,88.5,11.499999999999998,354.0,46.29266378972146,508,177,0.0
1476,177,23,88.5,3.54,0.45999999999999996,88.5,11.499999999999998,354.0,46.29266378972146,508,177,0.0
1477,177,23,88.5,3.54,0.45999999999999996,88.5,11.499999999999998,354.0,46.29266378972146,508,177,0.0
1478,177,23,88.5,3.54,0.45999999999999996,88.5,11.499999999999998,354.0,46.29266378972146,508,177,0.0
1479,177,23,88.5,3.54,0.45999999999999996,88.5,11.499999999999998,354.0,46.29266378972146,508,177,0.0
1480,177,23,88.5,3.54,0.45999999999999996,88.5,11.499999999999998,354.0,46.29266378972146,508,177,0.0
1481,177,23,88.5,3.54,0.45999999999999996,88.5,11.499999999999998,354.0,46.29266378972146,508,177,0.0
1482,177,23,88.5,3.54,0.45999999999999996,88.5,11.499999999999998,354.0,46.29266378972146,508,177,0.0
1483,177,23,88.5,3.54,0.45999999999999996,88.5,11.499999999999998,354.0,46.29266378972146,508,177,0.0
1484,177,23,88.5,3.54,0.45999999999999996,88.5,11.499999999999998,354.0,46.29266378972146,508,177,0.0
1485,177,23,88.5,3.54,0.45999999999999996,88.5,11.499999999999998,354.0,46.29266378972146,509,177,0.0
1486,177,23,88.5,3.54,0.45999999999999996,88.5,11.499999999999998,354.0,46.29266378972146,510,177,0.0
1487,177,23,88.5,3.54,0.45999999999999996,88.5,11.499999999999998,354.0,46.29266378972146,511,177,0.0
1488,177,23,88.5,3.54,0.45999999999999996,88.5,11.499999999999998,354.0,46.29266378972146,512,177,0.0
1489,177,23,88.5,3.54,0.45999999999999996,88.5,11.499999999999998,354.0,46.29266378972146,513,177,0.0
1490,177,23,88.5,3.54,0.45999999999999996,88.5,11.499999999999998,354.0,46.29266378972146,515,177,0.0
1491,177,23,88.5,3.54,0.45999999999999996,88.5,11.499999999999998,354.0,46.29266378972146,517,177,0.0
1492,177,23,88.5,3.54,0.45999999999999996,88.5,11.499999999999998,354.0,46.29266378972146,517,177,0.0
1493,177,23,88.5,3.54,0.45999999999999996,88.5,11.499999999999998,354.0,46.29266378972146,518,177,0.0
1494,177,23,88.5,3.54,0.45999999999999996,88.5,11.499999999999998,354.0,46.29266378972146,520,177,0.0
1495,177,23,88.5,3.54,0.45999999999999996,88.5,11.499999999999998,354.0,46.29266378972146,522,177,0.0
1496,177,23,88.5,3.54,0.45999999999999996,88.5,11.499999999999998,354.0,46.29266378972146,524,177,0.0
1497,177,23,88.5,3.54,0.45999999999999996,88.5,11.499999999999998,354.0,46.29266378972146,526,177,0.0
1498,177,23,88.5,3.54,0.45999999999999996,88.5,11.499999999999998,354.0,46.29266378972146,526,177,0.0
1499,177,23,88.5,3.54,0.45999999999999996,88.5,11.499999999999998,354.0,46.29266378972146,527,177,0.0
1500,177,23,88.5,3.54,0.45999999999999996,88.5,11.499999999999998,354.0,46.29266378972146,528,177,0.0
1501,177,23,88.5,3.54,0.45999999999999996,88.5,11.499999999999998,354.0,46.29266378972146,528,177,0.0
1502,177,23,88.5,3.54,0.45999999999999996,88.5,11.499999999999998,354.0,46.29266378972146,529,177,0.0
1503,177,23,88.5,3.54,0.45999999999999996,88.5,11.499999999999998,354.0,46.29266378972146,529,177,0.0
1504,177,23,88.5,3.54,0.45999999999999996,88.5,11.499999999999998,354.0,46.29266378972146,530,177,0.0
1505,177,23,88.5,3.54,0.45999999999999996,88.5,11.499999999999998,354.0,46.29266378972146,530,177,0.0
1506,177,23,88.5,3.54,0.45999999999999996,88.5,11.499999999999998,354.0,46.29266378972146,530,177,0.0
1507,177,23,88.5,3.54,0.45999999999999996,88.5,11.499999999999998,354.0,46.29266378972146,530,177,0.0
1508,177,23,88.5,3.54,0.45999999999999996,88.5,11.499999999999998,354.0,46.29266378972146,531,177,0.0
1509,177,23,88.5,3.54,0.45999999999999996,88.5,11.499999999999998,354.0,46.29266378972146,532,177,0.0
1510,177,23,88.5,3.54,0.45999999999999996,88.5,11.499999999999998,354.0,46.29266378972146,533,177,0.0
1511,177,23,88.5,3.54,0.45999999999999996,88.5,11.499999999999998,354.0,46.29266378972146,534,177,0.0
1512,177,23,88.5,3.54,0.45999999999999996,88.5,11.499999999999998,354.0,46.29266378972146,534,177,0.0
1513,177,23,88.5,3.54,0.45999999999999996,88.5,11.499999999999998,354.0,46.29266378972146,535,177,0.0
1514,177,23,88.5,3.54,0.45999999999999996,88.5,11.499999999999998,354.0,46.29266378972146,536,177,0.0
1515,177,23,88.5,3.54,0.45999999999999996,88.5,11.499999999999998,354.0,46.29266378972146,537,177,0.0
1516,177,23,88.5,3.54,0.45999999999999996,88.5,11.499999999999998,354.0,46.29266378972146,539,177,0.0
1517,177,23,88.5,3.54,0.45999999999999996,88.5,11.499999999999998,354.0,46.29266378972146,541,177,0.0
1518,177,23,88.5,3.54,0.45999999999999996,88.5,11.499999999999998,354.0,46.29266378972146,541,177,0.0
1519,177,23,88.5,3.54,0.45999999999999996,88.5,11.499999999999998,354.0,46.29266378972146,542,177,0.0
1520,177,23,88.5,3.54,0.45999999999999996,88.5,11.499999999999998,354.0,46.29266378972146,544,177,0.0
1521,177,23,88.5,3.54,0.45999999999999996,88.5,11.499999999999998,354.0,46.29266378972146,546,177,0.0
1522,177,23,88.5,3.54,0.45999999999999996,88.5,11.499999999999998,354.0,46.29266378972146,547,177,0.0
1523,177,23,88.5,3.54,0.45999999999999996,88.5,11.499999999999998,354.0,46.29266378972146,548,177,0.0
1524,177,23,88.5,3.54,0.45999999999999996,88.5,11.499999999999998,354.0,46.29266378972146,550,177,0.0
1525,177,23,88.5,3.54,0.45999999999999996,88.5,11.499999999999998,354.0,46.29266378972146,551,177,0.0
1526,177,23,88.5,3.54,0.45999999999999996,88.5,11.499999999999998,354.0,46.29266378972146,552,177,0.0
1527,177,23,88.5,3.54,0.45999999999999996,88.5,11.499999999999998,354.0,46.29266378972146,553,177,0.0
1528,177,23,88.5,3.54,0.45999999999999996,88.5,11.499999999999998,354.0,46.29266378972146,553,177,0.0
1529,177,23,88.5,3.54,0.45999999999999996,88.5,11.499999999999998,354.0,46.29266378972146,553,177,0.0
1530,177,23,88.5,3.54,0.45999999999999996,88.5,11.499999999999998,354.0,46.29266378972146,553,177,0.0
1531,177,23,88.5,3.54,0.45999999999999996,88.5,11.499999999999998,354.0,46.29266378972146,553,177,0.0
1532,177,23,88.5,3.54,0.45999999999999996,88.5,11.499999999999998,354.0,46.29266378972146,554,177,0.0
1533,177,23,88.5,3.54,0.45999999999999996,88.5,11.499999999999998,354.0,46.29266378972146,555,177,0.0
1534,177,23,88.5,3.54,0.45999999999999996,88.5,11.499999999999998,354.0,46.29266378972146,555,177,0.0
1535,177,23,88.5,3.54,0.45999999999999996,88.5,11.499999999999998,354.0,46.29266378972146,556,177,0.0
1536,177,23,88.5,3.54,0.45999999999999996,88.5,11.499999999999998,354.0,46.29266378972146,557,177,0.0
1537,177,23,88.5,3.54,0.45999999999999996,88.5,11.499999999999998,354.0,46.29266378972146,558,177,0.0
1538,177,23,88.5,3.54,0.45999999999999996,88.5,11.499999999999998,354.0,46.29266378972146,559,177,0.0
1539,177,23,88.5,3.54,0.45999999999999996,88.5,11.499999999999998,354.0,46.29266378972146,560,177,0.0
1540,177,23,88.5,3.54,0.45999999999999996,88.5,11.499999999999998,354.0,46.29266378972146,561,177,0.0
1541,177,23,88.5,3.54,0.45999999999999996,88.5,11.499999999999998,354.0,46.29266378972146,562,177,0.0
1542,177,23,88.5,3.54,0.45999999999999996,88.5,11.499999999999998,354.0,46.29266378972146,564,177,0.0
1543,177,23,88.5,3.54,0.45999999999999996,88.5,11.499999999999998,354.0,46.29266378972146,565,177,0.0
1544,177,23,88.5,3.54,0.45999999999999996,88.5,11.499999999999998,354.0,46.29266378972146,566,177,0.0
1545,177,23,88.5,3.54,0.45999999999999996,88.5,11.499999999999998,354.0,46.29266378972146,566,177,0.0
1546,177,23,88.5,3.54,0.45999999999999996,88.5,11.499999999999998,354.0,46.29266378972146,567,177,0.0
1547,177,23,88.5,3.54,0.45999999999999996,88.5,11.499999999999998,354.0,46.29266378972146,567,177,0.0
1548,177,23,88.5,3.54,0.45999999999999996,88.5,11.499999999999998,354.0,46.29266378972146,568,177,0.0
1549,177,23,88.5,3.54,0.45999999999999996,88.5,11.499999999999998,354.0,46.29266378972146,568,177,0.0
1550,177,23,88.5,3.54,0.45999999999999996,88.5,11.499999999999998,354.0,46.29266378972146,569,177,0.0
1551,177,23,88.5,3.54,0.45999999999999996,88.5,11.499999999999998,354.0,46.29266378972146,569,177,0.0
1552,177,23,88.5,3.54,0.45999999999999996,88.5,11.499999999999998,354.0,46.29266378972146,570,177,0.0
1553,177,23,88.5,3.54,0.45999999999999996,88.5,11.499999999999998,354.0,46.29266378972146,571,177,0.0
1554,177,23,88.5,3.54,0.45999999999999996,88.5,11.499999999999998,354.0,46.29266378972146,572,177,0.0
1555,177,23,88.5,3.54,0.45999999999999996,88.5,11.499999999999998,354.0,46.29266378972146,573,177,0.0
1556,177,23,88.5,3.54,0.45999999999999996,88.5,11.499999999999998,354.0,46.29266378972146,574,177,0.0
1557,177,23,88.5,3.54,0.45999999999999996,88.5,11.499999999999998,354.0,46.29266378972146,574,177,0.0
1558,177,23,88.5,3.54,0.45999999999999996,88.5,11.499999999999998,354.0,46.29266378972146,576,177,0.0
1559,177,23,88.5,3.54,0.45999999999999996,88.5,11.499999999999998,354.0,46.29266378972146,577,177,0.0
1560,178,22,89.0,3.56,0.43999999999999995,89.0,10.999999999999998,356.0,46.55420426310971,579,178,2.0
1561,178,22,89.0,3.56,0.43999999999999995,89.0,10.999999999999998,356.0,46.55420426310971,580,178,0.0
1562,178,22,89.0,3.56,0.43999999999999995,89.0,10.999999999999998,356.0,46.55420426310971,581,178,0.0
1563,178,22,89.0,3.56,0.43999999999999995,89.0,10.999999999999998,356.0,46.55420426310971,581,178,0.0
1564,178,22,89.0,3.56,0.43999999999999995,89.0,10.999999999999998,356.0,46.55420426310971,581,178,0.0
1565,179,21,89.5,3.58,0.41999999999999993,89.5,10.499999999999998,358.0,46.81574473649797,582,179,2.0
1566,179,21,89.5,3.58,0.41999999999999993,89.5,10.499999999999998,358.0,46.81574473649797,583,179,0.0
1567,179,21,89.5,3.58,0.41999999999999993,89.5,10.499999999999998,358.0,46.81574473649797,583,179,0.0
1568,179,21,89.5,3.58,0.41999999999999993,89.5,10.499999999999998,358.0,46.81574473649797,584,179,0.0
1569,179,21,89.5,3.58,0.41999999999999993,89.5,10.499999999999998,358.0,46.81574473649797,585,179,0.0
1570,179,21,89.5,3.58,0.41999999999999993,89.5,10.499999999999998,358.0,46.81574473649797,585,179,0.0
1571,179,21,89.5,3.58,0.41999999999999993,89.5,10.499999999999998,358.0,46.81574473649797,585,179,0.0
1572,179,21,89.5,3.58,0.41999999999999993,89.5,10.499999999999998,358.0,46.81574473649797,585,179,0.0
1573,179,21,89.5,3.58,0.41999999999999993,89.5,10.499999999999998,358.0,46.81574473649797,585,179,0.0
1574,179,21,89.5,3.58,0.41999999999999993,89.5,10.499999999999998,358.0,46.81574473649797,585,179,0.0
1575,180,20,90.0,3.6,0.3999999999999999,90.0,9.999999999999998,360.0,47.07728520988623,587,180,2.0
1576,180,20,90.0,3.6,0.3999999999999999,90.0,9.999999999999998,360.0,47.07728520988623,587,180,0.0
1577,180,20,90.0,3.6,0.3999999999999999,90.0,9.999999999999998,360.0,47.07728520988623,587,180,0.0
1578,180,20,90.0,3.6,0.3999999999999999,90.0,9.999999999999998,360.0,47.07728520988623,587,180,0.0
1579,180,20,90.0,3.6,0.3999999999999999,90.0,9.999999999999998,360.0,47.07728520988623,588,180,0.0
1580,180,20,90.0,3.6,0.3999999999999999,90.0,9.999999999999998,360.0,47.07728520988623,589,180,0.0
1581,180,20,90.0,3.6,0.3999999999999999,90.0,9.999999999999998,360.0,47.07728520988623,589,180,0.0
1582,180,20,90.0,3.6,0.3999999999999999,90.0,9.999999999999998,360.0,47.07728520988623,589,180,0.0
1583,180,20,90.0,3.6,0.3999999999999999,90.0,9.999999999999998,360.0,47.07728520988623,589,180,0.0
1584,180,20,90.0,3.6,0.3999999999999999,90.0,9.999999999999998,360.0,47.07728520988623,589,180,0.0
1585,180,20,90.0,3.6,0.3999999999999999,90.0,9.999999999999998,360.0,47.07728520988623,590,180,0.0
1586,180,20,90.0,3.6,0.3999999999999999,90.0,9.999999999999998,360.0,47.07728520988623,591,180,0.0
1587,180,20,90.0,3.6,0.3999999999999999,90.0,9.999999999999998,360.0,47.07728520988623,592,180,0.0
1588,180,20,90.0,3.6,0.3999999999999999,90.0,9.999999999999998,360.0,47.07728520988623,593,180,0.0
1589,180,20,90.0,3.6,0.3999999999999999,90.0,9.999999999999998,360.0,47.07728520988623,594,180,0.0
1590,180,20,90.0,3.6,0.3999999999999999,90.0,9.999999999999998,360.0,47.07728520988623,595,180,0.0
1591,181,19,90.5,3.62,0.3799999999999999,90.5,9.499999999999996,362.0,47.338825683274486,597,181,2.0
1592,181,19,90.5,3.62,0.3799999999999999,90.5,9.499999999999996,362.0,47.338825683274486,598,181,0.0
1593,181,19,90.5,3.62,0.3799999999999999,90.5,9.499999999999996,362.0,47.338825683274486,599,181,0.0
1594,181,19,90.5,3.62,0.3799999999999999,90.5,9.499999999999996,362.0,47.338825683274486,600,181,0.0
1595,181,19,90.5,3.62,0.3799999999999999,90.5,9.499999999999996,362.0,47.338825683274486,600,181,0.0
1596,181,19,90.5,3.62,0.3799999999999999,90.5,9.499999999999996,362.0,47.338825683274486,601,181,0.0
1597,181,19,90.5,3.62,0.3799999999999999,90.5,9.499999999999996,362.0,47.338825683274486,603,181,0.0
1598,181,19,90.5,3.62,0.3799999999999999,90.5,9.499999999999996,362.0,47.338825683274486,605,181,0.0
1599,181,19,90.5,3.62,0.3799999999999999,90.5,9.499999999999996,362.0,47.338825683274486,606,181,0.0
1600,181,19,90.5,3.62,0.3799999999999999,90.5,9.499999999999996,362.0,47.338825683274486,607,181,0.0
1601,181,19,90.5,3.62,0.3799999999999999,90.5,9.499999999999996,362.0,47.338825683274486,607,181,0.0
1602,181,19,90.5,3.62,0.3799999999999999,90.5,9.499999999999996,362.0,47.338825683274486,608,181,0.0
1603,181,19,90.5,3.62,0.3799999999999999,90.5,9.499999999999996,362.0,47.338825683274486,609,181,0.0
1604,181,19,90.5,3.62,0.3799999999999999,90.5,9.499999999999996,362.0,47.338825683274486,610,181,0.0
1605,181,19,90.5,3.62,0.3799999999999999,90.5,9.499999999999996,362.0,47.338825683274486,611,181,0.0
1606,181,19,90.5,3.62,0.3799999999999999,90.5,9.499999999999996,362.0,47.338825683274486,611,181,0.0
1607,181,19,90.5,3.62,0.3799999999999999,90.5,9.499999999999996,362.0,47.338825683274486,611,181,0.0
1608,181,19,90.5,3.62,0.3799999999999999,90.5,9.499999999999996,362.0,47.338825683274486,611,181,0.0
1609,181,19,90.5,3.62,0.3799999999999999,90.5,9.499999999999996,362.0,47.338825683274486,611,181,0.0
1610,181,19,90.5,3.62,0.3799999999999999,90.5,9.499999999999996,362.0,47.338825683274486,611,181,0.0
1611,181,19,90.5,3.62,0.3799999999999999,90.5,9.499999999999996,362.0,47.338825683274486,611,181,0.0
1612,181,19,90.5,3.62,0.3799999999999999,90.5,9.499999999999996,362.0,47.338825683274486,611,181,0.0
1613,181,19,90.5,3.62,0.3799999999999999,90.5,9.499999999999996,362.0,47.338825683274486,611,181,0.0
1614,181,19,90.5,3.62,0.3799999999999999,90.5,9.499999999999996,362.0,47.338825683274486,611,181,0.0
1615,181,19,90.5,3.62,0.3799999999999999,90.5,9.499999999999996,362.0,47.338825683274486,611,181,0.0
1616,181,19,90.5,3.62,0.3799999999999999,90.5,9.499999999999996,362.0,47.338825683274486,611,181,0.0
1617,181,19,90.5,3.62,0.3799999999999999,90.5,9.499999999999996,362.0,47.338825683274486,611,181,0.0
1618,181,19,90.5,3.62,0.3799999999999999,90.5,9.499999999999996,362.0,47.338825683274486,611,181,0.0
1619,181,19,90.5,3.62,0.3799999999999999,90.5,9.499999999999996,362.0,47.338825683274486,611,181,0.0
1620,181,19,90.5,3.62,0.3799999999999999,90.5,9.499999999999996,362.0,47.338825683274486,611,181,0.0
1621,181,19,90.5,3.62,0.3799999999999999,90.5,9.499999999999996,362.0,47.338825683274486,611,181,0.0
1622,181,19,90.5,3.62,0.3799999999999999,90.5,9.499999999999996,362.0,47.338825683274486,611,181,0.0
1623,181,19,90.5,3.62,0.3799999999999999,90.5,9.499999999999996,362.0,47.338825683274486,611,181,0.0
1624,181,19,90.5,3.62,0.3799999999999999,90.5,9.499999999999996,362.0,47.338825683274486,611,181,0.0
1625,181,19,90.5,3.62,0.3799999999999999,90.5,9.499999999999996,362.0,47.338825683274486,611,181,0.0
1626,181,19,90.5,3.62,0.3799999999999999,90.5,9.499999999999996,362.0,47.338825683274486,611,181,0.0
1627,181,19,90.5,3.62,0.3799999999999999,90.5,9.499999999999996,362.0,47.338825683274486,611,181,0.0
1628,181,19,90.5,3.62,0.3799999999999999,90.5,9.499999999999996,362.0,47.338825683274486,611,181,0.0
1629,181,19,90.5,3.62,0.3799999999999999,90.5,9.499999999999996,362.0,47.338825683274486,612,181,0.0
1630,181,19,90.5,3.62,0.3799999999999999,90.5,9.499999999999996,362.0,47.338825683274486,614,181,0.0
1631,181,19,90.5,3.62,0.3799999999999999,90.5,9.499999999999996,362.0,47.338825683274486,616,181,0.0
1632,181,19,90.5,3.62,0.3799999999999999,90.5,9.499999999999996,362.0,47.338825683274486,617,181,0.0
1633,181,19,90.5,3.62,0.3799999999999999,90.5,9.499999999999996,362.0,47.338825683274486,618,181,0.0
1634,181,19,90.5,3.62,0.3799999999999999,90.5,9.499999999999996,362.0,47.338825683274486,619,181,0.0
1635,181,19,90.5,3.62,0.3799999999999999,90.5,9.499999999999996,362.0,47.338825683274486,620,181,0.0
1636,181,19,90.5,3.62,0.3799999999999999,90.5,9.499999999999996,362.0,47.338825683274486,620,181,0.0
1637,181,19,90.5,3.62,0.3799999999999999,90.5,9.499999999999996,362.0,47.338825683274486,620,181,0.0
1638,181,19,90.5,3.62,0.3799999999999999,90.5,9.499999999999996,362.0,47.338825683274486,620,181,0.0
1639,181,19,90.5,3.62,0.3799999999999999,90.5,9.499999999999996,362.0,47.338825683274486,620,181,0.0
1640,181,19,90.5,3.62,0.3799999999999999,90.5,9.499999999999996,362.0,47.338825683274486,620,181,0.0
1641,181,19,90.5,3.62,0.3799999999999999,90.5,9.499999999999996,362.0,47.338825683274486,620,181,0.0
1642,181,19,90.5,3.62,0.3799999999999999,90.5,9.499999999999996,362.0,47.338825683274486,620,181,0.0
1643,181,19,90.5,3.62,0.3799999999999999,90.5,9.499999999999996,362.0,47.338825683274486,620,181,0.0
1644,181,19,90.5,3.62,0.3799999999999999,90.5,9.499999999999996,362.0,47.338825683274486,620,181,0.0
1645,181,19,90.5,3.62,0.3799999999999999,90.5,9.499999999999996,362.0,47.338825683274486,620,181,0.0
1646,181,19,90.5,3.62,0.3799999999999999,90.5,9.499999999999996,362.0,47.338825683274486,620,181,0.0
1647,181,19,90.5,3.62,0.3799999999999999,90.5,9.499999999999996,362.0,47.338825683274486,620,181,0.0
1648,181,19,90.5,3.62,0.3799999999999999,90.5,9.499999999999996,362.0,47.338825683274486,620,181,0.0
1649,181,19,90.5,3.62,0.3799999999999999,90.5,9.499999999999996,362.0,47.338825683274486,620,181,0.0
1650,181,19,90.5,3.62,0.3799999999999999,90.5,9.499999999999996,362.0,47.338825683274486,620,181,0.0
1651,181,19,90.5,3.62,0.3799999999999999,90.5,9.499999999999996,362.0,47.338825683274486,620,181,0.0
1652,181,19,90.5,3.62,0.3799999999999999,90.5,9.499999999999996,362.0,47.338825683274486,620,181,0.0
1653,181,19,90.5,3.62,0.3799999999999999,90.5,9.499999999999996,362.0,47.338825683274486,620,181,0.0
1654,181,19,90.5,3.62,0.3799999999999999,90.5,9.499999999999996,362.0,47.338825683274486,620,181,0.0
1655,181,19,90.5,3.62,0.3799999999999999,90.5,9.499999999999996,362.0,47.338825683274486,620,181,0.0
1656,181,19,90.5,3.62,0.3799999999999999,90.5,9.499999999999996,362.0,47.338825683274486,620,181,0.0
1657,181,19,90.5,3.62,0.3799999999999999,90.5,9.499999999999996,362.0,47.338825683274486,620,181,0.0
1658,181,19,90.5,3.62,0.3799999999999999,90.5,9.499999999999996,362.0,47.338825683274486,620,181,0.0
1659,181,19,90.5,3.62,0.3799999999999999,90.5,9.499999999999996,362.0,47.338825683274486,620,181,0.0
1660,181,19,90.5,3.62,0.3799999999999999,90.5,9.499999999999996,362.0,47.338825683274486,620,181,0.0
1661,181,19,90.5,3.62,0.3799999999999999,90.5,9.499999999999996,362.0,47.338825683274486,620,181,0.0
1662,181,19,90.5,3.62,0.3799999999999999,90.5,9.499999999999996,362.0,47.338825683274486,620,181,0.0
1663,181,19,90.5,3.62,0.3799999999999999,90.5,9.499999999999996,362.0,47.338825683274486,620,181,0.0
1664,181,19,90.5,3.62,0.3799999999999999,90.5,9.499999999999996,362.0,47.338825683274486,620,181,0.0
1665,181,19,90.5,3.62,0.3799999999999999,90.5,9.499999999999996,362.0,47.338825683274486,620,181,0.0
1666,181,19,90.5,3.62,0.3799999999999999,90.5,9.499999999999996,362.0,47.338825683274486,620,181,0.0
1667,181,19,90.5,3.62,0.3799999999999999,90.5,9.499999999999996,362.0,47.338825683274486,620,181,0.0
1668,181,19,90.5,3.62,0.3799999999999999,90.5,9.499999999999996,362.0,47.338825683274486,620,181,0.0
1669,181,19,90.5,3.62,0.3799999999999999,90.5,9.499999999999996,362.0,47.338825683274486,620,181,0.0
1670,181,19,90.5,3.62,0.3799999999999999,90.5,9.499999999999996,362.0,47.338825683274486,620,181,0.0
1671,181,19,90.5,3.62,0.3799999999999999,90.5,9.499999999999996,362.0,47.338825683274486,620,181,0.0
1672,181,19,90.5,3.62,0.3799999999999999,90.5,9.499999999999996,362.0,47.338825683274486,620,181,0.0
1673,181,19,90.5,3.62,0.3799999999999999,90.5,9.499999999999996,362.0,47.338825683274486,620,181,0.0
1674,181,19,90.5,3.62,0.3799999999999999,90.5,9.499999999999996,362.0,47.338825683274486,620,181,0.0
1675,181,19,90.5,3.62,0.3799999999999999,90.5,9.499999999999996,362.0,47.338825683274486,620,181,0.0
1676,181,19,90.5,3.62,0.3799999999999999,90.5,9.499999999999996,362.0,47.338825683274486,620,181,0.0
1677,181,19,90.5,3.62,0.3799999999999999,90.5,9.499999999999996,362.0,47.338825683274486,620,181,0.0
1678,181,19,90.5,3.62,0.3799999999999999,90.5,9.499999999999996,362.0,47.338825683274486,620,181,0.0
1679,181,19,90.5,3.62,0.3799999999999999,90.5,9.499999999999996,362.0,47.338825683274486,621,181,0.0
1680,181,19,90.5,3.62,0.3799999999999999,90.5,9.499999999999996,362.0,47.338825683274486,622,181,0.0
1681,181,19,90.5,3.62,0.3799999999999999,90.5,9.499999999999996,362.0,47.338825683274486,622,181,0.0
1682,181,19,90.5,3.62,0.3799999999999999,90.5,9.499999999999996,362.0,47.338825683274486,622,181,0.0
1683,181,19,90.5,3.62,0.3799999999999999,90.5,9.499999999999996,362.0,47.338825683274486,622,181,0.0
1684,181,19,90.5,3.62,0.3799999999999999,90.5,9.499999999999996,362.0,47.338825683274486,622,181,0.0
1685,181,19,90.5,3.62,0.3799999999999999,90.5,9.499999999999996,362.0,47.338825683274486,622,181,0.0
1686,181,19,90.5,3.62,0.3799999999999999,90.5,9.499999999999996,362.0,47.338825683274486,622,181,0.0
1687,181,19,90.5,3.62,0.3799999999999999,90.5,9.499999999999996,362.0,47.338825683274486,622,181,0.0
1688,181,19,90.5,3.62,0.3799999999999999,90.5,9.499999999999996,362.0,47.338825683274486,622,181,0.0
1689,181,19,90.5,3.62,0.3799999999999999,90.5,9.499999999999996,362.0,47.338825683274486,622,181,0.0
1690,181,19,90.5,3.62,0.3799999999999999,90.5,9.499999999999996,362.0,47.338825683274486,622,181,0.0
1691,181,19,90.5,3.62,0.3799999999999999,90.5,9.499999999999996,362.0,47.338825683274486,622,181,0.0
1692,181,19,90.5,3.62,0.3799999999999999,90.5,9.499999999999996,362.0,47.338825683274486,622,181,0.0
1693,181,19,90.5,3.62,0.3799999999999999,90.5,9.499999999999996,362.0,47.338825683274486,622,181,0.0
1694,181,19,90.5,3.62,0.3799999999999999,90.5,9.499999999999996,362.0,47.338825683274486,623,181,0.0
1695,181,19,90.5,3.62,0.3799999999999999,90.5,9.499999999999996,362.0,47.338825683274486,624,181,0.0
1696,181,19,90.5,3.62,0.3799999999999999,90.5,9.499999999999996,362.0,47.338825683274486,625,181,0.0
1697,181,19,90.5,3.62,0.3799999999999999,90.5,9.499999999999996,362.0,47.338825683274486,626,181,0.0
1698,181,19,90.5,3.62,0.3799999999999999,90.5,9.499999999999996,362.0,47.338825683274486,627,181,0.0
1699,181,19,90.5,3.62,0.3799999999999999,90.5,9.499999999999996,362.0,47.338825683274486,628,181,0.0
1700,181,19,90.5,3.62,0.3799999999999999,90.5,9.499999999999996,362.0,47.338825683274486,628,181,0.0
1701,181,19,90.5,3.62,0.3799999999999999,90.5,9.499999999999996,362.0,47.338825683274486,628,181,0.0
1702,181,19,90.5,3.62,0.3799999999999999,90.5,9.499999999999996,362.0,47.338825683274486,628,181,0.0
1703,181,19,90.5,3.62,0.3799999999999999,90.5,9.499999999999996,362.0,47.338825683274486,628,181,0.0
1704,181,19,90.5,3.62,0.3799999999999999,90.5,9.499999999999996,362.0,47.338825683274486,628,181,0.0
1705,181,19,90.5,3.62,0.3799999999999999,90.5,9.499999999999996,362.0,47.338825683274486,628,181,0.0
1706,181,19,90.5,3.62,0.3799999999999999,90.5,9.499999999999996,362.0,47.338825683274486,628,181,0.0
1707,181,19,90.5,3.62,0.3799999999999999,90.5,9.499999999999996,362.0,47.338825683274486,628,181,0.0
1708,181,19,90.5,3.62,0.3799999999999999,90.5,9.499999999999996,362.0,47.338825683274486,628,181,0.0
1709,181,19,90.5,3.62,0.3799999999999999,90.5,9.499999999999996,362.0,47.338825683274486,628,181,0.0
1710,181,19,90.5,3.62,0.3799999999999999,90.5,9.499999999999996,362.0,47.338825683274486,628,181,0.0
1711,181,19,90.5,3.62,0.3799999999999999,90.5,9.499999999999996,362.0,47.338825683274486,628,181,0.0
1712,181,19,90.5,3.62,0.3799999999999999,90.5,9.499999999999996,362.0,47.338825683274486,628,181,0.0
1713,181,19,90.5,3.62,0.3799999999999999,90.5,9.499999999999996,362.0,47.338825683274486,628,181,0.0
1714,181,19,90.5,3.62,0.3799999999999999,90.5,9.499999999999996,362.0,47.338825683274486,629,181,0.0
1715,181,19,90.5,3.62,0.3799999999999999,90.5,9.499999999999996,362.0,47.338825683274486,630,181,0.0
1716,181,19,90.5,3.62,0.3799999999999999,90.5,9.499999999999996,362.0,47.338825683274486,632,181,0.0
1717,181,19,90.5,3.62,0.3799999999999999,90.5,9.499999999999996,362.0,47.338825683274486,635,181,0.0
1718,181,19,90.5,3.62,0.3799999999999999,90.5,9.499999999999996,362.0,47.338825683274486,638,181,0.0
1719,181,19,90.5,3.62,0.3799999999999999,90.5,9.499999999999996,362.0,47.338825683274486,640,181,0.0
1720,181,19,90.5,3.62,0.3799999999999999,90.5,9.499999999999996,362.0,47.338825683274486,641,181,0.0
1721,182,18,91.0,3.64,0.3599999999999999,91.0,8.999999999999996,364.0,47.600366156662744,644,182,2.0
1722,182,18,91.0,3.64,0.3599999999999999,91.0,8.999999999999996,364.0,47.600366156662744,646,182,0.0
1723,182,18,91.0,3.64,0.3599999999999999,91.0,8.999999999999996,364.0,47.600366156662744,647,182,0.0
1724,182,18,91.0,3.64,0.3599999999999999,91.0,8.999999999999996,364.0,47.600366156662744,648,182,0.0
1725,182,18,91.0,3.64,0.3599999999999999,91.0,8.999999999999996,364.0,47.600366156662744,648,182,0.0
1726,182,18,91.0,3.64,0.3599999999999999,91.0,8.999999999999996,364.0,47.600366156662744,648,182,0.0
1727,182,18,91.0,3.64,0.3599999999999999,91.0,8.999999999999996,364.0,47.600366156662744,648,182,0.0
1728,182,18,91.0,3.64,0.3599999999999999,91.0,8.999999999999996,364.0,47.600366156662744,648,182,0.0
1729,182,18,91.0,3.64,0.3599999999999999,91.0,8.999999999999996,364.0,47.600366156662744,648,182,0.0
1730,182,18,91.0,3.64,0.3599999999999999,91.0,8.999999999999996,364.0,47.600366156662744,648,182,0.0
1731,182,18,91.0,3.64,0.3599999999999999,91.0,8.999999999999996,364.0,47.600366156662744,649,182,0.0
1732,182,18,91.0,3.64,0.3599999999999999,91.0,8.999999999999996,364.0,47.600366156662744,650,182,0.0
1733,182,18,91.0,3.64,0.3599999999999999,91.0,8.999999999999996,364.0,47.600366156662744,652,182,0.0
1734,182,18,91.0,3.64,0.3599999999999999,91.0,8.999999999999996,364.0,47.600366156662744,652,182,0.0
1735,182,18,91.0,3.64,0.3599999999999999,91.0,8.999999999999996,364.0,47.600366156662744,653,182,0.0
1736,182,18,91.0,3.64,0.3599999999999999,91.0,8.999999999999996,364.0,47.600366156662744,655,182,0.0
1737,182,18,91.0,3.64,0.3599999999999999,91.0,8.999999999999996,364.0,47.600366156662744,655,182,0.0
1738,182,18,91.0,3.64,0.3599999999999999,91.0,8.999999999999996,364.0,47.600366156662744,655,182,0.0
1739,182,18,91.0,3.64,0.3599999999999999,91.0,8.999999999999996,364.0,47.600366156662744,657,182,0.0
1740,182,18,91.0,3.64,0.3599999999999999,91.0,8.999999999999996,364.0,47.600366156662744,658,182,0.0
1741,182,18,91.0,3.64,0.3599999999999999,91.0,8.999999999999996,364.0,47.600366156662744,659,182,0.0
1742,182,18,91.0,3.64,0.3599999999999999,91.0,8.999999999999996,364.0,47.600366156662744,660,182,0.0
1743,182,18,91.0,3.64,0.3599999999999999,91.0,8.999999999999996,364.0,47.600366156662744,661,182,0.0
1744,182,18,91.0,3.64,0.3599999999999999,91.0,8.999999999999996,364.0,47.600366156662744,662,182,0.0
1745,182,18,91.0,3.64,0.3599999999999999,91.0,8.999999999999996,364.0,47.600366156662744,662,182,0.0
1746,182,18,91.0,3.64,0.3599999999999999,91.0,8.999999999999996,364.0,47.600366156662744,662,182,0.0
1747,182,18,91.0,3.64,0.3599999999999999,91.0,8.999999999999996,364.0,47.600366156662744,662,182,0.0
1748,182,18,91.0,3.64,0.3599999999999999,91.0,8.999999999999996,364.0,47.600366156662744,662,182,0.0
1749,182,18,91.0,3.64,0.3599999999999999,91.0,8.999999999999996,364.0,47.600366156662744,663,182,0.0
1750,182,18,91.0,3.64,0.3599999999999999,91.0,8.999999999999996,364.0,47.600366156662744,663,182,0.0
1751,182,18,91.0,3.64,0.3599999999999999,91.0,8.999999999999996,364.0,47.600366156662744,663,182,0.0
1752,182,18,91.0,3.64,0.3599999999999999,91.0,8.999999999999996,364.0,47.600366156662744,663,182,0.0
1753,182,18,91.0,3.64,0.3599999999999999,91.0,8.999999999999996,364.0,47.600366156662744,663,182,0.0
1754,182,18,91.0,3.64,0.3599999999999999,91.0,8.999999999999996,364.0,47.600366156662744,663,182,0.0
1755,182,18,91.0,3.64,0.3599999999999999,91.0,8.999999999999996,364.0,47.600366156662744,663,182,0.0
1756,182,18,91.0,3.64,0.3599999999999999,91.0,8.999999999999996,364.0,47.600366156662744,663,182,0.0
1757,182,18,91.0,3.64,0.3599999999999999,91.0,8.999999999999996,364.0,47.600366156662744,663,182,0.0
1758,182,18,91.0,3.64,0.3599999999999999,91.0,8.999999999999996,364.0,47.600366156662744,663,182,0.0
1759,182,18,91.0,3.64,0.3599999999999999,91.0,8.999999999999996,364.0,47.600366156662744,663,182,0.0
1760,182,18,91.0,3.64,0.3599999999999999,91.0,8.999999999999996,364.0,47.600366156662744,663,182,0.0
1761,182,18,91.0,3.64,0.3599999999999999,91.0,8.999999999999996,364.0,47.600366156662744,663,182,0.0
1762,182,18,91.0,3.64,0.3599999999999999,91.0,8.999999999999996,364.0,47.600366156662744,663,182,0.0
1763,182,18,91.0,3.64,0.3599999999999999,91.0,8.999999999999996,364.0,47.600366156662744,663,182,0.0
1764,182,18,91.0,3.64,0.3599999999999999,91.0,8.999999999999996,364.0,47.600366156662744,663,182,0.0
1765,182,18,91.0,3.64,0.3599999999999999,91.0,8.999999999999996,364.0,47.600366156662744,663,182,0.0
1766,182,18,91.0,3.64,0.3599999999999999,91.0,8.999999999999996,364.0,47.600366156662744,663,182,0.0
1767,182,18,91.0,3.64,0.3599999999999999,91.0,8.999999999999996,364.0,47.600366156662744,663,182,0.0
1768,182,18,91.0,3.64,0.3599999999999999,91.0,8.999999999999996,364.0,47.600366156662744,663,182,0.0
1769,182,18,91.0,3.64,0.3599999999999999,91.0,8.999999999999996,364.0,47.600366156662744,663,182,0.0
1770,182,18,91.0,3.64,0.3599999999999999,91.0,8.999999999999996,364.0,47.600366156662744,663,182,0.0
1771,182,18,91.0,3.64,0.3599999999999999,91.0,8.999999999999996,364.0,47.600366156662744,663,182,0.0
1772,182,18,91.0,3.64,0.3599999999999999,91.0,8.999999999999996,364.0,47.600366156662744,663,182,0.0
1773,182,18,91.0,3.64,0.3599999999999999,91.0,8.999999999999996,364.0,47.600366156662744,663,182,0.0
1774,182,18,91.0,3.64,0.3599999999999999,91.0,8.999999999999996,364.0,47.600366156662744,663,182,0.0
1775,182,18,91.0,3.64,0.3599999999999999,91.0,8.999999999999996,364.0,47.600366156662744,663,182,0.0
1776,182,18,91.0,3.64,0.3599999999999999,91.0,8.999999999999996,364.0,47.600366156662744,663,182,0.0
1777,182,18,91.0,3.64,0.3599999999999999,91.0,8.999999999999996,364.0,47.600366156662744,663,182,0.0
1778,182,18,91.0,3.64,0.3599999999999999,91.0,8.999999999999996,364.0,47.600366156662744,663,182,0.0
1779,182,18,91.0,3.64,0.3599999999999999,91.0,8.999999999999996,364.0,47.600366156662744,663,182,0.0
1780,182,18,91.0,3.64,0.3599999999999999,91.0,8.999999999999996,364.0,47.600366156662744,663,182,0.0
1781,182,18,91.0,3.64,0.3599999999999999,91.0,8.999999999999996,364.0,47.600366156662744,663,182,0.0
1782,182,18,91.0,3.64,0.3599999999999999,91.0,8.999999999999996,364.0,47.600366156662744,663,182,0.0
1783,182,18,91.0,3.64,0.3599999999999999,91.0,8.999999999999996,364.0,47.600366156662744,663,182,0.0
1784,182,18,91.0,3.64,0.3599999999999999,91.0,8.999999999999996,364.0,47.600366156662744,663,182,0.0
1785,182,18,91.0,3.64,0.3599999999999999,91.0,8.999999999999996,364.0,47.600366156662744,663,182,0.0
1786,182,18,91.0,3.64,0.3599999999999999,91.0,8.999999999999996,364.0,47.600366156662744,663,182,0.0
1787,182,18,91.0,3.64,0.3599999999999999,91.0,8.999999999999996,364.0,47.600366156662744,663,182,0.0
1788,182,18,91.0,3.64,0.3599999999999999,91.0,8.999999999999996,364.0,47.600366156662744,663,182,0.0
1789,182,18,91.0,3.64,0.3599999999999999,91.0,8.999999999999996,364.0,47.600366156662744,663,182,0.0
1790,182,18,91.0,3.64,0.3599999999999999,91.0,8.999999999999996,364.0,47.600366156662744,663,182,0.0
1791,182,18,91.0,3.64,0.3599999999999999,91.0,8.999999999999996,364.0,47.600366156662744,663,182,0.0
1792,182,18,91.0,3.64,0.3599999999999999,91.0,8.999999999999996,364.0,47.600366156662744,663,182,0.0
1793,182,18,91.0,3.64,0.3599999999999999,91.0,8.999999999999996,364.0,47.600366156662744,663,182,0.0
1794,182,18,91.0,3.64,0.3599999999999999,91.0,8.999999999999996,364.0,47.600366156662744,663,182,0.0
1795,182,18,91.0,3.64,0.3599999999999999,91.0,8.999999999999996,364.0,47.600366156662744,663,182,0.0
1796,182,18,91.0,3.64,0.3599999999999999,91.0,8.999999999999996,364.0,47.600366156662744,663,182,0.0
1797,182,18,91.0,3.64,0.3599999999999999,91.0,8.999999999999996,364.0,47.600366156662744,663,182,0.0
1798,182,18,91.0,3.64,0.3599999999999999,91.0,8.999999999999996,364.0,47.600366156662744,663,182,0.0
1799,182,18,91.0,3.64,0.3599999999999999,91.0,8.999999999999996,364.0,47.600366156662744,663,182,0.0
1800,182,18,91.0,3.64,0.3599999999999999,91.0,8.999999999999996,364.0,47.600366156662744,663,182,0.0
1801,182,18,91.0,3.64,0.3599999999999999,91.0,8.999999999999996,364.0,47.600366156662744,663,182,0.0
1802,182,18,91.0,3.64,0.3599999999999999,91.0,8.999999999999996,364.0,47.600366156662744,663,182,0.0
1803,182,18,91.0,3.64,0.3599999999999999,91.0,8.999999999999996,364.0,47.600366156662744,663,182,0.0
1804,182,18,91.0,3.64,0.3599999999999999,91.0,8.999999999999996,364.0,47.600366156662744,663,182,0.0
1805,182,18,91.0,3.64,0.3599999999999999,91.0,8.999999999999996,364.0,47.600366156662744,663,182,0.0
1806,182,18,91.0,3.64,0.3599999999999999,91.0,8.999999999999996,364.0,47.600366156662744,663,182,0.0
1807,182,18,91.0,3.64,0.3599999999999999,91.0,8.999999999999996,364.0,47.600366156662744,663,182,0.0
1808,182,18,91.0,3.64,0.3599999999999999,91.0,8.999999999999996,364.0,47.600366156662744,663,182,0.0
1809,182,18,91.0,3.64,0.3599999999999999,91.0,8.999999999999996,364.0,47.600366156662744,663,182,0.0
1810,182,18,91.0,3.64,0.3599999999999999,91.0,8.999999999999996,364.0,47.600366156662744,663,182,0.0
1811,182,18,91.0,3.64,0.3599999999999999,91.0,8.999999999999996,364.0,47.600366156662744,663,182,0.0
1812,182,18,91.0,3.64,0.3599999999999999,91.0,8.999999999999996,364.0,47.600366156662744,663,182,0.0
1813,182,18,91.0,3.64,0.3599999999999999,91.0,8.999999999999996,364.0,47.600366156662744,663,182,0.0
1814,182,18,91.0,3.64,0.3599999999999999,91.0,8.999999999999996,364.0,47.600366156662744,663,182,0.0
1815,182,18,91.0,3.64,0.3599999999999999,91.0,8.999999999999996,364.0,47.600366156662744,663,182,0.0
1816,182,18,91.0,3.64,0.3599999999999999,91.0,8.999999999999996,364.0,47.600366156662744,663,182,0.0
1817,182,18,91.0,3.64,0.3599999999999999,91.0,8.999999999999996,364.0,47.600366156662744,663,182,0.0
1818,182,18,91.0,3.64,0.3599999999999999,91.0,8.999999999999996,364.0,47.600366156662744,663,182,0.0
1819,182,18,91.0,3.64,0.3599999999999999,91.0,8.999999999999996,364.0,47.600366156662744,663,182,0.0
1820,182,18,91.0,3.64,0.3599999999999999,91.0,8.999999999999996,364.0,47.600366156662744,663,182,0.0
1821,182,18,91.0,3.64,0.3599999999999999,91.0,8.999999999999996,364.0,47.600366156662744,663,182,0.0
1822,182,18,91.0,3.64,0.3599999999999999,91.0,8.999999999999996,364.0,47.600366156662744,663,182,0.0
1823,182,18,91.0,3.64,0.3599999999999999,91.0,8.999999999999996,364.0,47.600366156662744,663,182,0.0
1824,182,18,91.0,3.64,0.3599999999999999,91.0,8.999999999999996,364.0,47.600366156662744,663,182,0.0
1825,182,18,91.0,3.64,0.3599999999999999,91.0,8.999999999999996,364.0,47.600366156662744,663,182,0.0
1826,182,18,91.0,3.64,0.3599999999999999,91.0,8.999999999999996,364.0,47.600366156662744,663,182,0.0
1827,182,18,91.0,3.64,0.3599999999999999,91.0,8.999999999999996,364.0,47.600366156662744,663,182,0.0
1828,182,18,91.0,3.64,0.3599999999999999,91.0,8.999999999999996,364.0,47.600366156662744,663,182,0.0
1829,182,18,91.0,3.64,0.3599999999999999,91.0,8.999999999999996,364.0,47.600366156662744,663,182,0.0
1830,182,18,91.0,3.64,0.3599999999999999,91.0,8.999999999999996,364.0,47.600366156662744,663,182,0.0
1831,182,18,91.0,3.64,0.3599999999999999,91.0,8.999999999999996,364.0,47.600366156662744,663,182,0.0
1832,182,18,91.0,3.64,0.3599999999999999,91.0,8.999999999999996,364.0,47.600366156662744,663,182,0.0
1833,182,18,91.0,3.64,0.3599999999999999,91.0,8.999999999999996,364.0,47.600366156662744,663,182,0.0
1834,182,18,91.0,3.64,0.3599999999999999,91.0,8.999999999999996,364.0,47.600366156662744,663,182,0.0
1835,182,18,91.0,3.64,0.3599999999999999,91.0,8.999999999999996,364.0,47.600366156662744,663,182,0.0
1836,182,18,91.0,3.64,0.3599999999999999,91.0,8.999999999999996,364.0,47.600366156662744,663,182,0.0
1837,182,18,91.0,3.64,0.3599999999999999,91.0,8.999999999999996,364.0,47.600366156662744,663,182,0.0
1838,182,18,91.0,3.64,0.3599999999999999,91.0,8.999999999999996,364.0,47.600366156662744,663,182,0.0
1839,182,18,91.0,3.64,0.3599999999999999,91.0,8.999999999999996,364.0,47.600366156662744,663,182,0.0
1840,182,18,91.0,3.64,0.3599999999999999,91.0,8.999999999999996,364.0,47.600366156662744,663,182,0.0
1841,183,17,91.5,3.66,0.33999999999999986,91.5,8.499999999999996,366.0,47.861906630050996,664,183,2.0
1842,183,17,91.5,3.66,0.33999999999999986,91.5,8.499999999999996,366.0,47.861906630050996,664,183,0.0
1843,183,17,91.5,3.66,0.33999999999999986,91.5,8.499999999999996,366.0,47.861906630050996,664,183,0.0
1844,183,17,91.5,3.66,0.33999999999999986,91.5,8.499999999999996,366.0,47.861906630050996,664,183,0.0
1845,183,17,91.5,3.66,0.33999999999999986,91.5,8.499999999999996,366.0,47.861906630050996,664,183,0.0
1846,183,17,91.5,3.66,0.33999999999999986,91.5,8.499999999999996,366.0,47.861906630050996,664,183,0.0
1847,183,17,91.5,3.66,0.33999999999999986,91.5,8.499999999999996,366.0,47.861906630050996,664,183,0.0
1848,183,17,91.5,3.66,0.33999999999999986,91.5,8.499999999999996,366.0,47.861906630050996,664,183,0.0
1849,184,16,92.0,3.68,0.31999999999999984,92.0,7.999999999999996,368.0,48.123447103439254,666,184,2.0
1850,184,16,92.0,3.68,0.31999999999999984,92.0,7.999999999999996,368.0,48.123447103439254,666,184,0.0
1851,184,16,92.0,3.68,0.31999999999999984,92.0,7.999999999999996,368.0,48.123447103439254,666,184,0.0
1852,184,16,92.0,3.68,0.31999999999999984,92.0,7.999999999999996,368.0,48.123447103439254,666,184,0.0
1853,184,16,92.0,3.68,0.31999999999999984,92.0,7.999999999999996,368.0,48.123447103439254,666,184,0.0
1854,184,16,92.0,3.68,0.31999999999999984,92.0,7.999999999999996,368.0,48.123447103439254,666,184,0.0
1855,184,16,92.0,3.68,0.31999999999999984,92.0,7.999999999999996,368.0,48.123447103439254,666,184,0.0
1856,184,16,92.0,3.68,0.31999999999999984,92.0,7.999999999999996,368.0,48.123447103439254,666,184,0.0
1857,184,16,92.0,3.68,0.31999999999999984,92.0,7.999999999999996,368.0,48.123447103439254,666,184,0.0
1858,184,16,92.0,3.68,0.31999999999999984,92.0,7.999999999999996,368.0,48.123447103439254,666,184,0.0
1859,184,16,92.0,3.68,0.31999999999999984,92.0,7.999999999999996,368.0,48.123447103439254,666,184,0.0
1860,184,16,92.0,3.68,0.31999999999999984,92.0,7.999999999999996,368.0,48.123447103439254,666,184,0.0
1861,184,16,92.0,3.68,0.31999999999999984,92.0,7.999999999999996,368.0,48.123447103439254,666,184,0.0
1862,184,16,92.0,3.68,0.31999999999999984,92.0,7.999999999999996,368.0,48.123447103439254,666,184,0.0
1863,184,16,92.0,3.68,0.31999999999999984,92.0,7.999999999999996,368.0,48.123447103439254,666,184,0.0
1864,184,16,92.0,3.68,0.31999999999999984,92.0,7.999999999999996,368.0,48.123447103439254,666,184,0.0
1865,184,16,92.0,3.68,0.31999999999999984,92.0,7.999999999999996,368.0,48.123447103439254,666,184,0.0
1866,184,16,92.0,3.68,0.31999999999999984,92.0,7.999999999999996,368.0,48.123447103439254,666,184,0.0
1867,184,16,92.0,3.68,0.31999999999999984,92.0,7.999999999999996,368.0,48.123447103439254,666,184,0.0
1868,184,16,92.0,3.68,0.31999999999999984,92.0,7.999999999999996,368.0,48.123447103439254,666,184,0.0
1869,184,16,92.0,3.68,0.31999999999999984,92.0,7.999999999999996,368.0,48.123447103439254,666,184,0.0
1870,184,16,92.0,3.68,0.31999999999999984,92.0,7.999999999999996,368.0,48.123447103439254,666,184,0.0
1871,184,16,92.0,3.68,0.31999999999999984,92.0,7.999999999999996,368.0,48.123447103439254,666,184,0.0
1872,184,16,92.0,3.68,0.31999999999999984,92.0,7.999999999999996,368.0,48.123447103439254,666,184,0.0
1873,184,16,92.0,3.68,0.31999999999999984,92.0,7.999999999999996,368.0,48.123447103439254,666,184,0.0
1874,184,16,92.0,3.68,0.31999999999999984,92.0,7.999999999999996,368.0,48.123447103439254,666,184,0.0
1875,184,16,92.0,3.68,0.31999999999999984,92.0,7.999999999999996,368.0,48.123447103439254,666,184,0.0
1876,184,16,92.0,3.68,0.31999999999999984,92.0,7.999999999999996,368.0,48.123447103439254,666,184,0.0
1877,184,16,92.0,3.68,0.31999999999999984,92.0,7.999999999999996,368.0,48.123447103439254,666,184,0.0
1878,184,16,92.0,3.68,0.31999999999999984,92.0,7.999999999999996,368.0,48.123447103439254,666,184,0.0
1879,184,16,92.0,3.68,0.31999999999999984,92.0,7.999999999999996,368.0,48.123447103439254,666,184,0.0
1880,184,16,92.0,3.68,0.31999999999999984,92.0,7.999999999999996,368.0,48.123447103439254,667,184,0.0
1881,184,16,92.0,3.68,0.31999999999999984,92.0,7.999999999999996,368.0,48.123447103439254,668,184,0.0
1882,184,16,92.0,3.68,0.31999999999999984,92.0,7.999999999999996,368.0,48.123447103439254,668,184,0.0
1883,184,16,92.0,3.68,0.31999999999999984,92.0,7.999999999999996,368.0,48.123447103439254,668,184,0.0
1884,184,16,92.0,3.68,0.31999999999999984,92.0,7.999999999999996,368.0,48.123447103439254,669,184,0.0
1885,184,16,92.0,3.68,0.31999999999999984,92.0,7.999999999999996,368.0,48.123447103439254,669,184,0.0
1886,184,16,92.0,3.68,0.31999999999999984,92.0,7.999999999999996,368.0,48.123447103439254,670,184,0.0
1887,184,16,92.0,3.68,0.31999999999999984,92.0,7.999999999999996,368.0,48.123447103439254,671,184,0.0
1888,184,16,92.0,3.68,0.31999999999999984,92.0,7.999999999999996,368.0,48.123447103439254,672,184,0.0
1889,184,16,92.0,3.68,0.31999999999999984,92.0,7.999999999999996,368.0,48.123447103439254,673,184,0.0
1890,184,16,92.0,3.68,0.31999999999999984,92.0,7.999999999999996,368.0,48.123447103439254,674,184,0.0
1891,184,16,92.0,3.68,0.31999999999999984,92.0,7.999999999999996,368.0,48.123447103439254,675,184,0.0
1892,184,16,92.0,3.68,0.31999999999999984,92.0,7.999999999999996,368.0,48.123447103439254,675,184,0.0
1893,184,16,92.0,3.68,0.31999999999999984,92.0,7.999999999999996,368.0,48.123447103439254,675,184,0.0
1894,184,16,92.0,3.68,0.31999999999999984,92.0,7.999999999999996,368.0,48.123447103439254,675,184,0.0
1895,184,16,92.0,3.68,0.31999999999999984,92.0,7.999999999999996,368.0,48.123447103439254,675,184,0.0
1896,184,16,92.0,3.68,0.31999999999999984,92.0,7.999999999999996,368.0,48.123447103439254,675,184,0.0
1897,185,15,92.5,3.7,0.2999999999999998,92.5,7.499999999999996,370.0,48.38498757682751,677,185,2.0
1898,185,15,92.5,3.7,0.2999999999999998,92.5,7.499999999999996,370.0,48.38498757682751,678,185,0.0
1899,185,15,92.5,3.7,0.2999999999999998,92.5,7.499999999999996,370.0,48.38498757682751,678,185,0.0
1900,185,15,92.5,3.7,0.2999999999999998,92.5,7.499999999999996,370.0,48.38498757682751,678,185,0.0
1901,185,15,92.5,3.7,0.2999999999999998,92.5,7.499999999999996,370.0,48.38498757682751,678,185,0.0
1902,185,15,92.5,3.7,0.2999999999999998,92.5,7.499999999999996,370.0,48.38498757682751,678,185,0.0
1903,185,15,92.5,3.7,0.2999999999999998,92.5,7.499999999999996,370.0,48.38498757682751,678,185,0.0
1904,185,15,92.5,3.7,0.2999999999999998,92.5,7.499999999999996,370.0,48.38498757682751,678,185,0.0
1905,185,15,92.5,3.7,0.2999999999999998,92.5,7.499999999999996,370.0,48.38498757682751,678,185,0.0
1906,185,15,92.5,3.7,0.2999999999999998,92.5,7.499999999999996,370.0,48.38498757682751,678,185,0.0
1907,185,15,92.5,3.7,0.2999999999999998,92.5,7.499999999999996,370.0,48.38498757682751,678,185,0.0
1908,185,15,92.5,3.7,0.2999999999999998,92.5,7.499999999999996,370.0,48.38498757682751,678,185,0.0
1909,185,15,92.5,3.7,0.2999999999999998,92.5,7.499999999999996,370.0,48.38498757682751,678,185,0.0
1910,185,15,92.5,3.7,0.2999999999999998,92.5,7.499999999999996,370.0,48.38498757682751,678,185,0.0
1911,185,15,92.5,3.7,0.2999999999999998,92.5,7.499999999999996,370.0,48.38498757682751,678,185,0.0
1912,185,15,92.5,3.7,0.2999999999999998,92.5,7.499999999999996,370.0,48.38498757682751,678,185,0.0
1913,185,15,92.5,3.7,0.2999999999999998,92.5,7.499999999999996,370.0,48.38498757682751,678,185,0.0
1914,185,15,92.5,3.7,0.2999999999999998,92.5,7.499999999999996,370.0,48.38498757682751,678,185,0.0
1915,185,15,92.5,3.7,0.2999999999999998,92.5,7.499999999999996,370.0,48.38498757682751,678,185,0.0
1916,185,15,92.5,3.7,0.2999999999999998,92.5,7.499999999999996,370.0,48.38498757682751,678,185,0.0
1917,185,15,92.5,3.7,0.2999999999999998,92.5,7.499999999999996,370.0,48.38498757682751,678,185,0.0
1918,185,15,92.5,3.7,0.2999999999999998,92.5,7.499999999999996,370.0,48.38498757682751,678,185,0.0
1919,185,15,92.5,3.7,0.2999999999999998,92.5,7.499999999999996,370.0,48.38498757682751,678,185,0.0
1920,185,15,92.5,3.7,0.2999999999999998,92.5,7.499999999999996,370.0,48.38498757682751,678,185,0.0
1921,185,15,92.5,3.7,0.2999999999999998,92.5,7.499999999999996,370.0,48.38498757682751,678,185,0.0
1922,185,15,92.5,3.7,0.2999999999999998,92.5,7.499999999999996,370.0,48.38498757682751,678,185,0.0
1923,185,15,92.5,3.7,0.2999999999999998,92.5,7.499999999999996,370.0,48.38498757682751,678,185,0.0
1924,185,15,92.5,3.7,0.2999999999999998,92.5,7.499999999999996,370.0,48.38498757682751,678,185,0.0
1925,185,15,92.5,3.7,0.2999999999999998,92.5,7.499999999999996,370.0,48.38498757682751,678,185,0.0
1926,185,15,92.5,3.7,0.2999999999999998,92.5,7.499999999999996,370.0,48.38498757682751,678,185,0.0
1927,186,14,93.0,3.72,0.2799999999999998,93.0,6.999999999999995,372.0,48.64652805021577,679,186,2.0
1928,186,14,93.0,3.72,0.2799999999999998,93.0,6.999999999999995,372.0,48.64652805021577,679,186,0.0
1929,186,14,93.0,3.72,0.2799999999999998,93.0,6.999999999999995,372.0,48.64652805021577,679,186,0.0
1930,186,14,93.0,3.72,0.2799999999999998,93.0,6.999999999999995,372.0,48.64652805021577,679,186,0.0
1931,186,14,93.0,3.72,0.2799999999999998,93.0,6.999999999999995,372.0,48.64652805021577,679,186,0.0
1932,186,14,93.0,3.72,0.2799999999999998,93.0,6.999999999999995,372.0,48.64652805021577,679,186,0.0
1933,186,14,93.0,3.72,0.2799999999999998,93.0,6.999999999999995,372.0,48.64652805021577,679,186,0.0
1934,186,14,93.0,3.72,0.2799999999999998,93.0,6.999999999999995,372.0,48.64652805021577,679,186,0.0
1935,186,14,93.0,3.72,0.2799999999999998,93.0,6.999999999999995,372.0,48.64652805021577,679,186,0.0
1936,186,14,93.0,3.72,0.2799999999999998,93.0,6.999999999999995,372.0,48.64652805021577,679,186,0.0
1937,186,14,93.0,3.72,0.2799999999999998,93.0,6.999999999999995,372.0,48.64652805021577,679,186,0.0
1938,186,14,93.0,3.72,0.2799999999999998,93.0,6.999999999999995,372.0,48.64652805021577,679,186,0.0
1939,186,14,93.0,3.72,0.2799999999999998,93.0,6.999999999999995,372.0,48.64652805021577,679,186,0.0
1940,186,14,93.0,3.72,0.2799999999999998,93.0,6.999999999999995,372.0,48.64652805021577,679,186,0.0
1941,186,14,93.0,3.72,0.2799999999999998,93.0,6.999999999999995,372.0,48.64652805021577,679,186,0.0
1942,186,14,93.0,3.72,0.2799999999999998,93.0,6.999999999999995,372.0,48.64652805021577,679,186,0.0
1943,186,14,93.0,3.72,0.2799999999999998,93.0,6.999999999999995,372.0,48.64652805021577,679,186,0.0
1944,186,14,93.0,3.72,0.2799999999999998,93.0,6.999999999999995,372.0,48.64652805021577,679,186,0.0
1945,186,14,93.0,3.72,0.2799999999999998,93.0,6.999999999999995,372.0,48.64652805021577,679,186,0.0
1946,186,14,93.0,3.72,0.2799999999999998,93.0,6.999999999999995,372.0,48.64652805021577,679,186,0.0
1947,186,14,93.0,3.72,0.2799999999999998,93.0,6.999999999999995,372.0,48.64652805021577,679,186,0.0
1948,186,14,93.0,3.72,0.2799999999999998,93.0,6.999999999999995,372.0,48.64652805021577,679,186,0.0
1949,186,14,93.0,3.72,0.2799999999999998,93.0,6.999999999999995,372.0,48.64652805021577,679,186,0.0
1950,186,14,93.0,3.72,0.2799999999999998,93.0,6.999999999999995,372.0,48.64652805021577,679,186,0.0
1951,186,14,93.0,3.72,0.2799999999999998,93.0,6.999999999999995,372.0,48.64652805021577,679,186,0.0
1952,186,14,93.0,3.72,0.2799999999999998,93.0,6.999999999999995,372.0,48.64652805021577,679,186,0.0
1953,186,14,93.0,3.72,0.2799999999999998,93.0,6.999999999999995,372.0,48.64652805021577,679,186,0.0
1954,186,14,93.0,3.72,0.2799999999999998,93.0,6.999999999999995,372.0,48.64652805021577,679,186,0.0
1955,186,14,93.0,3.72,0.2799999999999998,93.0,6.999999999999995,372.0,48.64652805021577,679,186,0.0
1956,186,14,93.0,3.72,0.2799999999999998,93.0,6.999999999999995,372.0,48.64652805021577,679,186,0.0
1957,186,14,93.0,3.72,0.2799999999999998,93.0,6.999999999999995,372.0,48.64652805021577,679,186,0.0
1958,186,14,93.0,3.72,0.2799999999999998,93.0,6.999999999999995,372.0,48.64652805021577,679,186,0.0
1959,186,14,93.0,3.72,0.2799999999999998,93.0,6.999999999999995,372.0,48.64652805021577,679,186,0.0
1960,186,14,93.0,3.72,0.2799999999999998,93.0,6.999999999999995,372.0,48.64652805021577,679,186,0.0
1961,186,14,93.0,3.72,0.2799999999999998,93.0,6.999999999999995,372.0,48.64652805021577,679,186,0.0
1962,186,14,93.0,3.72,0.2799999999999998,93.0,6.999999999999995,372.0,48.64652805021577,679,186,0.0
1963,186,14,93.0,3.72,0.2799999999999998,93.0,6.999999999999995,372.0,48.64652805021577,679,186,0.0
1964,186,14,93.0,3.72,0.2799999999999998,93.0,6.999999999999995,372.0,48.64652805021577,679,186,0.0
1965,186,14,93.0,3.72,0.2799999999999998,93.0,6.999999999999995,372.0,48.64652805021577,679,186,0.0
1966,186,14,93.0,3.72,0.2799999999999998,93.0,6.999999999999995,372.0,48.64652805021577,679,186,0.0
1967,186,14,93.0,3.72,0.2799999999999998,93.0,6.999999999999995,372.0,48.64652805021577,679,186,0.0
1968,186,14,93.0,3.72,0.2799999999999998,93.0,6.999999999999995,372.0,48.64652805021577,679,186,0.0
1969,186,14,93.0,3.72,0.2799999999999998,93.0,6.999999999999995,372.0,48.64652805021577,679,186,0.0
1970,186,14,93.0,3.72,0.2799999999999998,93.0,6.999999999999995,372.0,48.64652805021577,679,186,0.0
1971,186,14,93.0,3.72,0.2799999999999998,93.0,6.999999999999995,372.0,48.64652805021577,679,186,0.0
1972,186,14,93.0,3.72,0.2799999999999998,93.0,6.999999999999995,372.0,48.64652805021577,679,186,0.0
1973,186,14,93.0,3.72,0.2799999999999998,93.0,6.999999999999995,372.0,48.64652805021577,679,186,0.0
1974,186,14,93.0,3.72,0.2799999999999998,93.0,6.999999999999995,372.0,48.64652805021577,679,186,0.0
1975,186,14,93.0,3.72,0.2799999999999998,93.0,6.999999999999995,372.0,48.64652805021577,679,186,0.0
1976,186,14,93.0,3.72,0.2799999999999998,93.0,6.999999999999995,372.0,48.64652805021577,679,186,0.0
1977,186,14,93.0,3.72,0.2799999999999998,93.0,6.999999999999995,372.0,48.64652805021577,679,186,0.0
1978,186,14,93.0,3.72,0.2799999999999998,93.0,6.999999999999995,372.0,48.64652805021577,679,186,0.0
1979,186,14,93.0,3.72,0.2799999999999998,93.0,6.999999999999995,372.0,48.64652805021577,679,186,0.0
1980,186,14,93.0,3.72,0.2799999999999998,93.0,6.999999999999995,372.0,48.64652805021577,680,186,0.0
1981,186,14,93.0,3.72,0.2799999999999998,93.0,6.999999999999995,372.0,48.64652805021577,680,186,0.0
1982,186,14,93.0,3.72,0.2799999999999998,93.0,6.999999999999995,372.0,48.64652805021577,680,186,0.0
1983,186,14,93.0,3.72,0.2799999999999998,93.0,6.999999999999995,372.0,48.64652805021577,680,186,0.0
1984,186,14,93.0,3.72,0.2799999999999998,93.0,6.999999999999995,372.0,48.64652805021577,680,186,0.0
1985,186,14,93.0,3.72,0.2799999999999998,93.0,6.999999999999995,372.0,48.64652805021577,680,186,0.0
1986,186,14,93.0,3.72,0.2799999999999998,93.0,6.999999999999995,372.0,48.64652805021577,680,186,0.0
1987,186,14,93.0,3.72,0.2799999999999998,93.0,6.999999999999995,372.0,48.64652805021577,680,186,0.0
1988,186,14,93.0,3.72,0.2799999999999998,93.0,6.999999999999995,372.0,48.64652805021577,680,186,0.0
1989,186,14,93.0,3.72,0.2799999999999998,93.0,6.999999999999995,372.0,48.64652805021577,680,186,0.0
1990,186,14,93.0,3.72,0.2799999999999998,93.0,6.999999999999995,372.0,48.64652805021577,680,186,0.0
1991,186,14,93.0,3.72,0.2799999999999998,93.0,6.999999999999995,372.0,48.64652805021577,680,186,0.0
1992,186,14,93.0,3.72,0.2799999999999998,93.0,6.999999999999995,372.0,48.64652805021577,680,186,0.0
1993,186,14,93.0,3.72,0.2799999999999998,93.0,6.999999999999995,372.0,48.64652805021577,680,186,0.0
1994,186,14,93.0,3.72,0.2799999999999998,93.0,6.999999999999995,372.0,48.64652805021577,680,186,0.0
1995,186,14,93.0,3.72,0.2799999999999998,93.0,6.999999999999995,372.0,48.64652805021577,680,186,0.0
1996,186,14,93.0,3.72,0.2799999999999998,93.0,6.999999999999995,372.0,48.64652805021577,680,186,0.0
1997,186,14,93.0,3.72,0.2799999999999998,93.0,6.999999999999995,372.0,48.64652805021577,680,186,0.0
1998,186,14,93.0,3.72,0.2799999999999998,93.0,6.999999999999995,372.0,48.64652805021577,680,186,0.0
1999,186,14,93.0,3.72,0.2799999999999998,93.0,6.999999999999995,372.0,48.64652805021577,680,186,0.0
2000,186,14,93.0,3.72,0.2799999999999998,93.0,6.999999999999995,372.0,48.64652805021577,680,186,0.0
