step,n_adsorbed,n_free,percent_adsorbed,m_adsorbed_mg,m_free_mg,c_pdf_mg_l,c_remaining_mg_l,qt_mg_g,percent_qmax,n_contacts,n_adsorption_events,dqt_per_step
0,0,200,0.0,0.0,4.0,0.0,100.0,0.0,0.0,0,0,0.0
1,3,197,1.5,0.06,3.94,1.5,98.5,6.0,0.7846214201647704,3,3,6.0
2,4,196,2.0,0.08,3.92,2.0,98.0,8.0,1.0461618935530272,4,4,2.0
3,6,194,3.0,0.12,3.88,3.0,97.0,12.0,1.5692428403295409,6,6,4.0
4,6,194,3.0,0.12,3.88,3.0,97.0,12.0,1.5692428403295409,6,6,0.0
5,7,193,3.5000000000000004,0.14,3.86,3.5000000000000004,96.5,14.000000000000002,1.830783313717798,7,7,2.0000000000000018
6,7,193,3.5000000000000004,0.14,3.86,3.5000000000000004,96.5,14.000000000000002,1.830783313717798,7,7,0.0
7,8,192,4.0,0.16,3.84,4.0,96.0,16.0,2.0923237871060545,8,8,1.9999999999999982
8,10,190,5.0,0.2,3.8,5.0,95.0,20.0,2.6154047338825683,10,10,4.0
9,10,190,5.0,0.2,3.8,5.0,95.0,20.0,2.6154047338825683,10,10,0.0
10,10,190,5.0,0.2,3.8,5.0,95.0,20.0,2.6154047338825683,10,10,0.0
11,10,190,5.0,0.2,3.8,5.0,95.0,20.0,2.6154047338825683,10,10,0.0
12,13,187,6.5,0.26,3.74,6.5,93.5,26.0,3.4000261540473384,13,13,6.0
13,14,186,7.000000000000001,0.28,3.7199999999999998,7.000000000000001,92.99999999999999,28.000000000000004,3.661566627435596,14,14,2.0000000000000036
14,16,184,8.0,0.32,3.68,8.0,92.0,32.0,4.184647574212109,16,16,3.9999999999999964
15,17,183,8.5,0.34,3.66,8.5,91.5,34.0,4.446188047600367,17,17,2.0
16,17,183,8.5,0.34,3.66,8.5,91.5,34.0,4.446188047600367,17,17,0.0
17,18,182,9.0,0.36,3.64,9.0,91.0,36.0,4.707728520988623,18,18,2.0
18,18,182,9.0,0.36,3.64,9.0,91.0,36.0,4.707728520988623,18,18,0.0
19,18,182,9.0,0.36,3.64,9.0,91.0,36.0,4.707728520988623,18,18,0.0
20,19,181,9.5,0.38,3.62,9.5,90.5,38.0,4.96926899437688,19,19,2.0
21,19,181,9.5,0.38,3.62,9.5,90.5,38.0,4.96926899437688,19,19,0.0
22,22,178,11.0,0.44,3.56,11.0,89.0,44.0,5.75389041454165,22,22,6.0
23,22,178,11.0,0.44,3.56,11.0,89.0,44.0,5.75389041454165,22,22,0.0
24,22,178,11.0,0.44,3.56,11.0,89.0,44.0,5.75389041454165,22,22,0.0
25,22,178,11.0,0.44,3.56,11.0,89.0,44.0,5.75389041454165,22,22,0.0
26,23,177,11.5,0.46,3.54,11.5,88.5,46.0,6.015430887929907,23,23,2.0
27,24,176,12.0,0.48,3.52,12.0,88.0,48.0,6.2769713613181635,24,24,2.0
28,25,175,12.5,0.5,3.5,12.5,87.5,50.0,6.53851183470642,25,25,2.0
29,25,175,12.5,0.5,3.5,12.5,87.5,50.0,6.53851183470642,25,25,0.0
30,27,173,13.5,0.54,3.46,13.5,86.5,54.0,7.061592781482934,27,27,4.0
31,30,170,15.0,0.6,3.4,15.0,85.0,60.0,7.846214201647704,30,30,6.0
32,30,170,15.0,0.6,3.4,15.0,85.0,60.0,7.846214201647704,30,30,0.0
33,30,170,15.0,0.6,3.4,15.0,85.0,60.0,7.846214201647704,30,30,0.0
34,32,168,16.0,0.64,3.36,16.0,84.0,64.0,8.369295148424218,32,32,4.0
35,32,168,16.0,0.64,3.36,16.0,84.0,64.0,8.369295148424218,32,32,0.0
36,33,167,16.5,0.66,3.34,16.5,83.5,66.0,8.630835621812475,33,33,2.0
37,34,166,17.0,0.68,3.32,17.0,83.0,68.0,8.892376095200733,34,34,2.0
38,34,166,17.0,0.68,3.32,17.0,83.0,68.0,8.892376095200733,34,34,0.0
39,34,166,17.0,0.68,3.32,17.0,83.0,68.0,8.892376095200733,34,34,0.0
40,35,165,17.5,0.7000000000000001,3.3,17.5,82.5,70.0,9.15391656858899,35,35,2.0
41,35,165,17.5,0.7000000000000001,3.3,17.5,82.5,70.0,9.15391656858899,35,35,0.0
42,35,165,17.5,0.7000000000000001,3.3,17.5,82.5,70.0,9.15391656858899,35,35,0.0
43,35,165,17.5,0.7000000000000001,3.3,17.5,82.5,70.0,9.15391656858899,35,35,0.0
44,35,165,17.5,0.7000000000000001,3.3,17.5,82.5,70.0,9.15391656858899,35,35,0.0
45,36,164,18.0,0.72,3.2800000000000002,18.0,82.0,72.0,9.415457041977247,36,36,2.0
46,36,164,18.0,0.72,3.2800000000000002,18.0,82.0,72.0,9.415457041977247,36,36,0.0
47,36,164,18.0,0.72,3.2800000000000002,18.0,82.0,72.0,9.415457041977247,36,36,0.0
48,36,164,18.0,0.72,3.2800000000000002,18.0,82.0,72.0,9.415457041977247,36,36,0.0
49,38,162,19.0,0.76,3.24,19.0,81.0,76.0,9.93853798875376,38,38,4.0
50,38,162,19.0,0.76,3.24,19.0,81.0,76.0,9.93853798875376,38,38,0.0
51,38,162,19.0,0.76,3.24,19.0,81.0,76.0,9.93853798875376,38,38,0.0
52,39,161,19.5,0.78,3.2199999999999998,19.5,80.49999999999999,78.0,10.200078462142017,39,39,2.0
53,39,161,19.5,0.78,3.2199999999999998,19.5,80.49999999999999,78.0,10.200078462142017,39,39,0.0
54,39,161,19.5,0.78,3.2199999999999998,19.5,80.49999999999999,78.0,10.200078462142017,39,39,0.0
55,40,160,20.0,0.8,3.2,20.0,80.0,80.0,10.461618935530273,40,40,2.0
56,40,160,20.0,0.8,3.2,20.0,80.0,80.0,10.461618935530273,40,40,0.0
57,40,160,20.0,0.8,3.2,20.0,80.0,80.0,10.461618935530273,40,40,0.0
58,40,160,20.0,0.8,3.2,20.0,80.0,80.0,10.461618935530273,40,40,0.0
59,41,159,20.5,0.8200000000000001,3.1799999999999997,20.5,79.49999999999999,82.0,10.72315940891853,41,41,2.0
60,42,158,21.0,0.84,3.16,21.0,79.0,84.0,10.984699882306787,42,42,2.0
61,42,158,21.0,0.84,3.16,21.0,79.0,84.0,10.984699882306787,42,42,0.0
62,42,158,21.0,0.84,3.16,21.0,79.0,84.0,10.984699882306787,42,42,0.0
63,42,158,21.0,0.84,3.16,21.0,79.0,84.0,10.984699882306787,42,42,0.0
64,42,158,21.0,0.84,3.16,21.0,79.0,84.0,10.984699882306787,42,42,0.0
65,42,158,21.0,0.84,3.16,21.0,79.0,84.0,10.984699882306787,42,42,0.0
66,43,157,21.5,0.86,3.14,21.5,78.5,86.0,11.246240355695043,43,43,2.0
67,45,155,22.5,0.9,3.1,22.5,77.5,90.0,11.769321302471557,45,45,4.0
68,45,155,22.5,0.9,3.1,22.5,77.5,90.0,11.769321302471557,45,45,0.0
69,45,155,22.5,0.9,3.1,22.5,77.5,90.0,11.769321302471557,45,45,0.0
70,45,155,22.5,0.9,3.1,22.5,77.5,90.0,11.769321302471557,45,45,0.0
71,47,153,23.5,0.9400000000000001,3.06,23.5,76.5,94.0,12.29240224924807,47,47,4.0
72,48,152,24.0,0.96,3.04,24.0,76.0,96.0,12.553942722636327,48,48,2.0
73,48,152,24.0,0.96,3.04,24.0,76.0,96.0,12.553942722636327,48,48,0.0
74,48,152,24.0,0.96,3.04,24.0,76.0,96.0,12.553942722636327,48,48,0.0
75,49,151,24.5,0.98,3.02,24.5,75.5,98.0,12.815483196024585,49,49,2.0
76,49,151,24.5,0.98,3.02,24.5,75.5,98.0,12.815483196024585,49,49,0.0
77,50,150,25.0,1.0,3.0,25.0,75.0,100.0,13.07702366941284,50,50,2.0
78,50,150,25.0,1.0,3.0,25.0,75.0,100.0,13.07702366941284,50,50,0.0
79,50,150,25.0,1.0,3.0,25.0,75.0,100.0,13.07702366941284,50,50,0.0
80,50,150,25.0,1.0,3.0,25.0,75.0,100.0,13.07702366941284,50,50,0.0
81,51,149,25.5,1.02,2.98,25.5,74.5,102.0,13.338564142801099,51,51,2.0
82,51,149,25.5,1.02,2.98,25.5,74.5,102.0,13.338564142801099,51,51,0.0
83,52,148,26.0,1.04,2.96,26.0,74.0,104.0,13.600104616189354,52,52,2.0
84,53,147,26.5,1.06,2.94,26.5,73.5,106.0,13.861645089577612,53,53,2.0
85,53,147,26.5,1.06,2.94,26.5,73.5,106.0,13.861645089577612,53,53,0.0
86,54,146,27.0,1.08,2.92,27.0,73.0,108.0,14.123185562965867,54,54,2.0
87,55,145,27.500000000000004,1.1,2.9,27.5,72.5,110.0,14.384726036354126,55,55,2.0
88,55,145,27.500000000000004,1.1,2.9,27.5,72.5,110.0,14.384726036354126,55,55,0.0
89,57,143,28.499999999999996,1.1400000000000001,2.86,28.500000000000004,71.5,114.00000000000001,14.907806983130639,57,57,4.000000000000014
90,58,142,28.999999999999996,1.16,2.84,28.999999999999996,71.0,115.99999999999999,15.169347456518894,58,58,1.9999999999999716
91,58,142,28.999999999999996,1.16,2.84,28.999999999999996,71.0,115.99999999999999,15.169347456518894,58,58,0.0
92,58,142,28.999999999999996,1.16,2.84,28.999999999999996,71.0,115.99999999999999,15.169347456518894,58,58,0.0
93,58,142,28.999999999999996,1.16,2.84,28.999999999999996,71.0,115.99999999999999,15.169347456518894,58,58,0.0
94,58,142,28.999999999999996,1.16,2.84,28.999999999999996,71.0,115.99999999999999,15.169347456518894,58,58,0.0
95,59,141,29.5,1.18,2.8200000000000003,29.499999999999996,70.5,117.99999999999999,15.43088792990715,59,59,2.0
96,59,141,29.5,1.18,2.8200000000000003,29.499999999999996,70.5,117.99999999999999,15.43088792990715,59,59,0.0
97,59,141,29.5,1.18,2.8200000000000003,29.499999999999996,70.5,117.99999999999999,15.43088792990715,59,59,0.0
98,59,141,29.5,1.18,2.8200000000000003,29.499999999999996,70.5,117.99999999999999,15.43088792990715,59,59,0.0
99,60,140,30.0,1.2,2.8,30.0,70.0,120.0,15.692428403295407,60,60,2.000000000000014
100,60,140,30.0,1.2,2.8,30.0,70.0,120.0,15.692428403295407,60,60,0.0
101,61,139,30.5,1.22,2.7800000000000002,30.5,69.5,122.0,15.953968876683666,61,61,2.0
102,61,139,30.5,1.22,2.7800000000000002,30.5,69.5,122.0,15.953968876683666,61,61,0.0
103,61,139,30.5,1.22,2.7800000000000002,30.5,69.5,122.0,15.953968876683666,61,61,0.0
104,63,137,31.5,1.26,2.74,31.5,68.5,126.0,16.47704982346018,63,63,4.0
105,64,136,32.0,1.28,2.7199999999999998,32.0,67.99999999999999,128.0,16.738590296848436,64,64,2.0
106,65,135,32.5,1.3,2.7,32.5,67.5,130.0,17.000130770236694,65,65,2.0
107,65,135,32.5,1.3,2.7,32.5,67.5,130.0,17.000130770236694,65,65,0.0
108,66,134,33.0,1.32,2.6799999999999997,33.0,66.99999999999999,132.0,17.26167124362495,66,66,2.0
109,66,134,33.0,1.32,2.6799999999999997,33.0,66.99999999999999,132.0,17.26167124362495,66,66,0.0
110,67,133,33.5,1.34,2.66,33.5,66.5,134.0,17.523211717013208,67,67,2.0
111,68,132,34.0,1.36,2.6399999999999997,34.0,65.99999999999999,136.0,17.784752190401466,68,68,2.0
112,69,131,34.5,1.3800000000000001,2.62,34.5,65.5,138.0,18.04629266378972,69,69,2.0
113,70,130,35.0,1.4000000000000001,2.5999999999999996,35.0,64.99999999999999,140.0,18.30783313717798,70,70,2.0
114,70,130,35.0,1.4000000000000001,2.5999999999999996,35.0,64.99999999999999,140.0,18.30783313717798,70,70,0.0
115,71,129,35.5,1.42,2.58,35.5,64.5,142.0,18.569373610566235,71,71,2.0
116,71,129,35.5,1.42,2.58,35.5,64.5,142.0,18.569373610566235,71,71,0.0
117,71,129,35.5,1.42,2.58,35.5,64.5,142.0,18.569373610566235,71,71,0.0
118,72,128,36.0,1.44,2.56,36.0,64.0,144.0,18.830914083954493,72,72,2.0
119,72,128,36.0,1.44,2.56,36.0,64.0,144.0,18.830914083954493,73,72,0.0
120,72,128,36.0,1.44,2.56,36.0,64.0,144.0,18.830914083954493,73,72,0.0
121,72,128,36.0,1.44,2.56,36.0,64.0,144.0,18.830914083954493,73,72,0.0
122,72,128,36.0,1.44,2.56,36.0,64.0,144.0,18.830914083954493,73,72,0.0
123,72,128,36.0,1.44,2.56,36.0,64.0,144.0,18.830914083954493,73,72,0.0
124,72,128,36.0,1.44,2.56,36.0,64.0,144.0,18.830914083954493,73,72,0.0
125,72,128,36.0,1.44,2.56,36.0,64.0,144.0,18.830914083954493,73,72,0.0
126,72,128,36.0,1.44,2.56,36.0,64.0,144.0,18.830914083954493,73,72,0.0
127,72,128,36.0,1.44,2.56,36.0,64.0,144.0,18.830914083954493,73,72,0.0
128,72,128,36.0,1.44,2.56,36.0,64.0,144.0,18.830914083954493,73,72,0.0
129,72,128,36.0,1.44,2.56,36.0,64.0,144.0,18.830914083954493,73,72,0.0
130,72,128,36.0,1.44,2.56,36.0,64.0,144.0,18.830914083954493,73,72,0.0
131,72,128,36.0,1.44,2.56,36.0,64.0,144.0,18.830914083954493,73,72,0.0
132,72,128,36.0,1.44,2.56,36.0,64.0,144.0,18.830914083954493,73,72,0.0
133,73,127,36.5,1.46,2.54,36.5,63.5,146.0,19.092454557342748,74,73,2.0
134,73,127,36.5,1.46,2.54,36.5,63.5,146.0,19.092454557342748,74,73,0.0
135,73,127,36.5,1.46,2.54,36.5,63.5,146.0,19.092454557342748,74,73,0.0
136,73,127,36.5,1.46,2.54,36.5,63.5,146.0,19.092454557342748,74,73,0.0
137,74,126,37.0,1.48,2.52,37.0,63.0,148.0,19.353995030731006,75,74,2.0
138,74,126,37.0,1.48,2.52,37.0,63.0,148.0,19.353995030731006,75,74,0.0
139,74,126,37.0,1.48,2.52,37.0,63.0,148.0,19.353995030731006,75,74,0.0
140,74,126,37.0,1.48,2.52,37.0,63.0,148.0,19.353995030731006,75,74,0.0
141,74,126,37.0,1.48,2.52,37.0,63.0,148.0,19.353995030731006,75,74,0.0
142,76,124,38.0,1.52,2.48,38.0,62.0,152.0,19.87707597750752,77,76,4.0
143,76,124,38.0,1.52,2.48,38.0,62.0,152.0,19.87707597750752,77,76,0.0
144,76,124,38.0,1.52,2.48,38.0,62.0,152.0,19.87707597750752,77,76,0.0
145,76,124,38.0,1.52,2.48,38.0,62.0,152.0,19.87707597750752,77,76,0.0
146,76,124,38.0,1.52,2.48,38.0,62.0,152.0,19.87707597750752,77,76,0.0
147,76,124,38.0,1.52,2.48,38.0,62.0,152.0,19.87707597750752,77,76,0.0
148,76,124,38.0,1.52,2.48,38.0,62.0,152.0,19.87707597750752,77,76,0.0
149,76,124,38.0,1.52,2.48,38.0,62.0,152.0,19.87707597750752,77,76,0.0
150,76,124,38.0,1.52,2.48,38.0,62.0,152.0,19.87707597750752,77,76,0.0
151,79,121,39.5,1.58,2.42,39.5,60.5,158.0,20.661697397672288,80,79,6.0
152,79,121,39.5,1.58,2.42,39.5,60.5,158.0,20.661697397672288,80,79,0.0
153,79,121,39.5,1.58,2.42,39.5,60.5,158.0,20.661697397672288,80,79,0.0
154,80,120,40.0,1.6,2.4,40.0,60.0,160.0,20.923237871060547,81,80,2.0
155,80,120,40.0,1.6,2.4,40.0,60.0,160.0,20.923237871060547,81,80,0.0
156,80,120,40.0,1.6,2.4,40.0,60.0,160.0,20.923237871060547,82,80,0.0
157,80,120,40.0,1.6,2.4,40.0,60.0,160.0,20.923237871060547,83,80,0.0
158,80,120,40.0,1.6,2.4,40.0,60.0,160.0,20.923237871060547,84,80,0.0
159,80,120,40.0,1.6,2.4,40.0,60.0,160.0,20.923237871060547,85,80,0.0
160,81,119,40.5,1.62,2.38,40.5,59.49999999999999,162.0,21.1847783444488,86,81,2.0
161,81,119,40.5,1.62,2.38,40.5,59.49999999999999,162.0,21.1847783444488,86,81,0.0
162,82,118,41.0,1.6400000000000001,2.36,41.0,58.99999999999999,164.0,21.44631881783706,87,82,2.0
163,82,118,41.0,1.6400000000000001,2.36,41.0,58.99999999999999,164.0,21.44631881783706,87,82,0.0
164,84,116,42.0,1.68,2.3200000000000003,42.0,58.00000000000001,168.0,21.969399764613573,90,84,4.0
165,84,116,42.0,1.68,2.3200000000000003,42.0,58.00000000000001,168.0,21.969399764613573,90,84,0.0
166,85,115,42.5,1.7,2.3,42.5,57.49999999999999,170.0,22.23094023800183,92,85,2.0
167,85,115,42.5,1.7,2.3,42.5,57.49999999999999,170.0,22.23094023800183,92,85,0.0
168,85,115,42.5,1.7,2.3,42.5,57.49999999999999,170.0,22.23094023800183,92,85,0.0
169,85,115,42.5,1.7,2.3,42.5,57.49999999999999,170.0,22.23094023800183,92,85,0.0
170,85,115,42.5,1.7,2.3,42.5,57.49999999999999,170.0,22.23094023800183,92,85,0.0
171,85,115,42.5,1.7,2.3,42.5,57.49999999999999,170.0,22.23094023800183,92,85,0.0
172,85,115,42.5,1.7,2.3,42.5,57.49999999999999,170.0,22.23094023800183,93,85,0.0
173,85,115,42.5,1.7,2.3,42.5,57.49999999999999,170.0,22.23094023800183,94,85,0.0
174,86,114,43.0,1.72,2.2800000000000002,43.0,57.00000000000001,172.0,22.492480711390087,96,86,2.0
175,86,114,43.0,1.72,2.2800000000000002,43.0,57.00000000000001,172.0,22.492480711390087,97,86,0.0
176,86,114,43.0,1.72,2.2800000000000002,43.0,57.00000000000001,172.0,22.492480711390087,97,86,0.0
177,86,114,43.0,1.72,2.2800000000000002,43.0,57.00000000000001,172.0,22.492480711390087,97,86,0.0
178,87,113,43.5,1.74,2.26,43.5,56.49999999999999,174.0,22.754021184778342,99,87,2.0
179,87,113,43.5,1.74,2.26,43.5,56.49999999999999,174.0,22.754021184778342,99,87,0.0
180,87,113,43.5,1.74,2.26,43.5,56.49999999999999,174.0,22.754021184778342,99,87,0.0
181,87,113,43.5,1.74,2.26,43.5,56.49999999999999,174.0,22.754021184778342,99,87,0.0
182,87,113,43.5,1.74,2.26,43.5,56.49999999999999,174.0,22.754021184778342,99,87,0.0
183,87,113,43.5,1.74,2.26,43.5,56.49999999999999,174.0,22.754021184778342,99,87,0.0
184,87,113,43.5,1.74,2.26,43.5,56.49999999999999,174.0,22.754021184778342,99,87,0.0
185,87,113,43.5,1.74,2.26,43.5,56.49999999999999,174.0,22.754021184778342,99,87,0.0
186,87,113,43.5,1.74,2.26,43.5,56.49999999999999,174.0,22.754021184778342,99,87,0.0
187,88,112,44.0,1.76,2.24,44.0,56.00000000000001,176.0,23.0155616581666,100,88,2.0
188,88,112,44.0,1.76,2.24,44.0,56.00000000000001,176.0,23.0155616581666,100,88,0.0
189,88,112,44.0,1.76,2.24,44.0,56.00000000000001,176.0,23.0155616581666,100,88,0.0
190,88,112,44.0,1.76,2.24,44.0,56.00000000000001,176.0,23.0155616581666,100,88,0.0
191,88,112,44.0,1.76,2.24,44.0,56.00000000000001,176.0,23.0155616581666,100,88,0.0
192,88,112,44.0,1.76,2.24,44.0,56.00000000000001,176.0,23.0155616581666,100,88,0.0
193,88,112,44.0,1.76,2.24,44.0,56.00000000000001,176.0,23.0155616581666,100,88,0.0
194,88,112,44.0,1.76,2.24,44.0,56.00000000000001,176.0,23.0155616581666,100,88,0.0
195,88,112,44.0,1.76,2.24,44.0,56.00000000000001,176.0,23.0155616581666,100,88,0.0
196,88,112,44.0,1.76,2.24,44.0,56.00000000000001,176.0,23.0155616581666,100,88,0.0
197,89,111,44.5,1.78,2.2199999999999998,44.5,55.49999999999999,178.0,23.277102131554855,101,89,2.0
198,89,111,44.5,1.78,2.2199999999999998,44.5,55.49999999999999,178.0,23.277102131554855,101,89,0.0
199,89,111,44.5,1.78,2.2199999999999998,44.5,55.49999999999999,178.0,23.277102131554855,101,89,0.0
200,89,111,44.5,1.78,2.2199999999999998,44.5,55.49999999999999,178.0,23.277102131554855,101,89,0.0
201,89,111,44.5,1.78,2.2199999999999998,44.5,55.49999999999999,178.0,23.277102131554855,101,89,0.0
202,89,111,44.5,1.78,2.2199999999999998,44.5,55.49999999999999,178.0,23.277102131554855,101,89,0.0
203,90,110,45.0,1.8,2.2,45.0,55.0,180.0,23.538642604943114,102,90,2.0
204,90,110,45.0,1.8,2.2,45.0,55.0,180.0,23.538642604943114,102,90,0.0
205,90,110,45.0,1.8,2.2,45.0,55.0,180.0,23.538642604943114,102,90,0.0
206,90,110,45.0,1.8,2.2,45.0,55.0,180.0,23.538642604943114,102,90,0.0
207,91,109,45.5,1.82,2.1799999999999997,45.5,54.49999999999999,182.0,23.800183078331372,103,91,2.0
208,91,109,45.5,1.82,2.1799999999999997,45.5,54.49999999999999,182.0,23.800183078331372,103,91,0.0
209,91,109,45.5,1.82,2.1799999999999997,45.5,54.49999999999999,182.0,23.800183078331372,103,91,0.0
210,91,109,45.5,1.82,2.1799999999999997,45.5,54.49999999999999,182.0,23.800183078331372,103,91,0.0
211,91,109,45.5,1.82,2.1799999999999997,45.5,54.49999999999999,182.0,23.800183078331372,103,91,0.0
212,91,109,45.5,1.82,2.1799999999999997,45.5,54.49999999999999,182.0,23.800183078331372,103,91,0.0
213,91,109,45.5,1.82,2.1799999999999997,45.5,54.49999999999999,182.0,23.800183078331372,103,91,0.0
214,91,109,45.5,1.82,2.1799999999999997,45.5,54.49999999999999,182.0,23.800183078331372,103,91,0.0
215,91,109,45.5,1.82,2.1799999999999997,45.5,54.49999999999999,182.0,23.800183078331372,103,91,0.0
216,91,109,45.5,1.82,2.1799999999999997,45.5,54.49999999999999,182.0,23.800183078331372,103,91,0.0
217,91,109,45.5,1.82,2.1799999999999997,45.5,54.49999999999999,182.0,23.800183078331372,103,91,0.0
218,91,109,45.5,1.82,2.1799999999999997,45.5,54.49999999999999,182.0,23.800183078331372,103,91,0.0
219,91,109,45.5,1.82,2.1799999999999997,45.5,54.49999999999999,182.0,23.800183078331372,103,91,0.0
220,92,108,46.0,1.84,2.16,46.0,54.0,184.0,24.061723551719627,104,92,2.0
221,93,107,46.5,1.86,2.1399999999999997,46.5,53.49999999999999,186.0,24.323264025107886,105,93,2.0
222,93,107,46.5,1.86,2.1399999999999997,46.5,53.49999999999999,186.0,24.323264025107886,105,93,0.0
223,94,106,47.0,1.8800000000000001,2.12,47.0,53.0,188.0,24.58480449849614,106,94,2.0
224,94,106,47.0,1.8800000000000001,2.12,47.0,53.0,188.0,24.58480449849614,106,94,0.0
225,94,106,47.0,1.8800000000000001,2.12,47.0,53.0,188.0,24.58480449849614,106,94,0.0
226,94,106,47.0,1.8800000000000001,2.12,47.0,53.0,188.0,24.58480449849614,106,94,0.0
227,94,106,47.0,1.8800000000000001,2.12,47.0,53.0,188.0,24.58480449849614,106,94,0.0
228,94,106,47.0,1.8800000000000001,2.12,47.0,53.0,188.0,24.58480449849614,106,94,0.0
229,94,106,47.0,1.8800000000000001,2.12,47.0,53.0,188.0,24.58480449849614,107,94,0.0
230,94,106,47.0,1.8800000000000001,2.12,47.0,53.0,188.0,24.58480449849614,108,94,0.0
231,94,106,47.0,1.8800000000000001,2.12,47.0,53.0,188.0,24.58480449849614,108,94,0.0
232,94,106,47.0,1.8800000000000001,2.12,47.0,53.0,188.0,24.58480449849614,108,94,0.0
233,94,106,47.0,1.8800000000000001,2.12,47.0,53.0,188.0,24.58480449849614,108,94,0.0
234,94,106,47.0,1.8800000000000001,2.12,47.0,53.0,188.0,24.58480449849614,108,94,0.0
235,94,106,47.0,1.8800000000000001,2.12,47.0,53.0,188.0,24.58480449849614,108,94,0.0
236,94,106,47.0,1.8800000000000001,2.12,47.0,53.0,188.0,24.58480449849614,108,94,0.0
237,94,106,47.0,1.8800000000000001,2.12,47.0,53.0,188.0,24.58480449849614,108,94,0.0
238,94,106,47.0,1.8800000000000001,2.12,47.0,53.0,188.0,24.58480449849614,108,94,0.0
239,94,106,47.0,1.8800000000000001,2.12,47.0,53.0,188.0,24.58480449849614,108,94,0.0
240,95,105,47.5,1.9000000000000001,2.0999999999999996,47.5,52.49999999999999,190.0,24.8463449718844,110,95,2.0
241,96,104,48.0,1.92,2.08,48.0,52.0,192.0,25.107885445272654,112,96,2.0
242,96,104,48.0,1.92,2.08,48.0,52.0,192.0,25.107885445272654,112,96,0.0
243,96,104,48.0,1.92,2.08,48.0,52.0,192.0,25.107885445272654,112,96,0.0
244,98,102,49.0,1.96,2.04,49.0,51.0,196.0,25.63096639204917,114,98,4.0
245,98,102,49.0,1.96,2.04,49.0,51.0,196.0,25.63096639204917,114,98,0.0
246,98,102,49.0,1.96,2.04,49.0,51.0,196.0,25.63096639204917,114,98,0.0
247,98,102,49.0,1.96,2.04,49.0,51.0,196.0,25.63096639204917,114,98,0.0
248,98,102,49.0,1.96,2.04,49.0,51.0,196.0,25.63096639204917,114,98,0.0
249,98,102,49.0,1.96,2.04,49.0,51.0,196.0,25.63096639204917,114,98,0.0
250,99,101,49.5,1.98,2.02,49.5,50.5,198.0,25.892506865437426,115,99,2.0
251,99,101,49.5,1.98,2.02,49.5,50.5,198.0,25.892506865437426,115,99,0.0
252,99,101,49.5,1.98,2.02,49.5,50.5,198.0,25.892506865437426,115,99,0.0
253,99,101,49.5,1.98,2.02,49.5,50.5,198.0,25.892506865437426,115,99,0.0
254,99,101,49.5,1.98,2.02,49.5,50.5,198.0,25.892506865437426,116,99,0.0
255,100,100,50.0,2.0,2.0,50.0,50.0,200.0,26.15404733882568,118,100,2.0
256,100,100,50.0,2.0,2.0,50.0,50.0,200.0,26.15404733882568,118,100,0.0
257,101,99,50.5,2.02,1.98,50.5,49.5,202.0,26.415587812213936,119,101,2.0
258,101,99,50.5,2.02,1.98,50.5,49.5,202.0,26.415587812213936,119,101,0.0
259,101,99,50.5,2.02,1.98,50.5,49.5,202.0,26.415587812213936,119,101,0.0
260,102,98,51.0,2.04,1.96,51.0,49.0,204.0,26.677128285602198,120,102,2.0
261,102,98,51.0,2.04,1.96,51.0,49.0,204.0,26.677128285602198,120,102,0.0
262,102,98,51.0,2.04,1.96,51.0,49.0,204.0,26.677128285602198,120,102,0.0
263,102,98,51.0,2.04,1.96,51.0,49.0,204.0,26.677128285602198,120,102,0.0
264,102,98,51.0,2.04,1.96,51.0,49.0,204.0,26.677128285602198,120,102,0.0
265,102,98,51.0,2.04,1.96,51.0,49.0,204.0,26.677128285602198,120,102,0.0
266,102,98,51.0,2.04,1.96,51.0,49.0,204.0,26.677128285602198,120,102,0.0
267,102,98,51.0,2.04,1.96,51.0,49.0,204.0,26.677128285602198,120,102,0.0
268,102,98,51.0,2.04,1.96,51.0,49.0,204.0,26.677128285602198,120,102,0.0
269,103,97,51.5,2.06,1.94,51.5,48.5,206.0,26.938668758990453,121,103,2.0
270,103,97,51.5,2.06,1.94,51.5,48.5,206.0,26.938668758990453,121,103,0.0
271,103,97,51.5,2.06,1.94,51.5,48.5,206.0,26.938668758990453,121,103,0.0
272,103,97,51.5,2.06,1.94,51.5,48.5,206.0,26.938668758990453,121,103,0.0
273,103,97,51.5,2.06,1.94,51.5,48.5,206.0,26.938668758990453,121,103,0.0
274,103,97,51.5,2.06,1.94,51.5,48.5,206.0,26.938668758990453,121,103,0.0
275,104,96,52.0,2.08,1.92,52.0,48.0,208.0,27.200209232378707,122,104,2.0
276,104,96,52.0,2.08,1.92,52.0,48.0,208.0,27.200209232378707,122,104,0.0
277,104,96,52.0,2.08,1.92,52.0,48.0,208.0,27.200209232378707,122,104,0.0
278,104,96,52.0,2.08,1.92,52.0,48.0,208.0,27.200209232378707,122,104,0.0
279,104,96,52.0,2.08,1.92,52.0,48.0,208.0,27.200209232378707,122,104,0.0
280,104,96,52.0,2.08,1.92,52.0,48.0,208.0,27.200209232378707,122,104,0.0
281,104,96,52.0,2.08,1.92,52.0,48.0,208.0,27.200209232378707,122,104,0.0
282,104,96,52.0,2.08,1.92,52.0,48.0,208.0,27.200209232378707,122,104,0.0
283,104,96,52.0,2.08,1.92,52.0,48.0,208.0,27.200209232378707,122,104,0.0
284,104,96,52.0,2.08,1.92,52.0,48.0,208.0,27.200209232378707,122,104,0.0
285,104,96,52.0,2.08,1.92,52.0,48.0,208.0,27.200209232378707,122,104,0.0
286,104,96,52.0,2.08,1.92,52.0,48.0,208.0,27.200209232378707,122,104,0.0
287,105,95,52.5,2.1,1.9,52.5,47.5,210.0,27.461749705766962,123,105,2.0
288,105,95,52.5,2.1,1.9,52.5,47.5,210.0,27.461749705766962,123,105,0.0
289,105,95,52.5,2.1,1.9,52.5,47.5,210.0,27.461749705766962,123,105,0.0
290,105,95,52.5,2.1,1.9,52.5,47.5,210.0,27.461749705766962,123,105,0.0
291,105,95,52.5,2.1,1.9,52.5,47.5,210.0,27.461749705766962,123,105,0.0
292,105,95,52.5,2.1,1.9,52.5,47.5,210.0,27.461749705766962,123,105,0.0
293,105,95,52.5,2.1,1.9,52.5,47.5,210.0,27.461749705766962,123,105,0.0
294,105,95,52.5,2.1,1.9,52.5,47.5,210.0,27.461749705766962,123,105,0.0
295,105,95,52.5,2.1,1.9,52.5,47.5,210.0,27.461749705766962,123,105,0.0
296,105,95,52.5,2.1,1.9,52.5,47.5,210.0,27.461749705766962,123,105,0.0
297,105,95,52.5,2.1,1.9,52.5,47.5,210.0,27.461749705766962,123,105,0.0
298,105,95,52.5,2.1,1.9,52.5,47.5,210.0,27.461749705766962,123,105,0.0
299,105,95,52.5,2.1,1.9,52.5,47.5,210.0,27.461749705766962,123,105,0.0
300,106,94,53.0,2.12,1.88,53.0,46.99999999999999,212.0,27.723290179155224,124,106,2.0
301,106,94,53.0,2.12,1.88,53.0,46.99999999999999,212.0,27.723290179155224,124,106,0.0
302,106,94,53.0,2.12,1.88,53.0,46.99999999999999,212.0,27.723290179155224,124,106,0.0
303,106,94,53.0,2.12,1.88,53.0,46.99999999999999,212.0,27.723290179155224,124,106,0.0
304,106,94,53.0,2.12,1.88,53.0,46.99999999999999,212.0,27.723290179155224,124,106,0.0
305,106,94,53.0,2.12,1.88,53.0,46.99999999999999,212.0,27.723290179155224,124,106,0.0
306,106,94,53.0,2.12,1.88,53.0,46.99999999999999,212.0,27.723290179155224,124,106,0.0
307,106,94,53.0,2.12,1.88,53.0,46.99999999999999,212.0,27.723290179155224,124,106,0.0
308,106,94,53.0,2.12,1.88,53.0,46.99999999999999,212.0,27.723290179155224,124,106,0.0
309,106,94,53.0,2.12,1.88,53.0,46.99999999999999,212.0,27.723290179155224,124,106,0.0
310,106,94,53.0,2.12,1.88,53.0,46.99999999999999,212.0,27.723290179155224,124,106,0.0
311,106,94,53.0,2.12,1.88,53.0,46.99999999999999,212.0,27.723290179155224,124,106,0.0
312,106,94,53.0,2.12,1.88,53.0,46.99999999999999,212.0,27.723290179155224,124,106,0.0
313,106,94,53.0,2.12,1.88,53.0,46.99999999999999,212.0,27.723290179155224,124,106,0.0
314,107,93,53.5,2.14,1.8599999999999999,53.5,46.49999999999999,214.0,27.98483065254348,125,107,2.0
315,108,92,54.0,2.16,1.8399999999999999,54.0,45.99999999999999,216.0,28.246371125931734,126,108,2.0
316,108,92,54.0,2.16,1.8399999999999999,54.0,45.99999999999999,216.0,28.246371125931734,126,108,0.0
317,108,92,54.0,2.16,1.8399999999999999,54.0,45.99999999999999,216.0,28.246371125931734,126,108,0.0
318,108,92,54.0,2.16,1.8399999999999999,54.0,45.99999999999999,216.0,28.246371125931734,126,108,0.0
319,108,92,54.0,2.16,1.8399999999999999,54.0,45.99999999999999,216.0,28.246371125931734,126,108,0.0
320,109,91,54.50000000000001,2.18,1.8199999999999998,54.5,45.49999999999999,218.0,28.50791159931999,127,109,2.0
321,109,91,54.50000000000001,2.18,1.8199999999999998,54.5,45.49999999999999,218.0,28.50791159931999,127,109,0.0
322,109,91,54.50000000000001,2.18,1.8199999999999998,54.5,45.49999999999999,218.0,28.50791159931999,128,109,0.0
323,109,91,54.50000000000001,2.18,1.8199999999999998,54.5,45.49999999999999,218.0,28.50791159931999,128,109,0.0
324,109,91,54.50000000000001,2.18,1.8199999999999998,54.5,45.49999999999999,218.0,28.50791159931999,129,109,0.0
325,110,90,55.00000000000001,2.2,1.7999999999999998,55.0,44.99999999999999,220.0,28.76945207270825,130,110,2.0
326,111,89,55.50000000000001,2.22,1.7799999999999998,55.50000000000001,44.49999999999999,222.00000000000003,29.030992546096513,132,111,2.0000000000000284
327,111,89,55.50000000000001,2.22,1.7799999999999998,55.50000000000001,44.49999999999999,222.00000000000003,29.030992546096513,133,111,0.0
328,112,88,56.00000000000001,2.24,1.7599999999999998,56.00000000000001,43.99999999999999,224.00000000000003,29.292533019484768,135,112,2.0
329,112,88,56.00000000000001,2.24,1.7599999999999998,56.00000000000001,43.99999999999999,224.00000000000003,29.292533019484768,135,112,0.0
330,112,88,56.00000000000001,2.24,1.7599999999999998,56.00000000000001,43.99999999999999,224.00000000000003,29.292533019484768,136,112,0.0
331,113,87,56.49999999999999,2.2600000000000002,1.7399999999999998,56.50000000000001,43.49999999999999,226.00000000000003,29.554073492873023,138,113,2.0
332,113,87,56.49999999999999,2.2600000000000002,1.7399999999999998,56.50000000000001,43.49999999999999,226.00000000000003,29.554073492873023,139,113,0.0
333,113,87,56.49999999999999,2.2600000000000002,1.7399999999999998,56.50000000000001,43.49999999999999,226.00000000000003,29.554073492873023,139,113,0.0
334,113,87,56.49999999999999,2.2600000000000002,1.7399999999999998,56.50000000000001,43.49999999999999,226.00000000000003,29.554073492873023,139,113,0.0
335,113,87,56.49999999999999,2.2600000000000002,1.7399999999999998,56.50000000000001,43.49999999999999,226.00000000000003,29.554073492873023,139,113,0.0
336,113,87,56.49999999999999,2.2600000000000002,1.7399999999999998,56.50000000000001,43.49999999999999,226.00000000000003,29.554073492873023,139,113,0.0
337,113,87,56.49999999999999,2.2600000000000002,1.7399999999999998,56.50000000000001,43.49999999999999,226.00000000000003,29.554073492873023,139,113,0.0
338,113,87,56.49999999999999,2.2600000000000002,1.7399999999999998,56.50000000000001,43.49999999999999,226.00000000000003,29.554073492873023,139,113,0.0
339,113,87,56.49999999999999,2.2600000000000002,1.7399999999999998,56.50000000000001,43.49999999999999,226.00000000000003,29.554073492873023,140,113,0.0
340,113,87,56.49999999999999,2.2600000000000002,1.7399999999999998,56.50000000000001,43.49999999999999,226.00000000000003,29.554073492873023,141,113,0.0
341,114,86,56.99999999999999,2.2800000000000002,1.7199999999999998,57.00000000000001,42.99999999999999,228.00000000000003,29.815613966261278,143,114,2.0
342,114,86,56.99999999999999,2.2800000000000002,1.7199999999999998,57.00000000000001,42.99999999999999,228.00000000000003,29.815613966261278,143,114,0.0
343,114,86,56.99999999999999,2.2800000000000002,1.7199999999999998,57.00000000000001,42.99999999999999,228.00000000000003,29.815613966261278,144,114,0.0
344,114,86,56.99999999999999,2.2800000000000002,1.7199999999999998,57.00000000000001,42.99999999999999,228.00000000000003,29.815613966261278,145,114,0.0
345,114,86,56.99999999999999,2.2800000000000002,1.7199999999999998,57.00000000000001,42.99999999999999,228.00000000000003,29.815613966261278,146,114,0.0
346,114,86,56.99999999999999,2.2800000000000002,1.7199999999999998,57.00000000000001,42.99999999999999,228.00000000000003,29.815613966261278,146,114,0.0
347,114,86,56.99999999999999,2.2800000000000002,1.7199999999999998,57.00000000000001,42.99999999999999,228.00000000000003,29.815613966261278,146,114,0.0
348,114,86,56.99999999999999,2.2800000000000002,1.7199999999999998,57.00000000000001,42.99999999999999,228.00000000000003,29.815613966261278,146,114,0.0
349,115,85,57.49999999999999,2.3000000000000003,1.6999999999999997,57.50000000000001,42.49999999999999,230.00000000000003,30.07715443964954,148,115,2.0
350,115,85,57.49999999999999,2.3000000000000003,1.6999999999999997,57.50000000000001,42.49999999999999,230.00000000000003,30.07715443964954,149,115,0.0
351,115,85,57.49999999999999,2.3000000000000003,1.6999999999999997,57.50000000000001,42.49999999999999,230.00000000000003,30.07715443964954,150,115,0.0
352,115,85,57.49999999999999,2.3000000000000003,1.6999999999999997,57.50000000000001,42.49999999999999,230.00000000000003,30.07715443964954,150,115,0.0
353,115,85,57.49999999999999,2.3000000000000003,1.6999999999999997,57.50000000000001,42.49999999999999,230.00000000000003,30.07715443964954,150,115,0.0
354,115,85,57.49999999999999,2.3000000000000003,1.6999999999999997,57.50000000000001,42.49999999999999,230.00000000000003,30.07715443964954,150,115,0.0
355,115,85,57.49999999999999,2.3000000000000003,1.6999999999999997,57.50000000000001,42.49999999999999,230.00000000000003,30.07715443964954,151,115,0.0
356,116,84,57.99999999999999,2.32,1.6800000000000002,57.99999999999999,42.0,231.99999999999997,30.338694913037788,152,116,1.9999999999999432
357,117,83,58.5,2.34,1.6600000000000001,58.49999999999999,41.5,233.99999999999997,30.600235386426043,153,117,2.0
358,117,83,58.5,2.34,1.6600000000000001,58.49999999999999,41.5,233.99999999999997,30.600235386426043,153,117,0.0
359,117,83,58.5,2.34,1.6600000000000001,58.49999999999999,41.5,233.99999999999997,30.600235386426043,153,117,0.0
360,117,83,58.5,2.34,1.6600000000000001,58.49999999999999,41.5,233.99999999999997,30.600235386426043,153,117,0.0
361,117,83,58.5,2.34,1.6600000000000001,58.49999999999999,41.5,233.99999999999997,30.600235386426043,153,117,0.0
362,117,83,58.5,2.34,1.6600000000000001,58.49999999999999,41.5,233.99999999999997,30.600235386426043,153,117,0.0
363,117,83,58.5,2.34,1.6600000000000001,58.49999999999999,41.5,233.99999999999997,30.600235386426043,153,117,0.0
364,117,83,58.5,2.34,1.6600000000000001,58.49999999999999,41.5,233.99999999999997,30.600235386426043,154,117,0.0
365,117,83,58.5,2.34,1.6600000000000001,58.49999999999999,41.5,233.99999999999997,30.600235386426043,155,117,0.0
366,117,83,58.5,2.34,1.6600000000000001,58.49999999999999,41.5,233.99999999999997,30.600235386426043,155,117,0.0
367,117,83,58.5,2.34,1.6600000000000001,58.49999999999999,41.5,233.99999999999997,30.600235386426043,156,117,0.0
368,117,83,58.5,2.34,1.6600000000000001,58.49999999999999,41.5,233.99999999999997,30.600235386426043,156,117,0.0
369,118,82,59.0,2.36,1.6400000000000001,58.99999999999999,41.0,235.99999999999997,30.8617758598143,157,118,2.0
370,118,82,59.0,2.36,1.6400000000000001,58.99999999999999,41.0,235.99999999999997,30.8617758598143,157,118,0.0
371,118,82,59.0,2.36,1.6400000000000001,58.99999999999999,41.0,235.99999999999997,30.8617758598143,157,118,0.0
372,119,81,59.5,2.38,1.62,59.49999999999999,40.5,237.99999999999997,31.123316333202556,158,119,2.0
373,119,81,59.5,2.38,1.62,59.49999999999999,40.5,237.99999999999997,31.123316333202556,158,119,0.0
374,119,81,59.5,2.38,1.62,59.49999999999999,40.5,237.99999999999997,31.123316333202556,158,119,0.0
375,119,81,59.5,2.38,1.62,59.49999999999999,40.5,237.99999999999997,31.123316333202556,158,119,0.0
376,119,81,59.5,2.38,1.62,59.49999999999999,40.5,237.99999999999997,31.123316333202556,159,119,0.0
377,119,81,59.5,2.38,1.62,59.49999999999999,40.5,237.99999999999997,31.123316333202556,160,119,0.0
378,119,81,59.5,2.38,1.62,59.49999999999999,40.5,237.99999999999997,31.123316333202556,161,119,0.0
379,119,81,59.5,2.38,1.62,59.49999999999999,40.5,237.99999999999997,31.123316333202556,161,119,0.0
380,119,81,59.5,2.38,1.62,59.49999999999999,40.5,237.99999999999997,31.123316333202556,162,119,0.0
381,119,81,59.5,2.38,1.62,59.49999999999999,40.5,237.99999999999997,31.123316333202556,163,119,0.0
382,119,81,59.5,2.38,1.62,59.49999999999999,40.5,237.99999999999997,31.123316333202556,163,119,0.0
383,119,81,59.5,2.38,1.62,59.49999999999999,40.5,237.99999999999997,31.123316333202556,163,119,0.0
384,119,81,59.5,2.38,1.62,59.49999999999999,40.5,237.99999999999997,31.123316333202556,163,119,0.0
385,119,81,59.5,2.38,1.62,59.49999999999999,40.5,237.99999999999997,31.123316333202556,163,119,0.0
386,119,81,59.5,2.38,1.62,59.49999999999999,40.5,237.99999999999997,31.123316333202556,163,119,0.0
387,119,81,59.5,2.38,1.62,59.49999999999999,40.5,237.99999999999997,31.123316333202556,164,119,0.0
388,119,81,59.5,2.38,1.62,59.49999999999999,40.5,237.99999999999997,31.123316333202556,165,119,0.0
389,119,81,59.5,2.38,1.62,59.49999999999999,40.5,237.99999999999997,31.123316333202556,167,119,0.0
390,119,81,59.5,2.38,1.62,59.49999999999999,40.5,237.99999999999997,31.123316333202556,169,119,0.0
391,119,81,59.5,2.38,1.62,59.49999999999999,40.5,237.99999999999997,31.123316333202556,170,119,0.0
392,119,81,59.5,2.38,1.62,59.49999999999999,40.5,237.99999999999997,31.123316333202556,170,119,0.0
393,119,81,59.5,2.38,1.62,59.49999999999999,40.5,237.99999999999997,31.123316333202556,171,119,0.0
394,119,81,59.5,2.38,1.62,59.49999999999999,40.5,237.99999999999997,31.123316333202556,172,119,0.0
395,119,81,59.5,2.38,1.62,59.49999999999999,40.5,237.99999999999997,31.123316333202556,172,119,0.0
396,119,81,59.5,2.38,1.62,59.49999999999999,40.5,237.99999999999997,31.123316333202556,172,119,0.0
397,119,81,59.5,2.38,1.62,59.49999999999999,40.5,237.99999999999997,31.123316333202556,172,119,0.0
398,119,81,59.5,2.38,1.62,59.49999999999999,40.5,237.99999999999997,31.123316333202556,172,119,0.0
399,119,81,59.5,2.38,1.62,59.49999999999999,40.5,237.99999999999997,31.123316333202556,172,119,0.0
400,119,81,59.5,2.38,1.62,59.49999999999999,40.5,237.99999999999997,31.123316333202556,172,119,0.0
401,119,81,59.5,2.38,1.62,59.49999999999999,40.5,237.99999999999997,31.123316333202556,172,119,0.0
402,119,81,59.5,2.38,1.62,59.49999999999999,40.5,237.99999999999997,31.123316333202556,172,119,0.0
403,119,81,59.5,2.38,1.62,59.49999999999999,40.5,237.99999999999997,31.123316333202556,172,119,0.0
404,119,81,59.5,2.38,1.62,59.49999999999999,40.5,237.99999999999997,31.123316333202556,172,119,0.0
405,119,81,59.5,2.38,1.62,59.49999999999999,40.5,237.99999999999997,31.123316333202556,172,119,0.0
406,121,79,60.5,2.42,1.58,60.5,39.5,242.0,31.646397279979077,174,121,4.000000000000028
407,121,79,60.5,2.42,1.58,60.5,39.5,242.0,31.646397279979077,174,121,0.0
408,121,79,60.5,2.42,1.58,60.5,39.5,242.0,31.646397279979077,174,121,0.0
409,121,79,60.5,2.42,1.58,60.5,39.5,242.0,31.646397279979077,174,121,0.0
410,121,79,60.5,2.42,1.58,60.5,39.5,242.0,31.646397279979077,174,121,0.0
411,121,79,60.5,2.42,1.58,60.5,39.5,242.0,31.646397279979077,176,121,0.0
412,121,79,60.5,2.42,1.58,60.5,39.5,242.0,31.646397279979077,178,121,0.0
413,121,79,60.5,2.42,1.58,60.5,39.5,242.0,31.646397279979077,180,121,0.0
414,121,79,60.5,2.42,1.58,60.5,39.5,242.0,31.646397279979077,182,121,0.0
415,121,79,60.5,2.42,1.58,60.5,39.5,242.0,31.646397279979077,184,121,0.0
416,121,79,60.5,2.42,1.58,60.5,39.5,242.0,31.646397279979077,185,121,0.0
417,121,79,60.5,2.42,1.58,60.5,39.5,242.0,31.646397279979077,187,121,0.0
418,121,79,60.5,2.42,1.58,60.5,39.5,242.0,31.646397279979077,188,121,0.0
419,121,79,60.5,2.42,1.58,60.5,39.5,242.0,31.646397279979077,189,121,0.0
420,121,79,60.5,2.42,1.58,60.5,39.5,242.0,31.646397279979077,190,121,0.0
421,121,79,60.5,2.42,1.58,60.5,39.5,242.0,31.646397279979077,190,121,0.0
422,121,79,60.5,2.42,1.58,60.5,39.5,242.0,31.646397279979077,190,121,0.0
423,121,79,60.5,2.42,1.58,60.5,39.5,242.0,31.646397279979077,190,121,0.0
424,121,79,60.5,2.42,1.58,60.5,39.5,242.0,31.646397279979077,190,121,0.0
425,121,79,60.5,2.42,1.58,60.5,39.5,242.0,31.646397279979077,190,121,0.0
426,121,79,60.5,2.42,1.58,60.5,39.5,242.0,31.646397279979077,190,121,0.0
427,121,79,60.5,2.42,1.58,60.5,39.5,242.0,31.646397279979077,190,121,0.0
428,121,79,60.5,2.42,1.58,60.5,39.5,242.0,31.646397279979077,190,121,0.0
429,121,79,60.5,2.42,1.58,60.5,39.5,242.0,31.646397279979077,190,121,0.0
430,121,79,60.5,2.42,1.58,60.5,39.5,242.0,31.646397279979077,190,121,0.0
431,121,79,60.5,2.42,1.58,60.5,39.5,242.0,31.646397279979077,190,121,0.0
432,121,79,60.5,2.42,1.58,60.5,39.5,242.0,31.646397279979077,190,121,0.0
433,121,79,60.5,2.42,1.58,60.5,39.5,242.0,31.646397279979077,190,121,0.0
434,121,79,60.5,2.42,1.58,60.5,39.5,242.0,31.646397279979077,190,121,0.0
435,121,79,60.5,2.42,1.58,60.5,39.5,242.0,31.646397279979077,190,121,0.0
436,121,79,60.5,2.42,1.58,60.5,39.5,242.0,31.646397279979077,190,121,0.0
437,121,79,60.5,2.42,1.58,60.5,39.5,242.0,31.646397279979077,190,121,0.0
438,121,79,60.5,2.42,1.58,60.5,39.5,242.0,31.646397279979077,190,121,0.0
439,121,79,60.5,2.42,1.58,60.5,39.5,242.0,31.646397279979077,190,121,0.0
440,121,79,60.5,2.42,1.58,60.5,39.5,242.0,31.646397279979077,190,121,0.0
441,121,79,60.5,2.42,1.58,60.5,39.5,242.0,31.646397279979077,190,121,0.0
442,121,79,60.5,2.42,1.58,60.5,39.5,242.0,31.646397279979077,190,121,0.0
443,122,78,61.0,2.44,1.56,61.0,39.0,244.0,31.90793775336733,191,122,2.0
444,122,78,61.0,2.44,1.56,61.0,39.0,244.0,31.90793775336733,191,122,0.0
445,122,78,61.0,2.44,1.56,61.0,39.0,244.0,31.90793775336733,191,122,0.0
446,123,77,61.5,2.46,1.54,61.5,38.5,246.0,32.16947822675559,193,123,2.0
447,123,77,61.5,2.46,1.54,61.5,38.5,246.0,32.16947822675559,193,123,0.0
448,123,77,61.5,2.46,1.54,61.5,38.5,246.0,32.16947822675559,193,123,0.0
449,123,77,61.5,2.46,1.54,61.5,38.5,246.0,32.16947822675559,193,123,0.0
450,123,77,61.5,2.46,1.54,61.5,38.5,246.0,32.16947822675559,193,123,0.0
451,123,77,61.5,2.46,1.54,61.5,38.5,246.0,32.16947822675559,193,123,0.0
452,123,77,61.5,2.46,1.54,61.5,38.5,246.0,32.16947822675559,193,123,0.0
453,123,77,61.5,2.46,1.54,61.5,38.5,246.0,32.16947822675559,193,123,0.0
454,123,77,61.5,2.46,1.54,61.5,38.5,246.0,32.16947822675559,193,123,0.0
455,123,77,61.5,2.46,1.54,61.5,38.5,246.0,32.16947822675559,193,123,0.0
456,123,77,61.5,2.46,1.54,61.5,38.5,246.0,32.16947822675559,193,123,0.0
457,123,77,61.5,2.46,1.54,61.5,38.5,246.0,32.16947822675559,193,123,0.0
458,124,76,62.0,2.48,1.52,62.0,38.0,248.0,32.431018700143845,194,124,2.0
459,124,76,62.0,2.48,1.52,62.0,38.0,248.0,32.431018700143845,194,124,0.0
460,124,76,62.0,2.48,1.52,62.0,38.0,248.0,32.431018700143845,194,124,0.0
461,124,76,62.0,2.48,1.52,62.0,38.0,248.0,32.431018700143845,194,124,0.0
462,124,76,62.0,2.48,1.52,62.0,38.0,248.0,32.431018700143845,194,124,0.0
463,124,76,62.0,2.48,1.52,62.0,38.0,248.0,32.431018700143845,194,124,0.0
464,124,76,62.0,2.48,1.52,62.0,38.0,248.0,32.431018700143845,194,124,0.0
465,124,76,62.0,2.48,1.52,62.0,38.0,248.0,32.431018700143845,194,124,0.0
466,125,75,62.5,2.5,1.5,62.5,37.5,250.0,32.6925591735321,195,125,2.0
467,125,75,62.5,2.5,1.5,62.5,37.5,250.0,32.6925591735321,195,125,0.0
468,125,75,62.5,2.5,1.5,62.5,37.5,250.0,32.6925591735321,195,125,0.0
469,125,75,62.5,2.5,1.5,62.5,37.5,250.0,32.6925591735321,196,125,0.0
470,126,74,63.0,2.52,1.48,63.0,37.0,252.0,32.95409964692036,197,126,2.0
471,127,73,63.5,2.54,1.46,63.5,36.5,254.0,33.21564012030861,198,127,2.0
472,127,73,63.5,2.54,1.46,63.5,36.5,254.0,33.21564012030861,198,127,0.0
473,127,73,63.5,2.54,1.46,63.5,36.5,254.0,33.21564012030861,198,127,0.0
474,127,73,63.5,2.54,1.46,63.5,36.5,254.0,33.21564012030861,198,127,0.0
475,128,72,64.0,2.56,1.44,64.0,36.0,256.0,33.47718059369687,199,128,2.0
476,128,72,64.0,2.56,1.44,64.0,36.0,256.0,33.47718059369687,199,128,0.0
477,128,72,64.0,2.56,1.44,64.0,36.0,256.0,33.47718059369687,199,128,0.0
478,128,72,64.0,2.56,1.44,64.0,36.0,256.0,33.47718059369687,199,128,0.0
479,128,72,64.0,2.56,1.44,64.0,36.0,256.0,33.47718059369687,200,128,0.0
480,128,72,64.0,2.56,1.44,64.0,36.0,256.0,33.47718059369687,201,128,0.0
481,128,72,64.0,2.56,1.44,64.0,36.0,256.0,33.47718059369687,202,128,0.0
482,128,72,64.0,2.56,1.44,64.0,36.0,256.0,33.47718059369687,202,128,0.0
483,128,72,64.0,2.56,1.44,64.0,36.0,256.0,33.47718059369687,202,128,0.0
484,128,72,64.0,2.56,1.44,64.0,36.0,256.0,33.47718059369687,202,128,0.0
485,128,72,64.0,2.56,1.44,64.0,36.0,256.0,33.47718059369687,202,128,0.0
486,128,72,64.0,2.56,1.44,64.0,36.0,256.0,33.47718059369687,202,128,0.0
487,128,72,64.0,2.56,1.44,64.0,36.0,256.0,33.47718059369687,202,128,0.0
488,128,72,64.0,2.56,1.44,64.0,36.0,256.0,33.47718059369687,202,128,0.0
489,128,72,64.0,2.56,1.44,64.0,36.0,256.0,33.47718059369687,203,128,0.0
490,128,72,64.0,2.56,1.44,64.0,36.0,256.0,33.47718059369687,204,128,0.0
491,128,72,64.0,2.56,1.44,64.0,36.0,256.0,33.47718059369687,205,128,0.0
492,128,72,64.0,2.56,1.44,64.0,36.0,256.0,33.47718059369687,206,128,0.0
493,129,71,64.5,2.58,1.42,64.5,35.5,258.0,33.73872106708513,208,129,2.0
494,129,71,64.5,2.58,1.42,64.5,35.5,258.0,33.73872106708513,208,129,0.0
495,129,71,64.5,2.58,1.42,64.5,35.5,258.0,33.73872106708513,208,129,0.0
496,129,71,64.5,2.58,1.42,64.5,35.5,258.0,33.73872106708513,209,129,0.0
497,129,71,64.5,2.58,1.42,64.5,35.5,258.0,33.73872106708513,209,129,0.0
498,129,71,64.5,2.58,1.42,64.5,35.5,258.0,33.73872106708513,209,129,0.0
499,129,71,64.5,2.58,1.42,64.5,35.5,258.0,33.73872106708513,209,129,0.0
500,129,71,64.5,2.58,1.42,64.5,35.5,258.0,33.73872106708513,210,129,0.0
501,129,71,64.5,2.58,1.42,64.5,35.5,258.0,33.73872106708513,210,129,0.0
502,129,71,64.5,2.58,1.42,64.5,35.5,258.0,33.73872106708513,210,129,0.0
503,129,71,64.5,2.58,1.42,64.5,35.5,258.0,33.73872106708513,211,129,0.0
504,129,71,64.5,2.58,1.42,64.5,35.5,258.0,33.73872106708513,211,129,0.0
505,131,69,65.5,2.62,1.38,65.5,34.5,262.0,34.26180201386164,213,131,4.0
506,131,69,65.5,2.62,1.38,65.5,34.5,262.0,34.26180201386164,213,131,0.0
507,131,69,65.5,2.62,1.38,65.5,34.5,262.0,34.26180201386164,213,131,0.0
508,131,69,65.5,2.62,1.38,65.5,34.5,262.0,34.26180201386164,213,131,0.0
509,131,69,65.5,2.62,1.38,65.5,34.5,262.0,34.26180201386164,213,131,0.0
510,131,69,65.5,2.62,1.38,65.5,34.5,262.0,34.26180201386164,213,131,0.0
511,131,69,65.5,2.62,1.38,65.5,34.5,262.0,34.26180201386164,214,131,0.0
512,131,69,65.5,2.62,1.38,65.5,34.5,262.0,34.26180201386164,214,131,0.0
513,131,69,65.5,2.62,1.38,65.5,34.5,262.0,34.26180201386164,215,131,0.0
514,131,69,65.5,2.62,1.38,65.5,34.5,262.0,34.26180201386164,216,131,0.0
515,131,69,65.5,2.62,1.38,65.5,34.5,262.0,34.26180201386164,216,131,0.0
516,131,69,65.5,2.62,1.38,65.5,34.5,262.0,34.26180201386164,217,131,0.0
517,131,69,65.5,2.62,1.38,65.5,34.5,262.0,34.26180201386164,218,131,0.0
518,131,69,65.5,2.62,1.38,65.5,34.5,262.0,34.26180201386164,218,131,0.0
519,131,69,65.5,2.62,1.38,65.5,34.5,262.0,34.26180201386164,219,131,0.0
520,132,68,66.0,2.64,1.3599999999999999,66.0,33.99999999999999,264.0,34.5233424872499,221,132,2.0
521,132,68,66.0,2.64,1.3599999999999999,66.0,33.99999999999999,264.0,34.5233424872499,222,132,0.0
522,132,68,66.0,2.64,1.3599999999999999,66.0,33.99999999999999,264.0,34.5233424872499,222,132,0.0
523,132,68,66.0,2.64,1.3599999999999999,66.0,33.99999999999999,264.0,34.5233424872499,224,132,0.0
524,132,68,66.0,2.64,1.3599999999999999,66.0,33.99999999999999,264.0,34.5233424872499,226,132,0.0
525,132,68,66.0,2.64,1.3599999999999999,66.0,33.99999999999999,264.0,34.5233424872499,227,132,0.0
526,132,68,66.0,2.64,1.3599999999999999,66.0,33.99999999999999,264.0,34.5233424872499,227,132,0.0
527,132,68,66.0,2.64,1.3599999999999999,66.0,33.99999999999999,264.0,34.5233424872499,227,132,0.0
528,132,68,66.0,2.64,1.3599999999999999,66.0,33.99999999999999,264.0,34.5233424872499,227,132,0.0
529,132,68,66.0,2.64,1.3599999999999999,66.0,33.99999999999999,264.0,34.5233424872499,227,132,0.0
530,133,67,66.5,2.66,1.3399999999999999,66.5,33.49999999999999,266.0,34.78488296063816,229,133,2.0
531,133,67,66.5,2.66,1.3399999999999999,66.5,33.49999999999999,266.0,34.78488296063816,230,133,0.0
532,133,67,66.5,2.66,1.3399999999999999,66.5,33.49999999999999,266.0,34.78488296063816,230,133,0.0
533,133,67,66.5,2.66,1.3399999999999999,66.5,33.49999999999999,266.0,34.78488296063816,230,133,0.0
534,133,67,66.5,2.66,1.3399999999999999,66.5,33.49999999999999,266.0,34.78488296063816,230,133,0.0
535,133,67,66.5,2.66,1.3399999999999999,66.5,33.49999999999999,266.0,34.78488296063816,230,133,0.0
536,133,67,66.5,2.66,1.3399999999999999,66.5,33.49999999999999,266.0,34.78488296063816,230,133,0.0
537,133,67,66.5,2.66,1.3399999999999999,66.5,33.49999999999999,266.0,34.78488296063816,230,133,0.0
538,134,66,67.0,2.68,1.3199999999999998,67.0,32.99999999999999,268.0,35.046423434026416,231,134,2.0
539,134,66,67.0,2.68,1.3199999999999998,67.0,32.99999999999999,268.0,35.046423434026416,231,134,0.0
540,134,66,67.0,2.68,1.3199999999999998,67.0,32.99999999999999,268.0,35.046423434026416,231,134,0.0
541,134,66,67.0,2.68,1.3199999999999998,67.0,32.99999999999999,268.0,35.046423434026416,231,134,0.0
542,134,66,67.0,2.68,1.3199999999999998,67.0,32.99999999999999,268.0,35.046423434026416,232,134,0.0
543,134,66,67.0,2.68,1.3199999999999998,67.0,32.99999999999999,268.0,35.046423434026416,232,134,0.0
544,134,66,67.0,2.68,1.3199999999999998,67.0,32.99999999999999,268.0,35.046423434026416,232,134,0.0
545,135,65,67.5,2.7,1.2999999999999998,67.5,32.49999999999999,270.0,35.30796390741467,234,135,2.0
546,136,64,68.0,2.72,1.2799999999999998,68.0,31.999999999999993,272.0,35.56950438080293,235,136,2.0
547,136,64,68.0,2.72,1.2799999999999998,68.0,31.999999999999993,272.0,35.56950438080293,236,136,0.0
548,136,64,68.0,2.72,1.2799999999999998,68.0,31.999999999999993,272.0,35.56950438080293,236,136,0.0
549,137,63,68.5,2.74,1.2599999999999998,68.5,31.499999999999993,274.0,35.831044854191184,237,137,2.0
550,137,63,68.5,2.74,1.2599999999999998,68.5,31.499999999999993,274.0,35.831044854191184,237,137,0.0
551,137,63,68.5,2.74,1.2599999999999998,68.5,31.499999999999993,274.0,35.831044854191184,237,137,0.0
552,137,63,68.5,2.74,1.2599999999999998,68.5,31.499999999999993,274.0,35.831044854191184,237,137,0.0
553,137,63,68.5,2.74,1.2599999999999998,68.5,31.499999999999993,274.0,35.831044854191184,237,137,0.0
554,137,63,68.5,2.74,1.2599999999999998,68.5,31.499999999999993,274.0,35.831044854191184,237,137,0.0
555,137,63,68.5,2.74,1.2599999999999998,68.5,31.499999999999993,274.0,35.831044854191184,237,137,0.0
556,137,63,68.5,2.74,1.2599999999999998,68.5,31.499999999999993,274.0,35.831044854191184,237,137,0.0
557,137,63,68.5,2.74,1.2599999999999998,68.5,31.499999999999993,274.0,35.831044854191184,237,137,0.0
558,137,63,68.5,2.74,1.2599999999999998,68.5,31.499999999999993,274.0,35.831044854191184,237,137,0.0
559,137,63,68.5,2.74,1.2599999999999998,68.5,31.499999999999993,274.0,35.831044854191184,237,137,0.0
560,137,63,68.5,2.74,1.2599999999999998,68.5,31.499999999999993,274.0,35.831044854191184,237,137,0.0
561,137,63,68.5,2.74,1.2599999999999998,68.5,31.499999999999993,274.0,35.831044854191184,237,137,0.0
562,137,63,68.5,2.74,1.2599999999999998,68.5,31.499999999999993,274.0,35.831044854191184,237,137,0.0
563,137,63,68.5,2.74,1.2599999999999998,68.5,31.499999999999993,274.0,35.831044854191184,237,137,0.0
564,137,63,68.5,2.74,1.2599999999999998,68.5,31.499999999999993,274.0,35.831044854191184,237,137,0.0
565,137,63,68.5,2.74,1.2599999999999998,68.5,31.499999999999993,274.0,35.831044854191184,237,137,0.0
566,137,63,68.5,2.74,1.2599999999999998,68.5,31.499999999999993,274.0,35.831044854191184,237,137,0.0
567,137,63,68.5,2.74,1.2599999999999998,68.5,31.499999999999993,274.0,35.831044854191184,237,137,0.0
568,137,63,68.5,2.74,1.2599999999999998,68.5,31.499999999999993,274.0,35.831044854191184,237,137,0.0
569,137,63,68.5,2.74,1.2599999999999998,68.5,31.499999999999993,274.0,35.831044854191184,237,137,0.0
570,137,63,68.5,2.74,1.2599999999999998,68.5,31.499999999999993,274.0,35.831044854191184,237,137,0.0
571,137,63,68.5,2.74,1.2599999999999998,68.5,31.499999999999993,274.0,35.831044854191184,237,137,0.0
572,137,63,68.5,2.74,1.2599999999999998,68.5,31.499999999999993,274.0,35.831044854191184,237,137,0.0
573,137,63,68.5,2.74,1.2599999999999998,68.5,31.499999999999993,274.0,35.831044854191184,237,137,0.0
574,138,62,69.0,2.7600000000000002,1.2399999999999998,69.0,30.999999999999993,276.0,36.09258532757944,238,138,2.0
575,138,62,69.0,2.7600000000000002,1.2399999999999998,69.0,30.999999999999993,276.0,36.09258532757944,238,138,0.0
576,138,62,69.0,2.7600000000000002,1.2399999999999998,69.0,30.999999999999993,276.0,36.09258532757944,238,138,0.0
577,138,62,69.0,2.7600000000000002,1.2399999999999998,69.0,30.999999999999993,276.0,36.09258532757944,238,138,0.0
578,138,62,69.0,2.7600000000000002,1.2399999999999998,69.0,30.999999999999993,276.0,36.09258532757944,238,138,0.0
579,138,62,69.0,2.7600000000000002,1.2399999999999998,69.0,30.999999999999993,276.0,36.09258532757944,239,138,0.0
580,138,62,69.0,2.7600000000000002,1.2399999999999998,69.0,30.999999999999993,276.0,36.09258532757944,239,138,0.0
581,138,62,69.0,2.7600000000000002,1.2399999999999998,69.0,30.999999999999993,276.0,36.09258532757944,240,138,0.0
582,138,62,69.0,2.7600000000000002,1.2399999999999998,69.0,30.999999999999993,276.0,36.09258532757944,241,138,0.0
583,138,62,69.0,2.7600000000000002,1.2399999999999998,69.0,30.999999999999993,276.0,36.09258532757944,242,138,0.0
584,138,62,69.0,2.7600000000000002,1.2399999999999998,69.0,30.999999999999993,276.0,36.09258532757944,242,138,0.0
585,139,61,69.5,2.7800000000000002,1.2199999999999998,69.5,30.499999999999993,278.0,36.354125800967694,243,139,2.0
586,139,61,69.5,2.7800000000000002,1.2199999999999998,69.5,30.499999999999993,278.0,36.354125800967694,243,139,0.0
587,139,61,69.5,2.7800000000000002,1.2199999999999998,69.5,30.499999999999993,278.0,36.354125800967694,243,139,0.0
588,139,61,69.5,2.7800000000000002,1.2199999999999998,69.5,30.499999999999993,278.0,36.354125800967694,243,139,0.0
589,139,61,69.5,2.7800000000000002,1.2199999999999998,69.5,30.499999999999993,278.0,36.354125800967694,243,139,0.0
590,139,61,69.5,2.7800000000000002,1.2199999999999998,69.5,30.499999999999993,278.0,36.354125800967694,243,139,0.0
591,139,61,69.5,2.7800000000000002,1.2199999999999998,69.5,30.499999999999993,278.0,36.354125800967694,243,139,0.0
592,139,61,69.5,2.7800000000000002,1.2199999999999998,69.5,30.499999999999993,278.0,36.354125800967694,244,139,0.0
593,139,61,69.5,2.7800000000000002,1.2199999999999998,69.5,30.499999999999993,278.0,36.354125800967694,245,139,0.0
594,139,61,69.5,2.7800000000000002,1.2199999999999998,69.5,30.499999999999993,278.0,36.354125800967694,246,139,0.0
595,139,61,69.5,2.7800000000000002,1.2199999999999998,69.5,30.499999999999993,278.0,36.354125800967694,248,139,0.0
596,139,61,69.5,2.7800000000000002,1.2199999999999998,69.5,30.499999999999993,278.0,36.354125800967694,248,139,0.0
597,139,61,69.5,2.7800000000000002,1.2199999999999998,69.5,30.499999999999993,278.0,36.354125800967694,249,139,0.0
598,139,61,69.5,2.7800000000000002,1.2199999999999998,69.5,30.499999999999993,278.0,36.354125800967694,249,139,0.0
599,139,61,69.5,2.7800000000000002,1.2199999999999998,69.5,30.499999999999993,278.0,36.354125800967694,249,139,0.0
600,139,61,69.5,2.7800000000000002,1.2199999999999998,69.5,30.499999999999993,278.0,36.354125800967694,249,139,0.0
601,139,61,69.5,2.7800000000000002,1.2199999999999998,69.5,30.499999999999993,278.0,36.354125800967694,249,139,0.0
602,139,61,69.5,2.7800000000000002,1.2199999999999998,69.5,30.499999999999993,278.0,36.354125800967694,250,139,0.0
603,139,61,69.5,2.7800000000000002,1.2199999999999998,69.5,30.499999999999993,278.0,36.354125800967694,251,139,0.0
604,139,61,69.5,2.7800000000000002,1.2199999999999998,69.5,30.499999999999993,278.0,36.354125800967694,251,139,0.0
605,139,61,69.5,2.7800000000000002,1.2199999999999998,69.5,30.499999999999993,278.0,36.354125800967694,251,139,0.0
606,139,61,69.5,2.7800000000000002,1.2199999999999998,69.5,30.499999999999993,278.0,36.354125800967694,252,139,0.0
607,139,61,69.5,2.7800000000000002,1.2199999999999998,69.5,30.499999999999993,278.0,36.354125800967694,252,139,0.0
608,139,61,69.5,2.7800000000000002,1.2199999999999998,69.5,30.499999999999993,278.0,36.354125800967694,252,139,0.0
609,139,61,69.5,2.7800000000000002,1.2199999999999998,69.5,30.499999999999993,278.0,36.354125800967694,252,139,0.0
610,139,61,69.5,2.7800000000000002,1.2199999999999998,69.5,30.499999999999993,278.0,36.354125800967694,252,139,0.0
611,139,61,69.5,2.7800000000000002,1.2199999999999998,69.5,30.499999999999993,278.0,36.354125800967694,252,139,0.0
612,139,61,69.5,2.7800000000000002,1.2199999999999998,69.5,30.499999999999993,278.0,36.354125800967694,252,139,0.0
613,139,61,69.5,2.7800000000000002,1.2199999999999998,69.5,30.499999999999993,278.0,36.354125800967694,252,139,0.0
614,139,61,69.5,2.7800000000000002,1.2199999999999998,69.5,30.499999999999993,278.0,36.354125800967694,252,139,0.0
615,139,61,69.5,2.7800000000000002,1.2199999999999998,69.5,30.499999999999993,278.0,36.354125800967694,252,139,0.0
616,139,61,69.5,2.7800000000000002,1.2199999999999998,69.5,30.499999999999993,278.0,36.354125800967694,252,139,0.0
617,139,61,69.5,2.7800000000000002,1.2199999999999998,69.5,30.499999999999993,278.0,36.354125800967694,253,139,0.0
618,139,61,69.5,2.7800000000000002,1.2199999999999998,69.5,30.499999999999993,278.0,36.354125800967694,253,139,0.0
619,140,60,70.0,2.8000000000000003,1.1999999999999997,70.0,29.999999999999993,280.0,36.61566627435596,254,140,2.0
620,140,60,70.0,2.8000000000000003,1.1999999999999997,70.0,29.999999999999993,280.0,36.61566627435596,254,140,0.0
621,140,60,70.0,2.8000000000000003,1.1999999999999997,70.0,29.999999999999993,280.0,36.61566627435596,254,140,0.0
622,140,60,70.0,2.8000000000000003,1.1999999999999997,70.0,29.999999999999993,280.0,36.61566627435596,254,140,0.0
623,140,60,70.0,2.8000000000000003,1.1999999999999997,70.0,29.999999999999993,280.0,36.61566627435596,254,140,0.0
624,140,60,70.0,2.8000000000000003,1.1999999999999997,70.0,29.999999999999993,280.0,36.61566627435596,254,140,0.0
625,140,60,70.0,2.8000000000000003,1.1999999999999997,70.0,29.999999999999993,280.0,36.61566627435596,254,140,0.0
626,140,60,70.0,2.8000000000000003,1.1999999999999997,70.0,29.999999999999993,280.0,36.61566627435596,254,140,0.0
627,140,60,70.0,2.8000000000000003,1.1999999999999997,70.0,29.999999999999993,280.0,36.61566627435596,254,140,0.0
628,140,60,70.0,2.8000000000000003,1.1999999999999997,70.0,29.999999999999993,280.0,36.61566627435596,254,140,0.0
629,140,60,70.0,2.8000000000000003,1.1999999999999997,70.0,29.999999999999993,280.0,36.61566627435596,254,140,0.0
630,140,60,70.0,2.8000000000000003,1.1999999999999997,70.0,29.999999999999993,280.0,36.61566627435596,254,140,0.0
631,140,60,70.0,2.8000000000000003,1.1999999999999997,70.0,29.999999999999993,280.0,36.61566627435596,254,140,0.0
632,140,60,70.0,2.8000000000000003,1.1999999999999997,70.0,29.999999999999993,280.0,36.61566627435596,254,140,0.0
633,140,60,70.0,2.8000000000000003,1.1999999999999997,70.0,29.999999999999993,280.0,36.61566627435596,254,140,0.0
634,140,60,70.0,2.8000000000000003,1.1999999999999997,70.0,29.999999999999993,280.0,36.61566627435596,254,140,0.0
635,140,60,70.0,2.8000000000000003,1.1999999999999997,70.0,29.999999999999993,280.0,36.61566627435596,255,140,0.0
636,140,60,70.0,2.8000000000000003,1.1999999999999997,70.0,29.999999999999993,280.0,36.61566627435596,255,140,0.0
637,141,59,70.5,2.82,1.1800000000000002,70.5,29.500000000000004,282.0,36.87720674774421,257,141,2.0
638,141,59,70.5,2.82,1.1800000000000002,70.5,29.500000000000004,282.0,36.87720674774421,258,141,0.0
639,141,59,70.5,2.82,1.1800000000000002,70.5,29.500000000000004,282.0,36.87720674774421,259,141,0.0
640,141,59,70.5,2.82,1.1800000000000002,70.5,29.500000000000004,282.0,36.87720674774421,260,141,0.0
641,141,59,70.5,2.82,1.1800000000000002,70.5,29.500000000000004,282.0,36.87720674774421,261,141,0.0
642,141,59,70.5,2.82,1.1800000000000002,70.5,29.500000000000004,282.0,36.87720674774421,261,141,0.0
643,141,59,70.5,2.82,1.1800000000000002,70.5,29.500000000000004,282.0,36.87720674774421,261,141,0.0
644,141,59,70.5,2.82,1.1800000000000002,70.5,29.500000000000004,282.0,36.87720674774421,261,141,0.0
645,141,59,70.5,2.82,1.1800000000000002,70.5,29.500000000000004,282.0,36.87720674774421,261,141,0.0
646,141,59,70.5,2.82,1.1800000000000002,70.5,29.500000000000004,282.0,36.87720674774421,261,141,0.0
647,141,59,70.5,2.82,1.1800000000000002,70.5,29.500000000000004,282.0,36.87720674774421,261,141,0.0
648,141,59,70.5,2.82,1.1800000000000002,70.5,29.500000000000004,282.0,36.87720674774421,261,141,0.0
649,141,59,70.5,2.82,1.1800000000000002,70.5,29.500000000000004,282.0,36.87720674774421,261,141,0.0
650,141,59,70.5,2.82,1.1800000000000002,70.5,29.500000000000004,282.0,36.87720674774421,261,141,0.0
651,141,59,70.5,2.82,1.1800000000000002,70.5,29.500000000000004,282.0,36.87720674774421,261,141,0.0
652,141,59,70.5,2.82,1.1800000000000002,70.5,29.500000000000004,282.0,36.87720674774421,261,141,0.0
653,141,59,70.5,2.82,1.1800000000000002,70.5,29.500000000000004,282.0,36.87720674774421,261,141,0.0
654,141,59,70.5,2.82,1.1800000000000002,70.5,29.500000000000004,282.0,36.87720674774421,261,141,0.0
655,141,59,70.5,2.82,1.1800000000000002,70.5,29.500000000000004,282.0,36.87720674774421,261,141,0.0
656,141,59,70.5,2.82,1.1800000000000002,70.5,29.500000000000004,282.0,36.87720674774421,261,141,0.0
657,141,59,70.5,2.82,1.1800000000000002,70.5,29.500000000000004,282.0,36.87720674774421,261,141,0.0
658,141,59,70.5,2.82,1.1800000000000002,70.5,29.500000000000004,282.0,36.87720674774421,261,141,0.0
659,141,59,70.5,2.82,1.1800000000000002,70.5,29.500000000000004,282.0,36.87720674774421,261,141,0.0
660,141,59,70.5,2.82,1.1800000000000002,70.5,29.500000000000004,282.0,36.87720674774421,261,141,0.0
661,141,59,70.5,2.82,1.1800000000000002,70.5,29.500000000000004,282.0,36.87720674774421,261,141,0.0
662,141,59,70.5,2.82,1.1800000000000002,70.5,29.500000000000004,282.0,36.87720674774421,261,141,0.0
663,141,59,70.5,2.82,1.1800000000000002,70.5,29.500000000000004,282.0,36.87720674774421,261,141,0.0
664,141,59,70.5,2.82,1.1800000000000002,70.5,29.500000000000004,282.0,36.87720674774421,261,141,0.0
665,141,59,70.5,2.82,1.1800000000000002,70.5,29.500000000000004,282.0,36.87720674774421,261,141,0.0
666,141,59,70.5,2.82,1.1800000000000002,70.5,29.500000000000004,282.0,36.87720674774421,261,141,0.0
667,141,59,70.5,2.82,1.1800000000000002,70.5,29.500000000000004,282.0,36.87720674774421,261,141,0.0
668,141,59,70.5,2.82,1.1800000000000002,70.5,29.500000000000004,282.0,36.87720674774421,261,141,0.0
669,141,59,70.5,2.82,1.1800000000000002,70.5,29.500000000000004,282.0,36.87720674774421,261,141,0.0
670,141,59,70.5,2.82,1.1800000000000002,70.5,29.500000000000004,282.0,36.87720674774421,261,141,0.0
671,141,59,70.5,2.82,1.1800000000000002,70.5,29.500000000000004,282.0,36.87720674774421,261,141,0.0
672,141,59,70.5,2.82,1.1800000000000002,70.5,29.500000000000004,282.0,36.87720674774421,261,141,0.0
673,141,59,70.5,2.82,1.1800000000000002,70.5,29.500000000000004,282.0,36.87720674774421,262,141,0.0
674,141,59,70.5,2.82,1.1800000000000002,70.5,29.500000000000004,282.0,36.87720674774421,263,141,0.0
675,141,59,70.5,2.82,1.1800000000000002,70.5,29.500000000000004,282.0,36.87720674774421,263,141,0.0
676,142,58,71.0,2.84,1.1600000000000001,71.0,29.000000000000004,284.0,37.13874722113247,265,142,2.0
677,142,58,71.0,2.84,1.1600000000000001,71.0,29.000000000000004,284.0,37.13874722113247,266,142,0.0
678,142,58,71.0,2.84,1.1600000000000001,71.0,29.000000000000004,284.0,37.13874722113247,267,142,0.0
679,142,58,71.0,2.84,1.1600000000000001,71.0,29.000000000000004,284.0,37.13874722113247,268,142,0.0
680,142,58,71.0,2.84,1.1600000000000001,71.0,29.000000000000004,284.0,37.13874722113247,269,142,0.0
681,142,58,71.0,2.84,1.1600000000000001,71.0,29.000000000000004,284.0,37.13874722113247,270,142,0.0
682,142,58,71.0,2.84,1.1600000000000001,71.0,29.000000000000004,284.0,37.13874722113247,271,142,0.0
683,142,58,71.0,2.84,1.1600000000000001,71.0,29.000000000000004,284.0,37.13874722113247,272,142,0.0
684,142,58,71.0,2.84,1.1600000000000001,71.0,29.000000000000004,284.0,37.13874722113247,273,142,0.0
685,142,58,71.0,2.84,1.1600000000000001,71.0,29.000000000000004,284.0,37.13874722113247,274,142,0.0
686,142,58,71.0,2.84,1.1600000000000001,71.0,29.000000000000004,284.0,37.13874722113247,275,142,0.0
687,142,58,71.0,2.84,1.1600000000000001,71.0,29.000000000000004,284.0,37.13874722113247,275,142,0.0
688,142,58,71.0,2.84,1.1600000000000001,71.0,29.000000000000004,284.0,37.13874722113247,275,142,0.0
689,142,58,71.0,2.84,1.1600000000000001,71.0,29.000000000000004,284.0,37.13874722113247,275,142,0.0
690,142,58,71.0,2.84,1.1600000000000001,71.0,29.000000000000004,284.0,37.13874722113247,275,142,0.0
691,142,58,71.0,2.84,1.1600000000000001,71.0,29.000000000000004,284.0,37.13874722113247,276,142,0.0
692,142,58,71.0,2.84,1.1600000000000001,71.0,29.000000000000004,284.0,37.13874722113247,277,142,0.0
693,142,58,71.0,2.84,1.1600000000000001,71.0,29.000000000000004,284.0,37.13874722113247,278,142,0.0
694,142,58,71.0,2.84,1.1600000000000001,71.0,29.000000000000004,284.0,37.13874722113247,278,142,0.0
695,142,58,71.0,2.84,1.1600000000000001,71.0,29.000000000000004,284.0,37.13874722113247,279,142,0.0
696,142,58,71.0,2.84,1.1600000000000001,71.0,29.000000000000004,284.0,37.13874722113247,281,142,0.0
697,142,58,71.0,2.84,1.1600000000000001,71.0,29.000000000000004,284.0,37.13874722113247,282,142,0.0
698,142,58,71.0,2.84,1.1600000000000001,71.0,29.000000000000004,284.0,37.13874722113247,284,142,0.0
699,142,58,71.0,2.84,1.1600000000000001,71.0,29.000000000000004,284.0,37.13874722113247,286,142,0.0
700,142,58,71.0,2.84,1.1600000000000001,71.0,29.000000000000004,284.0,37.13874722113247,288,142,0.0
701,142,58,71.0,2.84,1.1600000000000001,71.0,29.000000000000004,284.0,37.13874722113247,289,142,0.0
702,142,58,71.0,2.84,1.1600000000000001,71.0,29.000000000000004,284.0,37.13874722113247,289,142,0.0
703,142,58,71.0,2.84,1.1600000000000001,71.0,29.000000000000004,284.0,37.13874722113247,290,142,0.0
704,142,58,71.0,2.84,1.1600000000000001,71.0,29.000000000000004,284.0,37.13874722113247,290,142,0.0
705,142,58,71.0,2.84,1.1600000000000001,71.0,29.000000000000004,284.0,37.13874722113247,290,142,0.0
706,142,58,71.0,2.84,1.1600000000000001,71.0,29.000000000000004,284.0,37.13874722113247,290,142,0.0
707,142,58,71.0,2.84,1.1600000000000001,71.0,29.000000000000004,284.0,37.13874722113247,290,142,0.0
708,142,58,71.0,2.84,1.1600000000000001,71.0,29.000000000000004,284.0,37.13874722113247,290,142,0.0
709,142,58,71.0,2.84,1.1600000000000001,71.0,29.000000000000004,284.0,37.13874722113247,290,142,0.0
710,142,58,71.0,2.84,1.1600000000000001,71.0,29.000000000000004,284.0,37.13874722113247,290,142,0.0
711,142,58,71.0,2.84,1.1600000000000001,71.0,29.000000000000004,284.0,37.13874722113247,290,142,0.0
712,142,58,71.0,2.84,1.1600000000000001,71.0,29.000000000000004,284.0,37.13874722113247,290,142,0.0
713,142,58,71.0,2.84,1.1600000000000001,71.0,29.000000000000004,284.0,37.13874722113247,290,142,0.0
714,142,58,71.0,2.84,1.1600000000000001,71.0,29.000000000000004,284.0,37.13874722113247,290,142,0.0
715,143,57,71.5,2.86,1.1400000000000001,71.5,28.500000000000004,286.0,37.40028769452072,291,143,2.0
716,143,57,71.5,2.86,1.1400000000000001,71.5,28.500000000000004,286.0,37.40028769452072,291,143,0.0
717,143,57,71.5,2.86,1.1400000000000001,71.5,28.500000000000004,286.0,37.40028769452072,291,143,0.0
718,143,57,71.5,2.86,1.1400000000000001,71.5,28.500000000000004,286.0,37.40028769452072,291,143,0.0
719,143,57,71.5,2.86,1.1400000000000001,71.5,28.500000000000004,286.0,37.40028769452072,291,143,0.0
720,143,57,71.5,2.86,1.1400000000000001,71.5,28.500000000000004,286.0,37.40028769452072,291,143,0.0
721,143,57,71.5,2.86,1.1400000000000001,71.5,28.500000000000004,286.0,37.40028769452072,291,143,0.0
722,143,57,71.5,2.86,1.1400000000000001,71.5,28.500000000000004,286.0,37.40028769452072,291,143,0.0
723,143,57,71.5,2.86,1.1400000000000001,71.5,28.500000000000004,286.0,37.40028769452072,291,143,0.0
724,143,57,71.5,2.86,1.1400000000000001,71.5,28.500000000000004,286.0,37.40028769452072,291,143,0.0
725,143,57,71.5,2.86,1.1400000000000001,71.5,28.500000000000004,286.0,37.40028769452072,291,143,0.0
726,143,57,71.5,2.86,1.1400000000000001,71.5,28.500000000000004,286.0,37.40028769452072,291,143,0.0
727,143,57,71.5,2.86,1.1400000000000001,71.5,28.500000000000004,286.0,37.40028769452072,291,143,0.0
728,143,57,71.5,2.86,1.1400000000000001,71.5,28.500000000000004,286.0,37.40028769452072,291,143,0.0
729,143,57,71.5,2.86,1.1400000000000001,71.5,28.500000000000004,286.0,37.40028769452072,291,143,0.0
730,143,57,71.5,2.86,1.1400000000000001,71.5,28.500000000000004,286.0,37.40028769452072,291,143,0.0
731,143,57,71.5,2.86,1.1400000000000001,71.5,28.500000000000004,286.0,37.40028769452072,291,143,0.0
732,143,57,71.5,2.86,1.1400000000000001,71.5,28.500000000000004,286.0,37.40028769452072,291,143,0.0
733,143,57,71.5,2.86,1.1400000000000001,71.5,28.500000000000004,286.0,37.40028769452072,291,143,0.0
734,143,57,71.5,2.86,1.1400000000000001,71.5,28.500000000000004,286.0,37.40028769452072,291,143,0.0
735,143,57,71.5,2.86,1.1400000000000001,71.5,28.500000000000004,286.0,37.40028769452072,291,143,0.0
736,143,57,71.5,2.86,1.1400000000000001,71.5,28.500000000000004,286.0,37.40028769452072,291,143,0.0
737,143,57,71.5,2.86,1.1400000000000001,71.5,28.500000000000004,286.0,37.40028769452072,291,143,0.0
738,143,57,71.5,2.86,1.1400000000000001,71.5,28.500000000000004,286.0,37.40028769452072,291,143,0.0
739,143,57,71.5,2.86,1.1400000000000001,71.5,28.500000000000004,286.0,37.40028769452072,291,143,0.0
740,143,57,71.5,2.86,1.1400000000000001,71.5,28.500000000000004,286.0,37.40028769452072,291,143,0.0
741,144,56,72.0,2.88,1.12,72.0,28.000000000000004,288.0,37.661828167908986,292,144,2.0
742,144,56,72.0,2.88,1.12,72.0,28.000000000000004,288.0,37.661828167908986,292,144,0.0
743,144,56,72.0,2.88,1.12,72.0,28.000000000000004,288.0,37.661828167908986,292,144,0.0
744,144,56,72.0,2.88,1.12,72.0,28.000000000000004,288.0,37.661828167908986,292,144,0.0
745,144,56,72.0,2.88,1.12,72.0,28.000000000000004,288.0,37.661828167908986,292,144,0.0
746,145,55,72.5,2.9,1.1,72.5,27.5,290.0,37.92336864129724,293,145,2.0
747,146,54,73.0,2.92,1.08,73.0,27.0,292.0,38.184909114685496,294,146,2.0
748,146,54,73.0,2.92,1.08,73.0,27.0,292.0,38.184909114685496,294,146,0.0
749,146,54,73.0,2.92,1.08,73.0,27.0,292.0,38.184909114685496,294,146,0.0
750,146,54,73.0,2.92,1.08,73.0,27.0,292.0,38.184909114685496,294,146,0.0
751,146,54,73.0,2.92,1.08,73.0,27.0,292.0,38.184909114685496,294,146,0.0
752,146,54,73.0,2.92,1.08,73.0,27.0,292.0,38.184909114685496,294,146,0.0
753,146,54,73.0,2.92,1.08,73.0,27.0,292.0,38.184909114685496,294,146,0.0
754,146,54,73.0,2.92,1.08,73.0,27.0,292.0,38.184909114685496,294,146,0.0
755,146,54,73.0,2.92,1.08,73.0,27.0,292.0,38.184909114685496,294,146,0.0
756,146,54,73.0,2.92,1.08,73.0,27.0,292.0,38.184909114685496,294,146,0.0
757,146,54,73.0,2.92,1.08,73.0,27.0,292.0,38.184909114685496,294,146,0.0
758,146,54,73.0,2.92,1.08,73.0,27.0,292.0,38.184909114685496,294,146,0.0
759,146,54,73.0,2.92,1.08,73.0,27.0,292.0,38.184909114685496,294,146,0.0
760,146,54,73.0,2.92,1.08,73.0,27.0,292.0,38.184909114685496,294,146,0.0
761,146,54,73.0,2.92,1.08,73.0,27.0,292.0,38.184909114685496,294,146,0.0
762,146,54,73.0,2.92,1.08,73.0,27.0,292.0,38.184909114685496,294,146,0.0
763,146,54,73.0,2.92,1.08,73.0,27.0,292.0,38.184909114685496,294,146,0.0
764,146,54,73.0,2.92,1.08,73.0,27.0,292.0,38.184909114685496,294,146,0.0
765,146,54,73.0,2.92,1.08,73.0,27.0,292.0,38.184909114685496,294,146,0.0
766,146,54,73.0,2.92,1.08,73.0,27.0,292.0,38.184909114685496,294,146,0.0
767,146,54,73.0,2.92,1.08,73.0,27.0,292.0,38.184909114685496,294,146,0.0
768,146,54,73.0,2.92,1.08,73.0,27.0,292.0,38.184909114685496,294,146,0.0
769,146,54,73.0,2.92,1.08,73.0,27.0,292.0,38.184909114685496,294,146,0.0
770,146,54,73.0,2.92,1.08,73.0,27.0,292.0,38.184909114685496,294,146,0.0
771,146,54,73.0,2.92,1.08,73.0,27.0,292.0,38.184909114685496,294,146,0.0
772,146,54,73.0,2.92,1.08,73.0,27.0,292.0,38.184909114685496,294,146,0.0
773,146,54,73.0,2.92,1.08,73.0,27.0,292.0,38.184909114685496,294,146,0.0
774,146,54,73.0,2.92,1.08,73.0,27.0,292.0,38.184909114685496,294,146,0.0
775,146,54,73.0,2.92,1.08,73.0,27.0,292.0,38.184909114685496,294,146,0.0
776,146,54,73.0,2.92,1.08,73.0,27.0,292.0,38.184909114685496,294,146,0.0
777,146,54,73.0,2.92,1.08,73.0,27.0,292.0,38.184909114685496,294,146,0.0
778,146,54,73.0,2.92,1.08,73.0,27.0,292.0,38.184909114685496,294,146,0.0
779,146,54,73.0,2.92,1.08,73.0,27.0,292.0,38.184909114685496,294,146,0.0
780,146,54,73.0,2.92,1.08,73.0,27.0,292.0,38.184909114685496,294,146,0.0
781,146,54,73.0,2.92,1.08,73.0,27.0,292.0,38.184909114685496,294,146,0.0
782,146,54,73.0,2.92,1.08,73.0,27.0,292.0,38.184909114685496,294,146,0.0
783,146,54,73.0,2.92,1.08,73.0,27.0,292.0,38.184909114685496,294,146,0.0
784,146,54,73.0,2.92,1.08,73.0,27.0,292.0,38.184909114685496,294,146,0.0
785,146,54,73.0,2.92,1.08,73.0,27.0,292.0,38.184909114685496,294,146,0.0
786,146,54,73.0,2.92,1.08,73.0,27.0,292.0,38.184909114685496,294,146,0.0
787,146,54,73.0,2.92,1.08,73.0,27.0,292.0,38.184909114685496,294,146,0.0
788,146,54,73.0,2.92,1.08,73.0,27.0,292.0,38.184909114685496,294,146,0.0
789,146,54,73.0,2.92,1.08,73.0,27.0,292.0,38.184909114685496,294,146,0.0
790,146,54,73.0,2.92,1.08,73.0,27.0,292.0,38.184909114685496,294,146,0.0
791,146,54,73.0,2.92,1.08,73.0,27.0,292.0,38.184909114685496,294,146,0.0
792,146,54,73.0,2.92,1.08,73.0,27.0,292.0,38.184909114685496,295,146,0.0
793,146,54,73.0,2.92,1.08,73.0,27.0,292.0,38.184909114685496,296,146,0.0
794,146,54,73.0,2.92,1.08,73.0,27.0,292.0,38.184909114685496,297,146,0.0
795,146,54,73.0,2.92,1.08,73.0,27.0,292.0,38.184909114685496,297,146,0.0
796,146,54,73.0,2.92,1.08,73.0,27.0,292.0,38.184909114685496,297,146,0.0
797,146,54,73.0,2.92,1.08,73.0,27.0,292.0,38.184909114685496,297,146,0.0
798,146,54,73.0,2.92,1.08,73.0,27.0,292.0,38.184909114685496,297,146,0.0
799,146,54,73.0,2.92,1.08,73.0,27.0,292.0,38.184909114685496,297,146,0.0
800,146,54,73.0,2.92,1.08,73.0,27.0,292.0,38.184909114685496,298,146,0.0
801,146,54,73.0,2.92,1.08,73.0,27.0,292.0,38.184909114685496,298,146,0.0
802,146,54,73.0,2.92,1.08,73.0,27.0,292.0,38.184909114685496,298,146,0.0
803,146,54,73.0,2.92,1.08,73.0,27.0,292.0,38.184909114685496,298,146,0.0
804,146,54,73.0,2.92,1.08,73.0,27.0,292.0,38.184909114685496,298,146,0.0
805,146,54,73.0,2.92,1.08,73.0,27.0,292.0,38.184909114685496,298,146,0.0
806,146,54,73.0,2.92,1.08,73.0,27.0,292.0,38.184909114685496,299,146,0.0
807,146,54,73.0,2.92,1.08,73.0,27.0,292.0,38.184909114685496,299,146,0.0
808,146,54,73.0,2.92,1.08,73.0,27.0,292.0,38.184909114685496,299,146,0.0
809,146,54,73.0,2.92,1.08,73.0,27.0,292.0,38.184909114685496,299,146,0.0
810,146,54,73.0,2.92,1.08,73.0,27.0,292.0,38.184909114685496,299,146,0.0
811,146,54,73.0,2.92,1.08,73.0,27.0,292.0,38.184909114685496,299,146,0.0
812,146,54,73.0,2.92,1.08,73.0,27.0,292.0,38.184909114685496,299,146,0.0
813,147,53,73.5,2.94,1.06,73.5,26.5,294.0,38.44644958807375,300,147,2.0
814,147,53,73.5,2.94,1.06,73.5,26.5,294.0,38.44644958807375,300,147,0.0
815,147,53,73.5,2.94,1.06,73.5,26.5,294.0,38.44644958807375,300,147,0.0
816,147,53,73.5,2.94,1.06,73.5,26.5,294.0,38.44644958807375,300,147,0.0
817,147,53,73.5,2.94,1.06,73.5,26.5,294.0,38.44644958807375,300,147,0.0
818,147,53,73.5,2.94,1.06,73.5,26.5,294.0,38.44644958807375,301,147,0.0
819,147,53,73.5,2.94,1.06,73.5,26.5,294.0,38.44644958807375,302,147,0.0
820,147,53,73.5,2.94,1.06,73.5,26.5,294.0,38.44644958807375,303,147,0.0
821,147,53,73.5,2.94,1.06,73.5,26.5,294.0,38.44644958807375,304,147,0.0
822,147,53,73.5,2.94,1.06,73.5,26.5,294.0,38.44644958807375,304,147,0.0
823,147,53,73.5,2.94,1.06,73.5,26.5,294.0,38.44644958807375,304,147,0.0
824,147,53,73.5,2.94,1.06,73.5,26.5,294.0,38.44644958807375,304,147,0.0
825,147,53,73.5,2.94,1.06,73.5,26.5,294.0,38.44644958807375,304,147,0.0
826,147,53,73.5,2.94,1.06,73.5,26.5,294.0,38.44644958807375,304,147,0.0
827,147,53,73.5,2.94,1.06,73.5,26.5,294.0,38.44644958807375,304,147,0.0
828,147,53,73.5,2.94,1.06,73.5,26.5,294.0,38.44644958807375,304,147,0.0
829,147,53,73.5,2.94,1.06,73.5,26.5,294.0,38.44644958807375,304,147,0.0
830,147,53,73.5,2.94,1.06,73.5,26.5,294.0,38.44644958807375,304,147,0.0
831,147,53,73.5,2.94,1.06,73.5,26.5,294.0,38.44644958807375,305,147,0.0
832,147,53,73.5,2.94,1.06,73.5,26.5,294.0,38.44644958807375,305,147,0.0
833,147,53,73.5,2.94,1.06,73.5,26.5,294.0,38.44644958807375,305,147,0.0
834,147,53,73.5,2.94,1.06,73.5,26.5,294.0,38.44644958807375,305,147,0.0
835,147,53,73.5,2.94,1.06,73.5,26.5,294.0,38.44644958807375,305,147,0.0
836,147,53,73.5,2.94,1.06,73.5,26.5,294.0,38.44644958807375,306,147,0.0
837,147,53,73.5,2.94,1.06,73.5,26.5,294.0,38.44644958807375,307,147,0.0
838,147,53,73.5,2.94,1.06,73.5,26.5,294.0,38.44644958807375,309,147,0.0
839,147,53,73.5,2.94,1.06,73.5,26.5,294.0,38.44644958807375,310,147,0.0
840,147,53,73.5,2.94,1.06,73.5,26.5,294.0,38.44644958807375,310,147,0.0
841,147,53,73.5,2.94,1.06,73.5,26.5,294.0,38.44644958807375,310,147,0.0
842,147,53,73.5,2.94,1.06,73.5,26.5,294.0,38.44644958807375,311,147,0.0
843,147,53,73.5,2.94,1.06,73.5,26.5,294.0,38.44644958807375,312,147,0.0
844,147,53,73.5,2.94,1.06,73.5,26.5,294.0,38.44644958807375,312,147,0.0
845,147,53,73.5,2.94,1.06,73.5,26.5,294.0,38.44644958807375,312,147,0.0
846,147,53,73.5,2.94,1.06,73.5,26.5,294.0,38.44644958807375,312,147,0.0
847,147,53,73.5,2.94,1.06,73.5,26.5,294.0,38.44644958807375,313,147,0.0
848,147,53,73.5,2.94,1.06,73.5,26.5,294.0,38.44644958807375,314,147,0.0
849,147,53,73.5,2.94,1.06,73.5,26.5,294.0,38.44644958807375,314,147,0.0
850,147,53,73.5,2.94,1.06,73.5,26.5,294.0,38.44644958807375,315,147,0.0
851,147,53,73.5,2.94,1.06,73.5,26.5,294.0,38.44644958807375,315,147,0.0
852,147,53,73.5,2.94,1.06,73.5,26.5,294.0,38.44644958807375,317,147,0.0
853,147,53,73.5,2.94,1.06,73.5,26.5,294.0,38.44644958807375,319,147,0.0
854,147,53,73.5,2.94,1.06,73.5,26.5,294.0,38.44644958807375,321,147,0.0
855,147,53,73.5,2.94,1.06,73.5,26.5,294.0,38.44644958807375,323,147,0.0
856,147,53,73.5,2.94,1.06,73.5,26.5,294.0,38.44644958807375,324,147,0.0
857,147,53,73.5,2.94,1.06,73.5,26.5,294.0,38.44644958807375,324,147,0.0
858,147,53,73.5,2.94,1.06,73.5,26.5,294.0,38.44644958807375,324,147,0.0
859,147,53,73.5,2.94,1.06,73.5,26.5,294.0,38.44644958807375,324,147,0.0
860,147,53,73.5,2.94,1.06,73.5,26.5,294.0,38.44644958807375,324,147,0.0
861,147,53,73.5,2.94,1.06,73.5,26.5,294.0,38.44644958807375,324,147,0.0
862,147,53,73.5,2.94,1.06,73.5,26.5,294.0,38.44644958807375,324,147,0.0
863,147,53,73.5,2.94,1.06,73.5,26.5,294.0,38.44644958807375,324,147,0.0
864,147,53,73.5,2.94,1.06,73.5,26.5,294.0,38.44644958807375,324,147,0.0
865,148,52,74.0,2.96,1.04,74.0,26.0,296.0,38.70799006146201,325,148,2.0
866,148,52,74.0,2.96,1.04,74.0,26.0,296.0,38.70799006146201,325,148,0.0
867,148,52,74.0,2.96,1.04,74.0,26.0,296.0,38.70799006146201,325,148,0.0
868,149,51,74.5,2.98,1.02,74.5,25.5,298.0,38.969530534850264,326,149,2.0
869,149,51,74.5,2.98,1.02,74.5,25.5,298.0,38.969530534850264,326,149,0.0
870,149,51,74.5,2.98,1.02,74.5,25.5,298.0,38.969530534850264,326,149,0.0
871,150,50,75.0,3.0,1.0,75.0,25.0,300.0,39.23107100823852,327,150,2.0
872,150,50,75.0,3.0,1.0,75.0,25.0,300.0,39.23107100823852,327,150,0.0
873,150,50,75.0,3.0,1.0,75.0,25.0,300.0,39.23107100823852,327,150,0.0
874,150,50,75.0,3.0,1.0,75.0,25.0,300.0,39.23107100823852,327,150,0.0
875,150,50,75.0,3.0,1.0,75.0,25.0,300.0,39.23107100823852,327,150,0.0
876,150,50,75.0,3.0,1.0,75.0,25.0,300.0,39.23107100823852,327,150,0.0
877,150,50,75.0,3.0,1.0,75.0,25.0,300.0,39.23107100823852,327,150,0.0
878,150,50,75.0,3.0,1.0,75.0,25.0,300.0,39.23107100823852,327,150,0.0
879,150,50,75.0,3.0,1.0,75.0,25.0,300.0,39.23107100823852,327,150,0.0
880,151,49,75.5,3.02,0.98,75.5,24.5,302.0,39.492611481626774,328,151,2.0
881,152,48,76.0,3.04,0.96,76.0,24.0,304.0,39.75415195501504,329,152,2.0
882,152,48,76.0,3.04,0.96,76.0,24.0,304.0,39.75415195501504,329,152,0.0
883,152,48,76.0,3.04,0.96,76.0,24.0,304.0,39.75415195501504,329,152,0.0
884,152,48,76.0,3.04,0.96,76.0,24.0,304.0,39.75415195501504,329,152,0.0
885,152,48,76.0,3.04,0.96,76.0,24.0,304.0,39.75415195501504,329,152,0.0
886,152,48,76.0,3.04,0.96,76.0,24.0,304.0,39.75415195501504,329,152,0.0
887,152,48,76.0,3.04,0.96,76.0,24.0,304.0,39.75415195501504,329,152,0.0
888,152,48,76.0,3.04,0.96,76.0,24.0,304.0,39.75415195501504,329,152,0.0
889,152,48,76.0,3.04,0.96,76.0,24.0,304.0,39.75415195501504,329,152,0.0
890,152,48,76.0,3.04,0.96,76.0,24.0,304.0,39.75415195501504,329,152,0.0
891,152,48,76.0,3.04,0.96,76.0,24.0,304.0,39.75415195501504,329,152,0.0
892,152,48,76.0,3.04,0.96,76.0,24.0,304.0,39.75415195501504,329,152,0.0
893,152,48,76.0,3.04,0.96,76.0,24.0,304.0,39.75415195501504,329,152,0.0
894,152,48,76.0,3.04,0.96,76.0,24.0,304.0,39.75415195501504,330,152,0.0
895,152,48,76.0,3.04,0.96,76.0,24.0,304.0,39.75415195501504,330,152,0.0
896,152,48,76.0,3.04,0.96,76.0,24.0,304.0,39.75415195501504,330,152,0.0
897,152,48,76.0,3.04,0.96,76.0,24.0,304.0,39.75415195501504,330,152,0.0
898,152,48,76.0,3.04,0.96,76.0,24.0,304.0,39.75415195501504,330,152,0.0
899,152,48,76.0,3.04,0.96,76.0,24.0,304.0,39.75415195501504,330,152,0.0
900,153,47,76.5,3.06,0.94,76.5,23.499999999999996,306.0,40.01569242840329,331,153,2.0
901,153,47,76.5,3.06,0.94,76.5,23.499999999999996,306.0,40.01569242840329,331,153,0.0
902,153,47,76.5,3.06,0.94,76.5,23.499999999999996,306.0,40.01569242840329,331,153,0.0
903,153,47,76.5,3.06,0.94,76.5,23.499999999999996,306.0,40.01569242840329,331,153,0.0
904,153,47,76.5,3.06,0.94,76.5,23.499999999999996,306.0,40.01569242840329,331,153,0.0
905,153,47,76.5,3.06,0.94,76.5,23.499999999999996,306.0,40.01569242840329,331,153,0.0
906,153,47,76.5,3.06,0.94,76.5,23.499999999999996,306.0,40.01569242840329,331,153,0.0
907,153,47,76.5,3.06,0.94,76.5,23.499999999999996,306.0,40.01569242840329,331,153,0.0
908,153,47,76.5,3.06,0.94,76.5,23.499999999999996,306.0,40.01569242840329,331,153,0.0
909,153,47,76.5,3.06,0.94,76.5,23.499999999999996,306.0,40.01569242840329,331,153,0.0
910,153,47,76.5,3.06,0.94,76.5,23.499999999999996,306.0,40.01569242840329,331,153,0.0
911,153,47,76.5,3.06,0.94,76.5,23.499999999999996,306.0,40.01569242840329,331,153,0.0
912,153,47,76.5,3.06,0.94,76.5,23.499999999999996,306.0,40.01569242840329,331,153,0.0
913,153,47,76.5,3.06,0.94,76.5,23.499999999999996,306.0,40.01569242840329,331,153,0.0
914,153,47,76.5,3.06,0.94,76.5,23.499999999999996,306.0,40.01569242840329,331,153,0.0
915,153,47,76.5,3.06,0.94,76.5,23.499999999999996,306.0,40.01569242840329,331,153,0.0
916,153,47,76.5,3.06,0.94,76.5,23.499999999999996,306.0,40.01569242840329,331,153,0.0
917,153,47,76.5,3.06,0.94,76.5,23.499999999999996,306.0,40.01569242840329,331,153,0.0
918,153,47,76.5,3.06,0.94,76.5,23.499999999999996,306.0,40.01569242840329,331,153,0.0
919,153,47,76.5,3.06,0.94,76.5,23.499999999999996,306.0,40.01569242840329,331,153,0.0
920,153,47,76.5,3.06,0.94,76.5,23.499999999999996,306.0,40.01569242840329,331,153,0.0
921,153,47,76.5,3.06,0.94,76.5,23.499999999999996,306.0,40.01569242840329,331,153,0.0
922,153,47,76.5,3.06,0.94,76.5,23.499999999999996,306.0,40.01569242840329,331,153,0.0
923,153,47,76.5,3.06,0.94,76.5,23.499999999999996,306.0,40.01569242840329,331,153,0.0
924,153,47,76.5,3.06,0.94,76.5,23.499999999999996,306.0,40.01569242840329,331,153,0.0
925,153,47,76.5,3.06,0.94,76.5,23.499999999999996,306.0,40.01569242840329,331,153,0.0
926,154,46,77.0,3.08,0.9199999999999999,77.0,22.999999999999996,308.0,40.27723290179155,332,154,2.0
927,154,46,77.0,3.08,0.9199999999999999,77.0,22.999999999999996,308.0,40.27723290179155,332,154,0.0
928,154,46,77.0,3.08,0.9199999999999999,77.0,22.999999999999996,308.0,40.27723290179155,332,154,0.0
929,154,46,77.0,3.08,0.9199999999999999,77.0,22.999999999999996,308.0,40.27723290179155,332,154,0.0
930,154,46,77.0,3.08,0.9199999999999999,77.0,22.999999999999996,308.0,40.27723290179155,332,154,0.0
931,154,46,77.0,3.08,0.9199999999999999,77.0,22.999999999999996,308.0,40.27723290179155,332,154,0.0
932,154,46,77.0,3.08,0.9199999999999999,77.0,22.999999999999996,308.0,40.27723290179155,332,154,0.0
933,154,46,77.0,3.08,0.9199999999999999,77.0,22.999999999999996,308.0,40.27723290179155,332,154,0.0
934,154,46,77.0,3.08,0.9199999999999999,77.0,22.999999999999996,308.0,40.27723290179155,332,154,0.0
935,154,46,77.0,3.08,0.9199999999999999,77.0,22.999999999999996,308.0,40.27723290179155,332,154,0.0
936,154,46,77.0,3.08,0.9199999999999999,77.0,22.999999999999996,308.0,40.27723290179155,332,154,0.0
937,154,46,77.0,3.08,0.9199999999999999,77.0,22.999999999999996,308.0,40.27723290179155,333,154,0.0
938,154,46,77.0,3.08,0.9199999999999999,77.0,22.999999999999996,308.0,40.27723290179155,334,154,0.0
939,154,46,77.0,3.08,0.9199999999999999,77.0,22.999999999999996,308.0,40.27723290179155,335,154,0.0
940,154,46,77.0,3.08,0.9199999999999999,77.0,22.999999999999996,308.0,40.27723290179155,335,154,0.0
941,154,46,77.0,3.08,0.9199999999999999,77.0,22.999999999999996,308.0,40.27723290179155,336,154,0.0
942,154,46,77.0,3.08,0.9199999999999999,77.0,22.999999999999996,308.0,40.27723290179155,336,154,0.0
943,154,46,77.0,3.08,0.9199999999999999,77.0,22.999999999999996,308.0,40.27723290179155,337,154,0.0
944,154,46,77.0,3.08,0.9199999999999999,77.0,22.999999999999996,308.0,40.27723290179155,338,154,0.0
945,154,46,77.0,3.08,0.9199999999999999,77.0,22.999999999999996,308.0,40.27723290179155,338,154,0.0
946,154,46,77.0,3.08,0.9199999999999999,77.0,22.999999999999996,308.0,40.27723290179155,338,154,0.0
947,154,46,77.0,3.08,0.9199999999999999,77.0,22.999999999999996,308.0,40.27723290179155,338,154,0.0
948,154,46,77.0,3.08,0.9199999999999999,77.0,22.999999999999996,308.0,40.27723290179155,339,154,0.0
949,154,46,77.0,3.08,0.9199999999999999,77.0,22.999999999999996,308.0,40.27723290179155,340,154,0.0
950,154,46,77.0,3.08,0.9199999999999999,77.0,22.999999999999996,308.0,40.27723290179155,341,154,0.0
951,154,46,77.0,3.08,0.9199999999999999,77.0,22.999999999999996,308.0,40.27723290179155,341,154,0.0
952,154,46,77.0,3.08,0.9199999999999999,77.0,22.999999999999996,308.0,40.27723290179155,341,154,0.0
953,154,46,77.0,3.08,0.9199999999999999,77.0,22.999999999999996,308.0,40.27723290179155,342,154,0.0
954,154,46,77.0,3.08,0.9199999999999999,77.0,22.999999999999996,308.0,40.27723290179155,342,154,0.0
955,154,46,77.0,3.08,0.9199999999999999,77.0,22.999999999999996,308.0,40.27723290179155,343,154,0.0
956,154,46,77.0,3.08,0.9199999999999999,77.0,22.999999999999996,308.0,40.27723290179155,344,154,0.0
957,154,46,77.0,3.08,0.9199999999999999,77.0,22.999999999999996,308.0,40.27723290179155,345,154,0.0
958,154,46,77.0,3.08,0.9199999999999999,77.0,22.999999999999996,308.0,40.27723290179155,347,154,0.0
959,154,46,77.0,3.08,0.9199999999999999,77.0,22.999999999999996,308.0,40.27723290179155,347,154,0.0
960,154,46,77.0,3.08,0.9199999999999999,77.0,22.999999999999996,308.0,40.27723290179155,347,154,0.0
961,154,46,77.0,3.08,0.9199999999999999,77.0,22.999999999999996,308.0,40.27723290179155,347,154,0.0
962,154,46,77.0,3.08,0.9199999999999999,77.0,22.999999999999996,308.0,40.27723290179155,347,154,0.0
963,154,46,77.0,3.08,0.9199999999999999,77.0,22.999999999999996,308.0,40.27723290179155,347,154,0.0
964,154,46,77.0,3.08,0.9199999999999999,77.0,22.999999999999996,308.0,40.27723290179155,347,154,0.0
965,154,46,77.0,3.08,0.9199999999999999,77.0,22.999999999999996,308.0,40.27723290179155,347,154,0.0
966,154,46,77.0,3.08,0.9199999999999999,77.0,22.999999999999996,308.0,40.27723290179155,347,154,0.0
967,154,46,77.0,3.08,0.9199999999999999,77.0,22.999999999999996,308.0,40.27723290179155,347,154,0.0
968,154,46,77.0,3.08,0.9199999999999999,77.0,22.999999999999996,308.0,40.27723290179155,347,154,0.0
969,154,46,77.0,3.08,0.9199999999999999,77.0,22.999999999999996,308.0,40.27723290179155,347,154,0.0
970,154,46,77.0,3.08,0.9199999999999999,77.0,22.999999999999996,308.0,40.27723290179155,347,154,0.0
971,154,46,77.0,3.08,0.9199999999999999,77.0,22.999999999999996,308.0,40.27723290179155,347,154,0.0
972,154,46,77.0,3.08,0.9199999999999999,77.0,22.999999999999996,308.0,40.27723290179155,348,154,0.0
973,155,45,77.5,3.1,0.8999999999999999,77.5,22.499999999999996,310.0,40.5387733751798,350,155,2.0
974,155,45,77.5,3.1,0.8999999999999999,77.5,22.499999999999996,310.0,40.5387733751798,351,155,0.0
975,155,45,77.5,3.1,0.8999999999999999,77.5,22.499999999999996,310.0,40.5387733751798,352,155,0.0
976,155,45,77.5,3.1,0.8999999999999999,77.5,22.499999999999996,310.0,40.5387733751798,352,155,0.0
977,155,45,77.5,3.1,0.8999999999999999,77.5,22.499999999999996,310.0,40.5387733751798,352,155,0.0
978,155,45,77.5,3.1,0.8999999999999999,77.5,22.499999999999996,310.0,40.5387733751798,352,155,0.0
979,156,44,78.0,3.12,0.8799999999999999,78.0,21.999999999999996,312.0,40.80031384856807,354,156,2.0
980,156,44,78.0,3.12,0.8799999999999999,78.0,21.999999999999996,312.0,40.80031384856807,354,156,0.0
981,156,44,78.0,3.12,0.8799999999999999,78.0,21.999999999999996,312.0,40.80031384856807,354,156,0.0
982,156,44,78.0,3.12,0.8799999999999999,78.0,21.999999999999996,312.0,40.80031384856807,355,156,0.0
983,156,44,78.0,3.12,0.8799999999999999,78.0,21.999999999999996,312.0,40.80031384856807,356,156,0.0
984,156,44,78.0,3.12,0.8799999999999999,78.0,21.999999999999996,312.0,40.80031384856807,357,156,0.0
985,158,42,79.0,3.16,0.8399999999999999,79.0,20.999999999999996,316.0,41.323394795344576,360,158,4.0
986,158,42,79.0,3.16,0.8399999999999999,79.0,20.999999999999996,316.0,41.323394795344576,360,158,0.0
987,158,42,79.0,3.16,0.8399999999999999,79.0,20.999999999999996,316.0,41.323394795344576,360,158,0.0
988,158,42,79.0,3.16,0.8399999999999999,79.0,20.999999999999996,316.0,41.323394795344576,360,158,0.0
989,158,42,79.0,3.16,0.8399999999999999,79.0,20.999999999999996,316.0,41.323394795344576,360,158,0.0
990,158,42,79.0,3.16,0.8399999999999999,79.0,20.999999999999996,316.0,41.323394795344576,360,158,0.0
991,158,42,79.0,3.16,0.8399999999999999,79.0,20.999999999999996,316.0,41.323394795344576,360,158,0.0
992,158,42,79.0,3.16,0.8399999999999999,79.0,20.999999999999996,316.0,41.323394795344576,360,158,0.0
993,158,42,79.0,3.16,0.8399999999999999,79.0,20.999999999999996,316.0,41.323394795344576,360,158,0.0
994,158,42,79.0,3.16,0.8399999999999999,79.0,20.999999999999996,316.0,41.323394795344576,360,158,0.0
995,158,42,79.0,3.16,0.8399999999999999,79.0,20.999999999999996,316.0,41.323394795344576,360,158,0.0
996,158,42,79.0,3.16,0.8399999999999999,79.0,20.999999999999996,316.0,41.323394795344576,360,158,0.0
997,158,42,79.0,3.16,0.8399999999999999,79.0,20.999999999999996,316.0,41.323394795344576,360,158,0.0
998,158,42,79.0,3.16,0.8399999999999999,79.0,20.999999999999996,316.0,41.323394795344576,360,158,0.0
999,158,42,79.0,3.16,0.8399999999999999,79.0,20.999999999999996,316.0,41.323394795344576,360,158,0.0
1000,158,42,79.0,3.16,0.8399999999999999,79.0,20.999999999999996,316.0,41.323394795344576,360,158,0.0
1001,158,42,79.0,3.16,0.8399999999999999,79.0,20.999999999999996,316.0,41.323394795344576,360,158,0.0
1002,158,42,79.0,3.16,0.8399999999999999,79.0,20.999999999999996,316.0,41.323394795344576,361,158,0.0
1003,158,42,79.0,3.16,0.8399999999999999,79.0,20.999999999999996,316.0,41.323394795344576,362,158,0.0
1004,158,42,79.0,3.16,0.8399999999999999,79.0,20.999999999999996,316.0,41.323394795344576,362,158,0.0
1005,158,42,79.0,3.16,0.8399999999999999,79.0,20.999999999999996,316.0,41.323394795344576,362,158,0.0
1006,158,42,79.0,3.16,0.8399999999999999,79.0,20.999999999999996,316.0,41.323394795344576,363,158,0.0
1007,158,42,79.0,3.16,0.8399999999999999,79.0,20.999999999999996,316.0,41.323394795344576,364,158,0.0
1008,158,42,79.0,3.16,0.8399999999999999,79.0,20.999999999999996,316.0,41.323394795344576,365,158,0.0
1009,158,42,79.0,3.16,0.8399999999999999,79.0,20.999999999999996,316.0,41.323394795344576,366,158,0.0
1010,158,42,79.0,3.16,0.8399999999999999,79.0,20.999999999999996,316.0,41.323394795344576,366,158,0.0
1011,158,42,79.0,3.16,0.8399999999999999,79.0,20.999999999999996,316.0,41.323394795344576,366,158,0.0
1012,158,42,79.0,3.16,0.8399999999999999,79.0,20.999999999999996,316.0,41.323394795344576,367,158,0.0
1013,158,42,79.0,3.16,0.8399999999999999,79.0,20.999999999999996,316.0,41.323394795344576,367,158,0.0
1014,158,42,79.0,3.16,0.8399999999999999,79.0,20.999999999999996,316.0,41.323394795344576,369,158,0.0
1015,158,42,79.0,3.16,0.8399999999999999,79.0,20.999999999999996,316.0,41.323394795344576,369,158,0.0
1016,158,42,79.0,3.16,0.8399999999999999,79.0,20.999999999999996,316.0,41.323394795344576,370,158,0.0
1017,158,42,79.0,3.16,0.8399999999999999,79.0,20.999999999999996,316.0,41.323394795344576,370,158,0.0
1018,158,42,79.0,3.16,0.8399999999999999,79.0,20.999999999999996,316.0,41.323394795344576,370,158,0.0
1019,158,42,79.0,3.16,0.8399999999999999,79.0,20.999999999999996,316.0,41.323394795344576,370,158,0.0
1020,158,42,79.0,3.16,0.8399999999999999,79.0,20.999999999999996,316.0,41.323394795344576,370,158,0.0
1021,158,42,79.0,3.16,0.8399999999999999,79.0,20.999999999999996,316.0,41.323394795344576,370,158,0.0
1022,158,42,79.0,3.16,0.8399999999999999,79.0,20.999999999999996,316.0,41.323394795344576,371,158,0.0
1023,159,41,79.5,3.18,0.8199999999999998,79.5,20.499999999999996,318.0,41.584935268732835,372,159,2.0
1024,159,41,79.5,3.18,0.8199999999999998,79.5,20.499999999999996,318.0,41.584935268732835,373,159,0.0
1025,159,41,79.5,3.18,0.8199999999999998,79.5,20.499999999999996,318.0,41.584935268732835,374,159,0.0
1026,159,41,79.5,3.18,0.8199999999999998,79.5,20.499999999999996,318.0,41.584935268732835,374,159,0.0
1027,159,41,79.5,3.18,0.8199999999999998,79.5,20.499999999999996,318.0,41.584935268732835,374,159,0.0
1028,159,41,79.5,3.18,0.8199999999999998,79.5,20.499999999999996,318.0,41.584935268732835,374,159,0.0
1029,159,41,79.5,3.18,0.8199999999999998,79.5,20.499999999999996,318.0,41.584935268732835,374,159,0.0
1030,160,40,80.0,3.2,0.7999999999999998,80.0,19.999999999999996,320.0,41.84647574212109,375,160,2.0
1031,160,40,80.0,3.2,0.7999999999999998,80.0,19.999999999999996,320.0,41.84647574212109,376,160,0.0
1032,160,40,80.0,3.2,0.7999999999999998,80.0,19.999999999999996,320.0,41.84647574212109,377,160,0.0
1033,160,40,80.0,3.2,0.7999999999999998,80.0,19.999999999999996,320.0,41.84647574212109,378,160,0.0
1034,160,40,80.0,3.2,0.7999999999999998,80.0,19.999999999999996,320.0,41.84647574212109,379,160,0.0
1035,160,40,80.0,3.2,0.7999999999999998,80.0,19.999999999999996,320.0,41.84647574212109,379,160,0.0
1036,160,40,80.0,3.2,0.7999999999999998,80.0,19.999999999999996,320.0,41.84647574212109,380,160,0.0
1037,160,40,80.0,3.2,0.7999999999999998,80.0,19.999999999999996,320.0,41.84647574212109,381,160,0.0
1038,160,40,80.0,3.2,0.7999999999999998,80.0,19.999999999999996,320.0,41.84647574212109,383,160,0.0
1039,160,40,80.0,3.2,0.7999999999999998,80.0,19.999999999999996,320.0,41.84647574212109,383,160,0.0
1040,161,39,80.5,3.22,0.7799999999999998,80.5,19.499999999999996,322.0,42.108016215509345,384,161,2.0
1041,162,38,81.0,3.24,0.7599999999999998,81.0,18.999999999999993,324.0,42.3695566888976,385,162,2.0
1042,162,38,81.0,3.24,0.7599999999999998,81.0,18.999999999999993,324.0,42.3695566888976,385,162,0.0
1043,162,38,81.0,3.24,0.7599999999999998,81.0,18.999999999999993,324.0,42.3695566888976,385,162,0.0
1044,162,38,81.0,3.24,0.7599999999999998,81.0,18.999999999999993,324.0,42.3695566888976,386,162,0.0
1045,162,38,81.0,3.24,0.7599999999999998,81.0,18.999999999999993,324.0,42.3695566888976,387,162,0.0
1046,162,38,81.0,3.24,0.7599999999999998,81.0,18.999999999999993,324.0,42.3695566888976,388,162,0.0
1047,162,38,81.0,3.24,0.7599999999999998,81.0,18.999999999999993,324.0,42.3695566888976,389,162,0.0
1048,162,38,81.0,3.24,0.7599999999999998,81.0,18.999999999999993,324.0,42.3695566888976,390,162,0.0
1049,162,38,81.0,3.24,0.7599999999999998,81.0,18.999999999999993,324.0,42.3695566888976,391,162,0.0
1050,162,38,81.0,3.24,0.7599999999999998,81.0,18.999999999999993,324.0,42.3695566888976,392,162,0.0
1051,162,38,81.0,3.24,0.7599999999999998,81.0,18.999999999999993,324.0,42.3695566888976,393,162,0.0
1052,162,38,81.0,3.24,0.7599999999999998,81.0,18.999999999999993,324.0,42.3695566888976,394,162,0.0
1053,162,38,81.0,3.24,0.7599999999999998,81.0,18.999999999999993,324.0,42.3695566888976,395,162,0.0
1054,162,38,81.0,3.24,0.7599999999999998,81.0,18.999999999999993,324.0,42.3695566888976,395,162,0.0
1055,162,38,81.0,3.24,0.7599999999999998,81.0,18.999999999999993,324.0,42.3695566888976,395,162,0.0
1056,162,38,81.0,3.24,0.7599999999999998,81.0,18.999999999999993,324.0,42.3695566888976,395,162,0.0
1057,162,38,81.0,3.24,0.7599999999999998,81.0,18.999999999999993,324.0,42.3695566888976,395,162,0.0
1058,162,38,81.0,3.24,0.7599999999999998,81.0,18.999999999999993,324.0,42.3695566888976,395,162,0.0
1059,162,38,81.0,3.24,0.7599999999999998,81.0,18.999999999999993,324.0,42.3695566888976,395,162,0.0
1060,162,38,81.0,3.24,0.7599999999999998,81.0,18.999999999999993,324.0,42.3695566888976,395,162,0.0
1061,162,38,81.0,3.24,0.7599999999999998,81.0,18.999999999999993,324.0,42.3695566888976,395,162,0.0
1062,162,38,81.0,3.24,0.7599999999999998,81.0,18.999999999999993,324.0,42.3695566888976,395,162,0.0
1063,162,38,81.0,3.24,0.7599999999999998,81.0,18.999999999999993,324.0,42.3695566888976,395,162,0.0
1064,162,38,81.0,3.24,0.7599999999999998,81.0,18.999999999999993,324.0,42.3695566888976,395,162,0.0
1065,162,38,81.0,3.24,0.7599999999999998,81.0,18.999999999999993,324.0,42.3695566888976,395,162,0.0
1066,162,38,81.0,3.24,0.7599999999999998,81.0,18.999999999999993,324.0,42.3695566888976,395,162,0.0
1067,162,38,81.0,3.24,0.7599999999999998,81.0,18.999999999999993,324.0,42.3695566888976,395,162,0.0
1068,162,38,81.0,3.24,0.7599999999999998,81.0,18.999999999999993,324.0,42.3695566888976,395,162,0.0
1069,162,38,81.0,3.24,0.7599999999999998,81.0,18.999999999999993,324.0,42.3695566888976,395,162,0.0
1070,163,37,81.5,3.2600000000000002,0.7399999999999998,81.5,18.499999999999993,326.0,42.63109716228586,396,163,2.0
1071,163,37,81.5,3.2600000000000002,0.7399999999999998,81.5,18.499999999999993,326.0,42.63109716228586,396,163,0.0
1072,163,37,81.5,3.2600000000000002,0.7399999999999998,81.5,18.499999999999993,326.0,42.63109716228586,396,163,0.0
1073,163,37,81.5,3.2600000000000002,0.7399999999999998,81.5,18.499999999999993,326.0,42.63109716228586,396,163,0.0
1074,163,37,81.5,3.2600000000000002,0.7399999999999998,81.5,18.499999999999993,326.0,42.63109716228586,396,163,0.0
1075,163,37,81.5,3.2600000000000002,0.7399999999999998,81.5,18.499999999999993,326.0,42.63109716228586,396,163,0.0
1076,163,37,81.5,3.2600000000000002,0.7399999999999998,81.5,18.499999999999993,326.0,42.63109716228586,396,163,0.0
1077,163,37,81.5,3.2600000000000002,0.7399999999999998,81.5,18.499999999999993,326.0,42.63109716228586,396,163,0.0
1078,163,37,81.5,3.2600000000000002,0.7399999999999998,81.5,18.499999999999993,326.0,42.63109716228586,396,163,0.0
1079,163,37,81.5,3.2600000000000002,0.7399999999999998,81.5,18.499999999999993,326.0,42.63109716228586,396,163,0.0
1080,163,37,81.5,3.2600000000000002,0.7399999999999998,81.5,18.499999999999993,326.0,42.63109716228586,396,163,0.0
1081,163,37,81.5,3.2600000000000002,0.7399999999999998,81.5,18.499999999999993,326.0,42.63109716228586,396,163,0.0
1082,163,37,81.5,3.2600000000000002,0.7399999999999998,81.5,18.499999999999993,326.0,42.63109716228586,396,163,0.0
1083,163,37,81.5,3.2600000000000002,0.7399999999999998,81.5,18.499999999999993,326.0,42.63109716228586,396,163,0.0
1084,163,37,81.5,3.2600000000000002,0.7399999999999998,81.5,18.499999999999993,326.0,42.63109716228586,396,163,0.0
1085,163,37,81.5,3.2600000000000002,0.7399999999999998,81.5,18.499999999999993,326.0,42.63109716228586,396,163,0.0
1086,163,37,81.5,3.2600000000000002,0.7399999999999998,81.5,18.499999999999993,326.0,42.63109716228586,396,163,0.0
1087,163,37,81.5,3.2600000000000002,0.7399999999999998,81.5,18.499999999999993,326.0,42.63109716228586,396,163,0.0
1088,163,37,81.5,3.2600000000000002,0.7399999999999998,81.5,18.499999999999993,326.0,42.63109716228586,396,163,0.0
1089,163,37,81.5,3.2600000000000002,0.7399999999999998,81.5,18.499999999999993,326.0,42.63109716228586,396,163,0.0
1090,163,37,81.5,3.2600000000000002,0.7399999999999998,81.5,18.499999999999993,326.0,42.63109716228586,396,163,0.0
1091,163,37,81.5,3.2600000000000002,0.7399999999999998,81.5,18.499999999999993,326.0,42.63109716228586,397,163,0.0
1092,163,37,81.5,3.2600000000000002,0.7399999999999998,81.5,18.499999999999993,326.0,42.63109716228586,397,163,0.0
1093,163,37,81.5,3.2600000000000002,0.7399999999999998,81.5,18.499999999999993,326.0,42.63109716228586,398,163,0.0
1094,163,37,81.5,3.2600000000000002,0.7399999999999998,81.5,18.499999999999993,326.0,42.63109716228586,398,163,0.0
1095,163,37,81.5,3.2600000000000002,0.7399999999999998,81.5,18.499999999999993,326.0,42.63109716228586,398,163,0.0
1096,163,37,81.5,3.2600000000000002,0.7399999999999998,81.5,18.499999999999993,326.0,42.63109716228586,398,163,0.0
1097,163,37,81.5,3.2600000000000002,0.7399999999999998,81.5,18.499999999999993,326.0,42.63109716228586,398,163,0.0
1098,163,37,81.5,3.2600000000000002,0.7399999999999998,81.5,18.499999999999993,326.0,42.63109716228586,398,163,0.0
1099,163,37,81.5,3.2600000000000002,0.7399999999999998,81.5,18.499999999999993,326.0,42.63109716228586,398,163,0.0
1100,163,37,81.5,3.2600000000000002,0.7399999999999998,81.5,18.499999999999993,326.0,42.63109716228586,398,163,0.0
1101,163,37,81.5,3.2600000000000002,0.7399999999999998,81.5,18.499999999999993,326.0,42.63109716228586,398,163,0.0
1102,163,37,81.5,3.2600000000000002,0.7399999999999998,81.5,18.499999999999993,326.0,42.63109716228586,398,163,0.0
1103,163,37,81.5,3.2600000000000002,0.7399999999999998,81.5,18.499999999999993,326.0,42.63109716228586,398,163,0.0
1104,163,37,81.5,3.2600000000000002,0.7399999999999998,81.5,18.499999999999993,326.0,42.63109716228586,398,163,0.0
1105,163,37,81.5,3.2600000000000002,0.7399999999999998,81.5,18.499999999999993,326.0,42.63109716228586,398,163,0.0
1106,163,37,81.5,3.2600000000000002,0.7399999999999998,81.5,18.499999999999993,326.0,42.63109716228586,398,163,0.0
1107,163,37,81.5,3.2600000000000002,0.7399999999999998,81.5,18.499999999999993,326.0,42.63109716228586,398,163,0.0
1108,163,37,81.5,3.2600000000000002,0.7399999999999998,81.5,18.499999999999993,326.0,42.63109716228586,398,163,0.0
1109,163,37,81.5,3.2600000000000002,0.7399999999999998,81.5,18.499999999999993,326.0,42.63109716228586,398,163,0.0
1110,163,37,81.5,3.2600000000000002,0.7399999999999998,81.5,18.499999999999993,326.0,42.63109716228586,398,163,0.0
1111,163,37,81.5,3.2600000000000002,0.7399999999999998,81.5,18.499999999999993,326.0,42.63109716228586,398,163,0.0
1112,163,37,81.5,3.2600000000000002,0.7399999999999998,81.5,18.499999999999993,326.0,42.63109716228586,398,163,0.0
1113,163,37,81.5,3.2600000000000002,0.7399999999999998,81.5,18.499999999999993,326.0,42.63109716228586,399,163,0.0
1114,163,37,81.5,3.2600000000000002,0.7399999999999998,81.5,18.499999999999993,326.0,42.63109716228586,399,163,0.0
1115,164,36,82.0,3.2800000000000002,0.7199999999999998,82.0,17.999999999999993,328.0,42.89263763567412,400,164,2.0
1116,164,36,82.0,3.2800000000000002,0.7199999999999998,82.0,17.999999999999993,328.0,42.89263763567412,400,164,0.0
1117,164,36,82.0,3.2800000000000002,0.7199999999999998,82.0,17.999999999999993,328.0,42.89263763567412,400,164,0.0
1118,164,36,82.0,3.2800000000000002,0.7199999999999998,82.0,17.999999999999993,328.0,42.89263763567412,401,164,0.0
1119,164,36,82.0,3.2800000000000002,0.7199999999999998,82.0,17.999999999999993,328.0,42.89263763567412,402,164,0.0
1120,164,36,82.0,3.2800000000000002,0.7199999999999998,82.0,17.999999999999993,328.0,42.89263763567412,404,164,0.0
1121,164,36,82.0,3.2800000000000002,0.7199999999999998,82.0,17.999999999999993,328.0,42.89263763567412,406,164,0.0
1122,164,36,82.0,3.2800000000000002,0.7199999999999998,82.0,17.999999999999993,328.0,42.89263763567412,408,164,0.0
1123,164,36,82.0,3.2800000000000002,0.7199999999999998,82.0,17.999999999999993,328.0,42.89263763567412,410,164,0.0
1124,164,36,82.0,3.2800000000000002,0.7199999999999998,82.0,17.999999999999993,328.0,42.89263763567412,411,164,0.0
1125,164,36,82.0,3.2800000000000002,0.7199999999999998,82.0,17.999999999999993,328.0,42.89263763567412,412,164,0.0
1126,164,36,82.0,3.2800000000000002,0.7199999999999998,82.0,17.999999999999993,328.0,42.89263763567412,414,164,0.0
1127,164,36,82.0,3.2800000000000002,0.7199999999999998,82.0,17.999999999999993,328.0,42.89263763567412,416,164,0.0
1128,164,36,82.0,3.2800000000000002,0.7199999999999998,82.0,17.999999999999993,328.0,42.89263763567412,417,164,0.0
1129,164,36,82.0,3.2800000000000002,0.7199999999999998,82.0,17.999999999999993,328.0,42.89263763567412,418,164,0.0
1130,164,36,82.0,3.2800000000000002,0.7199999999999998,82.0,17.999999999999993,328.0,42.89263763567412,420,164,0.0
1131,164,36,82.0,3.2800000000000002,0.7199999999999998,82.0,17.999999999999993,328.0,42.89263763567412,421,164,0.0
1132,164,36,82.0,3.2800000000000002,0.7199999999999998,82.0,17.999999999999993,328.0,42.89263763567412,421,164,0.0
1133,164,36,82.0,3.2800000000000002,0.7199999999999998,82.0,17.999999999999993,328.0,42.89263763567412,422,164,0.0
1134,164,36,82.0,3.2800000000000002,0.7199999999999998,82.0,17.999999999999993,328.0,42.89263763567412,423,164,0.0
1135,164,36,82.0,3.2800000000000002,0.7199999999999998,82.0,17.999999999999993,328.0,42.89263763567412,424,164,0.0
1136,164,36,82.0,3.2800000000000002,0.7199999999999998,82.0,17.999999999999993,328.0,42.89263763567412,425,164,0.0
1137,164,36,82.0,3.2800000000000002,0.7199999999999998,82.0,17.999999999999993,328.0,42.89263763567412,426,164,0.0
1138,164,36,82.0,3.2800000000000002,0.7199999999999998,82.0,17.999999999999993,328.0,42.89263763567412,426,164,0.0
1139,164,36,82.0,3.2800000000000002,0.7199999999999998,82.0,17.999999999999993,328.0,42.89263763567412,426,164,0.0
1140,164,36,82.0,3.2800000000000002,0.7199999999999998,82.0,17.999999999999993,328.0,42.89263763567412,426,164,0.0
1141,164,36,82.0,3.2800000000000002,0.7199999999999998,82.0,17.999999999999993,328.0,42.89263763567412,427,164,0.0
1142,164,36,82.0,3.2800000000000002,0.7199999999999998,82.0,17.999999999999993,328.0,42.89263763567412,427,164,0.0
1143,164,36,82.0,3.2800000000000002,0.7199999999999998,82.0,17.999999999999993,328.0,42.89263763567412,427,164,0.0
1144,164,36,82.0,3.2800000000000002,0.7199999999999998,82.0,17.999999999999993,328.0,42.89263763567412,427,164,0.0
1145,164,36,82.0,3.2800000000000002,0.7199999999999998,82.0,17.999999999999993,328.0,42.89263763567412,427,164,0.0
1146,164,36,82.0,3.2800000000000002,0.7199999999999998,82.0,17.999999999999993,328.0,42.89263763567412,427,164,0.0
1147,164,36,82.0,3.2800000000000002,0.7199999999999998,82.0,17.999999999999993,328.0,42.89263763567412,427,164,0.0
1148,164,36,82.0,3.2800000000000002,0.7199999999999998,82.0,17.999999999999993,328.0,42.89263763567412,427,164,0.0
1149,164,36,82.0,3.2800000000000002,0.7199999999999998,82.0,17.999999999999993,328.0,42.89263763567412,427,164,0.0
1150,164,36,82.0,3.2800000000000002,0.7199999999999998,82.0,17.999999999999993,328.0,42.89263763567412,427,164,0.0
1151,164,36,82.0,3.2800000000000002,0.7199999999999998,82.0,17.999999999999993,328.0,42.89263763567412,427,164,0.0
1152,164,36,82.0,3.2800000000000002,0.7199999999999998,82.0,17.999999999999993,328.0,42.89263763567412,427,164,0.0
1153,164,36,82.0,3.2800000000000002,0.7199999999999998,82.0,17.999999999999993,328.0,42.89263763567412,427,164,0.0
1154,164,36,82.0,3.2800000000000002,0.7199999999999998,82.0,17.999999999999993,328.0,42.89263763567412,427,164,0.0
1155,164,36,82.0,3.2800000000000002,0.7199999999999998,82.0,17.999999999999993,328.0,42.89263763567412,427,164,0.0
1156,164,36,82.0,3.2800000000000002,0.7199999999999998,82.0,17.999999999999993,328.0,42.89263763567412,427,164,0.0
1157,164,36,82.0,3.2800000000000002,0.7199999999999998,82.0,17.999999999999993,328.0,42.89263763567412,427,164,0.0
1158,164,36,82.0,3.2800000000000002,0.7199999999999998,82.0,17.999999999999993,328.0,42.89263763567412,427,164,0.0
1159,164,36,82.0,3.2800000000000002,0.7199999999999998,82.0,17.999999999999993,328.0,42.89263763567412,427,164,0.0
1160,164,36,82.0,3.2800000000000002,0.7199999999999998,82.0,17.999999999999993,328.0,42.89263763567412,428,164,0.0
1161,165,35,82.5,3.3000000000000003,0.6999999999999997,82.5,17.499999999999993,330.0,43.15417810906237,430,165,2.0
1162,165,35,82.5,3.3000000000000003,0.6999999999999997,82.5,17.499999999999993,330.0,43.15417810906237,430,165,0.0
1163,165,35,82.5,3.3000000000000003,0.6999999999999997,82.5,17.499999999999993,330.0,43.15417810906237,430,165,0.0
1164,165,35,82.5,3.3000000000000003,0.6999999999999997,82.5,17.499999999999993,330.0,43.15417810906237,431,165,0.0
1165,165,35,82.5,3.3000000000000003,0.6999999999999997,82.5,17.499999999999993,330.0,43.15417810906237,433,165,0.0
1166,165,35,82.5,3.3000000000000003,0.6999999999999997,82.5,17.499999999999993,330.0,43.15417810906237,434,165,0.0
1167,165,35,82.5,3.3000000000000003,0.6999999999999997,82.5,17.499999999999993,330.0,43.15417810906237,435,165,0.0
1168,165,35,82.5,3.3000000000000003,0.6999999999999997,82.5,17.499999999999993,330.0,43.15417810906237,436,165,0.0
1169,166,34,83.0,3.3200000000000003,0.6799999999999997,83.0,16.999999999999993,332.0,43.41571858245063,438,166,2.0
1170,166,34,83.0,3.3200000000000003,0.6799999999999997,83.0,16.999999999999993,332.0,43.41571858245063,438,166,0.0
1171,166,34,83.0,3.3200000000000003,0.6799999999999997,83.0,16.999999999999993,332.0,43.41571858245063,438,166,0.0
1172,166,34,83.0,3.3200000000000003,0.6799999999999997,83.0,16.999999999999993,332.0,43.41571858245063,438,166,0.0
1173,166,34,83.0,3.3200000000000003,0.6799999999999997,83.0,16.999999999999993,332.0,43.41571858245063,439,166,0.0
1174,167,33,83.5,3.34,0.6600000000000001,83.5,16.500000000000004,334.0,43.67725905583889,441,167,2.0
1175,167,33,83.5,3.34,0.6600000000000001,83.5,16.500000000000004,334.0,43.67725905583889,442,167,0.0
1176,167,33,83.5,3.34,0.6600000000000001,83.5,16.500000000000004,334.0,43.67725905583889,443,167,0.0
1177,167,33,83.5,3.34,0.6600000000000001,83.5,16.500000000000004,334.0,43.67725905583889,444,167,0.0
1178,167,33,83.5,3.34,0.6600000000000001,83.5,16.500000000000004,334.0,43.67725905583889,444,167,0.0
1179,167,33,83.5,3.34,0.6600000000000001,83.5,16.500000000000004,334.0,43.67725905583889,444,167,0.0
1180,167,33,83.5,3.34,0.6600000000000001,83.5,16.500000000000004,334.0,43.67725905583889,444,167,0.0
1181,167,33,83.5,3.34,0.6600000000000001,83.5,16.500000000000004,334.0,43.67725905583889,445,167,0.0
1182,167,33,83.5,3.34,0.6600000000000001,83.5,16.500000000000004,334.0,43.67725905583889,446,167,0.0
1183,167,33,83.5,3.34,0.6600000000000001,83.5,16.500000000000004,334.0,43.67725905583889,446,167,0.0
1184,167,33,83.5,3.34,0.6600000000000001,83.5,16.500000000000004,334.0,43.67725905583889,446,167,0.0
1185,167,33,83.5,3.34,0.6600000000000001,83.5,16.500000000000004,334.0,43.67725905583889,447,167,0.0
1186,167,33,83.5,3.34,0.6600000000000001,83.5,16.500000000000004,334.0,43.67725905583889,447,167,0.0
1187,167,33,83.5,3.34,0.6600000000000001,83.5,16.500000000000004,334.0,43.67725905583889,447,167,0.0
1188,167,33,83.5,3.34,0.6600000000000001,83.5,16.500000000000004,334.0,43.67725905583889,447,167,0.0
1189,167,33,83.5,3.34,0.6600000000000001,83.5,16.500000000000004,334.0,43.67725905583889,449,167,0.0
1190,167,33,83.5,3.34,0.6600000000000001,83.5,16.500000000000004,334.0,43.67725905583889,451,167,0.0
1191,167,33,83.5,3.34,0.6600000000000001,83.5,16.500000000000004,334.0,43.67725905583889,451,167,0.0
1192,167,33,83.5,3.34,0.6600000000000001,83.5,16.500000000000004,334.0,43.67725905583889,451,167,0.0
1193,167,33,83.5,3.34,0.6600000000000001,83.5,16.500000000000004,334.0,43.67725905583889,451,167,0.0
1194,167,33,83.5,3.34,0.6600000000000001,83.5,16.500000000000004,334.0,43.67725905583889,451,167,0.0
1195,167,33,83.5,3.34,0.6600000000000001,83.5,16.500000000000004,334.0,43.67725905583889,451,167,0.0
1196,167,33,83.5,3.34,0.6600000000000001,83.5,16.500000000000004,334.0,43.67725905583889,451,167,0.0
1197,167,33,83.5,3.34,0.6600000000000001,83.5,16.500000000000004,334.0,43.67725905583889,451,167,0.0
1198,167,33,83.5,3.34,0.6600000000000001,83.5,16.500000000000004,334.0,43.67725905583889,452,167,0.0
1199,167,33,83.5,3.34,0.6600000000000001,83.5,16.500000000000004,334.0,43.67725905583889,453,167,0.0
1200,167,33,83.5,3.34,0.6600000000000001,83.5,16.500000000000004,334.0,43.67725905583889,454,167,0.0
1201,167,33,83.5,3.34,0.6600000000000001,83.5,16.500000000000004,334.0,43.67725905583889,454,167,0.0
1202,167,33,83.5,3.34,0.6600000000000001,83.5,16.500000000000004,334.0,43.67725905583889,454,167,0.0
1203,167,33,83.5,3.34,0.6600000000000001,83.5,16.500000000000004,334.0,43.67725905583889,454,167,0.0
1204,167,33,83.5,3.34,0.6600000000000001,83.5,16.500000000000004,334.0,43.67725905583889,454,167,0.0
1205,167,33,83.5,3.34,0.6600000000000001,83.5,16.500000000000004,334.0,43.67725905583889,454,167,0.0
1206,167,33,83.5,3.34,0.6600000000000001,83.5,16.500000000000004,334.0,43.67725905583889,454,167,0.0
1207,167,33,83.5,3.34,0.6600000000000001,83.5,16.500000000000004,334.0,43.67725905583889,454,167,0.0
1208,167,33,83.5,3.34,0.6600000000000001,83.5,16.500000000000004,334.0,43.67725905583889,454,167,0.0
1209,167,33,83.5,3.34,0.6600000000000001,83.5,16.500000000000004,334.0,43.67725905583889,455,167,0.0
1210,167,33,83.5,3.34,0.6600000000000001,83.5,16.500000000000004,334.0,43.67725905583889,457,167,0.0
1211,167,33,83.5,3.34,0.6600000000000001,83.5,16.500000000000004,334.0,43.67725905583889,458,167,0.0
1212,167,33,83.5,3.34,0.6600000000000001,83.5,16.500000000000004,334.0,43.67725905583889,459,167,0.0
1213,167,33,83.5,3.34,0.6600000000000001,83.5,16.500000000000004,334.0,43.67725905583889,460,167,0.0
1214,167,33,83.5,3.34,0.6600000000000001,83.5,16.500000000000004,334.0,43.67725905583889,461,167,0.0
1215,167,33,83.5,3.34,0.6600000000000001,83.5,16.500000000000004,334.0,43.67725905583889,461,167,0.0
1216,167,33,83.5,3.34,0.6600000000000001,83.5,16.500000000000004,334.0,43.67725905583889,461,167,0.0
1217,167,33,83.5,3.34,0.6600000000000001,83.5,16.500000000000004,334.0,43.67725905583889,461,167,0.0
1218,167,33,83.5,3.34,0.6600000000000001,83.5,16.500000000000004,334.0,43.67725905583889,461,167,0.0
1219,167,33,83.5,3.34,0.6600000000000001,83.5,16.500000000000004,334.0,43.67725905583889,461,167,0.0
1220,167,33,83.5,3.34,0.6600000000000001,83.5,16.500000000000004,334.0,43.67725905583889,462,167,0.0
1221,167,33,83.5,3.34,0.6600000000000001,83.5,16.500000000000004,334.0,43.67725905583889,462,167,0.0
1222,167,33,83.5,3.34,0.6600000000000001,83.5,16.500000000000004,334.0,43.67725905583889,462,167,0.0
1223,167,33,83.5,3.34,0.6600000000000001,83.5,16.500000000000004,334.0,43.67725905583889,462,167,0.0
1224,167,33,83.5,3.34,0.6600000000000001,83.5,16.500000000000004,334.0,43.67725905583889,462,167,0.0
1225,167,33,83.5,3.34,0.6600000000000001,83.5,16.500000000000004,334.0,43.67725905583889,463,167,0.0
1226,167,33,83.5,3.34,0.6600000000000001,83.5,16.500000000000004,334.0,43.67725905583889,463,167,0.0
1227,167,33,83.5,3.34,0.6600000000000001,83.5,16.500000000000004,334.0,43.67725905583889,463,167,0.0
1228,167,33,83.5,3.34,0.6600000000000001,83.5,16.500000000000004,334.0,43.67725905583889,463,167,0.0
1229,167,33,83.5,3.34,0.6600000000000001,83.5,16.500000000000004,334.0,43.67725905583889,464,167,0.0
1230,167,33,83.5,3.34,0.6600000000000001,83.5,16.500000000000004,334.0,43.67725905583889,464,167,0.0
1231,168,32,84.0,3.36,0.6400000000000001,84.0,16.000000000000004,336.0,43.93879952922715,465,168,2.0
1232,168,32,84.0,3.36,0.6400000000000001,84.0,16.000000000000004,336.0,43.93879952922715,467,168,0.0
1233,168,32,84.0,3.36,0.6400000000000001,84.0,16.000000000000004,336.0,43.93879952922715,470,168,0.0
1234,168,32,84.0,3.36,0.6400000000000001,84.0,16.000000000000004,336.0,43.93879952922715,472,168,0.0
1235,168,32,84.0,3.36,0.6400000000000001,84.0,16.000000000000004,336.0,43.93879952922715,473,168,0.0
1236,168,32,84.0,3.36,0.6400000000000001,84.0,16.000000000000004,336.0,43.93879952922715,474,168,0.0
1237,168,32,84.0,3.36,0.6400000000000001,84.0,16.000000000000004,336.0,43.93879952922715,474,168,0.0
1238,168,32,84.0,3.36,0.6400000000000001,84.0,16.000000000000004,336.0,43.93879952922715,474,168,0.0
1239,168,32,84.0,3.36,0.6400000000000001,84.0,16.000000000000004,336.0,43.93879952922715,474,168,0.0
1240,168,32,84.0,3.36,0.6400000000000001,84.0,16.000000000000004,336.0,43.93879952922715,474,168,0.0
1241,168,32,84.0,3.36,0.6400000000000001,84.0,16.000000000000004,336.0,43.93879952922715,474,168,0.0
1242,168,32,84.0,3.36,0.6400000000000001,84.0,16.000000000000004,336.0,43.93879952922715,474,168,0.0
1243,168,32,84.0,3.36,0.6400000000000001,84.0,16.000000000000004,336.0,43.93879952922715,474,168,0.0
1244,168,32,84.0,3.36,0.6400000000000001,84.0,16.000000000000004,336.0,43.93879952922715,475,168,0.0
1245,168,32,84.0,3.36,0.6400000000000001,84.0,16.000000000000004,336.0,43.93879952922715,476,168,0.0
1246,168,32,84.0,3.36,0.6400000000000001,84.0,16.000000000000004,336.0,43.93879952922715,477,168,0.0
1247,168,32,84.0,3.36,0.6400000000000001,84.0,16.000000000000004,336.0,43.93879952922715,478,168,0.0
1248,168,32,84.0,3.36,0.6400000000000001,84.0,16.000000000000004,336.0,43.93879952922715,478,168,0.0
1249,168,32,84.0,3.36,0.6400000000000001,84.0,16.000000000000004,336.0,43.93879952922715,478,168,0.0
1250,168,32,84.0,3.36,0.6400000000000001,84.0,16.000000000000004,336.0,43.93879952922715,481,168,0.0
1251,168,32,84.0,3.36,0.6400000000000001,84.0,16.000000000000004,336.0,43.93879952922715,483,168,0.0
1252,168,32,84.0,3.36,0.6400000000000001,84.0,16.000000000000004,336.0,43.93879952922715,485,168,0.0
1253,168,32,84.0,3.36,0.6400000000000001,84.0,16.000000000000004,336.0,43.93879952922715,486,168,0.0
1254,168,32,84.0,3.36,0.6400000000000001,84.0,16.000000000000004,336.0,43.93879952922715,486,168,0.0
1255,168,32,84.0,3.36,0.6400000000000001,84.0,16.000000000000004,336.0,43.93879952922715,486,168,0.0
1256,168,32,84.0,3.36,0.6400000000000001,84.0,16.000000000000004,336.0,43.93879952922715,487,168,0.0
1257,168,32,84.0,3.36,0.6400000000000001,84.0,16.000000000000004,336.0,43.93879952922715,489,168,0.0
1258,168,32,84.0,3.36,0.6400000000000001,84.0,16.000000000000004,336.0,43.93879952922715,491,168,0.0
1259,168,32,84.0,3.36,0.6400000000000001,84.0,16.000000000000004,336.0,43.93879952922715,492,168,0.0
1260,168,32,84.0,3.36,0.6400000000000001,84.0,16.000000000000004,336.0,43.93879952922715,493,168,0.0
1261,168,32,84.0,3.36,0.6400000000000001,84.0,16.000000000000004,336.0,43.93879952922715,495,168,0.0
1262,168,32,84.0,3.36,0.6400000000000001,84.0,16.000000000000004,336.0,43.93879952922715,495,168,0.0
1263,168,32,84.0,3.36,0.6400000000000001,84.0,16.000000000000004,336.0,43.93879952922715,495,168,0.0
1264,168,32,84.0,3.36,0.6400000000000001,84.0,16.000000000000004,336.0,43.93879952922715,495,168,0.0
1265,168,32,84.0,3.36,0.6400000000000001,84.0,16.000000000000004,336.0,43.93879952922715,495,168,0.0
1266,168,32,84.0,3.36,0.6400000000000001,84.0,16.000000000000004,336.0,43.93879952922715,495,168,0.0
1267,168,32,84.0,3.36,0.6400000000000001,84.0,16.000000000000004,336.0,43.93879952922715,496,168,0.0
1268,168,32,84.0,3.36,0.6400000000000001,84.0,16.000000000000004,336.0,43.93879952922715,498,168,0.0
1269,168,32,84.0,3.36,0.6400000000000001,84.0,16.000000000000004,336.0,43.93879952922715,500,168,0.0
1270,168,32,84.0,3.36,0.6400000000000001,84.0,16.000000000000004,336.0,43.93879952922715,502,168,0.0
1271,168,32,84.0,3.36,0.6400000000000001,84.0,16.000000000000004,336.0,43.93879952922715,503,168,0.0
1272,168,32,84.0,3.36,0.6400000000000001,84.0,16.000000000000004,336.0,43.93879952922715,504,168,0.0
1273,168,32,84.0,3.36,0.6400000000000001,84.0,16.000000000000004,336.0,43.93879952922715,506,168,0.0
1274,168,32,84.0,3.36,0.6400000000000001,84.0,16.000000000000004,336.0,43.93879952922715,507,168,0.0
1275,168,32,84.0,3.36,0.6400000000000001,84.0,16.000000000000004,336.0,43.93879952922715,508,168,0.0
1276,168,32,84.0,3.36,0.6400000000000001,84.0,16.000000000000004,336.0,43.93879952922715,509,168,0.0
1277,168,32,84.0,3.36,0.6400000000000001,84.0,16.000000000000004,336.0,43.93879952922715,511,168,0.0
1278,168,32,84.0,3.36,0.6400000000000001,84.0,16.000000000000004,336.0,43.93879952922715,514,168,0.0
1279,168,32,84.0,3.36,0.6400000000000001,84.0,16.000000000000004,336.0,43.93879952922715,516,168,0.0
1280,168,32,84.0,3.36,0.6400000000000001,84.0,16.000000000000004,336.0,43.93879952922715,517,168,0.0
1281,168,32,84.0,3.36,0.6400000000000001,84.0,16.000000000000004,336.0,43.93879952922715,519,168,0.0
1282,168,32,84.0,3.36,0.6400000000000001,84.0,16.000000000000004,336.0,43.93879952922715,520,168,0.0
1283,168,32,84.0,3.36,0.6400000000000001,84.0,16.000000000000004,336.0,43.93879952922715,520,168,0.0
1284,168,32,84.0,3.36,0.6400000000000001,84.0,16.000000000000004,336.0,43.93879952922715,520,168,0.0
1285,168,32,84.0,3.36,0.6400000000000001,84.0,16.000000000000004,336.0,43.93879952922715,520,168,0.0
1286,168,32,84.0,3.36,0.6400000000000001,84.0,16.000000000000004,336.0,43.93879952922715,520,168,0.0
1287,168,32,84.0,3.36,0.6400000000000001,84.0,16.000000000000004,336.0,43.93879952922715,520,168,0.0
1288,168,32,84.0,3.36,0.6400000000000001,84.0,16.000000000000004,336.0,43.93879952922715,520,168,0.0
1289,168,32,84.0,3.36,0.6400000000000001,84.0,16.000000000000004,336.0,43.93879952922715,520,168,0.0
1290,168,32,84.0,3.36,0.6400000000000001,84.0,16.000000000000004,336.0,43.93879952922715,520,168,0.0
1291,168,32,84.0,3.36,0.6400000000000001,84.0,16.000000000000004,336.0,43.93879952922715,521,168,0.0
1292,168,32,84.0,3.36,0.6400000000000001,84.0,16.000000000000004,336.0,43.93879952922715,521,168,0.0
1293,168,32,84.0,3.36,0.6400000000000001,84.0,16.000000000000004,336.0,43.93879952922715,521,168,0.0
1294,168,32,84.0,3.36,0.6400000000000001,84.0,16.000000000000004,336.0,43.93879952922715,522,168,0.0
1295,168,32,84.0,3.36,0.6400000000000001,84.0,16.000000000000004,336.0,43.93879952922715,522,168,0.0
1296,168,32,84.0,3.36,0.6400000000000001,84.0,16.000000000000004,336.0,43.93879952922715,522,168,0.0
1297,168,32,84.0,3.36,0.6400000000000001,84.0,16.000000000000004,336.0,43.93879952922715,522,168,0.0
1298,168,32,84.0,3.36,0.6400000000000001,84.0,16.000000000000004,336.0,43.93879952922715,522,168,0.0
1299,168,32,84.0,3.36,0.6400000000000001,84.0,16.000000000000004,336.0,43.93879952922715,522,168,0.0
1300,168,32,84.0,3.36,0.6400000000000001,84.0,16.000000000000004,336.0,43.93879952922715,522,168,0.0
1301,168,32,84.0,3.36,0.6400000000000001,84.0,16.000000000000004,336.0,43.93879952922715,522,168,0.0
1302,169,31,84.5,3.38,0.6200000000000001,84.5,15.500000000000002,338.0,44.2003400026154,523,169,2.0
1303,169,31,84.5,3.38,0.6200000000000001,84.5,15.500000000000002,338.0,44.2003400026154,524,169,0.0
1304,169,31,84.5,3.38,0.6200000000000001,84.5,15.500000000000002,338.0,44.2003400026154,525,169,0.0
1305,169,31,84.5,3.38,0.6200000000000001,84.5,15.500000000000002,338.0,44.2003400026154,526,169,0.0
1306,169,31,84.5,3.38,0.6200000000000001,84.5,15.500000000000002,338.0,44.2003400026154,526,169,0.0
1307,169,31,84.5,3.38,0.6200000000000001,84.5,15.500000000000002,338.0,44.2003400026154,526,169,0.0
1308,169,31,84.5,3.38,0.6200000000000001,84.5,15.500000000000002,338.0,44.2003400026154,526,169,0.0
1309,169,31,84.5,3.38,0.6200000000000001,84.5,15.500000000000002,338.0,44.2003400026154,526,169,0.0
1310,169,31,84.5,3.38,0.6200000000000001,84.5,15.500000000000002,338.0,44.2003400026154,526,169,0.0
1311,169,31,84.5,3.38,0.6200000000000001,84.5,15.500000000000002,338.0,44.2003400026154,526,169,0.0
1312,169,31,84.5,3.38,0.6200000000000001,84.5,15.500000000000002,338.0,44.2003400026154,526,169,0.0
1313,169,31,84.5,3.38,0.6200000000000001,84.5,15.500000000000002,338.0,44.2003400026154,526,169,0.0
1314,169,31,84.5,3.38,0.6200000000000001,84.5,15.500000000000002,338.0,44.2003400026154,526,169,0.0
1315,169,31,84.5,3.38,0.6200000000000001,84.5,15.500000000000002,338.0,44.2003400026154,526,169,0.0
1316,169,31,84.5,3.38,0.6200000000000001,84.5,15.500000000000002,338.0,44.2003400026154,526,169,0.0
1317,169,31,84.5,3.38,0.6200000000000001,84.5,15.500000000000002,338.0,44.2003400026154,526,169,0.0
1318,169,31,84.5,3.38,0.6200000000000001,84.5,15.500000000000002,338.0,44.2003400026154,526,169,0.0
1319,169,31,84.5,3.38,0.6200000000000001,84.5,15.500000000000002,338.0,44.2003400026154,526,169,0.0
1320,169,31,84.5,3.38,0.6200000000000001,84.5,15.500000000000002,338.0,44.2003400026154,526,169,0.0
1321,169,31,84.5,3.38,0.6200000000000001,84.5,15.500000000000002,338.0,44.2003400026154,527,169,0.0
1322,169,31,84.5,3.38,0.6200000000000001,84.5,15.500000000000002,338.0,44.2003400026154,527,169,0.0
1323,169,31,84.5,3.38,0.6200000000000001,84.5,15.500000000000002,338.0,44.2003400026154,527,169,0.0
1324,169,31,84.5,3.38,0.6200000000000001,84.5,15.500000000000002,338.0,44.2003400026154,527,169,0.0
1325,169,31,84.5,3.38,0.6200000000000001,84.5,15.500000000000002,338.0,44.2003400026154,527,169,0.0
1326,169,31,84.5,3.38,0.6200000000000001,84.5,15.500000000000002,338.0,44.2003400026154,527,169,0.0
1327,169,31,84.5,3.38,0.6200000000000001,84.5,15.500000000000002,338.0,44.2003400026154,527,169,0.0
1328,169,31,84.5,3.38,0.6200000000000001,84.5,15.500000000000002,338.0,44.2003400026154,528,169,0.0
1329,169,31,84.5,3.38,0.6200000000000001,84.5,15.500000000000002,338.0,44.2003400026154,528,169,0.0
1330,169,31,84.5,3.38,0.6200000000000001,84.5,15.500000000000002,338.0,44.2003400026154,528,169,0.0
1331,169,31,84.5,3.38,0.6200000000000001,84.5,15.500000000000002,338.0,44.2003400026154,528,169,0.0
1332,170,30,85.0,3.4,0.6000000000000001,85.0,15.000000000000002,340.0,44.46188047600366,530,170,2.0
1333,170,30,85.0,3.4,0.6000000000000001,85.0,15.000000000000002,340.0,44.46188047600366,530,170,0.0
1334,170,30,85.0,3.4,0.6000000000000001,85.0,15.000000000000002,340.0,44.46188047600366,532,170,0.0
1335,171,29,85.5,3.42,0.5800000000000001,85.5,14.500000000000002,342.0,44.723420949391915,534,171,2.0
1336,171,29,85.5,3.42,0.5800000000000001,85.5,14.500000000000002,342.0,44.723420949391915,535,171,0.0
1337,171,29,85.5,3.42,0.5800000000000001,85.5,14.500000000000002,342.0,44.723420949391915,536,171,0.0
1338,171,29,85.5,3.42,0.5800000000000001,85.5,14.500000000000002,342.0,44.723420949391915,537,171,0.0
1339,171,29,85.5,3.42,0.5800000000000001,85.5,14.500000000000002,342.0,44.723420949391915,537,171,0.0
1340,171,29,85.5,3.42,0.5800000000000001,85.5,14.500000000000002,342.0,44.723420949391915,537,171,0.0
1341,171,29,85.5,3.42,0.5800000000000001,85.5,14.500000000000002,342.0,44.723420949391915,537,171,0.0
1342,171,29,85.5,3.42,0.5800000000000001,85.5,14.500000000000002,342.0,44.723420949391915,538,171,0.0
1343,171,29,85.5,3.42,0.5800000000000001,85.5,14.500000000000002,342.0,44.723420949391915,538,171,0.0
1344,171,29,85.5,3.42,0.5800000000000001,85.5,14.500000000000002,342.0,44.723420949391915,538,171,0.0
1345,171,29,85.5,3.42,0.5800000000000001,85.5,14.500000000000002,342.0,44.723420949391915,538,171,0.0
1346,171,29,85.5,3.42,0.5800000000000001,85.5,14.500000000000002,342.0,44.723420949391915,539,171,0.0
1347,171,29,85.5,3.42,0.5800000000000001,85.5,14.500000000000002,342.0,44.723420949391915,540,171,0.0
1348,171,29,85.5,3.42,0.5800000000000001,85.5,14.500000000000002,342.0,44.723420949391915,541,171,0.0
1349,171,29,85.5,3.42,0.5800000000000001,85.5,14.500000000000002,342.0,44.723420949391915,541,171,0.0
1350,171,29,85.5,3.42,0.5800000000000001,85.5,14.500000000000002,342.0,44.723420949391915,541,171,0.0
1351,171,29,85.5,3.42,0.5800000000000001,85.5,14.500000000000002,342.0,44.723420949391915,541,171,0.0
1352,171,29,85.5,3.42,0.5800000000000001,85.5,14.500000000000002,342.0,44.723420949391915,542,171,0.0
1353,171,29,85.5,3.42,0.5800000000000001,85.5,14.500000000000002,342.0,44.723420949391915,542,171,0.0
1354,171,29,85.5,3.42,0.5800000000000001,85.5,14.500000000000002,342.0,44.723420949391915,542,171,0.0
1355,171,29,85.5,3.42,0.5800000000000001,85.5,14.500000000000002,342.0,44.723420949391915,542,171,0.0
1356,171,29,85.5,3.42,0.5800000000000001,85.5,14.500000000000002,342.0,44.723420949391915,542,171,0.0
1357,171,29,85.5,3.42,0.5800000000000001,85.5,14.500000000000002,342.0,44.723420949391915,542,171,0.0
1358,171,29,85.5,3.42,0.5800000000000001,85.5,14.500000000000002,342.0,44.723420949391915,543,171,0.0
1359,171,29,85.5,3.42,0.5800000000000001,85.5,14.500000000000002,342.0,44.723420949391915,543,171,0.0
1360,171,29,85.5,3.42,0.5800000000000001,85.5,14.500000000000002,342.0,44.723420949391915,543,171,0.0
1361,171,29,85.5,3.42,0.5800000000000001,85.5,14.500000000000002,342.0,44.723420949391915,543,171,0.0
1362,171,29,85.5,3.42,0.5800000000000001,85.5,14.500000000000002,342.0,44.723420949391915,543,171,0.0
1363,171,29,85.5,3.42,0.5800000000000001,85.5,14.500000000000002,342.0,44.723420949391915,543,171,0.0
1364,171,29,85.5,3.42,0.5800000000000001,85.5,14.500000000000002,342.0,44.723420949391915,543,171,0.0
1365,171,29,85.5,3.42,0.5800000000000001,85.5,14.500000000000002,342.0,44.723420949391915,543,171,0.0
1366,173,27,86.5,3.46,0.54,86.5,13.5,346.0,45.246501896168425,545,173,4.0
1367,173,27,86.5,3.46,0.54,86.5,13.5,346.0,45.246501896168425,545,173,0.0
1368,173,27,86.5,3.46,0.54,86.5,13.5,346.0,45.246501896168425,545,173,0.0
1369,173,27,86.5,3.46,0.54,86.5,13.5,346.0,45.246501896168425,545,173,0.0
1370,173,27,86.5,3.46,0.54,86.5,13.5,346.0,45.246501896168425,545,173,0.0
1371,173,27,86.5,3.46,0.54,86.5,13.5,346.0,45.246501896168425,545,173,0.0
1372,173,27,86.5,3.46,0.54,86.5,13.5,346.0,45.246501896168425,546,173,0.0
1373,173,27,86.5,3.46,0.54,86.5,13.5,346.0,45.246501896168425,547,173,0.0
1374,173,27,86.5,3.46,0.54,86.5,13.5,346.0,45.246501896168425,548,173,0.0
1375,173,27,86.5,3.46,0.54,86.5,13.5,346.0,45.246501896168425,549,173,0.0
1376,173,27,86.5,3.46,0.54,86.5,13.5,346.0,45.246501896168425,550,173,0.0
1377,173,27,86.5,3.46,0.54,86.5,13.5,346.0,45.246501896168425,551,173,0.0
1378,173,27,86.5,3.46,0.54,86.5,13.5,346.0,45.246501896168425,552,173,0.0
1379,173,27,86.5,3.46,0.54,86.5,13.5,346.0,45.246501896168425,553,173,0.0
1380,173,27,86.5,3.46,0.54,86.5,13.5,346.0,45.246501896168425,554,173,0.0
1381,173,27,86.5,3.46,0.54,86.5,13.5,346.0,45.246501896168425,555,173,0.0
1382,173,27,86.5,3.46,0.54,86.5,13.5,346.0,45.246501896168425,555,173,0.0
1383,173,27,86.5,3.46,0.54,86.5,13.5,346.0,45.246501896168425,555,173,0.0
1384,173,27,86.5,3.46,0.54,86.5,13.5,346.0,45.246501896168425,555,173,0.0
1385,173,27,86.5,3.46,0.54,86.5,13.5,346.0,45.246501896168425,555,173,0.0
1386,173,27,86.5,3.46,0.54,86.5,13.5,346.0,45.246501896168425,556,173,0.0
1387,173,27,86.5,3.46,0.54,86.5,13.5,346.0,45.246501896168425,557,173,0.0
1388,173,27,86.5,3.46,0.54,86.5,13.5,346.0,45.246501896168425,558,173,0.0
1389,173,27,86.5,3.46,0.54,86.5,13.5,346.0,45.246501896168425,559,173,0.0
1390,173,27,86.5,3.46,0.54,86.5,13.5,346.0,45.246501896168425,560,173,0.0
1391,173,27,86.5,3.46,0.54,86.5,13.5,346.0,45.246501896168425,562,173,0.0
1392,173,27,86.5,3.46,0.54,86.5,13.5,346.0,45.246501896168425,563,173,0.0
1393,173,27,86.5,3.46,0.54,86.5,13.5,346.0,45.246501896168425,563,173,0.0
1394,173,27,86.5,3.46,0.54,86.5,13.5,346.0,45.246501896168425,564,173,0.0
1395,173,27,86.5,3.46,0.54,86.5,13.5,346.0,45.246501896168425,565,173,0.0
1396,173,27,86.5,3.46,0.54,86.5,13.5,346.0,45.246501896168425,566,173,0.0
1397,173,27,86.5,3.46,0.54,86.5,13.5,346.0,45.246501896168425,566,173,0.0
1398,173,27,86.5,3.46,0.54,86.5,13.5,346.0,45.246501896168425,566,173,0.0
1399,173,27,86.5,3.46,0.54,86.5,13.5,346.0,45.246501896168425,566,173,0.0
1400,173,27,86.5,3.46,0.54,86.5,13.5,346.0,45.246501896168425,566,173,0.0
1401,173,27,86.5,3.46,0.54,86.5,13.5,346.0,45.246501896168425,566,173,0.0
1402,173,27,86.5,3.46,0.54,86.5,13.5,346.0,45.246501896168425,566,173,0.0
1403,173,27,86.5,3.46,0.54,86.5,13.5,346.0,45.246501896168425,566,173,0.0
1404,173,27,86.5,3.46,0.54,86.5,13.5,346.0,45.246501896168425,566,173,0.0
1405,173,27,86.5,3.46,0.54,86.5,13.5,346.0,45.246501896168425,566,173,0.0
1406,173,27,86.5,3.46,0.54,86.5,13.5,346.0,45.246501896168425,567,173,0.0
1407,173,27,86.5,3.46,0.54,86.5,13.5,346.0,45.246501896168425,567,173,0.0
1408,173,27,86.5,3.46,0.54,86.5,13.5,346.0,45.246501896168425,567,173,0.0
1409,173,27,86.5,3.46,0.54,86.5,13.5,346.0,45.246501896168425,568,173,0.0
1410,173,27,86.5,3.46,0.54,86.5,13.5,346.0,45.246501896168425,569,173,0.0
1411,173,27,86.5,3.46,0.54,86.5,13.5,346.0,45.246501896168425,570,173,0.0
1412,173,27,86.5,3.46,0.54,86.5,13.5,346.0,45.246501896168425,570,173,0.0
1413,173,27,86.5,3.46,0.54,86.5,13.5,346.0,45.246501896168425,571,173,0.0
1414,173,27,86.5,3.46,0.54,86.5,13.5,346.0,45.246501896168425,572,173,0.0
1415,173,27,86.5,3.46,0.54,86.5,13.5,346.0,45.246501896168425,573,173,0.0
1416,173,27,86.5,3.46,0.54,86.5,13.5,346.0,45.246501896168425,575,173,0.0
1417,173,27,86.5,3.46,0.54,86.5,13.5,346.0,45.246501896168425,576,173,0.0
1418,173,27,86.5,3.46,0.54,86.5,13.5,346.0,45.246501896168425,577,173,0.0
1419,173,27,86.5,3.46,0.54,86.5,13.5,346.0,45.246501896168425,578,173,0.0
1420,173,27,86.5,3.46,0.54,86.5,13.5,346.0,45.246501896168425,579,173,0.0
1421,173,27,86.5,3.46,0.54,86.5,13.5,346.0,45.246501896168425,580,173,0.0
1422,173,27,86.5,3.46,0.54,86.5,13.5,346.0,45.246501896168425,581,173,0.0
1423,173,27,86.5,3.46,0.54,86.5,13.5,346.0,45.246501896168425,582,173,0.0
1424,173,27,86.5,3.46,0.54,86.5,13.5,346.0,45.246501896168425,583,173,0.0
1425,173,27,86.5,3.46,0.54,86.5,13.5,346.0,45.246501896168425,584,173,0.0
1426,173,27,86.5,3.46,0.54,86.5,13.5,346.0,45.246501896168425,586,173,0.0
1427,173,27,86.5,3.46,0.54,86.5,13.5,346.0,45.246501896168425,588,173,0.0
1428,174,26,87.0,3.48,0.52,87.0,13.0,348.0,45.508042369556684,590,174,2.0
1429,174,26,87.0,3.48,0.52,87.0,13.0,348.0,45.508042369556684,591,174,0.0
1430,174,26,87.0,3.48,0.52,87.0,13.0,348.0,45.508042369556684,591,174,0.0
1431,174,26,87.0,3.48,0.52,87.0,13.0,348.0,45.508042369556684,591,174,0.0
1432,174,26,87.0,3.48,0.52,87.0,13.0,348.0,45.508042369556684,591,174,0.0
1433,174,26,87.0,3.48,0.52,87.0,13.0,348.0,45.508042369556684,591,174,0.0
1434,174,26,87.0,3.48,0.52,87.0,13.0,348.0,45.508042369556684,591,174,0.0
1435,174,26,87.0,3.48,0.52,87.0,13.0,348.0,45.508042369556684,591,174,0.0
1436,174,26,87.0,3.48,0.52,87.0,13.0,348.0,45.508042369556684,591,174,0.0
1437,174,26,87.0,3.48,0.52,87.0,13.0,348.0,45.508042369556684,591,174,0.0
1438,174,26,87.0,3.48,0.52,87.0,13.0,348.0,45.508042369556684,591,174,0.0
1439,174,26,87.0,3.48,0.52,87.0,13.0,348.0,45.508042369556684,591,174,0.0
1440,174,26,87.0,3.48,0.52,87.0,13.0,348.0,45.508042369556684,591,174,0.0
1441,174,26,87.0,3.48,0.52,87.0,13.0,348.0,45.508042369556684,591,174,0.0
1442,174,26,87.0,3.48,0.52,87.0,13.0,348.0,45.508042369556684,591,174,0.0
1443,174,26,87.0,3.48,0.52,87.0,13.0,348.0,45.508042369556684,591,174,0.0
1444,174,26,87.0,3.48,0.52,87.0,13.0,348.0,45.508042369556684,591,174,0.0
1445,174,26,87.0,3.48,0.52,87.0,13.0,348.0,45.508042369556684,592,174,0.0
1446,175,25,87.5,3.5,0.5,87.5,12.5,350.0,45.76958284294494,594,175,2.0
1447,175,25,87.5,3.5,0.5,87.5,12.5,350.0,45.76958284294494,594,175,0.0
1448,175,25,87.5,3.5,0.5,87.5,12.5,350.0,45.76958284294494,595,175,0.0
1449,175,25,87.5,3.5,0.5,87.5,12.5,350.0,45.76958284294494,596,175,0.0
1450,175,25,87.5,3.5,0.5,87.5,12.5,350.0,45.76958284294494,597,175,0.0
1451,175,25,87.5,3.5,0.5,87.5,12.5,350.0,45.76958284294494,597,175,0.0
1452,175,25,87.5,3.5,0.5,87.5,12.5,350.0,45.76958284294494,597,175,0.0
1453,175,25,87.5,3.5,0.5,87.5,12.5,350.0,45.76958284294494,597,175,0.0
1454,175,25,87.5,3.5,0.5,87.5,12.5,350.0,45.76958284294494,597,175,0.0
1455,175,25,87.5,3.5,0.5,87.5,12.5,350.0,45.76958284294494,597,175,0.0
1456,175,25,87.5,3.5,0.5,87.5,12.5,350.0,45.76958284294494,597,175,0.0
1457,175,25,87.5,3.5,0.5,87.5,12.5,350.0,45.76958284294494,597,175,0.0
1458,175,25,87.5,3.5,0.5,87.5,12.5,350.0,45.76958284294494,597,175,0.0
1459,175,25,87.5,3.5,0.5,87.5,12.5,350.0,45.76958284294494,597,175,0.0
1460,175,25,87.5,3.5,0.5,87.5,12.5,350.0,45.76958284294494,597,175,0.0
1461,175,25,87.5,3.5,0.5,87.5,12.5,350.0,45.76958284294494,597,175,0.0
1462,175,25,87.5,3.5,0.5,87.5,12.5,350.0,45.76958284294494,597,175,0.0
1463,175,25,87.5,3.5,0.5,87.5,12.5,350.0,45.76958284294494,597,175,0.0
1464,175,25,87.5,3.5,0.5,87.5,12.5,350.0,45.76958284294494,597,175,0.0
1465,175,25,87.5,3.5,0.5,87.5,12.5,350.0,45.76958284294494,597,175,0.0
1466,175,25,87.5,3.5,0.5,87.5,12.5,350.0,45.76958284294494,597,175,0.0
1467,175,25,87.5,3.5,0.5,87.5,12.5,350.0,45.76958284294494,597,175,0.0
1468,175,25,87.5,3.5,0.5,87.5,12.5,350.0,45.76958284294494,597,175,0.0
1469,175,25,87.5,3.5,0.5,87.5,12.5,350.0,45.76958284294494,597,175,0.0
1470,175,25,87.5,3.5,0.5,87.5,12.5,350.0,45.76958284294494,597,175,0.0
1471,175,25,87.5,3.5,0.5,87.5,12.5,350.0,45.76958284294494,597,175,0.0
1472,175,25,87.5,3.5,0.5,87.5,12.5,350.0,45.76958284294494,597,175,0.0
1473,175,25,87.5,3.5,0.5,87.5,12.5,350.0,45.76958284294494,597,175,0.0
1474,175,25,87.5,3.5,0.5,87.5,12.5,350.0,45.76958284294494,598,175,0.0
1475,175,25,87.5,3.5,0.5,87.5,12.5,350.0,45.76958284294494,598,175,0.0
1476,175,25,87.5,3.5,0.5,87.5,12.5,350.0,45.76958284294494,598,175,0.0
1477,175,25,87.5,3.5,0.5,87.5,12.5,350.0,45.76958284294494,598,175,0.0
1478,175,25,87.5,3.5,0.5,87.5,12.5,350.0,45.76958284294494,598,175,0.0
1479,175,25,87.5,3.5,0.5,87.5,12.5,350.0,45.76958284294494,598,175,0.0
1480,175,25,87.5,3.5,0.5,87.5,12.5,350.0,45.76958284294494,598,175,0.0
1481,175,25,87.5,3.5,0.5,87.5,12.5,350.0,45.76958284294494,598,175,0.0
1482,175,25,87.5,3.5,0.5,87.5,12.5,350.0,45.76958284294494,598,175,0.0
1483,175,25,87.5,3.5,0.5,87.5,12.5,350.0,45.76958284294494,598,175,0.0
1484,175,25,87.5,3.5,0.5,87.5,12.5,350.0,45.76958284294494,598,175,0.0
1485,175,25,87.5,3.5,0.5,87.5,12.5,350.0,45.76958284294494,598,175,0.0
1486,175,25,87.5,3.5,0.5,87.5,12.5,350.0,45.76958284294494,598,175,0.0
1487,175,25,87.5,3.5,0.5,87.5,12.5,350.0,45.76958284294494,598,175,0.0
1488,175,25,87.5,3.5,0.5,87.5,12.5,350.0,45.76958284294494,598,175,0.0
1489,175,25,87.5,3.5,0.5,87.5,12.5,350.0,45.76958284294494,598,175,0.0
1490,175,25,87.5,3.5,0.5,87.5,12.5,350.0,45.76958284294494,598,175,0.0
1491,175,25,87.5,3.5,0.5,87.5,12.5,350.0,45.76958284294494,598,175,0.0
1492,175,25,87.5,3.5,0.5,87.5,12.5,350.0,45.76958284294494,598,175,0.0
1493,175,25,87.5,3.5,0.5,87.5,12.5,350.0,45.76958284294494,598,175,0.0
1494,175,25,87.5,3.5,0.5,87.5,12.5,350.0,45.76958284294494,598,175,0.0
1495,175,25,87.5,3.5,0.5,87.5,12.5,350.0,45.76958284294494,598,175,0.0
1496,175,25,87.5,3.5,0.5,87.5,12.5,350.0,45.76958284294494,598,175,0.0
1497,175,25,87.5,3.5,0.5,87.5,12.5,350.0,45.76958284294494,598,175,0.0
1498,175,25,87.5,3.5,0.5,87.5,12.5,350.0,45.76958284294494,598,175,0.0
1499,175,25,87.5,3.5,0.5,87.5,12.5,350.0,45.76958284294494,598,175,0.0
1500,175,25,87.5,3.5,0.5,87.5,12.5,350.0,45.76958284294494,598,175,0.0
1501,175,25,87.5,3.5,0.5,87.5,12.5,350.0,45.76958284294494,598,175,0.0
1502,175,25,87.5,3.5,0.5,87.5,12.5,350.0,45.76958284294494,598,175,0.0
1503,175,25,87.5,3.5,0.5,87.5,12.5,350.0,45.76958284294494,598,175,0.0
1504,175,25,87.5,3.5,0.5,87.5,12.5,350.0,45.76958284294494,598,175,0.0
1505,175,25,87.5,3.5,0.5,87.5,12.5,350.0,45.76958284294494,598,175,0.0
1506,175,25,87.5,3.5,0.5,87.5,12.5,350.0,45.76958284294494,598,175,0.0
1507,175,25,87.5,3.5,0.5,87.5,12.5,350.0,45.76958284294494,598,175,0.0
1508,175,25,87.5,3.5,0.5,87.5,12.5,350.0,45.76958284294494,598,175,0.0
1509,175,25,87.5,3.5,0.5,87.5,12.5,350.0,45.76958284294494,598,175,0.0
1510,175,25,87.5,3.5,0.5,87.5,12.5,350.0,45.76958284294494,598,175,0.0
1511,175,25,87.5,3.5,0.5,87.5,12.5,350.0,45.76958284294494,598,175,0.0
1512,175,25,87.5,3.5,0.5,87.5,12.5,350.0,45.76958284294494,598,175,0.0
1513,175,25,87.5,3.5,0.5,87.5,12.5,350.0,45.76958284294494,598,175,0.0
1514,175,25,87.5,3.5,0.5,87.5,12.5,350.0,45.76958284294494,598,175,0.0
1515,175,25,87.5,3.5,0.5,87.5,12.5,350.0,45.76958284294494,598,175,0.0
1516,175,25,87.5,3.5,0.5,87.5,12.5,350.0,45.76958284294494,598,175,0.0
1517,175,25,87.5,3.5,0.5,87.5,12.5,350.0,45.76958284294494,598,175,0.0
1518,175,25,87.5,3.5,0.5,87.5,12.5,350.0,45.76958284294494,598,175,0.0
1519,175,25,87.5,3.5,0.5,87.5,12.5,350.0,45.76958284294494,598,175,0.0
1520,175,25,87.5,3.5,0.5,87.5,12.5,350.0,45.76958284294494,598,175,0.0
1521,175,25,87.5,3.5,0.5,87.5,12.5,350.0,45.76958284294494,598,175,0.0
1522,175,25,87.5,3.5,0.5,87.5,12.5,350.0,45.76958284294494,598,175,0.0
1523,175,25,87.5,3.5,0.5,87.5,12.5,350.0,45.76958284294494,598,175,0.0
1524,175,25,87.5,3.5,0.5,87.5,12.5,350.0,45.76958284294494,598,175,0.0
1525,175,25,87.5,3.5,0.5,87.5,12.5,350.0,45.76958284294494,598,175,0.0
1526,175,25,87.5,3.5,0.5,87.5,12.5,350.0,45.76958284294494,598,175,0.0
1527,175,25,87.5,3.5,0.5,87.5,12.5,350.0,45.76958284294494,598,175,0.0
1528,175,25,87.5,3.5,0.5,87.5,12.5,350.0,45.76958284294494,598,175,0.0
1529,175,25,87.5,3.5,0.5,87.5,12.5,350.0,45.76958284294494,598,175,0.0
1530,175,25,87.5,3.5,0.5,87.5,12.5,350.0,45.76958284294494,598,175,0.0
1531,175,25,87.5,3.5,0.5,87.5,12.5,350.0,45.76958284294494,598,175,0.0
1532,175,25,87.5,3.5,0.5,87.5,12.5,350.0,45.76958284294494,598,175,0.0
1533,175,25,87.5,3.5,0.5,87.5,12.5,350.0,45.76958284294494,598,175,0.0
1534,175,25,87.5,3.5,0.5,87.5,12.5,350.0,45.76958284294494,598,175,0.0
1535,175,25,87.5,3.5,0.5,87.5,12.5,350.0,45.76958284294494,598,175,0.0
1536,175,25,87.5,3.5,0.5,87.5,12.5,350.0,45.76958284294494,598,175,0.0
1537,175,25,87.5,3.5,0.5,87.5,12.5,350.0,45.76958284294494,598,175,0.0
1538,175,25,87.5,3.5,0.5,87.5,12.5,350.0,45.76958284294494,598,175,0.0
1539,175,25,87.5,3.5,0.5,87.5,12.5,350.0,45.76958284294494,598,175,0.0
1540,175,25,87.5,3.5,0.5,87.5,12.5,350.0,45.76958284294494,598,175,0.0
1541,175,25,87.5,3.5,0.5,87.5,12.5,350.0,45.76958284294494,598,175,0.0
1542,175,25,87.5,3.5,0.5,87.5,12.5,350.0,45.76958284294494,598,175,0.0
1543,175,25,87.5,3.5,0.5,87.5,12.5,350.0,45.76958284294494,598,175,0.0
1544,175,25,87.5,3.5,0.5,87.5,12.5,350.0,45.76958284294494,598,175,0.0
1545,175,25,87.5,3.5,0.5,87.5,12.5,350.0,45.76958284294494,598,175,0.0
1546,175,25,87.5,3.5,0.5,87.5,12.5,350.0,45.76958284294494,598,175,0.0
1547,175,25,87.5,3.5,0.5,87.5,12.5,350.0,45.76958284294494,598,175,0.0
1548,175,25,87.5,3.5,0.5,87.5,12.5,350.0,45.76958284294494,598,175,0.0
1549,175,25,87.5,3.5,0.5,87.5,12.5,350.0,45.76958284294494,598,175,0.0
1550,175,25,87.5,3.5,0.5,87.5,12.5,350.0,45.76958284294494,598,175,0.0
1551,175,25,87.5,3.5,0.5,87.5,12.5,350.0,45.76958284294494,598,175,0.0
1552,175,25,87.5,3.5,0.5,87.5,12.5,350.0,45.76958284294494,599,175,0.0
1553,175,25,87.5,3.5,0.5,87.5,12.5,350.0,45.76958284294494,599,175,0.0
1554,175,25,87.5,3.5,0.5,87.5,12.5,350.0,45.76958284294494,600,175,0.0
1555,175,25,87.5,3.5,0.5,87.5,12.5,350.0,45.76958284294494,600,175,0.0
1556,175,25,87.5,3.5,0.5,87.5,12.5,350.0,45.76958284294494,601,175,0.0
1557,175,25,87.5,3.5,0.5,87.5,12.5,350.0,45.76958284294494,602,175,0.0
1558,175,25,87.5,3.5,0.5,87.5,12.5,350.0,45.76958284294494,602,175,0.0
1559,176,24,88.0,3.52,0.48,88.0,12.0,352.0,46.0311233163332,603,176,2.0
1560,176,24,88.0,3.52,0.48,88.0,12.0,352.0,46.0311233163332,603,176,0.0
1561,176,24,88.0,3.52,0.48,88.0,12.0,352.0,46.0311233163332,603,176,0.0
1562,176,24,88.0,3.52,0.48,88.0,12.0,352.0,46.0311233163332,603,176,0.0
1563,176,24,88.0,3.52,0.48,88.0,12.0,352.0,46.0311233163332,603,176,0.0
1564,176,24,88.0,3.52,0.48,88.0,12.0,352.0,46.0311233163332,603,176,0.0
1565,176,24,88.0,3.52,0.48,88.0,12.0,352.0,46.0311233163332,603,176,0.0
1566,176,24,88.0,3.52,0.48,88.0,12.0,352.0,46.0311233163332,603,176,0.0
1567,176,24,88.0,3.52,0.48,88.0,12.0,352.0,46.0311233163332,603,176,0.0
1568,176,24,88.0,3.52,0.48,88.0,12.0,352.0,46.0311233163332,603,176,0.0
1569,176,24,88.0,3.52,0.48,88.0,12.0,352.0,46.0311233163332,603,176,0.0
1570,176,24,88.0,3.52,0.48,88.0,12.0,352.0,46.0311233163332,603,176,0.0
1571,176,24,88.0,3.52,0.48,88.0,12.0,352.0,46.0311233163332,603,176,0.0
1572,176,24,88.0,3.52,0.48,88.0,12.0,352.0,46.0311233163332,603,176,0.0
1573,176,24,88.0,3.52,0.48,88.0,12.0,352.0,46.0311233163332,603,176,0.0
1574,176,24,88.0,3.52,0.48,88.0,12.0,352.0,46.0311233163332,603,176,0.0
1575,176,24,88.0,3.52,0.48,88.0,12.0,352.0,46.0311233163332,603,176,0.0
1576,176,24,88.0,3.52,0.48,88.0,12.0,352.0,46.0311233163332,603,176,0.0
1577,176,24,88.0,3.52,0.48,88.0,12.0,352.0,46.0311233163332,603,176,0.0
1578,176,24,88.0,3.52,0.48,88.0,12.0,352.0,46.0311233163332,603,176,0.0
1579,176,24,88.0,3.52,0.48,88.0,12.0,352.0,46.0311233163332,603,176,0.0
1580,176,24,88.0,3.52,0.48,88.0,12.0,352.0,46.0311233163332,603,176,0.0
1581,176,24,88.0,3.52,0.48,88.0,12.0,352.0,46.0311233163332,603,176,0.0
1582,176,24,88.0,3.52,0.48,88.0,12.0,352.0,46.0311233163332,603,176,0.0
1583,176,24,88.0,3.52,0.48,88.0,12.0,352.0,46.0311233163332,603,176,0.0
1584,176,24,88.0,3.52,0.48,88.0,12.0,352.0,46.0311233163332,603,176,0.0
1585,176,24,88.0,3.52,0.48,88.0,12.0,352.0,46.0311233163332,604,176,0.0
1586,177,23,88.5,3.54,0.45999999999999996,88.5,11.499999999999998,354.0,46.29266378972146,605,177,2.0
1587,177,23,88.5,3.54,0.45999999999999996,88.5,11.499999999999998,354.0,46.29266378972146,606,177,0.0
1588,177,23,88.5,3.54,0.45999999999999996,88.5,11.499999999999998,354.0,46.29266378972146,606,177,0.0
1589,177,23,88.5,3.54,0.45999999999999996,88.5,11.499999999999998,354.0,46.29266378972146,607,177,0.0
1590,177,23,88.5,3.54,0.45999999999999996,88.5,11.499999999999998,354.0,46.29266378972146,608,177,0.0
1591,177,23,88.5,3.54,0.45999999999999996,88.5,11.499999999999998,354.0,46.29266378972146,608,177,0.0
1592,177,23,88.5,3.54,0.45999999999999996,88.5,11.499999999999998,354.0,46.29266378972146,608,177,0.0
1593,177,23,88.5,3.54,0.45999999999999996,88.5,11.499999999999998,354.0,46.29266378972146,608,177,0.0
1594,177,23,88.5,3.54,0.45999999999999996,88.5,11.499999999999998,354.0,46.29266378972146,608,177,0.0
1595,177,23,88.5,3.54,0.45999999999999996,88.5,11.499999999999998,354.0,46.29266378972146,608,177,0.0
1596,177,23,88.5,3.54,0.45999999999999996,88.5,11.499999999999998,354.0,46.29266378972146,608,177,0.0
1597,177,23,88.5,3.54,0.45999999999999996,88.5,11.499999999999998,354.0,46.29266378972146,608,177,0.0
1598,177,23,88.5,3.54,0.45999999999999996,88.5,11.499999999999998,354.0,46.29266378972146,608,177,0.0
1599,177,23,88.5,3.54,0.45999999999999996,88.5,11.499999999999998,354.0,46.29266378972146,608,177,0.0
1600,177,23,88.5,3.54,0.45999999999999996,88.5,11.499999999999998,354.0,46.29266378972146,608,177,0.0
1601,177,23,88.5,3.54,0.45999999999999996,88.5,11.499999999999998,354.0,46.29266378972146,608,177,0.0
1602,177,23,88.5,3.54,0.45999999999999996,88.5,11.499999999999998,354.0,46.29266378972146,608,177,0.0
1603,177,23,88.5,3.54,0.45999999999999996,88.5,11.499999999999998,354.0,46.29266378972146,608,177,0.0
1604,177,23,88.5,3.54,0.45999999999999996,88.5,11.499999999999998,354.0,46.29266378972146,608,177,0.0
1605,177,23,88.5,3.54,0.45999999999999996,88.5,11.499999999999998,354.0,46.29266378972146,608,177,0.0
1606,177,23,88.5,3.54,0.45999999999999996,88.5,11.499999999999998,354.0,46.29266378972146,608,177,0.0
1607,177,23,88.5,3.54,0.45999999999999996,88.5,11.499999999999998,354.0,46.29266378972146,608,177,0.0
1608,177,23,88.5,3.54,0.45999999999999996,88.5,11.499999999999998,354.0,46.29266378972146,608,177,0.0
1609,177,23,88.5,3.54,0.45999999999999996,88.5,11.499999999999998,354.0,46.29266378972146,608,177,0.0
1610,177,23,88.5,3.54,0.45999999999999996,88.5,11.499999999999998,354.0,46.29266378972146,608,177,0.0
1611,177,23,88.5,3.54,0.45999999999999996,88.5,11.499999999999998,354.0,46.29266378972146,608,177,0.0
1612,177,23,88.5,3.54,0.45999999999999996,88.5,11.499999999999998,354.0,46.29266378972146,609,177,0.0
1613,177,23,88.5,3.54,0.45999999999999996,88.5,11.499999999999998,354.0,46.29266378972146,610,177,0.0
1614,177,23,88.5,3.54,0.45999999999999996,88.5,11.499999999999998,354.0,46.29266378972146,610,177,0.0
1615,177,23,88.5,3.54,0.45999999999999996,88.5,11.499999999999998,354.0,46.29266378972146,610,177,0.0
1616,177,23,88.5,3.54,0.45999999999999996,88.5,11.499999999999998,354.0,46.29266378972146,611,177,0.0
1617,177,23,88.5,3.54,0.45999999999999996,88.5,11.499999999999998,354.0,46.29266378972146,613,177,0.0
1618,177,23,88.5,3.54,0.45999999999999996,88.5,11.499999999999998,354.0,46.29266378972146,615,177,0.0
1619,177,23,88.5,3.54,0.45999999999999996,88.5,11.499999999999998,354.0,46.29266378972146,615,177,0.0
1620,177,23,88.5,3.54,0.45999999999999996,88.5,11.499999999999998,354.0,46.29266378972146,615,177,0.0
1621,177,23,88.5,3.54,0.45999999999999996,88.5,11.499999999999998,354.0,46.29266378972146,615,177,0.0
1622,177,23,88.5,3.54,0.45999999999999996,88.5,11.499999999999998,354.0,46.29266378972146,616,177,0.0
1623,177,23,88.5,3.54,0.45999999999999996,88.5,11.499999999999998,354.0,46.29266378972146,616,177,0.0
1624,177,23,88.5,3.54,0.45999999999999996,88.5,11.499999999999998,354.0,46.29266378972146,616,177,0.0
1625,177,23,88.5,3.54,0.45999999999999996,88.5,11.499999999999998,354.0,46.29266378972146,617,177,0.0
1626,177,23,88.5,3.54,0.45999999999999996,88.5,11.499999999999998,354.0,46.29266378972146,618,177,0.0
1627,177,23,88.5,3.54,0.45999999999999996,88.5,11.499999999999998,354.0,46.29266378972146,618,177,0.0
1628,177,23,88.5,3.54,0.45999999999999996,88.5,11.499999999999998,354.0,46.29266378972146,618,177,0.0
1629,177,23,88.5,3.54,0.45999999999999996,88.5,11.499999999999998,354.0,46.29266378972146,619,177,0.0
1630,177,23,88.5,3.54,0.45999999999999996,88.5,11.499999999999998,354.0,46.29266378972146,620,177,0.0
1631,177,23,88.5,3.54,0.45999999999999996,88.5,11.499999999999998,354.0,46.29266378972146,621,177,0.0
1632,177,23,88.5,3.54,0.45999999999999996,88.5,11.499999999999998,354.0,46.29266378972146,622,177,0.0
1633,177,23,88.5,3.54,0.45999999999999996,88.5,11.499999999999998,354.0,46.29266378972146,623,177,0.0
1634,177,23,88.5,3.54,0.45999999999999996,88.5,11.499999999999998,354.0,46.29266378972146,624,177,0.0
1635,177,23,88.5,3.54,0.45999999999999996,88.5,11.499999999999998,354.0,46.29266378972146,625,177,0.0
1636,177,23,88.5,3.54,0.45999999999999996,88.5,11.499999999999998,354.0,46.29266378972146,626,177,0.0
1637,177,23,88.5,3.54,0.45999999999999996,88.5,11.499999999999998,354.0,46.29266378972146,627,177,0.0
1638,177,23,88.5,3.54,0.45999999999999996,88.5,11.499999999999998,354.0,46.29266378972146,627,177,0.0
1639,177,23,88.5,3.54,0.45999999999999996,88.5,11.499999999999998,354.0,46.29266378972146,627,177,0.0
1640,177,23,88.5,3.54,0.45999999999999996,88.5,11.499999999999998,354.0,46.29266378972146,627,177,0.0
1641,177,23,88.5,3.54,0.45999999999999996,88.5,11.499999999999998,354.0,46.29266378972146,627,177,0.0
1642,177,23,88.5,3.54,0.45999999999999996,88.5,11.499999999999998,354.0,46.29266378972146,627,177,0.0
1643,177,23,88.5,3.54,0.45999999999999996,88.5,11.499999999999998,354.0,46.29266378972146,627,177,0.0
1644,177,23,88.5,3.54,0.45999999999999996,88.5,11.499999999999998,354.0,46.29266378972146,627,177,0.0
1645,177,23,88.5,3.54,0.45999999999999996,88.5,11.499999999999998,354.0,46.29266378972146,627,177,0.0
1646,177,23,88.5,3.54,0.45999999999999996,88.5,11.499999999999998,354.0,46.29266378972146,627,177,0.0
1647,177,23,88.5,3.54,0.45999999999999996,88.5,11.499999999999998,354.0,46.29266378972146,628,177,0.0
1648,177,23,88.5,3.54,0.45999999999999996,88.5,11.499999999999998,354.0,46.29266378972146,628,177,0.0
1649,177,23,88.5,3.54,0.45999999999999996,88.5,11.499999999999998,354.0,46.29266378972146,628,177,0.0
1650,177,23,88.5,3.54,0.45999999999999996,88.5,11.499999999999998,354.0,46.29266378972146,628,177,0.0
1651,177,23,88.5,3.54,0.45999999999999996,88.5,11.499999999999998,354.0,46.29266378972146,628,177,0.0
1652,177,23,88.5,3.54,0.45999999999999996,88.5,11.499999999999998,354.0,46.29266378972146,628,177,0.0
1653,177,23,88.5,3.54,0.45999999999999996,88.5,11.499999999999998,354.0,46.29266378972146,628,177,0.0
1654,177,23,88.5,3.54,0.45999999999999996,88.5,11.499999999999998,354.0,46.29266378972146,628,177,0.0
1655,177,23,88.5,3.54,0.45999999999999996,88.5,11.499999999999998,354.0,46.29266378972146,628,177,0.0
1656,177,23,88.5,3.54,0.45999999999999996,88.5,11.499999999999998,354.0,46.29266378972146,628,177,0.0
1657,177,23,88.5,3.54,0.45999999999999996,88.5,11.499999999999998,354.0,46.29266378972146,628,177,0.0
1658,177,23,88.5,3.54,0.45999999999999996,88.5,11.499999999999998,354.0,46.29266378972146,628,177,0.0
1659,177,23,88.5,3.54,0.45999999999999996,88.5,11.499999999999998,354.0,46.29266378972146,628,177,0.0
1660,177,23,88.5,3.54,0.45999999999999996,88.5,11.499999999999998,354.0,46.29266378972146,628,177,0.0
1661,177,23,88.5,3.54,0.45999999999999996,88.5,11.499999999999998,354.0,46.29266378972146,628,177,0.0
1662,177,23,88.5,3.54,0.45999999999999996,88.5,11.499999999999998,354.0,46.29266378972146,628,177,0.0
1663,177,23,88.5,3.54,0.45999999999999996,88.5,11.499999999999998,354.0,46.29266378972146,628,177,0.0
1664,177,23,88.5,3.54,0.45999999999999996,88.5,11.499999999999998,354.0,46.29266378972146,628,177,0.0
1665,177,23,88.5,3.54,0.45999999999999996,88.5,11.499999999999998,354.0,46.29266378972146,628,177,0.0
1666,177,23,88.5,3.54,0.45999999999999996,88.5,11.499999999999998,354.0,46.29266378972146,628,177,0.0
1667,177,23,88.5,3.54,0.45999999999999996,88.5,11.499999999999998,354.0,46.29266378972146,628,177,0.0
1668,177,23,88.5,3.54,0.45999999999999996,88.5,11.499999999999998,354.0,46.29266378972146,628,177,0.0
1669,177,23,88.5,3.54,0.45999999999999996,88.5,11.499999999999998,354.0,46.29266378972146,628,177,0.0
1670,177,23,88.5,3.54,0.45999999999999996,88.5,11.499999999999998,354.0,46.29266378972146,628,177,0.0
1671,177,23,88.5,3.54,0.45999999999999996,88.5,11.499999999999998,354.0,46.29266378972146,628,177,0.0
1672,177,23,88.5,3.54,0.45999999999999996,88.5,11.499999999999998,354.0,46.29266378972146,628,177,0.0
1673,177,23,88.5,3.54,0.45999999999999996,88.5,11.499999999999998,354.0,46.29266378972146,628,177,0.0
1674,177,23,88.5,3.54,0.45999999999999996,88.5,11.499999999999998,354.0,46.29266378972146,628,177,0.0
1675,177,23,88.5,3.54,0.45999999999999996,88.5,11.499999999999998,354.0,46.29266378972146,628,177,0.0
1676,177,23,88.5,3.54,0.45999999999999996,88.5,11.499999999999998,354.0,46.29266378972146,629,177,0.0
1677,177,23,88.5,3.54,0.45999999999999996,88.5,11.499999999999998,354.0,46.29266378972146,629,177,0.0
1678,177,23,88.5,3.54,0.45999999999999996,88.5,11.499999999999998,354.0,46.29266378972146,629,177,0.0
1679,177,23,88.5,3.54,0.45999999999999996,88.5,11.499999999999998,354.0,46.29266378972146,629,177,0.0
1680,177,23,88.5,3.54,0.45999999999999996,88.5,11.499999999999998,354.0,46.29266378972146,629,177,0.0
1681,177,23,88.5,3.54,0.45999999999999996,88.5,11.499999999999998,354.0,46.29266378972146,629,177,0.0
1682,177,23,88.5,3.54,0.45999999999999996,88.5,11.499999999999998,354.0,46.29266378972146,629,177,0.0
1683,177,23,88.5,3.54,0.45999999999999996,88.5,11.499999999999998,354.0,46.29266378972146,629,177,0.0
1684,177,23,88.5,3.54,0.45999999999999996,88.5,11.499999999999998,354.0,46.29266378972146,630,177,0.0
1685,177,23,88.5,3.54,0.45999999999999996,88.5,11.499999999999998,354.0,46.29266378972146,631,177,0.0
1686,177,23,88.5,3.54,0.45999999999999996,88.5,11.499999999999998,354.0,46.29266378972146,632,177,0.0
1687,177,23,88.5,3.54,0.45999999999999996,88.5,11.499999999999998,354.0,46.29266378972146,634,177,0.0
1688,177,23,88.5,3.54,0.45999999999999996,88.5,11.499999999999998,354.0,46.29266378972146,636,177,0.0
1689,177,23,88.5,3.54,0.45999999999999996,88.5,11.499999999999998,354.0,46.29266378972146,637,177,0.0
1690,177,23,88.5,3.54,0.45999999999999996,88.5,11.499999999999998,354.0,46.29266378972146,637,177,0.0
1691,177,23,88.5,3.54,0.45999999999999996,88.5,11.499999999999998,354.0,46.29266378972146,637,177,0.0
1692,177,23,88.5,3.54,0.45999999999999996,88.5,11.499999999999998,354.0,46.29266378972146,637,177,0.0
1693,177,23,88.5,3.54,0.45999999999999996,88.5,11.499999999999998,354.0,46.29266378972146,638,177,0.0
1694,177,23,88.5,3.54,0.45999999999999996,88.5,11.499999999999998,354.0,46.29266378972146,639,177,0.0
1695,177,23,88.5,3.54,0.45999999999999996,88.5,11.499999999999998,354.0,46.29266378972146,639,177,0.0
1696,177,23,88.5,3.54,0.45999999999999996,88.5,11.499999999999998,354.0,46.29266378972146,640,177,0.0
1697,177,23,88.5,3.54,0.45999999999999996,88.5,11.499999999999998,354.0,46.29266378972146,641,177,0.0
1698,177,23,88.5,3.54,0.45999999999999996,88.5,11.499999999999998,354.0,46.29266378972146,641,177,0.0
1699,177,23,88.5,3.54,0.45999999999999996,88.5,11.499999999999998,354.0,46.29266378972146,641,177,0.0
1700,177,23,88.5,3.54,0.45999999999999996,88.5,11.499999999999998,354.0,46.29266378972146,642,177,0.0
1701,177,23,88.5,3.54,0.45999999999999996,88.5,11.499999999999998,354.0,46.29266378972146,643,177,0.0
1702,178,22,89.0,3.56,0.43999999999999995,89.0,10.999999999999998,356.0,46.55420426310971,645,178,2.0
1703,178,22,89.0,3.56,0.43999999999999995,89.0,10.999999999999998,356.0,46.55420426310971,647,178,0.0
1704,178,22,89.0,3.56,0.43999999999999995,89.0,10.999999999999998,356.0,46.55420426310971,647,178,0.0
1705,178,22,89.0,3.56,0.43999999999999995,89.0,10.999999999999998,356.0,46.55420426310971,648,178,0.0
1706,178,22,89.0,3.56,0.43999999999999995,89.0,10.999999999999998,356.0,46.55420426310971,649,178,0.0
1707,178,22,89.0,3.56,0.43999999999999995,89.0,10.999999999999998,356.0,46.55420426310971,650,178,0.0
1708,178,22,89.0,3.56,0.43999999999999995,89.0,10.999999999999998,356.0,46.55420426310971,651,178,0.0
1709,178,22,89.0,3.56,0.43999999999999995,89.0,10.999999999999998,356.0,46.55420426310971,651,178,0.0
1710,178,22,89.0,3.56,0.43999999999999995,89.0,10.999999999999998,356.0,46.55420426310971,651,178,0.0
1711,178,22,89.0,3.56,0.43999999999999995,89.0,10.999999999999998,356.0,46.55420426310971,652,178,0.0
1712,178,22,89.0,3.56,0.43999999999999995,89.0,10.999999999999998,356.0,46.55420426310971,653,178,0.0
1713,178,22,89.0,3.56,0.43999999999999995,89.0,10.999999999999998,356.0,46.55420426310971,653,178,0.0
1714,178,22,89.0,3.56,0.43999999999999995,89.0,10.999999999999998,356.0,46.55420426310971,654,178,0.0
1715,178,22,89.0,3.56,0.43999999999999995,89.0,10.999999999999998,356.0,46.55420426310971,654,178,0.0
1716,178,22,89.0,3.56,0.43999999999999995,89.0,10.999999999999998,356.0,46.55420426310971,655,178,0.0
1717,178,22,89.0,3.56,0.43999999999999995,89.0,10.999999999999998,356.0,46.55420426310971,655,178,0.0
1718,178,22,89.0,3.56,0.43999999999999995,89.0,10.999999999999998,356.0,46.55420426310971,656,178,0.0
1719,178,22,89.0,3.56,0.43999999999999995,89.0,10.999999999999998,356.0,46.55420426310971,656,178,0.0
1720,178,22,89.0,3.56,0.43999999999999995,89.0,10.999999999999998,356.0,46.55420426310971,656,178,0.0
1721,178,22,89.0,3.56,0.43999999999999995,89.0,10.999999999999998,356.0,46.55420426310971,656,178,0.0
1722,178,22,89.0,3.56,0.43999999999999995,89.0,10.999999999999998,356.0,46.55420426310971,657,178,0.0
1723,178,22,89.0,3.56,0.43999999999999995,89.0,10.999999999999998,356.0,46.55420426310971,658,178,0.0
1724,179,21,89.5,3.58,0.41999999999999993,89.5,10.499999999999998,358.0,46.81574473649797,659,179,2.0
1725,179,21,89.5,3.58,0.41999999999999993,89.5,10.499999999999998,358.0,46.81574473649797,659,179,0.0
1726,179,21,89.5,3.58,0.41999999999999993,89.5,10.499999999999998,358.0,46.81574473649797,659,179,0.0
1727,179,21,89.5,3.58,0.41999999999999993,89.5,10.499999999999998,358.0,46.81574473649797,659,179,0.0
1728,179,21,89.5,3.58,0.41999999999999993,89.5,10.499999999999998,358.0,46.81574473649797,659,179,0.0
1729,179,21,89.5,3.58,0.41999999999999993,89.5,10.499999999999998,358.0,46.81574473649797,659,179,0.0
1730,179,21,89.5,3.58,0.41999999999999993,89.5,10.499999999999998,358.0,46.81574473649797,660,179,0.0
1731,179,21,89.5,3.58,0.41999999999999993,89.5,10.499999999999998,358.0,46.81574473649797,660,179,0.0
1732,179,21,89.5,3.58,0.41999999999999993,89.5,10.499999999999998,358.0,46.81574473649797,660,179,0.0
1733,179,21,89.5,3.58,0.41999999999999993,89.5,10.499999999999998,358.0,46.81574473649797,660,179,0.0
1734,179,21,89.5,3.58,0.41999999999999993,89.5,10.499999999999998,358.0,46.81574473649797,660,179,0.0
1735,179,21,89.5,3.58,0.41999999999999993,89.5,10.499999999999998,358.0,46.81574473649797,661,179,0.0
1736,179,21,89.5,3.58,0.41999999999999993,89.5,10.499999999999998,358.0,46.81574473649797,662,179,0.0
1737,179,21,89.5,3.58,0.41999999999999993,89.5,10.499999999999998,358.0,46.81574473649797,662,179,0.0
1738,179,21,89.5,3.58,0.41999999999999993,89.5,10.499999999999998,358.0,46.81574473649797,663,179,0.0
1739,179,21,89.5,3.58,0.41999999999999993,89.5,10.499999999999998,358.0,46.81574473649797,664,179,0.0
1740,179,21,89.5,3.58,0.41999999999999993,89.5,10.499999999999998,358.0,46.81574473649797,666,179,0.0
1741,179,21,89.5,3.58,0.41999999999999993,89.5,10.499999999999998,358.0,46.81574473649797,667,179,0.0
1742,179,21,89.5,3.58,0.41999999999999993,89.5,10.499999999999998,358.0,46.81574473649797,668,179,0.0
1743,179,21,89.5,3.58,0.41999999999999993,89.5,10.499999999999998,358.0,46.81574473649797,668,179,0.0
1744,179,21,89.5,3.58,0.41999999999999993,89.5,10.499999999999998,358.0,46.81574473649797,668,179,0.0
1745,179,21,89.5,3.58,0.41999999999999993,89.5,10.499999999999998,358.0,46.81574473649797,668,179,0.0
1746,179,21,89.5,3.58,0.41999999999999993,89.5,10.499999999999998,358.0,46.81574473649797,668,179,0.0
1747,179,21,89.5,3.58,0.41999999999999993,89.5,10.499999999999998,358.0,46.81574473649797,669,179,0.0
1748,179,21,89.5,3.58,0.41999999999999993,89.5,10.499999999999998,358.0,46.81574473649797,670,179,0.0
1749,179,21,89.5,3.58,0.41999999999999993,89.5,10.499999999999998,358.0,46.81574473649797,671,179,0.0
1750,179,21,89.5,3.58,0.41999999999999993,89.5,10.499999999999998,358.0,46.81574473649797,672,179,0.0
1751,179,21,89.5,3.58,0.41999999999999993,89.5,10.499999999999998,358.0,46.81574473649797,673,179,0.0
1752,179,21,89.5,3.58,0.41999999999999993,89.5,10.499999999999998,358.0,46.81574473649797,674,179,0.0
1753,179,21,89.5,3.58,0.41999999999999993,89.5,10.499999999999998,358.0,46.81574473649797,676,179,0.0
1754,179,21,89.5,3.58,0.41999999999999993,89.5,10.499999999999998,358.0,46.81574473649797,676,179,0.0
1755,179,21,89.5,3.58,0.41999999999999993,89.5,10.499999999999998,358.0,46.81574473649797,676,179,0.0
1756,179,21,89.5,3.58,0.41999999999999993,89.5,10.499999999999998,358.0,46.81574473649797,678,179,0.0
1757,179,21,89.5,3.58,0.41999999999999993,89.5,10.499999999999998,358.0,46.81574473649797,679,179,0.0
1758,179,21,89.5,3.58,0.41999999999999993,89.5,10.499999999999998,358.0,46.81574473649797,680,179,0.0
1759,179,21,89.5,3.58,0.41999999999999993,89.5,10.499999999999998,358.0,46.81574473649797,681,179,0.0
1760,179,21,89.5,3.58,0.41999999999999993,89.5,10.499999999999998,358.0,46.81574473649797,682,179,0.0
1761,179,21,89.5,3.58,0.41999999999999993,89.5,10.499999999999998,358.0,46.81574473649797,684,179,0.0
1762,179,21,89.5,3.58,0.41999999999999993,89.5,10.499999999999998,358.0,46.81574473649797,687,179,0.0
1763,179,21,89.5,3.58,0.41999999999999993,89.5,10.499999999999998,358.0,46.81574473649797,689,179,0.0
1764,179,21,89.5,3.58,0.41999999999999993,89.5,10.499999999999998,358.0,46.81574473649797,692,179,0.0
1765,179,21,89.5,3.58,0.41999999999999993,89.5,10.499999999999998,358.0,46.81574473649797,693,179,0.0
1766,179,21,89.5,3.58,0.41999999999999993,89.5,10.499999999999998,358.0,46.81574473649797,694,179,0.0
1767,179,21,89.5,3.58,0.41999999999999993,89.5,10.499999999999998,358.0,46.81574473649797,694,179,0.0
1768,179,21,89.5,3.58,0.41999999999999993,89.5,10.499999999999998,358.0,46.81574473649797,694,179,0.0
1769,179,21,89.5,3.58,0.41999999999999993,89.5,10.499999999999998,358.0,46.81574473649797,695,179,0.0
1770,179,21,89.5,3.58,0.41999999999999993,89.5,10.499999999999998,358.0,46.81574473649797,696,179,0.0
1771,179,21,89.5,3.58,0.41999999999999993,89.5,10.499999999999998,358.0,46.81574473649797,696,179,0.0
1772,179,21,89.5,3.58,0.41999999999999993,89.5,10.499999999999998,358.0,46.81574473649797,696,179,0.0
1773,179,21,89.5,3.58,0.41999999999999993,89.5,10.499999999999998,358.0,46.81574473649797,696,179,0.0
1774,179,21,89.5,3.58,0.41999999999999993,89.5,10.499999999999998,358.0,46.81574473649797,697,179,0.0
1775,179,21,89.5,3.58,0.41999999999999993,89.5,10.499999999999998,358.0,46.81574473649797,698,179,0.0
1776,179,21,89.5,3.58,0.41999999999999993,89.5,10.499999999999998,358.0,46.81574473649797,699,179,0.0
1777,179,21,89.5,3.58,0.41999999999999993,89.5,10.499999999999998,358.0,46.81574473649797,700,179,0.0
1778,179,21,89.5,3.58,0.41999999999999993,89.5,10.499999999999998,358.0,46.81574473649797,701,179,0.0
1779,179,21,89.5,3.58,0.41999999999999993,89.5,10.499999999999998,358.0,46.81574473649797,702,179,0.0
1780,179,21,89.5,3.58,0.41999999999999993,89.5,10.499999999999998,358.0,46.81574473649797,702,179,0.0
1781,180,20,90.0,3.6,0.3999999999999999,90.0,9.999999999999998,360.0,47.07728520988623,703,180,2.0
1782,180,20,90.0,3.6,0.3999999999999999,90.0,9.999999999999998,360.0,47.07728520988623,703,180,0.0
1783,180,20,90.0,3.6,0.3999999999999999,90.0,9.999999999999998,360.0,47.07728520988623,703,180,0.0
1784,180,20,90.0,3.6,0.3999999999999999,90.0,9.999999999999998,360.0,47.07728520988623,703,180,0.0
1785,180,20,90.0,3.6,0.3999999999999999,90.0,9.999999999999998,360.0,47.07728520988623,703,180,0.0
1786,180,20,90.0,3.6,0.3999999999999999,90.0,9.999999999999998,360.0,47.07728520988623,704,180,0.0
1787,180,20,90.0,3.6,0.3999999999999999,90.0,9.999999999999998,360.0,47.07728520988623,704,180,0.0
1788,180,20,90.0,3.6,0.3999999999999999,90.0,9.999999999999998,360.0,47.07728520988623,704,180,0.0
1789,180,20,90.0,3.6,0.3999999999999999,90.0,9.999999999999998,360.0,47.07728520988623,705,180,0.0
1790,180,20,90.0,3.6,0.3999999999999999,90.0,9.999999999999998,360.0,47.07728520988623,706,180,0.0
1791,180,20,90.0,3.6,0.3999999999999999,90.0,9.999999999999998,360.0,47.07728520988623,707,180,0.0
1792,180,20,90.0,3.6,0.3999999999999999,90.0,9.999999999999998,360.0,47.07728520988623,708,180,0.0
1793,180,20,90.0,3.6,0.3999999999999999,90.0,9.999999999999998,360.0,47.07728520988623,709,180,0.0
1794,180,20,90.0,3.6,0.3999999999999999,90.0,9.999999999999998,360.0,47.07728520988623,710,180,0.0
1795,180,20,90.0,3.6,0.3999999999999999,90.0,9.999999999999998,360.0,47.07728520988623,710,180,0.0
1796,180,20,90.0,3.6,0.3999999999999999,90.0,9.999999999999998,360.0,47.07728520988623,711,180,0.0
1797,180,20,90.0,3.6,0.3999999999999999,90.0,9.999999999999998,360.0,47.07728520988623,711,180,0.0
1798,180,20,90.0,3.6,0.3999999999999999,90.0,9.999999999999998,360.0,47.07728520988623,711,180,0.0
1799,180,20,90.0,3.6,0.3999999999999999,90.0,9.999999999999998,360.0,47.07728520988623,711,180,0.0
1800,180,20,90.0,3.6,0.3999999999999999,90.0,9.999999999999998,360.0,47.07728520988623,711,180,0.0
1801,180,20,90.0,3.6,0.3999999999999999,90.0,9.999999999999998,360.0,47.07728520988623,712,180,0.0
1802,180,20,90.0,3.6,0.3999999999999999,90.0,9.999999999999998,360.0,47.07728520988623,712,180,0.0
1803,180,20,90.0,3.6,0.3999999999999999,90.0,9.999999999999998,360.0,47.07728520988623,713,180,0.0
1804,180,20,90.0,3.6,0.3999999999999999,90.0,9.999999999999998,360.0,47.07728520988623,713,180,0.0
1805,180,20,90.0,3.6,0.3999999999999999,90.0,9.999999999999998,360.0,47.07728520988623,714,180,0.0
1806,180,20,90.0,3.6,0.3999999999999999,90.0,9.999999999999998,360.0,47.07728520988623,715,180,0.0
1807,180,20,90.0,3.6,0.3999999999999999,90.0,9.999999999999998,360.0,47.07728520988623,716,180,0.0
1808,180,20,90.0,3.6,0.3999999999999999,90.0,9.999999999999998,360.0,47.07728520988623,718,180,0.0
1809,180,20,90.0,3.6,0.3999999999999999,90.0,9.999999999999998,360.0,47.07728520988623,720,180,0.0
1810,180,20,90.0,3.6,0.3999999999999999,90.0,9.999999999999998,360.0,47.07728520988623,721,180,0.0
1811,180,20,90.0,3.6,0.3999999999999999,90.0,9.999999999999998,360.0,47.07728520988623,722,180,0.0
1812,180,20,90.0,3.6,0.3999999999999999,90.0,9.999999999999998,360.0,47.07728520988623,722,180,0.0
1813,180,20,90.0,3.6,0.3999999999999999,90.0,9.999999999999998,360.0,47.07728520988623,722,180,0.0
1814,180,20,90.0,3.6,0.3999999999999999,90.0,9.999999999999998,360.0,47.07728520988623,722,180,0.0
1815,180,20,90.0,3.6,0.3999999999999999,90.0,9.999999999999998,360.0,47.07728520988623,722,180,0.0
1816,180,20,90.0,3.6,0.3999999999999999,90.0,9.999999999999998,360.0,47.07728520988623,722,180,0.0
1817,180,20,90.0,3.6,0.3999999999999999,90.0,9.999999999999998,360.0,47.07728520988623,722,180,0.0
1818,180,20,90.0,3.6,0.3999999999999999,90.0,9.999999999999998,360.0,47.07728520988623,722,180,0.0
1819,180,20,90.0,3.6,0.3999999999999999,90.0,9.999999999999998,360.0,47.07728520988623,722,180,0.0
1820,180,20,90.0,3.6,0.3999999999999999,90.0,9.999999999999998,360.0,47.07728520988623,722,180,0.0
1821,180,20,90.0,3.6,0.3999999999999999,90.0,9.999999999999998,360.0,47.07728520988623,722,180,0.0
1822,180,20,90.0,3.6,0.3999999999999999,90.0,9.999999999999998,360.0,47.07728520988623,722,180,0.0
1823,180,20,90.0,3.6,0.3999999999999999,90.0,9.999999999999998,360.0,47.07728520988623,722,180,0.0
1824,180,20,90.0,3.6,0.3999999999999999,90.0,9.999999999999998,360.0,47.07728520988623,722,180,0.0
1825,180,20,90.0,3.6,0.3999999999999999,90.0,9.999999999999998,360.0,47.07728520988623,723,180,0.0
1826,181,19,90.5,3.62,0.3799999999999999,90.5,9.499999999999996,362.0,47.338825683274486,724,181,2.0
1827,181,19,90.5,3.62,0.3799999999999999,90.5,9.499999999999996,362.0,47.338825683274486,724,181,0.0
1828,181,19,90.5,3.62,0.3799999999999999,90.5,9.499999999999996,362.0,47.338825683274486,724,181,0.0
1829,181,19,90.5,3.62,0.3799999999999999,90.5,9.499999999999996,362.0,47.338825683274486,724,181,0.0
1830,181,19,90.5,3.62,0.3799999999999999,90.5,9.499999999999996,362.0,47.338825683274486,724,181,0.0
1831,181,19,90.5,3.62,0.3799999999999999,90.5,9.499999999999996,362.0,47.338825683274486,724,181,0.0
1832,181,19,90.5,3.62,0.3799999999999999,90.5,9.499999999999996,362.0,47.338825683274486,724,181,0.0
1833,181,19,90.5,3.62,0.3799999999999999,90.5,9.499999999999996,362.0,47.338825683274486,724,181,0.0
1834,181,19,90.5,3.62,0.3799999999999999,90.5,9.499999999999996,362.0,47.338825683274486,724,181,0.0
1835,181,19,90.5,3.62,0.3799999999999999,90.5,9.499999999999996,362.0,47.338825683274486,724,181,0.0
1836,181,19,90.5,3.62,0.3799999999999999,90.5,9.499999999999996,362.0,47.338825683274486,724,181,0.0
1837,181,19,90.5,3.62,0.3799999999999999,90.5,9.499999999999996,362.0,47.338825683274486,724,181,0.0
1838,181,19,90.5,3.62,0.3799999999999999,90.5,9.499999999999996,362.0,47.338825683274486,724,181,0.0
1839,181,19,90.5,3.62,0.3799999999999999,90.5,9.499999999999996,362.0,47.338825683274486,724,181,0.0
1840,181,19,90.5,3.62,0.3799999999999999,90.5,9.499999999999996,362.0,47.338825683274486,724,181,0.0
1841,181,19,90.5,3.62,0.3799999999999999,90.5,9.499999999999996,362.0,47.338825683274486,724,181,0.0
1842,181,19,90.5,3.62,0.3799999999999999,90.5,9.499999999999996,362.0,47.338825683274486,724,181,0.0
1843,181,19,90.5,3.62,0.3799999999999999,90.5,9.499999999999996,362.0,47.338825683274486,724,181,0.0
1844,181,19,90.5,3.62,0.3799999999999999,90.5,9.499999999999996,362.0,47.338825683274486,724,181,0.0
1845,181,19,90.5,3.62,0.3799999999999999,90.5,9.499999999999996,362.0,47.338825683274486,724,181,0.0
1846,181,19,90.5,3.62,0.3799999999999999,90.5,9.499999999999996,362.0,47.338825683274486,724,181,0.0
1847,181,19,90.5,3.62,0.3799999999999999,90.5,9.499999999999996,362.0,47.338825683274486,724,181,0.0
1848,181,19,90.5,3.62,0.3799999999999999,90.5,9.499999999999996,362.0,47.338825683274486,724,181,0.0
1849,181,19,90.5,3.62,0.3799999999999999,90.5,9.499999999999996,362.0,47.338825683274486,724,181,0.0
1850,181,19,90.5,3.62,0.3799999999999999,90.5,9.499999999999996,362.0,47.338825683274486,724,181,0.0
1851,181,19,90.5,3.62,0.3799999999999999,90.5,9.499999999999996,362.0,47.338825683274486,724,181,0.0
1852,181,19,90.5,3.62,0.3799999999999999,90.5,9.499999999999996,362.0,47.338825683274486,724,181,0.0
1853,181,19,90.5,3.62,0.3799999999999999,90.5,9.499999999999996,362.0,47.338825683274486,724,181,0.0
1854,182,18,91.0,3.64,0.3599999999999999,91.0,8.999999999999996,364.0,47.600366156662744,725,182,2.0
1855,182,18,91.0,3.64,0.3599999999999999,91.0,8.999999999999996,364.0,47.600366156662744,725,182,0.0
1856,182,18,91.0,3.64,0.3599999999999999,91.0,8.999999999999996,364.0,47.600366156662744,725,182,0.0
1857,182,18,91.0,3.64,0.3599999999999999,91.0,8.999999999999996,364.0,47.600366156662744,725,182,0.0
1858,182,18,91.0,3.64,0.3599999999999999,91.0,8.999999999999996,364.0,47.600366156662744,725,182,0.0
1859,182,18,91.0,3.64,0.3599999999999999,91.0,8.999999999999996,364.0,47.600366156662744,725,182,0.0
1860,182,18,91.0,3.64,0.3599999999999999,91.0,8.999999999999996,364.0,47.600366156662744,725,182,0.0
1861,182,18,91.0,3.64,0.3599999999999999,91.0,8.999999999999996,364.0,47.600366156662744,725,182,0.0
1862,182,18,91.0,3.64,0.3599999999999999,91.0,8.999999999999996,364.0,47.600366156662744,725,182,0.0
1863,182,18,91.0,3.64,0.3599999999999999,91.0,8.999999999999996,364.0,47.600366156662744,725,182,0.0
1864,182,18,91.0,3.64,0.3599999999999999,91.0,8.999999999999996,364.0,47.600366156662744,725,182,0.0
1865,182,18,91.0,3.64,0.3599999999999999,91.0,8.999999999999996,364.0,47.600366156662744,725,182,0.0
1866,182,18,91.0,3.64,0.3599999999999999,91.0,8.999999999999996,364.0,47.600366156662744,725,182,0.0
1867,182,18,91.0,3.64,0.3599999999999999,91.0,8.999999999999996,364.0,47.600366156662744,725,182,0.0
1868,182,18,91.0,3.64,0.3599999999999999,91.0,8.999999999999996,364.0,47.600366156662744,725,182,0.0
1869,182,18,91.0,3.64,0.3599999999999999,91.0,8.999999999999996,364.0,47.600366156662744,725,182,0.0
1870,182,18,91.0,3.64,0.3599999999999999,91.0,8.999999999999996,364.0,47.600366156662744,725,182,0.0
1871,182,18,91.0,3.64,0.3599999999999999,91.0,8.999999999999996,364.0,47.600366156662744,725,182,0.0
1872,182,18,91.0,3.64,0.3599999999999999,91.0,8.999999999999996,364.0,47.600366156662744,725,182,0.0
1873,182,18,91.0,3.64,0.3599999999999999,91.0,8.999999999999996,364.0,47.600366156662744,725,182,0.0
1874,182,18,91.0,3.64,0.3599999999999999,91.0,8.999999999999996,364.0,47.600366156662744,725,182,0.0
1875,182,18,91.0,3.64,0.3599999999999999,91.0,8.999999999999996,364.0,47.600366156662744,725,182,0.0
1876,182,18,91.0,3.64,0.3599999999999999,91.0,8.999999999999996,364.0,47.600366156662744,725,182,0.0
1877,182,18,91.0,3.64,0.3599999999999999,91.0,8.999999999999996,364.0,47.600366156662744,725,182,0.0
1878,182,18,91.0,3.64,0.3599999999999999,91.0,8.999999999999996,364.0,47.600366156662744,725,182,0.0
1879,183,17,91.5,3.66,0.33999999999999986,91.5,8.499999999999996,366.0,47.861906630050996,727,183,2.0
1880,183,17,91.5,3.66,0.33999999999999986,91.5,8.499999999999996,366.0,47.861906630050996,728,183,0.0
1881,183,17,91.5,3.66,0.33999999999999986,91.5,8.499999999999996,366.0,47.861906630050996,729,183,0.0
1882,183,17,91.5,3.66,0.33999999999999986,91.5,8.499999999999996,366.0,47.861906630050996,729,183,0.0
1883,183,17,91.5,3.66,0.33999999999999986,91.5,8.499999999999996,366.0,47.861906630050996,729,183,0.0
1884,183,17,91.5,3.66,0.33999999999999986,91.5,8.499999999999996,366.0,47.861906630050996,730,183,0.0
1885,183,17,91.5,3.66,0.33999999999999986,91.5,8.499999999999996,366.0,47.861906630050996,731,183,0.0
1886,183,17,91.5,3.66,0.33999999999999986,91.5,8.499999999999996,366.0,47.861906630050996,732,183,0.0
1887,183,17,91.5,3.66,0.33999999999999986,91.5,8.499999999999996,366.0,47.861906630050996,732,183,0.0
1888,183,17,91.5,3.66,0.33999999999999986,91.5,8.499999999999996,366.0,47.861906630050996,732,183,0.0
1889,183,17,91.5,3.66,0.33999999999999986,91.5,8.499999999999996,366.0,47.861906630050996,732,183,0.0
1890,183,17,91.5,3.66,0.33999999999999986,91.5,8.499999999999996,366.0,47.861906630050996,732,183,0.0
1891,183,17,91.5,3.66,0.33999999999999986,91.5,8.499999999999996,366.0,47.861906630050996,732,183,0.0
1892,183,17,91.5,3.66,0.33999999999999986,91.5,8.499999999999996,366.0,47.861906630050996,732,183,0.0
1893,183,17,91.5,3.66,0.33999999999999986,91.5,8.499999999999996,366.0,47.861906630050996,732,183,0.0
1894,183,17,91.5,3.66,0.33999999999999986,91.5,8.499999999999996,366.0,47.861906630050996,732,183,0.0
1895,183,17,91.5,3.66,0.33999999999999986,91.5,8.499999999999996,366.0,47.861906630050996,732,183,0.0
1896,183,17,91.5,3.66,0.33999999999999986,91.5,8.499999999999996,366.0,47.861906630050996,732,183,0.0
1897,183,17,91.5,3.66,0.33999999999999986,91.5,8.499999999999996,366.0,47.861906630050996,732,183,0.0
1898,183,17,91.5,3.66,0.33999999999999986,91.5,8.499999999999996,366.0,47.861906630050996,732,183,0.0
1899,183,17,91.5,3.66,0.33999999999999986,91.5,8.499999999999996,366.0,47.861906630050996,732,183,0.0
1900,183,17,91.5,3.66,0.33999999999999986,91.5,8.499999999999996,366.0,47.861906630050996,732,183,0.0
1901,183,17,91.5,3.66,0.33999999999999986,91.5,8.499999999999996,366.0,47.861906630050996,732,183,0.0
1902,183,17,91.5,3.66,0.33999999999999986,91.5,8.499999999999996,366.0,47.861906630050996,732,183,0.0
1903,183,17,91.5,3.66,0.33999999999999986,91.5,8.499999999999996,366.0,47.861906630050996,732,183,0.0
1904,183,17,91.5,3.66,0.33999999999999986,91.5,8.499999999999996,366.0,47.861906630050996,733,183,0.0
1905,183,17,91.5,3.66,0.33999999999999986,91.5,8.499999999999996,366.0,47.861906630050996,733,183,0.0
1906,183,17,91.5,3.66,0.33999999999999986,91.5,8.499999999999996,366.0,47.861906630050996,734,183,0.0
1907,183,17,91.5,3.66,0.33999999999999986,91.5,8.499999999999996,366.0,47.861906630050996,735,183,0.0
1908,183,17,91.5,3.66,0.33999999999999986,91.5,8.499999999999996,366.0,47.861906630050996,736,183,0.0
1909,183,17,91.5,3.66,0.33999999999999986,91.5,8.499999999999996,366.0,47.861906630050996,737,183,0.0
1910,183,17,91.5,3.66,0.33999999999999986,91.5,8.499999999999996,366.0,47.861906630050996,738,183,0.0
1911,183,17,91.5,3.66,0.33999999999999986,91.5,8.499999999999996,366.0,47.861906630050996,738,183,0.0
1912,183,17,91.5,3.66,0.33999999999999986,91.5,8.499999999999996,366.0,47.861906630050996,738,183,0.0
1913,183,17,91.5,3.66,0.33999999999999986,91.5,8.499999999999996,366.0,47.861906630050996,738,183,0.0
1914,183,17,91.5,3.66,0.33999999999999986,91.5,8.499999999999996,366.0,47.861906630050996,738,183,0.0
1915,183,17,91.5,3.66,0.33999999999999986,91.5,8.499999999999996,366.0,47.861906630050996,738,183,0.0
1916,183,17,91.5,3.66,0.33999999999999986,91.5,8.499999999999996,366.0,47.861906630050996,738,183,0.0
1917,183,17,91.5,3.66,0.33999999999999986,91.5,8.499999999999996,366.0,47.861906630050996,738,183,0.0
1918,183,17,91.5,3.66,0.33999999999999986,91.5,8.499999999999996,366.0,47.861906630050996,738,183,0.0
1919,183,17,91.5,3.66,0.33999999999999986,91.5,8.499999999999996,366.0,47.861906630050996,738,183,0.0
1920,183,17,91.5,3.66,0.33999999999999986,91.5,8.499999999999996,366.0,47.861906630050996,738,183,0.0
1921,183,17,91.5,3.66,0.33999999999999986,91.5,8.499999999999996,366.0,47.861906630050996,738,183,0.0
1922,183,17,91.5,3.66,0.33999999999999986,91.5,8.499999999999996,366.0,47.861906630050996,739,183,0.0
1923,183,17,91.5,3.66,0.33999999999999986,91.5,8.499999999999996,366.0,47.861906630050996,740,183,0.0
1924,183,17,91.5,3.66,0.33999999999999986,91.5,8.499999999999996,366.0,47.861906630050996,741,183,0.0
1925,183,17,91.5,3.66,0.33999999999999986,91.5,8.499999999999996,366.0,47.861906630050996,742,183,0.0
1926,183,17,91.5,3.66,0.33999999999999986,91.5,8.499999999999996,366.0,47.861906630050996,743,183,0.0
1927,183,17,91.5,3.66,0.33999999999999986,91.5,8.499999999999996,366.0,47.861906630050996,744,183,0.0
1928,183,17,91.5,3.66,0.33999999999999986,91.5,8.499999999999996,366.0,47.861906630050996,744,183,0.0
1929,183,17,91.5,3.66,0.33999999999999986,91.5,8.499999999999996,366.0,47.861906630050996,745,183,0.0
1930,183,17,91.5,3.66,0.33999999999999986,91.5,8.499999999999996,366.0,47.861906630050996,745,183,0.0
1931,183,17,91.5,3.66,0.33999999999999986,91.5,8.499999999999996,366.0,47.861906630050996,746,183,0.0
1932,183,17,91.5,3.66,0.33999999999999986,91.5,8.499999999999996,366.0,47.861906630050996,747,183,0.0
1933,183,17,91.5,3.66,0.33999999999999986,91.5,8.499999999999996,366.0,47.861906630050996,747,183,0.0
1934,183,17,91.5,3.66,0.33999999999999986,91.5,8.499999999999996,366.0,47.861906630050996,747,183,0.0
1935,183,17,91.5,3.66,0.33999999999999986,91.5,8.499999999999996,366.0,47.861906630050996,748,183,0.0
1936,183,17,91.5,3.66,0.33999999999999986,91.5,8.499999999999996,366.0,47.861906630050996,748,183,0.0
1937,183,17,91.5,3.66,0.33999999999999986,91.5,8.499999999999996,366.0,47.861906630050996,749,183,0.0
1938,183,17,91.5,3.66,0.33999999999999986,91.5,8.499999999999996,366.0,47.861906630050996,751,183,0.0
1939,183,17,91.5,3.66,0.33999999999999986,91.5,8.499999999999996,366.0,47.861906630050996,752,183,0.0
1940,183,17,91.5,3.66,0.33999999999999986,91.5,8.499999999999996,366.0,47.861906630050996,752,183,0.0
1941,183,17,91.5,3.66,0.33999999999999986,91.5,8.499999999999996,366.0,47.861906630050996,752,183,0.0
1942,184,16,92.0,3.68,0.31999999999999984,92.0,7.999999999999996,368.0,48.123447103439254,753,184,2.0
1943,184,16,92.0,3.68,0.31999999999999984,92.0,7.999999999999996,368.0,48.123447103439254,754,184,0.0
1944,184,16,92.0,3.68,0.31999999999999984,92.0,7.999999999999996,368.0,48.123447103439254,755,184,0.0
1945,184,16,92.0,3.68,0.31999999999999984,92.0,7.999999999999996,368.0,48.123447103439254,755,184,0.0
1946,184,16,92.0,3.68,0.31999999999999984,92.0,7.999999999999996,368.0,48.123447103439254,755,184,0.0
1947,184,16,92.0,3.68,0.31999999999999984,92.0,7.999999999999996,368.0,48.123447103439254,756,184,0.0
1948,184,16,92.0,3.68,0.31999999999999984,92.0,7.999999999999996,368.0,48.123447103439254,757,184,0.0
1949,184,16,92.0,3.68,0.31999999999999984,92.0,7.999999999999996,368.0,48.123447103439254,758,184,0.0
1950,184,16,92.0,3.68,0.31999999999999984,92.0,7.999999999999996,368.0,48.123447103439254,760,184,0.0
1951,184,16,92.0,3.68,0.31999999999999984,92.0,7.999999999999996,368.0,48.123447103439254,761,184,0.0
1952,184,16,92.0,3.68,0.31999999999999984,92.0,7.999999999999996,368.0,48.123447103439254,763,184,0.0
1953,184,16,92.0,3.68,0.31999999999999984,92.0,7.999999999999996,368.0,48.123447103439254,764,184,0.0
1954,184,16,92.0,3.68,0.31999999999999984,92.0,7.999999999999996,368.0,48.123447103439254,764,184,0.0
1955,184,16,92.0,3.68,0.31999999999999984,92.0,7.999999999999996,368.0,48.123447103439254,764,184,0.0
1956,184,16,92.0,3.68,0.31999999999999984,92.0,7.999999999999996,368.0,48.123447103439254,764,184,0.0
1957,184,16,92.0,3.68,0.31999999999999984,92.0,7.999999999999996,368.0,48.123447103439254,764,184,0.0
1958,184,16,92.0,3.68,0.31999999999999984,92.0,7.999999999999996,368.0,48.123447103439254,764,184,0.0
1959,184,16,92.0,3.68,0.31999999999999984,92.0,7.999999999999996,368.0,48.123447103439254,764,184,0.0
1960,184,16,92.0,3.68,0.31999999999999984,92.0,7.999999999999996,368.0,48.123447103439254,764,184,0.0
1961,184,16,92.0,3.68,0.31999999999999984,92.0,7.999999999999996,368.0,48.123447103439254,764,184,0.0
1962,184,16,92.0,3.68,0.31999999999999984,92.0,7.999999999999996,368.0,48.123447103439254,764,184,0.0
1963,184,16,92.0,3.68,0.31999999999999984,92.0,7.999999999999996,368.0,48.123447103439254,764,184,0.0
1964,184,16,92.0,3.68,0.31999999999999984,92.0,7.999999999999996,368.0,48.123447103439254,764,184,0.0
1965,184,16,92.0,3.68,0.31999999999999984,92.0,7.999999999999996,368.0,48.123447103439254,764,184,0.0
1966,184,16,92.0,3.68,0.31999999999999984,92.0,7.999999999999996,368.0,48.123447103439254,764,184,0.0
1967,184,16,92.0,3.68,0.31999999999999984,92.0,7.999999999999996,368.0,48.123447103439254,765,184,0.0
1968,184,16,92.0,3.68,0.31999999999999984,92.0,7.999999999999996,368.0,48.123447103439254,767,184,0.0
1969,184,16,92.0,3.68,0.31999999999999984,92.0,7.999999999999996,368.0,48.123447103439254,768,184,0.0
1970,184,16,92.0,3.68,0.31999999999999984,92.0,7.999999999999996,368.0,48.123447103439254,769,184,0.0
1971,184,16,92.0,3.68,0.31999999999999984,92.0,7.999999999999996,368.0,48.123447103439254,769,184,0.0
1972,184,16,92.0,3.68,0.31999999999999984,92.0,7.999999999999996,368.0,48.123447103439254,769,184,0.0
1973,184,16,92.0,3.68,0.31999999999999984,92.0,7.999999999999996,368.0,48.123447103439254,770,184,0.0
1974,184,16,92.0,3.68,0.31999999999999984,92.0,7.999999999999996,368.0,48.123447103439254,770,184,0.0
1975,184,16,92.0,3.68,0.31999999999999984,92.0,7.999999999999996,368.0,48.123447103439254,770,184,0.0
1976,184,16,92.0,3.68,0.31999999999999984,92.0,7.999999999999996,368.0,48.123447103439254,770,184,0.0
1977,184,16,92.0,3.68,0.31999999999999984,92.0,7.999999999999996,368.0,48.123447103439254,770,184,0.0
1978,184,16,92.0,3.68,0.31999999999999984,92.0,7.999999999999996,368.0,48.123447103439254,770,184,0.0
1979,184,16,92.0,3.68,0.31999999999999984,92.0,7.999999999999996,368.0,48.123447103439254,770,184,0.0
1980,184,16,92.0,3.68,0.31999999999999984,92.0,7.999999999999996,368.0,48.123447103439254,770,184,0.0
1981,184,16,92.0,3.68,0.31999999999999984,92.0,7.999999999999996,368.0,48.123447103439254,770,184,0.0
1982,184,16,92.0,3.68,0.31999999999999984,92.0,7.999999999999996,368.0,48.123447103439254,770,184,0.0
1983,184,16,92.0,3.68,0.31999999999999984,92.0,7.999999999999996,368.0,48.123447103439254,770,184,0.0
1984,184,16,92.0,3.68,0.31999999999999984,92.0,7.999999999999996,368.0,48.123447103439254,770,184,0.0
1985,184,16,92.0,3.68,0.31999999999999984,92.0,7.999999999999996,368.0,48.123447103439254,770,184,0.0
1986,184,16,92.0,3.68,0.31999999999999984,92.0,7.999999999999996,368.0,48.123447103439254,770,184,0.0
1987,184,16,92.0,3.68,0.31999999999999984,92.0,7.999999999999996,368.0,48.123447103439254,770,184,0.0
1988,184,16,92.0,3.68,0.31999999999999984,92.0,7.999999999999996,368.0,48.123447103439254,770,184,0.0
1989,184,16,92.0,3.68,0.31999999999999984,92.0,7.999999999999996,368.0,48.123447103439254,770,184,0.0
1990,184,16,92.0,3.68,0.31999999999999984,92.0,7.999999999999996,368.0,48.123447103439254,770,184,0.0
1991,184,16,92.0,3.68,0.31999999999999984,92.0,7.999999999999996,368.0,48.123447103439254,770,184,0.0
1992,184,16,92.0,3.68,0.31999999999999984,92.0,7.999999999999996,368.0,48.123447103439254,770,184,0.0
1993,184,16,92.0,3.68,0.31999999999999984,92.0,7.999999999999996,368.0,48.123447103439254,770,184,0.0
1994,184,16,92.0,3.68,0.31999999999999984,92.0,7.999999999999996,368.0,48.123447103439254,770,184,0.0
1995,184,16,92.0,3.68,0.31999999999999984,92.0,7.999999999999996,368.0,48.123447103439254,772,184,0.0
1996,184,16,92.0,3.68,0.31999999999999984,92.0,7.999999999999996,368.0,48.123447103439254,774,184,0.0
1997,184,16,92.0,3.68,0.31999999999999984,92.0,7.999999999999996,368.0,48.123447103439254,775,184,0.0
1998,184,16,92.0,3.68,0.31999999999999984,92.0,7.999999999999996,368.0,48.123447103439254,776,184,0.0
1999,184,16,92.0,3.68,0.31999999999999984,92.0,7.999999999999996,368.0,48.123447103439254,777,184,0.0
2000,185,15,92.5,3.7,0.2999999999999998,92.5,7.499999999999996,370.0,48.38498757682751,779,185,2.0
