step,n_adsorbed,n_free,percent_adsorbed,m_adsorbed_mg,m_free_mg,c_pdf_mg_l,c_remaining_mg_l,qt_mg_g,percent_qmax,n_contacts,dqt_per_step
0,0,200,0.0,0.0,4.0,0.0,100.0,0.0,0.0,0,0.0
1,0,200,0.0,0.0,4.0,0.0,100.0,0.0,0.0,0,0.0
2,3,197,1.5,0.06,3.94,1.5,98.5,6.0,1.455604075691412,3,6.0
3,3,197,1.5,0.06,3.94,1.5,98.5,6.0,1.455604075691412,3,0.0
4,3,197,1.5,0.06,3.94,1.5,98.5,6.0,1.455604075691412,3,0.0
5,3,197,1.5,0.06,3.94,1.5,98.5,6.0,1.455604075691412,3,0.0
6,3,197,1.5,0.06,3.94,1.5,98.5,6.0,1.455604075691412,3,0.0
7,4,196,2.0,0.08,3.92,2.0,98.0,8.0,1.9408054342552161,4,2.0
8,4,196,2.0,0.08,3.92,2.0,98.0,8.0,1.9408054342552161,4,0.0
9,5,195,2.5,0.1,3.9,2.5,97.5,10.0,2.42600679281902,5,2.0
10,5,195,2.5,0.1,3.9,2.5,97.5,10.0,2.42600679281902,5,0.0
11,5,195,2.5,0.1,3.9,2.5,97.5,10.0,2.42600679281902,5,0.0
12,5,195,2.5,0.1,3.9,2.5,97.5,10.0,2.42600679281902,5,0.0
13,5,195,2.5,0.1,3.9,2.5,97.5,10.0,2.42600679281902,5,0.0
14,6,194,3.0,0.12,3.88,3.0,97.0,12.0,2.911208151382824,6,2.0
15,7,193,3.5000000000000004,0.14,3.86,3.5000000000000004,96.5,14.000000000000002,3.3964095099466283,7,2.0000000000000018
16,7,193,3.5000000000000004,0.14,3.86,3.5000000000000004,96.5,14.000000000000002,3.3964095099466283,7,0.0
17,7,193,3.5000000000000004,0.14,3.86,3.5000000000000004,96.5,14.000000000000002,3.3964095099466283,7,0.0
18,7,193,3.5000000000000004,0.14,3.86,3.5000000000000004,96.5,14.000000000000002,3.3964095099466283,7,0.0
19,7,193,3.5000000000000004,0.14,3.86,3.5000000000000004,96.5,14.000000000000002,3.3964095099466283,7,0.0
20,7,193,3.5000000000000004,0.14,3.86,3.5000000000000004,96.5,14.000000000000002,3.3964095099466283,7,0.0
21,8,192,4.0,0.16,3.84,4.0,96.0,16.0,3.8816108685104322,8,1.9999999999999982
22,8,192,4.0,0.16,3.84,4.0,96.0,16.0,3.8816108685104322,8,0.0
23,8,192,4.0,0.16,3.84,4.0,96.0,16.0,3.8816108685104322,8,0.0
24,8,192,4.0,0.16,3.84,4.0,96.0,16.0,3.8816108685104322,8,0.0
25,8,192,4.0,0.16,3.84,4.0,96.0,16.0,3.8816108685104322,8,0.0
26,8,192,4.0,0.16,3.84,4.0,96.0,16.0,3.8816108685104322,8,0.0
27,8,192,4.0,0.16,3.84,4.0,96.0,16.0,3.8816108685104322,8,0.0
28,8,192,4.0,0.16,3.84,4.0,96.0,16.0,3.8816108685104322,8,0.0
29,9,191,4.5,0.18,3.82,4.5,95.5,18.0,4.366812227074236,9,2.0
30,10,190,5.0,0.2,3.8,5.0,95.0,20.0,4.85201358563804,10,2.0
31,10,190,5.0,0.2,3.8,5.0,95.0,20.0,4.85201358563804,10,0.0
32,10,190,5.0,0.2,3.8,5.0,95.0,20.0,4.85201358563804,10,0.0
33,10,190,5.0,0.2,3.8,5.0,95.0,20.0,4.85201358563804,10,0.0
34,10,190,5.0,0.2,3.8,5.0,95.0,20.0,4.85201358563804,10,0.0
35,10,190,5.0,0.2,3.8,5.0,95.0,20.0,4.85201358563804,10,0.0
36,10,190,5.0,0.2,3.8,5.0,95.0,20.0,4.85201358563804,10,0.0
37,10,190,5.0,0.2,3.8,5.0,95.0,20.0,4.85201358563804,10,0.0
38,10,190,5.0,0.2,3.8,5.0,95.0,20.0,4.85201358563804,10,0.0
39,10,190,5.0,0.2,3.8,5.0,95.0,20.0,4.85201358563804,10,0.0
40,10,190,5.0,0.2,3.8,5.0,95.0,20.0,4.85201358563804,10,0.0
41,10,190,5.0,0.2,3.8,5.0,95.0,20.0,4.85201358563804,10,0.0
42,10,190,5.0,0.2,3.8,5.0,95.0,20.0,4.85201358563804,10,0.0
43,10,190,5.0,0.2,3.8,5.0,95.0,20.0,4.85201358563804,10,0.0
44,10,190,5.0,0.2,3.8,5.0,95.0,20.0,4.85201358563804,10,0.0
45,11,189,5.5,0.22,3.78,5.5,94.5,22.0,5.337214944201843,11,2.0
46,11,189,5.5,0.22,3.78,5.5,94.5,22.0,5.337214944201843,11,0.0
47,11,189,5.5,0.22,3.78,5.5,94.5,22.0,5.337214944201843,11,0.0
48,11,189,5.5,0.22,3.78,5.5,94.5,22.0,5.337214944201843,11,0.0
49,11,189,5.5,0.22,3.78,5.5,94.5,22.0,5.337214944201843,11,0.0
50,11,189,5.5,0.22,3.78,5.5,94.5,22.0,5.337214944201843,11,0.0
51,11,189,5.5,0.22,3.78,5.5,94.5,22.0,5.337214944201843,11,0.0
52,11,189,5.5,0.22,3.78,5.5,94.5,22.0,5.337214944201843,11,0.0
53,12,188,6.0,0.24,3.76,6.0,93.99999999999999,24.0,5.822416302765648,12,2.0
54,13,187,6.5,0.26,3.74,6.5,93.5,26.0,6.307617661329452,13,2.0
55,13,187,6.5,0.26,3.74,6.5,93.5,26.0,6.307617661329452,13,0.0
56,13,187,6.5,0.26,3.74,6.5,93.5,26.0,6.307617661329452,13,0.0
57,13,187,6.5,0.26,3.74,6.5,93.5,26.0,6.307617661329452,13,0.0
58,13,187,6.5,0.26,3.74,6.5,93.5,26.0,6.307617661329452,13,0.0
59,13,187,6.5,0.26,3.74,6.5,93.5,26.0,6.307617661329452,13,0.0
60,13,187,6.5,0.26,3.74,6.5,93.5,26.0,6.307617661329452,13,0.0
61,13,187,6.5,0.26,3.74,6.5,93.5,26.0,6.307617661329452,13,0.0
62,13,187,6.5,0.26,3.74,6.5,93.5,26.0,6.307617661329452,13,0.0
63,13,187,6.5,0.26,3.74,6.5,93.5,26.0,6.307617661329452,13,0.0
64,13,187,6.5,0.26,3.74,6.5,93.5,26.0,6.307617661329452,13,0.0
65,13,187,6.5,0.26,3.74,6.5,93.5,26.0,6.307617661329452,13,0.0
66,13,187,6.5,0.26,3.74,6.5,93.5,26.0,6.307617661329452,13,0.0
67,13,187,6.5,0.26,3.74,6.5,93.5,26.0,6.307617661329452,13,0.0
68,13,187,6.5,0.26,3.74,6.5,93.5,26.0,6.307617661329452,13,0.0
69,13,187,6.5,0.26,3.74,6.5,93.5,26.0,6.307617661329452,13,0.0
70,13,187,6.5,0.26,3.74,6.5,93.5,26.0,6.307617661329452,13,0.0
71,13,187,6.5,0.26,3.74,6.5,93.5,26.0,6.307617661329452,13,0.0
72,13,187,6.5,0.26,3.74,6.5,93.5,26.0,6.307617661329452,13,0.0
73,13,187,6.5,0.26,3.74,6.5,93.5,26.0,6.307617661329452,13,0.0
74,13,187,6.5,0.26,3.74,6.5,93.5,26.0,6.307617661329452,13,0.0
75,13,187,6.5,0.26,3.74,6.5,93.5,26.0,6.307617661329452,13,0.0
76,13,187,6.5,0.26,3.74,6.5,93.5,26.0,6.307617661329452,13,0.0
77,14,186,7.000000000000001,0.28,3.7199999999999998,7.000000000000001,92.99999999999999,28.000000000000004,6.7928190198932565,14,2.0000000000000036
78,15,185,7.5,0.3,3.7,7.5,92.5,30.0,7.27802037845706,15,1.9999999999999964
79,15,185,7.5,0.3,3.7,7.5,92.5,30.0,7.27802037845706,15,0.0
80,15,185,7.5,0.3,3.7,7.5,92.5,30.0,7.27802037845706,15,0.0
81,16,184,8.0,0.32,3.68,8.0,92.0,32.0,7.7632217370208645,16,2.0
82,16,184,8.0,0.32,3.68,8.0,92.0,32.0,7.7632217370208645,16,0.0
83,16,184,8.0,0.32,3.68,8.0,92.0,32.0,7.7632217370208645,16,0.0
84,16,184,8.0,0.32,3.68,8.0,92.0,32.0,7.7632217370208645,16,0.0
85,16,184,8.0,0.32,3.68,8.0,92.0,32.0,7.7632217370208645,16,0.0
86,16,184,8.0,0.32,3.68,8.0,92.0,32.0,7.7632217370208645,16,0.0
87,16,184,8.0,0.32,3.68,8.0,92.0,32.0,7.7632217370208645,16,0.0
88,16,184,8.0,0.32,3.68,8.0,92.0,32.0,7.7632217370208645,16,0.0
89,16,184,8.0,0.32,3.68,8.0,92.0,32.0,7.7632217370208645,16,0.0
90,16,184,8.0,0.32,3.68,8.0,92.0,32.0,7.7632217370208645,16,0.0
91,17,183,8.5,0.34,3.66,8.5,91.5,34.0,8.248423095584668,17,2.0
92,17,183,8.5,0.34,3.66,8.5,91.5,34.0,8.248423095584668,17,0.0
93,17,183,8.5,0.34,3.66,8.5,91.5,34.0,8.248423095584668,17,0.0
94,18,182,9.0,0.36,3.64,9.0,91.0,36.0,8.733624454148472,18,2.0
95,18,182,9.0,0.36,3.64,9.0,91.0,36.0,8.733624454148472,18,0.0
96,18,182,9.0,0.36,3.64,9.0,91.0,36.0,8.733624454148472,18,0.0
97,18,182,9.0,0.36,3.64,9.0,91.0,36.0,8.733624454148472,18,0.0
98,18,182,9.0,0.36,3.64,9.0,91.0,36.0,8.733624454148472,18,0.0
99,18,182,9.0,0.36,3.64,9.0,91.0,36.0,8.733624454148472,18,0.0
100,18,182,9.0,0.36,3.64,9.0,91.0,36.0,8.733624454148472,18,0.0
101,18,182,9.0,0.36,3.64,9.0,91.0,36.0,8.733624454148472,18,0.0
102,18,182,9.0,0.36,3.64,9.0,91.0,36.0,8.733624454148472,18,0.0
103,18,182,9.0,0.36,3.64,9.0,91.0,36.0,8.733624454148472,18,0.0
104,18,182,9.0,0.36,3.64,9.0,91.0,36.0,8.733624454148472,18,0.0
105,18,182,9.0,0.36,3.64,9.0,91.0,36.0,8.733624454148472,18,0.0
106,18,182,9.0,0.36,3.64,9.0,91.0,36.0,8.733624454148472,18,0.0
107,18,182,9.0,0.36,3.64,9.0,91.0,36.0,8.733624454148472,18,0.0
108,18,182,9.0,0.36,3.64,9.0,91.0,36.0,8.733624454148472,18,0.0
109,18,182,9.0,0.36,3.64,9.0,91.0,36.0,8.733624454148472,18,0.0
110,18,182,9.0,0.36,3.64,9.0,91.0,36.0,8.733624454148472,18,0.0
111,18,182,9.0,0.36,3.64,9.0,91.0,36.0,8.733624454148472,18,0.0
112,19,181,9.5,0.38,3.62,9.5,90.5,38.0,9.218825812712275,19,2.0
113,19,181,9.5,0.38,3.62,9.5,90.5,38.0,9.218825812712275,19,0.0
114,19,181,9.5,0.38,3.62,9.5,90.5,38.0,9.218825812712275,19,0.0
115,19,181,9.5,0.38,3.62,9.5,90.5,38.0,9.218825812712275,19,0.0
116,19,181,9.5,0.38,3.62,9.5,90.5,38.0,9.218825812712275,19,0.0
117,19,181,9.5,0.38,3.62,9.5,90.5,38.0,9.218825812712275,19,0.0
118,19,181,9.5,0.38,3.62,9.5,90.5,38.0,9.218825812712275,19,0.0
119,19,181,9.5,0.38,3.62,9.5,90.5,38.0,9.218825812712275,19,0.0
120,19,181,9.5,0.38,3.62,9.5,90.5,38.0,9.218825812712275,19,0.0
121,20,180,10.0,0.4,3.6,10.0,90.0,40.0,9.70402717127608,20,2.0
122,20,180,10.0,0.4,3.6,10.0,90.0,40.0,9.70402717127608,20,0.0
123,20,180,10.0,0.4,3.6,10.0,90.0,40.0,9.70402717127608,20,0.0
124,20,180,10.0,0.4,3.6,10.0,90.0,40.0,9.70402717127608,20,0.0
125,20,180,10.0,0.4,3.6,10.0,90.0,40.0,9.70402717127608,20,0.0
126,20,180,10.0,0.4,3.6,10.0,90.0,40.0,9.70402717127608,20,0.0
127,20,180,10.0,0.4,3.6,10.0,90.0,40.0,9.70402717127608,20,0.0
128,20,180,10.0,0.4,3.6,10.0,90.0,40.0,9.70402717127608,20,0.0
129,20,180,10.0,0.4,3.6,10.0,90.0,40.0,9.70402717127608,20,0.0
130,21,179,10.5,0.42,3.58,10.5,89.5,42.0,10.189228529839884,21,2.0
131,21,179,10.5,0.42,3.58,10.5,89.5,42.0,10.189228529839884,21,0.0
132,21,179,10.5,0.42,3.58,10.5,89.5,42.0,10.189228529839884,21,0.0
133,21,179,10.5,0.42,3.58,10.5,89.5,42.0,10.189228529839884,21,0.0
134,22,178,11.0,0.44,3.56,11.0,89.0,44.0,10.674429888403687,22,2.0
135,22,178,11.0,0.44,3.56,11.0,89.0,44.0,10.674429888403687,22,0.0
136,22,178,11.0,0.44,3.56,11.0,89.0,44.0,10.674429888403687,22,0.0
137,22,178,11.0,0.44,3.56,11.0,89.0,44.0,10.674429888403687,22,0.0
138,22,178,11.0,0.44,3.56,11.0,89.0,44.0,10.674429888403687,22,0.0
139,22,178,11.0,0.44,3.56,11.0,89.0,44.0,10.674429888403687,22,0.0
140,22,178,11.0,0.44,3.56,11.0,89.0,44.0,10.674429888403687,22,0.0
141,22,178,11.0,0.44,3.56,11.0,89.0,44.0,10.674429888403687,22,0.0
142,22,178,11.0,0.44,3.56,11.0,89.0,44.0,10.674429888403687,22,0.0
143,22,178,11.0,0.44,3.56,11.0,89.0,44.0,10.674429888403687,22,0.0
144,22,178,11.0,0.44,3.56,11.0,89.0,44.0,10.674429888403687,22,0.0
145,22,178,11.0,0.44,3.56,11.0,89.0,44.0,10.674429888403687,22,0.0
146,22,178,11.0,0.44,3.56,11.0,89.0,44.0,10.674429888403687,22,0.0
147,22,178,11.0,0.44,3.56,11.0,89.0,44.0,10.674429888403687,22,0.0
148,22,178,11.0,0.44,3.56,11.0,89.0,44.0,10.674429888403687,22,0.0
149,22,178,11.0,0.44,3.56,11.0,89.0,44.0,10.674429888403687,22,0.0
150,22,178,11.0,0.44,3.56,11.0,89.0,44.0,10.674429888403687,22,0.0
151,22,178,11.0,0.44,3.56,11.0,89.0,44.0,10.674429888403687,22,0.0
152,22,178,11.0,0.44,3.56,11.0,89.0,44.0,10.674429888403687,22,0.0
153,22,178,11.0,0.44,3.56,11.0,89.0,44.0,10.674429888403687,22,0.0
154,22,178,11.0,0.44,3.56,11.0,89.0,44.0,10.674429888403687,22,0.0
155,22,178,11.0,0.44,3.56,11.0,89.0,44.0,10.674429888403687,22,0.0
156,22,178,11.0,0.44,3.56,11.0,89.0,44.0,10.674429888403687,22,0.0
157,22,178,11.0,0.44,3.56,11.0,89.0,44.0,10.674429888403687,22,0.0
158,22,178,11.0,0.44,3.56,11.0,89.0,44.0,10.674429888403687,22,0.0
159,23,177,11.5,0.46,3.54,11.5,88.5,46.0,11.159631246967491,23,2.0
160,23,177,11.5,0.46,3.54,11.5,88.5,46.0,11.159631246967491,23,0.0
161,23,177,11.5,0.46,3.54,11.5,88.5,46.0,11.159631246967491,23,0.0
162,23,177,11.5,0.46,3.54,11.5,88.5,46.0,11.159631246967491,23,0.0
163,23,177,11.5,0.46,3.54,11.5,88.5,46.0,11.159631246967491,23,0.0
164,23,177,11.5,0.46,3.54,11.5,88.5,46.0,11.159631246967491,23,0.0
165,23,177,11.5,0.46,3.54,11.5,88.5,46.0,11.159631246967491,23,0.0
166,23,177,11.5,0.46,3.54,11.5,88.5,46.0,11.159631246967491,23,0.0
167,23,177,11.5,0.46,3.54,11.5,88.5,46.0,11.159631246967491,23,0.0
168,23,177,11.5,0.46,3.54,11.5,88.5,46.0,11.159631246967491,23,0.0
169,23,177,11.5,0.46,3.54,11.5,88.5,46.0,11.159631246967491,23,0.0
170,23,177,11.5,0.46,3.54,11.5,88.5,46.0,11.159631246967491,23,0.0
171,23,177,11.5,0.46,3.54,11.5,88.5,46.0,11.159631246967491,23,0.0
172,23,177,11.5,0.46,3.54,11.5,88.5,46.0,11.159631246967491,23,0.0
173,23,177,11.5,0.46,3.54,11.5,88.5,46.0,11.159631246967491,23,0.0
174,23,177,11.5,0.46,3.54,11.5,88.5,46.0,11.159631246967491,23,0.0
175,23,177,11.5,0.46,3.54,11.5,88.5,46.0,11.159631246967491,23,0.0
176,23,177,11.5,0.46,3.54,11.5,88.5,46.0,11.159631246967491,23,0.0
177,23,177,11.5,0.46,3.54,11.5,88.5,46.0,11.159631246967491,23,0.0
178,23,177,11.5,0.46,3.54,11.5,88.5,46.0,11.159631246967491,23,0.0
179,23,177,11.5,0.46,3.54,11.5,88.5,46.0,11.159631246967491,23,0.0
180,23,177,11.5,0.46,3.54,11.5,88.5,46.0,11.159631246967491,23,0.0
181,23,177,11.5,0.46,3.54,11.5,88.5,46.0,11.159631246967491,23,0.0
182,23,177,11.5,0.46,3.54,11.5,88.5,46.0,11.159631246967491,23,0.0
183,23,177,11.5,0.46,3.54,11.5,88.5,46.0,11.159631246967491,23,0.0
184,23,177,11.5,0.46,3.54,11.5,88.5,46.0,11.159631246967491,23,0.0
185,23,177,11.5,0.46,3.54,11.5,88.5,46.0,11.159631246967491,23,0.0
186,23,177,11.5,0.46,3.54,11.5,88.5,46.0,11.159631246967491,23,0.0
187,23,177,11.5,0.46,3.54,11.5,88.5,46.0,11.159631246967491,23,0.0
188,24,176,12.0,0.48,3.52,12.0,88.0,48.0,11.644832605531295,24,2.0
189,25,175,12.5,0.5,3.5,12.5,87.5,50.0,12.1300339640951,25,2.0
190,26,174,13.0,0.52,3.48,13.0,87.0,52.0,12.615235322658904,26,2.0
191,26,174,13.0,0.52,3.48,13.0,87.0,52.0,12.615235322658904,26,0.0
192,26,174,13.0,0.52,3.48,13.0,87.0,52.0,12.615235322658904,26,0.0
193,26,174,13.0,0.52,3.48,13.0,87.0,52.0,12.615235322658904,26,0.0
194,26,174,13.0,0.52,3.48,13.0,87.0,52.0,12.615235322658904,26,0.0
195,26,174,13.0,0.52,3.48,13.0,87.0,52.0,12.615235322658904,26,0.0
196,26,174,13.0,0.52,3.48,13.0,87.0,52.0,12.615235322658904,26,0.0
197,26,174,13.0,0.52,3.48,13.0,87.0,52.0,12.615235322658904,26,0.0
198,26,174,13.0,0.52,3.48,13.0,87.0,52.0,12.615235322658904,26,0.0
199,26,174,13.0,0.52,3.48,13.0,87.0,52.0,12.615235322658904,26,0.0
200,26,174,13.0,0.52,3.48,13.0,87.0,52.0,12.615235322658904,26,0.0
201,26,174,13.0,0.52,3.48,13.0,87.0,52.0,12.615235322658904,26,0.0
202,26,174,13.0,0.52,3.48,13.0,87.0,52.0,12.615235322658904,26,0.0
203,26,174,13.0,0.52,3.48,13.0,87.0,52.0,12.615235322658904,26,0.0
204,26,174,13.0,0.52,3.48,13.0,87.0,52.0,12.615235322658904,26,0.0
205,26,174,13.0,0.52,3.48,13.0,87.0,52.0,12.615235322658904,26,0.0
206,26,174,13.0,0.52,3.48,13.0,87.0,52.0,12.615235322658904,26,0.0
207,26,174,13.0,0.52,3.48,13.0,87.0,52.0,12.615235322658904,26,0.0
208,26,174,13.0,0.52,3.48,13.0,87.0,52.0,12.615235322658904,26,0.0
209,26,174,13.0,0.52,3.48,13.0,87.0,52.0,12.615235322658904,26,0.0
210,26,174,13.0,0.52,3.48,13.0,87.0,52.0,12.615235322658904,26,0.0
211,26,174,13.0,0.52,3.48,13.0,87.0,52.0,12.615235322658904,26,0.0
212,26,174,13.0,0.52,3.48,13.0,87.0,52.0,12.615235322658904,26,0.0
213,27,173,13.5,0.54,3.46,13.5,86.5,54.0,13.100436681222707,27,2.0
214,27,173,13.5,0.54,3.46,13.5,86.5,54.0,13.100436681222707,27,0.0
215,27,173,13.5,0.54,3.46,13.5,86.5,54.0,13.100436681222707,27,0.0
216,27,173,13.5,0.54,3.46,13.5,86.5,54.0,13.100436681222707,27,0.0
217,27,173,13.5,0.54,3.46,13.5,86.5,54.0,13.100436681222707,27,0.0
218,27,173,13.5,0.54,3.46,13.5,86.5,54.0,13.100436681222707,27,0.0
219,27,173,13.5,0.54,3.46,13.5,86.5,54.0,13.100436681222707,27,0.0
220,27,173,13.5,0.54,3.46,13.5,86.5,54.0,13.100436681222707,27,0.0
221,27,173,13.5,0.54,3.46,13.5,86.5,54.0,13.100436681222707,27,0.0
222,27,173,13.5,0.54,3.46,13.5,86.5,54.0,13.100436681222707,27,0.0
223,27,173,13.5,0.54,3.46,13.5,86.5,54.0,13.100436681222707,27,0.0
224,27,173,13.5,0.54,3.46,13.5,86.5,54.0,13.100436681222707,27,0.0
225,27,173,13.5,0.54,3.46,13.5,86.5,54.0,13.100436681222707,27,0.0
226,27,173,13.5,0.54,3.46,13.5,86.5,54.0,13.100436681222707,27,0.0
227,27,173,13.5,0.54,3.46,13.5,86.5,54.0,13.100436681222707,27,0.0
228,27,173,13.5,0.54,3.46,13.5,86.5,54.0,13.100436681222707,27,0.0
229,27,173,13.5,0.54,3.46,13.5,86.5,54.0,13.100436681222707,27,0.0
230,27,173,13.5,0.54,3.46,13.5,86.5,54.0,13.100436681222707,27,0.0
231,27,173,13.5,0.54,3.46,13.5,86.5,54.0,13.100436681222707,27,0.0
232,27,173,13.5,0.54,3.46,13.5,86.5,54.0,13.100436681222707,27,0.0
233,27,173,13.5,0.54,3.46,13.5,86.5,54.0,13.100436681222707,27,0.0
234,27,173,13.5,0.54,3.46,13.5,86.5,54.0,13.100436681222707,27,0.0
235,27,173,13.5,0.54,3.46,13.5,86.5,54.0,13.100436681222707,27,0.0
236,27,173,13.5,0.54,3.46,13.5,86.5,54.0,13.100436681222707,27,0.0
237,27,173,13.5,0.54,3.46,13.5,86.5,54.0,13.100436681222707,27,0.0
238,27,173,13.5,0.54,3.46,13.5,86.5,54.0,13.100436681222707,27,0.0
239,27,173,13.5,0.54,3.46,13.5,86.5,54.0,13.100436681222707,27,0.0
240,27,173,13.5,0.54,3.46,13.5,86.5,54.0,13.100436681222707,27,0.0
241,27,173,13.5,0.54,3.46,13.5,86.5,54.0,13.100436681222707,27,0.0
242,27,173,13.5,0.54,3.46,13.5,86.5,54.0,13.100436681222707,27,0.0
243,27,173,13.5,0.54,3.46,13.5,86.5,54.0,13.100436681222707,27,0.0
244,27,173,13.5,0.54,3.46,13.5,86.5,54.0,13.100436681222707,27,0.0
245,27,173,13.5,0.54,3.46,13.5,86.5,54.0,13.100436681222707,27,0.0
246,27,173,13.5,0.54,3.46,13.5,86.5,54.0,13.100436681222707,27,0.0
247,27,173,13.5,0.54,3.46,13.5,86.5,54.0,13.100436681222707,27,0.0
248,27,173,13.5,0.54,3.46,13.5,86.5,54.0,13.100436681222707,27,0.0
249,27,173,13.5,0.54,3.46,13.5,86.5,54.0,13.100436681222707,27,0.0
250,27,173,13.5,0.54,3.46,13.5,86.5,54.0,13.100436681222707,27,0.0
251,27,173,13.5,0.54,3.46,13.5,86.5,54.0,13.100436681222707,27,0.0
252,27,173,13.5,0.54,3.46,13.5,86.5,54.0,13.100436681222707,27,0.0
253,27,173,13.5,0.54,3.46,13.5,86.5,54.0,13.100436681222707,27,0.0
254,27,173,13.5,0.54,3.46,13.5,86.5,54.0,13.100436681222707,27,0.0
255,27,173,13.5,0.54,3.46,13.5,86.5,54.0,13.100436681222707,27,0.0
256,27,173,13.5,0.54,3.46,13.5,86.5,54.0,13.100436681222707,27,0.0
257,27,173,13.5,0.54,3.46,13.5,86.5,54.0,13.100436681222707,27,0.0
258,27,173,13.5,0.54,3.46,13.5,86.5,54.0,13.100436681222707,27,0.0
259,27,173,13.5,0.54,3.46,13.5,86.5,54.0,13.100436681222707,27,0.0
260,27,173,13.5,0.54,3.46,13.5,86.5,54.0,13.100436681222707,27,0.0
261,27,173,13.5,0.54,3.46,13.5,86.5,54.0,13.100436681222707,27,0.0
262,27,173,13.5,0.54,3.46,13.5,86.5,54.0,13.100436681222707,27,0.0
263,27,173,13.5,0.54,3.46,13.5,86.5,54.0,13.100436681222707,27,0.0
264,27,173,13.5,0.54,3.46,13.5,86.5,54.0,13.100436681222707,27,0.0
265,27,173,13.5,0.54,3.46,13.5,86.5,54.0,13.100436681222707,27,0.0
266,27,173,13.5,0.54,3.46,13.5,86.5,54.0,13.100436681222707,27,0.0
267,27,173,13.5,0.54,3.46,13.5,86.5,54.0,13.100436681222707,27,0.0
268,27,173,13.5,0.54,3.46,13.5,86.5,54.0,13.100436681222707,27,0.0
269,27,173,13.5,0.54,3.46,13.5,86.5,54.0,13.100436681222707,27,0.0
270,28,172,14.000000000000002,0.56,3.44,14.000000000000002,86.0,56.00000000000001,13.585638039786513,28,2.000000000000007
271,28,172,14.000000000000002,0.56,3.44,14.000000000000002,86.0,56.00000000000001,13.585638039786513,28,0.0
272,28,172,14.000000000000002,0.56,3.44,14.000000000000002,86.0,56.00000000000001,13.585638039786513,28,0.0
273,28,172,14.000000000000002,0.56,3.44,14.000000000000002,86.0,56.00000000000001,13.585638039786513,28,0.0
274,28,172,14.000000000000002,0.56,3.44,14.000000000000002,86.0,56.00000000000001,13.585638039786513,28,0.0
275,28,172,14.000000000000002,0.56,3.44,14.000000000000002,86.0,56.00000000000001,13.585638039786513,28,0.0
276,28,172,14.000000000000002,0.56,3.44,14.000000000000002,86.0,56.00000000000001,13.585638039786513,28,0.0
277,29,171,14.499999999999998,0.58,3.42,14.499999999999998,85.5,57.99999999999999,14.070839398350312,29,1.9999999999999858
278,29,171,14.499999999999998,0.58,3.42,14.499999999999998,85.5,57.99999999999999,14.070839398350312,29,0.0
279,29,171,14.499999999999998,0.58,3.42,14.499999999999998,85.5,57.99999999999999,14.070839398350312,29,0.0
280,29,171,14.499999999999998,0.58,3.42,14.499999999999998,85.5,57.99999999999999,14.070839398350312,29,0.0
281,29,171,14.499999999999998,0.58,3.42,14.499999999999998,85.5,57.99999999999999,14.070839398350312,29,0.0
282,29,171,14.499999999999998,0.58,3.42,14.499999999999998,85.5,57.99999999999999,14.070839398350312,29,0.0
283,29,171,14.499999999999998,0.58,3.42,14.499999999999998,85.5,57.99999999999999,14.070839398350312,29,0.0
284,29,171,14.499999999999998,0.58,3.42,14.499999999999998,85.5,57.99999999999999,14.070839398350312,29,0.0
285,29,171,14.499999999999998,0.58,3.42,14.499999999999998,85.5,57.99999999999999,14.070839398350312,29,0.0
286,29,171,14.499999999999998,0.58,3.42,14.499999999999998,85.5,57.99999999999999,14.070839398350312,29,0.0
287,29,171,14.499999999999998,0.58,3.42,14.499999999999998,85.5,57.99999999999999,14.070839398350312,29,0.0
288,29,171,14.499999999999998,0.58,3.42,14.499999999999998,85.5,57.99999999999999,14.070839398350312,29,0.0
289,29,171,14.499999999999998,0.58,3.42,14.499999999999998,85.5,57.99999999999999,14.070839398350312,29,0.0
290,29,171,14.499999999999998,0.58,3.42,14.499999999999998,85.5,57.99999999999999,14.070839398350312,29,0.0
291,29,171,14.499999999999998,0.58,3.42,14.499999999999998,85.5,57.99999999999999,14.070839398350312,29,0.0
292,29,171,14.499999999999998,0.58,3.42,14.499999999999998,85.5,57.99999999999999,14.070839398350312,29,0.0
293,29,171,14.499999999999998,0.58,3.42,14.499999999999998,85.5,57.99999999999999,14.070839398350312,29,0.0
294,29,171,14.499999999999998,0.58,3.42,14.499999999999998,85.5,57.99999999999999,14.070839398350312,29,0.0
295,29,171,14.499999999999998,0.58,3.42,14.499999999999998,85.5,57.99999999999999,14.070839398350312,29,0.0
296,29,171,14.499999999999998,0.58,3.42,14.499999999999998,85.5,57.99999999999999,14.070839398350312,29,0.0
297,29,171,14.499999999999998,0.58,3.42,14.499999999999998,85.5,57.99999999999999,14.070839398350312,29,0.0
298,29,171,14.499999999999998,0.58,3.42,14.499999999999998,85.5,57.99999999999999,14.070839398350312,29,0.0
299,29,171,14.499999999999998,0.58,3.42,14.499999999999998,85.5,57.99999999999999,14.070839398350312,29,0.0
300,29,171,14.499999999999998,0.58,3.42,14.499999999999998,85.5,57.99999999999999,14.070839398350312,29,0.0
301,29,171,14.499999999999998,0.58,3.42,14.499999999999998,85.5,57.99999999999999,14.070839398350312,29,0.0
302,29,171,14.499999999999998,0.58,3.42,14.499999999999998,85.5,57.99999999999999,14.070839398350312,29,0.0
303,29,171,14.499999999999998,0.58,3.42,14.499999999999998,85.5,57.99999999999999,14.070839398350312,29,0.0
304,29,171,14.499999999999998,0.58,3.42,14.499999999999998,85.5,57.99999999999999,14.070839398350312,29,0.0
305,29,171,14.499999999999998,0.58,3.42,14.499999999999998,85.5,57.99999999999999,14.070839398350312,29,0.0
306,30,170,15.0,0.6,3.4,15.0,85.0,60.0,14.55604075691412,30,2.000000000000007
307,30,170,15.0,0.6,3.4,15.0,85.0,60.0,14.55604075691412,30,0.0
308,30,170,15.0,0.6,3.4,15.0,85.0,60.0,14.55604075691412,30,0.0
309,30,170,15.0,0.6,3.4,15.0,85.0,60.0,14.55604075691412,30,0.0
310,30,170,15.0,0.6,3.4,15.0,85.0,60.0,14.55604075691412,30,0.0
311,30,170,15.0,0.6,3.4,15.0,85.0,60.0,14.55604075691412,30,0.0
312,30,170,15.0,0.6,3.4,15.0,85.0,60.0,14.55604075691412,30,0.0
313,30,170,15.0,0.6,3.4,15.0,85.0,60.0,14.55604075691412,30,0.0
314,30,170,15.0,0.6,3.4,15.0,85.0,60.0,14.55604075691412,30,0.0
315,30,170,15.0,0.6,3.4,15.0,85.0,60.0,14.55604075691412,30,0.0
316,31,169,15.5,0.62,3.38,15.5,84.5,62.0,15.041242115477923,31,2.0
317,31,169,15.5,0.62,3.38,15.5,84.5,62.0,15.041242115477923,31,0.0
318,31,169,15.5,0.62,3.38,15.5,84.5,62.0,15.041242115477923,31,0.0
319,31,169,15.5,0.62,3.38,15.5,84.5,62.0,15.041242115477923,31,0.0
320,31,169,15.5,0.62,3.38,15.5,84.5,62.0,15.041242115477923,31,0.0
321,31,169,15.5,0.62,3.38,15.5,84.5,62.0,15.041242115477923,31,0.0
322,31,169,15.5,0.62,3.38,15.5,84.5,62.0,15.041242115477923,31,0.0
323,31,169,15.5,0.62,3.38,15.5,84.5,62.0,15.041242115477923,31,0.0
324,32,168,16.0,0.64,3.36,16.0,84.0,64.0,15.526443474041729,32,2.0
325,32,168,16.0,0.64,3.36,16.0,84.0,64.0,15.526443474041729,32,0.0
326,32,168,16.0,0.64,3.36,16.0,84.0,64.0,15.526443474041729,32,0.0
327,32,168,16.0,0.64,3.36,16.0,84.0,64.0,15.526443474041729,32,0.0
328,32,168,16.0,0.64,3.36,16.0,84.0,64.0,15.526443474041729,32,0.0
329,32,168,16.0,0.64,3.36,16.0,84.0,64.0,15.526443474041729,32,0.0
330,32,168,16.0,0.64,3.36,16.0,84.0,64.0,15.526443474041729,32,0.0
331,32,168,16.0,0.64,3.36,16.0,84.0,64.0,15.526443474041729,32,0.0
332,32,168,16.0,0.64,3.36,16.0,84.0,64.0,15.526443474041729,32,0.0
333,32,168,16.0,0.64,3.36,16.0,84.0,64.0,15.526443474041729,32,0.0
334,33,167,16.5,0.66,3.34,16.5,83.5,66.0,16.011644832605533,33,2.0
335,33,167,16.5,0.66,3.34,16.5,83.5,66.0,16.011644832605533,33,0.0
336,33,167,16.5,0.66,3.34,16.5,83.5,66.0,16.011644832605533,33,0.0
337,33,167,16.5,0.66,3.34,16.5,83.5,66.0,16.011644832605533,33,0.0
338,33,167,16.5,0.66,3.34,16.5,83.5,66.0,16.011644832605533,33,0.0
339,33,167,16.5,0.66,3.34,16.5,83.5,66.0,16.011644832605533,33,0.0
340,33,167,16.5,0.66,3.34,16.5,83.5,66.0,16.011644832605533,33,0.0
341,33,167,16.5,0.66,3.34,16.5,83.5,66.0,16.011644832605533,33,0.0
342,33,167,16.5,0.66,3.34,16.5,83.5,66.0,16.011644832605533,33,0.0
343,34,166,17.0,0.68,3.32,17.0,83.0,68.0,16.496846191169336,34,2.0
344,34,166,17.0,0.68,3.32,17.0,83.0,68.0,16.496846191169336,34,0.0
345,34,166,17.0,0.68,3.32,17.0,83.0,68.0,16.496846191169336,34,0.0
346,34,166,17.0,0.68,3.32,17.0,83.0,68.0,16.496846191169336,34,0.0
347,34,166,17.0,0.68,3.32,17.0,83.0,68.0,16.496846191169336,34,0.0
348,34,166,17.0,0.68,3.32,17.0,83.0,68.0,16.496846191169336,34,0.0
349,34,166,17.0,0.68,3.32,17.0,83.0,68.0,16.496846191169336,34,0.0
350,34,166,17.0,0.68,3.32,17.0,83.0,68.0,16.496846191169336,34,0.0
351,35,165,17.5,0.7000000000000001,3.3,17.5,82.5,70.0,16.98204754973314,35,2.0
352,35,165,17.5,0.7000000000000001,3.3,17.5,82.5,70.0,16.98204754973314,35,0.0
353,35,165,17.5,0.7000000000000001,3.3,17.5,82.5,70.0,16.98204754973314,35,0.0
354,35,165,17.5,0.7000000000000001,3.3,17.5,82.5,70.0,16.98204754973314,35,0.0
355,36,164,18.0,0.72,3.2800000000000002,18.0,82.0,72.0,17.467248908296945,36,2.0
356,36,164,18.0,0.72,3.2800000000000002,18.0,82.0,72.0,17.467248908296945,36,0.0
357,36,164,18.0,0.72,3.2800000000000002,18.0,82.0,72.0,17.467248908296945,36,0.0
358,36,164,18.0,0.72,3.2800000000000002,18.0,82.0,72.0,17.467248908296945,36,0.0
359,36,164,18.0,0.72,3.2800000000000002,18.0,82.0,72.0,17.467248908296945,36,0.0
360,36,164,18.0,0.72,3.2800000000000002,18.0,82.0,72.0,17.467248908296945,36,0.0
361,36,164,18.0,0.72,3.2800000000000002,18.0,82.0,72.0,17.467248908296945,36,0.0
362,36,164,18.0,0.72,3.2800000000000002,18.0,82.0,72.0,17.467248908296945,36,0.0
363,36,164,18.0,0.72,3.2800000000000002,18.0,82.0,72.0,17.467248908296945,36,0.0
364,36,164,18.0,0.72,3.2800000000000002,18.0,82.0,72.0,17.467248908296945,36,0.0
365,36,164,18.0,0.72,3.2800000000000002,18.0,82.0,72.0,17.467248908296945,36,0.0
366,36,164,18.0,0.72,3.2800000000000002,18.0,82.0,72.0,17.467248908296945,36,0.0
367,37,163,18.5,0.74,3.26,18.5,81.5,74.0,17.952450266860748,37,2.0
368,37,163,18.5,0.74,3.26,18.5,81.5,74.0,17.952450266860748,37,0.0
369,37,163,18.5,0.74,3.26,18.5,81.5,74.0,17.952450266860748,37,0.0
370,37,163,18.5,0.74,3.26,18.5,81.5,74.0,17.952450266860748,37,0.0
371,37,163,18.5,0.74,3.26,18.5,81.5,74.0,17.952450266860748,37,0.0
372,37,163,18.5,0.74,3.26,18.5,81.5,74.0,17.952450266860748,37,0.0
373,37,163,18.5,0.74,3.26,18.5,81.5,74.0,17.952450266860748,37,0.0
374,37,163,18.5,0.74,3.26,18.5,81.5,74.0,17.952450266860748,37,0.0
375,37,163,18.5,0.74,3.26,18.5,81.5,74.0,17.952450266860748,37,0.0
376,37,163,18.5,0.74,3.26,18.5,81.5,74.0,17.952450266860748,37,0.0
377,37,163,18.5,0.74,3.26,18.5,81.5,74.0,17.952450266860748,37,0.0
378,37,163,18.5,0.74,3.26,18.5,81.5,74.0,17.952450266860748,37,0.0
379,37,163,18.5,0.74,3.26,18.5,81.5,74.0,17.952450266860748,37,0.0
380,37,163,18.5,0.74,3.26,18.5,81.5,74.0,17.952450266860748,37,0.0
381,37,163,18.5,0.74,3.26,18.5,81.5,74.0,17.952450266860748,37,0.0
382,37,163,18.5,0.74,3.26,18.5,81.5,74.0,17.952450266860748,37,0.0
383,37,163,18.5,0.74,3.26,18.5,81.5,74.0,17.952450266860748,37,0.0
384,37,163,18.5,0.74,3.26,18.5,81.5,74.0,17.952450266860748,37,0.0
385,38,162,19.0,0.76,3.24,19.0,81.0,76.0,18.43765162542455,38,2.0
386,39,161,19.5,0.78,3.2199999999999998,19.5,80.49999999999999,78.0,18.922852983988356,39,2.0
387,39,161,19.5,0.78,3.2199999999999998,19.5,80.49999999999999,78.0,18.922852983988356,39,0.0
388,39,161,19.5,0.78,3.2199999999999998,19.5,80.49999999999999,78.0,18.922852983988356,39,0.0
389,39,161,19.5,0.78,3.2199999999999998,19.5,80.49999999999999,78.0,18.922852983988356,39,0.0
390,39,161,19.5,0.78,3.2199999999999998,19.5,80.49999999999999,78.0,18.922852983988356,39,0.0
391,39,161,19.5,0.78,3.2199999999999998,19.5,80.49999999999999,78.0,18.922852983988356,39,0.0
392,39,161,19.5,0.78,3.2199999999999998,19.5,80.49999999999999,78.0,18.922852983988356,39,0.0
393,39,161,19.5,0.78,3.2199999999999998,19.5,80.49999999999999,78.0,18.922852983988356,39,0.0
394,39,161,19.5,0.78,3.2199999999999998,19.5,80.49999999999999,78.0,18.922852983988356,39,0.0
395,39,161,19.5,0.78,3.2199999999999998,19.5,80.49999999999999,78.0,18.922852983988356,39,0.0
396,39,161,19.5,0.78,3.2199999999999998,19.5,80.49999999999999,78.0,18.922852983988356,39,0.0
397,39,161,19.5,0.78,3.2199999999999998,19.5,80.49999999999999,78.0,18.922852983988356,39,0.0
398,39,161,19.5,0.78,3.2199999999999998,19.5,80.49999999999999,78.0,18.922852983988356,39,0.0
399,39,161,19.5,0.78,3.2199999999999998,19.5,80.49999999999999,78.0,18.922852983988356,39,0.0
400,39,161,19.5,0.78,3.2199999999999998,19.5,80.49999999999999,78.0,18.922852983988356,39,0.0
401,40,160,20.0,0.8,3.2,20.0,80.0,80.0,19.40805434255216,40,2.0
402,40,160,20.0,0.8,3.2,20.0,80.0,80.0,19.40805434255216,40,0.0
403,40,160,20.0,0.8,3.2,20.0,80.0,80.0,19.40805434255216,40,0.0
404,40,160,20.0,0.8,3.2,20.0,80.0,80.0,19.40805434255216,40,0.0
405,40,160,20.0,0.8,3.2,20.0,80.0,80.0,19.40805434255216,40,0.0
406,40,160,20.0,0.8,3.2,20.0,80.0,80.0,19.40805434255216,40,0.0
407,40,160,20.0,0.8,3.2,20.0,80.0,80.0,19.40805434255216,40,0.0
408,40,160,20.0,0.8,3.2,20.0,80.0,80.0,19.40805434255216,41,0.0
409,41,159,20.5,0.8200000000000001,3.1799999999999997,20.5,79.49999999999999,82.0,19.893255701115965,42,2.0
410,41,159,20.5,0.8200000000000001,3.1799999999999997,20.5,79.49999999999999,82.0,19.893255701115965,42,0.0
411,41,159,20.5,0.8200000000000001,3.1799999999999997,20.5,79.49999999999999,82.0,19.893255701115965,42,0.0
412,42,158,21.0,0.84,3.16,21.0,79.0,84.0,20.378457059679768,43,2.0
413,42,158,21.0,0.84,3.16,21.0,79.0,84.0,20.378457059679768,43,0.0
414,42,158,21.0,0.84,3.16,21.0,79.0,84.0,20.378457059679768,43,0.0
415,42,158,21.0,0.84,3.16,21.0,79.0,84.0,20.378457059679768,43,0.0
416,42,158,21.0,0.84,3.16,21.0,79.0,84.0,20.378457059679768,43,0.0
417,42,158,21.0,0.84,3.16,21.0,79.0,84.0,20.378457059679768,43,0.0
418,42,158,21.0,0.84,3.16,21.0,79.0,84.0,20.378457059679768,43,0.0
419,42,158,21.0,0.84,3.16,21.0,79.0,84.0,20.378457059679768,43,0.0
420,42,158,21.0,0.84,3.16,21.0,79.0,84.0,20.378457059679768,43,0.0
421,42,158,21.0,0.84,3.16,21.0,79.0,84.0,20.378457059679768,43,0.0
422,42,158,21.0,0.84,3.16,21.0,79.0,84.0,20.378457059679768,43,0.0
423,43,157,21.5,0.86,3.14,21.5,78.5,86.0,20.86365841824357,44,2.0
424,43,157,21.5,0.86,3.14,21.5,78.5,86.0,20.86365841824357,44,0.0
425,43,157,21.5,0.86,3.14,21.5,78.5,86.0,20.86365841824357,44,0.0
426,43,157,21.5,0.86,3.14,21.5,78.5,86.0,20.86365841824357,44,0.0
427,43,157,21.5,0.86,3.14,21.5,78.5,86.0,20.86365841824357,44,0.0
428,43,157,21.5,0.86,3.14,21.5,78.5,86.0,20.86365841824357,44,0.0
429,43,157,21.5,0.86,3.14,21.5,78.5,86.0,20.86365841824357,44,0.0
430,43,157,21.5,0.86,3.14,21.5,78.5,86.0,20.86365841824357,44,0.0
431,43,157,21.5,0.86,3.14,21.5,78.5,86.0,20.86365841824357,44,0.0
432,43,157,21.5,0.86,3.14,21.5,78.5,86.0,20.86365841824357,44,0.0
433,43,157,21.5,0.86,3.14,21.5,78.5,86.0,20.86365841824357,44,0.0
434,43,157,21.5,0.86,3.14,21.5,78.5,86.0,20.86365841824357,44,0.0
435,43,157,21.5,0.86,3.14,21.5,78.5,86.0,20.86365841824357,44,0.0
436,43,157,21.5,0.86,3.14,21.5,78.5,86.0,20.86365841824357,44,0.0
437,44,156,22.0,0.88,3.12,22.0,78.0,88.0,21.348859776807373,45,2.0
438,44,156,22.0,0.88,3.12,22.0,78.0,88.0,21.348859776807373,45,0.0
439,44,156,22.0,0.88,3.12,22.0,78.0,88.0,21.348859776807373,45,0.0
440,44,156,22.0,0.88,3.12,22.0,78.0,88.0,21.348859776807373,45,0.0
441,44,156,22.0,0.88,3.12,22.0,78.0,88.0,21.348859776807373,45,0.0
442,44,156,22.0,0.88,3.12,22.0,78.0,88.0,21.348859776807373,45,0.0
443,44,156,22.0,0.88,3.12,22.0,78.0,88.0,21.348859776807373,45,0.0
444,44,156,22.0,0.88,3.12,22.0,78.0,88.0,21.348859776807373,45,0.0
445,44,156,22.0,0.88,3.12,22.0,78.0,88.0,21.348859776807373,45,0.0
446,44,156,22.0,0.88,3.12,22.0,78.0,88.0,21.348859776807373,45,0.0
447,45,155,22.5,0.9,3.1,22.5,77.5,90.0,21.83406113537118,46,2.0
448,45,155,22.5,0.9,3.1,22.5,77.5,90.0,21.83406113537118,46,0.0
449,45,155,22.5,0.9,3.1,22.5,77.5,90.0,21.83406113537118,46,0.0
450,45,155,22.5,0.9,3.1,22.5,77.5,90.0,21.83406113537118,46,0.0
451,45,155,22.5,0.9,3.1,22.5,77.5,90.0,21.83406113537118,46,0.0
452,45,155,22.5,0.9,3.1,22.5,77.5,90.0,21.83406113537118,46,0.0
453,45,155,22.5,0.9,3.1,22.5,77.5,90.0,21.83406113537118,46,0.0
454,45,155,22.5,0.9,3.1,22.5,77.5,90.0,21.83406113537118,46,0.0
455,45,155,22.5,0.9,3.1,22.5,77.5,90.0,21.83406113537118,46,0.0
456,45,155,22.5,0.9,3.1,22.5,77.5,90.0,21.83406113537118,46,0.0
457,45,155,22.5,0.9,3.1,22.5,77.5,90.0,21.83406113537118,46,0.0
458,45,155,22.5,0.9,3.1,22.5,77.5,90.0,21.83406113537118,46,0.0
459,45,155,22.5,0.9,3.1,22.5,77.5,90.0,21.83406113537118,46,0.0
460,45,155,22.5,0.9,3.1,22.5,77.5,90.0,21.83406113537118,46,0.0
461,45,155,22.5,0.9,3.1,22.5,77.5,90.0,21.83406113537118,46,0.0
462,45,155,22.5,0.9,3.1,22.5,77.5,90.0,21.83406113537118,46,0.0
463,45,155,22.5,0.9,3.1,22.5,77.5,90.0,21.83406113537118,46,0.0
464,45,155,22.5,0.9,3.1,22.5,77.5,90.0,21.83406113537118,46,0.0
465,45,155,22.5,0.9,3.1,22.5,77.5,90.0,21.83406113537118,46,0.0
466,45,155,22.5,0.9,3.1,22.5,77.5,90.0,21.83406113537118,46,0.0
467,45,155,22.5,0.9,3.1,22.5,77.5,90.0,21.83406113537118,46,0.0
468,45,155,22.5,0.9,3.1,22.5,77.5,90.0,21.83406113537118,46,0.0
469,45,155,22.5,0.9,3.1,22.5,77.5,90.0,21.83406113537118,46,0.0
470,45,155,22.5,0.9,3.1,22.5,77.5,90.0,21.83406113537118,46,0.0
471,45,155,22.5,0.9,3.1,22.5,77.5,90.0,21.83406113537118,46,0.0
472,45,155,22.5,0.9,3.1,22.5,77.5,90.0,21.83406113537118,46,0.0
473,45,155,22.5,0.9,3.1,22.5,77.5,90.0,21.83406113537118,46,0.0
474,45,155,22.5,0.9,3.1,22.5,77.5,90.0,21.83406113537118,46,0.0
475,45,155,22.5,0.9,3.1,22.5,77.5,90.0,21.83406113537118,46,0.0
476,45,155,22.5,0.9,3.1,22.5,77.5,90.0,21.83406113537118,46,0.0
477,45,155,22.5,0.9,3.1,22.5,77.5,90.0,21.83406113537118,46,0.0
478,45,155,22.5,0.9,3.1,22.5,77.5,90.0,21.83406113537118,46,0.0
479,45,155,22.5,0.9,3.1,22.5,77.5,90.0,21.83406113537118,46,0.0
480,45,155,22.5,0.9,3.1,22.5,77.5,90.0,21.83406113537118,46,0.0
481,45,155,22.5,0.9,3.1,22.5,77.5,90.0,21.83406113537118,46,0.0
482,45,155,22.5,0.9,3.1,22.5,77.5,90.0,21.83406113537118,46,0.0
483,45,155,22.5,0.9,3.1,22.5,77.5,90.0,21.83406113537118,46,0.0
484,45,155,22.5,0.9,3.1,22.5,77.5,90.0,21.83406113537118,46,0.0
485,45,155,22.5,0.9,3.1,22.5,77.5,90.0,21.83406113537118,46,0.0
486,45,155,22.5,0.9,3.1,22.5,77.5,90.0,21.83406113537118,46,0.0
487,45,155,22.5,0.9,3.1,22.5,77.5,90.0,21.83406113537118,46,0.0
488,45,155,22.5,0.9,3.1,22.5,77.5,90.0,21.83406113537118,46,0.0
489,45,155,22.5,0.9,3.1,22.5,77.5,90.0,21.83406113537118,46,0.0
490,45,155,22.5,0.9,3.1,22.5,77.5,90.0,21.83406113537118,46,0.0
491,45,155,22.5,0.9,3.1,22.5,77.5,90.0,21.83406113537118,46,0.0
492,46,154,23.0,0.92,3.08,23.0,77.0,92.0,22.319262493934982,47,2.0
493,46,154,23.0,0.92,3.08,23.0,77.0,92.0,22.319262493934982,47,0.0
494,46,154,23.0,0.92,3.08,23.0,77.0,92.0,22.319262493934982,47,0.0
495,46,154,23.0,0.92,3.08,23.0,77.0,92.0,22.319262493934982,47,0.0
496,46,154,23.0,0.92,3.08,23.0,77.0,92.0,22.319262493934982,47,0.0
497,46,154,23.0,0.92,3.08,23.0,77.0,92.0,22.319262493934982,47,0.0
498,46,154,23.0,0.92,3.08,23.0,77.0,92.0,22.319262493934982,47,0.0
499,46,154,23.0,0.92,3.08,23.0,77.0,92.0,22.319262493934982,47,0.0
500,46,154,23.0,0.92,3.08,23.0,77.0,92.0,22.319262493934982,47,0.0
501,46,154,23.0,0.92,3.08,23.0,77.0,92.0,22.319262493934982,47,0.0
502,46,154,23.0,0.92,3.08,23.0,77.0,92.0,22.319262493934982,47,0.0
503,46,154,23.0,0.92,3.08,23.0,77.0,92.0,22.319262493934982,47,0.0
504,46,154,23.0,0.92,3.08,23.0,77.0,92.0,22.319262493934982,47,0.0
505,46,154,23.0,0.92,3.08,23.0,77.0,92.0,22.319262493934982,47,0.0
506,46,154,23.0,0.92,3.08,23.0,77.0,92.0,22.319262493934982,47,0.0
507,46,154,23.0,0.92,3.08,23.0,77.0,92.0,22.319262493934982,47,0.0
508,46,154,23.0,0.92,3.08,23.0,77.0,92.0,22.319262493934982,47,0.0
509,47,153,23.5,0.9400000000000001,3.06,23.5,76.5,94.0,22.804463852498788,48,2.0
510,47,153,23.5,0.9400000000000001,3.06,23.5,76.5,94.0,22.804463852498788,48,0.0
511,47,153,23.5,0.9400000000000001,3.06,23.5,76.5,94.0,22.804463852498788,48,0.0
512,47,153,23.5,0.9400000000000001,3.06,23.5,76.5,94.0,22.804463852498788,48,0.0
513,47,153,23.5,0.9400000000000001,3.06,23.5,76.5,94.0,22.804463852498788,48,0.0
514,47,153,23.5,0.9400000000000001,3.06,23.5,76.5,94.0,22.804463852498788,48,0.0
515,47,153,23.5,0.9400000000000001,3.06,23.5,76.5,94.0,22.804463852498788,48,0.0
516,48,152,24.0,0.96,3.04,24.0,76.0,96.0,23.28966521106259,49,2.0
517,48,152,24.0,0.96,3.04,24.0,76.0,96.0,23.28966521106259,49,0.0
518,48,152,24.0,0.96,3.04,24.0,76.0,96.0,23.28966521106259,49,0.0
519,48,152,24.0,0.96,3.04,24.0,76.0,96.0,23.28966521106259,49,0.0
520,48,152,24.0,0.96,3.04,24.0,76.0,96.0,23.28966521106259,49,0.0
521,49,151,24.5,0.98,3.02,24.5,75.5,98.0,23.774866569626397,50,2.0
522,49,151,24.5,0.98,3.02,24.5,75.5,98.0,23.774866569626397,50,0.0
523,49,151,24.5,0.98,3.02,24.5,75.5,98.0,23.774866569626397,50,0.0
524,49,151,24.5,0.98,3.02,24.5,75.5,98.0,23.774866569626397,50,0.0
525,49,151,24.5,0.98,3.02,24.5,75.5,98.0,23.774866569626397,50,0.0
526,49,151,24.5,0.98,3.02,24.5,75.5,98.0,23.774866569626397,50,0.0
527,49,151,24.5,0.98,3.02,24.5,75.5,98.0,23.774866569626397,50,0.0
528,50,150,25.0,1.0,3.0,25.0,75.0,100.0,24.2600679281902,51,2.0
529,50,150,25.0,1.0,3.0,25.0,75.0,100.0,24.2600679281902,51,0.0
530,50,150,25.0,1.0,3.0,25.0,75.0,100.0,24.2600679281902,51,0.0
531,50,150,25.0,1.0,3.0,25.0,75.0,100.0,24.2600679281902,51,0.0
532,50,150,25.0,1.0,3.0,25.0,75.0,100.0,24.2600679281902,51,0.0
533,50,150,25.0,1.0,3.0,25.0,75.0,100.0,24.2600679281902,51,0.0
534,50,150,25.0,1.0,3.0,25.0,75.0,100.0,24.2600679281902,51,0.0
535,50,150,25.0,1.0,3.0,25.0,75.0,100.0,24.2600679281902,51,0.0
536,50,150,25.0,1.0,3.0,25.0,75.0,100.0,24.2600679281902,51,0.0
537,50,150,25.0,1.0,3.0,25.0,75.0,100.0,24.2600679281902,51,0.0
538,51,149,25.5,1.02,2.98,25.5,74.5,102.0,24.745269286754006,52,2.0
539,51,149,25.5,1.02,2.98,25.5,74.5,102.0,24.745269286754006,52,0.0
540,51,149,25.5,1.02,2.98,25.5,74.5,102.0,24.745269286754006,52,0.0
541,51,149,25.5,1.02,2.98,25.5,74.5,102.0,24.745269286754006,52,0.0
542,51,149,25.5,1.02,2.98,25.5,74.5,102.0,24.745269286754006,52,0.0
543,52,148,26.0,1.04,2.96,26.0,74.0,104.0,25.23047064531781,53,2.0
544,52,148,26.0,1.04,2.96,26.0,74.0,104.0,25.23047064531781,53,0.0
545,52,148,26.0,1.04,2.96,26.0,74.0,104.0,25.23047064531781,53,0.0
546,52,148,26.0,1.04,2.96,26.0,74.0,104.0,25.23047064531781,53,0.0
547,52,148,26.0,1.04,2.96,26.0,74.0,104.0,25.23047064531781,53,0.0
548,52,148,26.0,1.04,2.96,26.0,74.0,104.0,25.23047064531781,53,0.0
549,52,148,26.0,1.04,2.96,26.0,74.0,104.0,25.23047064531781,53,0.0
550,53,147,26.5,1.06,2.94,26.5,73.5,106.0,25.71567200388161,54,2.0
551,53,147,26.5,1.06,2.94,26.5,73.5,106.0,25.71567200388161,54,0.0
552,53,147,26.5,1.06,2.94,26.5,73.5,106.0,25.71567200388161,54,0.0
553,53,147,26.5,1.06,2.94,26.5,73.5,106.0,25.71567200388161,54,0.0
554,53,147,26.5,1.06,2.94,26.5,73.5,106.0,25.71567200388161,54,0.0
555,53,147,26.5,1.06,2.94,26.5,73.5,106.0,25.71567200388161,54,0.0
556,54,146,27.0,1.08,2.92,27.0,73.0,108.0,26.200873362445414,55,2.0
557,54,146,27.0,1.08,2.92,27.0,73.0,108.0,26.200873362445414,55,0.0
558,54,146,27.0,1.08,2.92,27.0,73.0,108.0,26.200873362445414,55,0.0
559,54,146,27.0,1.08,2.92,27.0,73.0,108.0,26.200873362445414,55,0.0
560,54,146,27.0,1.08,2.92,27.0,73.0,108.0,26.200873362445414,55,0.0
561,54,146,27.0,1.08,2.92,27.0,73.0,108.0,26.200873362445414,55,0.0
562,54,146,27.0,1.08,2.92,27.0,73.0,108.0,26.200873362445414,55,0.0
563,55,145,27.500000000000004,1.1,2.9,27.5,72.5,110.0,26.686074721009216,56,2.0
564,55,145,27.500000000000004,1.1,2.9,27.5,72.5,110.0,26.686074721009216,56,0.0
565,55,145,27.500000000000004,1.1,2.9,27.5,72.5,110.0,26.686074721009216,56,0.0
566,55,145,27.500000000000004,1.1,2.9,27.5,72.5,110.0,26.686074721009216,56,0.0
567,55,145,27.500000000000004,1.1,2.9,27.5,72.5,110.0,26.686074721009216,56,0.0
568,55,145,27.500000000000004,1.1,2.9,27.5,72.5,110.0,26.686074721009216,56,0.0
569,55,145,27.500000000000004,1.1,2.9,27.5,72.5,110.0,26.686074721009216,56,0.0
570,55,145,27.500000000000004,1.1,2.9,27.5,72.5,110.0,26.686074721009216,56,0.0
571,55,145,27.500000000000004,1.1,2.9,27.5,72.5,110.0,26.686074721009216,56,0.0
572,55,145,27.500000000000004,1.1,2.9,27.5,72.5,110.0,26.686074721009216,56,0.0
573,55,145,27.500000000000004,1.1,2.9,27.5,72.5,110.0,26.686074721009216,56,0.0
574,55,145,27.500000000000004,1.1,2.9,27.5,72.5,110.0,26.686074721009216,56,0.0
575,55,145,27.500000000000004,1.1,2.9,27.5,72.5,110.0,26.686074721009216,56,0.0
576,55,145,27.500000000000004,1.1,2.9,27.5,72.5,110.0,26.686074721009216,56,0.0
577,56,144,28.000000000000004,1.12,2.88,28.000000000000004,72.0,112.00000000000001,27.171276079573026,57,2.000000000000014
578,56,144,28.000000000000004,1.12,2.88,28.000000000000004,72.0,112.00000000000001,27.171276079573026,57,0.0
579,56,144,28.000000000000004,1.12,2.88,28.000000000000004,72.0,112.00000000000001,27.171276079573026,57,0.0
580,56,144,28.000000000000004,1.12,2.88,28.000000000000004,72.0,112.00000000000001,27.171276079573026,57,0.0
581,56,144,28.000000000000004,1.12,2.88,28.000000000000004,72.0,112.00000000000001,27.171276079573026,57,0.0
582,56,144,28.000000000000004,1.12,2.88,28.000000000000004,72.0,112.00000000000001,27.171276079573026,57,0.0
583,56,144,28.000000000000004,1.12,2.88,28.000000000000004,72.0,112.00000000000001,27.171276079573026,57,0.0
584,56,144,28.000000000000004,1.12,2.88,28.000000000000004,72.0,112.00000000000001,27.171276079573026,57,0.0
585,56,144,28.000000000000004,1.12,2.88,28.000000000000004,72.0,112.00000000000001,27.171276079573026,57,0.0
586,56,144,28.000000000000004,1.12,2.88,28.000000000000004,72.0,112.00000000000001,27.171276079573026,57,0.0
587,56,144,28.000000000000004,1.12,2.88,28.000000000000004,72.0,112.00000000000001,27.171276079573026,57,0.0
588,56,144,28.000000000000004,1.12,2.88,28.000000000000004,72.0,112.00000000000001,27.171276079573026,57,0.0
589,56,144,28.000000000000004,1.12,2.88,28.000000000000004,72.0,112.00000000000001,27.171276079573026,57,0.0
590,56,144,28.000000000000004,1.12,2.88,28.000000000000004,72.0,112.00000000000001,27.171276079573026,57,0.0
591,56,144,28.000000000000004,1.12,2.88,28.000000000000004,72.0,112.00000000000001,27.171276079573026,57,0.0
592,56,144,28.000000000000004,1.12,2.88,28.000000000000004,72.0,112.00000000000001,27.171276079573026,57,0.0
593,56,144,28.000000000000004,1.12,2.88,28.000000000000004,72.0,112.00000000000001,27.171276079573026,57,0.0
594,57,143,28.499999999999996,1.1400000000000001,2.86,28.500000000000004,71.5,114.00000000000001,27.65647743813683,58,2.0
595,57,143,28.499999999999996,1.1400000000000001,2.86,28.500000000000004,71.5,114.00000000000001,27.65647743813683,58,0.0
596,57,143,28.499999999999996,1.1400000000000001,2.86,28.500000000000004,71.5,114.00000000000001,27.65647743813683,58,0.0
597,57,143,28.499999999999996,1.1400000000000001,2.86,28.500000000000004,71.5,114.00000000000001,27.65647743813683,58,0.0
598,57,143,28.499999999999996,1.1400000000000001,2.86,28.500000000000004,71.5,114.00000000000001,27.65647743813683,58,0.0
599,57,143,28.499999999999996,1.1400000000000001,2.86,28.500000000000004,71.5,114.00000000000001,27.65647743813683,58,0.0
600,57,143,28.499999999999996,1.1400000000000001,2.86,28.500000000000004,71.5,114.00000000000001,27.65647743813683,58,0.0
601,57,143,28.499999999999996,1.1400000000000001,2.86,28.500000000000004,71.5,114.00000000000001,27.65647743813683,58,0.0
602,57,143,28.499999999999996,1.1400000000000001,2.86,28.500000000000004,71.5,114.00000000000001,27.65647743813683,58,0.0
603,57,143,28.499999999999996,1.1400000000000001,2.86,28.500000000000004,71.5,114.00000000000001,27.65647743813683,58,0.0
604,57,143,28.499999999999996,1.1400000000000001,2.86,28.500000000000004,71.5,114.00000000000001,27.65647743813683,58,0.0
605,57,143,28.499999999999996,1.1400000000000001,2.86,28.500000000000004,71.5,114.00000000000001,27.65647743813683,58,0.0
606,57,143,28.499999999999996,1.1400000000000001,2.86,28.500000000000004,71.5,114.00000000000001,27.65647743813683,58,0.0
607,57,143,28.499999999999996,1.1400000000000001,2.86,28.500000000000004,71.5,114.00000000000001,27.65647743813683,58,0.0
608,57,143,28.499999999999996,1.1400000000000001,2.86,28.500000000000004,71.5,114.00000000000001,27.65647743813683,58,0.0
609,57,143,28.499999999999996,1.1400000000000001,2.86,28.500000000000004,71.5,114.00000000000001,27.65647743813683,58,0.0
610,57,143,28.499999999999996,1.1400000000000001,2.86,28.500000000000004,71.5,114.00000000000001,27.65647743813683,58,0.0
611,57,143,28.499999999999996,1.1400000000000001,2.86,28.500000000000004,71.5,114.00000000000001,27.65647743813683,58,0.0
612,57,143,28.499999999999996,1.1400000000000001,2.86,28.500000000000004,71.5,114.00000000000001,27.65647743813683,58,0.0
613,57,143,28.499999999999996,1.1400000000000001,2.86,28.500000000000004,71.5,114.00000000000001,27.65647743813683,58,0.0
614,57,143,28.499999999999996,1.1400000000000001,2.86,28.500000000000004,71.5,114.00000000000001,27.65647743813683,58,0.0
615,57,143,28.499999999999996,1.1400000000000001,2.86,28.500000000000004,71.5,114.00000000000001,27.65647743813683,58,0.0
616,57,143,28.499999999999996,1.1400000000000001,2.86,28.500000000000004,71.5,114.00000000000001,27.65647743813683,58,0.0
617,58,142,28.999999999999996,1.16,2.84,28.999999999999996,71.0,115.99999999999999,28.141678796700624,59,1.9999999999999716
618,58,142,28.999999999999996,1.16,2.84,28.999999999999996,71.0,115.99999999999999,28.141678796700624,59,0.0
619,58,142,28.999999999999996,1.16,2.84,28.999999999999996,71.0,115.99999999999999,28.141678796700624,59,0.0
620,58,142,28.999999999999996,1.16,2.84,28.999999999999996,71.0,115.99999999999999,28.141678796700624,59,0.0
621,58,142,28.999999999999996,1.16,2.84,28.999999999999996,71.0,115.99999999999999,28.141678796700624,59,0.0
622,58,142,28.999999999999996,1.16,2.84,28.999999999999996,71.0,115.99999999999999,28.141678796700624,59,0.0
623,58,142,28.999999999999996,1.16,2.84,28.999999999999996,71.0,115.99999999999999,28.141678796700624,59,0.0
624,58,142,28.999999999999996,1.16,2.84,28.999999999999996,71.0,115.99999999999999,28.141678796700624,59,0.0
625,58,142,28.999999999999996,1.16,2.84,28.999999999999996,71.0,115.99999999999999,28.141678796700624,59,0.0
626,58,142,28.999999999999996,1.16,2.84,28.999999999999996,71.0,115.99999999999999,28.141678796700624,59,0.0
627,58,142,28.999999999999996,1.16,2.84,28.999999999999996,71.0,115.99999999999999,28.141678796700624,59,0.0
628,59,141,29.5,1.18,2.8200000000000003,29.499999999999996,70.5,117.99999999999999,28.626880155264434,60,2.0
629,59,141,29.5,1.18,2.8200000000000003,29.499999999999996,70.5,117.99999999999999,28.626880155264434,60,0.0
630,59,141,29.5,1.18,2.8200000000000003,29.499999999999996,70.5,117.99999999999999,28.626880155264434,60,0.0
631,59,141,29.5,1.18,2.8200000000000003,29.499999999999996,70.5,117.99999999999999,28.626880155264434,60,0.0
632,59,141,29.5,1.18,2.8200000000000003,29.499999999999996,70.5,117.99999999999999,28.626880155264434,60,0.0
633,59,141,29.5,1.18,2.8200000000000003,29.499999999999996,70.5,117.99999999999999,28.626880155264434,60,0.0
634,59,141,29.5,1.18,2.8200000000000003,29.499999999999996,70.5,117.99999999999999,28.626880155264434,60,0.0
635,59,141,29.5,1.18,2.8200000000000003,29.499999999999996,70.5,117.99999999999999,28.626880155264434,60,0.0
636,59,141,29.5,1.18,2.8200000000000003,29.499999999999996,70.5,117.99999999999999,28.626880155264434,60,0.0
637,59,141,29.5,1.18,2.8200000000000003,29.499999999999996,70.5,117.99999999999999,28.626880155264434,60,0.0
638,59,141,29.5,1.18,2.8200000000000003,29.499999999999996,70.5,117.99999999999999,28.626880155264434,60,0.0
639,59,141,29.5,1.18,2.8200000000000003,29.499999999999996,70.5,117.99999999999999,28.626880155264434,60,0.0
640,59,141,29.5,1.18,2.8200000000000003,29.499999999999996,70.5,117.99999999999999,28.626880155264434,60,0.0
641,59,141,29.5,1.18,2.8200000000000003,29.499999999999996,70.5,117.99999999999999,28.626880155264434,60,0.0
642,59,141,29.5,1.18,2.8200000000000003,29.499999999999996,70.5,117.99999999999999,28.626880155264434,60,0.0
643,59,141,29.5,1.18,2.8200000000000003,29.499999999999996,70.5,117.99999999999999,28.626880155264434,60,0.0
644,59,141,29.5,1.18,2.8200000000000003,29.499999999999996,70.5,117.99999999999999,28.626880155264434,60,0.0
645,59,141,29.5,1.18,2.8200000000000003,29.499999999999996,70.5,117.99999999999999,28.626880155264434,60,0.0
646,59,141,29.5,1.18,2.8200000000000003,29.499999999999996,70.5,117.99999999999999,28.626880155264434,60,0.0
647,59,141,29.5,1.18,2.8200000000000003,29.499999999999996,70.5,117.99999999999999,28.626880155264434,60,0.0
648,59,141,29.5,1.18,2.8200000000000003,29.499999999999996,70.5,117.99999999999999,28.626880155264434,60,0.0
649,59,141,29.5,1.18,2.8200000000000003,29.499999999999996,70.5,117.99999999999999,28.626880155264434,60,0.0
650,59,141,29.5,1.18,2.8200000000000003,29.499999999999996,70.5,117.99999999999999,28.626880155264434,60,0.0
651,59,141,29.5,1.18,2.8200000000000003,29.499999999999996,70.5,117.99999999999999,28.626880155264434,60,0.0
652,59,141,29.5,1.18,2.8200000000000003,29.499999999999996,70.5,117.99999999999999,28.626880155264434,60,0.0
653,59,141,29.5,1.18,2.8200000000000003,29.499999999999996,70.5,117.99999999999999,28.626880155264434,60,0.0
654,59,141,29.5,1.18,2.8200000000000003,29.499999999999996,70.5,117.99999999999999,28.626880155264434,60,0.0
655,59,141,29.5,1.18,2.8200000000000003,29.499999999999996,70.5,117.99999999999999,28.626880155264434,60,0.0
656,59,141,29.5,1.18,2.8200000000000003,29.499999999999996,70.5,117.99999999999999,28.626880155264434,60,0.0
657,59,141,29.5,1.18,2.8200000000000003,29.499999999999996,70.5,117.99999999999999,28.626880155264434,60,0.0
658,59,141,29.5,1.18,2.8200000000000003,29.499999999999996,70.5,117.99999999999999,28.626880155264434,60,0.0
659,59,141,29.5,1.18,2.8200000000000003,29.499999999999996,70.5,117.99999999999999,28.626880155264434,60,0.0
660,59,141,29.5,1.18,2.8200000000000003,29.499999999999996,70.5,117.99999999999999,28.626880155264434,60,0.0
661,59,141,29.5,1.18,2.8200000000000003,29.499999999999996,70.5,117.99999999999999,28.626880155264434,60,0.0
662,59,141,29.5,1.18,2.8200000000000003,29.499999999999996,70.5,117.99999999999999,28.626880155264434,60,0.0
663,59,141,29.5,1.18,2.8200000000000003,29.499999999999996,70.5,117.99999999999999,28.626880155264434,60,0.0
664,59,141,29.5,1.18,2.8200000000000003,29.499999999999996,70.5,117.99999999999999,28.626880155264434,60,0.0
665,59,141,29.5,1.18,2.8200000000000003,29.499999999999996,70.5,117.99999999999999,28.626880155264434,60,0.0
666,59,141,29.5,1.18,2.8200000000000003,29.499999999999996,70.5,117.99999999999999,28.626880155264434,60,0.0
667,59,141,29.5,1.18,2.8200000000000003,29.499999999999996,70.5,117.99999999999999,28.626880155264434,60,0.0
668,59,141,29.5,1.18,2.8200000000000003,29.499999999999996,70.5,117.99999999999999,28.626880155264434,60,0.0
669,59,141,29.5,1.18,2.8200000000000003,29.499999999999996,70.5,117.99999999999999,28.626880155264434,60,0.0
670,59,141,29.5,1.18,2.8200000000000003,29.499999999999996,70.5,117.99999999999999,28.626880155264434,60,0.0
671,59,141,29.5,1.18,2.8200000000000003,29.499999999999996,70.5,117.99999999999999,28.626880155264434,60,0.0
672,59,141,29.5,1.18,2.8200000000000003,29.499999999999996,70.5,117.99999999999999,28.626880155264434,60,0.0
673,60,140,30.0,1.2,2.8,30.0,70.0,120.0,29.11208151382824,61,2.000000000000014
674,60,140,30.0,1.2,2.8,30.0,70.0,120.0,29.11208151382824,61,0.0
675,60,140,30.0,1.2,2.8,30.0,70.0,120.0,29.11208151382824,61,0.0
676,60,140,30.0,1.2,2.8,30.0,70.0,120.0,29.11208151382824,61,0.0
677,60,140,30.0,1.2,2.8,30.0,70.0,120.0,29.11208151382824,61,0.0
678,60,140,30.0,1.2,2.8,30.0,70.0,120.0,29.11208151382824,61,0.0
679,60,140,30.0,1.2,2.8,30.0,70.0,120.0,29.11208151382824,61,0.0
680,60,140,30.0,1.2,2.8,30.0,70.0,120.0,29.11208151382824,61,0.0
681,60,140,30.0,1.2,2.8,30.0,70.0,120.0,29.11208151382824,61,0.0
682,61,139,30.5,1.22,2.7800000000000002,30.5,69.5,122.0,29.597282872392043,62,2.0
683,61,139,30.5,1.22,2.7800000000000002,30.5,69.5,122.0,29.597282872392043,62,0.0
684,61,139,30.5,1.22,2.7800000000000002,30.5,69.5,122.0,29.597282872392043,62,0.0
685,61,139,30.5,1.22,2.7800000000000002,30.5,69.5,122.0,29.597282872392043,62,0.0
686,61,139,30.5,1.22,2.7800000000000002,30.5,69.5,122.0,29.597282872392043,62,0.0
687,62,138,31.0,1.24,2.76,31.0,69.0,124.0,30.082484230955846,63,2.0
688,62,138,31.0,1.24,2.76,31.0,69.0,124.0,30.082484230955846,63,0.0
689,62,138,31.0,1.24,2.76,31.0,69.0,124.0,30.082484230955846,63,0.0
690,62,138,31.0,1.24,2.76,31.0,69.0,124.0,30.082484230955846,63,0.0
691,62,138,31.0,1.24,2.76,31.0,69.0,124.0,30.082484230955846,63,0.0
692,62,138,31.0,1.24,2.76,31.0,69.0,124.0,30.082484230955846,63,0.0
693,62,138,31.0,1.24,2.76,31.0,69.0,124.0,30.082484230955846,63,0.0
694,63,137,31.5,1.26,2.74,31.5,68.5,126.0,30.567685589519648,64,2.0
695,63,137,31.5,1.26,2.74,31.5,68.5,126.0,30.567685589519648,64,0.0
696,63,137,31.5,1.26,2.74,31.5,68.5,126.0,30.567685589519648,64,0.0
697,63,137,31.5,1.26,2.74,31.5,68.5,126.0,30.567685589519648,64,0.0
698,63,137,31.5,1.26,2.74,31.5,68.5,126.0,30.567685589519648,64,0.0
699,63,137,31.5,1.26,2.74,31.5,68.5,126.0,30.567685589519648,64,0.0
700,63,137,31.5,1.26,2.74,31.5,68.5,126.0,30.567685589519648,64,0.0
701,63,137,31.5,1.26,2.74,31.5,68.5,126.0,30.567685589519648,64,0.0
702,63,137,31.5,1.26,2.74,31.5,68.5,126.0,30.567685589519648,64,0.0
703,63,137,31.5,1.26,2.74,31.5,68.5,126.0,30.567685589519648,64,0.0
704,64,136,32.0,1.28,2.7199999999999998,32.0,67.99999999999999,128.0,31.052886948083458,65,2.0
705,64,136,32.0,1.28,2.7199999999999998,32.0,67.99999999999999,128.0,31.052886948083458,65,0.0
706,64,136,32.0,1.28,2.7199999999999998,32.0,67.99999999999999,128.0,31.052886948083458,65,0.0
707,64,136,32.0,1.28,2.7199999999999998,32.0,67.99999999999999,128.0,31.052886948083458,65,0.0
708,64,136,32.0,1.28,2.7199999999999998,32.0,67.99999999999999,128.0,31.052886948083458,65,0.0
709,64,136,32.0,1.28,2.7199999999999998,32.0,67.99999999999999,128.0,31.052886948083458,65,0.0
710,64,136,32.0,1.28,2.7199999999999998,32.0,67.99999999999999,128.0,31.052886948083458,65,0.0
711,64,136,32.0,1.28,2.7199999999999998,32.0,67.99999999999999,128.0,31.052886948083458,65,0.0
712,64,136,32.0,1.28,2.7199999999999998,32.0,67.99999999999999,128.0,31.052886948083458,65,0.0
713,64,136,32.0,1.28,2.7199999999999998,32.0,67.99999999999999,128.0,31.052886948083458,65,0.0
714,64,136,32.0,1.28,2.7199999999999998,32.0,67.99999999999999,128.0,31.052886948083458,65,0.0
715,64,136,32.0,1.28,2.7199999999999998,32.0,67.99999999999999,128.0,31.052886948083458,65,0.0
716,64,136,32.0,1.28,2.7199999999999998,32.0,67.99999999999999,128.0,31.052886948083458,65,0.0
717,64,136,32.0,1.28,2.7199999999999998,32.0,67.99999999999999,128.0,31.052886948083458,65,0.0
718,64,136,32.0,1.28,2.7199999999999998,32.0,67.99999999999999,128.0,31.052886948083458,65,0.0
719,64,136,32.0,1.28,2.7199999999999998,32.0,67.99999999999999,128.0,31.052886948083458,65,0.0
720,64,136,32.0,1.28,2.7199999999999998,32.0,67.99999999999999,128.0,31.052886948083458,65,0.0
721,64,136,32.0,1.28,2.7199999999999998,32.0,67.99999999999999,128.0,31.052886948083458,65,0.0
722,64,136,32.0,1.28,2.7199999999999998,32.0,67.99999999999999,128.0,31.052886948083458,65,0.0
723,64,136,32.0,1.28,2.7199999999999998,32.0,67.99999999999999,128.0,31.052886948083458,65,0.0
724,64,136,32.0,1.28,2.7199999999999998,32.0,67.99999999999999,128.0,31.052886948083458,65,0.0
725,64,136,32.0,1.28,2.7199999999999998,32.0,67.99999999999999,128.0,31.052886948083458,65,0.0
726,64,136,32.0,1.28,2.7199999999999998,32.0,67.99999999999999,128.0,31.052886948083458,65,0.0
727,65,135,32.5,1.3,2.7,32.5,67.5,130.0,31.53808830664726,66,2.0
728,65,135,32.5,1.3,2.7,32.5,67.5,130.0,31.53808830664726,66,0.0
729,65,135,32.5,1.3,2.7,32.5,67.5,130.0,31.53808830664726,66,0.0
730,65,135,32.5,1.3,2.7,32.5,67.5,130.0,31.53808830664726,66,0.0
731,65,135,32.5,1.3,2.7,32.5,67.5,130.0,31.53808830664726,66,0.0
732,65,135,32.5,1.3,2.7,32.5,67.5,130.0,31.53808830664726,66,0.0
733,65,135,32.5,1.3,2.7,32.5,67.5,130.0,31.53808830664726,66,0.0
734,65,135,32.5,1.3,2.7,32.5,67.5,130.0,31.53808830664726,66,0.0
735,65,135,32.5,1.3,2.7,32.5,67.5,130.0,31.53808830664726,66,0.0
736,65,135,32.5,1.3,2.7,32.5,67.5,130.0,31.53808830664726,66,0.0
737,65,135,32.5,1.3,2.7,32.5,67.5,130.0,31.53808830664726,66,0.0
738,65,135,32.5,1.3,2.7,32.5,67.5,130.0,31.53808830664726,66,0.0
739,65,135,32.5,1.3,2.7,32.5,67.5,130.0,31.53808830664726,66,0.0
740,66,134,33.0,1.32,2.6799999999999997,33.0,66.99999999999999,132.0,32.02328966521107,67,2.0
741,66,134,33.0,1.32,2.6799999999999997,33.0,66.99999999999999,132.0,32.02328966521107,67,0.0
742,66,134,33.0,1.32,2.6799999999999997,33.0,66.99999999999999,132.0,32.02328966521107,67,0.0
743,66,134,33.0,1.32,2.6799999999999997,33.0,66.99999999999999,132.0,32.02328966521107,67,0.0
744,66,134,33.0,1.32,2.6799999999999997,33.0,66.99999999999999,132.0,32.02328966521107,67,0.0
745,66,134,33.0,1.32,2.6799999999999997,33.0,66.99999999999999,132.0,32.02328966521107,67,0.0
746,66,134,33.0,1.32,2.6799999999999997,33.0,66.99999999999999,132.0,32.02328966521107,67,0.0
747,66,134,33.0,1.32,2.6799999999999997,33.0,66.99999999999999,132.0,32.02328966521107,67,0.0
748,66,134,33.0,1.32,2.6799999999999997,33.0,66.99999999999999,132.0,32.02328966521107,67,0.0
749,66,134,33.0,1.32,2.6799999999999997,33.0,66.99999999999999,132.0,32.02328966521107,67,0.0
750,66,134,33.0,1.32,2.6799999999999997,33.0,66.99999999999999,132.0,32.02328966521107,67,0.0
751,66,134,33.0,1.32,2.6799999999999997,33.0,66.99999999999999,132.0,32.02328966521107,67,0.0
752,66,134,33.0,1.32,2.6799999999999997,33.0,66.99999999999999,132.0,32.02328966521107,67,0.0
753,66,134,33.0,1.32,2.6799999999999997,33.0,66.99999999999999,132.0,32.02328966521107,67,0.0
754,66,134,33.0,1.32,2.6799999999999997,33.0,66.99999999999999,132.0,32.02328966521107,67,0.0
755,66,134,33.0,1.32,2.6799999999999997,33.0,66.99999999999999,132.0,32.02328966521107,67,0.0
756,66,134,33.0,1.32,2.6799999999999997,33.0,66.99999999999999,132.0,32.02328966521107,67,0.0
757,66,134,33.0,1.32,2.6799999999999997,33.0,66.99999999999999,132.0,32.02328966521107,67,0.0
758,66,134,33.0,1.32,2.6799999999999997,33.0,66.99999999999999,132.0,32.02328966521107,67,0.0
759,66,134,33.0,1.32,2.6799999999999997,33.0,66.99999999999999,132.0,32.02328966521107,67,0.0
760,66,134,33.0,1.32,2.6799999999999997,33.0,66.99999999999999,132.0,32.02328966521107,67,0.0
761,66,134,33.0,1.32,2.6799999999999997,33.0,66.99999999999999,132.0,32.02328966521107,67,0.0
762,66,134,33.0,1.32,2.6799999999999997,33.0,66.99999999999999,132.0,32.02328966521107,67,0.0
763,66,134,33.0,1.32,2.6799999999999997,33.0,66.99999999999999,132.0,32.02328966521107,67,0.0
764,66,134,33.0,1.32,2.6799999999999997,33.0,66.99999999999999,132.0,32.02328966521107,67,0.0
765,66,134,33.0,1.32,2.6799999999999997,33.0,66.99999999999999,132.0,32.02328966521107,67,0.0
766,66,134,33.0,1.32,2.6799999999999997,33.0,66.99999999999999,132.0,32.02328966521107,67,0.0
767,66,134,33.0,1.32,2.6799999999999997,33.0,66.99999999999999,132.0,32.02328966521107,67,0.0
768,66,134,33.0,1.32,2.6799999999999997,33.0,66.99999999999999,132.0,32.02328966521107,67,0.0
769,66,134,33.0,1.32,2.6799999999999997,33.0,66.99999999999999,132.0,32.02328966521107,67,0.0
770,66,134,33.0,1.32,2.6799999999999997,33.0,66.99999999999999,132.0,32.02328966521107,67,0.0
771,66,134,33.0,1.32,2.6799999999999997,33.0,66.99999999999999,132.0,32.02328966521107,67,0.0
772,67,133,33.5,1.34,2.66,33.5,66.5,134.0,32.508491023774866,68,2.0
773,67,133,33.5,1.34,2.66,33.5,66.5,134.0,32.508491023774866,68,0.0
774,67,133,33.5,1.34,2.66,33.5,66.5,134.0,32.508491023774866,68,0.0
775,67,133,33.5,1.34,2.66,33.5,66.5,134.0,32.508491023774866,68,0.0
776,67,133,33.5,1.34,2.66,33.5,66.5,134.0,32.508491023774866,68,0.0
777,67,133,33.5,1.34,2.66,33.5,66.5,134.0,32.508491023774866,68,0.0
778,67,133,33.5,1.34,2.66,33.5,66.5,134.0,32.508491023774866,68,0.0
779,67,133,33.5,1.34,2.66,33.5,66.5,134.0,32.508491023774866,68,0.0
780,67,133,33.5,1.34,2.66,33.5,66.5,134.0,32.508491023774866,68,0.0
781,67,133,33.5,1.34,2.66,33.5,66.5,134.0,32.508491023774866,68,0.0
782,67,133,33.5,1.34,2.66,33.5,66.5,134.0,32.508491023774866,68,0.0
783,67,133,33.5,1.34,2.66,33.5,66.5,134.0,32.508491023774866,68,0.0
784,67,133,33.5,1.34,2.66,33.5,66.5,134.0,32.508491023774866,68,0.0
785,67,133,33.5,1.34,2.66,33.5,66.5,134.0,32.508491023774866,68,0.0
786,67,133,33.5,1.34,2.66,33.5,66.5,134.0,32.508491023774866,68,0.0
787,67,133,33.5,1.34,2.66,33.5,66.5,134.0,32.508491023774866,68,0.0
788,68,132,34.0,1.36,2.6399999999999997,34.0,65.99999999999999,136.0,32.99369238233867,69,2.0
789,68,132,34.0,1.36,2.6399999999999997,34.0,65.99999999999999,136.0,32.99369238233867,69,0.0
790,68,132,34.0,1.36,2.6399999999999997,34.0,65.99999999999999,136.0,32.99369238233867,69,0.0
791,68,132,34.0,1.36,2.6399999999999997,34.0,65.99999999999999,136.0,32.99369238233867,69,0.0
792,69,131,34.5,1.3800000000000001,2.62,34.5,65.5,138.0,33.47889374090248,70,2.0
793,69,131,34.5,1.3800000000000001,2.62,34.5,65.5,138.0,33.47889374090248,70,0.0
794,69,131,34.5,1.3800000000000001,2.62,34.5,65.5,138.0,33.47889374090248,70,0.0
795,69,131,34.5,1.3800000000000001,2.62,34.5,65.5,138.0,33.47889374090248,70,0.0
796,69,131,34.5,1.3800000000000001,2.62,34.5,65.5,138.0,33.47889374090248,70,0.0
797,69,131,34.5,1.3800000000000001,2.62,34.5,65.5,138.0,33.47889374090248,70,0.0
798,70,130,35.0,1.4000000000000001,2.5999999999999996,35.0,64.99999999999999,140.0,33.96409509946628,71,2.0
799,70,130,35.0,1.4000000000000001,2.5999999999999996,35.0,64.99999999999999,140.0,33.96409509946628,71,0.0
800,70,130,35.0,1.4000000000000001,2.5999999999999996,35.0,64.99999999999999,140.0,33.96409509946628,71,0.0
801,70,130,35.0,1.4000000000000001,2.5999999999999996,35.0,64.99999999999999,140.0,33.96409509946628,71,0.0
802,70,130,35.0,1.4000000000000001,2.5999999999999996,35.0,64.99999999999999,140.0,33.96409509946628,71,0.0
803,70,130,35.0,1.4000000000000001,2.5999999999999996,35.0,64.99999999999999,140.0,33.96409509946628,71,0.0
804,70,130,35.0,1.4000000000000001,2.5999999999999996,35.0,64.99999999999999,140.0,33.96409509946628,71,0.0
805,70,130,35.0,1.4000000000000001,2.5999999999999996,35.0,64.99999999999999,140.0,33.96409509946628,71,0.0
806,70,130,35.0,1.4000000000000001,2.5999999999999996,35.0,64.99999999999999,140.0,33.96409509946628,71,0.0
807,70,130,35.0,1.4000000000000001,2.5999999999999996,35.0,64.99999999999999,140.0,33.96409509946628,71,0.0
808,70,130,35.0,1.4000000000000001,2.5999999999999996,35.0,64.99999999999999,140.0,33.96409509946628,71,0.0
809,70,130,35.0,1.4000000000000001,2.5999999999999996,35.0,64.99999999999999,140.0,33.96409509946628,71,0.0
810,71,129,35.5,1.42,2.58,35.5,64.5,142.0,34.449296458030084,72,2.0
811,71,129,35.5,1.42,2.58,35.5,64.5,142.0,34.449296458030084,72,0.0
812,71,129,35.5,1.42,2.58,35.5,64.5,142.0,34.449296458030084,72,0.0
813,71,129,35.5,1.42,2.58,35.5,64.5,142.0,34.449296458030084,72,0.0
814,71,129,35.5,1.42,2.58,35.5,64.5,142.0,34.449296458030084,72,0.0
815,71,129,35.5,1.42,2.58,35.5,64.5,142.0,34.449296458030084,72,0.0
816,71,129,35.5,1.42,2.58,35.5,64.5,142.0,34.449296458030084,72,0.0
817,71,129,35.5,1.42,2.58,35.5,64.5,142.0,34.449296458030084,72,0.0
818,71,129,35.5,1.42,2.58,35.5,64.5,142.0,34.449296458030084,72,0.0
819,72,128,36.0,1.44,2.56,36.0,64.0,144.0,34.93449781659389,73,2.0
820,72,128,36.0,1.44,2.56,36.0,64.0,144.0,34.93449781659389,73,0.0
821,72,128,36.0,1.44,2.56,36.0,64.0,144.0,34.93449781659389,73,0.0
822,72,128,36.0,1.44,2.56,36.0,64.0,144.0,34.93449781659389,73,0.0
823,72,128,36.0,1.44,2.56,36.0,64.0,144.0,34.93449781659389,73,0.0
824,72,128,36.0,1.44,2.56,36.0,64.0,144.0,34.93449781659389,73,0.0
825,72,128,36.0,1.44,2.56,36.0,64.0,144.0,34.93449781659389,73,0.0
826,72,128,36.0,1.44,2.56,36.0,64.0,144.0,34.93449781659389,73,0.0
827,72,128,36.0,1.44,2.56,36.0,64.0,144.0,34.93449781659389,73,0.0
828,72,128,36.0,1.44,2.56,36.0,64.0,144.0,34.93449781659389,73,0.0
829,72,128,36.0,1.44,2.56,36.0,64.0,144.0,34.93449781659389,73,0.0
830,73,127,36.5,1.46,2.54,36.5,63.5,146.0,35.419699175157696,74,2.0
831,73,127,36.5,1.46,2.54,36.5,63.5,146.0,35.419699175157696,74,0.0
832,73,127,36.5,1.46,2.54,36.5,63.5,146.0,35.419699175157696,74,0.0
833,73,127,36.5,1.46,2.54,36.5,63.5,146.0,35.419699175157696,74,0.0
834,73,127,36.5,1.46,2.54,36.5,63.5,146.0,35.419699175157696,74,0.0
835,73,127,36.5,1.46,2.54,36.5,63.5,146.0,35.419699175157696,74,0.0
836,73,127,36.5,1.46,2.54,36.5,63.5,146.0,35.419699175157696,74,0.0
837,73,127,36.5,1.46,2.54,36.5,63.5,146.0,35.419699175157696,74,0.0
838,73,127,36.5,1.46,2.54,36.5,63.5,146.0,35.419699175157696,74,0.0
839,73,127,36.5,1.46,2.54,36.5,63.5,146.0,35.419699175157696,74,0.0
840,73,127,36.5,1.46,2.54,36.5,63.5,146.0,35.419699175157696,74,0.0
841,73,127,36.5,1.46,2.54,36.5,63.5,146.0,35.419699175157696,74,0.0
842,73,127,36.5,1.46,2.54,36.5,63.5,146.0,35.419699175157696,74,0.0
843,73,127,36.5,1.46,2.54,36.5,63.5,146.0,35.419699175157696,74,0.0
844,73,127,36.5,1.46,2.54,36.5,63.5,146.0,35.419699175157696,74,0.0
845,73,127,36.5,1.46,2.54,36.5,63.5,146.0,35.419699175157696,74,0.0
846,73,127,36.5,1.46,2.54,36.5,63.5,146.0,35.419699175157696,74,0.0
847,73,127,36.5,1.46,2.54,36.5,63.5,146.0,35.419699175157696,74,0.0
848,73,127,36.5,1.46,2.54,36.5,63.5,146.0,35.419699175157696,74,0.0
849,73,127,36.5,1.46,2.54,36.5,63.5,146.0,35.419699175157696,74,0.0
850,73,127,36.5,1.46,2.54,36.5,63.5,146.0,35.419699175157696,74,0.0
851,73,127,36.5,1.46,2.54,36.5,63.5,146.0,35.419699175157696,74,0.0
852,73,127,36.5,1.46,2.54,36.5,63.5,146.0,35.419699175157696,74,0.0
853,73,127,36.5,1.46,2.54,36.5,63.5,146.0,35.419699175157696,74,0.0
854,73,127,36.5,1.46,2.54,36.5,63.5,146.0,35.419699175157696,74,0.0
855,73,127,36.5,1.46,2.54,36.5,63.5,146.0,35.419699175157696,74,0.0
856,73,127,36.5,1.46,2.54,36.5,63.5,146.0,35.419699175157696,74,0.0
857,73,127,36.5,1.46,2.54,36.5,63.5,146.0,35.419699175157696,74,0.0
858,73,127,36.5,1.46,2.54,36.5,63.5,146.0,35.419699175157696,74,0.0
859,73,127,36.5,1.46,2.54,36.5,63.5,146.0,35.419699175157696,74,0.0
860,73,127,36.5,1.46,2.54,36.5,63.5,146.0,35.419699175157696,74,0.0
861,73,127,36.5,1.46,2.54,36.5,63.5,146.0,35.419699175157696,74,0.0
862,73,127,36.5,1.46,2.54,36.5,63.5,146.0,35.419699175157696,74,0.0
863,73,127,36.5,1.46,2.54,36.5,63.5,146.0,35.419699175157696,74,0.0
864,73,127,36.5,1.46,2.54,36.5,63.5,146.0,35.419699175157696,74,0.0
865,73,127,36.5,1.46,2.54,36.5,63.5,146.0,35.419699175157696,74,0.0
866,74,126,37.0,1.48,2.52,37.0,63.0,148.0,35.904900533721495,75,2.0
867,74,126,37.0,1.48,2.52,37.0,63.0,148.0,35.904900533721495,75,0.0
868,74,126,37.0,1.48,2.52,37.0,63.0,148.0,35.904900533721495,75,0.0
869,74,126,37.0,1.48,2.52,37.0,63.0,148.0,35.904900533721495,75,0.0
870,74,126,37.0,1.48,2.52,37.0,63.0,148.0,35.904900533721495,75,0.0
871,74,126,37.0,1.48,2.52,37.0,63.0,148.0,35.904900533721495,75,0.0
872,74,126,37.0,1.48,2.52,37.0,63.0,148.0,35.904900533721495,75,0.0
873,74,126,37.0,1.48,2.52,37.0,63.0,148.0,35.904900533721495,75,0.0
874,74,126,37.0,1.48,2.52,37.0,63.0,148.0,35.904900533721495,75,0.0
875,74,126,37.0,1.48,2.52,37.0,63.0,148.0,35.904900533721495,75,0.0
876,74,126,37.0,1.48,2.52,37.0,63.0,148.0,35.904900533721495,75,0.0
877,74,126,37.0,1.48,2.52,37.0,63.0,148.0,35.904900533721495,75,0.0
878,74,126,37.0,1.48,2.52,37.0,63.0,148.0,35.904900533721495,75,0.0
879,74,126,37.0,1.48,2.52,37.0,63.0,148.0,35.904900533721495,75,0.0
880,74,126,37.0,1.48,2.52,37.0,63.0,148.0,35.904900533721495,75,0.0
881,74,126,37.0,1.48,2.52,37.0,63.0,148.0,35.904900533721495,75,0.0
882,74,126,37.0,1.48,2.52,37.0,63.0,148.0,35.904900533721495,75,0.0
883,74,126,37.0,1.48,2.52,37.0,63.0,148.0,35.904900533721495,75,0.0
884,74,126,37.0,1.48,2.52,37.0,63.0,148.0,35.904900533721495,75,0.0
885,74,126,37.0,1.48,2.52,37.0,63.0,148.0,35.904900533721495,75,0.0
886,74,126,37.0,1.48,2.52,37.0,63.0,148.0,35.904900533721495,75,0.0
887,74,126,37.0,1.48,2.52,37.0,63.0,148.0,35.904900533721495,75,0.0
888,74,126,37.0,1.48,2.52,37.0,63.0,148.0,35.904900533721495,75,0.0
889,74,126,37.0,1.48,2.52,37.0,63.0,148.0,35.904900533721495,75,0.0
890,74,126,37.0,1.48,2.52,37.0,63.0,148.0,35.904900533721495,75,0.0
891,74,126,37.0,1.48,2.52,37.0,63.0,148.0,35.904900533721495,75,0.0
892,74,126,37.0,1.48,2.52,37.0,63.0,148.0,35.904900533721495,75,0.0
893,74,126,37.0,1.48,2.52,37.0,63.0,148.0,35.904900533721495,75,0.0
894,74,126,37.0,1.48,2.52,37.0,63.0,148.0,35.904900533721495,75,0.0
895,74,126,37.0,1.48,2.52,37.0,63.0,148.0,35.904900533721495,75,0.0
896,75,125,37.5,1.5,2.5,37.5,62.5,150.0,36.3901018922853,76,2.0
897,75,125,37.5,1.5,2.5,37.5,62.5,150.0,36.3901018922853,76,0.0
898,75,125,37.5,1.5,2.5,37.5,62.5,150.0,36.3901018922853,76,0.0
899,76,124,38.0,1.52,2.48,38.0,62.0,152.0,36.8753032508491,77,2.0
900,76,124,38.0,1.52,2.48,38.0,62.0,152.0,36.8753032508491,77,0.0
901,76,124,38.0,1.52,2.48,38.0,62.0,152.0,36.8753032508491,77,0.0
902,76,124,38.0,1.52,2.48,38.0,62.0,152.0,36.8753032508491,77,0.0
903,76,124,38.0,1.52,2.48,38.0,62.0,152.0,36.8753032508491,77,0.0
904,76,124,38.0,1.52,2.48,38.0,62.0,152.0,36.8753032508491,77,0.0
905,76,124,38.0,1.52,2.48,38.0,62.0,152.0,36.8753032508491,77,0.0
906,77,123,38.5,1.54,2.46,38.5,61.5,154.0,37.36050460941291,78,2.0
907,77,123,38.5,1.54,2.46,38.5,61.5,154.0,37.36050460941291,78,0.0
908,77,123,38.5,1.54,2.46,38.5,61.5,154.0,37.36050460941291,78,0.0
909,77,123,38.5,1.54,2.46,38.5,61.5,154.0,37.36050460941291,78,0.0
910,77,123,38.5,1.54,2.46,38.5,61.5,154.0,37.36050460941291,78,0.0
911,77,123,38.5,1.54,2.46,38.5,61.5,154.0,37.36050460941291,78,0.0
912,77,123,38.5,1.54,2.46,38.5,61.5,154.0,37.36050460941291,78,0.0
913,77,123,38.5,1.54,2.46,38.5,61.5,154.0,37.36050460941291,78,0.0
914,77,123,38.5,1.54,2.46,38.5,61.5,154.0,37.36050460941291,78,0.0
915,77,123,38.5,1.54,2.46,38.5,61.5,154.0,37.36050460941291,78,0.0
916,77,123,38.5,1.54,2.46,38.5,61.5,154.0,37.36050460941291,78,0.0
917,77,123,38.5,1.54,2.46,38.5,61.5,154.0,37.36050460941291,78,0.0
918,77,123,38.5,1.54,2.46,38.5,61.5,154.0,37.36050460941291,78,0.0
919,77,123,38.5,1.54,2.46,38.5,61.5,154.0,37.36050460941291,78,0.0
920,77,123,38.5,1.54,2.46,38.5,61.5,154.0,37.36050460941291,78,0.0
921,77,123,38.5,1.54,2.46,38.5,61.5,154.0,37.36050460941291,78,0.0
922,77,123,38.5,1.54,2.46,38.5,61.5,154.0,37.36050460941291,78,0.0
923,77,123,38.5,1.54,2.46,38.5,61.5,154.0,37.36050460941291,78,0.0
924,77,123,38.5,1.54,2.46,38.5,61.5,154.0,37.36050460941291,78,0.0
925,77,123,38.5,1.54,2.46,38.5,61.5,154.0,37.36050460941291,79,0.0
926,78,122,39.0,1.56,2.44,39.0,61.0,156.0,37.84570596797671,81,2.0
927,78,122,39.0,1.56,2.44,39.0,61.0,156.0,37.84570596797671,82,0.0
928,78,122,39.0,1.56,2.44,39.0,61.0,156.0,37.84570596797671,82,0.0
929,78,122,39.0,1.56,2.44,39.0,61.0,156.0,37.84570596797671,82,0.0
930,78,122,39.0,1.56,2.44,39.0,61.0,156.0,37.84570596797671,82,0.0
931,78,122,39.0,1.56,2.44,39.0,61.0,156.0,37.84570596797671,82,0.0
932,78,122,39.0,1.56,2.44,39.0,61.0,156.0,37.84570596797671,82,0.0
933,78,122,39.0,1.56,2.44,39.0,61.0,156.0,37.84570596797671,82,0.0
934,78,122,39.0,1.56,2.44,39.0,61.0,156.0,37.84570596797671,82,0.0
935,78,122,39.0,1.56,2.44,39.0,61.0,156.0,37.84570596797671,82,0.0
936,78,122,39.0,1.56,2.44,39.0,61.0,156.0,37.84570596797671,82,0.0
937,78,122,39.0,1.56,2.44,39.0,61.0,156.0,37.84570596797671,82,0.0
938,78,122,39.0,1.56,2.44,39.0,61.0,156.0,37.84570596797671,82,0.0
939,78,122,39.0,1.56,2.44,39.0,61.0,156.0,37.84570596797671,82,0.0
940,78,122,39.0,1.56,2.44,39.0,61.0,156.0,37.84570596797671,82,0.0
941,78,122,39.0,1.56,2.44,39.0,61.0,156.0,37.84570596797671,82,0.0
942,78,122,39.0,1.56,2.44,39.0,61.0,156.0,37.84570596797671,82,0.0
943,78,122,39.0,1.56,2.44,39.0,61.0,156.0,37.84570596797671,82,0.0
944,78,122,39.0,1.56,2.44,39.0,61.0,156.0,37.84570596797671,82,0.0
945,78,122,39.0,1.56,2.44,39.0,61.0,156.0,37.84570596797671,82,0.0
946,78,122,39.0,1.56,2.44,39.0,61.0,156.0,37.84570596797671,82,0.0
947,78,122,39.0,1.56,2.44,39.0,61.0,156.0,37.84570596797671,82,0.0
948,78,122,39.0,1.56,2.44,39.0,61.0,156.0,37.84570596797671,82,0.0
949,78,122,39.0,1.56,2.44,39.0,61.0,156.0,37.84570596797671,82,0.0
950,78,122,39.0,1.56,2.44,39.0,61.0,156.0,37.84570596797671,82,0.0
951,78,122,39.0,1.56,2.44,39.0,61.0,156.0,37.84570596797671,82,0.0
952,78,122,39.0,1.56,2.44,39.0,61.0,156.0,37.84570596797671,82,0.0
953,78,122,39.0,1.56,2.44,39.0,61.0,156.0,37.84570596797671,82,0.0
954,78,122,39.0,1.56,2.44,39.0,61.0,156.0,37.84570596797671,82,0.0
955,78,122,39.0,1.56,2.44,39.0,61.0,156.0,37.84570596797671,82,0.0
956,78,122,39.0,1.56,2.44,39.0,61.0,156.0,37.84570596797671,82,0.0
957,78,122,39.0,1.56,2.44,39.0,61.0,156.0,37.84570596797671,82,0.0
958,78,122,39.0,1.56,2.44,39.0,61.0,156.0,37.84570596797671,82,0.0
959,78,122,39.0,1.56,2.44,39.0,61.0,156.0,37.84570596797671,82,0.0
960,78,122,39.0,1.56,2.44,39.0,61.0,156.0,37.84570596797671,82,0.0
961,78,122,39.0,1.56,2.44,39.0,61.0,156.0,37.84570596797671,82,0.0
962,78,122,39.0,1.56,2.44,39.0,61.0,156.0,37.84570596797671,82,0.0
963,79,121,39.5,1.58,2.42,39.5,60.5,158.0,38.33090732654051,83,2.0
964,79,121,39.5,1.58,2.42,39.5,60.5,158.0,38.33090732654051,83,0.0
965,79,121,39.5,1.58,2.42,39.5,60.5,158.0,38.33090732654051,83,0.0
966,79,121,39.5,1.58,2.42,39.5,60.5,158.0,38.33090732654051,83,0.0
967,79,121,39.5,1.58,2.42,39.5,60.5,158.0,38.33090732654051,83,0.0
968,79,121,39.5,1.58,2.42,39.5,60.5,158.0,38.33090732654051,83,0.0
969,79,121,39.5,1.58,2.42,39.5,60.5,158.0,38.33090732654051,83,0.0
970,79,121,39.5,1.58,2.42,39.5,60.5,158.0,38.33090732654051,83,0.0
971,79,121,39.5,1.58,2.42,39.5,60.5,158.0,38.33090732654051,83,0.0
972,79,121,39.5,1.58,2.42,39.5,60.5,158.0,38.33090732654051,83,0.0
973,79,121,39.5,1.58,2.42,39.5,60.5,158.0,38.33090732654051,83,0.0
974,79,121,39.5,1.58,2.42,39.5,60.5,158.0,38.33090732654051,83,0.0
975,80,120,40.0,1.6,2.4,40.0,60.0,160.0,38.81610868510432,84,2.0
976,81,119,40.5,1.62,2.38,40.5,59.49999999999999,162.0,39.301310043668124,85,2.0
977,81,119,40.5,1.62,2.38,40.5,59.49999999999999,162.0,39.301310043668124,85,0.0
978,81,119,40.5,1.62,2.38,40.5,59.49999999999999,162.0,39.301310043668124,85,0.0
979,81,119,40.5,1.62,2.38,40.5,59.49999999999999,162.0,39.301310043668124,85,0.0
980,81,119,40.5,1.62,2.38,40.5,59.49999999999999,162.0,39.301310043668124,85,0.0
981,81,119,40.5,1.62,2.38,40.5,59.49999999999999,162.0,39.301310043668124,85,0.0
982,81,119,40.5,1.62,2.38,40.5,59.49999999999999,162.0,39.301310043668124,85,0.0
983,81,119,40.5,1.62,2.38,40.5,59.49999999999999,162.0,39.301310043668124,85,0.0
984,81,119,40.5,1.62,2.38,40.5,59.49999999999999,162.0,39.301310043668124,85,0.0
985,81,119,40.5,1.62,2.38,40.5,59.49999999999999,162.0,39.301310043668124,85,0.0
986,81,119,40.5,1.62,2.38,40.5,59.49999999999999,162.0,39.301310043668124,85,0.0
987,82,118,41.0,1.6400000000000001,2.36,41.0,58.99999999999999,164.0,39.78651140223193,86,2.0
988,82,118,41.0,1.6400000000000001,2.36,41.0,58.99999999999999,164.0,39.78651140223193,86,0.0
989,82,118,41.0,1.6400000000000001,2.36,41.0,58.99999999999999,164.0,39.78651140223193,87,0.0
990,82,118,41.0,1.6400000000000001,2.36,41.0,58.99999999999999,164.0,39.78651140223193,87,0.0
991,82,118,41.0,1.6400000000000001,2.36,41.0,58.99999999999999,164.0,39.78651140223193,87,0.0
992,82,118,41.0,1.6400000000000001,2.36,41.0,58.99999999999999,164.0,39.78651140223193,87,0.0
993,82,118,41.0,1.6400000000000001,2.36,41.0,58.99999999999999,164.0,39.78651140223193,87,0.0
994,82,118,41.0,1.6400000000000001,2.36,41.0,58.99999999999999,164.0,39.78651140223193,87,0.0
995,82,118,41.0,1.6400000000000001,2.36,41.0,58.99999999999999,164.0,39.78651140223193,87,0.0
996,82,118,41.0,1.6400000000000001,2.36,41.0,58.99999999999999,164.0,39.78651140223193,87,0.0
997,82,118,41.0,1.6400000000000001,2.36,41.0,58.99999999999999,164.0,39.78651140223193,88,0.0
998,82,118,41.0,1.6400000000000001,2.36,41.0,58.99999999999999,164.0,39.78651140223193,88,0.0
999,82,118,41.0,1.6400000000000001,2.36,41.0,58.99999999999999,164.0,39.78651140223193,88,0.0
1000,82,118,41.0,1.6400000000000001,2.36,41.0,58.99999999999999,164.0,39.78651140223193,88,0.0
1001,82,118,41.0,1.6400000000000001,2.36,41.0,58.99999999999999,164.0,39.78651140223193,88,0.0
1002,82,118,41.0,1.6400000000000001,2.36,41.0,58.99999999999999,164.0,39.78651140223193,88,0.0
1003,82,118,41.0,1.6400000000000001,2.36,41.0,58.99999999999999,164.0,39.78651140223193,88,0.0
1004,82,118,41.0,1.6400000000000001,2.36,41.0,58.99999999999999,164.0,39.78651140223193,88,0.0
1005,82,118,41.0,1.6400000000000001,2.36,41.0,58.99999999999999,164.0,39.78651140223193,89,0.0
1006,82,118,41.0,1.6400000000000001,2.36,41.0,58.99999999999999,164.0,39.78651140223193,89,0.0
1007,82,118,41.0,1.6400000000000001,2.36,41.0,58.99999999999999,164.0,39.78651140223193,89,0.0
1008,82,118,41.0,1.6400000000000001,2.36,41.0,58.99999999999999,164.0,39.78651140223193,89,0.0
1009,82,118,41.0,1.6400000000000001,2.36,41.0,58.99999999999999,164.0,39.78651140223193,89,0.0
1010,82,118,41.0,1.6400000000000001,2.36,41.0,58.99999999999999,164.0,39.78651140223193,89,0.0
1011,82,118,41.0,1.6400000000000001,2.36,41.0,58.99999999999999,164.0,39.78651140223193,89,0.0
1012,83,117,41.5,1.6600000000000001,2.34,41.5,58.49999999999999,166.0,40.27171276079573,90,2.0
1013,83,117,41.5,1.6600000000000001,2.34,41.5,58.49999999999999,166.0,40.27171276079573,90,0.0
1014,83,117,41.5,1.6600000000000001,2.34,41.5,58.49999999999999,166.0,40.27171276079573,90,0.0
1015,83,117,41.5,1.6600000000000001,2.34,41.5,58.49999999999999,166.0,40.27171276079573,90,0.0
1016,83,117,41.5,1.6600000000000001,2.34,41.5,58.49999999999999,166.0,40.27171276079573,90,0.0
1017,83,117,41.5,1.6600000000000001,2.34,41.5,58.49999999999999,166.0,40.27171276079573,90,0.0
1018,83,117,41.5,1.6600000000000001,2.34,41.5,58.49999999999999,166.0,40.27171276079573,90,0.0
1019,83,117,41.5,1.6600000000000001,2.34,41.5,58.49999999999999,166.0,40.27171276079573,90,0.0
1020,83,117,41.5,1.6600000000000001,2.34,41.5,58.49999999999999,166.0,40.27171276079573,90,0.0
1021,83,117,41.5,1.6600000000000001,2.34,41.5,58.49999999999999,166.0,40.27171276079573,90,0.0
1022,84,116,42.0,1.68,2.3200000000000003,42.0,58.00000000000001,168.0,40.756914119359536,91,2.0
1023,84,116,42.0,1.68,2.3200000000000003,42.0,58.00000000000001,168.0,40.756914119359536,91,0.0
1024,84,116,42.0,1.68,2.3200000000000003,42.0,58.00000000000001,168.0,40.756914119359536,91,0.0
1025,84,116,42.0,1.68,2.3200000000000003,42.0,58.00000000000001,168.0,40.756914119359536,91,0.0
1026,84,116,42.0,1.68,2.3200000000000003,42.0,58.00000000000001,168.0,40.756914119359536,91,0.0
1027,84,116,42.0,1.68,2.3200000000000003,42.0,58.00000000000001,168.0,40.756914119359536,91,0.0
1028,84,116,42.0,1.68,2.3200000000000003,42.0,58.00000000000001,168.0,40.756914119359536,91,0.0
1029,84,116,42.0,1.68,2.3200000000000003,42.0,58.00000000000001,168.0,40.756914119359536,91,0.0
1030,84,116,42.0,1.68,2.3200000000000003,42.0,58.00000000000001,168.0,40.756914119359536,91,0.0
1031,84,116,42.0,1.68,2.3200000000000003,42.0,58.00000000000001,168.0,40.756914119359536,91,0.0
1032,84,116,42.0,1.68,2.3200000000000003,42.0,58.00000000000001,168.0,40.756914119359536,91,0.0
1033,84,116,42.0,1.68,2.3200000000000003,42.0,58.00000000000001,168.0,40.756914119359536,91,0.0
1034,84,116,42.0,1.68,2.3200000000000003,42.0,58.00000000000001,168.0,40.756914119359536,91,0.0
1035,84,116,42.0,1.68,2.3200000000000003,42.0,58.00000000000001,168.0,40.756914119359536,91,0.0
1036,84,116,42.0,1.68,2.3200000000000003,42.0,58.00000000000001,168.0,40.756914119359536,91,0.0
1037,84,116,42.0,1.68,2.3200000000000003,42.0,58.00000000000001,168.0,40.756914119359536,91,0.0
1038,84,116,42.0,1.68,2.3200000000000003,42.0,58.00000000000001,168.0,40.756914119359536,91,0.0
1039,84,116,42.0,1.68,2.3200000000000003,42.0,58.00000000000001,168.0,40.756914119359536,91,0.0
1040,84,116,42.0,1.68,2.3200000000000003,42.0,58.00000000000001,168.0,40.756914119359536,91,0.0
1041,84,116,42.0,1.68,2.3200000000000003,42.0,58.00000000000001,168.0,40.756914119359536,91,0.0
1042,84,116,42.0,1.68,2.3200000000000003,42.0,58.00000000000001,168.0,40.756914119359536,91,0.0
1043,84,116,42.0,1.68,2.3200000000000003,42.0,58.00000000000001,168.0,40.756914119359536,91,0.0
1044,84,116,42.0,1.68,2.3200000000000003,42.0,58.00000000000001,168.0,40.756914119359536,91,0.0
1045,84,116,42.0,1.68,2.3200000000000003,42.0,58.00000000000001,168.0,40.756914119359536,91,0.0
1046,84,116,42.0,1.68,2.3200000000000003,42.0,58.00000000000001,168.0,40.756914119359536,91,0.0
1047,84,116,42.0,1.68,2.3200000000000003,42.0,58.00000000000001,168.0,40.756914119359536,91,0.0
1048,84,116,42.0,1.68,2.3200000000000003,42.0,58.00000000000001,168.0,40.756914119359536,91,0.0
1049,84,116,42.0,1.68,2.3200000000000003,42.0,58.00000000000001,168.0,40.756914119359536,91,0.0
1050,85,115,42.5,1.7,2.3,42.5,57.49999999999999,170.0,41.24211547792334,92,2.0
1051,85,115,42.5,1.7,2.3,42.5,57.49999999999999,170.0,41.24211547792334,92,0.0
1052,85,115,42.5,1.7,2.3,42.5,57.49999999999999,170.0,41.24211547792334,92,0.0
1053,85,115,42.5,1.7,2.3,42.5,57.49999999999999,170.0,41.24211547792334,92,0.0
1054,85,115,42.5,1.7,2.3,42.5,57.49999999999999,170.0,41.24211547792334,92,0.0
1055,85,115,42.5,1.7,2.3,42.5,57.49999999999999,170.0,41.24211547792334,92,0.0
1056,85,115,42.5,1.7,2.3,42.5,57.49999999999999,170.0,41.24211547792334,92,0.0
1057,85,115,42.5,1.7,2.3,42.5,57.49999999999999,170.0,41.24211547792334,92,0.0
1058,85,115,42.5,1.7,2.3,42.5,57.49999999999999,170.0,41.24211547792334,92,0.0
1059,85,115,42.5,1.7,2.3,42.5,57.49999999999999,170.0,41.24211547792334,92,0.0
1060,85,115,42.5,1.7,2.3,42.5,57.49999999999999,170.0,41.24211547792334,92,0.0
1061,86,114,43.0,1.72,2.2800000000000002,43.0,57.00000000000001,172.0,41.72731683648714,93,2.0
1062,86,114,43.0,1.72,2.2800000000000002,43.0,57.00000000000001,172.0,41.72731683648714,93,0.0
1063,86,114,43.0,1.72,2.2800000000000002,43.0,57.00000000000001,172.0,41.72731683648714,93,0.0
1064,86,114,43.0,1.72,2.2800000000000002,43.0,57.00000000000001,172.0,41.72731683648714,93,0.0
1065,86,114,43.0,1.72,2.2800000000000002,43.0,57.00000000000001,172.0,41.72731683648714,93,0.0
1066,86,114,43.0,1.72,2.2800000000000002,43.0,57.00000000000001,172.0,41.72731683648714,93,0.0
1067,86,114,43.0,1.72,2.2800000000000002,43.0,57.00000000000001,172.0,41.72731683648714,93,0.0
1068,86,114,43.0,1.72,2.2800000000000002,43.0,57.00000000000001,172.0,41.72731683648714,93,0.0
1069,86,114,43.0,1.72,2.2800000000000002,43.0,57.00000000000001,172.0,41.72731683648714,93,0.0
1070,86,114,43.0,1.72,2.2800000000000002,43.0,57.00000000000001,172.0,41.72731683648714,93,0.0
1071,86,114,43.0,1.72,2.2800000000000002,43.0,57.00000000000001,172.0,41.72731683648714,93,0.0
1072,86,114,43.0,1.72,2.2800000000000002,43.0,57.00000000000001,172.0,41.72731683648714,93,0.0
1073,86,114,43.0,1.72,2.2800000000000002,43.0,57.00000000000001,172.0,41.72731683648714,93,0.0
1074,86,114,43.0,1.72,2.2800000000000002,43.0,57.00000000000001,172.0,41.72731683648714,93,0.0
1075,86,114,43.0,1.72,2.2800000000000002,43.0,57.00000000000001,172.0,41.72731683648714,93,0.0
1076,86,114,43.0,1.72,2.2800000000000002,43.0,57.00000000000001,172.0,41.72731683648714,93,0.0
1077,86,114,43.0,1.72,2.2800000000000002,43.0,57.00000000000001,172.0,41.72731683648714,93,0.0
1078,86,114,43.0,1.72,2.2800000000000002,43.0,57.00000000000001,172.0,41.72731683648714,93,0.0
1079,86,114,43.0,1.72,2.2800000000000002,43.0,57.00000000000001,172.0,41.72731683648714,93,0.0
1080,86,114,43.0,1.72,2.2800000000000002,43.0,57.00000000000001,172.0,41.72731683648714,93,0.0
1081,86,114,43.0,1.72,2.2800000000000002,43.0,57.00000000000001,172.0,41.72731683648714,93,0.0
1082,86,114,43.0,1.72,2.2800000000000002,43.0,57.00000000000001,172.0,41.72731683648714,93,0.0
1083,86,114,43.0,1.72,2.2800000000000002,43.0,57.00000000000001,172.0,41.72731683648714,93,0.0
1084,86,114,43.0,1.72,2.2800000000000002,43.0,57.00000000000001,172.0,41.72731683648714,93,0.0
1085,86,114,43.0,1.72,2.2800000000000002,43.0,57.00000000000001,172.0,41.72731683648714,93,0.0
1086,86,114,43.0,1.72,2.2800000000000002,43.0,57.00000000000001,172.0,41.72731683648714,93,0.0
1087,86,114,43.0,1.72,2.2800000000000002,43.0,57.00000000000001,172.0,41.72731683648714,93,0.0
1088,86,114,43.0,1.72,2.2800000000000002,43.0,57.00000000000001,172.0,41.72731683648714,93,0.0
1089,86,114,43.0,1.72,2.2800000000000002,43.0,57.00000000000001,172.0,41.72731683648714,93,0.0
1090,87,113,43.5,1.74,2.26,43.5,56.49999999999999,174.0,42.21251819505095,94,2.0
1091,87,113,43.5,1.74,2.26,43.5,56.49999999999999,174.0,42.21251819505095,94,0.0
1092,87,113,43.5,1.74,2.26,43.5,56.49999999999999,174.0,42.21251819505095,94,0.0
1093,87,113,43.5,1.74,2.26,43.5,56.49999999999999,174.0,42.21251819505095,94,0.0
1094,87,113,43.5,1.74,2.26,43.5,56.49999999999999,174.0,42.21251819505095,94,0.0
1095,87,113,43.5,1.74,2.26,43.5,56.49999999999999,174.0,42.21251819505095,94,0.0
1096,87,113,43.5,1.74,2.26,43.5,56.49999999999999,174.0,42.21251819505095,94,0.0
1097,87,113,43.5,1.74,2.26,43.5,56.49999999999999,174.0,42.21251819505095,94,0.0
1098,88,112,44.0,1.76,2.24,44.0,56.00000000000001,176.0,42.697719553614746,95,2.0
1099,88,112,44.0,1.76,2.24,44.0,56.00000000000001,176.0,42.697719553614746,95,0.0
1100,88,112,44.0,1.76,2.24,44.0,56.00000000000001,176.0,42.697719553614746,95,0.0
1101,88,112,44.0,1.76,2.24,44.0,56.00000000000001,176.0,42.697719553614746,95,0.0
1102,88,112,44.0,1.76,2.24,44.0,56.00000000000001,176.0,42.697719553614746,95,0.0
1103,88,112,44.0,1.76,2.24,44.0,56.00000000000001,176.0,42.697719553614746,95,0.0
1104,88,112,44.0,1.76,2.24,44.0,56.00000000000001,176.0,42.697719553614746,95,0.0
1105,88,112,44.0,1.76,2.24,44.0,56.00000000000001,176.0,42.697719553614746,95,0.0
1106,88,112,44.0,1.76,2.24,44.0,56.00000000000001,176.0,42.697719553614746,95,0.0
1107,88,112,44.0,1.76,2.24,44.0,56.00000000000001,176.0,42.697719553614746,95,0.0
1108,88,112,44.0,1.76,2.24,44.0,56.00000000000001,176.0,42.697719553614746,95,0.0
1109,88,112,44.0,1.76,2.24,44.0,56.00000000000001,176.0,42.697719553614746,95,0.0
1110,89,111,44.5,1.78,2.2199999999999998,44.5,55.49999999999999,178.0,43.18292091217856,96,2.0
1111,89,111,44.5,1.78,2.2199999999999998,44.5,55.49999999999999,178.0,43.18292091217856,96,0.0
1112,89,111,44.5,1.78,2.2199999999999998,44.5,55.49999999999999,178.0,43.18292091217856,96,0.0
1113,89,111,44.5,1.78,2.2199999999999998,44.5,55.49999999999999,178.0,43.18292091217856,96,0.0
1114,89,111,44.5,1.78,2.2199999999999998,44.5,55.49999999999999,178.0,43.18292091217856,97,0.0
1115,89,111,44.5,1.78,2.2199999999999998,44.5,55.49999999999999,178.0,43.18292091217856,97,0.0
1116,89,111,44.5,1.78,2.2199999999999998,44.5,55.49999999999999,178.0,43.18292091217856,97,0.0
1117,89,111,44.5,1.78,2.2199999999999998,44.5,55.49999999999999,178.0,43.18292091217856,97,0.0
1118,89,111,44.5,1.78,2.2199999999999998,44.5,55.49999999999999,178.0,43.18292091217856,97,0.0
1119,89,111,44.5,1.78,2.2199999999999998,44.5,55.49999999999999,178.0,43.18292091217856,98,0.0
1120,89,111,44.5,1.78,2.2199999999999998,44.5,55.49999999999999,178.0,43.18292091217856,98,0.0
1121,89,111,44.5,1.78,2.2199999999999998,44.5,55.49999999999999,178.0,43.18292091217856,98,0.0
1122,89,111,44.5,1.78,2.2199999999999998,44.5,55.49999999999999,178.0,43.18292091217856,98,0.0
1123,89,111,44.5,1.78,2.2199999999999998,44.5,55.49999999999999,178.0,43.18292091217856,98,0.0
1124,90,110,45.0,1.8,2.2,45.0,55.0,180.0,43.66812227074236,99,2.0
1125,90,110,45.0,1.8,2.2,45.0,55.0,180.0,43.66812227074236,99,0.0
1126,90,110,45.0,1.8,2.2,45.0,55.0,180.0,43.66812227074236,99,0.0
1127,91,109,45.5,1.82,2.1799999999999997,45.5,54.49999999999999,182.0,44.153323629306165,100,2.0
1128,91,109,45.5,1.82,2.1799999999999997,45.5,54.49999999999999,182.0,44.153323629306165,100,0.0
1129,91,109,45.5,1.82,2.1799999999999997,45.5,54.49999999999999,182.0,44.153323629306165,100,0.0
1130,91,109,45.5,1.82,2.1799999999999997,45.5,54.49999999999999,182.0,44.153323629306165,101,0.0
1131,91,109,45.5,1.82,2.1799999999999997,45.5,54.49999999999999,182.0,44.153323629306165,102,0.0
1132,91,109,45.5,1.82,2.1799999999999997,45.5,54.49999999999999,182.0,44.153323629306165,103,0.0
1133,91,109,45.5,1.82,2.1799999999999997,45.5,54.49999999999999,182.0,44.153323629306165,103,0.0
1134,91,109,45.5,1.82,2.1799999999999997,45.5,54.49999999999999,182.0,44.153323629306165,103,0.0
1135,91,109,45.5,1.82,2.1799999999999997,45.5,54.49999999999999,182.0,44.153323629306165,103,0.0
1136,91,109,45.5,1.82,2.1799999999999997,45.5,54.49999999999999,182.0,44.153323629306165,103,0.0
1137,91,109,45.5,1.82,2.1799999999999997,45.5,54.49999999999999,182.0,44.153323629306165,103,0.0
1138,91,109,45.5,1.82,2.1799999999999997,45.5,54.49999999999999,182.0,44.153323629306165,103,0.0
1139,91,109,45.5,1.82,2.1799999999999997,45.5,54.49999999999999,182.0,44.153323629306165,103,0.0
1140,91,109,45.5,1.82,2.1799999999999997,45.5,54.49999999999999,182.0,44.153323629306165,103,0.0
1141,91,109,45.5,1.82,2.1799999999999997,45.5,54.49999999999999,182.0,44.153323629306165,103,0.0
1142,91,109,45.5,1.82,2.1799999999999997,45.5,54.49999999999999,182.0,44.153323629306165,103,0.0
1143,91,109,45.5,1.82,2.1799999999999997,45.5,54.49999999999999,182.0,44.153323629306165,103,0.0
1144,91,109,45.5,1.82,2.1799999999999997,45.5,54.49999999999999,182.0,44.153323629306165,103,0.0
1145,91,109,45.5,1.82,2.1799999999999997,45.5,54.49999999999999,182.0,44.153323629306165,103,0.0
1146,91,109,45.5,1.82,2.1799999999999997,45.5,54.49999999999999,182.0,44.153323629306165,103,0.0
1147,91,109,45.5,1.82,2.1799999999999997,45.5,54.49999999999999,182.0,44.153323629306165,103,0.0
1148,92,108,46.0,1.84,2.16,46.0,54.0,184.0,44.638524987869964,104,2.0
1149,92,108,46.0,1.84,2.16,46.0,54.0,184.0,44.638524987869964,105,0.0
1150,92,108,46.0,1.84,2.16,46.0,54.0,184.0,44.638524987869964,106,0.0
1151,92,108,46.0,1.84,2.16,46.0,54.0,184.0,44.638524987869964,106,0.0
1152,92,108,46.0,1.84,2.16,46.0,54.0,184.0,44.638524987869964,106,0.0
1153,92,108,46.0,1.84,2.16,46.0,54.0,184.0,44.638524987869964,106,0.0
1154,92,108,46.0,1.84,2.16,46.0,54.0,184.0,44.638524987869964,106,0.0
1155,92,108,46.0,1.84,2.16,46.0,54.0,184.0,44.638524987869964,106,0.0
1156,92,108,46.0,1.84,2.16,46.0,54.0,184.0,44.638524987869964,106,0.0
1157,92,108,46.0,1.84,2.16,46.0,54.0,184.0,44.638524987869964,106,0.0
1158,92,108,46.0,1.84,2.16,46.0,54.0,184.0,44.638524987869964,106,0.0
1159,92,108,46.0,1.84,2.16,46.0,54.0,184.0,44.638524987869964,106,0.0
1160,92,108,46.0,1.84,2.16,46.0,54.0,184.0,44.638524987869964,106,0.0
1161,92,108,46.0,1.84,2.16,46.0,54.0,184.0,44.638524987869964,106,0.0
1162,93,107,46.5,1.86,2.1399999999999997,46.5,53.49999999999999,186.0,45.12372634643377,107,2.0
1163,93,107,46.5,1.86,2.1399999999999997,46.5,53.49999999999999,186.0,45.12372634643377,107,0.0
1164,93,107,46.5,1.86,2.1399999999999997,46.5,53.49999999999999,186.0,45.12372634643377,107,0.0
1165,93,107,46.5,1.86,2.1399999999999997,46.5,53.49999999999999,186.0,45.12372634643377,107,0.0
1166,93,107,46.5,1.86,2.1399999999999997,46.5,53.49999999999999,186.0,45.12372634643377,107,0.0
1167,93,107,46.5,1.86,2.1399999999999997,46.5,53.49999999999999,186.0,45.12372634643377,107,0.0
1168,93,107,46.5,1.86,2.1399999999999997,46.5,53.49999999999999,186.0,45.12372634643377,107,0.0
1169,93,107,46.5,1.86,2.1399999999999997,46.5,53.49999999999999,186.0,45.12372634643377,107,0.0
1170,93,107,46.5,1.86,2.1399999999999997,46.5,53.49999999999999,186.0,45.12372634643377,107,0.0
1171,93,107,46.5,1.86,2.1399999999999997,46.5,53.49999999999999,186.0,45.12372634643377,107,0.0
1172,93,107,46.5,1.86,2.1399999999999997,46.5,53.49999999999999,186.0,45.12372634643377,107,0.0
1173,93,107,46.5,1.86,2.1399999999999997,46.5,53.49999999999999,186.0,45.12372634643377,107,0.0
1174,93,107,46.5,1.86,2.1399999999999997,46.5,53.49999999999999,186.0,45.12372634643377,107,0.0
1175,93,107,46.5,1.86,2.1399999999999997,46.5,53.49999999999999,186.0,45.12372634643377,107,0.0
1176,93,107,46.5,1.86,2.1399999999999997,46.5,53.49999999999999,186.0,45.12372634643377,107,0.0
1177,93,107,46.5,1.86,2.1399999999999997,46.5,53.49999999999999,186.0,45.12372634643377,107,0.0
1178,93,107,46.5,1.86,2.1399999999999997,46.5,53.49999999999999,186.0,45.12372634643377,107,0.0
1179,93,107,46.5,1.86,2.1399999999999997,46.5,53.49999999999999,186.0,45.12372634643377,107,0.0
1180,94,106,47.0,1.8800000000000001,2.12,47.0,53.0,188.0,45.608927704997576,108,2.0
1181,94,106,47.0,1.8800000000000001,2.12,47.0,53.0,188.0,45.608927704997576,108,0.0
1182,94,106,47.0,1.8800000000000001,2.12,47.0,53.0,188.0,45.608927704997576,108,0.0
1183,94,106,47.0,1.8800000000000001,2.12,47.0,53.0,188.0,45.608927704997576,108,0.0
1184,94,106,47.0,1.8800000000000001,2.12,47.0,53.0,188.0,45.608927704997576,108,0.0
1185,94,106,47.0,1.8800000000000001,2.12,47.0,53.0,188.0,45.608927704997576,108,0.0
1186,94,106,47.0,1.8800000000000001,2.12,47.0,53.0,188.0,45.608927704997576,108,0.0
1187,94,106,47.0,1.8800000000000001,2.12,47.0,53.0,188.0,45.608927704997576,108,0.0
1188,94,106,47.0,1.8800000000000001,2.12,47.0,53.0,188.0,45.608927704997576,108,0.0
1189,94,106,47.0,1.8800000000000001,2.12,47.0,53.0,188.0,45.608927704997576,108,0.0
1190,94,106,47.0,1.8800000000000001,2.12,47.0,53.0,188.0,45.608927704997576,108,0.0
1191,94,106,47.0,1.8800000000000001,2.12,47.0,53.0,188.0,45.608927704997576,108,0.0
1192,94,106,47.0,1.8800000000000001,2.12,47.0,53.0,188.0,45.608927704997576,108,0.0
1193,94,106,47.0,1.8800000000000001,2.12,47.0,53.0,188.0,45.608927704997576,108,0.0
1194,94,106,47.0,1.8800000000000001,2.12,47.0,53.0,188.0,45.608927704997576,108,0.0
1195,94,106,47.0,1.8800000000000001,2.12,47.0,53.0,188.0,45.608927704997576,108,0.0
1196,94,106,47.0,1.8800000000000001,2.12,47.0,53.0,188.0,45.608927704997576,108,0.0
1197,94,106,47.0,1.8800000000000001,2.12,47.0,53.0,188.0,45.608927704997576,108,0.0
1198,94,106,47.0,1.8800000000000001,2.12,47.0,53.0,188.0,45.608927704997576,108,0.0
1199,94,106,47.0,1.8800000000000001,2.12,47.0,53.0,188.0,45.608927704997576,108,0.0
1200,94,106,47.0,1.8800000000000001,2.12,47.0,53.0,188.0,45.608927704997576,108,0.0
1201,94,106,47.0,1.8800000000000001,2.12,47.0,53.0,188.0,45.608927704997576,108,0.0
1202,94,106,47.0,1.8800000000000001,2.12,47.0,53.0,188.0,45.608927704997576,108,0.0
1203,94,106,47.0,1.8800000000000001,2.12,47.0,53.0,188.0,45.608927704997576,108,0.0
1204,94,106,47.0,1.8800000000000001,2.12,47.0,53.0,188.0,45.608927704997576,108,0.0
1205,94,106,47.0,1.8800000000000001,2.12,47.0,53.0,188.0,45.608927704997576,108,0.0
1206,94,106,47.0,1.8800000000000001,2.12,47.0,53.0,188.0,45.608927704997576,108,0.0
1207,94,106,47.0,1.8800000000000001,2.12,47.0,53.0,188.0,45.608927704997576,108,0.0
1208,94,106,47.0,1.8800000000000001,2.12,47.0,53.0,188.0,45.608927704997576,108,0.0
1209,94,106,47.0,1.8800000000000001,2.12,47.0,53.0,188.0,45.608927704997576,108,0.0
1210,94,106,47.0,1.8800000000000001,2.12,47.0,53.0,188.0,45.608927704997576,108,0.0
1211,94,106,47.0,1.8800000000000001,2.12,47.0,53.0,188.0,45.608927704997576,108,0.0
1212,94,106,47.0,1.8800000000000001,2.12,47.0,53.0,188.0,45.608927704997576,108,0.0
1213,94,106,47.0,1.8800000000000001,2.12,47.0,53.0,188.0,45.608927704997576,108,0.0
1214,94,106,47.0,1.8800000000000001,2.12,47.0,53.0,188.0,45.608927704997576,108,0.0
1215,94,106,47.0,1.8800000000000001,2.12,47.0,53.0,188.0,45.608927704997576,108,0.0
1216,94,106,47.0,1.8800000000000001,2.12,47.0,53.0,188.0,45.608927704997576,108,0.0
1217,94,106,47.0,1.8800000000000001,2.12,47.0,53.0,188.0,45.608927704997576,108,0.0
1218,94,106,47.0,1.8800000000000001,2.12,47.0,53.0,188.0,45.608927704997576,108,0.0
1219,94,106,47.0,1.8800000000000001,2.12,47.0,53.0,188.0,45.608927704997576,108,0.0
1220,94,106,47.0,1.8800000000000001,2.12,47.0,53.0,188.0,45.608927704997576,108,0.0
1221,94,106,47.0,1.8800000000000001,2.12,47.0,53.0,188.0,45.608927704997576,108,0.0
1222,94,106,47.0,1.8800000000000001,2.12,47.0,53.0,188.0,45.608927704997576,108,0.0
1223,94,106,47.0,1.8800000000000001,2.12,47.0,53.0,188.0,45.608927704997576,108,0.0
1224,94,106,47.0,1.8800000000000001,2.12,47.0,53.0,188.0,45.608927704997576,108,0.0
1225,94,106,47.0,1.8800000000000001,2.12,47.0,53.0,188.0,45.608927704997576,108,0.0
1226,94,106,47.0,1.8800000000000001,2.12,47.0,53.0,188.0,45.608927704997576,108,0.0
1227,94,106,47.0,1.8800000000000001,2.12,47.0,53.0,188.0,45.608927704997576,108,0.0
1228,94,106,47.0,1.8800000000000001,2.12,47.0,53.0,188.0,45.608927704997576,108,0.0
1229,94,106,47.0,1.8800000000000001,2.12,47.0,53.0,188.0,45.608927704997576,108,0.0
1230,94,106,47.0,1.8800000000000001,2.12,47.0,53.0,188.0,45.608927704997576,108,0.0
1231,94,106,47.0,1.8800000000000001,2.12,47.0,53.0,188.0,45.608927704997576,108,0.0
1232,94,106,47.0,1.8800000000000001,2.12,47.0,53.0,188.0,45.608927704997576,108,0.0
1233,94,106,47.0,1.8800000000000001,2.12,47.0,53.0,188.0,45.608927704997576,108,0.0
1234,94,106,47.0,1.8800000000000001,2.12,47.0,53.0,188.0,45.608927704997576,108,0.0
1235,94,106,47.0,1.8800000000000001,2.12,47.0,53.0,188.0,45.608927704997576,108,0.0
1236,94,106,47.0,1.8800000000000001,2.12,47.0,53.0,188.0,45.608927704997576,108,0.0
1237,94,106,47.0,1.8800000000000001,2.12,47.0,53.0,188.0,45.608927704997576,108,0.0
1238,94,106,47.0,1.8800000000000001,2.12,47.0,53.0,188.0,45.608927704997576,108,0.0
1239,94,106,47.0,1.8800000000000001,2.12,47.0,53.0,188.0,45.608927704997576,108,0.0
1240,94,106,47.0,1.8800000000000001,2.12,47.0,53.0,188.0,45.608927704997576,108,0.0
1241,94,106,47.0,1.8800000000000001,2.12,47.0,53.0,188.0,45.608927704997576,108,0.0
1242,94,106,47.0,1.8800000000000001,2.12,47.0,53.0,188.0,45.608927704997576,108,0.0
1243,94,106,47.0,1.8800000000000001,2.12,47.0,53.0,188.0,45.608927704997576,108,0.0
1244,94,106,47.0,1.8800000000000001,2.12,47.0,53.0,188.0,45.608927704997576,108,0.0
1245,94,106,47.0,1.8800000000000001,2.12,47.0,53.0,188.0,45.608927704997576,108,0.0
1246,94,106,47.0,1.8800000000000001,2.12,47.0,53.0,188.0,45.608927704997576,108,0.0
1247,94,106,47.0,1.8800000000000001,2.12,47.0,53.0,188.0,45.608927704997576,108,0.0
1248,94,106,47.0,1.8800000000000001,2.12,47.0,53.0,188.0,45.608927704997576,108,0.0
1249,94,106,47.0,1.8800000000000001,2.12,47.0,53.0,188.0,45.608927704997576,108,0.0
1250,94,106,47.0,1.8800000000000001,2.12,47.0,53.0,188.0,45.608927704997576,108,0.0
1251,94,106,47.0,1.8800000000000001,2.12,47.0,53.0,188.0,45.608927704997576,108,0.0
1252,94,106,47.0,1.8800000000000001,2.12,47.0,53.0,188.0,45.608927704997576,108,0.0
1253,94,106,47.0,1.8800000000000001,2.12,47.0,53.0,188.0,45.608927704997576,108,0.0
1254,94,106,47.0,1.8800000000000001,2.12,47.0,53.0,188.0,45.608927704997576,108,0.0
1255,94,106,47.0,1.8800000000000001,2.12,47.0,53.0,188.0,45.608927704997576,108,0.0
1256,94,106,47.0,1.8800000000000001,2.12,47.0,53.0,188.0,45.608927704997576,108,0.0
1257,94,106,47.0,1.8800000000000001,2.12,47.0,53.0,188.0,45.608927704997576,108,0.0
1258,94,106,47.0,1.8800000000000001,2.12,47.0,53.0,188.0,45.608927704997576,108,0.0
1259,94,106,47.0,1.8800000000000001,2.12,47.0,53.0,188.0,45.608927704997576,108,0.0
1260,94,106,47.0,1.8800000000000001,2.12,47.0,53.0,188.0,45.608927704997576,108,0.0
1261,94,106,47.0,1.8800000000000001,2.12,47.0,53.0,188.0,45.608927704997576,108,0.0
1262,94,106,47.0,1.8800000000000001,2.12,47.0,53.0,188.0,45.608927704997576,108,0.0
1263,94,106,47.0,1.8800000000000001,2.12,47.0,53.0,188.0,45.608927704997576,108,0.0
1264,95,105,47.5,1.9000000000000001,2.0999999999999996,47.5,52.49999999999999,190.0,46.094129063561375,109,2.0
1265,95,105,47.5,1.9000000000000001,2.0999999999999996,47.5,52.49999999999999,190.0,46.094129063561375,109,0.0
1266,95,105,47.5,1.9000000000000001,2.0999999999999996,47.5,52.49999999999999,190.0,46.094129063561375,109,0.0
1267,95,105,47.5,1.9000000000000001,2.0999999999999996,47.5,52.49999999999999,190.0,46.094129063561375,109,0.0
1268,95,105,47.5,1.9000000000000001,2.0999999999999996,47.5,52.49999999999999,190.0,46.094129063561375,109,0.0
1269,95,105,47.5,1.9000000000000001,2.0999999999999996,47.5,52.49999999999999,190.0,46.094129063561375,109,0.0
1270,96,104,48.0,1.92,2.08,48.0,52.0,192.0,46.57933042212518,110,2.0
1271,96,104,48.0,1.92,2.08,48.0,52.0,192.0,46.57933042212518,111,0.0
1272,96,104,48.0,1.92,2.08,48.0,52.0,192.0,46.57933042212518,112,0.0
1273,96,104,48.0,1.92,2.08,48.0,52.0,192.0,46.57933042212518,112,0.0
1274,96,104,48.0,1.92,2.08,48.0,52.0,192.0,46.57933042212518,112,0.0
1275,96,104,48.0,1.92,2.08,48.0,52.0,192.0,46.57933042212518,112,0.0
1276,96,104,48.0,1.92,2.08,48.0,52.0,192.0,46.57933042212518,112,0.0
1277,96,104,48.0,1.92,2.08,48.0,52.0,192.0,46.57933042212518,112,0.0
1278,96,104,48.0,1.92,2.08,48.0,52.0,192.0,46.57933042212518,112,0.0
1279,96,104,48.0,1.92,2.08,48.0,52.0,192.0,46.57933042212518,112,0.0
1280,96,104,48.0,1.92,2.08,48.0,52.0,192.0,46.57933042212518,112,0.0
1281,96,104,48.0,1.92,2.08,48.0,52.0,192.0,46.57933042212518,112,0.0
1282,96,104,48.0,1.92,2.08,48.0,52.0,192.0,46.57933042212518,112,0.0
1283,96,104,48.0,1.92,2.08,48.0,52.0,192.0,46.57933042212518,112,0.0
1284,96,104,48.0,1.92,2.08,48.0,52.0,192.0,46.57933042212518,112,0.0
1285,96,104,48.0,1.92,2.08,48.0,52.0,192.0,46.57933042212518,112,0.0
1286,96,104,48.0,1.92,2.08,48.0,52.0,192.0,46.57933042212518,112,0.0
1287,96,104,48.0,1.92,2.08,48.0,52.0,192.0,46.57933042212518,112,0.0
1288,96,104,48.0,1.92,2.08,48.0,52.0,192.0,46.57933042212518,112,0.0
1289,97,103,48.5,1.94,2.06,48.5,51.5,194.0,47.06453178068899,113,2.0
1290,97,103,48.5,1.94,2.06,48.5,51.5,194.0,47.06453178068899,113,0.0
1291,97,103,48.5,1.94,2.06,48.5,51.5,194.0,47.06453178068899,113,0.0
1292,97,103,48.5,1.94,2.06,48.5,51.5,194.0,47.06453178068899,113,0.0
1293,97,103,48.5,1.94,2.06,48.5,51.5,194.0,47.06453178068899,113,0.0
1294,97,103,48.5,1.94,2.06,48.5,51.5,194.0,47.06453178068899,113,0.0
1295,97,103,48.5,1.94,2.06,48.5,51.5,194.0,47.06453178068899,113,0.0
1296,97,103,48.5,1.94,2.06,48.5,51.5,194.0,47.06453178068899,113,0.0
1297,97,103,48.5,1.94,2.06,48.5,51.5,194.0,47.06453178068899,113,0.0
1298,97,103,48.5,1.94,2.06,48.5,51.5,194.0,47.06453178068899,113,0.0
1299,97,103,48.5,1.94,2.06,48.5,51.5,194.0,47.06453178068899,113,0.0
1300,97,103,48.5,1.94,2.06,48.5,51.5,194.0,47.06453178068899,113,0.0
1301,97,103,48.5,1.94,2.06,48.5,51.5,194.0,47.06453178068899,113,0.0
1302,97,103,48.5,1.94,2.06,48.5,51.5,194.0,47.06453178068899,113,0.0
1303,97,103,48.5,1.94,2.06,48.5,51.5,194.0,47.06453178068899,113,0.0
1304,97,103,48.5,1.94,2.06,48.5,51.5,194.0,47.06453178068899,113,0.0
1305,97,103,48.5,1.94,2.06,48.5,51.5,194.0,47.06453178068899,113,0.0
1306,97,103,48.5,1.94,2.06,48.5,51.5,194.0,47.06453178068899,113,0.0
1307,97,103,48.5,1.94,2.06,48.5,51.5,194.0,47.06453178068899,113,0.0
1308,97,103,48.5,1.94,2.06,48.5,51.5,194.0,47.06453178068899,113,0.0
1309,97,103,48.5,1.94,2.06,48.5,51.5,194.0,47.06453178068899,113,0.0
1310,97,103,48.5,1.94,2.06,48.5,51.5,194.0,47.06453178068899,113,0.0
1311,97,103,48.5,1.94,2.06,48.5,51.5,194.0,47.06453178068899,113,0.0
1312,97,103,48.5,1.94,2.06,48.5,51.5,194.0,47.06453178068899,113,0.0
1313,97,103,48.5,1.94,2.06,48.5,51.5,194.0,47.06453178068899,113,0.0
1314,97,103,48.5,1.94,2.06,48.5,51.5,194.0,47.06453178068899,113,0.0
1315,97,103,48.5,1.94,2.06,48.5,51.5,194.0,47.06453178068899,113,0.0
1316,97,103,48.5,1.94,2.06,48.5,51.5,194.0,47.06453178068899,113,0.0
1317,97,103,48.5,1.94,2.06,48.5,51.5,194.0,47.06453178068899,113,0.0
1318,97,103,48.5,1.94,2.06,48.5,51.5,194.0,47.06453178068899,113,0.0
1319,97,103,48.5,1.94,2.06,48.5,51.5,194.0,47.06453178068899,113,0.0
1320,97,103,48.5,1.94,2.06,48.5,51.5,194.0,47.06453178068899,113,0.0
1321,97,103,48.5,1.94,2.06,48.5,51.5,194.0,47.06453178068899,113,0.0
1322,97,103,48.5,1.94,2.06,48.5,51.5,194.0,47.06453178068899,113,0.0
1323,97,103,48.5,1.94,2.06,48.5,51.5,194.0,47.06453178068899,113,0.0
1324,97,103,48.5,1.94,2.06,48.5,51.5,194.0,47.06453178068899,113,0.0
1325,98,102,49.0,1.96,2.04,49.0,51.0,196.0,47.549733139252794,114,2.0
1326,98,102,49.0,1.96,2.04,49.0,51.0,196.0,47.549733139252794,114,0.0
1327,98,102,49.0,1.96,2.04,49.0,51.0,196.0,47.549733139252794,114,0.0
1328,98,102,49.0,1.96,2.04,49.0,51.0,196.0,47.549733139252794,114,0.0
1329,98,102,49.0,1.96,2.04,49.0,51.0,196.0,47.549733139252794,114,0.0
1330,98,102,49.0,1.96,2.04,49.0,51.0,196.0,47.549733139252794,114,0.0
1331,98,102,49.0,1.96,2.04,49.0,51.0,196.0,47.549733139252794,114,0.0
1332,98,102,49.0,1.96,2.04,49.0,51.0,196.0,47.549733139252794,114,0.0
1333,98,102,49.0,1.96,2.04,49.0,51.0,196.0,47.549733139252794,114,0.0
1334,98,102,49.0,1.96,2.04,49.0,51.0,196.0,47.549733139252794,114,0.0
1335,98,102,49.0,1.96,2.04,49.0,51.0,196.0,47.549733139252794,114,0.0
1336,98,102,49.0,1.96,2.04,49.0,51.0,196.0,47.549733139252794,114,0.0
1337,98,102,49.0,1.96,2.04,49.0,51.0,196.0,47.549733139252794,114,0.0
1338,98,102,49.0,1.96,2.04,49.0,51.0,196.0,47.549733139252794,114,0.0
1339,98,102,49.0,1.96,2.04,49.0,51.0,196.0,47.549733139252794,114,0.0
1340,98,102,49.0,1.96,2.04,49.0,51.0,196.0,47.549733139252794,114,0.0
1341,98,102,49.0,1.96,2.04,49.0,51.0,196.0,47.549733139252794,114,0.0
1342,98,102,49.0,1.96,2.04,49.0,51.0,196.0,47.549733139252794,114,0.0
1343,98,102,49.0,1.96,2.04,49.0,51.0,196.0,47.549733139252794,114,0.0
1344,98,102,49.0,1.96,2.04,49.0,51.0,196.0,47.549733139252794,114,0.0
1345,98,102,49.0,1.96,2.04,49.0,51.0,196.0,47.549733139252794,114,0.0
1346,98,102,49.0,1.96,2.04,49.0,51.0,196.0,47.549733139252794,114,0.0
1347,98,102,49.0,1.96,2.04,49.0,51.0,196.0,47.549733139252794,114,0.0
1348,98,102,49.0,1.96,2.04,49.0,51.0,196.0,47.549733139252794,114,0.0
1349,98,102,49.0,1.96,2.04,49.0,51.0,196.0,47.549733139252794,114,0.0
1350,98,102,49.0,1.96,2.04,49.0,51.0,196.0,47.549733139252794,114,0.0
1351,98,102,49.0,1.96,2.04,49.0,51.0,196.0,47.549733139252794,114,0.0
1352,98,102,49.0,1.96,2.04,49.0,51.0,196.0,47.549733139252794,114,0.0
1353,98,102,49.0,1.96,2.04,49.0,51.0,196.0,47.549733139252794,114,0.0
1354,98,102,49.0,1.96,2.04,49.0,51.0,196.0,47.549733139252794,114,0.0
1355,98,102,49.0,1.96,2.04,49.0,51.0,196.0,47.549733139252794,114,0.0
1356,98,102,49.0,1.96,2.04,49.0,51.0,196.0,47.549733139252794,114,0.0
1357,98,102,49.0,1.96,2.04,49.0,51.0,196.0,47.549733139252794,114,0.0
1358,98,102,49.0,1.96,2.04,49.0,51.0,196.0,47.549733139252794,114,0.0
1359,98,102,49.0,1.96,2.04,49.0,51.0,196.0,47.549733139252794,114,0.0
1360,98,102,49.0,1.96,2.04,49.0,51.0,196.0,47.549733139252794,114,0.0
1361,98,102,49.0,1.96,2.04,49.0,51.0,196.0,47.549733139252794,114,0.0
1362,98,102,49.0,1.96,2.04,49.0,51.0,196.0,47.549733139252794,114,0.0
1363,98,102,49.0,1.96,2.04,49.0,51.0,196.0,47.549733139252794,114,0.0
1364,98,102,49.0,1.96,2.04,49.0,51.0,196.0,47.549733139252794,114,0.0
1365,98,102,49.0,1.96,2.04,49.0,51.0,196.0,47.549733139252794,114,0.0
1366,98,102,49.0,1.96,2.04,49.0,51.0,196.0,47.549733139252794,114,0.0
1367,98,102,49.0,1.96,2.04,49.0,51.0,196.0,47.549733139252794,114,0.0
1368,98,102,49.0,1.96,2.04,49.0,51.0,196.0,47.549733139252794,114,0.0
1369,98,102,49.0,1.96,2.04,49.0,51.0,196.0,47.549733139252794,114,0.0
1370,98,102,49.0,1.96,2.04,49.0,51.0,196.0,47.549733139252794,114,0.0
1371,98,102,49.0,1.96,2.04,49.0,51.0,196.0,47.549733139252794,114,0.0
1372,98,102,49.0,1.96,2.04,49.0,51.0,196.0,47.549733139252794,114,0.0
1373,98,102,49.0,1.96,2.04,49.0,51.0,196.0,47.549733139252794,114,0.0
1374,98,102,49.0,1.96,2.04,49.0,51.0,196.0,47.549733139252794,114,0.0
1375,98,102,49.0,1.96,2.04,49.0,51.0,196.0,47.549733139252794,114,0.0
1376,98,102,49.0,1.96,2.04,49.0,51.0,196.0,47.549733139252794,114,0.0
1377,98,102,49.0,1.96,2.04,49.0,51.0,196.0,47.549733139252794,114,0.0
1378,98,102,49.0,1.96,2.04,49.0,51.0,196.0,47.549733139252794,114,0.0
1379,98,102,49.0,1.96,2.04,49.0,51.0,196.0,47.549733139252794,114,0.0
1380,98,102,49.0,1.96,2.04,49.0,51.0,196.0,47.549733139252794,114,0.0
1381,98,102,49.0,1.96,2.04,49.0,51.0,196.0,47.549733139252794,114,0.0
1382,98,102,49.0,1.96,2.04,49.0,51.0,196.0,47.549733139252794,114,0.0
1383,98,102,49.0,1.96,2.04,49.0,51.0,196.0,47.549733139252794,114,0.0
1384,98,102,49.0,1.96,2.04,49.0,51.0,196.0,47.549733139252794,114,0.0
1385,98,102,49.0,1.96,2.04,49.0,51.0,196.0,47.549733139252794,114,0.0
1386,98,102,49.0,1.96,2.04,49.0,51.0,196.0,47.549733139252794,114,0.0
1387,98,102,49.0,1.96,2.04,49.0,51.0,196.0,47.549733139252794,114,0.0
1388,98,102,49.0,1.96,2.04,49.0,51.0,196.0,47.549733139252794,114,0.0
1389,98,102,49.0,1.96,2.04,49.0,51.0,196.0,47.549733139252794,114,0.0
1390,98,102,49.0,1.96,2.04,49.0,51.0,196.0,47.549733139252794,114,0.0
1391,98,102,49.0,1.96,2.04,49.0,51.0,196.0,47.549733139252794,114,0.0
1392,98,102,49.0,1.96,2.04,49.0,51.0,196.0,47.549733139252794,114,0.0
1393,98,102,49.0,1.96,2.04,49.0,51.0,196.0,47.549733139252794,114,0.0
1394,98,102,49.0,1.96,2.04,49.0,51.0,196.0,47.549733139252794,114,0.0
1395,98,102,49.0,1.96,2.04,49.0,51.0,196.0,47.549733139252794,114,0.0
1396,98,102,49.0,1.96,2.04,49.0,51.0,196.0,47.549733139252794,114,0.0
1397,98,102,49.0,1.96,2.04,49.0,51.0,196.0,47.549733139252794,114,0.0
1398,98,102,49.0,1.96,2.04,49.0,51.0,196.0,47.549733139252794,114,0.0
1399,98,102,49.0,1.96,2.04,49.0,51.0,196.0,47.549733139252794,114,0.0
1400,98,102,49.0,1.96,2.04,49.0,51.0,196.0,47.549733139252794,114,0.0
1401,98,102,49.0,1.96,2.04,49.0,51.0,196.0,47.549733139252794,115,0.0
1402,98,102,49.0,1.96,2.04,49.0,51.0,196.0,47.549733139252794,115,0.0
1403,98,102,49.0,1.96,2.04,49.0,51.0,196.0,47.549733139252794,115,0.0
1404,98,102,49.0,1.96,2.04,49.0,51.0,196.0,47.549733139252794,115,0.0
1405,98,102,49.0,1.96,2.04,49.0,51.0,196.0,47.549733139252794,115,0.0
1406,99,101,49.5,1.98,2.02,49.5,50.5,198.0,48.03493449781659,116,2.0
1407,99,101,49.5,1.98,2.02,49.5,50.5,198.0,48.03493449781659,116,0.0
1408,99,101,49.5,1.98,2.02,49.5,50.5,198.0,48.03493449781659,116,0.0
1409,99,101,49.5,1.98,2.02,49.5,50.5,198.0,48.03493449781659,116,0.0
1410,99,101,49.5,1.98,2.02,49.5,50.5,198.0,48.03493449781659,116,0.0
1411,99,101,49.5,1.98,2.02,49.5,50.5,198.0,48.03493449781659,116,0.0
1412,99,101,49.5,1.98,2.02,49.5,50.5,198.0,48.03493449781659,116,0.0
1413,99,101,49.5,1.98,2.02,49.5,50.5,198.0,48.03493449781659,116,0.0
1414,99,101,49.5,1.98,2.02,49.5,50.5,198.0,48.03493449781659,116,0.0
1415,99,101,49.5,1.98,2.02,49.5,50.5,198.0,48.03493449781659,116,0.0
1416,99,101,49.5,1.98,2.02,49.5,50.5,198.0,48.03493449781659,116,0.0
1417,99,101,49.5,1.98,2.02,49.5,50.5,198.0,48.03493449781659,116,0.0
1418,99,101,49.5,1.98,2.02,49.5,50.5,198.0,48.03493449781659,116,0.0
1419,99,101,49.5,1.98,2.02,49.5,50.5,198.0,48.03493449781659,116,0.0
1420,99,101,49.5,1.98,2.02,49.5,50.5,198.0,48.03493449781659,116,0.0
1421,99,101,49.5,1.98,2.02,49.5,50.5,198.0,48.03493449781659,116,0.0
1422,99,101,49.5,1.98,2.02,49.5,50.5,198.0,48.03493449781659,116,0.0
1423,99,101,49.5,1.98,2.02,49.5,50.5,198.0,48.03493449781659,116,0.0
1424,99,101,49.5,1.98,2.02,49.5,50.5,198.0,48.03493449781659,116,0.0
1425,99,101,49.5,1.98,2.02,49.5,50.5,198.0,48.03493449781659,116,0.0
1426,99,101,49.5,1.98,2.02,49.5,50.5,198.0,48.03493449781659,116,0.0
1427,99,101,49.5,1.98,2.02,49.5,50.5,198.0,48.03493449781659,116,0.0
1428,99,101,49.5,1.98,2.02,49.5,50.5,198.0,48.03493449781659,116,0.0
1429,99,101,49.5,1.98,2.02,49.5,50.5,198.0,48.03493449781659,116,0.0
1430,99,101,49.5,1.98,2.02,49.5,50.5,198.0,48.03493449781659,116,0.0
1431,99,101,49.5,1.98,2.02,49.5,50.5,198.0,48.03493449781659,116,0.0
1432,99,101,49.5,1.98,2.02,49.5,50.5,198.0,48.03493449781659,117,0.0
1433,99,101,49.5,1.98,2.02,49.5,50.5,198.0,48.03493449781659,117,0.0
1434,99,101,49.5,1.98,2.02,49.5,50.5,198.0,48.03493449781659,117,0.0
1435,99,101,49.5,1.98,2.02,49.5,50.5,198.0,48.03493449781659,117,0.0
1436,99,101,49.5,1.98,2.02,49.5,50.5,198.0,48.03493449781659,117,0.0
1437,99,101,49.5,1.98,2.02,49.5,50.5,198.0,48.03493449781659,118,0.0
1438,99,101,49.5,1.98,2.02,49.5,50.5,198.0,48.03493449781659,119,0.0
1439,99,101,49.5,1.98,2.02,49.5,50.5,198.0,48.03493449781659,120,0.0
1440,99,101,49.5,1.98,2.02,49.5,50.5,198.0,48.03493449781659,121,0.0
1441,99,101,49.5,1.98,2.02,49.5,50.5,198.0,48.03493449781659,122,0.0
1442,99,101,49.5,1.98,2.02,49.5,50.5,198.0,48.03493449781659,122,0.0
1443,99,101,49.5,1.98,2.02,49.5,50.5,198.0,48.03493449781659,122,0.0
1444,99,101,49.5,1.98,2.02,49.5,50.5,198.0,48.03493449781659,123,0.0
1445,99,101,49.5,1.98,2.02,49.5,50.5,198.0,48.03493449781659,123,0.0
1446,99,101,49.5,1.98,2.02,49.5,50.5,198.0,48.03493449781659,123,0.0
1447,99,101,49.5,1.98,2.02,49.5,50.5,198.0,48.03493449781659,123,0.0
1448,99,101,49.5,1.98,2.02,49.5,50.5,198.0,48.03493449781659,123,0.0
1449,99,101,49.5,1.98,2.02,49.5,50.5,198.0,48.03493449781659,123,0.0
1450,99,101,49.5,1.98,2.02,49.5,50.5,198.0,48.03493449781659,123,0.0
1451,99,101,49.5,1.98,2.02,49.5,50.5,198.0,48.03493449781659,123,0.0
1452,99,101,49.5,1.98,2.02,49.5,50.5,198.0,48.03493449781659,124,0.0
1453,99,101,49.5,1.98,2.02,49.5,50.5,198.0,48.03493449781659,124,0.0
1454,99,101,49.5,1.98,2.02,49.5,50.5,198.0,48.03493449781659,124,0.0
1455,99,101,49.5,1.98,2.02,49.5,50.5,198.0,48.03493449781659,124,0.0
1456,99,101,49.5,1.98,2.02,49.5,50.5,198.0,48.03493449781659,124,0.0
1457,99,101,49.5,1.98,2.02,49.5,50.5,198.0,48.03493449781659,124,0.0
1458,99,101,49.5,1.98,2.02,49.5,50.5,198.0,48.03493449781659,124,0.0
1459,99,101,49.5,1.98,2.02,49.5,50.5,198.0,48.03493449781659,124,0.0
1460,99,101,49.5,1.98,2.02,49.5,50.5,198.0,48.03493449781659,124,0.0
1461,99,101,49.5,1.98,2.02,49.5,50.5,198.0,48.03493449781659,124,0.0
1462,99,101,49.5,1.98,2.02,49.5,50.5,198.0,48.03493449781659,124,0.0
1463,99,101,49.5,1.98,2.02,49.5,50.5,198.0,48.03493449781659,124,0.0
1464,99,101,49.5,1.98,2.02,49.5,50.5,198.0,48.03493449781659,124,0.0
1465,99,101,49.5,1.98,2.02,49.5,50.5,198.0,48.03493449781659,124,0.0
1466,99,101,49.5,1.98,2.02,49.5,50.5,198.0,48.03493449781659,124,0.0
1467,99,101,49.5,1.98,2.02,49.5,50.5,198.0,48.03493449781659,124,0.0
1468,99,101,49.5,1.98,2.02,49.5,50.5,198.0,48.03493449781659,124,0.0
1469,99,101,49.5,1.98,2.02,49.5,50.5,198.0,48.03493449781659,124,0.0
1470,99,101,49.5,1.98,2.02,49.5,50.5,198.0,48.03493449781659,124,0.0
1471,99,101,49.5,1.98,2.02,49.5,50.5,198.0,48.03493449781659,124,0.0
1472,99,101,49.5,1.98,2.02,49.5,50.5,198.0,48.03493449781659,124,0.0
1473,99,101,49.5,1.98,2.02,49.5,50.5,198.0,48.03493449781659,124,0.0
1474,99,101,49.5,1.98,2.02,49.5,50.5,198.0,48.03493449781659,124,0.0
1475,99,101,49.5,1.98,2.02,49.5,50.5,198.0,48.03493449781659,124,0.0
1476,99,101,49.5,1.98,2.02,49.5,50.5,198.0,48.03493449781659,124,0.0
1477,99,101,49.5,1.98,2.02,49.5,50.5,198.0,48.03493449781659,124,0.0
1478,99,101,49.5,1.98,2.02,49.5,50.5,198.0,48.03493449781659,124,0.0
1479,99,101,49.5,1.98,2.02,49.5,50.5,198.0,48.03493449781659,124,0.0
1480,99,101,49.5,1.98,2.02,49.5,50.5,198.0,48.03493449781659,124,0.0
1481,99,101,49.5,1.98,2.02,49.5,50.5,198.0,48.03493449781659,124,0.0
1482,99,101,49.5,1.98,2.02,49.5,50.5,198.0,48.03493449781659,124,0.0
1483,99,101,49.5,1.98,2.02,49.5,50.5,198.0,48.03493449781659,124,0.0
1484,99,101,49.5,1.98,2.02,49.5,50.5,198.0,48.03493449781659,124,0.0
1485,99,101,49.5,1.98,2.02,49.5,50.5,198.0,48.03493449781659,124,0.0
1486,99,101,49.5,1.98,2.02,49.5,50.5,198.0,48.03493449781659,124,0.0
1487,99,101,49.5,1.98,2.02,49.5,50.5,198.0,48.03493449781659,124,0.0
1488,99,101,49.5,1.98,2.02,49.5,50.5,198.0,48.03493449781659,125,0.0
1489,99,101,49.5,1.98,2.02,49.5,50.5,198.0,48.03493449781659,125,0.0
1490,99,101,49.5,1.98,2.02,49.5,50.5,198.0,48.03493449781659,125,0.0
1491,99,101,49.5,1.98,2.02,49.5,50.5,198.0,48.03493449781659,125,0.0
1492,99,101,49.5,1.98,2.02,49.5,50.5,198.0,48.03493449781659,125,0.0
1493,99,101,49.5,1.98,2.02,49.5,50.5,198.0,48.03493449781659,125,0.0
1494,99,101,49.5,1.98,2.02,49.5,50.5,198.0,48.03493449781659,125,0.0
1495,99,101,49.5,1.98,2.02,49.5,50.5,198.0,48.03493449781659,125,0.0
1496,99,101,49.5,1.98,2.02,49.5,50.5,198.0,48.03493449781659,125,0.0
1497,99,101,49.5,1.98,2.02,49.5,50.5,198.0,48.03493449781659,125,0.0
1498,99,101,49.5,1.98,2.02,49.5,50.5,198.0,48.03493449781659,125,0.0
1499,99,101,49.5,1.98,2.02,49.5,50.5,198.0,48.03493449781659,125,0.0
1500,99,101,49.5,1.98,2.02,49.5,50.5,198.0,48.03493449781659,125,0.0
