step,n_adsorbed,n_free,percent_adsorbed,m_adsorbed_mg,m_free_mg,c_pdf_mg_l,c_remaining_mg_l,qt_mg_g,percent_qmax,n_contacts,dqt_per_step
0,0,200,0.0,0.0,4.0,0.0,100.0,0.0,0.0,0,0.0
1,0,200,0.0,0.0,4.0,0.0,100.0,0.0,0.0,0,0.0
2,0,200,0.0,0.0,4.0,0.0,100.0,0.0,0.0,0,0.0
3,0,200,0.0,0.0,4.0,0.0,100.0,0.0,0.0,0,0.0
4,1,199,0.5,0.02,3.98,0.5,99.5,2.0,0.48520135856380403,1,2.0
5,1,199,0.5,0.02,3.98,0.5,99.5,2.0,0.48520135856380403,1,0.0
6,1,199,0.5,0.02,3.98,0.5,99.5,2.0,0.48520135856380403,1,0.0
7,1,199,0.5,0.02,3.98,0.5,99.5,2.0,0.48520135856380403,1,0.0
8,1,199,0.5,0.02,3.98,0.5,99.5,2.0,0.48520135856380403,1,0.0
9,1,199,0.5,0.02,3.98,0.5,99.5,2.0,0.48520135856380403,1,0.0
10,1,199,0.5,0.02,3.98,0.5,99.5,2.0,0.48520135856380403,1,0.0
11,1,199,0.5,0.02,3.98,0.5,99.5,2.0,0.48520135856380403,1,0.0
12,1,199,0.5,0.02,3.98,0.5,99.5,2.0,0.48520135856380403,1,0.0
13,1,199,0.5,0.02,3.98,0.5,99.5,2.0,0.48520135856380403,1,0.0
14,1,199,0.5,0.02,3.98,0.5,99.5,2.0,0.48520135856380403,1,0.0
15,1,199,0.5,0.02,3.98,0.5,99.5,2.0,0.48520135856380403,1,0.0
16,1,199,0.5,0.02,3.98,0.5,99.5,2.0,0.48520135856380403,1,0.0
17,1,199,0.5,0.02,3.98,0.5,99.5,2.0,0.48520135856380403,1,0.0
18,1,199,0.5,0.02,3.98,0.5,99.5,2.0,0.48520135856380403,1,0.0
19,2,198,1.0,0.04,3.96,1.0,99.0,4.0,0.9704027171276081,2,2.0
20,2,198,1.0,0.04,3.96,1.0,99.0,4.0,0.9704027171276081,2,0.0
21,2,198,1.0,0.04,3.96,1.0,99.0,4.0,0.9704027171276081,2,0.0
22,4,196,2.0,0.08,3.92,2.0,98.0,8.0,1.9408054342552161,4,4.0
23,4,196,2.0,0.08,3.92,2.0,98.0,8.0,1.9408054342552161,4,0.0
24,4,196,2.0,0.08,3.92,2.0,98.0,8.0,1.9408054342552161,4,0.0
25,4,196,2.0,0.08,3.92,2.0,98.0,8.0,1.9408054342552161,4,0.0
26,4,196,2.0,0.08,3.92,2.0,98.0,8.0,1.9408054342552161,4,0.0
27,4,196,2.0,0.08,3.92,2.0,98.0,8.0,1.9408054342552161,4,0.0
28,4,196,2.0,0.08,3.92,2.0,98.0,8.0,1.9408054342552161,4,0.0
29,4,196,2.0,0.08,3.92,2.0,98.0,8.0,1.9408054342552161,4,0.0
30,4,196,2.0,0.08,3.92,2.0,98.0,8.0,1.9408054342552161,4,0.0
31,4,196,2.0,0.08,3.92,2.0,98.0,8.0,1.9408054342552161,4,0.0
32,4,196,2.0,0.08,3.92,2.0,98.0,8.0,1.9408054342552161,4,0.0
33,4,196,2.0,0.08,3.92,2.0,98.0,8.0,1.9408054342552161,4,0.0
34,4,196,2.0,0.08,3.92,2.0,98.0,8.0,1.9408054342552161,4,0.0
35,5,195,2.5,0.1,3.9,2.5,97.5,10.0,2.42600679281902,5,2.0
36,5,195,2.5,0.1,3.9,2.5,97.5,10.0,2.42600679281902,5,0.0
37,5,195,2.5,0.1,3.9,2.5,97.5,10.0,2.42600679281902,5,0.0
38,5,195,2.5,0.1,3.9,2.5,97.5,10.0,2.42600679281902,5,0.0
39,5,195,2.5,0.1,3.9,2.5,97.5,10.0,2.42600679281902,5,0.0
40,5,195,2.5,0.1,3.9,2.5,97.5,10.0,2.42600679281902,5,0.0
41,5,195,2.5,0.1,3.9,2.5,97.5,10.0,2.42600679281902,5,0.0
42,5,195,2.5,0.1,3.9,2.5,97.5,10.0,2.42600679281902,5,0.0
43,6,194,3.0,0.12,3.88,3.0,97.0,12.0,2.911208151382824,6,2.0
44,6,194,3.0,0.12,3.88,3.0,97.0,12.0,2.911208151382824,6,0.0
45,6,194,3.0,0.12,3.88,3.0,97.0,12.0,2.911208151382824,6,0.0
46,6,194,3.0,0.12,3.88,3.0,97.0,12.0,2.911208151382824,6,0.0
47,6,194,3.0,0.12,3.88,3.0,97.0,12.0,2.911208151382824,6,0.0
48,6,194,3.0,0.12,3.88,3.0,97.0,12.0,2.911208151382824,6,0.0
49,6,194,3.0,0.12,3.88,3.0,97.0,12.0,2.911208151382824,6,0.0
50,6,194,3.0,0.12,3.88,3.0,97.0,12.0,2.911208151382824,6,0.0
51,6,194,3.0,0.12,3.88,3.0,97.0,12.0,2.911208151382824,6,0.0
52,6,194,3.0,0.12,3.88,3.0,97.0,12.0,2.911208151382824,6,0.0
53,6,194,3.0,0.12,3.88,3.0,97.0,12.0,2.911208151382824,6,0.0
54,6,194,3.0,0.12,3.88,3.0,97.0,12.0,2.911208151382824,6,0.0
55,6,194,3.0,0.12,3.88,3.0,97.0,12.0,2.911208151382824,6,0.0
56,6,194,3.0,0.12,3.88,3.0,97.0,12.0,2.911208151382824,6,0.0
57,6,194,3.0,0.12,3.88,3.0,97.0,12.0,2.911208151382824,6,0.0
58,6,194,3.0,0.12,3.88,3.0,97.0,12.0,2.911208151382824,6,0.0
59,6,194,3.0,0.12,3.88,3.0,97.0,12.0,2.911208151382824,6,0.0
60,6,194,3.0,0.12,3.88,3.0,97.0,12.0,2.911208151382824,6,0.0
61,6,194,3.0,0.12,3.88,3.0,97.0,12.0,2.911208151382824,6,0.0
62,6,194,3.0,0.12,3.88,3.0,97.0,12.0,2.911208151382824,6,0.0
63,6,194,3.0,0.12,3.88,3.0,97.0,12.0,2.911208151382824,6,0.0
64,6,194,3.0,0.12,3.88,3.0,97.0,12.0,2.911208151382824,6,0.0
65,6,194,3.0,0.12,3.88,3.0,97.0,12.0,2.911208151382824,6,0.0
66,7,193,3.5000000000000004,0.14,3.86,3.5000000000000004,96.5,14.000000000000002,3.3964095099466283,7,2.0000000000000018
67,7,193,3.5000000000000004,0.14,3.86,3.5000000000000004,96.5,14.000000000000002,3.3964095099466283,7,0.0
68,7,193,3.5000000000000004,0.14,3.86,3.5000000000000004,96.5,14.000000000000002,3.3964095099466283,7,0.0
69,7,193,3.5000000000000004,0.14,3.86,3.5000000000000004,96.5,14.000000000000002,3.3964095099466283,7,0.0
70,7,193,3.5000000000000004,0.14,3.86,3.5000000000000004,96.5,14.000000000000002,3.3964095099466283,7,0.0
71,7,193,3.5000000000000004,0.14,3.86,3.5000000000000004,96.5,14.000000000000002,3.3964095099466283,7,0.0
72,7,193,3.5000000000000004,0.14,3.86,3.5000000000000004,96.5,14.000000000000002,3.3964095099466283,7,0.0
73,7,193,3.5000000000000004,0.14,3.86,3.5000000000000004,96.5,14.000000000000002,3.3964095099466283,7,0.0
74,7,193,3.5000000000000004,0.14,3.86,3.5000000000000004,96.5,14.000000000000002,3.3964095099466283,7,0.0
75,7,193,3.5000000000000004,0.14,3.86,3.5000000000000004,96.5,14.000000000000002,3.3964095099466283,7,0.0
76,7,193,3.5000000000000004,0.14,3.86,3.5000000000000004,96.5,14.000000000000002,3.3964095099466283,7,0.0
77,8,192,4.0,0.16,3.84,4.0,96.0,16.0,3.8816108685104322,8,1.9999999999999982
78,8,192,4.0,0.16,3.84,4.0,96.0,16.0,3.8816108685104322,8,0.0
79,8,192,4.0,0.16,3.84,4.0,96.0,16.0,3.8816108685104322,8,0.0
80,8,192,4.0,0.16,3.84,4.0,96.0,16.0,3.8816108685104322,8,0.0
81,8,192,4.0,0.16,3.84,4.0,96.0,16.0,3.8816108685104322,8,0.0
82,9,191,4.5,0.18,3.82,4.5,95.5,18.0,4.366812227074236,9,2.0
83,9,191,4.5,0.18,3.82,4.5,95.5,18.0,4.366812227074236,9,0.0
84,9,191,4.5,0.18,3.82,4.5,95.5,18.0,4.366812227074236,9,0.0
85,9,191,4.5,0.18,3.82,4.5,95.5,18.0,4.366812227074236,9,0.0
86,9,191,4.5,0.18,3.82,4.5,95.5,18.0,4.366812227074236,9,0.0
87,9,191,4.5,0.18,3.82,4.5,95.5,18.0,4.366812227074236,9,0.0
88,9,191,4.5,0.18,3.82,4.5,95.5,18.0,4.366812227074236,9,0.0
89,9,191,4.5,0.18,3.82,4.5,95.5,18.0,4.366812227074236,9,0.0
90,9,191,4.5,0.18,3.82,4.5,95.5,18.0,4.366812227074236,9,0.0
91,10,190,5.0,0.2,3.8,5.0,95.0,20.0,4.85201358563804,10,2.0
92,10,190,5.0,0.2,3.8,5.0,95.0,20.0,4.85201358563804,10,0.0
93,10,190,5.0,0.2,3.8,5.0,95.0,20.0,4.85201358563804,10,0.0
94,11,189,5.5,0.22,3.78,5.5,94.5,22.0,5.337214944201843,11,2.0
95,11,189,5.5,0.22,3.78,5.5,94.5,22.0,5.337214944201843,11,0.0
96,11,189,5.5,0.22,3.78,5.5,94.5,22.0,5.337214944201843,11,0.0
97,11,189,5.5,0.22,3.78,5.5,94.5,22.0,5.337214944201843,11,0.0
98,11,189,5.5,0.22,3.78,5.5,94.5,22.0,5.337214944201843,11,0.0
99,11,189,5.5,0.22,3.78,5.5,94.5,22.0,5.337214944201843,11,0.0
100,11,189,5.5,0.22,3.78,5.5,94.5,22.0,5.337214944201843,11,0.0
101,11,189,5.5,0.22,3.78,5.5,94.5,22.0,5.337214944201843,11,0.0
102,11,189,5.5,0.22,3.78,5.5,94.5,22.0,5.337214944201843,11,0.0
103,11,189,5.5,0.22,3.78,5.5,94.5,22.0,5.337214944201843,11,0.0
104,11,189,5.5,0.22,3.78,5.5,94.5,22.0,5.337214944201843,11,0.0
105,11,189,5.5,0.22,3.78,5.5,94.5,22.0,5.337214944201843,11,0.0
106,11,189,5.5,0.22,3.78,5.5,94.5,22.0,5.337214944201843,11,0.0
107,11,189,5.5,0.22,3.78,5.5,94.5,22.0,5.337214944201843,11,0.0
108,11,189,5.5,0.22,3.78,5.5,94.5,22.0,5.337214944201843,11,0.0
109,11,189,5.5,0.22,3.78,5.5,94.5,22.0,5.337214944201843,11,0.0
110,11,189,5.5,0.22,3.78,5.5,94.5,22.0,5.337214944201843,11,0.0
111,11,189,5.5,0.22,3.78,5.5,94.5,22.0,5.337214944201843,11,0.0
112,11,189,5.5,0.22,3.78,5.5,94.5,22.0,5.337214944201843,11,0.0
113,11,189,5.5,0.22,3.78,5.5,94.5,22.0,5.337214944201843,11,0.0
114,12,188,6.0,0.24,3.76,6.0,93.99999999999999,24.0,5.822416302765648,12,2.0
115,12,188,6.0,0.24,3.76,6.0,93.99999999999999,24.0,5.822416302765648,12,0.0
116,12,188,6.0,0.24,3.76,6.0,93.99999999999999,24.0,5.822416302765648,12,0.0
117,12,188,6.0,0.24,3.76,6.0,93.99999999999999,24.0,5.822416302765648,12,0.0
118,12,188,6.0,0.24,3.76,6.0,93.99999999999999,24.0,5.822416302765648,12,0.0
119,12,188,6.0,0.24,3.76,6.0,93.99999999999999,24.0,5.822416302765648,12,0.0
120,12,188,6.0,0.24,3.76,6.0,93.99999999999999,24.0,5.822416302765648,12,0.0
121,12,188,6.0,0.24,3.76,6.0,93.99999999999999,24.0,5.822416302765648,12,0.0
122,12,188,6.0,0.24,3.76,6.0,93.99999999999999,24.0,5.822416302765648,12,0.0
123,12,188,6.0,0.24,3.76,6.0,93.99999999999999,24.0,5.822416302765648,12,0.0
124,12,188,6.0,0.24,3.76,6.0,93.99999999999999,24.0,5.822416302765648,12,0.0
125,12,188,6.0,0.24,3.76,6.0,93.99999999999999,24.0,5.822416302765648,12,0.0
126,12,188,6.0,0.24,3.76,6.0,93.99999999999999,24.0,5.822416302765648,12,0.0
127,12,188,6.0,0.24,3.76,6.0,93.99999999999999,24.0,5.822416302765648,12,0.0
128,12,188,6.0,0.24,3.76,6.0,93.99999999999999,24.0,5.822416302765648,12,0.0
129,12,188,6.0,0.24,3.76,6.0,93.99999999999999,24.0,5.822416302765648,12,0.0
130,12,188,6.0,0.24,3.76,6.0,93.99999999999999,24.0,5.822416302765648,12,0.0
131,12,188,6.0,0.24,3.76,6.0,93.99999999999999,24.0,5.822416302765648,12,0.0
132,12,188,6.0,0.24,3.76,6.0,93.99999999999999,24.0,5.822416302765648,12,0.0
133,12,188,6.0,0.24,3.76,6.0,93.99999999999999,24.0,5.822416302765648,12,0.0
134,12,188,6.0,0.24,3.76,6.0,93.99999999999999,24.0,5.822416302765648,12,0.0
135,12,188,6.0,0.24,3.76,6.0,93.99999999999999,24.0,5.822416302765648,12,0.0
136,12,188,6.0,0.24,3.76,6.0,93.99999999999999,24.0,5.822416302765648,12,0.0
137,13,187,6.5,0.26,3.74,6.5,93.5,26.0,6.307617661329452,13,2.0
138,13,187,6.5,0.26,3.74,6.5,93.5,26.0,6.307617661329452,13,0.0
139,13,187,6.5,0.26,3.74,6.5,93.5,26.0,6.307617661329452,13,0.0
140,13,187,6.5,0.26,3.74,6.5,93.5,26.0,6.307617661329452,13,0.0
141,13,187,6.5,0.26,3.74,6.5,93.5,26.0,6.307617661329452,13,0.0
142,13,187,6.5,0.26,3.74,6.5,93.5,26.0,6.307617661329452,13,0.0
143,13,187,6.5,0.26,3.74,6.5,93.5,26.0,6.307617661329452,13,0.0
144,13,187,6.5,0.26,3.74,6.5,93.5,26.0,6.307617661329452,13,0.0
145,13,187,6.5,0.26,3.74,6.5,93.5,26.0,6.307617661329452,13,0.0
146,13,187,6.5,0.26,3.74,6.5,93.5,26.0,6.307617661329452,13,0.0
147,13,187,6.5,0.26,3.74,6.5,93.5,26.0,6.307617661329452,13,0.0
148,14,186,7.000000000000001,0.28,3.7199999999999998,7.000000000000001,92.99999999999999,28.000000000000004,6.7928190198932565,14,2.0000000000000036
149,14,186,7.000000000000001,0.28,3.7199999999999998,7.000000000000001,92.99999999999999,28.000000000000004,6.7928190198932565,14,0.0
150,14,186,7.000000000000001,0.28,3.7199999999999998,7.000000000000001,92.99999999999999,28.000000000000004,6.7928190198932565,14,0.0
151,15,185,7.5,0.3,3.7,7.5,92.5,30.0,7.27802037845706,15,1.9999999999999964
152,15,185,7.5,0.3,3.7,7.5,92.5,30.0,7.27802037845706,15,0.0
153,15,185,7.5,0.3,3.7,7.5,92.5,30.0,7.27802037845706,15,0.0
154,15,185,7.5,0.3,3.7,7.5,92.5,30.0,7.27802037845706,15,0.0
155,15,185,7.5,0.3,3.7,7.5,92.5,30.0,7.27802037845706,15,0.0
156,15,185,7.5,0.3,3.7,7.5,92.5,30.0,7.27802037845706,15,0.0
157,15,185,7.5,0.3,3.7,7.5,92.5,30.0,7.27802037845706,15,0.0
158,15,185,7.5,0.3,3.7,7.5,92.5,30.0,7.27802037845706,15,0.0
159,15,185,7.5,0.3,3.7,7.5,92.5,30.0,7.27802037845706,15,0.0
160,15,185,7.5,0.3,3.7,7.5,92.5,30.0,7.27802037845706,15,0.0
161,16,184,8.0,0.32,3.68,8.0,92.0,32.0,7.7632217370208645,16,2.0
162,16,184,8.0,0.32,3.68,8.0,92.0,32.0,7.7632217370208645,16,0.0
163,17,183,8.5,0.34,3.66,8.5,91.5,34.0,8.248423095584668,17,2.0
164,17,183,8.5,0.34,3.66,8.5,91.5,34.0,8.248423095584668,17,0.0
165,17,183,8.5,0.34,3.66,8.5,91.5,34.0,8.248423095584668,17,0.0
166,18,182,9.0,0.36,3.64,9.0,91.0,36.0,8.733624454148472,18,2.0
167,18,182,9.0,0.36,3.64,9.0,91.0,36.0,8.733624454148472,18,0.0
168,19,181,9.5,0.38,3.62,9.5,90.5,38.0,9.218825812712275,19,2.0
169,19,181,9.5,0.38,3.62,9.5,90.5,38.0,9.218825812712275,19,0.0
170,20,180,10.0,0.4,3.6,10.0,90.0,40.0,9.70402717127608,20,2.0
171,20,180,10.0,0.4,3.6,10.0,90.0,40.0,9.70402717127608,20,0.0
172,20,180,10.0,0.4,3.6,10.0,90.0,40.0,9.70402717127608,20,0.0
173,20,180,10.0,0.4,3.6,10.0,90.0,40.0,9.70402717127608,20,0.0
174,21,179,10.5,0.42,3.58,10.5,89.5,42.0,10.189228529839884,21,2.0
175,21,179,10.5,0.42,3.58,10.5,89.5,42.0,10.189228529839884,21,0.0
176,21,179,10.5,0.42,3.58,10.5,89.5,42.0,10.189228529839884,21,0.0
177,21,179,10.5,0.42,3.58,10.5,89.5,42.0,10.189228529839884,21,0.0
178,21,179,10.5,0.42,3.58,10.5,89.5,42.0,10.189228529839884,21,0.0
179,21,179,10.5,0.42,3.58,10.5,89.5,42.0,10.189228529839884,21,0.0
180,21,179,10.5,0.42,3.58,10.5,89.5,42.0,10.189228529839884,21,0.0
181,21,179,10.5,0.42,3.58,10.5,89.5,42.0,10.189228529839884,21,0.0
182,21,179,10.5,0.42,3.58,10.5,89.5,42.0,10.189228529839884,21,0.0
183,21,179,10.5,0.42,3.58,10.5,89.5,42.0,10.189228529839884,21,0.0
184,21,179,10.5,0.42,3.58,10.5,89.5,42.0,10.189228529839884,21,0.0
185,21,179,10.5,0.42,3.58,10.5,89.5,42.0,10.189228529839884,21,0.0
186,21,179,10.5,0.42,3.58,10.5,89.5,42.0,10.189228529839884,21,0.0
187,22,178,11.0,0.44,3.56,11.0,89.0,44.0,10.674429888403687,22,2.0
188,23,177,11.5,0.46,3.54,11.5,88.5,46.0,11.159631246967491,23,2.0
189,23,177,11.5,0.46,3.54,11.5,88.5,46.0,11.159631246967491,23,0.0
190,23,177,11.5,0.46,3.54,11.5,88.5,46.0,11.159631246967491,23,0.0
191,24,176,12.0,0.48,3.52,12.0,88.0,48.0,11.644832605531295,24,2.0
192,24,176,12.0,0.48,3.52,12.0,88.0,48.0,11.644832605531295,24,0.0
193,24,176,12.0,0.48,3.52,12.0,88.0,48.0,11.644832605531295,24,0.0
194,24,176,12.0,0.48,3.52,12.0,88.0,48.0,11.644832605531295,24,0.0
195,24,176,12.0,0.48,3.52,12.0,88.0,48.0,11.644832605531295,24,0.0
196,24,176,12.0,0.48,3.52,12.0,88.0,48.0,11.644832605531295,24,0.0
197,25,175,12.5,0.5,3.5,12.5,87.5,50.0,12.1300339640951,25,2.0
198,26,174,13.0,0.52,3.48,13.0,87.0,52.0,12.615235322658904,26,2.0
199,26,174,13.0,0.52,3.48,13.0,87.0,52.0,12.615235322658904,26,0.0
200,26,174,13.0,0.52,3.48,13.0,87.0,52.0,12.615235322658904,26,0.0
201,26,174,13.0,0.52,3.48,13.0,87.0,52.0,12.615235322658904,26,0.0
202,26,174,13.0,0.52,3.48,13.0,87.0,52.0,12.615235322658904,26,0.0
203,26,174,13.0,0.52,3.48,13.0,87.0,52.0,12.615235322658904,26,0.0
204,27,173,13.5,0.54,3.46,13.5,86.5,54.0,13.100436681222707,27,2.0
205,27,173,13.5,0.54,3.46,13.5,86.5,54.0,13.100436681222707,27,0.0
206,27,173,13.5,0.54,3.46,13.5,86.5,54.0,13.100436681222707,27,0.0
207,27,173,13.5,0.54,3.46,13.5,86.5,54.0,13.100436681222707,27,0.0
208,28,172,14.000000000000002,0.56,3.44,14.000000000000002,86.0,56.00000000000001,13.585638039786513,28,2.000000000000007
209,28,172,14.000000000000002,0.56,3.44,14.000000000000002,86.0,56.00000000000001,13.585638039786513,28,0.0
210,28,172,14.000000000000002,0.56,3.44,14.000000000000002,86.0,56.00000000000001,13.585638039786513,28,0.0
211,29,171,14.499999999999998,0.58,3.42,14.499999999999998,85.5,57.99999999999999,14.070839398350312,29,1.9999999999999858
212,29,171,14.499999999999998,0.58,3.42,14.499999999999998,85.5,57.99999999999999,14.070839398350312,29,0.0
213,29,171,14.499999999999998,0.58,3.42,14.499999999999998,85.5,57.99999999999999,14.070839398350312,29,0.0
214,29,171,14.499999999999998,0.58,3.42,14.499999999999998,85.5,57.99999999999999,14.070839398350312,29,0.0
215,29,171,14.499999999999998,0.58,3.42,14.499999999999998,85.5,57.99999999999999,14.070839398350312,29,0.0
216,29,171,14.499999999999998,0.58,3.42,14.499999999999998,85.5,57.99999999999999,14.070839398350312,29,0.0
217,29,171,14.499999999999998,0.58,3.42,14.499999999999998,85.5,57.99999999999999,14.070839398350312,29,0.0
218,29,171,14.499999999999998,0.58,3.42,14.499999999999998,85.5,57.99999999999999,14.070839398350312,29,0.0
219,29,171,14.499999999999998,0.58,3.42,14.499999999999998,85.5,57.99999999999999,14.070839398350312,29,0.0
220,29,171,14.499999999999998,0.58,3.42,14.499999999999998,85.5,57.99999999999999,14.070839398350312,29,0.0
221,30,170,15.0,0.6,3.4,15.0,85.0,60.0,14.55604075691412,30,2.000000000000007
222,30,170,15.0,0.6,3.4,15.0,85.0,60.0,14.55604075691412,30,0.0
223,30,170,15.0,0.6,3.4,15.0,85.0,60.0,14.55604075691412,30,0.0
224,30,170,15.0,0.6,3.4,15.0,85.0,60.0,14.55604075691412,30,0.0
225,30,170,15.0,0.6,3.4,15.0,85.0,60.0,14.55604075691412,30,0.0
226,31,169,15.5,0.62,3.38,15.5,84.5,62.0,15.041242115477923,31,2.0
227,31,169,15.5,0.62,3.38,15.5,84.5,62.0,15.041242115477923,31,0.0
228,31,169,15.5,0.62,3.38,15.5,84.5,62.0,15.041242115477923,31,0.0
229,31,169,15.5,0.62,3.38,15.5,84.5,62.0,15.041242115477923,31,0.0
230,31,169,15.5,0.62,3.38,15.5,84.5,62.0,15.041242115477923,31,0.0
231,31,169,15.5,0.62,3.38,15.5,84.5,62.0,15.041242115477923,31,0.0
232,31,169,15.5,0.62,3.38,15.5,84.5,62.0,15.041242115477923,31,0.0
233,31,169,15.5,0.62,3.38,15.5,84.5,62.0,15.041242115477923,31,0.0
234,31,169,15.5,0.62,3.38,15.5,84.5,62.0,15.041242115477923,31,0.0
235,31,169,15.5,0.62,3.38,15.5,84.5,62.0,15.041242115477923,31,0.0
236,31,169,15.5,0.62,3.38,15.5,84.5,62.0,15.041242115477923,31,0.0
237,31,169,15.5,0.62,3.38,15.5,84.5,62.0,15.041242115477923,31,0.0
238,31,169,15.5,0.62,3.38,15.5,84.5,62.0,15.041242115477923,31,0.0
239,32,168,16.0,0.64,3.36,16.0,84.0,64.0,15.526443474041729,32,2.0
240,32,168,16.0,0.64,3.36,16.0,84.0,64.0,15.526443474041729,32,0.0
241,32,168,16.0,0.64,3.36,16.0,84.0,64.0,15.526443474041729,32,0.0
242,32,168,16.0,0.64,3.36,16.0,84.0,64.0,15.526443474041729,32,0.0
243,32,168,16.0,0.64,3.36,16.0,84.0,64.0,15.526443474041729,32,0.0
244,32,168,16.0,0.64,3.36,16.0,84.0,64.0,15.526443474041729,32,0.0
245,32,168,16.0,0.64,3.36,16.0,84.0,64.0,15.526443474041729,32,0.0
246,32,168,16.0,0.64,3.36,16.0,84.0,64.0,15.526443474041729,32,0.0
247,32,168,16.0,0.64,3.36,16.0,84.0,64.0,15.526443474041729,32,0.0
248,33,167,16.5,0.66,3.34,16.5,83.5,66.0,16.011644832605533,33,2.0
249,33,167,16.5,0.66,3.34,16.5,83.5,66.0,16.011644832605533,33,0.0
250,33,167,16.5,0.66,3.34,16.5,83.5,66.0,16.011644832605533,33,0.0
251,34,166,17.0,0.68,3.32,17.0,83.0,68.0,16.496846191169336,34,2.0
252,34,166,17.0,0.68,3.32,17.0,83.0,68.0,16.496846191169336,34,0.0
253,34,166,17.0,0.68,3.32,17.0,83.0,68.0,16.496846191169336,34,0.0
254,34,166,17.0,0.68,3.32,17.0,83.0,68.0,16.496846191169336,34,0.0
255,34,166,17.0,0.68,3.32,17.0,83.0,68.0,16.496846191169336,34,0.0
256,34,166,17.0,0.68,3.32,17.0,83.0,68.0,16.496846191169336,34,0.0
257,34,166,17.0,0.68,3.32,17.0,83.0,68.0,16.496846191169336,34,0.0
258,34,166,17.0,0.68,3.32,17.0,83.0,68.0,16.496846191169336,34,0.0
259,34,166,17.0,0.68,3.32,17.0,83.0,68.0,16.496846191169336,34,0.0
260,34,166,17.0,0.68,3.32,17.0,83.0,68.0,16.496846191169336,34,0.0
261,34,166,17.0,0.68,3.32,17.0,83.0,68.0,16.496846191169336,34,0.0
262,34,166,17.0,0.68,3.32,17.0,83.0,68.0,16.496846191169336,34,0.0
263,34,166,17.0,0.68,3.32,17.0,83.0,68.0,16.496846191169336,34,0.0
264,34,166,17.0,0.68,3.32,17.0,83.0,68.0,16.496846191169336,34,0.0
265,34,166,17.0,0.68,3.32,17.0,83.0,68.0,16.496846191169336,34,0.0
266,34,166,17.0,0.68,3.32,17.0,83.0,68.0,16.496846191169336,34,0.0
267,34,166,17.0,0.68,3.32,17.0,83.0,68.0,16.496846191169336,34,0.0
268,34,166,17.0,0.68,3.32,17.0,83.0,68.0,16.496846191169336,34,0.0
269,34,166,17.0,0.68,3.32,17.0,83.0,68.0,16.496846191169336,34,0.0
270,34,166,17.0,0.68,3.32,17.0,83.0,68.0,16.496846191169336,34,0.0
271,34,166,17.0,0.68,3.32,17.0,83.0,68.0,16.496846191169336,34,0.0
272,34,166,17.0,0.68,3.32,17.0,83.0,68.0,16.496846191169336,34,0.0
273,35,165,17.5,0.7000000000000001,3.3,17.5,82.5,70.0,16.98204754973314,35,2.0
274,35,165,17.5,0.7000000000000001,3.3,17.5,82.5,70.0,16.98204754973314,35,0.0
275,35,165,17.5,0.7000000000000001,3.3,17.5,82.5,70.0,16.98204754973314,35,0.0
276,35,165,17.5,0.7000000000000001,3.3,17.5,82.5,70.0,16.98204754973314,35,0.0
277,35,165,17.5,0.7000000000000001,3.3,17.5,82.5,70.0,16.98204754973314,35,0.0
278,35,165,17.5,0.7000000000000001,3.3,17.5,82.5,70.0,16.98204754973314,35,0.0
279,35,165,17.5,0.7000000000000001,3.3,17.5,82.5,70.0,16.98204754973314,35,0.0
280,35,165,17.5,0.7000000000000001,3.3,17.5,82.5,70.0,16.98204754973314,35,0.0
281,35,165,17.5,0.7000000000000001,3.3,17.5,82.5,70.0,16.98204754973314,35,0.0
282,35,165,17.5,0.7000000000000001,3.3,17.5,82.5,70.0,16.98204754973314,35,0.0
283,35,165,17.5,0.7000000000000001,3.3,17.5,82.5,70.0,16.98204754973314,35,0.0
284,35,165,17.5,0.7000000000000001,3.3,17.5,82.5,70.0,16.98204754973314,35,0.0
285,35,165,17.5,0.7000000000000001,3.3,17.5,82.5,70.0,16.98204754973314,35,0.0
286,35,165,17.5,0.7000000000000001,3.3,17.5,82.5,70.0,16.98204754973314,35,0.0
287,35,165,17.5,0.7000000000000001,3.3,17.5,82.5,70.0,16.98204754973314,35,0.0
288,35,165,17.5,0.7000000000000001,3.3,17.5,82.5,70.0,16.98204754973314,35,0.0
289,35,165,17.5,0.7000000000000001,3.3,17.5,82.5,70.0,16.98204754973314,35,0.0
290,36,164,18.0,0.72,3.2800000000000002,18.0,82.0,72.0,17.467248908296945,36,2.0
291,36,164,18.0,0.72,3.2800000000000002,18.0,82.0,72.0,17.467248908296945,36,0.0
292,36,164,18.0,0.72,3.2800000000000002,18.0,82.0,72.0,17.467248908296945,36,0.0
293,36,164,18.0,0.72,3.2800000000000002,18.0,82.0,72.0,17.467248908296945,36,0.0
294,36,164,18.0,0.72,3.2800000000000002,18.0,82.0,72.0,17.467248908296945,36,0.0
295,36,164,18.0,0.72,3.2800000000000002,18.0,82.0,72.0,17.467248908296945,36,0.0
296,36,164,18.0,0.72,3.2800000000000002,18.0,82.0,72.0,17.467248908296945,36,0.0
297,36,164,18.0,0.72,3.2800000000000002,18.0,82.0,72.0,17.467248908296945,36,0.0
298,36,164,18.0,0.72,3.2800000000000002,18.0,82.0,72.0,17.467248908296945,36,0.0
299,36,164,18.0,0.72,3.2800000000000002,18.0,82.0,72.0,17.467248908296945,36,0.0
300,36,164,18.0,0.72,3.2800000000000002,18.0,82.0,72.0,17.467248908296945,36,0.0
301,36,164,18.0,0.72,3.2800000000000002,18.0,82.0,72.0,17.467248908296945,36,0.0
302,36,164,18.0,0.72,3.2800000000000002,18.0,82.0,72.0,17.467248908296945,36,0.0
303,36,164,18.0,0.72,3.2800000000000002,18.0,82.0,72.0,17.467248908296945,36,0.0
304,36,164,18.0,0.72,3.2800000000000002,18.0,82.0,72.0,17.467248908296945,36,0.0
305,36,164,18.0,0.72,3.2800000000000002,18.0,82.0,72.0,17.467248908296945,36,0.0
306,36,164,18.0,0.72,3.2800000000000002,18.0,82.0,72.0,17.467248908296945,36,0.0
307,36,164,18.0,0.72,3.2800000000000002,18.0,82.0,72.0,17.467248908296945,36,0.0
308,37,163,18.5,0.74,3.26,18.5,81.5,74.0,17.952450266860748,37,2.0
309,37,163,18.5,0.74,3.26,18.5,81.5,74.0,17.952450266860748,37,0.0
310,37,163,18.5,0.74,3.26,18.5,81.5,74.0,17.952450266860748,37,0.0
311,37,163,18.5,0.74,3.26,18.5,81.5,74.0,17.952450266860748,37,0.0
312,37,163,18.5,0.74,3.26,18.5,81.5,74.0,17.952450266860748,37,0.0
313,37,163,18.5,0.74,3.26,18.5,81.5,74.0,17.952450266860748,37,0.0
314,37,163,18.5,0.74,3.26,18.5,81.5,74.0,17.952450266860748,37,0.0
315,37,163,18.5,0.74,3.26,18.5,81.5,74.0,17.952450266860748,37,0.0
316,37,163,18.5,0.74,3.26,18.5,81.5,74.0,17.952450266860748,37,0.0
317,37,163,18.5,0.74,3.26,18.5,81.5,74.0,17.952450266860748,37,0.0
318,37,163,18.5,0.74,3.26,18.5,81.5,74.0,17.952450266860748,37,0.0
319,37,163,18.5,0.74,3.26,18.5,81.5,74.0,17.952450266860748,37,0.0
320,37,163,18.5,0.74,3.26,18.5,81.5,74.0,17.952450266860748,37,0.0
321,37,163,18.5,0.74,3.26,18.5,81.5,74.0,17.952450266860748,37,0.0
322,37,163,18.5,0.74,3.26,18.5,81.5,74.0,17.952450266860748,37,0.0
323,37,163,18.5,0.74,3.26,18.5,81.5,74.0,17.952450266860748,37,0.0
324,37,163,18.5,0.74,3.26,18.5,81.5,74.0,17.952450266860748,37,0.0
325,37,163,18.5,0.74,3.26,18.5,81.5,74.0,17.952450266860748,37,0.0
326,37,163,18.5,0.74,3.26,18.5,81.5,74.0,17.952450266860748,37,0.0
327,37,163,18.5,0.74,3.26,18.5,81.5,74.0,17.952450266860748,37,0.0
328,37,163,18.5,0.74,3.26,18.5,81.5,74.0,17.952450266860748,37,0.0
329,37,163,18.5,0.74,3.26,18.5,81.5,74.0,17.952450266860748,37,0.0
330,37,163,18.5,0.74,3.26,18.5,81.5,74.0,17.952450266860748,37,0.0
331,37,163,18.5,0.74,3.26,18.5,81.5,74.0,17.952450266860748,37,0.0
332,37,163,18.5,0.74,3.26,18.5,81.5,74.0,17.952450266860748,37,0.0
333,37,163,18.5,0.74,3.26,18.5,81.5,74.0,17.952450266860748,37,0.0
334,37,163,18.5,0.74,3.26,18.5,81.5,74.0,17.952450266860748,37,0.0
335,37,163,18.5,0.74,3.26,18.5,81.5,74.0,17.952450266860748,37,0.0
336,37,163,18.5,0.74,3.26,18.5,81.5,74.0,17.952450266860748,37,0.0
337,37,163,18.5,0.74,3.26,18.5,81.5,74.0,17.952450266860748,37,0.0
338,37,163,18.5,0.74,3.26,18.5,81.5,74.0,17.952450266860748,37,0.0
339,37,163,18.5,0.74,3.26,18.5,81.5,74.0,17.952450266860748,37,0.0
340,37,163,18.5,0.74,3.26,18.5,81.5,74.0,17.952450266860748,37,0.0
341,37,163,18.5,0.74,3.26,18.5,81.5,74.0,17.952450266860748,37,0.0
342,37,163,18.5,0.74,3.26,18.5,81.5,74.0,17.952450266860748,37,0.0
343,37,163,18.5,0.74,3.26,18.5,81.5,74.0,17.952450266860748,37,0.0
344,37,163,18.5,0.74,3.26,18.5,81.5,74.0,17.952450266860748,37,0.0
345,37,163,18.5,0.74,3.26,18.5,81.5,74.0,17.952450266860748,37,0.0
346,37,163,18.5,0.74,3.26,18.5,81.5,74.0,17.952450266860748,37,0.0
347,37,163,18.5,0.74,3.26,18.5,81.5,74.0,17.952450266860748,37,0.0
348,37,163,18.5,0.74,3.26,18.5,81.5,74.0,17.952450266860748,37,0.0
349,37,163,18.5,0.74,3.26,18.5,81.5,74.0,17.952450266860748,37,0.0
350,37,163,18.5,0.74,3.26,18.5,81.5,74.0,17.952450266860748,37,0.0
351,37,163,18.5,0.74,3.26,18.5,81.5,74.0,17.952450266860748,37,0.0
352,37,163,18.5,0.74,3.26,18.5,81.5,74.0,17.952450266860748,37,0.0
353,37,163,18.5,0.74,3.26,18.5,81.5,74.0,17.952450266860748,37,0.0
354,37,163,18.5,0.74,3.26,18.5,81.5,74.0,17.952450266860748,37,0.0
355,37,163,18.5,0.74,3.26,18.5,81.5,74.0,17.952450266860748,37,0.0
356,37,163,18.5,0.74,3.26,18.5,81.5,74.0,17.952450266860748,37,0.0
357,38,162,19.0,0.76,3.24,19.0,81.0,76.0,18.43765162542455,38,2.0
358,39,161,19.5,0.78,3.2199999999999998,19.5,80.49999999999999,78.0,18.922852983988356,39,2.0
359,39,161,19.5,0.78,3.2199999999999998,19.5,80.49999999999999,78.0,18.922852983988356,39,0.0
360,39,161,19.5,0.78,3.2199999999999998,19.5,80.49999999999999,78.0,18.922852983988356,39,0.0
361,39,161,19.5,0.78,3.2199999999999998,19.5,80.49999999999999,78.0,18.922852983988356,39,0.0
362,39,161,19.5,0.78,3.2199999999999998,19.5,80.49999999999999,78.0,18.922852983988356,39,0.0
363,39,161,19.5,0.78,3.2199999999999998,19.5,80.49999999999999,78.0,18.922852983988356,39,0.0
364,39,161,19.5,0.78,3.2199999999999998,19.5,80.49999999999999,78.0,18.922852983988356,39,0.0
365,39,161,19.5,0.78,3.2199999999999998,19.5,80.49999999999999,78.0,18.922852983988356,39,0.0
366,39,161,19.5,0.78,3.2199999999999998,19.5,80.49999999999999,78.0,18.922852983988356,39,0.0
367,40,160,20.0,0.8,3.2,20.0,80.0,80.0,19.40805434255216,40,2.0
368,40,160,20.0,0.8,3.2,20.0,80.0,80.0,19.40805434255216,40,0.0
369,40,160,20.0,0.8,3.2,20.0,80.0,80.0,19.40805434255216,40,0.0
370,40,160,20.0,0.8,3.2,20.0,80.0,80.0,19.40805434255216,40,0.0
371,40,160,20.0,0.8,3.2,20.0,80.0,80.0,19.40805434255216,40,0.0
372,40,160,20.0,0.8,3.2,20.0,80.0,80.0,19.40805434255216,40,0.0
373,40,160,20.0,0.8,3.2,20.0,80.0,80.0,19.40805434255216,40,0.0
374,40,160,20.0,0.8,3.2,20.0,80.0,80.0,19.40805434255216,40,0.0
375,40,160,20.0,0.8,3.2,20.0,80.0,80.0,19.40805434255216,40,0.0
376,40,160,20.0,0.8,3.2,20.0,80.0,80.0,19.40805434255216,40,0.0
377,40,160,20.0,0.8,3.2,20.0,80.0,80.0,19.40805434255216,40,0.0
378,41,159,20.5,0.8200000000000001,3.1799999999999997,20.5,79.49999999999999,82.0,19.893255701115965,41,2.0
379,41,159,20.5,0.8200000000000001,3.1799999999999997,20.5,79.49999999999999,82.0,19.893255701115965,41,0.0
380,41,159,20.5,0.8200000000000001,3.1799999999999997,20.5,79.49999999999999,82.0,19.893255701115965,41,0.0
381,41,159,20.5,0.8200000000000001,3.1799999999999997,20.5,79.49999999999999,82.0,19.893255701115965,41,0.0
382,41,159,20.5,0.8200000000000001,3.1799999999999997,20.5,79.49999999999999,82.0,19.893255701115965,41,0.0
383,41,159,20.5,0.8200000000000001,3.1799999999999997,20.5,79.49999999999999,82.0,19.893255701115965,41,0.0
384,42,158,21.0,0.84,3.16,21.0,79.0,84.0,20.378457059679768,42,2.0
385,42,158,21.0,0.84,3.16,21.0,79.0,84.0,20.378457059679768,42,0.0
386,42,158,21.0,0.84,3.16,21.0,79.0,84.0,20.378457059679768,42,0.0
387,43,157,21.5,0.86,3.14,21.5,78.5,86.0,20.86365841824357,43,2.0
388,43,157,21.5,0.86,3.14,21.5,78.5,86.0,20.86365841824357,43,0.0
389,43,157,21.5,0.86,3.14,21.5,78.5,86.0,20.86365841824357,43,0.0
390,43,157,21.5,0.86,3.14,21.5,78.5,86.0,20.86365841824357,43,0.0
391,43,157,21.5,0.86,3.14,21.5,78.5,86.0,20.86365841824357,43,0.0
392,43,157,21.5,0.86,3.14,21.5,78.5,86.0,20.86365841824357,43,0.0
393,43,157,21.5,0.86,3.14,21.5,78.5,86.0,20.86365841824357,43,0.0
394,43,157,21.5,0.86,3.14,21.5,78.5,86.0,20.86365841824357,43,0.0
395,43,157,21.5,0.86,3.14,21.5,78.5,86.0,20.86365841824357,43,0.0
396,43,157,21.5,0.86,3.14,21.5,78.5,86.0,20.86365841824357,43,0.0
397,44,156,22.0,0.88,3.12,22.0,78.0,88.0,21.348859776807373,44,2.0
398,44,156,22.0,0.88,3.12,22.0,78.0,88.0,21.348859776807373,44,0.0
399,44,156,22.0,0.88,3.12,22.0,78.0,88.0,21.348859776807373,44,0.0
400,44,156,22.0,0.88,3.12,22.0,78.0,88.0,21.348859776807373,44,0.0
401,44,156,22.0,0.88,3.12,22.0,78.0,88.0,21.348859776807373,44,0.0
402,44,156,22.0,0.88,3.12,22.0,78.0,88.0,21.348859776807373,44,0.0
403,44,156,22.0,0.88,3.12,22.0,78.0,88.0,21.348859776807373,44,0.0
404,44,156,22.0,0.88,3.12,22.0,78.0,88.0,21.348859776807373,44,0.0
405,44,156,22.0,0.88,3.12,22.0,78.0,88.0,21.348859776807373,44,0.0
406,44,156,22.0,0.88,3.12,22.0,78.0,88.0,21.348859776807373,44,0.0
407,45,155,22.5,0.9,3.1,22.5,77.5,90.0,21.83406113537118,45,2.0
408,45,155,22.5,0.9,3.1,22.5,77.5,90.0,21.83406113537118,45,0.0
409,45,155,22.5,0.9,3.1,22.5,77.5,90.0,21.83406113537118,45,0.0
410,45,155,22.5,0.9,3.1,22.5,77.5,90.0,21.83406113537118,45,0.0
411,45,155,22.5,0.9,3.1,22.5,77.5,90.0,21.83406113537118,45,0.0
412,45,155,22.5,0.9,3.1,22.5,77.5,90.0,21.83406113537118,45,0.0
413,45,155,22.5,0.9,3.1,22.5,77.5,90.0,21.83406113537118,45,0.0
414,45,155,22.5,0.9,3.1,22.5,77.5,90.0,21.83406113537118,45,0.0
415,45,155,22.5,0.9,3.1,22.5,77.5,90.0,21.83406113537118,45,0.0
416,45,155,22.5,0.9,3.1,22.5,77.5,90.0,21.83406113537118,45,0.0
417,45,155,22.5,0.9,3.1,22.5,77.5,90.0,21.83406113537118,45,0.0
418,45,155,22.5,0.9,3.1,22.5,77.5,90.0,21.83406113537118,45,0.0
419,45,155,22.5,0.9,3.1,22.5,77.5,90.0,21.83406113537118,45,0.0
420,45,155,22.5,0.9,3.1,22.5,77.5,90.0,21.83406113537118,45,0.0
421,45,155,22.5,0.9,3.1,22.5,77.5,90.0,21.83406113537118,45,0.0
422,45,155,22.5,0.9,3.1,22.5,77.5,90.0,21.83406113537118,45,0.0
423,45,155,22.5,0.9,3.1,22.5,77.5,90.0,21.83406113537118,45,0.0
424,45,155,22.5,0.9,3.1,22.5,77.5,90.0,21.83406113537118,45,0.0
425,45,155,22.5,0.9,3.1,22.5,77.5,90.0,21.83406113537118,45,0.0
426,45,155,22.5,0.9,3.1,22.5,77.5,90.0,21.83406113537118,45,0.0
427,45,155,22.5,0.9,3.1,22.5,77.5,90.0,21.83406113537118,45,0.0
428,45,155,22.5,0.9,3.1,22.5,77.5,90.0,21.83406113537118,45,0.0
429,45,155,22.5,0.9,3.1,22.5,77.5,90.0,21.83406113537118,45,0.0
430,45,155,22.5,0.9,3.1,22.5,77.5,90.0,21.83406113537118,45,0.0
431,45,155,22.5,0.9,3.1,22.5,77.5,90.0,21.83406113537118,46,0.0
432,45,155,22.5,0.9,3.1,22.5,77.5,90.0,21.83406113537118,46,0.0
433,45,155,22.5,0.9,3.1,22.5,77.5,90.0,21.83406113537118,46,0.0
434,45,155,22.5,0.9,3.1,22.5,77.5,90.0,21.83406113537118,46,0.0
435,45,155,22.5,0.9,3.1,22.5,77.5,90.0,21.83406113537118,46,0.0
436,45,155,22.5,0.9,3.1,22.5,77.5,90.0,21.83406113537118,46,0.0
437,45,155,22.5,0.9,3.1,22.5,77.5,90.0,21.83406113537118,46,0.0
438,45,155,22.5,0.9,3.1,22.5,77.5,90.0,21.83406113537118,46,0.0
439,45,155,22.5,0.9,3.1,22.5,77.5,90.0,21.83406113537118,46,0.0
440,45,155,22.5,0.9,3.1,22.5,77.5,90.0,21.83406113537118,46,0.0
441,45,155,22.5,0.9,3.1,22.5,77.5,90.0,21.83406113537118,46,0.0
442,45,155,22.5,0.9,3.1,22.5,77.5,90.0,21.83406113537118,46,0.0
443,45,155,22.5,0.9,3.1,22.5,77.5,90.0,21.83406113537118,46,0.0
444,45,155,22.5,0.9,3.1,22.5,77.5,90.0,21.83406113537118,46,0.0
445,45,155,22.5,0.9,3.1,22.5,77.5,90.0,21.83406113537118,46,0.0
446,45,155,22.5,0.9,3.1,22.5,77.5,90.0,21.83406113537118,46,0.0
447,45,155,22.5,0.9,3.1,22.5,77.5,90.0,21.83406113537118,46,0.0
448,45,155,22.5,0.9,3.1,22.5,77.5,90.0,21.83406113537118,46,0.0
449,45,155,22.5,0.9,3.1,22.5,77.5,90.0,21.83406113537118,46,0.0
450,45,155,22.5,0.9,3.1,22.5,77.5,90.0,21.83406113537118,46,0.0
451,45,155,22.5,0.9,3.1,22.5,77.5,90.0,21.83406113537118,46,0.0
452,45,155,22.5,0.9,3.1,22.5,77.5,90.0,21.83406113537118,46,0.0
453,45,155,22.5,0.9,3.1,22.5,77.5,90.0,21.83406113537118,46,0.0
454,46,154,23.0,0.92,3.08,23.0,77.0,92.0,22.319262493934982,47,2.0
455,47,153,23.5,0.9400000000000001,3.06,23.5,76.5,94.0,22.804463852498788,48,2.0
456,47,153,23.5,0.9400000000000001,3.06,23.5,76.5,94.0,22.804463852498788,48,0.0
457,47,153,23.5,0.9400000000000001,3.06,23.5,76.5,94.0,22.804463852498788,48,0.0
458,48,152,24.0,0.96,3.04,24.0,76.0,96.0,23.28966521106259,49,2.0
459,48,152,24.0,0.96,3.04,24.0,76.0,96.0,23.28966521106259,49,0.0
460,48,152,24.0,0.96,3.04,24.0,76.0,96.0,23.28966521106259,49,0.0
461,48,152,24.0,0.96,3.04,24.0,76.0,96.0,23.28966521106259,49,0.0
462,48,152,24.0,0.96,3.04,24.0,76.0,96.0,23.28966521106259,49,0.0
463,48,152,24.0,0.96,3.04,24.0,76.0,96.0,23.28966521106259,49,0.0
464,48,152,24.0,0.96,3.04,24.0,76.0,96.0,23.28966521106259,49,0.0
465,48,152,24.0,0.96,3.04,24.0,76.0,96.0,23.28966521106259,49,0.0
466,48,152,24.0,0.96,3.04,24.0,76.0,96.0,23.28966521106259,49,0.0
467,48,152,24.0,0.96,3.04,24.0,76.0,96.0,23.28966521106259,49,0.0
468,48,152,24.0,0.96,3.04,24.0,76.0,96.0,23.28966521106259,49,0.0
469,48,152,24.0,0.96,3.04,24.0,76.0,96.0,23.28966521106259,49,0.0
470,48,152,24.0,0.96,3.04,24.0,76.0,96.0,23.28966521106259,49,0.0
471,48,152,24.0,0.96,3.04,24.0,76.0,96.0,23.28966521106259,49,0.0
472,48,152,24.0,0.96,3.04,24.0,76.0,96.0,23.28966521106259,49,0.0
473,48,152,24.0,0.96,3.04,24.0,76.0,96.0,23.28966521106259,49,0.0
474,48,152,24.0,0.96,3.04,24.0,76.0,96.0,23.28966521106259,49,0.0
475,48,152,24.0,0.96,3.04,24.0,76.0,96.0,23.28966521106259,49,0.0
476,49,151,24.5,0.98,3.02,24.5,75.5,98.0,23.774866569626397,50,2.0
477,49,151,24.5,0.98,3.02,24.5,75.5,98.0,23.774866569626397,50,0.0
478,49,151,24.5,0.98,3.02,24.5,75.5,98.0,23.774866569626397,50,0.0
479,50,150,25.0,1.0,3.0,25.0,75.0,100.0,24.2600679281902,51,2.0
480,50,150,25.0,1.0,3.0,25.0,75.0,100.0,24.2600679281902,51,0.0
481,50,150,25.0,1.0,3.0,25.0,75.0,100.0,24.2600679281902,51,0.0
482,50,150,25.0,1.0,3.0,25.0,75.0,100.0,24.2600679281902,51,0.0
483,50,150,25.0,1.0,3.0,25.0,75.0,100.0,24.2600679281902,51,0.0
484,50,150,25.0,1.0,3.0,25.0,75.0,100.0,24.2600679281902,51,0.0
485,50,150,25.0,1.0,3.0,25.0,75.0,100.0,24.2600679281902,51,0.0
486,50,150,25.0,1.0,3.0,25.0,75.0,100.0,24.2600679281902,51,0.0
487,50,150,25.0,1.0,3.0,25.0,75.0,100.0,24.2600679281902,51,0.0
488,50,150,25.0,1.0,3.0,25.0,75.0,100.0,24.2600679281902,51,0.0
489,50,150,25.0,1.0,3.0,25.0,75.0,100.0,24.2600679281902,51,0.0
490,50,150,25.0,1.0,3.0,25.0,75.0,100.0,24.2600679281902,51,0.0
491,50,150,25.0,1.0,3.0,25.0,75.0,100.0,24.2600679281902,51,0.0
492,50,150,25.0,1.0,3.0,25.0,75.0,100.0,24.2600679281902,51,0.0
493,50,150,25.0,1.0,3.0,25.0,75.0,100.0,24.2600679281902,51,0.0
494,51,149,25.5,1.02,2.98,25.5,74.5,102.0,24.745269286754006,52,2.0
495,51,149,25.5,1.02,2.98,25.5,74.5,102.0,24.745269286754006,52,0.0
496,51,149,25.5,1.02,2.98,25.5,74.5,102.0,24.745269286754006,52,0.0
497,51,149,25.5,1.02,2.98,25.5,74.5,102.0,24.745269286754006,52,0.0
498,51,149,25.5,1.02,2.98,25.5,74.5,102.0,24.745269286754006,52,0.0
499,51,149,25.5,1.02,2.98,25.5,74.5,102.0,24.745269286754006,52,0.0
500,51,149,25.5,1.02,2.98,25.5,74.5,102.0,24.745269286754006,52,0.0
501,51,149,25.5,1.02,2.98,25.5,74.5,102.0,24.745269286754006,52,0.0
502,51,149,25.5,1.02,2.98,25.5,74.5,102.0,24.745269286754006,52,0.0
503,51,149,25.5,1.02,2.98,25.5,74.5,102.0,24.745269286754006,52,0.0
504,51,149,25.5,1.02,2.98,25.5,74.5,102.0,24.745269286754006,52,0.0
505,51,149,25.5,1.02,2.98,25.5,74.5,102.0,24.745269286754006,52,0.0
506,51,149,25.5,1.02,2.98,25.5,74.5,102.0,24.745269286754006,52,0.0
507,51,149,25.5,1.02,2.98,25.5,74.5,102.0,24.745269286754006,52,0.0
508,51,149,25.5,1.02,2.98,25.5,74.5,102.0,24.745269286754006,52,0.0
509,51,149,25.5,1.02,2.98,25.5,74.5,102.0,24.745269286754006,52,0.0
510,51,149,25.5,1.02,2.98,25.5,74.5,102.0,24.745269286754006,52,0.0
511,51,149,25.5,1.02,2.98,25.5,74.5,102.0,24.745269286754006,52,0.0
512,51,149,25.5,1.02,2.98,25.5,74.5,102.0,24.745269286754006,52,0.0
513,51,149,25.5,1.02,2.98,25.5,74.5,102.0,24.745269286754006,52,0.0
514,51,149,25.5,1.02,2.98,25.5,74.5,102.0,24.745269286754006,52,0.0
515,51,149,25.5,1.02,2.98,25.5,74.5,102.0,24.745269286754006,52,0.0
516,51,149,25.5,1.02,2.98,25.5,74.5,102.0,24.745269286754006,52,0.0
517,51,149,25.5,1.02,2.98,25.5,74.5,102.0,24.745269286754006,52,0.0
518,51,149,25.5,1.02,2.98,25.5,74.5,102.0,24.745269286754006,52,0.0
519,51,149,25.5,1.02,2.98,25.5,74.5,102.0,24.745269286754006,52,0.0
520,51,149,25.5,1.02,2.98,25.5,74.5,102.0,24.745269286754006,52,0.0
521,51,149,25.5,1.02,2.98,25.5,74.5,102.0,24.745269286754006,52,0.0
522,51,149,25.5,1.02,2.98,25.5,74.5,102.0,24.745269286754006,52,0.0
523,51,149,25.5,1.02,2.98,25.5,74.5,102.0,24.745269286754006,52,0.0
524,51,149,25.5,1.02,2.98,25.5,74.5,102.0,24.745269286754006,52,0.0
525,51,149,25.5,1.02,2.98,25.5,74.5,102.0,24.745269286754006,52,0.0
526,51,149,25.5,1.02,2.98,25.5,74.5,102.0,24.745269286754006,52,0.0
527,51,149,25.5,1.02,2.98,25.5,74.5,102.0,24.745269286754006,52,0.0
528,51,149,25.5,1.02,2.98,25.5,74.5,102.0,24.745269286754006,52,0.0
529,51,149,25.5,1.02,2.98,25.5,74.5,102.0,24.745269286754006,52,0.0
530,51,149,25.5,1.02,2.98,25.5,74.5,102.0,24.745269286754006,52,0.0
531,52,148,26.0,1.04,2.96,26.0,74.0,104.0,25.23047064531781,53,2.0
532,52,148,26.0,1.04,2.96,26.0,74.0,104.0,25.23047064531781,53,0.0
533,52,148,26.0,1.04,2.96,26.0,74.0,104.0,25.23047064531781,53,0.0
534,52,148,26.0,1.04,2.96,26.0,74.0,104.0,25.23047064531781,53,0.0
535,52,148,26.0,1.04,2.96,26.0,74.0,104.0,25.23047064531781,53,0.0
536,52,148,26.0,1.04,2.96,26.0,74.0,104.0,25.23047064531781,53,0.0
537,52,148,26.0,1.04,2.96,26.0,74.0,104.0,25.23047064531781,53,0.0
538,53,147,26.5,1.06,2.94,26.5,73.5,106.0,25.71567200388161,54,2.0
539,53,147,26.5,1.06,2.94,26.5,73.5,106.0,25.71567200388161,54,0.0
540,53,147,26.5,1.06,2.94,26.5,73.5,106.0,25.71567200388161,54,0.0
541,53,147,26.5,1.06,2.94,26.5,73.5,106.0,25.71567200388161,54,0.0
542,53,147,26.5,1.06,2.94,26.5,73.5,106.0,25.71567200388161,54,0.0
543,53,147,26.5,1.06,2.94,26.5,73.5,106.0,25.71567200388161,54,0.0
544,53,147,26.5,1.06,2.94,26.5,73.5,106.0,25.71567200388161,54,0.0
545,53,147,26.5,1.06,2.94,26.5,73.5,106.0,25.71567200388161,54,0.0
546,53,147,26.5,1.06,2.94,26.5,73.5,106.0,25.71567200388161,54,0.0
547,53,147,26.5,1.06,2.94,26.5,73.5,106.0,25.71567200388161,54,0.0
548,54,146,27.0,1.08,2.92,27.0,73.0,108.0,26.200873362445414,55,2.0
549,54,146,27.0,1.08,2.92,27.0,73.0,108.0,26.200873362445414,55,0.0
550,54,146,27.0,1.08,2.92,27.0,73.0,108.0,26.200873362445414,55,0.0
551,54,146,27.0,1.08,2.92,27.0,73.0,108.0,26.200873362445414,55,0.0
552,54,146,27.0,1.08,2.92,27.0,73.0,108.0,26.200873362445414,55,0.0
553,54,146,27.0,1.08,2.92,27.0,73.0,108.0,26.200873362445414,55,0.0
554,54,146,27.0,1.08,2.92,27.0,73.0,108.0,26.200873362445414,55,0.0
555,54,146,27.0,1.08,2.92,27.0,73.0,108.0,26.200873362445414,55,0.0
556,54,146,27.0,1.08,2.92,27.0,73.0,108.0,26.200873362445414,55,0.0
557,54,146,27.0,1.08,2.92,27.0,73.0,108.0,26.200873362445414,55,0.0
558,54,146,27.0,1.08,2.92,27.0,73.0,108.0,26.200873362445414,55,0.0
559,54,146,27.0,1.08,2.92,27.0,73.0,108.0,26.200873362445414,55,0.0
560,54,146,27.0,1.08,2.92,27.0,73.0,108.0,26.200873362445414,55,0.0
561,54,146,27.0,1.08,2.92,27.0,73.0,108.0,26.200873362445414,55,0.0
562,54,146,27.0,1.08,2.92,27.0,73.0,108.0,26.200873362445414,55,0.0
563,54,146,27.0,1.08,2.92,27.0,73.0,108.0,26.200873362445414,55,0.0
564,54,146,27.0,1.08,2.92,27.0,73.0,108.0,26.200873362445414,55,0.0
565,54,146,27.0,1.08,2.92,27.0,73.0,108.0,26.200873362445414,55,0.0
566,54,146,27.0,1.08,2.92,27.0,73.0,108.0,26.200873362445414,55,0.0
567,54,146,27.0,1.08,2.92,27.0,73.0,108.0,26.200873362445414,55,0.0
568,54,146,27.0,1.08,2.92,27.0,73.0,108.0,26.200873362445414,55,0.0
569,54,146,27.0,1.08,2.92,27.0,73.0,108.0,26.200873362445414,55,0.0
570,54,146,27.0,1.08,2.92,27.0,73.0,108.0,26.200873362445414,55,0.0
571,54,146,27.0,1.08,2.92,27.0,73.0,108.0,26.200873362445414,55,0.0
572,54,146,27.0,1.08,2.92,27.0,73.0,108.0,26.200873362445414,55,0.0
573,54,146,27.0,1.08,2.92,27.0,73.0,108.0,26.200873362445414,55,0.0
574,54,146,27.0,1.08,2.92,27.0,73.0,108.0,26.200873362445414,55,0.0
575,54,146,27.0,1.08,2.92,27.0,73.0,108.0,26.200873362445414,55,0.0
576,54,146,27.0,1.08,2.92,27.0,73.0,108.0,26.200873362445414,55,0.0
577,54,146,27.0,1.08,2.92,27.0,73.0,108.0,26.200873362445414,55,0.0
578,54,146,27.0,1.08,2.92,27.0,73.0,108.0,26.200873362445414,55,0.0
579,54,146,27.0,1.08,2.92,27.0,73.0,108.0,26.200873362445414,55,0.0
580,54,146,27.0,1.08,2.92,27.0,73.0,108.0,26.200873362445414,55,0.0
581,54,146,27.0,1.08,2.92,27.0,73.0,108.0,26.200873362445414,55,0.0
582,54,146,27.0,1.08,2.92,27.0,73.0,108.0,26.200873362445414,55,0.0
583,54,146,27.0,1.08,2.92,27.0,73.0,108.0,26.200873362445414,55,0.0
584,54,146,27.0,1.08,2.92,27.0,73.0,108.0,26.200873362445414,55,0.0
585,54,146,27.0,1.08,2.92,27.0,73.0,108.0,26.200873362445414,55,0.0
586,54,146,27.0,1.08,2.92,27.0,73.0,108.0,26.200873362445414,56,0.0
587,54,146,27.0,1.08,2.92,27.0,73.0,108.0,26.200873362445414,56,0.0
588,54,146,27.0,1.08,2.92,27.0,73.0,108.0,26.200873362445414,56,0.0
589,54,146,27.0,1.08,2.92,27.0,73.0,108.0,26.200873362445414,57,0.0
590,54,146,27.0,1.08,2.92,27.0,73.0,108.0,26.200873362445414,57,0.0
591,54,146,27.0,1.08,2.92,27.0,73.0,108.0,26.200873362445414,57,0.0
592,54,146,27.0,1.08,2.92,27.0,73.0,108.0,26.200873362445414,57,0.0
593,54,146,27.0,1.08,2.92,27.0,73.0,108.0,26.200873362445414,57,0.0
594,54,146,27.0,1.08,2.92,27.0,73.0,108.0,26.200873362445414,57,0.0
595,55,145,27.500000000000004,1.1,2.9,27.5,72.5,110.0,26.686074721009216,58,2.0
596,55,145,27.500000000000004,1.1,2.9,27.5,72.5,110.0,26.686074721009216,58,0.0
597,55,145,27.500000000000004,1.1,2.9,27.5,72.5,110.0,26.686074721009216,58,0.0
598,55,145,27.500000000000004,1.1,2.9,27.5,72.5,110.0,26.686074721009216,58,0.0
599,55,145,27.500000000000004,1.1,2.9,27.5,72.5,110.0,26.686074721009216,58,0.0
600,55,145,27.500000000000004,1.1,2.9,27.5,72.5,110.0,26.686074721009216,58,0.0
601,55,145,27.500000000000004,1.1,2.9,27.5,72.5,110.0,26.686074721009216,58,0.0
602,55,145,27.500000000000004,1.1,2.9,27.5,72.5,110.0,26.686074721009216,58,0.0
603,55,145,27.500000000000004,1.1,2.9,27.5,72.5,110.0,26.686074721009216,58,0.0
604,55,145,27.500000000000004,1.1,2.9,27.5,72.5,110.0,26.686074721009216,58,0.0
605,55,145,27.500000000000004,1.1,2.9,27.5,72.5,110.0,26.686074721009216,58,0.0
606,55,145,27.500000000000004,1.1,2.9,27.5,72.5,110.0,26.686074721009216,58,0.0
607,55,145,27.500000000000004,1.1,2.9,27.5,72.5,110.0,26.686074721009216,58,0.0
608,55,145,27.500000000000004,1.1,2.9,27.5,72.5,110.0,26.686074721009216,58,0.0
609,55,145,27.500000000000004,1.1,2.9,27.5,72.5,110.0,26.686074721009216,58,0.0
610,55,145,27.500000000000004,1.1,2.9,27.5,72.5,110.0,26.686074721009216,58,0.0
611,55,145,27.500000000000004,1.1,2.9,27.5,72.5,110.0,26.686074721009216,58,0.0
612,55,145,27.500000000000004,1.1,2.9,27.5,72.5,110.0,26.686074721009216,58,0.0
613,55,145,27.500000000000004,1.1,2.9,27.5,72.5,110.0,26.686074721009216,58,0.0
614,55,145,27.500000000000004,1.1,2.9,27.5,72.5,110.0,26.686074721009216,58,0.0
615,55,145,27.500000000000004,1.1,2.9,27.5,72.5,110.0,26.686074721009216,58,0.0
616,55,145,27.500000000000004,1.1,2.9,27.5,72.5,110.0,26.686074721009216,58,0.0
617,55,145,27.500000000000004,1.1,2.9,27.5,72.5,110.0,26.686074721009216,58,0.0
618,55,145,27.500000000000004,1.1,2.9,27.5,72.5,110.0,26.686074721009216,58,0.0
619,55,145,27.500000000000004,1.1,2.9,27.5,72.5,110.0,26.686074721009216,58,0.0
620,55,145,27.500000000000004,1.1,2.9,27.5,72.5,110.0,26.686074721009216,58,0.0
621,55,145,27.500000000000004,1.1,2.9,27.5,72.5,110.0,26.686074721009216,58,0.0
622,55,145,27.500000000000004,1.1,2.9,27.5,72.5,110.0,26.686074721009216,58,0.0
623,55,145,27.500000000000004,1.1,2.9,27.5,72.5,110.0,26.686074721009216,58,0.0
624,55,145,27.500000000000004,1.1,2.9,27.5,72.5,110.0,26.686074721009216,58,0.0
625,55,145,27.500000000000004,1.1,2.9,27.5,72.5,110.0,26.686074721009216,58,0.0
626,55,145,27.500000000000004,1.1,2.9,27.5,72.5,110.0,26.686074721009216,58,0.0
627,55,145,27.500000000000004,1.1,2.9,27.5,72.5,110.0,26.686074721009216,58,0.0
628,55,145,27.500000000000004,1.1,2.9,27.5,72.5,110.0,26.686074721009216,58,0.0
629,55,145,27.500000000000004,1.1,2.9,27.5,72.5,110.0,26.686074721009216,58,0.0
630,55,145,27.500000000000004,1.1,2.9,27.5,72.5,110.0,26.686074721009216,58,0.0
631,55,145,27.500000000000004,1.1,2.9,27.5,72.5,110.0,26.686074721009216,58,0.0
632,55,145,27.500000000000004,1.1,2.9,27.5,72.5,110.0,26.686074721009216,58,0.0
633,55,145,27.500000000000004,1.1,2.9,27.5,72.5,110.0,26.686074721009216,58,0.0
634,55,145,27.500000000000004,1.1,2.9,27.5,72.5,110.0,26.686074721009216,58,0.0
635,55,145,27.500000000000004,1.1,2.9,27.5,72.5,110.0,26.686074721009216,58,0.0
636,56,144,28.000000000000004,1.12,2.88,28.000000000000004,72.0,112.00000000000001,27.171276079573026,59,2.000000000000014
637,56,144,28.000000000000004,1.12,2.88,28.000000000000004,72.0,112.00000000000001,27.171276079573026,59,0.0
638,56,144,28.000000000000004,1.12,2.88,28.000000000000004,72.0,112.00000000000001,27.171276079573026,59,0.0
639,56,144,28.000000000000004,1.12,2.88,28.000000000000004,72.0,112.00000000000001,27.171276079573026,59,0.0
640,57,143,28.499999999999996,1.1400000000000001,2.86,28.500000000000004,71.5,114.00000000000001,27.65647743813683,60,2.0
641,57,143,28.499999999999996,1.1400000000000001,2.86,28.500000000000004,71.5,114.00000000000001,27.65647743813683,60,0.0
642,57,143,28.499999999999996,1.1400000000000001,2.86,28.500000000000004,71.5,114.00000000000001,27.65647743813683,60,0.0
643,57,143,28.499999999999996,1.1400000000000001,2.86,28.500000000000004,71.5,114.00000000000001,27.65647743813683,60,0.0
644,57,143,28.499999999999996,1.1400000000000001,2.86,28.500000000000004,71.5,114.00000000000001,27.65647743813683,60,0.0
645,57,143,28.499999999999996,1.1400000000000001,2.86,28.500000000000004,71.5,114.00000000000001,27.65647743813683,60,0.0
646,57,143,28.499999999999996,1.1400000000000001,2.86,28.500000000000004,71.5,114.00000000000001,27.65647743813683,60,0.0
647,57,143,28.499999999999996,1.1400000000000001,2.86,28.500000000000004,71.5,114.00000000000001,27.65647743813683,60,0.0
648,57,143,28.499999999999996,1.1400000000000001,2.86,28.500000000000004,71.5,114.00000000000001,27.65647743813683,60,0.0
649,57,143,28.499999999999996,1.1400000000000001,2.86,28.500000000000004,71.5,114.00000000000001,27.65647743813683,60,0.0
650,57,143,28.499999999999996,1.1400000000000001,2.86,28.500000000000004,71.5,114.00000000000001,27.65647743813683,60,0.0
651,57,143,28.499999999999996,1.1400000000000001,2.86,28.500000000000004,71.5,114.00000000000001,27.65647743813683,60,0.0
652,57,143,28.499999999999996,1.1400000000000001,2.86,28.500000000000004,71.5,114.00000000000001,27.65647743813683,60,0.0
653,57,143,28.499999999999996,1.1400000000000001,2.86,28.500000000000004,71.5,114.00000000000001,27.65647743813683,60,0.0
654,57,143,28.499999999999996,1.1400000000000001,2.86,28.500000000000004,71.5,114.00000000000001,27.65647743813683,60,0.0
655,57,143,28.499999999999996,1.1400000000000001,2.86,28.500000000000004,71.5,114.00000000000001,27.65647743813683,60,0.0
656,57,143,28.499999999999996,1.1400000000000001,2.86,28.500000000000004,71.5,114.00000000000001,27.65647743813683,60,0.0
657,57,143,28.499999999999996,1.1400000000000001,2.86,28.500000000000004,71.5,114.00000000000001,27.65647743813683,60,0.0
658,57,143,28.499999999999996,1.1400000000000001,2.86,28.500000000000004,71.5,114.00000000000001,27.65647743813683,60,0.0
659,57,143,28.499999999999996,1.1400000000000001,2.86,28.500000000000004,71.5,114.00000000000001,27.65647743813683,60,0.0
660,57,143,28.499999999999996,1.1400000000000001,2.86,28.500000000000004,71.5,114.00000000000001,27.65647743813683,60,0.0
661,57,143,28.499999999999996,1.1400000000000001,2.86,28.500000000000004,71.5,114.00000000000001,27.65647743813683,60,0.0
662,57,143,28.499999999999996,1.1400000000000001,2.86,28.500000000000004,71.5,114.00000000000001,27.65647743813683,60,0.0
663,57,143,28.499999999999996,1.1400000000000001,2.86,28.500000000000004,71.5,114.00000000000001,27.65647743813683,60,0.0
664,57,143,28.499999999999996,1.1400000000000001,2.86,28.500000000000004,71.5,114.00000000000001,27.65647743813683,60,0.0
665,57,143,28.499999999999996,1.1400000000000001,2.86,28.500000000000004,71.5,114.00000000000001,27.65647743813683,60,0.0
666,57,143,28.499999999999996,1.1400000000000001,2.86,28.500000000000004,71.5,114.00000000000001,27.65647743813683,60,0.0
667,57,143,28.499999999999996,1.1400000000000001,2.86,28.500000000000004,71.5,114.00000000000001,27.65647743813683,60,0.0
668,57,143,28.499999999999996,1.1400000000000001,2.86,28.500000000000004,71.5,114.00000000000001,27.65647743813683,60,0.0
669,57,143,28.499999999999996,1.1400000000000001,2.86,28.500000000000004,71.5,114.00000000000001,27.65647743813683,60,0.0
670,58,142,28.999999999999996,1.16,2.84,28.999999999999996,71.0,115.99999999999999,28.141678796700624,61,1.9999999999999716
671,58,142,28.999999999999996,1.16,2.84,28.999999999999996,71.0,115.99999999999999,28.141678796700624,61,0.0
672,59,141,29.5,1.18,2.8200000000000003,29.499999999999996,70.5,117.99999999999999,28.626880155264434,62,2.0
673,60,140,30.0,1.2,2.8,30.0,70.0,120.0,29.11208151382824,63,2.000000000000014
674,60,140,30.0,1.2,2.8,30.0,70.0,120.0,29.11208151382824,63,0.0
675,60,140,30.0,1.2,2.8,30.0,70.0,120.0,29.11208151382824,63,0.0
676,60,140,30.0,1.2,2.8,30.0,70.0,120.0,29.11208151382824,63,0.0
677,60,140,30.0,1.2,2.8,30.0,70.0,120.0,29.11208151382824,63,0.0
678,60,140,30.0,1.2,2.8,30.0,70.0,120.0,29.11208151382824,63,0.0
679,60,140,30.0,1.2,2.8,30.0,70.0,120.0,29.11208151382824,63,0.0
680,60,140,30.0,1.2,2.8,30.0,70.0,120.0,29.11208151382824,63,0.0
681,60,140,30.0,1.2,2.8,30.0,70.0,120.0,29.11208151382824,63,0.0
682,60,140,30.0,1.2,2.8,30.0,70.0,120.0,29.11208151382824,63,0.0
683,60,140,30.0,1.2,2.8,30.0,70.0,120.0,29.11208151382824,63,0.0
684,60,140,30.0,1.2,2.8,30.0,70.0,120.0,29.11208151382824,63,0.0
685,60,140,30.0,1.2,2.8,30.0,70.0,120.0,29.11208151382824,63,0.0
686,60,140,30.0,1.2,2.8,30.0,70.0,120.0,29.11208151382824,63,0.0
687,60,140,30.0,1.2,2.8,30.0,70.0,120.0,29.11208151382824,63,0.0
688,60,140,30.0,1.2,2.8,30.0,70.0,120.0,29.11208151382824,63,0.0
689,60,140,30.0,1.2,2.8,30.0,70.0,120.0,29.11208151382824,63,0.0
690,60,140,30.0,1.2,2.8,30.0,70.0,120.0,29.11208151382824,63,0.0
691,60,140,30.0,1.2,2.8,30.0,70.0,120.0,29.11208151382824,63,0.0
692,60,140,30.0,1.2,2.8,30.0,70.0,120.0,29.11208151382824,63,0.0
693,60,140,30.0,1.2,2.8,30.0,70.0,120.0,29.11208151382824,63,0.0
694,60,140,30.0,1.2,2.8,30.0,70.0,120.0,29.11208151382824,63,0.0
695,60,140,30.0,1.2,2.8,30.0,70.0,120.0,29.11208151382824,63,0.0
696,61,139,30.5,1.22,2.7800000000000002,30.5,69.5,122.0,29.597282872392043,64,2.0
697,61,139,30.5,1.22,2.7800000000000002,30.5,69.5,122.0,29.597282872392043,64,0.0
698,61,139,30.5,1.22,2.7800000000000002,30.5,69.5,122.0,29.597282872392043,64,0.0
699,61,139,30.5,1.22,2.7800000000000002,30.5,69.5,122.0,29.597282872392043,64,0.0
700,62,138,31.0,1.24,2.76,31.0,69.0,124.0,30.082484230955846,65,2.0
701,62,138,31.0,1.24,2.76,31.0,69.0,124.0,30.082484230955846,65,0.0
702,62,138,31.0,1.24,2.76,31.0,69.0,124.0,30.082484230955846,65,0.0
703,62,138,31.0,1.24,2.76,31.0,69.0,124.0,30.082484230955846,65,0.0
704,62,138,31.0,1.24,2.76,31.0,69.0,124.0,30.082484230955846,65,0.0
705,62,138,31.0,1.24,2.76,31.0,69.0,124.0,30.082484230955846,65,0.0
706,62,138,31.0,1.24,2.76,31.0,69.0,124.0,30.082484230955846,65,0.0
707,62,138,31.0,1.24,2.76,31.0,69.0,124.0,30.082484230955846,65,0.0
708,62,138,31.0,1.24,2.76,31.0,69.0,124.0,30.082484230955846,65,0.0
709,62,138,31.0,1.24,2.76,31.0,69.0,124.0,30.082484230955846,65,0.0
710,62,138,31.0,1.24,2.76,31.0,69.0,124.0,30.082484230955846,65,0.0
711,62,138,31.0,1.24,2.76,31.0,69.0,124.0,30.082484230955846,65,0.0
712,63,137,31.5,1.26,2.74,31.5,68.5,126.0,30.567685589519648,66,2.0
713,63,137,31.5,1.26,2.74,31.5,68.5,126.0,30.567685589519648,66,0.0
714,63,137,31.5,1.26,2.74,31.5,68.5,126.0,30.567685589519648,66,0.0
715,63,137,31.5,1.26,2.74,31.5,68.5,126.0,30.567685589519648,66,0.0
716,63,137,31.5,1.26,2.74,31.5,68.5,126.0,30.567685589519648,66,0.0
717,63,137,31.5,1.26,2.74,31.5,68.5,126.0,30.567685589519648,66,0.0
718,63,137,31.5,1.26,2.74,31.5,68.5,126.0,30.567685589519648,66,0.0
719,63,137,31.5,1.26,2.74,31.5,68.5,126.0,30.567685589519648,66,0.0
720,63,137,31.5,1.26,2.74,31.5,68.5,126.0,30.567685589519648,66,0.0
721,63,137,31.5,1.26,2.74,31.5,68.5,126.0,30.567685589519648,66,0.0
722,63,137,31.5,1.26,2.74,31.5,68.5,126.0,30.567685589519648,66,0.0
723,63,137,31.5,1.26,2.74,31.5,68.5,126.0,30.567685589519648,66,0.0
724,63,137,31.5,1.26,2.74,31.5,68.5,126.0,30.567685589519648,66,0.0
725,63,137,31.5,1.26,2.74,31.5,68.5,126.0,30.567685589519648,66,0.0
726,63,137,31.5,1.26,2.74,31.5,68.5,126.0,30.567685589519648,66,0.0
727,63,137,31.5,1.26,2.74,31.5,68.5,126.0,30.567685589519648,66,0.0
728,63,137,31.5,1.26,2.74,31.5,68.5,126.0,30.567685589519648,66,0.0
729,63,137,31.5,1.26,2.74,31.5,68.5,126.0,30.567685589519648,66,0.0
730,63,137,31.5,1.26,2.74,31.5,68.5,126.0,30.567685589519648,66,0.0
731,63,137,31.5,1.26,2.74,31.5,68.5,126.0,30.567685589519648,66,0.0
732,63,137,31.5,1.26,2.74,31.5,68.5,126.0,30.567685589519648,66,0.0
733,63,137,31.5,1.26,2.74,31.5,68.5,126.0,30.567685589519648,66,0.0
734,63,137,31.5,1.26,2.74,31.5,68.5,126.0,30.567685589519648,66,0.0
735,63,137,31.5,1.26,2.74,31.5,68.5,126.0,30.567685589519648,67,0.0
736,63,137,31.5,1.26,2.74,31.5,68.5,126.0,30.567685589519648,67,0.0
737,63,137,31.5,1.26,2.74,31.5,68.5,126.0,30.567685589519648,67,0.0
738,63,137,31.5,1.26,2.74,31.5,68.5,126.0,30.567685589519648,67,0.0
739,63,137,31.5,1.26,2.74,31.5,68.5,126.0,30.567685589519648,67,0.0
740,63,137,31.5,1.26,2.74,31.5,68.5,126.0,30.567685589519648,67,0.0
741,63,137,31.5,1.26,2.74,31.5,68.5,126.0,30.567685589519648,67,0.0
742,63,137,31.5,1.26,2.74,31.5,68.5,126.0,30.567685589519648,67,0.0
743,63,137,31.5,1.26,2.74,31.5,68.5,126.0,30.567685589519648,67,0.0
744,63,137,31.5,1.26,2.74,31.5,68.5,126.0,30.567685589519648,67,0.0
745,63,137,31.5,1.26,2.74,31.5,68.5,126.0,30.567685589519648,67,0.0
746,63,137,31.5,1.26,2.74,31.5,68.5,126.0,30.567685589519648,67,0.0
747,63,137,31.5,1.26,2.74,31.5,68.5,126.0,30.567685589519648,67,0.0
748,63,137,31.5,1.26,2.74,31.5,68.5,126.0,30.567685589519648,67,0.0
749,63,137,31.5,1.26,2.74,31.5,68.5,126.0,30.567685589519648,67,0.0
750,63,137,31.5,1.26,2.74,31.5,68.5,126.0,30.567685589519648,67,0.0
751,63,137,31.5,1.26,2.74,31.5,68.5,126.0,30.567685589519648,67,0.0
752,63,137,31.5,1.26,2.74,31.5,68.5,126.0,30.567685589519648,67,0.0
753,63,137,31.5,1.26,2.74,31.5,68.5,126.0,30.567685589519648,67,0.0
754,63,137,31.5,1.26,2.74,31.5,68.5,126.0,30.567685589519648,67,0.0
755,63,137,31.5,1.26,2.74,31.5,68.5,126.0,30.567685589519648,67,0.0
756,63,137,31.5,1.26,2.74,31.5,68.5,126.0,30.567685589519648,67,0.0
757,63,137,31.5,1.26,2.74,31.5,68.5,126.0,30.567685589519648,67,0.0
758,63,137,31.5,1.26,2.74,31.5,68.5,126.0,30.567685589519648,67,0.0
759,63,137,31.5,1.26,2.74,31.5,68.5,126.0,30.567685589519648,67,0.0
760,63,137,31.5,1.26,2.74,31.5,68.5,126.0,30.567685589519648,67,0.0
761,63,137,31.5,1.26,2.74,31.5,68.5,126.0,30.567685589519648,67,0.0
762,63,137,31.5,1.26,2.74,31.5,68.5,126.0,30.567685589519648,67,0.0
763,63,137,31.5,1.26,2.74,31.5,68.5,126.0,30.567685589519648,67,0.0
764,63,137,31.5,1.26,2.74,31.5,68.5,126.0,30.567685589519648,67,0.0
765,63,137,31.5,1.26,2.74,31.5,68.5,126.0,30.567685589519648,67,0.0
766,63,137,31.5,1.26,2.74,31.5,68.5,126.0,30.567685589519648,67,0.0
767,63,137,31.5,1.26,2.74,31.5,68.5,126.0,30.567685589519648,67,0.0
768,63,137,31.5,1.26,2.74,31.5,68.5,126.0,30.567685589519648,67,0.0
769,63,137,31.5,1.26,2.74,31.5,68.5,126.0,30.567685589519648,67,0.0
770,63,137,31.5,1.26,2.74,31.5,68.5,126.0,30.567685589519648,67,0.0
771,63,137,31.5,1.26,2.74,31.5,68.5,126.0,30.567685589519648,67,0.0
772,63,137,31.5,1.26,2.74,31.5,68.5,126.0,30.567685589519648,67,0.0
773,63,137,31.5,1.26,2.74,31.5,68.5,126.0,30.567685589519648,67,0.0
774,63,137,31.5,1.26,2.74,31.5,68.5,126.0,30.567685589519648,67,0.0
775,63,137,31.5,1.26,2.74,31.5,68.5,126.0,30.567685589519648,67,0.0
776,63,137,31.5,1.26,2.74,31.5,68.5,126.0,30.567685589519648,67,0.0
777,63,137,31.5,1.26,2.74,31.5,68.5,126.0,30.567685589519648,67,0.0
778,63,137,31.5,1.26,2.74,31.5,68.5,126.0,30.567685589519648,67,0.0
779,63,137,31.5,1.26,2.74,31.5,68.5,126.0,30.567685589519648,67,0.0
780,63,137,31.5,1.26,2.74,31.5,68.5,126.0,30.567685589519648,67,0.0
781,63,137,31.5,1.26,2.74,31.5,68.5,126.0,30.567685589519648,67,0.0
782,63,137,31.5,1.26,2.74,31.5,68.5,126.0,30.567685589519648,67,0.0
783,63,137,31.5,1.26,2.74,31.5,68.5,126.0,30.567685589519648,67,0.0
784,63,137,31.5,1.26,2.74,31.5,68.5,126.0,30.567685589519648,67,0.0
785,63,137,31.5,1.26,2.74,31.5,68.5,126.0,30.567685589519648,67,0.0
786,63,137,31.5,1.26,2.74,31.5,68.5,126.0,30.567685589519648,67,0.0
787,63,137,31.5,1.26,2.74,31.5,68.5,126.0,30.567685589519648,67,0.0
788,63,137,31.5,1.26,2.74,31.5,68.5,126.0,30.567685589519648,67,0.0
789,63,137,31.5,1.26,2.74,31.5,68.5,126.0,30.567685589519648,67,0.0
790,63,137,31.5,1.26,2.74,31.5,68.5,126.0,30.567685589519648,67,0.0
791,63,137,31.5,1.26,2.74,31.5,68.5,126.0,30.567685589519648,67,0.0
792,63,137,31.5,1.26,2.74,31.5,68.5,126.0,30.567685589519648,67,0.0
793,63,137,31.5,1.26,2.74,31.5,68.5,126.0,30.567685589519648,67,0.0
794,63,137,31.5,1.26,2.74,31.5,68.5,126.0,30.567685589519648,67,0.0
795,63,137,31.5,1.26,2.74,31.5,68.5,126.0,30.567685589519648,67,0.0
796,63,137,31.5,1.26,2.74,31.5,68.5,126.0,30.567685589519648,67,0.0
797,63,137,31.5,1.26,2.74,31.5,68.5,126.0,30.567685589519648,67,0.0
798,63,137,31.5,1.26,2.74,31.5,68.5,126.0,30.567685589519648,67,0.0
799,64,136,32.0,1.28,2.7199999999999998,32.0,67.99999999999999,128.0,31.052886948083458,68,2.0
800,64,136,32.0,1.28,2.7199999999999998,32.0,67.99999999999999,128.0,31.052886948083458,68,0.0
801,64,136,32.0,1.28,2.7199999999999998,32.0,67.99999999999999,128.0,31.052886948083458,68,0.0
802,64,136,32.0,1.28,2.7199999999999998,32.0,67.99999999999999,128.0,31.052886948083458,68,0.0
803,64,136,32.0,1.28,2.7199999999999998,32.0,67.99999999999999,128.0,31.052886948083458,68,0.0
804,65,135,32.5,1.3,2.7,32.5,67.5,130.0,31.53808830664726,69,2.0
805,65,135,32.5,1.3,2.7,32.5,67.5,130.0,31.53808830664726,69,0.0
806,65,135,32.5,1.3,2.7,32.5,67.5,130.0,31.53808830664726,69,0.0
807,65,135,32.5,1.3,2.7,32.5,67.5,130.0,31.53808830664726,69,0.0
808,65,135,32.5,1.3,2.7,32.5,67.5,130.0,31.53808830664726,69,0.0
809,65,135,32.5,1.3,2.7,32.5,67.5,130.0,31.53808830664726,69,0.0
810,65,135,32.5,1.3,2.7,32.5,67.5,130.0,31.53808830664726,69,0.0
811,65,135,32.5,1.3,2.7,32.5,67.5,130.0,31.53808830664726,69,0.0
812,65,135,32.5,1.3,2.7,32.5,67.5,130.0,31.53808830664726,69,0.0
813,65,135,32.5,1.3,2.7,32.5,67.5,130.0,31.53808830664726,69,0.0
814,65,135,32.5,1.3,2.7,32.5,67.5,130.0,31.53808830664726,69,0.0
815,65,135,32.5,1.3,2.7,32.5,67.5,130.0,31.53808830664726,69,0.0
816,65,135,32.5,1.3,2.7,32.5,67.5,130.0,31.53808830664726,69,0.0
817,65,135,32.5,1.3,2.7,32.5,67.5,130.0,31.53808830664726,69,0.0
818,65,135,32.5,1.3,2.7,32.5,67.5,130.0,31.53808830664726,69,0.0
819,65,135,32.5,1.3,2.7,32.5,67.5,130.0,31.53808830664726,69,0.0
820,65,135,32.5,1.3,2.7,32.5,67.5,130.0,31.53808830664726,69,0.0
821,65,135,32.5,1.3,2.7,32.5,67.5,130.0,31.53808830664726,69,0.0
822,65,135,32.5,1.3,2.7,32.5,67.5,130.0,31.53808830664726,69,0.0
823,65,135,32.5,1.3,2.7,32.5,67.5,130.0,31.53808830664726,69,0.0
824,65,135,32.5,1.3,2.7,32.5,67.5,130.0,31.53808830664726,69,0.0
825,65,135,32.5,1.3,2.7,32.5,67.5,130.0,31.53808830664726,69,0.0
826,65,135,32.5,1.3,2.7,32.5,67.5,130.0,31.53808830664726,69,0.0
827,65,135,32.5,1.3,2.7,32.5,67.5,130.0,31.53808830664726,69,0.0
828,65,135,32.5,1.3,2.7,32.5,67.5,130.0,31.53808830664726,69,0.0
829,65,135,32.5,1.3,2.7,32.5,67.5,130.0,31.53808830664726,69,0.0
830,65,135,32.5,1.3,2.7,32.5,67.5,130.0,31.53808830664726,69,0.0
831,65,135,32.5,1.3,2.7,32.5,67.5,130.0,31.53808830664726,69,0.0
832,65,135,32.5,1.3,2.7,32.5,67.5,130.0,31.53808830664726,69,0.0
833,65,135,32.5,1.3,2.7,32.5,67.5,130.0,31.53808830664726,69,0.0
834,65,135,32.5,1.3,2.7,32.5,67.5,130.0,31.53808830664726,69,0.0
835,65,135,32.5,1.3,2.7,32.5,67.5,130.0,31.53808830664726,69,0.0
836,65,135,32.5,1.3,2.7,32.5,67.5,130.0,31.53808830664726,69,0.0
837,65,135,32.5,1.3,2.7,32.5,67.5,130.0,31.53808830664726,69,0.0
838,65,135,32.5,1.3,2.7,32.5,67.5,130.0,31.53808830664726,69,0.0
839,65,135,32.5,1.3,2.7,32.5,67.5,130.0,31.53808830664726,69,0.0
840,65,135,32.5,1.3,2.7,32.5,67.5,130.0,31.53808830664726,69,0.0
841,65,135,32.5,1.3,2.7,32.5,67.5,130.0,31.53808830664726,69,0.0
842,65,135,32.5,1.3,2.7,32.5,67.5,130.0,31.53808830664726,69,0.0
843,65,135,32.5,1.3,2.7,32.5,67.5,130.0,31.53808830664726,69,0.0
844,65,135,32.5,1.3,2.7,32.5,67.5,130.0,31.53808830664726,69,0.0
845,65,135,32.5,1.3,2.7,32.5,67.5,130.0,31.53808830664726,69,0.0
846,66,134,33.0,1.32,2.6799999999999997,33.0,66.99999999999999,132.0,32.02328966521107,70,2.0
847,66,134,33.0,1.32,2.6799999999999997,33.0,66.99999999999999,132.0,32.02328966521107,70,0.0
848,66,134,33.0,1.32,2.6799999999999997,33.0,66.99999999999999,132.0,32.02328966521107,70,0.0
849,66,134,33.0,1.32,2.6799999999999997,33.0,66.99999999999999,132.0,32.02328966521107,70,0.0
850,66,134,33.0,1.32,2.6799999999999997,33.0,66.99999999999999,132.0,32.02328966521107,70,0.0
851,66,134,33.0,1.32,2.6799999999999997,33.0,66.99999999999999,132.0,32.02328966521107,70,0.0
852,66,134,33.0,1.32,2.6799999999999997,33.0,66.99999999999999,132.0,32.02328966521107,70,0.0
853,66,134,33.0,1.32,2.6799999999999997,33.0,66.99999999999999,132.0,32.02328966521107,70,0.0
854,66,134,33.0,1.32,2.6799999999999997,33.0,66.99999999999999,132.0,32.02328966521107,70,0.0
855,66,134,33.0,1.32,2.6799999999999997,33.0,66.99999999999999,132.0,32.02328966521107,70,0.0
856,66,134,33.0,1.32,2.6799999999999997,33.0,66.99999999999999,132.0,32.02328966521107,70,0.0
857,66,134,33.0,1.32,2.6799999999999997,33.0,66.99999999999999,132.0,32.02328966521107,70,0.0
858,66,134,33.0,1.32,2.6799999999999997,33.0,66.99999999999999,132.0,32.02328966521107,70,0.0
859,66,134,33.0,1.32,2.6799999999999997,33.0,66.99999999999999,132.0,32.02328966521107,70,0.0
860,66,134,33.0,1.32,2.6799999999999997,33.0,66.99999999999999,132.0,32.02328966521107,70,0.0
861,66,134,33.0,1.32,2.6799999999999997,33.0,66.99999999999999,132.0,32.02328966521107,70,0.0
862,66,134,33.0,1.32,2.6799999999999997,33.0,66.99999999999999,132.0,32.02328966521107,70,0.0
863,66,134,33.0,1.32,2.6799999999999997,33.0,66.99999999999999,132.0,32.02328966521107,70,0.0
864,66,134,33.0,1.32,2.6799999999999997,33.0,66.99999999999999,132.0,32.02328966521107,70,0.0
865,66,134,33.0,1.32,2.6799999999999997,33.0,66.99999999999999,132.0,32.02328966521107,70,0.0
866,66,134,33.0,1.32,2.6799999999999997,33.0,66.99999999999999,132.0,32.02328966521107,70,0.0
867,66,134,33.0,1.32,2.6799999999999997,33.0,66.99999999999999,132.0,32.02328966521107,70,0.0
868,66,134,33.0,1.32,2.6799999999999997,33.0,66.99999999999999,132.0,32.02328966521107,70,0.0
869,66,134,33.0,1.32,2.6799999999999997,33.0,66.99999999999999,132.0,32.02328966521107,70,0.0
870,66,134,33.0,1.32,2.6799999999999997,33.0,66.99999999999999,132.0,32.02328966521107,70,0.0
871,66,134,33.0,1.32,2.6799999999999997,33.0,66.99999999999999,132.0,32.02328966521107,70,0.0
872,66,134,33.0,1.32,2.6799999999999997,33.0,66.99999999999999,132.0,32.02328966521107,70,0.0
873,66,134,33.0,1.32,2.6799999999999997,33.0,66.99999999999999,132.0,32.02328966521107,70,0.0
874,66,134,33.0,1.32,2.6799999999999997,33.0,66.99999999999999,132.0,32.02328966521107,70,0.0
875,66,134,33.0,1.32,2.6799999999999997,33.0,66.99999999999999,132.0,32.02328966521107,70,0.0
876,66,134,33.0,1.32,2.6799999999999997,33.0,66.99999999999999,132.0,32.02328966521107,70,0.0
877,66,134,33.0,1.32,2.6799999999999997,33.0,66.99999999999999,132.0,32.02328966521107,70,0.0
878,66,134,33.0,1.32,2.6799999999999997,33.0,66.99999999999999,132.0,32.02328966521107,70,0.0
879,66,134,33.0,1.32,2.6799999999999997,33.0,66.99999999999999,132.0,32.02328966521107,70,0.0
880,66,134,33.0,1.32,2.6799999999999997,33.0,66.99999999999999,132.0,32.02328966521107,70,0.0
881,66,134,33.0,1.32,2.6799999999999997,33.0,66.99999999999999,132.0,32.02328966521107,70,0.0
882,66,134,33.0,1.32,2.6799999999999997,33.0,66.99999999999999,132.0,32.02328966521107,70,0.0
883,66,134,33.0,1.32,2.6799999999999997,33.0,66.99999999999999,132.0,32.02328966521107,70,0.0
884,66,134,33.0,1.32,2.6799999999999997,33.0,66.99999999999999,132.0,32.02328966521107,71,0.0
885,66,134,33.0,1.32,2.6799999999999997,33.0,66.99999999999999,132.0,32.02328966521107,72,0.0
886,66,134,33.0,1.32,2.6799999999999997,33.0,66.99999999999999,132.0,32.02328966521107,72,0.0
887,66,134,33.0,1.32,2.6799999999999997,33.0,66.99999999999999,132.0,32.02328966521107,73,0.0
888,66,134,33.0,1.32,2.6799999999999997,33.0,66.99999999999999,132.0,32.02328966521107,74,0.0
889,66,134,33.0,1.32,2.6799999999999997,33.0,66.99999999999999,132.0,32.02328966521107,75,0.0
890,66,134,33.0,1.32,2.6799999999999997,33.0,66.99999999999999,132.0,32.02328966521107,75,0.0
891,66,134,33.0,1.32,2.6799999999999997,33.0,66.99999999999999,132.0,32.02328966521107,75,0.0
892,66,134,33.0,1.32,2.6799999999999997,33.0,66.99999999999999,132.0,32.02328966521107,75,0.0
893,66,134,33.0,1.32,2.6799999999999997,33.0,66.99999999999999,132.0,32.02328966521107,75,0.0
894,66,134,33.0,1.32,2.6799999999999997,33.0,66.99999999999999,132.0,32.02328966521107,75,0.0
895,66,134,33.0,1.32,2.6799999999999997,33.0,66.99999999999999,132.0,32.02328966521107,75,0.0
896,66,134,33.0,1.32,2.6799999999999997,33.0,66.99999999999999,132.0,32.02328966521107,75,0.0
897,66,134,33.0,1.32,2.6799999999999997,33.0,66.99999999999999,132.0,32.02328966521107,75,0.0
898,66,134,33.0,1.32,2.6799999999999997,33.0,66.99999999999999,132.0,32.02328966521107,75,0.0
899,66,134,33.0,1.32,2.6799999999999997,33.0,66.99999999999999,132.0,32.02328966521107,75,0.0
900,66,134,33.0,1.32,2.6799999999999997,33.0,66.99999999999999,132.0,32.02328966521107,75,0.0
901,66,134,33.0,1.32,2.6799999999999997,33.0,66.99999999999999,132.0,32.02328966521107,75,0.0
902,66,134,33.0,1.32,2.6799999999999997,33.0,66.99999999999999,132.0,32.02328966521107,75,0.0
903,66,134,33.0,1.32,2.6799999999999997,33.0,66.99999999999999,132.0,32.02328966521107,75,0.0
904,66,134,33.0,1.32,2.6799999999999997,33.0,66.99999999999999,132.0,32.02328966521107,75,0.0
905,66,134,33.0,1.32,2.6799999999999997,33.0,66.99999999999999,132.0,32.02328966521107,75,0.0
906,66,134,33.0,1.32,2.6799999999999997,33.0,66.99999999999999,132.0,32.02328966521107,75,0.0
907,66,134,33.0,1.32,2.6799999999999997,33.0,66.99999999999999,132.0,32.02328966521107,75,0.0
908,66,134,33.0,1.32,2.6799999999999997,33.0,66.99999999999999,132.0,32.02328966521107,75,0.0
909,66,134,33.0,1.32,2.6799999999999997,33.0,66.99999999999999,132.0,32.02328966521107,75,0.0
910,66,134,33.0,1.32,2.6799999999999997,33.0,66.99999999999999,132.0,32.02328966521107,75,0.0
911,66,134,33.0,1.32,2.6799999999999997,33.0,66.99999999999999,132.0,32.02328966521107,75,0.0
912,67,133,33.5,1.34,2.66,33.5,66.5,134.0,32.508491023774866,76,2.0
913,67,133,33.5,1.34,2.66,33.5,66.5,134.0,32.508491023774866,76,0.0
914,67,133,33.5,1.34,2.66,33.5,66.5,134.0,32.508491023774866,76,0.0
915,67,133,33.5,1.34,2.66,33.5,66.5,134.0,32.508491023774866,76,0.0
916,67,133,33.5,1.34,2.66,33.5,66.5,134.0,32.508491023774866,76,0.0
917,67,133,33.5,1.34,2.66,33.5,66.5,134.0,32.508491023774866,76,0.0
918,67,133,33.5,1.34,2.66,33.5,66.5,134.0,32.508491023774866,76,0.0
919,67,133,33.5,1.34,2.66,33.5,66.5,134.0,32.508491023774866,76,0.0
920,67,133,33.5,1.34,2.66,33.5,66.5,134.0,32.508491023774866,76,0.0
921,67,133,33.5,1.34,2.66,33.5,66.5,134.0,32.508491023774866,76,0.0
922,67,133,33.5,1.34,2.66,33.5,66.5,134.0,32.508491023774866,76,0.0
923,67,133,33.5,1.34,2.66,33.5,66.5,134.0,32.508491023774866,76,0.0
924,67,133,33.5,1.34,2.66,33.5,66.5,134.0,32.508491023774866,76,0.0
925,67,133,33.5,1.34,2.66,33.5,66.5,134.0,32.508491023774866,76,0.0
926,67,133,33.5,1.34,2.66,33.5,66.5,134.0,32.508491023774866,76,0.0
927,67,133,33.5,1.34,2.66,33.5,66.5,134.0,32.508491023774866,76,0.0
928,67,133,33.5,1.34,2.66,33.5,66.5,134.0,32.508491023774866,76,0.0
929,67,133,33.5,1.34,2.66,33.5,66.5,134.0,32.508491023774866,76,0.0
930,67,133,33.5,1.34,2.66,33.5,66.5,134.0,32.508491023774866,76,0.0
931,67,133,33.5,1.34,2.66,33.5,66.5,134.0,32.508491023774866,76,0.0
932,67,133,33.5,1.34,2.66,33.5,66.5,134.0,32.508491023774866,76,0.0
933,67,133,33.5,1.34,2.66,33.5,66.5,134.0,32.508491023774866,76,0.0
934,67,133,33.5,1.34,2.66,33.5,66.5,134.0,32.508491023774866,76,0.0
935,67,133,33.5,1.34,2.66,33.5,66.5,134.0,32.508491023774866,76,0.0
936,67,133,33.5,1.34,2.66,33.5,66.5,134.0,32.508491023774866,76,0.0
937,67,133,33.5,1.34,2.66,33.5,66.5,134.0,32.508491023774866,76,0.0
938,67,133,33.5,1.34,2.66,33.5,66.5,134.0,32.508491023774866,76,0.0
939,67,133,33.5,1.34,2.66,33.5,66.5,134.0,32.508491023774866,76,0.0
940,67,133,33.5,1.34,2.66,33.5,66.5,134.0,32.508491023774866,76,0.0
941,67,133,33.5,1.34,2.66,33.5,66.5,134.0,32.508491023774866,76,0.0
942,67,133,33.5,1.34,2.66,33.5,66.5,134.0,32.508491023774866,76,0.0
943,67,133,33.5,1.34,2.66,33.5,66.5,134.0,32.508491023774866,76,0.0
944,67,133,33.5,1.34,2.66,33.5,66.5,134.0,32.508491023774866,76,0.0
945,67,133,33.5,1.34,2.66,33.5,66.5,134.0,32.508491023774866,76,0.0
946,67,133,33.5,1.34,2.66,33.5,66.5,134.0,32.508491023774866,76,0.0
947,68,132,34.0,1.36,2.6399999999999997,34.0,65.99999999999999,136.0,32.99369238233867,77,2.0
948,68,132,34.0,1.36,2.6399999999999997,34.0,65.99999999999999,136.0,32.99369238233867,77,0.0
949,68,132,34.0,1.36,2.6399999999999997,34.0,65.99999999999999,136.0,32.99369238233867,77,0.0
950,68,132,34.0,1.36,2.6399999999999997,34.0,65.99999999999999,136.0,32.99369238233867,77,0.0
951,68,132,34.0,1.36,2.6399999999999997,34.0,65.99999999999999,136.0,32.99369238233867,77,0.0
952,68,132,34.0,1.36,2.6399999999999997,34.0,65.99999999999999,136.0,32.99369238233867,77,0.0
953,68,132,34.0,1.36,2.6399999999999997,34.0,65.99999999999999,136.0,32.99369238233867,77,0.0
954,68,132,34.0,1.36,2.6399999999999997,34.0,65.99999999999999,136.0,32.99369238233867,77,0.0
955,68,132,34.0,1.36,2.6399999999999997,34.0,65.99999999999999,136.0,32.99369238233867,77,0.0
956,68,132,34.0,1.36,2.6399999999999997,34.0,65.99999999999999,136.0,32.99369238233867,77,0.0
957,68,132,34.0,1.36,2.6399999999999997,34.0,65.99999999999999,136.0,32.99369238233867,77,0.0
958,68,132,34.0,1.36,2.6399999999999997,34.0,65.99999999999999,136.0,32.99369238233867,77,0.0
959,68,132,34.0,1.36,2.6399999999999997,34.0,65.99999999999999,136.0,32.99369238233867,77,0.0
960,68,132,34.0,1.36,2.6399999999999997,34.0,65.99999999999999,136.0,32.99369238233867,77,0.0
961,68,132,34.0,1.36,2.6399999999999997,34.0,65.99999999999999,136.0,32.99369238233867,77,0.0
962,68,132,34.0,1.36,2.6399999999999997,34.0,65.99999999999999,136.0,32.99369238233867,77,0.0
963,68,132,34.0,1.36,2.6399999999999997,34.0,65.99999999999999,136.0,32.99369238233867,77,0.0
964,68,132,34.0,1.36,2.6399999999999997,34.0,65.99999999999999,136.0,32.99369238233867,77,0.0
965,68,132,34.0,1.36,2.6399999999999997,34.0,65.99999999999999,136.0,32.99369238233867,77,0.0
966,68,132,34.0,1.36,2.6399999999999997,34.0,65.99999999999999,136.0,32.99369238233867,77,0.0
967,68,132,34.0,1.36,2.6399999999999997,34.0,65.99999999999999,136.0,32.99369238233867,77,0.0
968,68,132,34.0,1.36,2.6399999999999997,34.0,65.99999999999999,136.0,32.99369238233867,77,0.0
969,68,132,34.0,1.36,2.6399999999999997,34.0,65.99999999999999,136.0,32.99369238233867,77,0.0
970,68,132,34.0,1.36,2.6399999999999997,34.0,65.99999999999999,136.0,32.99369238233867,77,0.0
971,68,132,34.0,1.36,2.6399999999999997,34.0,65.99999999999999,136.0,32.99369238233867,77,0.0
972,68,132,34.0,1.36,2.6399999999999997,34.0,65.99999999999999,136.0,32.99369238233867,77,0.0
973,68,132,34.0,1.36,2.6399999999999997,34.0,65.99999999999999,136.0,32.99369238233867,77,0.0
974,68,132,34.0,1.36,2.6399999999999997,34.0,65.99999999999999,136.0,32.99369238233867,77,0.0
975,68,132,34.0,1.36,2.6399999999999997,34.0,65.99999999999999,136.0,32.99369238233867,77,0.0
976,68,132,34.0,1.36,2.6399999999999997,34.0,65.99999999999999,136.0,32.99369238233867,77,0.0
977,68,132,34.0,1.36,2.6399999999999997,34.0,65.99999999999999,136.0,32.99369238233867,77,0.0
978,69,131,34.5,1.3800000000000001,2.62,34.5,65.5,138.0,33.47889374090248,78,2.0
979,69,131,34.5,1.3800000000000001,2.62,34.5,65.5,138.0,33.47889374090248,78,0.0
980,69,131,34.5,1.3800000000000001,2.62,34.5,65.5,138.0,33.47889374090248,78,0.0
981,69,131,34.5,1.3800000000000001,2.62,34.5,65.5,138.0,33.47889374090248,78,0.0
982,69,131,34.5,1.3800000000000001,2.62,34.5,65.5,138.0,33.47889374090248,78,0.0
983,69,131,34.5,1.3800000000000001,2.62,34.5,65.5,138.0,33.47889374090248,78,0.0
984,69,131,34.5,1.3800000000000001,2.62,34.5,65.5,138.0,33.47889374090248,78,0.0
985,69,131,34.5,1.3800000000000001,2.62,34.5,65.5,138.0,33.47889374090248,78,0.0
986,69,131,34.5,1.3800000000000001,2.62,34.5,65.5,138.0,33.47889374090248,78,0.0
987,69,131,34.5,1.3800000000000001,2.62,34.5,65.5,138.0,33.47889374090248,78,0.0
988,69,131,34.5,1.3800000000000001,2.62,34.5,65.5,138.0,33.47889374090248,78,0.0
989,69,131,34.5,1.3800000000000001,2.62,34.5,65.5,138.0,33.47889374090248,78,0.0
990,69,131,34.5,1.3800000000000001,2.62,34.5,65.5,138.0,33.47889374090248,78,0.0
991,69,131,34.5,1.3800000000000001,2.62,34.5,65.5,138.0,33.47889374090248,78,0.0
992,69,131,34.5,1.3800000000000001,2.62,34.5,65.5,138.0,33.47889374090248,78,0.0
993,69,131,34.5,1.3800000000000001,2.62,34.5,65.5,138.0,33.47889374090248,78,0.0
994,69,131,34.5,1.3800000000000001,2.62,34.5,65.5,138.0,33.47889374090248,78,0.0
995,69,131,34.5,1.3800000000000001,2.62,34.5,65.5,138.0,33.47889374090248,78,0.0
996,70,130,35.0,1.4000000000000001,2.5999999999999996,35.0,64.99999999999999,140.0,33.96409509946628,79,2.0
997,70,130,35.0,1.4000000000000001,2.5999999999999996,35.0,64.99999999999999,140.0,33.96409509946628,79,0.0
998,70,130,35.0,1.4000000000000001,2.5999999999999996,35.0,64.99999999999999,140.0,33.96409509946628,79,0.0
999,70,130,35.0,1.4000000000000001,2.5999999999999996,35.0,64.99999999999999,140.0,33.96409509946628,79,0.0
1000,70,130,35.0,1.4000000000000001,2.5999999999999996,35.0,64.99999999999999,140.0,33.96409509946628,79,0.0
1001,70,130,35.0,1.4000000000000001,2.5999999999999996,35.0,64.99999999999999,140.0,33.96409509946628,80,0.0
1002,70,130,35.0,1.4000000000000001,2.5999999999999996,35.0,64.99999999999999,140.0,33.96409509946628,80,0.0
1003,70,130,35.0,1.4000000000000001,2.5999999999999996,35.0,64.99999999999999,140.0,33.96409509946628,80,0.0
1004,70,130,35.0,1.4000000000000001,2.5999999999999996,35.0,64.99999999999999,140.0,33.96409509946628,80,0.0
1005,70,130,35.0,1.4000000000000001,2.5999999999999996,35.0,64.99999999999999,140.0,33.96409509946628,80,0.0
1006,70,130,35.0,1.4000000000000001,2.5999999999999996,35.0,64.99999999999999,140.0,33.96409509946628,80,0.0
1007,70,130,35.0,1.4000000000000001,2.5999999999999996,35.0,64.99999999999999,140.0,33.96409509946628,80,0.0
1008,70,130,35.0,1.4000000000000001,2.5999999999999996,35.0,64.99999999999999,140.0,33.96409509946628,80,0.0
1009,70,130,35.0,1.4000000000000001,2.5999999999999996,35.0,64.99999999999999,140.0,33.96409509946628,80,0.0
1010,70,130,35.0,1.4000000000000001,2.5999999999999996,35.0,64.99999999999999,140.0,33.96409509946628,80,0.0
1011,70,130,35.0,1.4000000000000001,2.5999999999999996,35.0,64.99999999999999,140.0,33.96409509946628,80,0.0
1012,70,130,35.0,1.4000000000000001,2.5999999999999996,35.0,64.99999999999999,140.0,33.96409509946628,80,0.0
1013,70,130,35.0,1.4000000000000001,2.5999999999999996,35.0,64.99999999999999,140.0,33.96409509946628,81,0.0
1014,70,130,35.0,1.4000000000000001,2.5999999999999996,35.0,64.99999999999999,140.0,33.96409509946628,82,0.0
1015,70,130,35.0,1.4000000000000001,2.5999999999999996,35.0,64.99999999999999,140.0,33.96409509946628,82,0.0
1016,70,130,35.0,1.4000000000000001,2.5999999999999996,35.0,64.99999999999999,140.0,33.96409509946628,82,0.0
1017,70,130,35.0,1.4000000000000001,2.5999999999999996,35.0,64.99999999999999,140.0,33.96409509946628,83,0.0
1018,70,130,35.0,1.4000000000000001,2.5999999999999996,35.0,64.99999999999999,140.0,33.96409509946628,83,0.0
1019,70,130,35.0,1.4000000000000001,2.5999999999999996,35.0,64.99999999999999,140.0,33.96409509946628,83,0.0
1020,70,130,35.0,1.4000000000000001,2.5999999999999996,35.0,64.99999999999999,140.0,33.96409509946628,83,0.0
1021,70,130,35.0,1.4000000000000001,2.5999999999999996,35.0,64.99999999999999,140.0,33.96409509946628,83,0.0
1022,70,130,35.0,1.4000000000000001,2.5999999999999996,35.0,64.99999999999999,140.0,33.96409509946628,83,0.0
1023,70,130,35.0,1.4000000000000001,2.5999999999999996,35.0,64.99999999999999,140.0,33.96409509946628,83,0.0
1024,70,130,35.0,1.4000000000000001,2.5999999999999996,35.0,64.99999999999999,140.0,33.96409509946628,83,0.0
1025,70,130,35.0,1.4000000000000001,2.5999999999999996,35.0,64.99999999999999,140.0,33.96409509946628,83,0.0
1026,70,130,35.0,1.4000000000000001,2.5999999999999996,35.0,64.99999999999999,140.0,33.96409509946628,83,0.0
1027,70,130,35.0,1.4000000000000001,2.5999999999999996,35.0,64.99999999999999,140.0,33.96409509946628,83,0.0
1028,70,130,35.0,1.4000000000000001,2.5999999999999996,35.0,64.99999999999999,140.0,33.96409509946628,83,0.0
1029,70,130,35.0,1.4000000000000001,2.5999999999999996,35.0,64.99999999999999,140.0,33.96409509946628,83,0.0
1030,70,130,35.0,1.4000000000000001,2.5999999999999996,35.0,64.99999999999999,140.0,33.96409509946628,83,0.0
1031,70,130,35.0,1.4000000000000001,2.5999999999999996,35.0,64.99999999999999,140.0,33.96409509946628,83,0.0
1032,70,130,35.0,1.4000000000000001,2.5999999999999996,35.0,64.99999999999999,140.0,33.96409509946628,83,0.0
1033,70,130,35.0,1.4000000000000001,2.5999999999999996,35.0,64.99999999999999,140.0,33.96409509946628,83,0.0
1034,70,130,35.0,1.4000000000000001,2.5999999999999996,35.0,64.99999999999999,140.0,33.96409509946628,83,0.0
1035,70,130,35.0,1.4000000000000001,2.5999999999999996,35.0,64.99999999999999,140.0,33.96409509946628,83,0.0
1036,70,130,35.0,1.4000000000000001,2.5999999999999996,35.0,64.99999999999999,140.0,33.96409509946628,83,0.0
1037,70,130,35.0,1.4000000000000001,2.5999999999999996,35.0,64.99999999999999,140.0,33.96409509946628,83,0.0
1038,70,130,35.0,1.4000000000000001,2.5999999999999996,35.0,64.99999999999999,140.0,33.96409509946628,83,0.0
1039,70,130,35.0,1.4000000000000001,2.5999999999999996,35.0,64.99999999999999,140.0,33.96409509946628,83,0.0
1040,70,130,35.0,1.4000000000000001,2.5999999999999996,35.0,64.99999999999999,140.0,33.96409509946628,83,0.0
1041,70,130,35.0,1.4000000000000001,2.5999999999999996,35.0,64.99999999999999,140.0,33.96409509946628,83,0.0
1042,71,129,35.5,1.42,2.58,35.5,64.5,142.0,34.449296458030084,84,2.0
1043,71,129,35.5,1.42,2.58,35.5,64.5,142.0,34.449296458030084,84,0.0
1044,71,129,35.5,1.42,2.58,35.5,64.5,142.0,34.449296458030084,84,0.0
1045,71,129,35.5,1.42,2.58,35.5,64.5,142.0,34.449296458030084,84,0.0
1046,71,129,35.5,1.42,2.58,35.5,64.5,142.0,34.449296458030084,84,0.0
1047,71,129,35.5,1.42,2.58,35.5,64.5,142.0,34.449296458030084,84,0.0
1048,71,129,35.5,1.42,2.58,35.5,64.5,142.0,34.449296458030084,84,0.0
1049,71,129,35.5,1.42,2.58,35.5,64.5,142.0,34.449296458030084,85,0.0
1050,71,129,35.5,1.42,2.58,35.5,64.5,142.0,34.449296458030084,86,0.0
1051,72,128,36.0,1.44,2.56,36.0,64.0,144.0,34.93449781659389,88,2.0
1052,72,128,36.0,1.44,2.56,36.0,64.0,144.0,34.93449781659389,88,0.0
1053,73,127,36.5,1.46,2.54,36.5,63.5,146.0,35.419699175157696,89,2.0
1054,73,127,36.5,1.46,2.54,36.5,63.5,146.0,35.419699175157696,89,0.0
1055,74,126,37.0,1.48,2.52,37.0,63.0,148.0,35.904900533721495,90,2.0
1056,74,126,37.0,1.48,2.52,37.0,63.0,148.0,35.904900533721495,90,0.0
1057,74,126,37.0,1.48,2.52,37.0,63.0,148.0,35.904900533721495,90,0.0
1058,74,126,37.0,1.48,2.52,37.0,63.0,148.0,35.904900533721495,90,0.0
1059,74,126,37.0,1.48,2.52,37.0,63.0,148.0,35.904900533721495,90,0.0
1060,74,126,37.0,1.48,2.52,37.0,63.0,148.0,35.904900533721495,90,0.0
1061,74,126,37.0,1.48,2.52,37.0,63.0,148.0,35.904900533721495,90,0.0
1062,74,126,37.0,1.48,2.52,37.0,63.0,148.0,35.904900533721495,90,0.0
1063,74,126,37.0,1.48,2.52,37.0,63.0,148.0,35.904900533721495,90,0.0
1064,74,126,37.0,1.48,2.52,37.0,63.0,148.0,35.904900533721495,90,0.0
1065,74,126,37.0,1.48,2.52,37.0,63.0,148.0,35.904900533721495,90,0.0
1066,74,126,37.0,1.48,2.52,37.0,63.0,148.0,35.904900533721495,90,0.0
1067,74,126,37.0,1.48,2.52,37.0,63.0,148.0,35.904900533721495,90,0.0
1068,74,126,37.0,1.48,2.52,37.0,63.0,148.0,35.904900533721495,90,0.0
1069,74,126,37.0,1.48,2.52,37.0,63.0,148.0,35.904900533721495,90,0.0
1070,74,126,37.0,1.48,2.52,37.0,63.0,148.0,35.904900533721495,90,0.0
1071,74,126,37.0,1.48,2.52,37.0,63.0,148.0,35.904900533721495,90,0.0
1072,74,126,37.0,1.48,2.52,37.0,63.0,148.0,35.904900533721495,90,0.0
1073,74,126,37.0,1.48,2.52,37.0,63.0,148.0,35.904900533721495,90,0.0
1074,74,126,37.0,1.48,2.52,37.0,63.0,148.0,35.904900533721495,90,0.0
1075,74,126,37.0,1.48,2.52,37.0,63.0,148.0,35.904900533721495,90,0.0
1076,74,126,37.0,1.48,2.52,37.0,63.0,148.0,35.904900533721495,90,0.0
1077,74,126,37.0,1.48,2.52,37.0,63.0,148.0,35.904900533721495,91,0.0
1078,74,126,37.0,1.48,2.52,37.0,63.0,148.0,35.904900533721495,91,0.0
1079,74,126,37.0,1.48,2.52,37.0,63.0,148.0,35.904900533721495,91,0.0
1080,74,126,37.0,1.48,2.52,37.0,63.0,148.0,35.904900533721495,91,0.0
1081,74,126,37.0,1.48,2.52,37.0,63.0,148.0,35.904900533721495,91,0.0
1082,74,126,37.0,1.48,2.52,37.0,63.0,148.0,35.904900533721495,91,0.0
1083,74,126,37.0,1.48,2.52,37.0,63.0,148.0,35.904900533721495,91,0.0
1084,74,126,37.0,1.48,2.52,37.0,63.0,148.0,35.904900533721495,91,0.0
1085,74,126,37.0,1.48,2.52,37.0,63.0,148.0,35.904900533721495,91,0.0
1086,74,126,37.0,1.48,2.52,37.0,63.0,148.0,35.904900533721495,91,0.0
1087,74,126,37.0,1.48,2.52,37.0,63.0,148.0,35.904900533721495,91,0.0
1088,74,126,37.0,1.48,2.52,37.0,63.0,148.0,35.904900533721495,91,0.0
1089,74,126,37.0,1.48,2.52,37.0,63.0,148.0,35.904900533721495,91,0.0
1090,74,126,37.0,1.48,2.52,37.0,63.0,148.0,35.904900533721495,91,0.0
1091,74,126,37.0,1.48,2.52,37.0,63.0,148.0,35.904900533721495,91,0.0
1092,74,126,37.0,1.48,2.52,37.0,63.0,148.0,35.904900533721495,91,0.0
1093,74,126,37.0,1.48,2.52,37.0,63.0,148.0,35.904900533721495,91,0.0
1094,74,126,37.0,1.48,2.52,37.0,63.0,148.0,35.904900533721495,91,0.0
1095,74,126,37.0,1.48,2.52,37.0,63.0,148.0,35.904900533721495,91,0.0
1096,74,126,37.0,1.48,2.52,37.0,63.0,148.0,35.904900533721495,91,0.0
1097,74,126,37.0,1.48,2.52,37.0,63.0,148.0,35.904900533721495,91,0.0
1098,74,126,37.0,1.48,2.52,37.0,63.0,148.0,35.904900533721495,91,0.0
1099,74,126,37.0,1.48,2.52,37.0,63.0,148.0,35.904900533721495,91,0.0
1100,74,126,37.0,1.48,2.52,37.0,63.0,148.0,35.904900533721495,91,0.0
1101,74,126,37.0,1.48,2.52,37.0,63.0,148.0,35.904900533721495,91,0.0
1102,74,126,37.0,1.48,2.52,37.0,63.0,148.0,35.904900533721495,91,0.0
1103,74,126,37.0,1.48,2.52,37.0,63.0,148.0,35.904900533721495,91,0.0
1104,74,126,37.0,1.48,2.52,37.0,63.0,148.0,35.904900533721495,91,0.0
1105,74,126,37.0,1.48,2.52,37.0,63.0,148.0,35.904900533721495,91,0.0
1106,74,126,37.0,1.48,2.52,37.0,63.0,148.0,35.904900533721495,91,0.0
1107,74,126,37.0,1.48,2.52,37.0,63.0,148.0,35.904900533721495,91,0.0
1108,74,126,37.0,1.48,2.52,37.0,63.0,148.0,35.904900533721495,91,0.0
1109,74,126,37.0,1.48,2.52,37.0,63.0,148.0,35.904900533721495,91,0.0
1110,74,126,37.0,1.48,2.52,37.0,63.0,148.0,35.904900533721495,91,0.0
1111,74,126,37.0,1.48,2.52,37.0,63.0,148.0,35.904900533721495,91,0.0
1112,74,126,37.0,1.48,2.52,37.0,63.0,148.0,35.904900533721495,91,0.0
1113,74,126,37.0,1.48,2.52,37.0,63.0,148.0,35.904900533721495,91,0.0
1114,75,125,37.5,1.5,2.5,37.5,62.5,150.0,36.3901018922853,92,2.0
1115,75,125,37.5,1.5,2.5,37.5,62.5,150.0,36.3901018922853,92,0.0
1116,75,125,37.5,1.5,2.5,37.5,62.5,150.0,36.3901018922853,92,0.0
1117,75,125,37.5,1.5,2.5,37.5,62.5,150.0,36.3901018922853,92,0.0
1118,75,125,37.5,1.5,2.5,37.5,62.5,150.0,36.3901018922853,92,0.0
1119,75,125,37.5,1.5,2.5,37.5,62.5,150.0,36.3901018922853,92,0.0
1120,75,125,37.5,1.5,2.5,37.5,62.5,150.0,36.3901018922853,92,0.0
1121,75,125,37.5,1.5,2.5,37.5,62.5,150.0,36.3901018922853,92,0.0
1122,75,125,37.5,1.5,2.5,37.5,62.5,150.0,36.3901018922853,92,0.0
1123,75,125,37.5,1.5,2.5,37.5,62.5,150.0,36.3901018922853,92,0.0
1124,75,125,37.5,1.5,2.5,37.5,62.5,150.0,36.3901018922853,92,0.0
1125,75,125,37.5,1.5,2.5,37.5,62.5,150.0,36.3901018922853,92,0.0
1126,75,125,37.5,1.5,2.5,37.5,62.5,150.0,36.3901018922853,92,0.0
1127,75,125,37.5,1.5,2.5,37.5,62.5,150.0,36.3901018922853,92,0.0
1128,75,125,37.5,1.5,2.5,37.5,62.5,150.0,36.3901018922853,93,0.0
1129,75,125,37.5,1.5,2.5,37.5,62.5,150.0,36.3901018922853,93,0.0
1130,75,125,37.5,1.5,2.5,37.5,62.5,150.0,36.3901018922853,93,0.0
1131,75,125,37.5,1.5,2.5,37.5,62.5,150.0,36.3901018922853,94,0.0
1132,75,125,37.5,1.5,2.5,37.5,62.5,150.0,36.3901018922853,94,0.0
1133,75,125,37.5,1.5,2.5,37.5,62.5,150.0,36.3901018922853,95,0.0
1134,75,125,37.5,1.5,2.5,37.5,62.5,150.0,36.3901018922853,96,0.0
1135,75,125,37.5,1.5,2.5,37.5,62.5,150.0,36.3901018922853,96,0.0
1136,75,125,37.5,1.5,2.5,37.5,62.5,150.0,36.3901018922853,97,0.0
1137,75,125,37.5,1.5,2.5,37.5,62.5,150.0,36.3901018922853,97,0.0
1138,75,125,37.5,1.5,2.5,37.5,62.5,150.0,36.3901018922853,97,0.0
1139,75,125,37.5,1.5,2.5,37.5,62.5,150.0,36.3901018922853,97,0.0
1140,75,125,37.5,1.5,2.5,37.5,62.5,150.0,36.3901018922853,97,0.0
1141,75,125,37.5,1.5,2.5,37.5,62.5,150.0,36.3901018922853,98,0.0
1142,75,125,37.5,1.5,2.5,37.5,62.5,150.0,36.3901018922853,99,0.0
1143,75,125,37.5,1.5,2.5,37.5,62.5,150.0,36.3901018922853,99,0.0
1144,75,125,37.5,1.5,2.5,37.5,62.5,150.0,36.3901018922853,99,0.0
1145,75,125,37.5,1.5,2.5,37.5,62.5,150.0,36.3901018922853,99,0.0
1146,75,125,37.5,1.5,2.5,37.5,62.5,150.0,36.3901018922853,99,0.0
1147,75,125,37.5,1.5,2.5,37.5,62.5,150.0,36.3901018922853,99,0.0
1148,75,125,37.5,1.5,2.5,37.5,62.5,150.0,36.3901018922853,99,0.0
1149,75,125,37.5,1.5,2.5,37.5,62.5,150.0,36.3901018922853,99,0.0
1150,75,125,37.5,1.5,2.5,37.5,62.5,150.0,36.3901018922853,99,0.0
1151,75,125,37.5,1.5,2.5,37.5,62.5,150.0,36.3901018922853,99,0.0
1152,75,125,37.5,1.5,2.5,37.5,62.5,150.0,36.3901018922853,99,0.0
1153,75,125,37.5,1.5,2.5,37.5,62.5,150.0,36.3901018922853,99,0.0
1154,75,125,37.5,1.5,2.5,37.5,62.5,150.0,36.3901018922853,99,0.0
1155,75,125,37.5,1.5,2.5,37.5,62.5,150.0,36.3901018922853,99,0.0
1156,75,125,37.5,1.5,2.5,37.5,62.5,150.0,36.3901018922853,99,0.0
1157,75,125,37.5,1.5,2.5,37.5,62.5,150.0,36.3901018922853,100,0.0
1158,75,125,37.5,1.5,2.5,37.5,62.5,150.0,36.3901018922853,101,0.0
1159,75,125,37.5,1.5,2.5,37.5,62.5,150.0,36.3901018922853,101,0.0
1160,75,125,37.5,1.5,2.5,37.5,62.5,150.0,36.3901018922853,101,0.0
1161,75,125,37.5,1.5,2.5,37.5,62.5,150.0,36.3901018922853,101,0.0
1162,75,125,37.5,1.5,2.5,37.5,62.5,150.0,36.3901018922853,101,0.0
1163,75,125,37.5,1.5,2.5,37.5,62.5,150.0,36.3901018922853,101,0.0
1164,75,125,37.5,1.5,2.5,37.5,62.5,150.0,36.3901018922853,101,0.0
1165,75,125,37.5,1.5,2.5,37.5,62.5,150.0,36.3901018922853,101,0.0
1166,75,125,37.5,1.5,2.5,37.5,62.5,150.0,36.3901018922853,101,0.0
1167,75,125,37.5,1.5,2.5,37.5,62.5,150.0,36.3901018922853,101,0.0
1168,75,125,37.5,1.5,2.5,37.5,62.5,150.0,36.3901018922853,101,0.0
1169,75,125,37.5,1.5,2.5,37.5,62.5,150.0,36.3901018922853,101,0.0
1170,75,125,37.5,1.5,2.5,37.5,62.5,150.0,36.3901018922853,101,0.0
1171,75,125,37.5,1.5,2.5,37.5,62.5,150.0,36.3901018922853,101,0.0
1172,75,125,37.5,1.5,2.5,37.5,62.5,150.0,36.3901018922853,101,0.0
1173,75,125,37.5,1.5,2.5,37.5,62.5,150.0,36.3901018922853,101,0.0
1174,75,125,37.5,1.5,2.5,37.5,62.5,150.0,36.3901018922853,101,0.0
1175,75,125,37.5,1.5,2.5,37.5,62.5,150.0,36.3901018922853,101,0.0
1176,75,125,37.5,1.5,2.5,37.5,62.5,150.0,36.3901018922853,101,0.0
1177,75,125,37.5,1.5,2.5,37.5,62.5,150.0,36.3901018922853,101,0.0
1178,75,125,37.5,1.5,2.5,37.5,62.5,150.0,36.3901018922853,101,0.0
1179,75,125,37.5,1.5,2.5,37.5,62.5,150.0,36.3901018922853,101,0.0
1180,75,125,37.5,1.5,2.5,37.5,62.5,150.0,36.3901018922853,101,0.0
1181,75,125,37.5,1.5,2.5,37.5,62.5,150.0,36.3901018922853,101,0.0
1182,75,125,37.5,1.5,2.5,37.5,62.5,150.0,36.3901018922853,101,0.0
1183,75,125,37.5,1.5,2.5,37.5,62.5,150.0,36.3901018922853,101,0.0
1184,75,125,37.5,1.5,2.5,37.5,62.5,150.0,36.3901018922853,101,0.0
1185,75,125,37.5,1.5,2.5,37.5,62.5,150.0,36.3901018922853,101,0.0
1186,75,125,37.5,1.5,2.5,37.5,62.5,150.0,36.3901018922853,101,0.0
1187,75,125,37.5,1.5,2.5,37.5,62.5,150.0,36.3901018922853,101,0.0
1188,75,125,37.5,1.5,2.5,37.5,62.5,150.0,36.3901018922853,101,0.0
1189,75,125,37.5,1.5,2.5,37.5,62.5,150.0,36.3901018922853,101,0.0
1190,75,125,37.5,1.5,2.5,37.5,62.5,150.0,36.3901018922853,101,0.0
1191,75,125,37.5,1.5,2.5,37.5,62.5,150.0,36.3901018922853,101,0.0
1192,75,125,37.5,1.5,2.5,37.5,62.5,150.0,36.3901018922853,102,0.0
1193,75,125,37.5,1.5,2.5,37.5,62.5,150.0,36.3901018922853,102,0.0
1194,75,125,37.5,1.5,2.5,37.5,62.5,150.0,36.3901018922853,102,0.0
1195,75,125,37.5,1.5,2.5,37.5,62.5,150.0,36.3901018922853,102,0.0
1196,75,125,37.5,1.5,2.5,37.5,62.5,150.0,36.3901018922853,102,0.0
1197,75,125,37.5,1.5,2.5,37.5,62.5,150.0,36.3901018922853,102,0.0
1198,75,125,37.5,1.5,2.5,37.5,62.5,150.0,36.3901018922853,102,0.0
1199,75,125,37.5,1.5,2.5,37.5,62.5,150.0,36.3901018922853,102,0.0
1200,75,125,37.5,1.5,2.5,37.5,62.5,150.0,36.3901018922853,102,0.0
1201,75,125,37.5,1.5,2.5,37.5,62.5,150.0,36.3901018922853,102,0.0
1202,75,125,37.5,1.5,2.5,37.5,62.5,150.0,36.3901018922853,102,0.0
1203,75,125,37.5,1.5,2.5,37.5,62.5,150.0,36.3901018922853,102,0.0
1204,75,125,37.5,1.5,2.5,37.5,62.5,150.0,36.3901018922853,102,0.0
1205,75,125,37.5,1.5,2.5,37.5,62.5,150.0,36.3901018922853,102,0.0
1206,75,125,37.5,1.5,2.5,37.5,62.5,150.0,36.3901018922853,102,0.0
1207,75,125,37.5,1.5,2.5,37.5,62.5,150.0,36.3901018922853,102,0.0
1208,75,125,37.5,1.5,2.5,37.5,62.5,150.0,36.3901018922853,102,0.0
1209,75,125,37.5,1.5,2.5,37.5,62.5,150.0,36.3901018922853,102,0.0
1210,75,125,37.5,1.5,2.5,37.5,62.5,150.0,36.3901018922853,102,0.0
1211,75,125,37.5,1.5,2.5,37.5,62.5,150.0,36.3901018922853,102,0.0
1212,75,125,37.5,1.5,2.5,37.5,62.5,150.0,36.3901018922853,102,0.0
1213,75,125,37.5,1.5,2.5,37.5,62.5,150.0,36.3901018922853,102,0.0
1214,75,125,37.5,1.5,2.5,37.5,62.5,150.0,36.3901018922853,102,0.0
1215,75,125,37.5,1.5,2.5,37.5,62.5,150.0,36.3901018922853,102,0.0
1216,75,125,37.5,1.5,2.5,37.5,62.5,150.0,36.3901018922853,102,0.0
1217,75,125,37.5,1.5,2.5,37.5,62.5,150.0,36.3901018922853,103,0.0
1218,75,125,37.5,1.5,2.5,37.5,62.5,150.0,36.3901018922853,104,0.0
1219,75,125,37.5,1.5,2.5,37.5,62.5,150.0,36.3901018922853,104,0.0
1220,75,125,37.5,1.5,2.5,37.5,62.5,150.0,36.3901018922853,104,0.0
1221,75,125,37.5,1.5,2.5,37.5,62.5,150.0,36.3901018922853,104,0.0
1222,75,125,37.5,1.5,2.5,37.5,62.5,150.0,36.3901018922853,104,0.0
1223,75,125,37.5,1.5,2.5,37.5,62.5,150.0,36.3901018922853,104,0.0
1224,75,125,37.5,1.5,2.5,37.5,62.5,150.0,36.3901018922853,104,0.0
1225,75,125,37.5,1.5,2.5,37.5,62.5,150.0,36.3901018922853,104,0.0
1226,75,125,37.5,1.5,2.5,37.5,62.5,150.0,36.3901018922853,104,0.0
1227,75,125,37.5,1.5,2.5,37.5,62.5,150.0,36.3901018922853,104,0.0
1228,75,125,37.5,1.5,2.5,37.5,62.5,150.0,36.3901018922853,104,0.0
1229,75,125,37.5,1.5,2.5,37.5,62.5,150.0,36.3901018922853,104,0.0
1230,75,125,37.5,1.5,2.5,37.5,62.5,150.0,36.3901018922853,104,0.0
1231,75,125,37.5,1.5,2.5,37.5,62.5,150.0,36.3901018922853,104,0.0
1232,75,125,37.5,1.5,2.5,37.5,62.5,150.0,36.3901018922853,104,0.0
1233,75,125,37.5,1.5,2.5,37.5,62.5,150.0,36.3901018922853,104,0.0
1234,75,125,37.5,1.5,2.5,37.5,62.5,150.0,36.3901018922853,104,0.0
1235,75,125,37.5,1.5,2.5,37.5,62.5,150.0,36.3901018922853,104,0.0
1236,75,125,37.5,1.5,2.5,37.5,62.5,150.0,36.3901018922853,104,0.0
1237,75,125,37.5,1.5,2.5,37.5,62.5,150.0,36.3901018922853,104,0.0
1238,75,125,37.5,1.5,2.5,37.5,62.5,150.0,36.3901018922853,104,0.0
1239,75,125,37.5,1.5,2.5,37.5,62.5,150.0,36.3901018922853,105,0.0
1240,75,125,37.5,1.5,2.5,37.5,62.5,150.0,36.3901018922853,105,0.0
1241,76,124,38.0,1.52,2.48,38.0,62.0,152.0,36.8753032508491,106,2.0
1242,76,124,38.0,1.52,2.48,38.0,62.0,152.0,36.8753032508491,106,0.0
1243,76,124,38.0,1.52,2.48,38.0,62.0,152.0,36.8753032508491,106,0.0
1244,76,124,38.0,1.52,2.48,38.0,62.0,152.0,36.8753032508491,106,0.0
1245,76,124,38.0,1.52,2.48,38.0,62.0,152.0,36.8753032508491,106,0.0
1246,76,124,38.0,1.52,2.48,38.0,62.0,152.0,36.8753032508491,106,0.0
1247,76,124,38.0,1.52,2.48,38.0,62.0,152.0,36.8753032508491,106,0.0
1248,76,124,38.0,1.52,2.48,38.0,62.0,152.0,36.8753032508491,106,0.0
1249,76,124,38.0,1.52,2.48,38.0,62.0,152.0,36.8753032508491,106,0.0
1250,76,124,38.0,1.52,2.48,38.0,62.0,152.0,36.8753032508491,106,0.0
1251,76,124,38.0,1.52,2.48,38.0,62.0,152.0,36.8753032508491,106,0.0
1252,76,124,38.0,1.52,2.48,38.0,62.0,152.0,36.8753032508491,106,0.0
1253,76,124,38.0,1.52,2.48,38.0,62.0,152.0,36.8753032508491,106,0.0
1254,76,124,38.0,1.52,2.48,38.0,62.0,152.0,36.8753032508491,106,0.0
1255,76,124,38.0,1.52,2.48,38.0,62.0,152.0,36.8753032508491,106,0.0
1256,76,124,38.0,1.52,2.48,38.0,62.0,152.0,36.8753032508491,106,0.0
1257,76,124,38.0,1.52,2.48,38.0,62.0,152.0,36.8753032508491,106,0.0
1258,76,124,38.0,1.52,2.48,38.0,62.0,152.0,36.8753032508491,106,0.0
1259,76,124,38.0,1.52,2.48,38.0,62.0,152.0,36.8753032508491,106,0.0
1260,76,124,38.0,1.52,2.48,38.0,62.0,152.0,36.8753032508491,106,0.0
1261,76,124,38.0,1.52,2.48,38.0,62.0,152.0,36.8753032508491,106,0.0
1262,76,124,38.0,1.52,2.48,38.0,62.0,152.0,36.8753032508491,106,0.0
1263,76,124,38.0,1.52,2.48,38.0,62.0,152.0,36.8753032508491,106,0.0
1264,77,123,38.5,1.54,2.46,38.5,61.5,154.0,37.36050460941291,107,2.0
1265,77,123,38.5,1.54,2.46,38.5,61.5,154.0,37.36050460941291,107,0.0
1266,77,123,38.5,1.54,2.46,38.5,61.5,154.0,37.36050460941291,107,0.0
1267,77,123,38.5,1.54,2.46,38.5,61.5,154.0,37.36050460941291,107,0.0
1268,77,123,38.5,1.54,2.46,38.5,61.5,154.0,37.36050460941291,107,0.0
1269,77,123,38.5,1.54,2.46,38.5,61.5,154.0,37.36050460941291,107,0.0
1270,77,123,38.5,1.54,2.46,38.5,61.5,154.0,37.36050460941291,107,0.0
1271,77,123,38.5,1.54,2.46,38.5,61.5,154.0,37.36050460941291,107,0.0
1272,77,123,38.5,1.54,2.46,38.5,61.5,154.0,37.36050460941291,107,0.0
1273,77,123,38.5,1.54,2.46,38.5,61.5,154.0,37.36050460941291,107,0.0
1274,77,123,38.5,1.54,2.46,38.5,61.5,154.0,37.36050460941291,107,0.0
1275,77,123,38.5,1.54,2.46,38.5,61.5,154.0,37.36050460941291,107,0.0
1276,77,123,38.5,1.54,2.46,38.5,61.5,154.0,37.36050460941291,107,0.0
1277,77,123,38.5,1.54,2.46,38.5,61.5,154.0,37.36050460941291,107,0.0
1278,77,123,38.5,1.54,2.46,38.5,61.5,154.0,37.36050460941291,107,0.0
1279,77,123,38.5,1.54,2.46,38.5,61.5,154.0,37.36050460941291,107,0.0
1280,77,123,38.5,1.54,2.46,38.5,61.5,154.0,37.36050460941291,108,0.0
1281,77,123,38.5,1.54,2.46,38.5,61.5,154.0,37.36050460941291,109,0.0
1282,77,123,38.5,1.54,2.46,38.5,61.5,154.0,37.36050460941291,109,0.0
1283,77,123,38.5,1.54,2.46,38.5,61.5,154.0,37.36050460941291,109,0.0
1284,77,123,38.5,1.54,2.46,38.5,61.5,154.0,37.36050460941291,109,0.0
1285,77,123,38.5,1.54,2.46,38.5,61.5,154.0,37.36050460941291,109,0.0
1286,77,123,38.5,1.54,2.46,38.5,61.5,154.0,37.36050460941291,109,0.0
1287,77,123,38.5,1.54,2.46,38.5,61.5,154.0,37.36050460941291,109,0.0
1288,77,123,38.5,1.54,2.46,38.5,61.5,154.0,37.36050460941291,109,0.0
1289,77,123,38.5,1.54,2.46,38.5,61.5,154.0,37.36050460941291,109,0.0
1290,77,123,38.5,1.54,2.46,38.5,61.5,154.0,37.36050460941291,109,0.0
1291,77,123,38.5,1.54,2.46,38.5,61.5,154.0,37.36050460941291,109,0.0
1292,77,123,38.5,1.54,2.46,38.5,61.5,154.0,37.36050460941291,109,0.0
1293,77,123,38.5,1.54,2.46,38.5,61.5,154.0,37.36050460941291,109,0.0
1294,77,123,38.5,1.54,2.46,38.5,61.5,154.0,37.36050460941291,109,0.0
1295,77,123,38.5,1.54,2.46,38.5,61.5,154.0,37.36050460941291,109,0.0
1296,78,122,39.0,1.56,2.44,39.0,61.0,156.0,37.84570596797671,110,2.0
1297,78,122,39.0,1.56,2.44,39.0,61.0,156.0,37.84570596797671,110,0.0
1298,78,122,39.0,1.56,2.44,39.0,61.0,156.0,37.84570596797671,110,0.0
1299,78,122,39.0,1.56,2.44,39.0,61.0,156.0,37.84570596797671,110,0.0
1300,79,121,39.5,1.58,2.42,39.5,60.5,158.0,38.33090732654051,111,2.0
1301,79,121,39.5,1.58,2.42,39.5,60.5,158.0,38.33090732654051,111,0.0
1302,79,121,39.5,1.58,2.42,39.5,60.5,158.0,38.33090732654051,111,0.0
1303,79,121,39.5,1.58,2.42,39.5,60.5,158.0,38.33090732654051,111,0.0
1304,79,121,39.5,1.58,2.42,39.5,60.5,158.0,38.33090732654051,112,0.0
1305,79,121,39.5,1.58,2.42,39.5,60.5,158.0,38.33090732654051,112,0.0
1306,79,121,39.5,1.58,2.42,39.5,60.5,158.0,38.33090732654051,113,0.0
1307,79,121,39.5,1.58,2.42,39.5,60.5,158.0,38.33090732654051,114,0.0
1308,79,121,39.5,1.58,2.42,39.5,60.5,158.0,38.33090732654051,114,0.0
1309,79,121,39.5,1.58,2.42,39.5,60.5,158.0,38.33090732654051,115,0.0
1310,79,121,39.5,1.58,2.42,39.5,60.5,158.0,38.33090732654051,116,0.0
1311,79,121,39.5,1.58,2.42,39.5,60.5,158.0,38.33090732654051,117,0.0
1312,79,121,39.5,1.58,2.42,39.5,60.5,158.0,38.33090732654051,118,0.0
1313,79,121,39.5,1.58,2.42,39.5,60.5,158.0,38.33090732654051,118,0.0
1314,79,121,39.5,1.58,2.42,39.5,60.5,158.0,38.33090732654051,118,0.0
1315,79,121,39.5,1.58,2.42,39.5,60.5,158.0,38.33090732654051,118,0.0
1316,79,121,39.5,1.58,2.42,39.5,60.5,158.0,38.33090732654051,118,0.0
1317,79,121,39.5,1.58,2.42,39.5,60.5,158.0,38.33090732654051,118,0.0
1318,79,121,39.5,1.58,2.42,39.5,60.5,158.0,38.33090732654051,118,0.0
1319,79,121,39.5,1.58,2.42,39.5,60.5,158.0,38.33090732654051,118,0.0
1320,79,121,39.5,1.58,2.42,39.5,60.5,158.0,38.33090732654051,118,0.0
1321,79,121,39.5,1.58,2.42,39.5,60.5,158.0,38.33090732654051,118,0.0
1322,79,121,39.5,1.58,2.42,39.5,60.5,158.0,38.33090732654051,118,0.0
1323,79,121,39.5,1.58,2.42,39.5,60.5,158.0,38.33090732654051,118,0.0
1324,79,121,39.5,1.58,2.42,39.5,60.5,158.0,38.33090732654051,118,0.0
1325,79,121,39.5,1.58,2.42,39.5,60.5,158.0,38.33090732654051,118,0.0
1326,79,121,39.5,1.58,2.42,39.5,60.5,158.0,38.33090732654051,118,0.0
1327,79,121,39.5,1.58,2.42,39.5,60.5,158.0,38.33090732654051,118,0.0
1328,79,121,39.5,1.58,2.42,39.5,60.5,158.0,38.33090732654051,118,0.0
1329,79,121,39.5,1.58,2.42,39.5,60.5,158.0,38.33090732654051,118,0.0
1330,79,121,39.5,1.58,2.42,39.5,60.5,158.0,38.33090732654051,118,0.0
1331,79,121,39.5,1.58,2.42,39.5,60.5,158.0,38.33090732654051,118,0.0
1332,79,121,39.5,1.58,2.42,39.5,60.5,158.0,38.33090732654051,118,0.0
1333,79,121,39.5,1.58,2.42,39.5,60.5,158.0,38.33090732654051,118,0.0
1334,79,121,39.5,1.58,2.42,39.5,60.5,158.0,38.33090732654051,118,0.0
1335,79,121,39.5,1.58,2.42,39.5,60.5,158.0,38.33090732654051,118,0.0
1336,79,121,39.5,1.58,2.42,39.5,60.5,158.0,38.33090732654051,118,0.0
1337,79,121,39.5,1.58,2.42,39.5,60.5,158.0,38.33090732654051,118,0.0
1338,79,121,39.5,1.58,2.42,39.5,60.5,158.0,38.33090732654051,118,0.0
1339,79,121,39.5,1.58,2.42,39.5,60.5,158.0,38.33090732654051,118,0.0
1340,79,121,39.5,1.58,2.42,39.5,60.5,158.0,38.33090732654051,118,0.0
1341,79,121,39.5,1.58,2.42,39.5,60.5,158.0,38.33090732654051,118,0.0
1342,79,121,39.5,1.58,2.42,39.5,60.5,158.0,38.33090732654051,118,0.0
1343,79,121,39.5,1.58,2.42,39.5,60.5,158.0,38.33090732654051,118,0.0
1344,79,121,39.5,1.58,2.42,39.5,60.5,158.0,38.33090732654051,118,0.0
1345,79,121,39.5,1.58,2.42,39.5,60.5,158.0,38.33090732654051,118,0.0
1346,79,121,39.5,1.58,2.42,39.5,60.5,158.0,38.33090732654051,118,0.0
1347,79,121,39.5,1.58,2.42,39.5,60.5,158.0,38.33090732654051,118,0.0
1348,79,121,39.5,1.58,2.42,39.5,60.5,158.0,38.33090732654051,118,0.0
1349,79,121,39.5,1.58,2.42,39.5,60.5,158.0,38.33090732654051,118,0.0
1350,79,121,39.5,1.58,2.42,39.5,60.5,158.0,38.33090732654051,118,0.0
1351,79,121,39.5,1.58,2.42,39.5,60.5,158.0,38.33090732654051,118,0.0
1352,79,121,39.5,1.58,2.42,39.5,60.5,158.0,38.33090732654051,118,0.0
1353,79,121,39.5,1.58,2.42,39.5,60.5,158.0,38.33090732654051,118,0.0
1354,79,121,39.5,1.58,2.42,39.5,60.5,158.0,38.33090732654051,118,0.0
1355,79,121,39.5,1.58,2.42,39.5,60.5,158.0,38.33090732654051,118,0.0
1356,79,121,39.5,1.58,2.42,39.5,60.5,158.0,38.33090732654051,118,0.0
1357,79,121,39.5,1.58,2.42,39.5,60.5,158.0,38.33090732654051,119,0.0
1358,79,121,39.5,1.58,2.42,39.5,60.5,158.0,38.33090732654051,120,0.0
1359,79,121,39.5,1.58,2.42,39.5,60.5,158.0,38.33090732654051,120,0.0
1360,79,121,39.5,1.58,2.42,39.5,60.5,158.0,38.33090732654051,120,0.0
1361,79,121,39.5,1.58,2.42,39.5,60.5,158.0,38.33090732654051,121,0.0
1362,79,121,39.5,1.58,2.42,39.5,60.5,158.0,38.33090732654051,122,0.0
1363,79,121,39.5,1.58,2.42,39.5,60.5,158.0,38.33090732654051,123,0.0
1364,79,121,39.5,1.58,2.42,39.5,60.5,158.0,38.33090732654051,123,0.0
1365,79,121,39.5,1.58,2.42,39.5,60.5,158.0,38.33090732654051,123,0.0
1366,79,121,39.5,1.58,2.42,39.5,60.5,158.0,38.33090732654051,123,0.0
1367,79,121,39.5,1.58,2.42,39.5,60.5,158.0,38.33090732654051,123,0.0
1368,79,121,39.5,1.58,2.42,39.5,60.5,158.0,38.33090732654051,123,0.0
1369,79,121,39.5,1.58,2.42,39.5,60.5,158.0,38.33090732654051,124,0.0
1370,79,121,39.5,1.58,2.42,39.5,60.5,158.0,38.33090732654051,125,0.0
1371,79,121,39.5,1.58,2.42,39.5,60.5,158.0,38.33090732654051,125,0.0
1372,79,121,39.5,1.58,2.42,39.5,60.5,158.0,38.33090732654051,125,0.0
1373,79,121,39.5,1.58,2.42,39.5,60.5,158.0,38.33090732654051,125,0.0
1374,79,121,39.5,1.58,2.42,39.5,60.5,158.0,38.33090732654051,125,0.0
1375,79,121,39.5,1.58,2.42,39.5,60.5,158.0,38.33090732654051,125,0.0
1376,79,121,39.5,1.58,2.42,39.5,60.5,158.0,38.33090732654051,126,0.0
1377,79,121,39.5,1.58,2.42,39.5,60.5,158.0,38.33090732654051,127,0.0
1378,79,121,39.5,1.58,2.42,39.5,60.5,158.0,38.33090732654051,127,0.0
1379,79,121,39.5,1.58,2.42,39.5,60.5,158.0,38.33090732654051,127,0.0
1380,79,121,39.5,1.58,2.42,39.5,60.5,158.0,38.33090732654051,127,0.0
1381,79,121,39.5,1.58,2.42,39.5,60.5,158.0,38.33090732654051,127,0.0
1382,79,121,39.5,1.58,2.42,39.5,60.5,158.0,38.33090732654051,127,0.0
1383,79,121,39.5,1.58,2.42,39.5,60.5,158.0,38.33090732654051,127,0.0
1384,79,121,39.5,1.58,2.42,39.5,60.5,158.0,38.33090732654051,127,0.0
1385,79,121,39.5,1.58,2.42,39.5,60.5,158.0,38.33090732654051,127,0.0
1386,79,121,39.5,1.58,2.42,39.5,60.5,158.0,38.33090732654051,127,0.0
1387,79,121,39.5,1.58,2.42,39.5,60.5,158.0,38.33090732654051,127,0.0
1388,79,121,39.5,1.58,2.42,39.5,60.5,158.0,38.33090732654051,127,0.0
1389,79,121,39.5,1.58,2.42,39.5,60.5,158.0,38.33090732654051,127,0.0
1390,79,121,39.5,1.58,2.42,39.5,60.5,158.0,38.33090732654051,127,0.0
1391,79,121,39.5,1.58,2.42,39.5,60.5,158.0,38.33090732654051,127,0.0
1392,79,121,39.5,1.58,2.42,39.5,60.5,158.0,38.33090732654051,127,0.0
1393,79,121,39.5,1.58,2.42,39.5,60.5,158.0,38.33090732654051,127,0.0
1394,79,121,39.5,1.58,2.42,39.5,60.5,158.0,38.33090732654051,127,0.0
1395,79,121,39.5,1.58,2.42,39.5,60.5,158.0,38.33090732654051,127,0.0
1396,79,121,39.5,1.58,2.42,39.5,60.5,158.0,38.33090732654051,127,0.0
1397,79,121,39.5,1.58,2.42,39.5,60.5,158.0,38.33090732654051,127,0.0
1398,79,121,39.5,1.58,2.42,39.5,60.5,158.0,38.33090732654051,127,0.0
1399,79,121,39.5,1.58,2.42,39.5,60.5,158.0,38.33090732654051,127,0.0
1400,79,121,39.5,1.58,2.42,39.5,60.5,158.0,38.33090732654051,127,0.0
1401,79,121,39.5,1.58,2.42,39.5,60.5,158.0,38.33090732654051,127,0.0
1402,79,121,39.5,1.58,2.42,39.5,60.5,158.0,38.33090732654051,127,0.0
1403,79,121,39.5,1.58,2.42,39.5,60.5,158.0,38.33090732654051,127,0.0
1404,79,121,39.5,1.58,2.42,39.5,60.5,158.0,38.33090732654051,127,0.0
1405,79,121,39.5,1.58,2.42,39.5,60.5,158.0,38.33090732654051,127,0.0
1406,79,121,39.5,1.58,2.42,39.5,60.5,158.0,38.33090732654051,127,0.0
1407,79,121,39.5,1.58,2.42,39.5,60.5,158.0,38.33090732654051,127,0.0
1408,79,121,39.5,1.58,2.42,39.5,60.5,158.0,38.33090732654051,127,0.0
1409,79,121,39.5,1.58,2.42,39.5,60.5,158.0,38.33090732654051,127,0.0
1410,79,121,39.5,1.58,2.42,39.5,60.5,158.0,38.33090732654051,127,0.0
1411,79,121,39.5,1.58,2.42,39.5,60.5,158.0,38.33090732654051,127,0.0
1412,79,121,39.5,1.58,2.42,39.5,60.5,158.0,38.33090732654051,127,0.0
1413,79,121,39.5,1.58,2.42,39.5,60.5,158.0,38.33090732654051,127,0.0
1414,79,121,39.5,1.58,2.42,39.5,60.5,158.0,38.33090732654051,127,0.0
1415,79,121,39.5,1.58,2.42,39.5,60.5,158.0,38.33090732654051,127,0.0
1416,79,121,39.5,1.58,2.42,39.5,60.5,158.0,38.33090732654051,128,0.0
1417,79,121,39.5,1.58,2.42,39.5,60.5,158.0,38.33090732654051,128,0.0
1418,79,121,39.5,1.58,2.42,39.5,60.5,158.0,38.33090732654051,128,0.0
1419,79,121,39.5,1.58,2.42,39.5,60.5,158.0,38.33090732654051,128,0.0
1420,79,121,39.5,1.58,2.42,39.5,60.5,158.0,38.33090732654051,128,0.0
1421,79,121,39.5,1.58,2.42,39.5,60.5,158.0,38.33090732654051,129,0.0
1422,79,121,39.5,1.58,2.42,39.5,60.5,158.0,38.33090732654051,130,0.0
1423,79,121,39.5,1.58,2.42,39.5,60.5,158.0,38.33090732654051,130,0.0
1424,79,121,39.5,1.58,2.42,39.5,60.5,158.0,38.33090732654051,130,0.0
1425,79,121,39.5,1.58,2.42,39.5,60.5,158.0,38.33090732654051,130,0.0
1426,79,121,39.5,1.58,2.42,39.5,60.5,158.0,38.33090732654051,130,0.0
1427,79,121,39.5,1.58,2.42,39.5,60.5,158.0,38.33090732654051,130,0.0
1428,79,121,39.5,1.58,2.42,39.5,60.5,158.0,38.33090732654051,130,0.0
1429,79,121,39.5,1.58,2.42,39.5,60.5,158.0,38.33090732654051,130,0.0
1430,80,120,40.0,1.6,2.4,40.0,60.0,160.0,38.81610868510432,131,2.0
1431,80,120,40.0,1.6,2.4,40.0,60.0,160.0,38.81610868510432,131,0.0
1432,80,120,40.0,1.6,2.4,40.0,60.0,160.0,38.81610868510432,131,0.0
1433,80,120,40.0,1.6,2.4,40.0,60.0,160.0,38.81610868510432,131,0.0
1434,80,120,40.0,1.6,2.4,40.0,60.0,160.0,38.81610868510432,131,0.0
1435,80,120,40.0,1.6,2.4,40.0,60.0,160.0,38.81610868510432,131,0.0
1436,80,120,40.0,1.6,2.4,40.0,60.0,160.0,38.81610868510432,131,0.0
1437,80,120,40.0,1.6,2.4,40.0,60.0,160.0,38.81610868510432,131,0.0
1438,80,120,40.0,1.6,2.4,40.0,60.0,160.0,38.81610868510432,131,0.0
1439,80,120,40.0,1.6,2.4,40.0,60.0,160.0,38.81610868510432,131,0.0
1440,80,120,40.0,1.6,2.4,40.0,60.0,160.0,38.81610868510432,131,0.0
1441,80,120,40.0,1.6,2.4,40.0,60.0,160.0,38.81610868510432,131,0.0
1442,80,120,40.0,1.6,2.4,40.0,60.0,160.0,38.81610868510432,131,0.0
1443,80,120,40.0,1.6,2.4,40.0,60.0,160.0,38.81610868510432,131,0.0
1444,80,120,40.0,1.6,2.4,40.0,60.0,160.0,38.81610868510432,131,0.0
1445,80,120,40.0,1.6,2.4,40.0,60.0,160.0,38.81610868510432,132,0.0
1446,80,120,40.0,1.6,2.4,40.0,60.0,160.0,38.81610868510432,132,0.0
1447,80,120,40.0,1.6,2.4,40.0,60.0,160.0,38.81610868510432,132,0.0
1448,80,120,40.0,1.6,2.4,40.0,60.0,160.0,38.81610868510432,132,0.0
1449,80,120,40.0,1.6,2.4,40.0,60.0,160.0,38.81610868510432,132,0.0
1450,81,119,40.5,1.62,2.38,40.5,59.49999999999999,162.0,39.301310043668124,133,2.0
1451,81,119,40.5,1.62,2.38,40.5,59.49999999999999,162.0,39.301310043668124,133,0.0
1452,81,119,40.5,1.62,2.38,40.5,59.49999999999999,162.0,39.301310043668124,133,0.0
1453,81,119,40.5,1.62,2.38,40.5,59.49999999999999,162.0,39.301310043668124,133,0.0
1454,81,119,40.5,1.62,2.38,40.5,59.49999999999999,162.0,39.301310043668124,133,0.0
1455,81,119,40.5,1.62,2.38,40.5,59.49999999999999,162.0,39.301310043668124,133,0.0
1456,81,119,40.5,1.62,2.38,40.5,59.49999999999999,162.0,39.301310043668124,133,0.0
1457,81,119,40.5,1.62,2.38,40.5,59.49999999999999,162.0,39.301310043668124,133,0.0
1458,81,119,40.5,1.62,2.38,40.5,59.49999999999999,162.0,39.301310043668124,133,0.0
1459,81,119,40.5,1.62,2.38,40.5,59.49999999999999,162.0,39.301310043668124,133,0.0
1460,81,119,40.5,1.62,2.38,40.5,59.49999999999999,162.0,39.301310043668124,133,0.0
1461,81,119,40.5,1.62,2.38,40.5,59.49999999999999,162.0,39.301310043668124,133,0.0
1462,81,119,40.5,1.62,2.38,40.5,59.49999999999999,162.0,39.301310043668124,134,0.0
1463,81,119,40.5,1.62,2.38,40.5,59.49999999999999,162.0,39.301310043668124,134,0.0
1464,81,119,40.5,1.62,2.38,40.5,59.49999999999999,162.0,39.301310043668124,136,0.0
1465,81,119,40.5,1.62,2.38,40.5,59.49999999999999,162.0,39.301310043668124,136,0.0
1466,81,119,40.5,1.62,2.38,40.5,59.49999999999999,162.0,39.301310043668124,136,0.0
1467,81,119,40.5,1.62,2.38,40.5,59.49999999999999,162.0,39.301310043668124,136,0.0
1468,81,119,40.5,1.62,2.38,40.5,59.49999999999999,162.0,39.301310043668124,136,0.0
1469,82,118,41.0,1.6400000000000001,2.36,41.0,58.99999999999999,164.0,39.78651140223193,137,2.0
1470,82,118,41.0,1.6400000000000001,2.36,41.0,58.99999999999999,164.0,39.78651140223193,137,0.0
1471,82,118,41.0,1.6400000000000001,2.36,41.0,58.99999999999999,164.0,39.78651140223193,137,0.0
1472,82,118,41.0,1.6400000000000001,2.36,41.0,58.99999999999999,164.0,39.78651140223193,138,0.0
1473,82,118,41.0,1.6400000000000001,2.36,41.0,58.99999999999999,164.0,39.78651140223193,138,0.0
1474,82,118,41.0,1.6400000000000001,2.36,41.0,58.99999999999999,164.0,39.78651140223193,138,0.0
1475,82,118,41.0,1.6400000000000001,2.36,41.0,58.99999999999999,164.0,39.78651140223193,138,0.0
1476,82,118,41.0,1.6400000000000001,2.36,41.0,58.99999999999999,164.0,39.78651140223193,138,0.0
1477,82,118,41.0,1.6400000000000001,2.36,41.0,58.99999999999999,164.0,39.78651140223193,138,0.0
1478,82,118,41.0,1.6400000000000001,2.36,41.0,58.99999999999999,164.0,39.78651140223193,138,0.0
1479,82,118,41.0,1.6400000000000001,2.36,41.0,58.99999999999999,164.0,39.78651140223193,138,0.0
1480,82,118,41.0,1.6400000000000001,2.36,41.0,58.99999999999999,164.0,39.78651140223193,138,0.0
1481,82,118,41.0,1.6400000000000001,2.36,41.0,58.99999999999999,164.0,39.78651140223193,138,0.0
1482,82,118,41.0,1.6400000000000001,2.36,41.0,58.99999999999999,164.0,39.78651140223193,138,0.0
1483,82,118,41.0,1.6400000000000001,2.36,41.0,58.99999999999999,164.0,39.78651140223193,138,0.0
1484,82,118,41.0,1.6400000000000001,2.36,41.0,58.99999999999999,164.0,39.78651140223193,138,0.0
1485,82,118,41.0,1.6400000000000001,2.36,41.0,58.99999999999999,164.0,39.78651140223193,138,0.0
1486,82,118,41.0,1.6400000000000001,2.36,41.0,58.99999999999999,164.0,39.78651140223193,138,0.0
1487,82,118,41.0,1.6400000000000001,2.36,41.0,58.99999999999999,164.0,39.78651140223193,138,0.0
1488,82,118,41.0,1.6400000000000001,2.36,41.0,58.99999999999999,164.0,39.78651140223193,138,0.0
1489,82,118,41.0,1.6400000000000001,2.36,41.0,58.99999999999999,164.0,39.78651140223193,138,0.0
1490,82,118,41.0,1.6400000000000001,2.36,41.0,58.99999999999999,164.0,39.78651140223193,138,0.0
1491,82,118,41.0,1.6400000000000001,2.36,41.0,58.99999999999999,164.0,39.78651140223193,138,0.0
1492,82,118,41.0,1.6400000000000001,2.36,41.0,58.99999999999999,164.0,39.78651140223193,138,0.0
1493,82,118,41.0,1.6400000000000001,2.36,41.0,58.99999999999999,164.0,39.78651140223193,138,0.0
1494,82,118,41.0,1.6400000000000001,2.36,41.0,58.99999999999999,164.0,39.78651140223193,138,0.0
1495,82,118,41.0,1.6400000000000001,2.36,41.0,58.99999999999999,164.0,39.78651140223193,138,0.0
1496,82,118,41.0,1.6400000000000001,2.36,41.0,58.99999999999999,164.0,39.78651140223193,138,0.0
1497,82,118,41.0,1.6400000000000001,2.36,41.0,58.99999999999999,164.0,39.78651140223193,138,0.0
1498,82,118,41.0,1.6400000000000001,2.36,41.0,58.99999999999999,164.0,39.78651140223193,138,0.0
1499,82,118,41.0,1.6400000000000001,2.36,41.0,58.99999999999999,164.0,39.78651140223193,138,0.0
1500,82,118,41.0,1.6400000000000001,2.36,41.0,58.99999999999999,164.0,39.78651140223193,138,0.0
