step,n_adsorbed,n_free,percent_adsorbed,m_adsorbed_mg,m_free_mg,c_pdf_mg_l,c_remaining_mg_l,qt_mg_g,percent_qmax,n_contacts,n_adsorption_events,dqt_per_step
0,0,200,0.0,0.0,4.0,0.0,100.0,0.0,0.0,0,0,0.0
1,0,200,0.0,0.0,4.0,0.0,100.0,0.0,0.0,0,0,0.0
2,0,200,0.0,0.0,4.0,0.0,100.0,0.0,0.0,0,0,0.0
3,0,200,0.0,0.0,4.0,0.0,100.0,0.0,0.0,0,0,0.0
4,0,200,0.0,0.0,4.0,0.0,100.0,0.0,0.0,1,0,0.0
5,0,200,0.0,0.0,4.0,0.0,100.0,0.0,0.0,1,0,0.0
6,0,200,0.0,0.0,4.0,0.0,100.0,0.0,0.0,1,0,0.0
7,0,200,0.0,0.0,4.0,0.0,100.0,0.0,0.0,1,0,0.0
8,0,200,0.0,0.0,4.0,0.0,100.0,0.0,0.0,1,0,0.0
9,0,200,0.0,0.0,4.0,0.0,100.0,0.0,0.0,1,0,0.0
10,0,200,0.0,0.0,4.0,0.0,100.0,0.0,0.0,1,0,0.0
11,0,200,0.0,0.0,4.0,0.0,100.0,0.0,0.0,2,0,0.0
12,0,200,0.0,0.0,4.0,0.0,100.0,0.0,0.0,2,0,0.0
13,0,200,0.0,0.0,4.0,0.0,100.0,0.0,0.0,2,0,0.0
14,0,200,0.0,0.0,4.0,0.0,100.0,0.0,0.0,2,0,0.0
15,0,200,0.0,0.0,4.0,0.0,100.0,0.0,0.0,2,0,0.0
16,0,200,0.0,0.0,4.0,0.0,100.0,0.0,0.0,2,0,0.0
17,1,199,0.5,0.02,3.98,0.5,99.5,2.0,0.48520135856380403,4,1,2.0
18,2,198,1.0,0.04,3.96,1.0,99.0,4.0,0.9704027171276081,5,2,2.0
19,2,198,1.0,0.04,3.96,1.0,99.0,4.0,0.9704027171276081,5,2,0.0
20,3,197,1.5,0.06,3.94,1.5,98.5,6.0,1.455604075691412,6,3,2.0
21,3,197,1.5,0.06,3.94,1.5,98.5,6.0,1.455604075691412,6,3,0.0
22,3,197,1.5,0.06,3.94,1.5,98.5,6.0,1.455604075691412,6,3,0.0
23,3,197,1.5,0.06,3.94,1.5,98.5,6.0,1.455604075691412,6,3,0.0
24,3,197,1.5,0.06,3.94,1.5,98.5,6.0,1.455604075691412,6,3,0.0
25,3,197,1.5,0.06,3.94,1.5,98.5,6.0,1.455604075691412,6,3,0.0
26,3,197,1.5,0.06,3.94,1.5,98.5,6.0,1.455604075691412,6,3,0.0
27,3,197,1.5,0.06,3.94,1.5,98.5,6.0,1.455604075691412,6,3,0.0
28,3,197,1.5,0.06,3.94,1.5,98.5,6.0,1.455604075691412,6,3,0.0
29,3,197,1.5,0.06,3.94,1.5,98.5,6.0,1.455604075691412,6,3,0.0
30,3,197,1.5,0.06,3.94,1.5,98.5,6.0,1.455604075691412,6,3,0.0
31,3,197,1.5,0.06,3.94,1.5,98.5,6.0,1.455604075691412,6,3,0.0
32,3,197,1.5,0.06,3.94,1.5,98.5,6.0,1.455604075691412,6,3,0.0
33,4,196,2.0,0.08,3.92,2.0,98.0,8.0,1.9408054342552161,7,4,2.0
34,4,196,2.0,0.08,3.92,2.0,98.0,8.0,1.9408054342552161,7,4,0.0
35,4,196,2.0,0.08,3.92,2.0,98.0,8.0,1.9408054342552161,7,4,0.0
36,4,196,2.0,0.08,3.92,2.0,98.0,8.0,1.9408054342552161,7,4,0.0
37,5,195,2.5,0.1,3.9,2.5,97.5,10.0,2.42600679281902,8,5,2.0
38,6,194,3.0,0.12,3.88,3.0,97.0,12.0,2.911208151382824,10,6,2.0
39,7,193,3.5000000000000004,0.14,3.86,3.5000000000000004,96.5,14.000000000000002,3.3964095099466283,11,7,2.0000000000000018
40,7,193,3.5000000000000004,0.14,3.86,3.5000000000000004,96.5,14.000000000000002,3.3964095099466283,11,7,0.0
41,7,193,3.5000000000000004,0.14,3.86,3.5000000000000004,96.5,14.000000000000002,3.3964095099466283,11,7,0.0
42,7,193,3.5000000000000004,0.14,3.86,3.5000000000000004,96.5,14.000000000000002,3.3964095099466283,11,7,0.0
43,7,193,3.5000000000000004,0.14,3.86,3.5000000000000004,96.5,14.000000000000002,3.3964095099466283,11,7,0.0
44,8,192,4.0,0.16,3.84,4.0,96.0,16.0,3.8816108685104322,12,8,1.9999999999999982
45,8,192,4.0,0.16,3.84,4.0,96.0,16.0,3.8816108685104322,12,8,0.0
46,8,192,4.0,0.16,3.84,4.0,96.0,16.0,3.8816108685104322,12,8,0.0
47,8,192,4.0,0.16,3.84,4.0,96.0,16.0,3.8816108685104322,12,8,0.0
48,8,192,4.0,0.16,3.84,4.0,96.0,16.0,3.8816108685104322,12,8,0.0
49,8,192,4.0,0.16,3.84,4.0,96.0,16.0,3.8816108685104322,13,8,0.0
50,8,192,4.0,0.16,3.84,4.0,96.0,16.0,3.8816108685104322,13,8,0.0
51,8,192,4.0,0.16,3.84,4.0,96.0,16.0,3.8816108685104322,13,8,0.0
52,8,192,4.0,0.16,3.84,4.0,96.0,16.0,3.8816108685104322,13,8,0.0
53,8,192,4.0,0.16,3.84,4.0,96.0,16.0,3.8816108685104322,13,8,0.0
54,8,192,4.0,0.16,3.84,4.0,96.0,16.0,3.8816108685104322,13,8,0.0
55,8,192,4.0,0.16,3.84,4.0,96.0,16.0,3.8816108685104322,13,8,0.0
56,8,192,4.0,0.16,3.84,4.0,96.0,16.0,3.8816108685104322,13,8,0.0
57,8,192,4.0,0.16,3.84,4.0,96.0,16.0,3.8816108685104322,13,8,0.0
58,8,192,4.0,0.16,3.84,4.0,96.0,16.0,3.8816108685104322,13,8,0.0
59,8,192,4.0,0.16,3.84,4.0,96.0,16.0,3.8816108685104322,13,8,0.0
60,8,192,4.0,0.16,3.84,4.0,96.0,16.0,3.8816108685104322,13,8,0.0
61,8,192,4.0,0.16,3.84,4.0,96.0,16.0,3.8816108685104322,13,8,0.0
62,8,192,4.0,0.16,3.84,4.0,96.0,16.0,3.8816108685104322,13,8,0.0
63,8,192,4.0,0.16,3.84,4.0,96.0,16.0,3.8816108685104322,13,8,0.0
64,8,192,4.0,0.16,3.84,4.0,96.0,16.0,3.8816108685104322,13,8,0.0
65,8,192,4.0,0.16,3.84,4.0,96.0,16.0,3.8816108685104322,13,8,0.0
66,8,192,4.0,0.16,3.84,4.0,96.0,16.0,3.8816108685104322,13,8,0.0
67,8,192,4.0,0.16,3.84,4.0,96.0,16.0,3.8816108685104322,13,8,0.0
68,8,192,4.0,0.16,3.84,4.0,96.0,16.0,3.8816108685104322,13,8,0.0
69,8,192,4.0,0.16,3.84,4.0,96.0,16.0,3.8816108685104322,13,8,0.0
70,8,192,4.0,0.16,3.84,4.0,96.0,16.0,3.8816108685104322,13,8,0.0
71,8,192,4.0,0.16,3.84,4.0,96.0,16.0,3.8816108685104322,13,8,0.0
72,8,192,4.0,0.16,3.84,4.0,96.0,16.0,3.8816108685104322,13,8,0.0
73,8,192,4.0,0.16,3.84,4.0,96.0,16.0,3.8816108685104322,14,8,0.0
74,8,192,4.0,0.16,3.84,4.0,96.0,16.0,3.8816108685104322,14,8,0.0
75,8,192,4.0,0.16,3.84,4.0,96.0,16.0,3.8816108685104322,14,8,0.0
76,8,192,4.0,0.16,3.84,4.0,96.0,16.0,3.8816108685104322,14,8,0.0
77,10,190,5.0,0.2,3.8,5.0,95.0,20.0,4.85201358563804,16,10,4.0
78,10,190,5.0,0.2,3.8,5.0,95.0,20.0,4.85201358563804,16,10,0.0
79,10,190,5.0,0.2,3.8,5.0,95.0,20.0,4.85201358563804,16,10,0.0
80,10,190,5.0,0.2,3.8,5.0,95.0,20.0,4.85201358563804,16,10,0.0
81,10,190,5.0,0.2,3.8,5.0,95.0,20.0,4.85201358563804,16,10,0.0
82,10,190,5.0,0.2,3.8,5.0,95.0,20.0,4.85201358563804,16,10,0.0
83,10,190,5.0,0.2,3.8,5.0,95.0,20.0,4.85201358563804,16,10,0.0
84,10,190,5.0,0.2,3.8,5.0,95.0,20.0,4.85201358563804,16,10,0.0
85,10,190,5.0,0.2,3.8,5.0,95.0,20.0,4.85201358563804,16,10,0.0
86,10,190,5.0,0.2,3.8,5.0,95.0,20.0,4.85201358563804,17,10,0.0
87,11,189,5.5,0.22,3.78,5.5,94.5,22.0,5.337214944201843,18,11,2.0
88,11,189,5.5,0.22,3.78,5.5,94.5,22.0,5.337214944201843,18,11,0.0
89,11,189,5.5,0.22,3.78,5.5,94.5,22.0,5.337214944201843,18,11,0.0
90,11,189,5.5,0.22,3.78,5.5,94.5,22.0,5.337214944201843,18,11,0.0
91,11,189,5.5,0.22,3.78,5.5,94.5,22.0,5.337214944201843,18,11,0.0
92,11,189,5.5,0.22,3.78,5.5,94.5,22.0,5.337214944201843,18,11,0.0
93,11,189,5.5,0.22,3.78,5.5,94.5,22.0,5.337214944201843,18,11,0.0
94,11,189,5.5,0.22,3.78,5.5,94.5,22.0,5.337214944201843,18,11,0.0
95,11,189,5.5,0.22,3.78,5.5,94.5,22.0,5.337214944201843,18,11,0.0
96,11,189,5.5,0.22,3.78,5.5,94.5,22.0,5.337214944201843,18,11,0.0
97,11,189,5.5,0.22,3.78,5.5,94.5,22.0,5.337214944201843,18,11,0.0
98,11,189,5.5,0.22,3.78,5.5,94.5,22.0,5.337214944201843,18,11,0.0
99,11,189,5.5,0.22,3.78,5.5,94.5,22.0,5.337214944201843,18,11,0.0
100,11,189,5.5,0.22,3.78,5.5,94.5,22.0,5.337214944201843,18,11,0.0
101,11,189,5.5,0.22,3.78,5.5,94.5,22.0,5.337214944201843,18,11,0.0
102,11,189,5.5,0.22,3.78,5.5,94.5,22.0,5.337214944201843,18,11,0.0
103,11,189,5.5,0.22,3.78,5.5,94.5,22.0,5.337214944201843,18,11,0.0
104,11,189,5.5,0.22,3.78,5.5,94.5,22.0,5.337214944201843,18,11,0.0
105,11,189,5.5,0.22,3.78,5.5,94.5,22.0,5.337214944201843,18,11,0.0
106,11,189,5.5,0.22,3.78,5.5,94.5,22.0,5.337214944201843,19,11,0.0
107,11,189,5.5,0.22,3.78,5.5,94.5,22.0,5.337214944201843,19,11,0.0
108,11,189,5.5,0.22,3.78,5.5,94.5,22.0,5.337214944201843,20,11,0.0
109,11,189,5.5,0.22,3.78,5.5,94.5,22.0,5.337214944201843,20,11,0.0
110,11,189,5.5,0.22,3.78,5.5,94.5,22.0,5.337214944201843,21,11,0.0
111,11,189,5.5,0.22,3.78,5.5,94.5,22.0,5.337214944201843,21,11,0.0
112,11,189,5.5,0.22,3.78,5.5,94.5,22.0,5.337214944201843,21,11,0.0
113,11,189,5.5,0.22,3.78,5.5,94.5,22.0,5.337214944201843,21,11,0.0
114,12,188,6.0,0.24,3.76,6.0,93.99999999999999,24.0,5.822416302765648,22,12,2.0
115,12,188,6.0,0.24,3.76,6.0,93.99999999999999,24.0,5.822416302765648,22,12,0.0
116,13,187,6.5,0.26,3.74,6.5,93.5,26.0,6.307617661329452,23,13,2.0
117,13,187,6.5,0.26,3.74,6.5,93.5,26.0,6.307617661329452,23,13,0.0
118,13,187,6.5,0.26,3.74,6.5,93.5,26.0,6.307617661329452,23,13,0.0
119,13,187,6.5,0.26,3.74,6.5,93.5,26.0,6.307617661329452,23,13,0.0
120,13,187,6.5,0.26,3.74,6.5,93.5,26.0,6.307617661329452,23,13,0.0
121,13,187,6.5,0.26,3.74,6.5,93.5,26.0,6.307617661329452,23,13,0.0
122,13,187,6.5,0.26,3.74,6.5,93.5,26.0,6.307617661329452,23,13,0.0
123,13,187,6.5,0.26,3.74,6.5,93.5,26.0,6.307617661329452,23,13,0.0
124,13,187,6.5,0.26,3.74,6.5,93.5,26.0,6.307617661329452,23,13,0.0
125,13,187,6.5,0.26,3.74,6.5,93.5,26.0,6.307617661329452,23,13,0.0
126,13,187,6.5,0.26,3.74,6.5,93.5,26.0,6.307617661329452,23,13,0.0
127,13,187,6.5,0.26,3.74,6.5,93.5,26.0,6.307617661329452,23,13,0.0
128,13,187,6.5,0.26,3.74,6.5,93.5,26.0,6.307617661329452,23,13,0.0
129,13,187,6.5,0.26,3.74,6.5,93.5,26.0,6.307617661329452,23,13,0.0
130,13,187,6.5,0.26,3.74,6.5,93.5,26.0,6.307617661329452,23,13,0.0
131,13,187,6.5,0.26,3.74,6.5,93.5,26.0,6.307617661329452,24,13,0.0
132,13,187,6.5,0.26,3.74,6.5,93.5,26.0,6.307617661329452,24,13,0.0
133,13,187,6.5,0.26,3.74,6.5,93.5,26.0,6.307617661329452,24,13,0.0
134,13,187,6.5,0.26,3.74,6.5,93.5,26.0,6.307617661329452,24,13,0.0
135,13,187,6.5,0.26,3.74,6.5,93.5,26.0,6.307617661329452,24,13,0.0
136,13,187,6.5,0.26,3.74,6.5,93.5,26.0,6.307617661329452,24,13,0.0
137,13,187,6.5,0.26,3.74,6.5,93.5,26.0,6.307617661329452,24,13,0.0
138,13,187,6.5,0.26,3.74,6.5,93.5,26.0,6.307617661329452,24,13,0.0
139,13,187,6.5,0.26,3.74,6.5,93.5,26.0,6.307617661329452,24,13,0.0
140,13,187,6.5,0.26,3.74,6.5,93.5,26.0,6.307617661329452,24,13,0.0
141,13,187,6.5,0.26,3.74,6.5,93.5,26.0,6.307617661329452,24,13,0.0
142,13,187,6.5,0.26,3.74,6.5,93.5,26.0,6.307617661329452,24,13,0.0
143,13,187,6.5,0.26,3.74,6.5,93.5,26.0,6.307617661329452,24,13,0.0
144,13,187,6.5,0.26,3.74,6.5,93.5,26.0,6.307617661329452,24,13,0.0
145,13,187,6.5,0.26,3.74,6.5,93.5,26.0,6.307617661329452,24,13,0.0
146,13,187,6.5,0.26,3.74,6.5,93.5,26.0,6.307617661329452,24,13,0.0
147,13,187,6.5,0.26,3.74,6.5,93.5,26.0,6.307617661329452,24,13,0.0
148,13,187,6.5,0.26,3.74,6.5,93.5,26.0,6.307617661329452,24,13,0.0
149,13,187,6.5,0.26,3.74,6.5,93.5,26.0,6.307617661329452,24,13,0.0
150,13,187,6.5,0.26,3.74,6.5,93.5,26.0,6.307617661329452,24,13,0.0
151,13,187,6.5,0.26,3.74,6.5,93.5,26.0,6.307617661329452,24,13,0.0
152,14,186,7.000000000000001,0.28,3.7199999999999998,7.000000000000001,92.99999999999999,28.000000000000004,6.7928190198932565,25,14,2.0000000000000036
153,14,186,7.000000000000001,0.28,3.7199999999999998,7.000000000000001,92.99999999999999,28.000000000000004,6.7928190198932565,25,14,0.0
154,14,186,7.000000000000001,0.28,3.7199999999999998,7.000000000000001,92.99999999999999,28.000000000000004,6.7928190198932565,25,14,0.0
155,15,185,7.5,0.3,3.7,7.5,92.5,30.0,7.27802037845706,26,15,1.9999999999999964
156,16,184,8.0,0.32,3.68,8.0,92.0,32.0,7.7632217370208645,27,16,2.0
157,16,184,8.0,0.32,3.68,8.0,92.0,32.0,7.7632217370208645,27,16,0.0
158,16,184,8.0,0.32,3.68,8.0,92.0,32.0,7.7632217370208645,27,16,0.0
159,16,184,8.0,0.32,3.68,8.0,92.0,32.0,7.7632217370208645,27,16,0.0
160,16,184,8.0,0.32,3.68,8.0,92.0,32.0,7.7632217370208645,27,16,0.0
161,16,184,8.0,0.32,3.68,8.0,92.0,32.0,7.7632217370208645,27,16,0.0
162,16,184,8.0,0.32,3.68,8.0,92.0,32.0,7.7632217370208645,27,16,0.0
163,16,184,8.0,0.32,3.68,8.0,92.0,32.0,7.7632217370208645,27,16,0.0
164,16,184,8.0,0.32,3.68,8.0,92.0,32.0,7.7632217370208645,27,16,0.0
165,16,184,8.0,0.32,3.68,8.0,92.0,32.0,7.7632217370208645,27,16,0.0
166,16,184,8.0,0.32,3.68,8.0,92.0,32.0,7.7632217370208645,27,16,0.0
167,16,184,8.0,0.32,3.68,8.0,92.0,32.0,7.7632217370208645,27,16,0.0
168,16,184,8.0,0.32,3.68,8.0,92.0,32.0,7.7632217370208645,27,16,0.0
169,16,184,8.0,0.32,3.68,8.0,92.0,32.0,7.7632217370208645,27,16,0.0
170,16,184,8.0,0.32,3.68,8.0,92.0,32.0,7.7632217370208645,27,16,0.0
171,16,184,8.0,0.32,3.68,8.0,92.0,32.0,7.7632217370208645,27,16,0.0
172,16,184,8.0,0.32,3.68,8.0,92.0,32.0,7.7632217370208645,27,16,0.0
173,16,184,8.0,0.32,3.68,8.0,92.0,32.0,7.7632217370208645,27,16,0.0
174,16,184,8.0,0.32,3.68,8.0,92.0,32.0,7.7632217370208645,27,16,0.0
175,16,184,8.0,0.32,3.68,8.0,92.0,32.0,7.7632217370208645,27,16,0.0
176,16,184,8.0,0.32,3.68,8.0,92.0,32.0,7.7632217370208645,27,16,0.0
177,16,184,8.0,0.32,3.68,8.0,92.0,32.0,7.7632217370208645,27,16,0.0
178,16,184,8.0,0.32,3.68,8.0,92.0,32.0,7.7632217370208645,27,16,0.0
179,16,184,8.0,0.32,3.68,8.0,92.0,32.0,7.7632217370208645,27,16,0.0
180,16,184,8.0,0.32,3.68,8.0,92.0,32.0,7.7632217370208645,27,16,0.0
181,16,184,8.0,0.32,3.68,8.0,92.0,32.0,7.7632217370208645,27,16,0.0
182,16,184,8.0,0.32,3.68,8.0,92.0,32.0,7.7632217370208645,27,16,0.0
183,16,184,8.0,0.32,3.68,8.0,92.0,32.0,7.7632217370208645,28,16,0.0
184,16,184,8.0,0.32,3.68,8.0,92.0,32.0,7.7632217370208645,28,16,0.0
185,16,184,8.0,0.32,3.68,8.0,92.0,32.0,7.7632217370208645,28,16,0.0
186,16,184,8.0,0.32,3.68,8.0,92.0,32.0,7.7632217370208645,28,16,0.0
187,16,184,8.0,0.32,3.68,8.0,92.0,32.0,7.7632217370208645,28,16,0.0
188,16,184,8.0,0.32,3.68,8.0,92.0,32.0,7.7632217370208645,28,16,0.0
189,16,184,8.0,0.32,3.68,8.0,92.0,32.0,7.7632217370208645,29,16,0.0
190,16,184,8.0,0.32,3.68,8.0,92.0,32.0,7.7632217370208645,29,16,0.0
191,17,183,8.5,0.34,3.66,8.5,91.5,34.0,8.248423095584668,31,17,2.0
192,17,183,8.5,0.34,3.66,8.5,91.5,34.0,8.248423095584668,33,17,0.0
193,17,183,8.5,0.34,3.66,8.5,91.5,34.0,8.248423095584668,34,17,0.0
194,17,183,8.5,0.34,3.66,8.5,91.5,34.0,8.248423095584668,35,17,0.0
195,17,183,8.5,0.34,3.66,8.5,91.5,34.0,8.248423095584668,35,17,0.0
196,17,183,8.5,0.34,3.66,8.5,91.5,34.0,8.248423095584668,36,17,0.0
197,17,183,8.5,0.34,3.66,8.5,91.5,34.0,8.248423095584668,36,17,0.0
198,17,183,8.5,0.34,3.66,8.5,91.5,34.0,8.248423095584668,36,17,0.0
199,19,181,9.5,0.38,3.62,9.5,90.5,38.0,9.218825812712275,38,19,4.0
200,19,181,9.5,0.38,3.62,9.5,90.5,38.0,9.218825812712275,38,19,0.0
201,19,181,9.5,0.38,3.62,9.5,90.5,38.0,9.218825812712275,38,19,0.0
202,19,181,9.5,0.38,3.62,9.5,90.5,38.0,9.218825812712275,38,19,0.0
203,19,181,9.5,0.38,3.62,9.5,90.5,38.0,9.218825812712275,38,19,0.0
204,19,181,9.5,0.38,3.62,9.5,90.5,38.0,9.218825812712275,38,19,0.0
205,20,180,10.0,0.4,3.6,10.0,90.0,40.0,9.70402717127608,39,20,2.0
206,20,180,10.0,0.4,3.6,10.0,90.0,40.0,9.70402717127608,39,20,0.0
207,20,180,10.0,0.4,3.6,10.0,90.0,40.0,9.70402717127608,40,20,0.0
208,20,180,10.0,0.4,3.6,10.0,90.0,40.0,9.70402717127608,40,20,0.0
209,20,180,10.0,0.4,3.6,10.0,90.0,40.0,9.70402717127608,40,20,0.0
210,20,180,10.0,0.4,3.6,10.0,90.0,40.0,9.70402717127608,40,20,0.0
211,21,179,10.5,0.42,3.58,10.5,89.5,42.0,10.189228529839884,41,21,2.0
212,21,179,10.5,0.42,3.58,10.5,89.5,42.0,10.189228529839884,41,21,0.0
213,21,179,10.5,0.42,3.58,10.5,89.5,42.0,10.189228529839884,41,21,0.0
214,21,179,10.5,0.42,3.58,10.5,89.5,42.0,10.189228529839884,41,21,0.0
215,21,179,10.5,0.42,3.58,10.5,89.5,42.0,10.189228529839884,41,21,0.0
216,21,179,10.5,0.42,3.58,10.5,89.5,42.0,10.189228529839884,41,21,0.0
217,21,179,10.5,0.42,3.58,10.5,89.5,42.0,10.189228529839884,41,21,0.0
218,22,178,11.0,0.44,3.56,11.0,89.0,44.0,10.674429888403687,42,22,2.0
219,22,178,11.0,0.44,3.56,11.0,89.0,44.0,10.674429888403687,42,22,0.0
220,22,178,11.0,0.44,3.56,11.0,89.0,44.0,10.674429888403687,42,22,0.0
221,22,178,11.0,0.44,3.56,11.0,89.0,44.0,10.674429888403687,42,22,0.0
222,22,178,11.0,0.44,3.56,11.0,89.0,44.0,10.674429888403687,42,22,0.0
223,22,178,11.0,0.44,3.56,11.0,89.0,44.0,10.674429888403687,42,22,0.0
224,22,178,11.0,0.44,3.56,11.0,89.0,44.0,10.674429888403687,42,22,0.0
225,22,178,11.0,0.44,3.56,11.0,89.0,44.0,10.674429888403687,42,22,0.0
226,22,178,11.0,0.44,3.56,11.0,89.0,44.0,10.674429888403687,42,22,0.0
227,22,178,11.0,0.44,3.56,11.0,89.0,44.0,10.674429888403687,42,22,0.0
228,22,178,11.0,0.44,3.56,11.0,89.0,44.0,10.674429888403687,42,22,0.0
229,22,178,11.0,0.44,3.56,11.0,89.0,44.0,10.674429888403687,42,22,0.0
230,22,178,11.0,0.44,3.56,11.0,89.0,44.0,10.674429888403687,42,22,0.0
231,22,178,11.0,0.44,3.56,11.0,89.0,44.0,10.674429888403687,42,22,0.0
232,22,178,11.0,0.44,3.56,11.0,89.0,44.0,10.674429888403687,42,22,0.0
233,22,178,11.0,0.44,3.56,11.0,89.0,44.0,10.674429888403687,42,22,0.0
234,22,178,11.0,0.44,3.56,11.0,89.0,44.0,10.674429888403687,42,22,0.0
235,22,178,11.0,0.44,3.56,11.0,89.0,44.0,10.674429888403687,42,22,0.0
236,23,177,11.5,0.46,3.54,11.5,88.5,46.0,11.159631246967491,43,23,2.0
237,23,177,11.5,0.46,3.54,11.5,88.5,46.0,11.159631246967491,43,23,0.0
238,23,177,11.5,0.46,3.54,11.5,88.5,46.0,11.159631246967491,43,23,0.0
239,23,177,11.5,0.46,3.54,11.5,88.5,46.0,11.159631246967491,43,23,0.0
240,23,177,11.5,0.46,3.54,11.5,88.5,46.0,11.159631246967491,43,23,0.0
241,23,177,11.5,0.46,3.54,11.5,88.5,46.0,11.159631246967491,43,23,0.0
242,23,177,11.5,0.46,3.54,11.5,88.5,46.0,11.159631246967491,43,23,0.0
243,23,177,11.5,0.46,3.54,11.5,88.5,46.0,11.159631246967491,43,23,0.0
244,23,177,11.5,0.46,3.54,11.5,88.5,46.0,11.159631246967491,43,23,0.0
245,23,177,11.5,0.46,3.54,11.5,88.5,46.0,11.159631246967491,43,23,0.0
246,23,177,11.5,0.46,3.54,11.5,88.5,46.0,11.159631246967491,43,23,0.0
247,23,177,11.5,0.46,3.54,11.5,88.5,46.0,11.159631246967491,43,23,0.0
248,23,177,11.5,0.46,3.54,11.5,88.5,46.0,11.159631246967491,43,23,0.0
249,23,177,11.5,0.46,3.54,11.5,88.5,46.0,11.159631246967491,43,23,0.0
250,23,177,11.5,0.46,3.54,11.5,88.5,46.0,11.159631246967491,43,23,0.0
251,23,177,11.5,0.46,3.54,11.5,88.5,46.0,11.159631246967491,43,23,0.0
252,23,177,11.5,0.46,3.54,11.5,88.5,46.0,11.159631246967491,43,23,0.0
253,23,177,11.5,0.46,3.54,11.5,88.5,46.0,11.159631246967491,43,23,0.0
254,23,177,11.5,0.46,3.54,11.5,88.5,46.0,11.159631246967491,43,23,0.0
255,23,177,11.5,0.46,3.54,11.5,88.5,46.0,11.159631246967491,43,23,0.0
256,23,177,11.5,0.46,3.54,11.5,88.5,46.0,11.159631246967491,43,23,0.0
257,23,177,11.5,0.46,3.54,11.5,88.5,46.0,11.159631246967491,43,23,0.0
258,23,177,11.5,0.46,3.54,11.5,88.5,46.0,11.159631246967491,43,23,0.0
259,23,177,11.5,0.46,3.54,11.5,88.5,46.0,11.159631246967491,43,23,0.0
260,23,177,11.5,0.46,3.54,11.5,88.5,46.0,11.159631246967491,43,23,0.0
261,23,177,11.5,0.46,3.54,11.5,88.5,46.0,11.159631246967491,43,23,0.0
262,23,177,11.5,0.46,3.54,11.5,88.5,46.0,11.159631246967491,43,23,0.0
263,23,177,11.5,0.46,3.54,11.5,88.5,46.0,11.159631246967491,43,23,0.0
264,23,177,11.5,0.46,3.54,11.5,88.5,46.0,11.159631246967491,43,23,0.0
265,23,177,11.5,0.46,3.54,11.5,88.5,46.0,11.159631246967491,43,23,0.0
266,23,177,11.5,0.46,3.54,11.5,88.5,46.0,11.159631246967491,43,23,0.0
267,23,177,11.5,0.46,3.54,11.5,88.5,46.0,11.159631246967491,43,23,0.0
268,24,176,12.0,0.48,3.52,12.0,88.0,48.0,11.644832605531295,44,24,2.0
269,24,176,12.0,0.48,3.52,12.0,88.0,48.0,11.644832605531295,44,24,0.0
270,24,176,12.0,0.48,3.52,12.0,88.0,48.0,11.644832605531295,44,24,0.0
271,24,176,12.0,0.48,3.52,12.0,88.0,48.0,11.644832605531295,44,24,0.0
272,24,176,12.0,0.48,3.52,12.0,88.0,48.0,11.644832605531295,44,24,0.0
273,24,176,12.0,0.48,3.52,12.0,88.0,48.0,11.644832605531295,45,24,0.0
274,25,175,12.5,0.5,3.5,12.5,87.5,50.0,12.1300339640951,46,25,2.0
275,25,175,12.5,0.5,3.5,12.5,87.5,50.0,12.1300339640951,46,25,0.0
276,25,175,12.5,0.5,3.5,12.5,87.5,50.0,12.1300339640951,46,25,0.0
277,25,175,12.5,0.5,3.5,12.5,87.5,50.0,12.1300339640951,46,25,0.0
278,25,175,12.5,0.5,3.5,12.5,87.5,50.0,12.1300339640951,46,25,0.0
279,26,174,13.0,0.52,3.48,13.0,87.0,52.0,12.615235322658904,47,26,2.0
280,26,174,13.0,0.52,3.48,13.0,87.0,52.0,12.615235322658904,47,26,0.0
281,26,174,13.0,0.52,3.48,13.0,87.0,52.0,12.615235322658904,47,26,0.0
282,27,173,13.5,0.54,3.46,13.5,86.5,54.0,13.100436681222707,48,27,2.0
283,27,173,13.5,0.54,3.46,13.5,86.5,54.0,13.100436681222707,48,27,0.0
284,27,173,13.5,0.54,3.46,13.5,86.5,54.0,13.100436681222707,48,27,0.0
285,27,173,13.5,0.54,3.46,13.5,86.5,54.0,13.100436681222707,48,27,0.0
286,27,173,13.5,0.54,3.46,13.5,86.5,54.0,13.100436681222707,48,27,0.0
287,27,173,13.5,0.54,3.46,13.5,86.5,54.0,13.100436681222707,48,27,0.0
288,27,173,13.5,0.54,3.46,13.5,86.5,54.0,13.100436681222707,48,27,0.0
289,27,173,13.5,0.54,3.46,13.5,86.5,54.0,13.100436681222707,48,27,0.0
290,27,173,13.5,0.54,3.46,13.5,86.5,54.0,13.100436681222707,48,27,0.0
291,27,173,13.5,0.54,3.46,13.5,86.5,54.0,13.100436681222707,48,27,0.0
292,27,173,13.5,0.54,3.46,13.5,86.5,54.0,13.100436681222707,48,27,0.0
293,27,173,13.5,0.54,3.46,13.5,86.5,54.0,13.100436681222707,48,27,0.0
294,27,173,13.5,0.54,3.46,13.5,86.5,54.0,13.100436681222707,48,27,0.0
295,27,173,13.5,0.54,3.46,13.5,86.5,54.0,13.100436681222707,49,27,0.0
296,27,173,13.5,0.54,3.46,13.5,86.5,54.0,13.100436681222707,50,27,0.0
297,27,173,13.5,0.54,3.46,13.5,86.5,54.0,13.100436681222707,50,27,0.0
298,27,173,13.5,0.54,3.46,13.5,86.5,54.0,13.100436681222707,50,27,0.0
299,28,172,14.000000000000002,0.56,3.44,14.000000000000002,86.0,56.00000000000001,13.585638039786513,51,28,2.000000000000007
300,28,172,14.000000000000002,0.56,3.44,14.000000000000002,86.0,56.00000000000001,13.585638039786513,51,28,0.0
301,28,172,14.000000000000002,0.56,3.44,14.000000000000002,86.0,56.00000000000001,13.585638039786513,51,28,0.0
302,28,172,14.000000000000002,0.56,3.44,14.000000000000002,86.0,56.00000000000001,13.585638039786513,51,28,0.0
303,28,172,14.000000000000002,0.56,3.44,14.000000000000002,86.0,56.00000000000001,13.585638039786513,51,28,0.0
304,28,172,14.000000000000002,0.56,3.44,14.000000000000002,86.0,56.00000000000001,13.585638039786513,52,28,0.0
305,28,172,14.000000000000002,0.56,3.44,14.000000000000002,86.0,56.00000000000001,13.585638039786513,52,28,0.0
306,28,172,14.000000000000002,0.56,3.44,14.000000000000002,86.0,56.00000000000001,13.585638039786513,52,28,0.0
307,28,172,14.000000000000002,0.56,3.44,14.000000000000002,86.0,56.00000000000001,13.585638039786513,52,28,0.0
308,28,172,14.000000000000002,0.56,3.44,14.000000000000002,86.0,56.00000000000001,13.585638039786513,52,28,0.0
309,28,172,14.000000000000002,0.56,3.44,14.000000000000002,86.0,56.00000000000001,13.585638039786513,52,28,0.0
310,28,172,14.000000000000002,0.56,3.44,14.000000000000002,86.0,56.00000000000001,13.585638039786513,52,28,0.0
311,28,172,14.000000000000002,0.56,3.44,14.000000000000002,86.0,56.00000000000001,13.585638039786513,52,28,0.0
312,29,171,14.499999999999998,0.58,3.42,14.499999999999998,85.5,57.99999999999999,14.070839398350312,54,29,1.9999999999999858
313,29,171,14.499999999999998,0.58,3.42,14.499999999999998,85.5,57.99999999999999,14.070839398350312,55,29,0.0
314,30,170,15.0,0.6,3.4,15.0,85.0,60.0,14.55604075691412,56,30,2.000000000000007
315,30,170,15.0,0.6,3.4,15.0,85.0,60.0,14.55604075691412,56,30,0.0
316,30,170,15.0,0.6,3.4,15.0,85.0,60.0,14.55604075691412,56,30,0.0
317,30,170,15.0,0.6,3.4,15.0,85.0,60.0,14.55604075691412,56,30,0.0
318,30,170,15.0,0.6,3.4,15.0,85.0,60.0,14.55604075691412,56,30,0.0
319,30,170,15.0,0.6,3.4,15.0,85.0,60.0,14.55604075691412,56,30,0.0
320,30,170,15.0,0.6,3.4,15.0,85.0,60.0,14.55604075691412,56,30,0.0
321,30,170,15.0,0.6,3.4,15.0,85.0,60.0,14.55604075691412,56,30,0.0
322,30,170,15.0,0.6,3.4,15.0,85.0,60.0,14.55604075691412,56,30,0.0
323,30,170,15.0,0.6,3.4,15.0,85.0,60.0,14.55604075691412,56,30,0.0
324,30,170,15.0,0.6,3.4,15.0,85.0,60.0,14.55604075691412,56,30,0.0
325,30,170,15.0,0.6,3.4,15.0,85.0,60.0,14.55604075691412,56,30,0.0
326,30,170,15.0,0.6,3.4,15.0,85.0,60.0,14.55604075691412,56,30,0.0
327,30,170,15.0,0.6,3.4,15.0,85.0,60.0,14.55604075691412,56,30,0.0
328,30,170,15.0,0.6,3.4,15.0,85.0,60.0,14.55604075691412,56,30,0.0
329,30,170,15.0,0.6,3.4,15.0,85.0,60.0,14.55604075691412,57,30,0.0
330,31,169,15.5,0.62,3.38,15.5,84.5,62.0,15.041242115477923,58,31,2.0
331,31,169,15.5,0.62,3.38,15.5,84.5,62.0,15.041242115477923,58,31,0.0
332,31,169,15.5,0.62,3.38,15.5,84.5,62.0,15.041242115477923,58,31,0.0
333,31,169,15.5,0.62,3.38,15.5,84.5,62.0,15.041242115477923,58,31,0.0
334,31,169,15.5,0.62,3.38,15.5,84.5,62.0,15.041242115477923,58,31,0.0
335,31,169,15.5,0.62,3.38,15.5,84.5,62.0,15.041242115477923,58,31,0.0
336,31,169,15.5,0.62,3.38,15.5,84.5,62.0,15.041242115477923,58,31,0.0
337,31,169,15.5,0.62,3.38,15.5,84.5,62.0,15.041242115477923,58,31,0.0
338,32,168,16.0,0.64,3.36,16.0,84.0,64.0,15.526443474041729,59,32,2.0
339,32,168,16.0,0.64,3.36,16.0,84.0,64.0,15.526443474041729,59,32,0.0
340,32,168,16.0,0.64,3.36,16.0,84.0,64.0,15.526443474041729,59,32,0.0
341,32,168,16.0,0.64,3.36,16.0,84.0,64.0,15.526443474041729,60,32,0.0
342,32,168,16.0,0.64,3.36,16.0,84.0,64.0,15.526443474041729,60,32,0.0
343,33,167,16.5,0.66,3.34,16.5,83.5,66.0,16.011644832605533,61,33,2.0
344,33,167,16.5,0.66,3.34,16.5,83.5,66.0,16.011644832605533,61,33,0.0
345,33,167,16.5,0.66,3.34,16.5,83.5,66.0,16.011644832605533,61,33,0.0
346,33,167,16.5,0.66,3.34,16.5,83.5,66.0,16.011644832605533,61,33,0.0
347,33,167,16.5,0.66,3.34,16.5,83.5,66.0,16.011644832605533,61,33,0.0
348,33,167,16.5,0.66,3.34,16.5,83.5,66.0,16.011644832605533,61,33,0.0
349,33,167,16.5,0.66,3.34,16.5,83.5,66.0,16.011644832605533,61,33,0.0
350,33,167,16.5,0.66,3.34,16.5,83.5,66.0,16.011644832605533,61,33,0.0
351,33,167,16.5,0.66,3.34,16.5,83.5,66.0,16.011644832605533,61,33,0.0
352,33,167,16.5,0.66,3.34,16.5,83.5,66.0,16.011644832605533,61,33,0.0
353,33,167,16.5,0.66,3.34,16.5,83.5,66.0,16.011644832605533,61,33,0.0
354,33,167,16.5,0.66,3.34,16.5,83.5,66.0,16.011644832605533,61,33,0.0
355,33,167,16.5,0.66,3.34,16.5,83.5,66.0,16.011644832605533,61,33,0.0
356,33,167,16.5,0.66,3.34,16.5,83.5,66.0,16.011644832605533,61,33,0.0
357,33,167,16.5,0.66,3.34,16.5,83.5,66.0,16.011644832605533,61,33,0.0
358,33,167,16.5,0.66,3.34,16.5,83.5,66.0,16.011644832605533,61,33,0.0
359,33,167,16.5,0.66,3.34,16.5,83.5,66.0,16.011644832605533,61,33,0.0
360,33,167,16.5,0.66,3.34,16.5,83.5,66.0,16.011644832605533,61,33,0.0
361,33,167,16.5,0.66,3.34,16.5,83.5,66.0,16.011644832605533,61,33,0.0
362,33,167,16.5,0.66,3.34,16.5,83.5,66.0,16.011644832605533,61,33,0.0
363,33,167,16.5,0.66,3.34,16.5,83.5,66.0,16.011644832605533,61,33,0.0
364,33,167,16.5,0.66,3.34,16.5,83.5,66.0,16.011644832605533,61,33,0.0
365,33,167,16.5,0.66,3.34,16.5,83.5,66.0,16.011644832605533,61,33,0.0
366,33,167,16.5,0.66,3.34,16.5,83.5,66.0,16.011644832605533,61,33,0.0
367,33,167,16.5,0.66,3.34,16.5,83.5,66.0,16.011644832605533,61,33,0.0
368,33,167,16.5,0.66,3.34,16.5,83.5,66.0,16.011644832605533,61,33,0.0
369,33,167,16.5,0.66,3.34,16.5,83.5,66.0,16.011644832605533,61,33,0.0
370,33,167,16.5,0.66,3.34,16.5,83.5,66.0,16.011644832605533,61,33,0.0
371,33,167,16.5,0.66,3.34,16.5,83.5,66.0,16.011644832605533,61,33,0.0
372,33,167,16.5,0.66,3.34,16.5,83.5,66.0,16.011644832605533,61,33,0.0
373,33,167,16.5,0.66,3.34,16.5,83.5,66.0,16.011644832605533,61,33,0.0
374,33,167,16.5,0.66,3.34,16.5,83.5,66.0,16.011644832605533,61,33,0.0
375,33,167,16.5,0.66,3.34,16.5,83.5,66.0,16.011644832605533,61,33,0.0
376,33,167,16.5,0.66,3.34,16.5,83.5,66.0,16.011644832605533,61,33,0.0
377,33,167,16.5,0.66,3.34,16.5,83.5,66.0,16.011644832605533,61,33,0.0
378,33,167,16.5,0.66,3.34,16.5,83.5,66.0,16.011644832605533,61,33,0.0
379,33,167,16.5,0.66,3.34,16.5,83.5,66.0,16.011644832605533,61,33,0.0
380,33,167,16.5,0.66,3.34,16.5,83.5,66.0,16.011644832605533,61,33,0.0
381,33,167,16.5,0.66,3.34,16.5,83.5,66.0,16.011644832605533,61,33,0.0
382,33,167,16.5,0.66,3.34,16.5,83.5,66.0,16.011644832605533,61,33,0.0
383,33,167,16.5,0.66,3.34,16.5,83.5,66.0,16.011644832605533,61,33,0.0
384,33,167,16.5,0.66,3.34,16.5,83.5,66.0,16.011644832605533,61,33,0.0
385,33,167,16.5,0.66,3.34,16.5,83.5,66.0,16.011644832605533,61,33,0.0
386,33,167,16.5,0.66,3.34,16.5,83.5,66.0,16.011644832605533,61,33,0.0
387,33,167,16.5,0.66,3.34,16.5,83.5,66.0,16.011644832605533,61,33,0.0
388,33,167,16.5,0.66,3.34,16.5,83.5,66.0,16.011644832605533,61,33,0.0
389,33,167,16.5,0.66,3.34,16.5,83.5,66.0,16.011644832605533,61,33,0.0
390,33,167,16.5,0.66,3.34,16.5,83.5,66.0,16.011644832605533,61,33,0.0
391,33,167,16.5,0.66,3.34,16.5,83.5,66.0,16.011644832605533,61,33,0.0
392,33,167,16.5,0.66,3.34,16.5,83.5,66.0,16.011644832605533,61,33,0.0
393,34,166,17.0,0.68,3.32,17.0,83.0,68.0,16.496846191169336,62,34,2.0
394,34,166,17.0,0.68,3.32,17.0,83.0,68.0,16.496846191169336,62,34,0.0
395,34,166,17.0,0.68,3.32,17.0,83.0,68.0,16.496846191169336,62,34,0.0
396,34,166,17.0,0.68,3.32,17.0,83.0,68.0,16.496846191169336,62,34,0.0
397,34,166,17.0,0.68,3.32,17.0,83.0,68.0,16.496846191169336,62,34,0.0
398,34,166,17.0,0.68,3.32,17.0,83.0,68.0,16.496846191169336,62,34,0.0
399,34,166,17.0,0.68,3.32,17.0,83.0,68.0,16.496846191169336,62,34,0.0
400,34,166,17.0,0.68,3.32,17.0,83.0,68.0,16.496846191169336,62,34,0.0
401,34,166,17.0,0.68,3.32,17.0,83.0,68.0,16.496846191169336,62,34,0.0
402,35,165,17.5,0.7000000000000001,3.3,17.5,82.5,70.0,16.98204754973314,63,35,2.0
403,35,165,17.5,0.7000000000000001,3.3,17.5,82.5,70.0,16.98204754973314,63,35,0.0
404,35,165,17.5,0.7000000000000001,3.3,17.5,82.5,70.0,16.98204754973314,63,35,0.0
405,35,165,17.5,0.7000000000000001,3.3,17.5,82.5,70.0,16.98204754973314,63,35,0.0
406,35,165,17.5,0.7000000000000001,3.3,17.5,82.5,70.0,16.98204754973314,63,35,0.0
407,35,165,17.5,0.7000000000000001,3.3,17.5,82.5,70.0,16.98204754973314,63,35,0.0
408,35,165,17.5,0.7000000000000001,3.3,17.5,82.5,70.0,16.98204754973314,63,35,0.0
409,35,165,17.5,0.7000000000000001,3.3,17.5,82.5,70.0,16.98204754973314,63,35,0.0
410,35,165,17.5,0.7000000000000001,3.3,17.5,82.5,70.0,16.98204754973314,63,35,0.0
411,36,164,18.0,0.72,3.2800000000000002,18.0,82.0,72.0,17.467248908296945,64,36,2.0
412,36,164,18.0,0.72,3.2800000000000002,18.0,82.0,72.0,17.467248908296945,64,36,0.0
413,36,164,18.0,0.72,3.2800000000000002,18.0,82.0,72.0,17.467248908296945,65,36,0.0
414,36,164,18.0,0.72,3.2800000000000002,18.0,82.0,72.0,17.467248908296945,65,36,0.0
415,36,164,18.0,0.72,3.2800000000000002,18.0,82.0,72.0,17.467248908296945,65,36,0.0
416,36,164,18.0,0.72,3.2800000000000002,18.0,82.0,72.0,17.467248908296945,65,36,0.0
417,36,164,18.0,0.72,3.2800000000000002,18.0,82.0,72.0,17.467248908296945,65,36,0.0
418,36,164,18.0,0.72,3.2800000000000002,18.0,82.0,72.0,17.467248908296945,65,36,0.0
419,36,164,18.0,0.72,3.2800000000000002,18.0,82.0,72.0,17.467248908296945,65,36,0.0
420,36,164,18.0,0.72,3.2800000000000002,18.0,82.0,72.0,17.467248908296945,65,36,0.0
421,36,164,18.0,0.72,3.2800000000000002,18.0,82.0,72.0,17.467248908296945,65,36,0.0
422,36,164,18.0,0.72,3.2800000000000002,18.0,82.0,72.0,17.467248908296945,65,36,0.0
423,36,164,18.0,0.72,3.2800000000000002,18.0,82.0,72.0,17.467248908296945,65,36,0.0
424,36,164,18.0,0.72,3.2800000000000002,18.0,82.0,72.0,17.467248908296945,65,36,0.0
425,36,164,18.0,0.72,3.2800000000000002,18.0,82.0,72.0,17.467248908296945,65,36,0.0
426,36,164,18.0,0.72,3.2800000000000002,18.0,82.0,72.0,17.467248908296945,65,36,0.0
427,36,164,18.0,0.72,3.2800000000000002,18.0,82.0,72.0,17.467248908296945,66,36,0.0
428,36,164,18.0,0.72,3.2800000000000002,18.0,82.0,72.0,17.467248908296945,66,36,0.0
429,36,164,18.0,0.72,3.2800000000000002,18.0,82.0,72.0,17.467248908296945,66,36,0.0
430,36,164,18.0,0.72,3.2800000000000002,18.0,82.0,72.0,17.467248908296945,67,36,0.0
431,36,164,18.0,0.72,3.2800000000000002,18.0,82.0,72.0,17.467248908296945,67,36,0.0
432,36,164,18.0,0.72,3.2800000000000002,18.0,82.0,72.0,17.467248908296945,67,36,0.0
433,36,164,18.0,0.72,3.2800000000000002,18.0,82.0,72.0,17.467248908296945,67,36,0.0
434,36,164,18.0,0.72,3.2800000000000002,18.0,82.0,72.0,17.467248908296945,67,36,0.0
435,36,164,18.0,0.72,3.2800000000000002,18.0,82.0,72.0,17.467248908296945,68,36,0.0
436,36,164,18.0,0.72,3.2800000000000002,18.0,82.0,72.0,17.467248908296945,68,36,0.0
437,36,164,18.0,0.72,3.2800000000000002,18.0,82.0,72.0,17.467248908296945,68,36,0.0
438,36,164,18.0,0.72,3.2800000000000002,18.0,82.0,72.0,17.467248908296945,68,36,0.0
439,36,164,18.0,0.72,3.2800000000000002,18.0,82.0,72.0,17.467248908296945,68,36,0.0
440,36,164,18.0,0.72,3.2800000000000002,18.0,82.0,72.0,17.467248908296945,68,36,0.0
441,36,164,18.0,0.72,3.2800000000000002,18.0,82.0,72.0,17.467248908296945,68,36,0.0
442,36,164,18.0,0.72,3.2800000000000002,18.0,82.0,72.0,17.467248908296945,68,36,0.0
443,36,164,18.0,0.72,3.2800000000000002,18.0,82.0,72.0,17.467248908296945,68,36,0.0
444,37,163,18.5,0.74,3.26,18.5,81.5,74.0,17.952450266860748,69,37,2.0
445,38,162,19.0,0.76,3.24,19.0,81.0,76.0,18.43765162542455,70,38,2.0
446,38,162,19.0,0.76,3.24,19.0,81.0,76.0,18.43765162542455,70,38,0.0
447,38,162,19.0,0.76,3.24,19.0,81.0,76.0,18.43765162542455,70,38,0.0
448,38,162,19.0,0.76,3.24,19.0,81.0,76.0,18.43765162542455,70,38,0.0
449,38,162,19.0,0.76,3.24,19.0,81.0,76.0,18.43765162542455,70,38,0.0
450,38,162,19.0,0.76,3.24,19.0,81.0,76.0,18.43765162542455,70,38,0.0
451,38,162,19.0,0.76,3.24,19.0,81.0,76.0,18.43765162542455,70,38,0.0
452,39,161,19.5,0.78,3.2199999999999998,19.5,80.49999999999999,78.0,18.922852983988356,72,39,2.0
453,39,161,19.5,0.78,3.2199999999999998,19.5,80.49999999999999,78.0,18.922852983988356,72,39,0.0
454,39,161,19.5,0.78,3.2199999999999998,19.5,80.49999999999999,78.0,18.922852983988356,72,39,0.0
455,39,161,19.5,0.78,3.2199999999999998,19.5,80.49999999999999,78.0,18.922852983988356,72,39,0.0
456,39,161,19.5,0.78,3.2199999999999998,19.5,80.49999999999999,78.0,18.922852983988356,72,39,0.0
457,39,161,19.5,0.78,3.2199999999999998,19.5,80.49999999999999,78.0,18.922852983988356,72,39,0.0
458,40,160,20.0,0.8,3.2,20.0,80.0,80.0,19.40805434255216,73,40,2.0
459,40,160,20.0,0.8,3.2,20.0,80.0,80.0,19.40805434255216,73,40,0.0
460,40,160,20.0,0.8,3.2,20.0,80.0,80.0,19.40805434255216,73,40,0.0
461,40,160,20.0,0.8,3.2,20.0,80.0,80.0,19.40805434255216,73,40,0.0
462,40,160,20.0,0.8,3.2,20.0,80.0,80.0,19.40805434255216,73,40,0.0
463,40,160,20.0,0.8,3.2,20.0,80.0,80.0,19.40805434255216,73,40,0.0
464,40,160,20.0,0.8,3.2,20.0,80.0,80.0,19.40805434255216,73,40,0.0
465,40,160,20.0,0.8,3.2,20.0,80.0,80.0,19.40805434255216,74,40,0.0
466,40,160,20.0,0.8,3.2,20.0,80.0,80.0,19.40805434255216,75,40,0.0
467,40,160,20.0,0.8,3.2,20.0,80.0,80.0,19.40805434255216,75,40,0.0
468,40,160,20.0,0.8,3.2,20.0,80.0,80.0,19.40805434255216,75,40,0.0
469,40,160,20.0,0.8,3.2,20.0,80.0,80.0,19.40805434255216,75,40,0.0
470,40,160,20.0,0.8,3.2,20.0,80.0,80.0,19.40805434255216,75,40,0.0
471,40,160,20.0,0.8,3.2,20.0,80.0,80.0,19.40805434255216,75,40,0.0
472,40,160,20.0,0.8,3.2,20.0,80.0,80.0,19.40805434255216,75,40,0.0
473,40,160,20.0,0.8,3.2,20.0,80.0,80.0,19.40805434255216,75,40,0.0
474,40,160,20.0,0.8,3.2,20.0,80.0,80.0,19.40805434255216,75,40,0.0
475,40,160,20.0,0.8,3.2,20.0,80.0,80.0,19.40805434255216,75,40,0.0
476,40,160,20.0,0.8,3.2,20.0,80.0,80.0,19.40805434255216,75,40,0.0
477,40,160,20.0,0.8,3.2,20.0,80.0,80.0,19.40805434255216,75,40,0.0
478,40,160,20.0,0.8,3.2,20.0,80.0,80.0,19.40805434255216,75,40,0.0
479,40,160,20.0,0.8,3.2,20.0,80.0,80.0,19.40805434255216,75,40,0.0
480,40,160,20.0,0.8,3.2,20.0,80.0,80.0,19.40805434255216,75,40,0.0
481,40,160,20.0,0.8,3.2,20.0,80.0,80.0,19.40805434255216,75,40,0.0
482,40,160,20.0,0.8,3.2,20.0,80.0,80.0,19.40805434255216,75,40,0.0
483,40,160,20.0,0.8,3.2,20.0,80.0,80.0,19.40805434255216,75,40,0.0
484,40,160,20.0,0.8,3.2,20.0,80.0,80.0,19.40805434255216,75,40,0.0
485,40,160,20.0,0.8,3.2,20.0,80.0,80.0,19.40805434255216,75,40,0.0
486,40,160,20.0,0.8,3.2,20.0,80.0,80.0,19.40805434255216,76,40,0.0
487,40,160,20.0,0.8,3.2,20.0,80.0,80.0,19.40805434255216,76,40,0.0
488,40,160,20.0,0.8,3.2,20.0,80.0,80.0,19.40805434255216,77,40,0.0
489,40,160,20.0,0.8,3.2,20.0,80.0,80.0,19.40805434255216,77,40,0.0
490,41,159,20.5,0.8200000000000001,3.1799999999999997,20.5,79.49999999999999,82.0,19.893255701115965,78,41,2.0
491,41,159,20.5,0.8200000000000001,3.1799999999999997,20.5,79.49999999999999,82.0,19.893255701115965,78,41,0.0
492,42,158,21.0,0.84,3.16,21.0,79.0,84.0,20.378457059679768,79,42,2.0
493,42,158,21.0,0.84,3.16,21.0,79.0,84.0,20.378457059679768,79,42,0.0
494,42,158,21.0,0.84,3.16,21.0,79.0,84.0,20.378457059679768,79,42,0.0
495,42,158,21.0,0.84,3.16,21.0,79.0,84.0,20.378457059679768,79,42,0.0
496,42,158,21.0,0.84,3.16,21.0,79.0,84.0,20.378457059679768,79,42,0.0
497,42,158,21.0,0.84,3.16,21.0,79.0,84.0,20.378457059679768,79,42,0.0
498,42,158,21.0,0.84,3.16,21.0,79.0,84.0,20.378457059679768,79,42,0.0
499,42,158,21.0,0.84,3.16,21.0,79.0,84.0,20.378457059679768,79,42,0.0
500,42,158,21.0,0.84,3.16,21.0,79.0,84.0,20.378457059679768,79,42,0.0
501,42,158,21.0,0.84,3.16,21.0,79.0,84.0,20.378457059679768,79,42,0.0
502,43,157,21.5,0.86,3.14,21.5,78.5,86.0,20.86365841824357,80,43,2.0
503,43,157,21.5,0.86,3.14,21.5,78.5,86.0,20.86365841824357,80,43,0.0
504,43,157,21.5,0.86,3.14,21.5,78.5,86.0,20.86365841824357,80,43,0.0
505,43,157,21.5,0.86,3.14,21.5,78.5,86.0,20.86365841824357,80,43,0.0
506,43,157,21.5,0.86,3.14,21.5,78.5,86.0,20.86365841824357,80,43,0.0
507,43,157,21.5,0.86,3.14,21.5,78.5,86.0,20.86365841824357,80,43,0.0
508,43,157,21.5,0.86,3.14,21.5,78.5,86.0,20.86365841824357,80,43,0.0
509,43,157,21.5,0.86,3.14,21.5,78.5,86.0,20.86365841824357,80,43,0.0
510,43,157,21.5,0.86,3.14,21.5,78.5,86.0,20.86365841824357,80,43,0.0
511,43,157,21.5,0.86,3.14,21.5,78.5,86.0,20.86365841824357,80,43,0.0
512,43,157,21.5,0.86,3.14,21.5,78.5,86.0,20.86365841824357,80,43,0.0
513,43,157,21.5,0.86,3.14,21.5,78.5,86.0,20.86365841824357,80,43,0.0
514,43,157,21.5,0.86,3.14,21.5,78.5,86.0,20.86365841824357,80,43,0.0
515,43,157,21.5,0.86,3.14,21.5,78.5,86.0,20.86365841824357,80,43,0.0
516,43,157,21.5,0.86,3.14,21.5,78.5,86.0,20.86365841824357,80,43,0.0
517,43,157,21.5,0.86,3.14,21.5,78.5,86.0,20.86365841824357,80,43,0.0
518,43,157,21.5,0.86,3.14,21.5,78.5,86.0,20.86365841824357,80,43,0.0
519,43,157,21.5,0.86,3.14,21.5,78.5,86.0,20.86365841824357,80,43,0.0
520,43,157,21.5,0.86,3.14,21.5,78.5,86.0,20.86365841824357,80,43,0.0
521,43,157,21.5,0.86,3.14,21.5,78.5,86.0,20.86365841824357,80,43,0.0
522,43,157,21.5,0.86,3.14,21.5,78.5,86.0,20.86365841824357,80,43,0.0
523,43,157,21.5,0.86,3.14,21.5,78.5,86.0,20.86365841824357,80,43,0.0
524,43,157,21.5,0.86,3.14,21.5,78.5,86.0,20.86365841824357,80,43,0.0
525,43,157,21.5,0.86,3.14,21.5,78.5,86.0,20.86365841824357,80,43,0.0
526,43,157,21.5,0.86,3.14,21.5,78.5,86.0,20.86365841824357,80,43,0.0
527,43,157,21.5,0.86,3.14,21.5,78.5,86.0,20.86365841824357,80,43,0.0
528,43,157,21.5,0.86,3.14,21.5,78.5,86.0,20.86365841824357,80,43,0.0
529,43,157,21.5,0.86,3.14,21.5,78.5,86.0,20.86365841824357,80,43,0.0
530,43,157,21.5,0.86,3.14,21.5,78.5,86.0,20.86365841824357,80,43,0.0
531,43,157,21.5,0.86,3.14,21.5,78.5,86.0,20.86365841824357,80,43,0.0
532,43,157,21.5,0.86,3.14,21.5,78.5,86.0,20.86365841824357,80,43,0.0
533,43,157,21.5,0.86,3.14,21.5,78.5,86.0,20.86365841824357,80,43,0.0
534,43,157,21.5,0.86,3.14,21.5,78.5,86.0,20.86365841824357,80,43,0.0
535,43,157,21.5,0.86,3.14,21.5,78.5,86.0,20.86365841824357,80,43,0.0
536,43,157,21.5,0.86,3.14,21.5,78.5,86.0,20.86365841824357,80,43,0.0
537,43,157,21.5,0.86,3.14,21.5,78.5,86.0,20.86365841824357,80,43,0.0
538,43,157,21.5,0.86,3.14,21.5,78.5,86.0,20.86365841824357,80,43,0.0
539,43,157,21.5,0.86,3.14,21.5,78.5,86.0,20.86365841824357,80,43,0.0
540,43,157,21.5,0.86,3.14,21.5,78.5,86.0,20.86365841824357,80,43,0.0
541,43,157,21.5,0.86,3.14,21.5,78.5,86.0,20.86365841824357,80,43,0.0
542,43,157,21.5,0.86,3.14,21.5,78.5,86.0,20.86365841824357,80,43,0.0
543,43,157,21.5,0.86,3.14,21.5,78.5,86.0,20.86365841824357,80,43,0.0
544,43,157,21.5,0.86,3.14,21.5,78.5,86.0,20.86365841824357,80,43,0.0
545,43,157,21.5,0.86,3.14,21.5,78.5,86.0,20.86365841824357,80,43,0.0
546,43,157,21.5,0.86,3.14,21.5,78.5,86.0,20.86365841824357,80,43,0.0
547,43,157,21.5,0.86,3.14,21.5,78.5,86.0,20.86365841824357,80,43,0.0
548,43,157,21.5,0.86,3.14,21.5,78.5,86.0,20.86365841824357,80,43,0.0
549,43,157,21.5,0.86,3.14,21.5,78.5,86.0,20.86365841824357,80,43,0.0
550,43,157,21.5,0.86,3.14,21.5,78.5,86.0,20.86365841824357,80,43,0.0
551,44,156,22.0,0.88,3.12,22.0,78.0,88.0,21.348859776807373,81,44,2.0
552,44,156,22.0,0.88,3.12,22.0,78.0,88.0,21.348859776807373,81,44,0.0
553,44,156,22.0,0.88,3.12,22.0,78.0,88.0,21.348859776807373,81,44,0.0
554,44,156,22.0,0.88,3.12,22.0,78.0,88.0,21.348859776807373,81,44,0.0
555,44,156,22.0,0.88,3.12,22.0,78.0,88.0,21.348859776807373,81,44,0.0
556,44,156,22.0,0.88,3.12,22.0,78.0,88.0,21.348859776807373,81,44,0.0
557,44,156,22.0,0.88,3.12,22.0,78.0,88.0,21.348859776807373,81,44,0.0
558,44,156,22.0,0.88,3.12,22.0,78.0,88.0,21.348859776807373,81,44,0.0
559,44,156,22.0,0.88,3.12,22.0,78.0,88.0,21.348859776807373,81,44,0.0
560,44,156,22.0,0.88,3.12,22.0,78.0,88.0,21.348859776807373,81,44,0.0
561,44,156,22.0,0.88,3.12,22.0,78.0,88.0,21.348859776807373,81,44,0.0
562,44,156,22.0,0.88,3.12,22.0,78.0,88.0,21.348859776807373,81,44,0.0
563,44,156,22.0,0.88,3.12,22.0,78.0,88.0,21.348859776807373,81,44,0.0
564,44,156,22.0,0.88,3.12,22.0,78.0,88.0,21.348859776807373,81,44,0.0
565,44,156,22.0,0.88,3.12,22.0,78.0,88.0,21.348859776807373,81,44,0.0
566,44,156,22.0,0.88,3.12,22.0,78.0,88.0,21.348859776807373,81,44,0.0
567,45,155,22.5,0.9,3.1,22.5,77.5,90.0,21.83406113537118,82,45,2.0
568,45,155,22.5,0.9,3.1,22.5,77.5,90.0,21.83406113537118,82,45,0.0
569,45,155,22.5,0.9,3.1,22.5,77.5,90.0,21.83406113537118,82,45,0.0
570,45,155,22.5,0.9,3.1,22.5,77.5,90.0,21.83406113537118,82,45,0.0
571,45,155,22.5,0.9,3.1,22.5,77.5,90.0,21.83406113537118,82,45,0.0
572,45,155,22.5,0.9,3.1,22.5,77.5,90.0,21.83406113537118,82,45,0.0
573,45,155,22.5,0.9,3.1,22.5,77.5,90.0,21.83406113537118,82,45,0.0
574,45,155,22.5,0.9,3.1,22.5,77.5,90.0,21.83406113537118,82,45,0.0
575,45,155,22.5,0.9,3.1,22.5,77.5,90.0,21.83406113537118,82,45,0.0
576,45,155,22.5,0.9,3.1,22.5,77.5,90.0,21.83406113537118,82,45,0.0
577,45,155,22.5,0.9,3.1,22.5,77.5,90.0,21.83406113537118,82,45,0.0
578,45,155,22.5,0.9,3.1,22.5,77.5,90.0,21.83406113537118,82,45,0.0
579,45,155,22.5,0.9,3.1,22.5,77.5,90.0,21.83406113537118,82,45,0.0
580,45,155,22.5,0.9,3.1,22.5,77.5,90.0,21.83406113537118,82,45,0.0
581,45,155,22.5,0.9,3.1,22.5,77.5,90.0,21.83406113537118,82,45,0.0
582,45,155,22.5,0.9,3.1,22.5,77.5,90.0,21.83406113537118,82,45,0.0
583,45,155,22.5,0.9,3.1,22.5,77.5,90.0,21.83406113537118,82,45,0.0
584,45,155,22.5,0.9,3.1,22.5,77.5,90.0,21.83406113537118,82,45,0.0
585,45,155,22.5,0.9,3.1,22.5,77.5,90.0,21.83406113537118,82,45,0.0
586,45,155,22.5,0.9,3.1,22.5,77.5,90.0,21.83406113537118,82,45,0.0
587,45,155,22.5,0.9,3.1,22.5,77.5,90.0,21.83406113537118,82,45,0.0
588,45,155,22.5,0.9,3.1,22.5,77.5,90.0,21.83406113537118,82,45,0.0
589,45,155,22.5,0.9,3.1,22.5,77.5,90.0,21.83406113537118,82,45,0.0
590,45,155,22.5,0.9,3.1,22.5,77.5,90.0,21.83406113537118,82,45,0.0
591,45,155,22.5,0.9,3.1,22.5,77.5,90.0,21.83406113537118,82,45,0.0
592,45,155,22.5,0.9,3.1,22.5,77.5,90.0,21.83406113537118,82,45,0.0
593,45,155,22.5,0.9,3.1,22.5,77.5,90.0,21.83406113537118,82,45,0.0
594,45,155,22.5,0.9,3.1,22.5,77.5,90.0,21.83406113537118,82,45,0.0
595,45,155,22.5,0.9,3.1,22.5,77.5,90.0,21.83406113537118,82,45,0.0
596,45,155,22.5,0.9,3.1,22.5,77.5,90.0,21.83406113537118,82,45,0.0
597,45,155,22.5,0.9,3.1,22.5,77.5,90.0,21.83406113537118,82,45,0.0
598,45,155,22.5,0.9,3.1,22.5,77.5,90.0,21.83406113537118,82,45,0.0
599,45,155,22.5,0.9,3.1,22.5,77.5,90.0,21.83406113537118,82,45,0.0
600,46,154,23.0,0.92,3.08,23.0,77.0,92.0,22.319262493934982,83,46,2.0
601,46,154,23.0,0.92,3.08,23.0,77.0,92.0,22.319262493934982,83,46,0.0
602,46,154,23.0,0.92,3.08,23.0,77.0,92.0,22.319262493934982,83,46,0.0
603,46,154,23.0,0.92,3.08,23.0,77.0,92.0,22.319262493934982,83,46,0.0
604,46,154,23.0,0.92,3.08,23.0,77.0,92.0,22.319262493934982,83,46,0.0
605,46,154,23.0,0.92,3.08,23.0,77.0,92.0,22.319262493934982,84,46,0.0
606,46,154,23.0,0.92,3.08,23.0,77.0,92.0,22.319262493934982,85,46,0.0
607,46,154,23.0,0.92,3.08,23.0,77.0,92.0,22.319262493934982,85,46,0.0
608,46,154,23.0,0.92,3.08,23.0,77.0,92.0,22.319262493934982,85,46,0.0
609,46,154,23.0,0.92,3.08,23.0,77.0,92.0,22.319262493934982,85,46,0.0
610,46,154,23.0,0.92,3.08,23.0,77.0,92.0,22.319262493934982,85,46,0.0
611,46,154,23.0,0.92,3.08,23.0,77.0,92.0,22.319262493934982,85,46,0.0
612,46,154,23.0,0.92,3.08,23.0,77.0,92.0,22.319262493934982,85,46,0.0
613,46,154,23.0,0.92,3.08,23.0,77.0,92.0,22.319262493934982,85,46,0.0
614,46,154,23.0,0.92,3.08,23.0,77.0,92.0,22.319262493934982,85,46,0.0
615,46,154,23.0,0.92,3.08,23.0,77.0,92.0,22.319262493934982,85,46,0.0
616,46,154,23.0,0.92,3.08,23.0,77.0,92.0,22.319262493934982,85,46,0.0
617,46,154,23.0,0.92,3.08,23.0,77.0,92.0,22.319262493934982,85,46,0.0
618,46,154,23.0,0.92,3.08,23.0,77.0,92.0,22.319262493934982,85,46,0.0
619,46,154,23.0,0.92,3.08,23.0,77.0,92.0,22.319262493934982,85,46,0.0
620,46,154,23.0,0.92,3.08,23.0,77.0,92.0,22.319262493934982,85,46,0.0
621,46,154,23.0,0.92,3.08,23.0,77.0,92.0,22.319262493934982,86,46,0.0
622,46,154,23.0,0.92,3.08,23.0,77.0,92.0,22.319262493934982,86,46,0.0
623,46,154,23.0,0.92,3.08,23.0,77.0,92.0,22.319262493934982,87,46,0.0
624,46,154,23.0,0.92,3.08,23.0,77.0,92.0,22.319262493934982,88,46,0.0
625,46,154,23.0,0.92,3.08,23.0,77.0,92.0,22.319262493934982,88,46,0.0
626,46,154,23.0,0.92,3.08,23.0,77.0,92.0,22.319262493934982,88,46,0.0
627,46,154,23.0,0.92,3.08,23.0,77.0,92.0,22.319262493934982,88,46,0.0
628,46,154,23.0,0.92,3.08,23.0,77.0,92.0,22.319262493934982,88,46,0.0
629,46,154,23.0,0.92,3.08,23.0,77.0,92.0,22.319262493934982,88,46,0.0
630,46,154,23.0,0.92,3.08,23.0,77.0,92.0,22.319262493934982,88,46,0.0
631,46,154,23.0,0.92,3.08,23.0,77.0,92.0,22.319262493934982,88,46,0.0
632,46,154,23.0,0.92,3.08,23.0,77.0,92.0,22.319262493934982,88,46,0.0
633,46,154,23.0,0.92,3.08,23.0,77.0,92.0,22.319262493934982,88,46,0.0
634,46,154,23.0,0.92,3.08,23.0,77.0,92.0,22.319262493934982,88,46,0.0
635,46,154,23.0,0.92,3.08,23.0,77.0,92.0,22.319262493934982,88,46,0.0
636,46,154,23.0,0.92,3.08,23.0,77.0,92.0,22.319262493934982,88,46,0.0
637,46,154,23.0,0.92,3.08,23.0,77.0,92.0,22.319262493934982,88,46,0.0
638,46,154,23.0,0.92,3.08,23.0,77.0,92.0,22.319262493934982,88,46,0.0
639,46,154,23.0,0.92,3.08,23.0,77.0,92.0,22.319262493934982,88,46,0.0
640,46,154,23.0,0.92,3.08,23.0,77.0,92.0,22.319262493934982,88,46,0.0
641,46,154,23.0,0.92,3.08,23.0,77.0,92.0,22.319262493934982,88,46,0.0
642,46,154,23.0,0.92,3.08,23.0,77.0,92.0,22.319262493934982,88,46,0.0
643,46,154,23.0,0.92,3.08,23.0,77.0,92.0,22.319262493934982,88,46,0.0
644,46,154,23.0,0.92,3.08,23.0,77.0,92.0,22.319262493934982,88,46,0.0
645,46,154,23.0,0.92,3.08,23.0,77.0,92.0,22.319262493934982,88,46,0.0
646,46,154,23.0,0.92,3.08,23.0,77.0,92.0,22.319262493934982,88,46,0.0
647,46,154,23.0,0.92,3.08,23.0,77.0,92.0,22.319262493934982,88,46,0.0
648,46,154,23.0,0.92,3.08,23.0,77.0,92.0,22.319262493934982,88,46,0.0
649,46,154,23.0,0.92,3.08,23.0,77.0,92.0,22.319262493934982,88,46,0.0
650,46,154,23.0,0.92,3.08,23.0,77.0,92.0,22.319262493934982,88,46,0.0
651,46,154,23.0,0.92,3.08,23.0,77.0,92.0,22.319262493934982,88,46,0.0
652,46,154,23.0,0.92,3.08,23.0,77.0,92.0,22.319262493934982,88,46,0.0
653,46,154,23.0,0.92,3.08,23.0,77.0,92.0,22.319262493934982,88,46,0.0
654,46,154,23.0,0.92,3.08,23.0,77.0,92.0,22.319262493934982,88,46,0.0
655,46,154,23.0,0.92,3.08,23.0,77.0,92.0,22.319262493934982,88,46,0.0
656,46,154,23.0,0.92,3.08,23.0,77.0,92.0,22.319262493934982,88,46,0.0
657,46,154,23.0,0.92,3.08,23.0,77.0,92.0,22.319262493934982,88,46,0.0
658,46,154,23.0,0.92,3.08,23.0,77.0,92.0,22.319262493934982,88,46,0.0
659,46,154,23.0,0.92,3.08,23.0,77.0,92.0,22.319262493934982,88,46,0.0
660,46,154,23.0,0.92,3.08,23.0,77.0,92.0,22.319262493934982,88,46,0.0
661,46,154,23.0,0.92,3.08,23.0,77.0,92.0,22.319262493934982,88,46,0.0
662,46,154,23.0,0.92,3.08,23.0,77.0,92.0,22.319262493934982,88,46,0.0
663,46,154,23.0,0.92,3.08,23.0,77.0,92.0,22.319262493934982,88,46,0.0
664,46,154,23.0,0.92,3.08,23.0,77.0,92.0,22.319262493934982,88,46,0.0
665,46,154,23.0,0.92,3.08,23.0,77.0,92.0,22.319262493934982,88,46,0.0
666,46,154,23.0,0.92,3.08,23.0,77.0,92.0,22.319262493934982,88,46,0.0
667,46,154,23.0,0.92,3.08,23.0,77.0,92.0,22.319262493934982,88,46,0.0
668,46,154,23.0,0.92,3.08,23.0,77.0,92.0,22.319262493934982,88,46,0.0
669,46,154,23.0,0.92,3.08,23.0,77.0,92.0,22.319262493934982,88,46,0.0
670,46,154,23.0,0.92,3.08,23.0,77.0,92.0,22.319262493934982,88,46,0.0
671,46,154,23.0,0.92,3.08,23.0,77.0,92.0,22.319262493934982,88,46,0.0
672,46,154,23.0,0.92,3.08,23.0,77.0,92.0,22.319262493934982,88,46,0.0
673,46,154,23.0,0.92,3.08,23.0,77.0,92.0,22.319262493934982,88,46,0.0
674,46,154,23.0,0.92,3.08,23.0,77.0,92.0,22.319262493934982,88,46,0.0
675,46,154,23.0,0.92,3.08,23.0,77.0,92.0,22.319262493934982,88,46,0.0
676,46,154,23.0,0.92,3.08,23.0,77.0,92.0,22.319262493934982,88,46,0.0
677,46,154,23.0,0.92,3.08,23.0,77.0,92.0,22.319262493934982,88,46,0.0
678,46,154,23.0,0.92,3.08,23.0,77.0,92.0,22.319262493934982,88,46,0.0
679,46,154,23.0,0.92,3.08,23.0,77.0,92.0,22.319262493934982,88,46,0.0
680,46,154,23.0,0.92,3.08,23.0,77.0,92.0,22.319262493934982,88,46,0.0
681,46,154,23.0,0.92,3.08,23.0,77.0,92.0,22.319262493934982,88,46,0.0
682,46,154,23.0,0.92,3.08,23.0,77.0,92.0,22.319262493934982,88,46,0.0
683,46,154,23.0,0.92,3.08,23.0,77.0,92.0,22.319262493934982,88,46,0.0
684,46,154,23.0,0.92,3.08,23.0,77.0,92.0,22.319262493934982,88,46,0.0
685,46,154,23.0,0.92,3.08,23.0,77.0,92.0,22.319262493934982,88,46,0.0
686,46,154,23.0,0.92,3.08,23.0,77.0,92.0,22.319262493934982,88,46,0.0
687,46,154,23.0,0.92,3.08,23.0,77.0,92.0,22.319262493934982,88,46,0.0
688,46,154,23.0,0.92,3.08,23.0,77.0,92.0,22.319262493934982,88,46,0.0
689,46,154,23.0,0.92,3.08,23.0,77.0,92.0,22.319262493934982,88,46,0.0
690,46,154,23.0,0.92,3.08,23.0,77.0,92.0,22.319262493934982,88,46,0.0
691,46,154,23.0,0.92,3.08,23.0,77.0,92.0,22.319262493934982,88,46,0.0
692,46,154,23.0,0.92,3.08,23.0,77.0,92.0,22.319262493934982,88,46,0.0
693,46,154,23.0,0.92,3.08,23.0,77.0,92.0,22.319262493934982,88,46,0.0
694,46,154,23.0,0.92,3.08,23.0,77.0,92.0,22.319262493934982,88,46,0.0
695,46,154,23.0,0.92,3.08,23.0,77.0,92.0,22.319262493934982,88,46,0.0
696,46,154,23.0,0.92,3.08,23.0,77.0,92.0,22.319262493934982,88,46,0.0
697,46,154,23.0,0.92,3.08,23.0,77.0,92.0,22.319262493934982,88,46,0.0
698,46,154,23.0,0.92,3.08,23.0,77.0,92.0,22.319262493934982,88,46,0.0
699,46,154,23.0,0.92,3.08,23.0,77.0,92.0,22.319262493934982,88,46,0.0
700,46,154,23.0,0.92,3.08,23.0,77.0,92.0,22.319262493934982,88,46,0.0
701,46,154,23.0,0.92,3.08,23.0,77.0,92.0,22.319262493934982,88,46,0.0
702,46,154,23.0,0.92,3.08,23.0,77.0,92.0,22.319262493934982,88,46,0.0
703,46,154,23.0,0.92,3.08,23.0,77.0,92.0,22.319262493934982,88,46,0.0
704,46,154,23.0,0.92,3.08,23.0,77.0,92.0,22.319262493934982,88,46,0.0
705,46,154,23.0,0.92,3.08,23.0,77.0,92.0,22.319262493934982,88,46,0.0
706,46,154,23.0,0.92,3.08,23.0,77.0,92.0,22.319262493934982,88,46,0.0
707,46,154,23.0,0.92,3.08,23.0,77.0,92.0,22.319262493934982,88,46,0.0
708,47,153,23.5,0.9400000000000001,3.06,23.5,76.5,94.0,22.804463852498788,89,47,2.0
709,47,153,23.5,0.9400000000000001,3.06,23.5,76.5,94.0,22.804463852498788,89,47,0.0
710,47,153,23.5,0.9400000000000001,3.06,23.5,76.5,94.0,22.804463852498788,89,47,0.0
711,47,153,23.5,0.9400000000000001,3.06,23.5,76.5,94.0,22.804463852498788,89,47,0.0
712,47,153,23.5,0.9400000000000001,3.06,23.5,76.5,94.0,22.804463852498788,89,47,0.0
713,47,153,23.5,0.9400000000000001,3.06,23.5,76.5,94.0,22.804463852498788,89,47,0.0
714,47,153,23.5,0.9400000000000001,3.06,23.5,76.5,94.0,22.804463852498788,89,47,0.0
715,47,153,23.5,0.9400000000000001,3.06,23.5,76.5,94.0,22.804463852498788,89,47,0.0
716,47,153,23.5,0.9400000000000001,3.06,23.5,76.5,94.0,22.804463852498788,89,47,0.0
717,47,153,23.5,0.9400000000000001,3.06,23.5,76.5,94.0,22.804463852498788,89,47,0.0
718,47,153,23.5,0.9400000000000001,3.06,23.5,76.5,94.0,22.804463852498788,89,47,0.0
719,47,153,23.5,0.9400000000000001,3.06,23.5,76.5,94.0,22.804463852498788,89,47,0.0
720,47,153,23.5,0.9400000000000001,3.06,23.5,76.5,94.0,22.804463852498788,89,47,0.0
721,47,153,23.5,0.9400000000000001,3.06,23.5,76.5,94.0,22.804463852498788,89,47,0.0
722,47,153,23.5,0.9400000000000001,3.06,23.5,76.5,94.0,22.804463852498788,89,47,0.0
723,47,153,23.5,0.9400000000000001,3.06,23.5,76.5,94.0,22.804463852498788,89,47,0.0
724,47,153,23.5,0.9400000000000001,3.06,23.5,76.5,94.0,22.804463852498788,89,47,0.0
725,47,153,23.5,0.9400000000000001,3.06,23.5,76.5,94.0,22.804463852498788,89,47,0.0
726,47,153,23.5,0.9400000000000001,3.06,23.5,76.5,94.0,22.804463852498788,89,47,0.0
727,47,153,23.5,0.9400000000000001,3.06,23.5,76.5,94.0,22.804463852498788,90,47,0.0
728,47,153,23.5,0.9400000000000001,3.06,23.5,76.5,94.0,22.804463852498788,90,47,0.0
729,47,153,23.5,0.9400000000000001,3.06,23.5,76.5,94.0,22.804463852498788,90,47,0.0
730,47,153,23.5,0.9400000000000001,3.06,23.5,76.5,94.0,22.804463852498788,90,47,0.0
731,47,153,23.5,0.9400000000000001,3.06,23.5,76.5,94.0,22.804463852498788,90,47,0.0
732,47,153,23.5,0.9400000000000001,3.06,23.5,76.5,94.0,22.804463852498788,90,47,0.0
733,47,153,23.5,0.9400000000000001,3.06,23.5,76.5,94.0,22.804463852498788,90,47,0.0
734,47,153,23.5,0.9400000000000001,3.06,23.5,76.5,94.0,22.804463852498788,90,47,0.0
735,47,153,23.5,0.9400000000000001,3.06,23.5,76.5,94.0,22.804463852498788,90,47,0.0
736,47,153,23.5,0.9400000000000001,3.06,23.5,76.5,94.0,22.804463852498788,90,47,0.0
737,47,153,23.5,0.9400000000000001,3.06,23.5,76.5,94.0,22.804463852498788,90,47,0.0
738,47,153,23.5,0.9400000000000001,3.06,23.5,76.5,94.0,22.804463852498788,90,47,0.0
739,47,153,23.5,0.9400000000000001,3.06,23.5,76.5,94.0,22.804463852498788,90,47,0.0
740,47,153,23.5,0.9400000000000001,3.06,23.5,76.5,94.0,22.804463852498788,90,47,0.0
741,47,153,23.5,0.9400000000000001,3.06,23.5,76.5,94.0,22.804463852498788,90,47,0.0
742,47,153,23.5,0.9400000000000001,3.06,23.5,76.5,94.0,22.804463852498788,90,47,0.0
743,47,153,23.5,0.9400000000000001,3.06,23.5,76.5,94.0,22.804463852498788,90,47,0.0
744,47,153,23.5,0.9400000000000001,3.06,23.5,76.5,94.0,22.804463852498788,90,47,0.0
745,47,153,23.5,0.9400000000000001,3.06,23.5,76.5,94.0,22.804463852498788,90,47,0.0
746,47,153,23.5,0.9400000000000001,3.06,23.5,76.5,94.0,22.804463852498788,90,47,0.0
747,47,153,23.5,0.9400000000000001,3.06,23.5,76.5,94.0,22.804463852498788,90,47,0.0
748,47,153,23.5,0.9400000000000001,3.06,23.5,76.5,94.0,22.804463852498788,90,47,0.0
749,47,153,23.5,0.9400000000000001,3.06,23.5,76.5,94.0,22.804463852498788,90,47,0.0
750,47,153,23.5,0.9400000000000001,3.06,23.5,76.5,94.0,22.804463852498788,90,47,0.0
751,47,153,23.5,0.9400000000000001,3.06,23.5,76.5,94.0,22.804463852498788,90,47,0.0
752,47,153,23.5,0.9400000000000001,3.06,23.5,76.5,94.0,22.804463852498788,90,47,0.0
753,47,153,23.5,0.9400000000000001,3.06,23.5,76.5,94.0,22.804463852498788,90,47,0.0
754,47,153,23.5,0.9400000000000001,3.06,23.5,76.5,94.0,22.804463852498788,90,47,0.0
755,47,153,23.5,0.9400000000000001,3.06,23.5,76.5,94.0,22.804463852498788,90,47,0.0
756,47,153,23.5,0.9400000000000001,3.06,23.5,76.5,94.0,22.804463852498788,90,47,0.0
757,47,153,23.5,0.9400000000000001,3.06,23.5,76.5,94.0,22.804463852498788,90,47,0.0
758,47,153,23.5,0.9400000000000001,3.06,23.5,76.5,94.0,22.804463852498788,90,47,0.0
759,47,153,23.5,0.9400000000000001,3.06,23.5,76.5,94.0,22.804463852498788,90,47,0.0
760,47,153,23.5,0.9400000000000001,3.06,23.5,76.5,94.0,22.804463852498788,90,47,0.0
761,47,153,23.5,0.9400000000000001,3.06,23.5,76.5,94.0,22.804463852498788,90,47,0.0
762,47,153,23.5,0.9400000000000001,3.06,23.5,76.5,94.0,22.804463852498788,90,47,0.0
763,47,153,23.5,0.9400000000000001,3.06,23.5,76.5,94.0,22.804463852498788,90,47,0.0
764,47,153,23.5,0.9400000000000001,3.06,23.5,76.5,94.0,22.804463852498788,90,47,0.0
765,47,153,23.5,0.9400000000000001,3.06,23.5,76.5,94.0,22.804463852498788,90,47,0.0
766,47,153,23.5,0.9400000000000001,3.06,23.5,76.5,94.0,22.804463852498788,90,47,0.0
767,47,153,23.5,0.9400000000000001,3.06,23.5,76.5,94.0,22.804463852498788,90,47,0.0
768,47,153,23.5,0.9400000000000001,3.06,23.5,76.5,94.0,22.804463852498788,90,47,0.0
769,47,153,23.5,0.9400000000000001,3.06,23.5,76.5,94.0,22.804463852498788,90,47,0.0
770,47,153,23.5,0.9400000000000001,3.06,23.5,76.5,94.0,22.804463852498788,90,47,0.0
771,47,153,23.5,0.9400000000000001,3.06,23.5,76.5,94.0,22.804463852498788,90,47,0.0
772,48,152,24.0,0.96,3.04,24.0,76.0,96.0,23.28966521106259,91,48,2.0
773,48,152,24.0,0.96,3.04,24.0,76.0,96.0,23.28966521106259,91,48,0.0
774,48,152,24.0,0.96,3.04,24.0,76.0,96.0,23.28966521106259,91,48,0.0
775,48,152,24.0,0.96,3.04,24.0,76.0,96.0,23.28966521106259,91,48,0.0
776,48,152,24.0,0.96,3.04,24.0,76.0,96.0,23.28966521106259,91,48,0.0
777,48,152,24.0,0.96,3.04,24.0,76.0,96.0,23.28966521106259,92,48,0.0
778,48,152,24.0,0.96,3.04,24.0,76.0,96.0,23.28966521106259,94,48,0.0
779,49,151,24.5,0.98,3.02,24.5,75.5,98.0,23.774866569626397,95,49,2.0
780,49,151,24.5,0.98,3.02,24.5,75.5,98.0,23.774866569626397,95,49,0.0
781,49,151,24.5,0.98,3.02,24.5,75.5,98.0,23.774866569626397,96,49,0.0
782,50,150,25.0,1.0,3.0,25.0,75.0,100.0,24.2600679281902,97,50,2.0
783,50,150,25.0,1.0,3.0,25.0,75.0,100.0,24.2600679281902,97,50,0.0
784,50,150,25.0,1.0,3.0,25.0,75.0,100.0,24.2600679281902,97,50,0.0
785,51,149,25.5,1.02,2.98,25.5,74.5,102.0,24.745269286754006,98,51,2.0
786,51,149,25.5,1.02,2.98,25.5,74.5,102.0,24.745269286754006,98,51,0.0
787,51,149,25.5,1.02,2.98,25.5,74.5,102.0,24.745269286754006,98,51,0.0
788,51,149,25.5,1.02,2.98,25.5,74.5,102.0,24.745269286754006,98,51,0.0
789,51,149,25.5,1.02,2.98,25.5,74.5,102.0,24.745269286754006,98,51,0.0
790,51,149,25.5,1.02,2.98,25.5,74.5,102.0,24.745269286754006,98,51,0.0
791,51,149,25.5,1.02,2.98,25.5,74.5,102.0,24.745269286754006,98,51,0.0
792,51,149,25.5,1.02,2.98,25.5,74.5,102.0,24.745269286754006,98,51,0.0
793,51,149,25.5,1.02,2.98,25.5,74.5,102.0,24.745269286754006,98,51,0.0
794,51,149,25.5,1.02,2.98,25.5,74.5,102.0,24.745269286754006,98,51,0.0
795,51,149,25.5,1.02,2.98,25.5,74.5,102.0,24.745269286754006,98,51,0.0
796,51,149,25.5,1.02,2.98,25.5,74.5,102.0,24.745269286754006,98,51,0.0
797,51,149,25.5,1.02,2.98,25.5,74.5,102.0,24.745269286754006,98,51,0.0
798,51,149,25.5,1.02,2.98,25.5,74.5,102.0,24.745269286754006,98,51,0.0
799,51,149,25.5,1.02,2.98,25.5,74.5,102.0,24.745269286754006,98,51,0.0
800,51,149,25.5,1.02,2.98,25.5,74.5,102.0,24.745269286754006,98,51,0.0
801,51,149,25.5,1.02,2.98,25.5,74.5,102.0,24.745269286754006,98,51,0.0
802,51,149,25.5,1.02,2.98,25.5,74.5,102.0,24.745269286754006,98,51,0.0
803,51,149,25.5,1.02,2.98,25.5,74.5,102.0,24.745269286754006,98,51,0.0
804,51,149,25.5,1.02,2.98,25.5,74.5,102.0,24.745269286754006,98,51,0.0
805,51,149,25.5,1.02,2.98,25.5,74.5,102.0,24.745269286754006,98,51,0.0
806,51,149,25.5,1.02,2.98,25.5,74.5,102.0,24.745269286754006,98,51,0.0
807,51,149,25.5,1.02,2.98,25.5,74.5,102.0,24.745269286754006,98,51,0.0
808,51,149,25.5,1.02,2.98,25.5,74.5,102.0,24.745269286754006,98,51,0.0
809,51,149,25.5,1.02,2.98,25.5,74.5,102.0,24.745269286754006,98,51,0.0
810,51,149,25.5,1.02,2.98,25.5,74.5,102.0,24.745269286754006,98,51,0.0
811,52,148,26.0,1.04,2.96,26.0,74.0,104.0,25.23047064531781,99,52,2.0
812,52,148,26.0,1.04,2.96,26.0,74.0,104.0,25.23047064531781,99,52,0.0
813,52,148,26.0,1.04,2.96,26.0,74.0,104.0,25.23047064531781,100,52,0.0
814,52,148,26.0,1.04,2.96,26.0,74.0,104.0,25.23047064531781,100,52,0.0
815,52,148,26.0,1.04,2.96,26.0,74.0,104.0,25.23047064531781,100,52,0.0
816,52,148,26.0,1.04,2.96,26.0,74.0,104.0,25.23047064531781,100,52,0.0
817,52,148,26.0,1.04,2.96,26.0,74.0,104.0,25.23047064531781,100,52,0.0
818,52,148,26.0,1.04,2.96,26.0,74.0,104.0,25.23047064531781,100,52,0.0
819,53,147,26.5,1.06,2.94,26.5,73.5,106.0,25.71567200388161,101,53,2.0
820,53,147,26.5,1.06,2.94,26.5,73.5,106.0,25.71567200388161,101,53,0.0
821,53,147,26.5,1.06,2.94,26.5,73.5,106.0,25.71567200388161,101,53,0.0
822,53,147,26.5,1.06,2.94,26.5,73.5,106.0,25.71567200388161,101,53,0.0
823,53,147,26.5,1.06,2.94,26.5,73.5,106.0,25.71567200388161,101,53,0.0
824,53,147,26.5,1.06,2.94,26.5,73.5,106.0,25.71567200388161,101,53,0.0
825,53,147,26.5,1.06,2.94,26.5,73.5,106.0,25.71567200388161,101,53,0.0
826,53,147,26.5,1.06,2.94,26.5,73.5,106.0,25.71567200388161,101,53,0.0
827,53,147,26.5,1.06,2.94,26.5,73.5,106.0,25.71567200388161,101,53,0.0
828,53,147,26.5,1.06,2.94,26.5,73.5,106.0,25.71567200388161,101,53,0.0
829,53,147,26.5,1.06,2.94,26.5,73.5,106.0,25.71567200388161,101,53,0.0
830,53,147,26.5,1.06,2.94,26.5,73.5,106.0,25.71567200388161,102,53,0.0
831,53,147,26.5,1.06,2.94,26.5,73.5,106.0,25.71567200388161,103,53,0.0
832,53,147,26.5,1.06,2.94,26.5,73.5,106.0,25.71567200388161,104,53,0.0
833,53,147,26.5,1.06,2.94,26.5,73.5,106.0,25.71567200388161,105,53,0.0
834,53,147,26.5,1.06,2.94,26.5,73.5,106.0,25.71567200388161,106,53,0.0
835,53,147,26.5,1.06,2.94,26.5,73.5,106.0,25.71567200388161,107,53,0.0
836,53,147,26.5,1.06,2.94,26.5,73.5,106.0,25.71567200388161,108,53,0.0
837,53,147,26.5,1.06,2.94,26.5,73.5,106.0,25.71567200388161,109,53,0.0
838,53,147,26.5,1.06,2.94,26.5,73.5,106.0,25.71567200388161,110,53,0.0
839,53,147,26.5,1.06,2.94,26.5,73.5,106.0,25.71567200388161,111,53,0.0
840,53,147,26.5,1.06,2.94,26.5,73.5,106.0,25.71567200388161,112,53,0.0
841,53,147,26.5,1.06,2.94,26.5,73.5,106.0,25.71567200388161,113,53,0.0
842,53,147,26.5,1.06,2.94,26.5,73.5,106.0,25.71567200388161,113,53,0.0
843,53,147,26.5,1.06,2.94,26.5,73.5,106.0,25.71567200388161,113,53,0.0
844,53,147,26.5,1.06,2.94,26.5,73.5,106.0,25.71567200388161,113,53,0.0
845,53,147,26.5,1.06,2.94,26.5,73.5,106.0,25.71567200388161,113,53,0.0
846,54,146,27.0,1.08,2.92,27.0,73.0,108.0,26.200873362445414,114,54,2.0
847,54,146,27.0,1.08,2.92,27.0,73.0,108.0,26.200873362445414,114,54,0.0
848,54,146,27.0,1.08,2.92,27.0,73.0,108.0,26.200873362445414,114,54,0.0
849,54,146,27.0,1.08,2.92,27.0,73.0,108.0,26.200873362445414,114,54,0.0
850,54,146,27.0,1.08,2.92,27.0,73.0,108.0,26.200873362445414,114,54,0.0
851,54,146,27.0,1.08,2.92,27.0,73.0,108.0,26.200873362445414,114,54,0.0
852,54,146,27.0,1.08,2.92,27.0,73.0,108.0,26.200873362445414,114,54,0.0
853,54,146,27.0,1.08,2.92,27.0,73.0,108.0,26.200873362445414,114,54,0.0
854,54,146,27.0,1.08,2.92,27.0,73.0,108.0,26.200873362445414,114,54,0.0
855,54,146,27.0,1.08,2.92,27.0,73.0,108.0,26.200873362445414,114,54,0.0
856,54,146,27.0,1.08,2.92,27.0,73.0,108.0,26.200873362445414,114,54,0.0
857,54,146,27.0,1.08,2.92,27.0,73.0,108.0,26.200873362445414,114,54,0.0
858,54,146,27.0,1.08,2.92,27.0,73.0,108.0,26.200873362445414,114,54,0.0
859,54,146,27.0,1.08,2.92,27.0,73.0,108.0,26.200873362445414,114,54,0.0
860,54,146,27.0,1.08,2.92,27.0,73.0,108.0,26.200873362445414,114,54,0.0
861,54,146,27.0,1.08,2.92,27.0,73.0,108.0,26.200873362445414,114,54,0.0
862,54,146,27.0,1.08,2.92,27.0,73.0,108.0,26.200873362445414,114,54,0.0
863,54,146,27.0,1.08,2.92,27.0,73.0,108.0,26.200873362445414,114,54,0.0
864,54,146,27.0,1.08,2.92,27.0,73.0,108.0,26.200873362445414,114,54,0.0
865,54,146,27.0,1.08,2.92,27.0,73.0,108.0,26.200873362445414,114,54,0.0
866,54,146,27.0,1.08,2.92,27.0,73.0,108.0,26.200873362445414,115,54,0.0
867,54,146,27.0,1.08,2.92,27.0,73.0,108.0,26.200873362445414,115,54,0.0
868,54,146,27.0,1.08,2.92,27.0,73.0,108.0,26.200873362445414,115,54,0.0
869,54,146,27.0,1.08,2.92,27.0,73.0,108.0,26.200873362445414,116,54,0.0
870,54,146,27.0,1.08,2.92,27.0,73.0,108.0,26.200873362445414,116,54,0.0
871,54,146,27.0,1.08,2.92,27.0,73.0,108.0,26.200873362445414,116,54,0.0
872,54,146,27.0,1.08,2.92,27.0,73.0,108.0,26.200873362445414,116,54,0.0
873,54,146,27.0,1.08,2.92,27.0,73.0,108.0,26.200873362445414,116,54,0.0
874,54,146,27.0,1.08,2.92,27.0,73.0,108.0,26.200873362445414,116,54,0.0
875,54,146,27.0,1.08,2.92,27.0,73.0,108.0,26.200873362445414,116,54,0.0
876,54,146,27.0,1.08,2.92,27.0,73.0,108.0,26.200873362445414,116,54,0.0
877,54,146,27.0,1.08,2.92,27.0,73.0,108.0,26.200873362445414,116,54,0.0
878,54,146,27.0,1.08,2.92,27.0,73.0,108.0,26.200873362445414,116,54,0.0
879,54,146,27.0,1.08,2.92,27.0,73.0,108.0,26.200873362445414,116,54,0.0
880,54,146,27.0,1.08,2.92,27.0,73.0,108.0,26.200873362445414,116,54,0.0
881,54,146,27.0,1.08,2.92,27.0,73.0,108.0,26.200873362445414,116,54,0.0
882,54,146,27.0,1.08,2.92,27.0,73.0,108.0,26.200873362445414,116,54,0.0
883,54,146,27.0,1.08,2.92,27.0,73.0,108.0,26.200873362445414,117,54,0.0
884,54,146,27.0,1.08,2.92,27.0,73.0,108.0,26.200873362445414,117,54,0.0
885,54,146,27.0,1.08,2.92,27.0,73.0,108.0,26.200873362445414,117,54,0.0
886,54,146,27.0,1.08,2.92,27.0,73.0,108.0,26.200873362445414,117,54,0.0
887,54,146,27.0,1.08,2.92,27.0,73.0,108.0,26.200873362445414,117,54,0.0
888,54,146,27.0,1.08,2.92,27.0,73.0,108.0,26.200873362445414,117,54,0.0
889,54,146,27.0,1.08,2.92,27.0,73.0,108.0,26.200873362445414,117,54,0.0
890,54,146,27.0,1.08,2.92,27.0,73.0,108.0,26.200873362445414,117,54,0.0
891,54,146,27.0,1.08,2.92,27.0,73.0,108.0,26.200873362445414,117,54,0.0
892,54,146,27.0,1.08,2.92,27.0,73.0,108.0,26.200873362445414,117,54,0.0
893,54,146,27.0,1.08,2.92,27.0,73.0,108.0,26.200873362445414,117,54,0.0
894,54,146,27.0,1.08,2.92,27.0,73.0,108.0,26.200873362445414,117,54,0.0
895,54,146,27.0,1.08,2.92,27.0,73.0,108.0,26.200873362445414,117,54,0.0
896,54,146,27.0,1.08,2.92,27.0,73.0,108.0,26.200873362445414,117,54,0.0
897,54,146,27.0,1.08,2.92,27.0,73.0,108.0,26.200873362445414,117,54,0.0
898,54,146,27.0,1.08,2.92,27.0,73.0,108.0,26.200873362445414,117,54,0.0
899,54,146,27.0,1.08,2.92,27.0,73.0,108.0,26.200873362445414,117,54,0.0
900,54,146,27.0,1.08,2.92,27.0,73.0,108.0,26.200873362445414,117,54,0.0
901,54,146,27.0,1.08,2.92,27.0,73.0,108.0,26.200873362445414,117,54,0.0
902,54,146,27.0,1.08,2.92,27.0,73.0,108.0,26.200873362445414,117,54,0.0
903,54,146,27.0,1.08,2.92,27.0,73.0,108.0,26.200873362445414,117,54,0.0
904,54,146,27.0,1.08,2.92,27.0,73.0,108.0,26.200873362445414,117,54,0.0
905,54,146,27.0,1.08,2.92,27.0,73.0,108.0,26.200873362445414,117,54,0.0
906,54,146,27.0,1.08,2.92,27.0,73.0,108.0,26.200873362445414,117,54,0.0
907,54,146,27.0,1.08,2.92,27.0,73.0,108.0,26.200873362445414,117,54,0.0
908,54,146,27.0,1.08,2.92,27.0,73.0,108.0,26.200873362445414,117,54,0.0
909,54,146,27.0,1.08,2.92,27.0,73.0,108.0,26.200873362445414,117,54,0.0
910,54,146,27.0,1.08,2.92,27.0,73.0,108.0,26.200873362445414,117,54,0.0
911,54,146,27.0,1.08,2.92,27.0,73.0,108.0,26.200873362445414,117,54,0.0
912,54,146,27.0,1.08,2.92,27.0,73.0,108.0,26.200873362445414,117,54,0.0
913,54,146,27.0,1.08,2.92,27.0,73.0,108.0,26.200873362445414,117,54,0.0
914,54,146,27.0,1.08,2.92,27.0,73.0,108.0,26.200873362445414,117,54,0.0
915,54,146,27.0,1.08,2.92,27.0,73.0,108.0,26.200873362445414,117,54,0.0
916,54,146,27.0,1.08,2.92,27.0,73.0,108.0,26.200873362445414,117,54,0.0
917,54,146,27.0,1.08,2.92,27.0,73.0,108.0,26.200873362445414,117,54,0.0
918,54,146,27.0,1.08,2.92,27.0,73.0,108.0,26.200873362445414,117,54,0.0
919,54,146,27.0,1.08,2.92,27.0,73.0,108.0,26.200873362445414,117,54,0.0
920,54,146,27.0,1.08,2.92,27.0,73.0,108.0,26.200873362445414,117,54,0.0
921,54,146,27.0,1.08,2.92,27.0,73.0,108.0,26.200873362445414,117,54,0.0
922,54,146,27.0,1.08,2.92,27.0,73.0,108.0,26.200873362445414,117,54,0.0
923,54,146,27.0,1.08,2.92,27.0,73.0,108.0,26.200873362445414,117,54,0.0
924,54,146,27.0,1.08,2.92,27.0,73.0,108.0,26.200873362445414,117,54,0.0
925,54,146,27.0,1.08,2.92,27.0,73.0,108.0,26.200873362445414,117,54,0.0
926,54,146,27.0,1.08,2.92,27.0,73.0,108.0,26.200873362445414,118,54,0.0
927,54,146,27.0,1.08,2.92,27.0,73.0,108.0,26.200873362445414,118,54,0.0
928,54,146,27.0,1.08,2.92,27.0,73.0,108.0,26.200873362445414,118,54,0.0
929,54,146,27.0,1.08,2.92,27.0,73.0,108.0,26.200873362445414,118,54,0.0
930,54,146,27.0,1.08,2.92,27.0,73.0,108.0,26.200873362445414,118,54,0.0
931,54,146,27.0,1.08,2.92,27.0,73.0,108.0,26.200873362445414,118,54,0.0
932,54,146,27.0,1.08,2.92,27.0,73.0,108.0,26.200873362445414,118,54,0.0
933,54,146,27.0,1.08,2.92,27.0,73.0,108.0,26.200873362445414,118,54,0.0
934,55,145,27.500000000000004,1.1,2.9,27.5,72.5,110.0,26.686074721009216,119,55,2.0
935,55,145,27.500000000000004,1.1,2.9,27.5,72.5,110.0,26.686074721009216,119,55,0.0
936,55,145,27.500000000000004,1.1,2.9,27.5,72.5,110.0,26.686074721009216,119,55,0.0
937,55,145,27.500000000000004,1.1,2.9,27.5,72.5,110.0,26.686074721009216,119,55,0.0
938,55,145,27.500000000000004,1.1,2.9,27.5,72.5,110.0,26.686074721009216,119,55,0.0
939,55,145,27.500000000000004,1.1,2.9,27.5,72.5,110.0,26.686074721009216,119,55,0.0
940,55,145,27.500000000000004,1.1,2.9,27.5,72.5,110.0,26.686074721009216,119,55,0.0
941,56,144,28.000000000000004,1.12,2.88,28.000000000000004,72.0,112.00000000000001,27.171276079573026,120,56,2.000000000000014
942,56,144,28.000000000000004,1.12,2.88,28.000000000000004,72.0,112.00000000000001,27.171276079573026,120,56,0.0
943,56,144,28.000000000000004,1.12,2.88,28.000000000000004,72.0,112.00000000000001,27.171276079573026,120,56,0.0
944,56,144,28.000000000000004,1.12,2.88,28.000000000000004,72.0,112.00000000000001,27.171276079573026,120,56,0.0
945,56,144,28.000000000000004,1.12,2.88,28.000000000000004,72.0,112.00000000000001,27.171276079573026,120,56,0.0
946,56,144,28.000000000000004,1.12,2.88,28.000000000000004,72.0,112.00000000000001,27.171276079573026,120,56,0.0
947,57,143,28.499999999999996,1.1400000000000001,2.86,28.500000000000004,71.5,114.00000000000001,27.65647743813683,121,57,2.0
948,57,143,28.499999999999996,1.1400000000000001,2.86,28.500000000000004,71.5,114.00000000000001,27.65647743813683,122,57,0.0
949,57,143,28.499999999999996,1.1400000000000001,2.86,28.500000000000004,71.5,114.00000000000001,27.65647743813683,123,57,0.0
950,57,143,28.499999999999996,1.1400000000000001,2.86,28.500000000000004,71.5,114.00000000000001,27.65647743813683,124,57,0.0
951,57,143,28.499999999999996,1.1400000000000001,2.86,28.500000000000004,71.5,114.00000000000001,27.65647743813683,125,57,0.0
952,57,143,28.499999999999996,1.1400000000000001,2.86,28.500000000000004,71.5,114.00000000000001,27.65647743813683,126,57,0.0
953,57,143,28.499999999999996,1.1400000000000001,2.86,28.500000000000004,71.5,114.00000000000001,27.65647743813683,126,57,0.0
954,57,143,28.499999999999996,1.1400000000000001,2.86,28.500000000000004,71.5,114.00000000000001,27.65647743813683,126,57,0.0
955,57,143,28.499999999999996,1.1400000000000001,2.86,28.500000000000004,71.5,114.00000000000001,27.65647743813683,126,57,0.0
956,57,143,28.499999999999996,1.1400000000000001,2.86,28.500000000000004,71.5,114.00000000000001,27.65647743813683,126,57,0.0
957,57,143,28.499999999999996,1.1400000000000001,2.86,28.500000000000004,71.5,114.00000000000001,27.65647743813683,126,57,0.0
958,57,143,28.499999999999996,1.1400000000000001,2.86,28.500000000000004,71.5,114.00000000000001,27.65647743813683,126,57,0.0
959,57,143,28.499999999999996,1.1400000000000001,2.86,28.500000000000004,71.5,114.00000000000001,27.65647743813683,127,57,0.0
960,57,143,28.499999999999996,1.1400000000000001,2.86,28.500000000000004,71.5,114.00000000000001,27.65647743813683,128,57,0.0
961,57,143,28.499999999999996,1.1400000000000001,2.86,28.500000000000004,71.5,114.00000000000001,27.65647743813683,128,57,0.0
962,57,143,28.499999999999996,1.1400000000000001,2.86,28.500000000000004,71.5,114.00000000000001,27.65647743813683,128,57,0.0
963,57,143,28.499999999999996,1.1400000000000001,2.86,28.500000000000004,71.5,114.00000000000001,27.65647743813683,129,57,0.0
964,57,143,28.499999999999996,1.1400000000000001,2.86,28.500000000000004,71.5,114.00000000000001,27.65647743813683,130,57,0.0
965,57,143,28.499999999999996,1.1400000000000001,2.86,28.500000000000004,71.5,114.00000000000001,27.65647743813683,131,57,0.0
966,57,143,28.499999999999996,1.1400000000000001,2.86,28.500000000000004,71.5,114.00000000000001,27.65647743813683,132,57,0.0
967,57,143,28.499999999999996,1.1400000000000001,2.86,28.500000000000004,71.5,114.00000000000001,27.65647743813683,133,57,0.0
968,57,143,28.499999999999996,1.1400000000000001,2.86,28.500000000000004,71.5,114.00000000000001,27.65647743813683,133,57,0.0
969,57,143,28.499999999999996,1.1400000000000001,2.86,28.500000000000004,71.5,114.00000000000001,27.65647743813683,133,57,0.0
970,57,143,28.499999999999996,1.1400000000000001,2.86,28.500000000000004,71.5,114.00000000000001,27.65647743813683,133,57,0.0
971,57,143,28.499999999999996,1.1400000000000001,2.86,28.500000000000004,71.5,114.00000000000001,27.65647743813683,133,57,0.0
972,57,143,28.499999999999996,1.1400000000000001,2.86,28.500000000000004,71.5,114.00000000000001,27.65647743813683,133,57,0.0
973,57,143,28.499999999999996,1.1400000000000001,2.86,28.500000000000004,71.5,114.00000000000001,27.65647743813683,133,57,0.0
974,57,143,28.499999999999996,1.1400000000000001,2.86,28.500000000000004,71.5,114.00000000000001,27.65647743813683,133,57,0.0
975,57,143,28.499999999999996,1.1400000000000001,2.86,28.500000000000004,71.5,114.00000000000001,27.65647743813683,134,57,0.0
976,57,143,28.499999999999996,1.1400000000000001,2.86,28.500000000000004,71.5,114.00000000000001,27.65647743813683,136,57,0.0
977,58,142,28.999999999999996,1.16,2.84,28.999999999999996,71.0,115.99999999999999,28.141678796700624,137,58,1.9999999999999716
978,58,142,28.999999999999996,1.16,2.84,28.999999999999996,71.0,115.99999999999999,28.141678796700624,137,58,0.0
979,58,142,28.999999999999996,1.16,2.84,28.999999999999996,71.0,115.99999999999999,28.141678796700624,137,58,0.0
980,58,142,28.999999999999996,1.16,2.84,28.999999999999996,71.0,115.99999999999999,28.141678796700624,137,58,0.0
981,58,142,28.999999999999996,1.16,2.84,28.999999999999996,71.0,115.99999999999999,28.141678796700624,137,58,0.0
982,58,142,28.999999999999996,1.16,2.84,28.999999999999996,71.0,115.99999999999999,28.141678796700624,137,58,0.0
983,58,142,28.999999999999996,1.16,2.84,28.999999999999996,71.0,115.99999999999999,28.141678796700624,137,58,0.0
984,58,142,28.999999999999996,1.16,2.84,28.999999999999996,71.0,115.99999999999999,28.141678796700624,137,58,0.0
985,58,142,28.999999999999996,1.16,2.84,28.999999999999996,71.0,115.99999999999999,28.141678796700624,138,58,0.0
986,58,142,28.999999999999996,1.16,2.84,28.999999999999996,71.0,115.99999999999999,28.141678796700624,139,58,0.0
987,58,142,28.999999999999996,1.16,2.84,28.999999999999996,71.0,115.99999999999999,28.141678796700624,140,58,0.0
988,58,142,28.999999999999996,1.16,2.84,28.999999999999996,71.0,115.99999999999999,28.141678796700624,141,58,0.0
989,58,142,28.999999999999996,1.16,2.84,28.999999999999996,71.0,115.99999999999999,28.141678796700624,142,58,0.0
990,58,142,28.999999999999996,1.16,2.84,28.999999999999996,71.0,115.99999999999999,28.141678796700624,143,58,0.0
991,58,142,28.999999999999996,1.16,2.84,28.999999999999996,71.0,115.99999999999999,28.141678796700624,143,58,0.0
992,58,142,28.999999999999996,1.16,2.84,28.999999999999996,71.0,115.99999999999999,28.141678796700624,143,58,0.0
993,58,142,28.999999999999996,1.16,2.84,28.999999999999996,71.0,115.99999999999999,28.141678796700624,144,58,0.0
994,58,142,28.999999999999996,1.16,2.84,28.999999999999996,71.0,115.99999999999999,28.141678796700624,145,58,0.0
995,59,141,29.5,1.18,2.8200000000000003,29.499999999999996,70.5,117.99999999999999,28.626880155264434,146,59,2.0
996,59,141,29.5,1.18,2.8200000000000003,29.499999999999996,70.5,117.99999999999999,28.626880155264434,146,59,0.0
997,59,141,29.5,1.18,2.8200000000000003,29.499999999999996,70.5,117.99999999999999,28.626880155264434,146,59,0.0
998,59,141,29.5,1.18,2.8200000000000003,29.499999999999996,70.5,117.99999999999999,28.626880155264434,146,59,0.0
999,59,141,29.5,1.18,2.8200000000000003,29.499999999999996,70.5,117.99999999999999,28.626880155264434,146,59,0.0
1000,59,141,29.5,1.18,2.8200000000000003,29.499999999999996,70.5,117.99999999999999,28.626880155264434,146,59,0.0
1001,59,141,29.5,1.18,2.8200000000000003,29.499999999999996,70.5,117.99999999999999,28.626880155264434,146,59,0.0
1002,59,141,29.5,1.18,2.8200000000000003,29.499999999999996,70.5,117.99999999999999,28.626880155264434,146,59,0.0
1003,59,141,29.5,1.18,2.8200000000000003,29.499999999999996,70.5,117.99999999999999,28.626880155264434,146,59,0.0
1004,59,141,29.5,1.18,2.8200000000000003,29.499999999999996,70.5,117.99999999999999,28.626880155264434,146,59,0.0
1005,59,141,29.5,1.18,2.8200000000000003,29.499999999999996,70.5,117.99999999999999,28.626880155264434,146,59,0.0
1006,59,141,29.5,1.18,2.8200000000000003,29.499999999999996,70.5,117.99999999999999,28.626880155264434,147,59,0.0
1007,59,141,29.5,1.18,2.8200000000000003,29.499999999999996,70.5,117.99999999999999,28.626880155264434,147,59,0.0
1008,59,141,29.5,1.18,2.8200000000000003,29.499999999999996,70.5,117.99999999999999,28.626880155264434,147,59,0.0
1009,59,141,29.5,1.18,2.8200000000000003,29.499999999999996,70.5,117.99999999999999,28.626880155264434,147,59,0.0
1010,60,140,30.0,1.2,2.8,30.0,70.0,120.0,29.11208151382824,148,60,2.000000000000014
1011,60,140,30.0,1.2,2.8,30.0,70.0,120.0,29.11208151382824,148,60,0.0
1012,61,139,30.5,1.22,2.7800000000000002,30.5,69.5,122.0,29.597282872392043,149,61,2.0
1013,61,139,30.5,1.22,2.7800000000000002,30.5,69.5,122.0,29.597282872392043,149,61,0.0
1014,61,139,30.5,1.22,2.7800000000000002,30.5,69.5,122.0,29.597282872392043,149,61,0.0
1015,61,139,30.5,1.22,2.7800000000000002,30.5,69.5,122.0,29.597282872392043,149,61,0.0
1016,61,139,30.5,1.22,2.7800000000000002,30.5,69.5,122.0,29.597282872392043,149,61,0.0
1017,61,139,30.5,1.22,2.7800000000000002,30.5,69.5,122.0,29.597282872392043,149,61,0.0
1018,61,139,30.5,1.22,2.7800000000000002,30.5,69.5,122.0,29.597282872392043,149,61,0.0
1019,61,139,30.5,1.22,2.7800000000000002,30.5,69.5,122.0,29.597282872392043,149,61,0.0
1020,61,139,30.5,1.22,2.7800000000000002,30.5,69.5,122.0,29.597282872392043,149,61,0.0
1021,61,139,30.5,1.22,2.7800000000000002,30.5,69.5,122.0,29.597282872392043,149,61,0.0
1022,61,139,30.5,1.22,2.7800000000000002,30.5,69.5,122.0,29.597282872392043,149,61,0.0
1023,61,139,30.5,1.22,2.7800000000000002,30.5,69.5,122.0,29.597282872392043,149,61,0.0
1024,61,139,30.5,1.22,2.7800000000000002,30.5,69.5,122.0,29.597282872392043,149,61,0.0
1025,61,139,30.5,1.22,2.7800000000000002,30.5,69.5,122.0,29.597282872392043,149,61,0.0
1026,61,139,30.5,1.22,2.7800000000000002,30.5,69.5,122.0,29.597282872392043,149,61,0.0
1027,61,139,30.5,1.22,2.7800000000000002,30.5,69.5,122.0,29.597282872392043,149,61,0.0
1028,61,139,30.5,1.22,2.7800000000000002,30.5,69.5,122.0,29.597282872392043,149,61,0.0
1029,61,139,30.5,1.22,2.7800000000000002,30.5,69.5,122.0,29.597282872392043,149,61,0.0
1030,61,139,30.5,1.22,2.7800000000000002,30.5,69.5,122.0,29.597282872392043,149,61,0.0
1031,61,139,30.5,1.22,2.7800000000000002,30.5,69.5,122.0,29.597282872392043,149,61,0.0
1032,61,139,30.5,1.22,2.7800000000000002,30.5,69.5,122.0,29.597282872392043,149,61,0.0
1033,61,139,30.5,1.22,2.7800000000000002,30.5,69.5,122.0,29.597282872392043,149,61,0.0
1034,61,139,30.5,1.22,2.7800000000000002,30.5,69.5,122.0,29.597282872392043,149,61,0.0
1035,61,139,30.5,1.22,2.7800000000000002,30.5,69.5,122.0,29.597282872392043,149,61,0.0
1036,61,139,30.5,1.22,2.7800000000000002,30.5,69.5,122.0,29.597282872392043,149,61,0.0
1037,61,139,30.5,1.22,2.7800000000000002,30.5,69.5,122.0,29.597282872392043,149,61,0.0
1038,61,139,30.5,1.22,2.7800000000000002,30.5,69.5,122.0,29.597282872392043,149,61,0.0
1039,61,139,30.5,1.22,2.7800000000000002,30.5,69.5,122.0,29.597282872392043,149,61,0.0
1040,61,139,30.5,1.22,2.7800000000000002,30.5,69.5,122.0,29.597282872392043,149,61,0.0
1041,61,139,30.5,1.22,2.7800000000000002,30.5,69.5,122.0,29.597282872392043,149,61,0.0
1042,61,139,30.5,1.22,2.7800000000000002,30.5,69.5,122.0,29.597282872392043,149,61,0.0
1043,61,139,30.5,1.22,2.7800000000000002,30.5,69.5,122.0,29.597282872392043,149,61,0.0
1044,62,138,31.0,1.24,2.76,31.0,69.0,124.0,30.082484230955846,150,62,2.0
1045,62,138,31.0,1.24,2.76,31.0,69.0,124.0,30.082484230955846,151,62,0.0
1046,63,137,31.5,1.26,2.74,31.5,68.5,126.0,30.567685589519648,152,63,2.0
1047,63,137,31.5,1.26,2.74,31.5,68.5,126.0,30.567685589519648,152,63,0.0
1048,63,137,31.5,1.26,2.74,31.5,68.5,126.0,30.567685589519648,152,63,0.0
1049,63,137,31.5,1.26,2.74,31.5,68.5,126.0,30.567685589519648,152,63,0.0
1050,63,137,31.5,1.26,2.74,31.5,68.5,126.0,30.567685589519648,152,63,0.0
1051,63,137,31.5,1.26,2.74,31.5,68.5,126.0,30.567685589519648,152,63,0.0
1052,63,137,31.5,1.26,2.74,31.5,68.5,126.0,30.567685589519648,152,63,0.0
1053,63,137,31.5,1.26,2.74,31.5,68.5,126.0,30.567685589519648,152,63,0.0
1054,63,137,31.5,1.26,2.74,31.5,68.5,126.0,30.567685589519648,152,63,0.0
1055,63,137,31.5,1.26,2.74,31.5,68.5,126.0,30.567685589519648,152,63,0.0
1056,63,137,31.5,1.26,2.74,31.5,68.5,126.0,30.567685589519648,152,63,0.0
1057,63,137,31.5,1.26,2.74,31.5,68.5,126.0,30.567685589519648,152,63,0.0
1058,63,137,31.5,1.26,2.74,31.5,68.5,126.0,30.567685589519648,152,63,0.0
1059,63,137,31.5,1.26,2.74,31.5,68.5,126.0,30.567685589519648,152,63,0.0
1060,63,137,31.5,1.26,2.74,31.5,68.5,126.0,30.567685589519648,152,63,0.0
1061,63,137,31.5,1.26,2.74,31.5,68.5,126.0,30.567685589519648,152,63,0.0
1062,63,137,31.5,1.26,2.74,31.5,68.5,126.0,30.567685589519648,152,63,0.0
1063,63,137,31.5,1.26,2.74,31.5,68.5,126.0,30.567685589519648,152,63,0.0
1064,63,137,31.5,1.26,2.74,31.5,68.5,126.0,30.567685589519648,152,63,0.0
1065,63,137,31.5,1.26,2.74,31.5,68.5,126.0,30.567685589519648,152,63,0.0
1066,63,137,31.5,1.26,2.74,31.5,68.5,126.0,30.567685589519648,152,63,0.0
1067,63,137,31.5,1.26,2.74,31.5,68.5,126.0,30.567685589519648,152,63,0.0
1068,63,137,31.5,1.26,2.74,31.5,68.5,126.0,30.567685589519648,152,63,0.0
1069,63,137,31.5,1.26,2.74,31.5,68.5,126.0,30.567685589519648,152,63,0.0
1070,63,137,31.5,1.26,2.74,31.5,68.5,126.0,30.567685589519648,152,63,0.0
1071,63,137,31.5,1.26,2.74,31.5,68.5,126.0,30.567685589519648,152,63,0.0
1072,63,137,31.5,1.26,2.74,31.5,68.5,126.0,30.567685589519648,152,63,0.0
1073,63,137,31.5,1.26,2.74,31.5,68.5,126.0,30.567685589519648,152,63,0.0
1074,63,137,31.5,1.26,2.74,31.5,68.5,126.0,30.567685589519648,152,63,0.0
1075,63,137,31.5,1.26,2.74,31.5,68.5,126.0,30.567685589519648,152,63,0.0
1076,63,137,31.5,1.26,2.74,31.5,68.5,126.0,30.567685589519648,152,63,0.0
1077,63,137,31.5,1.26,2.74,31.5,68.5,126.0,30.567685589519648,152,63,0.0
1078,63,137,31.5,1.26,2.74,31.5,68.5,126.0,30.567685589519648,152,63,0.0
1079,63,137,31.5,1.26,2.74,31.5,68.5,126.0,30.567685589519648,152,63,0.0
1080,63,137,31.5,1.26,2.74,31.5,68.5,126.0,30.567685589519648,152,63,0.0
1081,63,137,31.5,1.26,2.74,31.5,68.5,126.0,30.567685589519648,152,63,0.0
1082,63,137,31.5,1.26,2.74,31.5,68.5,126.0,30.567685589519648,152,63,0.0
1083,63,137,31.5,1.26,2.74,31.5,68.5,126.0,30.567685589519648,152,63,0.0
1084,63,137,31.5,1.26,2.74,31.5,68.5,126.0,30.567685589519648,152,63,0.0
1085,63,137,31.5,1.26,2.74,31.5,68.5,126.0,30.567685589519648,152,63,0.0
1086,63,137,31.5,1.26,2.74,31.5,68.5,126.0,30.567685589519648,152,63,0.0
1087,63,137,31.5,1.26,2.74,31.5,68.5,126.0,30.567685589519648,152,63,0.0
1088,63,137,31.5,1.26,2.74,31.5,68.5,126.0,30.567685589519648,152,63,0.0
1089,63,137,31.5,1.26,2.74,31.5,68.5,126.0,30.567685589519648,152,63,0.0
1090,63,137,31.5,1.26,2.74,31.5,68.5,126.0,30.567685589519648,152,63,0.0
1091,63,137,31.5,1.26,2.74,31.5,68.5,126.0,30.567685589519648,152,63,0.0
1092,63,137,31.5,1.26,2.74,31.5,68.5,126.0,30.567685589519648,152,63,0.0
1093,63,137,31.5,1.26,2.74,31.5,68.5,126.0,30.567685589519648,152,63,0.0
1094,63,137,31.5,1.26,2.74,31.5,68.5,126.0,30.567685589519648,152,63,0.0
1095,63,137,31.5,1.26,2.74,31.5,68.5,126.0,30.567685589519648,152,63,0.0
1096,63,137,31.5,1.26,2.74,31.5,68.5,126.0,30.567685589519648,152,63,0.0
1097,63,137,31.5,1.26,2.74,31.5,68.5,126.0,30.567685589519648,152,63,0.0
1098,63,137,31.5,1.26,2.74,31.5,68.5,126.0,30.567685589519648,152,63,0.0
1099,63,137,31.5,1.26,2.74,31.5,68.5,126.0,30.567685589519648,152,63,0.0
1100,63,137,31.5,1.26,2.74,31.5,68.5,126.0,30.567685589519648,152,63,0.0
1101,63,137,31.5,1.26,2.74,31.5,68.5,126.0,30.567685589519648,152,63,0.0
1102,63,137,31.5,1.26,2.74,31.5,68.5,126.0,30.567685589519648,152,63,0.0
1103,63,137,31.5,1.26,2.74,31.5,68.5,126.0,30.567685589519648,152,63,0.0
1104,63,137,31.5,1.26,2.74,31.5,68.5,126.0,30.567685589519648,152,63,0.0
1105,63,137,31.5,1.26,2.74,31.5,68.5,126.0,30.567685589519648,152,63,0.0
1106,63,137,31.5,1.26,2.74,31.5,68.5,126.0,30.567685589519648,152,63,0.0
1107,63,137,31.5,1.26,2.74,31.5,68.5,126.0,30.567685589519648,152,63,0.0
1108,63,137,31.5,1.26,2.74,31.5,68.5,126.0,30.567685589519648,152,63,0.0
1109,63,137,31.5,1.26,2.74,31.5,68.5,126.0,30.567685589519648,152,63,0.0
1110,63,137,31.5,1.26,2.74,31.5,68.5,126.0,30.567685589519648,152,63,0.0
1111,63,137,31.5,1.26,2.74,31.5,68.5,126.0,30.567685589519648,152,63,0.0
1112,63,137,31.5,1.26,2.74,31.5,68.5,126.0,30.567685589519648,153,63,0.0
1113,64,136,32.0,1.28,2.7199999999999998,32.0,67.99999999999999,128.0,31.052886948083458,154,64,2.0
1114,64,136,32.0,1.28,2.7199999999999998,32.0,67.99999999999999,128.0,31.052886948083458,154,64,0.0
1115,64,136,32.0,1.28,2.7199999999999998,32.0,67.99999999999999,128.0,31.052886948083458,154,64,0.0
1116,64,136,32.0,1.28,2.7199999999999998,32.0,67.99999999999999,128.0,31.052886948083458,154,64,0.0
1117,64,136,32.0,1.28,2.7199999999999998,32.0,67.99999999999999,128.0,31.052886948083458,154,64,0.0
1118,64,136,32.0,1.28,2.7199999999999998,32.0,67.99999999999999,128.0,31.052886948083458,155,64,0.0
1119,64,136,32.0,1.28,2.7199999999999998,32.0,67.99999999999999,128.0,31.052886948083458,156,64,0.0
1120,64,136,32.0,1.28,2.7199999999999998,32.0,67.99999999999999,128.0,31.052886948083458,157,64,0.0
1121,64,136,32.0,1.28,2.7199999999999998,32.0,67.99999999999999,128.0,31.052886948083458,157,64,0.0
1122,64,136,32.0,1.28,2.7199999999999998,32.0,67.99999999999999,128.0,31.052886948083458,157,64,0.0
1123,64,136,32.0,1.28,2.7199999999999998,32.0,67.99999999999999,128.0,31.052886948083458,157,64,0.0
1124,64,136,32.0,1.28,2.7199999999999998,32.0,67.99999999999999,128.0,31.052886948083458,157,64,0.0
1125,64,136,32.0,1.28,2.7199999999999998,32.0,67.99999999999999,128.0,31.052886948083458,157,64,0.0
1126,64,136,32.0,1.28,2.7199999999999998,32.0,67.99999999999999,128.0,31.052886948083458,157,64,0.0
1127,64,136,32.0,1.28,2.7199999999999998,32.0,67.99999999999999,128.0,31.052886948083458,157,64,0.0
1128,64,136,32.0,1.28,2.7199999999999998,32.0,67.99999999999999,128.0,31.052886948083458,157,64,0.0
1129,64,136,32.0,1.28,2.7199999999999998,32.0,67.99999999999999,128.0,31.052886948083458,157,64,0.0
1130,64,136,32.0,1.28,2.7199999999999998,32.0,67.99999999999999,128.0,31.052886948083458,157,64,0.0
1131,64,136,32.0,1.28,2.7199999999999998,32.0,67.99999999999999,128.0,31.052886948083458,157,64,0.0
1132,64,136,32.0,1.28,2.7199999999999998,32.0,67.99999999999999,128.0,31.052886948083458,158,64,0.0
1133,65,135,32.5,1.3,2.7,32.5,67.5,130.0,31.53808830664726,159,65,2.0
1134,65,135,32.5,1.3,2.7,32.5,67.5,130.0,31.53808830664726,159,65,0.0
1135,65,135,32.5,1.3,2.7,32.5,67.5,130.0,31.53808830664726,159,65,0.0
1136,65,135,32.5,1.3,2.7,32.5,67.5,130.0,31.53808830664726,159,65,0.0
1137,65,135,32.5,1.3,2.7,32.5,67.5,130.0,31.53808830664726,159,65,0.0
1138,65,135,32.5,1.3,2.7,32.5,67.5,130.0,31.53808830664726,159,65,0.0
1139,65,135,32.5,1.3,2.7,32.5,67.5,130.0,31.53808830664726,159,65,0.0
1140,65,135,32.5,1.3,2.7,32.5,67.5,130.0,31.53808830664726,160,65,0.0
1141,65,135,32.5,1.3,2.7,32.5,67.5,130.0,31.53808830664726,161,65,0.0
1142,65,135,32.5,1.3,2.7,32.5,67.5,130.0,31.53808830664726,161,65,0.0
1143,65,135,32.5,1.3,2.7,32.5,67.5,130.0,31.53808830664726,161,65,0.0
1144,65,135,32.5,1.3,2.7,32.5,67.5,130.0,31.53808830664726,161,65,0.0
1145,65,135,32.5,1.3,2.7,32.5,67.5,130.0,31.53808830664726,161,65,0.0
1146,65,135,32.5,1.3,2.7,32.5,67.5,130.0,31.53808830664726,161,65,0.0
1147,65,135,32.5,1.3,2.7,32.5,67.5,130.0,31.53808830664726,161,65,0.0
1148,65,135,32.5,1.3,2.7,32.5,67.5,130.0,31.53808830664726,161,65,0.0
1149,65,135,32.5,1.3,2.7,32.5,67.5,130.0,31.53808830664726,161,65,0.0
1150,65,135,32.5,1.3,2.7,32.5,67.5,130.0,31.53808830664726,161,65,0.0
1151,65,135,32.5,1.3,2.7,32.5,67.5,130.0,31.53808830664726,161,65,0.0
1152,65,135,32.5,1.3,2.7,32.5,67.5,130.0,31.53808830664726,161,65,0.0
1153,65,135,32.5,1.3,2.7,32.5,67.5,130.0,31.53808830664726,161,65,0.0
1154,65,135,32.5,1.3,2.7,32.5,67.5,130.0,31.53808830664726,161,65,0.0
1155,65,135,32.5,1.3,2.7,32.5,67.5,130.0,31.53808830664726,161,65,0.0
1156,65,135,32.5,1.3,2.7,32.5,67.5,130.0,31.53808830664726,161,65,0.0
1157,65,135,32.5,1.3,2.7,32.5,67.5,130.0,31.53808830664726,161,65,0.0
1158,65,135,32.5,1.3,2.7,32.5,67.5,130.0,31.53808830664726,161,65,0.0
1159,65,135,32.5,1.3,2.7,32.5,67.5,130.0,31.53808830664726,161,65,0.0
1160,65,135,32.5,1.3,2.7,32.5,67.5,130.0,31.53808830664726,161,65,0.0
1161,65,135,32.5,1.3,2.7,32.5,67.5,130.0,31.53808830664726,161,65,0.0
1162,65,135,32.5,1.3,2.7,32.5,67.5,130.0,31.53808830664726,161,65,0.0
1163,65,135,32.5,1.3,2.7,32.5,67.5,130.0,31.53808830664726,161,65,0.0
1164,65,135,32.5,1.3,2.7,32.5,67.5,130.0,31.53808830664726,161,65,0.0
1165,65,135,32.5,1.3,2.7,32.5,67.5,130.0,31.53808830664726,161,65,0.0
1166,65,135,32.5,1.3,2.7,32.5,67.5,130.0,31.53808830664726,162,65,0.0
1167,66,134,33.0,1.32,2.6799999999999997,33.0,66.99999999999999,132.0,32.02328966521107,164,66,2.0
1168,66,134,33.0,1.32,2.6799999999999997,33.0,66.99999999999999,132.0,32.02328966521107,164,66,0.0
1169,66,134,33.0,1.32,2.6799999999999997,33.0,66.99999999999999,132.0,32.02328966521107,164,66,0.0
1170,66,134,33.0,1.32,2.6799999999999997,33.0,66.99999999999999,132.0,32.02328966521107,164,66,0.0
1171,66,134,33.0,1.32,2.6799999999999997,33.0,66.99999999999999,132.0,32.02328966521107,164,66,0.0
1172,66,134,33.0,1.32,2.6799999999999997,33.0,66.99999999999999,132.0,32.02328966521107,164,66,0.0
1173,66,134,33.0,1.32,2.6799999999999997,33.0,66.99999999999999,132.0,32.02328966521107,164,66,0.0
1174,66,134,33.0,1.32,2.6799999999999997,33.0,66.99999999999999,132.0,32.02328966521107,164,66,0.0
1175,66,134,33.0,1.32,2.6799999999999997,33.0,66.99999999999999,132.0,32.02328966521107,164,66,0.0
1176,66,134,33.0,1.32,2.6799999999999997,33.0,66.99999999999999,132.0,32.02328966521107,164,66,0.0
1177,66,134,33.0,1.32,2.6799999999999997,33.0,66.99999999999999,132.0,32.02328966521107,164,66,0.0
1178,66,134,33.0,1.32,2.6799999999999997,33.0,66.99999999999999,132.0,32.02328966521107,164,66,0.0
1179,66,134,33.0,1.32,2.6799999999999997,33.0,66.99999999999999,132.0,32.02328966521107,164,66,0.0
1180,66,134,33.0,1.32,2.6799999999999997,33.0,66.99999999999999,132.0,32.02328966521107,164,66,0.0
1181,66,134,33.0,1.32,2.6799999999999997,33.0,66.99999999999999,132.0,32.02328966521107,164,66,0.0
1182,66,134,33.0,1.32,2.6799999999999997,33.0,66.99999999999999,132.0,32.02328966521107,164,66,0.0
1183,66,134,33.0,1.32,2.6799999999999997,33.0,66.99999999999999,132.0,32.02328966521107,164,66,0.0
1184,66,134,33.0,1.32,2.6799999999999997,33.0,66.99999999999999,132.0,32.02328966521107,164,66,0.0
1185,66,134,33.0,1.32,2.6799999999999997,33.0,66.99999999999999,132.0,32.02328966521107,164,66,0.0
1186,66,134,33.0,1.32,2.6799999999999997,33.0,66.99999999999999,132.0,32.02328966521107,164,66,0.0
1187,66,134,33.0,1.32,2.6799999999999997,33.0,66.99999999999999,132.0,32.02328966521107,164,66,0.0
1188,66,134,33.0,1.32,2.6799999999999997,33.0,66.99999999999999,132.0,32.02328966521107,165,66,0.0
1189,66,134,33.0,1.32,2.6799999999999997,33.0,66.99999999999999,132.0,32.02328966521107,165,66,0.0
1190,66,134,33.0,1.32,2.6799999999999997,33.0,66.99999999999999,132.0,32.02328966521107,165,66,0.0
1191,66,134,33.0,1.32,2.6799999999999997,33.0,66.99999999999999,132.0,32.02328966521107,165,66,0.0
1192,66,134,33.0,1.32,2.6799999999999997,33.0,66.99999999999999,132.0,32.02328966521107,165,66,0.0
1193,66,134,33.0,1.32,2.6799999999999997,33.0,66.99999999999999,132.0,32.02328966521107,165,66,0.0
1194,66,134,33.0,1.32,2.6799999999999997,33.0,66.99999999999999,132.0,32.02328966521107,165,66,0.0
1195,66,134,33.0,1.32,2.6799999999999997,33.0,66.99999999999999,132.0,32.02328966521107,165,66,0.0
1196,66,134,33.0,1.32,2.6799999999999997,33.0,66.99999999999999,132.0,32.02328966521107,165,66,0.0
1197,66,134,33.0,1.32,2.6799999999999997,33.0,66.99999999999999,132.0,32.02328966521107,165,66,0.0
1198,66,134,33.0,1.32,2.6799999999999997,33.0,66.99999999999999,132.0,32.02328966521107,165,66,0.0
1199,66,134,33.0,1.32,2.6799999999999997,33.0,66.99999999999999,132.0,32.02328966521107,165,66,0.0
1200,66,134,33.0,1.32,2.6799999999999997,33.0,66.99999999999999,132.0,32.02328966521107,165,66,0.0
1201,66,134,33.0,1.32,2.6799999999999997,33.0,66.99999999999999,132.0,32.02328966521107,165,66,0.0
1202,66,134,33.0,1.32,2.6799999999999997,33.0,66.99999999999999,132.0,32.02328966521107,165,66,0.0
1203,66,134,33.0,1.32,2.6799999999999997,33.0,66.99999999999999,132.0,32.02328966521107,165,66,0.0
1204,66,134,33.0,1.32,2.6799999999999997,33.0,66.99999999999999,132.0,32.02328966521107,165,66,0.0
1205,66,134,33.0,1.32,2.6799999999999997,33.0,66.99999999999999,132.0,32.02328966521107,165,66,0.0
1206,66,134,33.0,1.32,2.6799999999999997,33.0,66.99999999999999,132.0,32.02328966521107,165,66,0.0
1207,66,134,33.0,1.32,2.6799999999999997,33.0,66.99999999999999,132.0,32.02328966521107,165,66,0.0
1208,66,134,33.0,1.32,2.6799999999999997,33.0,66.99999999999999,132.0,32.02328966521107,165,66,0.0
1209,66,134,33.0,1.32,2.6799999999999997,33.0,66.99999999999999,132.0,32.02328966521107,165,66,0.0
1210,66,134,33.0,1.32,2.6799999999999997,33.0,66.99999999999999,132.0,32.02328966521107,165,66,0.0
1211,66,134,33.0,1.32,2.6799999999999997,33.0,66.99999999999999,132.0,32.02328966521107,165,66,0.0
1212,66,134,33.0,1.32,2.6799999999999997,33.0,66.99999999999999,132.0,32.02328966521107,165,66,0.0
1213,66,134,33.0,1.32,2.6799999999999997,33.0,66.99999999999999,132.0,32.02328966521107,165,66,0.0
1214,66,134,33.0,1.32,2.6799999999999997,33.0,66.99999999999999,132.0,32.02328966521107,165,66,0.0
1215,66,134,33.0,1.32,2.6799999999999997,33.0,66.99999999999999,132.0,32.02328966521107,165,66,0.0
1216,66,134,33.0,1.32,2.6799999999999997,33.0,66.99999999999999,132.0,32.02328966521107,165,66,0.0
1217,66,134,33.0,1.32,2.6799999999999997,33.0,66.99999999999999,132.0,32.02328966521107,165,66,0.0
1218,66,134,33.0,1.32,2.6799999999999997,33.0,66.99999999999999,132.0,32.02328966521107,165,66,0.0
1219,66,134,33.0,1.32,2.6799999999999997,33.0,66.99999999999999,132.0,32.02328966521107,165,66,0.0
1220,66,134,33.0,1.32,2.6799999999999997,33.0,66.99999999999999,132.0,32.02328966521107,165,66,0.0
1221,66,134,33.0,1.32,2.6799999999999997,33.0,66.99999999999999,132.0,32.02328966521107,165,66,0.0
1222,66,134,33.0,1.32,2.6799999999999997,33.0,66.99999999999999,132.0,32.02328966521107,165,66,0.0
1223,66,134,33.0,1.32,2.6799999999999997,33.0,66.99999999999999,132.0,32.02328966521107,165,66,0.0
1224,66,134,33.0,1.32,2.6799999999999997,33.0,66.99999999999999,132.0,32.02328966521107,165,66,0.0
1225,66,134,33.0,1.32,2.6799999999999997,33.0,66.99999999999999,132.0,32.02328966521107,165,66,0.0
1226,66,134,33.0,1.32,2.6799999999999997,33.0,66.99999999999999,132.0,32.02328966521107,165,66,0.0
1227,66,134,33.0,1.32,2.6799999999999997,33.0,66.99999999999999,132.0,32.02328966521107,166,66,0.0
1228,66,134,33.0,1.32,2.6799999999999997,33.0,66.99999999999999,132.0,32.02328966521107,166,66,0.0
1229,66,134,33.0,1.32,2.6799999999999997,33.0,66.99999999999999,132.0,32.02328966521107,166,66,0.0
1230,66,134,33.0,1.32,2.6799999999999997,33.0,66.99999999999999,132.0,32.02328966521107,166,66,0.0
1231,66,134,33.0,1.32,2.6799999999999997,33.0,66.99999999999999,132.0,32.02328966521107,166,66,0.0
1232,66,134,33.0,1.32,2.6799999999999997,33.0,66.99999999999999,132.0,32.02328966521107,166,66,0.0
1233,66,134,33.0,1.32,2.6799999999999997,33.0,66.99999999999999,132.0,32.02328966521107,166,66,0.0
1234,66,134,33.0,1.32,2.6799999999999997,33.0,66.99999999999999,132.0,32.02328966521107,166,66,0.0
1235,66,134,33.0,1.32,2.6799999999999997,33.0,66.99999999999999,132.0,32.02328966521107,166,66,0.0
1236,66,134,33.0,1.32,2.6799999999999997,33.0,66.99999999999999,132.0,32.02328966521107,166,66,0.0
1237,66,134,33.0,1.32,2.6799999999999997,33.0,66.99999999999999,132.0,32.02328966521107,166,66,0.0
1238,66,134,33.0,1.32,2.6799999999999997,33.0,66.99999999999999,132.0,32.02328966521107,166,66,0.0
1239,66,134,33.0,1.32,2.6799999999999997,33.0,66.99999999999999,132.0,32.02328966521107,166,66,0.0
1240,66,134,33.0,1.32,2.6799999999999997,33.0,66.99999999999999,132.0,32.02328966521107,166,66,0.0
1241,66,134,33.0,1.32,2.6799999999999997,33.0,66.99999999999999,132.0,32.02328966521107,167,66,0.0
1242,66,134,33.0,1.32,2.6799999999999997,33.0,66.99999999999999,132.0,32.02328966521107,168,66,0.0
1243,67,133,33.5,1.34,2.66,33.5,66.5,134.0,32.508491023774866,169,67,2.0
1244,67,133,33.5,1.34,2.66,33.5,66.5,134.0,32.508491023774866,169,67,0.0
1245,67,133,33.5,1.34,2.66,33.5,66.5,134.0,32.508491023774866,169,67,0.0
1246,67,133,33.5,1.34,2.66,33.5,66.5,134.0,32.508491023774866,169,67,0.0
1247,67,133,33.5,1.34,2.66,33.5,66.5,134.0,32.508491023774866,169,67,0.0
1248,67,133,33.5,1.34,2.66,33.5,66.5,134.0,32.508491023774866,169,67,0.0
1249,68,132,34.0,1.36,2.6399999999999997,34.0,65.99999999999999,136.0,32.99369238233867,170,68,2.0
1250,68,132,34.0,1.36,2.6399999999999997,34.0,65.99999999999999,136.0,32.99369238233867,170,68,0.0
1251,68,132,34.0,1.36,2.6399999999999997,34.0,65.99999999999999,136.0,32.99369238233867,170,68,0.0
1252,68,132,34.0,1.36,2.6399999999999997,34.0,65.99999999999999,136.0,32.99369238233867,170,68,0.0
1253,68,132,34.0,1.36,2.6399999999999997,34.0,65.99999999999999,136.0,32.99369238233867,170,68,0.0
1254,68,132,34.0,1.36,2.6399999999999997,34.0,65.99999999999999,136.0,32.99369238233867,170,68,0.0
1255,68,132,34.0,1.36,2.6399999999999997,34.0,65.99999999999999,136.0,32.99369238233867,170,68,0.0
1256,68,132,34.0,1.36,2.6399999999999997,34.0,65.99999999999999,136.0,32.99369238233867,170,68,0.0
1257,68,132,34.0,1.36,2.6399999999999997,34.0,65.99999999999999,136.0,32.99369238233867,170,68,0.0
1258,68,132,34.0,1.36,2.6399999999999997,34.0,65.99999999999999,136.0,32.99369238233867,170,68,0.0
1259,68,132,34.0,1.36,2.6399999999999997,34.0,65.99999999999999,136.0,32.99369238233867,170,68,0.0
1260,68,132,34.0,1.36,2.6399999999999997,34.0,65.99999999999999,136.0,32.99369238233867,170,68,0.0
1261,69,131,34.5,1.3800000000000001,2.62,34.5,65.5,138.0,33.47889374090248,171,69,2.0
1262,69,131,34.5,1.3800000000000001,2.62,34.5,65.5,138.0,33.47889374090248,171,69,0.0
1263,69,131,34.5,1.3800000000000001,2.62,34.5,65.5,138.0,33.47889374090248,171,69,0.0
1264,69,131,34.5,1.3800000000000001,2.62,34.5,65.5,138.0,33.47889374090248,171,69,0.0
1265,69,131,34.5,1.3800000000000001,2.62,34.5,65.5,138.0,33.47889374090248,171,69,0.0
1266,69,131,34.5,1.3800000000000001,2.62,34.5,65.5,138.0,33.47889374090248,171,69,0.0
1267,69,131,34.5,1.3800000000000001,2.62,34.5,65.5,138.0,33.47889374090248,171,69,0.0
1268,69,131,34.5,1.3800000000000001,2.62,34.5,65.5,138.0,33.47889374090248,171,69,0.0
1269,69,131,34.5,1.3800000000000001,2.62,34.5,65.5,138.0,33.47889374090248,171,69,0.0
1270,69,131,34.5,1.3800000000000001,2.62,34.5,65.5,138.0,33.47889374090248,171,69,0.0
1271,69,131,34.5,1.3800000000000001,2.62,34.5,65.5,138.0,33.47889374090248,171,69,0.0
1272,69,131,34.5,1.3800000000000001,2.62,34.5,65.5,138.0,33.47889374090248,171,69,0.0
1273,69,131,34.5,1.3800000000000001,2.62,34.5,65.5,138.0,33.47889374090248,171,69,0.0
1274,69,131,34.5,1.3800000000000001,2.62,34.5,65.5,138.0,33.47889374090248,171,69,0.0
1275,69,131,34.5,1.3800000000000001,2.62,34.5,65.5,138.0,33.47889374090248,171,69,0.0
1276,69,131,34.5,1.3800000000000001,2.62,34.5,65.5,138.0,33.47889374090248,171,69,0.0
1277,69,131,34.5,1.3800000000000001,2.62,34.5,65.5,138.0,33.47889374090248,171,69,0.0
1278,70,130,35.0,1.4000000000000001,2.5999999999999996,35.0,64.99999999999999,140.0,33.96409509946628,172,70,2.0
1279,70,130,35.0,1.4000000000000001,2.5999999999999996,35.0,64.99999999999999,140.0,33.96409509946628,172,70,0.0
1280,70,130,35.0,1.4000000000000001,2.5999999999999996,35.0,64.99999999999999,140.0,33.96409509946628,172,70,0.0
1281,70,130,35.0,1.4000000000000001,2.5999999999999996,35.0,64.99999999999999,140.0,33.96409509946628,172,70,0.0
1282,70,130,35.0,1.4000000000000001,2.5999999999999996,35.0,64.99999999999999,140.0,33.96409509946628,172,70,0.0
1283,70,130,35.0,1.4000000000000001,2.5999999999999996,35.0,64.99999999999999,140.0,33.96409509946628,172,70,0.0
1284,70,130,35.0,1.4000000000000001,2.5999999999999996,35.0,64.99999999999999,140.0,33.96409509946628,172,70,0.0
1285,70,130,35.0,1.4000000000000001,2.5999999999999996,35.0,64.99999999999999,140.0,33.96409509946628,173,70,0.0
1286,70,130,35.0,1.4000000000000001,2.5999999999999996,35.0,64.99999999999999,140.0,33.96409509946628,173,70,0.0
1287,70,130,35.0,1.4000000000000001,2.5999999999999996,35.0,64.99999999999999,140.0,33.96409509946628,173,70,0.0
1288,70,130,35.0,1.4000000000000001,2.5999999999999996,35.0,64.99999999999999,140.0,33.96409509946628,173,70,0.0
1289,70,130,35.0,1.4000000000000001,2.5999999999999996,35.0,64.99999999999999,140.0,33.96409509946628,173,70,0.0
1290,70,130,35.0,1.4000000000000001,2.5999999999999996,35.0,64.99999999999999,140.0,33.96409509946628,173,70,0.0
1291,70,130,35.0,1.4000000000000001,2.5999999999999996,35.0,64.99999999999999,140.0,33.96409509946628,173,70,0.0
1292,70,130,35.0,1.4000000000000001,2.5999999999999996,35.0,64.99999999999999,140.0,33.96409509946628,173,70,0.0
1293,70,130,35.0,1.4000000000000001,2.5999999999999996,35.0,64.99999999999999,140.0,33.96409509946628,173,70,0.0
1294,70,130,35.0,1.4000000000000001,2.5999999999999996,35.0,64.99999999999999,140.0,33.96409509946628,173,70,0.0
1295,70,130,35.0,1.4000000000000001,2.5999999999999996,35.0,64.99999999999999,140.0,33.96409509946628,173,70,0.0
1296,70,130,35.0,1.4000000000000001,2.5999999999999996,35.0,64.99999999999999,140.0,33.96409509946628,173,70,0.0
1297,70,130,35.0,1.4000000000000001,2.5999999999999996,35.0,64.99999999999999,140.0,33.96409509946628,173,70,0.0
1298,70,130,35.0,1.4000000000000001,2.5999999999999996,35.0,64.99999999999999,140.0,33.96409509946628,173,70,0.0
1299,70,130,35.0,1.4000000000000001,2.5999999999999996,35.0,64.99999999999999,140.0,33.96409509946628,173,70,0.0
1300,70,130,35.0,1.4000000000000001,2.5999999999999996,35.0,64.99999999999999,140.0,33.96409509946628,173,70,0.0
1301,70,130,35.0,1.4000000000000001,2.5999999999999996,35.0,64.99999999999999,140.0,33.96409509946628,173,70,0.0
1302,70,130,35.0,1.4000000000000001,2.5999999999999996,35.0,64.99999999999999,140.0,33.96409509946628,173,70,0.0
1303,70,130,35.0,1.4000000000000001,2.5999999999999996,35.0,64.99999999999999,140.0,33.96409509946628,173,70,0.0
1304,70,130,35.0,1.4000000000000001,2.5999999999999996,35.0,64.99999999999999,140.0,33.96409509946628,173,70,0.0
1305,70,130,35.0,1.4000000000000001,2.5999999999999996,35.0,64.99999999999999,140.0,33.96409509946628,173,70,0.0
1306,70,130,35.0,1.4000000000000001,2.5999999999999996,35.0,64.99999999999999,140.0,33.96409509946628,173,70,0.0
1307,70,130,35.0,1.4000000000000001,2.5999999999999996,35.0,64.99999999999999,140.0,33.96409509946628,173,70,0.0
1308,70,130,35.0,1.4000000000000001,2.5999999999999996,35.0,64.99999999999999,140.0,33.96409509946628,173,70,0.0
1309,70,130,35.0,1.4000000000000001,2.5999999999999996,35.0,64.99999999999999,140.0,33.96409509946628,173,70,0.0
1310,70,130,35.0,1.4000000000000001,2.5999999999999996,35.0,64.99999999999999,140.0,33.96409509946628,173,70,0.0
1311,70,130,35.0,1.4000000000000001,2.5999999999999996,35.0,64.99999999999999,140.0,33.96409509946628,173,70,0.0
1312,70,130,35.0,1.4000000000000001,2.5999999999999996,35.0,64.99999999999999,140.0,33.96409509946628,173,70,0.0
1313,70,130,35.0,1.4000000000000001,2.5999999999999996,35.0,64.99999999999999,140.0,33.96409509946628,173,70,0.0
1314,70,130,35.0,1.4000000000000001,2.5999999999999996,35.0,64.99999999999999,140.0,33.96409509946628,173,70,0.0
1315,70,130,35.0,1.4000000000000001,2.5999999999999996,35.0,64.99999999999999,140.0,33.96409509946628,173,70,0.0
1316,70,130,35.0,1.4000000000000001,2.5999999999999996,35.0,64.99999999999999,140.0,33.96409509946628,173,70,0.0
1317,70,130,35.0,1.4000000000000001,2.5999999999999996,35.0,64.99999999999999,140.0,33.96409509946628,173,70,0.0
1318,70,130,35.0,1.4000000000000001,2.5999999999999996,35.0,64.99999999999999,140.0,33.96409509946628,173,70,0.0
1319,70,130,35.0,1.4000000000000001,2.5999999999999996,35.0,64.99999999999999,140.0,33.96409509946628,173,70,0.0
1320,70,130,35.0,1.4000000000000001,2.5999999999999996,35.0,64.99999999999999,140.0,33.96409509946628,173,70,0.0
1321,70,130,35.0,1.4000000000000001,2.5999999999999996,35.0,64.99999999999999,140.0,33.96409509946628,173,70,0.0
1322,70,130,35.0,1.4000000000000001,2.5999999999999996,35.0,64.99999999999999,140.0,33.96409509946628,173,70,0.0
1323,70,130,35.0,1.4000000000000001,2.5999999999999996,35.0,64.99999999999999,140.0,33.96409509946628,173,70,0.0
1324,70,130,35.0,1.4000000000000001,2.5999999999999996,35.0,64.99999999999999,140.0,33.96409509946628,173,70,0.0
1325,70,130,35.0,1.4000000000000001,2.5999999999999996,35.0,64.99999999999999,140.0,33.96409509946628,173,70,0.0
1326,70,130,35.0,1.4000000000000001,2.5999999999999996,35.0,64.99999999999999,140.0,33.96409509946628,173,70,0.0
1327,70,130,35.0,1.4000000000000001,2.5999999999999996,35.0,64.99999999999999,140.0,33.96409509946628,173,70,0.0
1328,70,130,35.0,1.4000000000000001,2.5999999999999996,35.0,64.99999999999999,140.0,33.96409509946628,173,70,0.0
1329,70,130,35.0,1.4000000000000001,2.5999999999999996,35.0,64.99999999999999,140.0,33.96409509946628,173,70,0.0
1330,70,130,35.0,1.4000000000000001,2.5999999999999996,35.0,64.99999999999999,140.0,33.96409509946628,173,70,0.0
1331,70,130,35.0,1.4000000000000001,2.5999999999999996,35.0,64.99999999999999,140.0,33.96409509946628,173,70,0.0
1332,70,130,35.0,1.4000000000000001,2.5999999999999996,35.0,64.99999999999999,140.0,33.96409509946628,173,70,0.0
1333,70,130,35.0,1.4000000000000001,2.5999999999999996,35.0,64.99999999999999,140.0,33.96409509946628,173,70,0.0
1334,70,130,35.0,1.4000000000000001,2.5999999999999996,35.0,64.99999999999999,140.0,33.96409509946628,173,70,0.0
1335,70,130,35.0,1.4000000000000001,2.5999999999999996,35.0,64.99999999999999,140.0,33.96409509946628,173,70,0.0
1336,70,130,35.0,1.4000000000000001,2.5999999999999996,35.0,64.99999999999999,140.0,33.96409509946628,173,70,0.0
1337,70,130,35.0,1.4000000000000001,2.5999999999999996,35.0,64.99999999999999,140.0,33.96409509946628,173,70,0.0
1338,70,130,35.0,1.4000000000000001,2.5999999999999996,35.0,64.99999999999999,140.0,33.96409509946628,173,70,0.0
1339,70,130,35.0,1.4000000000000001,2.5999999999999996,35.0,64.99999999999999,140.0,33.96409509946628,173,70,0.0
1340,70,130,35.0,1.4000000000000001,2.5999999999999996,35.0,64.99999999999999,140.0,33.96409509946628,173,70,0.0
1341,70,130,35.0,1.4000000000000001,2.5999999999999996,35.0,64.99999999999999,140.0,33.96409509946628,173,70,0.0
1342,70,130,35.0,1.4000000000000001,2.5999999999999996,35.0,64.99999999999999,140.0,33.96409509946628,173,70,0.0
1343,70,130,35.0,1.4000000000000001,2.5999999999999996,35.0,64.99999999999999,140.0,33.96409509946628,173,70,0.0
1344,70,130,35.0,1.4000000000000001,2.5999999999999996,35.0,64.99999999999999,140.0,33.96409509946628,173,70,0.0
1345,70,130,35.0,1.4000000000000001,2.5999999999999996,35.0,64.99999999999999,140.0,33.96409509946628,173,70,0.0
1346,70,130,35.0,1.4000000000000001,2.5999999999999996,35.0,64.99999999999999,140.0,33.96409509946628,173,70,0.0
1347,70,130,35.0,1.4000000000000001,2.5999999999999996,35.0,64.99999999999999,140.0,33.96409509946628,173,70,0.0
1348,70,130,35.0,1.4000000000000001,2.5999999999999996,35.0,64.99999999999999,140.0,33.96409509946628,173,70,0.0
1349,70,130,35.0,1.4000000000000001,2.5999999999999996,35.0,64.99999999999999,140.0,33.96409509946628,173,70,0.0
1350,70,130,35.0,1.4000000000000001,2.5999999999999996,35.0,64.99999999999999,140.0,33.96409509946628,173,70,0.0
1351,70,130,35.0,1.4000000000000001,2.5999999999999996,35.0,64.99999999999999,140.0,33.96409509946628,173,70,0.0
1352,70,130,35.0,1.4000000000000001,2.5999999999999996,35.0,64.99999999999999,140.0,33.96409509946628,173,70,0.0
1353,70,130,35.0,1.4000000000000001,2.5999999999999996,35.0,64.99999999999999,140.0,33.96409509946628,173,70,0.0
1354,70,130,35.0,1.4000000000000001,2.5999999999999996,35.0,64.99999999999999,140.0,33.96409509946628,173,70,0.0
1355,70,130,35.0,1.4000000000000001,2.5999999999999996,35.0,64.99999999999999,140.0,33.96409509946628,173,70,0.0
1356,70,130,35.0,1.4000000000000001,2.5999999999999996,35.0,64.99999999999999,140.0,33.96409509946628,173,70,0.0
1357,70,130,35.0,1.4000000000000001,2.5999999999999996,35.0,64.99999999999999,140.0,33.96409509946628,173,70,0.0
1358,70,130,35.0,1.4000000000000001,2.5999999999999996,35.0,64.99999999999999,140.0,33.96409509946628,173,70,0.0
1359,70,130,35.0,1.4000000000000001,2.5999999999999996,35.0,64.99999999999999,140.0,33.96409509946628,173,70,0.0
1360,70,130,35.0,1.4000000000000001,2.5999999999999996,35.0,64.99999999999999,140.0,33.96409509946628,173,70,0.0
1361,70,130,35.0,1.4000000000000001,2.5999999999999996,35.0,64.99999999999999,140.0,33.96409509946628,174,70,0.0
1362,71,129,35.5,1.42,2.58,35.5,64.5,142.0,34.449296458030084,175,71,2.0
1363,71,129,35.5,1.42,2.58,35.5,64.5,142.0,34.449296458030084,175,71,0.0
1364,71,129,35.5,1.42,2.58,35.5,64.5,142.0,34.449296458030084,175,71,0.0
1365,71,129,35.5,1.42,2.58,35.5,64.5,142.0,34.449296458030084,175,71,0.0
1366,71,129,35.5,1.42,2.58,35.5,64.5,142.0,34.449296458030084,175,71,0.0
1367,71,129,35.5,1.42,2.58,35.5,64.5,142.0,34.449296458030084,175,71,0.0
1368,71,129,35.5,1.42,2.58,35.5,64.5,142.0,34.449296458030084,175,71,0.0
1369,71,129,35.5,1.42,2.58,35.5,64.5,142.0,34.449296458030084,175,71,0.0
1370,71,129,35.5,1.42,2.58,35.5,64.5,142.0,34.449296458030084,175,71,0.0
1371,71,129,35.5,1.42,2.58,35.5,64.5,142.0,34.449296458030084,175,71,0.0
1372,71,129,35.5,1.42,2.58,35.5,64.5,142.0,34.449296458030084,175,71,0.0
1373,71,129,35.5,1.42,2.58,35.5,64.5,142.0,34.449296458030084,175,71,0.0
1374,71,129,35.5,1.42,2.58,35.5,64.5,142.0,34.449296458030084,175,71,0.0
1375,71,129,35.5,1.42,2.58,35.5,64.5,142.0,34.449296458030084,175,71,0.0
1376,71,129,35.5,1.42,2.58,35.5,64.5,142.0,34.449296458030084,175,71,0.0
1377,71,129,35.5,1.42,2.58,35.5,64.5,142.0,34.449296458030084,175,71,0.0
1378,71,129,35.5,1.42,2.58,35.5,64.5,142.0,34.449296458030084,175,71,0.0
1379,71,129,35.5,1.42,2.58,35.5,64.5,142.0,34.449296458030084,175,71,0.0
1380,71,129,35.5,1.42,2.58,35.5,64.5,142.0,34.449296458030084,175,71,0.0
1381,71,129,35.5,1.42,2.58,35.5,64.5,142.0,34.449296458030084,175,71,0.0
1382,71,129,35.5,1.42,2.58,35.5,64.5,142.0,34.449296458030084,175,71,0.0
1383,71,129,35.5,1.42,2.58,35.5,64.5,142.0,34.449296458030084,175,71,0.0
1384,71,129,35.5,1.42,2.58,35.5,64.5,142.0,34.449296458030084,175,71,0.0
1385,71,129,35.5,1.42,2.58,35.5,64.5,142.0,34.449296458030084,175,71,0.0
1386,71,129,35.5,1.42,2.58,35.5,64.5,142.0,34.449296458030084,175,71,0.0
1387,71,129,35.5,1.42,2.58,35.5,64.5,142.0,34.449296458030084,175,71,0.0
1388,71,129,35.5,1.42,2.58,35.5,64.5,142.0,34.449296458030084,175,71,0.0
1389,71,129,35.5,1.42,2.58,35.5,64.5,142.0,34.449296458030084,175,71,0.0
1390,71,129,35.5,1.42,2.58,35.5,64.5,142.0,34.449296458030084,175,71,0.0
1391,71,129,35.5,1.42,2.58,35.5,64.5,142.0,34.449296458030084,175,71,0.0
1392,71,129,35.5,1.42,2.58,35.5,64.5,142.0,34.449296458030084,175,71,0.0
1393,71,129,35.5,1.42,2.58,35.5,64.5,142.0,34.449296458030084,175,71,0.0
1394,71,129,35.5,1.42,2.58,35.5,64.5,142.0,34.449296458030084,175,71,0.0
1395,71,129,35.5,1.42,2.58,35.5,64.5,142.0,34.449296458030084,175,71,0.0
1396,71,129,35.5,1.42,2.58,35.5,64.5,142.0,34.449296458030084,175,71,0.0
1397,71,129,35.5,1.42,2.58,35.5,64.5,142.0,34.449296458030084,175,71,0.0
1398,71,129,35.5,1.42,2.58,35.5,64.5,142.0,34.449296458030084,175,71,0.0
1399,71,129,35.5,1.42,2.58,35.5,64.5,142.0,34.449296458030084,175,71,0.0
1400,71,129,35.5,1.42,2.58,35.5,64.5,142.0,34.449296458030084,175,71,0.0
1401,71,129,35.5,1.42,2.58,35.5,64.5,142.0,34.449296458030084,175,71,0.0
1402,72,128,36.0,1.44,2.56,36.0,64.0,144.0,34.93449781659389,176,72,2.0
1403,72,128,36.0,1.44,2.56,36.0,64.0,144.0,34.93449781659389,176,72,0.0
1404,72,128,36.0,1.44,2.56,36.0,64.0,144.0,34.93449781659389,176,72,0.0
1405,72,128,36.0,1.44,2.56,36.0,64.0,144.0,34.93449781659389,176,72,0.0
1406,72,128,36.0,1.44,2.56,36.0,64.0,144.0,34.93449781659389,176,72,0.0
1407,72,128,36.0,1.44,2.56,36.0,64.0,144.0,34.93449781659389,176,72,0.0
1408,72,128,36.0,1.44,2.56,36.0,64.0,144.0,34.93449781659389,176,72,0.0
1409,72,128,36.0,1.44,2.56,36.0,64.0,144.0,34.93449781659389,176,72,0.0
1410,72,128,36.0,1.44,2.56,36.0,64.0,144.0,34.93449781659389,176,72,0.0
1411,72,128,36.0,1.44,2.56,36.0,64.0,144.0,34.93449781659389,176,72,0.0
1412,72,128,36.0,1.44,2.56,36.0,64.0,144.0,34.93449781659389,176,72,0.0
1413,72,128,36.0,1.44,2.56,36.0,64.0,144.0,34.93449781659389,176,72,0.0
1414,72,128,36.0,1.44,2.56,36.0,64.0,144.0,34.93449781659389,176,72,0.0
1415,72,128,36.0,1.44,2.56,36.0,64.0,144.0,34.93449781659389,176,72,0.0
1416,72,128,36.0,1.44,2.56,36.0,64.0,144.0,34.93449781659389,176,72,0.0
1417,72,128,36.0,1.44,2.56,36.0,64.0,144.0,34.93449781659389,176,72,0.0
1418,72,128,36.0,1.44,2.56,36.0,64.0,144.0,34.93449781659389,176,72,0.0
1419,72,128,36.0,1.44,2.56,36.0,64.0,144.0,34.93449781659389,176,72,0.0
1420,72,128,36.0,1.44,2.56,36.0,64.0,144.0,34.93449781659389,176,72,0.0
1421,72,128,36.0,1.44,2.56,36.0,64.0,144.0,34.93449781659389,176,72,0.0
1422,72,128,36.0,1.44,2.56,36.0,64.0,144.0,34.93449781659389,176,72,0.0
1423,72,128,36.0,1.44,2.56,36.0,64.0,144.0,34.93449781659389,176,72,0.0
1424,72,128,36.0,1.44,2.56,36.0,64.0,144.0,34.93449781659389,176,72,0.0
1425,72,128,36.0,1.44,2.56,36.0,64.0,144.0,34.93449781659389,176,72,0.0
1426,72,128,36.0,1.44,2.56,36.0,64.0,144.0,34.93449781659389,176,72,0.0
1427,72,128,36.0,1.44,2.56,36.0,64.0,144.0,34.93449781659389,176,72,0.0
1428,72,128,36.0,1.44,2.56,36.0,64.0,144.0,34.93449781659389,177,72,0.0
1429,72,128,36.0,1.44,2.56,36.0,64.0,144.0,34.93449781659389,178,72,0.0
1430,72,128,36.0,1.44,2.56,36.0,64.0,144.0,34.93449781659389,178,72,0.0
1431,72,128,36.0,1.44,2.56,36.0,64.0,144.0,34.93449781659389,178,72,0.0
1432,72,128,36.0,1.44,2.56,36.0,64.0,144.0,34.93449781659389,178,72,0.0
1433,72,128,36.0,1.44,2.56,36.0,64.0,144.0,34.93449781659389,178,72,0.0
1434,72,128,36.0,1.44,2.56,36.0,64.0,144.0,34.93449781659389,178,72,0.0
1435,73,127,36.5,1.46,2.54,36.5,63.5,146.0,35.419699175157696,179,73,2.0
1436,73,127,36.5,1.46,2.54,36.5,63.5,146.0,35.419699175157696,179,73,0.0
1437,73,127,36.5,1.46,2.54,36.5,63.5,146.0,35.419699175157696,179,73,0.0
1438,73,127,36.5,1.46,2.54,36.5,63.5,146.0,35.419699175157696,179,73,0.0
1439,73,127,36.5,1.46,2.54,36.5,63.5,146.0,35.419699175157696,179,73,0.0
1440,73,127,36.5,1.46,2.54,36.5,63.5,146.0,35.419699175157696,179,73,0.0
1441,73,127,36.5,1.46,2.54,36.5,63.5,146.0,35.419699175157696,179,73,0.0
1442,73,127,36.5,1.46,2.54,36.5,63.5,146.0,35.419699175157696,179,73,0.0
1443,73,127,36.5,1.46,2.54,36.5,63.5,146.0,35.419699175157696,179,73,0.0
1444,73,127,36.5,1.46,2.54,36.5,63.5,146.0,35.419699175157696,179,73,0.0
1445,73,127,36.5,1.46,2.54,36.5,63.5,146.0,35.419699175157696,179,73,0.0
1446,73,127,36.5,1.46,2.54,36.5,63.5,146.0,35.419699175157696,179,73,0.0
1447,73,127,36.5,1.46,2.54,36.5,63.5,146.0,35.419699175157696,179,73,0.0
1448,73,127,36.5,1.46,2.54,36.5,63.5,146.0,35.419699175157696,179,73,0.0
1449,73,127,36.5,1.46,2.54,36.5,63.5,146.0,35.419699175157696,179,73,0.0
1450,73,127,36.5,1.46,2.54,36.5,63.5,146.0,35.419699175157696,179,73,0.0
1451,73,127,36.5,1.46,2.54,36.5,63.5,146.0,35.419699175157696,179,73,0.0
1452,73,127,36.5,1.46,2.54,36.5,63.5,146.0,35.419699175157696,179,73,0.0
1453,73,127,36.5,1.46,2.54,36.5,63.5,146.0,35.419699175157696,179,73,0.0
1454,73,127,36.5,1.46,2.54,36.5,63.5,146.0,35.419699175157696,179,73,0.0
1455,73,127,36.5,1.46,2.54,36.5,63.5,146.0,35.419699175157696,179,73,0.0
1456,73,127,36.5,1.46,2.54,36.5,63.5,146.0,35.419699175157696,179,73,0.0
1457,73,127,36.5,1.46,2.54,36.5,63.5,146.0,35.419699175157696,179,73,0.0
1458,73,127,36.5,1.46,2.54,36.5,63.5,146.0,35.419699175157696,179,73,0.0
1459,73,127,36.5,1.46,2.54,36.5,63.5,146.0,35.419699175157696,179,73,0.0
1460,73,127,36.5,1.46,2.54,36.5,63.5,146.0,35.419699175157696,179,73,0.0
1461,73,127,36.5,1.46,2.54,36.5,63.5,146.0,35.419699175157696,179,73,0.0
1462,73,127,36.5,1.46,2.54,36.5,63.5,146.0,35.419699175157696,179,73,0.0
1463,73,127,36.5,1.46,2.54,36.5,63.5,146.0,35.419699175157696,179,73,0.0
1464,73,127,36.5,1.46,2.54,36.5,63.5,146.0,35.419699175157696,179,73,0.0
1465,73,127,36.5,1.46,2.54,36.5,63.5,146.0,35.419699175157696,179,73,0.0
1466,73,127,36.5,1.46,2.54,36.5,63.5,146.0,35.419699175157696,179,73,0.0
1467,73,127,36.5,1.46,2.54,36.5,63.5,146.0,35.419699175157696,179,73,0.0
1468,73,127,36.5,1.46,2.54,36.5,63.5,146.0,35.419699175157696,179,73,0.0
1469,73,127,36.5,1.46,2.54,36.5,63.5,146.0,35.419699175157696,179,73,0.0
1470,73,127,36.5,1.46,2.54,36.5,63.5,146.0,35.419699175157696,179,73,0.0
1471,73,127,36.5,1.46,2.54,36.5,63.5,146.0,35.419699175157696,179,73,0.0
1472,73,127,36.5,1.46,2.54,36.5,63.5,146.0,35.419699175157696,179,73,0.0
1473,73,127,36.5,1.46,2.54,36.5,63.5,146.0,35.419699175157696,179,73,0.0
1474,73,127,36.5,1.46,2.54,36.5,63.5,146.0,35.419699175157696,179,73,0.0
1475,73,127,36.5,1.46,2.54,36.5,63.5,146.0,35.419699175157696,179,73,0.0
1476,73,127,36.5,1.46,2.54,36.5,63.5,146.0,35.419699175157696,179,73,0.0
1477,73,127,36.5,1.46,2.54,36.5,63.5,146.0,35.419699175157696,179,73,0.0
1478,73,127,36.5,1.46,2.54,36.5,63.5,146.0,35.419699175157696,179,73,0.0
1479,73,127,36.5,1.46,2.54,36.5,63.5,146.0,35.419699175157696,179,73,0.0
1480,74,126,37.0,1.48,2.52,37.0,63.0,148.0,35.904900533721495,180,74,2.0
1481,74,126,37.0,1.48,2.52,37.0,63.0,148.0,35.904900533721495,180,74,0.0
1482,74,126,37.0,1.48,2.52,37.0,63.0,148.0,35.904900533721495,180,74,0.0
1483,74,126,37.0,1.48,2.52,37.0,63.0,148.0,35.904900533721495,180,74,0.0
1484,74,126,37.0,1.48,2.52,37.0,63.0,148.0,35.904900533721495,180,74,0.0
1485,75,125,37.5,1.5,2.5,37.5,62.5,150.0,36.3901018922853,181,75,2.0
1486,75,125,37.5,1.5,2.5,37.5,62.5,150.0,36.3901018922853,181,75,0.0
1487,75,125,37.5,1.5,2.5,37.5,62.5,150.0,36.3901018922853,181,75,0.0
1488,75,125,37.5,1.5,2.5,37.5,62.5,150.0,36.3901018922853,181,75,0.0
1489,75,125,37.5,1.5,2.5,37.5,62.5,150.0,36.3901018922853,181,75,0.0
1490,75,125,37.5,1.5,2.5,37.5,62.5,150.0,36.3901018922853,181,75,0.0
1491,75,125,37.5,1.5,2.5,37.5,62.5,150.0,36.3901018922853,181,75,0.0
1492,75,125,37.5,1.5,2.5,37.5,62.5,150.0,36.3901018922853,181,75,0.0
1493,75,125,37.5,1.5,2.5,37.5,62.5,150.0,36.3901018922853,181,75,0.0
1494,75,125,37.5,1.5,2.5,37.5,62.5,150.0,36.3901018922853,181,75,0.0
1495,75,125,37.5,1.5,2.5,37.5,62.5,150.0,36.3901018922853,181,75,0.0
1496,75,125,37.5,1.5,2.5,37.5,62.5,150.0,36.3901018922853,181,75,0.0
1497,75,125,37.5,1.5,2.5,37.5,62.5,150.0,36.3901018922853,181,75,0.0
1498,75,125,37.5,1.5,2.5,37.5,62.5,150.0,36.3901018922853,181,75,0.0
1499,75,125,37.5,1.5,2.5,37.5,62.5,150.0,36.3901018922853,181,75,0.0
1500,75,125,37.5,1.5,2.5,37.5,62.5,150.0,36.3901018922853,181,75,0.0
1501,75,125,37.5,1.5,2.5,37.5,62.5,150.0,36.3901018922853,181,75,0.0
1502,75,125,37.5,1.5,2.5,37.5,62.5,150.0,36.3901018922853,181,75,0.0
1503,75,125,37.5,1.5,2.5,37.5,62.5,150.0,36.3901018922853,181,75,0.0
1504,75,125,37.5,1.5,2.5,37.5,62.5,150.0,36.3901018922853,181,75,0.0
1505,75,125,37.5,1.5,2.5,37.5,62.5,150.0,36.3901018922853,181,75,0.0
1506,75,125,37.5,1.5,2.5,37.5,62.5,150.0,36.3901018922853,181,75,0.0
1507,75,125,37.5,1.5,2.5,37.5,62.5,150.0,36.3901018922853,181,75,0.0
1508,75,125,37.5,1.5,2.5,37.5,62.5,150.0,36.3901018922853,181,75,0.0
1509,75,125,37.5,1.5,2.5,37.5,62.5,150.0,36.3901018922853,181,75,0.0
1510,75,125,37.5,1.5,2.5,37.5,62.5,150.0,36.3901018922853,181,75,0.0
1511,75,125,37.5,1.5,2.5,37.5,62.5,150.0,36.3901018922853,181,75,0.0
1512,75,125,37.5,1.5,2.5,37.5,62.5,150.0,36.3901018922853,181,75,0.0
1513,75,125,37.5,1.5,2.5,37.5,62.5,150.0,36.3901018922853,182,75,0.0
1514,75,125,37.5,1.5,2.5,37.5,62.5,150.0,36.3901018922853,182,75,0.0
1515,75,125,37.5,1.5,2.5,37.5,62.5,150.0,36.3901018922853,183,75,0.0
1516,75,125,37.5,1.5,2.5,37.5,62.5,150.0,36.3901018922853,183,75,0.0
1517,75,125,37.5,1.5,2.5,37.5,62.5,150.0,36.3901018922853,183,75,0.0
1518,75,125,37.5,1.5,2.5,37.5,62.5,150.0,36.3901018922853,183,75,0.0
1519,75,125,37.5,1.5,2.5,37.5,62.5,150.0,36.3901018922853,183,75,0.0
1520,75,125,37.5,1.5,2.5,37.5,62.5,150.0,36.3901018922853,183,75,0.0
1521,76,124,38.0,1.52,2.48,38.0,62.0,152.0,36.8753032508491,184,76,2.0
1522,77,123,38.5,1.54,2.46,38.5,61.5,154.0,37.36050460941291,185,77,2.0
1523,77,123,38.5,1.54,2.46,38.5,61.5,154.0,37.36050460941291,185,77,0.0
1524,78,122,39.0,1.56,2.44,39.0,61.0,156.0,37.84570596797671,186,78,2.0
1525,78,122,39.0,1.56,2.44,39.0,61.0,156.0,37.84570596797671,186,78,0.0
1526,78,122,39.0,1.56,2.44,39.0,61.0,156.0,37.84570596797671,186,78,0.0
1527,78,122,39.0,1.56,2.44,39.0,61.0,156.0,37.84570596797671,186,78,0.0
1528,78,122,39.0,1.56,2.44,39.0,61.0,156.0,37.84570596797671,186,78,0.0
1529,78,122,39.0,1.56,2.44,39.0,61.0,156.0,37.84570596797671,186,78,0.0
1530,78,122,39.0,1.56,2.44,39.0,61.0,156.0,37.84570596797671,186,78,0.0
1531,78,122,39.0,1.56,2.44,39.0,61.0,156.0,37.84570596797671,186,78,0.0
1532,78,122,39.0,1.56,2.44,39.0,61.0,156.0,37.84570596797671,186,78,0.0
1533,78,122,39.0,1.56,2.44,39.0,61.0,156.0,37.84570596797671,187,78,0.0
1534,78,122,39.0,1.56,2.44,39.0,61.0,156.0,37.84570596797671,187,78,0.0
1535,78,122,39.0,1.56,2.44,39.0,61.0,156.0,37.84570596797671,187,78,0.0
1536,78,122,39.0,1.56,2.44,39.0,61.0,156.0,37.84570596797671,187,78,0.0
1537,78,122,39.0,1.56,2.44,39.0,61.0,156.0,37.84570596797671,187,78,0.0
1538,78,122,39.0,1.56,2.44,39.0,61.0,156.0,37.84570596797671,187,78,0.0
1539,78,122,39.0,1.56,2.44,39.0,61.0,156.0,37.84570596797671,187,78,0.0
1540,78,122,39.0,1.56,2.44,39.0,61.0,156.0,37.84570596797671,187,78,0.0
1541,78,122,39.0,1.56,2.44,39.0,61.0,156.0,37.84570596797671,187,78,0.0
1542,78,122,39.0,1.56,2.44,39.0,61.0,156.0,37.84570596797671,187,78,0.0
1543,78,122,39.0,1.56,2.44,39.0,61.0,156.0,37.84570596797671,187,78,0.0
1544,78,122,39.0,1.56,2.44,39.0,61.0,156.0,37.84570596797671,187,78,0.0
1545,78,122,39.0,1.56,2.44,39.0,61.0,156.0,37.84570596797671,187,78,0.0
1546,78,122,39.0,1.56,2.44,39.0,61.0,156.0,37.84570596797671,187,78,0.0
1547,78,122,39.0,1.56,2.44,39.0,61.0,156.0,37.84570596797671,187,78,0.0
1548,78,122,39.0,1.56,2.44,39.0,61.0,156.0,37.84570596797671,187,78,0.0
1549,78,122,39.0,1.56,2.44,39.0,61.0,156.0,37.84570596797671,187,78,0.0
1550,78,122,39.0,1.56,2.44,39.0,61.0,156.0,37.84570596797671,187,78,0.0
1551,78,122,39.0,1.56,2.44,39.0,61.0,156.0,37.84570596797671,187,78,0.0
1552,78,122,39.0,1.56,2.44,39.0,61.0,156.0,37.84570596797671,187,78,0.0
1553,78,122,39.0,1.56,2.44,39.0,61.0,156.0,37.84570596797671,188,78,0.0
1554,79,121,39.5,1.58,2.42,39.5,60.5,158.0,38.33090732654051,189,79,2.0
1555,79,121,39.5,1.58,2.42,39.5,60.5,158.0,38.33090732654051,190,79,0.0
1556,79,121,39.5,1.58,2.42,39.5,60.5,158.0,38.33090732654051,191,79,0.0
1557,79,121,39.5,1.58,2.42,39.5,60.5,158.0,38.33090732654051,192,79,0.0
1558,79,121,39.5,1.58,2.42,39.5,60.5,158.0,38.33090732654051,193,79,0.0
1559,79,121,39.5,1.58,2.42,39.5,60.5,158.0,38.33090732654051,193,79,0.0
1560,79,121,39.5,1.58,2.42,39.5,60.5,158.0,38.33090732654051,193,79,0.0
1561,79,121,39.5,1.58,2.42,39.5,60.5,158.0,38.33090732654051,193,79,0.0
1562,79,121,39.5,1.58,2.42,39.5,60.5,158.0,38.33090732654051,193,79,0.0
1563,79,121,39.5,1.58,2.42,39.5,60.5,158.0,38.33090732654051,193,79,0.0
1564,79,121,39.5,1.58,2.42,39.5,60.5,158.0,38.33090732654051,194,79,0.0
1565,80,120,40.0,1.6,2.4,40.0,60.0,160.0,38.81610868510432,195,80,2.0
1566,80,120,40.0,1.6,2.4,40.0,60.0,160.0,38.81610868510432,195,80,0.0
1567,80,120,40.0,1.6,2.4,40.0,60.0,160.0,38.81610868510432,195,80,0.0
1568,80,120,40.0,1.6,2.4,40.0,60.0,160.0,38.81610868510432,195,80,0.0
1569,80,120,40.0,1.6,2.4,40.0,60.0,160.0,38.81610868510432,195,80,0.0
1570,80,120,40.0,1.6,2.4,40.0,60.0,160.0,38.81610868510432,195,80,0.0
1571,80,120,40.0,1.6,2.4,40.0,60.0,160.0,38.81610868510432,195,80,0.0
1572,80,120,40.0,1.6,2.4,40.0,60.0,160.0,38.81610868510432,196,80,0.0
1573,80,120,40.0,1.6,2.4,40.0,60.0,160.0,38.81610868510432,196,80,0.0
1574,80,120,40.0,1.6,2.4,40.0,60.0,160.0,38.81610868510432,196,80,0.0
1575,80,120,40.0,1.6,2.4,40.0,60.0,160.0,38.81610868510432,196,80,0.0
1576,80,120,40.0,1.6,2.4,40.0,60.0,160.0,38.81610868510432,196,80,0.0
1577,80,120,40.0,1.6,2.4,40.0,60.0,160.0,38.81610868510432,196,80,0.0
1578,80,120,40.0,1.6,2.4,40.0,60.0,160.0,38.81610868510432,196,80,0.0
1579,80,120,40.0,1.6,2.4,40.0,60.0,160.0,38.81610868510432,196,80,0.0
1580,80,120,40.0,1.6,2.4,40.0,60.0,160.0,38.81610868510432,196,80,0.0
1581,80,120,40.0,1.6,2.4,40.0,60.0,160.0,38.81610868510432,196,80,0.0
1582,80,120,40.0,1.6,2.4,40.0,60.0,160.0,38.81610868510432,197,80,0.0
1583,81,119,40.5,1.62,2.38,40.5,59.49999999999999,162.0,39.301310043668124,199,81,2.0
1584,81,119,40.5,1.62,2.38,40.5,59.49999999999999,162.0,39.301310043668124,199,81,0.0
1585,81,119,40.5,1.62,2.38,40.5,59.49999999999999,162.0,39.301310043668124,200,81,0.0
1586,81,119,40.5,1.62,2.38,40.5,59.49999999999999,162.0,39.301310043668124,200,81,0.0
1587,81,119,40.5,1.62,2.38,40.5,59.49999999999999,162.0,39.301310043668124,201,81,0.0
1588,81,119,40.5,1.62,2.38,40.5,59.49999999999999,162.0,39.301310043668124,201,81,0.0
1589,81,119,40.5,1.62,2.38,40.5,59.49999999999999,162.0,39.301310043668124,201,81,0.0
1590,82,118,41.0,1.6400000000000001,2.36,41.0,58.99999999999999,164.0,39.78651140223193,202,82,2.0
1591,82,118,41.0,1.6400000000000001,2.36,41.0,58.99999999999999,164.0,39.78651140223193,202,82,0.0
1592,82,118,41.0,1.6400000000000001,2.36,41.0,58.99999999999999,164.0,39.78651140223193,202,82,0.0
1593,82,118,41.0,1.6400000000000001,2.36,41.0,58.99999999999999,164.0,39.78651140223193,203,82,0.0
1594,82,118,41.0,1.6400000000000001,2.36,41.0,58.99999999999999,164.0,39.78651140223193,203,82,0.0
1595,82,118,41.0,1.6400000000000001,2.36,41.0,58.99999999999999,164.0,39.78651140223193,203,82,0.0
1596,82,118,41.0,1.6400000000000001,2.36,41.0,58.99999999999999,164.0,39.78651140223193,203,82,0.0
1597,82,118,41.0,1.6400000000000001,2.36,41.0,58.99999999999999,164.0,39.78651140223193,203,82,0.0
1598,82,118,41.0,1.6400000000000001,2.36,41.0,58.99999999999999,164.0,39.78651140223193,203,82,0.0
1599,82,118,41.0,1.6400000000000001,2.36,41.0,58.99999999999999,164.0,39.78651140223193,203,82,0.0
1600,82,118,41.0,1.6400000000000001,2.36,41.0,58.99999999999999,164.0,39.78651140223193,203,82,0.0
1601,82,118,41.0,1.6400000000000001,2.36,41.0,58.99999999999999,164.0,39.78651140223193,203,82,0.0
1602,82,118,41.0,1.6400000000000001,2.36,41.0,58.99999999999999,164.0,39.78651140223193,203,82,0.0
1603,82,118,41.0,1.6400000000000001,2.36,41.0,58.99999999999999,164.0,39.78651140223193,203,82,0.0
1604,82,118,41.0,1.6400000000000001,2.36,41.0,58.99999999999999,164.0,39.78651140223193,203,82,0.0
1605,82,118,41.0,1.6400000000000001,2.36,41.0,58.99999999999999,164.0,39.78651140223193,203,82,0.0
1606,82,118,41.0,1.6400000000000001,2.36,41.0,58.99999999999999,164.0,39.78651140223193,203,82,0.0
1607,82,118,41.0,1.6400000000000001,2.36,41.0,58.99999999999999,164.0,39.78651140223193,203,82,0.0
1608,82,118,41.0,1.6400000000000001,2.36,41.0,58.99999999999999,164.0,39.78651140223193,203,82,0.0
1609,82,118,41.0,1.6400000000000001,2.36,41.0,58.99999999999999,164.0,39.78651140223193,203,82,0.0
1610,82,118,41.0,1.6400000000000001,2.36,41.0,58.99999999999999,164.0,39.78651140223193,203,82,0.0
1611,82,118,41.0,1.6400000000000001,2.36,41.0,58.99999999999999,164.0,39.78651140223193,203,82,0.0
1612,82,118,41.0,1.6400000000000001,2.36,41.0,58.99999999999999,164.0,39.78651140223193,203,82,0.0
1613,82,118,41.0,1.6400000000000001,2.36,41.0,58.99999999999999,164.0,39.78651140223193,203,82,0.0
1614,82,118,41.0,1.6400000000000001,2.36,41.0,58.99999999999999,164.0,39.78651140223193,203,82,0.0
1615,82,118,41.0,1.6400000000000001,2.36,41.0,58.99999999999999,164.0,39.78651140223193,203,82,0.0
1616,82,118,41.0,1.6400000000000001,2.36,41.0,58.99999999999999,164.0,39.78651140223193,203,82,0.0
1617,82,118,41.0,1.6400000000000001,2.36,41.0,58.99999999999999,164.0,39.78651140223193,203,82,0.0
1618,82,118,41.0,1.6400000000000001,2.36,41.0,58.99999999999999,164.0,39.78651140223193,203,82,0.0
1619,82,118,41.0,1.6400000000000001,2.36,41.0,58.99999999999999,164.0,39.78651140223193,204,82,0.0
1620,82,118,41.0,1.6400000000000001,2.36,41.0,58.99999999999999,164.0,39.78651140223193,205,82,0.0
1621,82,118,41.0,1.6400000000000001,2.36,41.0,58.99999999999999,164.0,39.78651140223193,206,82,0.0
1622,82,118,41.0,1.6400000000000001,2.36,41.0,58.99999999999999,164.0,39.78651140223193,206,82,0.0
1623,83,117,41.5,1.6600000000000001,2.34,41.5,58.49999999999999,166.0,40.27171276079573,207,83,2.0
1624,83,117,41.5,1.6600000000000001,2.34,41.5,58.49999999999999,166.0,40.27171276079573,207,83,0.0
1625,83,117,41.5,1.6600000000000001,2.34,41.5,58.49999999999999,166.0,40.27171276079573,207,83,0.0
1626,83,117,41.5,1.6600000000000001,2.34,41.5,58.49999999999999,166.0,40.27171276079573,208,83,0.0
1627,83,117,41.5,1.6600000000000001,2.34,41.5,58.49999999999999,166.0,40.27171276079573,208,83,0.0
1628,84,116,42.0,1.68,2.3200000000000003,42.0,58.00000000000001,168.0,40.756914119359536,209,84,2.0
1629,84,116,42.0,1.68,2.3200000000000003,42.0,58.00000000000001,168.0,40.756914119359536,209,84,0.0
1630,84,116,42.0,1.68,2.3200000000000003,42.0,58.00000000000001,168.0,40.756914119359536,209,84,0.0
1631,84,116,42.0,1.68,2.3200000000000003,42.0,58.00000000000001,168.0,40.756914119359536,209,84,0.0
1632,84,116,42.0,1.68,2.3200000000000003,42.0,58.00000000000001,168.0,40.756914119359536,209,84,0.0
1633,84,116,42.0,1.68,2.3200000000000003,42.0,58.00000000000001,168.0,40.756914119359536,209,84,0.0
1634,84,116,42.0,1.68,2.3200000000000003,42.0,58.00000000000001,168.0,40.756914119359536,209,84,0.0
1635,84,116,42.0,1.68,2.3200000000000003,42.0,58.00000000000001,168.0,40.756914119359536,209,84,0.0
1636,84,116,42.0,1.68,2.3200000000000003,42.0,58.00000000000001,168.0,40.756914119359536,209,84,0.0
1637,84,116,42.0,1.68,2.3200000000000003,42.0,58.00000000000001,168.0,40.756914119359536,209,84,0.0
1638,85,115,42.5,1.7,2.3,42.5,57.49999999999999,170.0,41.24211547792334,210,85,2.0
1639,85,115,42.5,1.7,2.3,42.5,57.49999999999999,170.0,41.24211547792334,210,85,0.0
1640,85,115,42.5,1.7,2.3,42.5,57.49999999999999,170.0,41.24211547792334,210,85,0.0
1641,85,115,42.5,1.7,2.3,42.5,57.49999999999999,170.0,41.24211547792334,210,85,0.0
1642,85,115,42.5,1.7,2.3,42.5,57.49999999999999,170.0,41.24211547792334,210,85,0.0
1643,85,115,42.5,1.7,2.3,42.5,57.49999999999999,170.0,41.24211547792334,210,85,0.0
1644,85,115,42.5,1.7,2.3,42.5,57.49999999999999,170.0,41.24211547792334,210,85,0.0
1645,85,115,42.5,1.7,2.3,42.5,57.49999999999999,170.0,41.24211547792334,210,85,0.0
1646,85,115,42.5,1.7,2.3,42.5,57.49999999999999,170.0,41.24211547792334,210,85,0.0
1647,85,115,42.5,1.7,2.3,42.5,57.49999999999999,170.0,41.24211547792334,210,85,0.0
1648,85,115,42.5,1.7,2.3,42.5,57.49999999999999,170.0,41.24211547792334,210,85,0.0
1649,85,115,42.5,1.7,2.3,42.5,57.49999999999999,170.0,41.24211547792334,210,85,0.0
1650,85,115,42.5,1.7,2.3,42.5,57.49999999999999,170.0,41.24211547792334,210,85,0.0
1651,86,114,43.0,1.72,2.2800000000000002,43.0,57.00000000000001,172.0,41.72731683648714,211,86,2.0
1652,86,114,43.0,1.72,2.2800000000000002,43.0,57.00000000000001,172.0,41.72731683648714,211,86,0.0
1653,86,114,43.0,1.72,2.2800000000000002,43.0,57.00000000000001,172.0,41.72731683648714,211,86,0.0
1654,86,114,43.0,1.72,2.2800000000000002,43.0,57.00000000000001,172.0,41.72731683648714,211,86,0.0
1655,86,114,43.0,1.72,2.2800000000000002,43.0,57.00000000000001,172.0,41.72731683648714,211,86,0.0
1656,86,114,43.0,1.72,2.2800000000000002,43.0,57.00000000000001,172.0,41.72731683648714,211,86,0.0
1657,86,114,43.0,1.72,2.2800000000000002,43.0,57.00000000000001,172.0,41.72731683648714,212,86,0.0
1658,86,114,43.0,1.72,2.2800000000000002,43.0,57.00000000000001,172.0,41.72731683648714,213,86,0.0
1659,86,114,43.0,1.72,2.2800000000000002,43.0,57.00000000000001,172.0,41.72731683648714,214,86,0.0
1660,86,114,43.0,1.72,2.2800000000000002,43.0,57.00000000000001,172.0,41.72731683648714,215,86,0.0
1661,86,114,43.0,1.72,2.2800000000000002,43.0,57.00000000000001,172.0,41.72731683648714,215,86,0.0
1662,86,114,43.0,1.72,2.2800000000000002,43.0,57.00000000000001,172.0,41.72731683648714,215,86,0.0
1663,86,114,43.0,1.72,2.2800000000000002,43.0,57.00000000000001,172.0,41.72731683648714,215,86,0.0
1664,86,114,43.0,1.72,2.2800000000000002,43.0,57.00000000000001,172.0,41.72731683648714,215,86,0.0
1665,86,114,43.0,1.72,2.2800000000000002,43.0,57.00000000000001,172.0,41.72731683648714,216,86,0.0
1666,86,114,43.0,1.72,2.2800000000000002,43.0,57.00000000000001,172.0,41.72731683648714,217,86,0.0
1667,86,114,43.0,1.72,2.2800000000000002,43.0,57.00000000000001,172.0,41.72731683648714,218,86,0.0
1668,86,114,43.0,1.72,2.2800000000000002,43.0,57.00000000000001,172.0,41.72731683648714,218,86,0.0
1669,86,114,43.0,1.72,2.2800000000000002,43.0,57.00000000000001,172.0,41.72731683648714,219,86,0.0
1670,86,114,43.0,1.72,2.2800000000000002,43.0,57.00000000000001,172.0,41.72731683648714,219,86,0.0
1671,86,114,43.0,1.72,2.2800000000000002,43.0,57.00000000000001,172.0,41.72731683648714,219,86,0.0
1672,86,114,43.0,1.72,2.2800000000000002,43.0,57.00000000000001,172.0,41.72731683648714,219,86,0.0
1673,86,114,43.0,1.72,2.2800000000000002,43.0,57.00000000000001,172.0,41.72731683648714,219,86,0.0
1674,86,114,43.0,1.72,2.2800000000000002,43.0,57.00000000000001,172.0,41.72731683648714,219,86,0.0
1675,86,114,43.0,1.72,2.2800000000000002,43.0,57.00000000000001,172.0,41.72731683648714,219,86,0.0
1676,86,114,43.0,1.72,2.2800000000000002,43.0,57.00000000000001,172.0,41.72731683648714,219,86,0.0
1677,86,114,43.0,1.72,2.2800000000000002,43.0,57.00000000000001,172.0,41.72731683648714,219,86,0.0
1678,86,114,43.0,1.72,2.2800000000000002,43.0,57.00000000000001,172.0,41.72731683648714,219,86,0.0
1679,86,114,43.0,1.72,2.2800000000000002,43.0,57.00000000000001,172.0,41.72731683648714,220,86,0.0
1680,86,114,43.0,1.72,2.2800000000000002,43.0,57.00000000000001,172.0,41.72731683648714,221,86,0.0
1681,86,114,43.0,1.72,2.2800000000000002,43.0,57.00000000000001,172.0,41.72731683648714,221,86,0.0
1682,86,114,43.0,1.72,2.2800000000000002,43.0,57.00000000000001,172.0,41.72731683648714,222,86,0.0
1683,86,114,43.0,1.72,2.2800000000000002,43.0,57.00000000000001,172.0,41.72731683648714,223,86,0.0
1684,86,114,43.0,1.72,2.2800000000000002,43.0,57.00000000000001,172.0,41.72731683648714,224,86,0.0
1685,86,114,43.0,1.72,2.2800000000000002,43.0,57.00000000000001,172.0,41.72731683648714,224,86,0.0
1686,86,114,43.0,1.72,2.2800000000000002,43.0,57.00000000000001,172.0,41.72731683648714,224,86,0.0
1687,86,114,43.0,1.72,2.2800000000000002,43.0,57.00000000000001,172.0,41.72731683648714,224,86,0.0
1688,86,114,43.0,1.72,2.2800000000000002,43.0,57.00000000000001,172.0,41.72731683648714,224,86,0.0
1689,86,114,43.0,1.72,2.2800000000000002,43.0,57.00000000000001,172.0,41.72731683648714,225,86,0.0
1690,86,114,43.0,1.72,2.2800000000000002,43.0,57.00000000000001,172.0,41.72731683648714,226,86,0.0
1691,86,114,43.0,1.72,2.2800000000000002,43.0,57.00000000000001,172.0,41.72731683648714,228,86,0.0
1692,86,114,43.0,1.72,2.2800000000000002,43.0,57.00000000000001,172.0,41.72731683648714,230,86,0.0
1693,86,114,43.0,1.72,2.2800000000000002,43.0,57.00000000000001,172.0,41.72731683648714,231,86,0.0
1694,86,114,43.0,1.72,2.2800000000000002,43.0,57.00000000000001,172.0,41.72731683648714,231,86,0.0
1695,86,114,43.0,1.72,2.2800000000000002,43.0,57.00000000000001,172.0,41.72731683648714,231,86,0.0
1696,86,114,43.0,1.72,2.2800000000000002,43.0,57.00000000000001,172.0,41.72731683648714,232,86,0.0
1697,86,114,43.0,1.72,2.2800000000000002,43.0,57.00000000000001,172.0,41.72731683648714,234,86,0.0
1698,86,114,43.0,1.72,2.2800000000000002,43.0,57.00000000000001,172.0,41.72731683648714,236,86,0.0
1699,86,114,43.0,1.72,2.2800000000000002,43.0,57.00000000000001,172.0,41.72731683648714,238,86,0.0
1700,86,114,43.0,1.72,2.2800000000000002,43.0,57.00000000000001,172.0,41.72731683648714,239,86,0.0
1701,86,114,43.0,1.72,2.2800000000000002,43.0,57.00000000000001,172.0,41.72731683648714,240,86,0.0
1702,86,114,43.0,1.72,2.2800000000000002,43.0,57.00000000000001,172.0,41.72731683648714,240,86,0.0
1703,86,114,43.0,1.72,2.2800000000000002,43.0,57.00000000000001,172.0,41.72731683648714,240,86,0.0
1704,86,114,43.0,1.72,2.2800000000000002,43.0,57.00000000000001,172.0,41.72731683648714,240,86,0.0
1705,86,114,43.0,1.72,2.2800000000000002,43.0,57.00000000000001,172.0,41.72731683648714,240,86,0.0
1706,86,114,43.0,1.72,2.2800000000000002,43.0,57.00000000000001,172.0,41.72731683648714,240,86,0.0
1707,86,114,43.0,1.72,2.2800000000000002,43.0,57.00000000000001,172.0,41.72731683648714,240,86,0.0
1708,86,114,43.0,1.72,2.2800000000000002,43.0,57.00000000000001,172.0,41.72731683648714,240,86,0.0
1709,87,113,43.5,1.74,2.26,43.5,56.49999999999999,174.0,42.21251819505095,241,87,2.0
1710,87,113,43.5,1.74,2.26,43.5,56.49999999999999,174.0,42.21251819505095,241,87,0.0
1711,87,113,43.5,1.74,2.26,43.5,56.49999999999999,174.0,42.21251819505095,241,87,0.0
1712,87,113,43.5,1.74,2.26,43.5,56.49999999999999,174.0,42.21251819505095,241,87,0.0
1713,87,113,43.5,1.74,2.26,43.5,56.49999999999999,174.0,42.21251819505095,241,87,0.0
1714,87,113,43.5,1.74,2.26,43.5,56.49999999999999,174.0,42.21251819505095,241,87,0.0
1715,87,113,43.5,1.74,2.26,43.5,56.49999999999999,174.0,42.21251819505095,241,87,0.0
1716,87,113,43.5,1.74,2.26,43.5,56.49999999999999,174.0,42.21251819505095,241,87,0.0
1717,87,113,43.5,1.74,2.26,43.5,56.49999999999999,174.0,42.21251819505095,241,87,0.0
1718,87,113,43.5,1.74,2.26,43.5,56.49999999999999,174.0,42.21251819505095,241,87,0.0
1719,87,113,43.5,1.74,2.26,43.5,56.49999999999999,174.0,42.21251819505095,241,87,0.0
1720,87,113,43.5,1.74,2.26,43.5,56.49999999999999,174.0,42.21251819505095,242,87,0.0
1721,87,113,43.5,1.74,2.26,43.5,56.49999999999999,174.0,42.21251819505095,243,87,0.0
1722,87,113,43.5,1.74,2.26,43.5,56.49999999999999,174.0,42.21251819505095,243,87,0.0
1723,87,113,43.5,1.74,2.26,43.5,56.49999999999999,174.0,42.21251819505095,244,87,0.0
1724,87,113,43.5,1.74,2.26,43.5,56.49999999999999,174.0,42.21251819505095,244,87,0.0
1725,87,113,43.5,1.74,2.26,43.5,56.49999999999999,174.0,42.21251819505095,244,87,0.0
1726,87,113,43.5,1.74,2.26,43.5,56.49999999999999,174.0,42.21251819505095,244,87,0.0
1727,87,113,43.5,1.74,2.26,43.5,56.49999999999999,174.0,42.21251819505095,244,87,0.0
1728,87,113,43.5,1.74,2.26,43.5,56.49999999999999,174.0,42.21251819505095,244,87,0.0
1729,87,113,43.5,1.74,2.26,43.5,56.49999999999999,174.0,42.21251819505095,245,87,0.0
1730,87,113,43.5,1.74,2.26,43.5,56.49999999999999,174.0,42.21251819505095,246,87,0.0
1731,87,113,43.5,1.74,2.26,43.5,56.49999999999999,174.0,42.21251819505095,246,87,0.0
1732,87,113,43.5,1.74,2.26,43.5,56.49999999999999,174.0,42.21251819505095,246,87,0.0
1733,87,113,43.5,1.74,2.26,43.5,56.49999999999999,174.0,42.21251819505095,246,87,0.0
1734,87,113,43.5,1.74,2.26,43.5,56.49999999999999,174.0,42.21251819505095,246,87,0.0
1735,87,113,43.5,1.74,2.26,43.5,56.49999999999999,174.0,42.21251819505095,246,87,0.0
1736,87,113,43.5,1.74,2.26,43.5,56.49999999999999,174.0,42.21251819505095,246,87,0.0
1737,87,113,43.5,1.74,2.26,43.5,56.49999999999999,174.0,42.21251819505095,246,87,0.0
1738,87,113,43.5,1.74,2.26,43.5,56.49999999999999,174.0,42.21251819505095,246,87,0.0
1739,87,113,43.5,1.74,2.26,43.5,56.49999999999999,174.0,42.21251819505095,246,87,0.0
1740,87,113,43.5,1.74,2.26,43.5,56.49999999999999,174.0,42.21251819505095,246,87,0.0
1741,87,113,43.5,1.74,2.26,43.5,56.49999999999999,174.0,42.21251819505095,246,87,0.0
1742,87,113,43.5,1.74,2.26,43.5,56.49999999999999,174.0,42.21251819505095,246,87,0.0
1743,87,113,43.5,1.74,2.26,43.5,56.49999999999999,174.0,42.21251819505095,246,87,0.0
1744,87,113,43.5,1.74,2.26,43.5,56.49999999999999,174.0,42.21251819505095,246,87,0.0
1745,87,113,43.5,1.74,2.26,43.5,56.49999999999999,174.0,42.21251819505095,246,87,0.0
1746,87,113,43.5,1.74,2.26,43.5,56.49999999999999,174.0,42.21251819505095,246,87,0.0
1747,87,113,43.5,1.74,2.26,43.5,56.49999999999999,174.0,42.21251819505095,246,87,0.0
1748,87,113,43.5,1.74,2.26,43.5,56.49999999999999,174.0,42.21251819505095,246,87,0.0
1749,87,113,43.5,1.74,2.26,43.5,56.49999999999999,174.0,42.21251819505095,246,87,0.0
1750,87,113,43.5,1.74,2.26,43.5,56.49999999999999,174.0,42.21251819505095,246,87,0.0
1751,87,113,43.5,1.74,2.26,43.5,56.49999999999999,174.0,42.21251819505095,246,87,0.0
1752,87,113,43.5,1.74,2.26,43.5,56.49999999999999,174.0,42.21251819505095,246,87,0.0
1753,87,113,43.5,1.74,2.26,43.5,56.49999999999999,174.0,42.21251819505095,246,87,0.0
1754,87,113,43.5,1.74,2.26,43.5,56.49999999999999,174.0,42.21251819505095,246,87,0.0
1755,87,113,43.5,1.74,2.26,43.5,56.49999999999999,174.0,42.21251819505095,246,87,0.0
1756,87,113,43.5,1.74,2.26,43.5,56.49999999999999,174.0,42.21251819505095,246,87,0.0
1757,87,113,43.5,1.74,2.26,43.5,56.49999999999999,174.0,42.21251819505095,246,87,0.0
1758,87,113,43.5,1.74,2.26,43.5,56.49999999999999,174.0,42.21251819505095,246,87,0.0
1759,87,113,43.5,1.74,2.26,43.5,56.49999999999999,174.0,42.21251819505095,246,87,0.0
1760,87,113,43.5,1.74,2.26,43.5,56.49999999999999,174.0,42.21251819505095,247,87,0.0
1761,87,113,43.5,1.74,2.26,43.5,56.49999999999999,174.0,42.21251819505095,247,87,0.0
1762,87,113,43.5,1.74,2.26,43.5,56.49999999999999,174.0,42.21251819505095,247,87,0.0
1763,87,113,43.5,1.74,2.26,43.5,56.49999999999999,174.0,42.21251819505095,247,87,0.0
1764,87,113,43.5,1.74,2.26,43.5,56.49999999999999,174.0,42.21251819505095,247,87,0.0
1765,87,113,43.5,1.74,2.26,43.5,56.49999999999999,174.0,42.21251819505095,247,87,0.0
1766,87,113,43.5,1.74,2.26,43.5,56.49999999999999,174.0,42.21251819505095,247,87,0.0
1767,87,113,43.5,1.74,2.26,43.5,56.49999999999999,174.0,42.21251819505095,247,87,0.0
1768,87,113,43.5,1.74,2.26,43.5,56.49999999999999,174.0,42.21251819505095,247,87,0.0
1769,87,113,43.5,1.74,2.26,43.5,56.49999999999999,174.0,42.21251819505095,247,87,0.0
1770,87,113,43.5,1.74,2.26,43.5,56.49999999999999,174.0,42.21251819505095,247,87,0.0
1771,87,113,43.5,1.74,2.26,43.5,56.49999999999999,174.0,42.21251819505095,247,87,0.0
1772,87,113,43.5,1.74,2.26,43.5,56.49999999999999,174.0,42.21251819505095,247,87,0.0
1773,87,113,43.5,1.74,2.26,43.5,56.49999999999999,174.0,42.21251819505095,247,87,0.0
1774,87,113,43.5,1.74,2.26,43.5,56.49999999999999,174.0,42.21251819505095,247,87,0.0
1775,87,113,43.5,1.74,2.26,43.5,56.49999999999999,174.0,42.21251819505095,247,87,0.0
1776,87,113,43.5,1.74,2.26,43.5,56.49999999999999,174.0,42.21251819505095,247,87,0.0
1777,87,113,43.5,1.74,2.26,43.5,56.49999999999999,174.0,42.21251819505095,247,87,0.0
1778,87,113,43.5,1.74,2.26,43.5,56.49999999999999,174.0,42.21251819505095,247,87,0.0
1779,87,113,43.5,1.74,2.26,43.5,56.49999999999999,174.0,42.21251819505095,247,87,0.0
1780,87,113,43.5,1.74,2.26,43.5,56.49999999999999,174.0,42.21251819505095,248,87,0.0
1781,87,113,43.5,1.74,2.26,43.5,56.49999999999999,174.0,42.21251819505095,249,87,0.0
1782,87,113,43.5,1.74,2.26,43.5,56.49999999999999,174.0,42.21251819505095,250,87,0.0
1783,88,112,44.0,1.76,2.24,44.0,56.00000000000001,176.0,42.697719553614746,251,88,2.0
1784,88,112,44.0,1.76,2.24,44.0,56.00000000000001,176.0,42.697719553614746,251,88,0.0
1785,88,112,44.0,1.76,2.24,44.0,56.00000000000001,176.0,42.697719553614746,251,88,0.0
1786,88,112,44.0,1.76,2.24,44.0,56.00000000000001,176.0,42.697719553614746,251,88,0.0
1787,88,112,44.0,1.76,2.24,44.0,56.00000000000001,176.0,42.697719553614746,251,88,0.0
1788,88,112,44.0,1.76,2.24,44.0,56.00000000000001,176.0,42.697719553614746,251,88,0.0
1789,88,112,44.0,1.76,2.24,44.0,56.00000000000001,176.0,42.697719553614746,251,88,0.0
1790,88,112,44.0,1.76,2.24,44.0,56.00000000000001,176.0,42.697719553614746,251,88,0.0
1791,88,112,44.0,1.76,2.24,44.0,56.00000000000001,176.0,42.697719553614746,251,88,0.0
1792,88,112,44.0,1.76,2.24,44.0,56.00000000000001,176.0,42.697719553614746,251,88,0.0
1793,88,112,44.0,1.76,2.24,44.0,56.00000000000001,176.0,42.697719553614746,251,88,0.0
1794,88,112,44.0,1.76,2.24,44.0,56.00000000000001,176.0,42.697719553614746,251,88,0.0
1795,88,112,44.0,1.76,2.24,44.0,56.00000000000001,176.0,42.697719553614746,251,88,0.0
1796,88,112,44.0,1.76,2.24,44.0,56.00000000000001,176.0,42.697719553614746,251,88,0.0
1797,88,112,44.0,1.76,2.24,44.0,56.00000000000001,176.0,42.697719553614746,251,88,0.0
1798,88,112,44.0,1.76,2.24,44.0,56.00000000000001,176.0,42.697719553614746,251,88,0.0
1799,88,112,44.0,1.76,2.24,44.0,56.00000000000001,176.0,42.697719553614746,251,88,0.0
1800,88,112,44.0,1.76,2.24,44.0,56.00000000000001,176.0,42.697719553614746,251,88,0.0
1801,88,112,44.0,1.76,2.24,44.0,56.00000000000001,176.0,42.697719553614746,251,88,0.0
1802,88,112,44.0,1.76,2.24,44.0,56.00000000000001,176.0,42.697719553614746,251,88,0.0
1803,88,112,44.0,1.76,2.24,44.0,56.00000000000001,176.0,42.697719553614746,251,88,0.0
1804,88,112,44.0,1.76,2.24,44.0,56.00000000000001,176.0,42.697719553614746,251,88,0.0
1805,88,112,44.0,1.76,2.24,44.0,56.00000000000001,176.0,42.697719553614746,251,88,0.0
1806,88,112,44.0,1.76,2.24,44.0,56.00000000000001,176.0,42.697719553614746,251,88,0.0
1807,88,112,44.0,1.76,2.24,44.0,56.00000000000001,176.0,42.697719553614746,251,88,0.0
1808,88,112,44.0,1.76,2.24,44.0,56.00000000000001,176.0,42.697719553614746,251,88,0.0
1809,88,112,44.0,1.76,2.24,44.0,56.00000000000001,176.0,42.697719553614746,251,88,0.0
1810,88,112,44.0,1.76,2.24,44.0,56.00000000000001,176.0,42.697719553614746,251,88,0.0
1811,88,112,44.0,1.76,2.24,44.0,56.00000000000001,176.0,42.697719553614746,251,88,0.0
1812,88,112,44.0,1.76,2.24,44.0,56.00000000000001,176.0,42.697719553614746,251,88,0.0
1813,88,112,44.0,1.76,2.24,44.0,56.00000000000001,176.0,42.697719553614746,251,88,0.0
1814,88,112,44.0,1.76,2.24,44.0,56.00000000000001,176.0,42.697719553614746,251,88,0.0
1815,88,112,44.0,1.76,2.24,44.0,56.00000000000001,176.0,42.697719553614746,251,88,0.0
1816,88,112,44.0,1.76,2.24,44.0,56.00000000000001,176.0,42.697719553614746,251,88,0.0
1817,88,112,44.0,1.76,2.24,44.0,56.00000000000001,176.0,42.697719553614746,251,88,0.0
1818,88,112,44.0,1.76,2.24,44.0,56.00000000000001,176.0,42.697719553614746,251,88,0.0
1819,89,111,44.5,1.78,2.2199999999999998,44.5,55.49999999999999,178.0,43.18292091217856,252,89,2.0
1820,89,111,44.5,1.78,2.2199999999999998,44.5,55.49999999999999,178.0,43.18292091217856,252,89,0.0
1821,89,111,44.5,1.78,2.2199999999999998,44.5,55.49999999999999,178.0,43.18292091217856,252,89,0.0
1822,89,111,44.5,1.78,2.2199999999999998,44.5,55.49999999999999,178.0,43.18292091217856,252,89,0.0
1823,89,111,44.5,1.78,2.2199999999999998,44.5,55.49999999999999,178.0,43.18292091217856,252,89,0.0
1824,89,111,44.5,1.78,2.2199999999999998,44.5,55.49999999999999,178.0,43.18292091217856,252,89,0.0
1825,89,111,44.5,1.78,2.2199999999999998,44.5,55.49999999999999,178.0,43.18292091217856,252,89,0.0
1826,89,111,44.5,1.78,2.2199999999999998,44.5,55.49999999999999,178.0,43.18292091217856,252,89,0.0
1827,89,111,44.5,1.78,2.2199999999999998,44.5,55.49999999999999,178.0,43.18292091217856,252,89,0.0
1828,89,111,44.5,1.78,2.2199999999999998,44.5,55.49999999999999,178.0,43.18292091217856,252,89,0.0
1829,89,111,44.5,1.78,2.2199999999999998,44.5,55.49999999999999,178.0,43.18292091217856,252,89,0.0
1830,89,111,44.5,1.78,2.2199999999999998,44.5,55.49999999999999,178.0,43.18292091217856,252,89,0.0
1831,89,111,44.5,1.78,2.2199999999999998,44.5,55.49999999999999,178.0,43.18292091217856,252,89,0.0
1832,89,111,44.5,1.78,2.2199999999999998,44.5,55.49999999999999,178.0,43.18292091217856,252,89,0.0
1833,89,111,44.5,1.78,2.2199999999999998,44.5,55.49999999999999,178.0,43.18292091217856,252,89,0.0
1834,89,111,44.5,1.78,2.2199999999999998,44.5,55.49999999999999,178.0,43.18292091217856,252,89,0.0
1835,89,111,44.5,1.78,2.2199999999999998,44.5,55.49999999999999,178.0,43.18292091217856,252,89,0.0
1836,89,111,44.5,1.78,2.2199999999999998,44.5,55.49999999999999,178.0,43.18292091217856,252,89,0.0
1837,89,111,44.5,1.78,2.2199999999999998,44.5,55.49999999999999,178.0,43.18292091217856,252,89,0.0
1838,89,111,44.5,1.78,2.2199999999999998,44.5,55.49999999999999,178.0,43.18292091217856,252,89,0.0
1839,89,111,44.5,1.78,2.2199999999999998,44.5,55.49999999999999,178.0,43.18292091217856,252,89,0.0
1840,89,111,44.5,1.78,2.2199999999999998,44.5,55.49999999999999,178.0,43.18292091217856,252,89,0.0
1841,89,111,44.5,1.78,2.2199999999999998,44.5,55.49999999999999,178.0,43.18292091217856,252,89,0.0
1842,89,111,44.5,1.78,2.2199999999999998,44.5,55.49999999999999,178.0,43.18292091217856,252,89,0.0
1843,89,111,44.5,1.78,2.2199999999999998,44.5,55.49999999999999,178.0,43.18292091217856,252,89,0.0
1844,89,111,44.5,1.78,2.2199999999999998,44.5,55.49999999999999,178.0,43.18292091217856,252,89,0.0
1845,89,111,44.5,1.78,2.2199999999999998,44.5,55.49999999999999,178.0,43.18292091217856,252,89,0.0
1846,89,111,44.5,1.78,2.2199999999999998,44.5,55.49999999999999,178.0,43.18292091217856,252,89,0.0
1847,89,111,44.5,1.78,2.2199999999999998,44.5,55.49999999999999,178.0,43.18292091217856,252,89,0.0
1848,89,111,44.5,1.78,2.2199999999999998,44.5,55.49999999999999,178.0,43.18292091217856,252,89,0.0
1849,89,111,44.5,1.78,2.2199999999999998,44.5,55.49999999999999,178.0,43.18292091217856,252,89,0.0
1850,89,111,44.5,1.78,2.2199999999999998,44.5,55.49999999999999,178.0,43.18292091217856,252,89,0.0
1851,89,111,44.5,1.78,2.2199999999999998,44.5,55.49999999999999,178.0,43.18292091217856,252,89,0.0
1852,89,111,44.5,1.78,2.2199999999999998,44.5,55.49999999999999,178.0,43.18292091217856,252,89,0.0
1853,89,111,44.5,1.78,2.2199999999999998,44.5,55.49999999999999,178.0,43.18292091217856,252,89,0.0
1854,89,111,44.5,1.78,2.2199999999999998,44.5,55.49999999999999,178.0,43.18292091217856,252,89,0.0
1855,89,111,44.5,1.78,2.2199999999999998,44.5,55.49999999999999,178.0,43.18292091217856,253,89,0.0
1856,89,111,44.5,1.78,2.2199999999999998,44.5,55.49999999999999,178.0,43.18292091217856,254,89,0.0
1857,89,111,44.5,1.78,2.2199999999999998,44.5,55.49999999999999,178.0,43.18292091217856,254,89,0.0
1858,89,111,44.5,1.78,2.2199999999999998,44.5,55.49999999999999,178.0,43.18292091217856,255,89,0.0
1859,89,111,44.5,1.78,2.2199999999999998,44.5,55.49999999999999,178.0,43.18292091217856,256,89,0.0
1860,89,111,44.5,1.78,2.2199999999999998,44.5,55.49999999999999,178.0,43.18292091217856,257,89,0.0
1861,89,111,44.5,1.78,2.2199999999999998,44.5,55.49999999999999,178.0,43.18292091217856,257,89,0.0
1862,89,111,44.5,1.78,2.2199999999999998,44.5,55.49999999999999,178.0,43.18292091217856,257,89,0.0
1863,89,111,44.5,1.78,2.2199999999999998,44.5,55.49999999999999,178.0,43.18292091217856,257,89,0.0
1864,89,111,44.5,1.78,2.2199999999999998,44.5,55.49999999999999,178.0,43.18292091217856,257,89,0.0
1865,89,111,44.5,1.78,2.2199999999999998,44.5,55.49999999999999,178.0,43.18292091217856,257,89,0.0
1866,89,111,44.5,1.78,2.2199999999999998,44.5,55.49999999999999,178.0,43.18292091217856,257,89,0.0
1867,89,111,44.5,1.78,2.2199999999999998,44.5,55.49999999999999,178.0,43.18292091217856,257,89,0.0
1868,89,111,44.5,1.78,2.2199999999999998,44.5,55.49999999999999,178.0,43.18292091217856,257,89,0.0
1869,89,111,44.5,1.78,2.2199999999999998,44.5,55.49999999999999,178.0,43.18292091217856,257,89,0.0
1870,89,111,44.5,1.78,2.2199999999999998,44.5,55.49999999999999,178.0,43.18292091217856,257,89,0.0
1871,89,111,44.5,1.78,2.2199999999999998,44.5,55.49999999999999,178.0,43.18292091217856,257,89,0.0
1872,89,111,44.5,1.78,2.2199999999999998,44.5,55.49999999999999,178.0,43.18292091217856,257,89,0.0
1873,89,111,44.5,1.78,2.2199999999999998,44.5,55.49999999999999,178.0,43.18292091217856,258,89,0.0
1874,89,111,44.5,1.78,2.2199999999999998,44.5,55.49999999999999,178.0,43.18292091217856,258,89,0.0
1875,89,111,44.5,1.78,2.2199999999999998,44.5,55.49999999999999,178.0,43.18292091217856,259,89,0.0
1876,89,111,44.5,1.78,2.2199999999999998,44.5,55.49999999999999,178.0,43.18292091217856,259,89,0.0
1877,89,111,44.5,1.78,2.2199999999999998,44.5,55.49999999999999,178.0,43.18292091217856,259,89,0.0
1878,89,111,44.5,1.78,2.2199999999999998,44.5,55.49999999999999,178.0,43.18292091217856,259,89,0.0
1879,89,111,44.5,1.78,2.2199999999999998,44.5,55.49999999999999,178.0,43.18292091217856,259,89,0.0
1880,89,111,44.5,1.78,2.2199999999999998,44.5,55.49999999999999,178.0,43.18292091217856,260,89,0.0
1881,89,111,44.5,1.78,2.2199999999999998,44.5,55.49999999999999,178.0,43.18292091217856,260,89,0.0
1882,89,111,44.5,1.78,2.2199999999999998,44.5,55.49999999999999,178.0,43.18292091217856,261,89,0.0
1883,90,110,45.0,1.8,2.2,45.0,55.0,180.0,43.66812227074236,262,90,2.0
1884,90,110,45.0,1.8,2.2,45.0,55.0,180.0,43.66812227074236,262,90,0.0
1885,90,110,45.0,1.8,2.2,45.0,55.0,180.0,43.66812227074236,262,90,0.0
1886,90,110,45.0,1.8,2.2,45.0,55.0,180.0,43.66812227074236,262,90,0.0
1887,90,110,45.0,1.8,2.2,45.0,55.0,180.0,43.66812227074236,262,90,0.0
1888,90,110,45.0,1.8,2.2,45.0,55.0,180.0,43.66812227074236,262,90,0.0
1889,90,110,45.0,1.8,2.2,45.0,55.0,180.0,43.66812227074236,262,90,0.0
1890,90,110,45.0,1.8,2.2,45.0,55.0,180.0,43.66812227074236,262,90,0.0
1891,90,110,45.0,1.8,2.2,45.0,55.0,180.0,43.66812227074236,263,90,0.0
1892,90,110,45.0,1.8,2.2,45.0,55.0,180.0,43.66812227074236,263,90,0.0
1893,90,110,45.0,1.8,2.2,45.0,55.0,180.0,43.66812227074236,264,90,0.0
1894,90,110,45.0,1.8,2.2,45.0,55.0,180.0,43.66812227074236,265,90,0.0
1895,90,110,45.0,1.8,2.2,45.0,55.0,180.0,43.66812227074236,266,90,0.0
1896,90,110,45.0,1.8,2.2,45.0,55.0,180.0,43.66812227074236,266,90,0.0
1897,90,110,45.0,1.8,2.2,45.0,55.0,180.0,43.66812227074236,266,90,0.0
1898,90,110,45.0,1.8,2.2,45.0,55.0,180.0,43.66812227074236,266,90,0.0
1899,90,110,45.0,1.8,2.2,45.0,55.0,180.0,43.66812227074236,266,90,0.0
1900,90,110,45.0,1.8,2.2,45.0,55.0,180.0,43.66812227074236,266,90,0.0
1901,90,110,45.0,1.8,2.2,45.0,55.0,180.0,43.66812227074236,266,90,0.0
1902,90,110,45.0,1.8,2.2,45.0,55.0,180.0,43.66812227074236,266,90,0.0
1903,90,110,45.0,1.8,2.2,45.0,55.0,180.0,43.66812227074236,266,90,0.0
1904,90,110,45.0,1.8,2.2,45.0,55.0,180.0,43.66812227074236,266,90,0.0
1905,90,110,45.0,1.8,2.2,45.0,55.0,180.0,43.66812227074236,266,90,0.0
1906,90,110,45.0,1.8,2.2,45.0,55.0,180.0,43.66812227074236,266,90,0.0
1907,90,110,45.0,1.8,2.2,45.0,55.0,180.0,43.66812227074236,266,90,0.0
1908,90,110,45.0,1.8,2.2,45.0,55.0,180.0,43.66812227074236,266,90,0.0
1909,90,110,45.0,1.8,2.2,45.0,55.0,180.0,43.66812227074236,266,90,0.0
1910,90,110,45.0,1.8,2.2,45.0,55.0,180.0,43.66812227074236,266,90,0.0
1911,90,110,45.0,1.8,2.2,45.0,55.0,180.0,43.66812227074236,266,90,0.0
1912,90,110,45.0,1.8,2.2,45.0,55.0,180.0,43.66812227074236,266,90,0.0
1913,90,110,45.0,1.8,2.2,45.0,55.0,180.0,43.66812227074236,266,90,0.0
1914,90,110,45.0,1.8,2.2,45.0,55.0,180.0,43.66812227074236,266,90,0.0
1915,90,110,45.0,1.8,2.2,45.0,55.0,180.0,43.66812227074236,266,90,0.0
1916,90,110,45.0,1.8,2.2,45.0,55.0,180.0,43.66812227074236,266,90,0.0
1917,90,110,45.0,1.8,2.2,45.0,55.0,180.0,43.66812227074236,266,90,0.0
1918,90,110,45.0,1.8,2.2,45.0,55.0,180.0,43.66812227074236,266,90,0.0
1919,90,110,45.0,1.8,2.2,45.0,55.0,180.0,43.66812227074236,266,90,0.0
1920,90,110,45.0,1.8,2.2,45.0,55.0,180.0,43.66812227074236,266,90,0.0
1921,90,110,45.0,1.8,2.2,45.0,55.0,180.0,43.66812227074236,266,90,0.0
1922,90,110,45.0,1.8,2.2,45.0,55.0,180.0,43.66812227074236,266,90,0.0
1923,90,110,45.0,1.8,2.2,45.0,55.0,180.0,43.66812227074236,266,90,0.0
1924,90,110,45.0,1.8,2.2,45.0,55.0,180.0,43.66812227074236,266,90,0.0
1925,90,110,45.0,1.8,2.2,45.0,55.0,180.0,43.66812227074236,266,90,0.0
1926,90,110,45.0,1.8,2.2,45.0,55.0,180.0,43.66812227074236,266,90,0.0
1927,90,110,45.0,1.8,2.2,45.0,55.0,180.0,43.66812227074236,266,90,0.0
1928,90,110,45.0,1.8,2.2,45.0,55.0,180.0,43.66812227074236,266,90,0.0
1929,90,110,45.0,1.8,2.2,45.0,55.0,180.0,43.66812227074236,266,90,0.0
1930,90,110,45.0,1.8,2.2,45.0,55.0,180.0,43.66812227074236,266,90,0.0
1931,90,110,45.0,1.8,2.2,45.0,55.0,180.0,43.66812227074236,266,90,0.0
1932,90,110,45.0,1.8,2.2,45.0,55.0,180.0,43.66812227074236,266,90,0.0
1933,90,110,45.0,1.8,2.2,45.0,55.0,180.0,43.66812227074236,266,90,0.0
1934,90,110,45.0,1.8,2.2,45.0,55.0,180.0,43.66812227074236,266,90,0.0
1935,90,110,45.0,1.8,2.2,45.0,55.0,180.0,43.66812227074236,266,90,0.0
1936,90,110,45.0,1.8,2.2,45.0,55.0,180.0,43.66812227074236,266,90,0.0
1937,90,110,45.0,1.8,2.2,45.0,55.0,180.0,43.66812227074236,266,90,0.0
1938,90,110,45.0,1.8,2.2,45.0,55.0,180.0,43.66812227074236,266,90,0.0
1939,90,110,45.0,1.8,2.2,45.0,55.0,180.0,43.66812227074236,266,90,0.0
1940,90,110,45.0,1.8,2.2,45.0,55.0,180.0,43.66812227074236,266,90,0.0
1941,90,110,45.0,1.8,2.2,45.0,55.0,180.0,43.66812227074236,266,90,0.0
1942,90,110,45.0,1.8,2.2,45.0,55.0,180.0,43.66812227074236,266,90,0.0
1943,90,110,45.0,1.8,2.2,45.0,55.0,180.0,43.66812227074236,266,90,0.0
1944,90,110,45.0,1.8,2.2,45.0,55.0,180.0,43.66812227074236,266,90,0.0
1945,90,110,45.0,1.8,2.2,45.0,55.0,180.0,43.66812227074236,266,90,0.0
1946,90,110,45.0,1.8,2.2,45.0,55.0,180.0,43.66812227074236,266,90,0.0
1947,90,110,45.0,1.8,2.2,45.0,55.0,180.0,43.66812227074236,266,90,0.0
1948,90,110,45.0,1.8,2.2,45.0,55.0,180.0,43.66812227074236,266,90,0.0
1949,90,110,45.0,1.8,2.2,45.0,55.0,180.0,43.66812227074236,266,90,0.0
1950,90,110,45.0,1.8,2.2,45.0,55.0,180.0,43.66812227074236,266,90,0.0
1951,90,110,45.0,1.8,2.2,45.0,55.0,180.0,43.66812227074236,266,90,0.0
1952,90,110,45.0,1.8,2.2,45.0,55.0,180.0,43.66812227074236,266,90,0.0
1953,90,110,45.0,1.8,2.2,45.0,55.0,180.0,43.66812227074236,266,90,0.0
1954,90,110,45.0,1.8,2.2,45.0,55.0,180.0,43.66812227074236,266,90,0.0
1955,90,110,45.0,1.8,2.2,45.0,55.0,180.0,43.66812227074236,266,90,0.0
1956,90,110,45.0,1.8,2.2,45.0,55.0,180.0,43.66812227074236,266,90,0.0
1957,90,110,45.0,1.8,2.2,45.0,55.0,180.0,43.66812227074236,266,90,0.0
1958,90,110,45.0,1.8,2.2,45.0,55.0,180.0,43.66812227074236,266,90,0.0
1959,90,110,45.0,1.8,2.2,45.0,55.0,180.0,43.66812227074236,266,90,0.0
1960,90,110,45.0,1.8,2.2,45.0,55.0,180.0,43.66812227074236,267,90,0.0
1961,91,109,45.5,1.82,2.1799999999999997,45.5,54.49999999999999,182.0,44.153323629306165,268,91,2.0
1962,91,109,45.5,1.82,2.1799999999999997,45.5,54.49999999999999,182.0,44.153323629306165,268,91,0.0
1963,91,109,45.5,1.82,2.1799999999999997,45.5,54.49999999999999,182.0,44.153323629306165,268,91,0.0
1964,91,109,45.5,1.82,2.1799999999999997,45.5,54.49999999999999,182.0,44.153323629306165,268,91,0.0
1965,91,109,45.5,1.82,2.1799999999999997,45.5,54.49999999999999,182.0,44.153323629306165,268,91,0.0
1966,91,109,45.5,1.82,2.1799999999999997,45.5,54.49999999999999,182.0,44.153323629306165,268,91,0.0
1967,91,109,45.5,1.82,2.1799999999999997,45.5,54.49999999999999,182.0,44.153323629306165,268,91,0.0
1968,91,109,45.5,1.82,2.1799999999999997,45.5,54.49999999999999,182.0,44.153323629306165,268,91,0.0
1969,91,109,45.5,1.82,2.1799999999999997,45.5,54.49999999999999,182.0,44.153323629306165,268,91,0.0
1970,91,109,45.5,1.82,2.1799999999999997,45.5,54.49999999999999,182.0,44.153323629306165,268,91,0.0
1971,91,109,45.5,1.82,2.1799999999999997,45.5,54.49999999999999,182.0,44.153323629306165,268,91,0.0
1972,91,109,45.5,1.82,2.1799999999999997,45.5,54.49999999999999,182.0,44.153323629306165,269,91,0.0
1973,91,109,45.5,1.82,2.1799999999999997,45.5,54.49999999999999,182.0,44.153323629306165,270,91,0.0
1974,91,109,45.5,1.82,2.1799999999999997,45.5,54.49999999999999,182.0,44.153323629306165,271,91,0.0
1975,91,109,45.5,1.82,2.1799999999999997,45.5,54.49999999999999,182.0,44.153323629306165,272,91,0.0
1976,91,109,45.5,1.82,2.1799999999999997,45.5,54.49999999999999,182.0,44.153323629306165,272,91,0.0
1977,91,109,45.5,1.82,2.1799999999999997,45.5,54.49999999999999,182.0,44.153323629306165,272,91,0.0
1978,91,109,45.5,1.82,2.1799999999999997,45.5,54.49999999999999,182.0,44.153323629306165,272,91,0.0
1979,91,109,45.5,1.82,2.1799999999999997,45.5,54.49999999999999,182.0,44.153323629306165,274,91,0.0
1980,91,109,45.5,1.82,2.1799999999999997,45.5,54.49999999999999,182.0,44.153323629306165,274,91,0.0
1981,92,108,46.0,1.84,2.16,46.0,54.0,184.0,44.638524987869964,275,92,2.0
1982,92,108,46.0,1.84,2.16,46.0,54.0,184.0,44.638524987869964,275,92,0.0
1983,92,108,46.0,1.84,2.16,46.0,54.0,184.0,44.638524987869964,275,92,0.0
1984,92,108,46.0,1.84,2.16,46.0,54.0,184.0,44.638524987869964,275,92,0.0
1985,92,108,46.0,1.84,2.16,46.0,54.0,184.0,44.638524987869964,275,92,0.0
1986,92,108,46.0,1.84,2.16,46.0,54.0,184.0,44.638524987869964,275,92,0.0
1987,92,108,46.0,1.84,2.16,46.0,54.0,184.0,44.638524987869964,275,92,0.0
1988,92,108,46.0,1.84,2.16,46.0,54.0,184.0,44.638524987869964,275,92,0.0
1989,92,108,46.0,1.84,2.16,46.0,54.0,184.0,44.638524987869964,275,92,0.0
1990,92,108,46.0,1.84,2.16,46.0,54.0,184.0,44.638524987869964,275,92,0.0
1991,92,108,46.0,1.84,2.16,46.0,54.0,184.0,44.638524987869964,275,92,0.0
1992,93,107,46.5,1.86,2.1399999999999997,46.5,53.49999999999999,186.0,45.12372634643377,276,93,2.0
1993,93,107,46.5,1.86,2.1399999999999997,46.5,53.49999999999999,186.0,45.12372634643377,276,93,0.0
1994,93,107,46.5,1.86,2.1399999999999997,46.5,53.49999999999999,186.0,45.12372634643377,276,93,0.0
1995,93,107,46.5,1.86,2.1399999999999997,46.5,53.49999999999999,186.0,45.12372634643377,276,93,0.0
1996,93,107,46.5,1.86,2.1399999999999997,46.5,53.49999999999999,186.0,45.12372634643377,276,93,0.0
1997,93,107,46.5,1.86,2.1399999999999997,46.5,53.49999999999999,186.0,45.12372634643377,276,93,0.0
1998,93,107,46.5,1.86,2.1399999999999997,46.5,53.49999999999999,186.0,45.12372634643377,276,93,0.0
1999,93,107,46.5,1.86,2.1399999999999997,46.5,53.49999999999999,186.0,45.12372634643377,276,93,0.0
2000,93,107,46.5,1.86,2.1399999999999997,46.5,53.49999999999999,186.0,45.12372634643377,276,93,0.0
