step,n_adsorbed,n_free,percent_adsorbed,m_adsorbed_mg,m_free_mg,c_pdf_mg_l,c_remaining_mg_l,qt_mg_g,percent_qmax,n_contacts,n_adsorption_events,dqt_per_step
0,0,200,0.0,0.0,4.0,0.0,100.0,0.0,0.0,0,0,0.0
1,0,200,0.0,0.0,4.0,0.0,100.0,0.0,0.0,0,0,0.0
2,0,200,0.0,0.0,4.0,0.0,100.0,0.0,0.0,0,0,0.0
3,0,200,0.0,0.0,4.0,0.0,100.0,0.0,0.0,0,0,0.0
4,0,200,0.0,0.0,4.0,0.0,100.0,0.0,0.0,0,0,0.0
5,0,200,0.0,0.0,4.0,0.0,100.0,0.0,0.0,0,0,0.0
6,0,200,0.0,0.0,4.0,0.0,100.0,0.0,0.0,1,0,0.0
7,0,200,0.0,0.0,4.0,0.0,100.0,0.0,0.0,2,0,0.0
8,0,200,0.0,0.0,4.0,0.0,100.0,0.0,0.0,6,0,0.0
9,0,200,0.0,0.0,4.0,0.0,100.0,0.0,0.0,6,0,0.0
10,1,199,0.5,0.02,3.98,0.5,99.5,2.0,0.48520135856380403,9,1,2.0
11,2,198,1.0,0.04,3.96,1.0,99.0,4.0,0.9704027171276081,10,2,2.0
12,2,198,1.0,0.04,3.96,1.0,99.0,4.0,0.9704027171276081,10,2,0.0
13,2,198,1.0,0.04,3.96,1.0,99.0,4.0,0.9704027171276081,10,2,0.0
14,3,197,1.5,0.06,3.94,1.5,98.5,6.0,1.455604075691412,11,3,2.0
15,3,197,1.5,0.06,3.94,1.5,98.5,6.0,1.455604075691412,11,3,0.0
16,3,197,1.5,0.06,3.94,1.5,98.5,6.0,1.455604075691412,11,3,0.0
17,3,197,1.5,0.06,3.94,1.5,98.5,6.0,1.455604075691412,11,3,0.0
18,3,197,1.5,0.06,3.94,1.5,98.5,6.0,1.455604075691412,11,3,0.0
19,3,197,1.5,0.06,3.94,1.5,98.5,6.0,1.455604075691412,12,3,0.0
20,4,196,2.0,0.08,3.92,2.0,98.0,8.0,1.9408054342552161,13,4,2.0
21,4,196,2.0,0.08,3.92,2.0,98.0,8.0,1.9408054342552161,13,4,0.0
22,5,195,2.5,0.1,3.9,2.5,97.5,10.0,2.42600679281902,14,5,2.0
23,5,195,2.5,0.1,3.9,2.5,97.5,10.0,2.42600679281902,14,5,0.0
24,5,195,2.5,0.1,3.9,2.5,97.5,10.0,2.42600679281902,15,5,0.0
25,5,195,2.5,0.1,3.9,2.5,97.5,10.0,2.42600679281902,15,5,0.0
26,6,194,3.0,0.12,3.88,3.0,97.0,12.0,2.911208151382824,16,6,2.0
27,6,194,3.0,0.12,3.88,3.0,97.0,12.0,2.911208151382824,16,6,0.0
28,6,194,3.0,0.12,3.88,3.0,97.0,12.0,2.911208151382824,16,6,0.0
29,6,194,3.0,0.12,3.88,3.0,97.0,12.0,2.911208151382824,16,6,0.0
30,6,194,3.0,0.12,3.88,3.0,97.0,12.0,2.911208151382824,16,6,0.0
31,6,194,3.0,0.12,3.88,3.0,97.0,12.0,2.911208151382824,17,6,0.0
32,6,194,3.0,0.12,3.88,3.0,97.0,12.0,2.911208151382824,17,6,0.0
33,6,194,3.0,0.12,3.88,3.0,97.0,12.0,2.911208151382824,18,6,0.0
34,6,194,3.0,0.12,3.88,3.0,97.0,12.0,2.911208151382824,18,6,0.0
35,6,194,3.0,0.12,3.88,3.0,97.0,12.0,2.911208151382824,18,6,0.0
36,6,194,3.0,0.12,3.88,3.0,97.0,12.0,2.911208151382824,18,6,0.0
37,6,194,3.0,0.12,3.88,3.0,97.0,12.0,2.911208151382824,18,6,0.0
38,6,194,3.0,0.12,3.88,3.0,97.0,12.0,2.911208151382824,18,6,0.0
39,6,194,3.0,0.12,3.88,3.0,97.0,12.0,2.911208151382824,18,6,0.0
40,6,194,3.0,0.12,3.88,3.0,97.0,12.0,2.911208151382824,19,6,0.0
41,6,194,3.0,0.12,3.88,3.0,97.0,12.0,2.911208151382824,19,6,0.0
42,6,194,3.0,0.12,3.88,3.0,97.0,12.0,2.911208151382824,19,6,0.0
43,7,193,3.5000000000000004,0.14,3.86,3.5000000000000004,96.5,14.000000000000002,3.3964095099466283,20,7,2.0000000000000018
44,7,193,3.5000000000000004,0.14,3.86,3.5000000000000004,96.5,14.000000000000002,3.3964095099466283,20,7,0.0
45,7,193,3.5000000000000004,0.14,3.86,3.5000000000000004,96.5,14.000000000000002,3.3964095099466283,20,7,0.0
46,7,193,3.5000000000000004,0.14,3.86,3.5000000000000004,96.5,14.000000000000002,3.3964095099466283,20,7,0.0
47,7,193,3.5000000000000004,0.14,3.86,3.5000000000000004,96.5,14.000000000000002,3.3964095099466283,20,7,0.0
48,7,193,3.5000000000000004,0.14,3.86,3.5000000000000004,96.5,14.000000000000002,3.3964095099466283,20,7,0.0
49,7,193,3.5000000000000004,0.14,3.86,3.5000000000000004,96.5,14.000000000000002,3.3964095099466283,20,7,0.0
50,7,193,3.5000000000000004,0.14,3.86,3.5000000000000004,96.5,14.000000000000002,3.3964095099466283,20,7,0.0
51,7,193,3.5000000000000004,0.14,3.86,3.5000000000000004,96.5,14.000000000000002,3.3964095099466283,20,7,0.0
52,7,193,3.5000000000000004,0.14,3.86,3.5000000000000004,96.5,14.000000000000002,3.3964095099466283,20,7,0.0
53,7,193,3.5000000000000004,0.14,3.86,3.5000000000000004,96.5,14.000000000000002,3.3964095099466283,20,7,0.0
54,7,193,3.5000000000000004,0.14,3.86,3.5000000000000004,96.5,14.000000000000002,3.3964095099466283,20,7,0.0
55,7,193,3.5000000000000004,0.14,3.86,3.5000000000000004,96.5,14.000000000000002,3.3964095099466283,20,7,0.0
56,7,193,3.5000000000000004,0.14,3.86,3.5000000000000004,96.5,14.000000000000002,3.3964095099466283,20,7,0.0
57,7,193,3.5000000000000004,0.14,3.86,3.5000000000000004,96.5,14.000000000000002,3.3964095099466283,20,7,0.0
58,7,193,3.5000000000000004,0.14,3.86,3.5000000000000004,96.5,14.000000000000002,3.3964095099466283,20,7,0.0
59,8,192,4.0,0.16,3.84,4.0,96.0,16.0,3.8816108685104322,21,8,1.9999999999999982
60,8,192,4.0,0.16,3.84,4.0,96.0,16.0,3.8816108685104322,21,8,0.0
61,8,192,4.0,0.16,3.84,4.0,96.0,16.0,3.8816108685104322,21,8,0.0
62,8,192,4.0,0.16,3.84,4.0,96.0,16.0,3.8816108685104322,21,8,0.0
63,8,192,4.0,0.16,3.84,4.0,96.0,16.0,3.8816108685104322,21,8,0.0
64,8,192,4.0,0.16,3.84,4.0,96.0,16.0,3.8816108685104322,22,8,0.0
65,8,192,4.0,0.16,3.84,4.0,96.0,16.0,3.8816108685104322,23,8,0.0
66,9,191,4.5,0.18,3.82,4.5,95.5,18.0,4.366812227074236,24,9,2.0
67,9,191,4.5,0.18,3.82,4.5,95.5,18.0,4.366812227074236,24,9,0.0
68,9,191,4.5,0.18,3.82,4.5,95.5,18.0,4.366812227074236,24,9,0.0
69,9,191,4.5,0.18,3.82,4.5,95.5,18.0,4.366812227074236,24,9,0.0
70,9,191,4.5,0.18,3.82,4.5,95.5,18.0,4.366812227074236,24,9,0.0
71,9,191,4.5,0.18,3.82,4.5,95.5,18.0,4.366812227074236,24,9,0.0
72,9,191,4.5,0.18,3.82,4.5,95.5,18.0,4.366812227074236,24,9,0.0
73,9,191,4.5,0.18,3.82,4.5,95.5,18.0,4.366812227074236,24,9,0.0
74,10,190,5.0,0.2,3.8,5.0,95.0,20.0,4.85201358563804,25,10,2.0
75,10,190,5.0,0.2,3.8,5.0,95.0,20.0,4.85201358563804,25,10,0.0
76,10,190,5.0,0.2,3.8,5.0,95.0,20.0,4.85201358563804,25,10,0.0
77,11,189,5.5,0.22,3.78,5.5,94.5,22.0,5.337214944201843,26,11,2.0
78,11,189,5.5,0.22,3.78,5.5,94.5,22.0,5.337214944201843,26,11,0.0
79,11,189,5.5,0.22,3.78,5.5,94.5,22.0,5.337214944201843,26,11,0.0
80,11,189,5.5,0.22,3.78,5.5,94.5,22.0,5.337214944201843,26,11,0.0
81,11,189,5.5,0.22,3.78,5.5,94.5,22.0,5.337214944201843,26,11,0.0
82,11,189,5.5,0.22,3.78,5.5,94.5,22.0,5.337214944201843,26,11,0.0
83,11,189,5.5,0.22,3.78,5.5,94.5,22.0,5.337214944201843,26,11,0.0
84,11,189,5.5,0.22,3.78,5.5,94.5,22.0,5.337214944201843,26,11,0.0
85,11,189,5.5,0.22,3.78,5.5,94.5,22.0,5.337214944201843,28,11,0.0
86,13,187,6.5,0.26,3.74,6.5,93.5,26.0,6.307617661329452,30,13,4.0
87,13,187,6.5,0.26,3.74,6.5,93.5,26.0,6.307617661329452,30,13,0.0
88,13,187,6.5,0.26,3.74,6.5,93.5,26.0,6.307617661329452,30,13,0.0
89,13,187,6.5,0.26,3.74,6.5,93.5,26.0,6.307617661329452,30,13,0.0
90,13,187,6.5,0.26,3.74,6.5,93.5,26.0,6.307617661329452,31,13,0.0
91,14,186,7.000000000000001,0.28,3.7199999999999998,7.000000000000001,92.99999999999999,28.000000000000004,6.7928190198932565,34,14,2.0000000000000036
92,14,186,7.000000000000001,0.28,3.7199999999999998,7.000000000000001,92.99999999999999,28.000000000000004,6.7928190198932565,34,14,0.0
93,14,186,7.000000000000001,0.28,3.7199999999999998,7.000000000000001,92.99999999999999,28.000000000000004,6.7928190198932565,35,14,0.0
94,15,185,7.5,0.3,3.7,7.5,92.5,30.0,7.27802037845706,36,15,1.9999999999999964
95,15,185,7.5,0.3,3.7,7.5,92.5,30.0,7.27802037845706,36,15,0.0
96,15,185,7.5,0.3,3.7,7.5,92.5,30.0,7.27802037845706,36,15,0.0
97,15,185,7.5,0.3,3.7,7.5,92.5,30.0,7.27802037845706,36,15,0.0
98,15,185,7.5,0.3,3.7,7.5,92.5,30.0,7.27802037845706,36,15,0.0
99,15,185,7.5,0.3,3.7,7.5,92.5,30.0,7.27802037845706,36,15,0.0
100,15,185,7.5,0.3,3.7,7.5,92.5,30.0,7.27802037845706,36,15,0.0
101,15,185,7.5,0.3,3.7,7.5,92.5,30.0,7.27802037845706,37,15,0.0
102,15,185,7.5,0.3,3.7,7.5,92.5,30.0,7.27802037845706,37,15,0.0
103,15,185,7.5,0.3,3.7,7.5,92.5,30.0,7.27802037845706,37,15,0.0
104,15,185,7.5,0.3,3.7,7.5,92.5,30.0,7.27802037845706,38,15,0.0
105,15,185,7.5,0.3,3.7,7.5,92.5,30.0,7.27802037845706,38,15,0.0
106,15,185,7.5,0.3,3.7,7.5,92.5,30.0,7.27802037845706,38,15,0.0
107,15,185,7.5,0.3,3.7,7.5,92.5,30.0,7.27802037845706,38,15,0.0
108,16,184,8.0,0.32,3.68,8.0,92.0,32.0,7.7632217370208645,39,16,2.0
109,16,184,8.0,0.32,3.68,8.0,92.0,32.0,7.7632217370208645,39,16,0.0
110,16,184,8.0,0.32,3.68,8.0,92.0,32.0,7.7632217370208645,39,16,0.0
111,16,184,8.0,0.32,3.68,8.0,92.0,32.0,7.7632217370208645,39,16,0.0
112,16,184,8.0,0.32,3.68,8.0,92.0,32.0,7.7632217370208645,39,16,0.0
113,16,184,8.0,0.32,3.68,8.0,92.0,32.0,7.7632217370208645,39,16,0.0
114,16,184,8.0,0.32,3.68,8.0,92.0,32.0,7.7632217370208645,39,16,0.0
115,16,184,8.0,0.32,3.68,8.0,92.0,32.0,7.7632217370208645,39,16,0.0
116,16,184,8.0,0.32,3.68,8.0,92.0,32.0,7.7632217370208645,39,16,0.0
117,16,184,8.0,0.32,3.68,8.0,92.0,32.0,7.7632217370208645,40,16,0.0
118,17,183,8.5,0.34,3.66,8.5,91.5,34.0,8.248423095584668,41,17,2.0
119,17,183,8.5,0.34,3.66,8.5,91.5,34.0,8.248423095584668,41,17,0.0
120,17,183,8.5,0.34,3.66,8.5,91.5,34.0,8.248423095584668,41,17,0.0
121,17,183,8.5,0.34,3.66,8.5,91.5,34.0,8.248423095584668,41,17,0.0
122,17,183,8.5,0.34,3.66,8.5,91.5,34.0,8.248423095584668,41,17,0.0
123,17,183,8.5,0.34,3.66,8.5,91.5,34.0,8.248423095584668,41,17,0.0
124,17,183,8.5,0.34,3.66,8.5,91.5,34.0,8.248423095584668,41,17,0.0
125,17,183,8.5,0.34,3.66,8.5,91.5,34.0,8.248423095584668,41,17,0.0
126,17,183,8.5,0.34,3.66,8.5,91.5,34.0,8.248423095584668,41,17,0.0
127,17,183,8.5,0.34,3.66,8.5,91.5,34.0,8.248423095584668,41,17,0.0
128,17,183,8.5,0.34,3.66,8.5,91.5,34.0,8.248423095584668,41,17,0.0
129,17,183,8.5,0.34,3.66,8.5,91.5,34.0,8.248423095584668,41,17,0.0
130,18,182,9.0,0.36,3.64,9.0,91.0,36.0,8.733624454148472,42,18,2.0
131,18,182,9.0,0.36,3.64,9.0,91.0,36.0,8.733624454148472,42,18,0.0
132,18,182,9.0,0.36,3.64,9.0,91.0,36.0,8.733624454148472,42,18,0.0
133,18,182,9.0,0.36,3.64,9.0,91.0,36.0,8.733624454148472,42,18,0.0
134,18,182,9.0,0.36,3.64,9.0,91.0,36.0,8.733624454148472,42,18,0.0
135,18,182,9.0,0.36,3.64,9.0,91.0,36.0,8.733624454148472,42,18,0.0
136,18,182,9.0,0.36,3.64,9.0,91.0,36.0,8.733624454148472,42,18,0.0
137,18,182,9.0,0.36,3.64,9.0,91.0,36.0,8.733624454148472,42,18,0.0
138,18,182,9.0,0.36,3.64,9.0,91.0,36.0,8.733624454148472,42,18,0.0
139,18,182,9.0,0.36,3.64,9.0,91.0,36.0,8.733624454148472,42,18,0.0
140,18,182,9.0,0.36,3.64,9.0,91.0,36.0,8.733624454148472,42,18,0.0
141,18,182,9.0,0.36,3.64,9.0,91.0,36.0,8.733624454148472,42,18,0.0
142,18,182,9.0,0.36,3.64,9.0,91.0,36.0,8.733624454148472,44,18,0.0
143,18,182,9.0,0.36,3.64,9.0,91.0,36.0,8.733624454148472,45,18,0.0
144,19,181,9.5,0.38,3.62,9.5,90.5,38.0,9.218825812712275,46,19,2.0
145,19,181,9.5,0.38,3.62,9.5,90.5,38.0,9.218825812712275,46,19,0.0
146,19,181,9.5,0.38,3.62,9.5,90.5,38.0,9.218825812712275,46,19,0.0
147,19,181,9.5,0.38,3.62,9.5,90.5,38.0,9.218825812712275,46,19,0.0
148,19,181,9.5,0.38,3.62,9.5,90.5,38.0,9.218825812712275,46,19,0.0
149,19,181,9.5,0.38,3.62,9.5,90.5,38.0,9.218825812712275,47,19,0.0
150,19,181,9.5,0.38,3.62,9.5,90.5,38.0,9.218825812712275,48,19,0.0
151,20,180,10.0,0.4,3.6,10.0,90.0,40.0,9.70402717127608,49,20,2.0
152,20,180,10.0,0.4,3.6,10.0,90.0,40.0,9.70402717127608,49,20,0.0
153,20,180,10.0,0.4,3.6,10.0,90.0,40.0,9.70402717127608,49,20,0.0
154,21,179,10.5,0.42,3.58,10.5,89.5,42.0,10.189228529839884,50,21,2.0
155,21,179,10.5,0.42,3.58,10.5,89.5,42.0,10.189228529839884,50,21,0.0
156,21,179,10.5,0.42,3.58,10.5,89.5,42.0,10.189228529839884,50,21,0.0
157,21,179,10.5,0.42,3.58,10.5,89.5,42.0,10.189228529839884,50,21,0.0
158,21,179,10.5,0.42,3.58,10.5,89.5,42.0,10.189228529839884,50,21,0.0
159,21,179,10.5,0.42,3.58,10.5,89.5,42.0,10.189228529839884,50,21,0.0
160,21,179,10.5,0.42,3.58,10.5,89.5,42.0,10.189228529839884,50,21,0.0
161,22,178,11.0,0.44,3.56,11.0,89.0,44.0,10.674429888403687,51,22,2.0
162,22,178,11.0,0.44,3.56,11.0,89.0,44.0,10.674429888403687,51,22,0.0
163,23,177,11.5,0.46,3.54,11.5,88.5,46.0,11.159631246967491,52,23,2.0
164,23,177,11.5,0.46,3.54,11.5,88.5,46.0,11.159631246967491,53,23,0.0
165,23,177,11.5,0.46,3.54,11.5,88.5,46.0,11.159631246967491,53,23,0.0
166,24,176,12.0,0.48,3.52,12.0,88.0,48.0,11.644832605531295,54,24,2.0
167,24,176,12.0,0.48,3.52,12.0,88.0,48.0,11.644832605531295,54,24,0.0
168,25,175,12.5,0.5,3.5,12.5,87.5,50.0,12.1300339640951,55,25,2.0
169,25,175,12.5,0.5,3.5,12.5,87.5,50.0,12.1300339640951,55,25,0.0
170,25,175,12.5,0.5,3.5,12.5,87.5,50.0,12.1300339640951,55,25,0.0
171,25,175,12.5,0.5,3.5,12.5,87.5,50.0,12.1300339640951,55,25,0.0
172,25,175,12.5,0.5,3.5,12.5,87.5,50.0,12.1300339640951,55,25,0.0
173,25,175,12.5,0.5,3.5,12.5,87.5,50.0,12.1300339640951,55,25,0.0
174,25,175,12.5,0.5,3.5,12.5,87.5,50.0,12.1300339640951,55,25,0.0
175,25,175,12.5,0.5,3.5,12.5,87.5,50.0,12.1300339640951,55,25,0.0
176,25,175,12.5,0.5,3.5,12.5,87.5,50.0,12.1300339640951,55,25,0.0
177,25,175,12.5,0.5,3.5,12.5,87.5,50.0,12.1300339640951,55,25,0.0
178,25,175,12.5,0.5,3.5,12.5,87.5,50.0,12.1300339640951,55,25,0.0
179,25,175,12.5,0.5,3.5,12.5,87.5,50.0,12.1300339640951,55,25,0.0
180,25,175,12.5,0.5,3.5,12.5,87.5,50.0,12.1300339640951,55,25,0.0
181,25,175,12.5,0.5,3.5,12.5,87.5,50.0,12.1300339640951,55,25,0.0
182,25,175,12.5,0.5,3.5,12.5,87.5,50.0,12.1300339640951,55,25,0.0
183,25,175,12.5,0.5,3.5,12.5,87.5,50.0,12.1300339640951,55,25,0.0
184,25,175,12.5,0.5,3.5,12.5,87.5,50.0,12.1300339640951,55,25,0.0
185,25,175,12.5,0.5,3.5,12.5,87.5,50.0,12.1300339640951,55,25,0.0
186,25,175,12.5,0.5,3.5,12.5,87.5,50.0,12.1300339640951,56,25,0.0
187,25,175,12.5,0.5,3.5,12.5,87.5,50.0,12.1300339640951,56,25,0.0
188,25,175,12.5,0.5,3.5,12.5,87.5,50.0,12.1300339640951,56,25,0.0
189,25,175,12.5,0.5,3.5,12.5,87.5,50.0,12.1300339640951,56,25,0.0
190,25,175,12.5,0.5,3.5,12.5,87.5,50.0,12.1300339640951,56,25,0.0
191,25,175,12.5,0.5,3.5,12.5,87.5,50.0,12.1300339640951,56,25,0.0
192,25,175,12.5,0.5,3.5,12.5,87.5,50.0,12.1300339640951,56,25,0.0
193,25,175,12.5,0.5,3.5,12.5,87.5,50.0,12.1300339640951,56,25,0.0
194,25,175,12.5,0.5,3.5,12.5,87.5,50.0,12.1300339640951,56,25,0.0
195,25,175,12.5,0.5,3.5,12.5,87.5,50.0,12.1300339640951,56,25,0.0
196,25,175,12.5,0.5,3.5,12.5,87.5,50.0,12.1300339640951,56,25,0.0
197,25,175,12.5,0.5,3.5,12.5,87.5,50.0,12.1300339640951,56,25,0.0
198,25,175,12.5,0.5,3.5,12.5,87.5,50.0,12.1300339640951,56,25,0.0
199,25,175,12.5,0.5,3.5,12.5,87.5,50.0,12.1300339640951,57,25,0.0
200,26,174,13.0,0.52,3.48,13.0,87.0,52.0,12.615235322658904,59,26,2.0
201,26,174,13.0,0.52,3.48,13.0,87.0,52.0,12.615235322658904,59,26,0.0
202,26,174,13.0,0.52,3.48,13.0,87.0,52.0,12.615235322658904,59,26,0.0
203,27,173,13.5,0.54,3.46,13.5,86.5,54.0,13.100436681222707,60,27,2.0
204,27,173,13.5,0.54,3.46,13.5,86.5,54.0,13.100436681222707,60,27,0.0
205,27,173,13.5,0.54,3.46,13.5,86.5,54.0,13.100436681222707,60,27,0.0
206,27,173,13.5,0.54,3.46,13.5,86.5,54.0,13.100436681222707,60,27,0.0
207,27,173,13.5,0.54,3.46,13.5,86.5,54.0,13.100436681222707,60,27,0.0
208,27,173,13.5,0.54,3.46,13.5,86.5,54.0,13.100436681222707,60,27,0.0
209,27,173,13.5,0.54,3.46,13.5,86.5,54.0,13.100436681222707,60,27,0.0
210,27,173,13.5,0.54,3.46,13.5,86.5,54.0,13.100436681222707,60,27,0.0
211,27,173,13.5,0.54,3.46,13.5,86.5,54.0,13.100436681222707,61,27,0.0
212,27,173,13.5,0.54,3.46,13.5,86.5,54.0,13.100436681222707,61,27,0.0
213,27,173,13.5,0.54,3.46,13.5,86.5,54.0,13.100436681222707,61,27,0.0
214,27,173,13.5,0.54,3.46,13.5,86.5,54.0,13.100436681222707,61,27,0.0
215,27,173,13.5,0.54,3.46,13.5,86.5,54.0,13.100436681222707,61,27,0.0
216,28,172,14.000000000000002,0.56,3.44,14.000000000000002,86.0,56.00000000000001,13.585638039786513,62,28,2.000000000000007
217,28,172,14.000000000000002,0.56,3.44,14.000000000000002,86.0,56.00000000000001,13.585638039786513,62,28,0.0
218,28,172,14.000000000000002,0.56,3.44,14.000000000000002,86.0,56.00000000000001,13.585638039786513,62,28,0.0
219,28,172,14.000000000000002,0.56,3.44,14.000000000000002,86.0,56.00000000000001,13.585638039786513,62,28,0.0
220,28,172,14.000000000000002,0.56,3.44,14.000000000000002,86.0,56.00000000000001,13.585638039786513,62,28,0.0
221,28,172,14.000000000000002,0.56,3.44,14.000000000000002,86.0,56.00000000000001,13.585638039786513,63,28,0.0
222,28,172,14.000000000000002,0.56,3.44,14.000000000000002,86.0,56.00000000000001,13.585638039786513,63,28,0.0
223,28,172,14.000000000000002,0.56,3.44,14.000000000000002,86.0,56.00000000000001,13.585638039786513,63,28,0.0
224,28,172,14.000000000000002,0.56,3.44,14.000000000000002,86.0,56.00000000000001,13.585638039786513,63,28,0.0
225,28,172,14.000000000000002,0.56,3.44,14.000000000000002,86.0,56.00000000000001,13.585638039786513,63,28,0.0
226,28,172,14.000000000000002,0.56,3.44,14.000000000000002,86.0,56.00000000000001,13.585638039786513,63,28,0.0
227,28,172,14.000000000000002,0.56,3.44,14.000000000000002,86.0,56.00000000000001,13.585638039786513,63,28,0.0
228,28,172,14.000000000000002,0.56,3.44,14.000000000000002,86.0,56.00000000000001,13.585638039786513,63,28,0.0
229,28,172,14.000000000000002,0.56,3.44,14.000000000000002,86.0,56.00000000000001,13.585638039786513,63,28,0.0
230,28,172,14.000000000000002,0.56,3.44,14.000000000000002,86.0,56.00000000000001,13.585638039786513,63,28,0.0
231,28,172,14.000000000000002,0.56,3.44,14.000000000000002,86.0,56.00000000000001,13.585638039786513,63,28,0.0
232,28,172,14.000000000000002,0.56,3.44,14.000000000000002,86.0,56.00000000000001,13.585638039786513,63,28,0.0
233,28,172,14.000000000000002,0.56,3.44,14.000000000000002,86.0,56.00000000000001,13.585638039786513,63,28,0.0
234,28,172,14.000000000000002,0.56,3.44,14.000000000000002,86.0,56.00000000000001,13.585638039786513,63,28,0.0
235,28,172,14.000000000000002,0.56,3.44,14.000000000000002,86.0,56.00000000000001,13.585638039786513,63,28,0.0
236,28,172,14.000000000000002,0.56,3.44,14.000000000000002,86.0,56.00000000000001,13.585638039786513,63,28,0.0
237,28,172,14.000000000000002,0.56,3.44,14.000000000000002,86.0,56.00000000000001,13.585638039786513,64,28,0.0
238,28,172,14.000000000000002,0.56,3.44,14.000000000000002,86.0,56.00000000000001,13.585638039786513,65,28,0.0
239,28,172,14.000000000000002,0.56,3.44,14.000000000000002,86.0,56.00000000000001,13.585638039786513,66,28,0.0
240,29,171,14.499999999999998,0.58,3.42,14.499999999999998,85.5,57.99999999999999,14.070839398350312,67,29,1.9999999999999858
241,29,171,14.499999999999998,0.58,3.42,14.499999999999998,85.5,57.99999999999999,14.070839398350312,68,29,0.0
242,30,170,15.0,0.6,3.4,15.0,85.0,60.0,14.55604075691412,69,30,2.000000000000007
243,30,170,15.0,0.6,3.4,15.0,85.0,60.0,14.55604075691412,69,30,0.0
244,30,170,15.0,0.6,3.4,15.0,85.0,60.0,14.55604075691412,69,30,0.0
245,30,170,15.0,0.6,3.4,15.0,85.0,60.0,14.55604075691412,69,30,0.0
246,30,170,15.0,0.6,3.4,15.0,85.0,60.0,14.55604075691412,69,30,0.0
247,30,170,15.0,0.6,3.4,15.0,85.0,60.0,14.55604075691412,69,30,0.0
248,30,170,15.0,0.6,3.4,15.0,85.0,60.0,14.55604075691412,69,30,0.0
249,30,170,15.0,0.6,3.4,15.0,85.0,60.0,14.55604075691412,70,30,0.0
250,30,170,15.0,0.6,3.4,15.0,85.0,60.0,14.55604075691412,71,30,0.0
251,30,170,15.0,0.6,3.4,15.0,85.0,60.0,14.55604075691412,72,30,0.0
252,30,170,15.0,0.6,3.4,15.0,85.0,60.0,14.55604075691412,75,30,0.0
253,30,170,15.0,0.6,3.4,15.0,85.0,60.0,14.55604075691412,75,30,0.0
254,30,170,15.0,0.6,3.4,15.0,85.0,60.0,14.55604075691412,75,30,0.0
255,30,170,15.0,0.6,3.4,15.0,85.0,60.0,14.55604075691412,76,30,0.0
256,33,167,16.5,0.66,3.34,16.5,83.5,66.0,16.011644832605533,79,33,6.0
257,33,167,16.5,0.66,3.34,16.5,83.5,66.0,16.011644832605533,79,33,0.0
258,33,167,16.5,0.66,3.34,16.5,83.5,66.0,16.011644832605533,80,33,0.0
259,34,166,17.0,0.68,3.32,17.0,83.0,68.0,16.496846191169336,82,34,2.0
260,34,166,17.0,0.68,3.32,17.0,83.0,68.0,16.496846191169336,83,34,0.0
261,34,166,17.0,0.68,3.32,17.0,83.0,68.0,16.496846191169336,84,34,0.0
262,34,166,17.0,0.68,3.32,17.0,83.0,68.0,16.496846191169336,85,34,0.0
263,34,166,17.0,0.68,3.32,17.0,83.0,68.0,16.496846191169336,85,34,0.0
264,34,166,17.0,0.68,3.32,17.0,83.0,68.0,16.496846191169336,85,34,0.0
265,34,166,17.0,0.68,3.32,17.0,83.0,68.0,16.496846191169336,85,34,0.0
266,34,166,17.0,0.68,3.32,17.0,83.0,68.0,16.496846191169336,85,34,0.0
267,34,166,17.0,0.68,3.32,17.0,83.0,68.0,16.496846191169336,85,34,0.0
268,34,166,17.0,0.68,3.32,17.0,83.0,68.0,16.496846191169336,85,34,0.0
269,35,165,17.5,0.7000000000000001,3.3,17.5,82.5,70.0,16.98204754973314,86,35,2.0
270,35,165,17.5,0.7000000000000001,3.3,17.5,82.5,70.0,16.98204754973314,86,35,0.0
271,35,165,17.5,0.7000000000000001,3.3,17.5,82.5,70.0,16.98204754973314,86,35,0.0
272,35,165,17.5,0.7000000000000001,3.3,17.5,82.5,70.0,16.98204754973314,86,35,0.0
273,35,165,17.5,0.7000000000000001,3.3,17.5,82.5,70.0,16.98204754973314,86,35,0.0
274,35,165,17.5,0.7000000000000001,3.3,17.5,82.5,70.0,16.98204754973314,86,35,0.0
275,35,165,17.5,0.7000000000000001,3.3,17.5,82.5,70.0,16.98204754973314,86,35,0.0
276,35,165,17.5,0.7000000000000001,3.3,17.5,82.5,70.0,16.98204754973314,86,35,0.0
277,35,165,17.5,0.7000000000000001,3.3,17.5,82.5,70.0,16.98204754973314,87,35,0.0
278,36,164,18.0,0.72,3.2800000000000002,18.0,82.0,72.0,17.467248908296945,89,36,2.0
279,37,163,18.5,0.74,3.26,18.5,81.5,74.0,17.952450266860748,90,37,2.0
280,37,163,18.5,0.74,3.26,18.5,81.5,74.0,17.952450266860748,90,37,0.0
281,37,163,18.5,0.74,3.26,18.5,81.5,74.0,17.952450266860748,90,37,0.0
282,37,163,18.5,0.74,3.26,18.5,81.5,74.0,17.952450266860748,90,37,0.0
283,37,163,18.5,0.74,3.26,18.5,81.5,74.0,17.952450266860748,91,37,0.0
284,38,162,19.0,0.76,3.24,19.0,81.0,76.0,18.43765162542455,92,38,2.0
285,38,162,19.0,0.76,3.24,19.0,81.0,76.0,18.43765162542455,92,38,0.0
286,38,162,19.0,0.76,3.24,19.0,81.0,76.0,18.43765162542455,92,38,0.0
287,38,162,19.0,0.76,3.24,19.0,81.0,76.0,18.43765162542455,93,38,0.0
288,38,162,19.0,0.76,3.24,19.0,81.0,76.0,18.43765162542455,93,38,0.0
289,38,162,19.0,0.76,3.24,19.0,81.0,76.0,18.43765162542455,93,38,0.0
290,38,162,19.0,0.76,3.24,19.0,81.0,76.0,18.43765162542455,93,38,0.0
291,38,162,19.0,0.76,3.24,19.0,81.0,76.0,18.43765162542455,93,38,0.0
292,38,162,19.0,0.76,3.24,19.0,81.0,76.0,18.43765162542455,93,38,0.0
293,38,162,19.0,0.76,3.24,19.0,81.0,76.0,18.43765162542455,93,38,0.0
294,39,161,19.5,0.78,3.2199999999999998,19.5,80.49999999999999,78.0,18.922852983988356,94,39,2.0
295,39,161,19.5,0.78,3.2199999999999998,19.5,80.49999999999999,78.0,18.922852983988356,94,39,0.0
296,40,160,20.0,0.8,3.2,20.0,80.0,80.0,19.40805434255216,95,40,2.0
297,40,160,20.0,0.8,3.2,20.0,80.0,80.0,19.40805434255216,95,40,0.0
298,40,160,20.0,0.8,3.2,20.0,80.0,80.0,19.40805434255216,95,40,0.0
299,41,159,20.5,0.8200000000000001,3.1799999999999997,20.5,79.49999999999999,82.0,19.893255701115965,96,41,2.0
300,41,159,20.5,0.8200000000000001,3.1799999999999997,20.5,79.49999999999999,82.0,19.893255701115965,96,41,0.0
301,41,159,20.5,0.8200000000000001,3.1799999999999997,20.5,79.49999999999999,82.0,19.893255701115965,96,41,0.0
302,41,159,20.5,0.8200000000000001,3.1799999999999997,20.5,79.49999999999999,82.0,19.893255701115965,96,41,0.0
303,41,159,20.5,0.8200000000000001,3.1799999999999997,20.5,79.49999999999999,82.0,19.893255701115965,96,41,0.0
304,42,158,21.0,0.84,3.16,21.0,79.0,84.0,20.378457059679768,97,42,2.0
305,42,158,21.0,0.84,3.16,21.0,79.0,84.0,20.378457059679768,97,42,0.0
306,42,158,21.0,0.84,3.16,21.0,79.0,84.0,20.378457059679768,97,42,0.0
307,42,158,21.0,0.84,3.16,21.0,79.0,84.0,20.378457059679768,97,42,0.0
308,42,158,21.0,0.84,3.16,21.0,79.0,84.0,20.378457059679768,97,42,0.0
309,42,158,21.0,0.84,3.16,21.0,79.0,84.0,20.378457059679768,97,42,0.0
310,42,158,21.0,0.84,3.16,21.0,79.0,84.0,20.378457059679768,97,42,0.0
311,42,158,21.0,0.84,3.16,21.0,79.0,84.0,20.378457059679768,97,42,0.0
312,42,158,21.0,0.84,3.16,21.0,79.0,84.0,20.378457059679768,97,42,0.0
313,42,158,21.0,0.84,3.16,21.0,79.0,84.0,20.378457059679768,97,42,0.0
314,42,158,21.0,0.84,3.16,21.0,79.0,84.0,20.378457059679768,97,42,0.0
315,42,158,21.0,0.84,3.16,21.0,79.0,84.0,20.378457059679768,97,42,0.0
316,42,158,21.0,0.84,3.16,21.0,79.0,84.0,20.378457059679768,97,42,0.0
317,42,158,21.0,0.84,3.16,21.0,79.0,84.0,20.378457059679768,97,42,0.0
318,43,157,21.5,0.86,3.14,21.5,78.5,86.0,20.86365841824357,98,43,2.0
319,43,157,21.5,0.86,3.14,21.5,78.5,86.0,20.86365841824357,98,43,0.0
320,43,157,21.5,0.86,3.14,21.5,78.5,86.0,20.86365841824357,98,43,0.0
321,43,157,21.5,0.86,3.14,21.5,78.5,86.0,20.86365841824357,98,43,0.0
322,43,157,21.5,0.86,3.14,21.5,78.5,86.0,20.86365841824357,98,43,0.0
323,43,157,21.5,0.86,3.14,21.5,78.5,86.0,20.86365841824357,98,43,0.0
324,43,157,21.5,0.86,3.14,21.5,78.5,86.0,20.86365841824357,98,43,0.0
325,43,157,21.5,0.86,3.14,21.5,78.5,86.0,20.86365841824357,98,43,0.0
326,43,157,21.5,0.86,3.14,21.5,78.5,86.0,20.86365841824357,98,43,0.0
327,43,157,21.5,0.86,3.14,21.5,78.5,86.0,20.86365841824357,98,43,0.0
328,43,157,21.5,0.86,3.14,21.5,78.5,86.0,20.86365841824357,98,43,0.0
329,43,157,21.5,0.86,3.14,21.5,78.5,86.0,20.86365841824357,98,43,0.0
330,43,157,21.5,0.86,3.14,21.5,78.5,86.0,20.86365841824357,98,43,0.0
331,43,157,21.5,0.86,3.14,21.5,78.5,86.0,20.86365841824357,98,43,0.0
332,43,157,21.5,0.86,3.14,21.5,78.5,86.0,20.86365841824357,98,43,0.0
333,43,157,21.5,0.86,3.14,21.5,78.5,86.0,20.86365841824357,98,43,0.0
334,43,157,21.5,0.86,3.14,21.5,78.5,86.0,20.86365841824357,98,43,0.0
335,43,157,21.5,0.86,3.14,21.5,78.5,86.0,20.86365841824357,98,43,0.0
336,43,157,21.5,0.86,3.14,21.5,78.5,86.0,20.86365841824357,98,43,0.0
337,43,157,21.5,0.86,3.14,21.5,78.5,86.0,20.86365841824357,98,43,0.0
338,43,157,21.5,0.86,3.14,21.5,78.5,86.0,20.86365841824357,98,43,0.0
339,43,157,21.5,0.86,3.14,21.5,78.5,86.0,20.86365841824357,98,43,0.0
340,43,157,21.5,0.86,3.14,21.5,78.5,86.0,20.86365841824357,98,43,0.0
341,43,157,21.5,0.86,3.14,21.5,78.5,86.0,20.86365841824357,98,43,0.0
342,43,157,21.5,0.86,3.14,21.5,78.5,86.0,20.86365841824357,98,43,0.0
343,44,156,22.0,0.88,3.12,22.0,78.0,88.0,21.348859776807373,99,44,2.0
344,44,156,22.0,0.88,3.12,22.0,78.0,88.0,21.348859776807373,99,44,0.0
345,44,156,22.0,0.88,3.12,22.0,78.0,88.0,21.348859776807373,99,44,0.0
346,44,156,22.0,0.88,3.12,22.0,78.0,88.0,21.348859776807373,99,44,0.0
347,44,156,22.0,0.88,3.12,22.0,78.0,88.0,21.348859776807373,99,44,0.0
348,44,156,22.0,0.88,3.12,22.0,78.0,88.0,21.348859776807373,99,44,0.0
349,44,156,22.0,0.88,3.12,22.0,78.0,88.0,21.348859776807373,99,44,0.0
350,44,156,22.0,0.88,3.12,22.0,78.0,88.0,21.348859776807373,99,44,0.0
351,44,156,22.0,0.88,3.12,22.0,78.0,88.0,21.348859776807373,99,44,0.0
352,44,156,22.0,0.88,3.12,22.0,78.0,88.0,21.348859776807373,99,44,0.0
353,44,156,22.0,0.88,3.12,22.0,78.0,88.0,21.348859776807373,99,44,0.0
354,44,156,22.0,0.88,3.12,22.0,78.0,88.0,21.348859776807373,99,44,0.0
355,44,156,22.0,0.88,3.12,22.0,78.0,88.0,21.348859776807373,99,44,0.0
356,44,156,22.0,0.88,3.12,22.0,78.0,88.0,21.348859776807373,99,44,0.0
357,44,156,22.0,0.88,3.12,22.0,78.0,88.0,21.348859776807373,99,44,0.0
358,45,155,22.5,0.9,3.1,22.5,77.5,90.0,21.83406113537118,100,45,2.0
359,45,155,22.5,0.9,3.1,22.5,77.5,90.0,21.83406113537118,100,45,0.0
360,45,155,22.5,0.9,3.1,22.5,77.5,90.0,21.83406113537118,100,45,0.0
361,45,155,22.5,0.9,3.1,22.5,77.5,90.0,21.83406113537118,100,45,0.0
362,45,155,22.5,0.9,3.1,22.5,77.5,90.0,21.83406113537118,100,45,0.0
363,45,155,22.5,0.9,3.1,22.5,77.5,90.0,21.83406113537118,100,45,0.0
364,45,155,22.5,0.9,3.1,22.5,77.5,90.0,21.83406113537118,100,45,0.0
365,45,155,22.5,0.9,3.1,22.5,77.5,90.0,21.83406113537118,100,45,0.0
366,45,155,22.5,0.9,3.1,22.5,77.5,90.0,21.83406113537118,100,45,0.0
367,45,155,22.5,0.9,3.1,22.5,77.5,90.0,21.83406113537118,100,45,0.0
368,45,155,22.5,0.9,3.1,22.5,77.5,90.0,21.83406113537118,100,45,0.0
369,45,155,22.5,0.9,3.1,22.5,77.5,90.0,21.83406113537118,100,45,0.0
370,45,155,22.5,0.9,3.1,22.5,77.5,90.0,21.83406113537118,100,45,0.0
371,45,155,22.5,0.9,3.1,22.5,77.5,90.0,21.83406113537118,100,45,0.0
372,45,155,22.5,0.9,3.1,22.5,77.5,90.0,21.83406113537118,100,45,0.0
373,45,155,22.5,0.9,3.1,22.5,77.5,90.0,21.83406113537118,100,45,0.0
374,45,155,22.5,0.9,3.1,22.5,77.5,90.0,21.83406113537118,100,45,0.0
375,45,155,22.5,0.9,3.1,22.5,77.5,90.0,21.83406113537118,100,45,0.0
376,45,155,22.5,0.9,3.1,22.5,77.5,90.0,21.83406113537118,100,45,0.0
377,45,155,22.5,0.9,3.1,22.5,77.5,90.0,21.83406113537118,100,45,0.0
378,45,155,22.5,0.9,3.1,22.5,77.5,90.0,21.83406113537118,100,45,0.0
379,45,155,22.5,0.9,3.1,22.5,77.5,90.0,21.83406113537118,100,45,0.0
380,45,155,22.5,0.9,3.1,22.5,77.5,90.0,21.83406113537118,100,45,0.0
381,45,155,22.5,0.9,3.1,22.5,77.5,90.0,21.83406113537118,100,45,0.0
382,45,155,22.5,0.9,3.1,22.5,77.5,90.0,21.83406113537118,101,45,0.0
383,45,155,22.5,0.9,3.1,22.5,77.5,90.0,21.83406113537118,101,45,0.0
384,45,155,22.5,0.9,3.1,22.5,77.5,90.0,21.83406113537118,101,45,0.0
385,45,155,22.5,0.9,3.1,22.5,77.5,90.0,21.83406113537118,101,45,0.0
386,45,155,22.5,0.9,3.1,22.5,77.5,90.0,21.83406113537118,101,45,0.0
387,45,155,22.5,0.9,3.1,22.5,77.5,90.0,21.83406113537118,101,45,0.0
388,45,155,22.5,0.9,3.1,22.5,77.5,90.0,21.83406113537118,101,45,0.0
389,45,155,22.5,0.9,3.1,22.5,77.5,90.0,21.83406113537118,101,45,0.0
390,45,155,22.5,0.9,3.1,22.5,77.5,90.0,21.83406113537118,101,45,0.0
391,46,154,23.0,0.92,3.08,23.0,77.0,92.0,22.319262493934982,102,46,2.0
392,46,154,23.0,0.92,3.08,23.0,77.0,92.0,22.319262493934982,103,46,0.0
393,47,153,23.5,0.9400000000000001,3.06,23.5,76.5,94.0,22.804463852498788,104,47,2.0
394,47,153,23.5,0.9400000000000001,3.06,23.5,76.5,94.0,22.804463852498788,104,47,0.0
395,48,152,24.0,0.96,3.04,24.0,76.0,96.0,23.28966521106259,105,48,2.0
396,49,151,24.5,0.98,3.02,24.5,75.5,98.0,23.774866569626397,106,49,2.0
397,49,151,24.5,0.98,3.02,24.5,75.5,98.0,23.774866569626397,106,49,0.0
398,49,151,24.5,0.98,3.02,24.5,75.5,98.0,23.774866569626397,106,49,0.0
399,49,151,24.5,0.98,3.02,24.5,75.5,98.0,23.774866569626397,107,49,0.0
400,50,150,25.0,1.0,3.0,25.0,75.0,100.0,24.2600679281902,108,50,2.0
401,50,150,25.0,1.0,3.0,25.0,75.0,100.0,24.2600679281902,108,50,0.0
402,50,150,25.0,1.0,3.0,25.0,75.0,100.0,24.2600679281902,108,50,0.0
403,50,150,25.0,1.0,3.0,25.0,75.0,100.0,24.2600679281902,108,50,0.0
404,50,150,25.0,1.0,3.0,25.0,75.0,100.0,24.2600679281902,108,50,0.0
405,50,150,25.0,1.0,3.0,25.0,75.0,100.0,24.2600679281902,108,50,0.0
406,50,150,25.0,1.0,3.0,25.0,75.0,100.0,24.2600679281902,108,50,0.0
407,50,150,25.0,1.0,3.0,25.0,75.0,100.0,24.2600679281902,108,50,0.0
408,50,150,25.0,1.0,3.0,25.0,75.0,100.0,24.2600679281902,108,50,0.0
409,50,150,25.0,1.0,3.0,25.0,75.0,100.0,24.2600679281902,108,50,0.0
410,50,150,25.0,1.0,3.0,25.0,75.0,100.0,24.2600679281902,108,50,0.0
411,51,149,25.5,1.02,2.98,25.5,74.5,102.0,24.745269286754006,109,51,2.0
412,51,149,25.5,1.02,2.98,25.5,74.5,102.0,24.745269286754006,109,51,0.0
413,51,149,25.5,1.02,2.98,25.5,74.5,102.0,24.745269286754006,109,51,0.0
414,51,149,25.5,1.02,2.98,25.5,74.5,102.0,24.745269286754006,109,51,0.0
415,51,149,25.5,1.02,2.98,25.5,74.5,102.0,24.745269286754006,109,51,0.0
416,51,149,25.5,1.02,2.98,25.5,74.5,102.0,24.745269286754006,109,51,0.0
417,51,149,25.5,1.02,2.98,25.5,74.5,102.0,24.745269286754006,110,51,0.0
418,51,149,25.5,1.02,2.98,25.5,74.5,102.0,24.745269286754006,111,51,0.0
419,51,149,25.5,1.02,2.98,25.5,74.5,102.0,24.745269286754006,112,51,0.0
420,51,149,25.5,1.02,2.98,25.5,74.5,102.0,24.745269286754006,112,51,0.0
421,52,148,26.0,1.04,2.96,26.0,74.0,104.0,25.23047064531781,113,52,2.0
422,53,147,26.5,1.06,2.94,26.5,73.5,106.0,25.71567200388161,114,53,2.0
423,53,147,26.5,1.06,2.94,26.5,73.5,106.0,25.71567200388161,114,53,0.0
424,53,147,26.5,1.06,2.94,26.5,73.5,106.0,25.71567200388161,114,53,0.0
425,53,147,26.5,1.06,2.94,26.5,73.5,106.0,25.71567200388161,114,53,0.0
426,53,147,26.5,1.06,2.94,26.5,73.5,106.0,25.71567200388161,114,53,0.0
427,53,147,26.5,1.06,2.94,26.5,73.5,106.0,25.71567200388161,114,53,0.0
428,53,147,26.5,1.06,2.94,26.5,73.5,106.0,25.71567200388161,114,53,0.0
429,53,147,26.5,1.06,2.94,26.5,73.5,106.0,25.71567200388161,114,53,0.0
430,53,147,26.5,1.06,2.94,26.5,73.5,106.0,25.71567200388161,114,53,0.0
431,53,147,26.5,1.06,2.94,26.5,73.5,106.0,25.71567200388161,114,53,0.0
432,53,147,26.5,1.06,2.94,26.5,73.5,106.0,25.71567200388161,114,53,0.0
433,53,147,26.5,1.06,2.94,26.5,73.5,106.0,25.71567200388161,114,53,0.0
434,53,147,26.5,1.06,2.94,26.5,73.5,106.0,25.71567200388161,114,53,0.0
435,53,147,26.5,1.06,2.94,26.5,73.5,106.0,25.71567200388161,115,53,0.0
436,53,147,26.5,1.06,2.94,26.5,73.5,106.0,25.71567200388161,115,53,0.0
437,53,147,26.5,1.06,2.94,26.5,73.5,106.0,25.71567200388161,115,53,0.0
438,53,147,26.5,1.06,2.94,26.5,73.5,106.0,25.71567200388161,115,53,0.0
439,53,147,26.5,1.06,2.94,26.5,73.5,106.0,25.71567200388161,115,53,0.0
440,53,147,26.5,1.06,2.94,26.5,73.5,106.0,25.71567200388161,116,53,0.0
441,53,147,26.5,1.06,2.94,26.5,73.5,106.0,25.71567200388161,116,53,0.0
442,53,147,26.5,1.06,2.94,26.5,73.5,106.0,25.71567200388161,117,53,0.0
443,54,146,27.0,1.08,2.92,27.0,73.0,108.0,26.200873362445414,119,54,2.0
444,54,146,27.0,1.08,2.92,27.0,73.0,108.0,26.200873362445414,119,54,0.0
445,54,146,27.0,1.08,2.92,27.0,73.0,108.0,26.200873362445414,119,54,0.0
446,54,146,27.0,1.08,2.92,27.0,73.0,108.0,26.200873362445414,119,54,0.0
447,54,146,27.0,1.08,2.92,27.0,73.0,108.0,26.200873362445414,119,54,0.0
448,54,146,27.0,1.08,2.92,27.0,73.0,108.0,26.200873362445414,119,54,0.0
449,54,146,27.0,1.08,2.92,27.0,73.0,108.0,26.200873362445414,119,54,0.0
450,55,145,27.500000000000004,1.1,2.9,27.5,72.5,110.0,26.686074721009216,120,55,2.0
451,55,145,27.500000000000004,1.1,2.9,27.5,72.5,110.0,26.686074721009216,120,55,0.0
452,55,145,27.500000000000004,1.1,2.9,27.5,72.5,110.0,26.686074721009216,120,55,0.0
453,55,145,27.500000000000004,1.1,2.9,27.5,72.5,110.0,26.686074721009216,120,55,0.0
454,56,144,28.000000000000004,1.12,2.88,28.000000000000004,72.0,112.00000000000001,27.171276079573026,121,56,2.000000000000014
455,56,144,28.000000000000004,1.12,2.88,28.000000000000004,72.0,112.00000000000001,27.171276079573026,121,56,0.0
456,56,144,28.000000000000004,1.12,2.88,28.000000000000004,72.0,112.00000000000001,27.171276079573026,121,56,0.0
457,56,144,28.000000000000004,1.12,2.88,28.000000000000004,72.0,112.00000000000001,27.171276079573026,121,56,0.0
458,56,144,28.000000000000004,1.12,2.88,28.000000000000004,72.0,112.00000000000001,27.171276079573026,121,56,0.0
459,56,144,28.000000000000004,1.12,2.88,28.000000000000004,72.0,112.00000000000001,27.171276079573026,122,56,0.0
460,56,144,28.000000000000004,1.12,2.88,28.000000000000004,72.0,112.00000000000001,27.171276079573026,122,56,0.0
461,56,144,28.000000000000004,1.12,2.88,28.000000000000004,72.0,112.00000000000001,27.171276079573026,123,56,0.0
462,56,144,28.000000000000004,1.12,2.88,28.000000000000004,72.0,112.00000000000001,27.171276079573026,123,56,0.0
463,56,144,28.000000000000004,1.12,2.88,28.000000000000004,72.0,112.00000000000001,27.171276079573026,124,56,0.0
464,56,144,28.000000000000004,1.12,2.88,28.000000000000004,72.0,112.00000000000001,27.171276079573026,124,56,0.0
465,56,144,28.000000000000004,1.12,2.88,28.000000000000004,72.0,112.00000000000001,27.171276079573026,125,56,0.0
466,56,144,28.000000000000004,1.12,2.88,28.000000000000004,72.0,112.00000000000001,27.171276079573026,125,56,0.0
467,56,144,28.000000000000004,1.12,2.88,28.000000000000004,72.0,112.00000000000001,27.171276079573026,125,56,0.0
468,56,144,28.000000000000004,1.12,2.88,28.000000000000004,72.0,112.00000000000001,27.171276079573026,125,56,0.0
469,56,144,28.000000000000004,1.12,2.88,28.000000000000004,72.0,112.00000000000001,27.171276079573026,125,56,0.0
470,56,144,28.000000000000004,1.12,2.88,28.000000000000004,72.0,112.00000000000001,27.171276079573026,125,56,0.0
471,56,144,28.000000000000004,1.12,2.88,28.000000000000004,72.0,112.00000000000001,27.171276079573026,125,56,0.0
472,56,144,28.000000000000004,1.12,2.88,28.000000000000004,72.0,112.00000000000001,27.171276079573026,125,56,0.0
473,56,144,28.000000000000004,1.12,2.88,28.000000000000004,72.0,112.00000000000001,27.171276079573026,125,56,0.0
474,56,144,28.000000000000004,1.12,2.88,28.000000000000004,72.0,112.00000000000001,27.171276079573026,126,56,0.0
475,57,143,28.499999999999996,1.1400000000000001,2.86,28.500000000000004,71.5,114.00000000000001,27.65647743813683,127,57,2.0
476,57,143,28.499999999999996,1.1400000000000001,2.86,28.500000000000004,71.5,114.00000000000001,27.65647743813683,128,57,0.0
477,57,143,28.499999999999996,1.1400000000000001,2.86,28.500000000000004,71.5,114.00000000000001,27.65647743813683,128,57,0.0
478,57,143,28.499999999999996,1.1400000000000001,2.86,28.500000000000004,71.5,114.00000000000001,27.65647743813683,128,57,0.0
479,57,143,28.499999999999996,1.1400000000000001,2.86,28.500000000000004,71.5,114.00000000000001,27.65647743813683,128,57,0.0
480,57,143,28.499999999999996,1.1400000000000001,2.86,28.500000000000004,71.5,114.00000000000001,27.65647743813683,128,57,0.0
481,58,142,28.999999999999996,1.16,2.84,28.999999999999996,71.0,115.99999999999999,28.141678796700624,129,58,1.9999999999999716
482,58,142,28.999999999999996,1.16,2.84,28.999999999999996,71.0,115.99999999999999,28.141678796700624,129,58,0.0
483,58,142,28.999999999999996,1.16,2.84,28.999999999999996,71.0,115.99999999999999,28.141678796700624,129,58,0.0
484,58,142,28.999999999999996,1.16,2.84,28.999999999999996,71.0,115.99999999999999,28.141678796700624,129,58,0.0
485,58,142,28.999999999999996,1.16,2.84,28.999999999999996,71.0,115.99999999999999,28.141678796700624,130,58,0.0
486,58,142,28.999999999999996,1.16,2.84,28.999999999999996,71.0,115.99999999999999,28.141678796700624,130,58,0.0
487,58,142,28.999999999999996,1.16,2.84,28.999999999999996,71.0,115.99999999999999,28.141678796700624,130,58,0.0
488,58,142,28.999999999999996,1.16,2.84,28.999999999999996,71.0,115.99999999999999,28.141678796700624,131,58,0.0
489,58,142,28.999999999999996,1.16,2.84,28.999999999999996,71.0,115.99999999999999,28.141678796700624,133,58,0.0
490,58,142,28.999999999999996,1.16,2.84,28.999999999999996,71.0,115.99999999999999,28.141678796700624,134,58,0.0
491,58,142,28.999999999999996,1.16,2.84,28.999999999999996,71.0,115.99999999999999,28.141678796700624,135,58,0.0
492,58,142,28.999999999999996,1.16,2.84,28.999999999999996,71.0,115.99999999999999,28.141678796700624,135,58,0.0
493,58,142,28.999999999999996,1.16,2.84,28.999999999999996,71.0,115.99999999999999,28.141678796700624,135,58,0.0
494,58,142,28.999999999999996,1.16,2.84,28.999999999999996,71.0,115.99999999999999,28.141678796700624,135,58,0.0
495,59,141,29.5,1.18,2.8200000000000003,29.499999999999996,70.5,117.99999999999999,28.626880155264434,136,59,2.0
496,59,141,29.5,1.18,2.8200000000000003,29.499999999999996,70.5,117.99999999999999,28.626880155264434,136,59,0.0
497,59,141,29.5,1.18,2.8200000000000003,29.499999999999996,70.5,117.99999999999999,28.626880155264434,136,59,0.0
498,59,141,29.5,1.18,2.8200000000000003,29.499999999999996,70.5,117.99999999999999,28.626880155264434,136,59,0.0
499,59,141,29.5,1.18,2.8200000000000003,29.499999999999996,70.5,117.99999999999999,28.626880155264434,136,59,0.0
500,59,141,29.5,1.18,2.8200000000000003,29.499999999999996,70.5,117.99999999999999,28.626880155264434,137,59,0.0
501,59,141,29.5,1.18,2.8200000000000003,29.499999999999996,70.5,117.99999999999999,28.626880155264434,138,59,0.0
502,60,140,30.0,1.2,2.8,30.0,70.0,120.0,29.11208151382824,139,60,2.000000000000014
503,60,140,30.0,1.2,2.8,30.0,70.0,120.0,29.11208151382824,139,60,0.0
504,60,140,30.0,1.2,2.8,30.0,70.0,120.0,29.11208151382824,139,60,0.0
505,60,140,30.0,1.2,2.8,30.0,70.0,120.0,29.11208151382824,139,60,0.0
506,60,140,30.0,1.2,2.8,30.0,70.0,120.0,29.11208151382824,139,60,0.0
507,60,140,30.0,1.2,2.8,30.0,70.0,120.0,29.11208151382824,139,60,0.0
508,60,140,30.0,1.2,2.8,30.0,70.0,120.0,29.11208151382824,139,60,0.0
509,60,140,30.0,1.2,2.8,30.0,70.0,120.0,29.11208151382824,139,60,0.0
510,60,140,30.0,1.2,2.8,30.0,70.0,120.0,29.11208151382824,139,60,0.0
511,60,140,30.0,1.2,2.8,30.0,70.0,120.0,29.11208151382824,139,60,0.0
512,60,140,30.0,1.2,2.8,30.0,70.0,120.0,29.11208151382824,139,60,0.0
513,60,140,30.0,1.2,2.8,30.0,70.0,120.0,29.11208151382824,139,60,0.0
514,60,140,30.0,1.2,2.8,30.0,70.0,120.0,29.11208151382824,140,60,0.0
515,60,140,30.0,1.2,2.8,30.0,70.0,120.0,29.11208151382824,140,60,0.0
516,61,139,30.5,1.22,2.7800000000000002,30.5,69.5,122.0,29.597282872392043,141,61,2.0
517,61,139,30.5,1.22,2.7800000000000002,30.5,69.5,122.0,29.597282872392043,141,61,0.0
518,61,139,30.5,1.22,2.7800000000000002,30.5,69.5,122.0,29.597282872392043,141,61,0.0
519,61,139,30.5,1.22,2.7800000000000002,30.5,69.5,122.0,29.597282872392043,141,61,0.0
520,61,139,30.5,1.22,2.7800000000000002,30.5,69.5,122.0,29.597282872392043,141,61,0.0
521,61,139,30.5,1.22,2.7800000000000002,30.5,69.5,122.0,29.597282872392043,141,61,0.0
522,61,139,30.5,1.22,2.7800000000000002,30.5,69.5,122.0,29.597282872392043,141,61,0.0
523,61,139,30.5,1.22,2.7800000000000002,30.5,69.5,122.0,29.597282872392043,141,61,0.0
524,62,138,31.0,1.24,2.76,31.0,69.0,124.0,30.082484230955846,143,62,2.0
525,62,138,31.0,1.24,2.76,31.0,69.0,124.0,30.082484230955846,143,62,0.0
526,62,138,31.0,1.24,2.76,31.0,69.0,124.0,30.082484230955846,143,62,0.0
527,62,138,31.0,1.24,2.76,31.0,69.0,124.0,30.082484230955846,143,62,0.0
528,62,138,31.0,1.24,2.76,31.0,69.0,124.0,30.082484230955846,143,62,0.0
529,62,138,31.0,1.24,2.76,31.0,69.0,124.0,30.082484230955846,143,62,0.0
530,63,137,31.5,1.26,2.74,31.5,68.5,126.0,30.567685589519648,144,63,2.0
531,63,137,31.5,1.26,2.74,31.5,68.5,126.0,30.567685589519648,144,63,0.0
532,63,137,31.5,1.26,2.74,31.5,68.5,126.0,30.567685589519648,144,63,0.0
533,63,137,31.5,1.26,2.74,31.5,68.5,126.0,30.567685589519648,144,63,0.0
534,63,137,31.5,1.26,2.74,31.5,68.5,126.0,30.567685589519648,144,63,0.0
535,63,137,31.5,1.26,2.74,31.5,68.5,126.0,30.567685589519648,144,63,0.0
536,63,137,31.5,1.26,2.74,31.5,68.5,126.0,30.567685589519648,145,63,0.0
537,63,137,31.5,1.26,2.74,31.5,68.5,126.0,30.567685589519648,145,63,0.0
538,63,137,31.5,1.26,2.74,31.5,68.5,126.0,30.567685589519648,146,63,0.0
539,63,137,31.5,1.26,2.74,31.5,68.5,126.0,30.567685589519648,146,63,0.0
540,63,137,31.5,1.26,2.74,31.5,68.5,126.0,30.567685589519648,146,63,0.0
541,63,137,31.5,1.26,2.74,31.5,68.5,126.0,30.567685589519648,146,63,0.0
542,63,137,31.5,1.26,2.74,31.5,68.5,126.0,30.567685589519648,146,63,0.0
543,63,137,31.5,1.26,2.74,31.5,68.5,126.0,30.567685589519648,146,63,0.0
544,63,137,31.5,1.26,2.74,31.5,68.5,126.0,30.567685589519648,147,63,0.0
545,63,137,31.5,1.26,2.74,31.5,68.5,126.0,30.567685589519648,147,63,0.0
546,63,137,31.5,1.26,2.74,31.5,68.5,126.0,30.567685589519648,147,63,0.0
547,63,137,31.5,1.26,2.74,31.5,68.5,126.0,30.567685589519648,147,63,0.0
548,63,137,31.5,1.26,2.74,31.5,68.5,126.0,30.567685589519648,147,63,0.0
549,63,137,31.5,1.26,2.74,31.5,68.5,126.0,30.567685589519648,147,63,0.0
550,63,137,31.5,1.26,2.74,31.5,68.5,126.0,30.567685589519648,147,63,0.0
551,63,137,31.5,1.26,2.74,31.5,68.5,126.0,30.567685589519648,147,63,0.0
552,63,137,31.5,1.26,2.74,31.5,68.5,126.0,30.567685589519648,147,63,0.0
553,63,137,31.5,1.26,2.74,31.5,68.5,126.0,30.567685589519648,147,63,0.0
554,64,136,32.0,1.28,2.7199999999999998,32.0,67.99999999999999,128.0,31.052886948083458,148,64,2.0
555,64,136,32.0,1.28,2.7199999999999998,32.0,67.99999999999999,128.0,31.052886948083458,148,64,0.0
556,65,135,32.5,1.3,2.7,32.5,67.5,130.0,31.53808830664726,149,65,2.0
557,65,135,32.5,1.3,2.7,32.5,67.5,130.0,31.53808830664726,149,65,0.0
558,65,135,32.5,1.3,2.7,32.5,67.5,130.0,31.53808830664726,149,65,0.0
559,65,135,32.5,1.3,2.7,32.5,67.5,130.0,31.53808830664726,150,65,0.0
560,65,135,32.5,1.3,2.7,32.5,67.5,130.0,31.53808830664726,150,65,0.0
561,65,135,32.5,1.3,2.7,32.5,67.5,130.0,31.53808830664726,150,65,0.0
562,65,135,32.5,1.3,2.7,32.5,67.5,130.0,31.53808830664726,150,65,0.0
563,65,135,32.5,1.3,2.7,32.5,67.5,130.0,31.53808830664726,150,65,0.0
564,65,135,32.5,1.3,2.7,32.5,67.5,130.0,31.53808830664726,150,65,0.0
565,65,135,32.5,1.3,2.7,32.5,67.5,130.0,31.53808830664726,150,65,0.0
566,65,135,32.5,1.3,2.7,32.5,67.5,130.0,31.53808830664726,150,65,0.0
567,65,135,32.5,1.3,2.7,32.5,67.5,130.0,31.53808830664726,150,65,0.0
568,65,135,32.5,1.3,2.7,32.5,67.5,130.0,31.53808830664726,150,65,0.0
569,65,135,32.5,1.3,2.7,32.5,67.5,130.0,31.53808830664726,150,65,0.0
570,65,135,32.5,1.3,2.7,32.5,67.5,130.0,31.53808830664726,150,65,0.0
571,65,135,32.5,1.3,2.7,32.5,67.5,130.0,31.53808830664726,150,65,0.0
572,65,135,32.5,1.3,2.7,32.5,67.5,130.0,31.53808830664726,150,65,0.0
573,65,135,32.5,1.3,2.7,32.5,67.5,130.0,31.53808830664726,150,65,0.0
574,65,135,32.5,1.3,2.7,32.5,67.5,130.0,31.53808830664726,150,65,0.0
575,65,135,32.5,1.3,2.7,32.5,67.5,130.0,31.53808830664726,150,65,0.0
576,65,135,32.5,1.3,2.7,32.5,67.5,130.0,31.53808830664726,150,65,0.0
577,65,135,32.5,1.3,2.7,32.5,67.5,130.0,31.53808830664726,150,65,0.0
578,65,135,32.5,1.3,2.7,32.5,67.5,130.0,31.53808830664726,150,65,0.0
579,65,135,32.5,1.3,2.7,32.5,67.5,130.0,31.53808830664726,151,65,0.0
580,65,135,32.5,1.3,2.7,32.5,67.5,130.0,31.53808830664726,151,65,0.0
581,65,135,32.5,1.3,2.7,32.5,67.5,130.0,31.53808830664726,151,65,0.0
582,65,135,32.5,1.3,2.7,32.5,67.5,130.0,31.53808830664726,151,65,0.0
583,65,135,32.5,1.3,2.7,32.5,67.5,130.0,31.53808830664726,151,65,0.0
584,65,135,32.5,1.3,2.7,32.5,67.5,130.0,31.53808830664726,151,65,0.0
585,65,135,32.5,1.3,2.7,32.5,67.5,130.0,31.53808830664726,151,65,0.0
586,65,135,32.5,1.3,2.7,32.5,67.5,130.0,31.53808830664726,151,65,0.0
587,65,135,32.5,1.3,2.7,32.5,67.5,130.0,31.53808830664726,151,65,0.0
588,65,135,32.5,1.3,2.7,32.5,67.5,130.0,31.53808830664726,151,65,0.0
589,65,135,32.5,1.3,2.7,32.5,67.5,130.0,31.53808830664726,151,65,0.0
590,65,135,32.5,1.3,2.7,32.5,67.5,130.0,31.53808830664726,151,65,0.0
591,65,135,32.5,1.3,2.7,32.5,67.5,130.0,31.53808830664726,152,65,0.0
592,65,135,32.5,1.3,2.7,32.5,67.5,130.0,31.53808830664726,152,65,0.0
593,65,135,32.5,1.3,2.7,32.5,67.5,130.0,31.53808830664726,152,65,0.0
594,65,135,32.5,1.3,2.7,32.5,67.5,130.0,31.53808830664726,152,65,0.0
595,65,135,32.5,1.3,2.7,32.5,67.5,130.0,31.53808830664726,152,65,0.0
596,65,135,32.5,1.3,2.7,32.5,67.5,130.0,31.53808830664726,153,65,0.0
597,65,135,32.5,1.3,2.7,32.5,67.5,130.0,31.53808830664726,153,65,0.0
598,65,135,32.5,1.3,2.7,32.5,67.5,130.0,31.53808830664726,153,65,0.0
599,65,135,32.5,1.3,2.7,32.5,67.5,130.0,31.53808830664726,153,65,0.0
600,66,134,33.0,1.32,2.6799999999999997,33.0,66.99999999999999,132.0,32.02328966521107,154,66,2.0
601,66,134,33.0,1.32,2.6799999999999997,33.0,66.99999999999999,132.0,32.02328966521107,155,66,0.0
602,67,133,33.5,1.34,2.66,33.5,66.5,134.0,32.508491023774866,156,67,2.0
603,67,133,33.5,1.34,2.66,33.5,66.5,134.0,32.508491023774866,156,67,0.0
604,67,133,33.5,1.34,2.66,33.5,66.5,134.0,32.508491023774866,156,67,0.0
605,68,132,34.0,1.36,2.6399999999999997,34.0,65.99999999999999,136.0,32.99369238233867,157,68,2.0
606,68,132,34.0,1.36,2.6399999999999997,34.0,65.99999999999999,136.0,32.99369238233867,157,68,0.0
607,68,132,34.0,1.36,2.6399999999999997,34.0,65.99999999999999,136.0,32.99369238233867,157,68,0.0
608,68,132,34.0,1.36,2.6399999999999997,34.0,65.99999999999999,136.0,32.99369238233867,157,68,0.0
609,68,132,34.0,1.36,2.6399999999999997,34.0,65.99999999999999,136.0,32.99369238233867,157,68,0.0
610,68,132,34.0,1.36,2.6399999999999997,34.0,65.99999999999999,136.0,32.99369238233867,157,68,0.0
611,68,132,34.0,1.36,2.6399999999999997,34.0,65.99999999999999,136.0,32.99369238233867,157,68,0.0
612,68,132,34.0,1.36,2.6399999999999997,34.0,65.99999999999999,136.0,32.99369238233867,157,68,0.0
613,68,132,34.0,1.36,2.6399999999999997,34.0,65.99999999999999,136.0,32.99369238233867,157,68,0.0
614,68,132,34.0,1.36,2.6399999999999997,34.0,65.99999999999999,136.0,32.99369238233867,158,68,0.0
615,68,132,34.0,1.36,2.6399999999999997,34.0,65.99999999999999,136.0,32.99369238233867,158,68,0.0
616,68,132,34.0,1.36,2.6399999999999997,34.0,65.99999999999999,136.0,32.99369238233867,158,68,0.0
617,68,132,34.0,1.36,2.6399999999999997,34.0,65.99999999999999,136.0,32.99369238233867,158,68,0.0
618,68,132,34.0,1.36,2.6399999999999997,34.0,65.99999999999999,136.0,32.99369238233867,158,68,0.0
619,68,132,34.0,1.36,2.6399999999999997,34.0,65.99999999999999,136.0,32.99369238233867,158,68,0.0
620,68,132,34.0,1.36,2.6399999999999997,34.0,65.99999999999999,136.0,32.99369238233867,158,68,0.0
621,68,132,34.0,1.36,2.6399999999999997,34.0,65.99999999999999,136.0,32.99369238233867,158,68,0.0
622,68,132,34.0,1.36,2.6399999999999997,34.0,65.99999999999999,136.0,32.99369238233867,158,68,0.0
623,68,132,34.0,1.36,2.6399999999999997,34.0,65.99999999999999,136.0,32.99369238233867,158,68,0.0
624,68,132,34.0,1.36,2.6399999999999997,34.0,65.99999999999999,136.0,32.99369238233867,158,68,0.0
625,68,132,34.0,1.36,2.6399999999999997,34.0,65.99999999999999,136.0,32.99369238233867,158,68,0.0
626,68,132,34.0,1.36,2.6399999999999997,34.0,65.99999999999999,136.0,32.99369238233867,158,68,0.0
627,68,132,34.0,1.36,2.6399999999999997,34.0,65.99999999999999,136.0,32.99369238233867,158,68,0.0
628,68,132,34.0,1.36,2.6399999999999997,34.0,65.99999999999999,136.0,32.99369238233867,158,68,0.0
629,68,132,34.0,1.36,2.6399999999999997,34.0,65.99999999999999,136.0,32.99369238233867,158,68,0.0
630,68,132,34.0,1.36,2.6399999999999997,34.0,65.99999999999999,136.0,32.99369238233867,158,68,0.0
631,68,132,34.0,1.36,2.6399999999999997,34.0,65.99999999999999,136.0,32.99369238233867,158,68,0.0
632,68,132,34.0,1.36,2.6399999999999997,34.0,65.99999999999999,136.0,32.99369238233867,158,68,0.0
633,68,132,34.0,1.36,2.6399999999999997,34.0,65.99999999999999,136.0,32.99369238233867,158,68,0.0
634,68,132,34.0,1.36,2.6399999999999997,34.0,65.99999999999999,136.0,32.99369238233867,159,68,0.0
635,68,132,34.0,1.36,2.6399999999999997,34.0,65.99999999999999,136.0,32.99369238233867,159,68,0.0
636,68,132,34.0,1.36,2.6399999999999997,34.0,65.99999999999999,136.0,32.99369238233867,161,68,0.0
637,68,132,34.0,1.36,2.6399999999999997,34.0,65.99999999999999,136.0,32.99369238233867,161,68,0.0
638,68,132,34.0,1.36,2.6399999999999997,34.0,65.99999999999999,136.0,32.99369238233867,161,68,0.0
639,68,132,34.0,1.36,2.6399999999999997,34.0,65.99999999999999,136.0,32.99369238233867,162,68,0.0
640,68,132,34.0,1.36,2.6399999999999997,34.0,65.99999999999999,136.0,32.99369238233867,162,68,0.0
641,68,132,34.0,1.36,2.6399999999999997,34.0,65.99999999999999,136.0,32.99369238233867,162,68,0.0
642,68,132,34.0,1.36,2.6399999999999997,34.0,65.99999999999999,136.0,32.99369238233867,162,68,0.0
643,68,132,34.0,1.36,2.6399999999999997,34.0,65.99999999999999,136.0,32.99369238233867,162,68,0.0
644,68,132,34.0,1.36,2.6399999999999997,34.0,65.99999999999999,136.0,32.99369238233867,162,68,0.0
645,68,132,34.0,1.36,2.6399999999999997,34.0,65.99999999999999,136.0,32.99369238233867,162,68,0.0
646,68,132,34.0,1.36,2.6399999999999997,34.0,65.99999999999999,136.0,32.99369238233867,162,68,0.0
647,68,132,34.0,1.36,2.6399999999999997,34.0,65.99999999999999,136.0,32.99369238233867,162,68,0.0
648,68,132,34.0,1.36,2.6399999999999997,34.0,65.99999999999999,136.0,32.99369238233867,162,68,0.0
649,68,132,34.0,1.36,2.6399999999999997,34.0,65.99999999999999,136.0,32.99369238233867,162,68,0.0
650,68,132,34.0,1.36,2.6399999999999997,34.0,65.99999999999999,136.0,32.99369238233867,162,68,0.0
651,68,132,34.0,1.36,2.6399999999999997,34.0,65.99999999999999,136.0,32.99369238233867,162,68,0.0
652,68,132,34.0,1.36,2.6399999999999997,34.0,65.99999999999999,136.0,32.99369238233867,162,68,0.0
653,68,132,34.0,1.36,2.6399999999999997,34.0,65.99999999999999,136.0,32.99369238233867,162,68,0.0
654,68,132,34.0,1.36,2.6399999999999997,34.0,65.99999999999999,136.0,32.99369238233867,162,68,0.0
655,68,132,34.0,1.36,2.6399999999999997,34.0,65.99999999999999,136.0,32.99369238233867,162,68,0.0
656,68,132,34.0,1.36,2.6399999999999997,34.0,65.99999999999999,136.0,32.99369238233867,162,68,0.0
657,68,132,34.0,1.36,2.6399999999999997,34.0,65.99999999999999,136.0,32.99369238233867,162,68,0.0
658,68,132,34.0,1.36,2.6399999999999997,34.0,65.99999999999999,136.0,32.99369238233867,162,68,0.0
659,68,132,34.0,1.36,2.6399999999999997,34.0,65.99999999999999,136.0,32.99369238233867,162,68,0.0
660,68,132,34.0,1.36,2.6399999999999997,34.0,65.99999999999999,136.0,32.99369238233867,162,68,0.0
661,68,132,34.0,1.36,2.6399999999999997,34.0,65.99999999999999,136.0,32.99369238233867,163,68,0.0
662,69,131,34.5,1.3800000000000001,2.62,34.5,65.5,138.0,33.47889374090248,164,69,2.0
663,69,131,34.5,1.3800000000000001,2.62,34.5,65.5,138.0,33.47889374090248,164,69,0.0
664,69,131,34.5,1.3800000000000001,2.62,34.5,65.5,138.0,33.47889374090248,164,69,0.0
665,69,131,34.5,1.3800000000000001,2.62,34.5,65.5,138.0,33.47889374090248,164,69,0.0
666,69,131,34.5,1.3800000000000001,2.62,34.5,65.5,138.0,33.47889374090248,164,69,0.0
667,69,131,34.5,1.3800000000000001,2.62,34.5,65.5,138.0,33.47889374090248,164,69,0.0
668,69,131,34.5,1.3800000000000001,2.62,34.5,65.5,138.0,33.47889374090248,164,69,0.0
669,69,131,34.5,1.3800000000000001,2.62,34.5,65.5,138.0,33.47889374090248,164,69,0.0
670,69,131,34.5,1.3800000000000001,2.62,34.5,65.5,138.0,33.47889374090248,164,69,0.0
671,69,131,34.5,1.3800000000000001,2.62,34.5,65.5,138.0,33.47889374090248,164,69,0.0
672,69,131,34.5,1.3800000000000001,2.62,34.5,65.5,138.0,33.47889374090248,164,69,0.0
673,69,131,34.5,1.3800000000000001,2.62,34.5,65.5,138.0,33.47889374090248,164,69,0.0
674,69,131,34.5,1.3800000000000001,2.62,34.5,65.5,138.0,33.47889374090248,164,69,0.0
675,69,131,34.5,1.3800000000000001,2.62,34.5,65.5,138.0,33.47889374090248,164,69,0.0
676,69,131,34.5,1.3800000000000001,2.62,34.5,65.5,138.0,33.47889374090248,164,69,0.0
677,69,131,34.5,1.3800000000000001,2.62,34.5,65.5,138.0,33.47889374090248,164,69,0.0
678,69,131,34.5,1.3800000000000001,2.62,34.5,65.5,138.0,33.47889374090248,164,69,0.0
679,69,131,34.5,1.3800000000000001,2.62,34.5,65.5,138.0,33.47889374090248,164,69,0.0
680,70,130,35.0,1.4000000000000001,2.5999999999999996,35.0,64.99999999999999,140.0,33.96409509946628,165,70,2.0
681,70,130,35.0,1.4000000000000001,2.5999999999999996,35.0,64.99999999999999,140.0,33.96409509946628,165,70,0.0
682,70,130,35.0,1.4000000000000001,2.5999999999999996,35.0,64.99999999999999,140.0,33.96409509946628,166,70,0.0
683,70,130,35.0,1.4000000000000001,2.5999999999999996,35.0,64.99999999999999,140.0,33.96409509946628,166,70,0.0
684,70,130,35.0,1.4000000000000001,2.5999999999999996,35.0,64.99999999999999,140.0,33.96409509946628,166,70,0.0
685,70,130,35.0,1.4000000000000001,2.5999999999999996,35.0,64.99999999999999,140.0,33.96409509946628,166,70,0.0
686,70,130,35.0,1.4000000000000001,2.5999999999999996,35.0,64.99999999999999,140.0,33.96409509946628,166,70,0.0
687,70,130,35.0,1.4000000000000001,2.5999999999999996,35.0,64.99999999999999,140.0,33.96409509946628,166,70,0.0
688,70,130,35.0,1.4000000000000001,2.5999999999999996,35.0,64.99999999999999,140.0,33.96409509946628,166,70,0.0
689,71,129,35.5,1.42,2.58,35.5,64.5,142.0,34.449296458030084,167,71,2.0
690,71,129,35.5,1.42,2.58,35.5,64.5,142.0,34.449296458030084,167,71,0.0
691,71,129,35.5,1.42,2.58,35.5,64.5,142.0,34.449296458030084,167,71,0.0
692,71,129,35.5,1.42,2.58,35.5,64.5,142.0,34.449296458030084,168,71,0.0
693,71,129,35.5,1.42,2.58,35.5,64.5,142.0,34.449296458030084,168,71,0.0
694,71,129,35.5,1.42,2.58,35.5,64.5,142.0,34.449296458030084,168,71,0.0
695,71,129,35.5,1.42,2.58,35.5,64.5,142.0,34.449296458030084,168,71,0.0
696,71,129,35.5,1.42,2.58,35.5,64.5,142.0,34.449296458030084,168,71,0.0
697,71,129,35.5,1.42,2.58,35.5,64.5,142.0,34.449296458030084,168,71,0.0
698,71,129,35.5,1.42,2.58,35.5,64.5,142.0,34.449296458030084,168,71,0.0
699,71,129,35.5,1.42,2.58,35.5,64.5,142.0,34.449296458030084,168,71,0.0
700,71,129,35.5,1.42,2.58,35.5,64.5,142.0,34.449296458030084,168,71,0.0
701,71,129,35.5,1.42,2.58,35.5,64.5,142.0,34.449296458030084,168,71,0.0
702,71,129,35.5,1.42,2.58,35.5,64.5,142.0,34.449296458030084,168,71,0.0
703,71,129,35.5,1.42,2.58,35.5,64.5,142.0,34.449296458030084,168,71,0.0
704,71,129,35.5,1.42,2.58,35.5,64.5,142.0,34.449296458030084,168,71,0.0
705,71,129,35.5,1.42,2.58,35.5,64.5,142.0,34.449296458030084,168,71,0.0
706,71,129,35.5,1.42,2.58,35.5,64.5,142.0,34.449296458030084,168,71,0.0
707,71,129,35.5,1.42,2.58,35.5,64.5,142.0,34.449296458030084,168,71,0.0
708,71,129,35.5,1.42,2.58,35.5,64.5,142.0,34.449296458030084,168,71,0.0
709,71,129,35.5,1.42,2.58,35.5,64.5,142.0,34.449296458030084,168,71,0.0
710,71,129,35.5,1.42,2.58,35.5,64.5,142.0,34.449296458030084,169,71,0.0
711,71,129,35.5,1.42,2.58,35.5,64.5,142.0,34.449296458030084,169,71,0.0
712,72,128,36.0,1.44,2.56,36.0,64.0,144.0,34.93449781659389,170,72,2.0
713,72,128,36.0,1.44,2.56,36.0,64.0,144.0,34.93449781659389,170,72,0.0
714,72,128,36.0,1.44,2.56,36.0,64.0,144.0,34.93449781659389,170,72,0.0
715,72,128,36.0,1.44,2.56,36.0,64.0,144.0,34.93449781659389,170,72,0.0
716,72,128,36.0,1.44,2.56,36.0,64.0,144.0,34.93449781659389,170,72,0.0
717,72,128,36.0,1.44,2.56,36.0,64.0,144.0,34.93449781659389,170,72,0.0
718,73,127,36.5,1.46,2.54,36.5,63.5,146.0,35.419699175157696,171,73,2.0
719,73,127,36.5,1.46,2.54,36.5,63.5,146.0,35.419699175157696,171,73,0.0
720,73,127,36.5,1.46,2.54,36.5,63.5,146.0,35.419699175157696,171,73,0.0
721,74,126,37.0,1.48,2.52,37.0,63.0,148.0,35.904900533721495,172,74,2.0
722,75,125,37.5,1.5,2.5,37.5,62.5,150.0,36.3901018922853,173,75,2.0
723,75,125,37.5,1.5,2.5,37.5,62.5,150.0,36.3901018922853,173,75,0.0
724,75,125,37.5,1.5,2.5,37.5,62.5,150.0,36.3901018922853,173,75,0.0
725,75,125,37.5,1.5,2.5,37.5,62.5,150.0,36.3901018922853,173,75,0.0
726,75,125,37.5,1.5,2.5,37.5,62.5,150.0,36.3901018922853,173,75,0.0
727,75,125,37.5,1.5,2.5,37.5,62.5,150.0,36.3901018922853,173,75,0.0
728,75,125,37.5,1.5,2.5,37.5,62.5,150.0,36.3901018922853,173,75,0.0
729,75,125,37.5,1.5,2.5,37.5,62.5,150.0,36.3901018922853,173,75,0.0
730,75,125,37.5,1.5,2.5,37.5,62.5,150.0,36.3901018922853,173,75,0.0
731,75,125,37.5,1.5,2.5,37.5,62.5,150.0,36.3901018922853,174,75,0.0
732,75,125,37.5,1.5,2.5,37.5,62.5,150.0,36.3901018922853,176,75,0.0
733,75,125,37.5,1.5,2.5,37.5,62.5,150.0,36.3901018922853,177,75,0.0
734,76,124,38.0,1.52,2.48,38.0,62.0,152.0,36.8753032508491,179,76,2.0
735,76,124,38.0,1.52,2.48,38.0,62.0,152.0,36.8753032508491,179,76,0.0
736,76,124,38.0,1.52,2.48,38.0,62.0,152.0,36.8753032508491,179,76,0.0
737,76,124,38.0,1.52,2.48,38.0,62.0,152.0,36.8753032508491,179,76,0.0
738,76,124,38.0,1.52,2.48,38.0,62.0,152.0,36.8753032508491,179,76,0.0
739,76,124,38.0,1.52,2.48,38.0,62.0,152.0,36.8753032508491,179,76,0.0
740,76,124,38.0,1.52,2.48,38.0,62.0,152.0,36.8753032508491,179,76,0.0
741,76,124,38.0,1.52,2.48,38.0,62.0,152.0,36.8753032508491,179,76,0.0
742,76,124,38.0,1.52,2.48,38.0,62.0,152.0,36.8753032508491,179,76,0.0
743,76,124,38.0,1.52,2.48,38.0,62.0,152.0,36.8753032508491,180,76,0.0
744,76,124,38.0,1.52,2.48,38.0,62.0,152.0,36.8753032508491,180,76,0.0
745,76,124,38.0,1.52,2.48,38.0,62.0,152.0,36.8753032508491,180,76,0.0
746,77,123,38.5,1.54,2.46,38.5,61.5,154.0,37.36050460941291,181,77,2.0
747,77,123,38.5,1.54,2.46,38.5,61.5,154.0,37.36050460941291,181,77,0.0
748,77,123,38.5,1.54,2.46,38.5,61.5,154.0,37.36050460941291,182,77,0.0
749,77,123,38.5,1.54,2.46,38.5,61.5,154.0,37.36050460941291,182,77,0.0
750,77,123,38.5,1.54,2.46,38.5,61.5,154.0,37.36050460941291,182,77,0.0
751,77,123,38.5,1.54,2.46,38.5,61.5,154.0,37.36050460941291,183,77,0.0
752,77,123,38.5,1.54,2.46,38.5,61.5,154.0,37.36050460941291,184,77,0.0
753,77,123,38.5,1.54,2.46,38.5,61.5,154.0,37.36050460941291,184,77,0.0
754,78,122,39.0,1.56,2.44,39.0,61.0,156.0,37.84570596797671,185,78,2.0
755,78,122,39.0,1.56,2.44,39.0,61.0,156.0,37.84570596797671,185,78,0.0
756,78,122,39.0,1.56,2.44,39.0,61.0,156.0,37.84570596797671,185,78,0.0
757,78,122,39.0,1.56,2.44,39.0,61.0,156.0,37.84570596797671,185,78,0.0
758,78,122,39.0,1.56,2.44,39.0,61.0,156.0,37.84570596797671,185,78,0.0
759,78,122,39.0,1.56,2.44,39.0,61.0,156.0,37.84570596797671,185,78,0.0
760,78,122,39.0,1.56,2.44,39.0,61.0,156.0,37.84570596797671,185,78,0.0
761,78,122,39.0,1.56,2.44,39.0,61.0,156.0,37.84570596797671,185,78,0.0
762,78,122,39.0,1.56,2.44,39.0,61.0,156.0,37.84570596797671,185,78,0.0
763,78,122,39.0,1.56,2.44,39.0,61.0,156.0,37.84570596797671,185,78,0.0
764,78,122,39.0,1.56,2.44,39.0,61.0,156.0,37.84570596797671,185,78,0.0
765,78,122,39.0,1.56,2.44,39.0,61.0,156.0,37.84570596797671,185,78,0.0
766,78,122,39.0,1.56,2.44,39.0,61.0,156.0,37.84570596797671,185,78,0.0
767,78,122,39.0,1.56,2.44,39.0,61.0,156.0,37.84570596797671,185,78,0.0
768,78,122,39.0,1.56,2.44,39.0,61.0,156.0,37.84570596797671,185,78,0.0
769,78,122,39.0,1.56,2.44,39.0,61.0,156.0,37.84570596797671,185,78,0.0
770,78,122,39.0,1.56,2.44,39.0,61.0,156.0,37.84570596797671,185,78,0.0
771,78,122,39.0,1.56,2.44,39.0,61.0,156.0,37.84570596797671,185,78,0.0
772,78,122,39.0,1.56,2.44,39.0,61.0,156.0,37.84570596797671,185,78,0.0
773,78,122,39.0,1.56,2.44,39.0,61.0,156.0,37.84570596797671,185,78,0.0
774,78,122,39.0,1.56,2.44,39.0,61.0,156.0,37.84570596797671,185,78,0.0
775,78,122,39.0,1.56,2.44,39.0,61.0,156.0,37.84570596797671,185,78,0.0
776,78,122,39.0,1.56,2.44,39.0,61.0,156.0,37.84570596797671,185,78,0.0
777,78,122,39.0,1.56,2.44,39.0,61.0,156.0,37.84570596797671,185,78,0.0
778,78,122,39.0,1.56,2.44,39.0,61.0,156.0,37.84570596797671,185,78,0.0
779,78,122,39.0,1.56,2.44,39.0,61.0,156.0,37.84570596797671,185,78,0.0
780,78,122,39.0,1.56,2.44,39.0,61.0,156.0,37.84570596797671,185,78,0.0
781,78,122,39.0,1.56,2.44,39.0,61.0,156.0,37.84570596797671,185,78,0.0
782,78,122,39.0,1.56,2.44,39.0,61.0,156.0,37.84570596797671,185,78,0.0
783,78,122,39.0,1.56,2.44,39.0,61.0,156.0,37.84570596797671,185,78,0.0
784,78,122,39.0,1.56,2.44,39.0,61.0,156.0,37.84570596797671,185,78,0.0
785,78,122,39.0,1.56,2.44,39.0,61.0,156.0,37.84570596797671,185,78,0.0
786,78,122,39.0,1.56,2.44,39.0,61.0,156.0,37.84570596797671,185,78,0.0
787,78,122,39.0,1.56,2.44,39.0,61.0,156.0,37.84570596797671,185,78,0.0
788,78,122,39.0,1.56,2.44,39.0,61.0,156.0,37.84570596797671,185,78,0.0
789,78,122,39.0,1.56,2.44,39.0,61.0,156.0,37.84570596797671,185,78,0.0
790,78,122,39.0,1.56,2.44,39.0,61.0,156.0,37.84570596797671,185,78,0.0
791,78,122,39.0,1.56,2.44,39.0,61.0,156.0,37.84570596797671,185,78,0.0
792,78,122,39.0,1.56,2.44,39.0,61.0,156.0,37.84570596797671,185,78,0.0
793,78,122,39.0,1.56,2.44,39.0,61.0,156.0,37.84570596797671,185,78,0.0
794,79,121,39.5,1.58,2.42,39.5,60.5,158.0,38.33090732654051,186,79,2.0
795,79,121,39.5,1.58,2.42,39.5,60.5,158.0,38.33090732654051,186,79,0.0
796,79,121,39.5,1.58,2.42,39.5,60.5,158.0,38.33090732654051,186,79,0.0
797,79,121,39.5,1.58,2.42,39.5,60.5,158.0,38.33090732654051,186,79,0.0
798,79,121,39.5,1.58,2.42,39.5,60.5,158.0,38.33090732654051,186,79,0.0
799,79,121,39.5,1.58,2.42,39.5,60.5,158.0,38.33090732654051,186,79,0.0
800,79,121,39.5,1.58,2.42,39.5,60.5,158.0,38.33090732654051,186,79,0.0
801,79,121,39.5,1.58,2.42,39.5,60.5,158.0,38.33090732654051,186,79,0.0
802,79,121,39.5,1.58,2.42,39.5,60.5,158.0,38.33090732654051,187,79,0.0
803,79,121,39.5,1.58,2.42,39.5,60.5,158.0,38.33090732654051,187,79,0.0
804,79,121,39.5,1.58,2.42,39.5,60.5,158.0,38.33090732654051,188,79,0.0
805,79,121,39.5,1.58,2.42,39.5,60.5,158.0,38.33090732654051,188,79,0.0
806,79,121,39.5,1.58,2.42,39.5,60.5,158.0,38.33090732654051,188,79,0.0
807,79,121,39.5,1.58,2.42,39.5,60.5,158.0,38.33090732654051,189,79,0.0
808,79,121,39.5,1.58,2.42,39.5,60.5,158.0,38.33090732654051,189,79,0.0
809,79,121,39.5,1.58,2.42,39.5,60.5,158.0,38.33090732654051,189,79,0.0
810,79,121,39.5,1.58,2.42,39.5,60.5,158.0,38.33090732654051,190,79,0.0
811,80,120,40.0,1.6,2.4,40.0,60.0,160.0,38.81610868510432,191,80,2.0
812,80,120,40.0,1.6,2.4,40.0,60.0,160.0,38.81610868510432,192,80,0.0
813,81,119,40.5,1.62,2.38,40.5,59.49999999999999,162.0,39.301310043668124,194,81,2.0
814,81,119,40.5,1.62,2.38,40.5,59.49999999999999,162.0,39.301310043668124,194,81,0.0
815,81,119,40.5,1.62,2.38,40.5,59.49999999999999,162.0,39.301310043668124,194,81,0.0
816,81,119,40.5,1.62,2.38,40.5,59.49999999999999,162.0,39.301310043668124,194,81,0.0
817,81,119,40.5,1.62,2.38,40.5,59.49999999999999,162.0,39.301310043668124,194,81,0.0
818,81,119,40.5,1.62,2.38,40.5,59.49999999999999,162.0,39.301310043668124,194,81,0.0
819,81,119,40.5,1.62,2.38,40.5,59.49999999999999,162.0,39.301310043668124,194,81,0.0
820,81,119,40.5,1.62,2.38,40.5,59.49999999999999,162.0,39.301310043668124,194,81,0.0
821,81,119,40.5,1.62,2.38,40.5,59.49999999999999,162.0,39.301310043668124,194,81,0.0
822,81,119,40.5,1.62,2.38,40.5,59.49999999999999,162.0,39.301310043668124,194,81,0.0
823,81,119,40.5,1.62,2.38,40.5,59.49999999999999,162.0,39.301310043668124,194,81,0.0
824,81,119,40.5,1.62,2.38,40.5,59.49999999999999,162.0,39.301310043668124,195,81,0.0
825,81,119,40.5,1.62,2.38,40.5,59.49999999999999,162.0,39.301310043668124,195,81,0.0
826,81,119,40.5,1.62,2.38,40.5,59.49999999999999,162.0,39.301310043668124,196,81,0.0
827,81,119,40.5,1.62,2.38,40.5,59.49999999999999,162.0,39.301310043668124,196,81,0.0
828,81,119,40.5,1.62,2.38,40.5,59.49999999999999,162.0,39.301310043668124,196,81,0.0
829,81,119,40.5,1.62,2.38,40.5,59.49999999999999,162.0,39.301310043668124,196,81,0.0
830,81,119,40.5,1.62,2.38,40.5,59.49999999999999,162.0,39.301310043668124,197,81,0.0
831,81,119,40.5,1.62,2.38,40.5,59.49999999999999,162.0,39.301310043668124,197,81,0.0
832,81,119,40.5,1.62,2.38,40.5,59.49999999999999,162.0,39.301310043668124,199,81,0.0
833,81,119,40.5,1.62,2.38,40.5,59.49999999999999,162.0,39.301310043668124,200,81,0.0
834,81,119,40.5,1.62,2.38,40.5,59.49999999999999,162.0,39.301310043668124,202,81,0.0
835,81,119,40.5,1.62,2.38,40.5,59.49999999999999,162.0,39.301310043668124,203,81,0.0
836,81,119,40.5,1.62,2.38,40.5,59.49999999999999,162.0,39.301310043668124,205,81,0.0
837,81,119,40.5,1.62,2.38,40.5,59.49999999999999,162.0,39.301310043668124,205,81,0.0
838,81,119,40.5,1.62,2.38,40.5,59.49999999999999,162.0,39.301310043668124,205,81,0.0
839,81,119,40.5,1.62,2.38,40.5,59.49999999999999,162.0,39.301310043668124,206,81,0.0
840,81,119,40.5,1.62,2.38,40.5,59.49999999999999,162.0,39.301310043668124,207,81,0.0
841,81,119,40.5,1.62,2.38,40.5,59.49999999999999,162.0,39.301310043668124,207,81,0.0
842,81,119,40.5,1.62,2.38,40.5,59.49999999999999,162.0,39.301310043668124,207,81,0.0
843,81,119,40.5,1.62,2.38,40.5,59.49999999999999,162.0,39.301310043668124,208,81,0.0
844,81,119,40.5,1.62,2.38,40.5,59.49999999999999,162.0,39.301310043668124,209,81,0.0
845,81,119,40.5,1.62,2.38,40.5,59.49999999999999,162.0,39.301310043668124,209,81,0.0
846,81,119,40.5,1.62,2.38,40.5,59.49999999999999,162.0,39.301310043668124,210,81,0.0
847,81,119,40.5,1.62,2.38,40.5,59.49999999999999,162.0,39.301310043668124,211,81,0.0
848,81,119,40.5,1.62,2.38,40.5,59.49999999999999,162.0,39.301310043668124,214,81,0.0
849,81,119,40.5,1.62,2.38,40.5,59.49999999999999,162.0,39.301310043668124,215,81,0.0
850,81,119,40.5,1.62,2.38,40.5,59.49999999999999,162.0,39.301310043668124,216,81,0.0
851,81,119,40.5,1.62,2.38,40.5,59.49999999999999,162.0,39.301310043668124,218,81,0.0
852,81,119,40.5,1.62,2.38,40.5,59.49999999999999,162.0,39.301310043668124,219,81,0.0
853,81,119,40.5,1.62,2.38,40.5,59.49999999999999,162.0,39.301310043668124,219,81,0.0
854,81,119,40.5,1.62,2.38,40.5,59.49999999999999,162.0,39.301310043668124,219,81,0.0
855,81,119,40.5,1.62,2.38,40.5,59.49999999999999,162.0,39.301310043668124,219,81,0.0
856,81,119,40.5,1.62,2.38,40.5,59.49999999999999,162.0,39.301310043668124,219,81,0.0
857,81,119,40.5,1.62,2.38,40.5,59.49999999999999,162.0,39.301310043668124,221,81,0.0
858,81,119,40.5,1.62,2.38,40.5,59.49999999999999,162.0,39.301310043668124,222,81,0.0
859,81,119,40.5,1.62,2.38,40.5,59.49999999999999,162.0,39.301310043668124,223,81,0.0
860,81,119,40.5,1.62,2.38,40.5,59.49999999999999,162.0,39.301310043668124,224,81,0.0
861,81,119,40.5,1.62,2.38,40.5,59.49999999999999,162.0,39.301310043668124,225,81,0.0
862,81,119,40.5,1.62,2.38,40.5,59.49999999999999,162.0,39.301310043668124,225,81,0.0
863,82,118,41.0,1.6400000000000001,2.36,41.0,58.99999999999999,164.0,39.78651140223193,226,82,2.0
864,82,118,41.0,1.6400000000000001,2.36,41.0,58.99999999999999,164.0,39.78651140223193,226,82,0.0
865,82,118,41.0,1.6400000000000001,2.36,41.0,58.99999999999999,164.0,39.78651140223193,226,82,0.0
866,82,118,41.0,1.6400000000000001,2.36,41.0,58.99999999999999,164.0,39.78651140223193,226,82,0.0
867,82,118,41.0,1.6400000000000001,2.36,41.0,58.99999999999999,164.0,39.78651140223193,226,82,0.0
868,82,118,41.0,1.6400000000000001,2.36,41.0,58.99999999999999,164.0,39.78651140223193,226,82,0.0
869,82,118,41.0,1.6400000000000001,2.36,41.0,58.99999999999999,164.0,39.78651140223193,226,82,0.0
870,82,118,41.0,1.6400000000000001,2.36,41.0,58.99999999999999,164.0,39.78651140223193,226,82,0.0
871,82,118,41.0,1.6400000000000001,2.36,41.0,58.99999999999999,164.0,39.78651140223193,226,82,0.0
872,83,117,41.5,1.6600000000000001,2.34,41.5,58.49999999999999,166.0,40.27171276079573,227,83,2.0
873,83,117,41.5,1.6600000000000001,2.34,41.5,58.49999999999999,166.0,40.27171276079573,227,83,0.0
874,83,117,41.5,1.6600000000000001,2.34,41.5,58.49999999999999,166.0,40.27171276079573,227,83,0.0
875,83,117,41.5,1.6600000000000001,2.34,41.5,58.49999999999999,166.0,40.27171276079573,227,83,0.0
876,83,117,41.5,1.6600000000000001,2.34,41.5,58.49999999999999,166.0,40.27171276079573,227,83,0.0
877,83,117,41.5,1.6600000000000001,2.34,41.5,58.49999999999999,166.0,40.27171276079573,227,83,0.0
878,83,117,41.5,1.6600000000000001,2.34,41.5,58.49999999999999,166.0,40.27171276079573,227,83,0.0
879,83,117,41.5,1.6600000000000001,2.34,41.5,58.49999999999999,166.0,40.27171276079573,227,83,0.0
880,83,117,41.5,1.6600000000000001,2.34,41.5,58.49999999999999,166.0,40.27171276079573,227,83,0.0
881,83,117,41.5,1.6600000000000001,2.34,41.5,58.49999999999999,166.0,40.27171276079573,227,83,0.0
882,83,117,41.5,1.6600000000000001,2.34,41.5,58.49999999999999,166.0,40.27171276079573,228,83,0.0
883,83,117,41.5,1.6600000000000001,2.34,41.5,58.49999999999999,166.0,40.27171276079573,228,83,0.0
884,83,117,41.5,1.6600000000000001,2.34,41.5,58.49999999999999,166.0,40.27171276079573,228,83,0.0
885,83,117,41.5,1.6600000000000001,2.34,41.5,58.49999999999999,166.0,40.27171276079573,228,83,0.0
886,83,117,41.5,1.6600000000000001,2.34,41.5,58.49999999999999,166.0,40.27171276079573,228,83,0.0
887,83,117,41.5,1.6600000000000001,2.34,41.5,58.49999999999999,166.0,40.27171276079573,228,83,0.0
888,83,117,41.5,1.6600000000000001,2.34,41.5,58.49999999999999,166.0,40.27171276079573,228,83,0.0
889,83,117,41.5,1.6600000000000001,2.34,41.5,58.49999999999999,166.0,40.27171276079573,228,83,0.0
890,83,117,41.5,1.6600000000000001,2.34,41.5,58.49999999999999,166.0,40.27171276079573,228,83,0.0
891,83,117,41.5,1.6600000000000001,2.34,41.5,58.49999999999999,166.0,40.27171276079573,228,83,0.0
892,83,117,41.5,1.6600000000000001,2.34,41.5,58.49999999999999,166.0,40.27171276079573,228,83,0.0
893,83,117,41.5,1.6600000000000001,2.34,41.5,58.49999999999999,166.0,40.27171276079573,228,83,0.0
894,83,117,41.5,1.6600000000000001,2.34,41.5,58.49999999999999,166.0,40.27171276079573,228,83,0.0
895,83,117,41.5,1.6600000000000001,2.34,41.5,58.49999999999999,166.0,40.27171276079573,228,83,0.0
896,83,117,41.5,1.6600000000000001,2.34,41.5,58.49999999999999,166.0,40.27171276079573,228,83,0.0
897,83,117,41.5,1.6600000000000001,2.34,41.5,58.49999999999999,166.0,40.27171276079573,228,83,0.0
898,83,117,41.5,1.6600000000000001,2.34,41.5,58.49999999999999,166.0,40.27171276079573,228,83,0.0
899,84,116,42.0,1.68,2.3200000000000003,42.0,58.00000000000001,168.0,40.756914119359536,229,84,2.0
900,84,116,42.0,1.68,2.3200000000000003,42.0,58.00000000000001,168.0,40.756914119359536,229,84,0.0
901,84,116,42.0,1.68,2.3200000000000003,42.0,58.00000000000001,168.0,40.756914119359536,229,84,0.0
902,84,116,42.0,1.68,2.3200000000000003,42.0,58.00000000000001,168.0,40.756914119359536,229,84,0.0
903,84,116,42.0,1.68,2.3200000000000003,42.0,58.00000000000001,168.0,40.756914119359536,229,84,0.0
904,84,116,42.0,1.68,2.3200000000000003,42.0,58.00000000000001,168.0,40.756914119359536,230,84,0.0
905,84,116,42.0,1.68,2.3200000000000003,42.0,58.00000000000001,168.0,40.756914119359536,230,84,0.0
906,85,115,42.5,1.7,2.3,42.5,57.49999999999999,170.0,41.24211547792334,231,85,2.0
907,86,114,43.0,1.72,2.2800000000000002,43.0,57.00000000000001,172.0,41.72731683648714,232,86,2.0
908,86,114,43.0,1.72,2.2800000000000002,43.0,57.00000000000001,172.0,41.72731683648714,232,86,0.0
909,86,114,43.0,1.72,2.2800000000000002,43.0,57.00000000000001,172.0,41.72731683648714,232,86,0.0
910,86,114,43.0,1.72,2.2800000000000002,43.0,57.00000000000001,172.0,41.72731683648714,232,86,0.0
911,86,114,43.0,1.72,2.2800000000000002,43.0,57.00000000000001,172.0,41.72731683648714,232,86,0.0
912,86,114,43.0,1.72,2.2800000000000002,43.0,57.00000000000001,172.0,41.72731683648714,232,86,0.0
913,86,114,43.0,1.72,2.2800000000000002,43.0,57.00000000000001,172.0,41.72731683648714,232,86,0.0
914,86,114,43.0,1.72,2.2800000000000002,43.0,57.00000000000001,172.0,41.72731683648714,232,86,0.0
915,86,114,43.0,1.72,2.2800000000000002,43.0,57.00000000000001,172.0,41.72731683648714,232,86,0.0
916,86,114,43.0,1.72,2.2800000000000002,43.0,57.00000000000001,172.0,41.72731683648714,232,86,0.0
917,86,114,43.0,1.72,2.2800000000000002,43.0,57.00000000000001,172.0,41.72731683648714,232,86,0.0
918,86,114,43.0,1.72,2.2800000000000002,43.0,57.00000000000001,172.0,41.72731683648714,232,86,0.0
919,86,114,43.0,1.72,2.2800000000000002,43.0,57.00000000000001,172.0,41.72731683648714,232,86,0.0
920,86,114,43.0,1.72,2.2800000000000002,43.0,57.00000000000001,172.0,41.72731683648714,233,86,0.0
921,86,114,43.0,1.72,2.2800000000000002,43.0,57.00000000000001,172.0,41.72731683648714,234,86,0.0
922,86,114,43.0,1.72,2.2800000000000002,43.0,57.00000000000001,172.0,41.72731683648714,234,86,0.0
923,86,114,43.0,1.72,2.2800000000000002,43.0,57.00000000000001,172.0,41.72731683648714,234,86,0.0
924,86,114,43.0,1.72,2.2800000000000002,43.0,57.00000000000001,172.0,41.72731683648714,235,86,0.0
925,86,114,43.0,1.72,2.2800000000000002,43.0,57.00000000000001,172.0,41.72731683648714,236,86,0.0
926,87,113,43.5,1.74,2.26,43.5,56.49999999999999,174.0,42.21251819505095,237,87,2.0
927,87,113,43.5,1.74,2.26,43.5,56.49999999999999,174.0,42.21251819505095,237,87,0.0
928,87,113,43.5,1.74,2.26,43.5,56.49999999999999,174.0,42.21251819505095,237,87,0.0
929,87,113,43.5,1.74,2.26,43.5,56.49999999999999,174.0,42.21251819505095,237,87,0.0
930,87,113,43.5,1.74,2.26,43.5,56.49999999999999,174.0,42.21251819505095,237,87,0.0
931,87,113,43.5,1.74,2.26,43.5,56.49999999999999,174.0,42.21251819505095,237,87,0.0
932,87,113,43.5,1.74,2.26,43.5,56.49999999999999,174.0,42.21251819505095,237,87,0.0
933,87,113,43.5,1.74,2.26,43.5,56.49999999999999,174.0,42.21251819505095,237,87,0.0
934,87,113,43.5,1.74,2.26,43.5,56.49999999999999,174.0,42.21251819505095,237,87,0.0
935,87,113,43.5,1.74,2.26,43.5,56.49999999999999,174.0,42.21251819505095,237,87,0.0
936,87,113,43.5,1.74,2.26,43.5,56.49999999999999,174.0,42.21251819505095,237,87,0.0
937,87,113,43.5,1.74,2.26,43.5,56.49999999999999,174.0,42.21251819505095,237,87,0.0
938,87,113,43.5,1.74,2.26,43.5,56.49999999999999,174.0,42.21251819505095,238,87,0.0
939,87,113,43.5,1.74,2.26,43.5,56.49999999999999,174.0,42.21251819505095,238,87,0.0
940,87,113,43.5,1.74,2.26,43.5,56.49999999999999,174.0,42.21251819505095,238,87,0.0
941,87,113,43.5,1.74,2.26,43.5,56.49999999999999,174.0,42.21251819505095,238,87,0.0
942,87,113,43.5,1.74,2.26,43.5,56.49999999999999,174.0,42.21251819505095,238,87,0.0
943,87,113,43.5,1.74,2.26,43.5,56.49999999999999,174.0,42.21251819505095,238,87,0.0
944,87,113,43.5,1.74,2.26,43.5,56.49999999999999,174.0,42.21251819505095,238,87,0.0
945,87,113,43.5,1.74,2.26,43.5,56.49999999999999,174.0,42.21251819505095,238,87,0.0
946,87,113,43.5,1.74,2.26,43.5,56.49999999999999,174.0,42.21251819505095,238,87,0.0
947,87,113,43.5,1.74,2.26,43.5,56.49999999999999,174.0,42.21251819505095,238,87,0.0
948,87,113,43.5,1.74,2.26,43.5,56.49999999999999,174.0,42.21251819505095,239,87,0.0
949,87,113,43.5,1.74,2.26,43.5,56.49999999999999,174.0,42.21251819505095,239,87,0.0
950,87,113,43.5,1.74,2.26,43.5,56.49999999999999,174.0,42.21251819505095,239,87,0.0
951,87,113,43.5,1.74,2.26,43.5,56.49999999999999,174.0,42.21251819505095,240,87,0.0
952,87,113,43.5,1.74,2.26,43.5,56.49999999999999,174.0,42.21251819505095,240,87,0.0
953,87,113,43.5,1.74,2.26,43.5,56.49999999999999,174.0,42.21251819505095,241,87,0.0
954,87,113,43.5,1.74,2.26,43.5,56.49999999999999,174.0,42.21251819505095,241,87,0.0
955,87,113,43.5,1.74,2.26,43.5,56.49999999999999,174.0,42.21251819505095,241,87,0.0
956,87,113,43.5,1.74,2.26,43.5,56.49999999999999,174.0,42.21251819505095,241,87,0.0
957,87,113,43.5,1.74,2.26,43.5,56.49999999999999,174.0,42.21251819505095,241,87,0.0
958,87,113,43.5,1.74,2.26,43.5,56.49999999999999,174.0,42.21251819505095,241,87,0.0
959,87,113,43.5,1.74,2.26,43.5,56.49999999999999,174.0,42.21251819505095,242,87,0.0
960,87,113,43.5,1.74,2.26,43.5,56.49999999999999,174.0,42.21251819505095,242,87,0.0
961,87,113,43.5,1.74,2.26,43.5,56.49999999999999,174.0,42.21251819505095,242,87,0.0
962,87,113,43.5,1.74,2.26,43.5,56.49999999999999,174.0,42.21251819505095,242,87,0.0
963,87,113,43.5,1.74,2.26,43.5,56.49999999999999,174.0,42.21251819505095,242,87,0.0
964,87,113,43.5,1.74,2.26,43.5,56.49999999999999,174.0,42.21251819505095,243,87,0.0
965,87,113,43.5,1.74,2.26,43.5,56.49999999999999,174.0,42.21251819505095,243,87,0.0
966,87,113,43.5,1.74,2.26,43.5,56.49999999999999,174.0,42.21251819505095,243,87,0.0
967,87,113,43.5,1.74,2.26,43.5,56.49999999999999,174.0,42.21251819505095,243,87,0.0
968,87,113,43.5,1.74,2.26,43.5,56.49999999999999,174.0,42.21251819505095,243,87,0.0
969,87,113,43.5,1.74,2.26,43.5,56.49999999999999,174.0,42.21251819505095,243,87,0.0
970,87,113,43.5,1.74,2.26,43.5,56.49999999999999,174.0,42.21251819505095,243,87,0.0
971,87,113,43.5,1.74,2.26,43.5,56.49999999999999,174.0,42.21251819505095,243,87,0.0
972,87,113,43.5,1.74,2.26,43.5,56.49999999999999,174.0,42.21251819505095,243,87,0.0
973,87,113,43.5,1.74,2.26,43.5,56.49999999999999,174.0,42.21251819505095,243,87,0.0
974,87,113,43.5,1.74,2.26,43.5,56.49999999999999,174.0,42.21251819505095,243,87,0.0
975,87,113,43.5,1.74,2.26,43.5,56.49999999999999,174.0,42.21251819505095,243,87,0.0
976,87,113,43.5,1.74,2.26,43.5,56.49999999999999,174.0,42.21251819505095,243,87,0.0
977,87,113,43.5,1.74,2.26,43.5,56.49999999999999,174.0,42.21251819505095,243,87,0.0
978,87,113,43.5,1.74,2.26,43.5,56.49999999999999,174.0,42.21251819505095,243,87,0.0
979,87,113,43.5,1.74,2.26,43.5,56.49999999999999,174.0,42.21251819505095,243,87,0.0
980,87,113,43.5,1.74,2.26,43.5,56.49999999999999,174.0,42.21251819505095,243,87,0.0
981,88,112,44.0,1.76,2.24,44.0,56.00000000000001,176.0,42.697719553614746,244,88,2.0
982,88,112,44.0,1.76,2.24,44.0,56.00000000000001,176.0,42.697719553614746,245,88,0.0
983,88,112,44.0,1.76,2.24,44.0,56.00000000000001,176.0,42.697719553614746,245,88,0.0
984,88,112,44.0,1.76,2.24,44.0,56.00000000000001,176.0,42.697719553614746,245,88,0.0
985,88,112,44.0,1.76,2.24,44.0,56.00000000000001,176.0,42.697719553614746,245,88,0.0
986,88,112,44.0,1.76,2.24,44.0,56.00000000000001,176.0,42.697719553614746,246,88,0.0
987,88,112,44.0,1.76,2.24,44.0,56.00000000000001,176.0,42.697719553614746,246,88,0.0
988,88,112,44.0,1.76,2.24,44.0,56.00000000000001,176.0,42.697719553614746,247,88,0.0
989,88,112,44.0,1.76,2.24,44.0,56.00000000000001,176.0,42.697719553614746,247,88,0.0
990,88,112,44.0,1.76,2.24,44.0,56.00000000000001,176.0,42.697719553614746,248,88,0.0
991,88,112,44.0,1.76,2.24,44.0,56.00000000000001,176.0,42.697719553614746,248,88,0.0
992,88,112,44.0,1.76,2.24,44.0,56.00000000000001,176.0,42.697719553614746,248,88,0.0
993,88,112,44.0,1.76,2.24,44.0,56.00000000000001,176.0,42.697719553614746,249,88,0.0
994,88,112,44.0,1.76,2.24,44.0,56.00000000000001,176.0,42.697719553614746,249,88,0.0
995,88,112,44.0,1.76,2.24,44.0,56.00000000000001,176.0,42.697719553614746,249,88,0.0
996,88,112,44.0,1.76,2.24,44.0,56.00000000000001,176.0,42.697719553614746,249,88,0.0
997,88,112,44.0,1.76,2.24,44.0,56.00000000000001,176.0,42.697719553614746,249,88,0.0
998,88,112,44.0,1.76,2.24,44.0,56.00000000000001,176.0,42.697719553614746,249,88,0.0
999,88,112,44.0,1.76,2.24,44.0,56.00000000000001,176.0,42.697719553614746,249,88,0.0
1000,88,112,44.0,1.76,2.24,44.0,56.00000000000001,176.0,42.697719553614746,249,88,0.0
1001,88,112,44.0,1.76,2.24,44.0,56.00000000000001,176.0,42.697719553614746,249,88,0.0
1002,88,112,44.0,1.76,2.24,44.0,56.00000000000001,176.0,42.697719553614746,249,88,0.0
1003,88,112,44.0,1.76,2.24,44.0,56.00000000000001,176.0,42.697719553614746,249,88,0.0
1004,88,112,44.0,1.76,2.24,44.0,56.00000000000001,176.0,42.697719553614746,249,88,0.0
1005,88,112,44.0,1.76,2.24,44.0,56.00000000000001,176.0,42.697719553614746,249,88,0.0
1006,88,112,44.0,1.76,2.24,44.0,56.00000000000001,176.0,42.697719553614746,249,88,0.0
1007,88,112,44.0,1.76,2.24,44.0,56.00000000000001,176.0,42.697719553614746,249,88,0.0
1008,88,112,44.0,1.76,2.24,44.0,56.00000000000001,176.0,42.697719553614746,249,88,0.0
1009,88,112,44.0,1.76,2.24,44.0,56.00000000000001,176.0,42.697719553614746,249,88,0.0
1010,88,112,44.0,1.76,2.24,44.0,56.00000000000001,176.0,42.697719553614746,249,88,0.0
1011,88,112,44.0,1.76,2.24,44.0,56.00000000000001,176.0,42.697719553614746,249,88,0.0
1012,88,112,44.0,1.76,2.24,44.0,56.00000000000001,176.0,42.697719553614746,249,88,0.0
1013,88,112,44.0,1.76,2.24,44.0,56.00000000000001,176.0,42.697719553614746,249,88,0.0
1014,88,112,44.0,1.76,2.24,44.0,56.00000000000001,176.0,42.697719553614746,249,88,0.0
1015,88,112,44.0,1.76,2.24,44.0,56.00000000000001,176.0,42.697719553614746,249,88,0.0
1016,88,112,44.0,1.76,2.24,44.0,56.00000000000001,176.0,42.697719553614746,249,88,0.0
1017,88,112,44.0,1.76,2.24,44.0,56.00000000000001,176.0,42.697719553614746,249,88,0.0
1018,88,112,44.0,1.76,2.24,44.0,56.00000000000001,176.0,42.697719553614746,249,88,0.0
1019,88,112,44.0,1.76,2.24,44.0,56.00000000000001,176.0,42.697719553614746,249,88,0.0
1020,88,112,44.0,1.76,2.24,44.0,56.00000000000001,176.0,42.697719553614746,250,88,0.0
1021,88,112,44.0,1.76,2.24,44.0,56.00000000000001,176.0,42.697719553614746,250,88,0.0
1022,88,112,44.0,1.76,2.24,44.0,56.00000000000001,176.0,42.697719553614746,250,88,0.0
1023,88,112,44.0,1.76,2.24,44.0,56.00000000000001,176.0,42.697719553614746,251,88,0.0
1024,88,112,44.0,1.76,2.24,44.0,56.00000000000001,176.0,42.697719553614746,251,88,0.0
1025,88,112,44.0,1.76,2.24,44.0,56.00000000000001,176.0,42.697719553614746,251,88,0.0
1026,88,112,44.0,1.76,2.24,44.0,56.00000000000001,176.0,42.697719553614746,251,88,0.0
1027,88,112,44.0,1.76,2.24,44.0,56.00000000000001,176.0,42.697719553614746,252,88,0.0
1028,88,112,44.0,1.76,2.24,44.0,56.00000000000001,176.0,42.697719553614746,252,88,0.0
1029,88,112,44.0,1.76,2.24,44.0,56.00000000000001,176.0,42.697719553614746,252,88,0.0
1030,88,112,44.0,1.76,2.24,44.0,56.00000000000001,176.0,42.697719553614746,252,88,0.0
1031,88,112,44.0,1.76,2.24,44.0,56.00000000000001,176.0,42.697719553614746,252,88,0.0
1032,88,112,44.0,1.76,2.24,44.0,56.00000000000001,176.0,42.697719553614746,252,88,0.0
1033,88,112,44.0,1.76,2.24,44.0,56.00000000000001,176.0,42.697719553614746,252,88,0.0
1034,88,112,44.0,1.76,2.24,44.0,56.00000000000001,176.0,42.697719553614746,253,88,0.0
1035,88,112,44.0,1.76,2.24,44.0,56.00000000000001,176.0,42.697719553614746,253,88,0.0
1036,89,111,44.5,1.78,2.2199999999999998,44.5,55.49999999999999,178.0,43.18292091217856,254,89,2.0
1037,89,111,44.5,1.78,2.2199999999999998,44.5,55.49999999999999,178.0,43.18292091217856,254,89,0.0
1038,89,111,44.5,1.78,2.2199999999999998,44.5,55.49999999999999,178.0,43.18292091217856,254,89,0.0
1039,89,111,44.5,1.78,2.2199999999999998,44.5,55.49999999999999,178.0,43.18292091217856,254,89,0.0
1040,89,111,44.5,1.78,2.2199999999999998,44.5,55.49999999999999,178.0,43.18292091217856,254,89,0.0
1041,89,111,44.5,1.78,2.2199999999999998,44.5,55.49999999999999,178.0,43.18292091217856,254,89,0.0
1042,89,111,44.5,1.78,2.2199999999999998,44.5,55.49999999999999,178.0,43.18292091217856,254,89,0.0
1043,89,111,44.5,1.78,2.2199999999999998,44.5,55.49999999999999,178.0,43.18292091217856,254,89,0.0
1044,89,111,44.5,1.78,2.2199999999999998,44.5,55.49999999999999,178.0,43.18292091217856,254,89,0.0
1045,89,111,44.5,1.78,2.2199999999999998,44.5,55.49999999999999,178.0,43.18292091217856,254,89,0.0
1046,89,111,44.5,1.78,2.2199999999999998,44.5,55.49999999999999,178.0,43.18292091217856,254,89,0.0
1047,89,111,44.5,1.78,2.2199999999999998,44.5,55.49999999999999,178.0,43.18292091217856,254,89,0.0
1048,89,111,44.5,1.78,2.2199999999999998,44.5,55.49999999999999,178.0,43.18292091217856,254,89,0.0
1049,89,111,44.5,1.78,2.2199999999999998,44.5,55.49999999999999,178.0,43.18292091217856,254,89,0.0
1050,89,111,44.5,1.78,2.2199999999999998,44.5,55.49999999999999,178.0,43.18292091217856,254,89,0.0
1051,89,111,44.5,1.78,2.2199999999999998,44.5,55.49999999999999,178.0,43.18292091217856,254,89,0.0
1052,89,111,44.5,1.78,2.2199999999999998,44.5,55.49999999999999,178.0,43.18292091217856,254,89,0.0
1053,89,111,44.5,1.78,2.2199999999999998,44.5,55.49999999999999,178.0,43.18292091217856,255,89,0.0
1054,89,111,44.5,1.78,2.2199999999999998,44.5,55.49999999999999,178.0,43.18292091217856,255,89,0.0
1055,89,111,44.5,1.78,2.2199999999999998,44.5,55.49999999999999,178.0,43.18292091217856,256,89,0.0
1056,89,111,44.5,1.78,2.2199999999999998,44.5,55.49999999999999,178.0,43.18292091217856,257,89,0.0
1057,89,111,44.5,1.78,2.2199999999999998,44.5,55.49999999999999,178.0,43.18292091217856,258,89,0.0
1058,89,111,44.5,1.78,2.2199999999999998,44.5,55.49999999999999,178.0,43.18292091217856,258,89,0.0
1059,89,111,44.5,1.78,2.2199999999999998,44.5,55.49999999999999,178.0,43.18292091217856,258,89,0.0
1060,89,111,44.5,1.78,2.2199999999999998,44.5,55.49999999999999,178.0,43.18292091217856,258,89,0.0
1061,89,111,44.5,1.78,2.2199999999999998,44.5,55.49999999999999,178.0,43.18292091217856,258,89,0.0
1062,89,111,44.5,1.78,2.2199999999999998,44.5,55.49999999999999,178.0,43.18292091217856,258,89,0.0
1063,89,111,44.5,1.78,2.2199999999999998,44.5,55.49999999999999,178.0,43.18292091217856,258,89,0.0
1064,89,111,44.5,1.78,2.2199999999999998,44.5,55.49999999999999,178.0,43.18292091217856,258,89,0.0
1065,89,111,44.5,1.78,2.2199999999999998,44.5,55.49999999999999,178.0,43.18292091217856,258,89,0.0
1066,89,111,44.5,1.78,2.2199999999999998,44.5,55.49999999999999,178.0,43.18292091217856,258,89,0.0
1067,89,111,44.5,1.78,2.2199999999999998,44.5,55.49999999999999,178.0,43.18292091217856,258,89,0.0
1068,89,111,44.5,1.78,2.2199999999999998,44.5,55.49999999999999,178.0,43.18292091217856,258,89,0.0
1069,89,111,44.5,1.78,2.2199999999999998,44.5,55.49999999999999,178.0,43.18292091217856,258,89,0.0
1070,89,111,44.5,1.78,2.2199999999999998,44.5,55.49999999999999,178.0,43.18292091217856,259,89,0.0
1071,90,110,45.0,1.8,2.2,45.0,55.0,180.0,43.66812227074236,260,90,2.0
1072,90,110,45.0,1.8,2.2,45.0,55.0,180.0,43.66812227074236,260,90,0.0
1073,90,110,45.0,1.8,2.2,45.0,55.0,180.0,43.66812227074236,260,90,0.0
1074,90,110,45.0,1.8,2.2,45.0,55.0,180.0,43.66812227074236,261,90,0.0
1075,90,110,45.0,1.8,2.2,45.0,55.0,180.0,43.66812227074236,261,90,0.0
1076,90,110,45.0,1.8,2.2,45.0,55.0,180.0,43.66812227074236,261,90,0.0
1077,91,109,45.5,1.82,2.1799999999999997,45.5,54.49999999999999,182.0,44.153323629306165,262,91,2.0
1078,91,109,45.5,1.82,2.1799999999999997,45.5,54.49999999999999,182.0,44.153323629306165,262,91,0.0
1079,91,109,45.5,1.82,2.1799999999999997,45.5,54.49999999999999,182.0,44.153323629306165,262,91,0.0
1080,91,109,45.5,1.82,2.1799999999999997,45.5,54.49999999999999,182.0,44.153323629306165,262,91,0.0
1081,91,109,45.5,1.82,2.1799999999999997,45.5,54.49999999999999,182.0,44.153323629306165,262,91,0.0
1082,91,109,45.5,1.82,2.1799999999999997,45.5,54.49999999999999,182.0,44.153323629306165,262,91,0.0
1083,91,109,45.5,1.82,2.1799999999999997,45.5,54.49999999999999,182.0,44.153323629306165,262,91,0.0
1084,91,109,45.5,1.82,2.1799999999999997,45.5,54.49999999999999,182.0,44.153323629306165,262,91,0.0
1085,91,109,45.5,1.82,2.1799999999999997,45.5,54.49999999999999,182.0,44.153323629306165,262,91,0.0
1086,91,109,45.5,1.82,2.1799999999999997,45.5,54.49999999999999,182.0,44.153323629306165,262,91,0.0
1087,91,109,45.5,1.82,2.1799999999999997,45.5,54.49999999999999,182.0,44.153323629306165,262,91,0.0
1088,91,109,45.5,1.82,2.1799999999999997,45.5,54.49999999999999,182.0,44.153323629306165,262,91,0.0
1089,91,109,45.5,1.82,2.1799999999999997,45.5,54.49999999999999,182.0,44.153323629306165,262,91,0.0
1090,93,107,46.5,1.86,2.1399999999999997,46.5,53.49999999999999,186.0,45.12372634643377,264,93,4.0
1091,93,107,46.5,1.86,2.1399999999999997,46.5,53.49999999999999,186.0,45.12372634643377,264,93,0.0
1092,93,107,46.5,1.86,2.1399999999999997,46.5,53.49999999999999,186.0,45.12372634643377,264,93,0.0
1093,93,107,46.5,1.86,2.1399999999999997,46.5,53.49999999999999,186.0,45.12372634643377,264,93,0.0
1094,93,107,46.5,1.86,2.1399999999999997,46.5,53.49999999999999,186.0,45.12372634643377,264,93,0.0
1095,94,106,47.0,1.8800000000000001,2.12,47.0,53.0,188.0,45.608927704997576,265,94,2.0
1096,94,106,47.0,1.8800000000000001,2.12,47.0,53.0,188.0,45.608927704997576,266,94,0.0
1097,94,106,47.0,1.8800000000000001,2.12,47.0,53.0,188.0,45.608927704997576,267,94,0.0
1098,94,106,47.0,1.8800000000000001,2.12,47.0,53.0,188.0,45.608927704997576,268,94,0.0
1099,94,106,47.0,1.8800000000000001,2.12,47.0,53.0,188.0,45.608927704997576,269,94,0.0
1100,94,106,47.0,1.8800000000000001,2.12,47.0,53.0,188.0,45.608927704997576,269,94,0.0
1101,94,106,47.0,1.8800000000000001,2.12,47.0,53.0,188.0,45.608927704997576,269,94,0.0
1102,94,106,47.0,1.8800000000000001,2.12,47.0,53.0,188.0,45.608927704997576,269,94,0.0
1103,94,106,47.0,1.8800000000000001,2.12,47.0,53.0,188.0,45.608927704997576,269,94,0.0
1104,94,106,47.0,1.8800000000000001,2.12,47.0,53.0,188.0,45.608927704997576,269,94,0.0
1105,94,106,47.0,1.8800000000000001,2.12,47.0,53.0,188.0,45.608927704997576,270,94,0.0
1106,94,106,47.0,1.8800000000000001,2.12,47.0,53.0,188.0,45.608927704997576,270,94,0.0
1107,94,106,47.0,1.8800000000000001,2.12,47.0,53.0,188.0,45.608927704997576,271,94,0.0
1108,95,105,47.5,1.9000000000000001,2.0999999999999996,47.5,52.49999999999999,190.0,46.094129063561375,272,95,2.0
1109,96,104,48.0,1.92,2.08,48.0,52.0,192.0,46.57933042212518,273,96,2.0
1110,96,104,48.0,1.92,2.08,48.0,52.0,192.0,46.57933042212518,273,96,0.0
1111,96,104,48.0,1.92,2.08,48.0,52.0,192.0,46.57933042212518,273,96,0.0
1112,96,104,48.0,1.92,2.08,48.0,52.0,192.0,46.57933042212518,273,96,0.0
1113,96,104,48.0,1.92,2.08,48.0,52.0,192.0,46.57933042212518,273,96,0.0
1114,96,104,48.0,1.92,2.08,48.0,52.0,192.0,46.57933042212518,273,96,0.0
1115,96,104,48.0,1.92,2.08,48.0,52.0,192.0,46.57933042212518,273,96,0.0
1116,96,104,48.0,1.92,2.08,48.0,52.0,192.0,46.57933042212518,273,96,0.0
1117,96,104,48.0,1.92,2.08,48.0,52.0,192.0,46.57933042212518,273,96,0.0
1118,96,104,48.0,1.92,2.08,48.0,52.0,192.0,46.57933042212518,273,96,0.0
1119,96,104,48.0,1.92,2.08,48.0,52.0,192.0,46.57933042212518,273,96,0.0
1120,96,104,48.0,1.92,2.08,48.0,52.0,192.0,46.57933042212518,273,96,0.0
1121,96,104,48.0,1.92,2.08,48.0,52.0,192.0,46.57933042212518,273,96,0.0
1122,96,104,48.0,1.92,2.08,48.0,52.0,192.0,46.57933042212518,273,96,0.0
1123,96,104,48.0,1.92,2.08,48.0,52.0,192.0,46.57933042212518,273,96,0.0
1124,96,104,48.0,1.92,2.08,48.0,52.0,192.0,46.57933042212518,274,96,0.0
1125,96,104,48.0,1.92,2.08,48.0,52.0,192.0,46.57933042212518,275,96,0.0
1126,96,104,48.0,1.92,2.08,48.0,52.0,192.0,46.57933042212518,275,96,0.0
1127,96,104,48.0,1.92,2.08,48.0,52.0,192.0,46.57933042212518,275,96,0.0
1128,96,104,48.0,1.92,2.08,48.0,52.0,192.0,46.57933042212518,275,96,0.0
1129,96,104,48.0,1.92,2.08,48.0,52.0,192.0,46.57933042212518,275,96,0.0
1130,96,104,48.0,1.92,2.08,48.0,52.0,192.0,46.57933042212518,275,96,0.0
1131,96,104,48.0,1.92,2.08,48.0,52.0,192.0,46.57933042212518,275,96,0.0
1132,96,104,48.0,1.92,2.08,48.0,52.0,192.0,46.57933042212518,275,96,0.0
1133,96,104,48.0,1.92,2.08,48.0,52.0,192.0,46.57933042212518,275,96,0.0
1134,96,104,48.0,1.92,2.08,48.0,52.0,192.0,46.57933042212518,275,96,0.0
1135,96,104,48.0,1.92,2.08,48.0,52.0,192.0,46.57933042212518,276,96,0.0
1136,96,104,48.0,1.92,2.08,48.0,52.0,192.0,46.57933042212518,276,96,0.0
1137,96,104,48.0,1.92,2.08,48.0,52.0,192.0,46.57933042212518,278,96,0.0
1138,96,104,48.0,1.92,2.08,48.0,52.0,192.0,46.57933042212518,279,96,0.0
1139,96,104,48.0,1.92,2.08,48.0,52.0,192.0,46.57933042212518,279,96,0.0
1140,96,104,48.0,1.92,2.08,48.0,52.0,192.0,46.57933042212518,279,96,0.0
1141,96,104,48.0,1.92,2.08,48.0,52.0,192.0,46.57933042212518,279,96,0.0
1142,96,104,48.0,1.92,2.08,48.0,52.0,192.0,46.57933042212518,279,96,0.0
1143,96,104,48.0,1.92,2.08,48.0,52.0,192.0,46.57933042212518,279,96,0.0
1144,96,104,48.0,1.92,2.08,48.0,52.0,192.0,46.57933042212518,279,96,0.0
1145,96,104,48.0,1.92,2.08,48.0,52.0,192.0,46.57933042212518,279,96,0.0
1146,96,104,48.0,1.92,2.08,48.0,52.0,192.0,46.57933042212518,279,96,0.0
1147,96,104,48.0,1.92,2.08,48.0,52.0,192.0,46.57933042212518,279,96,0.0
1148,96,104,48.0,1.92,2.08,48.0,52.0,192.0,46.57933042212518,279,96,0.0
1149,96,104,48.0,1.92,2.08,48.0,52.0,192.0,46.57933042212518,279,96,0.0
1150,96,104,48.0,1.92,2.08,48.0,52.0,192.0,46.57933042212518,279,96,0.0
1151,96,104,48.0,1.92,2.08,48.0,52.0,192.0,46.57933042212518,280,96,0.0
1152,96,104,48.0,1.92,2.08,48.0,52.0,192.0,46.57933042212518,280,96,0.0
1153,96,104,48.0,1.92,2.08,48.0,52.0,192.0,46.57933042212518,280,96,0.0
1154,96,104,48.0,1.92,2.08,48.0,52.0,192.0,46.57933042212518,280,96,0.0
1155,96,104,48.0,1.92,2.08,48.0,52.0,192.0,46.57933042212518,280,96,0.0
1156,96,104,48.0,1.92,2.08,48.0,52.0,192.0,46.57933042212518,280,96,0.0
1157,96,104,48.0,1.92,2.08,48.0,52.0,192.0,46.57933042212518,280,96,0.0
1158,96,104,48.0,1.92,2.08,48.0,52.0,192.0,46.57933042212518,280,96,0.0
1159,96,104,48.0,1.92,2.08,48.0,52.0,192.0,46.57933042212518,280,96,0.0
1160,96,104,48.0,1.92,2.08,48.0,52.0,192.0,46.57933042212518,280,96,0.0
1161,96,104,48.0,1.92,2.08,48.0,52.0,192.0,46.57933042212518,280,96,0.0
1162,96,104,48.0,1.92,2.08,48.0,52.0,192.0,46.57933042212518,280,96,0.0
1163,96,104,48.0,1.92,2.08,48.0,52.0,192.0,46.57933042212518,280,96,0.0
1164,96,104,48.0,1.92,2.08,48.0,52.0,192.0,46.57933042212518,280,96,0.0
1165,96,104,48.0,1.92,2.08,48.0,52.0,192.0,46.57933042212518,280,96,0.0
1166,96,104,48.0,1.92,2.08,48.0,52.0,192.0,46.57933042212518,280,96,0.0
1167,96,104,48.0,1.92,2.08,48.0,52.0,192.0,46.57933042212518,280,96,0.0
1168,96,104,48.0,1.92,2.08,48.0,52.0,192.0,46.57933042212518,280,96,0.0
1169,96,104,48.0,1.92,2.08,48.0,52.0,192.0,46.57933042212518,280,96,0.0
1170,97,103,48.5,1.94,2.06,48.5,51.5,194.0,47.06453178068899,281,97,2.0
1171,97,103,48.5,1.94,2.06,48.5,51.5,194.0,47.06453178068899,281,97,0.0
1172,97,103,48.5,1.94,2.06,48.5,51.5,194.0,47.06453178068899,281,97,0.0
1173,97,103,48.5,1.94,2.06,48.5,51.5,194.0,47.06453178068899,281,97,0.0
1174,97,103,48.5,1.94,2.06,48.5,51.5,194.0,47.06453178068899,281,97,0.0
1175,97,103,48.5,1.94,2.06,48.5,51.5,194.0,47.06453178068899,281,97,0.0
1176,97,103,48.5,1.94,2.06,48.5,51.5,194.0,47.06453178068899,281,97,0.0
1177,97,103,48.5,1.94,2.06,48.5,51.5,194.0,47.06453178068899,281,97,0.0
1178,97,103,48.5,1.94,2.06,48.5,51.5,194.0,47.06453178068899,281,97,0.0
1179,97,103,48.5,1.94,2.06,48.5,51.5,194.0,47.06453178068899,281,97,0.0
1180,97,103,48.5,1.94,2.06,48.5,51.5,194.0,47.06453178068899,281,97,0.0
1181,97,103,48.5,1.94,2.06,48.5,51.5,194.0,47.06453178068899,281,97,0.0
1182,97,103,48.5,1.94,2.06,48.5,51.5,194.0,47.06453178068899,281,97,0.0
1183,97,103,48.5,1.94,2.06,48.5,51.5,194.0,47.06453178068899,281,97,0.0
1184,97,103,48.5,1.94,2.06,48.5,51.5,194.0,47.06453178068899,281,97,0.0
1185,97,103,48.5,1.94,2.06,48.5,51.5,194.0,47.06453178068899,281,97,0.0
1186,97,103,48.5,1.94,2.06,48.5,51.5,194.0,47.06453178068899,281,97,0.0
1187,97,103,48.5,1.94,2.06,48.5,51.5,194.0,47.06453178068899,281,97,0.0
1188,97,103,48.5,1.94,2.06,48.5,51.5,194.0,47.06453178068899,281,97,0.0
1189,97,103,48.5,1.94,2.06,48.5,51.5,194.0,47.06453178068899,281,97,0.0
1190,97,103,48.5,1.94,2.06,48.5,51.5,194.0,47.06453178068899,281,97,0.0
1191,97,103,48.5,1.94,2.06,48.5,51.5,194.0,47.06453178068899,281,97,0.0
1192,97,103,48.5,1.94,2.06,48.5,51.5,194.0,47.06453178068899,281,97,0.0
1193,97,103,48.5,1.94,2.06,48.5,51.5,194.0,47.06453178068899,281,97,0.0
1194,98,102,49.0,1.96,2.04,49.0,51.0,196.0,47.549733139252794,282,98,2.0
1195,98,102,49.0,1.96,2.04,49.0,51.0,196.0,47.549733139252794,282,98,0.0
1196,98,102,49.0,1.96,2.04,49.0,51.0,196.0,47.549733139252794,282,98,0.0
1197,98,102,49.0,1.96,2.04,49.0,51.0,196.0,47.549733139252794,282,98,0.0
1198,98,102,49.0,1.96,2.04,49.0,51.0,196.0,47.549733139252794,282,98,0.0
1199,98,102,49.0,1.96,2.04,49.0,51.0,196.0,47.549733139252794,284,98,0.0
1200,98,102,49.0,1.96,2.04,49.0,51.0,196.0,47.549733139252794,285,98,0.0
1201,98,102,49.0,1.96,2.04,49.0,51.0,196.0,47.549733139252794,285,98,0.0
1202,98,102,49.0,1.96,2.04,49.0,51.0,196.0,47.549733139252794,287,98,0.0
1203,98,102,49.0,1.96,2.04,49.0,51.0,196.0,47.549733139252794,287,98,0.0
1204,98,102,49.0,1.96,2.04,49.0,51.0,196.0,47.549733139252794,287,98,0.0
1205,98,102,49.0,1.96,2.04,49.0,51.0,196.0,47.549733139252794,287,98,0.0
1206,98,102,49.0,1.96,2.04,49.0,51.0,196.0,47.549733139252794,287,98,0.0
1207,98,102,49.0,1.96,2.04,49.0,51.0,196.0,47.549733139252794,288,98,0.0
1208,98,102,49.0,1.96,2.04,49.0,51.0,196.0,47.549733139252794,288,98,0.0
1209,98,102,49.0,1.96,2.04,49.0,51.0,196.0,47.549733139252794,288,98,0.0
1210,98,102,49.0,1.96,2.04,49.0,51.0,196.0,47.549733139252794,288,98,0.0
1211,98,102,49.0,1.96,2.04,49.0,51.0,196.0,47.549733139252794,289,98,0.0
1212,98,102,49.0,1.96,2.04,49.0,51.0,196.0,47.549733139252794,289,98,0.0
1213,98,102,49.0,1.96,2.04,49.0,51.0,196.0,47.549733139252794,290,98,0.0
1214,98,102,49.0,1.96,2.04,49.0,51.0,196.0,47.549733139252794,290,98,0.0
1215,98,102,49.0,1.96,2.04,49.0,51.0,196.0,47.549733139252794,290,98,0.0
1216,98,102,49.0,1.96,2.04,49.0,51.0,196.0,47.549733139252794,290,98,0.0
1217,98,102,49.0,1.96,2.04,49.0,51.0,196.0,47.549733139252794,290,98,0.0
1218,98,102,49.0,1.96,2.04,49.0,51.0,196.0,47.549733139252794,290,98,0.0
1219,98,102,49.0,1.96,2.04,49.0,51.0,196.0,47.549733139252794,290,98,0.0
1220,98,102,49.0,1.96,2.04,49.0,51.0,196.0,47.549733139252794,290,98,0.0
1221,98,102,49.0,1.96,2.04,49.0,51.0,196.0,47.549733139252794,290,98,0.0
1222,98,102,49.0,1.96,2.04,49.0,51.0,196.0,47.549733139252794,290,98,0.0
1223,98,102,49.0,1.96,2.04,49.0,51.0,196.0,47.549733139252794,290,98,0.0
1224,98,102,49.0,1.96,2.04,49.0,51.0,196.0,47.549733139252794,291,98,0.0
1225,98,102,49.0,1.96,2.04,49.0,51.0,196.0,47.549733139252794,291,98,0.0
1226,98,102,49.0,1.96,2.04,49.0,51.0,196.0,47.549733139252794,291,98,0.0
1227,98,102,49.0,1.96,2.04,49.0,51.0,196.0,47.549733139252794,291,98,0.0
1228,98,102,49.0,1.96,2.04,49.0,51.0,196.0,47.549733139252794,291,98,0.0
1229,98,102,49.0,1.96,2.04,49.0,51.0,196.0,47.549733139252794,291,98,0.0
1230,98,102,49.0,1.96,2.04,49.0,51.0,196.0,47.549733139252794,291,98,0.0
1231,98,102,49.0,1.96,2.04,49.0,51.0,196.0,47.549733139252794,291,98,0.0
1232,98,102,49.0,1.96,2.04,49.0,51.0,196.0,47.549733139252794,292,98,0.0
1233,98,102,49.0,1.96,2.04,49.0,51.0,196.0,47.549733139252794,292,98,0.0
1234,98,102,49.0,1.96,2.04,49.0,51.0,196.0,47.549733139252794,292,98,0.0
1235,98,102,49.0,1.96,2.04,49.0,51.0,196.0,47.549733139252794,292,98,0.0
1236,98,102,49.0,1.96,2.04,49.0,51.0,196.0,47.549733139252794,292,98,0.0
1237,98,102,49.0,1.96,2.04,49.0,51.0,196.0,47.549733139252794,292,98,0.0
1238,98,102,49.0,1.96,2.04,49.0,51.0,196.0,47.549733139252794,292,98,0.0
1239,98,102,49.0,1.96,2.04,49.0,51.0,196.0,47.549733139252794,292,98,0.0
1240,98,102,49.0,1.96,2.04,49.0,51.0,196.0,47.549733139252794,292,98,0.0
1241,98,102,49.0,1.96,2.04,49.0,51.0,196.0,47.549733139252794,292,98,0.0
1242,98,102,49.0,1.96,2.04,49.0,51.0,196.0,47.549733139252794,292,98,0.0
1243,99,101,49.5,1.98,2.02,49.5,50.5,198.0,48.03493449781659,293,99,2.0
1244,99,101,49.5,1.98,2.02,49.5,50.5,198.0,48.03493449781659,293,99,0.0
1245,99,101,49.5,1.98,2.02,49.5,50.5,198.0,48.03493449781659,293,99,0.0
1246,99,101,49.5,1.98,2.02,49.5,50.5,198.0,48.03493449781659,293,99,0.0
1247,100,100,50.0,2.0,2.0,50.0,50.0,200.0,48.5201358563804,294,100,2.0
1248,100,100,50.0,2.0,2.0,50.0,50.0,200.0,48.5201358563804,294,100,0.0
1249,100,100,50.0,2.0,2.0,50.0,50.0,200.0,48.5201358563804,294,100,0.0
1250,100,100,50.0,2.0,2.0,50.0,50.0,200.0,48.5201358563804,295,100,0.0
1251,100,100,50.0,2.0,2.0,50.0,50.0,200.0,48.5201358563804,295,100,0.0
1252,100,100,50.0,2.0,2.0,50.0,50.0,200.0,48.5201358563804,295,100,0.0
1253,100,100,50.0,2.0,2.0,50.0,50.0,200.0,48.5201358563804,295,100,0.0
1254,100,100,50.0,2.0,2.0,50.0,50.0,200.0,48.5201358563804,295,100,0.0
1255,100,100,50.0,2.0,2.0,50.0,50.0,200.0,48.5201358563804,296,100,0.0
1256,100,100,50.0,2.0,2.0,50.0,50.0,200.0,48.5201358563804,296,100,0.0
1257,100,100,50.0,2.0,2.0,50.0,50.0,200.0,48.5201358563804,296,100,0.0
1258,100,100,50.0,2.0,2.0,50.0,50.0,200.0,48.5201358563804,296,100,0.0
1259,100,100,50.0,2.0,2.0,50.0,50.0,200.0,48.5201358563804,296,100,0.0
1260,100,100,50.0,2.0,2.0,50.0,50.0,200.0,48.5201358563804,296,100,0.0
1261,100,100,50.0,2.0,2.0,50.0,50.0,200.0,48.5201358563804,296,100,0.0
1262,100,100,50.0,2.0,2.0,50.0,50.0,200.0,48.5201358563804,296,100,0.0
1263,100,100,50.0,2.0,2.0,50.0,50.0,200.0,48.5201358563804,297,100,0.0
1264,100,100,50.0,2.0,2.0,50.0,50.0,200.0,48.5201358563804,297,100,0.0
1265,100,100,50.0,2.0,2.0,50.0,50.0,200.0,48.5201358563804,297,100,0.0
1266,100,100,50.0,2.0,2.0,50.0,50.0,200.0,48.5201358563804,297,100,0.0
1267,100,100,50.0,2.0,2.0,50.0,50.0,200.0,48.5201358563804,297,100,0.0
1268,100,100,50.0,2.0,2.0,50.0,50.0,200.0,48.5201358563804,297,100,0.0
1269,100,100,50.0,2.0,2.0,50.0,50.0,200.0,48.5201358563804,297,100,0.0
1270,100,100,50.0,2.0,2.0,50.0,50.0,200.0,48.5201358563804,297,100,0.0
1271,100,100,50.0,2.0,2.0,50.0,50.0,200.0,48.5201358563804,297,100,0.0
1272,100,100,50.0,2.0,2.0,50.0,50.0,200.0,48.5201358563804,297,100,0.0
1273,100,100,50.0,2.0,2.0,50.0,50.0,200.0,48.5201358563804,297,100,0.0
1274,100,100,50.0,2.0,2.0,50.0,50.0,200.0,48.5201358563804,297,100,0.0
1275,100,100,50.0,2.0,2.0,50.0,50.0,200.0,48.5201358563804,297,100,0.0
1276,100,100,50.0,2.0,2.0,50.0,50.0,200.0,48.5201358563804,297,100,0.0
1277,100,100,50.0,2.0,2.0,50.0,50.0,200.0,48.5201358563804,298,100,0.0
1278,100,100,50.0,2.0,2.0,50.0,50.0,200.0,48.5201358563804,298,100,0.0
1279,100,100,50.0,2.0,2.0,50.0,50.0,200.0,48.5201358563804,298,100,0.0
1280,100,100,50.0,2.0,2.0,50.0,50.0,200.0,48.5201358563804,299,100,0.0
1281,100,100,50.0,2.0,2.0,50.0,50.0,200.0,48.5201358563804,300,100,0.0
1282,100,100,50.0,2.0,2.0,50.0,50.0,200.0,48.5201358563804,300,100,0.0
1283,100,100,50.0,2.0,2.0,50.0,50.0,200.0,48.5201358563804,300,100,0.0
1284,100,100,50.0,2.0,2.0,50.0,50.0,200.0,48.5201358563804,300,100,0.0
1285,100,100,50.0,2.0,2.0,50.0,50.0,200.0,48.5201358563804,300,100,0.0
1286,100,100,50.0,2.0,2.0,50.0,50.0,200.0,48.5201358563804,300,100,0.0
1287,100,100,50.0,2.0,2.0,50.0,50.0,200.0,48.5201358563804,300,100,0.0
1288,100,100,50.0,2.0,2.0,50.0,50.0,200.0,48.5201358563804,301,100,0.0
1289,101,99,50.5,2.02,1.98,50.5,49.5,202.0,49.005337214944205,302,101,2.0
1290,101,99,50.5,2.02,1.98,50.5,49.5,202.0,49.005337214944205,302,101,0.0
1291,101,99,50.5,2.02,1.98,50.5,49.5,202.0,49.005337214944205,302,101,0.0
1292,101,99,50.5,2.02,1.98,50.5,49.5,202.0,49.005337214944205,302,101,0.0
1293,101,99,50.5,2.02,1.98,50.5,49.5,202.0,49.005337214944205,303,101,0.0
1294,101,99,50.5,2.02,1.98,50.5,49.5,202.0,49.005337214944205,303,101,0.0
1295,101,99,50.5,2.02,1.98,50.5,49.5,202.0,49.005337214944205,303,101,0.0
1296,101,99,50.5,2.02,1.98,50.5,49.5,202.0,49.005337214944205,303,101,0.0
1297,102,98,51.0,2.04,1.96,51.0,49.0,204.0,49.49053857350801,304,102,2.0
1298,102,98,51.0,2.04,1.96,51.0,49.0,204.0,49.49053857350801,304,102,0.0
1299,102,98,51.0,2.04,1.96,51.0,49.0,204.0,49.49053857350801,304,102,0.0
1300,102,98,51.0,2.04,1.96,51.0,49.0,204.0,49.49053857350801,304,102,0.0
1301,102,98,51.0,2.04,1.96,51.0,49.0,204.0,49.49053857350801,304,102,0.0
1302,102,98,51.0,2.04,1.96,51.0,49.0,204.0,49.49053857350801,304,102,0.0
1303,102,98,51.0,2.04,1.96,51.0,49.0,204.0,49.49053857350801,304,102,0.0
1304,103,97,51.5,2.06,1.94,51.5,48.5,206.0,49.97573993207181,305,103,2.0
1305,103,97,51.5,2.06,1.94,51.5,48.5,206.0,49.97573993207181,306,103,0.0
1306,103,97,51.5,2.06,1.94,51.5,48.5,206.0,49.97573993207181,306,103,0.0
1307,103,97,51.5,2.06,1.94,51.5,48.5,206.0,49.97573993207181,306,103,0.0
1308,103,97,51.5,2.06,1.94,51.5,48.5,206.0,49.97573993207181,306,103,0.0
1309,103,97,51.5,2.06,1.94,51.5,48.5,206.0,49.97573993207181,306,103,0.0
1310,103,97,51.5,2.06,1.94,51.5,48.5,206.0,49.97573993207181,306,103,0.0
1311,103,97,51.5,2.06,1.94,51.5,48.5,206.0,49.97573993207181,306,103,0.0
1312,103,97,51.5,2.06,1.94,51.5,48.5,206.0,49.97573993207181,307,103,0.0
1313,103,97,51.5,2.06,1.94,51.5,48.5,206.0,49.97573993207181,308,103,0.0
1314,103,97,51.5,2.06,1.94,51.5,48.5,206.0,49.97573993207181,308,103,0.0
1315,103,97,51.5,2.06,1.94,51.5,48.5,206.0,49.97573993207181,308,103,0.0
1316,103,97,51.5,2.06,1.94,51.5,48.5,206.0,49.97573993207181,308,103,0.0
1317,103,97,51.5,2.06,1.94,51.5,48.5,206.0,49.97573993207181,308,103,0.0
1318,103,97,51.5,2.06,1.94,51.5,48.5,206.0,49.97573993207181,308,103,0.0
1319,103,97,51.5,2.06,1.94,51.5,48.5,206.0,49.97573993207181,308,103,0.0
1320,103,97,51.5,2.06,1.94,51.5,48.5,206.0,49.97573993207181,308,103,0.0
1321,103,97,51.5,2.06,1.94,51.5,48.5,206.0,49.97573993207181,308,103,0.0
1322,103,97,51.5,2.06,1.94,51.5,48.5,206.0,49.97573993207181,309,103,0.0
1323,103,97,51.5,2.06,1.94,51.5,48.5,206.0,49.97573993207181,310,103,0.0
1324,103,97,51.5,2.06,1.94,51.5,48.5,206.0,49.97573993207181,310,103,0.0
1325,103,97,51.5,2.06,1.94,51.5,48.5,206.0,49.97573993207181,310,103,0.0
1326,103,97,51.5,2.06,1.94,51.5,48.5,206.0,49.97573993207181,310,103,0.0
1327,103,97,51.5,2.06,1.94,51.5,48.5,206.0,49.97573993207181,310,103,0.0
1328,103,97,51.5,2.06,1.94,51.5,48.5,206.0,49.97573993207181,310,103,0.0
1329,103,97,51.5,2.06,1.94,51.5,48.5,206.0,49.97573993207181,310,103,0.0
1330,103,97,51.5,2.06,1.94,51.5,48.5,206.0,49.97573993207181,310,103,0.0
1331,103,97,51.5,2.06,1.94,51.5,48.5,206.0,49.97573993207181,310,103,0.0
1332,103,97,51.5,2.06,1.94,51.5,48.5,206.0,49.97573993207181,310,103,0.0
1333,103,97,51.5,2.06,1.94,51.5,48.5,206.0,49.97573993207181,310,103,0.0
1334,103,97,51.5,2.06,1.94,51.5,48.5,206.0,49.97573993207181,310,103,0.0
1335,103,97,51.5,2.06,1.94,51.5,48.5,206.0,49.97573993207181,310,103,0.0
1336,103,97,51.5,2.06,1.94,51.5,48.5,206.0,49.97573993207181,310,103,0.0
1337,103,97,51.5,2.06,1.94,51.5,48.5,206.0,49.97573993207181,310,103,0.0
1338,103,97,51.5,2.06,1.94,51.5,48.5,206.0,49.97573993207181,310,103,0.0
1339,103,97,51.5,2.06,1.94,51.5,48.5,206.0,49.97573993207181,310,103,0.0
1340,103,97,51.5,2.06,1.94,51.5,48.5,206.0,49.97573993207181,310,103,0.0
1341,103,97,51.5,2.06,1.94,51.5,48.5,206.0,49.97573993207181,310,103,0.0
1342,104,96,52.0,2.08,1.92,52.0,48.0,208.0,50.46094129063562,311,104,2.0
1343,104,96,52.0,2.08,1.92,52.0,48.0,208.0,50.46094129063562,311,104,0.0
1344,104,96,52.0,2.08,1.92,52.0,48.0,208.0,50.46094129063562,311,104,0.0
1345,104,96,52.0,2.08,1.92,52.0,48.0,208.0,50.46094129063562,311,104,0.0
1346,104,96,52.0,2.08,1.92,52.0,48.0,208.0,50.46094129063562,311,104,0.0
1347,104,96,52.0,2.08,1.92,52.0,48.0,208.0,50.46094129063562,311,104,0.0
1348,104,96,52.0,2.08,1.92,52.0,48.0,208.0,50.46094129063562,311,104,0.0
1349,104,96,52.0,2.08,1.92,52.0,48.0,208.0,50.46094129063562,312,104,0.0
1350,104,96,52.0,2.08,1.92,52.0,48.0,208.0,50.46094129063562,312,104,0.0
1351,104,96,52.0,2.08,1.92,52.0,48.0,208.0,50.46094129063562,312,104,0.0
1352,104,96,52.0,2.08,1.92,52.0,48.0,208.0,50.46094129063562,312,104,0.0
1353,104,96,52.0,2.08,1.92,52.0,48.0,208.0,50.46094129063562,312,104,0.0
1354,104,96,52.0,2.08,1.92,52.0,48.0,208.0,50.46094129063562,312,104,0.0
1355,104,96,52.0,2.08,1.92,52.0,48.0,208.0,50.46094129063562,312,104,0.0
1356,104,96,52.0,2.08,1.92,52.0,48.0,208.0,50.46094129063562,312,104,0.0
1357,104,96,52.0,2.08,1.92,52.0,48.0,208.0,50.46094129063562,312,104,0.0
1358,104,96,52.0,2.08,1.92,52.0,48.0,208.0,50.46094129063562,312,104,0.0
1359,104,96,52.0,2.08,1.92,52.0,48.0,208.0,50.46094129063562,312,104,0.0
1360,104,96,52.0,2.08,1.92,52.0,48.0,208.0,50.46094129063562,312,104,0.0
1361,104,96,52.0,2.08,1.92,52.0,48.0,208.0,50.46094129063562,312,104,0.0
1362,104,96,52.0,2.08,1.92,52.0,48.0,208.0,50.46094129063562,312,104,0.0
1363,104,96,52.0,2.08,1.92,52.0,48.0,208.0,50.46094129063562,312,104,0.0
1364,104,96,52.0,2.08,1.92,52.0,48.0,208.0,50.46094129063562,312,104,0.0
1365,104,96,52.0,2.08,1.92,52.0,48.0,208.0,50.46094129063562,312,104,0.0
1366,104,96,52.0,2.08,1.92,52.0,48.0,208.0,50.46094129063562,313,104,0.0
1367,104,96,52.0,2.08,1.92,52.0,48.0,208.0,50.46094129063562,313,104,0.0
1368,104,96,52.0,2.08,1.92,52.0,48.0,208.0,50.46094129063562,313,104,0.0
1369,104,96,52.0,2.08,1.92,52.0,48.0,208.0,50.46094129063562,313,104,0.0
1370,104,96,52.0,2.08,1.92,52.0,48.0,208.0,50.46094129063562,313,104,0.0
1371,104,96,52.0,2.08,1.92,52.0,48.0,208.0,50.46094129063562,313,104,0.0
1372,104,96,52.0,2.08,1.92,52.0,48.0,208.0,50.46094129063562,313,104,0.0
1373,104,96,52.0,2.08,1.92,52.0,48.0,208.0,50.46094129063562,313,104,0.0
1374,104,96,52.0,2.08,1.92,52.0,48.0,208.0,50.46094129063562,313,104,0.0
1375,104,96,52.0,2.08,1.92,52.0,48.0,208.0,50.46094129063562,313,104,0.0
1376,104,96,52.0,2.08,1.92,52.0,48.0,208.0,50.46094129063562,313,104,0.0
1377,104,96,52.0,2.08,1.92,52.0,48.0,208.0,50.46094129063562,313,104,0.0
1378,104,96,52.0,2.08,1.92,52.0,48.0,208.0,50.46094129063562,313,104,0.0
1379,105,95,52.5,2.1,1.9,52.5,47.5,210.0,50.94614264919942,314,105,2.0
1380,105,95,52.5,2.1,1.9,52.5,47.5,210.0,50.94614264919942,314,105,0.0
1381,105,95,52.5,2.1,1.9,52.5,47.5,210.0,50.94614264919942,314,105,0.0
1382,105,95,52.5,2.1,1.9,52.5,47.5,210.0,50.94614264919942,314,105,0.0
1383,105,95,52.5,2.1,1.9,52.5,47.5,210.0,50.94614264919942,314,105,0.0
1384,105,95,52.5,2.1,1.9,52.5,47.5,210.0,50.94614264919942,314,105,0.0
1385,105,95,52.5,2.1,1.9,52.5,47.5,210.0,50.94614264919942,314,105,0.0
1386,105,95,52.5,2.1,1.9,52.5,47.5,210.0,50.94614264919942,314,105,0.0
1387,105,95,52.5,2.1,1.9,52.5,47.5,210.0,50.94614264919942,314,105,0.0
1388,105,95,52.5,2.1,1.9,52.5,47.5,210.0,50.94614264919942,314,105,0.0
1389,105,95,52.5,2.1,1.9,52.5,47.5,210.0,50.94614264919942,314,105,0.0
1390,105,95,52.5,2.1,1.9,52.5,47.5,210.0,50.94614264919942,314,105,0.0
1391,105,95,52.5,2.1,1.9,52.5,47.5,210.0,50.94614264919942,314,105,0.0
1392,105,95,52.5,2.1,1.9,52.5,47.5,210.0,50.94614264919942,314,105,0.0
1393,105,95,52.5,2.1,1.9,52.5,47.5,210.0,50.94614264919942,314,105,0.0
1394,105,95,52.5,2.1,1.9,52.5,47.5,210.0,50.94614264919942,314,105,0.0
1395,105,95,52.5,2.1,1.9,52.5,47.5,210.0,50.94614264919942,314,105,0.0
1396,105,95,52.5,2.1,1.9,52.5,47.5,210.0,50.94614264919942,314,105,0.0
1397,105,95,52.5,2.1,1.9,52.5,47.5,210.0,50.94614264919942,315,105,0.0
1398,105,95,52.5,2.1,1.9,52.5,47.5,210.0,50.94614264919942,315,105,0.0
1399,105,95,52.5,2.1,1.9,52.5,47.5,210.0,50.94614264919942,315,105,0.0
1400,105,95,52.5,2.1,1.9,52.5,47.5,210.0,50.94614264919942,315,105,0.0
1401,105,95,52.5,2.1,1.9,52.5,47.5,210.0,50.94614264919942,315,105,0.0
1402,105,95,52.5,2.1,1.9,52.5,47.5,210.0,50.94614264919942,315,105,0.0
1403,105,95,52.5,2.1,1.9,52.5,47.5,210.0,50.94614264919942,315,105,0.0
1404,105,95,52.5,2.1,1.9,52.5,47.5,210.0,50.94614264919942,315,105,0.0
1405,105,95,52.5,2.1,1.9,52.5,47.5,210.0,50.94614264919942,315,105,0.0
1406,105,95,52.5,2.1,1.9,52.5,47.5,210.0,50.94614264919942,315,105,0.0
1407,105,95,52.5,2.1,1.9,52.5,47.5,210.0,50.94614264919942,315,105,0.0
1408,105,95,52.5,2.1,1.9,52.5,47.5,210.0,50.94614264919942,315,105,0.0
1409,105,95,52.5,2.1,1.9,52.5,47.5,210.0,50.94614264919942,315,105,0.0
1410,105,95,52.5,2.1,1.9,52.5,47.5,210.0,50.94614264919942,315,105,0.0
1411,105,95,52.5,2.1,1.9,52.5,47.5,210.0,50.94614264919942,315,105,0.0
1412,105,95,52.5,2.1,1.9,52.5,47.5,210.0,50.94614264919942,315,105,0.0
1413,105,95,52.5,2.1,1.9,52.5,47.5,210.0,50.94614264919942,315,105,0.0
1414,105,95,52.5,2.1,1.9,52.5,47.5,210.0,50.94614264919942,315,105,0.0
1415,105,95,52.5,2.1,1.9,52.5,47.5,210.0,50.94614264919942,315,105,0.0
1416,105,95,52.5,2.1,1.9,52.5,47.5,210.0,50.94614264919942,315,105,0.0
1417,106,94,53.0,2.12,1.88,53.0,46.99999999999999,212.0,51.43134400776322,316,106,2.0
1418,106,94,53.0,2.12,1.88,53.0,46.99999999999999,212.0,51.43134400776322,316,106,0.0
1419,106,94,53.0,2.12,1.88,53.0,46.99999999999999,212.0,51.43134400776322,316,106,0.0
1420,107,93,53.5,2.14,1.8599999999999999,53.5,46.49999999999999,214.0,51.91654536632703,317,107,2.0
1421,107,93,53.5,2.14,1.8599999999999999,53.5,46.49999999999999,214.0,51.91654536632703,317,107,0.0
1422,107,93,53.5,2.14,1.8599999999999999,53.5,46.49999999999999,214.0,51.91654536632703,317,107,0.0
1423,108,92,54.0,2.16,1.8399999999999999,54.0,45.99999999999999,216.0,52.40174672489083,318,108,2.0
1424,108,92,54.0,2.16,1.8399999999999999,54.0,45.99999999999999,216.0,52.40174672489083,318,108,0.0
1425,108,92,54.0,2.16,1.8399999999999999,54.0,45.99999999999999,216.0,52.40174672489083,319,108,0.0
1426,108,92,54.0,2.16,1.8399999999999999,54.0,45.99999999999999,216.0,52.40174672489083,319,108,0.0
1427,108,92,54.0,2.16,1.8399999999999999,54.0,45.99999999999999,216.0,52.40174672489083,320,108,0.0
1428,108,92,54.0,2.16,1.8399999999999999,54.0,45.99999999999999,216.0,52.40174672489083,322,108,0.0
1429,108,92,54.0,2.16,1.8399999999999999,54.0,45.99999999999999,216.0,52.40174672489083,322,108,0.0
1430,108,92,54.0,2.16,1.8399999999999999,54.0,45.99999999999999,216.0,52.40174672489083,322,108,0.0
1431,108,92,54.0,2.16,1.8399999999999999,54.0,45.99999999999999,216.0,52.40174672489083,322,108,0.0
1432,108,92,54.0,2.16,1.8399999999999999,54.0,45.99999999999999,216.0,52.40174672489083,322,108,0.0
1433,108,92,54.0,2.16,1.8399999999999999,54.0,45.99999999999999,216.0,52.40174672489083,322,108,0.0
1434,108,92,54.0,2.16,1.8399999999999999,54.0,45.99999999999999,216.0,52.40174672489083,322,108,0.0
1435,108,92,54.0,2.16,1.8399999999999999,54.0,45.99999999999999,216.0,52.40174672489083,322,108,0.0
1436,108,92,54.0,2.16,1.8399999999999999,54.0,45.99999999999999,216.0,52.40174672489083,322,108,0.0
1437,108,92,54.0,2.16,1.8399999999999999,54.0,45.99999999999999,216.0,52.40174672489083,322,108,0.0
1438,108,92,54.0,2.16,1.8399999999999999,54.0,45.99999999999999,216.0,52.40174672489083,322,108,0.0
1439,108,92,54.0,2.16,1.8399999999999999,54.0,45.99999999999999,216.0,52.40174672489083,322,108,0.0
1440,108,92,54.0,2.16,1.8399999999999999,54.0,45.99999999999999,216.0,52.40174672489083,322,108,0.0
1441,108,92,54.0,2.16,1.8399999999999999,54.0,45.99999999999999,216.0,52.40174672489083,322,108,0.0
1442,108,92,54.0,2.16,1.8399999999999999,54.0,45.99999999999999,216.0,52.40174672489083,322,108,0.0
1443,108,92,54.0,2.16,1.8399999999999999,54.0,45.99999999999999,216.0,52.40174672489083,322,108,0.0
1444,108,92,54.0,2.16,1.8399999999999999,54.0,45.99999999999999,216.0,52.40174672489083,322,108,0.0
1445,108,92,54.0,2.16,1.8399999999999999,54.0,45.99999999999999,216.0,52.40174672489083,322,108,0.0
1446,108,92,54.0,2.16,1.8399999999999999,54.0,45.99999999999999,216.0,52.40174672489083,322,108,0.0
1447,108,92,54.0,2.16,1.8399999999999999,54.0,45.99999999999999,216.0,52.40174672489083,322,108,0.0
1448,108,92,54.0,2.16,1.8399999999999999,54.0,45.99999999999999,216.0,52.40174672489083,322,108,0.0
1449,108,92,54.0,2.16,1.8399999999999999,54.0,45.99999999999999,216.0,52.40174672489083,322,108,0.0
1450,109,91,54.50000000000001,2.18,1.8199999999999998,54.5,45.49999999999999,218.0,52.886948083454634,323,109,2.0
1451,109,91,54.50000000000001,2.18,1.8199999999999998,54.5,45.49999999999999,218.0,52.886948083454634,323,109,0.0
1452,109,91,54.50000000000001,2.18,1.8199999999999998,54.5,45.49999999999999,218.0,52.886948083454634,323,109,0.0
1453,109,91,54.50000000000001,2.18,1.8199999999999998,54.5,45.49999999999999,218.0,52.886948083454634,323,109,0.0
1454,109,91,54.50000000000001,2.18,1.8199999999999998,54.5,45.49999999999999,218.0,52.886948083454634,324,109,0.0
1455,109,91,54.50000000000001,2.18,1.8199999999999998,54.5,45.49999999999999,218.0,52.886948083454634,324,109,0.0
1456,109,91,54.50000000000001,2.18,1.8199999999999998,54.5,45.49999999999999,218.0,52.886948083454634,325,109,0.0
1457,109,91,54.50000000000001,2.18,1.8199999999999998,54.5,45.49999999999999,218.0,52.886948083454634,326,109,0.0
1458,110,90,55.00000000000001,2.2,1.7999999999999998,55.0,44.99999999999999,220.0,53.37214944201843,327,110,2.0
1459,110,90,55.00000000000001,2.2,1.7999999999999998,55.0,44.99999999999999,220.0,53.37214944201843,327,110,0.0
1460,110,90,55.00000000000001,2.2,1.7999999999999998,55.0,44.99999999999999,220.0,53.37214944201843,327,110,0.0
1461,110,90,55.00000000000001,2.2,1.7999999999999998,55.0,44.99999999999999,220.0,53.37214944201843,327,110,0.0
1462,110,90,55.00000000000001,2.2,1.7999999999999998,55.0,44.99999999999999,220.0,53.37214944201843,327,110,0.0
1463,110,90,55.00000000000001,2.2,1.7999999999999998,55.0,44.99999999999999,220.0,53.37214944201843,327,110,0.0
1464,110,90,55.00000000000001,2.2,1.7999999999999998,55.0,44.99999999999999,220.0,53.37214944201843,327,110,0.0
1465,110,90,55.00000000000001,2.2,1.7999999999999998,55.0,44.99999999999999,220.0,53.37214944201843,327,110,0.0
1466,110,90,55.00000000000001,2.2,1.7999999999999998,55.0,44.99999999999999,220.0,53.37214944201843,327,110,0.0
1467,110,90,55.00000000000001,2.2,1.7999999999999998,55.0,44.99999999999999,220.0,53.37214944201843,327,110,0.0
1468,110,90,55.00000000000001,2.2,1.7999999999999998,55.0,44.99999999999999,220.0,53.37214944201843,327,110,0.0
1469,110,90,55.00000000000001,2.2,1.7999999999999998,55.0,44.99999999999999,220.0,53.37214944201843,327,110,0.0
1470,110,90,55.00000000000001,2.2,1.7999999999999998,55.0,44.99999999999999,220.0,53.37214944201843,327,110,0.0
1471,110,90,55.00000000000001,2.2,1.7999999999999998,55.0,44.99999999999999,220.0,53.37214944201843,327,110,0.0
1472,110,90,55.00000000000001,2.2,1.7999999999999998,55.0,44.99999999999999,220.0,53.37214944201843,327,110,0.0
1473,110,90,55.00000000000001,2.2,1.7999999999999998,55.0,44.99999999999999,220.0,53.37214944201843,327,110,0.0
1474,110,90,55.00000000000001,2.2,1.7999999999999998,55.0,44.99999999999999,220.0,53.37214944201843,327,110,0.0
1475,110,90,55.00000000000001,2.2,1.7999999999999998,55.0,44.99999999999999,220.0,53.37214944201843,327,110,0.0
1476,110,90,55.00000000000001,2.2,1.7999999999999998,55.0,44.99999999999999,220.0,53.37214944201843,327,110,0.0
1477,110,90,55.00000000000001,2.2,1.7999999999999998,55.0,44.99999999999999,220.0,53.37214944201843,327,110,0.0
1478,110,90,55.00000000000001,2.2,1.7999999999999998,55.0,44.99999999999999,220.0,53.37214944201843,327,110,0.0
1479,110,90,55.00000000000001,2.2,1.7999999999999998,55.0,44.99999999999999,220.0,53.37214944201843,327,110,0.0
1480,110,90,55.00000000000001,2.2,1.7999999999999998,55.0,44.99999999999999,220.0,53.37214944201843,327,110,0.0
1481,110,90,55.00000000000001,2.2,1.7999999999999998,55.0,44.99999999999999,220.0,53.37214944201843,327,110,0.0
1482,110,90,55.00000000000001,2.2,1.7999999999999998,55.0,44.99999999999999,220.0,53.37214944201843,327,110,0.0
1483,110,90,55.00000000000001,2.2,1.7999999999999998,55.0,44.99999999999999,220.0,53.37214944201843,327,110,0.0
1484,110,90,55.00000000000001,2.2,1.7999999999999998,55.0,44.99999999999999,220.0,53.37214944201843,328,110,0.0
1485,110,90,55.00000000000001,2.2,1.7999999999999998,55.0,44.99999999999999,220.0,53.37214944201843,328,110,0.0
1486,110,90,55.00000000000001,2.2,1.7999999999999998,55.0,44.99999999999999,220.0,53.37214944201843,328,110,0.0
1487,110,90,55.00000000000001,2.2,1.7999999999999998,55.0,44.99999999999999,220.0,53.37214944201843,328,110,0.0
1488,110,90,55.00000000000001,2.2,1.7999999999999998,55.0,44.99999999999999,220.0,53.37214944201843,328,110,0.0
1489,110,90,55.00000000000001,2.2,1.7999999999999998,55.0,44.99999999999999,220.0,53.37214944201843,328,110,0.0
1490,110,90,55.00000000000001,2.2,1.7999999999999998,55.0,44.99999999999999,220.0,53.37214944201843,328,110,0.0
1491,110,90,55.00000000000001,2.2,1.7999999999999998,55.0,44.99999999999999,220.0,53.37214944201843,328,110,0.0
1492,110,90,55.00000000000001,2.2,1.7999999999999998,55.0,44.99999999999999,220.0,53.37214944201843,328,110,0.0
1493,110,90,55.00000000000001,2.2,1.7999999999999998,55.0,44.99999999999999,220.0,53.37214944201843,328,110,0.0
1494,110,90,55.00000000000001,2.2,1.7999999999999998,55.0,44.99999999999999,220.0,53.37214944201843,328,110,0.0
1495,110,90,55.00000000000001,2.2,1.7999999999999998,55.0,44.99999999999999,220.0,53.37214944201843,328,110,0.0
1496,110,90,55.00000000000001,2.2,1.7999999999999998,55.0,44.99999999999999,220.0,53.37214944201843,328,110,0.0
1497,110,90,55.00000000000001,2.2,1.7999999999999998,55.0,44.99999999999999,220.0,53.37214944201843,328,110,0.0
1498,110,90,55.00000000000001,2.2,1.7999999999999998,55.0,44.99999999999999,220.0,53.37214944201843,328,110,0.0
1499,110,90,55.00000000000001,2.2,1.7999999999999998,55.0,44.99999999999999,220.0,53.37214944201843,328,110,0.0
1500,110,90,55.00000000000001,2.2,1.7999999999999998,55.0,44.99999999999999,220.0,53.37214944201843,328,110,0.0
1501,110,90,55.00000000000001,2.2,1.7999999999999998,55.0,44.99999999999999,220.0,53.37214944201843,328,110,0.0
1502,110,90,55.00000000000001,2.2,1.7999999999999998,55.0,44.99999999999999,220.0,53.37214944201843,328,110,0.0
1503,110,90,55.00000000000001,2.2,1.7999999999999998,55.0,44.99999999999999,220.0,53.37214944201843,328,110,0.0
1504,110,90,55.00000000000001,2.2,1.7999999999999998,55.0,44.99999999999999,220.0,53.37214944201843,328,110,0.0
1505,110,90,55.00000000000001,2.2,1.7999999999999998,55.0,44.99999999999999,220.0,53.37214944201843,328,110,0.0
1506,110,90,55.00000000000001,2.2,1.7999999999999998,55.0,44.99999999999999,220.0,53.37214944201843,328,110,0.0
1507,110,90,55.00000000000001,2.2,1.7999999999999998,55.0,44.99999999999999,220.0,53.37214944201843,329,110,0.0
1508,110,90,55.00000000000001,2.2,1.7999999999999998,55.0,44.99999999999999,220.0,53.37214944201843,330,110,0.0
1509,110,90,55.00000000000001,2.2,1.7999999999999998,55.0,44.99999999999999,220.0,53.37214944201843,331,110,0.0
1510,110,90,55.00000000000001,2.2,1.7999999999999998,55.0,44.99999999999999,220.0,53.37214944201843,332,110,0.0
1511,110,90,55.00000000000001,2.2,1.7999999999999998,55.0,44.99999999999999,220.0,53.37214944201843,333,110,0.0
1512,110,90,55.00000000000001,2.2,1.7999999999999998,55.0,44.99999999999999,220.0,53.37214944201843,334,110,0.0
1513,110,90,55.00000000000001,2.2,1.7999999999999998,55.0,44.99999999999999,220.0,53.37214944201843,335,110,0.0
1514,110,90,55.00000000000001,2.2,1.7999999999999998,55.0,44.99999999999999,220.0,53.37214944201843,335,110,0.0
1515,110,90,55.00000000000001,2.2,1.7999999999999998,55.0,44.99999999999999,220.0,53.37214944201843,335,110,0.0
1516,110,90,55.00000000000001,2.2,1.7999999999999998,55.0,44.99999999999999,220.0,53.37214944201843,335,110,0.0
1517,110,90,55.00000000000001,2.2,1.7999999999999998,55.0,44.99999999999999,220.0,53.37214944201843,335,110,0.0
1518,110,90,55.00000000000001,2.2,1.7999999999999998,55.0,44.99999999999999,220.0,53.37214944201843,335,110,0.0
1519,110,90,55.00000000000001,2.2,1.7999999999999998,55.0,44.99999999999999,220.0,53.37214944201843,336,110,0.0
1520,110,90,55.00000000000001,2.2,1.7999999999999998,55.0,44.99999999999999,220.0,53.37214944201843,336,110,0.0
1521,110,90,55.00000000000001,2.2,1.7999999999999998,55.0,44.99999999999999,220.0,53.37214944201843,336,110,0.0
1522,110,90,55.00000000000001,2.2,1.7999999999999998,55.0,44.99999999999999,220.0,53.37214944201843,336,110,0.0
1523,110,90,55.00000000000001,2.2,1.7999999999999998,55.0,44.99999999999999,220.0,53.37214944201843,336,110,0.0
1524,110,90,55.00000000000001,2.2,1.7999999999999998,55.0,44.99999999999999,220.0,53.37214944201843,336,110,0.0
1525,110,90,55.00000000000001,2.2,1.7999999999999998,55.0,44.99999999999999,220.0,53.37214944201843,337,110,0.0
1526,110,90,55.00000000000001,2.2,1.7999999999999998,55.0,44.99999999999999,220.0,53.37214944201843,337,110,0.0
1527,110,90,55.00000000000001,2.2,1.7999999999999998,55.0,44.99999999999999,220.0,53.37214944201843,337,110,0.0
1528,111,89,55.50000000000001,2.22,1.7799999999999998,55.50000000000001,44.49999999999999,222.00000000000003,53.857350800582246,338,111,2.0000000000000284
1529,111,89,55.50000000000001,2.22,1.7799999999999998,55.50000000000001,44.49999999999999,222.00000000000003,53.857350800582246,338,111,0.0
1530,111,89,55.50000000000001,2.22,1.7799999999999998,55.50000000000001,44.49999999999999,222.00000000000003,53.857350800582246,339,111,0.0
1531,111,89,55.50000000000001,2.22,1.7799999999999998,55.50000000000001,44.49999999999999,222.00000000000003,53.857350800582246,340,111,0.0
1532,111,89,55.50000000000001,2.22,1.7799999999999998,55.50000000000001,44.49999999999999,222.00000000000003,53.857350800582246,340,111,0.0
1533,111,89,55.50000000000001,2.22,1.7799999999999998,55.50000000000001,44.49999999999999,222.00000000000003,53.857350800582246,340,111,0.0
1534,111,89,55.50000000000001,2.22,1.7799999999999998,55.50000000000001,44.49999999999999,222.00000000000003,53.857350800582246,340,111,0.0
1535,111,89,55.50000000000001,2.22,1.7799999999999998,55.50000000000001,44.49999999999999,222.00000000000003,53.857350800582246,340,111,0.0
1536,111,89,55.50000000000001,2.22,1.7799999999999998,55.50000000000001,44.49999999999999,222.00000000000003,53.857350800582246,340,111,0.0
1537,111,89,55.50000000000001,2.22,1.7799999999999998,55.50000000000001,44.49999999999999,222.00000000000003,53.857350800582246,341,111,0.0
1538,111,89,55.50000000000001,2.22,1.7799999999999998,55.50000000000001,44.49999999999999,222.00000000000003,53.857350800582246,341,111,0.0
1539,111,89,55.50000000000001,2.22,1.7799999999999998,55.50000000000001,44.49999999999999,222.00000000000003,53.857350800582246,341,111,0.0
1540,112,88,56.00000000000001,2.24,1.7599999999999998,56.00000000000001,43.99999999999999,224.00000000000003,54.34255215914605,342,112,2.0
1541,112,88,56.00000000000001,2.24,1.7599999999999998,56.00000000000001,43.99999999999999,224.00000000000003,54.34255215914605,342,112,0.0
1542,112,88,56.00000000000001,2.24,1.7599999999999998,56.00000000000001,43.99999999999999,224.00000000000003,54.34255215914605,342,112,0.0
1543,112,88,56.00000000000001,2.24,1.7599999999999998,56.00000000000001,43.99999999999999,224.00000000000003,54.34255215914605,342,112,0.0
1544,112,88,56.00000000000001,2.24,1.7599999999999998,56.00000000000001,43.99999999999999,224.00000000000003,54.34255215914605,342,112,0.0
1545,112,88,56.00000000000001,2.24,1.7599999999999998,56.00000000000001,43.99999999999999,224.00000000000003,54.34255215914605,342,112,0.0
1546,112,88,56.00000000000001,2.24,1.7599999999999998,56.00000000000001,43.99999999999999,224.00000000000003,54.34255215914605,342,112,0.0
1547,112,88,56.00000000000001,2.24,1.7599999999999998,56.00000000000001,43.99999999999999,224.00000000000003,54.34255215914605,342,112,0.0
1548,112,88,56.00000000000001,2.24,1.7599999999999998,56.00000000000001,43.99999999999999,224.00000000000003,54.34255215914605,342,112,0.0
1549,112,88,56.00000000000001,2.24,1.7599999999999998,56.00000000000001,43.99999999999999,224.00000000000003,54.34255215914605,342,112,0.0
1550,112,88,56.00000000000001,2.24,1.7599999999999998,56.00000000000001,43.99999999999999,224.00000000000003,54.34255215914605,342,112,0.0
1551,112,88,56.00000000000001,2.24,1.7599999999999998,56.00000000000001,43.99999999999999,224.00000000000003,54.34255215914605,342,112,0.0
1552,112,88,56.00000000000001,2.24,1.7599999999999998,56.00000000000001,43.99999999999999,224.00000000000003,54.34255215914605,342,112,0.0
1553,112,88,56.00000000000001,2.24,1.7599999999999998,56.00000000000001,43.99999999999999,224.00000000000003,54.34255215914605,342,112,0.0
1554,112,88,56.00000000000001,2.24,1.7599999999999998,56.00000000000001,43.99999999999999,224.00000000000003,54.34255215914605,343,112,0.0
1555,112,88,56.00000000000001,2.24,1.7599999999999998,56.00000000000001,43.99999999999999,224.00000000000003,54.34255215914605,345,112,0.0
1556,112,88,56.00000000000001,2.24,1.7599999999999998,56.00000000000001,43.99999999999999,224.00000000000003,54.34255215914605,345,112,0.0
1557,112,88,56.00000000000001,2.24,1.7599999999999998,56.00000000000001,43.99999999999999,224.00000000000003,54.34255215914605,345,112,0.0
1558,112,88,56.00000000000001,2.24,1.7599999999999998,56.00000000000001,43.99999999999999,224.00000000000003,54.34255215914605,345,112,0.0
1559,112,88,56.00000000000001,2.24,1.7599999999999998,56.00000000000001,43.99999999999999,224.00000000000003,54.34255215914605,345,112,0.0
1560,112,88,56.00000000000001,2.24,1.7599999999999998,56.00000000000001,43.99999999999999,224.00000000000003,54.34255215914605,345,112,0.0
1561,112,88,56.00000000000001,2.24,1.7599999999999998,56.00000000000001,43.99999999999999,224.00000000000003,54.34255215914605,345,112,0.0
1562,112,88,56.00000000000001,2.24,1.7599999999999998,56.00000000000001,43.99999999999999,224.00000000000003,54.34255215914605,345,112,0.0
1563,112,88,56.00000000000001,2.24,1.7599999999999998,56.00000000000001,43.99999999999999,224.00000000000003,54.34255215914605,345,112,0.0
1564,112,88,56.00000000000001,2.24,1.7599999999999998,56.00000000000001,43.99999999999999,224.00000000000003,54.34255215914605,346,112,0.0
1565,112,88,56.00000000000001,2.24,1.7599999999999998,56.00000000000001,43.99999999999999,224.00000000000003,54.34255215914605,346,112,0.0
1566,112,88,56.00000000000001,2.24,1.7599999999999998,56.00000000000001,43.99999999999999,224.00000000000003,54.34255215914605,346,112,0.0
1567,112,88,56.00000000000001,2.24,1.7599999999999998,56.00000000000001,43.99999999999999,224.00000000000003,54.34255215914605,346,112,0.0
1568,112,88,56.00000000000001,2.24,1.7599999999999998,56.00000000000001,43.99999999999999,224.00000000000003,54.34255215914605,346,112,0.0
1569,112,88,56.00000000000001,2.24,1.7599999999999998,56.00000000000001,43.99999999999999,224.00000000000003,54.34255215914605,346,112,0.0
1570,112,88,56.00000000000001,2.24,1.7599999999999998,56.00000000000001,43.99999999999999,224.00000000000003,54.34255215914605,346,112,0.0
1571,112,88,56.00000000000001,2.24,1.7599999999999998,56.00000000000001,43.99999999999999,224.00000000000003,54.34255215914605,346,112,0.0
1572,112,88,56.00000000000001,2.24,1.7599999999999998,56.00000000000001,43.99999999999999,224.00000000000003,54.34255215914605,346,112,0.0
1573,112,88,56.00000000000001,2.24,1.7599999999999998,56.00000000000001,43.99999999999999,224.00000000000003,54.34255215914605,346,112,0.0
1574,112,88,56.00000000000001,2.24,1.7599999999999998,56.00000000000001,43.99999999999999,224.00000000000003,54.34255215914605,346,112,0.0
1575,112,88,56.00000000000001,2.24,1.7599999999999998,56.00000000000001,43.99999999999999,224.00000000000003,54.34255215914605,346,112,0.0
1576,112,88,56.00000000000001,2.24,1.7599999999999998,56.00000000000001,43.99999999999999,224.00000000000003,54.34255215914605,346,112,0.0
1577,112,88,56.00000000000001,2.24,1.7599999999999998,56.00000000000001,43.99999999999999,224.00000000000003,54.34255215914605,346,112,0.0
1578,112,88,56.00000000000001,2.24,1.7599999999999998,56.00000000000001,43.99999999999999,224.00000000000003,54.34255215914605,346,112,0.0
1579,112,88,56.00000000000001,2.24,1.7599999999999998,56.00000000000001,43.99999999999999,224.00000000000003,54.34255215914605,346,112,0.0
1580,112,88,56.00000000000001,2.24,1.7599999999999998,56.00000000000001,43.99999999999999,224.00000000000003,54.34255215914605,346,112,0.0
1581,112,88,56.00000000000001,2.24,1.7599999999999998,56.00000000000001,43.99999999999999,224.00000000000003,54.34255215914605,346,112,0.0
1582,112,88,56.00000000000001,2.24,1.7599999999999998,56.00000000000001,43.99999999999999,224.00000000000003,54.34255215914605,346,112,0.0
1583,112,88,56.00000000000001,2.24,1.7599999999999998,56.00000000000001,43.99999999999999,224.00000000000003,54.34255215914605,347,112,0.0
1584,112,88,56.00000000000001,2.24,1.7599999999999998,56.00000000000001,43.99999999999999,224.00000000000003,54.34255215914605,348,112,0.0
1585,112,88,56.00000000000001,2.24,1.7599999999999998,56.00000000000001,43.99999999999999,224.00000000000003,54.34255215914605,349,112,0.0
1586,112,88,56.00000000000001,2.24,1.7599999999999998,56.00000000000001,43.99999999999999,224.00000000000003,54.34255215914605,350,112,0.0
1587,112,88,56.00000000000001,2.24,1.7599999999999998,56.00000000000001,43.99999999999999,224.00000000000003,54.34255215914605,351,112,0.0
1588,112,88,56.00000000000001,2.24,1.7599999999999998,56.00000000000001,43.99999999999999,224.00000000000003,54.34255215914605,351,112,0.0
1589,112,88,56.00000000000001,2.24,1.7599999999999998,56.00000000000001,43.99999999999999,224.00000000000003,54.34255215914605,351,112,0.0
1590,112,88,56.00000000000001,2.24,1.7599999999999998,56.00000000000001,43.99999999999999,224.00000000000003,54.34255215914605,351,112,0.0
1591,112,88,56.00000000000001,2.24,1.7599999999999998,56.00000000000001,43.99999999999999,224.00000000000003,54.34255215914605,351,112,0.0
1592,112,88,56.00000000000001,2.24,1.7599999999999998,56.00000000000001,43.99999999999999,224.00000000000003,54.34255215914605,351,112,0.0
1593,112,88,56.00000000000001,2.24,1.7599999999999998,56.00000000000001,43.99999999999999,224.00000000000003,54.34255215914605,351,112,0.0
1594,112,88,56.00000000000001,2.24,1.7599999999999998,56.00000000000001,43.99999999999999,224.00000000000003,54.34255215914605,351,112,0.0
1595,112,88,56.00000000000001,2.24,1.7599999999999998,56.00000000000001,43.99999999999999,224.00000000000003,54.34255215914605,351,112,0.0
1596,112,88,56.00000000000001,2.24,1.7599999999999998,56.00000000000001,43.99999999999999,224.00000000000003,54.34255215914605,351,112,0.0
1597,112,88,56.00000000000001,2.24,1.7599999999999998,56.00000000000001,43.99999999999999,224.00000000000003,54.34255215914605,351,112,0.0
1598,112,88,56.00000000000001,2.24,1.7599999999999998,56.00000000000001,43.99999999999999,224.00000000000003,54.34255215914605,351,112,0.0
1599,112,88,56.00000000000001,2.24,1.7599999999999998,56.00000000000001,43.99999999999999,224.00000000000003,54.34255215914605,351,112,0.0
1600,112,88,56.00000000000001,2.24,1.7599999999999998,56.00000000000001,43.99999999999999,224.00000000000003,54.34255215914605,351,112,0.0
1601,112,88,56.00000000000001,2.24,1.7599999999999998,56.00000000000001,43.99999999999999,224.00000000000003,54.34255215914605,352,112,0.0
1602,112,88,56.00000000000001,2.24,1.7599999999999998,56.00000000000001,43.99999999999999,224.00000000000003,54.34255215914605,352,112,0.0
1603,112,88,56.00000000000001,2.24,1.7599999999999998,56.00000000000001,43.99999999999999,224.00000000000003,54.34255215914605,352,112,0.0
1604,112,88,56.00000000000001,2.24,1.7599999999999998,56.00000000000001,43.99999999999999,224.00000000000003,54.34255215914605,352,112,0.0
1605,112,88,56.00000000000001,2.24,1.7599999999999998,56.00000000000001,43.99999999999999,224.00000000000003,54.34255215914605,352,112,0.0
1606,112,88,56.00000000000001,2.24,1.7599999999999998,56.00000000000001,43.99999999999999,224.00000000000003,54.34255215914605,352,112,0.0
1607,112,88,56.00000000000001,2.24,1.7599999999999998,56.00000000000001,43.99999999999999,224.00000000000003,54.34255215914605,352,112,0.0
1608,112,88,56.00000000000001,2.24,1.7599999999999998,56.00000000000001,43.99999999999999,224.00000000000003,54.34255215914605,352,112,0.0
1609,112,88,56.00000000000001,2.24,1.7599999999999998,56.00000000000001,43.99999999999999,224.00000000000003,54.34255215914605,352,112,0.0
1610,113,87,56.49999999999999,2.2600000000000002,1.7399999999999998,56.50000000000001,43.49999999999999,226.00000000000003,54.82775351770985,353,113,2.0
1611,113,87,56.49999999999999,2.2600000000000002,1.7399999999999998,56.50000000000001,43.49999999999999,226.00000000000003,54.82775351770985,353,113,0.0
1612,113,87,56.49999999999999,2.2600000000000002,1.7399999999999998,56.50000000000001,43.49999999999999,226.00000000000003,54.82775351770985,353,113,0.0
1613,113,87,56.49999999999999,2.2600000000000002,1.7399999999999998,56.50000000000001,43.49999999999999,226.00000000000003,54.82775351770985,353,113,0.0
1614,113,87,56.49999999999999,2.2600000000000002,1.7399999999999998,56.50000000000001,43.49999999999999,226.00000000000003,54.82775351770985,354,113,0.0
1615,113,87,56.49999999999999,2.2600000000000002,1.7399999999999998,56.50000000000001,43.49999999999999,226.00000000000003,54.82775351770985,355,113,0.0
1616,113,87,56.49999999999999,2.2600000000000002,1.7399999999999998,56.50000000000001,43.49999999999999,226.00000000000003,54.82775351770985,356,113,0.0
1617,113,87,56.49999999999999,2.2600000000000002,1.7399999999999998,56.50000000000001,43.49999999999999,226.00000000000003,54.82775351770985,357,113,0.0
1618,113,87,56.49999999999999,2.2600000000000002,1.7399999999999998,56.50000000000001,43.49999999999999,226.00000000000003,54.82775351770985,358,113,0.0
1619,113,87,56.49999999999999,2.2600000000000002,1.7399999999999998,56.50000000000001,43.49999999999999,226.00000000000003,54.82775351770985,359,113,0.0
1620,113,87,56.49999999999999,2.2600000000000002,1.7399999999999998,56.50000000000001,43.49999999999999,226.00000000000003,54.82775351770985,359,113,0.0
1621,113,87,56.49999999999999,2.2600000000000002,1.7399999999999998,56.50000000000001,43.49999999999999,226.00000000000003,54.82775351770985,360,113,0.0
1622,113,87,56.49999999999999,2.2600000000000002,1.7399999999999998,56.50000000000001,43.49999999999999,226.00000000000003,54.82775351770985,360,113,0.0
1623,113,87,56.49999999999999,2.2600000000000002,1.7399999999999998,56.50000000000001,43.49999999999999,226.00000000000003,54.82775351770985,360,113,0.0
1624,113,87,56.49999999999999,2.2600000000000002,1.7399999999999998,56.50000000000001,43.49999999999999,226.00000000000003,54.82775351770985,360,113,0.0
1625,113,87,56.49999999999999,2.2600000000000002,1.7399999999999998,56.50000000000001,43.49999999999999,226.00000000000003,54.82775351770985,361,113,0.0
1626,113,87,56.49999999999999,2.2600000000000002,1.7399999999999998,56.50000000000001,43.49999999999999,226.00000000000003,54.82775351770985,361,113,0.0
1627,113,87,56.49999999999999,2.2600000000000002,1.7399999999999998,56.50000000000001,43.49999999999999,226.00000000000003,54.82775351770985,361,113,0.0
1628,113,87,56.49999999999999,2.2600000000000002,1.7399999999999998,56.50000000000001,43.49999999999999,226.00000000000003,54.82775351770985,361,113,0.0
1629,113,87,56.49999999999999,2.2600000000000002,1.7399999999999998,56.50000000000001,43.49999999999999,226.00000000000003,54.82775351770985,361,113,0.0
1630,113,87,56.49999999999999,2.2600000000000002,1.7399999999999998,56.50000000000001,43.49999999999999,226.00000000000003,54.82775351770985,361,113,0.0
1631,113,87,56.49999999999999,2.2600000000000002,1.7399999999999998,56.50000000000001,43.49999999999999,226.00000000000003,54.82775351770985,361,113,0.0
1632,113,87,56.49999999999999,2.2600000000000002,1.7399999999999998,56.50000000000001,43.49999999999999,226.00000000000003,54.82775351770985,361,113,0.0
1633,113,87,56.49999999999999,2.2600000000000002,1.7399999999999998,56.50000000000001,43.49999999999999,226.00000000000003,54.82775351770985,361,113,0.0
1634,113,87,56.49999999999999,2.2600000000000002,1.7399999999999998,56.50000000000001,43.49999999999999,226.00000000000003,54.82775351770985,361,113,0.0
1635,113,87,56.49999999999999,2.2600000000000002,1.7399999999999998,56.50000000000001,43.49999999999999,226.00000000000003,54.82775351770985,361,113,0.0
1636,113,87,56.49999999999999,2.2600000000000002,1.7399999999999998,56.50000000000001,43.49999999999999,226.00000000000003,54.82775351770985,361,113,0.0
1637,113,87,56.49999999999999,2.2600000000000002,1.7399999999999998,56.50000000000001,43.49999999999999,226.00000000000003,54.82775351770985,361,113,0.0
1638,113,87,56.49999999999999,2.2600000000000002,1.7399999999999998,56.50000000000001,43.49999999999999,226.00000000000003,54.82775351770985,361,113,0.0
1639,113,87,56.49999999999999,2.2600000000000002,1.7399999999999998,56.50000000000001,43.49999999999999,226.00000000000003,54.82775351770985,361,113,0.0
1640,113,87,56.49999999999999,2.2600000000000002,1.7399999999999998,56.50000000000001,43.49999999999999,226.00000000000003,54.82775351770985,361,113,0.0
1641,113,87,56.49999999999999,2.2600000000000002,1.7399999999999998,56.50000000000001,43.49999999999999,226.00000000000003,54.82775351770985,361,113,0.0
1642,113,87,56.49999999999999,2.2600000000000002,1.7399999999999998,56.50000000000001,43.49999999999999,226.00000000000003,54.82775351770985,362,113,0.0
1643,113,87,56.49999999999999,2.2600000000000002,1.7399999999999998,56.50000000000001,43.49999999999999,226.00000000000003,54.82775351770985,362,113,0.0
1644,113,87,56.49999999999999,2.2600000000000002,1.7399999999999998,56.50000000000001,43.49999999999999,226.00000000000003,54.82775351770985,363,113,0.0
1645,113,87,56.49999999999999,2.2600000000000002,1.7399999999999998,56.50000000000001,43.49999999999999,226.00000000000003,54.82775351770985,363,113,0.0
1646,113,87,56.49999999999999,2.2600000000000002,1.7399999999999998,56.50000000000001,43.49999999999999,226.00000000000003,54.82775351770985,364,113,0.0
1647,113,87,56.49999999999999,2.2600000000000002,1.7399999999999998,56.50000000000001,43.49999999999999,226.00000000000003,54.82775351770985,364,113,0.0
1648,113,87,56.49999999999999,2.2600000000000002,1.7399999999999998,56.50000000000001,43.49999999999999,226.00000000000003,54.82775351770985,364,113,0.0
1649,113,87,56.49999999999999,2.2600000000000002,1.7399999999999998,56.50000000000001,43.49999999999999,226.00000000000003,54.82775351770985,364,113,0.0
1650,113,87,56.49999999999999,2.2600000000000002,1.7399999999999998,56.50000000000001,43.49999999999999,226.00000000000003,54.82775351770985,364,113,0.0
1651,113,87,56.49999999999999,2.2600000000000002,1.7399999999999998,56.50000000000001,43.49999999999999,226.00000000000003,54.82775351770985,364,113,0.0
1652,113,87,56.49999999999999,2.2600000000000002,1.7399999999999998,56.50000000000001,43.49999999999999,226.00000000000003,54.82775351770985,364,113,0.0
1653,113,87,56.49999999999999,2.2600000000000002,1.7399999999999998,56.50000000000001,43.49999999999999,226.00000000000003,54.82775351770985,365,113,0.0
1654,113,87,56.49999999999999,2.2600000000000002,1.7399999999999998,56.50000000000001,43.49999999999999,226.00000000000003,54.82775351770985,365,113,0.0
1655,113,87,56.49999999999999,2.2600000000000002,1.7399999999999998,56.50000000000001,43.49999999999999,226.00000000000003,54.82775351770985,365,113,0.0
1656,113,87,56.49999999999999,2.2600000000000002,1.7399999999999998,56.50000000000001,43.49999999999999,226.00000000000003,54.82775351770985,365,113,0.0
1657,113,87,56.49999999999999,2.2600000000000002,1.7399999999999998,56.50000000000001,43.49999999999999,226.00000000000003,54.82775351770985,366,113,0.0
1658,113,87,56.49999999999999,2.2600000000000002,1.7399999999999998,56.50000000000001,43.49999999999999,226.00000000000003,54.82775351770985,367,113,0.0
1659,113,87,56.49999999999999,2.2600000000000002,1.7399999999999998,56.50000000000001,43.49999999999999,226.00000000000003,54.82775351770985,368,113,0.0
1660,113,87,56.49999999999999,2.2600000000000002,1.7399999999999998,56.50000000000001,43.49999999999999,226.00000000000003,54.82775351770985,368,113,0.0
1661,113,87,56.49999999999999,2.2600000000000002,1.7399999999999998,56.50000000000001,43.49999999999999,226.00000000000003,54.82775351770985,368,113,0.0
1662,113,87,56.49999999999999,2.2600000000000002,1.7399999999999998,56.50000000000001,43.49999999999999,226.00000000000003,54.82775351770985,368,113,0.0
1663,113,87,56.49999999999999,2.2600000000000002,1.7399999999999998,56.50000000000001,43.49999999999999,226.00000000000003,54.82775351770985,368,113,0.0
1664,113,87,56.49999999999999,2.2600000000000002,1.7399999999999998,56.50000000000001,43.49999999999999,226.00000000000003,54.82775351770985,368,113,0.0
1665,114,86,56.99999999999999,2.2800000000000002,1.7199999999999998,57.00000000000001,42.99999999999999,228.00000000000003,55.31295487627366,369,114,2.0
1666,114,86,56.99999999999999,2.2800000000000002,1.7199999999999998,57.00000000000001,42.99999999999999,228.00000000000003,55.31295487627366,370,114,0.0
1667,114,86,56.99999999999999,2.2800000000000002,1.7199999999999998,57.00000000000001,42.99999999999999,228.00000000000003,55.31295487627366,370,114,0.0
1668,114,86,56.99999999999999,2.2800000000000002,1.7199999999999998,57.00000000000001,42.99999999999999,228.00000000000003,55.31295487627366,371,114,0.0
1669,114,86,56.99999999999999,2.2800000000000002,1.7199999999999998,57.00000000000001,42.99999999999999,228.00000000000003,55.31295487627366,371,114,0.0
1670,114,86,56.99999999999999,2.2800000000000002,1.7199999999999998,57.00000000000001,42.99999999999999,228.00000000000003,55.31295487627366,371,114,0.0
1671,114,86,56.99999999999999,2.2800000000000002,1.7199999999999998,57.00000000000001,42.99999999999999,228.00000000000003,55.31295487627366,371,114,0.0
1672,114,86,56.99999999999999,2.2800000000000002,1.7199999999999998,57.00000000000001,42.99999999999999,228.00000000000003,55.31295487627366,371,114,0.0
1673,114,86,56.99999999999999,2.2800000000000002,1.7199999999999998,57.00000000000001,42.99999999999999,228.00000000000003,55.31295487627366,371,114,0.0
1674,114,86,56.99999999999999,2.2800000000000002,1.7199999999999998,57.00000000000001,42.99999999999999,228.00000000000003,55.31295487627366,371,114,0.0
1675,114,86,56.99999999999999,2.2800000000000002,1.7199999999999998,57.00000000000001,42.99999999999999,228.00000000000003,55.31295487627366,372,114,0.0
1676,114,86,56.99999999999999,2.2800000000000002,1.7199999999999998,57.00000000000001,42.99999999999999,228.00000000000003,55.31295487627366,372,114,0.0
1677,114,86,56.99999999999999,2.2800000000000002,1.7199999999999998,57.00000000000001,42.99999999999999,228.00000000000003,55.31295487627366,372,114,0.0
1678,114,86,56.99999999999999,2.2800000000000002,1.7199999999999998,57.00000000000001,42.99999999999999,228.00000000000003,55.31295487627366,373,114,0.0
1679,114,86,56.99999999999999,2.2800000000000002,1.7199999999999998,57.00000000000001,42.99999999999999,228.00000000000003,55.31295487627366,373,114,0.0
1680,114,86,56.99999999999999,2.2800000000000002,1.7199999999999998,57.00000000000001,42.99999999999999,228.00000000000003,55.31295487627366,373,114,0.0
1681,114,86,56.99999999999999,2.2800000000000002,1.7199999999999998,57.00000000000001,42.99999999999999,228.00000000000003,55.31295487627366,373,114,0.0
1682,114,86,56.99999999999999,2.2800000000000002,1.7199999999999998,57.00000000000001,42.99999999999999,228.00000000000003,55.31295487627366,373,114,0.0
1683,114,86,56.99999999999999,2.2800000000000002,1.7199999999999998,57.00000000000001,42.99999999999999,228.00000000000003,55.31295487627366,373,114,0.0
1684,114,86,56.99999999999999,2.2800000000000002,1.7199999999999998,57.00000000000001,42.99999999999999,228.00000000000003,55.31295487627366,373,114,0.0
1685,114,86,56.99999999999999,2.2800000000000002,1.7199999999999998,57.00000000000001,42.99999999999999,228.00000000000003,55.31295487627366,373,114,0.0
1686,114,86,56.99999999999999,2.2800000000000002,1.7199999999999998,57.00000000000001,42.99999999999999,228.00000000000003,55.31295487627366,373,114,0.0
1687,114,86,56.99999999999999,2.2800000000000002,1.7199999999999998,57.00000000000001,42.99999999999999,228.00000000000003,55.31295487627366,373,114,0.0
1688,114,86,56.99999999999999,2.2800000000000002,1.7199999999999998,57.00000000000001,42.99999999999999,228.00000000000003,55.31295487627366,373,114,0.0
1689,114,86,56.99999999999999,2.2800000000000002,1.7199999999999998,57.00000000000001,42.99999999999999,228.00000000000003,55.31295487627366,373,114,0.0
1690,114,86,56.99999999999999,2.2800000000000002,1.7199999999999998,57.00000000000001,42.99999999999999,228.00000000000003,55.31295487627366,373,114,0.0
1691,114,86,56.99999999999999,2.2800000000000002,1.7199999999999998,57.00000000000001,42.99999999999999,228.00000000000003,55.31295487627366,374,114,0.0
1692,114,86,56.99999999999999,2.2800000000000002,1.7199999999999998,57.00000000000001,42.99999999999999,228.00000000000003,55.31295487627366,374,114,0.0
1693,115,85,57.49999999999999,2.3000000000000003,1.6999999999999997,57.50000000000001,42.49999999999999,230.00000000000003,55.79815623483747,375,115,2.0
1694,115,85,57.49999999999999,2.3000000000000003,1.6999999999999997,57.50000000000001,42.49999999999999,230.00000000000003,55.79815623483747,375,115,0.0
1695,115,85,57.49999999999999,2.3000000000000003,1.6999999999999997,57.50000000000001,42.49999999999999,230.00000000000003,55.79815623483747,375,115,0.0
1696,115,85,57.49999999999999,2.3000000000000003,1.6999999999999997,57.50000000000001,42.49999999999999,230.00000000000003,55.79815623483747,376,115,0.0
1697,115,85,57.49999999999999,2.3000000000000003,1.6999999999999997,57.50000000000001,42.49999999999999,230.00000000000003,55.79815623483747,378,115,0.0
1698,115,85,57.49999999999999,2.3000000000000003,1.6999999999999997,57.50000000000001,42.49999999999999,230.00000000000003,55.79815623483747,378,115,0.0
1699,115,85,57.49999999999999,2.3000000000000003,1.6999999999999997,57.50000000000001,42.49999999999999,230.00000000000003,55.79815623483747,378,115,0.0
1700,115,85,57.49999999999999,2.3000000000000003,1.6999999999999997,57.50000000000001,42.49999999999999,230.00000000000003,55.79815623483747,378,115,0.0
1701,115,85,57.49999999999999,2.3000000000000003,1.6999999999999997,57.50000000000001,42.49999999999999,230.00000000000003,55.79815623483747,378,115,0.0
1702,115,85,57.49999999999999,2.3000000000000003,1.6999999999999997,57.50000000000001,42.49999999999999,230.00000000000003,55.79815623483747,378,115,0.0
1703,116,84,57.99999999999999,2.32,1.6800000000000002,57.99999999999999,42.0,231.99999999999997,56.28335759340125,379,116,1.9999999999999432
1704,116,84,57.99999999999999,2.32,1.6800000000000002,57.99999999999999,42.0,231.99999999999997,56.28335759340125,379,116,0.0
1705,116,84,57.99999999999999,2.32,1.6800000000000002,57.99999999999999,42.0,231.99999999999997,56.28335759340125,379,116,0.0
1706,116,84,57.99999999999999,2.32,1.6800000000000002,57.99999999999999,42.0,231.99999999999997,56.28335759340125,379,116,0.0
1707,116,84,57.99999999999999,2.32,1.6800000000000002,57.99999999999999,42.0,231.99999999999997,56.28335759340125,379,116,0.0
1708,116,84,57.99999999999999,2.32,1.6800000000000002,57.99999999999999,42.0,231.99999999999997,56.28335759340125,379,116,0.0
1709,116,84,57.99999999999999,2.32,1.6800000000000002,57.99999999999999,42.0,231.99999999999997,56.28335759340125,379,116,0.0
1710,116,84,57.99999999999999,2.32,1.6800000000000002,57.99999999999999,42.0,231.99999999999997,56.28335759340125,379,116,0.0
1711,116,84,57.99999999999999,2.32,1.6800000000000002,57.99999999999999,42.0,231.99999999999997,56.28335759340125,380,116,0.0
1712,117,83,58.5,2.34,1.6600000000000001,58.49999999999999,41.5,233.99999999999997,56.76855895196506,381,117,2.0
1713,117,83,58.5,2.34,1.6600000000000001,58.49999999999999,41.5,233.99999999999997,56.76855895196506,381,117,0.0
1714,117,83,58.5,2.34,1.6600000000000001,58.49999999999999,41.5,233.99999999999997,56.76855895196506,381,117,0.0
1715,117,83,58.5,2.34,1.6600000000000001,58.49999999999999,41.5,233.99999999999997,56.76855895196506,381,117,0.0
1716,117,83,58.5,2.34,1.6600000000000001,58.49999999999999,41.5,233.99999999999997,56.76855895196506,381,117,0.0
1717,117,83,58.5,2.34,1.6600000000000001,58.49999999999999,41.5,233.99999999999997,56.76855895196506,381,117,0.0
1718,117,83,58.5,2.34,1.6600000000000001,58.49999999999999,41.5,233.99999999999997,56.76855895196506,381,117,0.0
1719,117,83,58.5,2.34,1.6600000000000001,58.49999999999999,41.5,233.99999999999997,56.76855895196506,381,117,0.0
1720,117,83,58.5,2.34,1.6600000000000001,58.49999999999999,41.5,233.99999999999997,56.76855895196506,381,117,0.0
1721,117,83,58.5,2.34,1.6600000000000001,58.49999999999999,41.5,233.99999999999997,56.76855895196506,381,117,0.0
1722,117,83,58.5,2.34,1.6600000000000001,58.49999999999999,41.5,233.99999999999997,56.76855895196506,381,117,0.0
1723,117,83,58.5,2.34,1.6600000000000001,58.49999999999999,41.5,233.99999999999997,56.76855895196506,381,117,0.0
1724,117,83,58.5,2.34,1.6600000000000001,58.49999999999999,41.5,233.99999999999997,56.76855895196506,381,117,0.0
1725,117,83,58.5,2.34,1.6600000000000001,58.49999999999999,41.5,233.99999999999997,56.76855895196506,381,117,0.0
1726,117,83,58.5,2.34,1.6600000000000001,58.49999999999999,41.5,233.99999999999997,56.76855895196506,381,117,0.0
1727,117,83,58.5,2.34,1.6600000000000001,58.49999999999999,41.5,233.99999999999997,56.76855895196506,381,117,0.0
1728,117,83,58.5,2.34,1.6600000000000001,58.49999999999999,41.5,233.99999999999997,56.76855895196506,381,117,0.0
1729,117,83,58.5,2.34,1.6600000000000001,58.49999999999999,41.5,233.99999999999997,56.76855895196506,381,117,0.0
1730,117,83,58.5,2.34,1.6600000000000001,58.49999999999999,41.5,233.99999999999997,56.76855895196506,381,117,0.0
1731,117,83,58.5,2.34,1.6600000000000001,58.49999999999999,41.5,233.99999999999997,56.76855895196506,381,117,0.0
1732,117,83,58.5,2.34,1.6600000000000001,58.49999999999999,41.5,233.99999999999997,56.76855895196506,381,117,0.0
1733,117,83,58.5,2.34,1.6600000000000001,58.49999999999999,41.5,233.99999999999997,56.76855895196506,381,117,0.0
1734,117,83,58.5,2.34,1.6600000000000001,58.49999999999999,41.5,233.99999999999997,56.76855895196506,381,117,0.0
1735,117,83,58.5,2.34,1.6600000000000001,58.49999999999999,41.5,233.99999999999997,56.76855895196506,382,117,0.0
1736,117,83,58.5,2.34,1.6600000000000001,58.49999999999999,41.5,233.99999999999997,56.76855895196506,382,117,0.0
1737,117,83,58.5,2.34,1.6600000000000001,58.49999999999999,41.5,233.99999999999997,56.76855895196506,382,117,0.0
1738,117,83,58.5,2.34,1.6600000000000001,58.49999999999999,41.5,233.99999999999997,56.76855895196506,382,117,0.0
1739,117,83,58.5,2.34,1.6600000000000001,58.49999999999999,41.5,233.99999999999997,56.76855895196506,382,117,0.0
1740,117,83,58.5,2.34,1.6600000000000001,58.49999999999999,41.5,233.99999999999997,56.76855895196506,382,117,0.0
1741,117,83,58.5,2.34,1.6600000000000001,58.49999999999999,41.5,233.99999999999997,56.76855895196506,382,117,0.0
1742,117,83,58.5,2.34,1.6600000000000001,58.49999999999999,41.5,233.99999999999997,56.76855895196506,382,117,0.0
1743,117,83,58.5,2.34,1.6600000000000001,58.49999999999999,41.5,233.99999999999997,56.76855895196506,382,117,0.0
1744,117,83,58.5,2.34,1.6600000000000001,58.49999999999999,41.5,233.99999999999997,56.76855895196506,382,117,0.0
1745,117,83,58.5,2.34,1.6600000000000001,58.49999999999999,41.5,233.99999999999997,56.76855895196506,382,117,0.0
1746,117,83,58.5,2.34,1.6600000000000001,58.49999999999999,41.5,233.99999999999997,56.76855895196506,382,117,0.0
1747,117,83,58.5,2.34,1.6600000000000001,58.49999999999999,41.5,233.99999999999997,56.76855895196506,382,117,0.0
1748,117,83,58.5,2.34,1.6600000000000001,58.49999999999999,41.5,233.99999999999997,56.76855895196506,382,117,0.0
1749,117,83,58.5,2.34,1.6600000000000001,58.49999999999999,41.5,233.99999999999997,56.76855895196506,382,117,0.0
1750,117,83,58.5,2.34,1.6600000000000001,58.49999999999999,41.5,233.99999999999997,56.76855895196506,382,117,0.0
1751,117,83,58.5,2.34,1.6600000000000001,58.49999999999999,41.5,233.99999999999997,56.76855895196506,382,117,0.0
1752,117,83,58.5,2.34,1.6600000000000001,58.49999999999999,41.5,233.99999999999997,56.76855895196506,382,117,0.0
1753,117,83,58.5,2.34,1.6600000000000001,58.49999999999999,41.5,233.99999999999997,56.76855895196506,382,117,0.0
1754,117,83,58.5,2.34,1.6600000000000001,58.49999999999999,41.5,233.99999999999997,56.76855895196506,382,117,0.0
1755,117,83,58.5,2.34,1.6600000000000001,58.49999999999999,41.5,233.99999999999997,56.76855895196506,382,117,0.0
1756,117,83,58.5,2.34,1.6600000000000001,58.49999999999999,41.5,233.99999999999997,56.76855895196506,382,117,0.0
1757,118,82,59.0,2.36,1.6400000000000001,58.99999999999999,41.0,235.99999999999997,57.25376031052887,383,118,2.0
1758,118,82,59.0,2.36,1.6400000000000001,58.99999999999999,41.0,235.99999999999997,57.25376031052887,383,118,0.0
1759,118,82,59.0,2.36,1.6400000000000001,58.99999999999999,41.0,235.99999999999997,57.25376031052887,383,118,0.0
1760,118,82,59.0,2.36,1.6400000000000001,58.99999999999999,41.0,235.99999999999997,57.25376031052887,383,118,0.0
1761,118,82,59.0,2.36,1.6400000000000001,58.99999999999999,41.0,235.99999999999997,57.25376031052887,383,118,0.0
1762,118,82,59.0,2.36,1.6400000000000001,58.99999999999999,41.0,235.99999999999997,57.25376031052887,383,118,0.0
1763,118,82,59.0,2.36,1.6400000000000001,58.99999999999999,41.0,235.99999999999997,57.25376031052887,383,118,0.0
1764,118,82,59.0,2.36,1.6400000000000001,58.99999999999999,41.0,235.99999999999997,57.25376031052887,383,118,0.0
1765,118,82,59.0,2.36,1.6400000000000001,58.99999999999999,41.0,235.99999999999997,57.25376031052887,383,118,0.0
1766,118,82,59.0,2.36,1.6400000000000001,58.99999999999999,41.0,235.99999999999997,57.25376031052887,383,118,0.0
1767,118,82,59.0,2.36,1.6400000000000001,58.99999999999999,41.0,235.99999999999997,57.25376031052887,383,118,0.0
1768,118,82,59.0,2.36,1.6400000000000001,58.99999999999999,41.0,235.99999999999997,57.25376031052887,383,118,0.0
1769,118,82,59.0,2.36,1.6400000000000001,58.99999999999999,41.0,235.99999999999997,57.25376031052887,383,118,0.0
1770,118,82,59.0,2.36,1.6400000000000001,58.99999999999999,41.0,235.99999999999997,57.25376031052887,383,118,0.0
1771,118,82,59.0,2.36,1.6400000000000001,58.99999999999999,41.0,235.99999999999997,57.25376031052887,383,118,0.0
1772,118,82,59.0,2.36,1.6400000000000001,58.99999999999999,41.0,235.99999999999997,57.25376031052887,383,118,0.0
1773,118,82,59.0,2.36,1.6400000000000001,58.99999999999999,41.0,235.99999999999997,57.25376031052887,383,118,0.0
1774,118,82,59.0,2.36,1.6400000000000001,58.99999999999999,41.0,235.99999999999997,57.25376031052887,383,118,0.0
1775,118,82,59.0,2.36,1.6400000000000001,58.99999999999999,41.0,235.99999999999997,57.25376031052887,383,118,0.0
1776,118,82,59.0,2.36,1.6400000000000001,58.99999999999999,41.0,235.99999999999997,57.25376031052887,383,118,0.0
1777,118,82,59.0,2.36,1.6400000000000001,58.99999999999999,41.0,235.99999999999997,57.25376031052887,383,118,0.0
1778,118,82,59.0,2.36,1.6400000000000001,58.99999999999999,41.0,235.99999999999997,57.25376031052887,383,118,0.0
1779,118,82,59.0,2.36,1.6400000000000001,58.99999999999999,41.0,235.99999999999997,57.25376031052887,383,118,0.0
1780,118,82,59.0,2.36,1.6400000000000001,58.99999999999999,41.0,235.99999999999997,57.25376031052887,383,118,0.0
1781,118,82,59.0,2.36,1.6400000000000001,58.99999999999999,41.0,235.99999999999997,57.25376031052887,383,118,0.0
1782,118,82,59.0,2.36,1.6400000000000001,58.99999999999999,41.0,235.99999999999997,57.25376031052887,384,118,0.0
1783,118,82,59.0,2.36,1.6400000000000001,58.99999999999999,41.0,235.99999999999997,57.25376031052887,385,118,0.0
1784,118,82,59.0,2.36,1.6400000000000001,58.99999999999999,41.0,235.99999999999997,57.25376031052887,386,118,0.0
1785,118,82,59.0,2.36,1.6400000000000001,58.99999999999999,41.0,235.99999999999997,57.25376031052887,387,118,0.0
1786,118,82,59.0,2.36,1.6400000000000001,58.99999999999999,41.0,235.99999999999997,57.25376031052887,387,118,0.0
1787,118,82,59.0,2.36,1.6400000000000001,58.99999999999999,41.0,235.99999999999997,57.25376031052887,388,118,0.0
1788,118,82,59.0,2.36,1.6400000000000001,58.99999999999999,41.0,235.99999999999997,57.25376031052887,390,118,0.0
1789,119,81,59.5,2.38,1.62,59.49999999999999,40.5,237.99999999999997,57.73896166909267,391,119,2.0
1790,119,81,59.5,2.38,1.62,59.49999999999999,40.5,237.99999999999997,57.73896166909267,392,119,0.0
1791,119,81,59.5,2.38,1.62,59.49999999999999,40.5,237.99999999999997,57.73896166909267,392,119,0.0
1792,119,81,59.5,2.38,1.62,59.49999999999999,40.5,237.99999999999997,57.73896166909267,392,119,0.0
1793,119,81,59.5,2.38,1.62,59.49999999999999,40.5,237.99999999999997,57.73896166909267,393,119,0.0
1794,119,81,59.5,2.38,1.62,59.49999999999999,40.5,237.99999999999997,57.73896166909267,393,119,0.0
1795,119,81,59.5,2.38,1.62,59.49999999999999,40.5,237.99999999999997,57.73896166909267,393,119,0.0
1796,119,81,59.5,2.38,1.62,59.49999999999999,40.5,237.99999999999997,57.73896166909267,393,119,0.0
1797,119,81,59.5,2.38,1.62,59.49999999999999,40.5,237.99999999999997,57.73896166909267,393,119,0.0
1798,119,81,59.5,2.38,1.62,59.49999999999999,40.5,237.99999999999997,57.73896166909267,393,119,0.0
1799,119,81,59.5,2.38,1.62,59.49999999999999,40.5,237.99999999999997,57.73896166909267,393,119,0.0
1800,119,81,59.5,2.38,1.62,59.49999999999999,40.5,237.99999999999997,57.73896166909267,393,119,0.0
1801,119,81,59.5,2.38,1.62,59.49999999999999,40.5,237.99999999999997,57.73896166909267,393,119,0.0
1802,119,81,59.5,2.38,1.62,59.49999999999999,40.5,237.99999999999997,57.73896166909267,393,119,0.0
1803,119,81,59.5,2.38,1.62,59.49999999999999,40.5,237.99999999999997,57.73896166909267,393,119,0.0
1804,119,81,59.5,2.38,1.62,59.49999999999999,40.5,237.99999999999997,57.73896166909267,393,119,0.0
1805,119,81,59.5,2.38,1.62,59.49999999999999,40.5,237.99999999999997,57.73896166909267,393,119,0.0
1806,119,81,59.5,2.38,1.62,59.49999999999999,40.5,237.99999999999997,57.73896166909267,393,119,0.0
1807,119,81,59.5,2.38,1.62,59.49999999999999,40.5,237.99999999999997,57.73896166909267,393,119,0.0
1808,119,81,59.5,2.38,1.62,59.49999999999999,40.5,237.99999999999997,57.73896166909267,393,119,0.0
1809,119,81,59.5,2.38,1.62,59.49999999999999,40.5,237.99999999999997,57.73896166909267,393,119,0.0
1810,119,81,59.5,2.38,1.62,59.49999999999999,40.5,237.99999999999997,57.73896166909267,393,119,0.0
1811,119,81,59.5,2.38,1.62,59.49999999999999,40.5,237.99999999999997,57.73896166909267,394,119,0.0
1812,119,81,59.5,2.38,1.62,59.49999999999999,40.5,237.99999999999997,57.73896166909267,394,119,0.0
1813,119,81,59.5,2.38,1.62,59.49999999999999,40.5,237.99999999999997,57.73896166909267,394,119,0.0
1814,119,81,59.5,2.38,1.62,59.49999999999999,40.5,237.99999999999997,57.73896166909267,395,119,0.0
1815,119,81,59.5,2.38,1.62,59.49999999999999,40.5,237.99999999999997,57.73896166909267,396,119,0.0
1816,119,81,59.5,2.38,1.62,59.49999999999999,40.5,237.99999999999997,57.73896166909267,397,119,0.0
1817,119,81,59.5,2.38,1.62,59.49999999999999,40.5,237.99999999999997,57.73896166909267,397,119,0.0
1818,119,81,59.5,2.38,1.62,59.49999999999999,40.5,237.99999999999997,57.73896166909267,397,119,0.0
1819,119,81,59.5,2.38,1.62,59.49999999999999,40.5,237.99999999999997,57.73896166909267,397,119,0.0
1820,119,81,59.5,2.38,1.62,59.49999999999999,40.5,237.99999999999997,57.73896166909267,397,119,0.0
1821,119,81,59.5,2.38,1.62,59.49999999999999,40.5,237.99999999999997,57.73896166909267,397,119,0.0
1822,119,81,59.5,2.38,1.62,59.49999999999999,40.5,237.99999999999997,57.73896166909267,397,119,0.0
1823,119,81,59.5,2.38,1.62,59.49999999999999,40.5,237.99999999999997,57.73896166909267,397,119,0.0
1824,119,81,59.5,2.38,1.62,59.49999999999999,40.5,237.99999999999997,57.73896166909267,397,119,0.0
1825,119,81,59.5,2.38,1.62,59.49999999999999,40.5,237.99999999999997,57.73896166909267,397,119,0.0
1826,119,81,59.5,2.38,1.62,59.49999999999999,40.5,237.99999999999997,57.73896166909267,397,119,0.0
1827,119,81,59.5,2.38,1.62,59.49999999999999,40.5,237.99999999999997,57.73896166909267,397,119,0.0
1828,119,81,59.5,2.38,1.62,59.49999999999999,40.5,237.99999999999997,57.73896166909267,397,119,0.0
1829,119,81,59.5,2.38,1.62,59.49999999999999,40.5,237.99999999999997,57.73896166909267,397,119,0.0
1830,119,81,59.5,2.38,1.62,59.49999999999999,40.5,237.99999999999997,57.73896166909267,397,119,0.0
1831,119,81,59.5,2.38,1.62,59.49999999999999,40.5,237.99999999999997,57.73896166909267,397,119,0.0
1832,119,81,59.5,2.38,1.62,59.49999999999999,40.5,237.99999999999997,57.73896166909267,397,119,0.0
1833,119,81,59.5,2.38,1.62,59.49999999999999,40.5,237.99999999999997,57.73896166909267,397,119,0.0
1834,119,81,59.5,2.38,1.62,59.49999999999999,40.5,237.99999999999997,57.73896166909267,398,119,0.0
1835,119,81,59.5,2.38,1.62,59.49999999999999,40.5,237.99999999999997,57.73896166909267,398,119,0.0
1836,119,81,59.5,2.38,1.62,59.49999999999999,40.5,237.99999999999997,57.73896166909267,398,119,0.0
1837,119,81,59.5,2.38,1.62,59.49999999999999,40.5,237.99999999999997,57.73896166909267,398,119,0.0
1838,119,81,59.5,2.38,1.62,59.49999999999999,40.5,237.99999999999997,57.73896166909267,398,119,0.0
1839,119,81,59.5,2.38,1.62,59.49999999999999,40.5,237.99999999999997,57.73896166909267,398,119,0.0
1840,119,81,59.5,2.38,1.62,59.49999999999999,40.5,237.99999999999997,57.73896166909267,398,119,0.0
1841,119,81,59.5,2.38,1.62,59.49999999999999,40.5,237.99999999999997,57.73896166909267,399,119,0.0
1842,119,81,59.5,2.38,1.62,59.49999999999999,40.5,237.99999999999997,57.73896166909267,400,119,0.0
1843,120,80,60.0,2.4,1.6,60.0,40.0,240.0,58.22416302765648,402,120,2.0000000000000284
1844,120,80,60.0,2.4,1.6,60.0,40.0,240.0,58.22416302765648,402,120,0.0
1845,120,80,60.0,2.4,1.6,60.0,40.0,240.0,58.22416302765648,402,120,0.0
1846,120,80,60.0,2.4,1.6,60.0,40.0,240.0,58.22416302765648,402,120,0.0
1847,120,80,60.0,2.4,1.6,60.0,40.0,240.0,58.22416302765648,402,120,0.0
1848,120,80,60.0,2.4,1.6,60.0,40.0,240.0,58.22416302765648,403,120,0.0
1849,120,80,60.0,2.4,1.6,60.0,40.0,240.0,58.22416302765648,403,120,0.0
1850,120,80,60.0,2.4,1.6,60.0,40.0,240.0,58.22416302765648,403,120,0.0
1851,120,80,60.0,2.4,1.6,60.0,40.0,240.0,58.22416302765648,404,120,0.0
1852,120,80,60.0,2.4,1.6,60.0,40.0,240.0,58.22416302765648,404,120,0.0
1853,120,80,60.0,2.4,1.6,60.0,40.0,240.0,58.22416302765648,404,120,0.0
1854,120,80,60.0,2.4,1.6,60.0,40.0,240.0,58.22416302765648,406,120,0.0
1855,120,80,60.0,2.4,1.6,60.0,40.0,240.0,58.22416302765648,406,120,0.0
1856,120,80,60.0,2.4,1.6,60.0,40.0,240.0,58.22416302765648,406,120,0.0
1857,120,80,60.0,2.4,1.6,60.0,40.0,240.0,58.22416302765648,406,120,0.0
1858,120,80,60.0,2.4,1.6,60.0,40.0,240.0,58.22416302765648,406,120,0.0
1859,120,80,60.0,2.4,1.6,60.0,40.0,240.0,58.22416302765648,406,120,0.0
1860,120,80,60.0,2.4,1.6,60.0,40.0,240.0,58.22416302765648,406,120,0.0
1861,120,80,60.0,2.4,1.6,60.0,40.0,240.0,58.22416302765648,406,120,0.0
1862,120,80,60.0,2.4,1.6,60.0,40.0,240.0,58.22416302765648,406,120,0.0
1863,120,80,60.0,2.4,1.6,60.0,40.0,240.0,58.22416302765648,406,120,0.0
1864,120,80,60.0,2.4,1.6,60.0,40.0,240.0,58.22416302765648,406,120,0.0
1865,120,80,60.0,2.4,1.6,60.0,40.0,240.0,58.22416302765648,406,120,0.0
1866,120,80,60.0,2.4,1.6,60.0,40.0,240.0,58.22416302765648,406,120,0.0
1867,120,80,60.0,2.4,1.6,60.0,40.0,240.0,58.22416302765648,407,120,0.0
1868,120,80,60.0,2.4,1.6,60.0,40.0,240.0,58.22416302765648,408,120,0.0
1869,121,79,60.5,2.42,1.58,60.5,39.5,242.0,58.70936438622029,409,121,2.0
1870,121,79,60.5,2.42,1.58,60.5,39.5,242.0,58.70936438622029,409,121,0.0
1871,121,79,60.5,2.42,1.58,60.5,39.5,242.0,58.70936438622029,409,121,0.0
1872,121,79,60.5,2.42,1.58,60.5,39.5,242.0,58.70936438622029,409,121,0.0
1873,121,79,60.5,2.42,1.58,60.5,39.5,242.0,58.70936438622029,409,121,0.0
1874,121,79,60.5,2.42,1.58,60.5,39.5,242.0,58.70936438622029,409,121,0.0
1875,121,79,60.5,2.42,1.58,60.5,39.5,242.0,58.70936438622029,409,121,0.0
1876,121,79,60.5,2.42,1.58,60.5,39.5,242.0,58.70936438622029,409,121,0.0
1877,121,79,60.5,2.42,1.58,60.5,39.5,242.0,58.70936438622029,409,121,0.0
1878,121,79,60.5,2.42,1.58,60.5,39.5,242.0,58.70936438622029,409,121,0.0
1879,121,79,60.5,2.42,1.58,60.5,39.5,242.0,58.70936438622029,409,121,0.0
1880,121,79,60.5,2.42,1.58,60.5,39.5,242.0,58.70936438622029,409,121,0.0
1881,122,78,61.0,2.44,1.56,61.0,39.0,244.0,59.194565744784086,410,122,2.0
1882,122,78,61.0,2.44,1.56,61.0,39.0,244.0,59.194565744784086,410,122,0.0
1883,122,78,61.0,2.44,1.56,61.0,39.0,244.0,59.194565744784086,410,122,0.0
1884,122,78,61.0,2.44,1.56,61.0,39.0,244.0,59.194565744784086,410,122,0.0
1885,122,78,61.0,2.44,1.56,61.0,39.0,244.0,59.194565744784086,410,122,0.0
1886,122,78,61.0,2.44,1.56,61.0,39.0,244.0,59.194565744784086,410,122,0.0
1887,122,78,61.0,2.44,1.56,61.0,39.0,244.0,59.194565744784086,410,122,0.0
1888,122,78,61.0,2.44,1.56,61.0,39.0,244.0,59.194565744784086,410,122,0.0
1889,122,78,61.0,2.44,1.56,61.0,39.0,244.0,59.194565744784086,410,122,0.0
1890,122,78,61.0,2.44,1.56,61.0,39.0,244.0,59.194565744784086,410,122,0.0
1891,122,78,61.0,2.44,1.56,61.0,39.0,244.0,59.194565744784086,410,122,0.0
1892,122,78,61.0,2.44,1.56,61.0,39.0,244.0,59.194565744784086,410,122,0.0
1893,122,78,61.0,2.44,1.56,61.0,39.0,244.0,59.194565744784086,410,122,0.0
1894,122,78,61.0,2.44,1.56,61.0,39.0,244.0,59.194565744784086,411,122,0.0
1895,122,78,61.0,2.44,1.56,61.0,39.0,244.0,59.194565744784086,412,122,0.0
1896,122,78,61.0,2.44,1.56,61.0,39.0,244.0,59.194565744784086,413,122,0.0
1897,122,78,61.0,2.44,1.56,61.0,39.0,244.0,59.194565744784086,413,122,0.0
1898,122,78,61.0,2.44,1.56,61.0,39.0,244.0,59.194565744784086,414,122,0.0
1899,122,78,61.0,2.44,1.56,61.0,39.0,244.0,59.194565744784086,414,122,0.0
1900,122,78,61.0,2.44,1.56,61.0,39.0,244.0,59.194565744784086,415,122,0.0
1901,122,78,61.0,2.44,1.56,61.0,39.0,244.0,59.194565744784086,416,122,0.0
1902,122,78,61.0,2.44,1.56,61.0,39.0,244.0,59.194565744784086,417,122,0.0
1903,122,78,61.0,2.44,1.56,61.0,39.0,244.0,59.194565744784086,418,122,0.0
1904,122,78,61.0,2.44,1.56,61.0,39.0,244.0,59.194565744784086,420,122,0.0
1905,123,77,61.5,2.46,1.54,61.5,38.5,246.0,59.67976710334789,422,123,2.0
1906,123,77,61.5,2.46,1.54,61.5,38.5,246.0,59.67976710334789,423,123,0.0
1907,123,77,61.5,2.46,1.54,61.5,38.5,246.0,59.67976710334789,423,123,0.0
1908,123,77,61.5,2.46,1.54,61.5,38.5,246.0,59.67976710334789,423,123,0.0
1909,123,77,61.5,2.46,1.54,61.5,38.5,246.0,59.67976710334789,423,123,0.0
1910,123,77,61.5,2.46,1.54,61.5,38.5,246.0,59.67976710334789,424,123,0.0
1911,123,77,61.5,2.46,1.54,61.5,38.5,246.0,59.67976710334789,425,123,0.0
1912,123,77,61.5,2.46,1.54,61.5,38.5,246.0,59.67976710334789,425,123,0.0
1913,123,77,61.5,2.46,1.54,61.5,38.5,246.0,59.67976710334789,425,123,0.0
1914,123,77,61.5,2.46,1.54,61.5,38.5,246.0,59.67976710334789,425,123,0.0
1915,123,77,61.5,2.46,1.54,61.5,38.5,246.0,59.67976710334789,425,123,0.0
1916,123,77,61.5,2.46,1.54,61.5,38.5,246.0,59.67976710334789,426,123,0.0
1917,123,77,61.5,2.46,1.54,61.5,38.5,246.0,59.67976710334789,426,123,0.0
1918,123,77,61.5,2.46,1.54,61.5,38.5,246.0,59.67976710334789,426,123,0.0
1919,123,77,61.5,2.46,1.54,61.5,38.5,246.0,59.67976710334789,426,123,0.0
1920,123,77,61.5,2.46,1.54,61.5,38.5,246.0,59.67976710334789,426,123,0.0
1921,123,77,61.5,2.46,1.54,61.5,38.5,246.0,59.67976710334789,426,123,0.0
1922,123,77,61.5,2.46,1.54,61.5,38.5,246.0,59.67976710334789,427,123,0.0
1923,124,76,62.0,2.48,1.52,62.0,38.0,248.0,60.16496846191169,428,124,2.0
1924,124,76,62.0,2.48,1.52,62.0,38.0,248.0,60.16496846191169,428,124,0.0
1925,124,76,62.0,2.48,1.52,62.0,38.0,248.0,60.16496846191169,428,124,0.0
1926,124,76,62.0,2.48,1.52,62.0,38.0,248.0,60.16496846191169,428,124,0.0
1927,124,76,62.0,2.48,1.52,62.0,38.0,248.0,60.16496846191169,428,124,0.0
1928,124,76,62.0,2.48,1.52,62.0,38.0,248.0,60.16496846191169,428,124,0.0
1929,124,76,62.0,2.48,1.52,62.0,38.0,248.0,60.16496846191169,428,124,0.0
1930,124,76,62.0,2.48,1.52,62.0,38.0,248.0,60.16496846191169,428,124,0.0
1931,124,76,62.0,2.48,1.52,62.0,38.0,248.0,60.16496846191169,428,124,0.0
1932,124,76,62.0,2.48,1.52,62.0,38.0,248.0,60.16496846191169,428,124,0.0
1933,124,76,62.0,2.48,1.52,62.0,38.0,248.0,60.16496846191169,428,124,0.0
1934,124,76,62.0,2.48,1.52,62.0,38.0,248.0,60.16496846191169,428,124,0.0
1935,124,76,62.0,2.48,1.52,62.0,38.0,248.0,60.16496846191169,428,124,0.0
1936,124,76,62.0,2.48,1.52,62.0,38.0,248.0,60.16496846191169,428,124,0.0
1937,124,76,62.0,2.48,1.52,62.0,38.0,248.0,60.16496846191169,428,124,0.0
1938,124,76,62.0,2.48,1.52,62.0,38.0,248.0,60.16496846191169,428,124,0.0
1939,124,76,62.0,2.48,1.52,62.0,38.0,248.0,60.16496846191169,428,124,0.0
1940,124,76,62.0,2.48,1.52,62.0,38.0,248.0,60.16496846191169,430,124,0.0
1941,124,76,62.0,2.48,1.52,62.0,38.0,248.0,60.16496846191169,430,124,0.0
1942,124,76,62.0,2.48,1.52,62.0,38.0,248.0,60.16496846191169,430,124,0.0
1943,124,76,62.0,2.48,1.52,62.0,38.0,248.0,60.16496846191169,430,124,0.0
1944,124,76,62.0,2.48,1.52,62.0,38.0,248.0,60.16496846191169,430,124,0.0
1945,124,76,62.0,2.48,1.52,62.0,38.0,248.0,60.16496846191169,430,124,0.0
1946,124,76,62.0,2.48,1.52,62.0,38.0,248.0,60.16496846191169,430,124,0.0
1947,124,76,62.0,2.48,1.52,62.0,38.0,248.0,60.16496846191169,430,124,0.0
1948,124,76,62.0,2.48,1.52,62.0,38.0,248.0,60.16496846191169,430,124,0.0
1949,124,76,62.0,2.48,1.52,62.0,38.0,248.0,60.16496846191169,430,124,0.0
1950,124,76,62.0,2.48,1.52,62.0,38.0,248.0,60.16496846191169,430,124,0.0
1951,124,76,62.0,2.48,1.52,62.0,38.0,248.0,60.16496846191169,430,124,0.0
1952,124,76,62.0,2.48,1.52,62.0,38.0,248.0,60.16496846191169,430,124,0.0
1953,124,76,62.0,2.48,1.52,62.0,38.0,248.0,60.16496846191169,430,124,0.0
1954,124,76,62.0,2.48,1.52,62.0,38.0,248.0,60.16496846191169,430,124,0.0
1955,124,76,62.0,2.48,1.52,62.0,38.0,248.0,60.16496846191169,430,124,0.0
1956,124,76,62.0,2.48,1.52,62.0,38.0,248.0,60.16496846191169,430,124,0.0
1957,124,76,62.0,2.48,1.52,62.0,38.0,248.0,60.16496846191169,430,124,0.0
1958,124,76,62.0,2.48,1.52,62.0,38.0,248.0,60.16496846191169,430,124,0.0
1959,124,76,62.0,2.48,1.52,62.0,38.0,248.0,60.16496846191169,430,124,0.0
1960,125,75,62.5,2.5,1.5,62.5,37.5,250.0,60.6501698204755,431,125,2.0
1961,125,75,62.5,2.5,1.5,62.5,37.5,250.0,60.6501698204755,431,125,0.0
1962,125,75,62.5,2.5,1.5,62.5,37.5,250.0,60.6501698204755,431,125,0.0
1963,125,75,62.5,2.5,1.5,62.5,37.5,250.0,60.6501698204755,431,125,0.0
1964,125,75,62.5,2.5,1.5,62.5,37.5,250.0,60.6501698204755,431,125,0.0
1965,125,75,62.5,2.5,1.5,62.5,37.5,250.0,60.6501698204755,431,125,0.0
1966,125,75,62.5,2.5,1.5,62.5,37.5,250.0,60.6501698204755,431,125,0.0
1967,125,75,62.5,2.5,1.5,62.5,37.5,250.0,60.6501698204755,431,125,0.0
1968,125,75,62.5,2.5,1.5,62.5,37.5,250.0,60.6501698204755,431,125,0.0
1969,125,75,62.5,2.5,1.5,62.5,37.5,250.0,60.6501698204755,431,125,0.0
1970,125,75,62.5,2.5,1.5,62.5,37.5,250.0,60.6501698204755,431,125,0.0
1971,125,75,62.5,2.5,1.5,62.5,37.5,250.0,60.6501698204755,431,125,0.0
1972,125,75,62.5,2.5,1.5,62.5,37.5,250.0,60.6501698204755,431,125,0.0
1973,125,75,62.5,2.5,1.5,62.5,37.5,250.0,60.6501698204755,431,125,0.0
1974,125,75,62.5,2.5,1.5,62.5,37.5,250.0,60.6501698204755,431,125,0.0
1975,125,75,62.5,2.5,1.5,62.5,37.5,250.0,60.6501698204755,431,125,0.0
1976,125,75,62.5,2.5,1.5,62.5,37.5,250.0,60.6501698204755,431,125,0.0
1977,125,75,62.5,2.5,1.5,62.5,37.5,250.0,60.6501698204755,431,125,0.0
1978,125,75,62.5,2.5,1.5,62.5,37.5,250.0,60.6501698204755,431,125,0.0
1979,125,75,62.5,2.5,1.5,62.5,37.5,250.0,60.6501698204755,431,125,0.0
1980,125,75,62.5,2.5,1.5,62.5,37.5,250.0,60.6501698204755,431,125,0.0
1981,125,75,62.5,2.5,1.5,62.5,37.5,250.0,60.6501698204755,431,125,0.0
1982,125,75,62.5,2.5,1.5,62.5,37.5,250.0,60.6501698204755,431,125,0.0
1983,125,75,62.5,2.5,1.5,62.5,37.5,250.0,60.6501698204755,431,125,0.0
1984,125,75,62.5,2.5,1.5,62.5,37.5,250.0,60.6501698204755,431,125,0.0
1985,125,75,62.5,2.5,1.5,62.5,37.5,250.0,60.6501698204755,431,125,0.0
1986,125,75,62.5,2.5,1.5,62.5,37.5,250.0,60.6501698204755,431,125,0.0
1987,125,75,62.5,2.5,1.5,62.5,37.5,250.0,60.6501698204755,431,125,0.0
1988,125,75,62.5,2.5,1.5,62.5,37.5,250.0,60.6501698204755,431,125,0.0
1989,125,75,62.5,2.5,1.5,62.5,37.5,250.0,60.6501698204755,431,125,0.0
1990,125,75,62.5,2.5,1.5,62.5,37.5,250.0,60.6501698204755,432,125,0.0
1991,126,74,63.0,2.52,1.48,63.0,37.0,252.0,61.135371179039296,433,126,2.0
1992,126,74,63.0,2.52,1.48,63.0,37.0,252.0,61.135371179039296,433,126,0.0
1993,126,74,63.0,2.52,1.48,63.0,37.0,252.0,61.135371179039296,433,126,0.0
1994,126,74,63.0,2.52,1.48,63.0,37.0,252.0,61.135371179039296,433,126,0.0
1995,126,74,63.0,2.52,1.48,63.0,37.0,252.0,61.135371179039296,433,126,0.0
1996,126,74,63.0,2.52,1.48,63.0,37.0,252.0,61.135371179039296,433,126,0.0
1997,126,74,63.0,2.52,1.48,63.0,37.0,252.0,61.135371179039296,433,126,0.0
1998,126,74,63.0,2.52,1.48,63.0,37.0,252.0,61.135371179039296,433,126,0.0
1999,126,74,63.0,2.52,1.48,63.0,37.0,252.0,61.135371179039296,433,126,0.0
2000,126,74,63.0,2.52,1.48,63.0,37.0,252.0,61.135371179039296,433,126,0.0
