step,n_adsorbed,n_free,percent_adsorbed,m_adsorbed_mg,m_free_mg,c_pdf_mg_l,c_remaining_mg_l,qt_mg_g,percent_qmax,n_contacts,n_adsorption_events,dqt_per_step
0,0,200,0.0,0.0,4.0,0.0,100.0,0.0,0.0,0,0,0.0
1,0,200,0.0,0.0,4.0,0.0,100.0,0.0,0.0,0,0,0.0
2,1,199,0.5,0.02,3.98,0.5,99.5,2.0,0.48520135856380403,1,1,2.0
3,1,199,0.5,0.02,3.98,0.5,99.5,2.0,0.48520135856380403,1,1,0.0
4,1,199,0.5,0.02,3.98,0.5,99.5,2.0,0.48520135856380403,1,1,0.0
5,1,199,0.5,0.02,3.98,0.5,99.5,2.0,0.48520135856380403,1,1,0.0
6,2,198,1.0,0.04,3.96,1.0,99.0,4.0,0.9704027171276081,2,2,2.0
7,2,198,1.0,0.04,3.96,1.0,99.0,4.0,0.9704027171276081,2,2,0.0
8,2,198,1.0,0.04,3.96,1.0,99.0,4.0,0.9704027171276081,2,2,0.0
9,2,198,1.0,0.04,3.96,1.0,99.0,4.0,0.9704027171276081,2,2,0.0
10,2,198,1.0,0.04,3.96,1.0,99.0,4.0,0.9704027171276081,2,2,0.0
11,2,198,1.0,0.04,3.96,1.0,99.0,4.0,0.9704027171276081,2,2,0.0
12,3,197,1.5,0.06,3.94,1.5,98.5,6.0,1.455604075691412,3,3,2.0
13,3,197,1.5,0.06,3.94,1.5,98.5,6.0,1.455604075691412,3,3,0.0
14,3,197,1.5,0.06,3.94,1.5,98.5,6.0,1.455604075691412,3,3,0.0
15,3,197,1.5,0.06,3.94,1.5,98.5,6.0,1.455604075691412,3,3,0.0
16,3,197,1.5,0.06,3.94,1.5,98.5,6.0,1.455604075691412,3,3,0.0
17,3,197,1.5,0.06,3.94,1.5,98.5,6.0,1.455604075691412,3,3,0.0
18,3,197,1.5,0.06,3.94,1.5,98.5,6.0,1.455604075691412,3,3,0.0
19,4,196,2.0,0.08,3.92,2.0,98.0,8.0,1.9408054342552161,4,4,2.0
20,4,196,2.0,0.08,3.92,2.0,98.0,8.0,1.9408054342552161,4,4,0.0
21,4,196,2.0,0.08,3.92,2.0,98.0,8.0,1.9408054342552161,4,4,0.0
22,5,195,2.5,0.1,3.9,2.5,97.5,10.0,2.42600679281902,5,5,2.0
23,5,195,2.5,0.1,3.9,2.5,97.5,10.0,2.42600679281902,5,5,0.0
24,5,195,2.5,0.1,3.9,2.5,97.5,10.0,2.42600679281902,5,5,0.0
25,5,195,2.5,0.1,3.9,2.5,97.5,10.0,2.42600679281902,5,5,0.0
26,5,195,2.5,0.1,3.9,2.5,97.5,10.0,2.42600679281902,5,5,0.0
27,6,194,3.0,0.12,3.88,3.0,97.0,12.0,2.911208151382824,6,6,2.0
28,6,194,3.0,0.12,3.88,3.0,97.0,12.0,2.911208151382824,6,6,0.0
29,6,194,3.0,0.12,3.88,3.0,97.0,12.0,2.911208151382824,6,6,0.0
30,6,194,3.0,0.12,3.88,3.0,97.0,12.0,2.911208151382824,6,6,0.0
31,6,194,3.0,0.12,3.88,3.0,97.0,12.0,2.911208151382824,6,6,0.0
32,6,194,3.0,0.12,3.88,3.0,97.0,12.0,2.911208151382824,6,6,0.0
33,6,194,3.0,0.12,3.88,3.0,97.0,12.0,2.911208151382824,6,6,0.0
34,6,194,3.0,0.12,3.88,3.0,97.0,12.0,2.911208151382824,6,6,0.0
35,6,194,3.0,0.12,3.88,3.0,97.0,12.0,2.911208151382824,6,6,0.0
36,6,194,3.0,0.12,3.88,3.0,97.0,12.0,2.911208151382824,6,6,0.0
37,6,194,3.0,0.12,3.88,3.0,97.0,12.0,2.911208151382824,6,6,0.0
38,6,194,3.0,0.12,3.88,3.0,97.0,12.0,2.911208151382824,6,6,0.0
39,6,194,3.0,0.12,3.88,3.0,97.0,12.0,2.911208151382824,6,6,0.0
40,7,193,3.5000000000000004,0.14,3.86,3.5000000000000004,96.5,14.000000000000002,3.3964095099466283,7,7,2.0000000000000018
41,7,193,3.5000000000000004,0.14,3.86,3.5000000000000004,96.5,14.000000000000002,3.3964095099466283,7,7,0.0
42,7,193,3.5000000000000004,0.14,3.86,3.5000000000000004,96.5,14.000000000000002,3.3964095099466283,7,7,0.0
43,7,193,3.5000000000000004,0.14,3.86,3.5000000000000004,96.5,14.000000000000002,3.3964095099466283,7,7,0.0
44,7,193,3.5000000000000004,0.14,3.86,3.5000000000000004,96.5,14.000000000000002,3.3964095099466283,7,7,0.0
45,7,193,3.5000000000000004,0.14,3.86,3.5000000000000004,96.5,14.000000000000002,3.3964095099466283,7,7,0.0
46,7,193,3.5000000000000004,0.14,3.86,3.5000000000000004,96.5,14.000000000000002,3.3964095099466283,7,7,0.0
47,9,191,4.5,0.18,3.82,4.5,95.5,18.0,4.366812227074236,9,9,3.9999999999999982
48,9,191,4.5,0.18,3.82,4.5,95.5,18.0,4.366812227074236,9,9,0.0
49,9,191,4.5,0.18,3.82,4.5,95.5,18.0,4.366812227074236,9,9,0.0
50,9,191,4.5,0.18,3.82,4.5,95.5,18.0,4.366812227074236,9,9,0.0
51,9,191,4.5,0.18,3.82,4.5,95.5,18.0,4.366812227074236,9,9,0.0
52,9,191,4.5,0.18,3.82,4.5,95.5,18.0,4.366812227074236,9,9,0.0
53,9,191,4.5,0.18,3.82,4.5,95.5,18.0,4.366812227074236,9,9,0.0
54,9,191,4.5,0.18,3.82,4.5,95.5,18.0,4.366812227074236,9,9,0.0
55,9,191,4.5,0.18,3.82,4.5,95.5,18.0,4.366812227074236,9,9,0.0
56,9,191,4.5,0.18,3.82,4.5,95.5,18.0,4.366812227074236,9,9,0.0
57,9,191,4.5,0.18,3.82,4.5,95.5,18.0,4.366812227074236,9,9,0.0
58,9,191,4.5,0.18,3.82,4.5,95.5,18.0,4.366812227074236,9,9,0.0
59,9,191,4.5,0.18,3.82,4.5,95.5,18.0,4.366812227074236,9,9,0.0
60,9,191,4.5,0.18,3.82,4.5,95.5,18.0,4.366812227074236,9,9,0.0
61,9,191,4.5,0.18,3.82,4.5,95.5,18.0,4.366812227074236,9,9,0.0
62,9,191,4.5,0.18,3.82,4.5,95.5,18.0,4.366812227074236,9,9,0.0
63,9,191,4.5,0.18,3.82,4.5,95.5,18.0,4.366812227074236,9,9,0.0
64,10,190,5.0,0.2,3.8,5.0,95.0,20.0,4.85201358563804,10,10,2.0
65,11,189,5.5,0.22,3.78,5.5,94.5,22.0,5.337214944201843,11,11,2.0
66,11,189,5.5,0.22,3.78,5.5,94.5,22.0,5.337214944201843,11,11,0.0
67,11,189,5.5,0.22,3.78,5.5,94.5,22.0,5.337214944201843,11,11,0.0
68,11,189,5.5,0.22,3.78,5.5,94.5,22.0,5.337214944201843,11,11,0.0
69,11,189,5.5,0.22,3.78,5.5,94.5,22.0,5.337214944201843,11,11,0.0
70,11,189,5.5,0.22,3.78,5.5,94.5,22.0,5.337214944201843,11,11,0.0
71,11,189,5.5,0.22,3.78,5.5,94.5,22.0,5.337214944201843,11,11,0.0
72,11,189,5.5,0.22,3.78,5.5,94.5,22.0,5.337214944201843,11,11,0.0
73,11,189,5.5,0.22,3.78,5.5,94.5,22.0,5.337214944201843,11,11,0.0
74,11,189,5.5,0.22,3.78,5.5,94.5,22.0,5.337214944201843,11,11,0.0
75,11,189,5.5,0.22,3.78,5.5,94.5,22.0,5.337214944201843,11,11,0.0
76,11,189,5.5,0.22,3.78,5.5,94.5,22.0,5.337214944201843,11,11,0.0
77,11,189,5.5,0.22,3.78,5.5,94.5,22.0,5.337214944201843,11,11,0.0
78,11,189,5.5,0.22,3.78,5.5,94.5,22.0,5.337214944201843,11,11,0.0
79,11,189,5.5,0.22,3.78,5.5,94.5,22.0,5.337214944201843,11,11,0.0
80,11,189,5.5,0.22,3.78,5.5,94.5,22.0,5.337214944201843,11,11,0.0
81,11,189,5.5,0.22,3.78,5.5,94.5,22.0,5.337214944201843,11,11,0.0
82,11,189,5.5,0.22,3.78,5.5,94.5,22.0,5.337214944201843,11,11,0.0
83,11,189,5.5,0.22,3.78,5.5,94.5,22.0,5.337214944201843,11,11,0.0
84,11,189,5.5,0.22,3.78,5.5,94.5,22.0,5.337214944201843,11,11,0.0
85,12,188,6.0,0.24,3.76,6.0,93.99999999999999,24.0,5.822416302765648,12,12,2.0
86,12,188,6.0,0.24,3.76,6.0,93.99999999999999,24.0,5.822416302765648,12,12,0.0
87,12,188,6.0,0.24,3.76,6.0,93.99999999999999,24.0,5.822416302765648,12,12,0.0
88,12,188,6.0,0.24,3.76,6.0,93.99999999999999,24.0,5.822416302765648,12,12,0.0
89,12,188,6.0,0.24,3.76,6.0,93.99999999999999,24.0,5.822416302765648,12,12,0.0
90,12,188,6.0,0.24,3.76,6.0,93.99999999999999,24.0,5.822416302765648,12,12,0.0
91,12,188,6.0,0.24,3.76,6.0,93.99999999999999,24.0,5.822416302765648,12,12,0.0
92,12,188,6.0,0.24,3.76,6.0,93.99999999999999,24.0,5.822416302765648,12,12,0.0
93,12,188,6.0,0.24,3.76,6.0,93.99999999999999,24.0,5.822416302765648,12,12,0.0
94,12,188,6.0,0.24,3.76,6.0,93.99999999999999,24.0,5.822416302765648,12,12,0.0
95,13,187,6.5,0.26,3.74,6.5,93.5,26.0,6.307617661329452,13,13,2.0
96,13,187,6.5,0.26,3.74,6.5,93.5,26.0,6.307617661329452,13,13,0.0
97,13,187,6.5,0.26,3.74,6.5,93.5,26.0,6.307617661329452,13,13,0.0
98,13,187,6.5,0.26,3.74,6.5,93.5,26.0,6.307617661329452,13,13,0.0
99,13,187,6.5,0.26,3.74,6.5,93.5,26.0,6.307617661329452,13,13,0.0
100,14,186,7.000000000000001,0.28,3.7199999999999998,7.000000000000001,92.99999999999999,28.000000000000004,6.7928190198932565,14,14,2.0000000000000036
101,14,186,7.000000000000001,0.28,3.7199999999999998,7.000000000000001,92.99999999999999,28.000000000000004,6.7928190198932565,14,14,0.0
102,14,186,7.000000000000001,0.28,3.7199999999999998,7.000000000000001,92.99999999999999,28.000000000000004,6.7928190198932565,14,14,0.0
103,14,186,7.000000000000001,0.28,3.7199999999999998,7.000000000000001,92.99999999999999,28.000000000000004,6.7928190198932565,14,14,0.0
104,14,186,7.000000000000001,0.28,3.7199999999999998,7.000000000000001,92.99999999999999,28.000000000000004,6.7928190198932565,14,14,0.0
105,15,185,7.5,0.3,3.7,7.5,92.5,30.0,7.27802037845706,15,15,1.9999999999999964
106,15,185,7.5,0.3,3.7,7.5,92.5,30.0,7.27802037845706,15,15,0.0
107,15,185,7.5,0.3,3.7,7.5,92.5,30.0,7.27802037845706,15,15,0.0
108,15,185,7.5,0.3,3.7,7.5,92.5,30.0,7.27802037845706,15,15,0.0
109,15,185,7.5,0.3,3.7,7.5,92.5,30.0,7.27802037845706,15,15,0.0
110,15,185,7.5,0.3,3.7,7.5,92.5,30.0,7.27802037845706,15,15,0.0
111,15,185,7.5,0.3,3.7,7.5,92.5,30.0,7.27802037845706,15,15,0.0
112,15,185,7.5,0.3,3.7,7.5,92.5,30.0,7.27802037845706,15,15,0.0
113,15,185,7.5,0.3,3.7,7.5,92.5,30.0,7.27802037845706,15,15,0.0
114,15,185,7.5,0.3,3.7,7.5,92.5,30.0,7.27802037845706,15,15,0.0
115,15,185,7.5,0.3,3.7,7.5,92.5,30.0,7.27802037845706,15,15,0.0
116,15,185,7.5,0.3,3.7,7.5,92.5,30.0,7.27802037845706,15,15,0.0
117,15,185,7.5,0.3,3.7,7.5,92.5,30.0,7.27802037845706,15,15,0.0
118,15,185,7.5,0.3,3.7,7.5,92.5,30.0,7.27802037845706,15,15,0.0
119,15,185,7.5,0.3,3.7,7.5,92.5,30.0,7.27802037845706,15,15,0.0
120,16,184,8.0,0.32,3.68,8.0,92.0,32.0,7.7632217370208645,16,16,2.0
121,16,184,8.0,0.32,3.68,8.0,92.0,32.0,7.7632217370208645,16,16,0.0
122,16,184,8.0,0.32,3.68,8.0,92.0,32.0,7.7632217370208645,16,16,0.0
123,16,184,8.0,0.32,3.68,8.0,92.0,32.0,7.7632217370208645,16,16,0.0
124,16,184,8.0,0.32,3.68,8.0,92.0,32.0,7.7632217370208645,16,16,0.0
125,16,184,8.0,0.32,3.68,8.0,92.0,32.0,7.7632217370208645,16,16,0.0
126,16,184,8.0,0.32,3.68,8.0,92.0,32.0,7.7632217370208645,16,16,0.0
127,16,184,8.0,0.32,3.68,8.0,92.0,32.0,7.7632217370208645,16,16,0.0
128,16,184,8.0,0.32,3.68,8.0,92.0,32.0,7.7632217370208645,16,16,0.0
129,16,184,8.0,0.32,3.68,8.0,92.0,32.0,7.7632217370208645,16,16,0.0
130,16,184,8.0,0.32,3.68,8.0,92.0,32.0,7.7632217370208645,16,16,0.0
131,16,184,8.0,0.32,3.68,8.0,92.0,32.0,7.7632217370208645,16,16,0.0
132,16,184,8.0,0.32,3.68,8.0,92.0,32.0,7.7632217370208645,16,16,0.0
133,16,184,8.0,0.32,3.68,8.0,92.0,32.0,7.7632217370208645,16,16,0.0
134,16,184,8.0,0.32,3.68,8.0,92.0,32.0,7.7632217370208645,16,16,0.0
135,16,184,8.0,0.32,3.68,8.0,92.0,32.0,7.7632217370208645,16,16,0.0
136,16,184,8.0,0.32,3.68,8.0,92.0,32.0,7.7632217370208645,16,16,0.0
137,17,183,8.5,0.34,3.66,8.5,91.5,34.0,8.248423095584668,17,17,2.0
138,17,183,8.5,0.34,3.66,8.5,91.5,34.0,8.248423095584668,17,17,0.0
139,17,183,8.5,0.34,3.66,8.5,91.5,34.0,8.248423095584668,17,17,0.0
140,18,182,9.0,0.36,3.64,9.0,91.0,36.0,8.733624454148472,18,18,2.0
141,18,182,9.0,0.36,3.64,9.0,91.0,36.0,8.733624454148472,18,18,0.0
142,18,182,9.0,0.36,3.64,9.0,91.0,36.0,8.733624454148472,18,18,0.0
143,18,182,9.0,0.36,3.64,9.0,91.0,36.0,8.733624454148472,18,18,0.0
144,18,182,9.0,0.36,3.64,9.0,91.0,36.0,8.733624454148472,18,18,0.0
145,18,182,9.0,0.36,3.64,9.0,91.0,36.0,8.733624454148472,18,18,0.0
146,18,182,9.0,0.36,3.64,9.0,91.0,36.0,8.733624454148472,18,18,0.0
147,18,182,9.0,0.36,3.64,9.0,91.0,36.0,8.733624454148472,18,18,0.0
148,18,182,9.0,0.36,3.64,9.0,91.0,36.0,8.733624454148472,18,18,0.0
149,18,182,9.0,0.36,3.64,9.0,91.0,36.0,8.733624454148472,18,18,0.0
150,18,182,9.0,0.36,3.64,9.0,91.0,36.0,8.733624454148472,18,18,0.0
151,19,181,9.5,0.38,3.62,9.5,90.5,38.0,9.218825812712275,19,19,2.0
152,19,181,9.5,0.38,3.62,9.5,90.5,38.0,9.218825812712275,19,19,0.0
153,19,181,9.5,0.38,3.62,9.5,90.5,38.0,9.218825812712275,19,19,0.0
154,19,181,9.5,0.38,3.62,9.5,90.5,38.0,9.218825812712275,19,19,0.0
155,19,181,9.5,0.38,3.62,9.5,90.5,38.0,9.218825812712275,19,19,0.0
156,20,180,10.0,0.4,3.6,10.0,90.0,40.0,9.70402717127608,20,20,2.0
157,21,179,10.5,0.42,3.58,10.5,89.5,42.0,10.189228529839884,21,21,2.0
158,21,179,10.5,0.42,3.58,10.5,89.5,42.0,10.189228529839884,21,21,0.0
159,21,179,10.5,0.42,3.58,10.5,89.5,42.0,10.189228529839884,21,21,0.0
160,21,179,10.5,0.42,3.58,10.5,89.5,42.0,10.189228529839884,21,21,0.0
161,21,179,10.5,0.42,3.58,10.5,89.5,42.0,10.189228529839884,21,21,0.0
162,21,179,10.5,0.42,3.58,10.5,89.5,42.0,10.189228529839884,21,21,0.0
163,21,179,10.5,0.42,3.58,10.5,89.5,42.0,10.189228529839884,21,21,0.0
164,21,179,10.5,0.42,3.58,10.5,89.5,42.0,10.189228529839884,21,21,0.0
165,21,179,10.5,0.42,3.58,10.5,89.5,42.0,10.189228529839884,21,21,0.0
166,21,179,10.5,0.42,3.58,10.5,89.5,42.0,10.189228529839884,21,21,0.0
167,21,179,10.5,0.42,3.58,10.5,89.5,42.0,10.189228529839884,21,21,0.0
168,21,179,10.5,0.42,3.58,10.5,89.5,42.0,10.189228529839884,21,21,0.0
169,21,179,10.5,0.42,3.58,10.5,89.5,42.0,10.189228529839884,21,21,0.0
170,21,179,10.5,0.42,3.58,10.5,89.5,42.0,10.189228529839884,21,21,0.0
171,21,179,10.5,0.42,3.58,10.5,89.5,42.0,10.189228529839884,21,21,0.0
172,21,179,10.5,0.42,3.58,10.5,89.5,42.0,10.189228529839884,21,21,0.0
173,21,179,10.5,0.42,3.58,10.5,89.5,42.0,10.189228529839884,21,21,0.0
174,21,179,10.5,0.42,3.58,10.5,89.5,42.0,10.189228529839884,21,21,0.0
175,21,179,10.5,0.42,3.58,10.5,89.5,42.0,10.189228529839884,21,21,0.0
176,21,179,10.5,0.42,3.58,10.5,89.5,42.0,10.189228529839884,21,21,0.0
177,21,179,10.5,0.42,3.58,10.5,89.5,42.0,10.189228529839884,21,21,0.0
178,21,179,10.5,0.42,3.58,10.5,89.5,42.0,10.189228529839884,21,21,0.0
179,21,179,10.5,0.42,3.58,10.5,89.5,42.0,10.189228529839884,21,21,0.0
180,21,179,10.5,0.42,3.58,10.5,89.5,42.0,10.189228529839884,21,21,0.0
181,21,179,10.5,0.42,3.58,10.5,89.5,42.0,10.189228529839884,21,21,0.0
182,21,179,10.5,0.42,3.58,10.5,89.5,42.0,10.189228529839884,21,21,0.0
183,21,179,10.5,0.42,3.58,10.5,89.5,42.0,10.189228529839884,21,21,0.0
184,21,179,10.5,0.42,3.58,10.5,89.5,42.0,10.189228529839884,21,21,0.0
185,21,179,10.5,0.42,3.58,10.5,89.5,42.0,10.189228529839884,21,21,0.0
186,21,179,10.5,0.42,3.58,10.5,89.5,42.0,10.189228529839884,21,21,0.0
187,21,179,10.5,0.42,3.58,10.5,89.5,42.0,10.189228529839884,21,21,0.0
188,21,179,10.5,0.42,3.58,10.5,89.5,42.0,10.189228529839884,21,21,0.0
189,21,179,10.5,0.42,3.58,10.5,89.5,42.0,10.189228529839884,21,21,0.0
190,21,179,10.5,0.42,3.58,10.5,89.5,42.0,10.189228529839884,21,21,0.0
191,21,179,10.5,0.42,3.58,10.5,89.5,42.0,10.189228529839884,21,21,0.0
192,21,179,10.5,0.42,3.58,10.5,89.5,42.0,10.189228529839884,21,21,0.0
193,22,178,11.0,0.44,3.56,11.0,89.0,44.0,10.674429888403687,22,22,2.0
194,22,178,11.0,0.44,3.56,11.0,89.0,44.0,10.674429888403687,22,22,0.0
195,22,178,11.0,0.44,3.56,11.0,89.0,44.0,10.674429888403687,22,22,0.0
196,22,178,11.0,0.44,3.56,11.0,89.0,44.0,10.674429888403687,22,22,0.0
197,22,178,11.0,0.44,3.56,11.0,89.0,44.0,10.674429888403687,22,22,0.0
198,22,178,11.0,0.44,3.56,11.0,89.0,44.0,10.674429888403687,22,22,0.0
199,23,177,11.5,0.46,3.54,11.5,88.5,46.0,11.159631246967491,23,23,2.0
200,23,177,11.5,0.46,3.54,11.5,88.5,46.0,11.159631246967491,23,23,0.0
201,23,177,11.5,0.46,3.54,11.5,88.5,46.0,11.159631246967491,23,23,0.0
202,23,177,11.5,0.46,3.54,11.5,88.5,46.0,11.159631246967491,23,23,0.0
203,23,177,11.5,0.46,3.54,11.5,88.5,46.0,11.159631246967491,23,23,0.0
204,23,177,11.5,0.46,3.54,11.5,88.5,46.0,11.159631246967491,23,23,0.0
205,23,177,11.5,0.46,3.54,11.5,88.5,46.0,11.159631246967491,23,23,0.0
206,23,177,11.5,0.46,3.54,11.5,88.5,46.0,11.159631246967491,23,23,0.0
207,23,177,11.5,0.46,3.54,11.5,88.5,46.0,11.159631246967491,23,23,0.0
208,23,177,11.5,0.46,3.54,11.5,88.5,46.0,11.159631246967491,23,23,0.0
209,23,177,11.5,0.46,3.54,11.5,88.5,46.0,11.159631246967491,23,23,0.0
210,23,177,11.5,0.46,3.54,11.5,88.5,46.0,11.159631246967491,23,23,0.0
211,23,177,11.5,0.46,3.54,11.5,88.5,46.0,11.159631246967491,23,23,0.0
212,23,177,11.5,0.46,3.54,11.5,88.5,46.0,11.159631246967491,23,23,0.0
213,23,177,11.5,0.46,3.54,11.5,88.5,46.0,11.159631246967491,23,23,0.0
214,23,177,11.5,0.46,3.54,11.5,88.5,46.0,11.159631246967491,23,23,0.0
215,23,177,11.5,0.46,3.54,11.5,88.5,46.0,11.159631246967491,23,23,0.0
216,23,177,11.5,0.46,3.54,11.5,88.5,46.0,11.159631246967491,23,23,0.0
217,23,177,11.5,0.46,3.54,11.5,88.5,46.0,11.159631246967491,23,23,0.0
218,23,177,11.5,0.46,3.54,11.5,88.5,46.0,11.159631246967491,23,23,0.0
219,23,177,11.5,0.46,3.54,11.5,88.5,46.0,11.159631246967491,23,23,0.0
220,24,176,12.0,0.48,3.52,12.0,88.0,48.0,11.644832605531295,24,24,2.0
221,24,176,12.0,0.48,3.52,12.0,88.0,48.0,11.644832605531295,24,24,0.0
222,24,176,12.0,0.48,3.52,12.0,88.0,48.0,11.644832605531295,24,24,0.0
223,24,176,12.0,0.48,3.52,12.0,88.0,48.0,11.644832605531295,24,24,0.0
224,24,176,12.0,0.48,3.52,12.0,88.0,48.0,11.644832605531295,24,24,0.0
225,24,176,12.0,0.48,3.52,12.0,88.0,48.0,11.644832605531295,24,24,0.0
226,24,176,12.0,0.48,3.52,12.0,88.0,48.0,11.644832605531295,24,24,0.0
227,24,176,12.0,0.48,3.52,12.0,88.0,48.0,11.644832605531295,24,24,0.0
228,25,175,12.5,0.5,3.5,12.5,87.5,50.0,12.1300339640951,25,25,2.0
229,25,175,12.5,0.5,3.5,12.5,87.5,50.0,12.1300339640951,25,25,0.0
230,26,174,13.0,0.52,3.48,13.0,87.0,52.0,12.615235322658904,26,26,2.0
231,26,174,13.0,0.52,3.48,13.0,87.0,52.0,12.615235322658904,26,26,0.0
232,26,174,13.0,0.52,3.48,13.0,87.0,52.0,12.615235322658904,26,26,0.0
233,26,174,13.0,0.52,3.48,13.0,87.0,52.0,12.615235322658904,26,26,0.0
234,27,173,13.5,0.54,3.46,13.5,86.5,54.0,13.100436681222707,27,27,2.0
235,27,173,13.5,0.54,3.46,13.5,86.5,54.0,13.100436681222707,27,27,0.0
236,27,173,13.5,0.54,3.46,13.5,86.5,54.0,13.100436681222707,27,27,0.0
237,27,173,13.5,0.54,3.46,13.5,86.5,54.0,13.100436681222707,27,27,0.0
238,27,173,13.5,0.54,3.46,13.5,86.5,54.0,13.100436681222707,27,27,0.0
239,27,173,13.5,0.54,3.46,13.5,86.5,54.0,13.100436681222707,27,27,0.0
240,27,173,13.5,0.54,3.46,13.5,86.5,54.0,13.100436681222707,27,27,0.0
241,27,173,13.5,0.54,3.46,13.5,86.5,54.0,13.100436681222707,27,27,0.0
242,27,173,13.5,0.54,3.46,13.5,86.5,54.0,13.100436681222707,27,27,0.0
243,27,173,13.5,0.54,3.46,13.5,86.5,54.0,13.100436681222707,27,27,0.0
244,27,173,13.5,0.54,3.46,13.5,86.5,54.0,13.100436681222707,27,27,0.0
245,27,173,13.5,0.54,3.46,13.5,86.5,54.0,13.100436681222707,27,27,0.0
246,27,173,13.5,0.54,3.46,13.5,86.5,54.0,13.100436681222707,27,27,0.0
247,27,173,13.5,0.54,3.46,13.5,86.5,54.0,13.100436681222707,27,27,0.0
248,27,173,13.5,0.54,3.46,13.5,86.5,54.0,13.100436681222707,27,27,0.0
249,27,173,13.5,0.54,3.46,13.5,86.5,54.0,13.100436681222707,27,27,0.0
250,27,173,13.5,0.54,3.46,13.5,86.5,54.0,13.100436681222707,27,27,0.0
251,27,173,13.5,0.54,3.46,13.5,86.5,54.0,13.100436681222707,27,27,0.0
252,27,173,13.5,0.54,3.46,13.5,86.5,54.0,13.100436681222707,27,27,0.0
253,28,172,14.000000000000002,0.56,3.44,14.000000000000002,86.0,56.00000000000001,13.585638039786513,28,28,2.000000000000007
254,28,172,14.000000000000002,0.56,3.44,14.000000000000002,86.0,56.00000000000001,13.585638039786513,28,28,0.0
255,28,172,14.000000000000002,0.56,3.44,14.000000000000002,86.0,56.00000000000001,13.585638039786513,28,28,0.0
256,28,172,14.000000000000002,0.56,3.44,14.000000000000002,86.0,56.00000000000001,13.585638039786513,28,28,0.0
257,28,172,14.000000000000002,0.56,3.44,14.000000000000002,86.0,56.00000000000001,13.585638039786513,28,28,0.0
258,28,172,14.000000000000002,0.56,3.44,14.000000000000002,86.0,56.00000000000001,13.585638039786513,28,28,0.0
259,28,172,14.000000000000002,0.56,3.44,14.000000000000002,86.0,56.00000000000001,13.585638039786513,28,28,0.0
260,29,171,14.499999999999998,0.58,3.42,14.499999999999998,85.5,57.99999999999999,14.070839398350312,29,29,1.9999999999999858
261,29,171,14.499999999999998,0.58,3.42,14.499999999999998,85.5,57.99999999999999,14.070839398350312,29,29,0.0
262,29,171,14.499999999999998,0.58,3.42,14.499999999999998,85.5,57.99999999999999,14.070839398350312,29,29,0.0
263,29,171,14.499999999999998,0.58,3.42,14.499999999999998,85.5,57.99999999999999,14.070839398350312,29,29,0.0
264,30,170,15.0,0.6,3.4,15.0,85.0,60.0,14.55604075691412,30,30,2.000000000000007
265,30,170,15.0,0.6,3.4,15.0,85.0,60.0,14.55604075691412,30,30,0.0
266,30,170,15.0,0.6,3.4,15.0,85.0,60.0,14.55604075691412,30,30,0.0
267,30,170,15.0,0.6,3.4,15.0,85.0,60.0,14.55604075691412,30,30,0.0
268,30,170,15.0,0.6,3.4,15.0,85.0,60.0,14.55604075691412,30,30,0.0
269,30,170,15.0,0.6,3.4,15.0,85.0,60.0,14.55604075691412,30,30,0.0
270,30,170,15.0,0.6,3.4,15.0,85.0,60.0,14.55604075691412,30,30,0.0
271,30,170,15.0,0.6,3.4,15.0,85.0,60.0,14.55604075691412,30,30,0.0
272,30,170,15.0,0.6,3.4,15.0,85.0,60.0,14.55604075691412,30,30,0.0
273,30,170,15.0,0.6,3.4,15.0,85.0,60.0,14.55604075691412,30,30,0.0
274,30,170,15.0,0.6,3.4,15.0,85.0,60.0,14.55604075691412,30,30,0.0
275,30,170,15.0,0.6,3.4,15.0,85.0,60.0,14.55604075691412,30,30,0.0
276,30,170,15.0,0.6,3.4,15.0,85.0,60.0,14.55604075691412,30,30,0.0
277,30,170,15.0,0.6,3.4,15.0,85.0,60.0,14.55604075691412,30,30,0.0
278,30,170,15.0,0.6,3.4,15.0,85.0,60.0,14.55604075691412,30,30,0.0
279,30,170,15.0,0.6,3.4,15.0,85.0,60.0,14.55604075691412,30,30,0.0
280,30,170,15.0,0.6,3.4,15.0,85.0,60.0,14.55604075691412,30,30,0.0
281,30,170,15.0,0.6,3.4,15.0,85.0,60.0,14.55604075691412,30,30,0.0
282,30,170,15.0,0.6,3.4,15.0,85.0,60.0,14.55604075691412,30,30,0.0
283,30,170,15.0,0.6,3.4,15.0,85.0,60.0,14.55604075691412,30,30,0.0
284,30,170,15.0,0.6,3.4,15.0,85.0,60.0,14.55604075691412,30,30,0.0
285,30,170,15.0,0.6,3.4,15.0,85.0,60.0,14.55604075691412,30,30,0.0
286,30,170,15.0,0.6,3.4,15.0,85.0,60.0,14.55604075691412,30,30,0.0
287,30,170,15.0,0.6,3.4,15.0,85.0,60.0,14.55604075691412,30,30,0.0
288,30,170,15.0,0.6,3.4,15.0,85.0,60.0,14.55604075691412,30,30,0.0
289,30,170,15.0,0.6,3.4,15.0,85.0,60.0,14.55604075691412,30,30,0.0
290,30,170,15.0,0.6,3.4,15.0,85.0,60.0,14.55604075691412,30,30,0.0
291,30,170,15.0,0.6,3.4,15.0,85.0,60.0,14.55604075691412,30,30,0.0
292,30,170,15.0,0.6,3.4,15.0,85.0,60.0,14.55604075691412,30,30,0.0
293,30,170,15.0,0.6,3.4,15.0,85.0,60.0,14.55604075691412,30,30,0.0
294,30,170,15.0,0.6,3.4,15.0,85.0,60.0,14.55604075691412,30,30,0.0
295,30,170,15.0,0.6,3.4,15.0,85.0,60.0,14.55604075691412,30,30,0.0
296,30,170,15.0,0.6,3.4,15.0,85.0,60.0,14.55604075691412,30,30,0.0
297,30,170,15.0,0.6,3.4,15.0,85.0,60.0,14.55604075691412,30,30,0.0
298,30,170,15.0,0.6,3.4,15.0,85.0,60.0,14.55604075691412,30,30,0.0
299,30,170,15.0,0.6,3.4,15.0,85.0,60.0,14.55604075691412,30,30,0.0
300,30,170,15.0,0.6,3.4,15.0,85.0,60.0,14.55604075691412,30,30,0.0
301,30,170,15.0,0.6,3.4,15.0,85.0,60.0,14.55604075691412,30,30,0.0
302,30,170,15.0,0.6,3.4,15.0,85.0,60.0,14.55604075691412,30,30,0.0
303,30,170,15.0,0.6,3.4,15.0,85.0,60.0,14.55604075691412,30,30,0.0
304,30,170,15.0,0.6,3.4,15.0,85.0,60.0,14.55604075691412,30,30,0.0
305,30,170,15.0,0.6,3.4,15.0,85.0,60.0,14.55604075691412,30,30,0.0
306,30,170,15.0,0.6,3.4,15.0,85.0,60.0,14.55604075691412,30,30,0.0
307,30,170,15.0,0.6,3.4,15.0,85.0,60.0,14.55604075691412,30,30,0.0
308,30,170,15.0,0.6,3.4,15.0,85.0,60.0,14.55604075691412,30,30,0.0
309,30,170,15.0,0.6,3.4,15.0,85.0,60.0,14.55604075691412,30,30,0.0
310,30,170,15.0,0.6,3.4,15.0,85.0,60.0,14.55604075691412,30,30,0.0
311,31,169,15.5,0.62,3.38,15.5,84.5,62.0,15.041242115477923,31,31,2.0
312,31,169,15.5,0.62,3.38,15.5,84.5,62.0,15.041242115477923,31,31,0.0
313,32,168,16.0,0.64,3.36,16.0,84.0,64.0,15.526443474041729,32,32,2.0
314,32,168,16.0,0.64,3.36,16.0,84.0,64.0,15.526443474041729,32,32,0.0
315,32,168,16.0,0.64,3.36,16.0,84.0,64.0,15.526443474041729,32,32,0.0
316,32,168,16.0,0.64,3.36,16.0,84.0,64.0,15.526443474041729,32,32,0.0
317,32,168,16.0,0.64,3.36,16.0,84.0,64.0,15.526443474041729,32,32,0.0
318,32,168,16.0,0.64,3.36,16.0,84.0,64.0,15.526443474041729,32,32,0.0
319,32,168,16.0,0.64,3.36,16.0,84.0,64.0,15.526443474041729,32,32,0.0
320,32,168,16.0,0.64,3.36,16.0,84.0,64.0,15.526443474041729,32,32,0.0
321,32,168,16.0,0.64,3.36,16.0,84.0,64.0,15.526443474041729,32,32,0.0
322,32,168,16.0,0.64,3.36,16.0,84.0,64.0,15.526443474041729,32,32,0.0
323,32,168,16.0,0.64,3.36,16.0,84.0,64.0,15.526443474041729,32,32,0.0
324,32,168,16.0,0.64,3.36,16.0,84.0,64.0,15.526443474041729,32,32,0.0
325,32,168,16.0,0.64,3.36,16.0,84.0,64.0,15.526443474041729,32,32,0.0
326,32,168,16.0,0.64,3.36,16.0,84.0,64.0,15.526443474041729,32,32,0.0
327,32,168,16.0,0.64,3.36,16.0,84.0,64.0,15.526443474041729,32,32,0.0
328,32,168,16.0,0.64,3.36,16.0,84.0,64.0,15.526443474041729,32,32,0.0
329,32,168,16.0,0.64,3.36,16.0,84.0,64.0,15.526443474041729,32,32,0.0
330,32,168,16.0,0.64,3.36,16.0,84.0,64.0,15.526443474041729,32,32,0.0
331,32,168,16.0,0.64,3.36,16.0,84.0,64.0,15.526443474041729,32,32,0.0
332,32,168,16.0,0.64,3.36,16.0,84.0,64.0,15.526443474041729,32,32,0.0
333,32,168,16.0,0.64,3.36,16.0,84.0,64.0,15.526443474041729,32,32,0.0
334,32,168,16.0,0.64,3.36,16.0,84.0,64.0,15.526443474041729,32,32,0.0
335,32,168,16.0,0.64,3.36,16.0,84.0,64.0,15.526443474041729,32,32,0.0
336,32,168,16.0,0.64,3.36,16.0,84.0,64.0,15.526443474041729,32,32,0.0
337,33,167,16.5,0.66,3.34,16.5,83.5,66.0,16.011644832605533,33,33,2.0
338,33,167,16.5,0.66,3.34,16.5,83.5,66.0,16.011644832605533,33,33,0.0
339,33,167,16.5,0.66,3.34,16.5,83.5,66.0,16.011644832605533,33,33,0.0
340,33,167,16.5,0.66,3.34,16.5,83.5,66.0,16.011644832605533,33,33,0.0
341,33,167,16.5,0.66,3.34,16.5,83.5,66.0,16.011644832605533,33,33,0.0
342,33,167,16.5,0.66,3.34,16.5,83.5,66.0,16.011644832605533,33,33,0.0
343,33,167,16.5,0.66,3.34,16.5,83.5,66.0,16.011644832605533,33,33,0.0
344,33,167,16.5,0.66,3.34,16.5,83.5,66.0,16.011644832605533,33,33,0.0
345,33,167,16.5,0.66,3.34,16.5,83.5,66.0,16.011644832605533,33,33,0.0
346,33,167,16.5,0.66,3.34,16.5,83.5,66.0,16.011644832605533,33,33,0.0
347,33,167,16.5,0.66,3.34,16.5,83.5,66.0,16.011644832605533,33,33,0.0
348,33,167,16.5,0.66,3.34,16.5,83.5,66.0,16.011644832605533,33,33,0.0
349,34,166,17.0,0.68,3.32,17.0,83.0,68.0,16.496846191169336,34,34,2.0
350,34,166,17.0,0.68,3.32,17.0,83.0,68.0,16.496846191169336,34,34,0.0
351,34,166,17.0,0.68,3.32,17.0,83.0,68.0,16.496846191169336,34,34,0.0
352,34,166,17.0,0.68,3.32,17.0,83.0,68.0,16.496846191169336,34,34,0.0
353,34,166,17.0,0.68,3.32,17.0,83.0,68.0,16.496846191169336,34,34,0.0
354,34,166,17.0,0.68,3.32,17.0,83.0,68.0,16.496846191169336,34,34,0.0
355,34,166,17.0,0.68,3.32,17.0,83.0,68.0,16.496846191169336,34,34,0.0
356,34,166,17.0,0.68,3.32,17.0,83.0,68.0,16.496846191169336,34,34,0.0
357,35,165,17.5,0.7000000000000001,3.3,17.5,82.5,70.0,16.98204754973314,35,35,2.0
358,35,165,17.5,0.7000000000000001,3.3,17.5,82.5,70.0,16.98204754973314,35,35,0.0
359,35,165,17.5,0.7000000000000001,3.3,17.5,82.5,70.0,16.98204754973314,35,35,0.0
360,35,165,17.5,0.7000000000000001,3.3,17.5,82.5,70.0,16.98204754973314,35,35,0.0
361,35,165,17.5,0.7000000000000001,3.3,17.5,82.5,70.0,16.98204754973314,35,35,0.0
362,35,165,17.5,0.7000000000000001,3.3,17.5,82.5,70.0,16.98204754973314,35,35,0.0
363,35,165,17.5,0.7000000000000001,3.3,17.5,82.5,70.0,16.98204754973314,35,35,0.0
364,35,165,17.5,0.7000000000000001,3.3,17.5,82.5,70.0,16.98204754973314,35,35,0.0
365,35,165,17.5,0.7000000000000001,3.3,17.5,82.5,70.0,16.98204754973314,35,35,0.0
366,35,165,17.5,0.7000000000000001,3.3,17.5,82.5,70.0,16.98204754973314,35,35,0.0
367,35,165,17.5,0.7000000000000001,3.3,17.5,82.5,70.0,16.98204754973314,35,35,0.0
368,35,165,17.5,0.7000000000000001,3.3,17.5,82.5,70.0,16.98204754973314,35,35,0.0
369,35,165,17.5,0.7000000000000001,3.3,17.5,82.5,70.0,16.98204754973314,35,35,0.0
370,35,165,17.5,0.7000000000000001,3.3,17.5,82.5,70.0,16.98204754973314,35,35,0.0
371,35,165,17.5,0.7000000000000001,3.3,17.5,82.5,70.0,16.98204754973314,35,35,0.0
372,35,165,17.5,0.7000000000000001,3.3,17.5,82.5,70.0,16.98204754973314,35,35,0.0
373,35,165,17.5,0.7000000000000001,3.3,17.5,82.5,70.0,16.98204754973314,35,35,0.0
374,35,165,17.5,0.7000000000000001,3.3,17.5,82.5,70.0,16.98204754973314,35,35,0.0
375,35,165,17.5,0.7000000000000001,3.3,17.5,82.5,70.0,16.98204754973314,35,35,0.0
376,35,165,17.5,0.7000000000000001,3.3,17.5,82.5,70.0,16.98204754973314,35,35,0.0
377,35,165,17.5,0.7000000000000001,3.3,17.5,82.5,70.0,16.98204754973314,35,35,0.0
378,35,165,17.5,0.7000000000000001,3.3,17.5,82.5,70.0,16.98204754973314,35,35,0.0
379,35,165,17.5,0.7000000000000001,3.3,17.5,82.5,70.0,16.98204754973314,35,35,0.0
380,35,165,17.5,0.7000000000000001,3.3,17.5,82.5,70.0,16.98204754973314,35,35,0.0
381,35,165,17.5,0.7000000000000001,3.3,17.5,82.5,70.0,16.98204754973314,35,35,0.0
382,35,165,17.5,0.7000000000000001,3.3,17.5,82.5,70.0,16.98204754973314,35,35,0.0
383,36,164,18.0,0.72,3.2800000000000002,18.0,82.0,72.0,17.467248908296945,36,36,2.0
384,36,164,18.0,0.72,3.2800000000000002,18.0,82.0,72.0,17.467248908296945,36,36,0.0
385,36,164,18.0,0.72,3.2800000000000002,18.0,82.0,72.0,17.467248908296945,36,36,0.0
386,36,164,18.0,0.72,3.2800000000000002,18.0,82.0,72.0,17.467248908296945,36,36,0.0
387,36,164,18.0,0.72,3.2800000000000002,18.0,82.0,72.0,17.467248908296945,36,36,0.0
388,36,164,18.0,0.72,3.2800000000000002,18.0,82.0,72.0,17.467248908296945,36,36,0.0
389,36,164,18.0,0.72,3.2800000000000002,18.0,82.0,72.0,17.467248908296945,36,36,0.0
390,36,164,18.0,0.72,3.2800000000000002,18.0,82.0,72.0,17.467248908296945,36,36,0.0
391,36,164,18.0,0.72,3.2800000000000002,18.0,82.0,72.0,17.467248908296945,36,36,0.0
392,36,164,18.0,0.72,3.2800000000000002,18.0,82.0,72.0,17.467248908296945,36,36,0.0
393,37,163,18.5,0.74,3.26,18.5,81.5,74.0,17.952450266860748,37,37,2.0
394,37,163,18.5,0.74,3.26,18.5,81.5,74.0,17.952450266860748,37,37,0.0
395,37,163,18.5,0.74,3.26,18.5,81.5,74.0,17.952450266860748,37,37,0.0
396,37,163,18.5,0.74,3.26,18.5,81.5,74.0,17.952450266860748,37,37,0.0
397,37,163,18.5,0.74,3.26,18.5,81.5,74.0,17.952450266860748,37,37,0.0
398,37,163,18.5,0.74,3.26,18.5,81.5,74.0,17.952450266860748,37,37,0.0
399,37,163,18.5,0.74,3.26,18.5,81.5,74.0,17.952450266860748,37,37,0.0
400,38,162,19.0,0.76,3.24,19.0,81.0,76.0,18.43765162542455,38,38,2.0
401,38,162,19.0,0.76,3.24,19.0,81.0,76.0,18.43765162542455,38,38,0.0
402,38,162,19.0,0.76,3.24,19.0,81.0,76.0,18.43765162542455,38,38,0.0
403,38,162,19.0,0.76,3.24,19.0,81.0,76.0,18.43765162542455,38,38,0.0
404,38,162,19.0,0.76,3.24,19.0,81.0,76.0,18.43765162542455,38,38,0.0
405,38,162,19.0,0.76,3.24,19.0,81.0,76.0,18.43765162542455,38,38,0.0
406,38,162,19.0,0.76,3.24,19.0,81.0,76.0,18.43765162542455,38,38,0.0
407,38,162,19.0,0.76,3.24,19.0,81.0,76.0,18.43765162542455,38,38,0.0
408,38,162,19.0,0.76,3.24,19.0,81.0,76.0,18.43765162542455,38,38,0.0
409,38,162,19.0,0.76,3.24,19.0,81.0,76.0,18.43765162542455,38,38,0.0
410,38,162,19.0,0.76,3.24,19.0,81.0,76.0,18.43765162542455,38,38,0.0
411,38,162,19.0,0.76,3.24,19.0,81.0,76.0,18.43765162542455,38,38,0.0
412,38,162,19.0,0.76,3.24,19.0,81.0,76.0,18.43765162542455,38,38,0.0
413,40,160,20.0,0.8,3.2,20.0,80.0,80.0,19.40805434255216,40,40,4.0
414,40,160,20.0,0.8,3.2,20.0,80.0,80.0,19.40805434255216,40,40,0.0
415,40,160,20.0,0.8,3.2,20.0,80.0,80.0,19.40805434255216,40,40,0.0
416,40,160,20.0,0.8,3.2,20.0,80.0,80.0,19.40805434255216,40,40,0.0
417,40,160,20.0,0.8,3.2,20.0,80.0,80.0,19.40805434255216,40,40,0.0
418,40,160,20.0,0.8,3.2,20.0,80.0,80.0,19.40805434255216,40,40,0.0
419,40,160,20.0,0.8,3.2,20.0,80.0,80.0,19.40805434255216,40,40,0.0
420,40,160,20.0,0.8,3.2,20.0,80.0,80.0,19.40805434255216,40,40,0.0
421,40,160,20.0,0.8,3.2,20.0,80.0,80.0,19.40805434255216,40,40,0.0
422,40,160,20.0,0.8,3.2,20.0,80.0,80.0,19.40805434255216,40,40,0.0
423,40,160,20.0,0.8,3.2,20.0,80.0,80.0,19.40805434255216,40,40,0.0
424,41,159,20.5,0.8200000000000001,3.1799999999999997,20.5,79.49999999999999,82.0,19.893255701115965,41,41,2.0
425,41,159,20.5,0.8200000000000001,3.1799999999999997,20.5,79.49999999999999,82.0,19.893255701115965,41,41,0.0
426,41,159,20.5,0.8200000000000001,3.1799999999999997,20.5,79.49999999999999,82.0,19.893255701115965,41,41,0.0
427,41,159,20.5,0.8200000000000001,3.1799999999999997,20.5,79.49999999999999,82.0,19.893255701115965,41,41,0.0
428,41,159,20.5,0.8200000000000001,3.1799999999999997,20.5,79.49999999999999,82.0,19.893255701115965,41,41,0.0
429,41,159,20.5,0.8200000000000001,3.1799999999999997,20.5,79.49999999999999,82.0,19.893255701115965,41,41,0.0
430,41,159,20.5,0.8200000000000001,3.1799999999999997,20.5,79.49999999999999,82.0,19.893255701115965,41,41,0.0
431,41,159,20.5,0.8200000000000001,3.1799999999999997,20.5,79.49999999999999,82.0,19.893255701115965,41,41,0.0
432,41,159,20.5,0.8200000000000001,3.1799999999999997,20.5,79.49999999999999,82.0,19.893255701115965,41,41,0.0
433,41,159,20.5,0.8200000000000001,3.1799999999999997,20.5,79.49999999999999,82.0,19.893255701115965,41,41,0.0
434,41,159,20.5,0.8200000000000001,3.1799999999999997,20.5,79.49999999999999,82.0,19.893255701115965,41,41,0.0
435,41,159,20.5,0.8200000000000001,3.1799999999999997,20.5,79.49999999999999,82.0,19.893255701115965,41,41,0.0
436,41,159,20.5,0.8200000000000001,3.1799999999999997,20.5,79.49999999999999,82.0,19.893255701115965,41,41,0.0
437,41,159,20.5,0.8200000000000001,3.1799999999999997,20.5,79.49999999999999,82.0,19.893255701115965,41,41,0.0
438,41,159,20.5,0.8200000000000001,3.1799999999999997,20.5,79.49999999999999,82.0,19.893255701115965,41,41,0.0
439,41,159,20.5,0.8200000000000001,3.1799999999999997,20.5,79.49999999999999,82.0,19.893255701115965,41,41,0.0
440,41,159,20.5,0.8200000000000001,3.1799999999999997,20.5,79.49999999999999,82.0,19.893255701115965,41,41,0.0
441,41,159,20.5,0.8200000000000001,3.1799999999999997,20.5,79.49999999999999,82.0,19.893255701115965,41,41,0.0
442,41,159,20.5,0.8200000000000001,3.1799999999999997,20.5,79.49999999999999,82.0,19.893255701115965,41,41,0.0
443,41,159,20.5,0.8200000000000001,3.1799999999999997,20.5,79.49999999999999,82.0,19.893255701115965,41,41,0.0
444,41,159,20.5,0.8200000000000001,3.1799999999999997,20.5,79.49999999999999,82.0,19.893255701115965,41,41,0.0
445,41,159,20.5,0.8200000000000001,3.1799999999999997,20.5,79.49999999999999,82.0,19.893255701115965,41,41,0.0
446,41,159,20.5,0.8200000000000001,3.1799999999999997,20.5,79.49999999999999,82.0,19.893255701115965,41,41,0.0
447,41,159,20.5,0.8200000000000001,3.1799999999999997,20.5,79.49999999999999,82.0,19.893255701115965,41,41,0.0
448,41,159,20.5,0.8200000000000001,3.1799999999999997,20.5,79.49999999999999,82.0,19.893255701115965,41,41,0.0
449,41,159,20.5,0.8200000000000001,3.1799999999999997,20.5,79.49999999999999,82.0,19.893255701115965,41,41,0.0
450,41,159,20.5,0.8200000000000001,3.1799999999999997,20.5,79.49999999999999,82.0,19.893255701115965,41,41,0.0
451,41,159,20.5,0.8200000000000001,3.1799999999999997,20.5,79.49999999999999,82.0,19.893255701115965,41,41,0.0
452,42,158,21.0,0.84,3.16,21.0,79.0,84.0,20.378457059679768,42,42,2.0
453,42,158,21.0,0.84,3.16,21.0,79.0,84.0,20.378457059679768,42,42,0.0
454,42,158,21.0,0.84,3.16,21.0,79.0,84.0,20.378457059679768,42,42,0.0
455,42,158,21.0,0.84,3.16,21.0,79.0,84.0,20.378457059679768,42,42,0.0
456,42,158,21.0,0.84,3.16,21.0,79.0,84.0,20.378457059679768,42,42,0.0
457,42,158,21.0,0.84,3.16,21.0,79.0,84.0,20.378457059679768,42,42,0.0
458,42,158,21.0,0.84,3.16,21.0,79.0,84.0,20.378457059679768,42,42,0.0
459,42,158,21.0,0.84,3.16,21.0,79.0,84.0,20.378457059679768,42,42,0.0
460,42,158,21.0,0.84,3.16,21.0,79.0,84.0,20.378457059679768,42,42,0.0
461,42,158,21.0,0.84,3.16,21.0,79.0,84.0,20.378457059679768,42,42,0.0
462,42,158,21.0,0.84,3.16,21.0,79.0,84.0,20.378457059679768,42,42,0.0
463,42,158,21.0,0.84,3.16,21.0,79.0,84.0,20.378457059679768,42,42,0.0
464,42,158,21.0,0.84,3.16,21.0,79.0,84.0,20.378457059679768,42,42,0.0
465,42,158,21.0,0.84,3.16,21.0,79.0,84.0,20.378457059679768,42,42,0.0
466,42,158,21.0,0.84,3.16,21.0,79.0,84.0,20.378457059679768,42,42,0.0
467,42,158,21.0,0.84,3.16,21.0,79.0,84.0,20.378457059679768,42,42,0.0
468,42,158,21.0,0.84,3.16,21.0,79.0,84.0,20.378457059679768,42,42,0.0
469,43,157,21.5,0.86,3.14,21.5,78.5,86.0,20.86365841824357,43,43,2.0
470,43,157,21.5,0.86,3.14,21.5,78.5,86.0,20.86365841824357,43,43,0.0
471,43,157,21.5,0.86,3.14,21.5,78.5,86.0,20.86365841824357,43,43,0.0
472,43,157,21.5,0.86,3.14,21.5,78.5,86.0,20.86365841824357,43,43,0.0
473,43,157,21.5,0.86,3.14,21.5,78.5,86.0,20.86365841824357,43,43,0.0
474,43,157,21.5,0.86,3.14,21.5,78.5,86.0,20.86365841824357,43,43,0.0
475,43,157,21.5,0.86,3.14,21.5,78.5,86.0,20.86365841824357,43,43,0.0
476,43,157,21.5,0.86,3.14,21.5,78.5,86.0,20.86365841824357,43,43,0.0
477,43,157,21.5,0.86,3.14,21.5,78.5,86.0,20.86365841824357,43,43,0.0
478,43,157,21.5,0.86,3.14,21.5,78.5,86.0,20.86365841824357,43,43,0.0
479,43,157,21.5,0.86,3.14,21.5,78.5,86.0,20.86365841824357,43,43,0.0
480,43,157,21.5,0.86,3.14,21.5,78.5,86.0,20.86365841824357,43,43,0.0
481,43,157,21.5,0.86,3.14,21.5,78.5,86.0,20.86365841824357,43,43,0.0
482,43,157,21.5,0.86,3.14,21.5,78.5,86.0,20.86365841824357,43,43,0.0
483,43,157,21.5,0.86,3.14,21.5,78.5,86.0,20.86365841824357,43,43,0.0
484,43,157,21.5,0.86,3.14,21.5,78.5,86.0,20.86365841824357,43,43,0.0
485,43,157,21.5,0.86,3.14,21.5,78.5,86.0,20.86365841824357,43,43,0.0
486,43,157,21.5,0.86,3.14,21.5,78.5,86.0,20.86365841824357,43,43,0.0
487,43,157,21.5,0.86,3.14,21.5,78.5,86.0,20.86365841824357,43,43,0.0
488,43,157,21.5,0.86,3.14,21.5,78.5,86.0,20.86365841824357,43,43,0.0
489,43,157,21.5,0.86,3.14,21.5,78.5,86.0,20.86365841824357,43,43,0.0
490,43,157,21.5,0.86,3.14,21.5,78.5,86.0,20.86365841824357,43,43,0.0
491,43,157,21.5,0.86,3.14,21.5,78.5,86.0,20.86365841824357,43,43,0.0
492,43,157,21.5,0.86,3.14,21.5,78.5,86.0,20.86365841824357,43,43,0.0
493,43,157,21.5,0.86,3.14,21.5,78.5,86.0,20.86365841824357,43,43,0.0
494,43,157,21.5,0.86,3.14,21.5,78.5,86.0,20.86365841824357,43,43,0.0
495,43,157,21.5,0.86,3.14,21.5,78.5,86.0,20.86365841824357,43,43,0.0
496,43,157,21.5,0.86,3.14,21.5,78.5,86.0,20.86365841824357,43,43,0.0
497,43,157,21.5,0.86,3.14,21.5,78.5,86.0,20.86365841824357,43,43,0.0
498,43,157,21.5,0.86,3.14,21.5,78.5,86.0,20.86365841824357,43,43,0.0
499,43,157,21.5,0.86,3.14,21.5,78.5,86.0,20.86365841824357,43,43,0.0
500,43,157,21.5,0.86,3.14,21.5,78.5,86.0,20.86365841824357,43,43,0.0
501,43,157,21.5,0.86,3.14,21.5,78.5,86.0,20.86365841824357,43,43,0.0
502,44,156,22.0,0.88,3.12,22.0,78.0,88.0,21.348859776807373,44,44,2.0
503,44,156,22.0,0.88,3.12,22.0,78.0,88.0,21.348859776807373,44,44,0.0
504,44,156,22.0,0.88,3.12,22.0,78.0,88.0,21.348859776807373,44,44,0.0
505,44,156,22.0,0.88,3.12,22.0,78.0,88.0,21.348859776807373,44,44,0.0
506,44,156,22.0,0.88,3.12,22.0,78.0,88.0,21.348859776807373,44,44,0.0
507,44,156,22.0,0.88,3.12,22.0,78.0,88.0,21.348859776807373,44,44,0.0
508,45,155,22.5,0.9,3.1,22.5,77.5,90.0,21.83406113537118,45,45,2.0
509,45,155,22.5,0.9,3.1,22.5,77.5,90.0,21.83406113537118,45,45,0.0
510,45,155,22.5,0.9,3.1,22.5,77.5,90.0,21.83406113537118,45,45,0.0
511,45,155,22.5,0.9,3.1,22.5,77.5,90.0,21.83406113537118,45,45,0.0
512,45,155,22.5,0.9,3.1,22.5,77.5,90.0,21.83406113537118,45,45,0.0
513,45,155,22.5,0.9,3.1,22.5,77.5,90.0,21.83406113537118,45,45,0.0
514,45,155,22.5,0.9,3.1,22.5,77.5,90.0,21.83406113537118,45,45,0.0
515,45,155,22.5,0.9,3.1,22.5,77.5,90.0,21.83406113537118,45,45,0.0
516,45,155,22.5,0.9,3.1,22.5,77.5,90.0,21.83406113537118,45,45,0.0
517,45,155,22.5,0.9,3.1,22.5,77.5,90.0,21.83406113537118,45,45,0.0
518,45,155,22.5,0.9,3.1,22.5,77.5,90.0,21.83406113537118,45,45,0.0
519,46,154,23.0,0.92,3.08,23.0,77.0,92.0,22.319262493934982,46,46,2.0
520,46,154,23.0,0.92,3.08,23.0,77.0,92.0,22.319262493934982,46,46,0.0
521,46,154,23.0,0.92,3.08,23.0,77.0,92.0,22.319262493934982,46,46,0.0
522,46,154,23.0,0.92,3.08,23.0,77.0,92.0,22.319262493934982,46,46,0.0
523,46,154,23.0,0.92,3.08,23.0,77.0,92.0,22.319262493934982,46,46,0.0
524,46,154,23.0,0.92,3.08,23.0,77.0,92.0,22.319262493934982,46,46,0.0
525,46,154,23.0,0.92,3.08,23.0,77.0,92.0,22.319262493934982,46,46,0.0
526,46,154,23.0,0.92,3.08,23.0,77.0,92.0,22.319262493934982,46,46,0.0
527,46,154,23.0,0.92,3.08,23.0,77.0,92.0,22.319262493934982,46,46,0.0
528,46,154,23.0,0.92,3.08,23.0,77.0,92.0,22.319262493934982,46,46,0.0
529,46,154,23.0,0.92,3.08,23.0,77.0,92.0,22.319262493934982,46,46,0.0
530,46,154,23.0,0.92,3.08,23.0,77.0,92.0,22.319262493934982,46,46,0.0
531,46,154,23.0,0.92,3.08,23.0,77.0,92.0,22.319262493934982,46,46,0.0
532,46,154,23.0,0.92,3.08,23.0,77.0,92.0,22.319262493934982,46,46,0.0
533,46,154,23.0,0.92,3.08,23.0,77.0,92.0,22.319262493934982,46,46,0.0
534,46,154,23.0,0.92,3.08,23.0,77.0,92.0,22.319262493934982,46,46,0.0
535,46,154,23.0,0.92,3.08,23.0,77.0,92.0,22.319262493934982,46,46,0.0
536,46,154,23.0,0.92,3.08,23.0,77.0,92.0,22.319262493934982,46,46,0.0
537,46,154,23.0,0.92,3.08,23.0,77.0,92.0,22.319262493934982,46,46,0.0
538,46,154,23.0,0.92,3.08,23.0,77.0,92.0,22.319262493934982,46,46,0.0
539,46,154,23.0,0.92,3.08,23.0,77.0,92.0,22.319262493934982,46,46,0.0
540,46,154,23.0,0.92,3.08,23.0,77.0,92.0,22.319262493934982,46,46,0.0
541,46,154,23.0,0.92,3.08,23.0,77.0,92.0,22.319262493934982,46,46,0.0
542,46,154,23.0,0.92,3.08,23.0,77.0,92.0,22.319262493934982,46,46,0.0
543,46,154,23.0,0.92,3.08,23.0,77.0,92.0,22.319262493934982,46,46,0.0
544,46,154,23.0,0.92,3.08,23.0,77.0,92.0,22.319262493934982,46,46,0.0
545,46,154,23.0,0.92,3.08,23.0,77.0,92.0,22.319262493934982,46,46,0.0
546,46,154,23.0,0.92,3.08,23.0,77.0,92.0,22.319262493934982,46,46,0.0
547,46,154,23.0,0.92,3.08,23.0,77.0,92.0,22.319262493934982,46,46,0.0
548,46,154,23.0,0.92,3.08,23.0,77.0,92.0,22.319262493934982,46,46,0.0
549,46,154,23.0,0.92,3.08,23.0,77.0,92.0,22.319262493934982,46,46,0.0
550,46,154,23.0,0.92,3.08,23.0,77.0,92.0,22.319262493934982,46,46,0.0
551,46,154,23.0,0.92,3.08,23.0,77.0,92.0,22.319262493934982,46,46,0.0
552,46,154,23.0,0.92,3.08,23.0,77.0,92.0,22.319262493934982,46,46,0.0
553,46,154,23.0,0.92,3.08,23.0,77.0,92.0,22.319262493934982,46,46,0.0
554,46,154,23.0,0.92,3.08,23.0,77.0,92.0,22.319262493934982,46,46,0.0
555,46,154,23.0,0.92,3.08,23.0,77.0,92.0,22.319262493934982,46,46,0.0
556,47,153,23.5,0.9400000000000001,3.06,23.5,76.5,94.0,22.804463852498788,47,47,2.0
557,47,153,23.5,0.9400000000000001,3.06,23.5,76.5,94.0,22.804463852498788,47,47,0.0
558,47,153,23.5,0.9400000000000001,3.06,23.5,76.5,94.0,22.804463852498788,47,47,0.0
559,47,153,23.5,0.9400000000000001,3.06,23.5,76.5,94.0,22.804463852498788,47,47,0.0
560,47,153,23.5,0.9400000000000001,3.06,23.5,76.5,94.0,22.804463852498788,47,47,0.0
561,47,153,23.5,0.9400000000000001,3.06,23.5,76.5,94.0,22.804463852498788,47,47,0.0
562,47,153,23.5,0.9400000000000001,3.06,23.5,76.5,94.0,22.804463852498788,47,47,0.0
563,47,153,23.5,0.9400000000000001,3.06,23.5,76.5,94.0,22.804463852498788,47,47,0.0
564,47,153,23.5,0.9400000000000001,3.06,23.5,76.5,94.0,22.804463852498788,47,47,0.0
565,47,153,23.5,0.9400000000000001,3.06,23.5,76.5,94.0,22.804463852498788,47,47,0.0
566,47,153,23.5,0.9400000000000001,3.06,23.5,76.5,94.0,22.804463852498788,47,47,0.0
567,47,153,23.5,0.9400000000000001,3.06,23.5,76.5,94.0,22.804463852498788,47,47,0.0
568,47,153,23.5,0.9400000000000001,3.06,23.5,76.5,94.0,22.804463852498788,47,47,0.0
569,47,153,23.5,0.9400000000000001,3.06,23.5,76.5,94.0,22.804463852498788,47,47,0.0
570,48,152,24.0,0.96,3.04,24.0,76.0,96.0,23.28966521106259,48,48,2.0
571,48,152,24.0,0.96,3.04,24.0,76.0,96.0,23.28966521106259,48,48,0.0
572,48,152,24.0,0.96,3.04,24.0,76.0,96.0,23.28966521106259,48,48,0.0
573,48,152,24.0,0.96,3.04,24.0,76.0,96.0,23.28966521106259,48,48,0.0
574,49,151,24.5,0.98,3.02,24.5,75.5,98.0,23.774866569626397,49,49,2.0
575,49,151,24.5,0.98,3.02,24.5,75.5,98.0,23.774866569626397,49,49,0.0
576,49,151,24.5,0.98,3.02,24.5,75.5,98.0,23.774866569626397,49,49,0.0
577,49,151,24.5,0.98,3.02,24.5,75.5,98.0,23.774866569626397,49,49,0.0
578,49,151,24.5,0.98,3.02,24.5,75.5,98.0,23.774866569626397,49,49,0.0
579,49,151,24.5,0.98,3.02,24.5,75.5,98.0,23.774866569626397,49,49,0.0
580,49,151,24.5,0.98,3.02,24.5,75.5,98.0,23.774866569626397,49,49,0.0
581,49,151,24.5,0.98,3.02,24.5,75.5,98.0,23.774866569626397,49,49,0.0
582,50,150,25.0,1.0,3.0,25.0,75.0,100.0,24.2600679281902,50,50,2.0
583,50,150,25.0,1.0,3.0,25.0,75.0,100.0,24.2600679281902,50,50,0.0
584,50,150,25.0,1.0,3.0,25.0,75.0,100.0,24.2600679281902,50,50,0.0
585,50,150,25.0,1.0,3.0,25.0,75.0,100.0,24.2600679281902,50,50,0.0
586,50,150,25.0,1.0,3.0,25.0,75.0,100.0,24.2600679281902,50,50,0.0
587,51,149,25.5,1.02,2.98,25.5,74.5,102.0,24.745269286754006,51,51,2.0
588,51,149,25.5,1.02,2.98,25.5,74.5,102.0,24.745269286754006,51,51,0.0
589,51,149,25.5,1.02,2.98,25.5,74.5,102.0,24.745269286754006,51,51,0.0
590,51,149,25.5,1.02,2.98,25.5,74.5,102.0,24.745269286754006,51,51,0.0
591,51,149,25.5,1.02,2.98,25.5,74.5,102.0,24.745269286754006,51,51,0.0
592,53,147,26.5,1.06,2.94,26.5,73.5,106.0,25.71567200388161,53,53,4.0
593,53,147,26.5,1.06,2.94,26.5,73.5,106.0,25.71567200388161,53,53,0.0
594,53,147,26.5,1.06,2.94,26.5,73.5,106.0,25.71567200388161,53,53,0.0
595,53,147,26.5,1.06,2.94,26.5,73.5,106.0,25.71567200388161,53,53,0.0
596,53,147,26.5,1.06,2.94,26.5,73.5,106.0,25.71567200388161,53,53,0.0
597,53,147,26.5,1.06,2.94,26.5,73.5,106.0,25.71567200388161,53,53,0.0
598,53,147,26.5,1.06,2.94,26.5,73.5,106.0,25.71567200388161,53,53,0.0
599,53,147,26.5,1.06,2.94,26.5,73.5,106.0,25.71567200388161,53,53,0.0
600,53,147,26.5,1.06,2.94,26.5,73.5,106.0,25.71567200388161,53,53,0.0
601,53,147,26.5,1.06,2.94,26.5,73.5,106.0,25.71567200388161,53,53,0.0
602,54,146,27.0,1.08,2.92,27.0,73.0,108.0,26.200873362445414,54,54,2.0
603,54,146,27.0,1.08,2.92,27.0,73.0,108.0,26.200873362445414,54,54,0.0
604,54,146,27.0,1.08,2.92,27.0,73.0,108.0,26.200873362445414,54,54,0.0
605,54,146,27.0,1.08,2.92,27.0,73.0,108.0,26.200873362445414,54,54,0.0
606,54,146,27.0,1.08,2.92,27.0,73.0,108.0,26.200873362445414,54,54,0.0
607,54,146,27.0,1.08,2.92,27.0,73.0,108.0,26.200873362445414,54,54,0.0
608,54,146,27.0,1.08,2.92,27.0,73.0,108.0,26.200873362445414,54,54,0.0
609,54,146,27.0,1.08,2.92,27.0,73.0,108.0,26.200873362445414,54,54,0.0
610,54,146,27.0,1.08,2.92,27.0,73.0,108.0,26.200873362445414,54,54,0.0
611,54,146,27.0,1.08,2.92,27.0,73.0,108.0,26.200873362445414,54,54,0.0
612,55,145,27.500000000000004,1.1,2.9,27.5,72.5,110.0,26.686074721009216,55,55,2.0
613,55,145,27.500000000000004,1.1,2.9,27.5,72.5,110.0,26.686074721009216,55,55,0.0
614,55,145,27.500000000000004,1.1,2.9,27.5,72.5,110.0,26.686074721009216,55,55,0.0
615,55,145,27.500000000000004,1.1,2.9,27.5,72.5,110.0,26.686074721009216,55,55,0.0
616,55,145,27.500000000000004,1.1,2.9,27.5,72.5,110.0,26.686074721009216,55,55,0.0
617,55,145,27.500000000000004,1.1,2.9,27.5,72.5,110.0,26.686074721009216,55,55,0.0
618,55,145,27.500000000000004,1.1,2.9,27.5,72.5,110.0,26.686074721009216,55,55,0.0
619,55,145,27.500000000000004,1.1,2.9,27.5,72.5,110.0,26.686074721009216,55,55,0.0
620,55,145,27.500000000000004,1.1,2.9,27.5,72.5,110.0,26.686074721009216,55,55,0.0
621,55,145,27.500000000000004,1.1,2.9,27.5,72.5,110.0,26.686074721009216,55,55,0.0
622,55,145,27.500000000000004,1.1,2.9,27.5,72.5,110.0,26.686074721009216,55,55,0.0
623,55,145,27.500000000000004,1.1,2.9,27.5,72.5,110.0,26.686074721009216,55,55,0.0
624,55,145,27.500000000000004,1.1,2.9,27.5,72.5,110.0,26.686074721009216,55,55,0.0
625,55,145,27.500000000000004,1.1,2.9,27.5,72.5,110.0,26.686074721009216,55,55,0.0
626,55,145,27.500000000000004,1.1,2.9,27.5,72.5,110.0,26.686074721009216,55,55,0.0
627,55,145,27.500000000000004,1.1,2.9,27.5,72.5,110.0,26.686074721009216,55,55,0.0
628,55,145,27.500000000000004,1.1,2.9,27.5,72.5,110.0,26.686074721009216,55,55,0.0
629,55,145,27.500000000000004,1.1,2.9,27.5,72.5,110.0,26.686074721009216,55,55,0.0
630,55,145,27.500000000000004,1.1,2.9,27.5,72.5,110.0,26.686074721009216,55,55,0.0
631,55,145,27.500000000000004,1.1,2.9,27.5,72.5,110.0,26.686074721009216,55,55,0.0
632,55,145,27.500000000000004,1.1,2.9,27.5,72.5,110.0,26.686074721009216,55,55,0.0
633,55,145,27.500000000000004,1.1,2.9,27.5,72.5,110.0,26.686074721009216,55,55,0.0
634,55,145,27.500000000000004,1.1,2.9,27.5,72.5,110.0,26.686074721009216,55,55,0.0
635,55,145,27.500000000000004,1.1,2.9,27.5,72.5,110.0,26.686074721009216,55,55,0.0
636,55,145,27.500000000000004,1.1,2.9,27.5,72.5,110.0,26.686074721009216,55,55,0.0
637,55,145,27.500000000000004,1.1,2.9,27.5,72.5,110.0,26.686074721009216,55,55,0.0
638,55,145,27.500000000000004,1.1,2.9,27.5,72.5,110.0,26.686074721009216,55,55,0.0
639,55,145,27.500000000000004,1.1,2.9,27.5,72.5,110.0,26.686074721009216,55,55,0.0
640,55,145,27.500000000000004,1.1,2.9,27.5,72.5,110.0,26.686074721009216,55,55,0.0
641,55,145,27.500000000000004,1.1,2.9,27.5,72.5,110.0,26.686074721009216,55,55,0.0
642,55,145,27.500000000000004,1.1,2.9,27.5,72.5,110.0,26.686074721009216,55,55,0.0
643,55,145,27.500000000000004,1.1,2.9,27.5,72.5,110.0,26.686074721009216,55,55,0.0
644,55,145,27.500000000000004,1.1,2.9,27.5,72.5,110.0,26.686074721009216,55,55,0.0
645,55,145,27.500000000000004,1.1,2.9,27.5,72.5,110.0,26.686074721009216,55,55,0.0
646,55,145,27.500000000000004,1.1,2.9,27.5,72.5,110.0,26.686074721009216,55,55,0.0
647,55,145,27.500000000000004,1.1,2.9,27.5,72.5,110.0,26.686074721009216,55,55,0.0
648,56,144,28.000000000000004,1.12,2.88,28.000000000000004,72.0,112.00000000000001,27.171276079573026,56,56,2.000000000000014
649,56,144,28.000000000000004,1.12,2.88,28.000000000000004,72.0,112.00000000000001,27.171276079573026,56,56,0.0
650,56,144,28.000000000000004,1.12,2.88,28.000000000000004,72.0,112.00000000000001,27.171276079573026,56,56,0.0
651,56,144,28.000000000000004,1.12,2.88,28.000000000000004,72.0,112.00000000000001,27.171276079573026,56,56,0.0
652,56,144,28.000000000000004,1.12,2.88,28.000000000000004,72.0,112.00000000000001,27.171276079573026,56,56,0.0
653,56,144,28.000000000000004,1.12,2.88,28.000000000000004,72.0,112.00000000000001,27.171276079573026,56,56,0.0
654,56,144,28.000000000000004,1.12,2.88,28.000000000000004,72.0,112.00000000000001,27.171276079573026,56,56,0.0
655,56,144,28.000000000000004,1.12,2.88,28.000000000000004,72.0,112.00000000000001,27.171276079573026,56,56,0.0
656,56,144,28.000000000000004,1.12,2.88,28.000000000000004,72.0,112.00000000000001,27.171276079573026,56,56,0.0
657,56,144,28.000000000000004,1.12,2.88,28.000000000000004,72.0,112.00000000000001,27.171276079573026,56,56,0.0
658,56,144,28.000000000000004,1.12,2.88,28.000000000000004,72.0,112.00000000000001,27.171276079573026,56,56,0.0
659,56,144,28.000000000000004,1.12,2.88,28.000000000000004,72.0,112.00000000000001,27.171276079573026,56,56,0.0
660,56,144,28.000000000000004,1.12,2.88,28.000000000000004,72.0,112.00000000000001,27.171276079573026,56,56,0.0
661,56,144,28.000000000000004,1.12,2.88,28.000000000000004,72.0,112.00000000000001,27.171276079573026,56,56,0.0
662,56,144,28.000000000000004,1.12,2.88,28.000000000000004,72.0,112.00000000000001,27.171276079573026,56,56,0.0
663,56,144,28.000000000000004,1.12,2.88,28.000000000000004,72.0,112.00000000000001,27.171276079573026,56,56,0.0
664,56,144,28.000000000000004,1.12,2.88,28.000000000000004,72.0,112.00000000000001,27.171276079573026,56,56,0.0
665,56,144,28.000000000000004,1.12,2.88,28.000000000000004,72.0,112.00000000000001,27.171276079573026,56,56,0.0
666,56,144,28.000000000000004,1.12,2.88,28.000000000000004,72.0,112.00000000000001,27.171276079573026,56,56,0.0
667,56,144,28.000000000000004,1.12,2.88,28.000000000000004,72.0,112.00000000000001,27.171276079573026,56,56,0.0
668,56,144,28.000000000000004,1.12,2.88,28.000000000000004,72.0,112.00000000000001,27.171276079573026,56,56,0.0
669,56,144,28.000000000000004,1.12,2.88,28.000000000000004,72.0,112.00000000000001,27.171276079573026,56,56,0.0
670,56,144,28.000000000000004,1.12,2.88,28.000000000000004,72.0,112.00000000000001,27.171276079573026,56,56,0.0
671,56,144,28.000000000000004,1.12,2.88,28.000000000000004,72.0,112.00000000000001,27.171276079573026,56,56,0.0
672,56,144,28.000000000000004,1.12,2.88,28.000000000000004,72.0,112.00000000000001,27.171276079573026,56,56,0.0
673,56,144,28.000000000000004,1.12,2.88,28.000000000000004,72.0,112.00000000000001,27.171276079573026,56,56,0.0
674,57,143,28.499999999999996,1.1400000000000001,2.86,28.500000000000004,71.5,114.00000000000001,27.65647743813683,57,57,2.0
675,57,143,28.499999999999996,1.1400000000000001,2.86,28.500000000000004,71.5,114.00000000000001,27.65647743813683,57,57,0.0
676,57,143,28.499999999999996,1.1400000000000001,2.86,28.500000000000004,71.5,114.00000000000001,27.65647743813683,57,57,0.0
677,57,143,28.499999999999996,1.1400000000000001,2.86,28.500000000000004,71.5,114.00000000000001,27.65647743813683,57,57,0.0
678,57,143,28.499999999999996,1.1400000000000001,2.86,28.500000000000004,71.5,114.00000000000001,27.65647743813683,57,57,0.0
679,57,143,28.499999999999996,1.1400000000000001,2.86,28.500000000000004,71.5,114.00000000000001,27.65647743813683,57,57,0.0
680,57,143,28.499999999999996,1.1400000000000001,2.86,28.500000000000004,71.5,114.00000000000001,27.65647743813683,57,57,0.0
681,58,142,28.999999999999996,1.16,2.84,28.999999999999996,71.0,115.99999999999999,28.141678796700624,58,58,1.9999999999999716
682,58,142,28.999999999999996,1.16,2.84,28.999999999999996,71.0,115.99999999999999,28.141678796700624,58,58,0.0
683,59,141,29.5,1.18,2.8200000000000003,29.499999999999996,70.5,117.99999999999999,28.626880155264434,59,59,2.0
684,59,141,29.5,1.18,2.8200000000000003,29.499999999999996,70.5,117.99999999999999,28.626880155264434,59,59,0.0
685,59,141,29.5,1.18,2.8200000000000003,29.499999999999996,70.5,117.99999999999999,28.626880155264434,59,59,0.0
686,59,141,29.5,1.18,2.8200000000000003,29.499999999999996,70.5,117.99999999999999,28.626880155264434,59,59,0.0
687,59,141,29.5,1.18,2.8200000000000003,29.499999999999996,70.5,117.99999999999999,28.626880155264434,59,59,0.0
688,59,141,29.5,1.18,2.8200000000000003,29.499999999999996,70.5,117.99999999999999,28.626880155264434,59,59,0.0
689,60,140,30.0,1.2,2.8,30.0,70.0,120.0,29.11208151382824,60,60,2.000000000000014
690,60,140,30.0,1.2,2.8,30.0,70.0,120.0,29.11208151382824,60,60,0.0
691,61,139,30.5,1.22,2.7800000000000002,30.5,69.5,122.0,29.597282872392043,61,61,2.0
692,61,139,30.5,1.22,2.7800000000000002,30.5,69.5,122.0,29.597282872392043,61,61,0.0
693,61,139,30.5,1.22,2.7800000000000002,30.5,69.5,122.0,29.597282872392043,61,61,0.0
694,61,139,30.5,1.22,2.7800000000000002,30.5,69.5,122.0,29.597282872392043,61,61,0.0
695,61,139,30.5,1.22,2.7800000000000002,30.5,69.5,122.0,29.597282872392043,61,61,0.0
696,61,139,30.5,1.22,2.7800000000000002,30.5,69.5,122.0,29.597282872392043,61,61,0.0
697,61,139,30.5,1.22,2.7800000000000002,30.5,69.5,122.0,29.597282872392043,61,61,0.0
698,61,139,30.5,1.22,2.7800000000000002,30.5,69.5,122.0,29.597282872392043,61,61,0.0
699,61,139,30.5,1.22,2.7800000000000002,30.5,69.5,122.0,29.597282872392043,61,61,0.0
700,61,139,30.5,1.22,2.7800000000000002,30.5,69.5,122.0,29.597282872392043,61,61,0.0
701,62,138,31.0,1.24,2.76,31.0,69.0,124.0,30.082484230955846,62,62,2.0
702,62,138,31.0,1.24,2.76,31.0,69.0,124.0,30.082484230955846,62,62,0.0
703,62,138,31.0,1.24,2.76,31.0,69.0,124.0,30.082484230955846,62,62,0.0
704,62,138,31.0,1.24,2.76,31.0,69.0,124.0,30.082484230955846,62,62,0.0
705,62,138,31.0,1.24,2.76,31.0,69.0,124.0,30.082484230955846,62,62,0.0
706,62,138,31.0,1.24,2.76,31.0,69.0,124.0,30.082484230955846,62,62,0.0
707,62,138,31.0,1.24,2.76,31.0,69.0,124.0,30.082484230955846,62,62,0.0
708,62,138,31.0,1.24,2.76,31.0,69.0,124.0,30.082484230955846,62,62,0.0
709,62,138,31.0,1.24,2.76,31.0,69.0,124.0,30.082484230955846,62,62,0.0
710,62,138,31.0,1.24,2.76,31.0,69.0,124.0,30.082484230955846,62,62,0.0
711,62,138,31.0,1.24,2.76,31.0,69.0,124.0,30.082484230955846,62,62,0.0
712,62,138,31.0,1.24,2.76,31.0,69.0,124.0,30.082484230955846,62,62,0.0
713,62,138,31.0,1.24,2.76,31.0,69.0,124.0,30.082484230955846,62,62,0.0
714,62,138,31.0,1.24,2.76,31.0,69.0,124.0,30.082484230955846,62,62,0.0
715,62,138,31.0,1.24,2.76,31.0,69.0,124.0,30.082484230955846,62,62,0.0
716,62,138,31.0,1.24,2.76,31.0,69.0,124.0,30.082484230955846,62,62,0.0
717,62,138,31.0,1.24,2.76,31.0,69.0,124.0,30.082484230955846,62,62,0.0
718,62,138,31.0,1.24,2.76,31.0,69.0,124.0,30.082484230955846,62,62,0.0
719,62,138,31.0,1.24,2.76,31.0,69.0,124.0,30.082484230955846,62,62,0.0
720,62,138,31.0,1.24,2.76,31.0,69.0,124.0,30.082484230955846,62,62,0.0
721,62,138,31.0,1.24,2.76,31.0,69.0,124.0,30.082484230955846,62,62,0.0
722,62,138,31.0,1.24,2.76,31.0,69.0,124.0,30.082484230955846,62,62,0.0
723,62,138,31.0,1.24,2.76,31.0,69.0,124.0,30.082484230955846,62,62,0.0
724,62,138,31.0,1.24,2.76,31.0,69.0,124.0,30.082484230955846,62,62,0.0
725,62,138,31.0,1.24,2.76,31.0,69.0,124.0,30.082484230955846,62,62,0.0
726,62,138,31.0,1.24,2.76,31.0,69.0,124.0,30.082484230955846,62,62,0.0
727,62,138,31.0,1.24,2.76,31.0,69.0,124.0,30.082484230955846,62,62,0.0
728,62,138,31.0,1.24,2.76,31.0,69.0,124.0,30.082484230955846,62,62,0.0
729,62,138,31.0,1.24,2.76,31.0,69.0,124.0,30.082484230955846,62,62,0.0
730,62,138,31.0,1.24,2.76,31.0,69.0,124.0,30.082484230955846,62,62,0.0
731,62,138,31.0,1.24,2.76,31.0,69.0,124.0,30.082484230955846,62,62,0.0
732,62,138,31.0,1.24,2.76,31.0,69.0,124.0,30.082484230955846,62,62,0.0
733,62,138,31.0,1.24,2.76,31.0,69.0,124.0,30.082484230955846,62,62,0.0
734,62,138,31.0,1.24,2.76,31.0,69.0,124.0,30.082484230955846,62,62,0.0
735,63,137,31.5,1.26,2.74,31.5,68.5,126.0,30.567685589519648,63,63,2.0
736,63,137,31.5,1.26,2.74,31.5,68.5,126.0,30.567685589519648,63,63,0.0
737,63,137,31.5,1.26,2.74,31.5,68.5,126.0,30.567685589519648,63,63,0.0
738,63,137,31.5,1.26,2.74,31.5,68.5,126.0,30.567685589519648,63,63,0.0
739,63,137,31.5,1.26,2.74,31.5,68.5,126.0,30.567685589519648,63,63,0.0
740,63,137,31.5,1.26,2.74,31.5,68.5,126.0,30.567685589519648,63,63,0.0
741,63,137,31.5,1.26,2.74,31.5,68.5,126.0,30.567685589519648,63,63,0.0
742,63,137,31.5,1.26,2.74,31.5,68.5,126.0,30.567685589519648,63,63,0.0
743,63,137,31.5,1.26,2.74,31.5,68.5,126.0,30.567685589519648,63,63,0.0
744,63,137,31.5,1.26,2.74,31.5,68.5,126.0,30.567685589519648,63,63,0.0
745,63,137,31.5,1.26,2.74,31.5,68.5,126.0,30.567685589519648,63,63,0.0
746,63,137,31.5,1.26,2.74,31.5,68.5,126.0,30.567685589519648,63,63,0.0
747,63,137,31.5,1.26,2.74,31.5,68.5,126.0,30.567685589519648,63,63,0.0
748,63,137,31.5,1.26,2.74,31.5,68.5,126.0,30.567685589519648,63,63,0.0
749,63,137,31.5,1.26,2.74,31.5,68.5,126.0,30.567685589519648,63,63,0.0
750,63,137,31.5,1.26,2.74,31.5,68.5,126.0,30.567685589519648,63,63,0.0
751,63,137,31.5,1.26,2.74,31.5,68.5,126.0,30.567685589519648,63,63,0.0
752,63,137,31.5,1.26,2.74,31.5,68.5,126.0,30.567685589519648,63,63,0.0
753,63,137,31.5,1.26,2.74,31.5,68.5,126.0,30.567685589519648,63,63,0.0
754,63,137,31.5,1.26,2.74,31.5,68.5,126.0,30.567685589519648,63,63,0.0
755,63,137,31.5,1.26,2.74,31.5,68.5,126.0,30.567685589519648,63,63,0.0
756,63,137,31.5,1.26,2.74,31.5,68.5,126.0,30.567685589519648,63,63,0.0
757,63,137,31.5,1.26,2.74,31.5,68.5,126.0,30.567685589519648,63,63,0.0
758,63,137,31.5,1.26,2.74,31.5,68.5,126.0,30.567685589519648,63,63,0.0
759,63,137,31.5,1.26,2.74,31.5,68.5,126.0,30.567685589519648,63,63,0.0
760,63,137,31.5,1.26,2.74,31.5,68.5,126.0,30.567685589519648,63,63,0.0
761,63,137,31.5,1.26,2.74,31.5,68.5,126.0,30.567685589519648,63,63,0.0
762,63,137,31.5,1.26,2.74,31.5,68.5,126.0,30.567685589519648,63,63,0.0
763,63,137,31.5,1.26,2.74,31.5,68.5,126.0,30.567685589519648,63,63,0.0
764,63,137,31.5,1.26,2.74,31.5,68.5,126.0,30.567685589519648,63,63,0.0
765,63,137,31.5,1.26,2.74,31.5,68.5,126.0,30.567685589519648,63,63,0.0
766,63,137,31.5,1.26,2.74,31.5,68.5,126.0,30.567685589519648,63,63,0.0
767,63,137,31.5,1.26,2.74,31.5,68.5,126.0,30.567685589519648,63,63,0.0
768,63,137,31.5,1.26,2.74,31.5,68.5,126.0,30.567685589519648,63,63,0.0
769,63,137,31.5,1.26,2.74,31.5,68.5,126.0,30.567685589519648,63,63,0.0
770,63,137,31.5,1.26,2.74,31.5,68.5,126.0,30.567685589519648,63,63,0.0
771,63,137,31.5,1.26,2.74,31.5,68.5,126.0,30.567685589519648,63,63,0.0
772,63,137,31.5,1.26,2.74,31.5,68.5,126.0,30.567685589519648,63,63,0.0
773,63,137,31.5,1.26,2.74,31.5,68.5,126.0,30.567685589519648,63,63,0.0
774,63,137,31.5,1.26,2.74,31.5,68.5,126.0,30.567685589519648,63,63,0.0
775,63,137,31.5,1.26,2.74,31.5,68.5,126.0,30.567685589519648,63,63,0.0
776,63,137,31.5,1.26,2.74,31.5,68.5,126.0,30.567685589519648,63,63,0.0
777,63,137,31.5,1.26,2.74,31.5,68.5,126.0,30.567685589519648,63,63,0.0
778,64,136,32.0,1.28,2.7199999999999998,32.0,67.99999999999999,128.0,31.052886948083458,64,64,2.0
779,64,136,32.0,1.28,2.7199999999999998,32.0,67.99999999999999,128.0,31.052886948083458,64,64,0.0
780,64,136,32.0,1.28,2.7199999999999998,32.0,67.99999999999999,128.0,31.052886948083458,64,64,0.0
781,64,136,32.0,1.28,2.7199999999999998,32.0,67.99999999999999,128.0,31.052886948083458,64,64,0.0
782,64,136,32.0,1.28,2.7199999999999998,32.0,67.99999999999999,128.0,31.052886948083458,64,64,0.0
783,64,136,32.0,1.28,2.7199999999999998,32.0,67.99999999999999,128.0,31.052886948083458,64,64,0.0
784,64,136,32.0,1.28,2.7199999999999998,32.0,67.99999999999999,128.0,31.052886948083458,64,64,0.0
785,64,136,32.0,1.28,2.7199999999999998,32.0,67.99999999999999,128.0,31.052886948083458,64,64,0.0
786,64,136,32.0,1.28,2.7199999999999998,32.0,67.99999999999999,128.0,31.052886948083458,64,64,0.0
787,64,136,32.0,1.28,2.7199999999999998,32.0,67.99999999999999,128.0,31.052886948083458,64,64,0.0
788,64,136,32.0,1.28,2.7199999999999998,32.0,67.99999999999999,128.0,31.052886948083458,64,64,0.0
789,64,136,32.0,1.28,2.7199999999999998,32.0,67.99999999999999,128.0,31.052886948083458,64,64,0.0
790,64,136,32.0,1.28,2.7199999999999998,32.0,67.99999999999999,128.0,31.052886948083458,64,64,0.0
791,64,136,32.0,1.28,2.7199999999999998,32.0,67.99999999999999,128.0,31.052886948083458,64,64,0.0
792,64,136,32.0,1.28,2.7199999999999998,32.0,67.99999999999999,128.0,31.052886948083458,64,64,0.0
793,64,136,32.0,1.28,2.7199999999999998,32.0,67.99999999999999,128.0,31.052886948083458,64,64,0.0
794,64,136,32.0,1.28,2.7199999999999998,32.0,67.99999999999999,128.0,31.052886948083458,64,64,0.0
795,64,136,32.0,1.28,2.7199999999999998,32.0,67.99999999999999,128.0,31.052886948083458,64,64,0.0
796,64,136,32.0,1.28,2.7199999999999998,32.0,67.99999999999999,128.0,31.052886948083458,64,64,0.0
797,64,136,32.0,1.28,2.7199999999999998,32.0,67.99999999999999,128.0,31.052886948083458,64,64,0.0
798,64,136,32.0,1.28,2.7199999999999998,32.0,67.99999999999999,128.0,31.052886948083458,64,64,0.0
799,64,136,32.0,1.28,2.7199999999999998,32.0,67.99999999999999,128.0,31.052886948083458,64,64,0.0
800,65,135,32.5,1.3,2.7,32.5,67.5,130.0,31.53808830664726,65,65,2.0
801,65,135,32.5,1.3,2.7,32.5,67.5,130.0,31.53808830664726,65,65,0.0
802,65,135,32.5,1.3,2.7,32.5,67.5,130.0,31.53808830664726,65,65,0.0
803,65,135,32.5,1.3,2.7,32.5,67.5,130.0,31.53808830664726,65,65,0.0
804,65,135,32.5,1.3,2.7,32.5,67.5,130.0,31.53808830664726,65,65,0.0
805,66,134,33.0,1.32,2.6799999999999997,33.0,66.99999999999999,132.0,32.02328966521107,66,66,2.0
806,67,133,33.5,1.34,2.66,33.5,66.5,134.0,32.508491023774866,67,67,2.0
807,67,133,33.5,1.34,2.66,33.5,66.5,134.0,32.508491023774866,67,67,0.0
808,67,133,33.5,1.34,2.66,33.5,66.5,134.0,32.508491023774866,67,67,0.0
809,67,133,33.5,1.34,2.66,33.5,66.5,134.0,32.508491023774866,67,67,0.0
810,67,133,33.5,1.34,2.66,33.5,66.5,134.0,32.508491023774866,67,67,0.0
811,67,133,33.5,1.34,2.66,33.5,66.5,134.0,32.508491023774866,67,67,0.0
812,67,133,33.5,1.34,2.66,33.5,66.5,134.0,32.508491023774866,67,67,0.0
813,67,133,33.5,1.34,2.66,33.5,66.5,134.0,32.508491023774866,68,67,0.0
814,67,133,33.5,1.34,2.66,33.5,66.5,134.0,32.508491023774866,68,67,0.0
815,67,133,33.5,1.34,2.66,33.5,66.5,134.0,32.508491023774866,68,67,0.0
816,67,133,33.5,1.34,2.66,33.5,66.5,134.0,32.508491023774866,69,67,0.0
817,67,133,33.5,1.34,2.66,33.5,66.5,134.0,32.508491023774866,69,67,0.0
818,67,133,33.5,1.34,2.66,33.5,66.5,134.0,32.508491023774866,69,67,0.0
819,67,133,33.5,1.34,2.66,33.5,66.5,134.0,32.508491023774866,69,67,0.0
820,67,133,33.5,1.34,2.66,33.5,66.5,134.0,32.508491023774866,70,67,0.0
821,67,133,33.5,1.34,2.66,33.5,66.5,134.0,32.508491023774866,70,67,0.0
822,67,133,33.5,1.34,2.66,33.5,66.5,134.0,32.508491023774866,71,67,0.0
823,67,133,33.5,1.34,2.66,33.5,66.5,134.0,32.508491023774866,71,67,0.0
824,67,133,33.5,1.34,2.66,33.5,66.5,134.0,32.508491023774866,72,67,0.0
825,67,133,33.5,1.34,2.66,33.5,66.5,134.0,32.508491023774866,72,67,0.0
826,68,132,34.0,1.36,2.6399999999999997,34.0,65.99999999999999,136.0,32.99369238233867,73,68,2.0
827,68,132,34.0,1.36,2.6399999999999997,34.0,65.99999999999999,136.0,32.99369238233867,73,68,0.0
828,68,132,34.0,1.36,2.6399999999999997,34.0,65.99999999999999,136.0,32.99369238233867,73,68,0.0
829,68,132,34.0,1.36,2.6399999999999997,34.0,65.99999999999999,136.0,32.99369238233867,73,68,0.0
830,68,132,34.0,1.36,2.6399999999999997,34.0,65.99999999999999,136.0,32.99369238233867,73,68,0.0
831,68,132,34.0,1.36,2.6399999999999997,34.0,65.99999999999999,136.0,32.99369238233867,73,68,0.0
832,68,132,34.0,1.36,2.6399999999999997,34.0,65.99999999999999,136.0,32.99369238233867,73,68,0.0
833,68,132,34.0,1.36,2.6399999999999997,34.0,65.99999999999999,136.0,32.99369238233867,73,68,0.0
834,68,132,34.0,1.36,2.6399999999999997,34.0,65.99999999999999,136.0,32.99369238233867,73,68,0.0
835,68,132,34.0,1.36,2.6399999999999997,34.0,65.99999999999999,136.0,32.99369238233867,73,68,0.0
836,68,132,34.0,1.36,2.6399999999999997,34.0,65.99999999999999,136.0,32.99369238233867,73,68,0.0
837,68,132,34.0,1.36,2.6399999999999997,34.0,65.99999999999999,136.0,32.99369238233867,73,68,0.0
838,68,132,34.0,1.36,2.6399999999999997,34.0,65.99999999999999,136.0,32.99369238233867,73,68,0.0
839,68,132,34.0,1.36,2.6399999999999997,34.0,65.99999999999999,136.0,32.99369238233867,73,68,0.0
840,68,132,34.0,1.36,2.6399999999999997,34.0,65.99999999999999,136.0,32.99369238233867,73,68,0.0
841,68,132,34.0,1.36,2.6399999999999997,34.0,65.99999999999999,136.0,32.99369238233867,73,68,0.0
842,68,132,34.0,1.36,2.6399999999999997,34.0,65.99999999999999,136.0,32.99369238233867,74,68,0.0
843,68,132,34.0,1.36,2.6399999999999997,34.0,65.99999999999999,136.0,32.99369238233867,75,68,0.0
844,68,132,34.0,1.36,2.6399999999999997,34.0,65.99999999999999,136.0,32.99369238233867,76,68,0.0
845,68,132,34.0,1.36,2.6399999999999997,34.0,65.99999999999999,136.0,32.99369238233867,76,68,0.0
846,68,132,34.0,1.36,2.6399999999999997,34.0,65.99999999999999,136.0,32.99369238233867,78,68,0.0
847,68,132,34.0,1.36,2.6399999999999997,34.0,65.99999999999999,136.0,32.99369238233867,80,68,0.0
848,68,132,34.0,1.36,2.6399999999999997,34.0,65.99999999999999,136.0,32.99369238233867,81,68,0.0
849,68,132,34.0,1.36,2.6399999999999997,34.0,65.99999999999999,136.0,32.99369238233867,81,68,0.0
850,68,132,34.0,1.36,2.6399999999999997,34.0,65.99999999999999,136.0,32.99369238233867,81,68,0.0
851,68,132,34.0,1.36,2.6399999999999997,34.0,65.99999999999999,136.0,32.99369238233867,81,68,0.0
852,68,132,34.0,1.36,2.6399999999999997,34.0,65.99999999999999,136.0,32.99369238233867,81,68,0.0
853,68,132,34.0,1.36,2.6399999999999997,34.0,65.99999999999999,136.0,32.99369238233867,81,68,0.0
854,68,132,34.0,1.36,2.6399999999999997,34.0,65.99999999999999,136.0,32.99369238233867,81,68,0.0
855,68,132,34.0,1.36,2.6399999999999997,34.0,65.99999999999999,136.0,32.99369238233867,82,68,0.0
856,68,132,34.0,1.36,2.6399999999999997,34.0,65.99999999999999,136.0,32.99369238233867,83,68,0.0
857,68,132,34.0,1.36,2.6399999999999997,34.0,65.99999999999999,136.0,32.99369238233867,84,68,0.0
858,68,132,34.0,1.36,2.6399999999999997,34.0,65.99999999999999,136.0,32.99369238233867,85,68,0.0
859,68,132,34.0,1.36,2.6399999999999997,34.0,65.99999999999999,136.0,32.99369238233867,86,68,0.0
860,68,132,34.0,1.36,2.6399999999999997,34.0,65.99999999999999,136.0,32.99369238233867,86,68,0.0
861,68,132,34.0,1.36,2.6399999999999997,34.0,65.99999999999999,136.0,32.99369238233867,87,68,0.0
862,68,132,34.0,1.36,2.6399999999999997,34.0,65.99999999999999,136.0,32.99369238233867,87,68,0.0
863,68,132,34.0,1.36,2.6399999999999997,34.0,65.99999999999999,136.0,32.99369238233867,87,68,0.0
864,68,132,34.0,1.36,2.6399999999999997,34.0,65.99999999999999,136.0,32.99369238233867,87,68,0.0
865,68,132,34.0,1.36,2.6399999999999997,34.0,65.99999999999999,136.0,32.99369238233867,88,68,0.0
866,68,132,34.0,1.36,2.6399999999999997,34.0,65.99999999999999,136.0,32.99369238233867,88,68,0.0
867,68,132,34.0,1.36,2.6399999999999997,34.0,65.99999999999999,136.0,32.99369238233867,88,68,0.0
868,68,132,34.0,1.36,2.6399999999999997,34.0,65.99999999999999,136.0,32.99369238233867,88,68,0.0
869,68,132,34.0,1.36,2.6399999999999997,34.0,65.99999999999999,136.0,32.99369238233867,88,68,0.0
870,68,132,34.0,1.36,2.6399999999999997,34.0,65.99999999999999,136.0,32.99369238233867,88,68,0.0
871,68,132,34.0,1.36,2.6399999999999997,34.0,65.99999999999999,136.0,32.99369238233867,88,68,0.0
872,68,132,34.0,1.36,2.6399999999999997,34.0,65.99999999999999,136.0,32.99369238233867,88,68,0.0
873,68,132,34.0,1.36,2.6399999999999997,34.0,65.99999999999999,136.0,32.99369238233867,88,68,0.0
874,68,132,34.0,1.36,2.6399999999999997,34.0,65.99999999999999,136.0,32.99369238233867,88,68,0.0
875,68,132,34.0,1.36,2.6399999999999997,34.0,65.99999999999999,136.0,32.99369238233867,88,68,0.0
876,68,132,34.0,1.36,2.6399999999999997,34.0,65.99999999999999,136.0,32.99369238233867,88,68,0.0
877,68,132,34.0,1.36,2.6399999999999997,34.0,65.99999999999999,136.0,32.99369238233867,88,68,0.0
878,68,132,34.0,1.36,2.6399999999999997,34.0,65.99999999999999,136.0,32.99369238233867,89,68,0.0
879,68,132,34.0,1.36,2.6399999999999997,34.0,65.99999999999999,136.0,32.99369238233867,90,68,0.0
880,68,132,34.0,1.36,2.6399999999999997,34.0,65.99999999999999,136.0,32.99369238233867,92,68,0.0
881,68,132,34.0,1.36,2.6399999999999997,34.0,65.99999999999999,136.0,32.99369238233867,94,68,0.0
882,68,132,34.0,1.36,2.6399999999999997,34.0,65.99999999999999,136.0,32.99369238233867,95,68,0.0
883,68,132,34.0,1.36,2.6399999999999997,34.0,65.99999999999999,136.0,32.99369238233867,96,68,0.0
884,68,132,34.0,1.36,2.6399999999999997,34.0,65.99999999999999,136.0,32.99369238233867,97,68,0.0
885,68,132,34.0,1.36,2.6399999999999997,34.0,65.99999999999999,136.0,32.99369238233867,98,68,0.0
886,68,132,34.0,1.36,2.6399999999999997,34.0,65.99999999999999,136.0,32.99369238233867,98,68,0.0
887,69,131,34.5,1.3800000000000001,2.62,34.5,65.5,138.0,33.47889374090248,99,69,2.0
888,70,130,35.0,1.4000000000000001,2.5999999999999996,35.0,64.99999999999999,140.0,33.96409509946628,100,70,2.0
889,70,130,35.0,1.4000000000000001,2.5999999999999996,35.0,64.99999999999999,140.0,33.96409509946628,101,70,0.0
890,70,130,35.0,1.4000000000000001,2.5999999999999996,35.0,64.99999999999999,140.0,33.96409509946628,101,70,0.0
891,70,130,35.0,1.4000000000000001,2.5999999999999996,35.0,64.99999999999999,140.0,33.96409509946628,101,70,0.0
892,70,130,35.0,1.4000000000000001,2.5999999999999996,35.0,64.99999999999999,140.0,33.96409509946628,101,70,0.0
893,70,130,35.0,1.4000000000000001,2.5999999999999996,35.0,64.99999999999999,140.0,33.96409509946628,101,70,0.0
894,70,130,35.0,1.4000000000000001,2.5999999999999996,35.0,64.99999999999999,140.0,33.96409509946628,101,70,0.0
895,70,130,35.0,1.4000000000000001,2.5999999999999996,35.0,64.99999999999999,140.0,33.96409509946628,101,70,0.0
896,70,130,35.0,1.4000000000000001,2.5999999999999996,35.0,64.99999999999999,140.0,33.96409509946628,101,70,0.0
897,70,130,35.0,1.4000000000000001,2.5999999999999996,35.0,64.99999999999999,140.0,33.96409509946628,101,70,0.0
898,70,130,35.0,1.4000000000000001,2.5999999999999996,35.0,64.99999999999999,140.0,33.96409509946628,103,70,0.0
899,71,129,35.5,1.42,2.58,35.5,64.5,142.0,34.449296458030084,106,71,2.0
900,71,129,35.5,1.42,2.58,35.5,64.5,142.0,34.449296458030084,107,71,0.0
901,71,129,35.5,1.42,2.58,35.5,64.5,142.0,34.449296458030084,109,71,0.0
902,71,129,35.5,1.42,2.58,35.5,64.5,142.0,34.449296458030084,110,71,0.0
903,71,129,35.5,1.42,2.58,35.5,64.5,142.0,34.449296458030084,111,71,0.0
904,71,129,35.5,1.42,2.58,35.5,64.5,142.0,34.449296458030084,112,71,0.0
905,71,129,35.5,1.42,2.58,35.5,64.5,142.0,34.449296458030084,113,71,0.0
906,71,129,35.5,1.42,2.58,35.5,64.5,142.0,34.449296458030084,114,71,0.0
907,71,129,35.5,1.42,2.58,35.5,64.5,142.0,34.449296458030084,114,71,0.0
908,71,129,35.5,1.42,2.58,35.5,64.5,142.0,34.449296458030084,114,71,0.0
909,71,129,35.5,1.42,2.58,35.5,64.5,142.0,34.449296458030084,114,71,0.0
910,71,129,35.5,1.42,2.58,35.5,64.5,142.0,34.449296458030084,115,71,0.0
911,71,129,35.5,1.42,2.58,35.5,64.5,142.0,34.449296458030084,116,71,0.0
912,71,129,35.5,1.42,2.58,35.5,64.5,142.0,34.449296458030084,117,71,0.0
913,71,129,35.5,1.42,2.58,35.5,64.5,142.0,34.449296458030084,117,71,0.0
914,71,129,35.5,1.42,2.58,35.5,64.5,142.0,34.449296458030084,117,71,0.0
915,71,129,35.5,1.42,2.58,35.5,64.5,142.0,34.449296458030084,117,71,0.0
916,71,129,35.5,1.42,2.58,35.5,64.5,142.0,34.449296458030084,117,71,0.0
917,71,129,35.5,1.42,2.58,35.5,64.5,142.0,34.449296458030084,117,71,0.0
918,71,129,35.5,1.42,2.58,35.5,64.5,142.0,34.449296458030084,118,71,0.0
919,71,129,35.5,1.42,2.58,35.5,64.5,142.0,34.449296458030084,119,71,0.0
920,71,129,35.5,1.42,2.58,35.5,64.5,142.0,34.449296458030084,119,71,0.0
921,71,129,35.5,1.42,2.58,35.5,64.5,142.0,34.449296458030084,120,71,0.0
922,71,129,35.5,1.42,2.58,35.5,64.5,142.0,34.449296458030084,120,71,0.0
923,71,129,35.5,1.42,2.58,35.5,64.5,142.0,34.449296458030084,120,71,0.0
924,71,129,35.5,1.42,2.58,35.5,64.5,142.0,34.449296458030084,120,71,0.0
925,71,129,35.5,1.42,2.58,35.5,64.5,142.0,34.449296458030084,120,71,0.0
926,71,129,35.5,1.42,2.58,35.5,64.5,142.0,34.449296458030084,120,71,0.0
927,73,127,36.5,1.46,2.54,36.5,63.5,146.0,35.419699175157696,122,73,4.0
928,73,127,36.5,1.46,2.54,36.5,63.5,146.0,35.419699175157696,122,73,0.0
929,73,127,36.5,1.46,2.54,36.5,63.5,146.0,35.419699175157696,122,73,0.0
930,73,127,36.5,1.46,2.54,36.5,63.5,146.0,35.419699175157696,122,73,0.0
931,73,127,36.5,1.46,2.54,36.5,63.5,146.0,35.419699175157696,122,73,0.0
932,73,127,36.5,1.46,2.54,36.5,63.5,146.0,35.419699175157696,122,73,0.0
933,73,127,36.5,1.46,2.54,36.5,63.5,146.0,35.419699175157696,122,73,0.0
934,73,127,36.5,1.46,2.54,36.5,63.5,146.0,35.419699175157696,122,73,0.0
935,73,127,36.5,1.46,2.54,36.5,63.5,146.0,35.419699175157696,122,73,0.0
936,73,127,36.5,1.46,2.54,36.5,63.5,146.0,35.419699175157696,122,73,0.0
937,73,127,36.5,1.46,2.54,36.5,63.5,146.0,35.419699175157696,122,73,0.0
938,73,127,36.5,1.46,2.54,36.5,63.5,146.0,35.419699175157696,122,73,0.0
939,73,127,36.5,1.46,2.54,36.5,63.5,146.0,35.419699175157696,122,73,0.0
940,75,125,37.5,1.5,2.5,37.5,62.5,150.0,36.3901018922853,125,75,4.0
941,75,125,37.5,1.5,2.5,37.5,62.5,150.0,36.3901018922853,126,75,0.0
942,75,125,37.5,1.5,2.5,37.5,62.5,150.0,36.3901018922853,127,75,0.0
943,75,125,37.5,1.5,2.5,37.5,62.5,150.0,36.3901018922853,128,75,0.0
944,75,125,37.5,1.5,2.5,37.5,62.5,150.0,36.3901018922853,129,75,0.0
945,75,125,37.5,1.5,2.5,37.5,62.5,150.0,36.3901018922853,129,75,0.0
946,75,125,37.5,1.5,2.5,37.5,62.5,150.0,36.3901018922853,130,75,0.0
947,75,125,37.5,1.5,2.5,37.5,62.5,150.0,36.3901018922853,131,75,0.0
948,75,125,37.5,1.5,2.5,37.5,62.5,150.0,36.3901018922853,132,75,0.0
949,75,125,37.5,1.5,2.5,37.5,62.5,150.0,36.3901018922853,133,75,0.0
950,75,125,37.5,1.5,2.5,37.5,62.5,150.0,36.3901018922853,134,75,0.0
951,75,125,37.5,1.5,2.5,37.5,62.5,150.0,36.3901018922853,135,75,0.0
952,75,125,37.5,1.5,2.5,37.5,62.5,150.0,36.3901018922853,135,75,0.0
953,75,125,37.5,1.5,2.5,37.5,62.5,150.0,36.3901018922853,135,75,0.0
954,75,125,37.5,1.5,2.5,37.5,62.5,150.0,36.3901018922853,135,75,0.0
955,75,125,37.5,1.5,2.5,37.5,62.5,150.0,36.3901018922853,135,75,0.0
956,75,125,37.5,1.5,2.5,37.5,62.5,150.0,36.3901018922853,135,75,0.0
957,75,125,37.5,1.5,2.5,37.5,62.5,150.0,36.3901018922853,135,75,0.0
958,75,125,37.5,1.5,2.5,37.5,62.5,150.0,36.3901018922853,135,75,0.0
959,75,125,37.5,1.5,2.5,37.5,62.5,150.0,36.3901018922853,135,75,0.0
960,75,125,37.5,1.5,2.5,37.5,62.5,150.0,36.3901018922853,135,75,0.0
961,75,125,37.5,1.5,2.5,37.5,62.5,150.0,36.3901018922853,135,75,0.0
962,75,125,37.5,1.5,2.5,37.5,62.5,150.0,36.3901018922853,135,75,0.0
963,75,125,37.5,1.5,2.5,37.5,62.5,150.0,36.3901018922853,135,75,0.0
964,75,125,37.5,1.5,2.5,37.5,62.5,150.0,36.3901018922853,135,75,0.0
965,75,125,37.5,1.5,2.5,37.5,62.5,150.0,36.3901018922853,135,75,0.0
966,75,125,37.5,1.5,2.5,37.5,62.5,150.0,36.3901018922853,135,75,0.0
967,75,125,37.5,1.5,2.5,37.5,62.5,150.0,36.3901018922853,135,75,0.0
968,75,125,37.5,1.5,2.5,37.5,62.5,150.0,36.3901018922853,135,75,0.0
969,75,125,37.5,1.5,2.5,37.5,62.5,150.0,36.3901018922853,135,75,0.0
970,75,125,37.5,1.5,2.5,37.5,62.5,150.0,36.3901018922853,135,75,0.0
971,75,125,37.5,1.5,2.5,37.5,62.5,150.0,36.3901018922853,135,75,0.0
972,75,125,37.5,1.5,2.5,37.5,62.5,150.0,36.3901018922853,135,75,0.0
973,75,125,37.5,1.5,2.5,37.5,62.5,150.0,36.3901018922853,135,75,0.0
974,75,125,37.5,1.5,2.5,37.5,62.5,150.0,36.3901018922853,135,75,0.0
975,75,125,37.5,1.5,2.5,37.5,62.5,150.0,36.3901018922853,135,75,0.0
976,75,125,37.5,1.5,2.5,37.5,62.5,150.0,36.3901018922853,135,75,0.0
977,75,125,37.5,1.5,2.5,37.5,62.5,150.0,36.3901018922853,135,75,0.0
978,75,125,37.5,1.5,2.5,37.5,62.5,150.0,36.3901018922853,135,75,0.0
979,75,125,37.5,1.5,2.5,37.5,62.5,150.0,36.3901018922853,136,75,0.0
980,75,125,37.5,1.5,2.5,37.5,62.5,150.0,36.3901018922853,138,75,0.0
981,75,125,37.5,1.5,2.5,37.5,62.5,150.0,36.3901018922853,139,75,0.0
982,75,125,37.5,1.5,2.5,37.5,62.5,150.0,36.3901018922853,140,75,0.0
983,75,125,37.5,1.5,2.5,37.5,62.5,150.0,36.3901018922853,140,75,0.0
984,75,125,37.5,1.5,2.5,37.5,62.5,150.0,36.3901018922853,140,75,0.0
985,75,125,37.5,1.5,2.5,37.5,62.5,150.0,36.3901018922853,140,75,0.0
986,75,125,37.5,1.5,2.5,37.5,62.5,150.0,36.3901018922853,140,75,0.0
987,75,125,37.5,1.5,2.5,37.5,62.5,150.0,36.3901018922853,140,75,0.0
988,75,125,37.5,1.5,2.5,37.5,62.5,150.0,36.3901018922853,140,75,0.0
989,75,125,37.5,1.5,2.5,37.5,62.5,150.0,36.3901018922853,140,75,0.0
990,75,125,37.5,1.5,2.5,37.5,62.5,150.0,36.3901018922853,140,75,0.0
991,75,125,37.5,1.5,2.5,37.5,62.5,150.0,36.3901018922853,140,75,0.0
992,75,125,37.5,1.5,2.5,37.5,62.5,150.0,36.3901018922853,140,75,0.0
993,75,125,37.5,1.5,2.5,37.5,62.5,150.0,36.3901018922853,140,75,0.0
994,75,125,37.5,1.5,2.5,37.5,62.5,150.0,36.3901018922853,140,75,0.0
995,75,125,37.5,1.5,2.5,37.5,62.5,150.0,36.3901018922853,140,75,0.0
996,75,125,37.5,1.5,2.5,37.5,62.5,150.0,36.3901018922853,140,75,0.0
997,75,125,37.5,1.5,2.5,37.5,62.5,150.0,36.3901018922853,140,75,0.0
998,75,125,37.5,1.5,2.5,37.5,62.5,150.0,36.3901018922853,140,75,0.0
999,75,125,37.5,1.5,2.5,37.5,62.5,150.0,36.3901018922853,140,75,0.0
1000,75,125,37.5,1.5,2.5,37.5,62.5,150.0,36.3901018922853,140,75,0.0
1001,75,125,37.5,1.5,2.5,37.5,62.5,150.0,36.3901018922853,140,75,0.0
1002,75,125,37.5,1.5,2.5,37.5,62.5,150.0,36.3901018922853,140,75,0.0
1003,75,125,37.5,1.5,2.5,37.5,62.5,150.0,36.3901018922853,140,75,0.0
1004,75,125,37.5,1.5,2.5,37.5,62.5,150.0,36.3901018922853,140,75,0.0
1005,75,125,37.5,1.5,2.5,37.5,62.5,150.0,36.3901018922853,140,75,0.0
1006,75,125,37.5,1.5,2.5,37.5,62.5,150.0,36.3901018922853,140,75,0.0
1007,75,125,37.5,1.5,2.5,37.5,62.5,150.0,36.3901018922853,140,75,0.0
1008,75,125,37.5,1.5,2.5,37.5,62.5,150.0,36.3901018922853,140,75,0.0
1009,75,125,37.5,1.5,2.5,37.5,62.5,150.0,36.3901018922853,140,75,0.0
1010,75,125,37.5,1.5,2.5,37.5,62.5,150.0,36.3901018922853,140,75,0.0
1011,75,125,37.5,1.5,2.5,37.5,62.5,150.0,36.3901018922853,140,75,0.0
1012,75,125,37.5,1.5,2.5,37.5,62.5,150.0,36.3901018922853,140,75,0.0
1013,76,124,38.0,1.52,2.48,38.0,62.0,152.0,36.8753032508491,141,76,2.0
1014,76,124,38.0,1.52,2.48,38.0,62.0,152.0,36.8753032508491,141,76,0.0
1015,76,124,38.0,1.52,2.48,38.0,62.0,152.0,36.8753032508491,141,76,0.0
1016,76,124,38.0,1.52,2.48,38.0,62.0,152.0,36.8753032508491,141,76,0.0
1017,77,123,38.5,1.54,2.46,38.5,61.5,154.0,37.36050460941291,142,77,2.0
1018,77,123,38.5,1.54,2.46,38.5,61.5,154.0,37.36050460941291,143,77,0.0
1019,77,123,38.5,1.54,2.46,38.5,61.5,154.0,37.36050460941291,144,77,0.0
1020,77,123,38.5,1.54,2.46,38.5,61.5,154.0,37.36050460941291,145,77,0.0
1021,77,123,38.5,1.54,2.46,38.5,61.5,154.0,37.36050460941291,146,77,0.0
1022,77,123,38.5,1.54,2.46,38.5,61.5,154.0,37.36050460941291,147,77,0.0
1023,77,123,38.5,1.54,2.46,38.5,61.5,154.0,37.36050460941291,147,77,0.0
1024,77,123,38.5,1.54,2.46,38.5,61.5,154.0,37.36050460941291,147,77,0.0
1025,77,123,38.5,1.54,2.46,38.5,61.5,154.0,37.36050460941291,147,77,0.0
1026,77,123,38.5,1.54,2.46,38.5,61.5,154.0,37.36050460941291,147,77,0.0
1027,77,123,38.5,1.54,2.46,38.5,61.5,154.0,37.36050460941291,147,77,0.0
1028,77,123,38.5,1.54,2.46,38.5,61.5,154.0,37.36050460941291,147,77,0.0
1029,77,123,38.5,1.54,2.46,38.5,61.5,154.0,37.36050460941291,147,77,0.0
1030,77,123,38.5,1.54,2.46,38.5,61.5,154.0,37.36050460941291,147,77,0.0
1031,78,122,39.0,1.56,2.44,39.0,61.0,156.0,37.84570596797671,148,78,2.0
1032,78,122,39.0,1.56,2.44,39.0,61.0,156.0,37.84570596797671,148,78,0.0
1033,78,122,39.0,1.56,2.44,39.0,61.0,156.0,37.84570596797671,148,78,0.0
1034,79,121,39.5,1.58,2.42,39.5,60.5,158.0,38.33090732654051,149,79,2.0
1035,79,121,39.5,1.58,2.42,39.5,60.5,158.0,38.33090732654051,149,79,0.0
1036,79,121,39.5,1.58,2.42,39.5,60.5,158.0,38.33090732654051,149,79,0.0
1037,79,121,39.5,1.58,2.42,39.5,60.5,158.0,38.33090732654051,149,79,0.0
1038,79,121,39.5,1.58,2.42,39.5,60.5,158.0,38.33090732654051,149,79,0.0
1039,79,121,39.5,1.58,2.42,39.5,60.5,158.0,38.33090732654051,149,79,0.0
1040,79,121,39.5,1.58,2.42,39.5,60.5,158.0,38.33090732654051,149,79,0.0
1041,79,121,39.5,1.58,2.42,39.5,60.5,158.0,38.33090732654051,149,79,0.0
1042,79,121,39.5,1.58,2.42,39.5,60.5,158.0,38.33090732654051,149,79,0.0
1043,79,121,39.5,1.58,2.42,39.5,60.5,158.0,38.33090732654051,149,79,0.0
1044,79,121,39.5,1.58,2.42,39.5,60.5,158.0,38.33090732654051,149,79,0.0
1045,79,121,39.5,1.58,2.42,39.5,60.5,158.0,38.33090732654051,149,79,0.0
1046,79,121,39.5,1.58,2.42,39.5,60.5,158.0,38.33090732654051,149,79,0.0
1047,79,121,39.5,1.58,2.42,39.5,60.5,158.0,38.33090732654051,149,79,0.0
1048,79,121,39.5,1.58,2.42,39.5,60.5,158.0,38.33090732654051,149,79,0.0
1049,79,121,39.5,1.58,2.42,39.5,60.5,158.0,38.33090732654051,149,79,0.0
1050,79,121,39.5,1.58,2.42,39.5,60.5,158.0,38.33090732654051,150,79,0.0
1051,79,121,39.5,1.58,2.42,39.5,60.5,158.0,38.33090732654051,151,79,0.0
1052,79,121,39.5,1.58,2.42,39.5,60.5,158.0,38.33090732654051,152,79,0.0
1053,79,121,39.5,1.58,2.42,39.5,60.5,158.0,38.33090732654051,153,79,0.0
1054,79,121,39.5,1.58,2.42,39.5,60.5,158.0,38.33090732654051,154,79,0.0
1055,79,121,39.5,1.58,2.42,39.5,60.5,158.0,38.33090732654051,155,79,0.0
1056,79,121,39.5,1.58,2.42,39.5,60.5,158.0,38.33090732654051,155,79,0.0
1057,79,121,39.5,1.58,2.42,39.5,60.5,158.0,38.33090732654051,155,79,0.0
1058,79,121,39.5,1.58,2.42,39.5,60.5,158.0,38.33090732654051,155,79,0.0
1059,79,121,39.5,1.58,2.42,39.5,60.5,158.0,38.33090732654051,155,79,0.0
1060,79,121,39.5,1.58,2.42,39.5,60.5,158.0,38.33090732654051,155,79,0.0
1061,79,121,39.5,1.58,2.42,39.5,60.5,158.0,38.33090732654051,155,79,0.0
1062,79,121,39.5,1.58,2.42,39.5,60.5,158.0,38.33090732654051,155,79,0.0
1063,79,121,39.5,1.58,2.42,39.5,60.5,158.0,38.33090732654051,155,79,0.0
1064,79,121,39.5,1.58,2.42,39.5,60.5,158.0,38.33090732654051,155,79,0.0
1065,79,121,39.5,1.58,2.42,39.5,60.5,158.0,38.33090732654051,155,79,0.0
1066,79,121,39.5,1.58,2.42,39.5,60.5,158.0,38.33090732654051,155,79,0.0
1067,79,121,39.5,1.58,2.42,39.5,60.5,158.0,38.33090732654051,156,79,0.0
1068,80,120,40.0,1.6,2.4,40.0,60.0,160.0,38.81610868510432,157,80,2.0
1069,80,120,40.0,1.6,2.4,40.0,60.0,160.0,38.81610868510432,158,80,0.0
1070,80,120,40.0,1.6,2.4,40.0,60.0,160.0,38.81610868510432,159,80,0.0
1071,80,120,40.0,1.6,2.4,40.0,60.0,160.0,38.81610868510432,159,80,0.0
1072,80,120,40.0,1.6,2.4,40.0,60.0,160.0,38.81610868510432,159,80,0.0
1073,80,120,40.0,1.6,2.4,40.0,60.0,160.0,38.81610868510432,159,80,0.0
1074,80,120,40.0,1.6,2.4,40.0,60.0,160.0,38.81610868510432,159,80,0.0
1075,80,120,40.0,1.6,2.4,40.0,60.0,160.0,38.81610868510432,159,80,0.0
1076,80,120,40.0,1.6,2.4,40.0,60.0,160.0,38.81610868510432,159,80,0.0
1077,80,120,40.0,1.6,2.4,40.0,60.0,160.0,38.81610868510432,159,80,0.0
1078,80,120,40.0,1.6,2.4,40.0,60.0,160.0,38.81610868510432,159,80,0.0
1079,80,120,40.0,1.6,2.4,40.0,60.0,160.0,38.81610868510432,159,80,0.0
1080,80,120,40.0,1.6,2.4,40.0,60.0,160.0,38.81610868510432,159,80,0.0
1081,80,120,40.0,1.6,2.4,40.0,60.0,160.0,38.81610868510432,159,80,0.0
1082,80,120,40.0,1.6,2.4,40.0,60.0,160.0,38.81610868510432,159,80,0.0
1083,80,120,40.0,1.6,2.4,40.0,60.0,160.0,38.81610868510432,159,80,0.0
1084,80,120,40.0,1.6,2.4,40.0,60.0,160.0,38.81610868510432,159,80,0.0
1085,80,120,40.0,1.6,2.4,40.0,60.0,160.0,38.81610868510432,159,80,0.0
1086,80,120,40.0,1.6,2.4,40.0,60.0,160.0,38.81610868510432,159,80,0.0
1087,80,120,40.0,1.6,2.4,40.0,60.0,160.0,38.81610868510432,159,80,0.0
1088,80,120,40.0,1.6,2.4,40.0,60.0,160.0,38.81610868510432,159,80,0.0
1089,80,120,40.0,1.6,2.4,40.0,60.0,160.0,38.81610868510432,159,80,0.0
1090,80,120,40.0,1.6,2.4,40.0,60.0,160.0,38.81610868510432,159,80,0.0
1091,80,120,40.0,1.6,2.4,40.0,60.0,160.0,38.81610868510432,159,80,0.0
1092,80,120,40.0,1.6,2.4,40.0,60.0,160.0,38.81610868510432,159,80,0.0
1093,80,120,40.0,1.6,2.4,40.0,60.0,160.0,38.81610868510432,159,80,0.0
1094,80,120,40.0,1.6,2.4,40.0,60.0,160.0,38.81610868510432,160,80,0.0
1095,80,120,40.0,1.6,2.4,40.0,60.0,160.0,38.81610868510432,160,80,0.0
1096,80,120,40.0,1.6,2.4,40.0,60.0,160.0,38.81610868510432,161,80,0.0
1097,80,120,40.0,1.6,2.4,40.0,60.0,160.0,38.81610868510432,161,80,0.0
1098,80,120,40.0,1.6,2.4,40.0,60.0,160.0,38.81610868510432,161,80,0.0
1099,80,120,40.0,1.6,2.4,40.0,60.0,160.0,38.81610868510432,161,80,0.0
1100,80,120,40.0,1.6,2.4,40.0,60.0,160.0,38.81610868510432,161,80,0.0
1101,80,120,40.0,1.6,2.4,40.0,60.0,160.0,38.81610868510432,162,80,0.0
1102,80,120,40.0,1.6,2.4,40.0,60.0,160.0,38.81610868510432,163,80,0.0
1103,80,120,40.0,1.6,2.4,40.0,60.0,160.0,38.81610868510432,163,80,0.0
1104,80,120,40.0,1.6,2.4,40.0,60.0,160.0,38.81610868510432,164,80,0.0
1105,80,120,40.0,1.6,2.4,40.0,60.0,160.0,38.81610868510432,164,80,0.0
1106,80,120,40.0,1.6,2.4,40.0,60.0,160.0,38.81610868510432,164,80,0.0
1107,80,120,40.0,1.6,2.4,40.0,60.0,160.0,38.81610868510432,164,80,0.0
1108,80,120,40.0,1.6,2.4,40.0,60.0,160.0,38.81610868510432,164,80,0.0
1109,80,120,40.0,1.6,2.4,40.0,60.0,160.0,38.81610868510432,164,80,0.0
1110,80,120,40.0,1.6,2.4,40.0,60.0,160.0,38.81610868510432,164,80,0.0
1111,80,120,40.0,1.6,2.4,40.0,60.0,160.0,38.81610868510432,164,80,0.0
1112,80,120,40.0,1.6,2.4,40.0,60.0,160.0,38.81610868510432,164,80,0.0
1113,80,120,40.0,1.6,2.4,40.0,60.0,160.0,38.81610868510432,164,80,0.0
1114,80,120,40.0,1.6,2.4,40.0,60.0,160.0,38.81610868510432,164,80,0.0
1115,80,120,40.0,1.6,2.4,40.0,60.0,160.0,38.81610868510432,164,80,0.0
1116,80,120,40.0,1.6,2.4,40.0,60.0,160.0,38.81610868510432,164,80,0.0
1117,80,120,40.0,1.6,2.4,40.0,60.0,160.0,38.81610868510432,164,80,0.0
1118,80,120,40.0,1.6,2.4,40.0,60.0,160.0,38.81610868510432,164,80,0.0
1119,80,120,40.0,1.6,2.4,40.0,60.0,160.0,38.81610868510432,164,80,0.0
1120,80,120,40.0,1.6,2.4,40.0,60.0,160.0,38.81610868510432,164,80,0.0
1121,80,120,40.0,1.6,2.4,40.0,60.0,160.0,38.81610868510432,165,80,0.0
1122,80,120,40.0,1.6,2.4,40.0,60.0,160.0,38.81610868510432,166,80,0.0
1123,80,120,40.0,1.6,2.4,40.0,60.0,160.0,38.81610868510432,167,80,0.0
1124,80,120,40.0,1.6,2.4,40.0,60.0,160.0,38.81610868510432,168,80,0.0
1125,80,120,40.0,1.6,2.4,40.0,60.0,160.0,38.81610868510432,169,80,0.0
1126,80,120,40.0,1.6,2.4,40.0,60.0,160.0,38.81610868510432,170,80,0.0
1127,80,120,40.0,1.6,2.4,40.0,60.0,160.0,38.81610868510432,170,80,0.0
1128,80,120,40.0,1.6,2.4,40.0,60.0,160.0,38.81610868510432,170,80,0.0
1129,80,120,40.0,1.6,2.4,40.0,60.0,160.0,38.81610868510432,170,80,0.0
1130,80,120,40.0,1.6,2.4,40.0,60.0,160.0,38.81610868510432,170,80,0.0
1131,81,119,40.5,1.62,2.38,40.5,59.49999999999999,162.0,39.301310043668124,171,81,2.0
1132,81,119,40.5,1.62,2.38,40.5,59.49999999999999,162.0,39.301310043668124,171,81,0.0
1133,81,119,40.5,1.62,2.38,40.5,59.49999999999999,162.0,39.301310043668124,171,81,0.0
1134,81,119,40.5,1.62,2.38,40.5,59.49999999999999,162.0,39.301310043668124,171,81,0.0
1135,81,119,40.5,1.62,2.38,40.5,59.49999999999999,162.0,39.301310043668124,171,81,0.0
1136,81,119,40.5,1.62,2.38,40.5,59.49999999999999,162.0,39.301310043668124,171,81,0.0
1137,81,119,40.5,1.62,2.38,40.5,59.49999999999999,162.0,39.301310043668124,171,81,0.0
1138,81,119,40.5,1.62,2.38,40.5,59.49999999999999,162.0,39.301310043668124,171,81,0.0
1139,81,119,40.5,1.62,2.38,40.5,59.49999999999999,162.0,39.301310043668124,171,81,0.0
1140,81,119,40.5,1.62,2.38,40.5,59.49999999999999,162.0,39.301310043668124,171,81,0.0
1141,81,119,40.5,1.62,2.38,40.5,59.49999999999999,162.0,39.301310043668124,171,81,0.0
1142,81,119,40.5,1.62,2.38,40.5,59.49999999999999,162.0,39.301310043668124,171,81,0.0
1143,81,119,40.5,1.62,2.38,40.5,59.49999999999999,162.0,39.301310043668124,171,81,0.0
1144,81,119,40.5,1.62,2.38,40.5,59.49999999999999,162.0,39.301310043668124,171,81,0.0
1145,81,119,40.5,1.62,2.38,40.5,59.49999999999999,162.0,39.301310043668124,171,81,0.0
1146,81,119,40.5,1.62,2.38,40.5,59.49999999999999,162.0,39.301310043668124,171,81,0.0
1147,81,119,40.5,1.62,2.38,40.5,59.49999999999999,162.0,39.301310043668124,171,81,0.0
1148,81,119,40.5,1.62,2.38,40.5,59.49999999999999,162.0,39.301310043668124,171,81,0.0
1149,81,119,40.5,1.62,2.38,40.5,59.49999999999999,162.0,39.301310043668124,171,81,0.0
1150,81,119,40.5,1.62,2.38,40.5,59.49999999999999,162.0,39.301310043668124,171,81,0.0
1151,81,119,40.5,1.62,2.38,40.5,59.49999999999999,162.0,39.301310043668124,171,81,0.0
1152,81,119,40.5,1.62,2.38,40.5,59.49999999999999,162.0,39.301310043668124,171,81,0.0
1153,81,119,40.5,1.62,2.38,40.5,59.49999999999999,162.0,39.301310043668124,171,81,0.0
1154,81,119,40.5,1.62,2.38,40.5,59.49999999999999,162.0,39.301310043668124,171,81,0.0
1155,81,119,40.5,1.62,2.38,40.5,59.49999999999999,162.0,39.301310043668124,171,81,0.0
1156,81,119,40.5,1.62,2.38,40.5,59.49999999999999,162.0,39.301310043668124,172,81,0.0
1157,81,119,40.5,1.62,2.38,40.5,59.49999999999999,162.0,39.301310043668124,172,81,0.0
1158,81,119,40.5,1.62,2.38,40.5,59.49999999999999,162.0,39.301310043668124,173,81,0.0
1159,82,118,41.0,1.6400000000000001,2.36,41.0,58.99999999999999,164.0,39.78651140223193,175,82,2.0
1160,82,118,41.0,1.6400000000000001,2.36,41.0,58.99999999999999,164.0,39.78651140223193,177,82,0.0
1161,82,118,41.0,1.6400000000000001,2.36,41.0,58.99999999999999,164.0,39.78651140223193,178,82,0.0
1162,82,118,41.0,1.6400000000000001,2.36,41.0,58.99999999999999,164.0,39.78651140223193,178,82,0.0
1163,82,118,41.0,1.6400000000000001,2.36,41.0,58.99999999999999,164.0,39.78651140223193,178,82,0.0
1164,82,118,41.0,1.6400000000000001,2.36,41.0,58.99999999999999,164.0,39.78651140223193,178,82,0.0
1165,82,118,41.0,1.6400000000000001,2.36,41.0,58.99999999999999,164.0,39.78651140223193,178,82,0.0
1166,82,118,41.0,1.6400000000000001,2.36,41.0,58.99999999999999,164.0,39.78651140223193,178,82,0.0
1167,82,118,41.0,1.6400000000000001,2.36,41.0,58.99999999999999,164.0,39.78651140223193,178,82,0.0
1168,82,118,41.0,1.6400000000000001,2.36,41.0,58.99999999999999,164.0,39.78651140223193,178,82,0.0
1169,82,118,41.0,1.6400000000000001,2.36,41.0,58.99999999999999,164.0,39.78651140223193,178,82,0.0
1170,82,118,41.0,1.6400000000000001,2.36,41.0,58.99999999999999,164.0,39.78651140223193,178,82,0.0
1171,82,118,41.0,1.6400000000000001,2.36,41.0,58.99999999999999,164.0,39.78651140223193,178,82,0.0
1172,82,118,41.0,1.6400000000000001,2.36,41.0,58.99999999999999,164.0,39.78651140223193,178,82,0.0
1173,82,118,41.0,1.6400000000000001,2.36,41.0,58.99999999999999,164.0,39.78651140223193,178,82,0.0
1174,82,118,41.0,1.6400000000000001,2.36,41.0,58.99999999999999,164.0,39.78651140223193,178,82,0.0
1175,82,118,41.0,1.6400000000000001,2.36,41.0,58.99999999999999,164.0,39.78651140223193,178,82,0.0
1176,82,118,41.0,1.6400000000000001,2.36,41.0,58.99999999999999,164.0,39.78651140223193,178,82,0.0
1177,82,118,41.0,1.6400000000000001,2.36,41.0,58.99999999999999,164.0,39.78651140223193,178,82,0.0
1178,83,117,41.5,1.6600000000000001,2.34,41.5,58.49999999999999,166.0,40.27171276079573,179,83,2.0
1179,83,117,41.5,1.6600000000000001,2.34,41.5,58.49999999999999,166.0,40.27171276079573,179,83,0.0
1180,83,117,41.5,1.6600000000000001,2.34,41.5,58.49999999999999,166.0,40.27171276079573,179,83,0.0
1181,83,117,41.5,1.6600000000000001,2.34,41.5,58.49999999999999,166.0,40.27171276079573,179,83,0.0
1182,83,117,41.5,1.6600000000000001,2.34,41.5,58.49999999999999,166.0,40.27171276079573,179,83,0.0
1183,83,117,41.5,1.6600000000000001,2.34,41.5,58.49999999999999,166.0,40.27171276079573,179,83,0.0
1184,83,117,41.5,1.6600000000000001,2.34,41.5,58.49999999999999,166.0,40.27171276079573,179,83,0.0
1185,83,117,41.5,1.6600000000000001,2.34,41.5,58.49999999999999,166.0,40.27171276079573,179,83,0.0
1186,83,117,41.5,1.6600000000000001,2.34,41.5,58.49999999999999,166.0,40.27171276079573,179,83,0.0
1187,84,116,42.0,1.68,2.3200000000000003,42.0,58.00000000000001,168.0,40.756914119359536,180,84,2.0
1188,84,116,42.0,1.68,2.3200000000000003,42.0,58.00000000000001,168.0,40.756914119359536,180,84,0.0
1189,84,116,42.0,1.68,2.3200000000000003,42.0,58.00000000000001,168.0,40.756914119359536,180,84,0.0
1190,84,116,42.0,1.68,2.3200000000000003,42.0,58.00000000000001,168.0,40.756914119359536,181,84,0.0
1191,84,116,42.0,1.68,2.3200000000000003,42.0,58.00000000000001,168.0,40.756914119359536,182,84,0.0
1192,84,116,42.0,1.68,2.3200000000000003,42.0,58.00000000000001,168.0,40.756914119359536,182,84,0.0
1193,85,115,42.5,1.7,2.3,42.5,57.49999999999999,170.0,41.24211547792334,183,85,2.0
1194,85,115,42.5,1.7,2.3,42.5,57.49999999999999,170.0,41.24211547792334,183,85,0.0
1195,85,115,42.5,1.7,2.3,42.5,57.49999999999999,170.0,41.24211547792334,183,85,0.0
1196,85,115,42.5,1.7,2.3,42.5,57.49999999999999,170.0,41.24211547792334,183,85,0.0
1197,85,115,42.5,1.7,2.3,42.5,57.49999999999999,170.0,41.24211547792334,184,85,0.0
1198,85,115,42.5,1.7,2.3,42.5,57.49999999999999,170.0,41.24211547792334,184,85,0.0
1199,85,115,42.5,1.7,2.3,42.5,57.49999999999999,170.0,41.24211547792334,185,85,0.0
1200,85,115,42.5,1.7,2.3,42.5,57.49999999999999,170.0,41.24211547792334,185,85,0.0
1201,85,115,42.5,1.7,2.3,42.5,57.49999999999999,170.0,41.24211547792334,185,85,0.0
1202,86,114,43.0,1.72,2.2800000000000002,43.0,57.00000000000001,172.0,41.72731683648714,186,86,2.0
1203,86,114,43.0,1.72,2.2800000000000002,43.0,57.00000000000001,172.0,41.72731683648714,186,86,0.0
1204,86,114,43.0,1.72,2.2800000000000002,43.0,57.00000000000001,172.0,41.72731683648714,186,86,0.0
1205,86,114,43.0,1.72,2.2800000000000002,43.0,57.00000000000001,172.0,41.72731683648714,186,86,0.0
1206,86,114,43.0,1.72,2.2800000000000002,43.0,57.00000000000001,172.0,41.72731683648714,186,86,0.0
1207,86,114,43.0,1.72,2.2800000000000002,43.0,57.00000000000001,172.0,41.72731683648714,186,86,0.0
1208,86,114,43.0,1.72,2.2800000000000002,43.0,57.00000000000001,172.0,41.72731683648714,186,86,0.0
1209,86,114,43.0,1.72,2.2800000000000002,43.0,57.00000000000001,172.0,41.72731683648714,186,86,0.0
1210,86,114,43.0,1.72,2.2800000000000002,43.0,57.00000000000001,172.0,41.72731683648714,186,86,0.0
1211,86,114,43.0,1.72,2.2800000000000002,43.0,57.00000000000001,172.0,41.72731683648714,186,86,0.0
1212,86,114,43.0,1.72,2.2800000000000002,43.0,57.00000000000001,172.0,41.72731683648714,186,86,0.0
1213,86,114,43.0,1.72,2.2800000000000002,43.0,57.00000000000001,172.0,41.72731683648714,186,86,0.0
1214,86,114,43.0,1.72,2.2800000000000002,43.0,57.00000000000001,172.0,41.72731683648714,186,86,0.0
1215,86,114,43.0,1.72,2.2800000000000002,43.0,57.00000000000001,172.0,41.72731683648714,186,86,0.0
1216,86,114,43.0,1.72,2.2800000000000002,43.0,57.00000000000001,172.0,41.72731683648714,186,86,0.0
1217,86,114,43.0,1.72,2.2800000000000002,43.0,57.00000000000001,172.0,41.72731683648714,186,86,0.0
1218,86,114,43.0,1.72,2.2800000000000002,43.0,57.00000000000001,172.0,41.72731683648714,186,86,0.0
1219,86,114,43.0,1.72,2.2800000000000002,43.0,57.00000000000001,172.0,41.72731683648714,186,86,0.0
1220,86,114,43.0,1.72,2.2800000000000002,43.0,57.00000000000001,172.0,41.72731683648714,186,86,0.0
1221,86,114,43.0,1.72,2.2800000000000002,43.0,57.00000000000001,172.0,41.72731683648714,186,86,0.0
1222,86,114,43.0,1.72,2.2800000000000002,43.0,57.00000000000001,172.0,41.72731683648714,186,86,0.0
1223,86,114,43.0,1.72,2.2800000000000002,43.0,57.00000000000001,172.0,41.72731683648714,186,86,0.0
1224,86,114,43.0,1.72,2.2800000000000002,43.0,57.00000000000001,172.0,41.72731683648714,186,86,0.0
1225,86,114,43.0,1.72,2.2800000000000002,43.0,57.00000000000001,172.0,41.72731683648714,186,86,0.0
1226,86,114,43.0,1.72,2.2800000000000002,43.0,57.00000000000001,172.0,41.72731683648714,186,86,0.0
1227,86,114,43.0,1.72,2.2800000000000002,43.0,57.00000000000001,172.0,41.72731683648714,186,86,0.0
1228,86,114,43.0,1.72,2.2800000000000002,43.0,57.00000000000001,172.0,41.72731683648714,186,86,0.0
1229,86,114,43.0,1.72,2.2800000000000002,43.0,57.00000000000001,172.0,41.72731683648714,186,86,0.0
1230,86,114,43.0,1.72,2.2800000000000002,43.0,57.00000000000001,172.0,41.72731683648714,186,86,0.0
1231,86,114,43.0,1.72,2.2800000000000002,43.0,57.00000000000001,172.0,41.72731683648714,186,86,0.0
1232,86,114,43.0,1.72,2.2800000000000002,43.0,57.00000000000001,172.0,41.72731683648714,186,86,0.0
1233,86,114,43.0,1.72,2.2800000000000002,43.0,57.00000000000001,172.0,41.72731683648714,186,86,0.0
1234,86,114,43.0,1.72,2.2800000000000002,43.0,57.00000000000001,172.0,41.72731683648714,187,86,0.0
1235,86,114,43.0,1.72,2.2800000000000002,43.0,57.00000000000001,172.0,41.72731683648714,188,86,0.0
1236,86,114,43.0,1.72,2.2800000000000002,43.0,57.00000000000001,172.0,41.72731683648714,189,86,0.0
1237,86,114,43.0,1.72,2.2800000000000002,43.0,57.00000000000001,172.0,41.72731683648714,189,86,0.0
1238,86,114,43.0,1.72,2.2800000000000002,43.0,57.00000000000001,172.0,41.72731683648714,189,86,0.0
1239,86,114,43.0,1.72,2.2800000000000002,43.0,57.00000000000001,172.0,41.72731683648714,189,86,0.0
1240,86,114,43.0,1.72,2.2800000000000002,43.0,57.00000000000001,172.0,41.72731683648714,189,86,0.0
1241,86,114,43.0,1.72,2.2800000000000002,43.0,57.00000000000001,172.0,41.72731683648714,189,86,0.0
1242,86,114,43.0,1.72,2.2800000000000002,43.0,57.00000000000001,172.0,41.72731683648714,189,86,0.0
1243,86,114,43.0,1.72,2.2800000000000002,43.0,57.00000000000001,172.0,41.72731683648714,189,86,0.0
1244,86,114,43.0,1.72,2.2800000000000002,43.0,57.00000000000001,172.0,41.72731683648714,189,86,0.0
1245,86,114,43.0,1.72,2.2800000000000002,43.0,57.00000000000001,172.0,41.72731683648714,189,86,0.0
1246,86,114,43.0,1.72,2.2800000000000002,43.0,57.00000000000001,172.0,41.72731683648714,189,86,0.0
1247,86,114,43.0,1.72,2.2800000000000002,43.0,57.00000000000001,172.0,41.72731683648714,189,86,0.0
1248,86,114,43.0,1.72,2.2800000000000002,43.0,57.00000000000001,172.0,41.72731683648714,189,86,0.0
1249,86,114,43.0,1.72,2.2800000000000002,43.0,57.00000000000001,172.0,41.72731683648714,190,86,0.0
1250,86,114,43.0,1.72,2.2800000000000002,43.0,57.00000000000001,172.0,41.72731683648714,191,86,0.0
1251,86,114,43.0,1.72,2.2800000000000002,43.0,57.00000000000001,172.0,41.72731683648714,192,86,0.0
1252,86,114,43.0,1.72,2.2800000000000002,43.0,57.00000000000001,172.0,41.72731683648714,193,86,0.0
1253,86,114,43.0,1.72,2.2800000000000002,43.0,57.00000000000001,172.0,41.72731683648714,194,86,0.0
1254,86,114,43.0,1.72,2.2800000000000002,43.0,57.00000000000001,172.0,41.72731683648714,194,86,0.0
1255,86,114,43.0,1.72,2.2800000000000002,43.0,57.00000000000001,172.0,41.72731683648714,194,86,0.0
1256,86,114,43.0,1.72,2.2800000000000002,43.0,57.00000000000001,172.0,41.72731683648714,194,86,0.0
1257,86,114,43.0,1.72,2.2800000000000002,43.0,57.00000000000001,172.0,41.72731683648714,195,86,0.0
1258,86,114,43.0,1.72,2.2800000000000002,43.0,57.00000000000001,172.0,41.72731683648714,196,86,0.0
1259,86,114,43.0,1.72,2.2800000000000002,43.0,57.00000000000001,172.0,41.72731683648714,197,86,0.0
1260,86,114,43.0,1.72,2.2800000000000002,43.0,57.00000000000001,172.0,41.72731683648714,198,86,0.0
1261,86,114,43.0,1.72,2.2800000000000002,43.0,57.00000000000001,172.0,41.72731683648714,198,86,0.0
1262,86,114,43.0,1.72,2.2800000000000002,43.0,57.00000000000001,172.0,41.72731683648714,198,86,0.0
1263,86,114,43.0,1.72,2.2800000000000002,43.0,57.00000000000001,172.0,41.72731683648714,198,86,0.0
1264,86,114,43.0,1.72,2.2800000000000002,43.0,57.00000000000001,172.0,41.72731683648714,198,86,0.0
1265,86,114,43.0,1.72,2.2800000000000002,43.0,57.00000000000001,172.0,41.72731683648714,198,86,0.0
1266,86,114,43.0,1.72,2.2800000000000002,43.0,57.00000000000001,172.0,41.72731683648714,198,86,0.0
1267,86,114,43.0,1.72,2.2800000000000002,43.0,57.00000000000001,172.0,41.72731683648714,198,86,0.0
1268,86,114,43.0,1.72,2.2800000000000002,43.0,57.00000000000001,172.0,41.72731683648714,198,86,0.0
1269,86,114,43.0,1.72,2.2800000000000002,43.0,57.00000000000001,172.0,41.72731683648714,198,86,0.0
1270,86,114,43.0,1.72,2.2800000000000002,43.0,57.00000000000001,172.0,41.72731683648714,198,86,0.0
1271,86,114,43.0,1.72,2.2800000000000002,43.0,57.00000000000001,172.0,41.72731683648714,198,86,0.0
1272,87,113,43.5,1.74,2.26,43.5,56.49999999999999,174.0,42.21251819505095,199,87,2.0
1273,87,113,43.5,1.74,2.26,43.5,56.49999999999999,174.0,42.21251819505095,199,87,0.0
1274,87,113,43.5,1.74,2.26,43.5,56.49999999999999,174.0,42.21251819505095,199,87,0.0
1275,87,113,43.5,1.74,2.26,43.5,56.49999999999999,174.0,42.21251819505095,199,87,0.0
1276,87,113,43.5,1.74,2.26,43.5,56.49999999999999,174.0,42.21251819505095,199,87,0.0
1277,87,113,43.5,1.74,2.26,43.5,56.49999999999999,174.0,42.21251819505095,199,87,0.0
1278,87,113,43.5,1.74,2.26,43.5,56.49999999999999,174.0,42.21251819505095,199,87,0.0
1279,87,113,43.5,1.74,2.26,43.5,56.49999999999999,174.0,42.21251819505095,199,87,0.0
1280,87,113,43.5,1.74,2.26,43.5,56.49999999999999,174.0,42.21251819505095,199,87,0.0
1281,87,113,43.5,1.74,2.26,43.5,56.49999999999999,174.0,42.21251819505095,199,87,0.0
1282,87,113,43.5,1.74,2.26,43.5,56.49999999999999,174.0,42.21251819505095,199,87,0.0
1283,87,113,43.5,1.74,2.26,43.5,56.49999999999999,174.0,42.21251819505095,200,87,0.0
1284,87,113,43.5,1.74,2.26,43.5,56.49999999999999,174.0,42.21251819505095,201,87,0.0
1285,87,113,43.5,1.74,2.26,43.5,56.49999999999999,174.0,42.21251819505095,202,87,0.0
1286,87,113,43.5,1.74,2.26,43.5,56.49999999999999,174.0,42.21251819505095,202,87,0.0
1287,87,113,43.5,1.74,2.26,43.5,56.49999999999999,174.0,42.21251819505095,203,87,0.0
1288,87,113,43.5,1.74,2.26,43.5,56.49999999999999,174.0,42.21251819505095,204,87,0.0
1289,87,113,43.5,1.74,2.26,43.5,56.49999999999999,174.0,42.21251819505095,205,87,0.0
1290,87,113,43.5,1.74,2.26,43.5,56.49999999999999,174.0,42.21251819505095,206,87,0.0
1291,87,113,43.5,1.74,2.26,43.5,56.49999999999999,174.0,42.21251819505095,207,87,0.0
1292,87,113,43.5,1.74,2.26,43.5,56.49999999999999,174.0,42.21251819505095,207,87,0.0
1293,87,113,43.5,1.74,2.26,43.5,56.49999999999999,174.0,42.21251819505095,207,87,0.0
1294,87,113,43.5,1.74,2.26,43.5,56.49999999999999,174.0,42.21251819505095,207,87,0.0
1295,87,113,43.5,1.74,2.26,43.5,56.49999999999999,174.0,42.21251819505095,207,87,0.0
1296,87,113,43.5,1.74,2.26,43.5,56.49999999999999,174.0,42.21251819505095,207,87,0.0
1297,87,113,43.5,1.74,2.26,43.5,56.49999999999999,174.0,42.21251819505095,207,87,0.0
1298,87,113,43.5,1.74,2.26,43.5,56.49999999999999,174.0,42.21251819505095,207,87,0.0
1299,87,113,43.5,1.74,2.26,43.5,56.49999999999999,174.0,42.21251819505095,207,87,0.0
1300,87,113,43.5,1.74,2.26,43.5,56.49999999999999,174.0,42.21251819505095,207,87,0.0
1301,88,112,44.0,1.76,2.24,44.0,56.00000000000001,176.0,42.697719553614746,208,88,2.0
1302,88,112,44.0,1.76,2.24,44.0,56.00000000000001,176.0,42.697719553614746,208,88,0.0
1303,88,112,44.0,1.76,2.24,44.0,56.00000000000001,176.0,42.697719553614746,209,88,0.0
1304,89,111,44.5,1.78,2.2199999999999998,44.5,55.49999999999999,178.0,43.18292091217856,210,89,2.0
1305,89,111,44.5,1.78,2.2199999999999998,44.5,55.49999999999999,178.0,43.18292091217856,210,89,0.0
1306,89,111,44.5,1.78,2.2199999999999998,44.5,55.49999999999999,178.0,43.18292091217856,210,89,0.0
1307,89,111,44.5,1.78,2.2199999999999998,44.5,55.49999999999999,178.0,43.18292091217856,210,89,0.0
1308,89,111,44.5,1.78,2.2199999999999998,44.5,55.49999999999999,178.0,43.18292091217856,210,89,0.0
1309,89,111,44.5,1.78,2.2199999999999998,44.5,55.49999999999999,178.0,43.18292091217856,210,89,0.0
1310,89,111,44.5,1.78,2.2199999999999998,44.5,55.49999999999999,178.0,43.18292091217856,210,89,0.0
1311,89,111,44.5,1.78,2.2199999999999998,44.5,55.49999999999999,178.0,43.18292091217856,210,89,0.0
1312,89,111,44.5,1.78,2.2199999999999998,44.5,55.49999999999999,178.0,43.18292091217856,210,89,0.0
1313,89,111,44.5,1.78,2.2199999999999998,44.5,55.49999999999999,178.0,43.18292091217856,210,89,0.0
1314,89,111,44.5,1.78,2.2199999999999998,44.5,55.49999999999999,178.0,43.18292091217856,210,89,0.0
1315,89,111,44.5,1.78,2.2199999999999998,44.5,55.49999999999999,178.0,43.18292091217856,210,89,0.0
1316,89,111,44.5,1.78,2.2199999999999998,44.5,55.49999999999999,178.0,43.18292091217856,210,89,0.0
1317,89,111,44.5,1.78,2.2199999999999998,44.5,55.49999999999999,178.0,43.18292091217856,210,89,0.0
1318,89,111,44.5,1.78,2.2199999999999998,44.5,55.49999999999999,178.0,43.18292091217856,210,89,0.0
1319,89,111,44.5,1.78,2.2199999999999998,44.5,55.49999999999999,178.0,43.18292091217856,210,89,0.0
1320,89,111,44.5,1.78,2.2199999999999998,44.5,55.49999999999999,178.0,43.18292091217856,210,89,0.0
1321,89,111,44.5,1.78,2.2199999999999998,44.5,55.49999999999999,178.0,43.18292091217856,210,89,0.0
1322,89,111,44.5,1.78,2.2199999999999998,44.5,55.49999999999999,178.0,43.18292091217856,210,89,0.0
1323,89,111,44.5,1.78,2.2199999999999998,44.5,55.49999999999999,178.0,43.18292091217856,210,89,0.0
1324,89,111,44.5,1.78,2.2199999999999998,44.5,55.49999999999999,178.0,43.18292091217856,210,89,0.0
1325,89,111,44.5,1.78,2.2199999999999998,44.5,55.49999999999999,178.0,43.18292091217856,210,89,0.0
1326,89,111,44.5,1.78,2.2199999999999998,44.5,55.49999999999999,178.0,43.18292091217856,210,89,0.0
1327,89,111,44.5,1.78,2.2199999999999998,44.5,55.49999999999999,178.0,43.18292091217856,210,89,0.0
1328,89,111,44.5,1.78,2.2199999999999998,44.5,55.49999999999999,178.0,43.18292091217856,210,89,0.0
1329,89,111,44.5,1.78,2.2199999999999998,44.5,55.49999999999999,178.0,43.18292091217856,210,89,0.0
1330,89,111,44.5,1.78,2.2199999999999998,44.5,55.49999999999999,178.0,43.18292091217856,210,89,0.0
1331,89,111,44.5,1.78,2.2199999999999998,44.5,55.49999999999999,178.0,43.18292091217856,210,89,0.0
1332,89,111,44.5,1.78,2.2199999999999998,44.5,55.49999999999999,178.0,43.18292091217856,210,89,0.0
1333,89,111,44.5,1.78,2.2199999999999998,44.5,55.49999999999999,178.0,43.18292091217856,210,89,0.0
1334,89,111,44.5,1.78,2.2199999999999998,44.5,55.49999999999999,178.0,43.18292091217856,210,89,0.0
1335,89,111,44.5,1.78,2.2199999999999998,44.5,55.49999999999999,178.0,43.18292091217856,210,89,0.0
1336,89,111,44.5,1.78,2.2199999999999998,44.5,55.49999999999999,178.0,43.18292091217856,210,89,0.0
1337,89,111,44.5,1.78,2.2199999999999998,44.5,55.49999999999999,178.0,43.18292091217856,210,89,0.0
1338,89,111,44.5,1.78,2.2199999999999998,44.5,55.49999999999999,178.0,43.18292091217856,210,89,0.0
1339,89,111,44.5,1.78,2.2199999999999998,44.5,55.49999999999999,178.0,43.18292091217856,210,89,0.0
1340,89,111,44.5,1.78,2.2199999999999998,44.5,55.49999999999999,178.0,43.18292091217856,210,89,0.0
1341,89,111,44.5,1.78,2.2199999999999998,44.5,55.49999999999999,178.0,43.18292091217856,210,89,0.0
1342,89,111,44.5,1.78,2.2199999999999998,44.5,55.49999999999999,178.0,43.18292091217856,210,89,0.0
1343,89,111,44.5,1.78,2.2199999999999998,44.5,55.49999999999999,178.0,43.18292091217856,210,89,0.0
1344,89,111,44.5,1.78,2.2199999999999998,44.5,55.49999999999999,178.0,43.18292091217856,210,89,0.0
1345,89,111,44.5,1.78,2.2199999999999998,44.5,55.49999999999999,178.0,43.18292091217856,210,89,0.0
1346,90,110,45.0,1.8,2.2,45.0,55.0,180.0,43.66812227074236,211,90,2.0
1347,90,110,45.0,1.8,2.2,45.0,55.0,180.0,43.66812227074236,211,90,0.0
1348,90,110,45.0,1.8,2.2,45.0,55.0,180.0,43.66812227074236,211,90,0.0
1349,90,110,45.0,1.8,2.2,45.0,55.0,180.0,43.66812227074236,211,90,0.0
1350,90,110,45.0,1.8,2.2,45.0,55.0,180.0,43.66812227074236,211,90,0.0
1351,90,110,45.0,1.8,2.2,45.0,55.0,180.0,43.66812227074236,211,90,0.0
1352,90,110,45.0,1.8,2.2,45.0,55.0,180.0,43.66812227074236,211,90,0.0
1353,90,110,45.0,1.8,2.2,45.0,55.0,180.0,43.66812227074236,211,90,0.0
1354,90,110,45.0,1.8,2.2,45.0,55.0,180.0,43.66812227074236,211,90,0.0
1355,90,110,45.0,1.8,2.2,45.0,55.0,180.0,43.66812227074236,211,90,0.0
1356,90,110,45.0,1.8,2.2,45.0,55.0,180.0,43.66812227074236,211,90,0.0
1357,90,110,45.0,1.8,2.2,45.0,55.0,180.0,43.66812227074236,211,90,0.0
1358,90,110,45.0,1.8,2.2,45.0,55.0,180.0,43.66812227074236,211,90,0.0
1359,90,110,45.0,1.8,2.2,45.0,55.0,180.0,43.66812227074236,211,90,0.0
1360,90,110,45.0,1.8,2.2,45.0,55.0,180.0,43.66812227074236,211,90,0.0
1361,90,110,45.0,1.8,2.2,45.0,55.0,180.0,43.66812227074236,211,90,0.0
1362,90,110,45.0,1.8,2.2,45.0,55.0,180.0,43.66812227074236,211,90,0.0
1363,90,110,45.0,1.8,2.2,45.0,55.0,180.0,43.66812227074236,211,90,0.0
1364,90,110,45.0,1.8,2.2,45.0,55.0,180.0,43.66812227074236,211,90,0.0
1365,90,110,45.0,1.8,2.2,45.0,55.0,180.0,43.66812227074236,211,90,0.0
1366,90,110,45.0,1.8,2.2,45.0,55.0,180.0,43.66812227074236,211,90,0.0
1367,90,110,45.0,1.8,2.2,45.0,55.0,180.0,43.66812227074236,211,90,0.0
1368,90,110,45.0,1.8,2.2,45.0,55.0,180.0,43.66812227074236,211,90,0.0
1369,90,110,45.0,1.8,2.2,45.0,55.0,180.0,43.66812227074236,211,90,0.0
1370,91,109,45.5,1.82,2.1799999999999997,45.5,54.49999999999999,182.0,44.153323629306165,212,91,2.0
1371,91,109,45.5,1.82,2.1799999999999997,45.5,54.49999999999999,182.0,44.153323629306165,212,91,0.0
1372,91,109,45.5,1.82,2.1799999999999997,45.5,54.49999999999999,182.0,44.153323629306165,212,91,0.0
1373,91,109,45.5,1.82,2.1799999999999997,45.5,54.49999999999999,182.0,44.153323629306165,212,91,0.0
1374,91,109,45.5,1.82,2.1799999999999997,45.5,54.49999999999999,182.0,44.153323629306165,212,91,0.0
1375,91,109,45.5,1.82,2.1799999999999997,45.5,54.49999999999999,182.0,44.153323629306165,212,91,0.0
1376,91,109,45.5,1.82,2.1799999999999997,45.5,54.49999999999999,182.0,44.153323629306165,212,91,0.0
1377,91,109,45.5,1.82,2.1799999999999997,45.5,54.49999999999999,182.0,44.153323629306165,212,91,0.0
1378,91,109,45.5,1.82,2.1799999999999997,45.5,54.49999999999999,182.0,44.153323629306165,212,91,0.0
1379,91,109,45.5,1.82,2.1799999999999997,45.5,54.49999999999999,182.0,44.153323629306165,212,91,0.0
1380,91,109,45.5,1.82,2.1799999999999997,45.5,54.49999999999999,182.0,44.153323629306165,212,91,0.0
1381,91,109,45.5,1.82,2.1799999999999997,45.5,54.49999999999999,182.0,44.153323629306165,212,91,0.0
1382,91,109,45.5,1.82,2.1799999999999997,45.5,54.49999999999999,182.0,44.153323629306165,212,91,0.0
1383,91,109,45.5,1.82,2.1799999999999997,45.5,54.49999999999999,182.0,44.153323629306165,213,91,0.0
1384,91,109,45.5,1.82,2.1799999999999997,45.5,54.49999999999999,182.0,44.153323629306165,213,91,0.0
1385,91,109,45.5,1.82,2.1799999999999997,45.5,54.49999999999999,182.0,44.153323629306165,213,91,0.0
1386,91,109,45.5,1.82,2.1799999999999997,45.5,54.49999999999999,182.0,44.153323629306165,213,91,0.0
1387,91,109,45.5,1.82,2.1799999999999997,45.5,54.49999999999999,182.0,44.153323629306165,213,91,0.0
1388,91,109,45.5,1.82,2.1799999999999997,45.5,54.49999999999999,182.0,44.153323629306165,213,91,0.0
1389,91,109,45.5,1.82,2.1799999999999997,45.5,54.49999999999999,182.0,44.153323629306165,213,91,0.0
1390,91,109,45.5,1.82,2.1799999999999997,45.5,54.49999999999999,182.0,44.153323629306165,213,91,0.0
1391,91,109,45.5,1.82,2.1799999999999997,45.5,54.49999999999999,182.0,44.153323629306165,213,91,0.0
1392,91,109,45.5,1.82,2.1799999999999997,45.5,54.49999999999999,182.0,44.153323629306165,213,91,0.0
1393,91,109,45.5,1.82,2.1799999999999997,45.5,54.49999999999999,182.0,44.153323629306165,213,91,0.0
1394,91,109,45.5,1.82,2.1799999999999997,45.5,54.49999999999999,182.0,44.153323629306165,213,91,0.0
1395,91,109,45.5,1.82,2.1799999999999997,45.5,54.49999999999999,182.0,44.153323629306165,213,91,0.0
1396,91,109,45.5,1.82,2.1799999999999997,45.5,54.49999999999999,182.0,44.153323629306165,213,91,0.0
1397,91,109,45.5,1.82,2.1799999999999997,45.5,54.49999999999999,182.0,44.153323629306165,213,91,0.0
1398,91,109,45.5,1.82,2.1799999999999997,45.5,54.49999999999999,182.0,44.153323629306165,213,91,0.0
1399,91,109,45.5,1.82,2.1799999999999997,45.5,54.49999999999999,182.0,44.153323629306165,213,91,0.0
1400,91,109,45.5,1.82,2.1799999999999997,45.5,54.49999999999999,182.0,44.153323629306165,213,91,0.0
1401,91,109,45.5,1.82,2.1799999999999997,45.5,54.49999999999999,182.0,44.153323629306165,213,91,0.0
1402,91,109,45.5,1.82,2.1799999999999997,45.5,54.49999999999999,182.0,44.153323629306165,213,91,0.0
1403,91,109,45.5,1.82,2.1799999999999997,45.5,54.49999999999999,182.0,44.153323629306165,213,91,0.0
1404,91,109,45.5,1.82,2.1799999999999997,45.5,54.49999999999999,182.0,44.153323629306165,213,91,0.0
1405,91,109,45.5,1.82,2.1799999999999997,45.5,54.49999999999999,182.0,44.153323629306165,213,91,0.0
1406,91,109,45.5,1.82,2.1799999999999997,45.5,54.49999999999999,182.0,44.153323629306165,213,91,0.0
1407,92,108,46.0,1.84,2.16,46.0,54.0,184.0,44.638524987869964,214,92,2.0
1408,92,108,46.0,1.84,2.16,46.0,54.0,184.0,44.638524987869964,214,92,0.0
1409,92,108,46.0,1.84,2.16,46.0,54.0,184.0,44.638524987869964,214,92,0.0
1410,92,108,46.0,1.84,2.16,46.0,54.0,184.0,44.638524987869964,214,92,0.0
1411,92,108,46.0,1.84,2.16,46.0,54.0,184.0,44.638524987869964,214,92,0.0
1412,92,108,46.0,1.84,2.16,46.0,54.0,184.0,44.638524987869964,214,92,0.0
1413,92,108,46.0,1.84,2.16,46.0,54.0,184.0,44.638524987869964,214,92,0.0
1414,92,108,46.0,1.84,2.16,46.0,54.0,184.0,44.638524987869964,214,92,0.0
1415,92,108,46.0,1.84,2.16,46.0,54.0,184.0,44.638524987869964,214,92,0.0
1416,92,108,46.0,1.84,2.16,46.0,54.0,184.0,44.638524987869964,214,92,0.0
1417,92,108,46.0,1.84,2.16,46.0,54.0,184.0,44.638524987869964,214,92,0.0
1418,92,108,46.0,1.84,2.16,46.0,54.0,184.0,44.638524987869964,214,92,0.0
1419,92,108,46.0,1.84,2.16,46.0,54.0,184.0,44.638524987869964,214,92,0.0
1420,92,108,46.0,1.84,2.16,46.0,54.0,184.0,44.638524987869964,214,92,0.0
1421,92,108,46.0,1.84,2.16,46.0,54.0,184.0,44.638524987869964,214,92,0.0
1422,92,108,46.0,1.84,2.16,46.0,54.0,184.0,44.638524987869964,214,92,0.0
1423,92,108,46.0,1.84,2.16,46.0,54.0,184.0,44.638524987869964,214,92,0.0
1424,92,108,46.0,1.84,2.16,46.0,54.0,184.0,44.638524987869964,214,92,0.0
1425,92,108,46.0,1.84,2.16,46.0,54.0,184.0,44.638524987869964,214,92,0.0
1426,92,108,46.0,1.84,2.16,46.0,54.0,184.0,44.638524987869964,214,92,0.0
1427,92,108,46.0,1.84,2.16,46.0,54.0,184.0,44.638524987869964,214,92,0.0
1428,92,108,46.0,1.84,2.16,46.0,54.0,184.0,44.638524987869964,214,92,0.0
1429,92,108,46.0,1.84,2.16,46.0,54.0,184.0,44.638524987869964,214,92,0.0
1430,92,108,46.0,1.84,2.16,46.0,54.0,184.0,44.638524987869964,214,92,0.0
1431,92,108,46.0,1.84,2.16,46.0,54.0,184.0,44.638524987869964,214,92,0.0
1432,92,108,46.0,1.84,2.16,46.0,54.0,184.0,44.638524987869964,214,92,0.0
1433,92,108,46.0,1.84,2.16,46.0,54.0,184.0,44.638524987869964,214,92,0.0
1434,92,108,46.0,1.84,2.16,46.0,54.0,184.0,44.638524987869964,214,92,0.0
1435,92,108,46.0,1.84,2.16,46.0,54.0,184.0,44.638524987869964,214,92,0.0
1436,92,108,46.0,1.84,2.16,46.0,54.0,184.0,44.638524987869964,214,92,0.0
1437,92,108,46.0,1.84,2.16,46.0,54.0,184.0,44.638524987869964,214,92,0.0
1438,92,108,46.0,1.84,2.16,46.0,54.0,184.0,44.638524987869964,214,92,0.0
1439,92,108,46.0,1.84,2.16,46.0,54.0,184.0,44.638524987869964,214,92,0.0
1440,92,108,46.0,1.84,2.16,46.0,54.0,184.0,44.638524987869964,214,92,0.0
1441,92,108,46.0,1.84,2.16,46.0,54.0,184.0,44.638524987869964,214,92,0.0
1442,92,108,46.0,1.84,2.16,46.0,54.0,184.0,44.638524987869964,214,92,0.0
1443,92,108,46.0,1.84,2.16,46.0,54.0,184.0,44.638524987869964,214,92,0.0
1444,92,108,46.0,1.84,2.16,46.0,54.0,184.0,44.638524987869964,214,92,0.0
1445,92,108,46.0,1.84,2.16,46.0,54.0,184.0,44.638524987869964,214,92,0.0
1446,92,108,46.0,1.84,2.16,46.0,54.0,184.0,44.638524987869964,214,92,0.0
1447,92,108,46.0,1.84,2.16,46.0,54.0,184.0,44.638524987869964,214,92,0.0
1448,92,108,46.0,1.84,2.16,46.0,54.0,184.0,44.638524987869964,214,92,0.0
1449,92,108,46.0,1.84,2.16,46.0,54.0,184.0,44.638524987869964,214,92,0.0
1450,92,108,46.0,1.84,2.16,46.0,54.0,184.0,44.638524987869964,214,92,0.0
1451,92,108,46.0,1.84,2.16,46.0,54.0,184.0,44.638524987869964,214,92,0.0
1452,92,108,46.0,1.84,2.16,46.0,54.0,184.0,44.638524987869964,214,92,0.0
1453,92,108,46.0,1.84,2.16,46.0,54.0,184.0,44.638524987869964,214,92,0.0
1454,92,108,46.0,1.84,2.16,46.0,54.0,184.0,44.638524987869964,214,92,0.0
1455,92,108,46.0,1.84,2.16,46.0,54.0,184.0,44.638524987869964,214,92,0.0
1456,92,108,46.0,1.84,2.16,46.0,54.0,184.0,44.638524987869964,214,92,0.0
1457,92,108,46.0,1.84,2.16,46.0,54.0,184.0,44.638524987869964,214,92,0.0
1458,92,108,46.0,1.84,2.16,46.0,54.0,184.0,44.638524987869964,214,92,0.0
1459,92,108,46.0,1.84,2.16,46.0,54.0,184.0,44.638524987869964,214,92,0.0
1460,92,108,46.0,1.84,2.16,46.0,54.0,184.0,44.638524987869964,214,92,0.0
1461,92,108,46.0,1.84,2.16,46.0,54.0,184.0,44.638524987869964,214,92,0.0
1462,92,108,46.0,1.84,2.16,46.0,54.0,184.0,44.638524987869964,214,92,0.0
1463,92,108,46.0,1.84,2.16,46.0,54.0,184.0,44.638524987869964,214,92,0.0
1464,92,108,46.0,1.84,2.16,46.0,54.0,184.0,44.638524987869964,214,92,0.0
1465,92,108,46.0,1.84,2.16,46.0,54.0,184.0,44.638524987869964,214,92,0.0
1466,93,107,46.5,1.86,2.1399999999999997,46.5,53.49999999999999,186.0,45.12372634643377,215,93,2.0
1467,93,107,46.5,1.86,2.1399999999999997,46.5,53.49999999999999,186.0,45.12372634643377,215,93,0.0
1468,93,107,46.5,1.86,2.1399999999999997,46.5,53.49999999999999,186.0,45.12372634643377,215,93,0.0
1469,93,107,46.5,1.86,2.1399999999999997,46.5,53.49999999999999,186.0,45.12372634643377,215,93,0.0
1470,93,107,46.5,1.86,2.1399999999999997,46.5,53.49999999999999,186.0,45.12372634643377,215,93,0.0
1471,93,107,46.5,1.86,2.1399999999999997,46.5,53.49999999999999,186.0,45.12372634643377,215,93,0.0
1472,93,107,46.5,1.86,2.1399999999999997,46.5,53.49999999999999,186.0,45.12372634643377,215,93,0.0
1473,93,107,46.5,1.86,2.1399999999999997,46.5,53.49999999999999,186.0,45.12372634643377,215,93,0.0
1474,93,107,46.5,1.86,2.1399999999999997,46.5,53.49999999999999,186.0,45.12372634643377,215,93,0.0
1475,93,107,46.5,1.86,2.1399999999999997,46.5,53.49999999999999,186.0,45.12372634643377,215,93,0.0
1476,93,107,46.5,1.86,2.1399999999999997,46.5,53.49999999999999,186.0,45.12372634643377,215,93,0.0
1477,93,107,46.5,1.86,2.1399999999999997,46.5,53.49999999999999,186.0,45.12372634643377,215,93,0.0
1478,93,107,46.5,1.86,2.1399999999999997,46.5,53.49999999999999,186.0,45.12372634643377,215,93,0.0
1479,93,107,46.5,1.86,2.1399999999999997,46.5,53.49999999999999,186.0,45.12372634643377,215,93,0.0
1480,93,107,46.5,1.86,2.1399999999999997,46.5,53.49999999999999,186.0,45.12372634643377,215,93,0.0
1481,93,107,46.5,1.86,2.1399999999999997,46.5,53.49999999999999,186.0,45.12372634643377,215,93,0.0
1482,93,107,46.5,1.86,2.1399999999999997,46.5,53.49999999999999,186.0,45.12372634643377,215,93,0.0
1483,93,107,46.5,1.86,2.1399999999999997,46.5,53.49999999999999,186.0,45.12372634643377,215,93,0.0
1484,93,107,46.5,1.86,2.1399999999999997,46.5,53.49999999999999,186.0,45.12372634643377,215,93,0.0
1485,93,107,46.5,1.86,2.1399999999999997,46.5,53.49999999999999,186.0,45.12372634643377,215,93,0.0
1486,93,107,46.5,1.86,2.1399999999999997,46.5,53.49999999999999,186.0,45.12372634643377,215,93,0.0
1487,93,107,46.5,1.86,2.1399999999999997,46.5,53.49999999999999,186.0,45.12372634643377,215,93,0.0
1488,93,107,46.5,1.86,2.1399999999999997,46.5,53.49999999999999,186.0,45.12372634643377,215,93,0.0
1489,93,107,46.5,1.86,2.1399999999999997,46.5,53.49999999999999,186.0,45.12372634643377,215,93,0.0
1490,93,107,46.5,1.86,2.1399999999999997,46.5,53.49999999999999,186.0,45.12372634643377,215,93,0.0
1491,93,107,46.5,1.86,2.1399999999999997,46.5,53.49999999999999,186.0,45.12372634643377,215,93,0.0
1492,93,107,46.5,1.86,2.1399999999999997,46.5,53.49999999999999,186.0,45.12372634643377,215,93,0.0
1493,93,107,46.5,1.86,2.1399999999999997,46.5,53.49999999999999,186.0,45.12372634643377,215,93,0.0
1494,93,107,46.5,1.86,2.1399999999999997,46.5,53.49999999999999,186.0,45.12372634643377,215,93,0.0
1495,93,107,46.5,1.86,2.1399999999999997,46.5,53.49999999999999,186.0,45.12372634643377,215,93,0.0
1496,93,107,46.5,1.86,2.1399999999999997,46.5,53.49999999999999,186.0,45.12372634643377,215,93,0.0
1497,93,107,46.5,1.86,2.1399999999999997,46.5,53.49999999999999,186.0,45.12372634643377,215,93,0.0
1498,93,107,46.5,1.86,2.1399999999999997,46.5,53.49999999999999,186.0,45.12372634643377,215,93,0.0
1499,93,107,46.5,1.86,2.1399999999999997,46.5,53.49999999999999,186.0,45.12372634643377,215,93,0.0
1500,93,107,46.5,1.86,2.1399999999999997,46.5,53.49999999999999,186.0,45.12372634643377,215,93,0.0
1501,93,107,46.5,1.86,2.1399999999999997,46.5,53.49999999999999,186.0,45.12372634643377,215,93,0.0
1502,93,107,46.5,1.86,2.1399999999999997,46.5,53.49999999999999,186.0,45.12372634643377,215,93,0.0
1503,93,107,46.5,1.86,2.1399999999999997,46.5,53.49999999999999,186.0,45.12372634643377,215,93,0.0
1504,94,106,47.0,1.8800000000000001,2.12,47.0,53.0,188.0,45.608927704997576,217,94,2.0
1505,94,106,47.0,1.8800000000000001,2.12,47.0,53.0,188.0,45.608927704997576,218,94,0.0
1506,94,106,47.0,1.8800000000000001,2.12,47.0,53.0,188.0,45.608927704997576,218,94,0.0
1507,94,106,47.0,1.8800000000000001,2.12,47.0,53.0,188.0,45.608927704997576,218,94,0.0
1508,94,106,47.0,1.8800000000000001,2.12,47.0,53.0,188.0,45.608927704997576,218,94,0.0
1509,94,106,47.0,1.8800000000000001,2.12,47.0,53.0,188.0,45.608927704997576,218,94,0.0
1510,94,106,47.0,1.8800000000000001,2.12,47.0,53.0,188.0,45.608927704997576,218,94,0.0
1511,94,106,47.0,1.8800000000000001,2.12,47.0,53.0,188.0,45.608927704997576,218,94,0.0
1512,94,106,47.0,1.8800000000000001,2.12,47.0,53.0,188.0,45.608927704997576,218,94,0.0
1513,94,106,47.0,1.8800000000000001,2.12,47.0,53.0,188.0,45.608927704997576,218,94,0.0
1514,94,106,47.0,1.8800000000000001,2.12,47.0,53.0,188.0,45.608927704997576,218,94,0.0
1515,94,106,47.0,1.8800000000000001,2.12,47.0,53.0,188.0,45.608927704997576,218,94,0.0
1516,94,106,47.0,1.8800000000000001,2.12,47.0,53.0,188.0,45.608927704997576,218,94,0.0
1517,94,106,47.0,1.8800000000000001,2.12,47.0,53.0,188.0,45.608927704997576,218,94,0.0
1518,94,106,47.0,1.8800000000000001,2.12,47.0,53.0,188.0,45.608927704997576,218,94,0.0
1519,94,106,47.0,1.8800000000000001,2.12,47.0,53.0,188.0,45.608927704997576,218,94,0.0
1520,94,106,47.0,1.8800000000000001,2.12,47.0,53.0,188.0,45.608927704997576,218,94,0.0
1521,94,106,47.0,1.8800000000000001,2.12,47.0,53.0,188.0,45.608927704997576,218,94,0.0
1522,94,106,47.0,1.8800000000000001,2.12,47.0,53.0,188.0,45.608927704997576,218,94,0.0
1523,94,106,47.0,1.8800000000000001,2.12,47.0,53.0,188.0,45.608927704997576,218,94,0.0
1524,94,106,47.0,1.8800000000000001,2.12,47.0,53.0,188.0,45.608927704997576,218,94,0.0
1525,94,106,47.0,1.8800000000000001,2.12,47.0,53.0,188.0,45.608927704997576,218,94,0.0
1526,94,106,47.0,1.8800000000000001,2.12,47.0,53.0,188.0,45.608927704997576,218,94,0.0
1527,94,106,47.0,1.8800000000000001,2.12,47.0,53.0,188.0,45.608927704997576,218,94,0.0
1528,95,105,47.5,1.9000000000000001,2.0999999999999996,47.5,52.49999999999999,190.0,46.094129063561375,219,95,2.0
1529,95,105,47.5,1.9000000000000001,2.0999999999999996,47.5,52.49999999999999,190.0,46.094129063561375,219,95,0.0
1530,95,105,47.5,1.9000000000000001,2.0999999999999996,47.5,52.49999999999999,190.0,46.094129063561375,219,95,0.0
1531,95,105,47.5,1.9000000000000001,2.0999999999999996,47.5,52.49999999999999,190.0,46.094129063561375,220,95,0.0
1532,95,105,47.5,1.9000000000000001,2.0999999999999996,47.5,52.49999999999999,190.0,46.094129063561375,221,95,0.0
1533,95,105,47.5,1.9000000000000001,2.0999999999999996,47.5,52.49999999999999,190.0,46.094129063561375,221,95,0.0
1534,95,105,47.5,1.9000000000000001,2.0999999999999996,47.5,52.49999999999999,190.0,46.094129063561375,221,95,0.0
1535,95,105,47.5,1.9000000000000001,2.0999999999999996,47.5,52.49999999999999,190.0,46.094129063561375,221,95,0.0
1536,95,105,47.5,1.9000000000000001,2.0999999999999996,47.5,52.49999999999999,190.0,46.094129063561375,221,95,0.0
1537,96,104,48.0,1.92,2.08,48.0,52.0,192.0,46.57933042212518,222,96,2.0
1538,96,104,48.0,1.92,2.08,48.0,52.0,192.0,46.57933042212518,222,96,0.0
1539,96,104,48.0,1.92,2.08,48.0,52.0,192.0,46.57933042212518,222,96,0.0
1540,96,104,48.0,1.92,2.08,48.0,52.0,192.0,46.57933042212518,222,96,0.0
1541,96,104,48.0,1.92,2.08,48.0,52.0,192.0,46.57933042212518,222,96,0.0
1542,96,104,48.0,1.92,2.08,48.0,52.0,192.0,46.57933042212518,222,96,0.0
1543,96,104,48.0,1.92,2.08,48.0,52.0,192.0,46.57933042212518,222,96,0.0
1544,96,104,48.0,1.92,2.08,48.0,52.0,192.0,46.57933042212518,222,96,0.0
1545,96,104,48.0,1.92,2.08,48.0,52.0,192.0,46.57933042212518,222,96,0.0
1546,96,104,48.0,1.92,2.08,48.0,52.0,192.0,46.57933042212518,222,96,0.0
1547,96,104,48.0,1.92,2.08,48.0,52.0,192.0,46.57933042212518,222,96,0.0
1548,96,104,48.0,1.92,2.08,48.0,52.0,192.0,46.57933042212518,222,96,0.0
1549,96,104,48.0,1.92,2.08,48.0,52.0,192.0,46.57933042212518,222,96,0.0
1550,96,104,48.0,1.92,2.08,48.0,52.0,192.0,46.57933042212518,222,96,0.0
1551,96,104,48.0,1.92,2.08,48.0,52.0,192.0,46.57933042212518,222,96,0.0
1552,96,104,48.0,1.92,2.08,48.0,52.0,192.0,46.57933042212518,222,96,0.0
1553,96,104,48.0,1.92,2.08,48.0,52.0,192.0,46.57933042212518,222,96,0.0
1554,96,104,48.0,1.92,2.08,48.0,52.0,192.0,46.57933042212518,222,96,0.0
1555,96,104,48.0,1.92,2.08,48.0,52.0,192.0,46.57933042212518,222,96,0.0
1556,96,104,48.0,1.92,2.08,48.0,52.0,192.0,46.57933042212518,222,96,0.0
1557,96,104,48.0,1.92,2.08,48.0,52.0,192.0,46.57933042212518,222,96,0.0
1558,96,104,48.0,1.92,2.08,48.0,52.0,192.0,46.57933042212518,222,96,0.0
1559,96,104,48.0,1.92,2.08,48.0,52.0,192.0,46.57933042212518,222,96,0.0
1560,96,104,48.0,1.92,2.08,48.0,52.0,192.0,46.57933042212518,222,96,0.0
1561,96,104,48.0,1.92,2.08,48.0,52.0,192.0,46.57933042212518,222,96,0.0
1562,96,104,48.0,1.92,2.08,48.0,52.0,192.0,46.57933042212518,222,96,0.0
1563,96,104,48.0,1.92,2.08,48.0,52.0,192.0,46.57933042212518,222,96,0.0
1564,96,104,48.0,1.92,2.08,48.0,52.0,192.0,46.57933042212518,222,96,0.0
1565,96,104,48.0,1.92,2.08,48.0,52.0,192.0,46.57933042212518,222,96,0.0
1566,96,104,48.0,1.92,2.08,48.0,52.0,192.0,46.57933042212518,222,96,0.0
1567,96,104,48.0,1.92,2.08,48.0,52.0,192.0,46.57933042212518,222,96,0.0
1568,96,104,48.0,1.92,2.08,48.0,52.0,192.0,46.57933042212518,222,96,0.0
1569,96,104,48.0,1.92,2.08,48.0,52.0,192.0,46.57933042212518,222,96,0.0
1570,96,104,48.0,1.92,2.08,48.0,52.0,192.0,46.57933042212518,222,96,0.0
1571,96,104,48.0,1.92,2.08,48.0,52.0,192.0,46.57933042212518,222,96,0.0
1572,96,104,48.0,1.92,2.08,48.0,52.0,192.0,46.57933042212518,222,96,0.0
1573,96,104,48.0,1.92,2.08,48.0,52.0,192.0,46.57933042212518,222,96,0.0
1574,96,104,48.0,1.92,2.08,48.0,52.0,192.0,46.57933042212518,222,96,0.0
1575,96,104,48.0,1.92,2.08,48.0,52.0,192.0,46.57933042212518,222,96,0.0
1576,96,104,48.0,1.92,2.08,48.0,52.0,192.0,46.57933042212518,222,96,0.0
1577,96,104,48.0,1.92,2.08,48.0,52.0,192.0,46.57933042212518,222,96,0.0
1578,96,104,48.0,1.92,2.08,48.0,52.0,192.0,46.57933042212518,222,96,0.0
1579,96,104,48.0,1.92,2.08,48.0,52.0,192.0,46.57933042212518,222,96,0.0
1580,96,104,48.0,1.92,2.08,48.0,52.0,192.0,46.57933042212518,222,96,0.0
1581,96,104,48.0,1.92,2.08,48.0,52.0,192.0,46.57933042212518,222,96,0.0
1582,96,104,48.0,1.92,2.08,48.0,52.0,192.0,46.57933042212518,222,96,0.0
1583,96,104,48.0,1.92,2.08,48.0,52.0,192.0,46.57933042212518,222,96,0.0
1584,96,104,48.0,1.92,2.08,48.0,52.0,192.0,46.57933042212518,222,96,0.0
1585,96,104,48.0,1.92,2.08,48.0,52.0,192.0,46.57933042212518,222,96,0.0
1586,96,104,48.0,1.92,2.08,48.0,52.0,192.0,46.57933042212518,222,96,0.0
1587,96,104,48.0,1.92,2.08,48.0,52.0,192.0,46.57933042212518,222,96,0.0
1588,96,104,48.0,1.92,2.08,48.0,52.0,192.0,46.57933042212518,222,96,0.0
1589,96,104,48.0,1.92,2.08,48.0,52.0,192.0,46.57933042212518,222,96,0.0
1590,97,103,48.5,1.94,2.06,48.5,51.5,194.0,47.06453178068899,223,97,2.0
1591,97,103,48.5,1.94,2.06,48.5,51.5,194.0,47.06453178068899,223,97,0.0
1592,97,103,48.5,1.94,2.06,48.5,51.5,194.0,47.06453178068899,223,97,0.0
1593,97,103,48.5,1.94,2.06,48.5,51.5,194.0,47.06453178068899,223,97,0.0
1594,97,103,48.5,1.94,2.06,48.5,51.5,194.0,47.06453178068899,223,97,0.0
1595,97,103,48.5,1.94,2.06,48.5,51.5,194.0,47.06453178068899,223,97,0.0
1596,97,103,48.5,1.94,2.06,48.5,51.5,194.0,47.06453178068899,223,97,0.0
1597,97,103,48.5,1.94,2.06,48.5,51.5,194.0,47.06453178068899,223,97,0.0
1598,97,103,48.5,1.94,2.06,48.5,51.5,194.0,47.06453178068899,223,97,0.0
1599,97,103,48.5,1.94,2.06,48.5,51.5,194.0,47.06453178068899,223,97,0.0
1600,97,103,48.5,1.94,2.06,48.5,51.5,194.0,47.06453178068899,223,97,0.0
1601,97,103,48.5,1.94,2.06,48.5,51.5,194.0,47.06453178068899,223,97,0.0
1602,97,103,48.5,1.94,2.06,48.5,51.5,194.0,47.06453178068899,223,97,0.0
1603,97,103,48.5,1.94,2.06,48.5,51.5,194.0,47.06453178068899,224,97,0.0
1604,97,103,48.5,1.94,2.06,48.5,51.5,194.0,47.06453178068899,225,97,0.0
1605,97,103,48.5,1.94,2.06,48.5,51.5,194.0,47.06453178068899,226,97,0.0
1606,97,103,48.5,1.94,2.06,48.5,51.5,194.0,47.06453178068899,226,97,0.0
1607,97,103,48.5,1.94,2.06,48.5,51.5,194.0,47.06453178068899,226,97,0.0
1608,97,103,48.5,1.94,2.06,48.5,51.5,194.0,47.06453178068899,226,97,0.0
1609,97,103,48.5,1.94,2.06,48.5,51.5,194.0,47.06453178068899,226,97,0.0
1610,97,103,48.5,1.94,2.06,48.5,51.5,194.0,47.06453178068899,226,97,0.0
1611,97,103,48.5,1.94,2.06,48.5,51.5,194.0,47.06453178068899,226,97,0.0
1612,97,103,48.5,1.94,2.06,48.5,51.5,194.0,47.06453178068899,226,97,0.0
1613,97,103,48.5,1.94,2.06,48.5,51.5,194.0,47.06453178068899,226,97,0.0
1614,97,103,48.5,1.94,2.06,48.5,51.5,194.0,47.06453178068899,226,97,0.0
1615,97,103,48.5,1.94,2.06,48.5,51.5,194.0,47.06453178068899,226,97,0.0
1616,97,103,48.5,1.94,2.06,48.5,51.5,194.0,47.06453178068899,226,97,0.0
1617,97,103,48.5,1.94,2.06,48.5,51.5,194.0,47.06453178068899,226,97,0.0
1618,97,103,48.5,1.94,2.06,48.5,51.5,194.0,47.06453178068899,226,97,0.0
1619,97,103,48.5,1.94,2.06,48.5,51.5,194.0,47.06453178068899,226,97,0.0
1620,97,103,48.5,1.94,2.06,48.5,51.5,194.0,47.06453178068899,226,97,0.0
1621,97,103,48.5,1.94,2.06,48.5,51.5,194.0,47.06453178068899,226,97,0.0
1622,97,103,48.5,1.94,2.06,48.5,51.5,194.0,47.06453178068899,226,97,0.0
1623,97,103,48.5,1.94,2.06,48.5,51.5,194.0,47.06453178068899,226,97,0.0
1624,97,103,48.5,1.94,2.06,48.5,51.5,194.0,47.06453178068899,226,97,0.0
1625,97,103,48.5,1.94,2.06,48.5,51.5,194.0,47.06453178068899,226,97,0.0
1626,97,103,48.5,1.94,2.06,48.5,51.5,194.0,47.06453178068899,226,97,0.0
1627,97,103,48.5,1.94,2.06,48.5,51.5,194.0,47.06453178068899,226,97,0.0
1628,97,103,48.5,1.94,2.06,48.5,51.5,194.0,47.06453178068899,226,97,0.0
1629,97,103,48.5,1.94,2.06,48.5,51.5,194.0,47.06453178068899,226,97,0.0
1630,97,103,48.5,1.94,2.06,48.5,51.5,194.0,47.06453178068899,226,97,0.0
1631,97,103,48.5,1.94,2.06,48.5,51.5,194.0,47.06453178068899,226,97,0.0
1632,97,103,48.5,1.94,2.06,48.5,51.5,194.0,47.06453178068899,226,97,0.0
1633,97,103,48.5,1.94,2.06,48.5,51.5,194.0,47.06453178068899,226,97,0.0
1634,97,103,48.5,1.94,2.06,48.5,51.5,194.0,47.06453178068899,226,97,0.0
1635,97,103,48.5,1.94,2.06,48.5,51.5,194.0,47.06453178068899,226,97,0.0
1636,97,103,48.5,1.94,2.06,48.5,51.5,194.0,47.06453178068899,226,97,0.0
1637,98,102,49.0,1.96,2.04,49.0,51.0,196.0,47.549733139252794,227,98,2.0
1638,98,102,49.0,1.96,2.04,49.0,51.0,196.0,47.549733139252794,227,98,0.0
1639,98,102,49.0,1.96,2.04,49.0,51.0,196.0,47.549733139252794,227,98,0.0
1640,98,102,49.0,1.96,2.04,49.0,51.0,196.0,47.549733139252794,227,98,0.0
1641,98,102,49.0,1.96,2.04,49.0,51.0,196.0,47.549733139252794,227,98,0.0
1642,98,102,49.0,1.96,2.04,49.0,51.0,196.0,47.549733139252794,227,98,0.0
1643,98,102,49.0,1.96,2.04,49.0,51.0,196.0,47.549733139252794,227,98,0.0
1644,98,102,49.0,1.96,2.04,49.0,51.0,196.0,47.549733139252794,227,98,0.0
1645,98,102,49.0,1.96,2.04,49.0,51.0,196.0,47.549733139252794,228,98,0.0
1646,98,102,49.0,1.96,2.04,49.0,51.0,196.0,47.549733139252794,228,98,0.0
1647,98,102,49.0,1.96,2.04,49.0,51.0,196.0,47.549733139252794,228,98,0.0
1648,98,102,49.0,1.96,2.04,49.0,51.0,196.0,47.549733139252794,228,98,0.0
1649,98,102,49.0,1.96,2.04,49.0,51.0,196.0,47.549733139252794,228,98,0.0
1650,98,102,49.0,1.96,2.04,49.0,51.0,196.0,47.549733139252794,228,98,0.0
1651,99,101,49.5,1.98,2.02,49.5,50.5,198.0,48.03493449781659,229,99,2.0
1652,99,101,49.5,1.98,2.02,49.5,50.5,198.0,48.03493449781659,229,99,0.0
1653,99,101,49.5,1.98,2.02,49.5,50.5,198.0,48.03493449781659,229,99,0.0
1654,99,101,49.5,1.98,2.02,49.5,50.5,198.0,48.03493449781659,229,99,0.0
1655,99,101,49.5,1.98,2.02,49.5,50.5,198.0,48.03493449781659,229,99,0.0
1656,99,101,49.5,1.98,2.02,49.5,50.5,198.0,48.03493449781659,229,99,0.0
1657,99,101,49.5,1.98,2.02,49.5,50.5,198.0,48.03493449781659,229,99,0.0
1658,99,101,49.5,1.98,2.02,49.5,50.5,198.0,48.03493449781659,229,99,0.0
1659,99,101,49.5,1.98,2.02,49.5,50.5,198.0,48.03493449781659,229,99,0.0
1660,99,101,49.5,1.98,2.02,49.5,50.5,198.0,48.03493449781659,229,99,0.0
1661,99,101,49.5,1.98,2.02,49.5,50.5,198.0,48.03493449781659,229,99,0.0
1662,99,101,49.5,1.98,2.02,49.5,50.5,198.0,48.03493449781659,229,99,0.0
1663,99,101,49.5,1.98,2.02,49.5,50.5,198.0,48.03493449781659,229,99,0.0
1664,99,101,49.5,1.98,2.02,49.5,50.5,198.0,48.03493449781659,229,99,0.0
1665,99,101,49.5,1.98,2.02,49.5,50.5,198.0,48.03493449781659,229,99,0.0
1666,99,101,49.5,1.98,2.02,49.5,50.5,198.0,48.03493449781659,229,99,0.0
1667,99,101,49.5,1.98,2.02,49.5,50.5,198.0,48.03493449781659,229,99,0.0
1668,99,101,49.5,1.98,2.02,49.5,50.5,198.0,48.03493449781659,229,99,0.0
1669,99,101,49.5,1.98,2.02,49.5,50.5,198.0,48.03493449781659,229,99,0.0
1670,99,101,49.5,1.98,2.02,49.5,50.5,198.0,48.03493449781659,229,99,0.0
1671,99,101,49.5,1.98,2.02,49.5,50.5,198.0,48.03493449781659,229,99,0.0
1672,99,101,49.5,1.98,2.02,49.5,50.5,198.0,48.03493449781659,229,99,0.0
1673,99,101,49.5,1.98,2.02,49.5,50.5,198.0,48.03493449781659,229,99,0.0
1674,99,101,49.5,1.98,2.02,49.5,50.5,198.0,48.03493449781659,229,99,0.0
1675,99,101,49.5,1.98,2.02,49.5,50.5,198.0,48.03493449781659,229,99,0.0
1676,99,101,49.5,1.98,2.02,49.5,50.5,198.0,48.03493449781659,229,99,0.0
1677,99,101,49.5,1.98,2.02,49.5,50.5,198.0,48.03493449781659,230,99,0.0
1678,99,101,49.5,1.98,2.02,49.5,50.5,198.0,48.03493449781659,231,99,0.0
1679,99,101,49.5,1.98,2.02,49.5,50.5,198.0,48.03493449781659,231,99,0.0
1680,99,101,49.5,1.98,2.02,49.5,50.5,198.0,48.03493449781659,232,99,0.0
1681,99,101,49.5,1.98,2.02,49.5,50.5,198.0,48.03493449781659,232,99,0.0
1682,99,101,49.5,1.98,2.02,49.5,50.5,198.0,48.03493449781659,232,99,0.0
1683,99,101,49.5,1.98,2.02,49.5,50.5,198.0,48.03493449781659,232,99,0.0
1684,99,101,49.5,1.98,2.02,49.5,50.5,198.0,48.03493449781659,232,99,0.0
1685,99,101,49.5,1.98,2.02,49.5,50.5,198.0,48.03493449781659,232,99,0.0
1686,99,101,49.5,1.98,2.02,49.5,50.5,198.0,48.03493449781659,232,99,0.0
1687,99,101,49.5,1.98,2.02,49.5,50.5,198.0,48.03493449781659,232,99,0.0
1688,99,101,49.5,1.98,2.02,49.5,50.5,198.0,48.03493449781659,232,99,0.0
1689,99,101,49.5,1.98,2.02,49.5,50.5,198.0,48.03493449781659,232,99,0.0
1690,99,101,49.5,1.98,2.02,49.5,50.5,198.0,48.03493449781659,232,99,0.0
1691,99,101,49.5,1.98,2.02,49.5,50.5,198.0,48.03493449781659,232,99,0.0
1692,99,101,49.5,1.98,2.02,49.5,50.5,198.0,48.03493449781659,232,99,0.0
1693,99,101,49.5,1.98,2.02,49.5,50.5,198.0,48.03493449781659,232,99,0.0
1694,99,101,49.5,1.98,2.02,49.5,50.5,198.0,48.03493449781659,232,99,0.0
1695,99,101,49.5,1.98,2.02,49.5,50.5,198.0,48.03493449781659,232,99,0.0
1696,99,101,49.5,1.98,2.02,49.5,50.5,198.0,48.03493449781659,232,99,0.0
1697,99,101,49.5,1.98,2.02,49.5,50.5,198.0,48.03493449781659,232,99,0.0
1698,99,101,49.5,1.98,2.02,49.5,50.5,198.0,48.03493449781659,232,99,0.0
1699,99,101,49.5,1.98,2.02,49.5,50.5,198.0,48.03493449781659,232,99,0.0
1700,99,101,49.5,1.98,2.02,49.5,50.5,198.0,48.03493449781659,232,99,0.0
1701,99,101,49.5,1.98,2.02,49.5,50.5,198.0,48.03493449781659,232,99,0.0
1702,99,101,49.5,1.98,2.02,49.5,50.5,198.0,48.03493449781659,232,99,0.0
1703,99,101,49.5,1.98,2.02,49.5,50.5,198.0,48.03493449781659,232,99,0.0
1704,99,101,49.5,1.98,2.02,49.5,50.5,198.0,48.03493449781659,232,99,0.0
1705,99,101,49.5,1.98,2.02,49.5,50.5,198.0,48.03493449781659,232,99,0.0
1706,99,101,49.5,1.98,2.02,49.5,50.5,198.0,48.03493449781659,232,99,0.0
1707,99,101,49.5,1.98,2.02,49.5,50.5,198.0,48.03493449781659,232,99,0.0
1708,99,101,49.5,1.98,2.02,49.5,50.5,198.0,48.03493449781659,232,99,0.0
1709,99,101,49.5,1.98,2.02,49.5,50.5,198.0,48.03493449781659,232,99,0.0
1710,99,101,49.5,1.98,2.02,49.5,50.5,198.0,48.03493449781659,232,99,0.0
1711,99,101,49.5,1.98,2.02,49.5,50.5,198.0,48.03493449781659,232,99,0.0
1712,99,101,49.5,1.98,2.02,49.5,50.5,198.0,48.03493449781659,232,99,0.0
1713,99,101,49.5,1.98,2.02,49.5,50.5,198.0,48.03493449781659,232,99,0.0
1714,99,101,49.5,1.98,2.02,49.5,50.5,198.0,48.03493449781659,232,99,0.0
1715,99,101,49.5,1.98,2.02,49.5,50.5,198.0,48.03493449781659,232,99,0.0
1716,99,101,49.5,1.98,2.02,49.5,50.5,198.0,48.03493449781659,232,99,0.0
1717,99,101,49.5,1.98,2.02,49.5,50.5,198.0,48.03493449781659,232,99,0.0
1718,99,101,49.5,1.98,2.02,49.5,50.5,198.0,48.03493449781659,232,99,0.0
1719,99,101,49.5,1.98,2.02,49.5,50.5,198.0,48.03493449781659,232,99,0.0
1720,99,101,49.5,1.98,2.02,49.5,50.5,198.0,48.03493449781659,232,99,0.0
1721,99,101,49.5,1.98,2.02,49.5,50.5,198.0,48.03493449781659,232,99,0.0
1722,99,101,49.5,1.98,2.02,49.5,50.5,198.0,48.03493449781659,232,99,0.0
1723,99,101,49.5,1.98,2.02,49.5,50.5,198.0,48.03493449781659,232,99,0.0
1724,99,101,49.5,1.98,2.02,49.5,50.5,198.0,48.03493449781659,232,99,0.0
1725,99,101,49.5,1.98,2.02,49.5,50.5,198.0,48.03493449781659,232,99,0.0
1726,99,101,49.5,1.98,2.02,49.5,50.5,198.0,48.03493449781659,232,99,0.0
1727,99,101,49.5,1.98,2.02,49.5,50.5,198.0,48.03493449781659,232,99,0.0
1728,99,101,49.5,1.98,2.02,49.5,50.5,198.0,48.03493449781659,232,99,0.0
1729,99,101,49.5,1.98,2.02,49.5,50.5,198.0,48.03493449781659,232,99,0.0
1730,99,101,49.5,1.98,2.02,49.5,50.5,198.0,48.03493449781659,232,99,0.0
1731,99,101,49.5,1.98,2.02,49.5,50.5,198.0,48.03493449781659,232,99,0.0
1732,99,101,49.5,1.98,2.02,49.5,50.5,198.0,48.03493449781659,232,99,0.0
1733,99,101,49.5,1.98,2.02,49.5,50.5,198.0,48.03493449781659,232,99,0.0
1734,99,101,49.5,1.98,2.02,49.5,50.5,198.0,48.03493449781659,232,99,0.0
1735,99,101,49.5,1.98,2.02,49.5,50.5,198.0,48.03493449781659,233,99,0.0
1736,99,101,49.5,1.98,2.02,49.5,50.5,198.0,48.03493449781659,233,99,0.0
1737,99,101,49.5,1.98,2.02,49.5,50.5,198.0,48.03493449781659,233,99,0.0
1738,99,101,49.5,1.98,2.02,49.5,50.5,198.0,48.03493449781659,233,99,0.0
1739,99,101,49.5,1.98,2.02,49.5,50.5,198.0,48.03493449781659,233,99,0.0
1740,99,101,49.5,1.98,2.02,49.5,50.5,198.0,48.03493449781659,233,99,0.0
1741,99,101,49.5,1.98,2.02,49.5,50.5,198.0,48.03493449781659,233,99,0.0
1742,99,101,49.5,1.98,2.02,49.5,50.5,198.0,48.03493449781659,233,99,0.0
1743,99,101,49.5,1.98,2.02,49.5,50.5,198.0,48.03493449781659,233,99,0.0
1744,99,101,49.5,1.98,2.02,49.5,50.5,198.0,48.03493449781659,234,99,0.0
1745,99,101,49.5,1.98,2.02,49.5,50.5,198.0,48.03493449781659,235,99,0.0
1746,99,101,49.5,1.98,2.02,49.5,50.5,198.0,48.03493449781659,236,99,0.0
1747,99,101,49.5,1.98,2.02,49.5,50.5,198.0,48.03493449781659,236,99,0.0
1748,99,101,49.5,1.98,2.02,49.5,50.5,198.0,48.03493449781659,236,99,0.0
1749,99,101,49.5,1.98,2.02,49.5,50.5,198.0,48.03493449781659,236,99,0.0
1750,99,101,49.5,1.98,2.02,49.5,50.5,198.0,48.03493449781659,236,99,0.0
1751,99,101,49.5,1.98,2.02,49.5,50.5,198.0,48.03493449781659,236,99,0.0
1752,99,101,49.5,1.98,2.02,49.5,50.5,198.0,48.03493449781659,237,99,0.0
1753,99,101,49.5,1.98,2.02,49.5,50.5,198.0,48.03493449781659,238,99,0.0
1754,99,101,49.5,1.98,2.02,49.5,50.5,198.0,48.03493449781659,239,99,0.0
1755,99,101,49.5,1.98,2.02,49.5,50.5,198.0,48.03493449781659,239,99,0.0
1756,99,101,49.5,1.98,2.02,49.5,50.5,198.0,48.03493449781659,239,99,0.0
1757,99,101,49.5,1.98,2.02,49.5,50.5,198.0,48.03493449781659,239,99,0.0
1758,99,101,49.5,1.98,2.02,49.5,50.5,198.0,48.03493449781659,239,99,0.0
1759,99,101,49.5,1.98,2.02,49.5,50.5,198.0,48.03493449781659,239,99,0.0
1760,99,101,49.5,1.98,2.02,49.5,50.5,198.0,48.03493449781659,239,99,0.0
1761,99,101,49.5,1.98,2.02,49.5,50.5,198.0,48.03493449781659,239,99,0.0
1762,99,101,49.5,1.98,2.02,49.5,50.5,198.0,48.03493449781659,239,99,0.0
1763,99,101,49.5,1.98,2.02,49.5,50.5,198.0,48.03493449781659,239,99,0.0
1764,99,101,49.5,1.98,2.02,49.5,50.5,198.0,48.03493449781659,239,99,0.0
1765,99,101,49.5,1.98,2.02,49.5,50.5,198.0,48.03493449781659,239,99,0.0
1766,99,101,49.5,1.98,2.02,49.5,50.5,198.0,48.03493449781659,239,99,0.0
1767,99,101,49.5,1.98,2.02,49.5,50.5,198.0,48.03493449781659,239,99,0.0
1768,99,101,49.5,1.98,2.02,49.5,50.5,198.0,48.03493449781659,239,99,0.0
1769,99,101,49.5,1.98,2.02,49.5,50.5,198.0,48.03493449781659,240,99,0.0
1770,99,101,49.5,1.98,2.02,49.5,50.5,198.0,48.03493449781659,240,99,0.0
1771,99,101,49.5,1.98,2.02,49.5,50.5,198.0,48.03493449781659,241,99,0.0
1772,99,101,49.5,1.98,2.02,49.5,50.5,198.0,48.03493449781659,241,99,0.0
1773,99,101,49.5,1.98,2.02,49.5,50.5,198.0,48.03493449781659,242,99,0.0
1774,99,101,49.5,1.98,2.02,49.5,50.5,198.0,48.03493449781659,243,99,0.0
1775,99,101,49.5,1.98,2.02,49.5,50.5,198.0,48.03493449781659,244,99,0.0
1776,99,101,49.5,1.98,2.02,49.5,50.5,198.0,48.03493449781659,245,99,0.0
1777,99,101,49.5,1.98,2.02,49.5,50.5,198.0,48.03493449781659,245,99,0.0
1778,99,101,49.5,1.98,2.02,49.5,50.5,198.0,48.03493449781659,245,99,0.0
1779,99,101,49.5,1.98,2.02,49.5,50.5,198.0,48.03493449781659,245,99,0.0
1780,99,101,49.5,1.98,2.02,49.5,50.5,198.0,48.03493449781659,245,99,0.0
1781,99,101,49.5,1.98,2.02,49.5,50.5,198.0,48.03493449781659,245,99,0.0
1782,99,101,49.5,1.98,2.02,49.5,50.5,198.0,48.03493449781659,246,99,0.0
1783,99,101,49.5,1.98,2.02,49.5,50.5,198.0,48.03493449781659,246,99,0.0
1784,99,101,49.5,1.98,2.02,49.5,50.5,198.0,48.03493449781659,246,99,0.0
1785,99,101,49.5,1.98,2.02,49.5,50.5,198.0,48.03493449781659,248,99,0.0
1786,99,101,49.5,1.98,2.02,49.5,50.5,198.0,48.03493449781659,249,99,0.0
1787,99,101,49.5,1.98,2.02,49.5,50.5,198.0,48.03493449781659,249,99,0.0
1788,99,101,49.5,1.98,2.02,49.5,50.5,198.0,48.03493449781659,249,99,0.0
1789,99,101,49.5,1.98,2.02,49.5,50.5,198.0,48.03493449781659,249,99,0.0
1790,99,101,49.5,1.98,2.02,49.5,50.5,198.0,48.03493449781659,251,99,0.0
1791,99,101,49.5,1.98,2.02,49.5,50.5,198.0,48.03493449781659,251,99,0.0
1792,100,100,50.0,2.0,2.0,50.0,50.0,200.0,48.5201358563804,253,100,2.0
1793,100,100,50.0,2.0,2.0,50.0,50.0,200.0,48.5201358563804,254,100,0.0
1794,100,100,50.0,2.0,2.0,50.0,50.0,200.0,48.5201358563804,255,100,0.0
1795,100,100,50.0,2.0,2.0,50.0,50.0,200.0,48.5201358563804,255,100,0.0
1796,100,100,50.0,2.0,2.0,50.0,50.0,200.0,48.5201358563804,256,100,0.0
1797,100,100,50.0,2.0,2.0,50.0,50.0,200.0,48.5201358563804,258,100,0.0
1798,100,100,50.0,2.0,2.0,50.0,50.0,200.0,48.5201358563804,259,100,0.0
1799,100,100,50.0,2.0,2.0,50.0,50.0,200.0,48.5201358563804,259,100,0.0
1800,100,100,50.0,2.0,2.0,50.0,50.0,200.0,48.5201358563804,259,100,0.0
1801,100,100,50.0,2.0,2.0,50.0,50.0,200.0,48.5201358563804,259,100,0.0
1802,100,100,50.0,2.0,2.0,50.0,50.0,200.0,48.5201358563804,259,100,0.0
1803,100,100,50.0,2.0,2.0,50.0,50.0,200.0,48.5201358563804,259,100,0.0
1804,100,100,50.0,2.0,2.0,50.0,50.0,200.0,48.5201358563804,260,100,0.0
1805,100,100,50.0,2.0,2.0,50.0,50.0,200.0,48.5201358563804,261,100,0.0
1806,100,100,50.0,2.0,2.0,50.0,50.0,200.0,48.5201358563804,262,100,0.0
1807,100,100,50.0,2.0,2.0,50.0,50.0,200.0,48.5201358563804,263,100,0.0
1808,100,100,50.0,2.0,2.0,50.0,50.0,200.0,48.5201358563804,264,100,0.0
1809,100,100,50.0,2.0,2.0,50.0,50.0,200.0,48.5201358563804,264,100,0.0
1810,100,100,50.0,2.0,2.0,50.0,50.0,200.0,48.5201358563804,265,100,0.0
1811,100,100,50.0,2.0,2.0,50.0,50.0,200.0,48.5201358563804,266,100,0.0
1812,100,100,50.0,2.0,2.0,50.0,50.0,200.0,48.5201358563804,267,100,0.0
1813,100,100,50.0,2.0,2.0,50.0,50.0,200.0,48.5201358563804,267,100,0.0
1814,100,100,50.0,2.0,2.0,50.0,50.0,200.0,48.5201358563804,267,100,0.0
1815,100,100,50.0,2.0,2.0,50.0,50.0,200.0,48.5201358563804,268,100,0.0
1816,100,100,50.0,2.0,2.0,50.0,50.0,200.0,48.5201358563804,268,100,0.0
1817,100,100,50.0,2.0,2.0,50.0,50.0,200.0,48.5201358563804,268,100,0.0
1818,101,99,50.5,2.02,1.98,50.5,49.5,202.0,49.005337214944205,269,101,2.0
1819,101,99,50.5,2.02,1.98,50.5,49.5,202.0,49.005337214944205,269,101,0.0
1820,101,99,50.5,2.02,1.98,50.5,49.5,202.0,49.005337214944205,269,101,0.0
1821,101,99,50.5,2.02,1.98,50.5,49.5,202.0,49.005337214944205,269,101,0.0
1822,101,99,50.5,2.02,1.98,50.5,49.5,202.0,49.005337214944205,269,101,0.0
1823,101,99,50.5,2.02,1.98,50.5,49.5,202.0,49.005337214944205,269,101,0.0
1824,101,99,50.5,2.02,1.98,50.5,49.5,202.0,49.005337214944205,269,101,0.0
1825,101,99,50.5,2.02,1.98,50.5,49.5,202.0,49.005337214944205,269,101,0.0
1826,101,99,50.5,2.02,1.98,50.5,49.5,202.0,49.005337214944205,269,101,0.0
1827,101,99,50.5,2.02,1.98,50.5,49.5,202.0,49.005337214944205,269,101,0.0
1828,101,99,50.5,2.02,1.98,50.5,49.5,202.0,49.005337214944205,270,101,0.0
1829,101,99,50.5,2.02,1.98,50.5,49.5,202.0,49.005337214944205,270,101,0.0
1830,101,99,50.5,2.02,1.98,50.5,49.5,202.0,49.005337214944205,270,101,0.0
1831,101,99,50.5,2.02,1.98,50.5,49.5,202.0,49.005337214944205,271,101,0.0
1832,101,99,50.5,2.02,1.98,50.5,49.5,202.0,49.005337214944205,271,101,0.0
1833,101,99,50.5,2.02,1.98,50.5,49.5,202.0,49.005337214944205,271,101,0.0
1834,101,99,50.5,2.02,1.98,50.5,49.5,202.0,49.005337214944205,271,101,0.0
1835,101,99,50.5,2.02,1.98,50.5,49.5,202.0,49.005337214944205,271,101,0.0
1836,101,99,50.5,2.02,1.98,50.5,49.5,202.0,49.005337214944205,271,101,0.0
1837,101,99,50.5,2.02,1.98,50.5,49.5,202.0,49.005337214944205,271,101,0.0
1838,101,99,50.5,2.02,1.98,50.5,49.5,202.0,49.005337214944205,271,101,0.0
1839,101,99,50.5,2.02,1.98,50.5,49.5,202.0,49.005337214944205,271,101,0.0
1840,101,99,50.5,2.02,1.98,50.5,49.5,202.0,49.005337214944205,271,101,0.0
1841,101,99,50.5,2.02,1.98,50.5,49.5,202.0,49.005337214944205,271,101,0.0
1842,101,99,50.5,2.02,1.98,50.5,49.5,202.0,49.005337214944205,271,101,0.0
1843,101,99,50.5,2.02,1.98,50.5,49.5,202.0,49.005337214944205,271,101,0.0
1844,101,99,50.5,2.02,1.98,50.5,49.5,202.0,49.005337214944205,271,101,0.0
1845,101,99,50.5,2.02,1.98,50.5,49.5,202.0,49.005337214944205,271,101,0.0
1846,101,99,50.5,2.02,1.98,50.5,49.5,202.0,49.005337214944205,271,101,0.0
1847,101,99,50.5,2.02,1.98,50.5,49.5,202.0,49.005337214944205,271,101,0.0
1848,101,99,50.5,2.02,1.98,50.5,49.5,202.0,49.005337214944205,271,101,0.0
1849,101,99,50.5,2.02,1.98,50.5,49.5,202.0,49.005337214944205,271,101,0.0
1850,101,99,50.5,2.02,1.98,50.5,49.5,202.0,49.005337214944205,271,101,0.0
1851,101,99,50.5,2.02,1.98,50.5,49.5,202.0,49.005337214944205,271,101,0.0
1852,101,99,50.5,2.02,1.98,50.5,49.5,202.0,49.005337214944205,271,101,0.0
1853,101,99,50.5,2.02,1.98,50.5,49.5,202.0,49.005337214944205,271,101,0.0
1854,101,99,50.5,2.02,1.98,50.5,49.5,202.0,49.005337214944205,271,101,0.0
1855,101,99,50.5,2.02,1.98,50.5,49.5,202.0,49.005337214944205,271,101,0.0
1856,101,99,50.5,2.02,1.98,50.5,49.5,202.0,49.005337214944205,271,101,0.0
1857,101,99,50.5,2.02,1.98,50.5,49.5,202.0,49.005337214944205,271,101,0.0
1858,101,99,50.5,2.02,1.98,50.5,49.5,202.0,49.005337214944205,271,101,0.0
1859,101,99,50.5,2.02,1.98,50.5,49.5,202.0,49.005337214944205,271,101,0.0
1860,101,99,50.5,2.02,1.98,50.5,49.5,202.0,49.005337214944205,271,101,0.0
1861,101,99,50.5,2.02,1.98,50.5,49.5,202.0,49.005337214944205,271,101,0.0
1862,101,99,50.5,2.02,1.98,50.5,49.5,202.0,49.005337214944205,271,101,0.0
1863,101,99,50.5,2.02,1.98,50.5,49.5,202.0,49.005337214944205,271,101,0.0
1864,101,99,50.5,2.02,1.98,50.5,49.5,202.0,49.005337214944205,271,101,0.0
1865,101,99,50.5,2.02,1.98,50.5,49.5,202.0,49.005337214944205,271,101,0.0
1866,101,99,50.5,2.02,1.98,50.5,49.5,202.0,49.005337214944205,271,101,0.0
1867,101,99,50.5,2.02,1.98,50.5,49.5,202.0,49.005337214944205,271,101,0.0
1868,101,99,50.5,2.02,1.98,50.5,49.5,202.0,49.005337214944205,271,101,0.0
1869,101,99,50.5,2.02,1.98,50.5,49.5,202.0,49.005337214944205,271,101,0.0
1870,101,99,50.5,2.02,1.98,50.5,49.5,202.0,49.005337214944205,271,101,0.0
1871,101,99,50.5,2.02,1.98,50.5,49.5,202.0,49.005337214944205,271,101,0.0
1872,101,99,50.5,2.02,1.98,50.5,49.5,202.0,49.005337214944205,271,101,0.0
1873,101,99,50.5,2.02,1.98,50.5,49.5,202.0,49.005337214944205,271,101,0.0
1874,101,99,50.5,2.02,1.98,50.5,49.5,202.0,49.005337214944205,271,101,0.0
1875,101,99,50.5,2.02,1.98,50.5,49.5,202.0,49.005337214944205,271,101,0.0
1876,101,99,50.5,2.02,1.98,50.5,49.5,202.0,49.005337214944205,271,101,0.0
1877,101,99,50.5,2.02,1.98,50.5,49.5,202.0,49.005337214944205,271,101,0.0
1878,101,99,50.5,2.02,1.98,50.5,49.5,202.0,49.005337214944205,271,101,0.0
1879,101,99,50.5,2.02,1.98,50.5,49.5,202.0,49.005337214944205,271,101,0.0
1880,101,99,50.5,2.02,1.98,50.5,49.5,202.0,49.005337214944205,272,101,0.0
1881,101,99,50.5,2.02,1.98,50.5,49.5,202.0,49.005337214944205,273,101,0.0
1882,101,99,50.5,2.02,1.98,50.5,49.5,202.0,49.005337214944205,273,101,0.0
1883,101,99,50.5,2.02,1.98,50.5,49.5,202.0,49.005337214944205,274,101,0.0
1884,101,99,50.5,2.02,1.98,50.5,49.5,202.0,49.005337214944205,274,101,0.0
1885,101,99,50.5,2.02,1.98,50.5,49.5,202.0,49.005337214944205,274,101,0.0
1886,101,99,50.5,2.02,1.98,50.5,49.5,202.0,49.005337214944205,274,101,0.0
1887,101,99,50.5,2.02,1.98,50.5,49.5,202.0,49.005337214944205,274,101,0.0
1888,101,99,50.5,2.02,1.98,50.5,49.5,202.0,49.005337214944205,274,101,0.0
1889,101,99,50.5,2.02,1.98,50.5,49.5,202.0,49.005337214944205,274,101,0.0
1890,101,99,50.5,2.02,1.98,50.5,49.5,202.0,49.005337214944205,274,101,0.0
1891,101,99,50.5,2.02,1.98,50.5,49.5,202.0,49.005337214944205,274,101,0.0
1892,101,99,50.5,2.02,1.98,50.5,49.5,202.0,49.005337214944205,274,101,0.0
1893,101,99,50.5,2.02,1.98,50.5,49.5,202.0,49.005337214944205,274,101,0.0
1894,101,99,50.5,2.02,1.98,50.5,49.5,202.0,49.005337214944205,274,101,0.0
1895,101,99,50.5,2.02,1.98,50.5,49.5,202.0,49.005337214944205,274,101,0.0
1896,101,99,50.5,2.02,1.98,50.5,49.5,202.0,49.005337214944205,274,101,0.0
1897,101,99,50.5,2.02,1.98,50.5,49.5,202.0,49.005337214944205,274,101,0.0
1898,101,99,50.5,2.02,1.98,50.5,49.5,202.0,49.005337214944205,274,101,0.0
1899,101,99,50.5,2.02,1.98,50.5,49.5,202.0,49.005337214944205,274,101,0.0
1900,101,99,50.5,2.02,1.98,50.5,49.5,202.0,49.005337214944205,274,101,0.0
1901,101,99,50.5,2.02,1.98,50.5,49.5,202.0,49.005337214944205,274,101,0.0
1902,101,99,50.5,2.02,1.98,50.5,49.5,202.0,49.005337214944205,274,101,0.0
1903,101,99,50.5,2.02,1.98,50.5,49.5,202.0,49.005337214944205,274,101,0.0
1904,101,99,50.5,2.02,1.98,50.5,49.5,202.0,49.005337214944205,274,101,0.0
1905,101,99,50.5,2.02,1.98,50.5,49.5,202.0,49.005337214944205,274,101,0.0
1906,101,99,50.5,2.02,1.98,50.5,49.5,202.0,49.005337214944205,274,101,0.0
1907,101,99,50.5,2.02,1.98,50.5,49.5,202.0,49.005337214944205,274,101,0.0
1908,101,99,50.5,2.02,1.98,50.5,49.5,202.0,49.005337214944205,274,101,0.0
1909,101,99,50.5,2.02,1.98,50.5,49.5,202.0,49.005337214944205,274,101,0.0
1910,101,99,50.5,2.02,1.98,50.5,49.5,202.0,49.005337214944205,274,101,0.0
1911,101,99,50.5,2.02,1.98,50.5,49.5,202.0,49.005337214944205,274,101,0.0
1912,101,99,50.5,2.02,1.98,50.5,49.5,202.0,49.005337214944205,274,101,0.0
1913,101,99,50.5,2.02,1.98,50.5,49.5,202.0,49.005337214944205,274,101,0.0
1914,101,99,50.5,2.02,1.98,50.5,49.5,202.0,49.005337214944205,274,101,0.0
1915,101,99,50.5,2.02,1.98,50.5,49.5,202.0,49.005337214944205,274,101,0.0
1916,101,99,50.5,2.02,1.98,50.5,49.5,202.0,49.005337214944205,274,101,0.0
1917,101,99,50.5,2.02,1.98,50.5,49.5,202.0,49.005337214944205,274,101,0.0
1918,101,99,50.5,2.02,1.98,50.5,49.5,202.0,49.005337214944205,274,101,0.0
1919,101,99,50.5,2.02,1.98,50.5,49.5,202.0,49.005337214944205,274,101,0.0
1920,101,99,50.5,2.02,1.98,50.5,49.5,202.0,49.005337214944205,274,101,0.0
1921,101,99,50.5,2.02,1.98,50.5,49.5,202.0,49.005337214944205,274,101,0.0
1922,101,99,50.5,2.02,1.98,50.5,49.5,202.0,49.005337214944205,274,101,0.0
1923,101,99,50.5,2.02,1.98,50.5,49.5,202.0,49.005337214944205,274,101,0.0
1924,101,99,50.5,2.02,1.98,50.5,49.5,202.0,49.005337214944205,274,101,0.0
1925,101,99,50.5,2.02,1.98,50.5,49.5,202.0,49.005337214944205,274,101,0.0
1926,101,99,50.5,2.02,1.98,50.5,49.5,202.0,49.005337214944205,274,101,0.0
1927,101,99,50.5,2.02,1.98,50.5,49.5,202.0,49.005337214944205,274,101,0.0
1928,101,99,50.5,2.02,1.98,50.5,49.5,202.0,49.005337214944205,274,101,0.0
1929,101,99,50.5,2.02,1.98,50.5,49.5,202.0,49.005337214944205,274,101,0.0
1930,101,99,50.5,2.02,1.98,50.5,49.5,202.0,49.005337214944205,274,101,0.0
1931,101,99,50.5,2.02,1.98,50.5,49.5,202.0,49.005337214944205,274,101,0.0
1932,101,99,50.5,2.02,1.98,50.5,49.5,202.0,49.005337214944205,274,101,0.0
1933,101,99,50.5,2.02,1.98,50.5,49.5,202.0,49.005337214944205,274,101,0.0
1934,101,99,50.5,2.02,1.98,50.5,49.5,202.0,49.005337214944205,274,101,0.0
1935,101,99,50.5,2.02,1.98,50.5,49.5,202.0,49.005337214944205,274,101,0.0
1936,101,99,50.5,2.02,1.98,50.5,49.5,202.0,49.005337214944205,274,101,0.0
1937,101,99,50.5,2.02,1.98,50.5,49.5,202.0,49.005337214944205,274,101,0.0
1938,101,99,50.5,2.02,1.98,50.5,49.5,202.0,49.005337214944205,274,101,0.0
1939,101,99,50.5,2.02,1.98,50.5,49.5,202.0,49.005337214944205,274,101,0.0
1940,102,98,51.0,2.04,1.96,51.0,49.0,204.0,49.49053857350801,275,102,2.0
1941,102,98,51.0,2.04,1.96,51.0,49.0,204.0,49.49053857350801,275,102,0.0
1942,102,98,51.0,2.04,1.96,51.0,49.0,204.0,49.49053857350801,275,102,0.0
1943,102,98,51.0,2.04,1.96,51.0,49.0,204.0,49.49053857350801,276,102,0.0
1944,102,98,51.0,2.04,1.96,51.0,49.0,204.0,49.49053857350801,277,102,0.0
1945,102,98,51.0,2.04,1.96,51.0,49.0,204.0,49.49053857350801,278,102,0.0
1946,102,98,51.0,2.04,1.96,51.0,49.0,204.0,49.49053857350801,279,102,0.0
1947,102,98,51.0,2.04,1.96,51.0,49.0,204.0,49.49053857350801,280,102,0.0
1948,102,98,51.0,2.04,1.96,51.0,49.0,204.0,49.49053857350801,280,102,0.0
1949,102,98,51.0,2.04,1.96,51.0,49.0,204.0,49.49053857350801,280,102,0.0
1950,102,98,51.0,2.04,1.96,51.0,49.0,204.0,49.49053857350801,280,102,0.0
1951,102,98,51.0,2.04,1.96,51.0,49.0,204.0,49.49053857350801,280,102,0.0
1952,102,98,51.0,2.04,1.96,51.0,49.0,204.0,49.49053857350801,280,102,0.0
1953,102,98,51.0,2.04,1.96,51.0,49.0,204.0,49.49053857350801,280,102,0.0
1954,102,98,51.0,2.04,1.96,51.0,49.0,204.0,49.49053857350801,280,102,0.0
1955,102,98,51.0,2.04,1.96,51.0,49.0,204.0,49.49053857350801,280,102,0.0
1956,102,98,51.0,2.04,1.96,51.0,49.0,204.0,49.49053857350801,280,102,0.0
1957,102,98,51.0,2.04,1.96,51.0,49.0,204.0,49.49053857350801,280,102,0.0
1958,102,98,51.0,2.04,1.96,51.0,49.0,204.0,49.49053857350801,280,102,0.0
1959,102,98,51.0,2.04,1.96,51.0,49.0,204.0,49.49053857350801,280,102,0.0
1960,102,98,51.0,2.04,1.96,51.0,49.0,204.0,49.49053857350801,280,102,0.0
1961,102,98,51.0,2.04,1.96,51.0,49.0,204.0,49.49053857350801,280,102,0.0
1962,102,98,51.0,2.04,1.96,51.0,49.0,204.0,49.49053857350801,280,102,0.0
1963,102,98,51.0,2.04,1.96,51.0,49.0,204.0,49.49053857350801,280,102,0.0
1964,102,98,51.0,2.04,1.96,51.0,49.0,204.0,49.49053857350801,280,102,0.0
1965,102,98,51.0,2.04,1.96,51.0,49.0,204.0,49.49053857350801,280,102,0.0
1966,102,98,51.0,2.04,1.96,51.0,49.0,204.0,49.49053857350801,280,102,0.0
1967,102,98,51.0,2.04,1.96,51.0,49.0,204.0,49.49053857350801,280,102,0.0
1968,102,98,51.0,2.04,1.96,51.0,49.0,204.0,49.49053857350801,280,102,0.0
1969,102,98,51.0,2.04,1.96,51.0,49.0,204.0,49.49053857350801,280,102,0.0
1970,102,98,51.0,2.04,1.96,51.0,49.0,204.0,49.49053857350801,280,102,0.0
1971,102,98,51.0,2.04,1.96,51.0,49.0,204.0,49.49053857350801,280,102,0.0
1972,102,98,51.0,2.04,1.96,51.0,49.0,204.0,49.49053857350801,280,102,0.0
1973,102,98,51.0,2.04,1.96,51.0,49.0,204.0,49.49053857350801,280,102,0.0
1974,102,98,51.0,2.04,1.96,51.0,49.0,204.0,49.49053857350801,280,102,0.0
1975,102,98,51.0,2.04,1.96,51.0,49.0,204.0,49.49053857350801,280,102,0.0
1976,102,98,51.0,2.04,1.96,51.0,49.0,204.0,49.49053857350801,280,102,0.0
1977,102,98,51.0,2.04,1.96,51.0,49.0,204.0,49.49053857350801,280,102,0.0
1978,102,98,51.0,2.04,1.96,51.0,49.0,204.0,49.49053857350801,280,102,0.0
1979,102,98,51.0,2.04,1.96,51.0,49.0,204.0,49.49053857350801,280,102,0.0
1980,102,98,51.0,2.04,1.96,51.0,49.0,204.0,49.49053857350801,280,102,0.0
1981,102,98,51.0,2.04,1.96,51.0,49.0,204.0,49.49053857350801,280,102,0.0
1982,102,98,51.0,2.04,1.96,51.0,49.0,204.0,49.49053857350801,280,102,0.0
1983,102,98,51.0,2.04,1.96,51.0,49.0,204.0,49.49053857350801,280,102,0.0
1984,102,98,51.0,2.04,1.96,51.0,49.0,204.0,49.49053857350801,280,102,0.0
1985,102,98,51.0,2.04,1.96,51.0,49.0,204.0,49.49053857350801,280,102,0.0
1986,102,98,51.0,2.04,1.96,51.0,49.0,204.0,49.49053857350801,280,102,0.0
1987,102,98,51.0,2.04,1.96,51.0,49.0,204.0,49.49053857350801,280,102,0.0
1988,102,98,51.0,2.04,1.96,51.0,49.0,204.0,49.49053857350801,280,102,0.0
1989,102,98,51.0,2.04,1.96,51.0,49.0,204.0,49.49053857350801,280,102,0.0
1990,102,98,51.0,2.04,1.96,51.0,49.0,204.0,49.49053857350801,280,102,0.0
1991,102,98,51.0,2.04,1.96,51.0,49.0,204.0,49.49053857350801,280,102,0.0
1992,102,98,51.0,2.04,1.96,51.0,49.0,204.0,49.49053857350801,280,102,0.0
1993,102,98,51.0,2.04,1.96,51.0,49.0,204.0,49.49053857350801,280,102,0.0
1994,102,98,51.0,2.04,1.96,51.0,49.0,204.0,49.49053857350801,280,102,0.0
1995,102,98,51.0,2.04,1.96,51.0,49.0,204.0,49.49053857350801,280,102,0.0
1996,102,98,51.0,2.04,1.96,51.0,49.0,204.0,49.49053857350801,280,102,0.0
1997,102,98,51.0,2.04,1.96,51.0,49.0,204.0,49.49053857350801,280,102,0.0
1998,102,98,51.0,2.04,1.96,51.0,49.0,204.0,49.49053857350801,280,102,0.0
1999,102,98,51.0,2.04,1.96,51.0,49.0,204.0,49.49053857350801,280,102,0.0
2000,102,98,51.0,2.04,1.96,51.0,49.0,204.0,49.49053857350801,280,102,0.0
