step,n_adsorbed,n_free,percent_adsorbed,m_adsorbed_mg,m_free_mg,c_pdf_mg_l,c_remaining_mg_l,qt_mg_g,percent_qmax,n_contacts,n_adsorption_events,dqt_per_step
0,0,200,0.0,0.0,4.0,0.0,100.0,0.0,0.0,0,0,0.0
1,0,200,0.0,0.0,4.0,0.0,100.0,0.0,0.0,0,0,0.0
2,0,200,0.0,0.0,4.0,0.0,100.0,0.0,0.0,0,0,0.0
3,0,200,0.0,0.0,4.0,0.0,100.0,0.0,0.0,0,0,0.0
4,0,200,0.0,0.0,4.0,0.0,100.0,0.0,0.0,0,0,0.0
5,0,200,0.0,0.0,4.0,0.0,100.0,0.0,0.0,1,0,0.0
6,0,200,0.0,0.0,4.0,0.0,100.0,0.0,0.0,1,0,0.0
7,1,199,0.5,0.02,3.98,0.5,99.5,2.0,0.48520135856380403,4,1,2.0
8,1,199,0.5,0.02,3.98,0.5,99.5,2.0,0.48520135856380403,4,1,0.0
9,1,199,0.5,0.02,3.98,0.5,99.5,2.0,0.48520135856380403,5,1,0.0
10,1,199,0.5,0.02,3.98,0.5,99.5,2.0,0.48520135856380403,5,1,0.0
11,1,199,0.5,0.02,3.98,0.5,99.5,2.0,0.48520135856380403,5,1,0.0
12,1,199,0.5,0.02,3.98,0.5,99.5,2.0,0.48520135856380403,6,1,0.0
13,1,199,0.5,0.02,3.98,0.5,99.5,2.0,0.48520135856380403,6,1,0.0
14,1,199,0.5,0.02,3.98,0.5,99.5,2.0,0.48520135856380403,6,1,0.0
15,1,199,0.5,0.02,3.98,0.5,99.5,2.0,0.48520135856380403,6,1,0.0
16,1,199,0.5,0.02,3.98,0.5,99.5,2.0,0.48520135856380403,6,1,0.0
17,1,199,0.5,0.02,3.98,0.5,99.5,2.0,0.48520135856380403,6,1,0.0
18,1,199,0.5,0.02,3.98,0.5,99.5,2.0,0.48520135856380403,6,1,0.0
19,1,199,0.5,0.02,3.98,0.5,99.5,2.0,0.48520135856380403,7,1,0.0
20,1,199,0.5,0.02,3.98,0.5,99.5,2.0,0.48520135856380403,7,1,0.0
21,1,199,0.5,0.02,3.98,0.5,99.5,2.0,0.48520135856380403,8,1,0.0
22,1,199,0.5,0.02,3.98,0.5,99.5,2.0,0.48520135856380403,8,1,0.0
23,1,199,0.5,0.02,3.98,0.5,99.5,2.0,0.48520135856380403,8,1,0.0
24,1,199,0.5,0.02,3.98,0.5,99.5,2.0,0.48520135856380403,8,1,0.0
25,1,199,0.5,0.02,3.98,0.5,99.5,2.0,0.48520135856380403,8,1,0.0
26,1,199,0.5,0.02,3.98,0.5,99.5,2.0,0.48520135856380403,8,1,0.0
27,1,199,0.5,0.02,3.98,0.5,99.5,2.0,0.48520135856380403,8,1,0.0
28,1,199,0.5,0.02,3.98,0.5,99.5,2.0,0.48520135856380403,8,1,0.0
29,1,199,0.5,0.02,3.98,0.5,99.5,2.0,0.48520135856380403,8,1,0.0
30,1,199,0.5,0.02,3.98,0.5,99.5,2.0,0.48520135856380403,8,1,0.0
31,1,199,0.5,0.02,3.98,0.5,99.5,2.0,0.48520135856380403,8,1,0.0
32,1,199,0.5,0.02,3.98,0.5,99.5,2.0,0.48520135856380403,8,1,0.0
33,1,199,0.5,0.02,3.98,0.5,99.5,2.0,0.48520135856380403,9,1,0.0
34,1,199,0.5,0.02,3.98,0.5,99.5,2.0,0.48520135856380403,10,1,0.0
35,1,199,0.5,0.02,3.98,0.5,99.5,2.0,0.48520135856380403,11,1,0.0
36,1,199,0.5,0.02,3.98,0.5,99.5,2.0,0.48520135856380403,12,1,0.0
37,2,198,1.0,0.04,3.96,1.0,99.0,4.0,0.9704027171276081,13,2,2.0
38,2,198,1.0,0.04,3.96,1.0,99.0,4.0,0.9704027171276081,13,2,0.0
39,2,198,1.0,0.04,3.96,1.0,99.0,4.0,0.9704027171276081,13,2,0.0
40,2,198,1.0,0.04,3.96,1.0,99.0,4.0,0.9704027171276081,14,2,0.0
41,2,198,1.0,0.04,3.96,1.0,99.0,4.0,0.9704027171276081,14,2,0.0
42,2,198,1.0,0.04,3.96,1.0,99.0,4.0,0.9704027171276081,15,2,0.0
43,2,198,1.0,0.04,3.96,1.0,99.0,4.0,0.9704027171276081,15,2,0.0
44,2,198,1.0,0.04,3.96,1.0,99.0,4.0,0.9704027171276081,17,2,0.0
45,2,198,1.0,0.04,3.96,1.0,99.0,4.0,0.9704027171276081,17,2,0.0
46,2,198,1.0,0.04,3.96,1.0,99.0,4.0,0.9704027171276081,17,2,0.0
47,2,198,1.0,0.04,3.96,1.0,99.0,4.0,0.9704027171276081,17,2,0.0
48,2,198,1.0,0.04,3.96,1.0,99.0,4.0,0.9704027171276081,18,2,0.0
49,2,198,1.0,0.04,3.96,1.0,99.0,4.0,0.9704027171276081,18,2,0.0
50,2,198,1.0,0.04,3.96,1.0,99.0,4.0,0.9704027171276081,19,2,0.0
51,2,198,1.0,0.04,3.96,1.0,99.0,4.0,0.9704027171276081,20,2,0.0
52,2,198,1.0,0.04,3.96,1.0,99.0,4.0,0.9704027171276081,20,2,0.0
53,2,198,1.0,0.04,3.96,1.0,99.0,4.0,0.9704027171276081,20,2,0.0
54,2,198,1.0,0.04,3.96,1.0,99.0,4.0,0.9704027171276081,20,2,0.0
55,2,198,1.0,0.04,3.96,1.0,99.0,4.0,0.9704027171276081,21,2,0.0
56,2,198,1.0,0.04,3.96,1.0,99.0,4.0,0.9704027171276081,21,2,0.0
57,2,198,1.0,0.04,3.96,1.0,99.0,4.0,0.9704027171276081,21,2,0.0
58,2,198,1.0,0.04,3.96,1.0,99.0,4.0,0.9704027171276081,21,2,0.0
59,2,198,1.0,0.04,3.96,1.0,99.0,4.0,0.9704027171276081,22,2,0.0
60,2,198,1.0,0.04,3.96,1.0,99.0,4.0,0.9704027171276081,23,2,0.0
61,3,197,1.5,0.06,3.94,1.5,98.5,6.0,1.455604075691412,24,3,2.0
62,3,197,1.5,0.06,3.94,1.5,98.5,6.0,1.455604075691412,24,3,0.0
63,3,197,1.5,0.06,3.94,1.5,98.5,6.0,1.455604075691412,24,3,0.0
64,3,197,1.5,0.06,3.94,1.5,98.5,6.0,1.455604075691412,24,3,0.0
65,3,197,1.5,0.06,3.94,1.5,98.5,6.0,1.455604075691412,25,3,0.0
66,3,197,1.5,0.06,3.94,1.5,98.5,6.0,1.455604075691412,26,3,0.0
67,4,196,2.0,0.08,3.92,2.0,98.0,8.0,1.9408054342552161,27,4,2.0
68,4,196,2.0,0.08,3.92,2.0,98.0,8.0,1.9408054342552161,27,4,0.0
69,4,196,2.0,0.08,3.92,2.0,98.0,8.0,1.9408054342552161,27,4,0.0
70,4,196,2.0,0.08,3.92,2.0,98.0,8.0,1.9408054342552161,27,4,0.0
71,4,196,2.0,0.08,3.92,2.0,98.0,8.0,1.9408054342552161,27,4,0.0
72,4,196,2.0,0.08,3.92,2.0,98.0,8.0,1.9408054342552161,28,4,0.0
73,4,196,2.0,0.08,3.92,2.0,98.0,8.0,1.9408054342552161,28,4,0.0
74,4,196,2.0,0.08,3.92,2.0,98.0,8.0,1.9408054342552161,29,4,0.0
75,4,196,2.0,0.08,3.92,2.0,98.0,8.0,1.9408054342552161,30,4,0.0
76,4,196,2.0,0.08,3.92,2.0,98.0,8.0,1.9408054342552161,31,4,0.0
77,4,196,2.0,0.08,3.92,2.0,98.0,8.0,1.9408054342552161,31,4,0.0
78,4,196,2.0,0.08,3.92,2.0,98.0,8.0,1.9408054342552161,31,4,0.0
79,4,196,2.0,0.08,3.92,2.0,98.0,8.0,1.9408054342552161,31,4,0.0
80,4,196,2.0,0.08,3.92,2.0,98.0,8.0,1.9408054342552161,31,4,0.0
81,4,196,2.0,0.08,3.92,2.0,98.0,8.0,1.9408054342552161,33,4,0.0
82,4,196,2.0,0.08,3.92,2.0,98.0,8.0,1.9408054342552161,34,4,0.0
83,4,196,2.0,0.08,3.92,2.0,98.0,8.0,1.9408054342552161,35,4,0.0
84,5,195,2.5,0.1,3.9,2.5,97.5,10.0,2.42600679281902,36,5,2.0
85,5,195,2.5,0.1,3.9,2.5,97.5,10.0,2.42600679281902,36,5,0.0
86,5,195,2.5,0.1,3.9,2.5,97.5,10.0,2.42600679281902,36,5,0.0
87,5,195,2.5,0.1,3.9,2.5,97.5,10.0,2.42600679281902,36,5,0.0
88,6,194,3.0,0.12,3.88,3.0,97.0,12.0,2.911208151382824,37,6,2.0
89,6,194,3.0,0.12,3.88,3.0,97.0,12.0,2.911208151382824,37,6,0.0
90,6,194,3.0,0.12,3.88,3.0,97.0,12.0,2.911208151382824,37,6,0.0
91,6,194,3.0,0.12,3.88,3.0,97.0,12.0,2.911208151382824,37,6,0.0
92,6,194,3.0,0.12,3.88,3.0,97.0,12.0,2.911208151382824,37,6,0.0
93,6,194,3.0,0.12,3.88,3.0,97.0,12.0,2.911208151382824,37,6,0.0
94,6,194,3.0,0.12,3.88,3.0,97.0,12.0,2.911208151382824,37,6,0.0
95,6,194,3.0,0.12,3.88,3.0,97.0,12.0,2.911208151382824,37,6,0.0
96,6,194,3.0,0.12,3.88,3.0,97.0,12.0,2.911208151382824,37,6,0.0
97,6,194,3.0,0.12,3.88,3.0,97.0,12.0,2.911208151382824,37,6,0.0
98,6,194,3.0,0.12,3.88,3.0,97.0,12.0,2.911208151382824,37,6,0.0
99,6,194,3.0,0.12,3.88,3.0,97.0,12.0,2.911208151382824,37,6,0.0
100,7,193,3.5000000000000004,0.14,3.86,3.5000000000000004,96.5,14.000000000000002,3.3964095099466283,38,7,2.0000000000000018
101,7,193,3.5000000000000004,0.14,3.86,3.5000000000000004,96.5,14.000000000000002,3.3964095099466283,39,7,0.0
102,7,193,3.5000000000000004,0.14,3.86,3.5000000000000004,96.5,14.000000000000002,3.3964095099466283,39,7,0.0
103,7,193,3.5000000000000004,0.14,3.86,3.5000000000000004,96.5,14.000000000000002,3.3964095099466283,39,7,0.0
104,7,193,3.5000000000000004,0.14,3.86,3.5000000000000004,96.5,14.000000000000002,3.3964095099466283,40,7,0.0
105,7,193,3.5000000000000004,0.14,3.86,3.5000000000000004,96.5,14.000000000000002,3.3964095099466283,40,7,0.0
106,7,193,3.5000000000000004,0.14,3.86,3.5000000000000004,96.5,14.000000000000002,3.3964095099466283,41,7,0.0
107,8,192,4.0,0.16,3.84,4.0,96.0,16.0,3.8816108685104322,42,8,1.9999999999999982
108,9,191,4.5,0.18,3.82,4.5,95.5,18.0,4.366812227074236,43,9,2.0
109,9,191,4.5,0.18,3.82,4.5,95.5,18.0,4.366812227074236,43,9,0.0
110,9,191,4.5,0.18,3.82,4.5,95.5,18.0,4.366812227074236,43,9,0.0
111,9,191,4.5,0.18,3.82,4.5,95.5,18.0,4.366812227074236,43,9,0.0
112,9,191,4.5,0.18,3.82,4.5,95.5,18.0,4.366812227074236,44,9,0.0
113,9,191,4.5,0.18,3.82,4.5,95.5,18.0,4.366812227074236,44,9,0.0
114,9,191,4.5,0.18,3.82,4.5,95.5,18.0,4.366812227074236,44,9,0.0
115,9,191,4.5,0.18,3.82,4.5,95.5,18.0,4.366812227074236,44,9,0.0
116,9,191,4.5,0.18,3.82,4.5,95.5,18.0,4.366812227074236,46,9,0.0
117,10,190,5.0,0.2,3.8,5.0,95.0,20.0,4.85201358563804,47,10,2.0
118,10,190,5.0,0.2,3.8,5.0,95.0,20.0,4.85201358563804,47,10,0.0
119,10,190,5.0,0.2,3.8,5.0,95.0,20.0,4.85201358563804,47,10,0.0
120,10,190,5.0,0.2,3.8,5.0,95.0,20.0,4.85201358563804,47,10,0.0
121,10,190,5.0,0.2,3.8,5.0,95.0,20.0,4.85201358563804,47,10,0.0
122,11,189,5.5,0.22,3.78,5.5,94.5,22.0,5.337214944201843,49,11,2.0
123,11,189,5.5,0.22,3.78,5.5,94.5,22.0,5.337214944201843,49,11,0.0
124,11,189,5.5,0.22,3.78,5.5,94.5,22.0,5.337214944201843,49,11,0.0
125,11,189,5.5,0.22,3.78,5.5,94.5,22.0,5.337214944201843,49,11,0.0
126,12,188,6.0,0.24,3.76,6.0,93.99999999999999,24.0,5.822416302765648,50,12,2.0
127,12,188,6.0,0.24,3.76,6.0,93.99999999999999,24.0,5.822416302765648,50,12,0.0
128,12,188,6.0,0.24,3.76,6.0,93.99999999999999,24.0,5.822416302765648,50,12,0.0
129,12,188,6.0,0.24,3.76,6.0,93.99999999999999,24.0,5.822416302765648,50,12,0.0
130,12,188,6.0,0.24,3.76,6.0,93.99999999999999,24.0,5.822416302765648,50,12,0.0
131,12,188,6.0,0.24,3.76,6.0,93.99999999999999,24.0,5.822416302765648,50,12,0.0
132,12,188,6.0,0.24,3.76,6.0,93.99999999999999,24.0,5.822416302765648,50,12,0.0
133,12,188,6.0,0.24,3.76,6.0,93.99999999999999,24.0,5.822416302765648,50,12,0.0
134,12,188,6.0,0.24,3.76,6.0,93.99999999999999,24.0,5.822416302765648,51,12,0.0
135,13,187,6.5,0.26,3.74,6.5,93.5,26.0,6.307617661329452,52,13,2.0
136,13,187,6.5,0.26,3.74,6.5,93.5,26.0,6.307617661329452,52,13,0.0
137,13,187,6.5,0.26,3.74,6.5,93.5,26.0,6.307617661329452,52,13,0.0
138,13,187,6.5,0.26,3.74,6.5,93.5,26.0,6.307617661329452,52,13,0.0
139,14,186,7.000000000000001,0.28,3.7199999999999998,7.000000000000001,92.99999999999999,28.000000000000004,6.7928190198932565,54,14,2.0000000000000036
140,14,186,7.000000000000001,0.28,3.7199999999999998,7.000000000000001,92.99999999999999,28.000000000000004,6.7928190198932565,54,14,0.0
141,14,186,7.000000000000001,0.28,3.7199999999999998,7.000000000000001,92.99999999999999,28.000000000000004,6.7928190198932565,54,14,0.0
142,14,186,7.000000000000001,0.28,3.7199999999999998,7.000000000000001,92.99999999999999,28.000000000000004,6.7928190198932565,54,14,0.0
143,14,186,7.000000000000001,0.28,3.7199999999999998,7.000000000000001,92.99999999999999,28.000000000000004,6.7928190198932565,54,14,0.0
144,14,186,7.000000000000001,0.28,3.7199999999999998,7.000000000000001,92.99999999999999,28.000000000000004,6.7928190198932565,54,14,0.0
145,14,186,7.000000000000001,0.28,3.7199999999999998,7.000000000000001,92.99999999999999,28.000000000000004,6.7928190198932565,54,14,0.0
146,14,186,7.000000000000001,0.28,3.7199999999999998,7.000000000000001,92.99999999999999,28.000000000000004,6.7928190198932565,54,14,0.0
147,14,186,7.000000000000001,0.28,3.7199999999999998,7.000000000000001,92.99999999999999,28.000000000000004,6.7928190198932565,54,14,0.0
148,14,186,7.000000000000001,0.28,3.7199999999999998,7.000000000000001,92.99999999999999,28.000000000000004,6.7928190198932565,55,14,0.0
149,14,186,7.000000000000001,0.28,3.7199999999999998,7.000000000000001,92.99999999999999,28.000000000000004,6.7928190198932565,56,14,0.0
150,14,186,7.000000000000001,0.28,3.7199999999999998,7.000000000000001,92.99999999999999,28.000000000000004,6.7928190198932565,56,14,0.0
151,14,186,7.000000000000001,0.28,3.7199999999999998,7.000000000000001,92.99999999999999,28.000000000000004,6.7928190198932565,56,14,0.0
152,14,186,7.000000000000001,0.28,3.7199999999999998,7.000000000000001,92.99999999999999,28.000000000000004,6.7928190198932565,56,14,0.0
153,15,185,7.5,0.3,3.7,7.5,92.5,30.0,7.27802037845706,57,15,1.9999999999999964
154,15,185,7.5,0.3,3.7,7.5,92.5,30.0,7.27802037845706,57,15,0.0
155,15,185,7.5,0.3,3.7,7.5,92.5,30.0,7.27802037845706,57,15,0.0
156,15,185,7.5,0.3,3.7,7.5,92.5,30.0,7.27802037845706,58,15,0.0
157,15,185,7.5,0.3,3.7,7.5,92.5,30.0,7.27802037845706,58,15,0.0
158,15,185,7.5,0.3,3.7,7.5,92.5,30.0,7.27802037845706,58,15,0.0
159,15,185,7.5,0.3,3.7,7.5,92.5,30.0,7.27802037845706,58,15,0.0
160,15,185,7.5,0.3,3.7,7.5,92.5,30.0,7.27802037845706,58,15,0.0
161,15,185,7.5,0.3,3.7,7.5,92.5,30.0,7.27802037845706,58,15,0.0
162,15,185,7.5,0.3,3.7,7.5,92.5,30.0,7.27802037845706,59,15,0.0
163,15,185,7.5,0.3,3.7,7.5,92.5,30.0,7.27802037845706,59,15,0.0
164,16,184,8.0,0.32,3.68,8.0,92.0,32.0,7.7632217370208645,60,16,2.0
165,16,184,8.0,0.32,3.68,8.0,92.0,32.0,7.7632217370208645,60,16,0.0
166,16,184,8.0,0.32,3.68,8.0,92.0,32.0,7.7632217370208645,60,16,0.0
167,16,184,8.0,0.32,3.68,8.0,92.0,32.0,7.7632217370208645,60,16,0.0
168,17,183,8.5,0.34,3.66,8.5,91.5,34.0,8.248423095584668,62,17,2.0
169,17,183,8.5,0.34,3.66,8.5,91.5,34.0,8.248423095584668,62,17,0.0
170,17,183,8.5,0.34,3.66,8.5,91.5,34.0,8.248423095584668,62,17,0.0
171,17,183,8.5,0.34,3.66,8.5,91.5,34.0,8.248423095584668,63,17,0.0
172,17,183,8.5,0.34,3.66,8.5,91.5,34.0,8.248423095584668,64,17,0.0
173,17,183,8.5,0.34,3.66,8.5,91.5,34.0,8.248423095584668,65,17,0.0
174,17,183,8.5,0.34,3.66,8.5,91.5,34.0,8.248423095584668,66,17,0.0
175,17,183,8.5,0.34,3.66,8.5,91.5,34.0,8.248423095584668,68,17,0.0
176,17,183,8.5,0.34,3.66,8.5,91.5,34.0,8.248423095584668,69,17,0.0
177,17,183,8.5,0.34,3.66,8.5,91.5,34.0,8.248423095584668,69,17,0.0
178,17,183,8.5,0.34,3.66,8.5,91.5,34.0,8.248423095584668,69,17,0.0
179,17,183,8.5,0.34,3.66,8.5,91.5,34.0,8.248423095584668,69,17,0.0
180,17,183,8.5,0.34,3.66,8.5,91.5,34.0,8.248423095584668,70,17,0.0
181,17,183,8.5,0.34,3.66,8.5,91.5,34.0,8.248423095584668,70,17,0.0
182,18,182,9.0,0.36,3.64,9.0,91.0,36.0,8.733624454148472,72,18,2.0
183,18,182,9.0,0.36,3.64,9.0,91.0,36.0,8.733624454148472,72,18,0.0
184,18,182,9.0,0.36,3.64,9.0,91.0,36.0,8.733624454148472,73,18,0.0
185,18,182,9.0,0.36,3.64,9.0,91.0,36.0,8.733624454148472,73,18,0.0
186,20,180,10.0,0.4,3.6,10.0,90.0,40.0,9.70402717127608,75,20,4.0
187,20,180,10.0,0.4,3.6,10.0,90.0,40.0,9.70402717127608,75,20,0.0
188,20,180,10.0,0.4,3.6,10.0,90.0,40.0,9.70402717127608,75,20,0.0
189,20,180,10.0,0.4,3.6,10.0,90.0,40.0,9.70402717127608,75,20,0.0
190,20,180,10.0,0.4,3.6,10.0,90.0,40.0,9.70402717127608,75,20,0.0
191,20,180,10.0,0.4,3.6,10.0,90.0,40.0,9.70402717127608,75,20,0.0
192,20,180,10.0,0.4,3.6,10.0,90.0,40.0,9.70402717127608,75,20,0.0
193,20,180,10.0,0.4,3.6,10.0,90.0,40.0,9.70402717127608,75,20,0.0
194,20,180,10.0,0.4,3.6,10.0,90.0,40.0,9.70402717127608,75,20,0.0
195,20,180,10.0,0.4,3.6,10.0,90.0,40.0,9.70402717127608,76,20,0.0
196,20,180,10.0,0.4,3.6,10.0,90.0,40.0,9.70402717127608,77,20,0.0
197,20,180,10.0,0.4,3.6,10.0,90.0,40.0,9.70402717127608,78,20,0.0
198,21,179,10.5,0.42,3.58,10.5,89.5,42.0,10.189228529839884,79,21,2.0
199,21,179,10.5,0.42,3.58,10.5,89.5,42.0,10.189228529839884,79,21,0.0
200,22,178,11.0,0.44,3.56,11.0,89.0,44.0,10.674429888403687,80,22,2.0
201,22,178,11.0,0.44,3.56,11.0,89.0,44.0,10.674429888403687,80,22,0.0
202,22,178,11.0,0.44,3.56,11.0,89.0,44.0,10.674429888403687,80,22,0.0
203,23,177,11.5,0.46,3.54,11.5,88.5,46.0,11.159631246967491,82,23,2.0
204,23,177,11.5,0.46,3.54,11.5,88.5,46.0,11.159631246967491,84,23,0.0
205,23,177,11.5,0.46,3.54,11.5,88.5,46.0,11.159631246967491,85,23,0.0
206,23,177,11.5,0.46,3.54,11.5,88.5,46.0,11.159631246967491,86,23,0.0
207,23,177,11.5,0.46,3.54,11.5,88.5,46.0,11.159631246967491,87,23,0.0
208,23,177,11.5,0.46,3.54,11.5,88.5,46.0,11.159631246967491,88,23,0.0
209,23,177,11.5,0.46,3.54,11.5,88.5,46.0,11.159631246967491,88,23,0.0
210,23,177,11.5,0.46,3.54,11.5,88.5,46.0,11.159631246967491,89,23,0.0
211,23,177,11.5,0.46,3.54,11.5,88.5,46.0,11.159631246967491,91,23,0.0
212,24,176,12.0,0.48,3.52,12.0,88.0,48.0,11.644832605531295,92,24,2.0
213,24,176,12.0,0.48,3.52,12.0,88.0,48.0,11.644832605531295,92,24,0.0
214,24,176,12.0,0.48,3.52,12.0,88.0,48.0,11.644832605531295,92,24,0.0
215,24,176,12.0,0.48,3.52,12.0,88.0,48.0,11.644832605531295,92,24,0.0
216,24,176,12.0,0.48,3.52,12.0,88.0,48.0,11.644832605531295,92,24,0.0
217,24,176,12.0,0.48,3.52,12.0,88.0,48.0,11.644832605531295,92,24,0.0
218,24,176,12.0,0.48,3.52,12.0,88.0,48.0,11.644832605531295,92,24,0.0
219,24,176,12.0,0.48,3.52,12.0,88.0,48.0,11.644832605531295,92,24,0.0
220,24,176,12.0,0.48,3.52,12.0,88.0,48.0,11.644832605531295,92,24,0.0
221,25,175,12.5,0.5,3.5,12.5,87.5,50.0,12.1300339640951,93,25,2.0
222,25,175,12.5,0.5,3.5,12.5,87.5,50.0,12.1300339640951,93,25,0.0
223,25,175,12.5,0.5,3.5,12.5,87.5,50.0,12.1300339640951,93,25,0.0
224,25,175,12.5,0.5,3.5,12.5,87.5,50.0,12.1300339640951,93,25,0.0
225,25,175,12.5,0.5,3.5,12.5,87.5,50.0,12.1300339640951,93,25,0.0
226,25,175,12.5,0.5,3.5,12.5,87.5,50.0,12.1300339640951,93,25,0.0
227,25,175,12.5,0.5,3.5,12.5,87.5,50.0,12.1300339640951,93,25,0.0
228,25,175,12.5,0.5,3.5,12.5,87.5,50.0,12.1300339640951,93,25,0.0
229,25,175,12.5,0.5,3.5,12.5,87.5,50.0,12.1300339640951,93,25,0.0
230,25,175,12.5,0.5,3.5,12.5,87.5,50.0,12.1300339640951,93,25,0.0
231,25,175,12.5,0.5,3.5,12.5,87.5,50.0,12.1300339640951,94,25,0.0
232,25,175,12.5,0.5,3.5,12.5,87.5,50.0,12.1300339640951,94,25,0.0
233,25,175,12.5,0.5,3.5,12.5,87.5,50.0,12.1300339640951,95,25,0.0
234,25,175,12.5,0.5,3.5,12.5,87.5,50.0,12.1300339640951,95,25,0.0
235,25,175,12.5,0.5,3.5,12.5,87.5,50.0,12.1300339640951,95,25,0.0
236,25,175,12.5,0.5,3.5,12.5,87.5,50.0,12.1300339640951,95,25,0.0
237,25,175,12.5,0.5,3.5,12.5,87.5,50.0,12.1300339640951,96,25,0.0
238,25,175,12.5,0.5,3.5,12.5,87.5,50.0,12.1300339640951,97,25,0.0
239,25,175,12.5,0.5,3.5,12.5,87.5,50.0,12.1300339640951,97,25,0.0
240,25,175,12.5,0.5,3.5,12.5,87.5,50.0,12.1300339640951,98,25,0.0
241,25,175,12.5,0.5,3.5,12.5,87.5,50.0,12.1300339640951,98,25,0.0
242,25,175,12.5,0.5,3.5,12.5,87.5,50.0,12.1300339640951,99,25,0.0
243,25,175,12.5,0.5,3.5,12.5,87.5,50.0,12.1300339640951,101,25,0.0
244,25,175,12.5,0.5,3.5,12.5,87.5,50.0,12.1300339640951,102,25,0.0
245,25,175,12.5,0.5,3.5,12.5,87.5,50.0,12.1300339640951,103,25,0.0
246,25,175,12.5,0.5,3.5,12.5,87.5,50.0,12.1300339640951,103,25,0.0
247,25,175,12.5,0.5,3.5,12.5,87.5,50.0,12.1300339640951,103,25,0.0
248,25,175,12.5,0.5,3.5,12.5,87.5,50.0,12.1300339640951,103,25,0.0
249,25,175,12.5,0.5,3.5,12.5,87.5,50.0,12.1300339640951,104,25,0.0
250,27,173,13.5,0.54,3.46,13.5,86.5,54.0,13.100436681222707,106,27,4.0
251,27,173,13.5,0.54,3.46,13.5,86.5,54.0,13.100436681222707,106,27,0.0
252,27,173,13.5,0.54,3.46,13.5,86.5,54.0,13.100436681222707,106,27,0.0
253,27,173,13.5,0.54,3.46,13.5,86.5,54.0,13.100436681222707,106,27,0.0
254,27,173,13.5,0.54,3.46,13.5,86.5,54.0,13.100436681222707,106,27,0.0
255,27,173,13.5,0.54,3.46,13.5,86.5,54.0,13.100436681222707,107,27,0.0
256,27,173,13.5,0.54,3.46,13.5,86.5,54.0,13.100436681222707,108,27,0.0
257,27,173,13.5,0.54,3.46,13.5,86.5,54.0,13.100436681222707,110,27,0.0
258,27,173,13.5,0.54,3.46,13.5,86.5,54.0,13.100436681222707,110,27,0.0
259,27,173,13.5,0.54,3.46,13.5,86.5,54.0,13.100436681222707,110,27,0.0
260,27,173,13.5,0.54,3.46,13.5,86.5,54.0,13.100436681222707,110,27,0.0
261,27,173,13.5,0.54,3.46,13.5,86.5,54.0,13.100436681222707,110,27,0.0
262,27,173,13.5,0.54,3.46,13.5,86.5,54.0,13.100436681222707,110,27,0.0
263,27,173,13.5,0.54,3.46,13.5,86.5,54.0,13.100436681222707,110,27,0.0
264,27,173,13.5,0.54,3.46,13.5,86.5,54.0,13.100436681222707,110,27,0.0
265,28,172,14.000000000000002,0.56,3.44,14.000000000000002,86.0,56.00000000000001,13.585638039786513,111,28,2.000000000000007
266,28,172,14.000000000000002,0.56,3.44,14.000000000000002,86.0,56.00000000000001,13.585638039786513,111,28,0.0
267,28,172,14.000000000000002,0.56,3.44,14.000000000000002,86.0,56.00000000000001,13.585638039786513,111,28,0.0
268,28,172,14.000000000000002,0.56,3.44,14.000000000000002,86.0,56.00000000000001,13.585638039786513,112,28,0.0
269,28,172,14.000000000000002,0.56,3.44,14.000000000000002,86.0,56.00000000000001,13.585638039786513,113,28,0.0
270,28,172,14.000000000000002,0.56,3.44,14.000000000000002,86.0,56.00000000000001,13.585638039786513,114,28,0.0
271,28,172,14.000000000000002,0.56,3.44,14.000000000000002,86.0,56.00000000000001,13.585638039786513,114,28,0.0
272,28,172,14.000000000000002,0.56,3.44,14.000000000000002,86.0,56.00000000000001,13.585638039786513,114,28,0.0
273,28,172,14.000000000000002,0.56,3.44,14.000000000000002,86.0,56.00000000000001,13.585638039786513,114,28,0.0
274,28,172,14.000000000000002,0.56,3.44,14.000000000000002,86.0,56.00000000000001,13.585638039786513,114,28,0.0
275,28,172,14.000000000000002,0.56,3.44,14.000000000000002,86.0,56.00000000000001,13.585638039786513,114,28,0.0
276,28,172,14.000000000000002,0.56,3.44,14.000000000000002,86.0,56.00000000000001,13.585638039786513,114,28,0.0
277,28,172,14.000000000000002,0.56,3.44,14.000000000000002,86.0,56.00000000000001,13.585638039786513,114,28,0.0
278,28,172,14.000000000000002,0.56,3.44,14.000000000000002,86.0,56.00000000000001,13.585638039786513,114,28,0.0
279,28,172,14.000000000000002,0.56,3.44,14.000000000000002,86.0,56.00000000000001,13.585638039786513,115,28,0.0
280,28,172,14.000000000000002,0.56,3.44,14.000000000000002,86.0,56.00000000000001,13.585638039786513,115,28,0.0
281,28,172,14.000000000000002,0.56,3.44,14.000000000000002,86.0,56.00000000000001,13.585638039786513,115,28,0.0
282,28,172,14.000000000000002,0.56,3.44,14.000000000000002,86.0,56.00000000000001,13.585638039786513,115,28,0.0
283,28,172,14.000000000000002,0.56,3.44,14.000000000000002,86.0,56.00000000000001,13.585638039786513,115,28,0.0
284,29,171,14.499999999999998,0.58,3.42,14.499999999999998,85.5,57.99999999999999,14.070839398350312,116,29,1.9999999999999858
285,29,171,14.499999999999998,0.58,3.42,14.499999999999998,85.5,57.99999999999999,14.070839398350312,116,29,0.0
286,29,171,14.499999999999998,0.58,3.42,14.499999999999998,85.5,57.99999999999999,14.070839398350312,117,29,0.0
287,29,171,14.499999999999998,0.58,3.42,14.499999999999998,85.5,57.99999999999999,14.070839398350312,117,29,0.0
288,29,171,14.499999999999998,0.58,3.42,14.499999999999998,85.5,57.99999999999999,14.070839398350312,117,29,0.0
289,29,171,14.499999999999998,0.58,3.42,14.499999999999998,85.5,57.99999999999999,14.070839398350312,117,29,0.0
290,29,171,14.499999999999998,0.58,3.42,14.499999999999998,85.5,57.99999999999999,14.070839398350312,117,29,0.0
291,29,171,14.499999999999998,0.58,3.42,14.499999999999998,85.5,57.99999999999999,14.070839398350312,117,29,0.0
292,29,171,14.499999999999998,0.58,3.42,14.499999999999998,85.5,57.99999999999999,14.070839398350312,117,29,0.0
293,29,171,14.499999999999998,0.58,3.42,14.499999999999998,85.5,57.99999999999999,14.070839398350312,117,29,0.0
294,29,171,14.499999999999998,0.58,3.42,14.499999999999998,85.5,57.99999999999999,14.070839398350312,120,29,0.0
295,29,171,14.499999999999998,0.58,3.42,14.499999999999998,85.5,57.99999999999999,14.070839398350312,122,29,0.0
296,29,171,14.499999999999998,0.58,3.42,14.499999999999998,85.5,57.99999999999999,14.070839398350312,122,29,0.0
297,29,171,14.499999999999998,0.58,3.42,14.499999999999998,85.5,57.99999999999999,14.070839398350312,122,29,0.0
298,29,171,14.499999999999998,0.58,3.42,14.499999999999998,85.5,57.99999999999999,14.070839398350312,122,29,0.0
299,29,171,14.499999999999998,0.58,3.42,14.499999999999998,85.5,57.99999999999999,14.070839398350312,122,29,0.0
300,29,171,14.499999999999998,0.58,3.42,14.499999999999998,85.5,57.99999999999999,14.070839398350312,122,29,0.0
301,29,171,14.499999999999998,0.58,3.42,14.499999999999998,85.5,57.99999999999999,14.070839398350312,122,29,0.0
302,29,171,14.499999999999998,0.58,3.42,14.499999999999998,85.5,57.99999999999999,14.070839398350312,122,29,0.0
303,29,171,14.499999999999998,0.58,3.42,14.499999999999998,85.5,57.99999999999999,14.070839398350312,122,29,0.0
304,29,171,14.499999999999998,0.58,3.42,14.499999999999998,85.5,57.99999999999999,14.070839398350312,122,29,0.0
305,29,171,14.499999999999998,0.58,3.42,14.499999999999998,85.5,57.99999999999999,14.070839398350312,123,29,0.0
306,29,171,14.499999999999998,0.58,3.42,14.499999999999998,85.5,57.99999999999999,14.070839398350312,123,29,0.0
307,29,171,14.499999999999998,0.58,3.42,14.499999999999998,85.5,57.99999999999999,14.070839398350312,123,29,0.0
308,29,171,14.499999999999998,0.58,3.42,14.499999999999998,85.5,57.99999999999999,14.070839398350312,123,29,0.0
309,29,171,14.499999999999998,0.58,3.42,14.499999999999998,85.5,57.99999999999999,14.070839398350312,124,29,0.0
310,30,170,15.0,0.6,3.4,15.0,85.0,60.0,14.55604075691412,125,30,2.000000000000007
311,30,170,15.0,0.6,3.4,15.0,85.0,60.0,14.55604075691412,125,30,0.0
312,30,170,15.0,0.6,3.4,15.0,85.0,60.0,14.55604075691412,125,30,0.0
313,30,170,15.0,0.6,3.4,15.0,85.0,60.0,14.55604075691412,125,30,0.0
314,30,170,15.0,0.6,3.4,15.0,85.0,60.0,14.55604075691412,126,30,0.0
315,30,170,15.0,0.6,3.4,15.0,85.0,60.0,14.55604075691412,126,30,0.0
316,30,170,15.0,0.6,3.4,15.0,85.0,60.0,14.55604075691412,128,30,0.0
317,30,170,15.0,0.6,3.4,15.0,85.0,60.0,14.55604075691412,130,30,0.0
318,31,169,15.5,0.62,3.38,15.5,84.5,62.0,15.041242115477923,131,31,2.0
319,31,169,15.5,0.62,3.38,15.5,84.5,62.0,15.041242115477923,131,31,0.0
320,31,169,15.5,0.62,3.38,15.5,84.5,62.0,15.041242115477923,131,31,0.0
321,31,169,15.5,0.62,3.38,15.5,84.5,62.0,15.041242115477923,132,31,0.0
322,31,169,15.5,0.62,3.38,15.5,84.5,62.0,15.041242115477923,132,31,0.0
323,31,169,15.5,0.62,3.38,15.5,84.5,62.0,15.041242115477923,132,31,0.0
324,31,169,15.5,0.62,3.38,15.5,84.5,62.0,15.041242115477923,132,31,0.0
325,31,169,15.5,0.62,3.38,15.5,84.5,62.0,15.041242115477923,132,31,0.0
326,31,169,15.5,0.62,3.38,15.5,84.5,62.0,15.041242115477923,132,31,0.0
327,31,169,15.5,0.62,3.38,15.5,84.5,62.0,15.041242115477923,132,31,0.0
328,31,169,15.5,0.62,3.38,15.5,84.5,62.0,15.041242115477923,132,31,0.0
329,31,169,15.5,0.62,3.38,15.5,84.5,62.0,15.041242115477923,132,31,0.0
330,31,169,15.5,0.62,3.38,15.5,84.5,62.0,15.041242115477923,132,31,0.0
331,31,169,15.5,0.62,3.38,15.5,84.5,62.0,15.041242115477923,133,31,0.0
332,31,169,15.5,0.62,3.38,15.5,84.5,62.0,15.041242115477923,133,31,0.0
333,31,169,15.5,0.62,3.38,15.5,84.5,62.0,15.041242115477923,133,31,0.0
334,31,169,15.5,0.62,3.38,15.5,84.5,62.0,15.041242115477923,133,31,0.0
335,31,169,15.5,0.62,3.38,15.5,84.5,62.0,15.041242115477923,133,31,0.0
336,31,169,15.5,0.62,3.38,15.5,84.5,62.0,15.041242115477923,133,31,0.0
337,31,169,15.5,0.62,3.38,15.5,84.5,62.0,15.041242115477923,133,31,0.0
338,31,169,15.5,0.62,3.38,15.5,84.5,62.0,15.041242115477923,133,31,0.0
339,31,169,15.5,0.62,3.38,15.5,84.5,62.0,15.041242115477923,134,31,0.0
340,31,169,15.5,0.62,3.38,15.5,84.5,62.0,15.041242115477923,134,31,0.0
341,31,169,15.5,0.62,3.38,15.5,84.5,62.0,15.041242115477923,135,31,0.0
342,31,169,15.5,0.62,3.38,15.5,84.5,62.0,15.041242115477923,135,31,0.0
343,31,169,15.5,0.62,3.38,15.5,84.5,62.0,15.041242115477923,136,31,0.0
344,31,169,15.5,0.62,3.38,15.5,84.5,62.0,15.041242115477923,136,31,0.0
345,31,169,15.5,0.62,3.38,15.5,84.5,62.0,15.041242115477923,137,31,0.0
346,31,169,15.5,0.62,3.38,15.5,84.5,62.0,15.041242115477923,138,31,0.0
347,31,169,15.5,0.62,3.38,15.5,84.5,62.0,15.041242115477923,139,31,0.0
348,32,168,16.0,0.64,3.36,16.0,84.0,64.0,15.526443474041729,140,32,2.0
349,32,168,16.0,0.64,3.36,16.0,84.0,64.0,15.526443474041729,140,32,0.0
350,32,168,16.0,0.64,3.36,16.0,84.0,64.0,15.526443474041729,140,32,0.0
351,32,168,16.0,0.64,3.36,16.0,84.0,64.0,15.526443474041729,140,32,0.0
352,32,168,16.0,0.64,3.36,16.0,84.0,64.0,15.526443474041729,140,32,0.0
353,32,168,16.0,0.64,3.36,16.0,84.0,64.0,15.526443474041729,140,32,0.0
354,32,168,16.0,0.64,3.36,16.0,84.0,64.0,15.526443474041729,140,32,0.0
355,32,168,16.0,0.64,3.36,16.0,84.0,64.0,15.526443474041729,140,32,0.0
356,32,168,16.0,0.64,3.36,16.0,84.0,64.0,15.526443474041729,141,32,0.0
357,32,168,16.0,0.64,3.36,16.0,84.0,64.0,15.526443474041729,141,32,0.0
358,32,168,16.0,0.64,3.36,16.0,84.0,64.0,15.526443474041729,141,32,0.0
359,32,168,16.0,0.64,3.36,16.0,84.0,64.0,15.526443474041729,141,32,0.0
360,32,168,16.0,0.64,3.36,16.0,84.0,64.0,15.526443474041729,141,32,0.0
361,32,168,16.0,0.64,3.36,16.0,84.0,64.0,15.526443474041729,141,32,0.0
362,32,168,16.0,0.64,3.36,16.0,84.0,64.0,15.526443474041729,141,32,0.0
363,32,168,16.0,0.64,3.36,16.0,84.0,64.0,15.526443474041729,141,32,0.0
364,32,168,16.0,0.64,3.36,16.0,84.0,64.0,15.526443474041729,141,32,0.0
365,32,168,16.0,0.64,3.36,16.0,84.0,64.0,15.526443474041729,141,32,0.0
366,32,168,16.0,0.64,3.36,16.0,84.0,64.0,15.526443474041729,141,32,0.0
367,32,168,16.0,0.64,3.36,16.0,84.0,64.0,15.526443474041729,141,32,0.0
368,33,167,16.5,0.66,3.34,16.5,83.5,66.0,16.011644832605533,142,33,2.0
369,33,167,16.5,0.66,3.34,16.5,83.5,66.0,16.011644832605533,142,33,0.0
370,33,167,16.5,0.66,3.34,16.5,83.5,66.0,16.011644832605533,142,33,0.0
371,33,167,16.5,0.66,3.34,16.5,83.5,66.0,16.011644832605533,142,33,0.0
372,33,167,16.5,0.66,3.34,16.5,83.5,66.0,16.011644832605533,142,33,0.0
373,33,167,16.5,0.66,3.34,16.5,83.5,66.0,16.011644832605533,142,33,0.0
374,33,167,16.5,0.66,3.34,16.5,83.5,66.0,16.011644832605533,143,33,0.0
375,33,167,16.5,0.66,3.34,16.5,83.5,66.0,16.011644832605533,143,33,0.0
376,33,167,16.5,0.66,3.34,16.5,83.5,66.0,16.011644832605533,143,33,0.0
377,34,166,17.0,0.68,3.32,17.0,83.0,68.0,16.496846191169336,144,34,2.0
378,34,166,17.0,0.68,3.32,17.0,83.0,68.0,16.496846191169336,144,34,0.0
379,34,166,17.0,0.68,3.32,17.0,83.0,68.0,16.496846191169336,144,34,0.0
380,34,166,17.0,0.68,3.32,17.0,83.0,68.0,16.496846191169336,144,34,0.0
381,34,166,17.0,0.68,3.32,17.0,83.0,68.0,16.496846191169336,144,34,0.0
382,34,166,17.0,0.68,3.32,17.0,83.0,68.0,16.496846191169336,144,34,0.0
383,34,166,17.0,0.68,3.32,17.0,83.0,68.0,16.496846191169336,146,34,0.0
384,34,166,17.0,0.68,3.32,17.0,83.0,68.0,16.496846191169336,147,34,0.0
385,34,166,17.0,0.68,3.32,17.0,83.0,68.0,16.496846191169336,148,34,0.0
386,34,166,17.0,0.68,3.32,17.0,83.0,68.0,16.496846191169336,148,34,0.0
387,34,166,17.0,0.68,3.32,17.0,83.0,68.0,16.496846191169336,148,34,0.0
388,34,166,17.0,0.68,3.32,17.0,83.0,68.0,16.496846191169336,149,34,0.0
389,34,166,17.0,0.68,3.32,17.0,83.0,68.0,16.496846191169336,150,34,0.0
390,34,166,17.0,0.68,3.32,17.0,83.0,68.0,16.496846191169336,150,34,0.0
391,34,166,17.0,0.68,3.32,17.0,83.0,68.0,16.496846191169336,151,34,0.0
392,34,166,17.0,0.68,3.32,17.0,83.0,68.0,16.496846191169336,152,34,0.0
393,35,165,17.5,0.7000000000000001,3.3,17.5,82.5,70.0,16.98204754973314,153,35,2.0
394,35,165,17.5,0.7000000000000001,3.3,17.5,82.5,70.0,16.98204754973314,153,35,0.0
395,35,165,17.5,0.7000000000000001,3.3,17.5,82.5,70.0,16.98204754973314,154,35,0.0
396,35,165,17.5,0.7000000000000001,3.3,17.5,82.5,70.0,16.98204754973314,154,35,0.0
397,35,165,17.5,0.7000000000000001,3.3,17.5,82.5,70.0,16.98204754973314,154,35,0.0
398,35,165,17.5,0.7000000000000001,3.3,17.5,82.5,70.0,16.98204754973314,155,35,0.0
399,35,165,17.5,0.7000000000000001,3.3,17.5,82.5,70.0,16.98204754973314,155,35,0.0
400,36,164,18.0,0.72,3.2800000000000002,18.0,82.0,72.0,17.467248908296945,156,36,2.0
401,36,164,18.0,0.72,3.2800000000000002,18.0,82.0,72.0,17.467248908296945,156,36,0.0
402,36,164,18.0,0.72,3.2800000000000002,18.0,82.0,72.0,17.467248908296945,156,36,0.0
403,36,164,18.0,0.72,3.2800000000000002,18.0,82.0,72.0,17.467248908296945,156,36,0.0
404,36,164,18.0,0.72,3.2800000000000002,18.0,82.0,72.0,17.467248908296945,156,36,0.0
405,36,164,18.0,0.72,3.2800000000000002,18.0,82.0,72.0,17.467248908296945,156,36,0.0
406,36,164,18.0,0.72,3.2800000000000002,18.0,82.0,72.0,17.467248908296945,157,36,0.0
407,36,164,18.0,0.72,3.2800000000000002,18.0,82.0,72.0,17.467248908296945,157,36,0.0
408,36,164,18.0,0.72,3.2800000000000002,18.0,82.0,72.0,17.467248908296945,158,36,0.0
409,36,164,18.0,0.72,3.2800000000000002,18.0,82.0,72.0,17.467248908296945,158,36,0.0
410,36,164,18.0,0.72,3.2800000000000002,18.0,82.0,72.0,17.467248908296945,158,36,0.0
411,36,164,18.0,0.72,3.2800000000000002,18.0,82.0,72.0,17.467248908296945,158,36,0.0
412,36,164,18.0,0.72,3.2800000000000002,18.0,82.0,72.0,17.467248908296945,159,36,0.0
413,36,164,18.0,0.72,3.2800000000000002,18.0,82.0,72.0,17.467248908296945,160,36,0.0
414,36,164,18.0,0.72,3.2800000000000002,18.0,82.0,72.0,17.467248908296945,160,36,0.0
415,36,164,18.0,0.72,3.2800000000000002,18.0,82.0,72.0,17.467248908296945,160,36,0.0
416,36,164,18.0,0.72,3.2800000000000002,18.0,82.0,72.0,17.467248908296945,160,36,0.0
417,37,163,18.5,0.74,3.26,18.5,81.5,74.0,17.952450266860748,161,37,2.0
418,37,163,18.5,0.74,3.26,18.5,81.5,74.0,17.952450266860748,162,37,0.0
419,37,163,18.5,0.74,3.26,18.5,81.5,74.0,17.952450266860748,162,37,0.0
420,37,163,18.5,0.74,3.26,18.5,81.5,74.0,17.952450266860748,162,37,0.0
421,37,163,18.5,0.74,3.26,18.5,81.5,74.0,17.952450266860748,163,37,0.0
422,37,163,18.5,0.74,3.26,18.5,81.5,74.0,17.952450266860748,163,37,0.0
423,37,163,18.5,0.74,3.26,18.5,81.5,74.0,17.952450266860748,164,37,0.0
424,38,162,19.0,0.76,3.24,19.0,81.0,76.0,18.43765162542455,165,38,2.0
425,39,161,19.5,0.78,3.2199999999999998,19.5,80.49999999999999,78.0,18.922852983988356,166,39,2.0
426,39,161,19.5,0.78,3.2199999999999998,19.5,80.49999999999999,78.0,18.922852983988356,167,39,0.0
427,39,161,19.5,0.78,3.2199999999999998,19.5,80.49999999999999,78.0,18.922852983988356,167,39,0.0
428,39,161,19.5,0.78,3.2199999999999998,19.5,80.49999999999999,78.0,18.922852983988356,167,39,0.0
429,39,161,19.5,0.78,3.2199999999999998,19.5,80.49999999999999,78.0,18.922852983988356,167,39,0.0
430,39,161,19.5,0.78,3.2199999999999998,19.5,80.49999999999999,78.0,18.922852983988356,168,39,0.0
431,39,161,19.5,0.78,3.2199999999999998,19.5,80.49999999999999,78.0,18.922852983988356,168,39,0.0
432,39,161,19.5,0.78,3.2199999999999998,19.5,80.49999999999999,78.0,18.922852983988356,168,39,0.0
433,39,161,19.5,0.78,3.2199999999999998,19.5,80.49999999999999,78.0,18.922852983988356,168,39,0.0
434,39,161,19.5,0.78,3.2199999999999998,19.5,80.49999999999999,78.0,18.922852983988356,168,39,0.0
435,39,161,19.5,0.78,3.2199999999999998,19.5,80.49999999999999,78.0,18.922852983988356,168,39,0.0
436,39,161,19.5,0.78,3.2199999999999998,19.5,80.49999999999999,78.0,18.922852983988356,168,39,0.0
437,39,161,19.5,0.78,3.2199999999999998,19.5,80.49999999999999,78.0,18.922852983988356,168,39,0.0
438,39,161,19.5,0.78,3.2199999999999998,19.5,80.49999999999999,78.0,18.922852983988356,168,39,0.0
439,39,161,19.5,0.78,3.2199999999999998,19.5,80.49999999999999,78.0,18.922852983988356,168,39,0.0
440,39,161,19.5,0.78,3.2199999999999998,19.5,80.49999999999999,78.0,18.922852983988356,169,39,0.0
441,39,161,19.5,0.78,3.2199999999999998,19.5,80.49999999999999,78.0,18.922852983988356,169,39,0.0
442,39,161,19.5,0.78,3.2199999999999998,19.5,80.49999999999999,78.0,18.922852983988356,170,39,0.0
443,39,161,19.5,0.78,3.2199999999999998,19.5,80.49999999999999,78.0,18.922852983988356,170,39,0.0
444,41,159,20.5,0.8200000000000001,3.1799999999999997,20.5,79.49999999999999,82.0,19.893255701115965,172,41,4.0
445,41,159,20.5,0.8200000000000001,3.1799999999999997,20.5,79.49999999999999,82.0,19.893255701115965,172,41,0.0
446,41,159,20.5,0.8200000000000001,3.1799999999999997,20.5,79.49999999999999,82.0,19.893255701115965,172,41,0.0
447,41,159,20.5,0.8200000000000001,3.1799999999999997,20.5,79.49999999999999,82.0,19.893255701115965,172,41,0.0
448,41,159,20.5,0.8200000000000001,3.1799999999999997,20.5,79.49999999999999,82.0,19.893255701115965,172,41,0.0
449,41,159,20.5,0.8200000000000001,3.1799999999999997,20.5,79.49999999999999,82.0,19.893255701115965,172,41,0.0
450,42,158,21.0,0.84,3.16,21.0,79.0,84.0,20.378457059679768,173,42,2.0
451,43,157,21.5,0.86,3.14,21.5,78.5,86.0,20.86365841824357,174,43,2.0
452,43,157,21.5,0.86,3.14,21.5,78.5,86.0,20.86365841824357,174,43,0.0
453,43,157,21.5,0.86,3.14,21.5,78.5,86.0,20.86365841824357,174,43,0.0
454,43,157,21.5,0.86,3.14,21.5,78.5,86.0,20.86365841824357,174,43,0.0
455,43,157,21.5,0.86,3.14,21.5,78.5,86.0,20.86365841824357,174,43,0.0
456,43,157,21.5,0.86,3.14,21.5,78.5,86.0,20.86365841824357,175,43,0.0
457,43,157,21.5,0.86,3.14,21.5,78.5,86.0,20.86365841824357,176,43,0.0
458,43,157,21.5,0.86,3.14,21.5,78.5,86.0,20.86365841824357,176,43,0.0
459,43,157,21.5,0.86,3.14,21.5,78.5,86.0,20.86365841824357,176,43,0.0
460,43,157,21.5,0.86,3.14,21.5,78.5,86.0,20.86365841824357,176,43,0.0
461,43,157,21.5,0.86,3.14,21.5,78.5,86.0,20.86365841824357,176,43,0.0
462,43,157,21.5,0.86,3.14,21.5,78.5,86.0,20.86365841824357,177,43,0.0
463,43,157,21.5,0.86,3.14,21.5,78.5,86.0,20.86365841824357,177,43,0.0
464,43,157,21.5,0.86,3.14,21.5,78.5,86.0,20.86365841824357,177,43,0.0
465,43,157,21.5,0.86,3.14,21.5,78.5,86.0,20.86365841824357,178,43,0.0
466,43,157,21.5,0.86,3.14,21.5,78.5,86.0,20.86365841824357,178,43,0.0
467,43,157,21.5,0.86,3.14,21.5,78.5,86.0,20.86365841824357,179,43,0.0
468,43,157,21.5,0.86,3.14,21.5,78.5,86.0,20.86365841824357,179,43,0.0
469,43,157,21.5,0.86,3.14,21.5,78.5,86.0,20.86365841824357,179,43,0.0
470,43,157,21.5,0.86,3.14,21.5,78.5,86.0,20.86365841824357,179,43,0.0
471,43,157,21.5,0.86,3.14,21.5,78.5,86.0,20.86365841824357,179,43,0.0
472,43,157,21.5,0.86,3.14,21.5,78.5,86.0,20.86365841824357,179,43,0.0
473,43,157,21.5,0.86,3.14,21.5,78.5,86.0,20.86365841824357,179,43,0.0
474,43,157,21.5,0.86,3.14,21.5,78.5,86.0,20.86365841824357,179,43,0.0
475,43,157,21.5,0.86,3.14,21.5,78.5,86.0,20.86365841824357,179,43,0.0
476,43,157,21.5,0.86,3.14,21.5,78.5,86.0,20.86365841824357,179,43,0.0
477,44,156,22.0,0.88,3.12,22.0,78.0,88.0,21.348859776807373,180,44,2.0
478,44,156,22.0,0.88,3.12,22.0,78.0,88.0,21.348859776807373,181,44,0.0
479,44,156,22.0,0.88,3.12,22.0,78.0,88.0,21.348859776807373,182,44,0.0
480,44,156,22.0,0.88,3.12,22.0,78.0,88.0,21.348859776807373,182,44,0.0
481,44,156,22.0,0.88,3.12,22.0,78.0,88.0,21.348859776807373,182,44,0.0
482,44,156,22.0,0.88,3.12,22.0,78.0,88.0,21.348859776807373,183,44,0.0
483,44,156,22.0,0.88,3.12,22.0,78.0,88.0,21.348859776807373,183,44,0.0
484,44,156,22.0,0.88,3.12,22.0,78.0,88.0,21.348859776807373,183,44,0.0
485,44,156,22.0,0.88,3.12,22.0,78.0,88.0,21.348859776807373,183,44,0.0
486,44,156,22.0,0.88,3.12,22.0,78.0,88.0,21.348859776807373,183,44,0.0
487,44,156,22.0,0.88,3.12,22.0,78.0,88.0,21.348859776807373,183,44,0.0
488,44,156,22.0,0.88,3.12,22.0,78.0,88.0,21.348859776807373,183,44,0.0
489,44,156,22.0,0.88,3.12,22.0,78.0,88.0,21.348859776807373,183,44,0.0
490,44,156,22.0,0.88,3.12,22.0,78.0,88.0,21.348859776807373,183,44,0.0
491,44,156,22.0,0.88,3.12,22.0,78.0,88.0,21.348859776807373,183,44,0.0
492,44,156,22.0,0.88,3.12,22.0,78.0,88.0,21.348859776807373,183,44,0.0
493,44,156,22.0,0.88,3.12,22.0,78.0,88.0,21.348859776807373,184,44,0.0
494,44,156,22.0,0.88,3.12,22.0,78.0,88.0,21.348859776807373,184,44,0.0
495,44,156,22.0,0.88,3.12,22.0,78.0,88.0,21.348859776807373,184,44,0.0
496,44,156,22.0,0.88,3.12,22.0,78.0,88.0,21.348859776807373,184,44,0.0
497,44,156,22.0,0.88,3.12,22.0,78.0,88.0,21.348859776807373,185,44,0.0
498,44,156,22.0,0.88,3.12,22.0,78.0,88.0,21.348859776807373,185,44,0.0
499,45,155,22.5,0.9,3.1,22.5,77.5,90.0,21.83406113537118,187,45,2.0
500,45,155,22.5,0.9,3.1,22.5,77.5,90.0,21.83406113537118,189,45,0.0
501,45,155,22.5,0.9,3.1,22.5,77.5,90.0,21.83406113537118,190,45,0.0
502,45,155,22.5,0.9,3.1,22.5,77.5,90.0,21.83406113537118,190,45,0.0
503,45,155,22.5,0.9,3.1,22.5,77.5,90.0,21.83406113537118,190,45,0.0
504,45,155,22.5,0.9,3.1,22.5,77.5,90.0,21.83406113537118,190,45,0.0
505,45,155,22.5,0.9,3.1,22.5,77.5,90.0,21.83406113537118,190,45,0.0
506,45,155,22.5,0.9,3.1,22.5,77.5,90.0,21.83406113537118,191,45,0.0
507,45,155,22.5,0.9,3.1,22.5,77.5,90.0,21.83406113537118,191,45,0.0
508,46,154,23.0,0.92,3.08,23.0,77.0,92.0,22.319262493934982,192,46,2.0
509,46,154,23.0,0.92,3.08,23.0,77.0,92.0,22.319262493934982,192,46,0.0
510,46,154,23.0,0.92,3.08,23.0,77.0,92.0,22.319262493934982,193,46,0.0
511,46,154,23.0,0.92,3.08,23.0,77.0,92.0,22.319262493934982,194,46,0.0
512,46,154,23.0,0.92,3.08,23.0,77.0,92.0,22.319262493934982,194,46,0.0
513,47,153,23.5,0.9400000000000001,3.06,23.5,76.5,94.0,22.804463852498788,196,47,2.0
514,47,153,23.5,0.9400000000000001,3.06,23.5,76.5,94.0,22.804463852498788,196,47,0.0
515,47,153,23.5,0.9400000000000001,3.06,23.5,76.5,94.0,22.804463852498788,196,47,0.0
516,47,153,23.5,0.9400000000000001,3.06,23.5,76.5,94.0,22.804463852498788,197,47,0.0
517,47,153,23.5,0.9400000000000001,3.06,23.5,76.5,94.0,22.804463852498788,198,47,0.0
518,47,153,23.5,0.9400000000000001,3.06,23.5,76.5,94.0,22.804463852498788,199,47,0.0
519,48,152,24.0,0.96,3.04,24.0,76.0,96.0,23.28966521106259,200,48,2.0
520,48,152,24.0,0.96,3.04,24.0,76.0,96.0,23.28966521106259,201,48,0.0
521,48,152,24.0,0.96,3.04,24.0,76.0,96.0,23.28966521106259,201,48,0.0
522,48,152,24.0,0.96,3.04,24.0,76.0,96.0,23.28966521106259,201,48,0.0
523,48,152,24.0,0.96,3.04,24.0,76.0,96.0,23.28966521106259,201,48,0.0
524,48,152,24.0,0.96,3.04,24.0,76.0,96.0,23.28966521106259,201,48,0.0
525,48,152,24.0,0.96,3.04,24.0,76.0,96.0,23.28966521106259,202,48,0.0
526,48,152,24.0,0.96,3.04,24.0,76.0,96.0,23.28966521106259,202,48,0.0
527,48,152,24.0,0.96,3.04,24.0,76.0,96.0,23.28966521106259,202,48,0.0
528,48,152,24.0,0.96,3.04,24.0,76.0,96.0,23.28966521106259,202,48,0.0
529,48,152,24.0,0.96,3.04,24.0,76.0,96.0,23.28966521106259,202,48,0.0
530,48,152,24.0,0.96,3.04,24.0,76.0,96.0,23.28966521106259,203,48,0.0
531,48,152,24.0,0.96,3.04,24.0,76.0,96.0,23.28966521106259,204,48,0.0
532,48,152,24.0,0.96,3.04,24.0,76.0,96.0,23.28966521106259,204,48,0.0
533,48,152,24.0,0.96,3.04,24.0,76.0,96.0,23.28966521106259,204,48,0.0
534,48,152,24.0,0.96,3.04,24.0,76.0,96.0,23.28966521106259,204,48,0.0
535,48,152,24.0,0.96,3.04,24.0,76.0,96.0,23.28966521106259,204,48,0.0
536,48,152,24.0,0.96,3.04,24.0,76.0,96.0,23.28966521106259,204,48,0.0
537,48,152,24.0,0.96,3.04,24.0,76.0,96.0,23.28966521106259,205,48,0.0
538,48,152,24.0,0.96,3.04,24.0,76.0,96.0,23.28966521106259,206,48,0.0
539,48,152,24.0,0.96,3.04,24.0,76.0,96.0,23.28966521106259,206,48,0.0
540,49,151,24.5,0.98,3.02,24.5,75.5,98.0,23.774866569626397,207,49,2.0
541,49,151,24.5,0.98,3.02,24.5,75.5,98.0,23.774866569626397,207,49,0.0
542,49,151,24.5,0.98,3.02,24.5,75.5,98.0,23.774866569626397,208,49,0.0
543,49,151,24.5,0.98,3.02,24.5,75.5,98.0,23.774866569626397,209,49,0.0
544,50,150,25.0,1.0,3.0,25.0,75.0,100.0,24.2600679281902,210,50,2.0
545,50,150,25.0,1.0,3.0,25.0,75.0,100.0,24.2600679281902,210,50,0.0
546,50,150,25.0,1.0,3.0,25.0,75.0,100.0,24.2600679281902,210,50,0.0
547,50,150,25.0,1.0,3.0,25.0,75.0,100.0,24.2600679281902,210,50,0.0
548,51,149,25.5,1.02,2.98,25.5,74.5,102.0,24.745269286754006,211,51,2.0
549,52,148,26.0,1.04,2.96,26.0,74.0,104.0,25.23047064531781,212,52,2.0
550,52,148,26.0,1.04,2.96,26.0,74.0,104.0,25.23047064531781,212,52,0.0
551,52,148,26.0,1.04,2.96,26.0,74.0,104.0,25.23047064531781,212,52,0.0
552,52,148,26.0,1.04,2.96,26.0,74.0,104.0,25.23047064531781,212,52,0.0
553,52,148,26.0,1.04,2.96,26.0,74.0,104.0,25.23047064531781,212,52,0.0
554,52,148,26.0,1.04,2.96,26.0,74.0,104.0,25.23047064531781,212,52,0.0
555,52,148,26.0,1.04,2.96,26.0,74.0,104.0,25.23047064531781,213,52,0.0
556,52,148,26.0,1.04,2.96,26.0,74.0,104.0,25.23047064531781,213,52,0.0
557,52,148,26.0,1.04,2.96,26.0,74.0,104.0,25.23047064531781,213,52,0.0
558,52,148,26.0,1.04,2.96,26.0,74.0,104.0,25.23047064531781,213,52,0.0
559,52,148,26.0,1.04,2.96,26.0,74.0,104.0,25.23047064531781,213,52,0.0
560,52,148,26.0,1.04,2.96,26.0,74.0,104.0,25.23047064531781,214,52,0.0
561,52,148,26.0,1.04,2.96,26.0,74.0,104.0,25.23047064531781,214,52,0.0
562,52,148,26.0,1.04,2.96,26.0,74.0,104.0,25.23047064531781,215,52,0.0
563,52,148,26.0,1.04,2.96,26.0,74.0,104.0,25.23047064531781,216,52,0.0
564,52,148,26.0,1.04,2.96,26.0,74.0,104.0,25.23047064531781,216,52,0.0
565,52,148,26.0,1.04,2.96,26.0,74.0,104.0,25.23047064531781,216,52,0.0
566,52,148,26.0,1.04,2.96,26.0,74.0,104.0,25.23047064531781,216,52,0.0
567,52,148,26.0,1.04,2.96,26.0,74.0,104.0,25.23047064531781,216,52,0.0
568,52,148,26.0,1.04,2.96,26.0,74.0,104.0,25.23047064531781,218,52,0.0
569,52,148,26.0,1.04,2.96,26.0,74.0,104.0,25.23047064531781,218,52,0.0
570,52,148,26.0,1.04,2.96,26.0,74.0,104.0,25.23047064531781,219,52,0.0
571,53,147,26.5,1.06,2.94,26.5,73.5,106.0,25.71567200388161,220,53,2.0
572,53,147,26.5,1.06,2.94,26.5,73.5,106.0,25.71567200388161,221,53,0.0
573,53,147,26.5,1.06,2.94,26.5,73.5,106.0,25.71567200388161,221,53,0.0
574,53,147,26.5,1.06,2.94,26.5,73.5,106.0,25.71567200388161,222,53,0.0
575,53,147,26.5,1.06,2.94,26.5,73.5,106.0,25.71567200388161,222,53,0.0
576,53,147,26.5,1.06,2.94,26.5,73.5,106.0,25.71567200388161,222,53,0.0
577,53,147,26.5,1.06,2.94,26.5,73.5,106.0,25.71567200388161,222,53,0.0
578,53,147,26.5,1.06,2.94,26.5,73.5,106.0,25.71567200388161,222,53,0.0
579,53,147,26.5,1.06,2.94,26.5,73.5,106.0,25.71567200388161,222,53,0.0
580,53,147,26.5,1.06,2.94,26.5,73.5,106.0,25.71567200388161,222,53,0.0
581,53,147,26.5,1.06,2.94,26.5,73.5,106.0,25.71567200388161,222,53,0.0
582,53,147,26.5,1.06,2.94,26.5,73.5,106.0,25.71567200388161,222,53,0.0
583,53,147,26.5,1.06,2.94,26.5,73.5,106.0,25.71567200388161,222,53,0.0
584,53,147,26.5,1.06,2.94,26.5,73.5,106.0,25.71567200388161,222,53,0.0
585,53,147,26.5,1.06,2.94,26.5,73.5,106.0,25.71567200388161,222,53,0.0
586,53,147,26.5,1.06,2.94,26.5,73.5,106.0,25.71567200388161,222,53,0.0
587,53,147,26.5,1.06,2.94,26.5,73.5,106.0,25.71567200388161,222,53,0.0
588,53,147,26.5,1.06,2.94,26.5,73.5,106.0,25.71567200388161,222,53,0.0
589,53,147,26.5,1.06,2.94,26.5,73.5,106.0,25.71567200388161,222,53,0.0
590,53,147,26.5,1.06,2.94,26.5,73.5,106.0,25.71567200388161,222,53,0.0
591,53,147,26.5,1.06,2.94,26.5,73.5,106.0,25.71567200388161,222,53,0.0
592,54,146,27.0,1.08,2.92,27.0,73.0,108.0,26.200873362445414,223,54,2.0
593,54,146,27.0,1.08,2.92,27.0,73.0,108.0,26.200873362445414,223,54,0.0
594,54,146,27.0,1.08,2.92,27.0,73.0,108.0,26.200873362445414,223,54,0.0
595,55,145,27.500000000000004,1.1,2.9,27.5,72.5,110.0,26.686074721009216,224,55,2.0
596,55,145,27.500000000000004,1.1,2.9,27.5,72.5,110.0,26.686074721009216,224,55,0.0
597,55,145,27.500000000000004,1.1,2.9,27.5,72.5,110.0,26.686074721009216,224,55,0.0
598,55,145,27.500000000000004,1.1,2.9,27.5,72.5,110.0,26.686074721009216,225,55,0.0
599,55,145,27.500000000000004,1.1,2.9,27.5,72.5,110.0,26.686074721009216,225,55,0.0
600,55,145,27.500000000000004,1.1,2.9,27.5,72.5,110.0,26.686074721009216,225,55,0.0
601,55,145,27.500000000000004,1.1,2.9,27.5,72.5,110.0,26.686074721009216,225,55,0.0
602,55,145,27.500000000000004,1.1,2.9,27.5,72.5,110.0,26.686074721009216,225,55,0.0
603,55,145,27.500000000000004,1.1,2.9,27.5,72.5,110.0,26.686074721009216,225,55,0.0
604,55,145,27.500000000000004,1.1,2.9,27.5,72.5,110.0,26.686074721009216,225,55,0.0
605,55,145,27.500000000000004,1.1,2.9,27.5,72.5,110.0,26.686074721009216,226,55,0.0
606,55,145,27.500000000000004,1.1,2.9,27.5,72.5,110.0,26.686074721009216,227,55,0.0
607,55,145,27.500000000000004,1.1,2.9,27.5,72.5,110.0,26.686074721009216,227,55,0.0
608,55,145,27.500000000000004,1.1,2.9,27.5,72.5,110.0,26.686074721009216,228,55,0.0
609,55,145,27.500000000000004,1.1,2.9,27.5,72.5,110.0,26.686074721009216,229,55,0.0
610,55,145,27.500000000000004,1.1,2.9,27.5,72.5,110.0,26.686074721009216,229,55,0.0
611,55,145,27.500000000000004,1.1,2.9,27.5,72.5,110.0,26.686074721009216,230,55,0.0
612,55,145,27.500000000000004,1.1,2.9,27.5,72.5,110.0,26.686074721009216,230,55,0.0
613,55,145,27.500000000000004,1.1,2.9,27.5,72.5,110.0,26.686074721009216,230,55,0.0
614,55,145,27.500000000000004,1.1,2.9,27.5,72.5,110.0,26.686074721009216,230,55,0.0
615,55,145,27.500000000000004,1.1,2.9,27.5,72.5,110.0,26.686074721009216,230,55,0.0
616,55,145,27.500000000000004,1.1,2.9,27.5,72.5,110.0,26.686074721009216,230,55,0.0
617,55,145,27.500000000000004,1.1,2.9,27.5,72.5,110.0,26.686074721009216,230,55,0.0
618,55,145,27.500000000000004,1.1,2.9,27.5,72.5,110.0,26.686074721009216,230,55,0.0
619,55,145,27.500000000000004,1.1,2.9,27.5,72.5,110.0,26.686074721009216,230,55,0.0
620,55,145,27.500000000000004,1.1,2.9,27.5,72.5,110.0,26.686074721009216,230,55,0.0
621,55,145,27.500000000000004,1.1,2.9,27.5,72.5,110.0,26.686074721009216,231,55,0.0
622,55,145,27.500000000000004,1.1,2.9,27.5,72.5,110.0,26.686074721009216,232,55,0.0
623,55,145,27.500000000000004,1.1,2.9,27.5,72.5,110.0,26.686074721009216,232,55,0.0
624,55,145,27.500000000000004,1.1,2.9,27.5,72.5,110.0,26.686074721009216,232,55,0.0
625,55,145,27.500000000000004,1.1,2.9,27.5,72.5,110.0,26.686074721009216,232,55,0.0
626,55,145,27.500000000000004,1.1,2.9,27.5,72.5,110.0,26.686074721009216,232,55,0.0
627,55,145,27.500000000000004,1.1,2.9,27.5,72.5,110.0,26.686074721009216,232,55,0.0
628,55,145,27.500000000000004,1.1,2.9,27.5,72.5,110.0,26.686074721009216,232,55,0.0
629,55,145,27.500000000000004,1.1,2.9,27.5,72.5,110.0,26.686074721009216,233,55,0.0
630,56,144,28.000000000000004,1.12,2.88,28.000000000000004,72.0,112.00000000000001,27.171276079573026,234,56,2.000000000000014
631,56,144,28.000000000000004,1.12,2.88,28.000000000000004,72.0,112.00000000000001,27.171276079573026,234,56,0.0
632,56,144,28.000000000000004,1.12,2.88,28.000000000000004,72.0,112.00000000000001,27.171276079573026,234,56,0.0
633,56,144,28.000000000000004,1.12,2.88,28.000000000000004,72.0,112.00000000000001,27.171276079573026,234,56,0.0
634,56,144,28.000000000000004,1.12,2.88,28.000000000000004,72.0,112.00000000000001,27.171276079573026,234,56,0.0
635,57,143,28.499999999999996,1.1400000000000001,2.86,28.500000000000004,71.5,114.00000000000001,27.65647743813683,235,57,2.0
636,57,143,28.499999999999996,1.1400000000000001,2.86,28.500000000000004,71.5,114.00000000000001,27.65647743813683,235,57,0.0
637,57,143,28.499999999999996,1.1400000000000001,2.86,28.500000000000004,71.5,114.00000000000001,27.65647743813683,235,57,0.0
638,57,143,28.499999999999996,1.1400000000000001,2.86,28.500000000000004,71.5,114.00000000000001,27.65647743813683,235,57,0.0
639,57,143,28.499999999999996,1.1400000000000001,2.86,28.500000000000004,71.5,114.00000000000001,27.65647743813683,235,57,0.0
640,57,143,28.499999999999996,1.1400000000000001,2.86,28.500000000000004,71.5,114.00000000000001,27.65647743813683,235,57,0.0
641,57,143,28.499999999999996,1.1400000000000001,2.86,28.500000000000004,71.5,114.00000000000001,27.65647743813683,235,57,0.0
642,57,143,28.499999999999996,1.1400000000000001,2.86,28.500000000000004,71.5,114.00000000000001,27.65647743813683,235,57,0.0
643,57,143,28.499999999999996,1.1400000000000001,2.86,28.500000000000004,71.5,114.00000000000001,27.65647743813683,235,57,0.0
644,57,143,28.499999999999996,1.1400000000000001,2.86,28.500000000000004,71.5,114.00000000000001,27.65647743813683,235,57,0.0
645,57,143,28.499999999999996,1.1400000000000001,2.86,28.500000000000004,71.5,114.00000000000001,27.65647743813683,235,57,0.0
646,57,143,28.499999999999996,1.1400000000000001,2.86,28.500000000000004,71.5,114.00000000000001,27.65647743813683,235,57,0.0
647,57,143,28.499999999999996,1.1400000000000001,2.86,28.500000000000004,71.5,114.00000000000001,27.65647743813683,235,57,0.0
648,57,143,28.499999999999996,1.1400000000000001,2.86,28.500000000000004,71.5,114.00000000000001,27.65647743813683,235,57,0.0
649,57,143,28.499999999999996,1.1400000000000001,2.86,28.500000000000004,71.5,114.00000000000001,27.65647743813683,235,57,0.0
650,57,143,28.499999999999996,1.1400000000000001,2.86,28.500000000000004,71.5,114.00000000000001,27.65647743813683,235,57,0.0
651,57,143,28.499999999999996,1.1400000000000001,2.86,28.500000000000004,71.5,114.00000000000001,27.65647743813683,235,57,0.0
652,57,143,28.499999999999996,1.1400000000000001,2.86,28.500000000000004,71.5,114.00000000000001,27.65647743813683,235,57,0.0
653,57,143,28.499999999999996,1.1400000000000001,2.86,28.500000000000004,71.5,114.00000000000001,27.65647743813683,235,57,0.0
654,57,143,28.499999999999996,1.1400000000000001,2.86,28.500000000000004,71.5,114.00000000000001,27.65647743813683,235,57,0.0
655,57,143,28.499999999999996,1.1400000000000001,2.86,28.500000000000004,71.5,114.00000000000001,27.65647743813683,235,57,0.0
656,57,143,28.499999999999996,1.1400000000000001,2.86,28.500000000000004,71.5,114.00000000000001,27.65647743813683,235,57,0.0
657,57,143,28.499999999999996,1.1400000000000001,2.86,28.500000000000004,71.5,114.00000000000001,27.65647743813683,235,57,0.0
658,57,143,28.499999999999996,1.1400000000000001,2.86,28.500000000000004,71.5,114.00000000000001,27.65647743813683,235,57,0.0
659,57,143,28.499999999999996,1.1400000000000001,2.86,28.500000000000004,71.5,114.00000000000001,27.65647743813683,235,57,0.0
660,57,143,28.499999999999996,1.1400000000000001,2.86,28.500000000000004,71.5,114.00000000000001,27.65647743813683,235,57,0.0
661,57,143,28.499999999999996,1.1400000000000001,2.86,28.500000000000004,71.5,114.00000000000001,27.65647743813683,235,57,0.0
662,57,143,28.499999999999996,1.1400000000000001,2.86,28.500000000000004,71.5,114.00000000000001,27.65647743813683,235,57,0.0
663,57,143,28.499999999999996,1.1400000000000001,2.86,28.500000000000004,71.5,114.00000000000001,27.65647743813683,235,57,0.0
664,57,143,28.499999999999996,1.1400000000000001,2.86,28.500000000000004,71.5,114.00000000000001,27.65647743813683,236,57,0.0
665,57,143,28.499999999999996,1.1400000000000001,2.86,28.500000000000004,71.5,114.00000000000001,27.65647743813683,237,57,0.0
666,57,143,28.499999999999996,1.1400000000000001,2.86,28.500000000000004,71.5,114.00000000000001,27.65647743813683,238,57,0.0
667,57,143,28.499999999999996,1.1400000000000001,2.86,28.500000000000004,71.5,114.00000000000001,27.65647743813683,238,57,0.0
668,57,143,28.499999999999996,1.1400000000000001,2.86,28.500000000000004,71.5,114.00000000000001,27.65647743813683,238,57,0.0
669,57,143,28.499999999999996,1.1400000000000001,2.86,28.500000000000004,71.5,114.00000000000001,27.65647743813683,238,57,0.0
670,58,142,28.999999999999996,1.16,2.84,28.999999999999996,71.0,115.99999999999999,28.141678796700624,239,58,1.9999999999999716
671,58,142,28.999999999999996,1.16,2.84,28.999999999999996,71.0,115.99999999999999,28.141678796700624,239,58,0.0
672,58,142,28.999999999999996,1.16,2.84,28.999999999999996,71.0,115.99999999999999,28.141678796700624,239,58,0.0
673,58,142,28.999999999999996,1.16,2.84,28.999999999999996,71.0,115.99999999999999,28.141678796700624,239,58,0.0
674,58,142,28.999999999999996,1.16,2.84,28.999999999999996,71.0,115.99999999999999,28.141678796700624,239,58,0.0
675,58,142,28.999999999999996,1.16,2.84,28.999999999999996,71.0,115.99999999999999,28.141678796700624,239,58,0.0
676,58,142,28.999999999999996,1.16,2.84,28.999999999999996,71.0,115.99999999999999,28.141678796700624,239,58,0.0
677,58,142,28.999999999999996,1.16,2.84,28.999999999999996,71.0,115.99999999999999,28.141678796700624,239,58,0.0
678,58,142,28.999999999999996,1.16,2.84,28.999999999999996,71.0,115.99999999999999,28.141678796700624,239,58,0.0
679,58,142,28.999999999999996,1.16,2.84,28.999999999999996,71.0,115.99999999999999,28.141678796700624,239,58,0.0
680,58,142,28.999999999999996,1.16,2.84,28.999999999999996,71.0,115.99999999999999,28.141678796700624,239,58,0.0
681,59,141,29.5,1.18,2.8200000000000003,29.499999999999996,70.5,117.99999999999999,28.626880155264434,240,59,2.0
682,59,141,29.5,1.18,2.8200000000000003,29.499999999999996,70.5,117.99999999999999,28.626880155264434,240,59,0.0
683,59,141,29.5,1.18,2.8200000000000003,29.499999999999996,70.5,117.99999999999999,28.626880155264434,240,59,0.0
684,59,141,29.5,1.18,2.8200000000000003,29.499999999999996,70.5,117.99999999999999,28.626880155264434,240,59,0.0
685,59,141,29.5,1.18,2.8200000000000003,29.499999999999996,70.5,117.99999999999999,28.626880155264434,240,59,0.0
686,59,141,29.5,1.18,2.8200000000000003,29.499999999999996,70.5,117.99999999999999,28.626880155264434,240,59,0.0
687,59,141,29.5,1.18,2.8200000000000003,29.499999999999996,70.5,117.99999999999999,28.626880155264434,240,59,0.0
688,59,141,29.5,1.18,2.8200000000000003,29.499999999999996,70.5,117.99999999999999,28.626880155264434,240,59,0.0
689,59,141,29.5,1.18,2.8200000000000003,29.499999999999996,70.5,117.99999999999999,28.626880155264434,240,59,0.0
690,59,141,29.5,1.18,2.8200000000000003,29.499999999999996,70.5,117.99999999999999,28.626880155264434,240,59,0.0
691,59,141,29.5,1.18,2.8200000000000003,29.499999999999996,70.5,117.99999999999999,28.626880155264434,240,59,0.0
692,59,141,29.5,1.18,2.8200000000000003,29.499999999999996,70.5,117.99999999999999,28.626880155264434,240,59,0.0
693,59,141,29.5,1.18,2.8200000000000003,29.499999999999996,70.5,117.99999999999999,28.626880155264434,240,59,0.0
694,59,141,29.5,1.18,2.8200000000000003,29.499999999999996,70.5,117.99999999999999,28.626880155264434,240,59,0.0
695,59,141,29.5,1.18,2.8200000000000003,29.499999999999996,70.5,117.99999999999999,28.626880155264434,240,59,0.0
696,59,141,29.5,1.18,2.8200000000000003,29.499999999999996,70.5,117.99999999999999,28.626880155264434,240,59,0.0
697,59,141,29.5,1.18,2.8200000000000003,29.499999999999996,70.5,117.99999999999999,28.626880155264434,241,59,0.0
698,59,141,29.5,1.18,2.8200000000000003,29.499999999999996,70.5,117.99999999999999,28.626880155264434,242,59,0.0
699,59,141,29.5,1.18,2.8200000000000003,29.499999999999996,70.5,117.99999999999999,28.626880155264434,243,59,0.0
700,59,141,29.5,1.18,2.8200000000000003,29.499999999999996,70.5,117.99999999999999,28.626880155264434,243,59,0.0
701,59,141,29.5,1.18,2.8200000000000003,29.499999999999996,70.5,117.99999999999999,28.626880155264434,244,59,0.0
702,59,141,29.5,1.18,2.8200000000000003,29.499999999999996,70.5,117.99999999999999,28.626880155264434,244,59,0.0
703,60,140,30.0,1.2,2.8,30.0,70.0,120.0,29.11208151382824,245,60,2.000000000000014
704,60,140,30.0,1.2,2.8,30.0,70.0,120.0,29.11208151382824,245,60,0.0
705,60,140,30.0,1.2,2.8,30.0,70.0,120.0,29.11208151382824,245,60,0.0
706,60,140,30.0,1.2,2.8,30.0,70.0,120.0,29.11208151382824,245,60,0.0
707,60,140,30.0,1.2,2.8,30.0,70.0,120.0,29.11208151382824,246,60,0.0
708,60,140,30.0,1.2,2.8,30.0,70.0,120.0,29.11208151382824,246,60,0.0
709,60,140,30.0,1.2,2.8,30.0,70.0,120.0,29.11208151382824,246,60,0.0
710,60,140,30.0,1.2,2.8,30.0,70.0,120.0,29.11208151382824,247,60,0.0
711,60,140,30.0,1.2,2.8,30.0,70.0,120.0,29.11208151382824,248,60,0.0
712,60,140,30.0,1.2,2.8,30.0,70.0,120.0,29.11208151382824,248,60,0.0
713,60,140,30.0,1.2,2.8,30.0,70.0,120.0,29.11208151382824,248,60,0.0
714,60,140,30.0,1.2,2.8,30.0,70.0,120.0,29.11208151382824,248,60,0.0
715,60,140,30.0,1.2,2.8,30.0,70.0,120.0,29.11208151382824,248,60,0.0
716,60,140,30.0,1.2,2.8,30.0,70.0,120.0,29.11208151382824,248,60,0.0
717,60,140,30.0,1.2,2.8,30.0,70.0,120.0,29.11208151382824,248,60,0.0
718,60,140,30.0,1.2,2.8,30.0,70.0,120.0,29.11208151382824,248,60,0.0
719,60,140,30.0,1.2,2.8,30.0,70.0,120.0,29.11208151382824,248,60,0.0
720,60,140,30.0,1.2,2.8,30.0,70.0,120.0,29.11208151382824,248,60,0.0
721,61,139,30.5,1.22,2.7800000000000002,30.5,69.5,122.0,29.597282872392043,249,61,2.0
722,61,139,30.5,1.22,2.7800000000000002,30.5,69.5,122.0,29.597282872392043,249,61,0.0
723,63,137,31.5,1.26,2.74,31.5,68.5,126.0,30.567685589519648,251,63,4.0
724,63,137,31.5,1.26,2.74,31.5,68.5,126.0,30.567685589519648,251,63,0.0
725,63,137,31.5,1.26,2.74,31.5,68.5,126.0,30.567685589519648,251,63,0.0
726,63,137,31.5,1.26,2.74,31.5,68.5,126.0,30.567685589519648,251,63,0.0
727,63,137,31.5,1.26,2.74,31.5,68.5,126.0,30.567685589519648,251,63,0.0
728,63,137,31.5,1.26,2.74,31.5,68.5,126.0,30.567685589519648,251,63,0.0
729,63,137,31.5,1.26,2.74,31.5,68.5,126.0,30.567685589519648,251,63,0.0
730,63,137,31.5,1.26,2.74,31.5,68.5,126.0,30.567685589519648,251,63,0.0
731,63,137,31.5,1.26,2.74,31.5,68.5,126.0,30.567685589519648,251,63,0.0
732,63,137,31.5,1.26,2.74,31.5,68.5,126.0,30.567685589519648,251,63,0.0
733,63,137,31.5,1.26,2.74,31.5,68.5,126.0,30.567685589519648,251,63,0.0
734,63,137,31.5,1.26,2.74,31.5,68.5,126.0,30.567685589519648,251,63,0.0
735,63,137,31.5,1.26,2.74,31.5,68.5,126.0,30.567685589519648,251,63,0.0
736,63,137,31.5,1.26,2.74,31.5,68.5,126.0,30.567685589519648,251,63,0.0
737,63,137,31.5,1.26,2.74,31.5,68.5,126.0,30.567685589519648,251,63,0.0
738,63,137,31.5,1.26,2.74,31.5,68.5,126.0,30.567685589519648,251,63,0.0
739,63,137,31.5,1.26,2.74,31.5,68.5,126.0,30.567685589519648,251,63,0.0
740,63,137,31.5,1.26,2.74,31.5,68.5,126.0,30.567685589519648,251,63,0.0
741,63,137,31.5,1.26,2.74,31.5,68.5,126.0,30.567685589519648,251,63,0.0
742,63,137,31.5,1.26,2.74,31.5,68.5,126.0,30.567685589519648,252,63,0.0
743,63,137,31.5,1.26,2.74,31.5,68.5,126.0,30.567685589519648,252,63,0.0
744,63,137,31.5,1.26,2.74,31.5,68.5,126.0,30.567685589519648,252,63,0.0
745,63,137,31.5,1.26,2.74,31.5,68.5,126.0,30.567685589519648,252,63,0.0
746,64,136,32.0,1.28,2.7199999999999998,32.0,67.99999999999999,128.0,31.052886948083458,254,64,2.0
747,65,135,32.5,1.3,2.7,32.5,67.5,130.0,31.53808830664726,255,65,2.0
748,65,135,32.5,1.3,2.7,32.5,67.5,130.0,31.53808830664726,255,65,0.0
749,65,135,32.5,1.3,2.7,32.5,67.5,130.0,31.53808830664726,255,65,0.0
750,65,135,32.5,1.3,2.7,32.5,67.5,130.0,31.53808830664726,256,65,0.0
751,65,135,32.5,1.3,2.7,32.5,67.5,130.0,31.53808830664726,257,65,0.0
752,65,135,32.5,1.3,2.7,32.5,67.5,130.0,31.53808830664726,258,65,0.0
753,65,135,32.5,1.3,2.7,32.5,67.5,130.0,31.53808830664726,258,65,0.0
754,65,135,32.5,1.3,2.7,32.5,67.5,130.0,31.53808830664726,258,65,0.0
755,65,135,32.5,1.3,2.7,32.5,67.5,130.0,31.53808830664726,258,65,0.0
756,65,135,32.5,1.3,2.7,32.5,67.5,130.0,31.53808830664726,258,65,0.0
757,65,135,32.5,1.3,2.7,32.5,67.5,130.0,31.53808830664726,258,65,0.0
758,65,135,32.5,1.3,2.7,32.5,67.5,130.0,31.53808830664726,259,65,0.0
759,65,135,32.5,1.3,2.7,32.5,67.5,130.0,31.53808830664726,259,65,0.0
760,65,135,32.5,1.3,2.7,32.5,67.5,130.0,31.53808830664726,259,65,0.0
761,65,135,32.5,1.3,2.7,32.5,67.5,130.0,31.53808830664726,259,65,0.0
762,65,135,32.5,1.3,2.7,32.5,67.5,130.0,31.53808830664726,259,65,0.0
763,65,135,32.5,1.3,2.7,32.5,67.5,130.0,31.53808830664726,259,65,0.0
764,65,135,32.5,1.3,2.7,32.5,67.5,130.0,31.53808830664726,259,65,0.0
765,65,135,32.5,1.3,2.7,32.5,67.5,130.0,31.53808830664726,259,65,0.0
766,65,135,32.5,1.3,2.7,32.5,67.5,130.0,31.53808830664726,260,65,0.0
767,65,135,32.5,1.3,2.7,32.5,67.5,130.0,31.53808830664726,260,65,0.0
768,65,135,32.5,1.3,2.7,32.5,67.5,130.0,31.53808830664726,260,65,0.0
769,65,135,32.5,1.3,2.7,32.5,67.5,130.0,31.53808830664726,260,65,0.0
770,65,135,32.5,1.3,2.7,32.5,67.5,130.0,31.53808830664726,260,65,0.0
771,65,135,32.5,1.3,2.7,32.5,67.5,130.0,31.53808830664726,260,65,0.0
772,65,135,32.5,1.3,2.7,32.5,67.5,130.0,31.53808830664726,260,65,0.0
773,65,135,32.5,1.3,2.7,32.5,67.5,130.0,31.53808830664726,260,65,0.0
774,65,135,32.5,1.3,2.7,32.5,67.5,130.0,31.53808830664726,260,65,0.0
775,65,135,32.5,1.3,2.7,32.5,67.5,130.0,31.53808830664726,260,65,0.0
776,65,135,32.5,1.3,2.7,32.5,67.5,130.0,31.53808830664726,260,65,0.0
777,65,135,32.5,1.3,2.7,32.5,67.5,130.0,31.53808830664726,261,65,0.0
778,65,135,32.5,1.3,2.7,32.5,67.5,130.0,31.53808830664726,261,65,0.0
779,65,135,32.5,1.3,2.7,32.5,67.5,130.0,31.53808830664726,261,65,0.0
780,65,135,32.5,1.3,2.7,32.5,67.5,130.0,31.53808830664726,261,65,0.0
781,65,135,32.5,1.3,2.7,32.5,67.5,130.0,31.53808830664726,261,65,0.0
782,66,134,33.0,1.32,2.6799999999999997,33.0,66.99999999999999,132.0,32.02328966521107,262,66,2.0
783,66,134,33.0,1.32,2.6799999999999997,33.0,66.99999999999999,132.0,32.02328966521107,262,66,0.0
784,66,134,33.0,1.32,2.6799999999999997,33.0,66.99999999999999,132.0,32.02328966521107,262,66,0.0
785,66,134,33.0,1.32,2.6799999999999997,33.0,66.99999999999999,132.0,32.02328966521107,262,66,0.0
786,66,134,33.0,1.32,2.6799999999999997,33.0,66.99999999999999,132.0,32.02328966521107,262,66,0.0
787,66,134,33.0,1.32,2.6799999999999997,33.0,66.99999999999999,132.0,32.02328966521107,262,66,0.0
788,66,134,33.0,1.32,2.6799999999999997,33.0,66.99999999999999,132.0,32.02328966521107,262,66,0.0
789,66,134,33.0,1.32,2.6799999999999997,33.0,66.99999999999999,132.0,32.02328966521107,262,66,0.0
790,66,134,33.0,1.32,2.6799999999999997,33.0,66.99999999999999,132.0,32.02328966521107,262,66,0.0
791,66,134,33.0,1.32,2.6799999999999997,33.0,66.99999999999999,132.0,32.02328966521107,263,66,0.0
792,66,134,33.0,1.32,2.6799999999999997,33.0,66.99999999999999,132.0,32.02328966521107,263,66,0.0
793,66,134,33.0,1.32,2.6799999999999997,33.0,66.99999999999999,132.0,32.02328966521107,263,66,0.0
794,66,134,33.0,1.32,2.6799999999999997,33.0,66.99999999999999,132.0,32.02328966521107,263,66,0.0
795,66,134,33.0,1.32,2.6799999999999997,33.0,66.99999999999999,132.0,32.02328966521107,263,66,0.0
796,66,134,33.0,1.32,2.6799999999999997,33.0,66.99999999999999,132.0,32.02328966521107,263,66,0.0
797,66,134,33.0,1.32,2.6799999999999997,33.0,66.99999999999999,132.0,32.02328966521107,263,66,0.0
798,66,134,33.0,1.32,2.6799999999999997,33.0,66.99999999999999,132.0,32.02328966521107,263,66,0.0
799,66,134,33.0,1.32,2.6799999999999997,33.0,66.99999999999999,132.0,32.02328966521107,264,66,0.0
800,66,134,33.0,1.32,2.6799999999999997,33.0,66.99999999999999,132.0,32.02328966521107,265,66,0.0
801,66,134,33.0,1.32,2.6799999999999997,33.0,66.99999999999999,132.0,32.02328966521107,266,66,0.0
802,66,134,33.0,1.32,2.6799999999999997,33.0,66.99999999999999,132.0,32.02328966521107,266,66,0.0
803,67,133,33.5,1.34,2.66,33.5,66.5,134.0,32.508491023774866,267,67,2.0
804,68,132,34.0,1.36,2.6399999999999997,34.0,65.99999999999999,136.0,32.99369238233867,268,68,2.0
805,68,132,34.0,1.36,2.6399999999999997,34.0,65.99999999999999,136.0,32.99369238233867,269,68,0.0
806,68,132,34.0,1.36,2.6399999999999997,34.0,65.99999999999999,136.0,32.99369238233867,270,68,0.0
807,69,131,34.5,1.3800000000000001,2.62,34.5,65.5,138.0,33.47889374090248,271,69,2.0
808,69,131,34.5,1.3800000000000001,2.62,34.5,65.5,138.0,33.47889374090248,271,69,0.0
809,69,131,34.5,1.3800000000000001,2.62,34.5,65.5,138.0,33.47889374090248,271,69,0.0
810,69,131,34.5,1.3800000000000001,2.62,34.5,65.5,138.0,33.47889374090248,271,69,0.0
811,69,131,34.5,1.3800000000000001,2.62,34.5,65.5,138.0,33.47889374090248,271,69,0.0
812,69,131,34.5,1.3800000000000001,2.62,34.5,65.5,138.0,33.47889374090248,271,69,0.0
813,69,131,34.5,1.3800000000000001,2.62,34.5,65.5,138.0,33.47889374090248,271,69,0.0
814,69,131,34.5,1.3800000000000001,2.62,34.5,65.5,138.0,33.47889374090248,271,69,0.0
815,69,131,34.5,1.3800000000000001,2.62,34.5,65.5,138.0,33.47889374090248,271,69,0.0
816,69,131,34.5,1.3800000000000001,2.62,34.5,65.5,138.0,33.47889374090248,271,69,0.0
817,69,131,34.5,1.3800000000000001,2.62,34.5,65.5,138.0,33.47889374090248,271,69,0.0
818,70,130,35.0,1.4000000000000001,2.5999999999999996,35.0,64.99999999999999,140.0,33.96409509946628,272,70,2.0
819,70,130,35.0,1.4000000000000001,2.5999999999999996,35.0,64.99999999999999,140.0,33.96409509946628,272,70,0.0
820,70,130,35.0,1.4000000000000001,2.5999999999999996,35.0,64.99999999999999,140.0,33.96409509946628,272,70,0.0
821,70,130,35.0,1.4000000000000001,2.5999999999999996,35.0,64.99999999999999,140.0,33.96409509946628,272,70,0.0
822,70,130,35.0,1.4000000000000001,2.5999999999999996,35.0,64.99999999999999,140.0,33.96409509946628,273,70,0.0
823,70,130,35.0,1.4000000000000001,2.5999999999999996,35.0,64.99999999999999,140.0,33.96409509946628,273,70,0.0
824,70,130,35.0,1.4000000000000001,2.5999999999999996,35.0,64.99999999999999,140.0,33.96409509946628,273,70,0.0
825,70,130,35.0,1.4000000000000001,2.5999999999999996,35.0,64.99999999999999,140.0,33.96409509946628,273,70,0.0
826,70,130,35.0,1.4000000000000001,2.5999999999999996,35.0,64.99999999999999,140.0,33.96409509946628,273,70,0.0
827,70,130,35.0,1.4000000000000001,2.5999999999999996,35.0,64.99999999999999,140.0,33.96409509946628,273,70,0.0
828,70,130,35.0,1.4000000000000001,2.5999999999999996,35.0,64.99999999999999,140.0,33.96409509946628,273,70,0.0
829,70,130,35.0,1.4000000000000001,2.5999999999999996,35.0,64.99999999999999,140.0,33.96409509946628,274,70,0.0
830,70,130,35.0,1.4000000000000001,2.5999999999999996,35.0,64.99999999999999,140.0,33.96409509946628,275,70,0.0
831,70,130,35.0,1.4000000000000001,2.5999999999999996,35.0,64.99999999999999,140.0,33.96409509946628,275,70,0.0
832,70,130,35.0,1.4000000000000001,2.5999999999999996,35.0,64.99999999999999,140.0,33.96409509946628,275,70,0.0
833,70,130,35.0,1.4000000000000001,2.5999999999999996,35.0,64.99999999999999,140.0,33.96409509946628,275,70,0.0
834,70,130,35.0,1.4000000000000001,2.5999999999999996,35.0,64.99999999999999,140.0,33.96409509946628,275,70,0.0
835,70,130,35.0,1.4000000000000001,2.5999999999999996,35.0,64.99999999999999,140.0,33.96409509946628,275,70,0.0
836,70,130,35.0,1.4000000000000001,2.5999999999999996,35.0,64.99999999999999,140.0,33.96409509946628,276,70,0.0
837,70,130,35.0,1.4000000000000001,2.5999999999999996,35.0,64.99999999999999,140.0,33.96409509946628,276,70,0.0
838,70,130,35.0,1.4000000000000001,2.5999999999999996,35.0,64.99999999999999,140.0,33.96409509946628,276,70,0.0
839,70,130,35.0,1.4000000000000001,2.5999999999999996,35.0,64.99999999999999,140.0,33.96409509946628,277,70,0.0
840,70,130,35.0,1.4000000000000001,2.5999999999999996,35.0,64.99999999999999,140.0,33.96409509946628,279,70,0.0
841,70,130,35.0,1.4000000000000001,2.5999999999999996,35.0,64.99999999999999,140.0,33.96409509946628,280,70,0.0
842,70,130,35.0,1.4000000000000001,2.5999999999999996,35.0,64.99999999999999,140.0,33.96409509946628,282,70,0.0
843,70,130,35.0,1.4000000000000001,2.5999999999999996,35.0,64.99999999999999,140.0,33.96409509946628,282,70,0.0
844,70,130,35.0,1.4000000000000001,2.5999999999999996,35.0,64.99999999999999,140.0,33.96409509946628,282,70,0.0
845,70,130,35.0,1.4000000000000001,2.5999999999999996,35.0,64.99999999999999,140.0,33.96409509946628,283,70,0.0
846,70,130,35.0,1.4000000000000001,2.5999999999999996,35.0,64.99999999999999,140.0,33.96409509946628,283,70,0.0
847,70,130,35.0,1.4000000000000001,2.5999999999999996,35.0,64.99999999999999,140.0,33.96409509946628,283,70,0.0
848,70,130,35.0,1.4000000000000001,2.5999999999999996,35.0,64.99999999999999,140.0,33.96409509946628,283,70,0.0
849,70,130,35.0,1.4000000000000001,2.5999999999999996,35.0,64.99999999999999,140.0,33.96409509946628,283,70,0.0
850,70,130,35.0,1.4000000000000001,2.5999999999999996,35.0,64.99999999999999,140.0,33.96409509946628,284,70,0.0
851,71,129,35.5,1.42,2.58,35.5,64.5,142.0,34.449296458030084,285,71,2.0
852,71,129,35.5,1.42,2.58,35.5,64.5,142.0,34.449296458030084,285,71,0.0
853,71,129,35.5,1.42,2.58,35.5,64.5,142.0,34.449296458030084,286,71,0.0
854,72,128,36.0,1.44,2.56,36.0,64.0,144.0,34.93449781659389,288,72,2.0
855,72,128,36.0,1.44,2.56,36.0,64.0,144.0,34.93449781659389,288,72,0.0
856,72,128,36.0,1.44,2.56,36.0,64.0,144.0,34.93449781659389,288,72,0.0
857,72,128,36.0,1.44,2.56,36.0,64.0,144.0,34.93449781659389,288,72,0.0
858,72,128,36.0,1.44,2.56,36.0,64.0,144.0,34.93449781659389,288,72,0.0
859,72,128,36.0,1.44,2.56,36.0,64.0,144.0,34.93449781659389,288,72,0.0
860,72,128,36.0,1.44,2.56,36.0,64.0,144.0,34.93449781659389,289,72,0.0
861,72,128,36.0,1.44,2.56,36.0,64.0,144.0,34.93449781659389,291,72,0.0
862,72,128,36.0,1.44,2.56,36.0,64.0,144.0,34.93449781659389,291,72,0.0
863,72,128,36.0,1.44,2.56,36.0,64.0,144.0,34.93449781659389,292,72,0.0
864,72,128,36.0,1.44,2.56,36.0,64.0,144.0,34.93449781659389,292,72,0.0
865,72,128,36.0,1.44,2.56,36.0,64.0,144.0,34.93449781659389,293,72,0.0
866,72,128,36.0,1.44,2.56,36.0,64.0,144.0,34.93449781659389,293,72,0.0
867,72,128,36.0,1.44,2.56,36.0,64.0,144.0,34.93449781659389,294,72,0.0
868,72,128,36.0,1.44,2.56,36.0,64.0,144.0,34.93449781659389,296,72,0.0
869,73,127,36.5,1.46,2.54,36.5,63.5,146.0,35.419699175157696,297,73,2.0
870,73,127,36.5,1.46,2.54,36.5,63.5,146.0,35.419699175157696,298,73,0.0
871,74,126,37.0,1.48,2.52,37.0,63.0,148.0,35.904900533721495,299,74,2.0
872,74,126,37.0,1.48,2.52,37.0,63.0,148.0,35.904900533721495,299,74,0.0
873,74,126,37.0,1.48,2.52,37.0,63.0,148.0,35.904900533721495,299,74,0.0
874,74,126,37.0,1.48,2.52,37.0,63.0,148.0,35.904900533721495,299,74,0.0
875,74,126,37.0,1.48,2.52,37.0,63.0,148.0,35.904900533721495,299,74,0.0
876,74,126,37.0,1.48,2.52,37.0,63.0,148.0,35.904900533721495,299,74,0.0
877,74,126,37.0,1.48,2.52,37.0,63.0,148.0,35.904900533721495,299,74,0.0
878,74,126,37.0,1.48,2.52,37.0,63.0,148.0,35.904900533721495,299,74,0.0
879,74,126,37.0,1.48,2.52,37.0,63.0,148.0,35.904900533721495,299,74,0.0
880,74,126,37.0,1.48,2.52,37.0,63.0,148.0,35.904900533721495,300,74,0.0
881,74,126,37.0,1.48,2.52,37.0,63.0,148.0,35.904900533721495,300,74,0.0
882,74,126,37.0,1.48,2.52,37.0,63.0,148.0,35.904900533721495,300,74,0.0
883,74,126,37.0,1.48,2.52,37.0,63.0,148.0,35.904900533721495,300,74,0.0
884,74,126,37.0,1.48,2.52,37.0,63.0,148.0,35.904900533721495,300,74,0.0
885,74,126,37.0,1.48,2.52,37.0,63.0,148.0,35.904900533721495,300,74,0.0
886,74,126,37.0,1.48,2.52,37.0,63.0,148.0,35.904900533721495,300,74,0.0
887,74,126,37.0,1.48,2.52,37.0,63.0,148.0,35.904900533721495,300,74,0.0
888,74,126,37.0,1.48,2.52,37.0,63.0,148.0,35.904900533721495,300,74,0.0
889,75,125,37.5,1.5,2.5,37.5,62.5,150.0,36.3901018922853,301,75,2.0
890,75,125,37.5,1.5,2.5,37.5,62.5,150.0,36.3901018922853,302,75,0.0
891,76,124,38.0,1.52,2.48,38.0,62.0,152.0,36.8753032508491,303,76,2.0
892,76,124,38.0,1.52,2.48,38.0,62.0,152.0,36.8753032508491,303,76,0.0
893,77,123,38.5,1.54,2.46,38.5,61.5,154.0,37.36050460941291,304,77,2.0
894,77,123,38.5,1.54,2.46,38.5,61.5,154.0,37.36050460941291,305,77,0.0
895,77,123,38.5,1.54,2.46,38.5,61.5,154.0,37.36050460941291,305,77,0.0
896,77,123,38.5,1.54,2.46,38.5,61.5,154.0,37.36050460941291,305,77,0.0
897,77,123,38.5,1.54,2.46,38.5,61.5,154.0,37.36050460941291,306,77,0.0
898,77,123,38.5,1.54,2.46,38.5,61.5,154.0,37.36050460941291,306,77,0.0
899,77,123,38.5,1.54,2.46,38.5,61.5,154.0,37.36050460941291,307,77,0.0
900,77,123,38.5,1.54,2.46,38.5,61.5,154.0,37.36050460941291,307,77,0.0
901,77,123,38.5,1.54,2.46,38.5,61.5,154.0,37.36050460941291,307,77,0.0
902,77,123,38.5,1.54,2.46,38.5,61.5,154.0,37.36050460941291,308,77,0.0
903,77,123,38.5,1.54,2.46,38.5,61.5,154.0,37.36050460941291,308,77,0.0
904,77,123,38.5,1.54,2.46,38.5,61.5,154.0,37.36050460941291,308,77,0.0
905,77,123,38.5,1.54,2.46,38.5,61.5,154.0,37.36050460941291,308,77,0.0
906,77,123,38.5,1.54,2.46,38.5,61.5,154.0,37.36050460941291,308,77,0.0
907,77,123,38.5,1.54,2.46,38.5,61.5,154.0,37.36050460941291,308,77,0.0
908,77,123,38.5,1.54,2.46,38.5,61.5,154.0,37.36050460941291,308,77,0.0
909,77,123,38.5,1.54,2.46,38.5,61.5,154.0,37.36050460941291,308,77,0.0
910,77,123,38.5,1.54,2.46,38.5,61.5,154.0,37.36050460941291,308,77,0.0
911,77,123,38.5,1.54,2.46,38.5,61.5,154.0,37.36050460941291,308,77,0.0
912,77,123,38.5,1.54,2.46,38.5,61.5,154.0,37.36050460941291,308,77,0.0
913,77,123,38.5,1.54,2.46,38.5,61.5,154.0,37.36050460941291,309,77,0.0
914,77,123,38.5,1.54,2.46,38.5,61.5,154.0,37.36050460941291,310,77,0.0
915,77,123,38.5,1.54,2.46,38.5,61.5,154.0,37.36050460941291,310,77,0.0
916,77,123,38.5,1.54,2.46,38.5,61.5,154.0,37.36050460941291,310,77,0.0
917,77,123,38.5,1.54,2.46,38.5,61.5,154.0,37.36050460941291,311,77,0.0
918,77,123,38.5,1.54,2.46,38.5,61.5,154.0,37.36050460941291,311,77,0.0
919,77,123,38.5,1.54,2.46,38.5,61.5,154.0,37.36050460941291,311,77,0.0
920,77,123,38.5,1.54,2.46,38.5,61.5,154.0,37.36050460941291,311,77,0.0
921,77,123,38.5,1.54,2.46,38.5,61.5,154.0,37.36050460941291,311,77,0.0
922,77,123,38.5,1.54,2.46,38.5,61.5,154.0,37.36050460941291,311,77,0.0
923,77,123,38.5,1.54,2.46,38.5,61.5,154.0,37.36050460941291,311,77,0.0
924,77,123,38.5,1.54,2.46,38.5,61.5,154.0,37.36050460941291,311,77,0.0
925,77,123,38.5,1.54,2.46,38.5,61.5,154.0,37.36050460941291,311,77,0.0
926,77,123,38.5,1.54,2.46,38.5,61.5,154.0,37.36050460941291,311,77,0.0
927,77,123,38.5,1.54,2.46,38.5,61.5,154.0,37.36050460941291,312,77,0.0
928,77,123,38.5,1.54,2.46,38.5,61.5,154.0,37.36050460941291,312,77,0.0
929,77,123,38.5,1.54,2.46,38.5,61.5,154.0,37.36050460941291,312,77,0.0
930,77,123,38.5,1.54,2.46,38.5,61.5,154.0,37.36050460941291,312,77,0.0
931,77,123,38.5,1.54,2.46,38.5,61.5,154.0,37.36050460941291,312,77,0.0
932,77,123,38.5,1.54,2.46,38.5,61.5,154.0,37.36050460941291,312,77,0.0
933,77,123,38.5,1.54,2.46,38.5,61.5,154.0,37.36050460941291,312,77,0.0
934,77,123,38.5,1.54,2.46,38.5,61.5,154.0,37.36050460941291,312,77,0.0
935,77,123,38.5,1.54,2.46,38.5,61.5,154.0,37.36050460941291,312,77,0.0
936,77,123,38.5,1.54,2.46,38.5,61.5,154.0,37.36050460941291,312,77,0.0
937,77,123,38.5,1.54,2.46,38.5,61.5,154.0,37.36050460941291,312,77,0.0
938,77,123,38.5,1.54,2.46,38.5,61.5,154.0,37.36050460941291,312,77,0.0
939,77,123,38.5,1.54,2.46,38.5,61.5,154.0,37.36050460941291,312,77,0.0
940,77,123,38.5,1.54,2.46,38.5,61.5,154.0,37.36050460941291,312,77,0.0
941,77,123,38.5,1.54,2.46,38.5,61.5,154.0,37.36050460941291,312,77,0.0
942,77,123,38.5,1.54,2.46,38.5,61.5,154.0,37.36050460941291,312,77,0.0
943,77,123,38.5,1.54,2.46,38.5,61.5,154.0,37.36050460941291,312,77,0.0
944,77,123,38.5,1.54,2.46,38.5,61.5,154.0,37.36050460941291,312,77,0.0
945,77,123,38.5,1.54,2.46,38.5,61.5,154.0,37.36050460941291,312,77,0.0
946,77,123,38.5,1.54,2.46,38.5,61.5,154.0,37.36050460941291,312,77,0.0
947,77,123,38.5,1.54,2.46,38.5,61.5,154.0,37.36050460941291,313,77,0.0
948,77,123,38.5,1.54,2.46,38.5,61.5,154.0,37.36050460941291,313,77,0.0
949,77,123,38.5,1.54,2.46,38.5,61.5,154.0,37.36050460941291,313,77,0.0
950,77,123,38.5,1.54,2.46,38.5,61.5,154.0,37.36050460941291,313,77,0.0
951,77,123,38.5,1.54,2.46,38.5,61.5,154.0,37.36050460941291,313,77,0.0
952,77,123,38.5,1.54,2.46,38.5,61.5,154.0,37.36050460941291,313,77,0.0
953,77,123,38.5,1.54,2.46,38.5,61.5,154.0,37.36050460941291,313,77,0.0
954,77,123,38.5,1.54,2.46,38.5,61.5,154.0,37.36050460941291,313,77,0.0
955,77,123,38.5,1.54,2.46,38.5,61.5,154.0,37.36050460941291,313,77,0.0
956,77,123,38.5,1.54,2.46,38.5,61.5,154.0,37.36050460941291,313,77,0.0
957,77,123,38.5,1.54,2.46,38.5,61.5,154.0,37.36050460941291,313,77,0.0
958,77,123,38.5,1.54,2.46,38.5,61.5,154.0,37.36050460941291,313,77,0.0
959,77,123,38.5,1.54,2.46,38.5,61.5,154.0,37.36050460941291,313,77,0.0
960,77,123,38.5,1.54,2.46,38.5,61.5,154.0,37.36050460941291,313,77,0.0
961,77,123,38.5,1.54,2.46,38.5,61.5,154.0,37.36050460941291,313,77,0.0
962,77,123,38.5,1.54,2.46,38.5,61.5,154.0,37.36050460941291,313,77,0.0
963,77,123,38.5,1.54,2.46,38.5,61.5,154.0,37.36050460941291,313,77,0.0
964,77,123,38.5,1.54,2.46,38.5,61.5,154.0,37.36050460941291,313,77,0.0
965,77,123,38.5,1.54,2.46,38.5,61.5,154.0,37.36050460941291,313,77,0.0
966,77,123,38.5,1.54,2.46,38.5,61.5,154.0,37.36050460941291,313,77,0.0
967,77,123,38.5,1.54,2.46,38.5,61.5,154.0,37.36050460941291,313,77,0.0
968,77,123,38.5,1.54,2.46,38.5,61.5,154.0,37.36050460941291,313,77,0.0
969,77,123,38.5,1.54,2.46,38.5,61.5,154.0,37.36050460941291,313,77,0.0
970,77,123,38.5,1.54,2.46,38.5,61.5,154.0,37.36050460941291,313,77,0.0
971,77,123,38.5,1.54,2.46,38.5,61.5,154.0,37.36050460941291,313,77,0.0
972,77,123,38.5,1.54,2.46,38.5,61.5,154.0,37.36050460941291,313,77,0.0
973,77,123,38.5,1.54,2.46,38.5,61.5,154.0,37.36050460941291,313,77,0.0
974,77,123,38.5,1.54,2.46,38.5,61.5,154.0,37.36050460941291,313,77,0.0
975,77,123,38.5,1.54,2.46,38.5,61.5,154.0,37.36050460941291,313,77,0.0
976,77,123,38.5,1.54,2.46,38.5,61.5,154.0,37.36050460941291,313,77,0.0
977,77,123,38.5,1.54,2.46,38.5,61.5,154.0,37.36050460941291,313,77,0.0
978,77,123,38.5,1.54,2.46,38.5,61.5,154.0,37.36050460941291,313,77,0.0
979,77,123,38.5,1.54,2.46,38.5,61.5,154.0,37.36050460941291,314,77,0.0
980,77,123,38.5,1.54,2.46,38.5,61.5,154.0,37.36050460941291,314,77,0.0
981,77,123,38.5,1.54,2.46,38.5,61.5,154.0,37.36050460941291,315,77,0.0
982,77,123,38.5,1.54,2.46,38.5,61.5,154.0,37.36050460941291,316,77,0.0
983,77,123,38.5,1.54,2.46,38.5,61.5,154.0,37.36050460941291,317,77,0.0
984,77,123,38.5,1.54,2.46,38.5,61.5,154.0,37.36050460941291,318,77,0.0
985,78,122,39.0,1.56,2.44,39.0,61.0,156.0,37.84570596797671,319,78,2.0
986,78,122,39.0,1.56,2.44,39.0,61.0,156.0,37.84570596797671,319,78,0.0
987,78,122,39.0,1.56,2.44,39.0,61.0,156.0,37.84570596797671,320,78,0.0
988,78,122,39.0,1.56,2.44,39.0,61.0,156.0,37.84570596797671,320,78,0.0
989,78,122,39.0,1.56,2.44,39.0,61.0,156.0,37.84570596797671,321,78,0.0
990,79,121,39.5,1.58,2.42,39.5,60.5,158.0,38.33090732654051,322,79,2.0
991,79,121,39.5,1.58,2.42,39.5,60.5,158.0,38.33090732654051,322,79,0.0
992,79,121,39.5,1.58,2.42,39.5,60.5,158.0,38.33090732654051,322,79,0.0
993,79,121,39.5,1.58,2.42,39.5,60.5,158.0,38.33090732654051,322,79,0.0
994,79,121,39.5,1.58,2.42,39.5,60.5,158.0,38.33090732654051,322,79,0.0
995,79,121,39.5,1.58,2.42,39.5,60.5,158.0,38.33090732654051,322,79,0.0
996,79,121,39.5,1.58,2.42,39.5,60.5,158.0,38.33090732654051,322,79,0.0
997,79,121,39.5,1.58,2.42,39.5,60.5,158.0,38.33090732654051,322,79,0.0
998,79,121,39.5,1.58,2.42,39.5,60.5,158.0,38.33090732654051,322,79,0.0
999,79,121,39.5,1.58,2.42,39.5,60.5,158.0,38.33090732654051,322,79,0.0
1000,79,121,39.5,1.58,2.42,39.5,60.5,158.0,38.33090732654051,322,79,0.0
1001,79,121,39.5,1.58,2.42,39.5,60.5,158.0,38.33090732654051,322,79,0.0
1002,79,121,39.5,1.58,2.42,39.5,60.5,158.0,38.33090732654051,323,79,0.0
1003,79,121,39.5,1.58,2.42,39.5,60.5,158.0,38.33090732654051,323,79,0.0
1004,79,121,39.5,1.58,2.42,39.5,60.5,158.0,38.33090732654051,323,79,0.0
1005,79,121,39.5,1.58,2.42,39.5,60.5,158.0,38.33090732654051,323,79,0.0
1006,79,121,39.5,1.58,2.42,39.5,60.5,158.0,38.33090732654051,323,79,0.0
1007,79,121,39.5,1.58,2.42,39.5,60.5,158.0,38.33090732654051,323,79,0.0
1008,79,121,39.5,1.58,2.42,39.5,60.5,158.0,38.33090732654051,323,79,0.0
1009,79,121,39.5,1.58,2.42,39.5,60.5,158.0,38.33090732654051,324,79,0.0
1010,79,121,39.5,1.58,2.42,39.5,60.5,158.0,38.33090732654051,324,79,0.0
1011,79,121,39.5,1.58,2.42,39.5,60.5,158.0,38.33090732654051,325,79,0.0
1012,79,121,39.5,1.58,2.42,39.5,60.5,158.0,38.33090732654051,325,79,0.0
1013,79,121,39.5,1.58,2.42,39.5,60.5,158.0,38.33090732654051,325,79,0.0
1014,79,121,39.5,1.58,2.42,39.5,60.5,158.0,38.33090732654051,325,79,0.0
1015,79,121,39.5,1.58,2.42,39.5,60.5,158.0,38.33090732654051,325,79,0.0
1016,79,121,39.5,1.58,2.42,39.5,60.5,158.0,38.33090732654051,325,79,0.0
1017,79,121,39.5,1.58,2.42,39.5,60.5,158.0,38.33090732654051,325,79,0.0
1018,79,121,39.5,1.58,2.42,39.5,60.5,158.0,38.33090732654051,325,79,0.0
1019,79,121,39.5,1.58,2.42,39.5,60.5,158.0,38.33090732654051,325,79,0.0
1020,79,121,39.5,1.58,2.42,39.5,60.5,158.0,38.33090732654051,325,79,0.0
1021,79,121,39.5,1.58,2.42,39.5,60.5,158.0,38.33090732654051,325,79,0.0
1022,79,121,39.5,1.58,2.42,39.5,60.5,158.0,38.33090732654051,325,79,0.0
1023,79,121,39.5,1.58,2.42,39.5,60.5,158.0,38.33090732654051,325,79,0.0
1024,79,121,39.5,1.58,2.42,39.5,60.5,158.0,38.33090732654051,325,79,0.0
1025,79,121,39.5,1.58,2.42,39.5,60.5,158.0,38.33090732654051,325,79,0.0
1026,79,121,39.5,1.58,2.42,39.5,60.5,158.0,38.33090732654051,325,79,0.0
1027,79,121,39.5,1.58,2.42,39.5,60.5,158.0,38.33090732654051,325,79,0.0
1028,79,121,39.5,1.58,2.42,39.5,60.5,158.0,38.33090732654051,325,79,0.0
1029,79,121,39.5,1.58,2.42,39.5,60.5,158.0,38.33090732654051,326,79,0.0
1030,80,120,40.0,1.6,2.4,40.0,60.0,160.0,38.81610868510432,327,80,2.0
1031,80,120,40.0,1.6,2.4,40.0,60.0,160.0,38.81610868510432,327,80,0.0
1032,80,120,40.0,1.6,2.4,40.0,60.0,160.0,38.81610868510432,327,80,0.0
1033,80,120,40.0,1.6,2.4,40.0,60.0,160.0,38.81610868510432,327,80,0.0
1034,80,120,40.0,1.6,2.4,40.0,60.0,160.0,38.81610868510432,327,80,0.0
1035,80,120,40.0,1.6,2.4,40.0,60.0,160.0,38.81610868510432,327,80,0.0
1036,80,120,40.0,1.6,2.4,40.0,60.0,160.0,38.81610868510432,327,80,0.0
1037,80,120,40.0,1.6,2.4,40.0,60.0,160.0,38.81610868510432,327,80,0.0
1038,80,120,40.0,1.6,2.4,40.0,60.0,160.0,38.81610868510432,327,80,0.0
1039,80,120,40.0,1.6,2.4,40.0,60.0,160.0,38.81610868510432,327,80,0.0
1040,80,120,40.0,1.6,2.4,40.0,60.0,160.0,38.81610868510432,327,80,0.0
1041,80,120,40.0,1.6,2.4,40.0,60.0,160.0,38.81610868510432,327,80,0.0
1042,80,120,40.0,1.6,2.4,40.0,60.0,160.0,38.81610868510432,327,80,0.0
1043,80,120,40.0,1.6,2.4,40.0,60.0,160.0,38.81610868510432,327,80,0.0
1044,80,120,40.0,1.6,2.4,40.0,60.0,160.0,38.81610868510432,327,80,0.0
1045,80,120,40.0,1.6,2.4,40.0,60.0,160.0,38.81610868510432,328,80,0.0
1046,80,120,40.0,1.6,2.4,40.0,60.0,160.0,38.81610868510432,329,80,0.0
1047,80,120,40.0,1.6,2.4,40.0,60.0,160.0,38.81610868510432,329,80,0.0
1048,80,120,40.0,1.6,2.4,40.0,60.0,160.0,38.81610868510432,329,80,0.0
1049,80,120,40.0,1.6,2.4,40.0,60.0,160.0,38.81610868510432,329,80,0.0
1050,80,120,40.0,1.6,2.4,40.0,60.0,160.0,38.81610868510432,329,80,0.0
1051,80,120,40.0,1.6,2.4,40.0,60.0,160.0,38.81610868510432,330,80,0.0
1052,80,120,40.0,1.6,2.4,40.0,60.0,160.0,38.81610868510432,330,80,0.0
1053,80,120,40.0,1.6,2.4,40.0,60.0,160.0,38.81610868510432,330,80,0.0
1054,80,120,40.0,1.6,2.4,40.0,60.0,160.0,38.81610868510432,330,80,0.0
1055,80,120,40.0,1.6,2.4,40.0,60.0,160.0,38.81610868510432,330,80,0.0
1056,80,120,40.0,1.6,2.4,40.0,60.0,160.0,38.81610868510432,330,80,0.0
1057,80,120,40.0,1.6,2.4,40.0,60.0,160.0,38.81610868510432,330,80,0.0
1058,80,120,40.0,1.6,2.4,40.0,60.0,160.0,38.81610868510432,330,80,0.0
1059,80,120,40.0,1.6,2.4,40.0,60.0,160.0,38.81610868510432,330,80,0.0
1060,80,120,40.0,1.6,2.4,40.0,60.0,160.0,38.81610868510432,330,80,0.0
1061,80,120,40.0,1.6,2.4,40.0,60.0,160.0,38.81610868510432,330,80,0.0
1062,80,120,40.0,1.6,2.4,40.0,60.0,160.0,38.81610868510432,330,80,0.0
1063,80,120,40.0,1.6,2.4,40.0,60.0,160.0,38.81610868510432,330,80,0.0
1064,80,120,40.0,1.6,2.4,40.0,60.0,160.0,38.81610868510432,330,80,0.0
1065,80,120,40.0,1.6,2.4,40.0,60.0,160.0,38.81610868510432,330,80,0.0
1066,80,120,40.0,1.6,2.4,40.0,60.0,160.0,38.81610868510432,330,80,0.0
1067,80,120,40.0,1.6,2.4,40.0,60.0,160.0,38.81610868510432,330,80,0.0
1068,80,120,40.0,1.6,2.4,40.0,60.0,160.0,38.81610868510432,330,80,0.0
1069,80,120,40.0,1.6,2.4,40.0,60.0,160.0,38.81610868510432,330,80,0.0
1070,80,120,40.0,1.6,2.4,40.0,60.0,160.0,38.81610868510432,330,80,0.0
1071,80,120,40.0,1.6,2.4,40.0,60.0,160.0,38.81610868510432,330,80,0.0
1072,80,120,40.0,1.6,2.4,40.0,60.0,160.0,38.81610868510432,330,80,0.0
1073,80,120,40.0,1.6,2.4,40.0,60.0,160.0,38.81610868510432,330,80,0.0
1074,80,120,40.0,1.6,2.4,40.0,60.0,160.0,38.81610868510432,330,80,0.0
1075,80,120,40.0,1.6,2.4,40.0,60.0,160.0,38.81610868510432,330,80,0.0
1076,80,120,40.0,1.6,2.4,40.0,60.0,160.0,38.81610868510432,330,80,0.0
1077,80,120,40.0,1.6,2.4,40.0,60.0,160.0,38.81610868510432,330,80,0.0
1078,80,120,40.0,1.6,2.4,40.0,60.0,160.0,38.81610868510432,330,80,0.0
1079,80,120,40.0,1.6,2.4,40.0,60.0,160.0,38.81610868510432,330,80,0.0
1080,80,120,40.0,1.6,2.4,40.0,60.0,160.0,38.81610868510432,330,80,0.0
1081,80,120,40.0,1.6,2.4,40.0,60.0,160.0,38.81610868510432,330,80,0.0
1082,80,120,40.0,1.6,2.4,40.0,60.0,160.0,38.81610868510432,330,80,0.0
1083,80,120,40.0,1.6,2.4,40.0,60.0,160.0,38.81610868510432,330,80,0.0
1084,80,120,40.0,1.6,2.4,40.0,60.0,160.0,38.81610868510432,330,80,0.0
1085,80,120,40.0,1.6,2.4,40.0,60.0,160.0,38.81610868510432,330,80,0.0
1086,80,120,40.0,1.6,2.4,40.0,60.0,160.0,38.81610868510432,330,80,0.0
1087,80,120,40.0,1.6,2.4,40.0,60.0,160.0,38.81610868510432,330,80,0.0
1088,80,120,40.0,1.6,2.4,40.0,60.0,160.0,38.81610868510432,330,80,0.0
1089,80,120,40.0,1.6,2.4,40.0,60.0,160.0,38.81610868510432,330,80,0.0
1090,80,120,40.0,1.6,2.4,40.0,60.0,160.0,38.81610868510432,331,80,0.0
1091,80,120,40.0,1.6,2.4,40.0,60.0,160.0,38.81610868510432,332,80,0.0
1092,80,120,40.0,1.6,2.4,40.0,60.0,160.0,38.81610868510432,333,80,0.0
1093,80,120,40.0,1.6,2.4,40.0,60.0,160.0,38.81610868510432,333,80,0.0
1094,80,120,40.0,1.6,2.4,40.0,60.0,160.0,38.81610868510432,334,80,0.0
1095,80,120,40.0,1.6,2.4,40.0,60.0,160.0,38.81610868510432,334,80,0.0
1096,80,120,40.0,1.6,2.4,40.0,60.0,160.0,38.81610868510432,334,80,0.0
1097,80,120,40.0,1.6,2.4,40.0,60.0,160.0,38.81610868510432,334,80,0.0
1098,80,120,40.0,1.6,2.4,40.0,60.0,160.0,38.81610868510432,334,80,0.0
1099,80,120,40.0,1.6,2.4,40.0,60.0,160.0,38.81610868510432,334,80,0.0
1100,80,120,40.0,1.6,2.4,40.0,60.0,160.0,38.81610868510432,335,80,0.0
1101,80,120,40.0,1.6,2.4,40.0,60.0,160.0,38.81610868510432,335,80,0.0
1102,80,120,40.0,1.6,2.4,40.0,60.0,160.0,38.81610868510432,335,80,0.0
1103,80,120,40.0,1.6,2.4,40.0,60.0,160.0,38.81610868510432,336,80,0.0
1104,80,120,40.0,1.6,2.4,40.0,60.0,160.0,38.81610868510432,337,80,0.0
1105,80,120,40.0,1.6,2.4,40.0,60.0,160.0,38.81610868510432,338,80,0.0
1106,80,120,40.0,1.6,2.4,40.0,60.0,160.0,38.81610868510432,338,80,0.0
1107,80,120,40.0,1.6,2.4,40.0,60.0,160.0,38.81610868510432,338,80,0.0
1108,80,120,40.0,1.6,2.4,40.0,60.0,160.0,38.81610868510432,338,80,0.0
1109,81,119,40.5,1.62,2.38,40.5,59.49999999999999,162.0,39.301310043668124,339,81,2.0
1110,81,119,40.5,1.62,2.38,40.5,59.49999999999999,162.0,39.301310043668124,339,81,0.0
1111,81,119,40.5,1.62,2.38,40.5,59.49999999999999,162.0,39.301310043668124,341,81,0.0
1112,82,118,41.0,1.6400000000000001,2.36,41.0,58.99999999999999,164.0,39.78651140223193,342,82,2.0
1113,82,118,41.0,1.6400000000000001,2.36,41.0,58.99999999999999,164.0,39.78651140223193,342,82,0.0
1114,82,118,41.0,1.6400000000000001,2.36,41.0,58.99999999999999,164.0,39.78651140223193,342,82,0.0
1115,82,118,41.0,1.6400000000000001,2.36,41.0,58.99999999999999,164.0,39.78651140223193,342,82,0.0
1116,82,118,41.0,1.6400000000000001,2.36,41.0,58.99999999999999,164.0,39.78651140223193,342,82,0.0
1117,82,118,41.0,1.6400000000000001,2.36,41.0,58.99999999999999,164.0,39.78651140223193,342,82,0.0
1118,82,118,41.0,1.6400000000000001,2.36,41.0,58.99999999999999,164.0,39.78651140223193,342,82,0.0
1119,82,118,41.0,1.6400000000000001,2.36,41.0,58.99999999999999,164.0,39.78651140223193,342,82,0.0
1120,82,118,41.0,1.6400000000000001,2.36,41.0,58.99999999999999,164.0,39.78651140223193,343,82,0.0
1121,82,118,41.0,1.6400000000000001,2.36,41.0,58.99999999999999,164.0,39.78651140223193,343,82,0.0
1122,82,118,41.0,1.6400000000000001,2.36,41.0,58.99999999999999,164.0,39.78651140223193,344,82,0.0
1123,82,118,41.0,1.6400000000000001,2.36,41.0,58.99999999999999,164.0,39.78651140223193,345,82,0.0
1124,82,118,41.0,1.6400000000000001,2.36,41.0,58.99999999999999,164.0,39.78651140223193,346,82,0.0
1125,83,117,41.5,1.6600000000000001,2.34,41.5,58.49999999999999,166.0,40.27171276079573,347,83,2.0
1126,83,117,41.5,1.6600000000000001,2.34,41.5,58.49999999999999,166.0,40.27171276079573,347,83,0.0
1127,83,117,41.5,1.6600000000000001,2.34,41.5,58.49999999999999,166.0,40.27171276079573,348,83,0.0
1128,83,117,41.5,1.6600000000000001,2.34,41.5,58.49999999999999,166.0,40.27171276079573,348,83,0.0
1129,83,117,41.5,1.6600000000000001,2.34,41.5,58.49999999999999,166.0,40.27171276079573,349,83,0.0
1130,83,117,41.5,1.6600000000000001,2.34,41.5,58.49999999999999,166.0,40.27171276079573,350,83,0.0
1131,83,117,41.5,1.6600000000000001,2.34,41.5,58.49999999999999,166.0,40.27171276079573,350,83,0.0
1132,83,117,41.5,1.6600000000000001,2.34,41.5,58.49999999999999,166.0,40.27171276079573,351,83,0.0
1133,83,117,41.5,1.6600000000000001,2.34,41.5,58.49999999999999,166.0,40.27171276079573,351,83,0.0
1134,83,117,41.5,1.6600000000000001,2.34,41.5,58.49999999999999,166.0,40.27171276079573,351,83,0.0
1135,84,116,42.0,1.68,2.3200000000000003,42.0,58.00000000000001,168.0,40.756914119359536,352,84,2.0
1136,84,116,42.0,1.68,2.3200000000000003,42.0,58.00000000000001,168.0,40.756914119359536,352,84,0.0
1137,84,116,42.0,1.68,2.3200000000000003,42.0,58.00000000000001,168.0,40.756914119359536,352,84,0.0
1138,84,116,42.0,1.68,2.3200000000000003,42.0,58.00000000000001,168.0,40.756914119359536,352,84,0.0
1139,84,116,42.0,1.68,2.3200000000000003,42.0,58.00000000000001,168.0,40.756914119359536,352,84,0.0
1140,84,116,42.0,1.68,2.3200000000000003,42.0,58.00000000000001,168.0,40.756914119359536,352,84,0.0
1141,84,116,42.0,1.68,2.3200000000000003,42.0,58.00000000000001,168.0,40.756914119359536,352,84,0.0
1142,84,116,42.0,1.68,2.3200000000000003,42.0,58.00000000000001,168.0,40.756914119359536,352,84,0.0
1143,84,116,42.0,1.68,2.3200000000000003,42.0,58.00000000000001,168.0,40.756914119359536,352,84,0.0
1144,84,116,42.0,1.68,2.3200000000000003,42.0,58.00000000000001,168.0,40.756914119359536,352,84,0.0
1145,84,116,42.0,1.68,2.3200000000000003,42.0,58.00000000000001,168.0,40.756914119359536,352,84,0.0
1146,84,116,42.0,1.68,2.3200000000000003,42.0,58.00000000000001,168.0,40.756914119359536,353,84,0.0
1147,84,116,42.0,1.68,2.3200000000000003,42.0,58.00000000000001,168.0,40.756914119359536,353,84,0.0
1148,84,116,42.0,1.68,2.3200000000000003,42.0,58.00000000000001,168.0,40.756914119359536,353,84,0.0
1149,84,116,42.0,1.68,2.3200000000000003,42.0,58.00000000000001,168.0,40.756914119359536,353,84,0.0
1150,84,116,42.0,1.68,2.3200000000000003,42.0,58.00000000000001,168.0,40.756914119359536,354,84,0.0
1151,84,116,42.0,1.68,2.3200000000000003,42.0,58.00000000000001,168.0,40.756914119359536,354,84,0.0
1152,84,116,42.0,1.68,2.3200000000000003,42.0,58.00000000000001,168.0,40.756914119359536,354,84,0.0
1153,84,116,42.0,1.68,2.3200000000000003,42.0,58.00000000000001,168.0,40.756914119359536,354,84,0.0
1154,84,116,42.0,1.68,2.3200000000000003,42.0,58.00000000000001,168.0,40.756914119359536,354,84,0.0
1155,84,116,42.0,1.68,2.3200000000000003,42.0,58.00000000000001,168.0,40.756914119359536,354,84,0.0
1156,84,116,42.0,1.68,2.3200000000000003,42.0,58.00000000000001,168.0,40.756914119359536,354,84,0.0
1157,84,116,42.0,1.68,2.3200000000000003,42.0,58.00000000000001,168.0,40.756914119359536,354,84,0.0
1158,84,116,42.0,1.68,2.3200000000000003,42.0,58.00000000000001,168.0,40.756914119359536,354,84,0.0
1159,84,116,42.0,1.68,2.3200000000000003,42.0,58.00000000000001,168.0,40.756914119359536,354,84,0.0
1160,84,116,42.0,1.68,2.3200000000000003,42.0,58.00000000000001,168.0,40.756914119359536,354,84,0.0
1161,84,116,42.0,1.68,2.3200000000000003,42.0,58.00000000000001,168.0,40.756914119359536,354,84,0.0
1162,84,116,42.0,1.68,2.3200000000000003,42.0,58.00000000000001,168.0,40.756914119359536,354,84,0.0
1163,85,115,42.5,1.7,2.3,42.5,57.49999999999999,170.0,41.24211547792334,355,85,2.0
1164,85,115,42.5,1.7,2.3,42.5,57.49999999999999,170.0,41.24211547792334,355,85,0.0
1165,85,115,42.5,1.7,2.3,42.5,57.49999999999999,170.0,41.24211547792334,355,85,0.0
1166,85,115,42.5,1.7,2.3,42.5,57.49999999999999,170.0,41.24211547792334,356,85,0.0
1167,85,115,42.5,1.7,2.3,42.5,57.49999999999999,170.0,41.24211547792334,356,85,0.0
1168,85,115,42.5,1.7,2.3,42.5,57.49999999999999,170.0,41.24211547792334,356,85,0.0
1169,85,115,42.5,1.7,2.3,42.5,57.49999999999999,170.0,41.24211547792334,357,85,0.0
1170,85,115,42.5,1.7,2.3,42.5,57.49999999999999,170.0,41.24211547792334,358,85,0.0
1171,85,115,42.5,1.7,2.3,42.5,57.49999999999999,170.0,41.24211547792334,359,85,0.0
1172,85,115,42.5,1.7,2.3,42.5,57.49999999999999,170.0,41.24211547792334,360,85,0.0
1173,85,115,42.5,1.7,2.3,42.5,57.49999999999999,170.0,41.24211547792334,360,85,0.0
1174,85,115,42.5,1.7,2.3,42.5,57.49999999999999,170.0,41.24211547792334,360,85,0.0
1175,85,115,42.5,1.7,2.3,42.5,57.49999999999999,170.0,41.24211547792334,361,85,0.0
1176,85,115,42.5,1.7,2.3,42.5,57.49999999999999,170.0,41.24211547792334,361,85,0.0
1177,85,115,42.5,1.7,2.3,42.5,57.49999999999999,170.0,41.24211547792334,361,85,0.0
1178,85,115,42.5,1.7,2.3,42.5,57.49999999999999,170.0,41.24211547792334,361,85,0.0
1179,85,115,42.5,1.7,2.3,42.5,57.49999999999999,170.0,41.24211547792334,362,85,0.0
1180,86,114,43.0,1.72,2.2800000000000002,43.0,57.00000000000001,172.0,41.72731683648714,364,86,2.0
1181,86,114,43.0,1.72,2.2800000000000002,43.0,57.00000000000001,172.0,41.72731683648714,365,86,0.0
1182,86,114,43.0,1.72,2.2800000000000002,43.0,57.00000000000001,172.0,41.72731683648714,366,86,0.0
1183,86,114,43.0,1.72,2.2800000000000002,43.0,57.00000000000001,172.0,41.72731683648714,367,86,0.0
1184,86,114,43.0,1.72,2.2800000000000002,43.0,57.00000000000001,172.0,41.72731683648714,367,86,0.0
1185,86,114,43.0,1.72,2.2800000000000002,43.0,57.00000000000001,172.0,41.72731683648714,367,86,0.0
1186,86,114,43.0,1.72,2.2800000000000002,43.0,57.00000000000001,172.0,41.72731683648714,367,86,0.0
1187,86,114,43.0,1.72,2.2800000000000002,43.0,57.00000000000001,172.0,41.72731683648714,367,86,0.0
1188,86,114,43.0,1.72,2.2800000000000002,43.0,57.00000000000001,172.0,41.72731683648714,367,86,0.0
1189,87,113,43.5,1.74,2.26,43.5,56.49999999999999,174.0,42.21251819505095,368,87,2.0
1190,87,113,43.5,1.74,2.26,43.5,56.49999999999999,174.0,42.21251819505095,368,87,0.0
1191,87,113,43.5,1.74,2.26,43.5,56.49999999999999,174.0,42.21251819505095,368,87,0.0
1192,87,113,43.5,1.74,2.26,43.5,56.49999999999999,174.0,42.21251819505095,368,87,0.0
1193,87,113,43.5,1.74,2.26,43.5,56.49999999999999,174.0,42.21251819505095,368,87,0.0
1194,87,113,43.5,1.74,2.26,43.5,56.49999999999999,174.0,42.21251819505095,368,87,0.0
1195,87,113,43.5,1.74,2.26,43.5,56.49999999999999,174.0,42.21251819505095,368,87,0.0
1196,87,113,43.5,1.74,2.26,43.5,56.49999999999999,174.0,42.21251819505095,368,87,0.0
1197,87,113,43.5,1.74,2.26,43.5,56.49999999999999,174.0,42.21251819505095,368,87,0.0
1198,87,113,43.5,1.74,2.26,43.5,56.49999999999999,174.0,42.21251819505095,368,87,0.0
1199,87,113,43.5,1.74,2.26,43.5,56.49999999999999,174.0,42.21251819505095,369,87,0.0
1200,87,113,43.5,1.74,2.26,43.5,56.49999999999999,174.0,42.21251819505095,369,87,0.0
1201,87,113,43.5,1.74,2.26,43.5,56.49999999999999,174.0,42.21251819505095,369,87,0.0
1202,87,113,43.5,1.74,2.26,43.5,56.49999999999999,174.0,42.21251819505095,369,87,0.0
1203,87,113,43.5,1.74,2.26,43.5,56.49999999999999,174.0,42.21251819505095,369,87,0.0
1204,87,113,43.5,1.74,2.26,43.5,56.49999999999999,174.0,42.21251819505095,369,87,0.0
1205,87,113,43.5,1.74,2.26,43.5,56.49999999999999,174.0,42.21251819505095,369,87,0.0
1206,87,113,43.5,1.74,2.26,43.5,56.49999999999999,174.0,42.21251819505095,369,87,0.0
1207,87,113,43.5,1.74,2.26,43.5,56.49999999999999,174.0,42.21251819505095,369,87,0.0
1208,87,113,43.5,1.74,2.26,43.5,56.49999999999999,174.0,42.21251819505095,370,87,0.0
1209,87,113,43.5,1.74,2.26,43.5,56.49999999999999,174.0,42.21251819505095,371,87,0.0
1210,87,113,43.5,1.74,2.26,43.5,56.49999999999999,174.0,42.21251819505095,371,87,0.0
1211,87,113,43.5,1.74,2.26,43.5,56.49999999999999,174.0,42.21251819505095,371,87,0.0
1212,87,113,43.5,1.74,2.26,43.5,56.49999999999999,174.0,42.21251819505095,371,87,0.0
1213,87,113,43.5,1.74,2.26,43.5,56.49999999999999,174.0,42.21251819505095,371,87,0.0
1214,87,113,43.5,1.74,2.26,43.5,56.49999999999999,174.0,42.21251819505095,371,87,0.0
1215,87,113,43.5,1.74,2.26,43.5,56.49999999999999,174.0,42.21251819505095,371,87,0.0
1216,87,113,43.5,1.74,2.26,43.5,56.49999999999999,174.0,42.21251819505095,371,87,0.0
1217,87,113,43.5,1.74,2.26,43.5,56.49999999999999,174.0,42.21251819505095,371,87,0.0
1218,87,113,43.5,1.74,2.26,43.5,56.49999999999999,174.0,42.21251819505095,371,87,0.0
1219,87,113,43.5,1.74,2.26,43.5,56.49999999999999,174.0,42.21251819505095,371,87,0.0
1220,87,113,43.5,1.74,2.26,43.5,56.49999999999999,174.0,42.21251819505095,371,87,0.0
1221,87,113,43.5,1.74,2.26,43.5,56.49999999999999,174.0,42.21251819505095,371,87,0.0
1222,87,113,43.5,1.74,2.26,43.5,56.49999999999999,174.0,42.21251819505095,371,87,0.0
1223,87,113,43.5,1.74,2.26,43.5,56.49999999999999,174.0,42.21251819505095,372,87,0.0
1224,87,113,43.5,1.74,2.26,43.5,56.49999999999999,174.0,42.21251819505095,372,87,0.0
1225,87,113,43.5,1.74,2.26,43.5,56.49999999999999,174.0,42.21251819505095,372,87,0.0
1226,87,113,43.5,1.74,2.26,43.5,56.49999999999999,174.0,42.21251819505095,372,87,0.0
1227,87,113,43.5,1.74,2.26,43.5,56.49999999999999,174.0,42.21251819505095,372,87,0.0
1228,87,113,43.5,1.74,2.26,43.5,56.49999999999999,174.0,42.21251819505095,372,87,0.0
1229,87,113,43.5,1.74,2.26,43.5,56.49999999999999,174.0,42.21251819505095,372,87,0.0
1230,87,113,43.5,1.74,2.26,43.5,56.49999999999999,174.0,42.21251819505095,372,87,0.0
1231,87,113,43.5,1.74,2.26,43.5,56.49999999999999,174.0,42.21251819505095,373,87,0.0
1232,87,113,43.5,1.74,2.26,43.5,56.49999999999999,174.0,42.21251819505095,375,87,0.0
1233,87,113,43.5,1.74,2.26,43.5,56.49999999999999,174.0,42.21251819505095,376,87,0.0
1234,87,113,43.5,1.74,2.26,43.5,56.49999999999999,174.0,42.21251819505095,376,87,0.0
1235,87,113,43.5,1.74,2.26,43.5,56.49999999999999,174.0,42.21251819505095,376,87,0.0
1236,87,113,43.5,1.74,2.26,43.5,56.49999999999999,174.0,42.21251819505095,376,87,0.0
1237,88,112,44.0,1.76,2.24,44.0,56.00000000000001,176.0,42.697719553614746,377,88,2.0
1238,88,112,44.0,1.76,2.24,44.0,56.00000000000001,176.0,42.697719553614746,377,88,0.0
1239,88,112,44.0,1.76,2.24,44.0,56.00000000000001,176.0,42.697719553614746,377,88,0.0
1240,88,112,44.0,1.76,2.24,44.0,56.00000000000001,176.0,42.697719553614746,377,88,0.0
1241,88,112,44.0,1.76,2.24,44.0,56.00000000000001,176.0,42.697719553614746,377,88,0.0
1242,88,112,44.0,1.76,2.24,44.0,56.00000000000001,176.0,42.697719553614746,377,88,0.0
1243,88,112,44.0,1.76,2.24,44.0,56.00000000000001,176.0,42.697719553614746,377,88,0.0
1244,88,112,44.0,1.76,2.24,44.0,56.00000000000001,176.0,42.697719553614746,377,88,0.0
1245,88,112,44.0,1.76,2.24,44.0,56.00000000000001,176.0,42.697719553614746,377,88,0.0
1246,88,112,44.0,1.76,2.24,44.0,56.00000000000001,176.0,42.697719553614746,377,88,0.0
1247,88,112,44.0,1.76,2.24,44.0,56.00000000000001,176.0,42.697719553614746,377,88,0.0
1248,88,112,44.0,1.76,2.24,44.0,56.00000000000001,176.0,42.697719553614746,378,88,0.0
1249,89,111,44.5,1.78,2.2199999999999998,44.5,55.49999999999999,178.0,43.18292091217856,379,89,2.0
1250,89,111,44.5,1.78,2.2199999999999998,44.5,55.49999999999999,178.0,43.18292091217856,379,89,0.0
1251,89,111,44.5,1.78,2.2199999999999998,44.5,55.49999999999999,178.0,43.18292091217856,380,89,0.0
1252,89,111,44.5,1.78,2.2199999999999998,44.5,55.49999999999999,178.0,43.18292091217856,381,89,0.0
1253,89,111,44.5,1.78,2.2199999999999998,44.5,55.49999999999999,178.0,43.18292091217856,382,89,0.0
1254,89,111,44.5,1.78,2.2199999999999998,44.5,55.49999999999999,178.0,43.18292091217856,383,89,0.0
1255,89,111,44.5,1.78,2.2199999999999998,44.5,55.49999999999999,178.0,43.18292091217856,385,89,0.0
1256,89,111,44.5,1.78,2.2199999999999998,44.5,55.49999999999999,178.0,43.18292091217856,385,89,0.0
1257,89,111,44.5,1.78,2.2199999999999998,44.5,55.49999999999999,178.0,43.18292091217856,385,89,0.0
1258,89,111,44.5,1.78,2.2199999999999998,44.5,55.49999999999999,178.0,43.18292091217856,385,89,0.0
1259,89,111,44.5,1.78,2.2199999999999998,44.5,55.49999999999999,178.0,43.18292091217856,385,89,0.0
1260,89,111,44.5,1.78,2.2199999999999998,44.5,55.49999999999999,178.0,43.18292091217856,385,89,0.0
1261,90,110,45.0,1.8,2.2,45.0,55.0,180.0,43.66812227074236,386,90,2.0
1262,90,110,45.0,1.8,2.2,45.0,55.0,180.0,43.66812227074236,386,90,0.0
1263,90,110,45.0,1.8,2.2,45.0,55.0,180.0,43.66812227074236,386,90,0.0
1264,90,110,45.0,1.8,2.2,45.0,55.0,180.0,43.66812227074236,386,90,0.0
1265,90,110,45.0,1.8,2.2,45.0,55.0,180.0,43.66812227074236,386,90,0.0
1266,90,110,45.0,1.8,2.2,45.0,55.0,180.0,43.66812227074236,386,90,0.0
1267,90,110,45.0,1.8,2.2,45.0,55.0,180.0,43.66812227074236,386,90,0.0
1268,90,110,45.0,1.8,2.2,45.0,55.0,180.0,43.66812227074236,386,90,0.0
1269,90,110,45.0,1.8,2.2,45.0,55.0,180.0,43.66812227074236,386,90,0.0
1270,90,110,45.0,1.8,2.2,45.0,55.0,180.0,43.66812227074236,386,90,0.0
1271,90,110,45.0,1.8,2.2,45.0,55.0,180.0,43.66812227074236,386,90,0.0
1272,90,110,45.0,1.8,2.2,45.0,55.0,180.0,43.66812227074236,387,90,0.0
1273,90,110,45.0,1.8,2.2,45.0,55.0,180.0,43.66812227074236,387,90,0.0
1274,90,110,45.0,1.8,2.2,45.0,55.0,180.0,43.66812227074236,388,90,0.0
1275,90,110,45.0,1.8,2.2,45.0,55.0,180.0,43.66812227074236,388,90,0.0
1276,90,110,45.0,1.8,2.2,45.0,55.0,180.0,43.66812227074236,388,90,0.0
1277,90,110,45.0,1.8,2.2,45.0,55.0,180.0,43.66812227074236,389,90,0.0
1278,90,110,45.0,1.8,2.2,45.0,55.0,180.0,43.66812227074236,391,90,0.0
1279,90,110,45.0,1.8,2.2,45.0,55.0,180.0,43.66812227074236,391,90,0.0
1280,90,110,45.0,1.8,2.2,45.0,55.0,180.0,43.66812227074236,391,90,0.0
1281,90,110,45.0,1.8,2.2,45.0,55.0,180.0,43.66812227074236,392,90,0.0
1282,90,110,45.0,1.8,2.2,45.0,55.0,180.0,43.66812227074236,392,90,0.0
1283,90,110,45.0,1.8,2.2,45.0,55.0,180.0,43.66812227074236,392,90,0.0
1284,90,110,45.0,1.8,2.2,45.0,55.0,180.0,43.66812227074236,392,90,0.0
1285,90,110,45.0,1.8,2.2,45.0,55.0,180.0,43.66812227074236,392,90,0.0
1286,90,110,45.0,1.8,2.2,45.0,55.0,180.0,43.66812227074236,392,90,0.0
1287,90,110,45.0,1.8,2.2,45.0,55.0,180.0,43.66812227074236,392,90,0.0
1288,90,110,45.0,1.8,2.2,45.0,55.0,180.0,43.66812227074236,392,90,0.0
1289,90,110,45.0,1.8,2.2,45.0,55.0,180.0,43.66812227074236,392,90,0.0
1290,90,110,45.0,1.8,2.2,45.0,55.0,180.0,43.66812227074236,392,90,0.0
1291,90,110,45.0,1.8,2.2,45.0,55.0,180.0,43.66812227074236,392,90,0.0
1292,90,110,45.0,1.8,2.2,45.0,55.0,180.0,43.66812227074236,392,90,0.0
1293,90,110,45.0,1.8,2.2,45.0,55.0,180.0,43.66812227074236,392,90,0.0
1294,90,110,45.0,1.8,2.2,45.0,55.0,180.0,43.66812227074236,392,90,0.0
1295,90,110,45.0,1.8,2.2,45.0,55.0,180.0,43.66812227074236,392,90,0.0
1296,90,110,45.0,1.8,2.2,45.0,55.0,180.0,43.66812227074236,392,90,0.0
1297,90,110,45.0,1.8,2.2,45.0,55.0,180.0,43.66812227074236,392,90,0.0
1298,90,110,45.0,1.8,2.2,45.0,55.0,180.0,43.66812227074236,392,90,0.0
1299,90,110,45.0,1.8,2.2,45.0,55.0,180.0,43.66812227074236,392,90,0.0
1300,90,110,45.0,1.8,2.2,45.0,55.0,180.0,43.66812227074236,392,90,0.0
1301,90,110,45.0,1.8,2.2,45.0,55.0,180.0,43.66812227074236,392,90,0.0
1302,90,110,45.0,1.8,2.2,45.0,55.0,180.0,43.66812227074236,392,90,0.0
1303,90,110,45.0,1.8,2.2,45.0,55.0,180.0,43.66812227074236,392,90,0.0
1304,90,110,45.0,1.8,2.2,45.0,55.0,180.0,43.66812227074236,392,90,0.0
1305,90,110,45.0,1.8,2.2,45.0,55.0,180.0,43.66812227074236,392,90,0.0
1306,90,110,45.0,1.8,2.2,45.0,55.0,180.0,43.66812227074236,392,90,0.0
1307,90,110,45.0,1.8,2.2,45.0,55.0,180.0,43.66812227074236,392,90,0.0
1308,90,110,45.0,1.8,2.2,45.0,55.0,180.0,43.66812227074236,392,90,0.0
1309,90,110,45.0,1.8,2.2,45.0,55.0,180.0,43.66812227074236,392,90,0.0
1310,90,110,45.0,1.8,2.2,45.0,55.0,180.0,43.66812227074236,392,90,0.0
1311,90,110,45.0,1.8,2.2,45.0,55.0,180.0,43.66812227074236,392,90,0.0
1312,90,110,45.0,1.8,2.2,45.0,55.0,180.0,43.66812227074236,392,90,0.0
1313,90,110,45.0,1.8,2.2,45.0,55.0,180.0,43.66812227074236,392,90,0.0
1314,91,109,45.5,1.82,2.1799999999999997,45.5,54.49999999999999,182.0,44.153323629306165,393,91,2.0
1315,91,109,45.5,1.82,2.1799999999999997,45.5,54.49999999999999,182.0,44.153323629306165,394,91,0.0
1316,91,109,45.5,1.82,2.1799999999999997,45.5,54.49999999999999,182.0,44.153323629306165,395,91,0.0
1317,91,109,45.5,1.82,2.1799999999999997,45.5,54.49999999999999,182.0,44.153323629306165,395,91,0.0
1318,91,109,45.5,1.82,2.1799999999999997,45.5,54.49999999999999,182.0,44.153323629306165,395,91,0.0
1319,91,109,45.5,1.82,2.1799999999999997,45.5,54.49999999999999,182.0,44.153323629306165,396,91,0.0
1320,91,109,45.5,1.82,2.1799999999999997,45.5,54.49999999999999,182.0,44.153323629306165,397,91,0.0
1321,91,109,45.5,1.82,2.1799999999999997,45.5,54.49999999999999,182.0,44.153323629306165,397,91,0.0
1322,91,109,45.5,1.82,2.1799999999999997,45.5,54.49999999999999,182.0,44.153323629306165,397,91,0.0
1323,91,109,45.5,1.82,2.1799999999999997,45.5,54.49999999999999,182.0,44.153323629306165,398,91,0.0
1324,91,109,45.5,1.82,2.1799999999999997,45.5,54.49999999999999,182.0,44.153323629306165,398,91,0.0
1325,91,109,45.5,1.82,2.1799999999999997,45.5,54.49999999999999,182.0,44.153323629306165,398,91,0.0
1326,91,109,45.5,1.82,2.1799999999999997,45.5,54.49999999999999,182.0,44.153323629306165,398,91,0.0
1327,91,109,45.5,1.82,2.1799999999999997,45.5,54.49999999999999,182.0,44.153323629306165,398,91,0.0
1328,91,109,45.5,1.82,2.1799999999999997,45.5,54.49999999999999,182.0,44.153323629306165,399,91,0.0
1329,91,109,45.5,1.82,2.1799999999999997,45.5,54.49999999999999,182.0,44.153323629306165,400,91,0.0
1330,91,109,45.5,1.82,2.1799999999999997,45.5,54.49999999999999,182.0,44.153323629306165,401,91,0.0
1331,91,109,45.5,1.82,2.1799999999999997,45.5,54.49999999999999,182.0,44.153323629306165,401,91,0.0
1332,91,109,45.5,1.82,2.1799999999999997,45.5,54.49999999999999,182.0,44.153323629306165,402,91,0.0
1333,91,109,45.5,1.82,2.1799999999999997,45.5,54.49999999999999,182.0,44.153323629306165,403,91,0.0
1334,91,109,45.5,1.82,2.1799999999999997,45.5,54.49999999999999,182.0,44.153323629306165,403,91,0.0
1335,91,109,45.5,1.82,2.1799999999999997,45.5,54.49999999999999,182.0,44.153323629306165,403,91,0.0
1336,91,109,45.5,1.82,2.1799999999999997,45.5,54.49999999999999,182.0,44.153323629306165,403,91,0.0
1337,91,109,45.5,1.82,2.1799999999999997,45.5,54.49999999999999,182.0,44.153323629306165,403,91,0.0
1338,91,109,45.5,1.82,2.1799999999999997,45.5,54.49999999999999,182.0,44.153323629306165,403,91,0.0
1339,91,109,45.5,1.82,2.1799999999999997,45.5,54.49999999999999,182.0,44.153323629306165,404,91,0.0
1340,91,109,45.5,1.82,2.1799999999999997,45.5,54.49999999999999,182.0,44.153323629306165,405,91,0.0
1341,91,109,45.5,1.82,2.1799999999999997,45.5,54.49999999999999,182.0,44.153323629306165,406,91,0.0
1342,91,109,45.5,1.82,2.1799999999999997,45.5,54.49999999999999,182.0,44.153323629306165,406,91,0.0
1343,92,108,46.0,1.84,2.16,46.0,54.0,184.0,44.638524987869964,408,92,2.0
1344,93,107,46.5,1.86,2.1399999999999997,46.5,53.49999999999999,186.0,45.12372634643377,409,93,2.0
1345,93,107,46.5,1.86,2.1399999999999997,46.5,53.49999999999999,186.0,45.12372634643377,409,93,0.0
1346,93,107,46.5,1.86,2.1399999999999997,46.5,53.49999999999999,186.0,45.12372634643377,409,93,0.0
1347,93,107,46.5,1.86,2.1399999999999997,46.5,53.49999999999999,186.0,45.12372634643377,409,93,0.0
1348,93,107,46.5,1.86,2.1399999999999997,46.5,53.49999999999999,186.0,45.12372634643377,409,93,0.0
1349,93,107,46.5,1.86,2.1399999999999997,46.5,53.49999999999999,186.0,45.12372634643377,409,93,0.0
1350,93,107,46.5,1.86,2.1399999999999997,46.5,53.49999999999999,186.0,45.12372634643377,409,93,0.0
1351,93,107,46.5,1.86,2.1399999999999997,46.5,53.49999999999999,186.0,45.12372634643377,409,93,0.0
1352,93,107,46.5,1.86,2.1399999999999997,46.5,53.49999999999999,186.0,45.12372634643377,409,93,0.0
1353,93,107,46.5,1.86,2.1399999999999997,46.5,53.49999999999999,186.0,45.12372634643377,409,93,0.0
1354,93,107,46.5,1.86,2.1399999999999997,46.5,53.49999999999999,186.0,45.12372634643377,409,93,0.0
1355,93,107,46.5,1.86,2.1399999999999997,46.5,53.49999999999999,186.0,45.12372634643377,409,93,0.0
1356,93,107,46.5,1.86,2.1399999999999997,46.5,53.49999999999999,186.0,45.12372634643377,409,93,0.0
1357,93,107,46.5,1.86,2.1399999999999997,46.5,53.49999999999999,186.0,45.12372634643377,409,93,0.0
1358,93,107,46.5,1.86,2.1399999999999997,46.5,53.49999999999999,186.0,45.12372634643377,409,93,0.0
1359,93,107,46.5,1.86,2.1399999999999997,46.5,53.49999999999999,186.0,45.12372634643377,409,93,0.0
1360,93,107,46.5,1.86,2.1399999999999997,46.5,53.49999999999999,186.0,45.12372634643377,410,93,0.0
1361,93,107,46.5,1.86,2.1399999999999997,46.5,53.49999999999999,186.0,45.12372634643377,411,93,0.0
1362,93,107,46.5,1.86,2.1399999999999997,46.5,53.49999999999999,186.0,45.12372634643377,411,93,0.0
1363,93,107,46.5,1.86,2.1399999999999997,46.5,53.49999999999999,186.0,45.12372634643377,411,93,0.0
1364,94,106,47.0,1.8800000000000001,2.12,47.0,53.0,188.0,45.608927704997576,412,94,2.0
1365,94,106,47.0,1.8800000000000001,2.12,47.0,53.0,188.0,45.608927704997576,412,94,0.0
1366,94,106,47.0,1.8800000000000001,2.12,47.0,53.0,188.0,45.608927704997576,412,94,0.0
1367,94,106,47.0,1.8800000000000001,2.12,47.0,53.0,188.0,45.608927704997576,412,94,0.0
1368,94,106,47.0,1.8800000000000001,2.12,47.0,53.0,188.0,45.608927704997576,412,94,0.0
1369,94,106,47.0,1.8800000000000001,2.12,47.0,53.0,188.0,45.608927704997576,412,94,0.0
1370,94,106,47.0,1.8800000000000001,2.12,47.0,53.0,188.0,45.608927704997576,412,94,0.0
1371,94,106,47.0,1.8800000000000001,2.12,47.0,53.0,188.0,45.608927704997576,412,94,0.0
1372,94,106,47.0,1.8800000000000001,2.12,47.0,53.0,188.0,45.608927704997576,412,94,0.0
1373,94,106,47.0,1.8800000000000001,2.12,47.0,53.0,188.0,45.608927704997576,412,94,0.0
1374,94,106,47.0,1.8800000000000001,2.12,47.0,53.0,188.0,45.608927704997576,412,94,0.0
1375,94,106,47.0,1.8800000000000001,2.12,47.0,53.0,188.0,45.608927704997576,412,94,0.0
1376,94,106,47.0,1.8800000000000001,2.12,47.0,53.0,188.0,45.608927704997576,412,94,0.0
1377,94,106,47.0,1.8800000000000001,2.12,47.0,53.0,188.0,45.608927704997576,412,94,0.0
1378,94,106,47.0,1.8800000000000001,2.12,47.0,53.0,188.0,45.608927704997576,412,94,0.0
1379,94,106,47.0,1.8800000000000001,2.12,47.0,53.0,188.0,45.608927704997576,414,94,0.0
1380,94,106,47.0,1.8800000000000001,2.12,47.0,53.0,188.0,45.608927704997576,415,94,0.0
1381,94,106,47.0,1.8800000000000001,2.12,47.0,53.0,188.0,45.608927704997576,415,94,0.0
1382,94,106,47.0,1.8800000000000001,2.12,47.0,53.0,188.0,45.608927704997576,418,94,0.0
1383,95,105,47.5,1.9000000000000001,2.0999999999999996,47.5,52.49999999999999,190.0,46.094129063561375,421,95,2.0
1384,95,105,47.5,1.9000000000000001,2.0999999999999996,47.5,52.49999999999999,190.0,46.094129063561375,422,95,0.0
1385,95,105,47.5,1.9000000000000001,2.0999999999999996,47.5,52.49999999999999,190.0,46.094129063561375,422,95,0.0
1386,95,105,47.5,1.9000000000000001,2.0999999999999996,47.5,52.49999999999999,190.0,46.094129063561375,424,95,0.0
1387,95,105,47.5,1.9000000000000001,2.0999999999999996,47.5,52.49999999999999,190.0,46.094129063561375,424,95,0.0
1388,95,105,47.5,1.9000000000000001,2.0999999999999996,47.5,52.49999999999999,190.0,46.094129063561375,425,95,0.0
1389,95,105,47.5,1.9000000000000001,2.0999999999999996,47.5,52.49999999999999,190.0,46.094129063561375,425,95,0.0
1390,95,105,47.5,1.9000000000000001,2.0999999999999996,47.5,52.49999999999999,190.0,46.094129063561375,425,95,0.0
1391,95,105,47.5,1.9000000000000001,2.0999999999999996,47.5,52.49999999999999,190.0,46.094129063561375,425,95,0.0
1392,95,105,47.5,1.9000000000000001,2.0999999999999996,47.5,52.49999999999999,190.0,46.094129063561375,425,95,0.0
1393,95,105,47.5,1.9000000000000001,2.0999999999999996,47.5,52.49999999999999,190.0,46.094129063561375,425,95,0.0
1394,95,105,47.5,1.9000000000000001,2.0999999999999996,47.5,52.49999999999999,190.0,46.094129063561375,425,95,0.0
1395,95,105,47.5,1.9000000000000001,2.0999999999999996,47.5,52.49999999999999,190.0,46.094129063561375,425,95,0.0
1396,95,105,47.5,1.9000000000000001,2.0999999999999996,47.5,52.49999999999999,190.0,46.094129063561375,425,95,0.0
1397,95,105,47.5,1.9000000000000001,2.0999999999999996,47.5,52.49999999999999,190.0,46.094129063561375,425,95,0.0
1398,95,105,47.5,1.9000000000000001,2.0999999999999996,47.5,52.49999999999999,190.0,46.094129063561375,425,95,0.0
1399,95,105,47.5,1.9000000000000001,2.0999999999999996,47.5,52.49999999999999,190.0,46.094129063561375,427,95,0.0
1400,95,105,47.5,1.9000000000000001,2.0999999999999996,47.5,52.49999999999999,190.0,46.094129063561375,428,95,0.0
1401,95,105,47.5,1.9000000000000001,2.0999999999999996,47.5,52.49999999999999,190.0,46.094129063561375,428,95,0.0
1402,95,105,47.5,1.9000000000000001,2.0999999999999996,47.5,52.49999999999999,190.0,46.094129063561375,428,95,0.0
1403,95,105,47.5,1.9000000000000001,2.0999999999999996,47.5,52.49999999999999,190.0,46.094129063561375,428,95,0.0
1404,95,105,47.5,1.9000000000000001,2.0999999999999996,47.5,52.49999999999999,190.0,46.094129063561375,428,95,0.0
1405,95,105,47.5,1.9000000000000001,2.0999999999999996,47.5,52.49999999999999,190.0,46.094129063561375,428,95,0.0
1406,95,105,47.5,1.9000000000000001,2.0999999999999996,47.5,52.49999999999999,190.0,46.094129063561375,428,95,0.0
1407,95,105,47.5,1.9000000000000001,2.0999999999999996,47.5,52.49999999999999,190.0,46.094129063561375,428,95,0.0
1408,95,105,47.5,1.9000000000000001,2.0999999999999996,47.5,52.49999999999999,190.0,46.094129063561375,428,95,0.0
1409,95,105,47.5,1.9000000000000001,2.0999999999999996,47.5,52.49999999999999,190.0,46.094129063561375,428,95,0.0
1410,95,105,47.5,1.9000000000000001,2.0999999999999996,47.5,52.49999999999999,190.0,46.094129063561375,428,95,0.0
1411,95,105,47.5,1.9000000000000001,2.0999999999999996,47.5,52.49999999999999,190.0,46.094129063561375,428,95,0.0
1412,95,105,47.5,1.9000000000000001,2.0999999999999996,47.5,52.49999999999999,190.0,46.094129063561375,428,95,0.0
1413,95,105,47.5,1.9000000000000001,2.0999999999999996,47.5,52.49999999999999,190.0,46.094129063561375,428,95,0.0
1414,95,105,47.5,1.9000000000000001,2.0999999999999996,47.5,52.49999999999999,190.0,46.094129063561375,428,95,0.0
1415,95,105,47.5,1.9000000000000001,2.0999999999999996,47.5,52.49999999999999,190.0,46.094129063561375,428,95,0.0
1416,95,105,47.5,1.9000000000000001,2.0999999999999996,47.5,52.49999999999999,190.0,46.094129063561375,428,95,0.0
1417,95,105,47.5,1.9000000000000001,2.0999999999999996,47.5,52.49999999999999,190.0,46.094129063561375,428,95,0.0
1418,95,105,47.5,1.9000000000000001,2.0999999999999996,47.5,52.49999999999999,190.0,46.094129063561375,428,95,0.0
1419,95,105,47.5,1.9000000000000001,2.0999999999999996,47.5,52.49999999999999,190.0,46.094129063561375,429,95,0.0
1420,95,105,47.5,1.9000000000000001,2.0999999999999996,47.5,52.49999999999999,190.0,46.094129063561375,429,95,0.0
1421,95,105,47.5,1.9000000000000001,2.0999999999999996,47.5,52.49999999999999,190.0,46.094129063561375,429,95,0.0
1422,95,105,47.5,1.9000000000000001,2.0999999999999996,47.5,52.49999999999999,190.0,46.094129063561375,430,95,0.0
1423,95,105,47.5,1.9000000000000001,2.0999999999999996,47.5,52.49999999999999,190.0,46.094129063561375,430,95,0.0
1424,95,105,47.5,1.9000000000000001,2.0999999999999996,47.5,52.49999999999999,190.0,46.094129063561375,430,95,0.0
1425,95,105,47.5,1.9000000000000001,2.0999999999999996,47.5,52.49999999999999,190.0,46.094129063561375,430,95,0.0
1426,95,105,47.5,1.9000000000000001,2.0999999999999996,47.5,52.49999999999999,190.0,46.094129063561375,430,95,0.0
1427,95,105,47.5,1.9000000000000001,2.0999999999999996,47.5,52.49999999999999,190.0,46.094129063561375,430,95,0.0
1428,95,105,47.5,1.9000000000000001,2.0999999999999996,47.5,52.49999999999999,190.0,46.094129063561375,430,95,0.0
1429,95,105,47.5,1.9000000000000001,2.0999999999999996,47.5,52.49999999999999,190.0,46.094129063561375,430,95,0.0
1430,95,105,47.5,1.9000000000000001,2.0999999999999996,47.5,52.49999999999999,190.0,46.094129063561375,430,95,0.0
1431,95,105,47.5,1.9000000000000001,2.0999999999999996,47.5,52.49999999999999,190.0,46.094129063561375,431,95,0.0
1432,95,105,47.5,1.9000000000000001,2.0999999999999996,47.5,52.49999999999999,190.0,46.094129063561375,431,95,0.0
1433,95,105,47.5,1.9000000000000001,2.0999999999999996,47.5,52.49999999999999,190.0,46.094129063561375,431,95,0.0
1434,95,105,47.5,1.9000000000000001,2.0999999999999996,47.5,52.49999999999999,190.0,46.094129063561375,432,95,0.0
1435,96,104,48.0,1.92,2.08,48.0,52.0,192.0,46.57933042212518,434,96,2.0
1436,96,104,48.0,1.92,2.08,48.0,52.0,192.0,46.57933042212518,435,96,0.0
1437,96,104,48.0,1.92,2.08,48.0,52.0,192.0,46.57933042212518,435,96,0.0
1438,96,104,48.0,1.92,2.08,48.0,52.0,192.0,46.57933042212518,435,96,0.0
1439,96,104,48.0,1.92,2.08,48.0,52.0,192.0,46.57933042212518,435,96,0.0
1440,96,104,48.0,1.92,2.08,48.0,52.0,192.0,46.57933042212518,435,96,0.0
1441,96,104,48.0,1.92,2.08,48.0,52.0,192.0,46.57933042212518,437,96,0.0
1442,96,104,48.0,1.92,2.08,48.0,52.0,192.0,46.57933042212518,438,96,0.0
1443,96,104,48.0,1.92,2.08,48.0,52.0,192.0,46.57933042212518,439,96,0.0
1444,96,104,48.0,1.92,2.08,48.0,52.0,192.0,46.57933042212518,440,96,0.0
1445,96,104,48.0,1.92,2.08,48.0,52.0,192.0,46.57933042212518,440,96,0.0
1446,97,103,48.5,1.94,2.06,48.5,51.5,194.0,47.06453178068899,441,97,2.0
1447,97,103,48.5,1.94,2.06,48.5,51.5,194.0,47.06453178068899,441,97,0.0
1448,97,103,48.5,1.94,2.06,48.5,51.5,194.0,47.06453178068899,441,97,0.0
1449,97,103,48.5,1.94,2.06,48.5,51.5,194.0,47.06453178068899,441,97,0.0
1450,97,103,48.5,1.94,2.06,48.5,51.5,194.0,47.06453178068899,441,97,0.0
1451,97,103,48.5,1.94,2.06,48.5,51.5,194.0,47.06453178068899,441,97,0.0
1452,97,103,48.5,1.94,2.06,48.5,51.5,194.0,47.06453178068899,441,97,0.0
1453,97,103,48.5,1.94,2.06,48.5,51.5,194.0,47.06453178068899,441,97,0.0
1454,97,103,48.5,1.94,2.06,48.5,51.5,194.0,47.06453178068899,441,97,0.0
1455,97,103,48.5,1.94,2.06,48.5,51.5,194.0,47.06453178068899,441,97,0.0
1456,97,103,48.5,1.94,2.06,48.5,51.5,194.0,47.06453178068899,442,97,0.0
1457,97,103,48.5,1.94,2.06,48.5,51.5,194.0,47.06453178068899,443,97,0.0
1458,97,103,48.5,1.94,2.06,48.5,51.5,194.0,47.06453178068899,443,97,0.0
1459,97,103,48.5,1.94,2.06,48.5,51.5,194.0,47.06453178068899,443,97,0.0
1460,97,103,48.5,1.94,2.06,48.5,51.5,194.0,47.06453178068899,443,97,0.0
1461,97,103,48.5,1.94,2.06,48.5,51.5,194.0,47.06453178068899,443,97,0.0
1462,97,103,48.5,1.94,2.06,48.5,51.5,194.0,47.06453178068899,443,97,0.0
1463,97,103,48.5,1.94,2.06,48.5,51.5,194.0,47.06453178068899,443,97,0.0
1464,97,103,48.5,1.94,2.06,48.5,51.5,194.0,47.06453178068899,443,97,0.0
1465,97,103,48.5,1.94,2.06,48.5,51.5,194.0,47.06453178068899,443,97,0.0
1466,97,103,48.5,1.94,2.06,48.5,51.5,194.0,47.06453178068899,443,97,0.0
1467,97,103,48.5,1.94,2.06,48.5,51.5,194.0,47.06453178068899,443,97,0.0
1468,97,103,48.5,1.94,2.06,48.5,51.5,194.0,47.06453178068899,443,97,0.0
1469,97,103,48.5,1.94,2.06,48.5,51.5,194.0,47.06453178068899,443,97,0.0
1470,97,103,48.5,1.94,2.06,48.5,51.5,194.0,47.06453178068899,443,97,0.0
1471,98,102,49.0,1.96,2.04,49.0,51.0,196.0,47.549733139252794,444,98,2.0
1472,98,102,49.0,1.96,2.04,49.0,51.0,196.0,47.549733139252794,444,98,0.0
1473,98,102,49.0,1.96,2.04,49.0,51.0,196.0,47.549733139252794,444,98,0.0
1474,98,102,49.0,1.96,2.04,49.0,51.0,196.0,47.549733139252794,444,98,0.0
1475,98,102,49.0,1.96,2.04,49.0,51.0,196.0,47.549733139252794,445,98,0.0
1476,98,102,49.0,1.96,2.04,49.0,51.0,196.0,47.549733139252794,445,98,0.0
1477,98,102,49.0,1.96,2.04,49.0,51.0,196.0,47.549733139252794,446,98,0.0
1478,98,102,49.0,1.96,2.04,49.0,51.0,196.0,47.549733139252794,446,98,0.0
1479,98,102,49.0,1.96,2.04,49.0,51.0,196.0,47.549733139252794,446,98,0.0
1480,98,102,49.0,1.96,2.04,49.0,51.0,196.0,47.549733139252794,446,98,0.0
1481,98,102,49.0,1.96,2.04,49.0,51.0,196.0,47.549733139252794,446,98,0.0
1482,98,102,49.0,1.96,2.04,49.0,51.0,196.0,47.549733139252794,447,98,0.0
1483,98,102,49.0,1.96,2.04,49.0,51.0,196.0,47.549733139252794,448,98,0.0
1484,98,102,49.0,1.96,2.04,49.0,51.0,196.0,47.549733139252794,448,98,0.0
1485,98,102,49.0,1.96,2.04,49.0,51.0,196.0,47.549733139252794,448,98,0.0
1486,98,102,49.0,1.96,2.04,49.0,51.0,196.0,47.549733139252794,449,98,0.0
1487,98,102,49.0,1.96,2.04,49.0,51.0,196.0,47.549733139252794,449,98,0.0
1488,98,102,49.0,1.96,2.04,49.0,51.0,196.0,47.549733139252794,449,98,0.0
1489,98,102,49.0,1.96,2.04,49.0,51.0,196.0,47.549733139252794,449,98,0.0
1490,98,102,49.0,1.96,2.04,49.0,51.0,196.0,47.549733139252794,449,98,0.0
1491,98,102,49.0,1.96,2.04,49.0,51.0,196.0,47.549733139252794,449,98,0.0
1492,98,102,49.0,1.96,2.04,49.0,51.0,196.0,47.549733139252794,449,98,0.0
1493,98,102,49.0,1.96,2.04,49.0,51.0,196.0,47.549733139252794,450,98,0.0
1494,98,102,49.0,1.96,2.04,49.0,51.0,196.0,47.549733139252794,450,98,0.0
1495,98,102,49.0,1.96,2.04,49.0,51.0,196.0,47.549733139252794,450,98,0.0
1496,98,102,49.0,1.96,2.04,49.0,51.0,196.0,47.549733139252794,451,98,0.0
1497,98,102,49.0,1.96,2.04,49.0,51.0,196.0,47.549733139252794,452,98,0.0
1498,98,102,49.0,1.96,2.04,49.0,51.0,196.0,47.549733139252794,453,98,0.0
1499,98,102,49.0,1.96,2.04,49.0,51.0,196.0,47.549733139252794,453,98,0.0
1500,98,102,49.0,1.96,2.04,49.0,51.0,196.0,47.549733139252794,454,98,0.0
1501,99,101,49.5,1.98,2.02,49.5,50.5,198.0,48.03493449781659,455,99,2.0
1502,99,101,49.5,1.98,2.02,49.5,50.5,198.0,48.03493449781659,455,99,0.0
1503,99,101,49.5,1.98,2.02,49.5,50.5,198.0,48.03493449781659,455,99,0.0
1504,99,101,49.5,1.98,2.02,49.5,50.5,198.0,48.03493449781659,455,99,0.0
1505,99,101,49.5,1.98,2.02,49.5,50.5,198.0,48.03493449781659,455,99,0.0
1506,99,101,49.5,1.98,2.02,49.5,50.5,198.0,48.03493449781659,455,99,0.0
1507,99,101,49.5,1.98,2.02,49.5,50.5,198.0,48.03493449781659,455,99,0.0
1508,99,101,49.5,1.98,2.02,49.5,50.5,198.0,48.03493449781659,456,99,0.0
1509,99,101,49.5,1.98,2.02,49.5,50.5,198.0,48.03493449781659,456,99,0.0
1510,99,101,49.5,1.98,2.02,49.5,50.5,198.0,48.03493449781659,456,99,0.0
1511,99,101,49.5,1.98,2.02,49.5,50.5,198.0,48.03493449781659,457,99,0.0
1512,99,101,49.5,1.98,2.02,49.5,50.5,198.0,48.03493449781659,457,99,0.0
1513,99,101,49.5,1.98,2.02,49.5,50.5,198.0,48.03493449781659,458,99,0.0
1514,99,101,49.5,1.98,2.02,49.5,50.5,198.0,48.03493449781659,458,99,0.0
1515,99,101,49.5,1.98,2.02,49.5,50.5,198.0,48.03493449781659,458,99,0.0
1516,99,101,49.5,1.98,2.02,49.5,50.5,198.0,48.03493449781659,458,99,0.0
1517,99,101,49.5,1.98,2.02,49.5,50.5,198.0,48.03493449781659,458,99,0.0
1518,99,101,49.5,1.98,2.02,49.5,50.5,198.0,48.03493449781659,458,99,0.0
1519,99,101,49.5,1.98,2.02,49.5,50.5,198.0,48.03493449781659,458,99,0.0
1520,99,101,49.5,1.98,2.02,49.5,50.5,198.0,48.03493449781659,458,99,0.0
1521,99,101,49.5,1.98,2.02,49.5,50.5,198.0,48.03493449781659,458,99,0.0
1522,99,101,49.5,1.98,2.02,49.5,50.5,198.0,48.03493449781659,458,99,0.0
1523,99,101,49.5,1.98,2.02,49.5,50.5,198.0,48.03493449781659,458,99,0.0
1524,99,101,49.5,1.98,2.02,49.5,50.5,198.0,48.03493449781659,458,99,0.0
1525,99,101,49.5,1.98,2.02,49.5,50.5,198.0,48.03493449781659,458,99,0.0
1526,99,101,49.5,1.98,2.02,49.5,50.5,198.0,48.03493449781659,458,99,0.0
1527,99,101,49.5,1.98,2.02,49.5,50.5,198.0,48.03493449781659,458,99,0.0
1528,99,101,49.5,1.98,2.02,49.5,50.5,198.0,48.03493449781659,459,99,0.0
1529,99,101,49.5,1.98,2.02,49.5,50.5,198.0,48.03493449781659,460,99,0.0
1530,99,101,49.5,1.98,2.02,49.5,50.5,198.0,48.03493449781659,461,99,0.0
1531,99,101,49.5,1.98,2.02,49.5,50.5,198.0,48.03493449781659,461,99,0.0
1532,99,101,49.5,1.98,2.02,49.5,50.5,198.0,48.03493449781659,462,99,0.0
1533,99,101,49.5,1.98,2.02,49.5,50.5,198.0,48.03493449781659,462,99,0.0
1534,99,101,49.5,1.98,2.02,49.5,50.5,198.0,48.03493449781659,462,99,0.0
1535,99,101,49.5,1.98,2.02,49.5,50.5,198.0,48.03493449781659,462,99,0.0
1536,100,100,50.0,2.0,2.0,50.0,50.0,200.0,48.5201358563804,463,100,2.0
1537,100,100,50.0,2.0,2.0,50.0,50.0,200.0,48.5201358563804,463,100,0.0
1538,100,100,50.0,2.0,2.0,50.0,50.0,200.0,48.5201358563804,463,100,0.0
1539,100,100,50.0,2.0,2.0,50.0,50.0,200.0,48.5201358563804,463,100,0.0
1540,100,100,50.0,2.0,2.0,50.0,50.0,200.0,48.5201358563804,463,100,0.0
1541,100,100,50.0,2.0,2.0,50.0,50.0,200.0,48.5201358563804,463,100,0.0
1542,100,100,50.0,2.0,2.0,50.0,50.0,200.0,48.5201358563804,463,100,0.0
1543,100,100,50.0,2.0,2.0,50.0,50.0,200.0,48.5201358563804,463,100,0.0
1544,100,100,50.0,2.0,2.0,50.0,50.0,200.0,48.5201358563804,463,100,0.0
1545,100,100,50.0,2.0,2.0,50.0,50.0,200.0,48.5201358563804,463,100,0.0
1546,100,100,50.0,2.0,2.0,50.0,50.0,200.0,48.5201358563804,463,100,0.0
1547,100,100,50.0,2.0,2.0,50.0,50.0,200.0,48.5201358563804,463,100,0.0
1548,100,100,50.0,2.0,2.0,50.0,50.0,200.0,48.5201358563804,463,100,0.0
1549,100,100,50.0,2.0,2.0,50.0,50.0,200.0,48.5201358563804,463,100,0.0
1550,100,100,50.0,2.0,2.0,50.0,50.0,200.0,48.5201358563804,464,100,0.0
1551,100,100,50.0,2.0,2.0,50.0,50.0,200.0,48.5201358563804,464,100,0.0
1552,100,100,50.0,2.0,2.0,50.0,50.0,200.0,48.5201358563804,464,100,0.0
1553,101,99,50.5,2.02,1.98,50.5,49.5,202.0,49.005337214944205,465,101,2.0
1554,101,99,50.5,2.02,1.98,50.5,49.5,202.0,49.005337214944205,465,101,0.0
1555,101,99,50.5,2.02,1.98,50.5,49.5,202.0,49.005337214944205,465,101,0.0
1556,101,99,50.5,2.02,1.98,50.5,49.5,202.0,49.005337214944205,465,101,0.0
1557,101,99,50.5,2.02,1.98,50.5,49.5,202.0,49.005337214944205,465,101,0.0
1558,101,99,50.5,2.02,1.98,50.5,49.5,202.0,49.005337214944205,465,101,0.0
1559,102,98,51.0,2.04,1.96,51.0,49.0,204.0,49.49053857350801,466,102,2.0
1560,102,98,51.0,2.04,1.96,51.0,49.0,204.0,49.49053857350801,466,102,0.0
1561,102,98,51.0,2.04,1.96,51.0,49.0,204.0,49.49053857350801,466,102,0.0
1562,102,98,51.0,2.04,1.96,51.0,49.0,204.0,49.49053857350801,466,102,0.0
1563,102,98,51.0,2.04,1.96,51.0,49.0,204.0,49.49053857350801,466,102,0.0
1564,102,98,51.0,2.04,1.96,51.0,49.0,204.0,49.49053857350801,466,102,0.0
1565,102,98,51.0,2.04,1.96,51.0,49.0,204.0,49.49053857350801,467,102,0.0
1566,102,98,51.0,2.04,1.96,51.0,49.0,204.0,49.49053857350801,467,102,0.0
1567,102,98,51.0,2.04,1.96,51.0,49.0,204.0,49.49053857350801,467,102,0.0
1568,102,98,51.0,2.04,1.96,51.0,49.0,204.0,49.49053857350801,468,102,0.0
1569,102,98,51.0,2.04,1.96,51.0,49.0,204.0,49.49053857350801,468,102,0.0
1570,102,98,51.0,2.04,1.96,51.0,49.0,204.0,49.49053857350801,469,102,0.0
1571,102,98,51.0,2.04,1.96,51.0,49.0,204.0,49.49053857350801,470,102,0.0
1572,102,98,51.0,2.04,1.96,51.0,49.0,204.0,49.49053857350801,471,102,0.0
1573,102,98,51.0,2.04,1.96,51.0,49.0,204.0,49.49053857350801,472,102,0.0
1574,102,98,51.0,2.04,1.96,51.0,49.0,204.0,49.49053857350801,472,102,0.0
1575,102,98,51.0,2.04,1.96,51.0,49.0,204.0,49.49053857350801,472,102,0.0
1576,102,98,51.0,2.04,1.96,51.0,49.0,204.0,49.49053857350801,472,102,0.0
1577,102,98,51.0,2.04,1.96,51.0,49.0,204.0,49.49053857350801,473,102,0.0
1578,102,98,51.0,2.04,1.96,51.0,49.0,204.0,49.49053857350801,474,102,0.0
1579,102,98,51.0,2.04,1.96,51.0,49.0,204.0,49.49053857350801,474,102,0.0
1580,102,98,51.0,2.04,1.96,51.0,49.0,204.0,49.49053857350801,474,102,0.0
1581,102,98,51.0,2.04,1.96,51.0,49.0,204.0,49.49053857350801,474,102,0.0
1582,102,98,51.0,2.04,1.96,51.0,49.0,204.0,49.49053857350801,476,102,0.0
1583,102,98,51.0,2.04,1.96,51.0,49.0,204.0,49.49053857350801,477,102,0.0
1584,102,98,51.0,2.04,1.96,51.0,49.0,204.0,49.49053857350801,478,102,0.0
1585,102,98,51.0,2.04,1.96,51.0,49.0,204.0,49.49053857350801,478,102,0.0
1586,102,98,51.0,2.04,1.96,51.0,49.0,204.0,49.49053857350801,479,102,0.0
1587,102,98,51.0,2.04,1.96,51.0,49.0,204.0,49.49053857350801,480,102,0.0
1588,102,98,51.0,2.04,1.96,51.0,49.0,204.0,49.49053857350801,482,102,0.0
1589,103,97,51.5,2.06,1.94,51.5,48.5,206.0,49.97573993207181,483,103,2.0
1590,103,97,51.5,2.06,1.94,51.5,48.5,206.0,49.97573993207181,483,103,0.0
1591,103,97,51.5,2.06,1.94,51.5,48.5,206.0,49.97573993207181,483,103,0.0
1592,103,97,51.5,2.06,1.94,51.5,48.5,206.0,49.97573993207181,483,103,0.0
1593,103,97,51.5,2.06,1.94,51.5,48.5,206.0,49.97573993207181,483,103,0.0
1594,103,97,51.5,2.06,1.94,51.5,48.5,206.0,49.97573993207181,483,103,0.0
1595,103,97,51.5,2.06,1.94,51.5,48.5,206.0,49.97573993207181,484,103,0.0
1596,103,97,51.5,2.06,1.94,51.5,48.5,206.0,49.97573993207181,484,103,0.0
1597,103,97,51.5,2.06,1.94,51.5,48.5,206.0,49.97573993207181,486,103,0.0
1598,103,97,51.5,2.06,1.94,51.5,48.5,206.0,49.97573993207181,486,103,0.0
1599,103,97,51.5,2.06,1.94,51.5,48.5,206.0,49.97573993207181,488,103,0.0
1600,103,97,51.5,2.06,1.94,51.5,48.5,206.0,49.97573993207181,489,103,0.0
1601,103,97,51.5,2.06,1.94,51.5,48.5,206.0,49.97573993207181,489,103,0.0
1602,103,97,51.5,2.06,1.94,51.5,48.5,206.0,49.97573993207181,489,103,0.0
1603,103,97,51.5,2.06,1.94,51.5,48.5,206.0,49.97573993207181,489,103,0.0
1604,103,97,51.5,2.06,1.94,51.5,48.5,206.0,49.97573993207181,490,103,0.0
1605,104,96,52.0,2.08,1.92,52.0,48.0,208.0,50.46094129063562,491,104,2.0
1606,104,96,52.0,2.08,1.92,52.0,48.0,208.0,50.46094129063562,491,104,0.0
1607,104,96,52.0,2.08,1.92,52.0,48.0,208.0,50.46094129063562,491,104,0.0
1608,104,96,52.0,2.08,1.92,52.0,48.0,208.0,50.46094129063562,491,104,0.0
1609,104,96,52.0,2.08,1.92,52.0,48.0,208.0,50.46094129063562,492,104,0.0
1610,104,96,52.0,2.08,1.92,52.0,48.0,208.0,50.46094129063562,493,104,0.0
1611,104,96,52.0,2.08,1.92,52.0,48.0,208.0,50.46094129063562,494,104,0.0
1612,104,96,52.0,2.08,1.92,52.0,48.0,208.0,50.46094129063562,495,104,0.0
1613,104,96,52.0,2.08,1.92,52.0,48.0,208.0,50.46094129063562,495,104,0.0
1614,104,96,52.0,2.08,1.92,52.0,48.0,208.0,50.46094129063562,495,104,0.0
1615,104,96,52.0,2.08,1.92,52.0,48.0,208.0,50.46094129063562,496,104,0.0
1616,104,96,52.0,2.08,1.92,52.0,48.0,208.0,50.46094129063562,497,104,0.0
1617,104,96,52.0,2.08,1.92,52.0,48.0,208.0,50.46094129063562,498,104,0.0
1618,104,96,52.0,2.08,1.92,52.0,48.0,208.0,50.46094129063562,499,104,0.0
1619,104,96,52.0,2.08,1.92,52.0,48.0,208.0,50.46094129063562,500,104,0.0
1620,104,96,52.0,2.08,1.92,52.0,48.0,208.0,50.46094129063562,501,104,0.0
1621,104,96,52.0,2.08,1.92,52.0,48.0,208.0,50.46094129063562,503,104,0.0
1622,104,96,52.0,2.08,1.92,52.0,48.0,208.0,50.46094129063562,505,104,0.0
1623,104,96,52.0,2.08,1.92,52.0,48.0,208.0,50.46094129063562,506,104,0.0
1624,104,96,52.0,2.08,1.92,52.0,48.0,208.0,50.46094129063562,506,104,0.0
1625,104,96,52.0,2.08,1.92,52.0,48.0,208.0,50.46094129063562,507,104,0.0
1626,104,96,52.0,2.08,1.92,52.0,48.0,208.0,50.46094129063562,507,104,0.0
1627,104,96,52.0,2.08,1.92,52.0,48.0,208.0,50.46094129063562,508,104,0.0
1628,104,96,52.0,2.08,1.92,52.0,48.0,208.0,50.46094129063562,510,104,0.0
1629,104,96,52.0,2.08,1.92,52.0,48.0,208.0,50.46094129063562,510,104,0.0
1630,104,96,52.0,2.08,1.92,52.0,48.0,208.0,50.46094129063562,510,104,0.0
1631,104,96,52.0,2.08,1.92,52.0,48.0,208.0,50.46094129063562,511,104,0.0
1632,104,96,52.0,2.08,1.92,52.0,48.0,208.0,50.46094129063562,511,104,0.0
1633,104,96,52.0,2.08,1.92,52.0,48.0,208.0,50.46094129063562,513,104,0.0
1634,104,96,52.0,2.08,1.92,52.0,48.0,208.0,50.46094129063562,516,104,0.0
1635,104,96,52.0,2.08,1.92,52.0,48.0,208.0,50.46094129063562,517,104,0.0
1636,104,96,52.0,2.08,1.92,52.0,48.0,208.0,50.46094129063562,518,104,0.0
1637,104,96,52.0,2.08,1.92,52.0,48.0,208.0,50.46094129063562,521,104,0.0
1638,104,96,52.0,2.08,1.92,52.0,48.0,208.0,50.46094129063562,523,104,0.0
1639,104,96,52.0,2.08,1.92,52.0,48.0,208.0,50.46094129063562,524,104,0.0
1640,104,96,52.0,2.08,1.92,52.0,48.0,208.0,50.46094129063562,525,104,0.0
1641,104,96,52.0,2.08,1.92,52.0,48.0,208.0,50.46094129063562,526,104,0.0
1642,104,96,52.0,2.08,1.92,52.0,48.0,208.0,50.46094129063562,526,104,0.0
1643,104,96,52.0,2.08,1.92,52.0,48.0,208.0,50.46094129063562,527,104,0.0
1644,105,95,52.5,2.1,1.9,52.5,47.5,210.0,50.94614264919942,528,105,2.0
1645,105,95,52.5,2.1,1.9,52.5,47.5,210.0,50.94614264919942,528,105,0.0
1646,105,95,52.5,2.1,1.9,52.5,47.5,210.0,50.94614264919942,529,105,0.0
1647,105,95,52.5,2.1,1.9,52.5,47.5,210.0,50.94614264919942,529,105,0.0
1648,105,95,52.5,2.1,1.9,52.5,47.5,210.0,50.94614264919942,529,105,0.0
1649,105,95,52.5,2.1,1.9,52.5,47.5,210.0,50.94614264919942,529,105,0.0
1650,105,95,52.5,2.1,1.9,52.5,47.5,210.0,50.94614264919942,529,105,0.0
1651,105,95,52.5,2.1,1.9,52.5,47.5,210.0,50.94614264919942,529,105,0.0
1652,105,95,52.5,2.1,1.9,52.5,47.5,210.0,50.94614264919942,529,105,0.0
1653,105,95,52.5,2.1,1.9,52.5,47.5,210.0,50.94614264919942,529,105,0.0
1654,105,95,52.5,2.1,1.9,52.5,47.5,210.0,50.94614264919942,529,105,0.0
1655,105,95,52.5,2.1,1.9,52.5,47.5,210.0,50.94614264919942,529,105,0.0
1656,105,95,52.5,2.1,1.9,52.5,47.5,210.0,50.94614264919942,529,105,0.0
1657,105,95,52.5,2.1,1.9,52.5,47.5,210.0,50.94614264919942,529,105,0.0
1658,105,95,52.5,2.1,1.9,52.5,47.5,210.0,50.94614264919942,529,105,0.0
1659,105,95,52.5,2.1,1.9,52.5,47.5,210.0,50.94614264919942,531,105,0.0
1660,105,95,52.5,2.1,1.9,52.5,47.5,210.0,50.94614264919942,531,105,0.0
1661,105,95,52.5,2.1,1.9,52.5,47.5,210.0,50.94614264919942,531,105,0.0
1662,105,95,52.5,2.1,1.9,52.5,47.5,210.0,50.94614264919942,531,105,0.0
1663,105,95,52.5,2.1,1.9,52.5,47.5,210.0,50.94614264919942,531,105,0.0
1664,105,95,52.5,2.1,1.9,52.5,47.5,210.0,50.94614264919942,531,105,0.0
1665,105,95,52.5,2.1,1.9,52.5,47.5,210.0,50.94614264919942,531,105,0.0
1666,105,95,52.5,2.1,1.9,52.5,47.5,210.0,50.94614264919942,531,105,0.0
1667,105,95,52.5,2.1,1.9,52.5,47.5,210.0,50.94614264919942,531,105,0.0
1668,105,95,52.5,2.1,1.9,52.5,47.5,210.0,50.94614264919942,531,105,0.0
1669,105,95,52.5,2.1,1.9,52.5,47.5,210.0,50.94614264919942,531,105,0.0
1670,105,95,52.5,2.1,1.9,52.5,47.5,210.0,50.94614264919942,531,105,0.0
1671,105,95,52.5,2.1,1.9,52.5,47.5,210.0,50.94614264919942,531,105,0.0
1672,105,95,52.5,2.1,1.9,52.5,47.5,210.0,50.94614264919942,531,105,0.0
1673,105,95,52.5,2.1,1.9,52.5,47.5,210.0,50.94614264919942,531,105,0.0
1674,105,95,52.5,2.1,1.9,52.5,47.5,210.0,50.94614264919942,532,105,0.0
1675,105,95,52.5,2.1,1.9,52.5,47.5,210.0,50.94614264919942,533,105,0.0
1676,105,95,52.5,2.1,1.9,52.5,47.5,210.0,50.94614264919942,533,105,0.0
1677,105,95,52.5,2.1,1.9,52.5,47.5,210.0,50.94614264919942,533,105,0.0
1678,105,95,52.5,2.1,1.9,52.5,47.5,210.0,50.94614264919942,533,105,0.0
1679,105,95,52.5,2.1,1.9,52.5,47.5,210.0,50.94614264919942,533,105,0.0
1680,105,95,52.5,2.1,1.9,52.5,47.5,210.0,50.94614264919942,533,105,0.0
1681,105,95,52.5,2.1,1.9,52.5,47.5,210.0,50.94614264919942,533,105,0.0
1682,105,95,52.5,2.1,1.9,52.5,47.5,210.0,50.94614264919942,534,105,0.0
1683,105,95,52.5,2.1,1.9,52.5,47.5,210.0,50.94614264919942,534,105,0.0
1684,105,95,52.5,2.1,1.9,52.5,47.5,210.0,50.94614264919942,534,105,0.0
1685,105,95,52.5,2.1,1.9,52.5,47.5,210.0,50.94614264919942,534,105,0.0
1686,105,95,52.5,2.1,1.9,52.5,47.5,210.0,50.94614264919942,534,105,0.0
1687,105,95,52.5,2.1,1.9,52.5,47.5,210.0,50.94614264919942,535,105,0.0
1688,105,95,52.5,2.1,1.9,52.5,47.5,210.0,50.94614264919942,535,105,0.0
1689,105,95,52.5,2.1,1.9,52.5,47.5,210.0,50.94614264919942,536,105,0.0
1690,105,95,52.5,2.1,1.9,52.5,47.5,210.0,50.94614264919942,536,105,0.0
1691,105,95,52.5,2.1,1.9,52.5,47.5,210.0,50.94614264919942,539,105,0.0
1692,105,95,52.5,2.1,1.9,52.5,47.5,210.0,50.94614264919942,540,105,0.0
1693,105,95,52.5,2.1,1.9,52.5,47.5,210.0,50.94614264919942,541,105,0.0
1694,105,95,52.5,2.1,1.9,52.5,47.5,210.0,50.94614264919942,541,105,0.0
1695,105,95,52.5,2.1,1.9,52.5,47.5,210.0,50.94614264919942,541,105,0.0
1696,105,95,52.5,2.1,1.9,52.5,47.5,210.0,50.94614264919942,541,105,0.0
1697,105,95,52.5,2.1,1.9,52.5,47.5,210.0,50.94614264919942,541,105,0.0
1698,105,95,52.5,2.1,1.9,52.5,47.5,210.0,50.94614264919942,541,105,0.0
1699,105,95,52.5,2.1,1.9,52.5,47.5,210.0,50.94614264919942,541,105,0.0
1700,105,95,52.5,2.1,1.9,52.5,47.5,210.0,50.94614264919942,541,105,0.0
1701,105,95,52.5,2.1,1.9,52.5,47.5,210.0,50.94614264919942,541,105,0.0
1702,105,95,52.5,2.1,1.9,52.5,47.5,210.0,50.94614264919942,541,105,0.0
1703,105,95,52.5,2.1,1.9,52.5,47.5,210.0,50.94614264919942,541,105,0.0
1704,106,94,53.0,2.12,1.88,53.0,46.99999999999999,212.0,51.43134400776322,542,106,2.0
1705,106,94,53.0,2.12,1.88,53.0,46.99999999999999,212.0,51.43134400776322,542,106,0.0
1706,106,94,53.0,2.12,1.88,53.0,46.99999999999999,212.0,51.43134400776322,542,106,0.0
1707,106,94,53.0,2.12,1.88,53.0,46.99999999999999,212.0,51.43134400776322,545,106,0.0
1708,106,94,53.0,2.12,1.88,53.0,46.99999999999999,212.0,51.43134400776322,547,106,0.0
1709,106,94,53.0,2.12,1.88,53.0,46.99999999999999,212.0,51.43134400776322,547,106,0.0
1710,106,94,53.0,2.12,1.88,53.0,46.99999999999999,212.0,51.43134400776322,547,106,0.0
1711,106,94,53.0,2.12,1.88,53.0,46.99999999999999,212.0,51.43134400776322,548,106,0.0
1712,106,94,53.0,2.12,1.88,53.0,46.99999999999999,212.0,51.43134400776322,548,106,0.0
1713,106,94,53.0,2.12,1.88,53.0,46.99999999999999,212.0,51.43134400776322,549,106,0.0
1714,106,94,53.0,2.12,1.88,53.0,46.99999999999999,212.0,51.43134400776322,549,106,0.0
1715,106,94,53.0,2.12,1.88,53.0,46.99999999999999,212.0,51.43134400776322,549,106,0.0
1716,106,94,53.0,2.12,1.88,53.0,46.99999999999999,212.0,51.43134400776322,549,106,0.0
1717,106,94,53.0,2.12,1.88,53.0,46.99999999999999,212.0,51.43134400776322,551,106,0.0
1718,106,94,53.0,2.12,1.88,53.0,46.99999999999999,212.0,51.43134400776322,551,106,0.0
1719,106,94,53.0,2.12,1.88,53.0,46.99999999999999,212.0,51.43134400776322,553,106,0.0
1720,106,94,53.0,2.12,1.88,53.0,46.99999999999999,212.0,51.43134400776322,553,106,0.0
1721,106,94,53.0,2.12,1.88,53.0,46.99999999999999,212.0,51.43134400776322,554,106,0.0
1722,106,94,53.0,2.12,1.88,53.0,46.99999999999999,212.0,51.43134400776322,554,106,0.0
1723,106,94,53.0,2.12,1.88,53.0,46.99999999999999,212.0,51.43134400776322,554,106,0.0
1724,107,93,53.5,2.14,1.8599999999999999,53.5,46.49999999999999,214.0,51.91654536632703,555,107,2.0
1725,107,93,53.5,2.14,1.8599999999999999,53.5,46.49999999999999,214.0,51.91654536632703,555,107,0.0
1726,107,93,53.5,2.14,1.8599999999999999,53.5,46.49999999999999,214.0,51.91654536632703,555,107,0.0
1727,107,93,53.5,2.14,1.8599999999999999,53.5,46.49999999999999,214.0,51.91654536632703,555,107,0.0
1728,107,93,53.5,2.14,1.8599999999999999,53.5,46.49999999999999,214.0,51.91654536632703,555,107,0.0
1729,107,93,53.5,2.14,1.8599999999999999,53.5,46.49999999999999,214.0,51.91654536632703,556,107,0.0
1730,107,93,53.5,2.14,1.8599999999999999,53.5,46.49999999999999,214.0,51.91654536632703,557,107,0.0
1731,107,93,53.5,2.14,1.8599999999999999,53.5,46.49999999999999,214.0,51.91654536632703,558,107,0.0
1732,107,93,53.5,2.14,1.8599999999999999,53.5,46.49999999999999,214.0,51.91654536632703,558,107,0.0
1733,107,93,53.5,2.14,1.8599999999999999,53.5,46.49999999999999,214.0,51.91654536632703,559,107,0.0
1734,107,93,53.5,2.14,1.8599999999999999,53.5,46.49999999999999,214.0,51.91654536632703,559,107,0.0
1735,107,93,53.5,2.14,1.8599999999999999,53.5,46.49999999999999,214.0,51.91654536632703,559,107,0.0
1736,107,93,53.5,2.14,1.8599999999999999,53.5,46.49999999999999,214.0,51.91654536632703,559,107,0.0
1737,107,93,53.5,2.14,1.8599999999999999,53.5,46.49999999999999,214.0,51.91654536632703,559,107,0.0
1738,107,93,53.5,2.14,1.8599999999999999,53.5,46.49999999999999,214.0,51.91654536632703,559,107,0.0
1739,107,93,53.5,2.14,1.8599999999999999,53.5,46.49999999999999,214.0,51.91654536632703,559,107,0.0
1740,107,93,53.5,2.14,1.8599999999999999,53.5,46.49999999999999,214.0,51.91654536632703,560,107,0.0
1741,107,93,53.5,2.14,1.8599999999999999,53.5,46.49999999999999,214.0,51.91654536632703,560,107,0.0
1742,107,93,53.5,2.14,1.8599999999999999,53.5,46.49999999999999,214.0,51.91654536632703,560,107,0.0
1743,107,93,53.5,2.14,1.8599999999999999,53.5,46.49999999999999,214.0,51.91654536632703,561,107,0.0
1744,108,92,54.0,2.16,1.8399999999999999,54.0,45.99999999999999,216.0,52.40174672489083,564,108,2.0
1745,108,92,54.0,2.16,1.8399999999999999,54.0,45.99999999999999,216.0,52.40174672489083,564,108,0.0
1746,108,92,54.0,2.16,1.8399999999999999,54.0,45.99999999999999,216.0,52.40174672489083,565,108,0.0
1747,108,92,54.0,2.16,1.8399999999999999,54.0,45.99999999999999,216.0,52.40174672489083,566,108,0.0
1748,108,92,54.0,2.16,1.8399999999999999,54.0,45.99999999999999,216.0,52.40174672489083,567,108,0.0
1749,108,92,54.0,2.16,1.8399999999999999,54.0,45.99999999999999,216.0,52.40174672489083,568,108,0.0
1750,108,92,54.0,2.16,1.8399999999999999,54.0,45.99999999999999,216.0,52.40174672489083,568,108,0.0
1751,108,92,54.0,2.16,1.8399999999999999,54.0,45.99999999999999,216.0,52.40174672489083,568,108,0.0
1752,108,92,54.0,2.16,1.8399999999999999,54.0,45.99999999999999,216.0,52.40174672489083,568,108,0.0
1753,108,92,54.0,2.16,1.8399999999999999,54.0,45.99999999999999,216.0,52.40174672489083,568,108,0.0
1754,108,92,54.0,2.16,1.8399999999999999,54.0,45.99999999999999,216.0,52.40174672489083,569,108,0.0
1755,108,92,54.0,2.16,1.8399999999999999,54.0,45.99999999999999,216.0,52.40174672489083,569,108,0.0
1756,108,92,54.0,2.16,1.8399999999999999,54.0,45.99999999999999,216.0,52.40174672489083,569,108,0.0
1757,108,92,54.0,2.16,1.8399999999999999,54.0,45.99999999999999,216.0,52.40174672489083,569,108,0.0
1758,108,92,54.0,2.16,1.8399999999999999,54.0,45.99999999999999,216.0,52.40174672489083,569,108,0.0
1759,108,92,54.0,2.16,1.8399999999999999,54.0,45.99999999999999,216.0,52.40174672489083,569,108,0.0
1760,108,92,54.0,2.16,1.8399999999999999,54.0,45.99999999999999,216.0,52.40174672489083,569,108,0.0
1761,108,92,54.0,2.16,1.8399999999999999,54.0,45.99999999999999,216.0,52.40174672489083,569,108,0.0
1762,108,92,54.0,2.16,1.8399999999999999,54.0,45.99999999999999,216.0,52.40174672489083,569,108,0.0
1763,108,92,54.0,2.16,1.8399999999999999,54.0,45.99999999999999,216.0,52.40174672489083,569,108,0.0
1764,108,92,54.0,2.16,1.8399999999999999,54.0,45.99999999999999,216.0,52.40174672489083,570,108,0.0
1765,108,92,54.0,2.16,1.8399999999999999,54.0,45.99999999999999,216.0,52.40174672489083,570,108,0.0
1766,108,92,54.0,2.16,1.8399999999999999,54.0,45.99999999999999,216.0,52.40174672489083,570,108,0.0
1767,108,92,54.0,2.16,1.8399999999999999,54.0,45.99999999999999,216.0,52.40174672489083,570,108,0.0
1768,108,92,54.0,2.16,1.8399999999999999,54.0,45.99999999999999,216.0,52.40174672489083,570,108,0.0
1769,108,92,54.0,2.16,1.8399999999999999,54.0,45.99999999999999,216.0,52.40174672489083,570,108,0.0
1770,108,92,54.0,2.16,1.8399999999999999,54.0,45.99999999999999,216.0,52.40174672489083,570,108,0.0
1771,108,92,54.0,2.16,1.8399999999999999,54.0,45.99999999999999,216.0,52.40174672489083,570,108,0.0
1772,108,92,54.0,2.16,1.8399999999999999,54.0,45.99999999999999,216.0,52.40174672489083,570,108,0.0
1773,108,92,54.0,2.16,1.8399999999999999,54.0,45.99999999999999,216.0,52.40174672489083,570,108,0.0
1774,108,92,54.0,2.16,1.8399999999999999,54.0,45.99999999999999,216.0,52.40174672489083,570,108,0.0
1775,108,92,54.0,2.16,1.8399999999999999,54.0,45.99999999999999,216.0,52.40174672489083,570,108,0.0
1776,108,92,54.0,2.16,1.8399999999999999,54.0,45.99999999999999,216.0,52.40174672489083,570,108,0.0
1777,108,92,54.0,2.16,1.8399999999999999,54.0,45.99999999999999,216.0,52.40174672489083,570,108,0.0
1778,108,92,54.0,2.16,1.8399999999999999,54.0,45.99999999999999,216.0,52.40174672489083,570,108,0.0
1779,108,92,54.0,2.16,1.8399999999999999,54.0,45.99999999999999,216.0,52.40174672489083,571,108,0.0
1780,108,92,54.0,2.16,1.8399999999999999,54.0,45.99999999999999,216.0,52.40174672489083,571,108,0.0
1781,108,92,54.0,2.16,1.8399999999999999,54.0,45.99999999999999,216.0,52.40174672489083,571,108,0.0
1782,108,92,54.0,2.16,1.8399999999999999,54.0,45.99999999999999,216.0,52.40174672489083,571,108,0.0
1783,108,92,54.0,2.16,1.8399999999999999,54.0,45.99999999999999,216.0,52.40174672489083,571,108,0.0
1784,108,92,54.0,2.16,1.8399999999999999,54.0,45.99999999999999,216.0,52.40174672489083,571,108,0.0
1785,108,92,54.0,2.16,1.8399999999999999,54.0,45.99999999999999,216.0,52.40174672489083,571,108,0.0
1786,108,92,54.0,2.16,1.8399999999999999,54.0,45.99999999999999,216.0,52.40174672489083,571,108,0.0
1787,108,92,54.0,2.16,1.8399999999999999,54.0,45.99999999999999,216.0,52.40174672489083,571,108,0.0
1788,108,92,54.0,2.16,1.8399999999999999,54.0,45.99999999999999,216.0,52.40174672489083,572,108,0.0
1789,108,92,54.0,2.16,1.8399999999999999,54.0,45.99999999999999,216.0,52.40174672489083,574,108,0.0
1790,108,92,54.0,2.16,1.8399999999999999,54.0,45.99999999999999,216.0,52.40174672489083,576,108,0.0
1791,108,92,54.0,2.16,1.8399999999999999,54.0,45.99999999999999,216.0,52.40174672489083,576,108,0.0
1792,108,92,54.0,2.16,1.8399999999999999,54.0,45.99999999999999,216.0,52.40174672489083,576,108,0.0
1793,108,92,54.0,2.16,1.8399999999999999,54.0,45.99999999999999,216.0,52.40174672489083,576,108,0.0
1794,108,92,54.0,2.16,1.8399999999999999,54.0,45.99999999999999,216.0,52.40174672489083,576,108,0.0
1795,108,92,54.0,2.16,1.8399999999999999,54.0,45.99999999999999,216.0,52.40174672489083,576,108,0.0
1796,108,92,54.0,2.16,1.8399999999999999,54.0,45.99999999999999,216.0,52.40174672489083,576,108,0.0
1797,108,92,54.0,2.16,1.8399999999999999,54.0,45.99999999999999,216.0,52.40174672489083,577,108,0.0
1798,108,92,54.0,2.16,1.8399999999999999,54.0,45.99999999999999,216.0,52.40174672489083,577,108,0.0
1799,108,92,54.0,2.16,1.8399999999999999,54.0,45.99999999999999,216.0,52.40174672489083,577,108,0.0
1800,108,92,54.0,2.16,1.8399999999999999,54.0,45.99999999999999,216.0,52.40174672489083,577,108,0.0
1801,108,92,54.0,2.16,1.8399999999999999,54.0,45.99999999999999,216.0,52.40174672489083,577,108,0.0
1802,108,92,54.0,2.16,1.8399999999999999,54.0,45.99999999999999,216.0,52.40174672489083,577,108,0.0
1803,108,92,54.0,2.16,1.8399999999999999,54.0,45.99999999999999,216.0,52.40174672489083,578,108,0.0
1804,108,92,54.0,2.16,1.8399999999999999,54.0,45.99999999999999,216.0,52.40174672489083,579,108,0.0
1805,108,92,54.0,2.16,1.8399999999999999,54.0,45.99999999999999,216.0,52.40174672489083,580,108,0.0
1806,108,92,54.0,2.16,1.8399999999999999,54.0,45.99999999999999,216.0,52.40174672489083,581,108,0.0
1807,109,91,54.50000000000001,2.18,1.8199999999999998,54.5,45.49999999999999,218.0,52.886948083454634,583,109,2.0
1808,109,91,54.50000000000001,2.18,1.8199999999999998,54.5,45.49999999999999,218.0,52.886948083454634,584,109,0.0
1809,109,91,54.50000000000001,2.18,1.8199999999999998,54.5,45.49999999999999,218.0,52.886948083454634,584,109,0.0
1810,109,91,54.50000000000001,2.18,1.8199999999999998,54.5,45.49999999999999,218.0,52.886948083454634,584,109,0.0
1811,109,91,54.50000000000001,2.18,1.8199999999999998,54.5,45.49999999999999,218.0,52.886948083454634,585,109,0.0
1812,109,91,54.50000000000001,2.18,1.8199999999999998,54.5,45.49999999999999,218.0,52.886948083454634,585,109,0.0
1813,109,91,54.50000000000001,2.18,1.8199999999999998,54.5,45.49999999999999,218.0,52.886948083454634,586,109,0.0
1814,109,91,54.50000000000001,2.18,1.8199999999999998,54.5,45.49999999999999,218.0,52.886948083454634,587,109,0.0
1815,109,91,54.50000000000001,2.18,1.8199999999999998,54.5,45.49999999999999,218.0,52.886948083454634,587,109,0.0
1816,109,91,54.50000000000001,2.18,1.8199999999999998,54.5,45.49999999999999,218.0,52.886948083454634,587,109,0.0
1817,109,91,54.50000000000001,2.18,1.8199999999999998,54.5,45.49999999999999,218.0,52.886948083454634,588,109,0.0
1818,109,91,54.50000000000001,2.18,1.8199999999999998,54.5,45.49999999999999,218.0,52.886948083454634,590,109,0.0
1819,109,91,54.50000000000001,2.18,1.8199999999999998,54.5,45.49999999999999,218.0,52.886948083454634,590,109,0.0
1820,109,91,54.50000000000001,2.18,1.8199999999999998,54.5,45.49999999999999,218.0,52.886948083454634,590,109,0.0
1821,110,90,55.00000000000001,2.2,1.7999999999999998,55.0,44.99999999999999,220.0,53.37214944201843,591,110,2.0
1822,110,90,55.00000000000001,2.2,1.7999999999999998,55.0,44.99999999999999,220.0,53.37214944201843,591,110,0.0
1823,110,90,55.00000000000001,2.2,1.7999999999999998,55.0,44.99999999999999,220.0,53.37214944201843,591,110,0.0
1824,110,90,55.00000000000001,2.2,1.7999999999999998,55.0,44.99999999999999,220.0,53.37214944201843,591,110,0.0
1825,110,90,55.00000000000001,2.2,1.7999999999999998,55.0,44.99999999999999,220.0,53.37214944201843,591,110,0.0
1826,110,90,55.00000000000001,2.2,1.7999999999999998,55.0,44.99999999999999,220.0,53.37214944201843,591,110,0.0
1827,110,90,55.00000000000001,2.2,1.7999999999999998,55.0,44.99999999999999,220.0,53.37214944201843,591,110,0.0
1828,110,90,55.00000000000001,2.2,1.7999999999999998,55.0,44.99999999999999,220.0,53.37214944201843,591,110,0.0
1829,110,90,55.00000000000001,2.2,1.7999999999999998,55.0,44.99999999999999,220.0,53.37214944201843,591,110,0.0
1830,110,90,55.00000000000001,2.2,1.7999999999999998,55.0,44.99999999999999,220.0,53.37214944201843,591,110,0.0
1831,110,90,55.00000000000001,2.2,1.7999999999999998,55.0,44.99999999999999,220.0,53.37214944201843,592,110,0.0
1832,110,90,55.00000000000001,2.2,1.7999999999999998,55.0,44.99999999999999,220.0,53.37214944201843,593,110,0.0
1833,110,90,55.00000000000001,2.2,1.7999999999999998,55.0,44.99999999999999,220.0,53.37214944201843,594,110,0.0
1834,110,90,55.00000000000001,2.2,1.7999999999999998,55.0,44.99999999999999,220.0,53.37214944201843,595,110,0.0
1835,110,90,55.00000000000001,2.2,1.7999999999999998,55.0,44.99999999999999,220.0,53.37214944201843,595,110,0.0
1836,110,90,55.00000000000001,2.2,1.7999999999999998,55.0,44.99999999999999,220.0,53.37214944201843,595,110,0.0
1837,110,90,55.00000000000001,2.2,1.7999999999999998,55.0,44.99999999999999,220.0,53.37214944201843,595,110,0.0
1838,110,90,55.00000000000001,2.2,1.7999999999999998,55.0,44.99999999999999,220.0,53.37214944201843,595,110,0.0
1839,110,90,55.00000000000001,2.2,1.7999999999999998,55.0,44.99999999999999,220.0,53.37214944201843,595,110,0.0
1840,110,90,55.00000000000001,2.2,1.7999999999999998,55.0,44.99999999999999,220.0,53.37214944201843,596,110,0.0
1841,110,90,55.00000000000001,2.2,1.7999999999999998,55.0,44.99999999999999,220.0,53.37214944201843,597,110,0.0
1842,110,90,55.00000000000001,2.2,1.7999999999999998,55.0,44.99999999999999,220.0,53.37214944201843,597,110,0.0
1843,110,90,55.00000000000001,2.2,1.7999999999999998,55.0,44.99999999999999,220.0,53.37214944201843,598,110,0.0
1844,110,90,55.00000000000001,2.2,1.7999999999999998,55.0,44.99999999999999,220.0,53.37214944201843,599,110,0.0
1845,110,90,55.00000000000001,2.2,1.7999999999999998,55.0,44.99999999999999,220.0,53.37214944201843,600,110,0.0
1846,110,90,55.00000000000001,2.2,1.7999999999999998,55.0,44.99999999999999,220.0,53.37214944201843,601,110,0.0
1847,110,90,55.00000000000001,2.2,1.7999999999999998,55.0,44.99999999999999,220.0,53.37214944201843,601,110,0.0
1848,110,90,55.00000000000001,2.2,1.7999999999999998,55.0,44.99999999999999,220.0,53.37214944201843,601,110,0.0
1849,110,90,55.00000000000001,2.2,1.7999999999999998,55.0,44.99999999999999,220.0,53.37214944201843,601,110,0.0
1850,110,90,55.00000000000001,2.2,1.7999999999999998,55.0,44.99999999999999,220.0,53.37214944201843,601,110,0.0
1851,110,90,55.00000000000001,2.2,1.7999999999999998,55.0,44.99999999999999,220.0,53.37214944201843,601,110,0.0
1852,110,90,55.00000000000001,2.2,1.7999999999999998,55.0,44.99999999999999,220.0,53.37214944201843,601,110,0.0
1853,110,90,55.00000000000001,2.2,1.7999999999999998,55.0,44.99999999999999,220.0,53.37214944201843,601,110,0.0
1854,110,90,55.00000000000001,2.2,1.7999999999999998,55.0,44.99999999999999,220.0,53.37214944201843,601,110,0.0
1855,110,90,55.00000000000001,2.2,1.7999999999999998,55.0,44.99999999999999,220.0,53.37214944201843,601,110,0.0
1856,110,90,55.00000000000001,2.2,1.7999999999999998,55.0,44.99999999999999,220.0,53.37214944201843,601,110,0.0
1857,110,90,55.00000000000001,2.2,1.7999999999999998,55.0,44.99999999999999,220.0,53.37214944201843,601,110,0.0
1858,110,90,55.00000000000001,2.2,1.7999999999999998,55.0,44.99999999999999,220.0,53.37214944201843,601,110,0.0
1859,110,90,55.00000000000001,2.2,1.7999999999999998,55.0,44.99999999999999,220.0,53.37214944201843,601,110,0.0
1860,110,90,55.00000000000001,2.2,1.7999999999999998,55.0,44.99999999999999,220.0,53.37214944201843,601,110,0.0
1861,110,90,55.00000000000001,2.2,1.7999999999999998,55.0,44.99999999999999,220.0,53.37214944201843,601,110,0.0
1862,110,90,55.00000000000001,2.2,1.7999999999999998,55.0,44.99999999999999,220.0,53.37214944201843,601,110,0.0
1863,110,90,55.00000000000001,2.2,1.7999999999999998,55.0,44.99999999999999,220.0,53.37214944201843,601,110,0.0
1864,110,90,55.00000000000001,2.2,1.7999999999999998,55.0,44.99999999999999,220.0,53.37214944201843,601,110,0.0
1865,110,90,55.00000000000001,2.2,1.7999999999999998,55.0,44.99999999999999,220.0,53.37214944201843,602,110,0.0
1866,110,90,55.00000000000001,2.2,1.7999999999999998,55.0,44.99999999999999,220.0,53.37214944201843,603,110,0.0
1867,110,90,55.00000000000001,2.2,1.7999999999999998,55.0,44.99999999999999,220.0,53.37214944201843,603,110,0.0
1868,110,90,55.00000000000001,2.2,1.7999999999999998,55.0,44.99999999999999,220.0,53.37214944201843,603,110,0.0
1869,110,90,55.00000000000001,2.2,1.7999999999999998,55.0,44.99999999999999,220.0,53.37214944201843,604,110,0.0
1870,110,90,55.00000000000001,2.2,1.7999999999999998,55.0,44.99999999999999,220.0,53.37214944201843,604,110,0.0
1871,110,90,55.00000000000001,2.2,1.7999999999999998,55.0,44.99999999999999,220.0,53.37214944201843,605,110,0.0
1872,110,90,55.00000000000001,2.2,1.7999999999999998,55.0,44.99999999999999,220.0,53.37214944201843,605,110,0.0
1873,110,90,55.00000000000001,2.2,1.7999999999999998,55.0,44.99999999999999,220.0,53.37214944201843,606,110,0.0
1874,110,90,55.00000000000001,2.2,1.7999999999999998,55.0,44.99999999999999,220.0,53.37214944201843,606,110,0.0
1875,110,90,55.00000000000001,2.2,1.7999999999999998,55.0,44.99999999999999,220.0,53.37214944201843,606,110,0.0
1876,110,90,55.00000000000001,2.2,1.7999999999999998,55.0,44.99999999999999,220.0,53.37214944201843,606,110,0.0
1877,110,90,55.00000000000001,2.2,1.7999999999999998,55.0,44.99999999999999,220.0,53.37214944201843,606,110,0.0
1878,110,90,55.00000000000001,2.2,1.7999999999999998,55.0,44.99999999999999,220.0,53.37214944201843,606,110,0.0
1879,110,90,55.00000000000001,2.2,1.7999999999999998,55.0,44.99999999999999,220.0,53.37214944201843,606,110,0.0
1880,110,90,55.00000000000001,2.2,1.7999999999999998,55.0,44.99999999999999,220.0,53.37214944201843,606,110,0.0
1881,110,90,55.00000000000001,2.2,1.7999999999999998,55.0,44.99999999999999,220.0,53.37214944201843,606,110,0.0
1882,110,90,55.00000000000001,2.2,1.7999999999999998,55.0,44.99999999999999,220.0,53.37214944201843,607,110,0.0
1883,110,90,55.00000000000001,2.2,1.7999999999999998,55.0,44.99999999999999,220.0,53.37214944201843,607,110,0.0
1884,110,90,55.00000000000001,2.2,1.7999999999999998,55.0,44.99999999999999,220.0,53.37214944201843,607,110,0.0
1885,110,90,55.00000000000001,2.2,1.7999999999999998,55.0,44.99999999999999,220.0,53.37214944201843,607,110,0.0
1886,110,90,55.00000000000001,2.2,1.7999999999999998,55.0,44.99999999999999,220.0,53.37214944201843,607,110,0.0
1887,110,90,55.00000000000001,2.2,1.7999999999999998,55.0,44.99999999999999,220.0,53.37214944201843,607,110,0.0
1888,110,90,55.00000000000001,2.2,1.7999999999999998,55.0,44.99999999999999,220.0,53.37214944201843,608,110,0.0
1889,110,90,55.00000000000001,2.2,1.7999999999999998,55.0,44.99999999999999,220.0,53.37214944201843,608,110,0.0
1890,110,90,55.00000000000001,2.2,1.7999999999999998,55.0,44.99999999999999,220.0,53.37214944201843,609,110,0.0
1891,110,90,55.00000000000001,2.2,1.7999999999999998,55.0,44.99999999999999,220.0,53.37214944201843,610,110,0.0
1892,111,89,55.50000000000001,2.22,1.7799999999999998,55.50000000000001,44.49999999999999,222.00000000000003,53.857350800582246,611,111,2.0000000000000284
1893,111,89,55.50000000000001,2.22,1.7799999999999998,55.50000000000001,44.49999999999999,222.00000000000003,53.857350800582246,611,111,0.0
1894,111,89,55.50000000000001,2.22,1.7799999999999998,55.50000000000001,44.49999999999999,222.00000000000003,53.857350800582246,611,111,0.0
1895,111,89,55.50000000000001,2.22,1.7799999999999998,55.50000000000001,44.49999999999999,222.00000000000003,53.857350800582246,611,111,0.0
1896,111,89,55.50000000000001,2.22,1.7799999999999998,55.50000000000001,44.49999999999999,222.00000000000003,53.857350800582246,611,111,0.0
1897,111,89,55.50000000000001,2.22,1.7799999999999998,55.50000000000001,44.49999999999999,222.00000000000003,53.857350800582246,611,111,0.0
1898,111,89,55.50000000000001,2.22,1.7799999999999998,55.50000000000001,44.49999999999999,222.00000000000003,53.857350800582246,611,111,0.0
1899,111,89,55.50000000000001,2.22,1.7799999999999998,55.50000000000001,44.49999999999999,222.00000000000003,53.857350800582246,611,111,0.0
1900,111,89,55.50000000000001,2.22,1.7799999999999998,55.50000000000001,44.49999999999999,222.00000000000003,53.857350800582246,611,111,0.0
1901,111,89,55.50000000000001,2.22,1.7799999999999998,55.50000000000001,44.49999999999999,222.00000000000003,53.857350800582246,611,111,0.0
1902,111,89,55.50000000000001,2.22,1.7799999999999998,55.50000000000001,44.49999999999999,222.00000000000003,53.857350800582246,612,111,0.0
1903,111,89,55.50000000000001,2.22,1.7799999999999998,55.50000000000001,44.49999999999999,222.00000000000003,53.857350800582246,613,111,0.0
1904,111,89,55.50000000000001,2.22,1.7799999999999998,55.50000000000001,44.49999999999999,222.00000000000003,53.857350800582246,613,111,0.0
1905,111,89,55.50000000000001,2.22,1.7799999999999998,55.50000000000001,44.49999999999999,222.00000000000003,53.857350800582246,613,111,0.0
1906,111,89,55.50000000000001,2.22,1.7799999999999998,55.50000000000001,44.49999999999999,222.00000000000003,53.857350800582246,613,111,0.0
1907,111,89,55.50000000000001,2.22,1.7799999999999998,55.50000000000001,44.49999999999999,222.00000000000003,53.857350800582246,613,111,0.0
1908,111,89,55.50000000000001,2.22,1.7799999999999998,55.50000000000001,44.49999999999999,222.00000000000003,53.857350800582246,613,111,0.0
1909,111,89,55.50000000000001,2.22,1.7799999999999998,55.50000000000001,44.49999999999999,222.00000000000003,53.857350800582246,614,111,0.0
1910,111,89,55.50000000000001,2.22,1.7799999999999998,55.50000000000001,44.49999999999999,222.00000000000003,53.857350800582246,614,111,0.0
1911,111,89,55.50000000000001,2.22,1.7799999999999998,55.50000000000001,44.49999999999999,222.00000000000003,53.857350800582246,614,111,0.0
1912,111,89,55.50000000000001,2.22,1.7799999999999998,55.50000000000001,44.49999999999999,222.00000000000003,53.857350800582246,614,111,0.0
1913,111,89,55.50000000000001,2.22,1.7799999999999998,55.50000000000001,44.49999999999999,222.00000000000003,53.857350800582246,615,111,0.0
1914,111,89,55.50000000000001,2.22,1.7799999999999998,55.50000000000001,44.49999999999999,222.00000000000003,53.857350800582246,616,111,0.0
1915,111,89,55.50000000000001,2.22,1.7799999999999998,55.50000000000001,44.49999999999999,222.00000000000003,53.857350800582246,618,111,0.0
1916,111,89,55.50000000000001,2.22,1.7799999999999998,55.50000000000001,44.49999999999999,222.00000000000003,53.857350800582246,619,111,0.0
1917,111,89,55.50000000000001,2.22,1.7799999999999998,55.50000000000001,44.49999999999999,222.00000000000003,53.857350800582246,619,111,0.0
1918,111,89,55.50000000000001,2.22,1.7799999999999998,55.50000000000001,44.49999999999999,222.00000000000003,53.857350800582246,619,111,0.0
1919,111,89,55.50000000000001,2.22,1.7799999999999998,55.50000000000001,44.49999999999999,222.00000000000003,53.857350800582246,619,111,0.0
1920,112,88,56.00000000000001,2.24,1.7599999999999998,56.00000000000001,43.99999999999999,224.00000000000003,54.34255215914605,620,112,2.0
1921,112,88,56.00000000000001,2.24,1.7599999999999998,56.00000000000001,43.99999999999999,224.00000000000003,54.34255215914605,620,112,0.0
1922,112,88,56.00000000000001,2.24,1.7599999999999998,56.00000000000001,43.99999999999999,224.00000000000003,54.34255215914605,620,112,0.0
1923,112,88,56.00000000000001,2.24,1.7599999999999998,56.00000000000001,43.99999999999999,224.00000000000003,54.34255215914605,620,112,0.0
1924,112,88,56.00000000000001,2.24,1.7599999999999998,56.00000000000001,43.99999999999999,224.00000000000003,54.34255215914605,620,112,0.0
1925,112,88,56.00000000000001,2.24,1.7599999999999998,56.00000000000001,43.99999999999999,224.00000000000003,54.34255215914605,620,112,0.0
1926,112,88,56.00000000000001,2.24,1.7599999999999998,56.00000000000001,43.99999999999999,224.00000000000003,54.34255215914605,620,112,0.0
1927,112,88,56.00000000000001,2.24,1.7599999999999998,56.00000000000001,43.99999999999999,224.00000000000003,54.34255215914605,620,112,0.0
1928,112,88,56.00000000000001,2.24,1.7599999999999998,56.00000000000001,43.99999999999999,224.00000000000003,54.34255215914605,620,112,0.0
1929,112,88,56.00000000000001,2.24,1.7599999999999998,56.00000000000001,43.99999999999999,224.00000000000003,54.34255215914605,620,112,0.0
1930,112,88,56.00000000000001,2.24,1.7599999999999998,56.00000000000001,43.99999999999999,224.00000000000003,54.34255215914605,620,112,0.0
1931,112,88,56.00000000000001,2.24,1.7599999999999998,56.00000000000001,43.99999999999999,224.00000000000003,54.34255215914605,620,112,0.0
1932,112,88,56.00000000000001,2.24,1.7599999999999998,56.00000000000001,43.99999999999999,224.00000000000003,54.34255215914605,620,112,0.0
1933,112,88,56.00000000000001,2.24,1.7599999999999998,56.00000000000001,43.99999999999999,224.00000000000003,54.34255215914605,621,112,0.0
1934,112,88,56.00000000000001,2.24,1.7599999999999998,56.00000000000001,43.99999999999999,224.00000000000003,54.34255215914605,621,112,0.0
1935,112,88,56.00000000000001,2.24,1.7599999999999998,56.00000000000001,43.99999999999999,224.00000000000003,54.34255215914605,621,112,0.0
1936,112,88,56.00000000000001,2.24,1.7599999999999998,56.00000000000001,43.99999999999999,224.00000000000003,54.34255215914605,621,112,0.0
1937,112,88,56.00000000000001,2.24,1.7599999999999998,56.00000000000001,43.99999999999999,224.00000000000003,54.34255215914605,621,112,0.0
1938,112,88,56.00000000000001,2.24,1.7599999999999998,56.00000000000001,43.99999999999999,224.00000000000003,54.34255215914605,621,112,0.0
1939,112,88,56.00000000000001,2.24,1.7599999999999998,56.00000000000001,43.99999999999999,224.00000000000003,54.34255215914605,621,112,0.0
1940,112,88,56.00000000000001,2.24,1.7599999999999998,56.00000000000001,43.99999999999999,224.00000000000003,54.34255215914605,621,112,0.0
1941,112,88,56.00000000000001,2.24,1.7599999999999998,56.00000000000001,43.99999999999999,224.00000000000003,54.34255215914605,621,112,0.0
1942,112,88,56.00000000000001,2.24,1.7599999999999998,56.00000000000001,43.99999999999999,224.00000000000003,54.34255215914605,622,112,0.0
1943,112,88,56.00000000000001,2.24,1.7599999999999998,56.00000000000001,43.99999999999999,224.00000000000003,54.34255215914605,622,112,0.0
1944,112,88,56.00000000000001,2.24,1.7599999999999998,56.00000000000001,43.99999999999999,224.00000000000003,54.34255215914605,622,112,0.0
1945,112,88,56.00000000000001,2.24,1.7599999999999998,56.00000000000001,43.99999999999999,224.00000000000003,54.34255215914605,623,112,0.0
1946,112,88,56.00000000000001,2.24,1.7599999999999998,56.00000000000001,43.99999999999999,224.00000000000003,54.34255215914605,624,112,0.0
1947,112,88,56.00000000000001,2.24,1.7599999999999998,56.00000000000001,43.99999999999999,224.00000000000003,54.34255215914605,625,112,0.0
1948,112,88,56.00000000000001,2.24,1.7599999999999998,56.00000000000001,43.99999999999999,224.00000000000003,54.34255215914605,625,112,0.0
1949,112,88,56.00000000000001,2.24,1.7599999999999998,56.00000000000001,43.99999999999999,224.00000000000003,54.34255215914605,626,112,0.0
1950,112,88,56.00000000000001,2.24,1.7599999999999998,56.00000000000001,43.99999999999999,224.00000000000003,54.34255215914605,628,112,0.0
1951,112,88,56.00000000000001,2.24,1.7599999999999998,56.00000000000001,43.99999999999999,224.00000000000003,54.34255215914605,629,112,0.0
1952,112,88,56.00000000000001,2.24,1.7599999999999998,56.00000000000001,43.99999999999999,224.00000000000003,54.34255215914605,630,112,0.0
1953,112,88,56.00000000000001,2.24,1.7599999999999998,56.00000000000001,43.99999999999999,224.00000000000003,54.34255215914605,630,112,0.0
1954,112,88,56.00000000000001,2.24,1.7599999999999998,56.00000000000001,43.99999999999999,224.00000000000003,54.34255215914605,631,112,0.0
1955,112,88,56.00000000000001,2.24,1.7599999999999998,56.00000000000001,43.99999999999999,224.00000000000003,54.34255215914605,632,112,0.0
1956,112,88,56.00000000000001,2.24,1.7599999999999998,56.00000000000001,43.99999999999999,224.00000000000003,54.34255215914605,632,112,0.0
1957,112,88,56.00000000000001,2.24,1.7599999999999998,56.00000000000001,43.99999999999999,224.00000000000003,54.34255215914605,632,112,0.0
1958,112,88,56.00000000000001,2.24,1.7599999999999998,56.00000000000001,43.99999999999999,224.00000000000003,54.34255215914605,632,112,0.0
1959,112,88,56.00000000000001,2.24,1.7599999999999998,56.00000000000001,43.99999999999999,224.00000000000003,54.34255215914605,632,112,0.0
1960,112,88,56.00000000000001,2.24,1.7599999999999998,56.00000000000001,43.99999999999999,224.00000000000003,54.34255215914605,632,112,0.0
1961,112,88,56.00000000000001,2.24,1.7599999999999998,56.00000000000001,43.99999999999999,224.00000000000003,54.34255215914605,633,112,0.0
1962,112,88,56.00000000000001,2.24,1.7599999999999998,56.00000000000001,43.99999999999999,224.00000000000003,54.34255215914605,636,112,0.0
1963,112,88,56.00000000000001,2.24,1.7599999999999998,56.00000000000001,43.99999999999999,224.00000000000003,54.34255215914605,637,112,0.0
1964,112,88,56.00000000000001,2.24,1.7599999999999998,56.00000000000001,43.99999999999999,224.00000000000003,54.34255215914605,637,112,0.0
1965,112,88,56.00000000000001,2.24,1.7599999999999998,56.00000000000001,43.99999999999999,224.00000000000003,54.34255215914605,637,112,0.0
1966,112,88,56.00000000000001,2.24,1.7599999999999998,56.00000000000001,43.99999999999999,224.00000000000003,54.34255215914605,637,112,0.0
1967,112,88,56.00000000000001,2.24,1.7599999999999998,56.00000000000001,43.99999999999999,224.00000000000003,54.34255215914605,637,112,0.0
1968,112,88,56.00000000000001,2.24,1.7599999999999998,56.00000000000001,43.99999999999999,224.00000000000003,54.34255215914605,637,112,0.0
1969,112,88,56.00000000000001,2.24,1.7599999999999998,56.00000000000001,43.99999999999999,224.00000000000003,54.34255215914605,637,112,0.0
1970,112,88,56.00000000000001,2.24,1.7599999999999998,56.00000000000001,43.99999999999999,224.00000000000003,54.34255215914605,637,112,0.0
1971,112,88,56.00000000000001,2.24,1.7599999999999998,56.00000000000001,43.99999999999999,224.00000000000003,54.34255215914605,637,112,0.0
1972,112,88,56.00000000000001,2.24,1.7599999999999998,56.00000000000001,43.99999999999999,224.00000000000003,54.34255215914605,638,112,0.0
1973,112,88,56.00000000000001,2.24,1.7599999999999998,56.00000000000001,43.99999999999999,224.00000000000003,54.34255215914605,638,112,0.0
1974,112,88,56.00000000000001,2.24,1.7599999999999998,56.00000000000001,43.99999999999999,224.00000000000003,54.34255215914605,639,112,0.0
1975,112,88,56.00000000000001,2.24,1.7599999999999998,56.00000000000001,43.99999999999999,224.00000000000003,54.34255215914605,639,112,0.0
1976,112,88,56.00000000000001,2.24,1.7599999999999998,56.00000000000001,43.99999999999999,224.00000000000003,54.34255215914605,639,112,0.0
1977,112,88,56.00000000000001,2.24,1.7599999999999998,56.00000000000001,43.99999999999999,224.00000000000003,54.34255215914605,639,112,0.0
1978,112,88,56.00000000000001,2.24,1.7599999999999998,56.00000000000001,43.99999999999999,224.00000000000003,54.34255215914605,639,112,0.0
1979,112,88,56.00000000000001,2.24,1.7599999999999998,56.00000000000001,43.99999999999999,224.00000000000003,54.34255215914605,639,112,0.0
1980,112,88,56.00000000000001,2.24,1.7599999999999998,56.00000000000001,43.99999999999999,224.00000000000003,54.34255215914605,639,112,0.0
1981,112,88,56.00000000000001,2.24,1.7599999999999998,56.00000000000001,43.99999999999999,224.00000000000003,54.34255215914605,639,112,0.0
1982,112,88,56.00000000000001,2.24,1.7599999999999998,56.00000000000001,43.99999999999999,224.00000000000003,54.34255215914605,639,112,0.0
1983,112,88,56.00000000000001,2.24,1.7599999999999998,56.00000000000001,43.99999999999999,224.00000000000003,54.34255215914605,639,112,0.0
1984,112,88,56.00000000000001,2.24,1.7599999999999998,56.00000000000001,43.99999999999999,224.00000000000003,54.34255215914605,639,112,0.0
1985,112,88,56.00000000000001,2.24,1.7599999999999998,56.00000000000001,43.99999999999999,224.00000000000003,54.34255215914605,639,112,0.0
1986,112,88,56.00000000000001,2.24,1.7599999999999998,56.00000000000001,43.99999999999999,224.00000000000003,54.34255215914605,639,112,0.0
1987,112,88,56.00000000000001,2.24,1.7599999999999998,56.00000000000001,43.99999999999999,224.00000000000003,54.34255215914605,639,112,0.0
1988,112,88,56.00000000000001,2.24,1.7599999999999998,56.00000000000001,43.99999999999999,224.00000000000003,54.34255215914605,639,112,0.0
1989,112,88,56.00000000000001,2.24,1.7599999999999998,56.00000000000001,43.99999999999999,224.00000000000003,54.34255215914605,639,112,0.0
1990,112,88,56.00000000000001,2.24,1.7599999999999998,56.00000000000001,43.99999999999999,224.00000000000003,54.34255215914605,639,112,0.0
1991,112,88,56.00000000000001,2.24,1.7599999999999998,56.00000000000001,43.99999999999999,224.00000000000003,54.34255215914605,639,112,0.0
1992,112,88,56.00000000000001,2.24,1.7599999999999998,56.00000000000001,43.99999999999999,224.00000000000003,54.34255215914605,639,112,0.0
1993,112,88,56.00000000000001,2.24,1.7599999999999998,56.00000000000001,43.99999999999999,224.00000000000003,54.34255215914605,639,112,0.0
1994,112,88,56.00000000000001,2.24,1.7599999999999998,56.00000000000001,43.99999999999999,224.00000000000003,54.34255215914605,639,112,0.0
1995,112,88,56.00000000000001,2.24,1.7599999999999998,56.00000000000001,43.99999999999999,224.00000000000003,54.34255215914605,639,112,0.0
1996,112,88,56.00000000000001,2.24,1.7599999999999998,56.00000000000001,43.99999999999999,224.00000000000003,54.34255215914605,639,112,0.0
1997,112,88,56.00000000000001,2.24,1.7599999999999998,56.00000000000001,43.99999999999999,224.00000000000003,54.34255215914605,639,112,0.0
1998,112,88,56.00000000000001,2.24,1.7599999999999998,56.00000000000001,43.99999999999999,224.00000000000003,54.34255215914605,639,112,0.0
1999,112,88,56.00000000000001,2.24,1.7599999999999998,56.00000000000001,43.99999999999999,224.00000000000003,54.34255215914605,639,112,0.0
2000,112,88,56.00000000000001,2.24,1.7599999999999998,56.00000000000001,43.99999999999999,224.00000000000003,54.34255215914605,639,112,0.0
