step,n_adsorbed,n_free,percent_adsorbed,m_adsorbed_mg,m_free_mg,c_pdf_mg_l,c_remaining_mg_l,qt_mg_g,percent_qmax,n_contacts,n_adsorption_events,dqt_per_step
0,0,200,0.0,0.0,4.0,0.0,100.0,0.0,0.0,0,0,0.0
1,0,200,0.0,0.0,4.0,0.0,100.0,0.0,0.0,0,0,0.0
2,0,200,0.0,0.0,4.0,0.0,100.0,0.0,0.0,1,0,0.0
3,0,200,0.0,0.0,4.0,0.0,100.0,0.0,0.0,1,0,0.0
4,0,200,0.0,0.0,4.0,0.0,100.0,0.0,0.0,1,0,0.0
5,1,199,0.5,0.02,3.98,0.5,99.5,2.0,0.48520135856380403,2,1,2.0
6,1,199,0.5,0.02,3.98,0.5,99.5,2.0,0.48520135856380403,2,1,0.0
7,1,199,0.5,0.02,3.98,0.5,99.5,2.0,0.48520135856380403,2,1,0.0
8,1,199,0.5,0.02,3.98,0.5,99.5,2.0,0.48520135856380403,2,1,0.0
9,2,198,1.0,0.04,3.96,1.0,99.0,4.0,0.9704027171276081,3,2,2.0
10,2,198,1.0,0.04,3.96,1.0,99.0,4.0,0.9704027171276081,3,2,0.0
11,2,198,1.0,0.04,3.96,1.0,99.0,4.0,0.9704027171276081,4,2,0.0
12,3,197,1.5,0.06,3.94,1.5,98.5,6.0,1.455604075691412,5,3,2.0
13,3,197,1.5,0.06,3.94,1.5,98.5,6.0,1.455604075691412,5,3,0.0
14,3,197,1.5,0.06,3.94,1.5,98.5,6.0,1.455604075691412,5,3,0.0
15,3,197,1.5,0.06,3.94,1.5,98.5,6.0,1.455604075691412,6,3,0.0
16,3,197,1.5,0.06,3.94,1.5,98.5,6.0,1.455604075691412,7,3,0.0
17,4,196,2.0,0.08,3.92,2.0,98.0,8.0,1.9408054342552161,8,4,2.0
18,5,195,2.5,0.1,3.9,2.5,97.5,10.0,2.42600679281902,9,5,2.0
19,5,195,2.5,0.1,3.9,2.5,97.5,10.0,2.42600679281902,9,5,0.0
20,5,195,2.5,0.1,3.9,2.5,97.5,10.0,2.42600679281902,9,5,0.0
21,5,195,2.5,0.1,3.9,2.5,97.5,10.0,2.42600679281902,9,5,0.0
22,5,195,2.5,0.1,3.9,2.5,97.5,10.0,2.42600679281902,9,5,0.0
23,6,194,3.0,0.12,3.88,3.0,97.0,12.0,2.911208151382824,10,6,2.0
24,6,194,3.0,0.12,3.88,3.0,97.0,12.0,2.911208151382824,10,6,0.0
25,6,194,3.0,0.12,3.88,3.0,97.0,12.0,2.911208151382824,10,6,0.0
26,6,194,3.0,0.12,3.88,3.0,97.0,12.0,2.911208151382824,11,6,0.0
27,6,194,3.0,0.12,3.88,3.0,97.0,12.0,2.911208151382824,11,6,0.0
28,6,194,3.0,0.12,3.88,3.0,97.0,12.0,2.911208151382824,11,6,0.0
29,6,194,3.0,0.12,3.88,3.0,97.0,12.0,2.911208151382824,11,6,0.0
30,6,194,3.0,0.12,3.88,3.0,97.0,12.0,2.911208151382824,11,6,0.0
31,6,194,3.0,0.12,3.88,3.0,97.0,12.0,2.911208151382824,11,6,0.0
32,6,194,3.0,0.12,3.88,3.0,97.0,12.0,2.911208151382824,11,6,0.0
33,6,194,3.0,0.12,3.88,3.0,97.0,12.0,2.911208151382824,11,6,0.0
34,6,194,3.0,0.12,3.88,3.0,97.0,12.0,2.911208151382824,11,6,0.0
35,6,194,3.0,0.12,3.88,3.0,97.0,12.0,2.911208151382824,11,6,0.0
36,6,194,3.0,0.12,3.88,3.0,97.0,12.0,2.911208151382824,11,6,0.0
37,6,194,3.0,0.12,3.88,3.0,97.0,12.0,2.911208151382824,11,6,0.0
38,6,194,3.0,0.12,3.88,3.0,97.0,12.0,2.911208151382824,11,6,0.0
39,6,194,3.0,0.12,3.88,3.0,97.0,12.0,2.911208151382824,11,6,0.0
40,6,194,3.0,0.12,3.88,3.0,97.0,12.0,2.911208151382824,11,6,0.0
41,6,194,3.0,0.12,3.88,3.0,97.0,12.0,2.911208151382824,11,6,0.0
42,6,194,3.0,0.12,3.88,3.0,97.0,12.0,2.911208151382824,11,6,0.0
43,6,194,3.0,0.12,3.88,3.0,97.0,12.0,2.911208151382824,11,6,0.0
44,6,194,3.0,0.12,3.88,3.0,97.0,12.0,2.911208151382824,11,6,0.0
45,7,193,3.5000000000000004,0.14,3.86,3.5000000000000004,96.5,14.000000000000002,3.3964095099466283,12,7,2.0000000000000018
46,7,193,3.5000000000000004,0.14,3.86,3.5000000000000004,96.5,14.000000000000002,3.3964095099466283,12,7,0.0
47,7,193,3.5000000000000004,0.14,3.86,3.5000000000000004,96.5,14.000000000000002,3.3964095099466283,12,7,0.0
48,7,193,3.5000000000000004,0.14,3.86,3.5000000000000004,96.5,14.000000000000002,3.3964095099466283,12,7,0.0
49,7,193,3.5000000000000004,0.14,3.86,3.5000000000000004,96.5,14.000000000000002,3.3964095099466283,12,7,0.0
50,7,193,3.5000000000000004,0.14,3.86,3.5000000000000004,96.5,14.000000000000002,3.3964095099466283,13,7,0.0
51,7,193,3.5000000000000004,0.14,3.86,3.5000000000000004,96.5,14.000000000000002,3.3964095099466283,14,7,0.0
52,7,193,3.5000000000000004,0.14,3.86,3.5000000000000004,96.5,14.000000000000002,3.3964095099466283,15,7,0.0
53,7,193,3.5000000000000004,0.14,3.86,3.5000000000000004,96.5,14.000000000000002,3.3964095099466283,15,7,0.0
54,7,193,3.5000000000000004,0.14,3.86,3.5000000000000004,96.5,14.000000000000002,3.3964095099466283,15,7,0.0
55,7,193,3.5000000000000004,0.14,3.86,3.5000000000000004,96.5,14.000000000000002,3.3964095099466283,15,7,0.0
56,7,193,3.5000000000000004,0.14,3.86,3.5000000000000004,96.5,14.000000000000002,3.3964095099466283,15,7,0.0
57,7,193,3.5000000000000004,0.14,3.86,3.5000000000000004,96.5,14.000000000000002,3.3964095099466283,15,7,0.0
58,7,193,3.5000000000000004,0.14,3.86,3.5000000000000004,96.5,14.000000000000002,3.3964095099466283,15,7,0.0
59,7,193,3.5000000000000004,0.14,3.86,3.5000000000000004,96.5,14.000000000000002,3.3964095099466283,15,7,0.0
60,7,193,3.5000000000000004,0.14,3.86,3.5000000000000004,96.5,14.000000000000002,3.3964095099466283,16,7,0.0
61,7,193,3.5000000000000004,0.14,3.86,3.5000000000000004,96.5,14.000000000000002,3.3964095099466283,16,7,0.0
62,7,193,3.5000000000000004,0.14,3.86,3.5000000000000004,96.5,14.000000000000002,3.3964095099466283,17,7,0.0
63,7,193,3.5000000000000004,0.14,3.86,3.5000000000000004,96.5,14.000000000000002,3.3964095099466283,17,7,0.0
64,7,193,3.5000000000000004,0.14,3.86,3.5000000000000004,96.5,14.000000000000002,3.3964095099466283,18,7,0.0
65,8,192,4.0,0.16,3.84,4.0,96.0,16.0,3.8816108685104322,20,8,1.9999999999999982
66,9,191,4.5,0.18,3.82,4.5,95.5,18.0,4.366812227074236,21,9,2.0
67,9,191,4.5,0.18,3.82,4.5,95.5,18.0,4.366812227074236,21,9,0.0
68,9,191,4.5,0.18,3.82,4.5,95.5,18.0,4.366812227074236,21,9,0.0
69,9,191,4.5,0.18,3.82,4.5,95.5,18.0,4.366812227074236,21,9,0.0
70,9,191,4.5,0.18,3.82,4.5,95.5,18.0,4.366812227074236,21,9,0.0
71,9,191,4.5,0.18,3.82,4.5,95.5,18.0,4.366812227074236,21,9,0.0
72,9,191,4.5,0.18,3.82,4.5,95.5,18.0,4.366812227074236,22,9,0.0
73,9,191,4.5,0.18,3.82,4.5,95.5,18.0,4.366812227074236,22,9,0.0
74,10,190,5.0,0.2,3.8,5.0,95.0,20.0,4.85201358563804,23,10,2.0
75,10,190,5.0,0.2,3.8,5.0,95.0,20.0,4.85201358563804,23,10,0.0
76,10,190,5.0,0.2,3.8,5.0,95.0,20.0,4.85201358563804,23,10,0.0
77,10,190,5.0,0.2,3.8,5.0,95.0,20.0,4.85201358563804,23,10,0.0
78,10,190,5.0,0.2,3.8,5.0,95.0,20.0,4.85201358563804,23,10,0.0
79,10,190,5.0,0.2,3.8,5.0,95.0,20.0,4.85201358563804,24,10,0.0
80,10,190,5.0,0.2,3.8,5.0,95.0,20.0,4.85201358563804,24,10,0.0
81,12,188,6.0,0.24,3.76,6.0,93.99999999999999,24.0,5.822416302765648,26,12,4.0
82,12,188,6.0,0.24,3.76,6.0,93.99999999999999,24.0,5.822416302765648,26,12,0.0
83,12,188,6.0,0.24,3.76,6.0,93.99999999999999,24.0,5.822416302765648,26,12,0.0
84,12,188,6.0,0.24,3.76,6.0,93.99999999999999,24.0,5.822416302765648,26,12,0.0
85,12,188,6.0,0.24,3.76,6.0,93.99999999999999,24.0,5.822416302765648,26,12,0.0
86,12,188,6.0,0.24,3.76,6.0,93.99999999999999,24.0,5.822416302765648,26,12,0.0
87,12,188,6.0,0.24,3.76,6.0,93.99999999999999,24.0,5.822416302765648,26,12,0.0
88,12,188,6.0,0.24,3.76,6.0,93.99999999999999,24.0,5.822416302765648,26,12,0.0
89,12,188,6.0,0.24,3.76,6.0,93.99999999999999,24.0,5.822416302765648,26,12,0.0
90,12,188,6.0,0.24,3.76,6.0,93.99999999999999,24.0,5.822416302765648,26,12,0.0
91,12,188,6.0,0.24,3.76,6.0,93.99999999999999,24.0,5.822416302765648,26,12,0.0
92,12,188,6.0,0.24,3.76,6.0,93.99999999999999,24.0,5.822416302765648,26,12,0.0
93,12,188,6.0,0.24,3.76,6.0,93.99999999999999,24.0,5.822416302765648,26,12,0.0
94,12,188,6.0,0.24,3.76,6.0,93.99999999999999,24.0,5.822416302765648,26,12,0.0
95,13,187,6.5,0.26,3.74,6.5,93.5,26.0,6.307617661329452,27,13,2.0
96,13,187,6.5,0.26,3.74,6.5,93.5,26.0,6.307617661329452,27,13,0.0
97,13,187,6.5,0.26,3.74,6.5,93.5,26.0,6.307617661329452,27,13,0.0
98,13,187,6.5,0.26,3.74,6.5,93.5,26.0,6.307617661329452,27,13,0.0
99,13,187,6.5,0.26,3.74,6.5,93.5,26.0,6.307617661329452,29,13,0.0
100,13,187,6.5,0.26,3.74,6.5,93.5,26.0,6.307617661329452,29,13,0.0
101,14,186,7.000000000000001,0.28,3.7199999999999998,7.000000000000001,92.99999999999999,28.000000000000004,6.7928190198932565,30,14,2.0000000000000036
102,14,186,7.000000000000001,0.28,3.7199999999999998,7.000000000000001,92.99999999999999,28.000000000000004,6.7928190198932565,32,14,0.0
103,15,185,7.5,0.3,3.7,7.5,92.5,30.0,7.27802037845706,35,15,1.9999999999999964
104,15,185,7.5,0.3,3.7,7.5,92.5,30.0,7.27802037845706,35,15,0.0
105,15,185,7.5,0.3,3.7,7.5,92.5,30.0,7.27802037845706,36,15,0.0
106,15,185,7.5,0.3,3.7,7.5,92.5,30.0,7.27802037845706,37,15,0.0
107,15,185,7.5,0.3,3.7,7.5,92.5,30.0,7.27802037845706,37,15,0.0
108,15,185,7.5,0.3,3.7,7.5,92.5,30.0,7.27802037845706,37,15,0.0
109,15,185,7.5,0.3,3.7,7.5,92.5,30.0,7.27802037845706,38,15,0.0
110,16,184,8.0,0.32,3.68,8.0,92.0,32.0,7.7632217370208645,39,16,2.0
111,16,184,8.0,0.32,3.68,8.0,92.0,32.0,7.7632217370208645,39,16,0.0
112,16,184,8.0,0.32,3.68,8.0,92.0,32.0,7.7632217370208645,39,16,0.0
113,16,184,8.0,0.32,3.68,8.0,92.0,32.0,7.7632217370208645,40,16,0.0
114,16,184,8.0,0.32,3.68,8.0,92.0,32.0,7.7632217370208645,41,16,0.0
115,18,182,9.0,0.36,3.64,9.0,91.0,36.0,8.733624454148472,43,18,4.0
116,18,182,9.0,0.36,3.64,9.0,91.0,36.0,8.733624454148472,43,18,0.0
117,18,182,9.0,0.36,3.64,9.0,91.0,36.0,8.733624454148472,43,18,0.0
118,19,181,9.5,0.38,3.62,9.5,90.5,38.0,9.218825812712275,44,19,2.0
119,19,181,9.5,0.38,3.62,9.5,90.5,38.0,9.218825812712275,45,19,0.0
120,20,180,10.0,0.4,3.6,10.0,90.0,40.0,9.70402717127608,46,20,2.0
121,20,180,10.0,0.4,3.6,10.0,90.0,40.0,9.70402717127608,46,20,0.0
122,20,180,10.0,0.4,3.6,10.0,90.0,40.0,9.70402717127608,46,20,0.0
123,20,180,10.0,0.4,3.6,10.0,90.0,40.0,9.70402717127608,46,20,0.0
124,20,180,10.0,0.4,3.6,10.0,90.0,40.0,9.70402717127608,46,20,0.0
125,20,180,10.0,0.4,3.6,10.0,90.0,40.0,9.70402717127608,46,20,0.0
126,20,180,10.0,0.4,3.6,10.0,90.0,40.0,9.70402717127608,46,20,0.0
127,20,180,10.0,0.4,3.6,10.0,90.0,40.0,9.70402717127608,46,20,0.0
128,20,180,10.0,0.4,3.6,10.0,90.0,40.0,9.70402717127608,46,20,0.0
129,20,180,10.0,0.4,3.6,10.0,90.0,40.0,9.70402717127608,46,20,0.0
130,20,180,10.0,0.4,3.6,10.0,90.0,40.0,9.70402717127608,47,20,0.0
131,21,179,10.5,0.42,3.58,10.5,89.5,42.0,10.189228529839884,48,21,2.0
132,21,179,10.5,0.42,3.58,10.5,89.5,42.0,10.189228529839884,48,21,0.0
133,21,179,10.5,0.42,3.58,10.5,89.5,42.0,10.189228529839884,48,21,0.0
134,21,179,10.5,0.42,3.58,10.5,89.5,42.0,10.189228529839884,48,21,0.0
135,21,179,10.5,0.42,3.58,10.5,89.5,42.0,10.189228529839884,49,21,0.0
136,21,179,10.5,0.42,3.58,10.5,89.5,42.0,10.189228529839884,49,21,0.0
137,21,179,10.5,0.42,3.58,10.5,89.5,42.0,10.189228529839884,50,21,0.0
138,21,179,10.5,0.42,3.58,10.5,89.5,42.0,10.189228529839884,50,21,0.0
139,21,179,10.5,0.42,3.58,10.5,89.5,42.0,10.189228529839884,50,21,0.0
140,21,179,10.5,0.42,3.58,10.5,89.5,42.0,10.189228529839884,50,21,0.0
141,21,179,10.5,0.42,3.58,10.5,89.5,42.0,10.189228529839884,50,21,0.0
142,21,179,10.5,0.42,3.58,10.5,89.5,42.0,10.189228529839884,50,21,0.0
143,21,179,10.5,0.42,3.58,10.5,89.5,42.0,10.189228529839884,50,21,0.0
144,21,179,10.5,0.42,3.58,10.5,89.5,42.0,10.189228529839884,50,21,0.0
145,21,179,10.5,0.42,3.58,10.5,89.5,42.0,10.189228529839884,50,21,0.0
146,21,179,10.5,0.42,3.58,10.5,89.5,42.0,10.189228529839884,50,21,0.0
147,21,179,10.5,0.42,3.58,10.5,89.5,42.0,10.189228529839884,50,21,0.0
148,21,179,10.5,0.42,3.58,10.5,89.5,42.0,10.189228529839884,50,21,0.0
149,21,179,10.5,0.42,3.58,10.5,89.5,42.0,10.189228529839884,50,21,0.0
150,23,177,11.5,0.46,3.54,11.5,88.5,46.0,11.159631246967491,52,23,4.0
151,23,177,11.5,0.46,3.54,11.5,88.5,46.0,11.159631246967491,52,23,0.0
152,23,177,11.5,0.46,3.54,11.5,88.5,46.0,11.159631246967491,52,23,0.0
153,23,177,11.5,0.46,3.54,11.5,88.5,46.0,11.159631246967491,52,23,0.0
154,23,177,11.5,0.46,3.54,11.5,88.5,46.0,11.159631246967491,52,23,0.0
155,23,177,11.5,0.46,3.54,11.5,88.5,46.0,11.159631246967491,52,23,0.0
156,23,177,11.5,0.46,3.54,11.5,88.5,46.0,11.159631246967491,52,23,0.0
157,23,177,11.5,0.46,3.54,11.5,88.5,46.0,11.159631246967491,52,23,0.0
158,23,177,11.5,0.46,3.54,11.5,88.5,46.0,11.159631246967491,52,23,0.0
159,23,177,11.5,0.46,3.54,11.5,88.5,46.0,11.159631246967491,52,23,0.0
160,23,177,11.5,0.46,3.54,11.5,88.5,46.0,11.159631246967491,52,23,0.0
161,23,177,11.5,0.46,3.54,11.5,88.5,46.0,11.159631246967491,52,23,0.0
162,23,177,11.5,0.46,3.54,11.5,88.5,46.0,11.159631246967491,52,23,0.0
163,23,177,11.5,0.46,3.54,11.5,88.5,46.0,11.159631246967491,52,23,0.0
164,23,177,11.5,0.46,3.54,11.5,88.5,46.0,11.159631246967491,52,23,0.0
165,23,177,11.5,0.46,3.54,11.5,88.5,46.0,11.159631246967491,52,23,0.0
166,23,177,11.5,0.46,3.54,11.5,88.5,46.0,11.159631246967491,52,23,0.0
167,23,177,11.5,0.46,3.54,11.5,88.5,46.0,11.159631246967491,52,23,0.0
168,23,177,11.5,0.46,3.54,11.5,88.5,46.0,11.159631246967491,52,23,0.0
169,23,177,11.5,0.46,3.54,11.5,88.5,46.0,11.159631246967491,52,23,0.0
170,23,177,11.5,0.46,3.54,11.5,88.5,46.0,11.159631246967491,52,23,0.0
171,23,177,11.5,0.46,3.54,11.5,88.5,46.0,11.159631246967491,52,23,0.0
172,23,177,11.5,0.46,3.54,11.5,88.5,46.0,11.159631246967491,52,23,0.0
173,23,177,11.5,0.46,3.54,11.5,88.5,46.0,11.159631246967491,52,23,0.0
174,23,177,11.5,0.46,3.54,11.5,88.5,46.0,11.159631246967491,52,23,0.0
175,23,177,11.5,0.46,3.54,11.5,88.5,46.0,11.159631246967491,52,23,0.0
176,23,177,11.5,0.46,3.54,11.5,88.5,46.0,11.159631246967491,52,23,0.0
177,24,176,12.0,0.48,3.52,12.0,88.0,48.0,11.644832605531295,53,24,2.0
178,24,176,12.0,0.48,3.52,12.0,88.0,48.0,11.644832605531295,53,24,0.0
179,24,176,12.0,0.48,3.52,12.0,88.0,48.0,11.644832605531295,53,24,0.0
180,24,176,12.0,0.48,3.52,12.0,88.0,48.0,11.644832605531295,53,24,0.0
181,24,176,12.0,0.48,3.52,12.0,88.0,48.0,11.644832605531295,53,24,0.0
182,24,176,12.0,0.48,3.52,12.0,88.0,48.0,11.644832605531295,53,24,0.0
183,24,176,12.0,0.48,3.52,12.0,88.0,48.0,11.644832605531295,53,24,0.0
184,24,176,12.0,0.48,3.52,12.0,88.0,48.0,11.644832605531295,53,24,0.0
185,24,176,12.0,0.48,3.52,12.0,88.0,48.0,11.644832605531295,53,24,0.0
186,24,176,12.0,0.48,3.52,12.0,88.0,48.0,11.644832605531295,53,24,0.0
187,24,176,12.0,0.48,3.52,12.0,88.0,48.0,11.644832605531295,53,24,0.0
188,24,176,12.0,0.48,3.52,12.0,88.0,48.0,11.644832605531295,53,24,0.0
189,24,176,12.0,0.48,3.52,12.0,88.0,48.0,11.644832605531295,53,24,0.0
190,24,176,12.0,0.48,3.52,12.0,88.0,48.0,11.644832605531295,53,24,0.0
191,24,176,12.0,0.48,3.52,12.0,88.0,48.0,11.644832605531295,53,24,0.0
192,24,176,12.0,0.48,3.52,12.0,88.0,48.0,11.644832605531295,53,24,0.0
193,24,176,12.0,0.48,3.52,12.0,88.0,48.0,11.644832605531295,53,24,0.0
194,24,176,12.0,0.48,3.52,12.0,88.0,48.0,11.644832605531295,53,24,0.0
195,24,176,12.0,0.48,3.52,12.0,88.0,48.0,11.644832605531295,53,24,0.0
196,24,176,12.0,0.48,3.52,12.0,88.0,48.0,11.644832605531295,54,24,0.0
197,25,175,12.5,0.5,3.5,12.5,87.5,50.0,12.1300339640951,55,25,2.0
198,25,175,12.5,0.5,3.5,12.5,87.5,50.0,12.1300339640951,56,25,0.0
199,25,175,12.5,0.5,3.5,12.5,87.5,50.0,12.1300339640951,56,25,0.0
200,26,174,13.0,0.52,3.48,13.0,87.0,52.0,12.615235322658904,57,26,2.0
201,26,174,13.0,0.52,3.48,13.0,87.0,52.0,12.615235322658904,57,26,0.0
202,26,174,13.0,0.52,3.48,13.0,87.0,52.0,12.615235322658904,57,26,0.0
203,26,174,13.0,0.52,3.48,13.0,87.0,52.0,12.615235322658904,57,26,0.0
204,26,174,13.0,0.52,3.48,13.0,87.0,52.0,12.615235322658904,58,26,0.0
205,26,174,13.0,0.52,3.48,13.0,87.0,52.0,12.615235322658904,59,26,0.0
206,26,174,13.0,0.52,3.48,13.0,87.0,52.0,12.615235322658904,60,26,0.0
207,26,174,13.0,0.52,3.48,13.0,87.0,52.0,12.615235322658904,61,26,0.0
208,26,174,13.0,0.52,3.48,13.0,87.0,52.0,12.615235322658904,61,26,0.0
209,27,173,13.5,0.54,3.46,13.5,86.5,54.0,13.100436681222707,62,27,2.0
210,27,173,13.5,0.54,3.46,13.5,86.5,54.0,13.100436681222707,62,27,0.0
211,28,172,14.000000000000002,0.56,3.44,14.000000000000002,86.0,56.00000000000001,13.585638039786513,63,28,2.000000000000007
212,29,171,14.499999999999998,0.58,3.42,14.499999999999998,85.5,57.99999999999999,14.070839398350312,64,29,1.9999999999999858
213,29,171,14.499999999999998,0.58,3.42,14.499999999999998,85.5,57.99999999999999,14.070839398350312,64,29,0.0
214,29,171,14.499999999999998,0.58,3.42,14.499999999999998,85.5,57.99999999999999,14.070839398350312,64,29,0.0
215,29,171,14.499999999999998,0.58,3.42,14.499999999999998,85.5,57.99999999999999,14.070839398350312,64,29,0.0
216,29,171,14.499999999999998,0.58,3.42,14.499999999999998,85.5,57.99999999999999,14.070839398350312,64,29,0.0
217,30,170,15.0,0.6,3.4,15.0,85.0,60.0,14.55604075691412,65,30,2.000000000000007
218,30,170,15.0,0.6,3.4,15.0,85.0,60.0,14.55604075691412,65,30,0.0
219,30,170,15.0,0.6,3.4,15.0,85.0,60.0,14.55604075691412,65,30,0.0
220,30,170,15.0,0.6,3.4,15.0,85.0,60.0,14.55604075691412,65,30,0.0
221,30,170,15.0,0.6,3.4,15.0,85.0,60.0,14.55604075691412,65,30,0.0
222,30,170,15.0,0.6,3.4,15.0,85.0,60.0,14.55604075691412,65,30,0.0
223,30,170,15.0,0.6,3.4,15.0,85.0,60.0,14.55604075691412,65,30,0.0
224,30,170,15.0,0.6,3.4,15.0,85.0,60.0,14.55604075691412,65,30,0.0
225,30,170,15.0,0.6,3.4,15.0,85.0,60.0,14.55604075691412,65,30,0.0
226,30,170,15.0,0.6,3.4,15.0,85.0,60.0,14.55604075691412,65,30,0.0
227,30,170,15.0,0.6,3.4,15.0,85.0,60.0,14.55604075691412,65,30,0.0
228,30,170,15.0,0.6,3.4,15.0,85.0,60.0,14.55604075691412,65,30,0.0
229,30,170,15.0,0.6,3.4,15.0,85.0,60.0,14.55604075691412,65,30,0.0
230,30,170,15.0,0.6,3.4,15.0,85.0,60.0,14.55604075691412,65,30,0.0
231,30,170,15.0,0.6,3.4,15.0,85.0,60.0,14.55604075691412,65,30,0.0
232,30,170,15.0,0.6,3.4,15.0,85.0,60.0,14.55604075691412,65,30,0.0
233,30,170,15.0,0.6,3.4,15.0,85.0,60.0,14.55604075691412,65,30,0.0
234,30,170,15.0,0.6,3.4,15.0,85.0,60.0,14.55604075691412,65,30,0.0
235,30,170,15.0,0.6,3.4,15.0,85.0,60.0,14.55604075691412,65,30,0.0
236,30,170,15.0,0.6,3.4,15.0,85.0,60.0,14.55604075691412,65,30,0.0
237,30,170,15.0,0.6,3.4,15.0,85.0,60.0,14.55604075691412,65,30,0.0
238,30,170,15.0,0.6,3.4,15.0,85.0,60.0,14.55604075691412,65,30,0.0
239,30,170,15.0,0.6,3.4,15.0,85.0,60.0,14.55604075691412,65,30,0.0
240,30,170,15.0,0.6,3.4,15.0,85.0,60.0,14.55604075691412,65,30,0.0
241,30,170,15.0,0.6,3.4,15.0,85.0,60.0,14.55604075691412,65,30,0.0
242,31,169,15.5,0.62,3.38,15.5,84.5,62.0,15.041242115477923,66,31,2.0
243,31,169,15.5,0.62,3.38,15.5,84.5,62.0,15.041242115477923,66,31,0.0
244,31,169,15.5,0.62,3.38,15.5,84.5,62.0,15.041242115477923,66,31,0.0
245,31,169,15.5,0.62,3.38,15.5,84.5,62.0,15.041242115477923,67,31,0.0
246,31,169,15.5,0.62,3.38,15.5,84.5,62.0,15.041242115477923,67,31,0.0
247,31,169,15.5,0.62,3.38,15.5,84.5,62.0,15.041242115477923,67,31,0.0
248,31,169,15.5,0.62,3.38,15.5,84.5,62.0,15.041242115477923,68,31,0.0
249,31,169,15.5,0.62,3.38,15.5,84.5,62.0,15.041242115477923,69,31,0.0
250,31,169,15.5,0.62,3.38,15.5,84.5,62.0,15.041242115477923,70,31,0.0
251,31,169,15.5,0.62,3.38,15.5,84.5,62.0,15.041242115477923,70,31,0.0
252,31,169,15.5,0.62,3.38,15.5,84.5,62.0,15.041242115477923,70,31,0.0
253,31,169,15.5,0.62,3.38,15.5,84.5,62.0,15.041242115477923,70,31,0.0
254,31,169,15.5,0.62,3.38,15.5,84.5,62.0,15.041242115477923,70,31,0.0
255,32,168,16.0,0.64,3.36,16.0,84.0,64.0,15.526443474041729,71,32,2.0
256,32,168,16.0,0.64,3.36,16.0,84.0,64.0,15.526443474041729,71,32,0.0
257,32,168,16.0,0.64,3.36,16.0,84.0,64.0,15.526443474041729,71,32,0.0
258,32,168,16.0,0.64,3.36,16.0,84.0,64.0,15.526443474041729,71,32,0.0
259,32,168,16.0,0.64,3.36,16.0,84.0,64.0,15.526443474041729,71,32,0.0
260,32,168,16.0,0.64,3.36,16.0,84.0,64.0,15.526443474041729,71,32,0.0
261,32,168,16.0,0.64,3.36,16.0,84.0,64.0,15.526443474041729,71,32,0.0
262,32,168,16.0,0.64,3.36,16.0,84.0,64.0,15.526443474041729,71,32,0.0
263,32,168,16.0,0.64,3.36,16.0,84.0,64.0,15.526443474041729,71,32,0.0
264,32,168,16.0,0.64,3.36,16.0,84.0,64.0,15.526443474041729,71,32,0.0
265,32,168,16.0,0.64,3.36,16.0,84.0,64.0,15.526443474041729,72,32,0.0
266,32,168,16.0,0.64,3.36,16.0,84.0,64.0,15.526443474041729,72,32,0.0
267,32,168,16.0,0.64,3.36,16.0,84.0,64.0,15.526443474041729,72,32,0.0
268,32,168,16.0,0.64,3.36,16.0,84.0,64.0,15.526443474041729,73,32,0.0
269,32,168,16.0,0.64,3.36,16.0,84.0,64.0,15.526443474041729,74,32,0.0
270,33,167,16.5,0.66,3.34,16.5,83.5,66.0,16.011644832605533,75,33,2.0
271,33,167,16.5,0.66,3.34,16.5,83.5,66.0,16.011644832605533,75,33,0.0
272,33,167,16.5,0.66,3.34,16.5,83.5,66.0,16.011644832605533,75,33,0.0
273,33,167,16.5,0.66,3.34,16.5,83.5,66.0,16.011644832605533,75,33,0.0
274,33,167,16.5,0.66,3.34,16.5,83.5,66.0,16.011644832605533,75,33,0.0
275,33,167,16.5,0.66,3.34,16.5,83.5,66.0,16.011644832605533,75,33,0.0
276,33,167,16.5,0.66,3.34,16.5,83.5,66.0,16.011644832605533,75,33,0.0
277,33,167,16.5,0.66,3.34,16.5,83.5,66.0,16.011644832605533,75,33,0.0
278,33,167,16.5,0.66,3.34,16.5,83.5,66.0,16.011644832605533,75,33,0.0
279,33,167,16.5,0.66,3.34,16.5,83.5,66.0,16.011644832605533,75,33,0.0
280,33,167,16.5,0.66,3.34,16.5,83.5,66.0,16.011644832605533,75,33,0.0
281,33,167,16.5,0.66,3.34,16.5,83.5,66.0,16.011644832605533,75,33,0.0
282,33,167,16.5,0.66,3.34,16.5,83.5,66.0,16.011644832605533,75,33,0.0
283,33,167,16.5,0.66,3.34,16.5,83.5,66.0,16.011644832605533,75,33,0.0
284,33,167,16.5,0.66,3.34,16.5,83.5,66.0,16.011644832605533,76,33,0.0
285,33,167,16.5,0.66,3.34,16.5,83.5,66.0,16.011644832605533,76,33,0.0
286,33,167,16.5,0.66,3.34,16.5,83.5,66.0,16.011644832605533,76,33,0.0
287,33,167,16.5,0.66,3.34,16.5,83.5,66.0,16.011644832605533,77,33,0.0
288,33,167,16.5,0.66,3.34,16.5,83.5,66.0,16.011644832605533,78,33,0.0
289,33,167,16.5,0.66,3.34,16.5,83.5,66.0,16.011644832605533,78,33,0.0
290,33,167,16.5,0.66,3.34,16.5,83.5,66.0,16.011644832605533,78,33,0.0
291,33,167,16.5,0.66,3.34,16.5,83.5,66.0,16.011644832605533,78,33,0.0
292,33,167,16.5,0.66,3.34,16.5,83.5,66.0,16.011644832605533,78,33,0.0
293,33,167,16.5,0.66,3.34,16.5,83.5,66.0,16.011644832605533,78,33,0.0
294,33,167,16.5,0.66,3.34,16.5,83.5,66.0,16.011644832605533,78,33,0.0
295,33,167,16.5,0.66,3.34,16.5,83.5,66.0,16.011644832605533,78,33,0.0
296,33,167,16.5,0.66,3.34,16.5,83.5,66.0,16.011644832605533,78,33,0.0
297,33,167,16.5,0.66,3.34,16.5,83.5,66.0,16.011644832605533,78,33,0.0
298,33,167,16.5,0.66,3.34,16.5,83.5,66.0,16.011644832605533,78,33,0.0
299,33,167,16.5,0.66,3.34,16.5,83.5,66.0,16.011644832605533,78,33,0.0
300,33,167,16.5,0.66,3.34,16.5,83.5,66.0,16.011644832605533,78,33,0.0
301,33,167,16.5,0.66,3.34,16.5,83.5,66.0,16.011644832605533,78,33,0.0
302,33,167,16.5,0.66,3.34,16.5,83.5,66.0,16.011644832605533,78,33,0.0
303,33,167,16.5,0.66,3.34,16.5,83.5,66.0,16.011644832605533,78,33,0.0
304,33,167,16.5,0.66,3.34,16.5,83.5,66.0,16.011644832605533,78,33,0.0
305,33,167,16.5,0.66,3.34,16.5,83.5,66.0,16.011644832605533,78,33,0.0
306,33,167,16.5,0.66,3.34,16.5,83.5,66.0,16.011644832605533,78,33,0.0
307,33,167,16.5,0.66,3.34,16.5,83.5,66.0,16.011644832605533,78,33,0.0
308,33,167,16.5,0.66,3.34,16.5,83.5,66.0,16.011644832605533,78,33,0.0
309,33,167,16.5,0.66,3.34,16.5,83.5,66.0,16.011644832605533,78,33,0.0
310,33,167,16.5,0.66,3.34,16.5,83.5,66.0,16.011644832605533,78,33,0.0
311,33,167,16.5,0.66,3.34,16.5,83.5,66.0,16.011644832605533,78,33,0.0
312,33,167,16.5,0.66,3.34,16.5,83.5,66.0,16.011644832605533,78,33,0.0
313,33,167,16.5,0.66,3.34,16.5,83.5,66.0,16.011644832605533,78,33,0.0
314,33,167,16.5,0.66,3.34,16.5,83.5,66.0,16.011644832605533,78,33,0.0
315,33,167,16.5,0.66,3.34,16.5,83.5,66.0,16.011644832605533,78,33,0.0
316,33,167,16.5,0.66,3.34,16.5,83.5,66.0,16.011644832605533,78,33,0.0
317,33,167,16.5,0.66,3.34,16.5,83.5,66.0,16.011644832605533,78,33,0.0
318,33,167,16.5,0.66,3.34,16.5,83.5,66.0,16.011644832605533,78,33,0.0
319,33,167,16.5,0.66,3.34,16.5,83.5,66.0,16.011644832605533,78,33,0.0
320,33,167,16.5,0.66,3.34,16.5,83.5,66.0,16.011644832605533,78,33,0.0
321,33,167,16.5,0.66,3.34,16.5,83.5,66.0,16.011644832605533,78,33,0.0
322,33,167,16.5,0.66,3.34,16.5,83.5,66.0,16.011644832605533,78,33,0.0
323,33,167,16.5,0.66,3.34,16.5,83.5,66.0,16.011644832605533,78,33,0.0
324,33,167,16.5,0.66,3.34,16.5,83.5,66.0,16.011644832605533,78,33,0.0
325,33,167,16.5,0.66,3.34,16.5,83.5,66.0,16.011644832605533,78,33,0.0
326,33,167,16.5,0.66,3.34,16.5,83.5,66.0,16.011644832605533,78,33,0.0
327,33,167,16.5,0.66,3.34,16.5,83.5,66.0,16.011644832605533,78,33,0.0
328,33,167,16.5,0.66,3.34,16.5,83.5,66.0,16.011644832605533,78,33,0.0
329,33,167,16.5,0.66,3.34,16.5,83.5,66.0,16.011644832605533,78,33,0.0
330,33,167,16.5,0.66,3.34,16.5,83.5,66.0,16.011644832605533,78,33,0.0
331,33,167,16.5,0.66,3.34,16.5,83.5,66.0,16.011644832605533,78,33,0.0
332,33,167,16.5,0.66,3.34,16.5,83.5,66.0,16.011644832605533,78,33,0.0
333,33,167,16.5,0.66,3.34,16.5,83.5,66.0,16.011644832605533,78,33,0.0
334,33,167,16.5,0.66,3.34,16.5,83.5,66.0,16.011644832605533,78,33,0.0
335,33,167,16.5,0.66,3.34,16.5,83.5,66.0,16.011644832605533,78,33,0.0
336,33,167,16.5,0.66,3.34,16.5,83.5,66.0,16.011644832605533,78,33,0.0
337,33,167,16.5,0.66,3.34,16.5,83.5,66.0,16.011644832605533,78,33,0.0
338,33,167,16.5,0.66,3.34,16.5,83.5,66.0,16.011644832605533,78,33,0.0
339,33,167,16.5,0.66,3.34,16.5,83.5,66.0,16.011644832605533,78,33,0.0
340,33,167,16.5,0.66,3.34,16.5,83.5,66.0,16.011644832605533,78,33,0.0
341,33,167,16.5,0.66,3.34,16.5,83.5,66.0,16.011644832605533,78,33,0.0
342,33,167,16.5,0.66,3.34,16.5,83.5,66.0,16.011644832605533,78,33,0.0
343,33,167,16.5,0.66,3.34,16.5,83.5,66.0,16.011644832605533,78,33,0.0
344,33,167,16.5,0.66,3.34,16.5,83.5,66.0,16.011644832605533,78,33,0.0
345,33,167,16.5,0.66,3.34,16.5,83.5,66.0,16.011644832605533,78,33,0.0
346,33,167,16.5,0.66,3.34,16.5,83.5,66.0,16.011644832605533,78,33,0.0
347,34,166,17.0,0.68,3.32,17.0,83.0,68.0,16.496846191169336,79,34,2.0
348,34,166,17.0,0.68,3.32,17.0,83.0,68.0,16.496846191169336,79,34,0.0
349,34,166,17.0,0.68,3.32,17.0,83.0,68.0,16.496846191169336,79,34,0.0
350,34,166,17.0,0.68,3.32,17.0,83.0,68.0,16.496846191169336,79,34,0.0
351,34,166,17.0,0.68,3.32,17.0,83.0,68.0,16.496846191169336,79,34,0.0
352,34,166,17.0,0.68,3.32,17.0,83.0,68.0,16.496846191169336,79,34,0.0
353,34,166,17.0,0.68,3.32,17.0,83.0,68.0,16.496846191169336,79,34,0.0
354,34,166,17.0,0.68,3.32,17.0,83.0,68.0,16.496846191169336,79,34,0.0
355,34,166,17.0,0.68,3.32,17.0,83.0,68.0,16.496846191169336,79,34,0.0
356,34,166,17.0,0.68,3.32,17.0,83.0,68.0,16.496846191169336,79,34,0.0
357,34,166,17.0,0.68,3.32,17.0,83.0,68.0,16.496846191169336,79,34,0.0
358,34,166,17.0,0.68,3.32,17.0,83.0,68.0,16.496846191169336,79,34,0.0
359,34,166,17.0,0.68,3.32,17.0,83.0,68.0,16.496846191169336,79,34,0.0
360,34,166,17.0,0.68,3.32,17.0,83.0,68.0,16.496846191169336,79,34,0.0
361,34,166,17.0,0.68,3.32,17.0,83.0,68.0,16.496846191169336,79,34,0.0
362,34,166,17.0,0.68,3.32,17.0,83.0,68.0,16.496846191169336,79,34,0.0
363,34,166,17.0,0.68,3.32,17.0,83.0,68.0,16.496846191169336,79,34,0.0
364,34,166,17.0,0.68,3.32,17.0,83.0,68.0,16.496846191169336,79,34,0.0
365,34,166,17.0,0.68,3.32,17.0,83.0,68.0,16.496846191169336,79,34,0.0
366,34,166,17.0,0.68,3.32,17.0,83.0,68.0,16.496846191169336,79,34,0.0
367,34,166,17.0,0.68,3.32,17.0,83.0,68.0,16.496846191169336,79,34,0.0
368,34,166,17.0,0.68,3.32,17.0,83.0,68.0,16.496846191169336,79,34,0.0
369,34,166,17.0,0.68,3.32,17.0,83.0,68.0,16.496846191169336,79,34,0.0
370,34,166,17.0,0.68,3.32,17.0,83.0,68.0,16.496846191169336,79,34,0.0
371,34,166,17.0,0.68,3.32,17.0,83.0,68.0,16.496846191169336,79,34,0.0
372,34,166,17.0,0.68,3.32,17.0,83.0,68.0,16.496846191169336,79,34,0.0
373,34,166,17.0,0.68,3.32,17.0,83.0,68.0,16.496846191169336,79,34,0.0
374,34,166,17.0,0.68,3.32,17.0,83.0,68.0,16.496846191169336,79,34,0.0
375,34,166,17.0,0.68,3.32,17.0,83.0,68.0,16.496846191169336,79,34,0.0
376,36,164,18.0,0.72,3.2800000000000002,18.0,82.0,72.0,17.467248908296945,81,36,4.0
377,36,164,18.0,0.72,3.2800000000000002,18.0,82.0,72.0,17.467248908296945,81,36,0.0
378,36,164,18.0,0.72,3.2800000000000002,18.0,82.0,72.0,17.467248908296945,81,36,0.0
379,36,164,18.0,0.72,3.2800000000000002,18.0,82.0,72.0,17.467248908296945,81,36,0.0
380,36,164,18.0,0.72,3.2800000000000002,18.0,82.0,72.0,17.467248908296945,81,36,0.0
381,36,164,18.0,0.72,3.2800000000000002,18.0,82.0,72.0,17.467248908296945,81,36,0.0
382,36,164,18.0,0.72,3.2800000000000002,18.0,82.0,72.0,17.467248908296945,81,36,0.0
383,36,164,18.0,0.72,3.2800000000000002,18.0,82.0,72.0,17.467248908296945,81,36,0.0
384,36,164,18.0,0.72,3.2800000000000002,18.0,82.0,72.0,17.467248908296945,81,36,0.0
385,36,164,18.0,0.72,3.2800000000000002,18.0,82.0,72.0,17.467248908296945,81,36,0.0
386,36,164,18.0,0.72,3.2800000000000002,18.0,82.0,72.0,17.467248908296945,81,36,0.0
387,36,164,18.0,0.72,3.2800000000000002,18.0,82.0,72.0,17.467248908296945,81,36,0.0
388,36,164,18.0,0.72,3.2800000000000002,18.0,82.0,72.0,17.467248908296945,81,36,0.0
389,36,164,18.0,0.72,3.2800000000000002,18.0,82.0,72.0,17.467248908296945,81,36,0.0
390,36,164,18.0,0.72,3.2800000000000002,18.0,82.0,72.0,17.467248908296945,81,36,0.0
391,36,164,18.0,0.72,3.2800000000000002,18.0,82.0,72.0,17.467248908296945,81,36,0.0
392,36,164,18.0,0.72,3.2800000000000002,18.0,82.0,72.0,17.467248908296945,81,36,0.0
393,36,164,18.0,0.72,3.2800000000000002,18.0,82.0,72.0,17.467248908296945,81,36,0.0
394,36,164,18.0,0.72,3.2800000000000002,18.0,82.0,72.0,17.467248908296945,81,36,0.0
395,36,164,18.0,0.72,3.2800000000000002,18.0,82.0,72.0,17.467248908296945,81,36,0.0
396,36,164,18.0,0.72,3.2800000000000002,18.0,82.0,72.0,17.467248908296945,81,36,0.0
397,36,164,18.0,0.72,3.2800000000000002,18.0,82.0,72.0,17.467248908296945,81,36,0.0
398,36,164,18.0,0.72,3.2800000000000002,18.0,82.0,72.0,17.467248908296945,81,36,0.0
399,36,164,18.0,0.72,3.2800000000000002,18.0,82.0,72.0,17.467248908296945,81,36,0.0
400,36,164,18.0,0.72,3.2800000000000002,18.0,82.0,72.0,17.467248908296945,81,36,0.0
401,36,164,18.0,0.72,3.2800000000000002,18.0,82.0,72.0,17.467248908296945,81,36,0.0
402,36,164,18.0,0.72,3.2800000000000002,18.0,82.0,72.0,17.467248908296945,81,36,0.0
403,36,164,18.0,0.72,3.2800000000000002,18.0,82.0,72.0,17.467248908296945,81,36,0.0
404,36,164,18.0,0.72,3.2800000000000002,18.0,82.0,72.0,17.467248908296945,81,36,0.0
405,36,164,18.0,0.72,3.2800000000000002,18.0,82.0,72.0,17.467248908296945,81,36,0.0
406,36,164,18.0,0.72,3.2800000000000002,18.0,82.0,72.0,17.467248908296945,81,36,0.0
407,36,164,18.0,0.72,3.2800000000000002,18.0,82.0,72.0,17.467248908296945,81,36,0.0
408,36,164,18.0,0.72,3.2800000000000002,18.0,82.0,72.0,17.467248908296945,81,36,0.0
409,36,164,18.0,0.72,3.2800000000000002,18.0,82.0,72.0,17.467248908296945,81,36,0.0
410,36,164,18.0,0.72,3.2800000000000002,18.0,82.0,72.0,17.467248908296945,81,36,0.0
411,36,164,18.0,0.72,3.2800000000000002,18.0,82.0,72.0,17.467248908296945,81,36,0.0
412,36,164,18.0,0.72,3.2800000000000002,18.0,82.0,72.0,17.467248908296945,81,36,0.0
413,36,164,18.0,0.72,3.2800000000000002,18.0,82.0,72.0,17.467248908296945,82,36,0.0
414,37,163,18.5,0.74,3.26,18.5,81.5,74.0,17.952450266860748,83,37,2.0
415,37,163,18.5,0.74,3.26,18.5,81.5,74.0,17.952450266860748,83,37,0.0
416,37,163,18.5,0.74,3.26,18.5,81.5,74.0,17.952450266860748,83,37,0.0
417,37,163,18.5,0.74,3.26,18.5,81.5,74.0,17.952450266860748,83,37,0.0
418,37,163,18.5,0.74,3.26,18.5,81.5,74.0,17.952450266860748,83,37,0.0
419,37,163,18.5,0.74,3.26,18.5,81.5,74.0,17.952450266860748,83,37,0.0
420,37,163,18.5,0.74,3.26,18.5,81.5,74.0,17.952450266860748,83,37,0.0
421,37,163,18.5,0.74,3.26,18.5,81.5,74.0,17.952450266860748,83,37,0.0
422,37,163,18.5,0.74,3.26,18.5,81.5,74.0,17.952450266860748,83,37,0.0
423,37,163,18.5,0.74,3.26,18.5,81.5,74.0,17.952450266860748,83,37,0.0
424,37,163,18.5,0.74,3.26,18.5,81.5,74.0,17.952450266860748,83,37,0.0
425,37,163,18.5,0.74,3.26,18.5,81.5,74.0,17.952450266860748,83,37,0.0
426,37,163,18.5,0.74,3.26,18.5,81.5,74.0,17.952450266860748,83,37,0.0
427,37,163,18.5,0.74,3.26,18.5,81.5,74.0,17.952450266860748,83,37,0.0
428,37,163,18.5,0.74,3.26,18.5,81.5,74.0,17.952450266860748,83,37,0.0
429,37,163,18.5,0.74,3.26,18.5,81.5,74.0,17.952450266860748,83,37,0.0
430,38,162,19.0,0.76,3.24,19.0,81.0,76.0,18.43765162542455,84,38,2.0
431,38,162,19.0,0.76,3.24,19.0,81.0,76.0,18.43765162542455,84,38,0.0
432,38,162,19.0,0.76,3.24,19.0,81.0,76.0,18.43765162542455,84,38,0.0
433,38,162,19.0,0.76,3.24,19.0,81.0,76.0,18.43765162542455,84,38,0.0
434,38,162,19.0,0.76,3.24,19.0,81.0,76.0,18.43765162542455,84,38,0.0
435,38,162,19.0,0.76,3.24,19.0,81.0,76.0,18.43765162542455,84,38,0.0
436,38,162,19.0,0.76,3.24,19.0,81.0,76.0,18.43765162542455,84,38,0.0
437,38,162,19.0,0.76,3.24,19.0,81.0,76.0,18.43765162542455,84,38,0.0
438,38,162,19.0,0.76,3.24,19.0,81.0,76.0,18.43765162542455,84,38,0.0
439,38,162,19.0,0.76,3.24,19.0,81.0,76.0,18.43765162542455,84,38,0.0
440,38,162,19.0,0.76,3.24,19.0,81.0,76.0,18.43765162542455,84,38,0.0
441,38,162,19.0,0.76,3.24,19.0,81.0,76.0,18.43765162542455,84,38,0.0
442,38,162,19.0,0.76,3.24,19.0,81.0,76.0,18.43765162542455,84,38,0.0
443,38,162,19.0,0.76,3.24,19.0,81.0,76.0,18.43765162542455,84,38,0.0
444,38,162,19.0,0.76,3.24,19.0,81.0,76.0,18.43765162542455,84,38,0.0
445,38,162,19.0,0.76,3.24,19.0,81.0,76.0,18.43765162542455,84,38,0.0
446,38,162,19.0,0.76,3.24,19.0,81.0,76.0,18.43765162542455,84,38,0.0
447,38,162,19.0,0.76,3.24,19.0,81.0,76.0,18.43765162542455,84,38,0.0
448,38,162,19.0,0.76,3.24,19.0,81.0,76.0,18.43765162542455,84,38,0.0
449,38,162,19.0,0.76,3.24,19.0,81.0,76.0,18.43765162542455,84,38,0.0
450,38,162,19.0,0.76,3.24,19.0,81.0,76.0,18.43765162542455,84,38,0.0
451,38,162,19.0,0.76,3.24,19.0,81.0,76.0,18.43765162542455,84,38,0.0
452,38,162,19.0,0.76,3.24,19.0,81.0,76.0,18.43765162542455,84,38,0.0
453,38,162,19.0,0.76,3.24,19.0,81.0,76.0,18.43765162542455,84,38,0.0
454,38,162,19.0,0.76,3.24,19.0,81.0,76.0,18.43765162542455,84,38,0.0
455,38,162,19.0,0.76,3.24,19.0,81.0,76.0,18.43765162542455,84,38,0.0
456,38,162,19.0,0.76,3.24,19.0,81.0,76.0,18.43765162542455,84,38,0.0
457,38,162,19.0,0.76,3.24,19.0,81.0,76.0,18.43765162542455,84,38,0.0
458,38,162,19.0,0.76,3.24,19.0,81.0,76.0,18.43765162542455,84,38,0.0
459,38,162,19.0,0.76,3.24,19.0,81.0,76.0,18.43765162542455,84,38,0.0
460,38,162,19.0,0.76,3.24,19.0,81.0,76.0,18.43765162542455,84,38,0.0
461,38,162,19.0,0.76,3.24,19.0,81.0,76.0,18.43765162542455,84,38,0.0
462,38,162,19.0,0.76,3.24,19.0,81.0,76.0,18.43765162542455,84,38,0.0
463,38,162,19.0,0.76,3.24,19.0,81.0,76.0,18.43765162542455,85,38,0.0
464,38,162,19.0,0.76,3.24,19.0,81.0,76.0,18.43765162542455,86,38,0.0
465,38,162,19.0,0.76,3.24,19.0,81.0,76.0,18.43765162542455,86,38,0.0
466,38,162,19.0,0.76,3.24,19.0,81.0,76.0,18.43765162542455,86,38,0.0
467,38,162,19.0,0.76,3.24,19.0,81.0,76.0,18.43765162542455,86,38,0.0
468,38,162,19.0,0.76,3.24,19.0,81.0,76.0,18.43765162542455,86,38,0.0
469,38,162,19.0,0.76,3.24,19.0,81.0,76.0,18.43765162542455,86,38,0.0
470,38,162,19.0,0.76,3.24,19.0,81.0,76.0,18.43765162542455,86,38,0.0
471,38,162,19.0,0.76,3.24,19.0,81.0,76.0,18.43765162542455,86,38,0.0
472,38,162,19.0,0.76,3.24,19.0,81.0,76.0,18.43765162542455,87,38,0.0
473,39,161,19.5,0.78,3.2199999999999998,19.5,80.49999999999999,78.0,18.922852983988356,88,39,2.0
474,39,161,19.5,0.78,3.2199999999999998,19.5,80.49999999999999,78.0,18.922852983988356,88,39,0.0
475,40,160,20.0,0.8,3.2,20.0,80.0,80.0,19.40805434255216,89,40,2.0
476,40,160,20.0,0.8,3.2,20.0,80.0,80.0,19.40805434255216,89,40,0.0
477,40,160,20.0,0.8,3.2,20.0,80.0,80.0,19.40805434255216,89,40,0.0
478,40,160,20.0,0.8,3.2,20.0,80.0,80.0,19.40805434255216,89,40,0.0
479,40,160,20.0,0.8,3.2,20.0,80.0,80.0,19.40805434255216,89,40,0.0
480,40,160,20.0,0.8,3.2,20.0,80.0,80.0,19.40805434255216,89,40,0.0
481,40,160,20.0,0.8,3.2,20.0,80.0,80.0,19.40805434255216,89,40,0.0
482,40,160,20.0,0.8,3.2,20.0,80.0,80.0,19.40805434255216,89,40,0.0
483,40,160,20.0,0.8,3.2,20.0,80.0,80.0,19.40805434255216,89,40,0.0
484,40,160,20.0,0.8,3.2,20.0,80.0,80.0,19.40805434255216,89,40,0.0
485,40,160,20.0,0.8,3.2,20.0,80.0,80.0,19.40805434255216,89,40,0.0
486,40,160,20.0,0.8,3.2,20.0,80.0,80.0,19.40805434255216,89,40,0.0
487,40,160,20.0,0.8,3.2,20.0,80.0,80.0,19.40805434255216,89,40,0.0
488,40,160,20.0,0.8,3.2,20.0,80.0,80.0,19.40805434255216,89,40,0.0
489,40,160,20.0,0.8,3.2,20.0,80.0,80.0,19.40805434255216,89,40,0.0
490,40,160,20.0,0.8,3.2,20.0,80.0,80.0,19.40805434255216,89,40,0.0
491,40,160,20.0,0.8,3.2,20.0,80.0,80.0,19.40805434255216,89,40,0.0
492,40,160,20.0,0.8,3.2,20.0,80.0,80.0,19.40805434255216,89,40,0.0
493,40,160,20.0,0.8,3.2,20.0,80.0,80.0,19.40805434255216,89,40,0.0
494,40,160,20.0,0.8,3.2,20.0,80.0,80.0,19.40805434255216,89,40,0.0
495,40,160,20.0,0.8,3.2,20.0,80.0,80.0,19.40805434255216,89,40,0.0
496,40,160,20.0,0.8,3.2,20.0,80.0,80.0,19.40805434255216,89,40,0.0
497,41,159,20.5,0.8200000000000001,3.1799999999999997,20.5,79.49999999999999,82.0,19.893255701115965,90,41,2.0
498,41,159,20.5,0.8200000000000001,3.1799999999999997,20.5,79.49999999999999,82.0,19.893255701115965,90,41,0.0
499,41,159,20.5,0.8200000000000001,3.1799999999999997,20.5,79.49999999999999,82.0,19.893255701115965,90,41,0.0
500,41,159,20.5,0.8200000000000001,3.1799999999999997,20.5,79.49999999999999,82.0,19.893255701115965,90,41,0.0
501,41,159,20.5,0.8200000000000001,3.1799999999999997,20.5,79.49999999999999,82.0,19.893255701115965,90,41,0.0
502,41,159,20.5,0.8200000000000001,3.1799999999999997,20.5,79.49999999999999,82.0,19.893255701115965,90,41,0.0
503,41,159,20.5,0.8200000000000001,3.1799999999999997,20.5,79.49999999999999,82.0,19.893255701115965,90,41,0.0
504,41,159,20.5,0.8200000000000001,3.1799999999999997,20.5,79.49999999999999,82.0,19.893255701115965,90,41,0.0
505,41,159,20.5,0.8200000000000001,3.1799999999999997,20.5,79.49999999999999,82.0,19.893255701115965,90,41,0.0
506,41,159,20.5,0.8200000000000001,3.1799999999999997,20.5,79.49999999999999,82.0,19.893255701115965,90,41,0.0
507,41,159,20.5,0.8200000000000001,3.1799999999999997,20.5,79.49999999999999,82.0,19.893255701115965,90,41,0.0
508,42,158,21.0,0.84,3.16,21.0,79.0,84.0,20.378457059679768,91,42,2.0
509,42,158,21.0,0.84,3.16,21.0,79.0,84.0,20.378457059679768,91,42,0.0
510,42,158,21.0,0.84,3.16,21.0,79.0,84.0,20.378457059679768,91,42,0.0
511,42,158,21.0,0.84,3.16,21.0,79.0,84.0,20.378457059679768,91,42,0.0
512,42,158,21.0,0.84,3.16,21.0,79.0,84.0,20.378457059679768,91,42,0.0
513,42,158,21.0,0.84,3.16,21.0,79.0,84.0,20.378457059679768,91,42,0.0
514,42,158,21.0,0.84,3.16,21.0,79.0,84.0,20.378457059679768,91,42,0.0
515,43,157,21.5,0.86,3.14,21.5,78.5,86.0,20.86365841824357,92,43,2.0
516,43,157,21.5,0.86,3.14,21.5,78.5,86.0,20.86365841824357,92,43,0.0
517,43,157,21.5,0.86,3.14,21.5,78.5,86.0,20.86365841824357,92,43,0.0
518,43,157,21.5,0.86,3.14,21.5,78.5,86.0,20.86365841824357,92,43,0.0
519,43,157,21.5,0.86,3.14,21.5,78.5,86.0,20.86365841824357,92,43,0.0
520,43,157,21.5,0.86,3.14,21.5,78.5,86.0,20.86365841824357,92,43,0.0
521,43,157,21.5,0.86,3.14,21.5,78.5,86.0,20.86365841824357,92,43,0.0
522,43,157,21.5,0.86,3.14,21.5,78.5,86.0,20.86365841824357,93,43,0.0
523,43,157,21.5,0.86,3.14,21.5,78.5,86.0,20.86365841824357,94,43,0.0
524,43,157,21.5,0.86,3.14,21.5,78.5,86.0,20.86365841824357,95,43,0.0
525,44,156,22.0,0.88,3.12,22.0,78.0,88.0,21.348859776807373,96,44,2.0
526,45,155,22.5,0.9,3.1,22.5,77.5,90.0,21.83406113537118,97,45,2.0
527,45,155,22.5,0.9,3.1,22.5,77.5,90.0,21.83406113537118,97,45,0.0
528,45,155,22.5,0.9,3.1,22.5,77.5,90.0,21.83406113537118,97,45,0.0
529,45,155,22.5,0.9,3.1,22.5,77.5,90.0,21.83406113537118,97,45,0.0
530,45,155,22.5,0.9,3.1,22.5,77.5,90.0,21.83406113537118,97,45,0.0
531,45,155,22.5,0.9,3.1,22.5,77.5,90.0,21.83406113537118,97,45,0.0
532,45,155,22.5,0.9,3.1,22.5,77.5,90.0,21.83406113537118,97,45,0.0
533,45,155,22.5,0.9,3.1,22.5,77.5,90.0,21.83406113537118,97,45,0.0
534,45,155,22.5,0.9,3.1,22.5,77.5,90.0,21.83406113537118,97,45,0.0
535,45,155,22.5,0.9,3.1,22.5,77.5,90.0,21.83406113537118,97,45,0.0
536,45,155,22.5,0.9,3.1,22.5,77.5,90.0,21.83406113537118,97,45,0.0
537,45,155,22.5,0.9,3.1,22.5,77.5,90.0,21.83406113537118,97,45,0.0
538,45,155,22.5,0.9,3.1,22.5,77.5,90.0,21.83406113537118,97,45,0.0
539,45,155,22.5,0.9,3.1,22.5,77.5,90.0,21.83406113537118,97,45,0.0
540,45,155,22.5,0.9,3.1,22.5,77.5,90.0,21.83406113537118,97,45,0.0
541,45,155,22.5,0.9,3.1,22.5,77.5,90.0,21.83406113537118,97,45,0.0
542,45,155,22.5,0.9,3.1,22.5,77.5,90.0,21.83406113537118,97,45,0.0
543,45,155,22.5,0.9,3.1,22.5,77.5,90.0,21.83406113537118,97,45,0.0
544,45,155,22.5,0.9,3.1,22.5,77.5,90.0,21.83406113537118,97,45,0.0
545,45,155,22.5,0.9,3.1,22.5,77.5,90.0,21.83406113537118,97,45,0.0
546,45,155,22.5,0.9,3.1,22.5,77.5,90.0,21.83406113537118,97,45,0.0
547,45,155,22.5,0.9,3.1,22.5,77.5,90.0,21.83406113537118,98,45,0.0
548,45,155,22.5,0.9,3.1,22.5,77.5,90.0,21.83406113537118,99,45,0.0
549,46,154,23.0,0.92,3.08,23.0,77.0,92.0,22.319262493934982,100,46,2.0
550,46,154,23.0,0.92,3.08,23.0,77.0,92.0,22.319262493934982,100,46,0.0
551,47,153,23.5,0.9400000000000001,3.06,23.5,76.5,94.0,22.804463852498788,101,47,2.0
552,47,153,23.5,0.9400000000000001,3.06,23.5,76.5,94.0,22.804463852498788,101,47,0.0
553,47,153,23.5,0.9400000000000001,3.06,23.5,76.5,94.0,22.804463852498788,101,47,0.0
554,47,153,23.5,0.9400000000000001,3.06,23.5,76.5,94.0,22.804463852498788,101,47,0.0
555,47,153,23.5,0.9400000000000001,3.06,23.5,76.5,94.0,22.804463852498788,101,47,0.0
556,47,153,23.5,0.9400000000000001,3.06,23.5,76.5,94.0,22.804463852498788,101,47,0.0
557,47,153,23.5,0.9400000000000001,3.06,23.5,76.5,94.0,22.804463852498788,101,47,0.0
558,47,153,23.5,0.9400000000000001,3.06,23.5,76.5,94.0,22.804463852498788,101,47,0.0
559,47,153,23.5,0.9400000000000001,3.06,23.5,76.5,94.0,22.804463852498788,101,47,0.0
560,47,153,23.5,0.9400000000000001,3.06,23.5,76.5,94.0,22.804463852498788,101,47,0.0
561,47,153,23.5,0.9400000000000001,3.06,23.5,76.5,94.0,22.804463852498788,101,47,0.0
562,47,153,23.5,0.9400000000000001,3.06,23.5,76.5,94.0,22.804463852498788,101,47,0.0
563,47,153,23.5,0.9400000000000001,3.06,23.5,76.5,94.0,22.804463852498788,102,47,0.0
564,47,153,23.5,0.9400000000000001,3.06,23.5,76.5,94.0,22.804463852498788,102,47,0.0
565,47,153,23.5,0.9400000000000001,3.06,23.5,76.5,94.0,22.804463852498788,102,47,0.0
566,47,153,23.5,0.9400000000000001,3.06,23.5,76.5,94.0,22.804463852498788,102,47,0.0
567,47,153,23.5,0.9400000000000001,3.06,23.5,76.5,94.0,22.804463852498788,102,47,0.0
568,47,153,23.5,0.9400000000000001,3.06,23.5,76.5,94.0,22.804463852498788,102,47,0.0
569,47,153,23.5,0.9400000000000001,3.06,23.5,76.5,94.0,22.804463852498788,102,47,0.0
570,47,153,23.5,0.9400000000000001,3.06,23.5,76.5,94.0,22.804463852498788,102,47,0.0
571,47,153,23.5,0.9400000000000001,3.06,23.5,76.5,94.0,22.804463852498788,102,47,0.0
572,47,153,23.5,0.9400000000000001,3.06,23.5,76.5,94.0,22.804463852498788,102,47,0.0
573,47,153,23.5,0.9400000000000001,3.06,23.5,76.5,94.0,22.804463852498788,102,47,0.0
574,47,153,23.5,0.9400000000000001,3.06,23.5,76.5,94.0,22.804463852498788,102,47,0.0
575,47,153,23.5,0.9400000000000001,3.06,23.5,76.5,94.0,22.804463852498788,102,47,0.0
576,47,153,23.5,0.9400000000000001,3.06,23.5,76.5,94.0,22.804463852498788,102,47,0.0
577,47,153,23.5,0.9400000000000001,3.06,23.5,76.5,94.0,22.804463852498788,102,47,0.0
578,47,153,23.5,0.9400000000000001,3.06,23.5,76.5,94.0,22.804463852498788,102,47,0.0
579,47,153,23.5,0.9400000000000001,3.06,23.5,76.5,94.0,22.804463852498788,103,47,0.0
580,48,152,24.0,0.96,3.04,24.0,76.0,96.0,23.28966521106259,104,48,2.0
581,48,152,24.0,0.96,3.04,24.0,76.0,96.0,23.28966521106259,104,48,0.0
582,48,152,24.0,0.96,3.04,24.0,76.0,96.0,23.28966521106259,104,48,0.0
583,48,152,24.0,0.96,3.04,24.0,76.0,96.0,23.28966521106259,104,48,0.0
584,48,152,24.0,0.96,3.04,24.0,76.0,96.0,23.28966521106259,104,48,0.0
585,48,152,24.0,0.96,3.04,24.0,76.0,96.0,23.28966521106259,104,48,0.0
586,48,152,24.0,0.96,3.04,24.0,76.0,96.0,23.28966521106259,104,48,0.0
587,48,152,24.0,0.96,3.04,24.0,76.0,96.0,23.28966521106259,104,48,0.0
588,48,152,24.0,0.96,3.04,24.0,76.0,96.0,23.28966521106259,104,48,0.0
589,48,152,24.0,0.96,3.04,24.0,76.0,96.0,23.28966521106259,104,48,0.0
590,48,152,24.0,0.96,3.04,24.0,76.0,96.0,23.28966521106259,104,48,0.0
591,48,152,24.0,0.96,3.04,24.0,76.0,96.0,23.28966521106259,104,48,0.0
592,48,152,24.0,0.96,3.04,24.0,76.0,96.0,23.28966521106259,104,48,0.0
593,48,152,24.0,0.96,3.04,24.0,76.0,96.0,23.28966521106259,105,48,0.0
594,48,152,24.0,0.96,3.04,24.0,76.0,96.0,23.28966521106259,107,48,0.0
595,49,151,24.5,0.98,3.02,24.5,75.5,98.0,23.774866569626397,108,49,2.0
596,49,151,24.5,0.98,3.02,24.5,75.5,98.0,23.774866569626397,109,49,0.0
597,49,151,24.5,0.98,3.02,24.5,75.5,98.0,23.774866569626397,109,49,0.0
598,49,151,24.5,0.98,3.02,24.5,75.5,98.0,23.774866569626397,109,49,0.0
599,49,151,24.5,0.98,3.02,24.5,75.5,98.0,23.774866569626397,109,49,0.0
600,49,151,24.5,0.98,3.02,24.5,75.5,98.0,23.774866569626397,109,49,0.0
601,49,151,24.5,0.98,3.02,24.5,75.5,98.0,23.774866569626397,109,49,0.0
602,49,151,24.5,0.98,3.02,24.5,75.5,98.0,23.774866569626397,110,49,0.0
603,49,151,24.5,0.98,3.02,24.5,75.5,98.0,23.774866569626397,110,49,0.0
604,49,151,24.5,0.98,3.02,24.5,75.5,98.0,23.774866569626397,110,49,0.0
605,50,150,25.0,1.0,3.0,25.0,75.0,100.0,24.2600679281902,112,50,2.0
606,50,150,25.0,1.0,3.0,25.0,75.0,100.0,24.2600679281902,112,50,0.0
607,50,150,25.0,1.0,3.0,25.0,75.0,100.0,24.2600679281902,112,50,0.0
608,50,150,25.0,1.0,3.0,25.0,75.0,100.0,24.2600679281902,113,50,0.0
609,51,149,25.5,1.02,2.98,25.5,74.5,102.0,24.745269286754006,114,51,2.0
610,51,149,25.5,1.02,2.98,25.5,74.5,102.0,24.745269286754006,114,51,0.0
611,51,149,25.5,1.02,2.98,25.5,74.5,102.0,24.745269286754006,114,51,0.0
612,51,149,25.5,1.02,2.98,25.5,74.5,102.0,24.745269286754006,114,51,0.0
613,51,149,25.5,1.02,2.98,25.5,74.5,102.0,24.745269286754006,114,51,0.0
614,51,149,25.5,1.02,2.98,25.5,74.5,102.0,24.745269286754006,115,51,0.0
615,51,149,25.5,1.02,2.98,25.5,74.5,102.0,24.745269286754006,116,51,0.0
616,51,149,25.5,1.02,2.98,25.5,74.5,102.0,24.745269286754006,116,51,0.0
617,51,149,25.5,1.02,2.98,25.5,74.5,102.0,24.745269286754006,116,51,0.0
618,51,149,25.5,1.02,2.98,25.5,74.5,102.0,24.745269286754006,117,51,0.0
619,51,149,25.5,1.02,2.98,25.5,74.5,102.0,24.745269286754006,118,51,0.0
620,52,148,26.0,1.04,2.96,26.0,74.0,104.0,25.23047064531781,120,52,2.0
621,53,147,26.5,1.06,2.94,26.5,73.5,106.0,25.71567200388161,121,53,2.0
622,53,147,26.5,1.06,2.94,26.5,73.5,106.0,25.71567200388161,121,53,0.0
623,53,147,26.5,1.06,2.94,26.5,73.5,106.0,25.71567200388161,121,53,0.0
624,53,147,26.5,1.06,2.94,26.5,73.5,106.0,25.71567200388161,121,53,0.0
625,53,147,26.5,1.06,2.94,26.5,73.5,106.0,25.71567200388161,121,53,0.0
626,53,147,26.5,1.06,2.94,26.5,73.5,106.0,25.71567200388161,121,53,0.0
627,53,147,26.5,1.06,2.94,26.5,73.5,106.0,25.71567200388161,121,53,0.0
628,54,146,27.0,1.08,2.92,27.0,73.0,108.0,26.200873362445414,122,54,2.0
629,54,146,27.0,1.08,2.92,27.0,73.0,108.0,26.200873362445414,122,54,0.0
630,54,146,27.0,1.08,2.92,27.0,73.0,108.0,26.200873362445414,122,54,0.0
631,54,146,27.0,1.08,2.92,27.0,73.0,108.0,26.200873362445414,122,54,0.0
632,54,146,27.0,1.08,2.92,27.0,73.0,108.0,26.200873362445414,122,54,0.0
633,54,146,27.0,1.08,2.92,27.0,73.0,108.0,26.200873362445414,122,54,0.0
634,54,146,27.0,1.08,2.92,27.0,73.0,108.0,26.200873362445414,123,54,0.0
635,55,145,27.500000000000004,1.1,2.9,27.5,72.5,110.0,26.686074721009216,124,55,2.0
636,55,145,27.500000000000004,1.1,2.9,27.5,72.5,110.0,26.686074721009216,124,55,0.0
637,55,145,27.500000000000004,1.1,2.9,27.5,72.5,110.0,26.686074721009216,124,55,0.0
638,55,145,27.500000000000004,1.1,2.9,27.5,72.5,110.0,26.686074721009216,124,55,0.0
639,55,145,27.500000000000004,1.1,2.9,27.5,72.5,110.0,26.686074721009216,124,55,0.0
640,55,145,27.500000000000004,1.1,2.9,27.5,72.5,110.0,26.686074721009216,124,55,0.0
641,55,145,27.500000000000004,1.1,2.9,27.5,72.5,110.0,26.686074721009216,124,55,0.0
642,55,145,27.500000000000004,1.1,2.9,27.5,72.5,110.0,26.686074721009216,124,55,0.0
643,55,145,27.500000000000004,1.1,2.9,27.5,72.5,110.0,26.686074721009216,124,55,0.0
644,55,145,27.500000000000004,1.1,2.9,27.5,72.5,110.0,26.686074721009216,124,55,0.0
645,55,145,27.500000000000004,1.1,2.9,27.5,72.5,110.0,26.686074721009216,124,55,0.0
646,55,145,27.500000000000004,1.1,2.9,27.5,72.5,110.0,26.686074721009216,124,55,0.0
647,55,145,27.500000000000004,1.1,2.9,27.5,72.5,110.0,26.686074721009216,124,55,0.0
648,55,145,27.500000000000004,1.1,2.9,27.5,72.5,110.0,26.686074721009216,124,55,0.0
649,55,145,27.500000000000004,1.1,2.9,27.5,72.5,110.0,26.686074721009216,124,55,0.0
650,55,145,27.500000000000004,1.1,2.9,27.5,72.5,110.0,26.686074721009216,124,55,0.0
651,55,145,27.500000000000004,1.1,2.9,27.5,72.5,110.0,26.686074721009216,124,55,0.0
652,55,145,27.500000000000004,1.1,2.9,27.5,72.5,110.0,26.686074721009216,124,55,0.0
653,55,145,27.500000000000004,1.1,2.9,27.5,72.5,110.0,26.686074721009216,124,55,0.0
654,55,145,27.500000000000004,1.1,2.9,27.5,72.5,110.0,26.686074721009216,124,55,0.0
655,55,145,27.500000000000004,1.1,2.9,27.5,72.5,110.0,26.686074721009216,124,55,0.0
656,55,145,27.500000000000004,1.1,2.9,27.5,72.5,110.0,26.686074721009216,124,55,0.0
657,55,145,27.500000000000004,1.1,2.9,27.5,72.5,110.0,26.686074721009216,124,55,0.0
658,55,145,27.500000000000004,1.1,2.9,27.5,72.5,110.0,26.686074721009216,124,55,0.0
659,55,145,27.500000000000004,1.1,2.9,27.5,72.5,110.0,26.686074721009216,124,55,0.0
660,55,145,27.500000000000004,1.1,2.9,27.5,72.5,110.0,26.686074721009216,124,55,0.0
661,55,145,27.500000000000004,1.1,2.9,27.5,72.5,110.0,26.686074721009216,124,55,0.0
662,55,145,27.500000000000004,1.1,2.9,27.5,72.5,110.0,26.686074721009216,124,55,0.0
663,55,145,27.500000000000004,1.1,2.9,27.5,72.5,110.0,26.686074721009216,124,55,0.0
664,55,145,27.500000000000004,1.1,2.9,27.5,72.5,110.0,26.686074721009216,124,55,0.0
665,55,145,27.500000000000004,1.1,2.9,27.5,72.5,110.0,26.686074721009216,124,55,0.0
666,55,145,27.500000000000004,1.1,2.9,27.5,72.5,110.0,26.686074721009216,125,55,0.0
667,55,145,27.500000000000004,1.1,2.9,27.5,72.5,110.0,26.686074721009216,126,55,0.0
668,55,145,27.500000000000004,1.1,2.9,27.5,72.5,110.0,26.686074721009216,126,55,0.0
669,55,145,27.500000000000004,1.1,2.9,27.5,72.5,110.0,26.686074721009216,126,55,0.0
670,55,145,27.500000000000004,1.1,2.9,27.5,72.5,110.0,26.686074721009216,126,55,0.0
671,55,145,27.500000000000004,1.1,2.9,27.5,72.5,110.0,26.686074721009216,126,55,0.0
672,55,145,27.500000000000004,1.1,2.9,27.5,72.5,110.0,26.686074721009216,126,55,0.0
673,55,145,27.500000000000004,1.1,2.9,27.5,72.5,110.0,26.686074721009216,126,55,0.0
674,55,145,27.500000000000004,1.1,2.9,27.5,72.5,110.0,26.686074721009216,126,55,0.0
675,56,144,28.000000000000004,1.12,2.88,28.000000000000004,72.0,112.00000000000001,27.171276079573026,127,56,2.000000000000014
676,56,144,28.000000000000004,1.12,2.88,28.000000000000004,72.0,112.00000000000001,27.171276079573026,127,56,0.0
677,56,144,28.000000000000004,1.12,2.88,28.000000000000004,72.0,112.00000000000001,27.171276079573026,127,56,0.0
678,56,144,28.000000000000004,1.12,2.88,28.000000000000004,72.0,112.00000000000001,27.171276079573026,128,56,0.0
679,56,144,28.000000000000004,1.12,2.88,28.000000000000004,72.0,112.00000000000001,27.171276079573026,129,56,0.0
680,56,144,28.000000000000004,1.12,2.88,28.000000000000004,72.0,112.00000000000001,27.171276079573026,129,56,0.0
681,56,144,28.000000000000004,1.12,2.88,28.000000000000004,72.0,112.00000000000001,27.171276079573026,129,56,0.0
682,56,144,28.000000000000004,1.12,2.88,28.000000000000004,72.0,112.00000000000001,27.171276079573026,129,56,0.0
683,56,144,28.000000000000004,1.12,2.88,28.000000000000004,72.0,112.00000000000001,27.171276079573026,129,56,0.0
684,56,144,28.000000000000004,1.12,2.88,28.000000000000004,72.0,112.00000000000001,27.171276079573026,129,56,0.0
685,56,144,28.000000000000004,1.12,2.88,28.000000000000004,72.0,112.00000000000001,27.171276079573026,129,56,0.0
686,56,144,28.000000000000004,1.12,2.88,28.000000000000004,72.0,112.00000000000001,27.171276079573026,129,56,0.0
687,56,144,28.000000000000004,1.12,2.88,28.000000000000004,72.0,112.00000000000001,27.171276079573026,129,56,0.0
688,56,144,28.000000000000004,1.12,2.88,28.000000000000004,72.0,112.00000000000001,27.171276079573026,130,56,0.0
689,56,144,28.000000000000004,1.12,2.88,28.000000000000004,72.0,112.00000000000001,27.171276079573026,130,56,0.0
690,56,144,28.000000000000004,1.12,2.88,28.000000000000004,72.0,112.00000000000001,27.171276079573026,130,56,0.0
691,56,144,28.000000000000004,1.12,2.88,28.000000000000004,72.0,112.00000000000001,27.171276079573026,130,56,0.0
692,56,144,28.000000000000004,1.12,2.88,28.000000000000004,72.0,112.00000000000001,27.171276079573026,130,56,0.0
693,56,144,28.000000000000004,1.12,2.88,28.000000000000004,72.0,112.00000000000001,27.171276079573026,130,56,0.0
694,56,144,28.000000000000004,1.12,2.88,28.000000000000004,72.0,112.00000000000001,27.171276079573026,130,56,0.0
695,56,144,28.000000000000004,1.12,2.88,28.000000000000004,72.0,112.00000000000001,27.171276079573026,130,56,0.0
696,56,144,28.000000000000004,1.12,2.88,28.000000000000004,72.0,112.00000000000001,27.171276079573026,130,56,0.0
697,56,144,28.000000000000004,1.12,2.88,28.000000000000004,72.0,112.00000000000001,27.171276079573026,130,56,0.0
698,56,144,28.000000000000004,1.12,2.88,28.000000000000004,72.0,112.00000000000001,27.171276079573026,130,56,0.0
699,56,144,28.000000000000004,1.12,2.88,28.000000000000004,72.0,112.00000000000001,27.171276079573026,130,56,0.0
700,56,144,28.000000000000004,1.12,2.88,28.000000000000004,72.0,112.00000000000001,27.171276079573026,131,56,0.0
701,56,144,28.000000000000004,1.12,2.88,28.000000000000004,72.0,112.00000000000001,27.171276079573026,132,56,0.0
702,56,144,28.000000000000004,1.12,2.88,28.000000000000004,72.0,112.00000000000001,27.171276079573026,132,56,0.0
703,56,144,28.000000000000004,1.12,2.88,28.000000000000004,72.0,112.00000000000001,27.171276079573026,132,56,0.0
704,56,144,28.000000000000004,1.12,2.88,28.000000000000004,72.0,112.00000000000001,27.171276079573026,132,56,0.0
705,56,144,28.000000000000004,1.12,2.88,28.000000000000004,72.0,112.00000000000001,27.171276079573026,132,56,0.0
706,56,144,28.000000000000004,1.12,2.88,28.000000000000004,72.0,112.00000000000001,27.171276079573026,132,56,0.0
707,56,144,28.000000000000004,1.12,2.88,28.000000000000004,72.0,112.00000000000001,27.171276079573026,132,56,0.0
708,56,144,28.000000000000004,1.12,2.88,28.000000000000004,72.0,112.00000000000001,27.171276079573026,133,56,0.0
709,57,143,28.499999999999996,1.1400000000000001,2.86,28.500000000000004,71.5,114.00000000000001,27.65647743813683,134,57,2.0
710,57,143,28.499999999999996,1.1400000000000001,2.86,28.500000000000004,71.5,114.00000000000001,27.65647743813683,135,57,0.0
711,57,143,28.499999999999996,1.1400000000000001,2.86,28.500000000000004,71.5,114.00000000000001,27.65647743813683,135,57,0.0
712,57,143,28.499999999999996,1.1400000000000001,2.86,28.500000000000004,71.5,114.00000000000001,27.65647743813683,135,57,0.0
713,57,143,28.499999999999996,1.1400000000000001,2.86,28.500000000000004,71.5,114.00000000000001,27.65647743813683,135,57,0.0
714,57,143,28.499999999999996,1.1400000000000001,2.86,28.500000000000004,71.5,114.00000000000001,27.65647743813683,136,57,0.0
715,57,143,28.499999999999996,1.1400000000000001,2.86,28.500000000000004,71.5,114.00000000000001,27.65647743813683,137,57,0.0
716,57,143,28.499999999999996,1.1400000000000001,2.86,28.500000000000004,71.5,114.00000000000001,27.65647743813683,138,57,0.0
717,57,143,28.499999999999996,1.1400000000000001,2.86,28.500000000000004,71.5,114.00000000000001,27.65647743813683,139,57,0.0
718,57,143,28.499999999999996,1.1400000000000001,2.86,28.500000000000004,71.5,114.00000000000001,27.65647743813683,140,57,0.0
719,57,143,28.499999999999996,1.1400000000000001,2.86,28.500000000000004,71.5,114.00000000000001,27.65647743813683,140,57,0.0
720,57,143,28.499999999999996,1.1400000000000001,2.86,28.500000000000004,71.5,114.00000000000001,27.65647743813683,141,57,0.0
721,57,143,28.499999999999996,1.1400000000000001,2.86,28.500000000000004,71.5,114.00000000000001,27.65647743813683,142,57,0.0
722,57,143,28.499999999999996,1.1400000000000001,2.86,28.500000000000004,71.5,114.00000000000001,27.65647743813683,142,57,0.0
723,57,143,28.499999999999996,1.1400000000000001,2.86,28.500000000000004,71.5,114.00000000000001,27.65647743813683,143,57,0.0
724,57,143,28.499999999999996,1.1400000000000001,2.86,28.500000000000004,71.5,114.00000000000001,27.65647743813683,143,57,0.0
725,57,143,28.499999999999996,1.1400000000000001,2.86,28.500000000000004,71.5,114.00000000000001,27.65647743813683,143,57,0.0
726,57,143,28.499999999999996,1.1400000000000001,2.86,28.500000000000004,71.5,114.00000000000001,27.65647743813683,143,57,0.0
727,57,143,28.499999999999996,1.1400000000000001,2.86,28.500000000000004,71.5,114.00000000000001,27.65647743813683,143,57,0.0
728,57,143,28.499999999999996,1.1400000000000001,2.86,28.500000000000004,71.5,114.00000000000001,27.65647743813683,143,57,0.0
729,58,142,28.999999999999996,1.16,2.84,28.999999999999996,71.0,115.99999999999999,28.141678796700624,144,58,1.9999999999999716
730,58,142,28.999999999999996,1.16,2.84,28.999999999999996,71.0,115.99999999999999,28.141678796700624,144,58,0.0
731,58,142,28.999999999999996,1.16,2.84,28.999999999999996,71.0,115.99999999999999,28.141678796700624,144,58,0.0
732,58,142,28.999999999999996,1.16,2.84,28.999999999999996,71.0,115.99999999999999,28.141678796700624,144,58,0.0
733,58,142,28.999999999999996,1.16,2.84,28.999999999999996,71.0,115.99999999999999,28.141678796700624,144,58,0.0
734,58,142,28.999999999999996,1.16,2.84,28.999999999999996,71.0,115.99999999999999,28.141678796700624,144,58,0.0
735,58,142,28.999999999999996,1.16,2.84,28.999999999999996,71.0,115.99999999999999,28.141678796700624,144,58,0.0
736,58,142,28.999999999999996,1.16,2.84,28.999999999999996,71.0,115.99999999999999,28.141678796700624,144,58,0.0
737,58,142,28.999999999999996,1.16,2.84,28.999999999999996,71.0,115.99999999999999,28.141678796700624,144,58,0.0
738,58,142,28.999999999999996,1.16,2.84,28.999999999999996,71.0,115.99999999999999,28.141678796700624,144,58,0.0
739,59,141,29.5,1.18,2.8200000000000003,29.499999999999996,70.5,117.99999999999999,28.626880155264434,145,59,2.0
740,59,141,29.5,1.18,2.8200000000000003,29.499999999999996,70.5,117.99999999999999,28.626880155264434,145,59,0.0
741,59,141,29.5,1.18,2.8200000000000003,29.499999999999996,70.5,117.99999999999999,28.626880155264434,145,59,0.0
742,59,141,29.5,1.18,2.8200000000000003,29.499999999999996,70.5,117.99999999999999,28.626880155264434,145,59,0.0
743,59,141,29.5,1.18,2.8200000000000003,29.499999999999996,70.5,117.99999999999999,28.626880155264434,145,59,0.0
744,59,141,29.5,1.18,2.8200000000000003,29.499999999999996,70.5,117.99999999999999,28.626880155264434,145,59,0.0
745,59,141,29.5,1.18,2.8200000000000003,29.499999999999996,70.5,117.99999999999999,28.626880155264434,145,59,0.0
746,60,140,30.0,1.2,2.8,30.0,70.0,120.0,29.11208151382824,146,60,2.000000000000014
747,60,140,30.0,1.2,2.8,30.0,70.0,120.0,29.11208151382824,146,60,0.0
748,60,140,30.0,1.2,2.8,30.0,70.0,120.0,29.11208151382824,146,60,0.0
749,60,140,30.0,1.2,2.8,30.0,70.0,120.0,29.11208151382824,146,60,0.0
750,60,140,30.0,1.2,2.8,30.0,70.0,120.0,29.11208151382824,146,60,0.0
751,60,140,30.0,1.2,2.8,30.0,70.0,120.0,29.11208151382824,146,60,0.0
752,60,140,30.0,1.2,2.8,30.0,70.0,120.0,29.11208151382824,146,60,0.0
753,60,140,30.0,1.2,2.8,30.0,70.0,120.0,29.11208151382824,146,60,0.0
754,60,140,30.0,1.2,2.8,30.0,70.0,120.0,29.11208151382824,146,60,0.0
755,60,140,30.0,1.2,2.8,30.0,70.0,120.0,29.11208151382824,146,60,0.0
756,60,140,30.0,1.2,2.8,30.0,70.0,120.0,29.11208151382824,146,60,0.0
757,60,140,30.0,1.2,2.8,30.0,70.0,120.0,29.11208151382824,146,60,0.0
758,60,140,30.0,1.2,2.8,30.0,70.0,120.0,29.11208151382824,146,60,0.0
759,60,140,30.0,1.2,2.8,30.0,70.0,120.0,29.11208151382824,146,60,0.0
760,60,140,30.0,1.2,2.8,30.0,70.0,120.0,29.11208151382824,146,60,0.0
761,60,140,30.0,1.2,2.8,30.0,70.0,120.0,29.11208151382824,146,60,0.0
762,60,140,30.0,1.2,2.8,30.0,70.0,120.0,29.11208151382824,146,60,0.0
763,60,140,30.0,1.2,2.8,30.0,70.0,120.0,29.11208151382824,146,60,0.0
764,60,140,30.0,1.2,2.8,30.0,70.0,120.0,29.11208151382824,146,60,0.0
765,60,140,30.0,1.2,2.8,30.0,70.0,120.0,29.11208151382824,146,60,0.0
766,60,140,30.0,1.2,2.8,30.0,70.0,120.0,29.11208151382824,146,60,0.0
767,60,140,30.0,1.2,2.8,30.0,70.0,120.0,29.11208151382824,146,60,0.0
768,60,140,30.0,1.2,2.8,30.0,70.0,120.0,29.11208151382824,146,60,0.0
769,60,140,30.0,1.2,2.8,30.0,70.0,120.0,29.11208151382824,146,60,0.0
770,60,140,30.0,1.2,2.8,30.0,70.0,120.0,29.11208151382824,146,60,0.0
771,60,140,30.0,1.2,2.8,30.0,70.0,120.0,29.11208151382824,146,60,0.0
772,60,140,30.0,1.2,2.8,30.0,70.0,120.0,29.11208151382824,146,60,0.0
773,60,140,30.0,1.2,2.8,30.0,70.0,120.0,29.11208151382824,146,60,0.0
774,60,140,30.0,1.2,2.8,30.0,70.0,120.0,29.11208151382824,146,60,0.0
775,60,140,30.0,1.2,2.8,30.0,70.0,120.0,29.11208151382824,146,60,0.0
776,60,140,30.0,1.2,2.8,30.0,70.0,120.0,29.11208151382824,146,60,0.0
777,60,140,30.0,1.2,2.8,30.0,70.0,120.0,29.11208151382824,146,60,0.0
778,60,140,30.0,1.2,2.8,30.0,70.0,120.0,29.11208151382824,146,60,0.0
779,60,140,30.0,1.2,2.8,30.0,70.0,120.0,29.11208151382824,146,60,0.0
780,60,140,30.0,1.2,2.8,30.0,70.0,120.0,29.11208151382824,146,60,0.0
781,60,140,30.0,1.2,2.8,30.0,70.0,120.0,29.11208151382824,146,60,0.0
782,60,140,30.0,1.2,2.8,30.0,70.0,120.0,29.11208151382824,146,60,0.0
783,60,140,30.0,1.2,2.8,30.0,70.0,120.0,29.11208151382824,146,60,0.0
784,60,140,30.0,1.2,2.8,30.0,70.0,120.0,29.11208151382824,146,60,0.0
785,60,140,30.0,1.2,2.8,30.0,70.0,120.0,29.11208151382824,146,60,0.0
786,60,140,30.0,1.2,2.8,30.0,70.0,120.0,29.11208151382824,146,60,0.0
787,60,140,30.0,1.2,2.8,30.0,70.0,120.0,29.11208151382824,146,60,0.0
788,60,140,30.0,1.2,2.8,30.0,70.0,120.0,29.11208151382824,146,60,0.0
789,60,140,30.0,1.2,2.8,30.0,70.0,120.0,29.11208151382824,147,60,0.0
790,60,140,30.0,1.2,2.8,30.0,70.0,120.0,29.11208151382824,147,60,0.0
791,60,140,30.0,1.2,2.8,30.0,70.0,120.0,29.11208151382824,147,60,0.0
792,60,140,30.0,1.2,2.8,30.0,70.0,120.0,29.11208151382824,148,60,0.0
793,60,140,30.0,1.2,2.8,30.0,70.0,120.0,29.11208151382824,148,60,0.0
794,60,140,30.0,1.2,2.8,30.0,70.0,120.0,29.11208151382824,148,60,0.0
795,60,140,30.0,1.2,2.8,30.0,70.0,120.0,29.11208151382824,148,60,0.0
796,60,140,30.0,1.2,2.8,30.0,70.0,120.0,29.11208151382824,148,60,0.0
797,60,140,30.0,1.2,2.8,30.0,70.0,120.0,29.11208151382824,148,60,0.0
798,60,140,30.0,1.2,2.8,30.0,70.0,120.0,29.11208151382824,148,60,0.0
799,60,140,30.0,1.2,2.8,30.0,70.0,120.0,29.11208151382824,148,60,0.0
800,60,140,30.0,1.2,2.8,30.0,70.0,120.0,29.11208151382824,148,60,0.0
801,60,140,30.0,1.2,2.8,30.0,70.0,120.0,29.11208151382824,148,60,0.0
802,60,140,30.0,1.2,2.8,30.0,70.0,120.0,29.11208151382824,148,60,0.0
803,60,140,30.0,1.2,2.8,30.0,70.0,120.0,29.11208151382824,148,60,0.0
804,60,140,30.0,1.2,2.8,30.0,70.0,120.0,29.11208151382824,148,60,0.0
805,60,140,30.0,1.2,2.8,30.0,70.0,120.0,29.11208151382824,148,60,0.0
806,60,140,30.0,1.2,2.8,30.0,70.0,120.0,29.11208151382824,148,60,0.0
807,60,140,30.0,1.2,2.8,30.0,70.0,120.0,29.11208151382824,148,60,0.0
808,60,140,30.0,1.2,2.8,30.0,70.0,120.0,29.11208151382824,148,60,0.0
809,60,140,30.0,1.2,2.8,30.0,70.0,120.0,29.11208151382824,148,60,0.0
810,60,140,30.0,1.2,2.8,30.0,70.0,120.0,29.11208151382824,148,60,0.0
811,60,140,30.0,1.2,2.8,30.0,70.0,120.0,29.11208151382824,148,60,0.0
812,60,140,30.0,1.2,2.8,30.0,70.0,120.0,29.11208151382824,148,60,0.0
813,60,140,30.0,1.2,2.8,30.0,70.0,120.0,29.11208151382824,148,60,0.0
814,60,140,30.0,1.2,2.8,30.0,70.0,120.0,29.11208151382824,148,60,0.0
815,60,140,30.0,1.2,2.8,30.0,70.0,120.0,29.11208151382824,148,60,0.0
816,60,140,30.0,1.2,2.8,30.0,70.0,120.0,29.11208151382824,148,60,0.0
817,60,140,30.0,1.2,2.8,30.0,70.0,120.0,29.11208151382824,148,60,0.0
818,60,140,30.0,1.2,2.8,30.0,70.0,120.0,29.11208151382824,148,60,0.0
819,60,140,30.0,1.2,2.8,30.0,70.0,120.0,29.11208151382824,148,60,0.0
820,61,139,30.5,1.22,2.7800000000000002,30.5,69.5,122.0,29.597282872392043,149,61,2.0
821,61,139,30.5,1.22,2.7800000000000002,30.5,69.5,122.0,29.597282872392043,149,61,0.0
822,61,139,30.5,1.22,2.7800000000000002,30.5,69.5,122.0,29.597282872392043,149,61,0.0
823,61,139,30.5,1.22,2.7800000000000002,30.5,69.5,122.0,29.597282872392043,149,61,0.0
824,61,139,30.5,1.22,2.7800000000000002,30.5,69.5,122.0,29.597282872392043,149,61,0.0
825,61,139,30.5,1.22,2.7800000000000002,30.5,69.5,122.0,29.597282872392043,149,61,0.0
826,61,139,30.5,1.22,2.7800000000000002,30.5,69.5,122.0,29.597282872392043,149,61,0.0
827,61,139,30.5,1.22,2.7800000000000002,30.5,69.5,122.0,29.597282872392043,149,61,0.0
828,61,139,30.5,1.22,2.7800000000000002,30.5,69.5,122.0,29.597282872392043,149,61,0.0
829,61,139,30.5,1.22,2.7800000000000002,30.5,69.5,122.0,29.597282872392043,149,61,0.0
830,61,139,30.5,1.22,2.7800000000000002,30.5,69.5,122.0,29.597282872392043,149,61,0.0
831,61,139,30.5,1.22,2.7800000000000002,30.5,69.5,122.0,29.597282872392043,149,61,0.0
832,61,139,30.5,1.22,2.7800000000000002,30.5,69.5,122.0,29.597282872392043,149,61,0.0
833,61,139,30.5,1.22,2.7800000000000002,30.5,69.5,122.0,29.597282872392043,149,61,0.0
834,62,138,31.0,1.24,2.76,31.0,69.0,124.0,30.082484230955846,150,62,2.0
835,62,138,31.0,1.24,2.76,31.0,69.0,124.0,30.082484230955846,150,62,0.0
836,62,138,31.0,1.24,2.76,31.0,69.0,124.0,30.082484230955846,150,62,0.0
837,62,138,31.0,1.24,2.76,31.0,69.0,124.0,30.082484230955846,150,62,0.0
838,62,138,31.0,1.24,2.76,31.0,69.0,124.0,30.082484230955846,150,62,0.0
839,62,138,31.0,1.24,2.76,31.0,69.0,124.0,30.082484230955846,150,62,0.0
840,62,138,31.0,1.24,2.76,31.0,69.0,124.0,30.082484230955846,150,62,0.0
841,62,138,31.0,1.24,2.76,31.0,69.0,124.0,30.082484230955846,150,62,0.0
842,62,138,31.0,1.24,2.76,31.0,69.0,124.0,30.082484230955846,150,62,0.0
843,62,138,31.0,1.24,2.76,31.0,69.0,124.0,30.082484230955846,150,62,0.0
844,62,138,31.0,1.24,2.76,31.0,69.0,124.0,30.082484230955846,150,62,0.0
845,62,138,31.0,1.24,2.76,31.0,69.0,124.0,30.082484230955846,150,62,0.0
846,62,138,31.0,1.24,2.76,31.0,69.0,124.0,30.082484230955846,150,62,0.0
847,62,138,31.0,1.24,2.76,31.0,69.0,124.0,30.082484230955846,150,62,0.0
848,62,138,31.0,1.24,2.76,31.0,69.0,124.0,30.082484230955846,150,62,0.0
849,62,138,31.0,1.24,2.76,31.0,69.0,124.0,30.082484230955846,150,62,0.0
850,62,138,31.0,1.24,2.76,31.0,69.0,124.0,30.082484230955846,150,62,0.0
851,62,138,31.0,1.24,2.76,31.0,69.0,124.0,30.082484230955846,150,62,0.0
852,62,138,31.0,1.24,2.76,31.0,69.0,124.0,30.082484230955846,150,62,0.0
853,62,138,31.0,1.24,2.76,31.0,69.0,124.0,30.082484230955846,150,62,0.0
854,62,138,31.0,1.24,2.76,31.0,69.0,124.0,30.082484230955846,150,62,0.0
855,62,138,31.0,1.24,2.76,31.0,69.0,124.0,30.082484230955846,150,62,0.0
856,62,138,31.0,1.24,2.76,31.0,69.0,124.0,30.082484230955846,150,62,0.0
857,62,138,31.0,1.24,2.76,31.0,69.0,124.0,30.082484230955846,150,62,0.0
858,62,138,31.0,1.24,2.76,31.0,69.0,124.0,30.082484230955846,150,62,0.0
859,62,138,31.0,1.24,2.76,31.0,69.0,124.0,30.082484230955846,150,62,0.0
860,62,138,31.0,1.24,2.76,31.0,69.0,124.0,30.082484230955846,150,62,0.0
861,62,138,31.0,1.24,2.76,31.0,69.0,124.0,30.082484230955846,150,62,0.0
862,62,138,31.0,1.24,2.76,31.0,69.0,124.0,30.082484230955846,150,62,0.0
863,62,138,31.0,1.24,2.76,31.0,69.0,124.0,30.082484230955846,150,62,0.0
864,62,138,31.0,1.24,2.76,31.0,69.0,124.0,30.082484230955846,150,62,0.0
865,62,138,31.0,1.24,2.76,31.0,69.0,124.0,30.082484230955846,150,62,0.0
866,62,138,31.0,1.24,2.76,31.0,69.0,124.0,30.082484230955846,150,62,0.0
867,62,138,31.0,1.24,2.76,31.0,69.0,124.0,30.082484230955846,150,62,0.0
868,62,138,31.0,1.24,2.76,31.0,69.0,124.0,30.082484230955846,150,62,0.0
869,62,138,31.0,1.24,2.76,31.0,69.0,124.0,30.082484230955846,150,62,0.0
870,62,138,31.0,1.24,2.76,31.0,69.0,124.0,30.082484230955846,150,62,0.0
871,62,138,31.0,1.24,2.76,31.0,69.0,124.0,30.082484230955846,150,62,0.0
872,62,138,31.0,1.24,2.76,31.0,69.0,124.0,30.082484230955846,150,62,0.0
873,63,137,31.5,1.26,2.74,31.5,68.5,126.0,30.567685589519648,151,63,2.0
874,63,137,31.5,1.26,2.74,31.5,68.5,126.0,30.567685589519648,151,63,0.0
875,63,137,31.5,1.26,2.74,31.5,68.5,126.0,30.567685589519648,151,63,0.0
876,63,137,31.5,1.26,2.74,31.5,68.5,126.0,30.567685589519648,151,63,0.0
877,63,137,31.5,1.26,2.74,31.5,68.5,126.0,30.567685589519648,151,63,0.0
878,63,137,31.5,1.26,2.74,31.5,68.5,126.0,30.567685589519648,151,63,0.0
879,63,137,31.5,1.26,2.74,31.5,68.5,126.0,30.567685589519648,151,63,0.0
880,63,137,31.5,1.26,2.74,31.5,68.5,126.0,30.567685589519648,151,63,0.0
881,63,137,31.5,1.26,2.74,31.5,68.5,126.0,30.567685589519648,151,63,0.0
882,63,137,31.5,1.26,2.74,31.5,68.5,126.0,30.567685589519648,151,63,0.0
883,63,137,31.5,1.26,2.74,31.5,68.5,126.0,30.567685589519648,151,63,0.0
884,63,137,31.5,1.26,2.74,31.5,68.5,126.0,30.567685589519648,151,63,0.0
885,63,137,31.5,1.26,2.74,31.5,68.5,126.0,30.567685589519648,151,63,0.0
886,63,137,31.5,1.26,2.74,31.5,68.5,126.0,30.567685589519648,151,63,0.0
887,63,137,31.5,1.26,2.74,31.5,68.5,126.0,30.567685589519648,151,63,0.0
888,63,137,31.5,1.26,2.74,31.5,68.5,126.0,30.567685589519648,151,63,0.0
889,63,137,31.5,1.26,2.74,31.5,68.5,126.0,30.567685589519648,151,63,0.0
890,63,137,31.5,1.26,2.74,31.5,68.5,126.0,30.567685589519648,151,63,0.0
891,63,137,31.5,1.26,2.74,31.5,68.5,126.0,30.567685589519648,151,63,0.0
892,63,137,31.5,1.26,2.74,31.5,68.5,126.0,30.567685589519648,151,63,0.0
893,63,137,31.5,1.26,2.74,31.5,68.5,126.0,30.567685589519648,151,63,0.0
894,63,137,31.5,1.26,2.74,31.5,68.5,126.0,30.567685589519648,151,63,0.0
895,63,137,31.5,1.26,2.74,31.5,68.5,126.0,30.567685589519648,152,63,0.0
896,63,137,31.5,1.26,2.74,31.5,68.5,126.0,30.567685589519648,153,63,0.0
897,64,136,32.0,1.28,2.7199999999999998,32.0,67.99999999999999,128.0,31.052886948083458,154,64,2.0
898,64,136,32.0,1.28,2.7199999999999998,32.0,67.99999999999999,128.0,31.052886948083458,154,64,0.0
899,64,136,32.0,1.28,2.7199999999999998,32.0,67.99999999999999,128.0,31.052886948083458,154,64,0.0
900,64,136,32.0,1.28,2.7199999999999998,32.0,67.99999999999999,128.0,31.052886948083458,154,64,0.0
901,64,136,32.0,1.28,2.7199999999999998,32.0,67.99999999999999,128.0,31.052886948083458,154,64,0.0
902,64,136,32.0,1.28,2.7199999999999998,32.0,67.99999999999999,128.0,31.052886948083458,154,64,0.0
903,64,136,32.0,1.28,2.7199999999999998,32.0,67.99999999999999,128.0,31.052886948083458,154,64,0.0
904,64,136,32.0,1.28,2.7199999999999998,32.0,67.99999999999999,128.0,31.052886948083458,154,64,0.0
905,64,136,32.0,1.28,2.7199999999999998,32.0,67.99999999999999,128.0,31.052886948083458,154,64,0.0
906,64,136,32.0,1.28,2.7199999999999998,32.0,67.99999999999999,128.0,31.052886948083458,154,64,0.0
907,64,136,32.0,1.28,2.7199999999999998,32.0,67.99999999999999,128.0,31.052886948083458,154,64,0.0
908,64,136,32.0,1.28,2.7199999999999998,32.0,67.99999999999999,128.0,31.052886948083458,154,64,0.0
909,64,136,32.0,1.28,2.7199999999999998,32.0,67.99999999999999,128.0,31.052886948083458,154,64,0.0
910,64,136,32.0,1.28,2.7199999999999998,32.0,67.99999999999999,128.0,31.052886948083458,154,64,0.0
911,64,136,32.0,1.28,2.7199999999999998,32.0,67.99999999999999,128.0,31.052886948083458,154,64,0.0
912,64,136,32.0,1.28,2.7199999999999998,32.0,67.99999999999999,128.0,31.052886948083458,154,64,0.0
913,64,136,32.0,1.28,2.7199999999999998,32.0,67.99999999999999,128.0,31.052886948083458,154,64,0.0
914,64,136,32.0,1.28,2.7199999999999998,32.0,67.99999999999999,128.0,31.052886948083458,154,64,0.0
915,64,136,32.0,1.28,2.7199999999999998,32.0,67.99999999999999,128.0,31.052886948083458,154,64,0.0
916,64,136,32.0,1.28,2.7199999999999998,32.0,67.99999999999999,128.0,31.052886948083458,154,64,0.0
917,64,136,32.0,1.28,2.7199999999999998,32.0,67.99999999999999,128.0,31.052886948083458,154,64,0.0
918,64,136,32.0,1.28,2.7199999999999998,32.0,67.99999999999999,128.0,31.052886948083458,154,64,0.0
919,64,136,32.0,1.28,2.7199999999999998,32.0,67.99999999999999,128.0,31.052886948083458,154,64,0.0
920,64,136,32.0,1.28,2.7199999999999998,32.0,67.99999999999999,128.0,31.052886948083458,154,64,0.0
921,64,136,32.0,1.28,2.7199999999999998,32.0,67.99999999999999,128.0,31.052886948083458,154,64,0.0
922,64,136,32.0,1.28,2.7199999999999998,32.0,67.99999999999999,128.0,31.052886948083458,154,64,0.0
923,64,136,32.0,1.28,2.7199999999999998,32.0,67.99999999999999,128.0,31.052886948083458,154,64,0.0
924,64,136,32.0,1.28,2.7199999999999998,32.0,67.99999999999999,128.0,31.052886948083458,154,64,0.0
925,64,136,32.0,1.28,2.7199999999999998,32.0,67.99999999999999,128.0,31.052886948083458,154,64,0.0
926,64,136,32.0,1.28,2.7199999999999998,32.0,67.99999999999999,128.0,31.052886948083458,154,64,0.0
927,64,136,32.0,1.28,2.7199999999999998,32.0,67.99999999999999,128.0,31.052886948083458,154,64,0.0
928,64,136,32.0,1.28,2.7199999999999998,32.0,67.99999999999999,128.0,31.052886948083458,154,64,0.0
929,64,136,32.0,1.28,2.7199999999999998,32.0,67.99999999999999,128.0,31.052886948083458,154,64,0.0
930,64,136,32.0,1.28,2.7199999999999998,32.0,67.99999999999999,128.0,31.052886948083458,154,64,0.0
931,64,136,32.0,1.28,2.7199999999999998,32.0,67.99999999999999,128.0,31.052886948083458,154,64,0.0
932,64,136,32.0,1.28,2.7199999999999998,32.0,67.99999999999999,128.0,31.052886948083458,154,64,0.0
933,64,136,32.0,1.28,2.7199999999999998,32.0,67.99999999999999,128.0,31.052886948083458,154,64,0.0
934,64,136,32.0,1.28,2.7199999999999998,32.0,67.99999999999999,128.0,31.052886948083458,154,64,0.0
935,64,136,32.0,1.28,2.7199999999999998,32.0,67.99999999999999,128.0,31.052886948083458,154,64,0.0
936,64,136,32.0,1.28,2.7199999999999998,32.0,67.99999999999999,128.0,31.052886948083458,154,64,0.0
937,64,136,32.0,1.28,2.7199999999999998,32.0,67.99999999999999,128.0,31.052886948083458,155,64,0.0
938,64,136,32.0,1.28,2.7199999999999998,32.0,67.99999999999999,128.0,31.052886948083458,155,64,0.0
939,64,136,32.0,1.28,2.7199999999999998,32.0,67.99999999999999,128.0,31.052886948083458,156,64,0.0
940,64,136,32.0,1.28,2.7199999999999998,32.0,67.99999999999999,128.0,31.052886948083458,156,64,0.0
941,64,136,32.0,1.28,2.7199999999999998,32.0,67.99999999999999,128.0,31.052886948083458,156,64,0.0
942,64,136,32.0,1.28,2.7199999999999998,32.0,67.99999999999999,128.0,31.052886948083458,156,64,0.0
943,64,136,32.0,1.28,2.7199999999999998,32.0,67.99999999999999,128.0,31.052886948083458,156,64,0.0
944,64,136,32.0,1.28,2.7199999999999998,32.0,67.99999999999999,128.0,31.052886948083458,156,64,0.0
945,64,136,32.0,1.28,2.7199999999999998,32.0,67.99999999999999,128.0,31.052886948083458,156,64,0.0
946,64,136,32.0,1.28,2.7199999999999998,32.0,67.99999999999999,128.0,31.052886948083458,156,64,0.0
947,64,136,32.0,1.28,2.7199999999999998,32.0,67.99999999999999,128.0,31.052886948083458,156,64,0.0
948,64,136,32.0,1.28,2.7199999999999998,32.0,67.99999999999999,128.0,31.052886948083458,156,64,0.0
949,64,136,32.0,1.28,2.7199999999999998,32.0,67.99999999999999,128.0,31.052886948083458,156,64,0.0
950,64,136,32.0,1.28,2.7199999999999998,32.0,67.99999999999999,128.0,31.052886948083458,156,64,0.0
951,64,136,32.0,1.28,2.7199999999999998,32.0,67.99999999999999,128.0,31.052886948083458,156,64,0.0
952,64,136,32.0,1.28,2.7199999999999998,32.0,67.99999999999999,128.0,31.052886948083458,156,64,0.0
953,64,136,32.0,1.28,2.7199999999999998,32.0,67.99999999999999,128.0,31.052886948083458,156,64,0.0
954,64,136,32.0,1.28,2.7199999999999998,32.0,67.99999999999999,128.0,31.052886948083458,156,64,0.0
955,64,136,32.0,1.28,2.7199999999999998,32.0,67.99999999999999,128.0,31.052886948083458,156,64,0.0
956,64,136,32.0,1.28,2.7199999999999998,32.0,67.99999999999999,128.0,31.052886948083458,156,64,0.0
957,64,136,32.0,1.28,2.7199999999999998,32.0,67.99999999999999,128.0,31.052886948083458,156,64,0.0
958,64,136,32.0,1.28,2.7199999999999998,32.0,67.99999999999999,128.0,31.052886948083458,156,64,0.0
959,64,136,32.0,1.28,2.7199999999999998,32.0,67.99999999999999,128.0,31.052886948083458,156,64,0.0
960,64,136,32.0,1.28,2.7199999999999998,32.0,67.99999999999999,128.0,31.052886948083458,156,64,0.0
961,64,136,32.0,1.28,2.7199999999999998,32.0,67.99999999999999,128.0,31.052886948083458,156,64,0.0
962,64,136,32.0,1.28,2.7199999999999998,32.0,67.99999999999999,128.0,31.052886948083458,156,64,0.0
963,64,136,32.0,1.28,2.7199999999999998,32.0,67.99999999999999,128.0,31.052886948083458,156,64,0.0
964,64,136,32.0,1.28,2.7199999999999998,32.0,67.99999999999999,128.0,31.052886948083458,156,64,0.0
965,64,136,32.0,1.28,2.7199999999999998,32.0,67.99999999999999,128.0,31.052886948083458,156,64,0.0
966,64,136,32.0,1.28,2.7199999999999998,32.0,67.99999999999999,128.0,31.052886948083458,156,64,0.0
967,64,136,32.0,1.28,2.7199999999999998,32.0,67.99999999999999,128.0,31.052886948083458,156,64,0.0
968,64,136,32.0,1.28,2.7199999999999998,32.0,67.99999999999999,128.0,31.052886948083458,156,64,0.0
969,64,136,32.0,1.28,2.7199999999999998,32.0,67.99999999999999,128.0,31.052886948083458,156,64,0.0
970,64,136,32.0,1.28,2.7199999999999998,32.0,67.99999999999999,128.0,31.052886948083458,156,64,0.0
971,64,136,32.0,1.28,2.7199999999999998,32.0,67.99999999999999,128.0,31.052886948083458,156,64,0.0
972,64,136,32.0,1.28,2.7199999999999998,32.0,67.99999999999999,128.0,31.052886948083458,156,64,0.0
973,64,136,32.0,1.28,2.7199999999999998,32.0,67.99999999999999,128.0,31.052886948083458,156,64,0.0
974,64,136,32.0,1.28,2.7199999999999998,32.0,67.99999999999999,128.0,31.052886948083458,156,64,0.0
975,64,136,32.0,1.28,2.7199999999999998,32.0,67.99999999999999,128.0,31.052886948083458,157,64,0.0
976,64,136,32.0,1.28,2.7199999999999998,32.0,67.99999999999999,128.0,31.052886948083458,158,64,0.0
977,64,136,32.0,1.28,2.7199999999999998,32.0,67.99999999999999,128.0,31.052886948083458,159,64,0.0
978,64,136,32.0,1.28,2.7199999999999998,32.0,67.99999999999999,128.0,31.052886948083458,160,64,0.0
979,64,136,32.0,1.28,2.7199999999999998,32.0,67.99999999999999,128.0,31.052886948083458,161,64,0.0
980,64,136,32.0,1.28,2.7199999999999998,32.0,67.99999999999999,128.0,31.052886948083458,161,64,0.0
981,64,136,32.0,1.28,2.7199999999999998,32.0,67.99999999999999,128.0,31.052886948083458,161,64,0.0
982,64,136,32.0,1.28,2.7199999999999998,32.0,67.99999999999999,128.0,31.052886948083458,161,64,0.0
983,64,136,32.0,1.28,2.7199999999999998,32.0,67.99999999999999,128.0,31.052886948083458,161,64,0.0
984,64,136,32.0,1.28,2.7199999999999998,32.0,67.99999999999999,128.0,31.052886948083458,161,64,0.0
985,64,136,32.0,1.28,2.7199999999999998,32.0,67.99999999999999,128.0,31.052886948083458,161,64,0.0
986,64,136,32.0,1.28,2.7199999999999998,32.0,67.99999999999999,128.0,31.052886948083458,161,64,0.0
987,64,136,32.0,1.28,2.7199999999999998,32.0,67.99999999999999,128.0,31.052886948083458,161,64,0.0
988,64,136,32.0,1.28,2.7199999999999998,32.0,67.99999999999999,128.0,31.052886948083458,161,64,0.0
989,64,136,32.0,1.28,2.7199999999999998,32.0,67.99999999999999,128.0,31.052886948083458,161,64,0.0
990,64,136,32.0,1.28,2.7199999999999998,32.0,67.99999999999999,128.0,31.052886948083458,161,64,0.0
991,64,136,32.0,1.28,2.7199999999999998,32.0,67.99999999999999,128.0,31.052886948083458,161,64,0.0
992,64,136,32.0,1.28,2.7199999999999998,32.0,67.99999999999999,128.0,31.052886948083458,161,64,0.0
993,64,136,32.0,1.28,2.7199999999999998,32.0,67.99999999999999,128.0,31.052886948083458,161,64,0.0
994,64,136,32.0,1.28,2.7199999999999998,32.0,67.99999999999999,128.0,31.052886948083458,161,64,0.0
995,64,136,32.0,1.28,2.7199999999999998,32.0,67.99999999999999,128.0,31.052886948083458,161,64,0.0
996,64,136,32.0,1.28,2.7199999999999998,32.0,67.99999999999999,128.0,31.052886948083458,161,64,0.0
997,64,136,32.0,1.28,2.7199999999999998,32.0,67.99999999999999,128.0,31.052886948083458,161,64,0.0
998,64,136,32.0,1.28,2.7199999999999998,32.0,67.99999999999999,128.0,31.052886948083458,161,64,0.0
999,64,136,32.0,1.28,2.7199999999999998,32.0,67.99999999999999,128.0,31.052886948083458,161,64,0.0
1000,64,136,32.0,1.28,2.7199999999999998,32.0,67.99999999999999,128.0,31.052886948083458,161,64,0.0
1001,64,136,32.0,1.28,2.7199999999999998,32.0,67.99999999999999,128.0,31.052886948083458,161,64,0.0
1002,64,136,32.0,1.28,2.7199999999999998,32.0,67.99999999999999,128.0,31.052886948083458,161,64,0.0
1003,64,136,32.0,1.28,2.7199999999999998,32.0,67.99999999999999,128.0,31.052886948083458,161,64,0.0
1004,64,136,32.0,1.28,2.7199999999999998,32.0,67.99999999999999,128.0,31.052886948083458,161,64,0.0
1005,64,136,32.0,1.28,2.7199999999999998,32.0,67.99999999999999,128.0,31.052886948083458,161,64,0.0
1006,64,136,32.0,1.28,2.7199999999999998,32.0,67.99999999999999,128.0,31.052886948083458,161,64,0.0
1007,64,136,32.0,1.28,2.7199999999999998,32.0,67.99999999999999,128.0,31.052886948083458,161,64,0.0
1008,64,136,32.0,1.28,2.7199999999999998,32.0,67.99999999999999,128.0,31.052886948083458,161,64,0.0
1009,64,136,32.0,1.28,2.7199999999999998,32.0,67.99999999999999,128.0,31.052886948083458,161,64,0.0
1010,64,136,32.0,1.28,2.7199999999999998,32.0,67.99999999999999,128.0,31.052886948083458,162,64,0.0
1011,64,136,32.0,1.28,2.7199999999999998,32.0,67.99999999999999,128.0,31.052886948083458,162,64,0.0
1012,64,136,32.0,1.28,2.7199999999999998,32.0,67.99999999999999,128.0,31.052886948083458,162,64,0.0
1013,64,136,32.0,1.28,2.7199999999999998,32.0,67.99999999999999,128.0,31.052886948083458,162,64,0.0
1014,64,136,32.0,1.28,2.7199999999999998,32.0,67.99999999999999,128.0,31.052886948083458,163,64,0.0
1015,64,136,32.0,1.28,2.7199999999999998,32.0,67.99999999999999,128.0,31.052886948083458,163,64,0.0
1016,64,136,32.0,1.28,2.7199999999999998,32.0,67.99999999999999,128.0,31.052886948083458,163,64,0.0
1017,64,136,32.0,1.28,2.7199999999999998,32.0,67.99999999999999,128.0,31.052886948083458,163,64,0.0
1018,64,136,32.0,1.28,2.7199999999999998,32.0,67.99999999999999,128.0,31.052886948083458,163,64,0.0
1019,64,136,32.0,1.28,2.7199999999999998,32.0,67.99999999999999,128.0,31.052886948083458,164,64,0.0
1020,64,136,32.0,1.28,2.7199999999999998,32.0,67.99999999999999,128.0,31.052886948083458,166,64,0.0
1021,65,135,32.5,1.3,2.7,32.5,67.5,130.0,31.53808830664726,167,65,2.0
1022,65,135,32.5,1.3,2.7,32.5,67.5,130.0,31.53808830664726,168,65,0.0
1023,65,135,32.5,1.3,2.7,32.5,67.5,130.0,31.53808830664726,169,65,0.0
1024,65,135,32.5,1.3,2.7,32.5,67.5,130.0,31.53808830664726,169,65,0.0
1025,65,135,32.5,1.3,2.7,32.5,67.5,130.0,31.53808830664726,169,65,0.0
1026,65,135,32.5,1.3,2.7,32.5,67.5,130.0,31.53808830664726,169,65,0.0
1027,65,135,32.5,1.3,2.7,32.5,67.5,130.0,31.53808830664726,169,65,0.0
1028,65,135,32.5,1.3,2.7,32.5,67.5,130.0,31.53808830664726,169,65,0.0
1029,65,135,32.5,1.3,2.7,32.5,67.5,130.0,31.53808830664726,169,65,0.0
1030,65,135,32.5,1.3,2.7,32.5,67.5,130.0,31.53808830664726,169,65,0.0
1031,65,135,32.5,1.3,2.7,32.5,67.5,130.0,31.53808830664726,169,65,0.0
1032,65,135,32.5,1.3,2.7,32.5,67.5,130.0,31.53808830664726,169,65,0.0
1033,65,135,32.5,1.3,2.7,32.5,67.5,130.0,31.53808830664726,169,65,0.0
1034,65,135,32.5,1.3,2.7,32.5,67.5,130.0,31.53808830664726,169,65,0.0
1035,65,135,32.5,1.3,2.7,32.5,67.5,130.0,31.53808830664726,169,65,0.0
1036,65,135,32.5,1.3,2.7,32.5,67.5,130.0,31.53808830664726,169,65,0.0
1037,65,135,32.5,1.3,2.7,32.5,67.5,130.0,31.53808830664726,169,65,0.0
1038,65,135,32.5,1.3,2.7,32.5,67.5,130.0,31.53808830664726,169,65,0.0
1039,65,135,32.5,1.3,2.7,32.5,67.5,130.0,31.53808830664726,169,65,0.0
1040,65,135,32.5,1.3,2.7,32.5,67.5,130.0,31.53808830664726,169,65,0.0
1041,65,135,32.5,1.3,2.7,32.5,67.5,130.0,31.53808830664726,169,65,0.0
1042,65,135,32.5,1.3,2.7,32.5,67.5,130.0,31.53808830664726,169,65,0.0
1043,65,135,32.5,1.3,2.7,32.5,67.5,130.0,31.53808830664726,169,65,0.0
1044,65,135,32.5,1.3,2.7,32.5,67.5,130.0,31.53808830664726,169,65,0.0
1045,65,135,32.5,1.3,2.7,32.5,67.5,130.0,31.53808830664726,169,65,0.0
1046,65,135,32.5,1.3,2.7,32.5,67.5,130.0,31.53808830664726,169,65,0.0
1047,66,134,33.0,1.32,2.6799999999999997,33.0,66.99999999999999,132.0,32.02328966521107,170,66,2.0
1048,66,134,33.0,1.32,2.6799999999999997,33.0,66.99999999999999,132.0,32.02328966521107,170,66,0.0
1049,66,134,33.0,1.32,2.6799999999999997,33.0,66.99999999999999,132.0,32.02328966521107,170,66,0.0
1050,66,134,33.0,1.32,2.6799999999999997,33.0,66.99999999999999,132.0,32.02328966521107,170,66,0.0
1051,67,133,33.5,1.34,2.66,33.5,66.5,134.0,32.508491023774866,171,67,2.0
1052,67,133,33.5,1.34,2.66,33.5,66.5,134.0,32.508491023774866,171,67,0.0
1053,67,133,33.5,1.34,2.66,33.5,66.5,134.0,32.508491023774866,171,67,0.0
1054,67,133,33.5,1.34,2.66,33.5,66.5,134.0,32.508491023774866,171,67,0.0
1055,67,133,33.5,1.34,2.66,33.5,66.5,134.0,32.508491023774866,171,67,0.0
1056,67,133,33.5,1.34,2.66,33.5,66.5,134.0,32.508491023774866,172,67,0.0
1057,68,132,34.0,1.36,2.6399999999999997,34.0,65.99999999999999,136.0,32.99369238233867,173,68,2.0
1058,68,132,34.0,1.36,2.6399999999999997,34.0,65.99999999999999,136.0,32.99369238233867,173,68,0.0
1059,68,132,34.0,1.36,2.6399999999999997,34.0,65.99999999999999,136.0,32.99369238233867,173,68,0.0
1060,68,132,34.0,1.36,2.6399999999999997,34.0,65.99999999999999,136.0,32.99369238233867,173,68,0.0
1061,68,132,34.0,1.36,2.6399999999999997,34.0,65.99999999999999,136.0,32.99369238233867,173,68,0.0
1062,68,132,34.0,1.36,2.6399999999999997,34.0,65.99999999999999,136.0,32.99369238233867,173,68,0.0
1063,68,132,34.0,1.36,2.6399999999999997,34.0,65.99999999999999,136.0,32.99369238233867,173,68,0.0
1064,68,132,34.0,1.36,2.6399999999999997,34.0,65.99999999999999,136.0,32.99369238233867,173,68,0.0
1065,68,132,34.0,1.36,2.6399999999999997,34.0,65.99999999999999,136.0,32.99369238233867,173,68,0.0
1066,68,132,34.0,1.36,2.6399999999999997,34.0,65.99999999999999,136.0,32.99369238233867,173,68,0.0
1067,68,132,34.0,1.36,2.6399999999999997,34.0,65.99999999999999,136.0,32.99369238233867,173,68,0.0
1068,68,132,34.0,1.36,2.6399999999999997,34.0,65.99999999999999,136.0,32.99369238233867,173,68,0.0
1069,68,132,34.0,1.36,2.6399999999999997,34.0,65.99999999999999,136.0,32.99369238233867,173,68,0.0
1070,68,132,34.0,1.36,2.6399999999999997,34.0,65.99999999999999,136.0,32.99369238233867,173,68,0.0
1071,68,132,34.0,1.36,2.6399999999999997,34.0,65.99999999999999,136.0,32.99369238233867,174,68,0.0
1072,68,132,34.0,1.36,2.6399999999999997,34.0,65.99999999999999,136.0,32.99369238233867,174,68,0.0
1073,68,132,34.0,1.36,2.6399999999999997,34.0,65.99999999999999,136.0,32.99369238233867,175,68,0.0
1074,68,132,34.0,1.36,2.6399999999999997,34.0,65.99999999999999,136.0,32.99369238233867,176,68,0.0
1075,68,132,34.0,1.36,2.6399999999999997,34.0,65.99999999999999,136.0,32.99369238233867,177,68,0.0
1076,69,131,34.5,1.3800000000000001,2.62,34.5,65.5,138.0,33.47889374090248,179,69,2.0
1077,69,131,34.5,1.3800000000000001,2.62,34.5,65.5,138.0,33.47889374090248,180,69,0.0
1078,69,131,34.5,1.3800000000000001,2.62,34.5,65.5,138.0,33.47889374090248,181,69,0.0
1079,69,131,34.5,1.3800000000000001,2.62,34.5,65.5,138.0,33.47889374090248,181,69,0.0
1080,69,131,34.5,1.3800000000000001,2.62,34.5,65.5,138.0,33.47889374090248,181,69,0.0
1081,69,131,34.5,1.3800000000000001,2.62,34.5,65.5,138.0,33.47889374090248,181,69,0.0
1082,69,131,34.5,1.3800000000000001,2.62,34.5,65.5,138.0,33.47889374090248,181,69,0.0
1083,69,131,34.5,1.3800000000000001,2.62,34.5,65.5,138.0,33.47889374090248,181,69,0.0
1084,69,131,34.5,1.3800000000000001,2.62,34.5,65.5,138.0,33.47889374090248,181,69,0.0
1085,69,131,34.5,1.3800000000000001,2.62,34.5,65.5,138.0,33.47889374090248,181,69,0.0
1086,69,131,34.5,1.3800000000000001,2.62,34.5,65.5,138.0,33.47889374090248,181,69,0.0
1087,69,131,34.5,1.3800000000000001,2.62,34.5,65.5,138.0,33.47889374090248,181,69,0.0
1088,69,131,34.5,1.3800000000000001,2.62,34.5,65.5,138.0,33.47889374090248,181,69,0.0
1089,69,131,34.5,1.3800000000000001,2.62,34.5,65.5,138.0,33.47889374090248,181,69,0.0
1090,69,131,34.5,1.3800000000000001,2.62,34.5,65.5,138.0,33.47889374090248,181,69,0.0
1091,69,131,34.5,1.3800000000000001,2.62,34.5,65.5,138.0,33.47889374090248,181,69,0.0
1092,69,131,34.5,1.3800000000000001,2.62,34.5,65.5,138.0,33.47889374090248,181,69,0.0
1093,69,131,34.5,1.3800000000000001,2.62,34.5,65.5,138.0,33.47889374090248,182,69,0.0
1094,69,131,34.5,1.3800000000000001,2.62,34.5,65.5,138.0,33.47889374090248,183,69,0.0
1095,69,131,34.5,1.3800000000000001,2.62,34.5,65.5,138.0,33.47889374090248,183,69,0.0
1096,69,131,34.5,1.3800000000000001,2.62,34.5,65.5,138.0,33.47889374090248,184,69,0.0
1097,69,131,34.5,1.3800000000000001,2.62,34.5,65.5,138.0,33.47889374090248,185,69,0.0
1098,69,131,34.5,1.3800000000000001,2.62,34.5,65.5,138.0,33.47889374090248,185,69,0.0
1099,69,131,34.5,1.3800000000000001,2.62,34.5,65.5,138.0,33.47889374090248,185,69,0.0
1100,69,131,34.5,1.3800000000000001,2.62,34.5,65.5,138.0,33.47889374090248,186,69,0.0
1101,69,131,34.5,1.3800000000000001,2.62,34.5,65.5,138.0,33.47889374090248,187,69,0.0
1102,69,131,34.5,1.3800000000000001,2.62,34.5,65.5,138.0,33.47889374090248,187,69,0.0
1103,69,131,34.5,1.3800000000000001,2.62,34.5,65.5,138.0,33.47889374090248,188,69,0.0
1104,69,131,34.5,1.3800000000000001,2.62,34.5,65.5,138.0,33.47889374090248,188,69,0.0
1105,69,131,34.5,1.3800000000000001,2.62,34.5,65.5,138.0,33.47889374090248,188,69,0.0
1106,69,131,34.5,1.3800000000000001,2.62,34.5,65.5,138.0,33.47889374090248,189,69,0.0
1107,69,131,34.5,1.3800000000000001,2.62,34.5,65.5,138.0,33.47889374090248,190,69,0.0
1108,69,131,34.5,1.3800000000000001,2.62,34.5,65.5,138.0,33.47889374090248,191,69,0.0
1109,69,131,34.5,1.3800000000000001,2.62,34.5,65.5,138.0,33.47889374090248,191,69,0.0
1110,70,130,35.0,1.4000000000000001,2.5999999999999996,35.0,64.99999999999999,140.0,33.96409509946628,192,70,2.0
1111,70,130,35.0,1.4000000000000001,2.5999999999999996,35.0,64.99999999999999,140.0,33.96409509946628,193,70,0.0
1112,71,129,35.5,1.42,2.58,35.5,64.5,142.0,34.449296458030084,195,71,2.0
1113,71,129,35.5,1.42,2.58,35.5,64.5,142.0,34.449296458030084,195,71,0.0
1114,71,129,35.5,1.42,2.58,35.5,64.5,142.0,34.449296458030084,196,71,0.0
1115,71,129,35.5,1.42,2.58,35.5,64.5,142.0,34.449296458030084,197,71,0.0
1116,71,129,35.5,1.42,2.58,35.5,64.5,142.0,34.449296458030084,198,71,0.0
1117,71,129,35.5,1.42,2.58,35.5,64.5,142.0,34.449296458030084,198,71,0.0
1118,71,129,35.5,1.42,2.58,35.5,64.5,142.0,34.449296458030084,199,71,0.0
1119,71,129,35.5,1.42,2.58,35.5,64.5,142.0,34.449296458030084,200,71,0.0
1120,71,129,35.5,1.42,2.58,35.5,64.5,142.0,34.449296458030084,200,71,0.0
1121,71,129,35.5,1.42,2.58,35.5,64.5,142.0,34.449296458030084,200,71,0.0
1122,71,129,35.5,1.42,2.58,35.5,64.5,142.0,34.449296458030084,200,71,0.0
1123,71,129,35.5,1.42,2.58,35.5,64.5,142.0,34.449296458030084,201,71,0.0
1124,71,129,35.5,1.42,2.58,35.5,64.5,142.0,34.449296458030084,201,71,0.0
1125,71,129,35.5,1.42,2.58,35.5,64.5,142.0,34.449296458030084,201,71,0.0
1126,71,129,35.5,1.42,2.58,35.5,64.5,142.0,34.449296458030084,201,71,0.0
1127,71,129,35.5,1.42,2.58,35.5,64.5,142.0,34.449296458030084,201,71,0.0
1128,71,129,35.5,1.42,2.58,35.5,64.5,142.0,34.449296458030084,201,71,0.0
1129,71,129,35.5,1.42,2.58,35.5,64.5,142.0,34.449296458030084,201,71,0.0
1130,71,129,35.5,1.42,2.58,35.5,64.5,142.0,34.449296458030084,201,71,0.0
1131,71,129,35.5,1.42,2.58,35.5,64.5,142.0,34.449296458030084,201,71,0.0
1132,71,129,35.5,1.42,2.58,35.5,64.5,142.0,34.449296458030084,201,71,0.0
1133,71,129,35.5,1.42,2.58,35.5,64.5,142.0,34.449296458030084,201,71,0.0
1134,71,129,35.5,1.42,2.58,35.5,64.5,142.0,34.449296458030084,201,71,0.0
1135,71,129,35.5,1.42,2.58,35.5,64.5,142.0,34.449296458030084,201,71,0.0
1136,71,129,35.5,1.42,2.58,35.5,64.5,142.0,34.449296458030084,202,71,0.0
1137,71,129,35.5,1.42,2.58,35.5,64.5,142.0,34.449296458030084,203,71,0.0
1138,71,129,35.5,1.42,2.58,35.5,64.5,142.0,34.449296458030084,204,71,0.0
1139,71,129,35.5,1.42,2.58,35.5,64.5,142.0,34.449296458030084,204,71,0.0
1140,71,129,35.5,1.42,2.58,35.5,64.5,142.0,34.449296458030084,205,71,0.0
1141,71,129,35.5,1.42,2.58,35.5,64.5,142.0,34.449296458030084,205,71,0.0
1142,71,129,35.5,1.42,2.58,35.5,64.5,142.0,34.449296458030084,206,71,0.0
1143,71,129,35.5,1.42,2.58,35.5,64.5,142.0,34.449296458030084,206,71,0.0
1144,71,129,35.5,1.42,2.58,35.5,64.5,142.0,34.449296458030084,206,71,0.0
1145,71,129,35.5,1.42,2.58,35.5,64.5,142.0,34.449296458030084,206,71,0.0
1146,71,129,35.5,1.42,2.58,35.5,64.5,142.0,34.449296458030084,207,71,0.0
1147,71,129,35.5,1.42,2.58,35.5,64.5,142.0,34.449296458030084,208,71,0.0
1148,71,129,35.5,1.42,2.58,35.5,64.5,142.0,34.449296458030084,209,71,0.0
1149,71,129,35.5,1.42,2.58,35.5,64.5,142.0,34.449296458030084,209,71,0.0
1150,71,129,35.5,1.42,2.58,35.5,64.5,142.0,34.449296458030084,209,71,0.0
1151,71,129,35.5,1.42,2.58,35.5,64.5,142.0,34.449296458030084,211,71,0.0
1152,72,128,36.0,1.44,2.56,36.0,64.0,144.0,34.93449781659389,214,72,2.0
1153,72,128,36.0,1.44,2.56,36.0,64.0,144.0,34.93449781659389,215,72,0.0
1154,72,128,36.0,1.44,2.56,36.0,64.0,144.0,34.93449781659389,216,72,0.0
1155,72,128,36.0,1.44,2.56,36.0,64.0,144.0,34.93449781659389,217,72,0.0
1156,72,128,36.0,1.44,2.56,36.0,64.0,144.0,34.93449781659389,217,72,0.0
1157,72,128,36.0,1.44,2.56,36.0,64.0,144.0,34.93449781659389,217,72,0.0
1158,72,128,36.0,1.44,2.56,36.0,64.0,144.0,34.93449781659389,217,72,0.0
1159,72,128,36.0,1.44,2.56,36.0,64.0,144.0,34.93449781659389,217,72,0.0
1160,72,128,36.0,1.44,2.56,36.0,64.0,144.0,34.93449781659389,217,72,0.0
1161,72,128,36.0,1.44,2.56,36.0,64.0,144.0,34.93449781659389,217,72,0.0
1162,72,128,36.0,1.44,2.56,36.0,64.0,144.0,34.93449781659389,217,72,0.0
1163,72,128,36.0,1.44,2.56,36.0,64.0,144.0,34.93449781659389,218,72,0.0
1164,72,128,36.0,1.44,2.56,36.0,64.0,144.0,34.93449781659389,219,72,0.0
1165,72,128,36.0,1.44,2.56,36.0,64.0,144.0,34.93449781659389,219,72,0.0
1166,72,128,36.0,1.44,2.56,36.0,64.0,144.0,34.93449781659389,219,72,0.0
1167,72,128,36.0,1.44,2.56,36.0,64.0,144.0,34.93449781659389,219,72,0.0
1168,72,128,36.0,1.44,2.56,36.0,64.0,144.0,34.93449781659389,219,72,0.0
1169,72,128,36.0,1.44,2.56,36.0,64.0,144.0,34.93449781659389,219,72,0.0
1170,72,128,36.0,1.44,2.56,36.0,64.0,144.0,34.93449781659389,220,72,0.0
1171,72,128,36.0,1.44,2.56,36.0,64.0,144.0,34.93449781659389,221,72,0.0
1172,72,128,36.0,1.44,2.56,36.0,64.0,144.0,34.93449781659389,221,72,0.0
1173,72,128,36.0,1.44,2.56,36.0,64.0,144.0,34.93449781659389,221,72,0.0
1174,72,128,36.0,1.44,2.56,36.0,64.0,144.0,34.93449781659389,221,72,0.0
1175,72,128,36.0,1.44,2.56,36.0,64.0,144.0,34.93449781659389,221,72,0.0
1176,72,128,36.0,1.44,2.56,36.0,64.0,144.0,34.93449781659389,221,72,0.0
1177,72,128,36.0,1.44,2.56,36.0,64.0,144.0,34.93449781659389,221,72,0.0
1178,72,128,36.0,1.44,2.56,36.0,64.0,144.0,34.93449781659389,221,72,0.0
1179,72,128,36.0,1.44,2.56,36.0,64.0,144.0,34.93449781659389,221,72,0.0
1180,72,128,36.0,1.44,2.56,36.0,64.0,144.0,34.93449781659389,221,72,0.0
1181,72,128,36.0,1.44,2.56,36.0,64.0,144.0,34.93449781659389,221,72,0.0
1182,72,128,36.0,1.44,2.56,36.0,64.0,144.0,34.93449781659389,221,72,0.0
1183,72,128,36.0,1.44,2.56,36.0,64.0,144.0,34.93449781659389,221,72,0.0
1184,72,128,36.0,1.44,2.56,36.0,64.0,144.0,34.93449781659389,221,72,0.0
1185,72,128,36.0,1.44,2.56,36.0,64.0,144.0,34.93449781659389,221,72,0.0
1186,72,128,36.0,1.44,2.56,36.0,64.0,144.0,34.93449781659389,222,72,0.0
1187,72,128,36.0,1.44,2.56,36.0,64.0,144.0,34.93449781659389,222,72,0.0
1188,72,128,36.0,1.44,2.56,36.0,64.0,144.0,34.93449781659389,222,72,0.0
1189,73,127,36.5,1.46,2.54,36.5,63.5,146.0,35.419699175157696,224,73,2.0
1190,73,127,36.5,1.46,2.54,36.5,63.5,146.0,35.419699175157696,224,73,0.0
1191,73,127,36.5,1.46,2.54,36.5,63.5,146.0,35.419699175157696,224,73,0.0
1192,73,127,36.5,1.46,2.54,36.5,63.5,146.0,35.419699175157696,224,73,0.0
1193,73,127,36.5,1.46,2.54,36.5,63.5,146.0,35.419699175157696,224,73,0.0
1194,73,127,36.5,1.46,2.54,36.5,63.5,146.0,35.419699175157696,224,73,0.0
1195,73,127,36.5,1.46,2.54,36.5,63.5,146.0,35.419699175157696,224,73,0.0
1196,73,127,36.5,1.46,2.54,36.5,63.5,146.0,35.419699175157696,224,73,0.0
1197,73,127,36.5,1.46,2.54,36.5,63.5,146.0,35.419699175157696,225,73,0.0
1198,73,127,36.5,1.46,2.54,36.5,63.5,146.0,35.419699175157696,225,73,0.0
1199,73,127,36.5,1.46,2.54,36.5,63.5,146.0,35.419699175157696,225,73,0.0
1200,73,127,36.5,1.46,2.54,36.5,63.5,146.0,35.419699175157696,225,73,0.0
1201,73,127,36.5,1.46,2.54,36.5,63.5,146.0,35.419699175157696,226,73,0.0
1202,73,127,36.5,1.46,2.54,36.5,63.5,146.0,35.419699175157696,227,73,0.0
1203,73,127,36.5,1.46,2.54,36.5,63.5,146.0,35.419699175157696,227,73,0.0
1204,73,127,36.5,1.46,2.54,36.5,63.5,146.0,35.419699175157696,227,73,0.0
1205,73,127,36.5,1.46,2.54,36.5,63.5,146.0,35.419699175157696,228,73,0.0
1206,74,126,37.0,1.48,2.52,37.0,63.0,148.0,35.904900533721495,229,74,2.0
1207,74,126,37.0,1.48,2.52,37.0,63.0,148.0,35.904900533721495,229,74,0.0
1208,74,126,37.0,1.48,2.52,37.0,63.0,148.0,35.904900533721495,229,74,0.0
1209,74,126,37.0,1.48,2.52,37.0,63.0,148.0,35.904900533721495,229,74,0.0
1210,74,126,37.0,1.48,2.52,37.0,63.0,148.0,35.904900533721495,229,74,0.0
1211,74,126,37.0,1.48,2.52,37.0,63.0,148.0,35.904900533721495,229,74,0.0
1212,74,126,37.0,1.48,2.52,37.0,63.0,148.0,35.904900533721495,229,74,0.0
1213,74,126,37.0,1.48,2.52,37.0,63.0,148.0,35.904900533721495,229,74,0.0
1214,74,126,37.0,1.48,2.52,37.0,63.0,148.0,35.904900533721495,229,74,0.0
1215,74,126,37.0,1.48,2.52,37.0,63.0,148.0,35.904900533721495,229,74,0.0
1216,74,126,37.0,1.48,2.52,37.0,63.0,148.0,35.904900533721495,229,74,0.0
1217,74,126,37.0,1.48,2.52,37.0,63.0,148.0,35.904900533721495,229,74,0.0
1218,74,126,37.0,1.48,2.52,37.0,63.0,148.0,35.904900533721495,229,74,0.0
1219,74,126,37.0,1.48,2.52,37.0,63.0,148.0,35.904900533721495,229,74,0.0
1220,74,126,37.0,1.48,2.52,37.0,63.0,148.0,35.904900533721495,229,74,0.0
1221,74,126,37.0,1.48,2.52,37.0,63.0,148.0,35.904900533721495,229,74,0.0
1222,74,126,37.0,1.48,2.52,37.0,63.0,148.0,35.904900533721495,229,74,0.0
1223,74,126,37.0,1.48,2.52,37.0,63.0,148.0,35.904900533721495,229,74,0.0
1224,74,126,37.0,1.48,2.52,37.0,63.0,148.0,35.904900533721495,229,74,0.0
1225,74,126,37.0,1.48,2.52,37.0,63.0,148.0,35.904900533721495,229,74,0.0
1226,74,126,37.0,1.48,2.52,37.0,63.0,148.0,35.904900533721495,229,74,0.0
1227,74,126,37.0,1.48,2.52,37.0,63.0,148.0,35.904900533721495,229,74,0.0
1228,74,126,37.0,1.48,2.52,37.0,63.0,148.0,35.904900533721495,229,74,0.0
1229,74,126,37.0,1.48,2.52,37.0,63.0,148.0,35.904900533721495,229,74,0.0
1230,74,126,37.0,1.48,2.52,37.0,63.0,148.0,35.904900533721495,229,74,0.0
1231,74,126,37.0,1.48,2.52,37.0,63.0,148.0,35.904900533721495,229,74,0.0
1232,74,126,37.0,1.48,2.52,37.0,63.0,148.0,35.904900533721495,229,74,0.0
1233,74,126,37.0,1.48,2.52,37.0,63.0,148.0,35.904900533721495,229,74,0.0
1234,74,126,37.0,1.48,2.52,37.0,63.0,148.0,35.904900533721495,229,74,0.0
1235,74,126,37.0,1.48,2.52,37.0,63.0,148.0,35.904900533721495,229,74,0.0
1236,74,126,37.0,1.48,2.52,37.0,63.0,148.0,35.904900533721495,229,74,0.0
1237,74,126,37.0,1.48,2.52,37.0,63.0,148.0,35.904900533721495,229,74,0.0
1238,74,126,37.0,1.48,2.52,37.0,63.0,148.0,35.904900533721495,229,74,0.0
1239,74,126,37.0,1.48,2.52,37.0,63.0,148.0,35.904900533721495,229,74,0.0
1240,74,126,37.0,1.48,2.52,37.0,63.0,148.0,35.904900533721495,229,74,0.0
1241,74,126,37.0,1.48,2.52,37.0,63.0,148.0,35.904900533721495,229,74,0.0
1242,74,126,37.0,1.48,2.52,37.0,63.0,148.0,35.904900533721495,229,74,0.0
1243,74,126,37.0,1.48,2.52,37.0,63.0,148.0,35.904900533721495,229,74,0.0
1244,74,126,37.0,1.48,2.52,37.0,63.0,148.0,35.904900533721495,229,74,0.0
1245,74,126,37.0,1.48,2.52,37.0,63.0,148.0,35.904900533721495,229,74,0.0
1246,74,126,37.0,1.48,2.52,37.0,63.0,148.0,35.904900533721495,229,74,0.0
1247,74,126,37.0,1.48,2.52,37.0,63.0,148.0,35.904900533721495,229,74,0.0
1248,74,126,37.0,1.48,2.52,37.0,63.0,148.0,35.904900533721495,229,74,0.0
1249,74,126,37.0,1.48,2.52,37.0,63.0,148.0,35.904900533721495,229,74,0.0
1250,74,126,37.0,1.48,2.52,37.0,63.0,148.0,35.904900533721495,229,74,0.0
1251,74,126,37.0,1.48,2.52,37.0,63.0,148.0,35.904900533721495,229,74,0.0
1252,74,126,37.0,1.48,2.52,37.0,63.0,148.0,35.904900533721495,229,74,0.0
1253,74,126,37.0,1.48,2.52,37.0,63.0,148.0,35.904900533721495,229,74,0.0
1254,74,126,37.0,1.48,2.52,37.0,63.0,148.0,35.904900533721495,229,74,0.0
1255,74,126,37.0,1.48,2.52,37.0,63.0,148.0,35.904900533721495,229,74,0.0
1256,74,126,37.0,1.48,2.52,37.0,63.0,148.0,35.904900533721495,229,74,0.0
1257,74,126,37.0,1.48,2.52,37.0,63.0,148.0,35.904900533721495,229,74,0.0
1258,74,126,37.0,1.48,2.52,37.0,63.0,148.0,35.904900533721495,229,74,0.0
1259,74,126,37.0,1.48,2.52,37.0,63.0,148.0,35.904900533721495,229,74,0.0
1260,74,126,37.0,1.48,2.52,37.0,63.0,148.0,35.904900533721495,229,74,0.0
1261,74,126,37.0,1.48,2.52,37.0,63.0,148.0,35.904900533721495,229,74,0.0
1262,74,126,37.0,1.48,2.52,37.0,63.0,148.0,35.904900533721495,229,74,0.0
1263,74,126,37.0,1.48,2.52,37.0,63.0,148.0,35.904900533721495,230,74,0.0
1264,75,125,37.5,1.5,2.5,37.5,62.5,150.0,36.3901018922853,231,75,2.0
1265,75,125,37.5,1.5,2.5,37.5,62.5,150.0,36.3901018922853,231,75,0.0
1266,75,125,37.5,1.5,2.5,37.5,62.5,150.0,36.3901018922853,231,75,0.0
1267,75,125,37.5,1.5,2.5,37.5,62.5,150.0,36.3901018922853,231,75,0.0
1268,75,125,37.5,1.5,2.5,37.5,62.5,150.0,36.3901018922853,231,75,0.0
1269,75,125,37.5,1.5,2.5,37.5,62.5,150.0,36.3901018922853,231,75,0.0
1270,75,125,37.5,1.5,2.5,37.5,62.5,150.0,36.3901018922853,231,75,0.0
1271,75,125,37.5,1.5,2.5,37.5,62.5,150.0,36.3901018922853,231,75,0.0
1272,75,125,37.5,1.5,2.5,37.5,62.5,150.0,36.3901018922853,231,75,0.0
1273,75,125,37.5,1.5,2.5,37.5,62.5,150.0,36.3901018922853,231,75,0.0
1274,75,125,37.5,1.5,2.5,37.5,62.5,150.0,36.3901018922853,231,75,0.0
1275,75,125,37.5,1.5,2.5,37.5,62.5,150.0,36.3901018922853,231,75,0.0
1276,75,125,37.5,1.5,2.5,37.5,62.5,150.0,36.3901018922853,231,75,0.0
1277,75,125,37.5,1.5,2.5,37.5,62.5,150.0,36.3901018922853,231,75,0.0
1278,75,125,37.5,1.5,2.5,37.5,62.5,150.0,36.3901018922853,231,75,0.0
1279,75,125,37.5,1.5,2.5,37.5,62.5,150.0,36.3901018922853,231,75,0.0
1280,75,125,37.5,1.5,2.5,37.5,62.5,150.0,36.3901018922853,231,75,0.0
1281,75,125,37.5,1.5,2.5,37.5,62.5,150.0,36.3901018922853,231,75,0.0
1282,75,125,37.5,1.5,2.5,37.5,62.5,150.0,36.3901018922853,233,75,0.0
1283,75,125,37.5,1.5,2.5,37.5,62.5,150.0,36.3901018922853,235,75,0.0
1284,75,125,37.5,1.5,2.5,37.5,62.5,150.0,36.3901018922853,236,75,0.0
1285,75,125,37.5,1.5,2.5,37.5,62.5,150.0,36.3901018922853,236,75,0.0
1286,75,125,37.5,1.5,2.5,37.5,62.5,150.0,36.3901018922853,236,75,0.0
1287,75,125,37.5,1.5,2.5,37.5,62.5,150.0,36.3901018922853,236,75,0.0
1288,75,125,37.5,1.5,2.5,37.5,62.5,150.0,36.3901018922853,237,75,0.0
1289,76,124,38.0,1.52,2.48,38.0,62.0,152.0,36.8753032508491,238,76,2.0
1290,76,124,38.0,1.52,2.48,38.0,62.0,152.0,36.8753032508491,238,76,0.0
1291,76,124,38.0,1.52,2.48,38.0,62.0,152.0,36.8753032508491,238,76,0.0
1292,76,124,38.0,1.52,2.48,38.0,62.0,152.0,36.8753032508491,238,76,0.0
1293,76,124,38.0,1.52,2.48,38.0,62.0,152.0,36.8753032508491,238,76,0.0
1294,76,124,38.0,1.52,2.48,38.0,62.0,152.0,36.8753032508491,238,76,0.0
1295,76,124,38.0,1.52,2.48,38.0,62.0,152.0,36.8753032508491,238,76,0.0
1296,76,124,38.0,1.52,2.48,38.0,62.0,152.0,36.8753032508491,238,76,0.0
1297,76,124,38.0,1.52,2.48,38.0,62.0,152.0,36.8753032508491,238,76,0.0
1298,76,124,38.0,1.52,2.48,38.0,62.0,152.0,36.8753032508491,238,76,0.0
1299,76,124,38.0,1.52,2.48,38.0,62.0,152.0,36.8753032508491,238,76,0.0
1300,76,124,38.0,1.52,2.48,38.0,62.0,152.0,36.8753032508491,238,76,0.0
1301,76,124,38.0,1.52,2.48,38.0,62.0,152.0,36.8753032508491,238,76,0.0
1302,76,124,38.0,1.52,2.48,38.0,62.0,152.0,36.8753032508491,238,76,0.0
1303,76,124,38.0,1.52,2.48,38.0,62.0,152.0,36.8753032508491,238,76,0.0
1304,76,124,38.0,1.52,2.48,38.0,62.0,152.0,36.8753032508491,238,76,0.0
1305,76,124,38.0,1.52,2.48,38.0,62.0,152.0,36.8753032508491,238,76,0.0
1306,76,124,38.0,1.52,2.48,38.0,62.0,152.0,36.8753032508491,238,76,0.0
1307,76,124,38.0,1.52,2.48,38.0,62.0,152.0,36.8753032508491,238,76,0.0
1308,76,124,38.0,1.52,2.48,38.0,62.0,152.0,36.8753032508491,238,76,0.0
1309,76,124,38.0,1.52,2.48,38.0,62.0,152.0,36.8753032508491,238,76,0.0
1310,76,124,38.0,1.52,2.48,38.0,62.0,152.0,36.8753032508491,238,76,0.0
1311,76,124,38.0,1.52,2.48,38.0,62.0,152.0,36.8753032508491,238,76,0.0
1312,76,124,38.0,1.52,2.48,38.0,62.0,152.0,36.8753032508491,238,76,0.0
1313,76,124,38.0,1.52,2.48,38.0,62.0,152.0,36.8753032508491,238,76,0.0
1314,76,124,38.0,1.52,2.48,38.0,62.0,152.0,36.8753032508491,238,76,0.0
1315,76,124,38.0,1.52,2.48,38.0,62.0,152.0,36.8753032508491,238,76,0.0
1316,76,124,38.0,1.52,2.48,38.0,62.0,152.0,36.8753032508491,238,76,0.0
1317,76,124,38.0,1.52,2.48,38.0,62.0,152.0,36.8753032508491,238,76,0.0
1318,76,124,38.0,1.52,2.48,38.0,62.0,152.0,36.8753032508491,238,76,0.0
1319,76,124,38.0,1.52,2.48,38.0,62.0,152.0,36.8753032508491,238,76,0.0
1320,76,124,38.0,1.52,2.48,38.0,62.0,152.0,36.8753032508491,238,76,0.0
1321,76,124,38.0,1.52,2.48,38.0,62.0,152.0,36.8753032508491,238,76,0.0
1322,76,124,38.0,1.52,2.48,38.0,62.0,152.0,36.8753032508491,238,76,0.0
1323,76,124,38.0,1.52,2.48,38.0,62.0,152.0,36.8753032508491,238,76,0.0
1324,76,124,38.0,1.52,2.48,38.0,62.0,152.0,36.8753032508491,238,76,0.0
1325,77,123,38.5,1.54,2.46,38.5,61.5,154.0,37.36050460941291,239,77,2.0
1326,77,123,38.5,1.54,2.46,38.5,61.5,154.0,37.36050460941291,239,77,0.0
1327,77,123,38.5,1.54,2.46,38.5,61.5,154.0,37.36050460941291,239,77,0.0
1328,77,123,38.5,1.54,2.46,38.5,61.5,154.0,37.36050460941291,239,77,0.0
1329,77,123,38.5,1.54,2.46,38.5,61.5,154.0,37.36050460941291,239,77,0.0
1330,77,123,38.5,1.54,2.46,38.5,61.5,154.0,37.36050460941291,239,77,0.0
1331,77,123,38.5,1.54,2.46,38.5,61.5,154.0,37.36050460941291,239,77,0.0
1332,77,123,38.5,1.54,2.46,38.5,61.5,154.0,37.36050460941291,239,77,0.0
1333,77,123,38.5,1.54,2.46,38.5,61.5,154.0,37.36050460941291,239,77,0.0
1334,77,123,38.5,1.54,2.46,38.5,61.5,154.0,37.36050460941291,239,77,0.0
1335,77,123,38.5,1.54,2.46,38.5,61.5,154.0,37.36050460941291,239,77,0.0
1336,77,123,38.5,1.54,2.46,38.5,61.5,154.0,37.36050460941291,239,77,0.0
1337,77,123,38.5,1.54,2.46,38.5,61.5,154.0,37.36050460941291,239,77,0.0
1338,77,123,38.5,1.54,2.46,38.5,61.5,154.0,37.36050460941291,239,77,0.0
1339,77,123,38.5,1.54,2.46,38.5,61.5,154.0,37.36050460941291,239,77,0.0
1340,77,123,38.5,1.54,2.46,38.5,61.5,154.0,37.36050460941291,240,77,0.0
1341,78,122,39.0,1.56,2.44,39.0,61.0,156.0,37.84570596797671,241,78,2.0
1342,78,122,39.0,1.56,2.44,39.0,61.0,156.0,37.84570596797671,241,78,0.0
1343,78,122,39.0,1.56,2.44,39.0,61.0,156.0,37.84570596797671,241,78,0.0
1344,78,122,39.0,1.56,2.44,39.0,61.0,156.0,37.84570596797671,241,78,0.0
1345,78,122,39.0,1.56,2.44,39.0,61.0,156.0,37.84570596797671,241,78,0.0
1346,78,122,39.0,1.56,2.44,39.0,61.0,156.0,37.84570596797671,241,78,0.0
1347,78,122,39.0,1.56,2.44,39.0,61.0,156.0,37.84570596797671,241,78,0.0
1348,78,122,39.0,1.56,2.44,39.0,61.0,156.0,37.84570596797671,241,78,0.0
1349,78,122,39.0,1.56,2.44,39.0,61.0,156.0,37.84570596797671,241,78,0.0
1350,78,122,39.0,1.56,2.44,39.0,61.0,156.0,37.84570596797671,241,78,0.0
1351,78,122,39.0,1.56,2.44,39.0,61.0,156.0,37.84570596797671,241,78,0.0
1352,78,122,39.0,1.56,2.44,39.0,61.0,156.0,37.84570596797671,241,78,0.0
1353,78,122,39.0,1.56,2.44,39.0,61.0,156.0,37.84570596797671,241,78,0.0
1354,78,122,39.0,1.56,2.44,39.0,61.0,156.0,37.84570596797671,241,78,0.0
1355,78,122,39.0,1.56,2.44,39.0,61.0,156.0,37.84570596797671,241,78,0.0
1356,78,122,39.0,1.56,2.44,39.0,61.0,156.0,37.84570596797671,241,78,0.0
1357,78,122,39.0,1.56,2.44,39.0,61.0,156.0,37.84570596797671,241,78,0.0
1358,78,122,39.0,1.56,2.44,39.0,61.0,156.0,37.84570596797671,241,78,0.0
1359,78,122,39.0,1.56,2.44,39.0,61.0,156.0,37.84570596797671,241,78,0.0
1360,78,122,39.0,1.56,2.44,39.0,61.0,156.0,37.84570596797671,241,78,0.0
1361,78,122,39.0,1.56,2.44,39.0,61.0,156.0,37.84570596797671,241,78,0.0
1362,78,122,39.0,1.56,2.44,39.0,61.0,156.0,37.84570596797671,241,78,0.0
1363,78,122,39.0,1.56,2.44,39.0,61.0,156.0,37.84570596797671,241,78,0.0
1364,78,122,39.0,1.56,2.44,39.0,61.0,156.0,37.84570596797671,241,78,0.0
1365,78,122,39.0,1.56,2.44,39.0,61.0,156.0,37.84570596797671,241,78,0.0
1366,78,122,39.0,1.56,2.44,39.0,61.0,156.0,37.84570596797671,241,78,0.0
1367,78,122,39.0,1.56,2.44,39.0,61.0,156.0,37.84570596797671,241,78,0.0
1368,78,122,39.0,1.56,2.44,39.0,61.0,156.0,37.84570596797671,241,78,0.0
1369,78,122,39.0,1.56,2.44,39.0,61.0,156.0,37.84570596797671,241,78,0.0
1370,78,122,39.0,1.56,2.44,39.0,61.0,156.0,37.84570596797671,241,78,0.0
1371,78,122,39.0,1.56,2.44,39.0,61.0,156.0,37.84570596797671,241,78,0.0
1372,78,122,39.0,1.56,2.44,39.0,61.0,156.0,37.84570596797671,241,78,0.0
1373,78,122,39.0,1.56,2.44,39.0,61.0,156.0,37.84570596797671,241,78,0.0
1374,78,122,39.0,1.56,2.44,39.0,61.0,156.0,37.84570596797671,241,78,0.0
1375,78,122,39.0,1.56,2.44,39.0,61.0,156.0,37.84570596797671,241,78,0.0
1376,78,122,39.0,1.56,2.44,39.0,61.0,156.0,37.84570596797671,241,78,0.0
1377,78,122,39.0,1.56,2.44,39.0,61.0,156.0,37.84570596797671,241,78,0.0
1378,78,122,39.0,1.56,2.44,39.0,61.0,156.0,37.84570596797671,241,78,0.0
1379,78,122,39.0,1.56,2.44,39.0,61.0,156.0,37.84570596797671,241,78,0.0
1380,78,122,39.0,1.56,2.44,39.0,61.0,156.0,37.84570596797671,241,78,0.0
1381,78,122,39.0,1.56,2.44,39.0,61.0,156.0,37.84570596797671,241,78,0.0
1382,78,122,39.0,1.56,2.44,39.0,61.0,156.0,37.84570596797671,241,78,0.0
1383,78,122,39.0,1.56,2.44,39.0,61.0,156.0,37.84570596797671,241,78,0.0
1384,78,122,39.0,1.56,2.44,39.0,61.0,156.0,37.84570596797671,242,78,0.0
1385,78,122,39.0,1.56,2.44,39.0,61.0,156.0,37.84570596797671,243,78,0.0
1386,79,121,39.5,1.58,2.42,39.5,60.5,158.0,38.33090732654051,244,79,2.0
1387,79,121,39.5,1.58,2.42,39.5,60.5,158.0,38.33090732654051,244,79,0.0
1388,79,121,39.5,1.58,2.42,39.5,60.5,158.0,38.33090732654051,244,79,0.0
1389,79,121,39.5,1.58,2.42,39.5,60.5,158.0,38.33090732654051,245,79,0.0
1390,79,121,39.5,1.58,2.42,39.5,60.5,158.0,38.33090732654051,246,79,0.0
1391,79,121,39.5,1.58,2.42,39.5,60.5,158.0,38.33090732654051,246,79,0.0
1392,79,121,39.5,1.58,2.42,39.5,60.5,158.0,38.33090732654051,246,79,0.0
1393,79,121,39.5,1.58,2.42,39.5,60.5,158.0,38.33090732654051,246,79,0.0
1394,79,121,39.5,1.58,2.42,39.5,60.5,158.0,38.33090732654051,246,79,0.0
1395,79,121,39.5,1.58,2.42,39.5,60.5,158.0,38.33090732654051,246,79,0.0
1396,79,121,39.5,1.58,2.42,39.5,60.5,158.0,38.33090732654051,246,79,0.0
1397,79,121,39.5,1.58,2.42,39.5,60.5,158.0,38.33090732654051,246,79,0.0
1398,79,121,39.5,1.58,2.42,39.5,60.5,158.0,38.33090732654051,246,79,0.0
1399,79,121,39.5,1.58,2.42,39.5,60.5,158.0,38.33090732654051,246,79,0.0
1400,79,121,39.5,1.58,2.42,39.5,60.5,158.0,38.33090732654051,246,79,0.0
1401,79,121,39.5,1.58,2.42,39.5,60.5,158.0,38.33090732654051,246,79,0.0
1402,79,121,39.5,1.58,2.42,39.5,60.5,158.0,38.33090732654051,246,79,0.0
1403,79,121,39.5,1.58,2.42,39.5,60.5,158.0,38.33090732654051,246,79,0.0
1404,79,121,39.5,1.58,2.42,39.5,60.5,158.0,38.33090732654051,247,79,0.0
1405,80,120,40.0,1.6,2.4,40.0,60.0,160.0,38.81610868510432,248,80,2.0
1406,80,120,40.0,1.6,2.4,40.0,60.0,160.0,38.81610868510432,248,80,0.0
1407,80,120,40.0,1.6,2.4,40.0,60.0,160.0,38.81610868510432,248,80,0.0
1408,80,120,40.0,1.6,2.4,40.0,60.0,160.0,38.81610868510432,249,80,0.0
1409,80,120,40.0,1.6,2.4,40.0,60.0,160.0,38.81610868510432,250,80,0.0
1410,81,119,40.5,1.62,2.38,40.5,59.49999999999999,162.0,39.301310043668124,251,81,2.0
1411,81,119,40.5,1.62,2.38,40.5,59.49999999999999,162.0,39.301310043668124,251,81,0.0
1412,81,119,40.5,1.62,2.38,40.5,59.49999999999999,162.0,39.301310043668124,251,81,0.0
1413,81,119,40.5,1.62,2.38,40.5,59.49999999999999,162.0,39.301310043668124,251,81,0.0
1414,81,119,40.5,1.62,2.38,40.5,59.49999999999999,162.0,39.301310043668124,251,81,0.0
1415,81,119,40.5,1.62,2.38,40.5,59.49999999999999,162.0,39.301310043668124,251,81,0.0
1416,81,119,40.5,1.62,2.38,40.5,59.49999999999999,162.0,39.301310043668124,251,81,0.0
1417,81,119,40.5,1.62,2.38,40.5,59.49999999999999,162.0,39.301310043668124,251,81,0.0
1418,81,119,40.5,1.62,2.38,40.5,59.49999999999999,162.0,39.301310043668124,251,81,0.0
1419,81,119,40.5,1.62,2.38,40.5,59.49999999999999,162.0,39.301310043668124,251,81,0.0
1420,81,119,40.5,1.62,2.38,40.5,59.49999999999999,162.0,39.301310043668124,251,81,0.0
1421,81,119,40.5,1.62,2.38,40.5,59.49999999999999,162.0,39.301310043668124,251,81,0.0
1422,81,119,40.5,1.62,2.38,40.5,59.49999999999999,162.0,39.301310043668124,251,81,0.0
1423,81,119,40.5,1.62,2.38,40.5,59.49999999999999,162.0,39.301310043668124,251,81,0.0
1424,81,119,40.5,1.62,2.38,40.5,59.49999999999999,162.0,39.301310043668124,251,81,0.0
1425,81,119,40.5,1.62,2.38,40.5,59.49999999999999,162.0,39.301310043668124,251,81,0.0
1426,81,119,40.5,1.62,2.38,40.5,59.49999999999999,162.0,39.301310043668124,251,81,0.0
1427,81,119,40.5,1.62,2.38,40.5,59.49999999999999,162.0,39.301310043668124,251,81,0.0
1428,81,119,40.5,1.62,2.38,40.5,59.49999999999999,162.0,39.301310043668124,251,81,0.0
1429,81,119,40.5,1.62,2.38,40.5,59.49999999999999,162.0,39.301310043668124,251,81,0.0
1430,81,119,40.5,1.62,2.38,40.5,59.49999999999999,162.0,39.301310043668124,251,81,0.0
1431,81,119,40.5,1.62,2.38,40.5,59.49999999999999,162.0,39.301310043668124,251,81,0.0
1432,81,119,40.5,1.62,2.38,40.5,59.49999999999999,162.0,39.301310043668124,251,81,0.0
1433,81,119,40.5,1.62,2.38,40.5,59.49999999999999,162.0,39.301310043668124,251,81,0.0
1434,81,119,40.5,1.62,2.38,40.5,59.49999999999999,162.0,39.301310043668124,251,81,0.0
1435,81,119,40.5,1.62,2.38,40.5,59.49999999999999,162.0,39.301310043668124,251,81,0.0
1436,81,119,40.5,1.62,2.38,40.5,59.49999999999999,162.0,39.301310043668124,251,81,0.0
1437,81,119,40.5,1.62,2.38,40.5,59.49999999999999,162.0,39.301310043668124,251,81,0.0
1438,81,119,40.5,1.62,2.38,40.5,59.49999999999999,162.0,39.301310043668124,251,81,0.0
1439,81,119,40.5,1.62,2.38,40.5,59.49999999999999,162.0,39.301310043668124,251,81,0.0
1440,81,119,40.5,1.62,2.38,40.5,59.49999999999999,162.0,39.301310043668124,251,81,0.0
1441,81,119,40.5,1.62,2.38,40.5,59.49999999999999,162.0,39.301310043668124,251,81,0.0
1442,81,119,40.5,1.62,2.38,40.5,59.49999999999999,162.0,39.301310043668124,251,81,0.0
1443,81,119,40.5,1.62,2.38,40.5,59.49999999999999,162.0,39.301310043668124,251,81,0.0
1444,81,119,40.5,1.62,2.38,40.5,59.49999999999999,162.0,39.301310043668124,251,81,0.0
1445,81,119,40.5,1.62,2.38,40.5,59.49999999999999,162.0,39.301310043668124,251,81,0.0
1446,81,119,40.5,1.62,2.38,40.5,59.49999999999999,162.0,39.301310043668124,251,81,0.0
1447,81,119,40.5,1.62,2.38,40.5,59.49999999999999,162.0,39.301310043668124,251,81,0.0
1448,81,119,40.5,1.62,2.38,40.5,59.49999999999999,162.0,39.301310043668124,251,81,0.0
1449,81,119,40.5,1.62,2.38,40.5,59.49999999999999,162.0,39.301310043668124,251,81,0.0
1450,81,119,40.5,1.62,2.38,40.5,59.49999999999999,162.0,39.301310043668124,252,81,0.0
1451,81,119,40.5,1.62,2.38,40.5,59.49999999999999,162.0,39.301310043668124,254,81,0.0
1452,81,119,40.5,1.62,2.38,40.5,59.49999999999999,162.0,39.301310043668124,254,81,0.0
1453,81,119,40.5,1.62,2.38,40.5,59.49999999999999,162.0,39.301310043668124,254,81,0.0
1454,81,119,40.5,1.62,2.38,40.5,59.49999999999999,162.0,39.301310043668124,254,81,0.0
1455,81,119,40.5,1.62,2.38,40.5,59.49999999999999,162.0,39.301310043668124,254,81,0.0
1456,81,119,40.5,1.62,2.38,40.5,59.49999999999999,162.0,39.301310043668124,254,81,0.0
1457,81,119,40.5,1.62,2.38,40.5,59.49999999999999,162.0,39.301310043668124,254,81,0.0
1458,81,119,40.5,1.62,2.38,40.5,59.49999999999999,162.0,39.301310043668124,254,81,0.0
1459,81,119,40.5,1.62,2.38,40.5,59.49999999999999,162.0,39.301310043668124,254,81,0.0
1460,81,119,40.5,1.62,2.38,40.5,59.49999999999999,162.0,39.301310043668124,254,81,0.0
1461,81,119,40.5,1.62,2.38,40.5,59.49999999999999,162.0,39.301310043668124,254,81,0.0
1462,81,119,40.5,1.62,2.38,40.5,59.49999999999999,162.0,39.301310043668124,254,81,0.0
1463,81,119,40.5,1.62,2.38,40.5,59.49999999999999,162.0,39.301310043668124,254,81,0.0
1464,81,119,40.5,1.62,2.38,40.5,59.49999999999999,162.0,39.301310043668124,254,81,0.0
1465,81,119,40.5,1.62,2.38,40.5,59.49999999999999,162.0,39.301310043668124,254,81,0.0
1466,81,119,40.5,1.62,2.38,40.5,59.49999999999999,162.0,39.301310043668124,254,81,0.0
1467,81,119,40.5,1.62,2.38,40.5,59.49999999999999,162.0,39.301310043668124,254,81,0.0
1468,81,119,40.5,1.62,2.38,40.5,59.49999999999999,162.0,39.301310043668124,254,81,0.0
1469,81,119,40.5,1.62,2.38,40.5,59.49999999999999,162.0,39.301310043668124,254,81,0.0
1470,81,119,40.5,1.62,2.38,40.5,59.49999999999999,162.0,39.301310043668124,254,81,0.0
1471,81,119,40.5,1.62,2.38,40.5,59.49999999999999,162.0,39.301310043668124,254,81,0.0
1472,81,119,40.5,1.62,2.38,40.5,59.49999999999999,162.0,39.301310043668124,254,81,0.0
1473,81,119,40.5,1.62,2.38,40.5,59.49999999999999,162.0,39.301310043668124,254,81,0.0
1474,81,119,40.5,1.62,2.38,40.5,59.49999999999999,162.0,39.301310043668124,254,81,0.0
1475,81,119,40.5,1.62,2.38,40.5,59.49999999999999,162.0,39.301310043668124,254,81,0.0
1476,81,119,40.5,1.62,2.38,40.5,59.49999999999999,162.0,39.301310043668124,254,81,0.0
1477,81,119,40.5,1.62,2.38,40.5,59.49999999999999,162.0,39.301310043668124,254,81,0.0
1478,81,119,40.5,1.62,2.38,40.5,59.49999999999999,162.0,39.301310043668124,254,81,0.0
1479,82,118,41.0,1.6400000000000001,2.36,41.0,58.99999999999999,164.0,39.78651140223193,255,82,2.0
1480,82,118,41.0,1.6400000000000001,2.36,41.0,58.99999999999999,164.0,39.78651140223193,255,82,0.0
1481,82,118,41.0,1.6400000000000001,2.36,41.0,58.99999999999999,164.0,39.78651140223193,255,82,0.0
1482,82,118,41.0,1.6400000000000001,2.36,41.0,58.99999999999999,164.0,39.78651140223193,255,82,0.0
1483,82,118,41.0,1.6400000000000001,2.36,41.0,58.99999999999999,164.0,39.78651140223193,255,82,0.0
1484,82,118,41.0,1.6400000000000001,2.36,41.0,58.99999999999999,164.0,39.78651140223193,255,82,0.0
1485,82,118,41.0,1.6400000000000001,2.36,41.0,58.99999999999999,164.0,39.78651140223193,255,82,0.0
1486,82,118,41.0,1.6400000000000001,2.36,41.0,58.99999999999999,164.0,39.78651140223193,256,82,0.0
1487,82,118,41.0,1.6400000000000001,2.36,41.0,58.99999999999999,164.0,39.78651140223193,256,82,0.0
1488,82,118,41.0,1.6400000000000001,2.36,41.0,58.99999999999999,164.0,39.78651140223193,257,82,0.0
1489,82,118,41.0,1.6400000000000001,2.36,41.0,58.99999999999999,164.0,39.78651140223193,257,82,0.0
1490,82,118,41.0,1.6400000000000001,2.36,41.0,58.99999999999999,164.0,39.78651140223193,257,82,0.0
1491,82,118,41.0,1.6400000000000001,2.36,41.0,58.99999999999999,164.0,39.78651140223193,257,82,0.0
1492,82,118,41.0,1.6400000000000001,2.36,41.0,58.99999999999999,164.0,39.78651140223193,257,82,0.0
1493,82,118,41.0,1.6400000000000001,2.36,41.0,58.99999999999999,164.0,39.78651140223193,257,82,0.0
1494,82,118,41.0,1.6400000000000001,2.36,41.0,58.99999999999999,164.0,39.78651140223193,257,82,0.0
1495,82,118,41.0,1.6400000000000001,2.36,41.0,58.99999999999999,164.0,39.78651140223193,257,82,0.0
1496,82,118,41.0,1.6400000000000001,2.36,41.0,58.99999999999999,164.0,39.78651140223193,257,82,0.0
1497,82,118,41.0,1.6400000000000001,2.36,41.0,58.99999999999999,164.0,39.78651140223193,257,82,0.0
1498,82,118,41.0,1.6400000000000001,2.36,41.0,58.99999999999999,164.0,39.78651140223193,257,82,0.0
1499,82,118,41.0,1.6400000000000001,2.36,41.0,58.99999999999999,164.0,39.78651140223193,258,82,0.0
1500,82,118,41.0,1.6400000000000001,2.36,41.0,58.99999999999999,164.0,39.78651140223193,258,82,0.0
1501,82,118,41.0,1.6400000000000001,2.36,41.0,58.99999999999999,164.0,39.78651140223193,259,82,0.0
1502,82,118,41.0,1.6400000000000001,2.36,41.0,58.99999999999999,164.0,39.78651140223193,260,82,0.0
1503,82,118,41.0,1.6400000000000001,2.36,41.0,58.99999999999999,164.0,39.78651140223193,262,82,0.0
1504,82,118,41.0,1.6400000000000001,2.36,41.0,58.99999999999999,164.0,39.78651140223193,264,82,0.0
1505,82,118,41.0,1.6400000000000001,2.36,41.0,58.99999999999999,164.0,39.78651140223193,265,82,0.0
1506,82,118,41.0,1.6400000000000001,2.36,41.0,58.99999999999999,164.0,39.78651140223193,265,82,0.0
1507,82,118,41.0,1.6400000000000001,2.36,41.0,58.99999999999999,164.0,39.78651140223193,265,82,0.0
1508,82,118,41.0,1.6400000000000001,2.36,41.0,58.99999999999999,164.0,39.78651140223193,265,82,0.0
1509,82,118,41.0,1.6400000000000001,2.36,41.0,58.99999999999999,164.0,39.78651140223193,265,82,0.0
1510,82,118,41.0,1.6400000000000001,2.36,41.0,58.99999999999999,164.0,39.78651140223193,266,82,0.0
1511,83,117,41.5,1.6600000000000001,2.34,41.5,58.49999999999999,166.0,40.27171276079573,267,83,2.0
1512,83,117,41.5,1.6600000000000001,2.34,41.5,58.49999999999999,166.0,40.27171276079573,267,83,0.0
1513,83,117,41.5,1.6600000000000001,2.34,41.5,58.49999999999999,166.0,40.27171276079573,267,83,0.0
1514,83,117,41.5,1.6600000000000001,2.34,41.5,58.49999999999999,166.0,40.27171276079573,267,83,0.0
1515,83,117,41.5,1.6600000000000001,2.34,41.5,58.49999999999999,166.0,40.27171276079573,267,83,0.0
1516,83,117,41.5,1.6600000000000001,2.34,41.5,58.49999999999999,166.0,40.27171276079573,267,83,0.0
1517,83,117,41.5,1.6600000000000001,2.34,41.5,58.49999999999999,166.0,40.27171276079573,268,83,0.0
1518,83,117,41.5,1.6600000000000001,2.34,41.5,58.49999999999999,166.0,40.27171276079573,269,83,0.0
1519,83,117,41.5,1.6600000000000001,2.34,41.5,58.49999999999999,166.0,40.27171276079573,270,83,0.0
1520,83,117,41.5,1.6600000000000001,2.34,41.5,58.49999999999999,166.0,40.27171276079573,271,83,0.0
1521,83,117,41.5,1.6600000000000001,2.34,41.5,58.49999999999999,166.0,40.27171276079573,271,83,0.0
1522,83,117,41.5,1.6600000000000001,2.34,41.5,58.49999999999999,166.0,40.27171276079573,271,83,0.0
1523,83,117,41.5,1.6600000000000001,2.34,41.5,58.49999999999999,166.0,40.27171276079573,271,83,0.0
1524,83,117,41.5,1.6600000000000001,2.34,41.5,58.49999999999999,166.0,40.27171276079573,271,83,0.0
1525,83,117,41.5,1.6600000000000001,2.34,41.5,58.49999999999999,166.0,40.27171276079573,271,83,0.0
1526,83,117,41.5,1.6600000000000001,2.34,41.5,58.49999999999999,166.0,40.27171276079573,271,83,0.0
1527,83,117,41.5,1.6600000000000001,2.34,41.5,58.49999999999999,166.0,40.27171276079573,271,83,0.0
1528,83,117,41.5,1.6600000000000001,2.34,41.5,58.49999999999999,166.0,40.27171276079573,271,83,0.0
1529,83,117,41.5,1.6600000000000001,2.34,41.5,58.49999999999999,166.0,40.27171276079573,271,83,0.0
1530,83,117,41.5,1.6600000000000001,2.34,41.5,58.49999999999999,166.0,40.27171276079573,271,83,0.0
1531,83,117,41.5,1.6600000000000001,2.34,41.5,58.49999999999999,166.0,40.27171276079573,271,83,0.0
1532,83,117,41.5,1.6600000000000001,2.34,41.5,58.49999999999999,166.0,40.27171276079573,271,83,0.0
1533,83,117,41.5,1.6600000000000001,2.34,41.5,58.49999999999999,166.0,40.27171276079573,271,83,0.0
1534,83,117,41.5,1.6600000000000001,2.34,41.5,58.49999999999999,166.0,40.27171276079573,271,83,0.0
1535,83,117,41.5,1.6600000000000001,2.34,41.5,58.49999999999999,166.0,40.27171276079573,271,83,0.0
1536,83,117,41.5,1.6600000000000001,2.34,41.5,58.49999999999999,166.0,40.27171276079573,271,83,0.0
1537,83,117,41.5,1.6600000000000001,2.34,41.5,58.49999999999999,166.0,40.27171276079573,271,83,0.0
1538,83,117,41.5,1.6600000000000001,2.34,41.5,58.49999999999999,166.0,40.27171276079573,271,83,0.0
1539,83,117,41.5,1.6600000000000001,2.34,41.5,58.49999999999999,166.0,40.27171276079573,271,83,0.0
1540,83,117,41.5,1.6600000000000001,2.34,41.5,58.49999999999999,166.0,40.27171276079573,271,83,0.0
1541,83,117,41.5,1.6600000000000001,2.34,41.5,58.49999999999999,166.0,40.27171276079573,271,83,0.0
1542,83,117,41.5,1.6600000000000001,2.34,41.5,58.49999999999999,166.0,40.27171276079573,271,83,0.0
1543,83,117,41.5,1.6600000000000001,2.34,41.5,58.49999999999999,166.0,40.27171276079573,271,83,0.0
1544,83,117,41.5,1.6600000000000001,2.34,41.5,58.49999999999999,166.0,40.27171276079573,271,83,0.0
1545,83,117,41.5,1.6600000000000001,2.34,41.5,58.49999999999999,166.0,40.27171276079573,271,83,0.0
1546,83,117,41.5,1.6600000000000001,2.34,41.5,58.49999999999999,166.0,40.27171276079573,271,83,0.0
1547,83,117,41.5,1.6600000000000001,2.34,41.5,58.49999999999999,166.0,40.27171276079573,271,83,0.0
1548,83,117,41.5,1.6600000000000001,2.34,41.5,58.49999999999999,166.0,40.27171276079573,271,83,0.0
1549,83,117,41.5,1.6600000000000001,2.34,41.5,58.49999999999999,166.0,40.27171276079573,271,83,0.0
1550,83,117,41.5,1.6600000000000001,2.34,41.5,58.49999999999999,166.0,40.27171276079573,271,83,0.0
1551,83,117,41.5,1.6600000000000001,2.34,41.5,58.49999999999999,166.0,40.27171276079573,271,83,0.0
1552,83,117,41.5,1.6600000000000001,2.34,41.5,58.49999999999999,166.0,40.27171276079573,271,83,0.0
1553,83,117,41.5,1.6600000000000001,2.34,41.5,58.49999999999999,166.0,40.27171276079573,271,83,0.0
1554,83,117,41.5,1.6600000000000001,2.34,41.5,58.49999999999999,166.0,40.27171276079573,271,83,0.0
1555,83,117,41.5,1.6600000000000001,2.34,41.5,58.49999999999999,166.0,40.27171276079573,271,83,0.0
1556,83,117,41.5,1.6600000000000001,2.34,41.5,58.49999999999999,166.0,40.27171276079573,271,83,0.0
1557,83,117,41.5,1.6600000000000001,2.34,41.5,58.49999999999999,166.0,40.27171276079573,271,83,0.0
1558,83,117,41.5,1.6600000000000001,2.34,41.5,58.49999999999999,166.0,40.27171276079573,271,83,0.0
1559,83,117,41.5,1.6600000000000001,2.34,41.5,58.49999999999999,166.0,40.27171276079573,272,83,0.0
1560,83,117,41.5,1.6600000000000001,2.34,41.5,58.49999999999999,166.0,40.27171276079573,272,83,0.0
1561,83,117,41.5,1.6600000000000001,2.34,41.5,58.49999999999999,166.0,40.27171276079573,272,83,0.0
1562,83,117,41.5,1.6600000000000001,2.34,41.5,58.49999999999999,166.0,40.27171276079573,272,83,0.0
1563,83,117,41.5,1.6600000000000001,2.34,41.5,58.49999999999999,166.0,40.27171276079573,272,83,0.0
1564,83,117,41.5,1.6600000000000001,2.34,41.5,58.49999999999999,166.0,40.27171276079573,272,83,0.0
1565,83,117,41.5,1.6600000000000001,2.34,41.5,58.49999999999999,166.0,40.27171276079573,272,83,0.0
1566,83,117,41.5,1.6600000000000001,2.34,41.5,58.49999999999999,166.0,40.27171276079573,272,83,0.0
1567,83,117,41.5,1.6600000000000001,2.34,41.5,58.49999999999999,166.0,40.27171276079573,272,83,0.0
1568,83,117,41.5,1.6600000000000001,2.34,41.5,58.49999999999999,166.0,40.27171276079573,272,83,0.0
1569,83,117,41.5,1.6600000000000001,2.34,41.5,58.49999999999999,166.0,40.27171276079573,272,83,0.0
1570,83,117,41.5,1.6600000000000001,2.34,41.5,58.49999999999999,166.0,40.27171276079573,272,83,0.0
1571,83,117,41.5,1.6600000000000001,2.34,41.5,58.49999999999999,166.0,40.27171276079573,272,83,0.0
1572,83,117,41.5,1.6600000000000001,2.34,41.5,58.49999999999999,166.0,40.27171276079573,272,83,0.0
1573,83,117,41.5,1.6600000000000001,2.34,41.5,58.49999999999999,166.0,40.27171276079573,272,83,0.0
1574,83,117,41.5,1.6600000000000001,2.34,41.5,58.49999999999999,166.0,40.27171276079573,272,83,0.0
1575,83,117,41.5,1.6600000000000001,2.34,41.5,58.49999999999999,166.0,40.27171276079573,272,83,0.0
1576,83,117,41.5,1.6600000000000001,2.34,41.5,58.49999999999999,166.0,40.27171276079573,272,83,0.0
1577,83,117,41.5,1.6600000000000001,2.34,41.5,58.49999999999999,166.0,40.27171276079573,272,83,0.0
1578,83,117,41.5,1.6600000000000001,2.34,41.5,58.49999999999999,166.0,40.27171276079573,272,83,0.0
1579,83,117,41.5,1.6600000000000001,2.34,41.5,58.49999999999999,166.0,40.27171276079573,272,83,0.0
1580,83,117,41.5,1.6600000000000001,2.34,41.5,58.49999999999999,166.0,40.27171276079573,272,83,0.0
1581,83,117,41.5,1.6600000000000001,2.34,41.5,58.49999999999999,166.0,40.27171276079573,272,83,0.0
1582,83,117,41.5,1.6600000000000001,2.34,41.5,58.49999999999999,166.0,40.27171276079573,272,83,0.0
1583,83,117,41.5,1.6600000000000001,2.34,41.5,58.49999999999999,166.0,40.27171276079573,272,83,0.0
1584,83,117,41.5,1.6600000000000001,2.34,41.5,58.49999999999999,166.0,40.27171276079573,272,83,0.0
1585,83,117,41.5,1.6600000000000001,2.34,41.5,58.49999999999999,166.0,40.27171276079573,272,83,0.0
1586,83,117,41.5,1.6600000000000001,2.34,41.5,58.49999999999999,166.0,40.27171276079573,272,83,0.0
1587,83,117,41.5,1.6600000000000001,2.34,41.5,58.49999999999999,166.0,40.27171276079573,272,83,0.0
1588,83,117,41.5,1.6600000000000001,2.34,41.5,58.49999999999999,166.0,40.27171276079573,274,83,0.0
1589,85,115,42.5,1.7,2.3,42.5,57.49999999999999,170.0,41.24211547792334,276,85,4.0
1590,85,115,42.5,1.7,2.3,42.5,57.49999999999999,170.0,41.24211547792334,276,85,0.0
1591,85,115,42.5,1.7,2.3,42.5,57.49999999999999,170.0,41.24211547792334,276,85,0.0
1592,85,115,42.5,1.7,2.3,42.5,57.49999999999999,170.0,41.24211547792334,276,85,0.0
1593,85,115,42.5,1.7,2.3,42.5,57.49999999999999,170.0,41.24211547792334,276,85,0.0
1594,85,115,42.5,1.7,2.3,42.5,57.49999999999999,170.0,41.24211547792334,276,85,0.0
1595,85,115,42.5,1.7,2.3,42.5,57.49999999999999,170.0,41.24211547792334,276,85,0.0
1596,85,115,42.5,1.7,2.3,42.5,57.49999999999999,170.0,41.24211547792334,276,85,0.0
1597,85,115,42.5,1.7,2.3,42.5,57.49999999999999,170.0,41.24211547792334,276,85,0.0
1598,85,115,42.5,1.7,2.3,42.5,57.49999999999999,170.0,41.24211547792334,276,85,0.0
1599,85,115,42.5,1.7,2.3,42.5,57.49999999999999,170.0,41.24211547792334,276,85,0.0
1600,85,115,42.5,1.7,2.3,42.5,57.49999999999999,170.0,41.24211547792334,276,85,0.0
1601,85,115,42.5,1.7,2.3,42.5,57.49999999999999,170.0,41.24211547792334,276,85,0.0
1602,85,115,42.5,1.7,2.3,42.5,57.49999999999999,170.0,41.24211547792334,276,85,0.0
1603,85,115,42.5,1.7,2.3,42.5,57.49999999999999,170.0,41.24211547792334,276,85,0.0
1604,85,115,42.5,1.7,2.3,42.5,57.49999999999999,170.0,41.24211547792334,276,85,0.0
1605,85,115,42.5,1.7,2.3,42.5,57.49999999999999,170.0,41.24211547792334,276,85,0.0
1606,85,115,42.5,1.7,2.3,42.5,57.49999999999999,170.0,41.24211547792334,276,85,0.0
1607,85,115,42.5,1.7,2.3,42.5,57.49999999999999,170.0,41.24211547792334,276,85,0.0
1608,85,115,42.5,1.7,2.3,42.5,57.49999999999999,170.0,41.24211547792334,276,85,0.0
1609,85,115,42.5,1.7,2.3,42.5,57.49999999999999,170.0,41.24211547792334,276,85,0.0
1610,85,115,42.5,1.7,2.3,42.5,57.49999999999999,170.0,41.24211547792334,276,85,0.0
1611,85,115,42.5,1.7,2.3,42.5,57.49999999999999,170.0,41.24211547792334,276,85,0.0
1612,85,115,42.5,1.7,2.3,42.5,57.49999999999999,170.0,41.24211547792334,276,85,0.0
1613,86,114,43.0,1.72,2.2800000000000002,43.0,57.00000000000001,172.0,41.72731683648714,277,86,2.0
1614,86,114,43.0,1.72,2.2800000000000002,43.0,57.00000000000001,172.0,41.72731683648714,277,86,0.0
1615,86,114,43.0,1.72,2.2800000000000002,43.0,57.00000000000001,172.0,41.72731683648714,277,86,0.0
1616,86,114,43.0,1.72,2.2800000000000002,43.0,57.00000000000001,172.0,41.72731683648714,277,86,0.0
1617,86,114,43.0,1.72,2.2800000000000002,43.0,57.00000000000001,172.0,41.72731683648714,277,86,0.0
1618,86,114,43.0,1.72,2.2800000000000002,43.0,57.00000000000001,172.0,41.72731683648714,277,86,0.0
1619,86,114,43.0,1.72,2.2800000000000002,43.0,57.00000000000001,172.0,41.72731683648714,277,86,0.0
1620,86,114,43.0,1.72,2.2800000000000002,43.0,57.00000000000001,172.0,41.72731683648714,277,86,0.0
1621,86,114,43.0,1.72,2.2800000000000002,43.0,57.00000000000001,172.0,41.72731683648714,277,86,0.0
1622,86,114,43.0,1.72,2.2800000000000002,43.0,57.00000000000001,172.0,41.72731683648714,277,86,0.0
1623,86,114,43.0,1.72,2.2800000000000002,43.0,57.00000000000001,172.0,41.72731683648714,277,86,0.0
1624,86,114,43.0,1.72,2.2800000000000002,43.0,57.00000000000001,172.0,41.72731683648714,277,86,0.0
1625,86,114,43.0,1.72,2.2800000000000002,43.0,57.00000000000001,172.0,41.72731683648714,277,86,0.0
1626,86,114,43.0,1.72,2.2800000000000002,43.0,57.00000000000001,172.0,41.72731683648714,277,86,0.0
1627,86,114,43.0,1.72,2.2800000000000002,43.0,57.00000000000001,172.0,41.72731683648714,277,86,0.0
1628,86,114,43.0,1.72,2.2800000000000002,43.0,57.00000000000001,172.0,41.72731683648714,277,86,0.0
1629,86,114,43.0,1.72,2.2800000000000002,43.0,57.00000000000001,172.0,41.72731683648714,277,86,0.0
1630,86,114,43.0,1.72,2.2800000000000002,43.0,57.00000000000001,172.0,41.72731683648714,277,86,0.0
1631,86,114,43.0,1.72,2.2800000000000002,43.0,57.00000000000001,172.0,41.72731683648714,277,86,0.0
1632,86,114,43.0,1.72,2.2800000000000002,43.0,57.00000000000001,172.0,41.72731683648714,277,86,0.0
1633,86,114,43.0,1.72,2.2800000000000002,43.0,57.00000000000001,172.0,41.72731683648714,277,86,0.0
1634,86,114,43.0,1.72,2.2800000000000002,43.0,57.00000000000001,172.0,41.72731683648714,277,86,0.0
1635,86,114,43.0,1.72,2.2800000000000002,43.0,57.00000000000001,172.0,41.72731683648714,277,86,0.0
1636,86,114,43.0,1.72,2.2800000000000002,43.0,57.00000000000001,172.0,41.72731683648714,277,86,0.0
1637,86,114,43.0,1.72,2.2800000000000002,43.0,57.00000000000001,172.0,41.72731683648714,277,86,0.0
1638,86,114,43.0,1.72,2.2800000000000002,43.0,57.00000000000001,172.0,41.72731683648714,277,86,0.0
1639,86,114,43.0,1.72,2.2800000000000002,43.0,57.00000000000001,172.0,41.72731683648714,277,86,0.0
1640,86,114,43.0,1.72,2.2800000000000002,43.0,57.00000000000001,172.0,41.72731683648714,277,86,0.0
1641,86,114,43.0,1.72,2.2800000000000002,43.0,57.00000000000001,172.0,41.72731683648714,277,86,0.0
1642,86,114,43.0,1.72,2.2800000000000002,43.0,57.00000000000001,172.0,41.72731683648714,277,86,0.0
1643,86,114,43.0,1.72,2.2800000000000002,43.0,57.00000000000001,172.0,41.72731683648714,277,86,0.0
1644,86,114,43.0,1.72,2.2800000000000002,43.0,57.00000000000001,172.0,41.72731683648714,277,86,0.0
1645,86,114,43.0,1.72,2.2800000000000002,43.0,57.00000000000001,172.0,41.72731683648714,277,86,0.0
1646,86,114,43.0,1.72,2.2800000000000002,43.0,57.00000000000001,172.0,41.72731683648714,277,86,0.0
1647,86,114,43.0,1.72,2.2800000000000002,43.0,57.00000000000001,172.0,41.72731683648714,277,86,0.0
1648,86,114,43.0,1.72,2.2800000000000002,43.0,57.00000000000001,172.0,41.72731683648714,277,86,0.0
1649,86,114,43.0,1.72,2.2800000000000002,43.0,57.00000000000001,172.0,41.72731683648714,277,86,0.0
1650,86,114,43.0,1.72,2.2800000000000002,43.0,57.00000000000001,172.0,41.72731683648714,277,86,0.0
1651,86,114,43.0,1.72,2.2800000000000002,43.0,57.00000000000001,172.0,41.72731683648714,277,86,0.0
1652,86,114,43.0,1.72,2.2800000000000002,43.0,57.00000000000001,172.0,41.72731683648714,277,86,0.0
1653,86,114,43.0,1.72,2.2800000000000002,43.0,57.00000000000001,172.0,41.72731683648714,277,86,0.0
1654,86,114,43.0,1.72,2.2800000000000002,43.0,57.00000000000001,172.0,41.72731683648714,277,86,0.0
1655,86,114,43.0,1.72,2.2800000000000002,43.0,57.00000000000001,172.0,41.72731683648714,277,86,0.0
1656,86,114,43.0,1.72,2.2800000000000002,43.0,57.00000000000001,172.0,41.72731683648714,277,86,0.0
1657,86,114,43.0,1.72,2.2800000000000002,43.0,57.00000000000001,172.0,41.72731683648714,277,86,0.0
1658,86,114,43.0,1.72,2.2800000000000002,43.0,57.00000000000001,172.0,41.72731683648714,277,86,0.0
1659,86,114,43.0,1.72,2.2800000000000002,43.0,57.00000000000001,172.0,41.72731683648714,277,86,0.0
1660,86,114,43.0,1.72,2.2800000000000002,43.0,57.00000000000001,172.0,41.72731683648714,277,86,0.0
1661,86,114,43.0,1.72,2.2800000000000002,43.0,57.00000000000001,172.0,41.72731683648714,277,86,0.0
1662,86,114,43.0,1.72,2.2800000000000002,43.0,57.00000000000001,172.0,41.72731683648714,278,86,0.0
1663,86,114,43.0,1.72,2.2800000000000002,43.0,57.00000000000001,172.0,41.72731683648714,278,86,0.0
1664,86,114,43.0,1.72,2.2800000000000002,43.0,57.00000000000001,172.0,41.72731683648714,278,86,0.0
1665,86,114,43.0,1.72,2.2800000000000002,43.0,57.00000000000001,172.0,41.72731683648714,278,86,0.0
1666,86,114,43.0,1.72,2.2800000000000002,43.0,57.00000000000001,172.0,41.72731683648714,278,86,0.0
1667,86,114,43.0,1.72,2.2800000000000002,43.0,57.00000000000001,172.0,41.72731683648714,278,86,0.0
1668,86,114,43.0,1.72,2.2800000000000002,43.0,57.00000000000001,172.0,41.72731683648714,278,86,0.0
1669,86,114,43.0,1.72,2.2800000000000002,43.0,57.00000000000001,172.0,41.72731683648714,278,86,0.0
1670,86,114,43.0,1.72,2.2800000000000002,43.0,57.00000000000001,172.0,41.72731683648714,278,86,0.0
1671,87,113,43.5,1.74,2.26,43.5,56.49999999999999,174.0,42.21251819505095,279,87,2.0
1672,87,113,43.5,1.74,2.26,43.5,56.49999999999999,174.0,42.21251819505095,279,87,0.0
1673,88,112,44.0,1.76,2.24,44.0,56.00000000000001,176.0,42.697719553614746,280,88,2.0
1674,88,112,44.0,1.76,2.24,44.0,56.00000000000001,176.0,42.697719553614746,280,88,0.0
1675,88,112,44.0,1.76,2.24,44.0,56.00000000000001,176.0,42.697719553614746,280,88,0.0
1676,88,112,44.0,1.76,2.24,44.0,56.00000000000001,176.0,42.697719553614746,280,88,0.0
1677,88,112,44.0,1.76,2.24,44.0,56.00000000000001,176.0,42.697719553614746,280,88,0.0
1678,88,112,44.0,1.76,2.24,44.0,56.00000000000001,176.0,42.697719553614746,280,88,0.0
1679,88,112,44.0,1.76,2.24,44.0,56.00000000000001,176.0,42.697719553614746,280,88,0.0
1680,89,111,44.5,1.78,2.2199999999999998,44.5,55.49999999999999,178.0,43.18292091217856,281,89,2.0
1681,89,111,44.5,1.78,2.2199999999999998,44.5,55.49999999999999,178.0,43.18292091217856,281,89,0.0
1682,89,111,44.5,1.78,2.2199999999999998,44.5,55.49999999999999,178.0,43.18292091217856,281,89,0.0
1683,89,111,44.5,1.78,2.2199999999999998,44.5,55.49999999999999,178.0,43.18292091217856,281,89,0.0
1684,89,111,44.5,1.78,2.2199999999999998,44.5,55.49999999999999,178.0,43.18292091217856,281,89,0.0
1685,90,110,45.0,1.8,2.2,45.0,55.0,180.0,43.66812227074236,282,90,2.0
1686,90,110,45.0,1.8,2.2,45.0,55.0,180.0,43.66812227074236,282,90,0.0
1687,90,110,45.0,1.8,2.2,45.0,55.0,180.0,43.66812227074236,282,90,0.0
1688,90,110,45.0,1.8,2.2,45.0,55.0,180.0,43.66812227074236,282,90,0.0
1689,90,110,45.0,1.8,2.2,45.0,55.0,180.0,43.66812227074236,282,90,0.0
1690,90,110,45.0,1.8,2.2,45.0,55.0,180.0,43.66812227074236,282,90,0.0
1691,90,110,45.0,1.8,2.2,45.0,55.0,180.0,43.66812227074236,282,90,0.0
1692,90,110,45.0,1.8,2.2,45.0,55.0,180.0,43.66812227074236,282,90,0.0
1693,90,110,45.0,1.8,2.2,45.0,55.0,180.0,43.66812227074236,282,90,0.0
1694,90,110,45.0,1.8,2.2,45.0,55.0,180.0,43.66812227074236,282,90,0.0
1695,90,110,45.0,1.8,2.2,45.0,55.0,180.0,43.66812227074236,282,90,0.0
1696,90,110,45.0,1.8,2.2,45.0,55.0,180.0,43.66812227074236,282,90,0.0
1697,90,110,45.0,1.8,2.2,45.0,55.0,180.0,43.66812227074236,282,90,0.0
1698,90,110,45.0,1.8,2.2,45.0,55.0,180.0,43.66812227074236,282,90,0.0
1699,90,110,45.0,1.8,2.2,45.0,55.0,180.0,43.66812227074236,282,90,0.0
1700,90,110,45.0,1.8,2.2,45.0,55.0,180.0,43.66812227074236,282,90,0.0
1701,90,110,45.0,1.8,2.2,45.0,55.0,180.0,43.66812227074236,282,90,0.0
1702,90,110,45.0,1.8,2.2,45.0,55.0,180.0,43.66812227074236,282,90,0.0
1703,90,110,45.0,1.8,2.2,45.0,55.0,180.0,43.66812227074236,282,90,0.0
1704,90,110,45.0,1.8,2.2,45.0,55.0,180.0,43.66812227074236,282,90,0.0
1705,90,110,45.0,1.8,2.2,45.0,55.0,180.0,43.66812227074236,282,90,0.0
1706,90,110,45.0,1.8,2.2,45.0,55.0,180.0,43.66812227074236,282,90,0.0
1707,90,110,45.0,1.8,2.2,45.0,55.0,180.0,43.66812227074236,282,90,0.0
1708,90,110,45.0,1.8,2.2,45.0,55.0,180.0,43.66812227074236,282,90,0.0
1709,90,110,45.0,1.8,2.2,45.0,55.0,180.0,43.66812227074236,282,90,0.0
1710,90,110,45.0,1.8,2.2,45.0,55.0,180.0,43.66812227074236,282,90,0.0
1711,90,110,45.0,1.8,2.2,45.0,55.0,180.0,43.66812227074236,282,90,0.0
1712,90,110,45.0,1.8,2.2,45.0,55.0,180.0,43.66812227074236,282,90,0.0
1713,90,110,45.0,1.8,2.2,45.0,55.0,180.0,43.66812227074236,282,90,0.0
1714,90,110,45.0,1.8,2.2,45.0,55.0,180.0,43.66812227074236,282,90,0.0
1715,90,110,45.0,1.8,2.2,45.0,55.0,180.0,43.66812227074236,282,90,0.0
1716,90,110,45.0,1.8,2.2,45.0,55.0,180.0,43.66812227074236,282,90,0.0
1717,90,110,45.0,1.8,2.2,45.0,55.0,180.0,43.66812227074236,282,90,0.0
1718,90,110,45.0,1.8,2.2,45.0,55.0,180.0,43.66812227074236,282,90,0.0
1719,90,110,45.0,1.8,2.2,45.0,55.0,180.0,43.66812227074236,282,90,0.0
1720,90,110,45.0,1.8,2.2,45.0,55.0,180.0,43.66812227074236,282,90,0.0
1721,90,110,45.0,1.8,2.2,45.0,55.0,180.0,43.66812227074236,282,90,0.0
1722,90,110,45.0,1.8,2.2,45.0,55.0,180.0,43.66812227074236,282,90,0.0
1723,91,109,45.5,1.82,2.1799999999999997,45.5,54.49999999999999,182.0,44.153323629306165,283,91,2.0
1724,91,109,45.5,1.82,2.1799999999999997,45.5,54.49999999999999,182.0,44.153323629306165,283,91,0.0
1725,91,109,45.5,1.82,2.1799999999999997,45.5,54.49999999999999,182.0,44.153323629306165,283,91,0.0
1726,91,109,45.5,1.82,2.1799999999999997,45.5,54.49999999999999,182.0,44.153323629306165,283,91,0.0
1727,91,109,45.5,1.82,2.1799999999999997,45.5,54.49999999999999,182.0,44.153323629306165,284,91,0.0
1728,91,109,45.5,1.82,2.1799999999999997,45.5,54.49999999999999,182.0,44.153323629306165,284,91,0.0
1729,91,109,45.5,1.82,2.1799999999999997,45.5,54.49999999999999,182.0,44.153323629306165,285,91,0.0
1730,91,109,45.5,1.82,2.1799999999999997,45.5,54.49999999999999,182.0,44.153323629306165,285,91,0.0
1731,91,109,45.5,1.82,2.1799999999999997,45.5,54.49999999999999,182.0,44.153323629306165,285,91,0.0
1732,91,109,45.5,1.82,2.1799999999999997,45.5,54.49999999999999,182.0,44.153323629306165,286,91,0.0
1733,91,109,45.5,1.82,2.1799999999999997,45.5,54.49999999999999,182.0,44.153323629306165,286,91,0.0
1734,91,109,45.5,1.82,2.1799999999999997,45.5,54.49999999999999,182.0,44.153323629306165,286,91,0.0
1735,91,109,45.5,1.82,2.1799999999999997,45.5,54.49999999999999,182.0,44.153323629306165,287,91,0.0
1736,91,109,45.5,1.82,2.1799999999999997,45.5,54.49999999999999,182.0,44.153323629306165,287,91,0.0
1737,91,109,45.5,1.82,2.1799999999999997,45.5,54.49999999999999,182.0,44.153323629306165,287,91,0.0
1738,91,109,45.5,1.82,2.1799999999999997,45.5,54.49999999999999,182.0,44.153323629306165,287,91,0.0
1739,91,109,45.5,1.82,2.1799999999999997,45.5,54.49999999999999,182.0,44.153323629306165,288,91,0.0
1740,91,109,45.5,1.82,2.1799999999999997,45.5,54.49999999999999,182.0,44.153323629306165,288,91,0.0
1741,91,109,45.5,1.82,2.1799999999999997,45.5,54.49999999999999,182.0,44.153323629306165,288,91,0.0
1742,91,109,45.5,1.82,2.1799999999999997,45.5,54.49999999999999,182.0,44.153323629306165,288,91,0.0
1743,91,109,45.5,1.82,2.1799999999999997,45.5,54.49999999999999,182.0,44.153323629306165,288,91,0.0
1744,91,109,45.5,1.82,2.1799999999999997,45.5,54.49999999999999,182.0,44.153323629306165,288,91,0.0
1745,91,109,45.5,1.82,2.1799999999999997,45.5,54.49999999999999,182.0,44.153323629306165,289,91,0.0
1746,91,109,45.5,1.82,2.1799999999999997,45.5,54.49999999999999,182.0,44.153323629306165,290,91,0.0
1747,92,108,46.0,1.84,2.16,46.0,54.0,184.0,44.638524987869964,291,92,2.0
1748,92,108,46.0,1.84,2.16,46.0,54.0,184.0,44.638524987869964,291,92,0.0
1749,92,108,46.0,1.84,2.16,46.0,54.0,184.0,44.638524987869964,292,92,0.0
1750,92,108,46.0,1.84,2.16,46.0,54.0,184.0,44.638524987869964,293,92,0.0
1751,92,108,46.0,1.84,2.16,46.0,54.0,184.0,44.638524987869964,295,92,0.0
1752,92,108,46.0,1.84,2.16,46.0,54.0,184.0,44.638524987869964,297,92,0.0
1753,92,108,46.0,1.84,2.16,46.0,54.0,184.0,44.638524987869964,297,92,0.0
1754,92,108,46.0,1.84,2.16,46.0,54.0,184.0,44.638524987869964,297,92,0.0
1755,92,108,46.0,1.84,2.16,46.0,54.0,184.0,44.638524987869964,297,92,0.0
1756,92,108,46.0,1.84,2.16,46.0,54.0,184.0,44.638524987869964,297,92,0.0
1757,92,108,46.0,1.84,2.16,46.0,54.0,184.0,44.638524987869964,297,92,0.0
1758,92,108,46.0,1.84,2.16,46.0,54.0,184.0,44.638524987869964,298,92,0.0
1759,92,108,46.0,1.84,2.16,46.0,54.0,184.0,44.638524987869964,299,92,0.0
1760,92,108,46.0,1.84,2.16,46.0,54.0,184.0,44.638524987869964,300,92,0.0
1761,92,108,46.0,1.84,2.16,46.0,54.0,184.0,44.638524987869964,301,92,0.0
1762,92,108,46.0,1.84,2.16,46.0,54.0,184.0,44.638524987869964,302,92,0.0
1763,92,108,46.0,1.84,2.16,46.0,54.0,184.0,44.638524987869964,303,92,0.0
1764,92,108,46.0,1.84,2.16,46.0,54.0,184.0,44.638524987869964,304,92,0.0
1765,92,108,46.0,1.84,2.16,46.0,54.0,184.0,44.638524987869964,304,92,0.0
1766,92,108,46.0,1.84,2.16,46.0,54.0,184.0,44.638524987869964,305,92,0.0
1767,92,108,46.0,1.84,2.16,46.0,54.0,184.0,44.638524987869964,305,92,0.0
1768,92,108,46.0,1.84,2.16,46.0,54.0,184.0,44.638524987869964,305,92,0.0
1769,92,108,46.0,1.84,2.16,46.0,54.0,184.0,44.638524987869964,305,92,0.0
1770,92,108,46.0,1.84,2.16,46.0,54.0,184.0,44.638524987869964,305,92,0.0
1771,92,108,46.0,1.84,2.16,46.0,54.0,184.0,44.638524987869964,305,92,0.0
1772,92,108,46.0,1.84,2.16,46.0,54.0,184.0,44.638524987869964,305,92,0.0
1773,92,108,46.0,1.84,2.16,46.0,54.0,184.0,44.638524987869964,305,92,0.0
1774,92,108,46.0,1.84,2.16,46.0,54.0,184.0,44.638524987869964,305,92,0.0
1775,92,108,46.0,1.84,2.16,46.0,54.0,184.0,44.638524987869964,305,92,0.0
1776,92,108,46.0,1.84,2.16,46.0,54.0,184.0,44.638524987869964,305,92,0.0
1777,92,108,46.0,1.84,2.16,46.0,54.0,184.0,44.638524987869964,305,92,0.0
1778,92,108,46.0,1.84,2.16,46.0,54.0,184.0,44.638524987869964,305,92,0.0
1779,92,108,46.0,1.84,2.16,46.0,54.0,184.0,44.638524987869964,305,92,0.0
1780,92,108,46.0,1.84,2.16,46.0,54.0,184.0,44.638524987869964,305,92,0.0
1781,92,108,46.0,1.84,2.16,46.0,54.0,184.0,44.638524987869964,305,92,0.0
1782,92,108,46.0,1.84,2.16,46.0,54.0,184.0,44.638524987869964,305,92,0.0
1783,92,108,46.0,1.84,2.16,46.0,54.0,184.0,44.638524987869964,305,92,0.0
1784,92,108,46.0,1.84,2.16,46.0,54.0,184.0,44.638524987869964,305,92,0.0
1785,92,108,46.0,1.84,2.16,46.0,54.0,184.0,44.638524987869964,305,92,0.0
1786,92,108,46.0,1.84,2.16,46.0,54.0,184.0,44.638524987869964,305,92,0.0
1787,92,108,46.0,1.84,2.16,46.0,54.0,184.0,44.638524987869964,305,92,0.0
1788,92,108,46.0,1.84,2.16,46.0,54.0,184.0,44.638524987869964,305,92,0.0
1789,92,108,46.0,1.84,2.16,46.0,54.0,184.0,44.638524987869964,305,92,0.0
1790,92,108,46.0,1.84,2.16,46.0,54.0,184.0,44.638524987869964,305,92,0.0
1791,92,108,46.0,1.84,2.16,46.0,54.0,184.0,44.638524987869964,305,92,0.0
1792,92,108,46.0,1.84,2.16,46.0,54.0,184.0,44.638524987869964,305,92,0.0
1793,92,108,46.0,1.84,2.16,46.0,54.0,184.0,44.638524987869964,305,92,0.0
1794,92,108,46.0,1.84,2.16,46.0,54.0,184.0,44.638524987869964,305,92,0.0
1795,92,108,46.0,1.84,2.16,46.0,54.0,184.0,44.638524987869964,305,92,0.0
1796,92,108,46.0,1.84,2.16,46.0,54.0,184.0,44.638524987869964,305,92,0.0
1797,92,108,46.0,1.84,2.16,46.0,54.0,184.0,44.638524987869964,305,92,0.0
1798,92,108,46.0,1.84,2.16,46.0,54.0,184.0,44.638524987869964,305,92,0.0
1799,92,108,46.0,1.84,2.16,46.0,54.0,184.0,44.638524987869964,305,92,0.0
1800,92,108,46.0,1.84,2.16,46.0,54.0,184.0,44.638524987869964,305,92,0.0
1801,92,108,46.0,1.84,2.16,46.0,54.0,184.0,44.638524987869964,305,92,0.0
1802,92,108,46.0,1.84,2.16,46.0,54.0,184.0,44.638524987869964,305,92,0.0
1803,92,108,46.0,1.84,2.16,46.0,54.0,184.0,44.638524987869964,305,92,0.0
1804,92,108,46.0,1.84,2.16,46.0,54.0,184.0,44.638524987869964,305,92,0.0
1805,92,108,46.0,1.84,2.16,46.0,54.0,184.0,44.638524987869964,305,92,0.0
1806,92,108,46.0,1.84,2.16,46.0,54.0,184.0,44.638524987869964,305,92,0.0
1807,92,108,46.0,1.84,2.16,46.0,54.0,184.0,44.638524987869964,306,92,0.0
1808,92,108,46.0,1.84,2.16,46.0,54.0,184.0,44.638524987869964,307,92,0.0
1809,93,107,46.5,1.86,2.1399999999999997,46.5,53.49999999999999,186.0,45.12372634643377,308,93,2.0
1810,93,107,46.5,1.86,2.1399999999999997,46.5,53.49999999999999,186.0,45.12372634643377,308,93,0.0
1811,93,107,46.5,1.86,2.1399999999999997,46.5,53.49999999999999,186.0,45.12372634643377,308,93,0.0
1812,93,107,46.5,1.86,2.1399999999999997,46.5,53.49999999999999,186.0,45.12372634643377,308,93,0.0
1813,93,107,46.5,1.86,2.1399999999999997,46.5,53.49999999999999,186.0,45.12372634643377,308,93,0.0
1814,93,107,46.5,1.86,2.1399999999999997,46.5,53.49999999999999,186.0,45.12372634643377,308,93,0.0
1815,93,107,46.5,1.86,2.1399999999999997,46.5,53.49999999999999,186.0,45.12372634643377,308,93,0.0
1816,93,107,46.5,1.86,2.1399999999999997,46.5,53.49999999999999,186.0,45.12372634643377,308,93,0.0
1817,93,107,46.5,1.86,2.1399999999999997,46.5,53.49999999999999,186.0,45.12372634643377,309,93,0.0
1818,94,106,47.0,1.8800000000000001,2.12,47.0,53.0,188.0,45.608927704997576,310,94,2.0
1819,94,106,47.0,1.8800000000000001,2.12,47.0,53.0,188.0,45.608927704997576,310,94,0.0
1820,94,106,47.0,1.8800000000000001,2.12,47.0,53.0,188.0,45.608927704997576,310,94,0.0
1821,94,106,47.0,1.8800000000000001,2.12,47.0,53.0,188.0,45.608927704997576,310,94,0.0
1822,94,106,47.0,1.8800000000000001,2.12,47.0,53.0,188.0,45.608927704997576,310,94,0.0
1823,94,106,47.0,1.8800000000000001,2.12,47.0,53.0,188.0,45.608927704997576,310,94,0.0
1824,94,106,47.0,1.8800000000000001,2.12,47.0,53.0,188.0,45.608927704997576,310,94,0.0
1825,94,106,47.0,1.8800000000000001,2.12,47.0,53.0,188.0,45.608927704997576,310,94,0.0
1826,94,106,47.0,1.8800000000000001,2.12,47.0,53.0,188.0,45.608927704997576,310,94,0.0
1827,94,106,47.0,1.8800000000000001,2.12,47.0,53.0,188.0,45.608927704997576,310,94,0.0
1828,94,106,47.0,1.8800000000000001,2.12,47.0,53.0,188.0,45.608927704997576,310,94,0.0
1829,94,106,47.0,1.8800000000000001,2.12,47.0,53.0,188.0,45.608927704997576,310,94,0.0
1830,94,106,47.0,1.8800000000000001,2.12,47.0,53.0,188.0,45.608927704997576,310,94,0.0
1831,94,106,47.0,1.8800000000000001,2.12,47.0,53.0,188.0,45.608927704997576,310,94,0.0
1832,94,106,47.0,1.8800000000000001,2.12,47.0,53.0,188.0,45.608927704997576,310,94,0.0
1833,94,106,47.0,1.8800000000000001,2.12,47.0,53.0,188.0,45.608927704997576,310,94,0.0
1834,94,106,47.0,1.8800000000000001,2.12,47.0,53.0,188.0,45.608927704997576,310,94,0.0
1835,95,105,47.5,1.9000000000000001,2.0999999999999996,47.5,52.49999999999999,190.0,46.094129063561375,311,95,2.0
1836,95,105,47.5,1.9000000000000001,2.0999999999999996,47.5,52.49999999999999,190.0,46.094129063561375,311,95,0.0
1837,95,105,47.5,1.9000000000000001,2.0999999999999996,47.5,52.49999999999999,190.0,46.094129063561375,311,95,0.0
1838,95,105,47.5,1.9000000000000001,2.0999999999999996,47.5,52.49999999999999,190.0,46.094129063561375,311,95,0.0
1839,95,105,47.5,1.9000000000000001,2.0999999999999996,47.5,52.49999999999999,190.0,46.094129063561375,311,95,0.0
1840,95,105,47.5,1.9000000000000001,2.0999999999999996,47.5,52.49999999999999,190.0,46.094129063561375,311,95,0.0
1841,95,105,47.5,1.9000000000000001,2.0999999999999996,47.5,52.49999999999999,190.0,46.094129063561375,311,95,0.0
1842,95,105,47.5,1.9000000000000001,2.0999999999999996,47.5,52.49999999999999,190.0,46.094129063561375,311,95,0.0
1843,95,105,47.5,1.9000000000000001,2.0999999999999996,47.5,52.49999999999999,190.0,46.094129063561375,311,95,0.0
1844,95,105,47.5,1.9000000000000001,2.0999999999999996,47.5,52.49999999999999,190.0,46.094129063561375,311,95,0.0
1845,95,105,47.5,1.9000000000000001,2.0999999999999996,47.5,52.49999999999999,190.0,46.094129063561375,311,95,0.0
1846,95,105,47.5,1.9000000000000001,2.0999999999999996,47.5,52.49999999999999,190.0,46.094129063561375,311,95,0.0
1847,95,105,47.5,1.9000000000000001,2.0999999999999996,47.5,52.49999999999999,190.0,46.094129063561375,311,95,0.0
1848,95,105,47.5,1.9000000000000001,2.0999999999999996,47.5,52.49999999999999,190.0,46.094129063561375,311,95,0.0
1849,95,105,47.5,1.9000000000000001,2.0999999999999996,47.5,52.49999999999999,190.0,46.094129063561375,311,95,0.0
1850,95,105,47.5,1.9000000000000001,2.0999999999999996,47.5,52.49999999999999,190.0,46.094129063561375,311,95,0.0
1851,95,105,47.5,1.9000000000000001,2.0999999999999996,47.5,52.49999999999999,190.0,46.094129063561375,311,95,0.0
1852,95,105,47.5,1.9000000000000001,2.0999999999999996,47.5,52.49999999999999,190.0,46.094129063561375,311,95,0.0
1853,95,105,47.5,1.9000000000000001,2.0999999999999996,47.5,52.49999999999999,190.0,46.094129063561375,311,95,0.0
1854,95,105,47.5,1.9000000000000001,2.0999999999999996,47.5,52.49999999999999,190.0,46.094129063561375,311,95,0.0
1855,95,105,47.5,1.9000000000000001,2.0999999999999996,47.5,52.49999999999999,190.0,46.094129063561375,311,95,0.0
1856,95,105,47.5,1.9000000000000001,2.0999999999999996,47.5,52.49999999999999,190.0,46.094129063561375,311,95,0.0
1857,95,105,47.5,1.9000000000000001,2.0999999999999996,47.5,52.49999999999999,190.0,46.094129063561375,311,95,0.0
1858,95,105,47.5,1.9000000000000001,2.0999999999999996,47.5,52.49999999999999,190.0,46.094129063561375,311,95,0.0
1859,95,105,47.5,1.9000000000000001,2.0999999999999996,47.5,52.49999999999999,190.0,46.094129063561375,311,95,0.0
1860,95,105,47.5,1.9000000000000001,2.0999999999999996,47.5,52.49999999999999,190.0,46.094129063561375,311,95,0.0
1861,96,104,48.0,1.92,2.08,48.0,52.0,192.0,46.57933042212518,312,96,2.0
1862,96,104,48.0,1.92,2.08,48.0,52.0,192.0,46.57933042212518,312,96,0.0
1863,96,104,48.0,1.92,2.08,48.0,52.0,192.0,46.57933042212518,312,96,0.0
1864,96,104,48.0,1.92,2.08,48.0,52.0,192.0,46.57933042212518,312,96,0.0
1865,96,104,48.0,1.92,2.08,48.0,52.0,192.0,46.57933042212518,313,96,0.0
1866,97,103,48.5,1.94,2.06,48.5,51.5,194.0,47.06453178068899,314,97,2.0
1867,97,103,48.5,1.94,2.06,48.5,51.5,194.0,47.06453178068899,314,97,0.0
1868,97,103,48.5,1.94,2.06,48.5,51.5,194.0,47.06453178068899,314,97,0.0
1869,97,103,48.5,1.94,2.06,48.5,51.5,194.0,47.06453178068899,314,97,0.0
1870,97,103,48.5,1.94,2.06,48.5,51.5,194.0,47.06453178068899,314,97,0.0
1871,97,103,48.5,1.94,2.06,48.5,51.5,194.0,47.06453178068899,315,97,0.0
1872,97,103,48.5,1.94,2.06,48.5,51.5,194.0,47.06453178068899,315,97,0.0
1873,97,103,48.5,1.94,2.06,48.5,51.5,194.0,47.06453178068899,315,97,0.0
1874,97,103,48.5,1.94,2.06,48.5,51.5,194.0,47.06453178068899,315,97,0.0
1875,97,103,48.5,1.94,2.06,48.5,51.5,194.0,47.06453178068899,315,97,0.0
1876,97,103,48.5,1.94,2.06,48.5,51.5,194.0,47.06453178068899,315,97,0.0
1877,97,103,48.5,1.94,2.06,48.5,51.5,194.0,47.06453178068899,315,97,0.0
1878,97,103,48.5,1.94,2.06,48.5,51.5,194.0,47.06453178068899,315,97,0.0
1879,97,103,48.5,1.94,2.06,48.5,51.5,194.0,47.06453178068899,315,97,0.0
1880,97,103,48.5,1.94,2.06,48.5,51.5,194.0,47.06453178068899,315,97,0.0
1881,97,103,48.5,1.94,2.06,48.5,51.5,194.0,47.06453178068899,315,97,0.0
1882,97,103,48.5,1.94,2.06,48.5,51.5,194.0,47.06453178068899,315,97,0.0
1883,97,103,48.5,1.94,2.06,48.5,51.5,194.0,47.06453178068899,315,97,0.0
1884,97,103,48.5,1.94,2.06,48.5,51.5,194.0,47.06453178068899,315,97,0.0
1885,97,103,48.5,1.94,2.06,48.5,51.5,194.0,47.06453178068899,315,97,0.0
1886,97,103,48.5,1.94,2.06,48.5,51.5,194.0,47.06453178068899,315,97,0.0
1887,97,103,48.5,1.94,2.06,48.5,51.5,194.0,47.06453178068899,315,97,0.0
1888,97,103,48.5,1.94,2.06,48.5,51.5,194.0,47.06453178068899,315,97,0.0
1889,97,103,48.5,1.94,2.06,48.5,51.5,194.0,47.06453178068899,315,97,0.0
1890,97,103,48.5,1.94,2.06,48.5,51.5,194.0,47.06453178068899,315,97,0.0
1891,97,103,48.5,1.94,2.06,48.5,51.5,194.0,47.06453178068899,315,97,0.0
1892,97,103,48.5,1.94,2.06,48.5,51.5,194.0,47.06453178068899,315,97,0.0
1893,97,103,48.5,1.94,2.06,48.5,51.5,194.0,47.06453178068899,315,97,0.0
1894,97,103,48.5,1.94,2.06,48.5,51.5,194.0,47.06453178068899,315,97,0.0
1895,97,103,48.5,1.94,2.06,48.5,51.5,194.0,47.06453178068899,315,97,0.0
1896,97,103,48.5,1.94,2.06,48.5,51.5,194.0,47.06453178068899,315,97,0.0
1897,97,103,48.5,1.94,2.06,48.5,51.5,194.0,47.06453178068899,315,97,0.0
1898,97,103,48.5,1.94,2.06,48.5,51.5,194.0,47.06453178068899,315,97,0.0
1899,97,103,48.5,1.94,2.06,48.5,51.5,194.0,47.06453178068899,315,97,0.0
1900,97,103,48.5,1.94,2.06,48.5,51.5,194.0,47.06453178068899,315,97,0.0
1901,97,103,48.5,1.94,2.06,48.5,51.5,194.0,47.06453178068899,315,97,0.0
1902,97,103,48.5,1.94,2.06,48.5,51.5,194.0,47.06453178068899,315,97,0.0
1903,97,103,48.5,1.94,2.06,48.5,51.5,194.0,47.06453178068899,315,97,0.0
1904,97,103,48.5,1.94,2.06,48.5,51.5,194.0,47.06453178068899,315,97,0.0
1905,98,102,49.0,1.96,2.04,49.0,51.0,196.0,47.549733139252794,316,98,2.0
1906,98,102,49.0,1.96,2.04,49.0,51.0,196.0,47.549733139252794,316,98,0.0
1907,98,102,49.0,1.96,2.04,49.0,51.0,196.0,47.549733139252794,316,98,0.0
1908,98,102,49.0,1.96,2.04,49.0,51.0,196.0,47.549733139252794,316,98,0.0
1909,98,102,49.0,1.96,2.04,49.0,51.0,196.0,47.549733139252794,316,98,0.0
1910,98,102,49.0,1.96,2.04,49.0,51.0,196.0,47.549733139252794,316,98,0.0
1911,98,102,49.0,1.96,2.04,49.0,51.0,196.0,47.549733139252794,316,98,0.0
1912,98,102,49.0,1.96,2.04,49.0,51.0,196.0,47.549733139252794,316,98,0.0
1913,98,102,49.0,1.96,2.04,49.0,51.0,196.0,47.549733139252794,316,98,0.0
1914,98,102,49.0,1.96,2.04,49.0,51.0,196.0,47.549733139252794,316,98,0.0
1915,98,102,49.0,1.96,2.04,49.0,51.0,196.0,47.549733139252794,316,98,0.0
1916,98,102,49.0,1.96,2.04,49.0,51.0,196.0,47.549733139252794,316,98,0.0
1917,98,102,49.0,1.96,2.04,49.0,51.0,196.0,47.549733139252794,317,98,0.0
1918,98,102,49.0,1.96,2.04,49.0,51.0,196.0,47.549733139252794,317,98,0.0
1919,98,102,49.0,1.96,2.04,49.0,51.0,196.0,47.549733139252794,317,98,0.0
1920,98,102,49.0,1.96,2.04,49.0,51.0,196.0,47.549733139252794,317,98,0.0
1921,98,102,49.0,1.96,2.04,49.0,51.0,196.0,47.549733139252794,318,98,0.0
1922,98,102,49.0,1.96,2.04,49.0,51.0,196.0,47.549733139252794,318,98,0.0
1923,98,102,49.0,1.96,2.04,49.0,51.0,196.0,47.549733139252794,318,98,0.0
1924,98,102,49.0,1.96,2.04,49.0,51.0,196.0,47.549733139252794,318,98,0.0
1925,98,102,49.0,1.96,2.04,49.0,51.0,196.0,47.549733139252794,318,98,0.0
1926,98,102,49.0,1.96,2.04,49.0,51.0,196.0,47.549733139252794,318,98,0.0
1927,98,102,49.0,1.96,2.04,49.0,51.0,196.0,47.549733139252794,318,98,0.0
1928,98,102,49.0,1.96,2.04,49.0,51.0,196.0,47.549733139252794,318,98,0.0
1929,98,102,49.0,1.96,2.04,49.0,51.0,196.0,47.549733139252794,318,98,0.0
1930,98,102,49.0,1.96,2.04,49.0,51.0,196.0,47.549733139252794,318,98,0.0
1931,98,102,49.0,1.96,2.04,49.0,51.0,196.0,47.549733139252794,318,98,0.0
1932,98,102,49.0,1.96,2.04,49.0,51.0,196.0,47.549733139252794,318,98,0.0
1933,98,102,49.0,1.96,2.04,49.0,51.0,196.0,47.549733139252794,318,98,0.0
1934,98,102,49.0,1.96,2.04,49.0,51.0,196.0,47.549733139252794,318,98,0.0
1935,98,102,49.0,1.96,2.04,49.0,51.0,196.0,47.549733139252794,318,98,0.0
1936,98,102,49.0,1.96,2.04,49.0,51.0,196.0,47.549733139252794,318,98,0.0
1937,98,102,49.0,1.96,2.04,49.0,51.0,196.0,47.549733139252794,318,98,0.0
1938,98,102,49.0,1.96,2.04,49.0,51.0,196.0,47.549733139252794,318,98,0.0
1939,98,102,49.0,1.96,2.04,49.0,51.0,196.0,47.549733139252794,318,98,0.0
1940,98,102,49.0,1.96,2.04,49.0,51.0,196.0,47.549733139252794,318,98,0.0
1941,98,102,49.0,1.96,2.04,49.0,51.0,196.0,47.549733139252794,318,98,0.0
1942,98,102,49.0,1.96,2.04,49.0,51.0,196.0,47.549733139252794,318,98,0.0
1943,98,102,49.0,1.96,2.04,49.0,51.0,196.0,47.549733139252794,318,98,0.0
1944,98,102,49.0,1.96,2.04,49.0,51.0,196.0,47.549733139252794,318,98,0.0
1945,98,102,49.0,1.96,2.04,49.0,51.0,196.0,47.549733139252794,318,98,0.0
1946,98,102,49.0,1.96,2.04,49.0,51.0,196.0,47.549733139252794,318,98,0.0
1947,98,102,49.0,1.96,2.04,49.0,51.0,196.0,47.549733139252794,318,98,0.0
1948,98,102,49.0,1.96,2.04,49.0,51.0,196.0,47.549733139252794,318,98,0.0
1949,98,102,49.0,1.96,2.04,49.0,51.0,196.0,47.549733139252794,318,98,0.0
1950,98,102,49.0,1.96,2.04,49.0,51.0,196.0,47.549733139252794,318,98,0.0
1951,98,102,49.0,1.96,2.04,49.0,51.0,196.0,47.549733139252794,318,98,0.0
1952,98,102,49.0,1.96,2.04,49.0,51.0,196.0,47.549733139252794,318,98,0.0
1953,98,102,49.0,1.96,2.04,49.0,51.0,196.0,47.549733139252794,318,98,0.0
1954,98,102,49.0,1.96,2.04,49.0,51.0,196.0,47.549733139252794,318,98,0.0
1955,98,102,49.0,1.96,2.04,49.0,51.0,196.0,47.549733139252794,318,98,0.0
1956,98,102,49.0,1.96,2.04,49.0,51.0,196.0,47.549733139252794,318,98,0.0
1957,98,102,49.0,1.96,2.04,49.0,51.0,196.0,47.549733139252794,318,98,0.0
1958,98,102,49.0,1.96,2.04,49.0,51.0,196.0,47.549733139252794,318,98,0.0
1959,98,102,49.0,1.96,2.04,49.0,51.0,196.0,47.549733139252794,318,98,0.0
1960,98,102,49.0,1.96,2.04,49.0,51.0,196.0,47.549733139252794,318,98,0.0
1961,98,102,49.0,1.96,2.04,49.0,51.0,196.0,47.549733139252794,318,98,0.0
1962,98,102,49.0,1.96,2.04,49.0,51.0,196.0,47.549733139252794,318,98,0.0
1963,98,102,49.0,1.96,2.04,49.0,51.0,196.0,47.549733139252794,318,98,0.0
1964,98,102,49.0,1.96,2.04,49.0,51.0,196.0,47.549733139252794,318,98,0.0
1965,98,102,49.0,1.96,2.04,49.0,51.0,196.0,47.549733139252794,318,98,0.0
1966,98,102,49.0,1.96,2.04,49.0,51.0,196.0,47.549733139252794,318,98,0.0
1967,98,102,49.0,1.96,2.04,49.0,51.0,196.0,47.549733139252794,318,98,0.0
1968,98,102,49.0,1.96,2.04,49.0,51.0,196.0,47.549733139252794,318,98,0.0
1969,98,102,49.0,1.96,2.04,49.0,51.0,196.0,47.549733139252794,318,98,0.0
1970,98,102,49.0,1.96,2.04,49.0,51.0,196.0,47.549733139252794,318,98,0.0
1971,98,102,49.0,1.96,2.04,49.0,51.0,196.0,47.549733139252794,319,98,0.0
1972,98,102,49.0,1.96,2.04,49.0,51.0,196.0,47.549733139252794,320,98,0.0
1973,98,102,49.0,1.96,2.04,49.0,51.0,196.0,47.549733139252794,320,98,0.0
1974,98,102,49.0,1.96,2.04,49.0,51.0,196.0,47.549733139252794,321,98,0.0
1975,98,102,49.0,1.96,2.04,49.0,51.0,196.0,47.549733139252794,321,98,0.0
1976,98,102,49.0,1.96,2.04,49.0,51.0,196.0,47.549733139252794,321,98,0.0
1977,98,102,49.0,1.96,2.04,49.0,51.0,196.0,47.549733139252794,321,98,0.0
1978,98,102,49.0,1.96,2.04,49.0,51.0,196.0,47.549733139252794,321,98,0.0
1979,98,102,49.0,1.96,2.04,49.0,51.0,196.0,47.549733139252794,322,98,0.0
1980,98,102,49.0,1.96,2.04,49.0,51.0,196.0,47.549733139252794,323,98,0.0
1981,98,102,49.0,1.96,2.04,49.0,51.0,196.0,47.549733139252794,324,98,0.0
1982,98,102,49.0,1.96,2.04,49.0,51.0,196.0,47.549733139252794,324,98,0.0
1983,98,102,49.0,1.96,2.04,49.0,51.0,196.0,47.549733139252794,324,98,0.0
1984,98,102,49.0,1.96,2.04,49.0,51.0,196.0,47.549733139252794,324,98,0.0
1985,98,102,49.0,1.96,2.04,49.0,51.0,196.0,47.549733139252794,324,98,0.0
1986,98,102,49.0,1.96,2.04,49.0,51.0,196.0,47.549733139252794,324,98,0.0
1987,98,102,49.0,1.96,2.04,49.0,51.0,196.0,47.549733139252794,324,98,0.0
1988,98,102,49.0,1.96,2.04,49.0,51.0,196.0,47.549733139252794,324,98,0.0
1989,98,102,49.0,1.96,2.04,49.0,51.0,196.0,47.549733139252794,324,98,0.0
1990,98,102,49.0,1.96,2.04,49.0,51.0,196.0,47.549733139252794,324,98,0.0
1991,98,102,49.0,1.96,2.04,49.0,51.0,196.0,47.549733139252794,324,98,0.0
1992,98,102,49.0,1.96,2.04,49.0,51.0,196.0,47.549733139252794,325,98,0.0
1993,98,102,49.0,1.96,2.04,49.0,51.0,196.0,47.549733139252794,325,98,0.0
1994,98,102,49.0,1.96,2.04,49.0,51.0,196.0,47.549733139252794,325,98,0.0
1995,98,102,49.0,1.96,2.04,49.0,51.0,196.0,47.549733139252794,325,98,0.0
1996,98,102,49.0,1.96,2.04,49.0,51.0,196.0,47.549733139252794,326,98,0.0
1997,98,102,49.0,1.96,2.04,49.0,51.0,196.0,47.549733139252794,327,98,0.0
1998,98,102,49.0,1.96,2.04,49.0,51.0,196.0,47.549733139252794,327,98,0.0
1999,98,102,49.0,1.96,2.04,49.0,51.0,196.0,47.549733139252794,327,98,0.0
2000,98,102,49.0,1.96,2.04,49.0,51.0,196.0,47.549733139252794,327,98,0.0
