step,n_adsorbed,n_free,percent_adsorbed,m_adsorbed_mg,m_free_mg,c_pdf_mg_l,c_remaining_mg_l,qt_mg_g,percent_qmax,n_contacts,n_adsorption_events,dqt_per_step
0,0,200,0.0,0.0,4.0,0.0,100.0,0.0,0.0,0,0,0.0
1,0,200,0.0,0.0,4.0,0.0,100.0,0.0,0.0,0,0,0.0
2,0,200,0.0,0.0,4.0,0.0,100.0,0.0,0.0,1,0,0.0
3,0,200,0.0,0.0,4.0,0.0,100.0,0.0,0.0,1,0,0.0
4,0,200,0.0,0.0,4.0,0.0,100.0,0.0,0.0,1,0,0.0
5,1,199,0.5,0.02,3.98,0.5,99.5,2.0,0.48520135856380403,2,1,2.0
6,1,199,0.5,0.02,3.98,0.5,99.5,2.0,0.48520135856380403,2,1,0.0
7,1,199,0.5,0.02,3.98,0.5,99.5,2.0,0.48520135856380403,2,1,0.0
8,1,199,0.5,0.02,3.98,0.5,99.5,2.0,0.48520135856380403,2,1,0.0
9,2,198,1.0,0.04,3.96,1.0,99.0,4.0,0.9704027171276081,3,2,2.0
10,2,198,1.0,0.04,3.96,1.0,99.0,4.0,0.9704027171276081,3,2,0.0
11,2,198,1.0,0.04,3.96,1.0,99.0,4.0,0.9704027171276081,4,2,0.0
12,3,197,1.5,0.06,3.94,1.5,98.5,6.0,1.455604075691412,5,3,2.0
13,3,197,1.5,0.06,3.94,1.5,98.5,6.0,1.455604075691412,5,3,0.0
14,3,197,1.5,0.06,3.94,1.5,98.5,6.0,1.455604075691412,5,3,0.0
15,3,197,1.5,0.06,3.94,1.5,98.5,6.0,1.455604075691412,6,3,0.0
16,3,197,1.5,0.06,3.94,1.5,98.5,6.0,1.455604075691412,7,3,0.0
17,3,197,1.5,0.06,3.94,1.5,98.5,6.0,1.455604075691412,8,3,0.0
18,3,197,1.5,0.06,3.94,1.5,98.5,6.0,1.455604075691412,10,3,0.0
19,3,197,1.5,0.06,3.94,1.5,98.5,6.0,1.455604075691412,11,3,0.0
20,3,197,1.5,0.06,3.94,1.5,98.5,6.0,1.455604075691412,12,3,0.0
21,3,197,1.5,0.06,3.94,1.5,98.5,6.0,1.455604075691412,14,3,0.0
22,3,197,1.5,0.06,3.94,1.5,98.5,6.0,1.455604075691412,16,3,0.0
23,4,196,2.0,0.08,3.92,2.0,98.0,8.0,1.9408054342552161,18,4,2.0
24,4,196,2.0,0.08,3.92,2.0,98.0,8.0,1.9408054342552161,18,4,0.0
25,4,196,2.0,0.08,3.92,2.0,98.0,8.0,1.9408054342552161,18,4,0.0
26,4,196,2.0,0.08,3.92,2.0,98.0,8.0,1.9408054342552161,18,4,0.0
27,4,196,2.0,0.08,3.92,2.0,98.0,8.0,1.9408054342552161,18,4,0.0
28,4,196,2.0,0.08,3.92,2.0,98.0,8.0,1.9408054342552161,18,4,0.0
29,4,196,2.0,0.08,3.92,2.0,98.0,8.0,1.9408054342552161,18,4,0.0
30,4,196,2.0,0.08,3.92,2.0,98.0,8.0,1.9408054342552161,18,4,0.0
31,4,196,2.0,0.08,3.92,2.0,98.0,8.0,1.9408054342552161,19,4,0.0
32,4,196,2.0,0.08,3.92,2.0,98.0,8.0,1.9408054342552161,20,4,0.0
33,4,196,2.0,0.08,3.92,2.0,98.0,8.0,1.9408054342552161,20,4,0.0
34,4,196,2.0,0.08,3.92,2.0,98.0,8.0,1.9408054342552161,20,4,0.0
35,4,196,2.0,0.08,3.92,2.0,98.0,8.0,1.9408054342552161,20,4,0.0
36,4,196,2.0,0.08,3.92,2.0,98.0,8.0,1.9408054342552161,20,4,0.0
37,4,196,2.0,0.08,3.92,2.0,98.0,8.0,1.9408054342552161,20,4,0.0
38,4,196,2.0,0.08,3.92,2.0,98.0,8.0,1.9408054342552161,20,4,0.0
39,4,196,2.0,0.08,3.92,2.0,98.0,8.0,1.9408054342552161,20,4,0.0
40,4,196,2.0,0.08,3.92,2.0,98.0,8.0,1.9408054342552161,20,4,0.0
41,4,196,2.0,0.08,3.92,2.0,98.0,8.0,1.9408054342552161,20,4,0.0
42,4,196,2.0,0.08,3.92,2.0,98.0,8.0,1.9408054342552161,21,4,0.0
43,4,196,2.0,0.08,3.92,2.0,98.0,8.0,1.9408054342552161,21,4,0.0
44,5,195,2.5,0.1,3.9,2.5,97.5,10.0,2.42600679281902,22,5,2.0
45,5,195,2.5,0.1,3.9,2.5,97.5,10.0,2.42600679281902,22,5,0.0
46,5,195,2.5,0.1,3.9,2.5,97.5,10.0,2.42600679281902,22,5,0.0
47,5,195,2.5,0.1,3.9,2.5,97.5,10.0,2.42600679281902,22,5,0.0
48,5,195,2.5,0.1,3.9,2.5,97.5,10.0,2.42600679281902,22,5,0.0
49,5,195,2.5,0.1,3.9,2.5,97.5,10.0,2.42600679281902,22,5,0.0
50,5,195,2.5,0.1,3.9,2.5,97.5,10.0,2.42600679281902,22,5,0.0
51,5,195,2.5,0.1,3.9,2.5,97.5,10.0,2.42600679281902,22,5,0.0
52,5,195,2.5,0.1,3.9,2.5,97.5,10.0,2.42600679281902,22,5,0.0
53,5,195,2.5,0.1,3.9,2.5,97.5,10.0,2.42600679281902,22,5,0.0
54,5,195,2.5,0.1,3.9,2.5,97.5,10.0,2.42600679281902,22,5,0.0
55,5,195,2.5,0.1,3.9,2.5,97.5,10.0,2.42600679281902,22,5,0.0
56,5,195,2.5,0.1,3.9,2.5,97.5,10.0,2.42600679281902,22,5,0.0
57,5,195,2.5,0.1,3.9,2.5,97.5,10.0,2.42600679281902,22,5,0.0
58,5,195,2.5,0.1,3.9,2.5,97.5,10.0,2.42600679281902,22,5,0.0
59,5,195,2.5,0.1,3.9,2.5,97.5,10.0,2.42600679281902,22,5,0.0
60,5,195,2.5,0.1,3.9,2.5,97.5,10.0,2.42600679281902,22,5,0.0
61,5,195,2.5,0.1,3.9,2.5,97.5,10.0,2.42600679281902,22,5,0.0
62,6,194,3.0,0.12,3.88,3.0,97.0,12.0,2.911208151382824,23,6,2.0
63,6,194,3.0,0.12,3.88,3.0,97.0,12.0,2.911208151382824,24,6,0.0
64,6,194,3.0,0.12,3.88,3.0,97.0,12.0,2.911208151382824,24,6,0.0
65,6,194,3.0,0.12,3.88,3.0,97.0,12.0,2.911208151382824,24,6,0.0
66,6,194,3.0,0.12,3.88,3.0,97.0,12.0,2.911208151382824,24,6,0.0
67,6,194,3.0,0.12,3.88,3.0,97.0,12.0,2.911208151382824,24,6,0.0
68,6,194,3.0,0.12,3.88,3.0,97.0,12.0,2.911208151382824,24,6,0.0
69,6,194,3.0,0.12,3.88,3.0,97.0,12.0,2.911208151382824,24,6,0.0
70,6,194,3.0,0.12,3.88,3.0,97.0,12.0,2.911208151382824,24,6,0.0
71,6,194,3.0,0.12,3.88,3.0,97.0,12.0,2.911208151382824,24,6,0.0
72,6,194,3.0,0.12,3.88,3.0,97.0,12.0,2.911208151382824,24,6,0.0
73,6,194,3.0,0.12,3.88,3.0,97.0,12.0,2.911208151382824,25,6,0.0
74,6,194,3.0,0.12,3.88,3.0,97.0,12.0,2.911208151382824,26,6,0.0
75,6,194,3.0,0.12,3.88,3.0,97.0,12.0,2.911208151382824,26,6,0.0
76,6,194,3.0,0.12,3.88,3.0,97.0,12.0,2.911208151382824,26,6,0.0
77,6,194,3.0,0.12,3.88,3.0,97.0,12.0,2.911208151382824,26,6,0.0
78,6,194,3.0,0.12,3.88,3.0,97.0,12.0,2.911208151382824,27,6,0.0
79,6,194,3.0,0.12,3.88,3.0,97.0,12.0,2.911208151382824,27,6,0.0
80,6,194,3.0,0.12,3.88,3.0,97.0,12.0,2.911208151382824,28,6,0.0
81,6,194,3.0,0.12,3.88,3.0,97.0,12.0,2.911208151382824,28,6,0.0
82,6,194,3.0,0.12,3.88,3.0,97.0,12.0,2.911208151382824,28,6,0.0
83,6,194,3.0,0.12,3.88,3.0,97.0,12.0,2.911208151382824,28,6,0.0
84,6,194,3.0,0.12,3.88,3.0,97.0,12.0,2.911208151382824,28,6,0.0
85,6,194,3.0,0.12,3.88,3.0,97.0,12.0,2.911208151382824,28,6,0.0
86,6,194,3.0,0.12,3.88,3.0,97.0,12.0,2.911208151382824,29,6,0.0
87,6,194,3.0,0.12,3.88,3.0,97.0,12.0,2.911208151382824,29,6,0.0
88,7,193,3.5000000000000004,0.14,3.86,3.5000000000000004,96.5,14.000000000000002,3.3964095099466283,30,7,2.0000000000000018
89,7,193,3.5000000000000004,0.14,3.86,3.5000000000000004,96.5,14.000000000000002,3.3964095099466283,30,7,0.0
90,8,192,4.0,0.16,3.84,4.0,96.0,16.0,3.8816108685104322,31,8,1.9999999999999982
91,8,192,4.0,0.16,3.84,4.0,96.0,16.0,3.8816108685104322,31,8,0.0
92,8,192,4.0,0.16,3.84,4.0,96.0,16.0,3.8816108685104322,31,8,0.0
93,8,192,4.0,0.16,3.84,4.0,96.0,16.0,3.8816108685104322,31,8,0.0
94,8,192,4.0,0.16,3.84,4.0,96.0,16.0,3.8816108685104322,31,8,0.0
95,8,192,4.0,0.16,3.84,4.0,96.0,16.0,3.8816108685104322,31,8,0.0
96,8,192,4.0,0.16,3.84,4.0,96.0,16.0,3.8816108685104322,31,8,0.0
97,8,192,4.0,0.16,3.84,4.0,96.0,16.0,3.8816108685104322,31,8,0.0
98,9,191,4.5,0.18,3.82,4.5,95.5,18.0,4.366812227074236,33,9,2.0
99,9,191,4.5,0.18,3.82,4.5,95.5,18.0,4.366812227074236,33,9,0.0
100,9,191,4.5,0.18,3.82,4.5,95.5,18.0,4.366812227074236,34,9,0.0
101,9,191,4.5,0.18,3.82,4.5,95.5,18.0,4.366812227074236,34,9,0.0
102,9,191,4.5,0.18,3.82,4.5,95.5,18.0,4.366812227074236,34,9,0.0
103,9,191,4.5,0.18,3.82,4.5,95.5,18.0,4.366812227074236,35,9,0.0
104,9,191,4.5,0.18,3.82,4.5,95.5,18.0,4.366812227074236,36,9,0.0
105,9,191,4.5,0.18,3.82,4.5,95.5,18.0,4.366812227074236,37,9,0.0
106,9,191,4.5,0.18,3.82,4.5,95.5,18.0,4.366812227074236,38,9,0.0
107,9,191,4.5,0.18,3.82,4.5,95.5,18.0,4.366812227074236,38,9,0.0
108,10,190,5.0,0.2,3.8,5.0,95.0,20.0,4.85201358563804,40,10,2.0
109,10,190,5.0,0.2,3.8,5.0,95.0,20.0,4.85201358563804,41,10,0.0
110,11,189,5.5,0.22,3.78,5.5,94.5,22.0,5.337214944201843,42,11,2.0
111,11,189,5.5,0.22,3.78,5.5,94.5,22.0,5.337214944201843,42,11,0.0
112,11,189,5.5,0.22,3.78,5.5,94.5,22.0,5.337214944201843,42,11,0.0
113,11,189,5.5,0.22,3.78,5.5,94.5,22.0,5.337214944201843,42,11,0.0
114,11,189,5.5,0.22,3.78,5.5,94.5,22.0,5.337214944201843,42,11,0.0
115,11,189,5.5,0.22,3.78,5.5,94.5,22.0,5.337214944201843,42,11,0.0
116,11,189,5.5,0.22,3.78,5.5,94.5,22.0,5.337214944201843,42,11,0.0
117,11,189,5.5,0.22,3.78,5.5,94.5,22.0,5.337214944201843,43,11,0.0
118,11,189,5.5,0.22,3.78,5.5,94.5,22.0,5.337214944201843,44,11,0.0
119,11,189,5.5,0.22,3.78,5.5,94.5,22.0,5.337214944201843,44,11,0.0
120,11,189,5.5,0.22,3.78,5.5,94.5,22.0,5.337214944201843,44,11,0.0
121,11,189,5.5,0.22,3.78,5.5,94.5,22.0,5.337214944201843,44,11,0.0
122,11,189,5.5,0.22,3.78,5.5,94.5,22.0,5.337214944201843,44,11,0.0
123,11,189,5.5,0.22,3.78,5.5,94.5,22.0,5.337214944201843,44,11,0.0
124,11,189,5.5,0.22,3.78,5.5,94.5,22.0,5.337214944201843,44,11,0.0
125,12,188,6.0,0.24,3.76,6.0,93.99999999999999,24.0,5.822416302765648,45,12,2.0
126,12,188,6.0,0.24,3.76,6.0,93.99999999999999,24.0,5.822416302765648,45,12,0.0
127,12,188,6.0,0.24,3.76,6.0,93.99999999999999,24.0,5.822416302765648,45,12,0.0
128,12,188,6.0,0.24,3.76,6.0,93.99999999999999,24.0,5.822416302765648,45,12,0.0
129,12,188,6.0,0.24,3.76,6.0,93.99999999999999,24.0,5.822416302765648,45,12,0.0
130,12,188,6.0,0.24,3.76,6.0,93.99999999999999,24.0,5.822416302765648,45,12,0.0
131,12,188,6.0,0.24,3.76,6.0,93.99999999999999,24.0,5.822416302765648,46,12,0.0
132,12,188,6.0,0.24,3.76,6.0,93.99999999999999,24.0,5.822416302765648,46,12,0.0
133,12,188,6.0,0.24,3.76,6.0,93.99999999999999,24.0,5.822416302765648,46,12,0.0
134,12,188,6.0,0.24,3.76,6.0,93.99999999999999,24.0,5.822416302765648,46,12,0.0
135,12,188,6.0,0.24,3.76,6.0,93.99999999999999,24.0,5.822416302765648,47,12,0.0
136,12,188,6.0,0.24,3.76,6.0,93.99999999999999,24.0,5.822416302765648,48,12,0.0
137,12,188,6.0,0.24,3.76,6.0,93.99999999999999,24.0,5.822416302765648,48,12,0.0
138,12,188,6.0,0.24,3.76,6.0,93.99999999999999,24.0,5.822416302765648,48,12,0.0
139,12,188,6.0,0.24,3.76,6.0,93.99999999999999,24.0,5.822416302765648,48,12,0.0
140,12,188,6.0,0.24,3.76,6.0,93.99999999999999,24.0,5.822416302765648,49,12,0.0
141,12,188,6.0,0.24,3.76,6.0,93.99999999999999,24.0,5.822416302765648,49,12,0.0
142,12,188,6.0,0.24,3.76,6.0,93.99999999999999,24.0,5.822416302765648,50,12,0.0
143,12,188,6.0,0.24,3.76,6.0,93.99999999999999,24.0,5.822416302765648,51,12,0.0
144,13,187,6.5,0.26,3.74,6.5,93.5,26.0,6.307617661329452,52,13,2.0
145,13,187,6.5,0.26,3.74,6.5,93.5,26.0,6.307617661329452,52,13,0.0
146,13,187,6.5,0.26,3.74,6.5,93.5,26.0,6.307617661329452,52,13,0.0
147,13,187,6.5,0.26,3.74,6.5,93.5,26.0,6.307617661329452,52,13,0.0
148,13,187,6.5,0.26,3.74,6.5,93.5,26.0,6.307617661329452,52,13,0.0
149,13,187,6.5,0.26,3.74,6.5,93.5,26.0,6.307617661329452,52,13,0.0
150,13,187,6.5,0.26,3.74,6.5,93.5,26.0,6.307617661329452,52,13,0.0
151,13,187,6.5,0.26,3.74,6.5,93.5,26.0,6.307617661329452,52,13,0.0
152,13,187,6.5,0.26,3.74,6.5,93.5,26.0,6.307617661329452,52,13,0.0
153,13,187,6.5,0.26,3.74,6.5,93.5,26.0,6.307617661329452,52,13,0.0
154,13,187,6.5,0.26,3.74,6.5,93.5,26.0,6.307617661329452,53,13,0.0
155,13,187,6.5,0.26,3.74,6.5,93.5,26.0,6.307617661329452,54,13,0.0
156,13,187,6.5,0.26,3.74,6.5,93.5,26.0,6.307617661329452,55,13,0.0
157,13,187,6.5,0.26,3.74,6.5,93.5,26.0,6.307617661329452,56,13,0.0
158,13,187,6.5,0.26,3.74,6.5,93.5,26.0,6.307617661329452,56,13,0.0
159,13,187,6.5,0.26,3.74,6.5,93.5,26.0,6.307617661329452,57,13,0.0
160,13,187,6.5,0.26,3.74,6.5,93.5,26.0,6.307617661329452,57,13,0.0
161,13,187,6.5,0.26,3.74,6.5,93.5,26.0,6.307617661329452,57,13,0.0
162,13,187,6.5,0.26,3.74,6.5,93.5,26.0,6.307617661329452,57,13,0.0
163,14,186,7.000000000000001,0.28,3.7199999999999998,7.000000000000001,92.99999999999999,28.000000000000004,6.7928190198932565,58,14,2.0000000000000036
164,14,186,7.000000000000001,0.28,3.7199999999999998,7.000000000000001,92.99999999999999,28.000000000000004,6.7928190198932565,58,14,0.0
165,14,186,7.000000000000001,0.28,3.7199999999999998,7.000000000000001,92.99999999999999,28.000000000000004,6.7928190198932565,58,14,0.0
166,14,186,7.000000000000001,0.28,3.7199999999999998,7.000000000000001,92.99999999999999,28.000000000000004,6.7928190198932565,58,14,0.0
167,14,186,7.000000000000001,0.28,3.7199999999999998,7.000000000000001,92.99999999999999,28.000000000000004,6.7928190198932565,58,14,0.0
168,14,186,7.000000000000001,0.28,3.7199999999999998,7.000000000000001,92.99999999999999,28.000000000000004,6.7928190198932565,58,14,0.0
169,14,186,7.000000000000001,0.28,3.7199999999999998,7.000000000000001,92.99999999999999,28.000000000000004,6.7928190198932565,58,14,0.0
170,14,186,7.000000000000001,0.28,3.7199999999999998,7.000000000000001,92.99999999999999,28.000000000000004,6.7928190198932565,59,14,0.0
171,14,186,7.000000000000001,0.28,3.7199999999999998,7.000000000000001,92.99999999999999,28.000000000000004,6.7928190198932565,60,14,0.0
172,14,186,7.000000000000001,0.28,3.7199999999999998,7.000000000000001,92.99999999999999,28.000000000000004,6.7928190198932565,60,14,0.0
173,14,186,7.000000000000001,0.28,3.7199999999999998,7.000000000000001,92.99999999999999,28.000000000000004,6.7928190198932565,60,14,0.0
174,15,185,7.5,0.3,3.7,7.5,92.5,30.0,7.27802037845706,62,15,1.9999999999999964
175,15,185,7.5,0.3,3.7,7.5,92.5,30.0,7.27802037845706,62,15,0.0
176,16,184,8.0,0.32,3.68,8.0,92.0,32.0,7.7632217370208645,63,16,2.0
177,16,184,8.0,0.32,3.68,8.0,92.0,32.0,7.7632217370208645,63,16,0.0
178,16,184,8.0,0.32,3.68,8.0,92.0,32.0,7.7632217370208645,63,16,0.0
179,16,184,8.0,0.32,3.68,8.0,92.0,32.0,7.7632217370208645,64,16,0.0
180,16,184,8.0,0.32,3.68,8.0,92.0,32.0,7.7632217370208645,65,16,0.0
181,16,184,8.0,0.32,3.68,8.0,92.0,32.0,7.7632217370208645,66,16,0.0
182,16,184,8.0,0.32,3.68,8.0,92.0,32.0,7.7632217370208645,68,16,0.0
183,16,184,8.0,0.32,3.68,8.0,92.0,32.0,7.7632217370208645,71,16,0.0
184,16,184,8.0,0.32,3.68,8.0,92.0,32.0,7.7632217370208645,72,16,0.0
185,16,184,8.0,0.32,3.68,8.0,92.0,32.0,7.7632217370208645,72,16,0.0
186,16,184,8.0,0.32,3.68,8.0,92.0,32.0,7.7632217370208645,72,16,0.0
187,16,184,8.0,0.32,3.68,8.0,92.0,32.0,7.7632217370208645,72,16,0.0
188,17,183,8.5,0.34,3.66,8.5,91.5,34.0,8.248423095584668,73,17,2.0
189,17,183,8.5,0.34,3.66,8.5,91.5,34.0,8.248423095584668,73,17,0.0
190,17,183,8.5,0.34,3.66,8.5,91.5,34.0,8.248423095584668,73,17,0.0
191,17,183,8.5,0.34,3.66,8.5,91.5,34.0,8.248423095584668,73,17,0.0
192,17,183,8.5,0.34,3.66,8.5,91.5,34.0,8.248423095584668,73,17,0.0
193,17,183,8.5,0.34,3.66,8.5,91.5,34.0,8.248423095584668,74,17,0.0
194,17,183,8.5,0.34,3.66,8.5,91.5,34.0,8.248423095584668,74,17,0.0
195,17,183,8.5,0.34,3.66,8.5,91.5,34.0,8.248423095584668,74,17,0.0
196,17,183,8.5,0.34,3.66,8.5,91.5,34.0,8.248423095584668,74,17,0.0
197,17,183,8.5,0.34,3.66,8.5,91.5,34.0,8.248423095584668,74,17,0.0
198,17,183,8.5,0.34,3.66,8.5,91.5,34.0,8.248423095584668,74,17,0.0
199,17,183,8.5,0.34,3.66,8.5,91.5,34.0,8.248423095584668,74,17,0.0
200,17,183,8.5,0.34,3.66,8.5,91.5,34.0,8.248423095584668,74,17,0.0
201,17,183,8.5,0.34,3.66,8.5,91.5,34.0,8.248423095584668,74,17,0.0
202,17,183,8.5,0.34,3.66,8.5,91.5,34.0,8.248423095584668,74,17,0.0
203,17,183,8.5,0.34,3.66,8.5,91.5,34.0,8.248423095584668,74,17,0.0
204,17,183,8.5,0.34,3.66,8.5,91.5,34.0,8.248423095584668,74,17,0.0
205,17,183,8.5,0.34,3.66,8.5,91.5,34.0,8.248423095584668,74,17,0.0
206,17,183,8.5,0.34,3.66,8.5,91.5,34.0,8.248423095584668,74,17,0.0
207,17,183,8.5,0.34,3.66,8.5,91.5,34.0,8.248423095584668,74,17,0.0
208,17,183,8.5,0.34,3.66,8.5,91.5,34.0,8.248423095584668,74,17,0.0
209,17,183,8.5,0.34,3.66,8.5,91.5,34.0,8.248423095584668,74,17,0.0
210,17,183,8.5,0.34,3.66,8.5,91.5,34.0,8.248423095584668,74,17,0.0
211,17,183,8.5,0.34,3.66,8.5,91.5,34.0,8.248423095584668,74,17,0.0
212,17,183,8.5,0.34,3.66,8.5,91.5,34.0,8.248423095584668,76,17,0.0
213,18,182,9.0,0.36,3.64,9.0,91.0,36.0,8.733624454148472,77,18,2.0
214,19,181,9.5,0.38,3.62,9.5,90.5,38.0,9.218825812712275,78,19,2.0
215,19,181,9.5,0.38,3.62,9.5,90.5,38.0,9.218825812712275,78,19,0.0
216,19,181,9.5,0.38,3.62,9.5,90.5,38.0,9.218825812712275,78,19,0.0
217,19,181,9.5,0.38,3.62,9.5,90.5,38.0,9.218825812712275,78,19,0.0
218,19,181,9.5,0.38,3.62,9.5,90.5,38.0,9.218825812712275,78,19,0.0
219,19,181,9.5,0.38,3.62,9.5,90.5,38.0,9.218825812712275,78,19,0.0
220,19,181,9.5,0.38,3.62,9.5,90.5,38.0,9.218825812712275,78,19,0.0
221,19,181,9.5,0.38,3.62,9.5,90.5,38.0,9.218825812712275,78,19,0.0
222,19,181,9.5,0.38,3.62,9.5,90.5,38.0,9.218825812712275,78,19,0.0
223,19,181,9.5,0.38,3.62,9.5,90.5,38.0,9.218825812712275,78,19,0.0
224,19,181,9.5,0.38,3.62,9.5,90.5,38.0,9.218825812712275,78,19,0.0
225,19,181,9.5,0.38,3.62,9.5,90.5,38.0,9.218825812712275,78,19,0.0
226,19,181,9.5,0.38,3.62,9.5,90.5,38.0,9.218825812712275,78,19,0.0
227,19,181,9.5,0.38,3.62,9.5,90.5,38.0,9.218825812712275,78,19,0.0
228,19,181,9.5,0.38,3.62,9.5,90.5,38.0,9.218825812712275,78,19,0.0
229,19,181,9.5,0.38,3.62,9.5,90.5,38.0,9.218825812712275,78,19,0.0
230,19,181,9.5,0.38,3.62,9.5,90.5,38.0,9.218825812712275,78,19,0.0
231,19,181,9.5,0.38,3.62,9.5,90.5,38.0,9.218825812712275,78,19,0.0
232,19,181,9.5,0.38,3.62,9.5,90.5,38.0,9.218825812712275,78,19,0.0
233,19,181,9.5,0.38,3.62,9.5,90.5,38.0,9.218825812712275,78,19,0.0
234,19,181,9.5,0.38,3.62,9.5,90.5,38.0,9.218825812712275,78,19,0.0
235,19,181,9.5,0.38,3.62,9.5,90.5,38.0,9.218825812712275,78,19,0.0
236,19,181,9.5,0.38,3.62,9.5,90.5,38.0,9.218825812712275,78,19,0.0
237,20,180,10.0,0.4,3.6,10.0,90.0,40.0,9.70402717127608,79,20,2.0
238,20,180,10.0,0.4,3.6,10.0,90.0,40.0,9.70402717127608,79,20,0.0
239,20,180,10.0,0.4,3.6,10.0,90.0,40.0,9.70402717127608,79,20,0.0
240,20,180,10.0,0.4,3.6,10.0,90.0,40.0,9.70402717127608,79,20,0.0
241,20,180,10.0,0.4,3.6,10.0,90.0,40.0,9.70402717127608,79,20,0.0
242,20,180,10.0,0.4,3.6,10.0,90.0,40.0,9.70402717127608,79,20,0.0
243,20,180,10.0,0.4,3.6,10.0,90.0,40.0,9.70402717127608,79,20,0.0
244,20,180,10.0,0.4,3.6,10.0,90.0,40.0,9.70402717127608,79,20,0.0
245,20,180,10.0,0.4,3.6,10.0,90.0,40.0,9.70402717127608,79,20,0.0
246,20,180,10.0,0.4,3.6,10.0,90.0,40.0,9.70402717127608,79,20,0.0
247,20,180,10.0,0.4,3.6,10.0,90.0,40.0,9.70402717127608,79,20,0.0
248,20,180,10.0,0.4,3.6,10.0,90.0,40.0,9.70402717127608,79,20,0.0
249,20,180,10.0,0.4,3.6,10.0,90.0,40.0,9.70402717127608,79,20,0.0
250,20,180,10.0,0.4,3.6,10.0,90.0,40.0,9.70402717127608,79,20,0.0
251,20,180,10.0,0.4,3.6,10.0,90.0,40.0,9.70402717127608,79,20,0.0
252,20,180,10.0,0.4,3.6,10.0,90.0,40.0,9.70402717127608,79,20,0.0
253,20,180,10.0,0.4,3.6,10.0,90.0,40.0,9.70402717127608,79,20,0.0
254,20,180,10.0,0.4,3.6,10.0,90.0,40.0,9.70402717127608,79,20,0.0
255,20,180,10.0,0.4,3.6,10.0,90.0,40.0,9.70402717127608,79,20,0.0
256,20,180,10.0,0.4,3.6,10.0,90.0,40.0,9.70402717127608,79,20,0.0
257,20,180,10.0,0.4,3.6,10.0,90.0,40.0,9.70402717127608,79,20,0.0
258,20,180,10.0,0.4,3.6,10.0,90.0,40.0,9.70402717127608,79,20,0.0
259,20,180,10.0,0.4,3.6,10.0,90.0,40.0,9.70402717127608,79,20,0.0
260,20,180,10.0,0.4,3.6,10.0,90.0,40.0,9.70402717127608,79,20,0.0
261,20,180,10.0,0.4,3.6,10.0,90.0,40.0,9.70402717127608,79,20,0.0
262,20,180,10.0,0.4,3.6,10.0,90.0,40.0,9.70402717127608,79,20,0.0
263,20,180,10.0,0.4,3.6,10.0,90.0,40.0,9.70402717127608,79,20,0.0
264,20,180,10.0,0.4,3.6,10.0,90.0,40.0,9.70402717127608,80,20,0.0
265,21,179,10.5,0.42,3.58,10.5,89.5,42.0,10.189228529839884,81,21,2.0
266,21,179,10.5,0.42,3.58,10.5,89.5,42.0,10.189228529839884,81,21,0.0
267,21,179,10.5,0.42,3.58,10.5,89.5,42.0,10.189228529839884,81,21,0.0
268,21,179,10.5,0.42,3.58,10.5,89.5,42.0,10.189228529839884,81,21,0.0
269,21,179,10.5,0.42,3.58,10.5,89.5,42.0,10.189228529839884,81,21,0.0
270,21,179,10.5,0.42,3.58,10.5,89.5,42.0,10.189228529839884,81,21,0.0
271,21,179,10.5,0.42,3.58,10.5,89.5,42.0,10.189228529839884,81,21,0.0
272,21,179,10.5,0.42,3.58,10.5,89.5,42.0,10.189228529839884,81,21,0.0
273,21,179,10.5,0.42,3.58,10.5,89.5,42.0,10.189228529839884,81,21,0.0
274,21,179,10.5,0.42,3.58,10.5,89.5,42.0,10.189228529839884,81,21,0.0
275,21,179,10.5,0.42,3.58,10.5,89.5,42.0,10.189228529839884,81,21,0.0
276,21,179,10.5,0.42,3.58,10.5,89.5,42.0,10.189228529839884,81,21,0.0
277,21,179,10.5,0.42,3.58,10.5,89.5,42.0,10.189228529839884,81,21,0.0
278,21,179,10.5,0.42,3.58,10.5,89.5,42.0,10.189228529839884,81,21,0.0
279,21,179,10.5,0.42,3.58,10.5,89.5,42.0,10.189228529839884,81,21,0.0
280,21,179,10.5,0.42,3.58,10.5,89.5,42.0,10.189228529839884,81,21,0.0
281,21,179,10.5,0.42,3.58,10.5,89.5,42.0,10.189228529839884,81,21,0.0
282,21,179,10.5,0.42,3.58,10.5,89.5,42.0,10.189228529839884,82,21,0.0
283,21,179,10.5,0.42,3.58,10.5,89.5,42.0,10.189228529839884,82,21,0.0
284,21,179,10.5,0.42,3.58,10.5,89.5,42.0,10.189228529839884,82,21,0.0
285,21,179,10.5,0.42,3.58,10.5,89.5,42.0,10.189228529839884,82,21,0.0
286,21,179,10.5,0.42,3.58,10.5,89.5,42.0,10.189228529839884,82,21,0.0
287,21,179,10.5,0.42,3.58,10.5,89.5,42.0,10.189228529839884,82,21,0.0
288,21,179,10.5,0.42,3.58,10.5,89.5,42.0,10.189228529839884,82,21,0.0
289,21,179,10.5,0.42,3.58,10.5,89.5,42.0,10.189228529839884,82,21,0.0
290,21,179,10.5,0.42,3.58,10.5,89.5,42.0,10.189228529839884,82,21,0.0
291,21,179,10.5,0.42,3.58,10.5,89.5,42.0,10.189228529839884,82,21,0.0
292,21,179,10.5,0.42,3.58,10.5,89.5,42.0,10.189228529839884,82,21,0.0
293,21,179,10.5,0.42,3.58,10.5,89.5,42.0,10.189228529839884,82,21,0.0
294,21,179,10.5,0.42,3.58,10.5,89.5,42.0,10.189228529839884,83,21,0.0
295,21,179,10.5,0.42,3.58,10.5,89.5,42.0,10.189228529839884,84,21,0.0
296,22,178,11.0,0.44,3.56,11.0,89.0,44.0,10.674429888403687,85,22,2.0
297,22,178,11.0,0.44,3.56,11.0,89.0,44.0,10.674429888403687,85,22,0.0
298,22,178,11.0,0.44,3.56,11.0,89.0,44.0,10.674429888403687,85,22,0.0
299,22,178,11.0,0.44,3.56,11.0,89.0,44.0,10.674429888403687,85,22,0.0
300,22,178,11.0,0.44,3.56,11.0,89.0,44.0,10.674429888403687,85,22,0.0
301,22,178,11.0,0.44,3.56,11.0,89.0,44.0,10.674429888403687,85,22,0.0
302,22,178,11.0,0.44,3.56,11.0,89.0,44.0,10.674429888403687,85,22,0.0
303,22,178,11.0,0.44,3.56,11.0,89.0,44.0,10.674429888403687,85,22,0.0
304,22,178,11.0,0.44,3.56,11.0,89.0,44.0,10.674429888403687,85,22,0.0
305,22,178,11.0,0.44,3.56,11.0,89.0,44.0,10.674429888403687,86,22,0.0
306,22,178,11.0,0.44,3.56,11.0,89.0,44.0,10.674429888403687,86,22,0.0
307,22,178,11.0,0.44,3.56,11.0,89.0,44.0,10.674429888403687,87,22,0.0
308,22,178,11.0,0.44,3.56,11.0,89.0,44.0,10.674429888403687,87,22,0.0
309,22,178,11.0,0.44,3.56,11.0,89.0,44.0,10.674429888403687,87,22,0.0
310,22,178,11.0,0.44,3.56,11.0,89.0,44.0,10.674429888403687,87,22,0.0
311,22,178,11.0,0.44,3.56,11.0,89.0,44.0,10.674429888403687,87,22,0.0
312,22,178,11.0,0.44,3.56,11.0,89.0,44.0,10.674429888403687,87,22,0.0
313,22,178,11.0,0.44,3.56,11.0,89.0,44.0,10.674429888403687,87,22,0.0
314,22,178,11.0,0.44,3.56,11.0,89.0,44.0,10.674429888403687,87,22,0.0
315,22,178,11.0,0.44,3.56,11.0,89.0,44.0,10.674429888403687,87,22,0.0
316,22,178,11.0,0.44,3.56,11.0,89.0,44.0,10.674429888403687,87,22,0.0
317,22,178,11.0,0.44,3.56,11.0,89.0,44.0,10.674429888403687,87,22,0.0
318,22,178,11.0,0.44,3.56,11.0,89.0,44.0,10.674429888403687,87,22,0.0
319,23,177,11.5,0.46,3.54,11.5,88.5,46.0,11.159631246967491,88,23,2.0
320,23,177,11.5,0.46,3.54,11.5,88.5,46.0,11.159631246967491,88,23,0.0
321,23,177,11.5,0.46,3.54,11.5,88.5,46.0,11.159631246967491,88,23,0.0
322,23,177,11.5,0.46,3.54,11.5,88.5,46.0,11.159631246967491,88,23,0.0
323,23,177,11.5,0.46,3.54,11.5,88.5,46.0,11.159631246967491,88,23,0.0
324,23,177,11.5,0.46,3.54,11.5,88.5,46.0,11.159631246967491,88,23,0.0
325,23,177,11.5,0.46,3.54,11.5,88.5,46.0,11.159631246967491,88,23,0.0
326,23,177,11.5,0.46,3.54,11.5,88.5,46.0,11.159631246967491,88,23,0.0
327,23,177,11.5,0.46,3.54,11.5,88.5,46.0,11.159631246967491,88,23,0.0
328,23,177,11.5,0.46,3.54,11.5,88.5,46.0,11.159631246967491,88,23,0.0
329,23,177,11.5,0.46,3.54,11.5,88.5,46.0,11.159631246967491,88,23,0.0
330,23,177,11.5,0.46,3.54,11.5,88.5,46.0,11.159631246967491,88,23,0.0
331,23,177,11.5,0.46,3.54,11.5,88.5,46.0,11.159631246967491,88,23,0.0
332,23,177,11.5,0.46,3.54,11.5,88.5,46.0,11.159631246967491,88,23,0.0
333,23,177,11.5,0.46,3.54,11.5,88.5,46.0,11.159631246967491,88,23,0.0
334,23,177,11.5,0.46,3.54,11.5,88.5,46.0,11.159631246967491,88,23,0.0
335,23,177,11.5,0.46,3.54,11.5,88.5,46.0,11.159631246967491,88,23,0.0
336,23,177,11.5,0.46,3.54,11.5,88.5,46.0,11.159631246967491,88,23,0.0
337,23,177,11.5,0.46,3.54,11.5,88.5,46.0,11.159631246967491,88,23,0.0
338,23,177,11.5,0.46,3.54,11.5,88.5,46.0,11.159631246967491,88,23,0.0
339,23,177,11.5,0.46,3.54,11.5,88.5,46.0,11.159631246967491,88,23,0.0
340,23,177,11.5,0.46,3.54,11.5,88.5,46.0,11.159631246967491,88,23,0.0
341,23,177,11.5,0.46,3.54,11.5,88.5,46.0,11.159631246967491,88,23,0.0
342,23,177,11.5,0.46,3.54,11.5,88.5,46.0,11.159631246967491,88,23,0.0
343,23,177,11.5,0.46,3.54,11.5,88.5,46.0,11.159631246967491,88,23,0.0
344,23,177,11.5,0.46,3.54,11.5,88.5,46.0,11.159631246967491,88,23,0.0
345,23,177,11.5,0.46,3.54,11.5,88.5,46.0,11.159631246967491,88,23,0.0
346,23,177,11.5,0.46,3.54,11.5,88.5,46.0,11.159631246967491,89,23,0.0
347,23,177,11.5,0.46,3.54,11.5,88.5,46.0,11.159631246967491,89,23,0.0
348,23,177,11.5,0.46,3.54,11.5,88.5,46.0,11.159631246967491,89,23,0.0
349,23,177,11.5,0.46,3.54,11.5,88.5,46.0,11.159631246967491,89,23,0.0
350,23,177,11.5,0.46,3.54,11.5,88.5,46.0,11.159631246967491,89,23,0.0
351,23,177,11.5,0.46,3.54,11.5,88.5,46.0,11.159631246967491,90,23,0.0
352,23,177,11.5,0.46,3.54,11.5,88.5,46.0,11.159631246967491,90,23,0.0
353,23,177,11.5,0.46,3.54,11.5,88.5,46.0,11.159631246967491,90,23,0.0
354,23,177,11.5,0.46,3.54,11.5,88.5,46.0,11.159631246967491,90,23,0.0
355,23,177,11.5,0.46,3.54,11.5,88.5,46.0,11.159631246967491,90,23,0.0
356,23,177,11.5,0.46,3.54,11.5,88.5,46.0,11.159631246967491,90,23,0.0
357,23,177,11.5,0.46,3.54,11.5,88.5,46.0,11.159631246967491,90,23,0.0
358,23,177,11.5,0.46,3.54,11.5,88.5,46.0,11.159631246967491,90,23,0.0
359,23,177,11.5,0.46,3.54,11.5,88.5,46.0,11.159631246967491,90,23,0.0
360,23,177,11.5,0.46,3.54,11.5,88.5,46.0,11.159631246967491,90,23,0.0
361,23,177,11.5,0.46,3.54,11.5,88.5,46.0,11.159631246967491,90,23,0.0
362,23,177,11.5,0.46,3.54,11.5,88.5,46.0,11.159631246967491,90,23,0.0
363,23,177,11.5,0.46,3.54,11.5,88.5,46.0,11.159631246967491,90,23,0.0
364,23,177,11.5,0.46,3.54,11.5,88.5,46.0,11.159631246967491,90,23,0.0
365,23,177,11.5,0.46,3.54,11.5,88.5,46.0,11.159631246967491,90,23,0.0
366,23,177,11.5,0.46,3.54,11.5,88.5,46.0,11.159631246967491,91,23,0.0
367,23,177,11.5,0.46,3.54,11.5,88.5,46.0,11.159631246967491,91,23,0.0
368,23,177,11.5,0.46,3.54,11.5,88.5,46.0,11.159631246967491,91,23,0.0
369,23,177,11.5,0.46,3.54,11.5,88.5,46.0,11.159631246967491,91,23,0.0
370,23,177,11.5,0.46,3.54,11.5,88.5,46.0,11.159631246967491,91,23,0.0
371,23,177,11.5,0.46,3.54,11.5,88.5,46.0,11.159631246967491,91,23,0.0
372,23,177,11.5,0.46,3.54,11.5,88.5,46.0,11.159631246967491,91,23,0.0
373,23,177,11.5,0.46,3.54,11.5,88.5,46.0,11.159631246967491,91,23,0.0
374,23,177,11.5,0.46,3.54,11.5,88.5,46.0,11.159631246967491,91,23,0.0
375,24,176,12.0,0.48,3.52,12.0,88.0,48.0,11.644832605531295,92,24,2.0
376,24,176,12.0,0.48,3.52,12.0,88.0,48.0,11.644832605531295,92,24,0.0
377,24,176,12.0,0.48,3.52,12.0,88.0,48.0,11.644832605531295,92,24,0.0
378,24,176,12.0,0.48,3.52,12.0,88.0,48.0,11.644832605531295,92,24,0.0
379,24,176,12.0,0.48,3.52,12.0,88.0,48.0,11.644832605531295,92,24,0.0
380,24,176,12.0,0.48,3.52,12.0,88.0,48.0,11.644832605531295,92,24,0.0
381,24,176,12.0,0.48,3.52,12.0,88.0,48.0,11.644832605531295,92,24,0.0
382,24,176,12.0,0.48,3.52,12.0,88.0,48.0,11.644832605531295,92,24,0.0
383,24,176,12.0,0.48,3.52,12.0,88.0,48.0,11.644832605531295,92,24,0.0
384,24,176,12.0,0.48,3.52,12.0,88.0,48.0,11.644832605531295,92,24,0.0
385,24,176,12.0,0.48,3.52,12.0,88.0,48.0,11.644832605531295,92,24,0.0
386,24,176,12.0,0.48,3.52,12.0,88.0,48.0,11.644832605531295,92,24,0.0
387,24,176,12.0,0.48,3.52,12.0,88.0,48.0,11.644832605531295,92,24,0.0
388,24,176,12.0,0.48,3.52,12.0,88.0,48.0,11.644832605531295,92,24,0.0
389,24,176,12.0,0.48,3.52,12.0,88.0,48.0,11.644832605531295,92,24,0.0
390,24,176,12.0,0.48,3.52,12.0,88.0,48.0,11.644832605531295,92,24,0.0
391,24,176,12.0,0.48,3.52,12.0,88.0,48.0,11.644832605531295,92,24,0.0
392,24,176,12.0,0.48,3.52,12.0,88.0,48.0,11.644832605531295,92,24,0.0
393,24,176,12.0,0.48,3.52,12.0,88.0,48.0,11.644832605531295,92,24,0.0
394,24,176,12.0,0.48,3.52,12.0,88.0,48.0,11.644832605531295,92,24,0.0
395,24,176,12.0,0.48,3.52,12.0,88.0,48.0,11.644832605531295,92,24,0.0
396,24,176,12.0,0.48,3.52,12.0,88.0,48.0,11.644832605531295,92,24,0.0
397,24,176,12.0,0.48,3.52,12.0,88.0,48.0,11.644832605531295,92,24,0.0
398,24,176,12.0,0.48,3.52,12.0,88.0,48.0,11.644832605531295,92,24,0.0
399,24,176,12.0,0.48,3.52,12.0,88.0,48.0,11.644832605531295,92,24,0.0
400,24,176,12.0,0.48,3.52,12.0,88.0,48.0,11.644832605531295,92,24,0.0
401,24,176,12.0,0.48,3.52,12.0,88.0,48.0,11.644832605531295,92,24,0.0
402,24,176,12.0,0.48,3.52,12.0,88.0,48.0,11.644832605531295,92,24,0.0
403,24,176,12.0,0.48,3.52,12.0,88.0,48.0,11.644832605531295,92,24,0.0
404,24,176,12.0,0.48,3.52,12.0,88.0,48.0,11.644832605531295,92,24,0.0
405,24,176,12.0,0.48,3.52,12.0,88.0,48.0,11.644832605531295,92,24,0.0
406,24,176,12.0,0.48,3.52,12.0,88.0,48.0,11.644832605531295,92,24,0.0
407,24,176,12.0,0.48,3.52,12.0,88.0,48.0,11.644832605531295,92,24,0.0
408,24,176,12.0,0.48,3.52,12.0,88.0,48.0,11.644832605531295,92,24,0.0
409,24,176,12.0,0.48,3.52,12.0,88.0,48.0,11.644832605531295,93,24,0.0
410,24,176,12.0,0.48,3.52,12.0,88.0,48.0,11.644832605531295,93,24,0.0
411,24,176,12.0,0.48,3.52,12.0,88.0,48.0,11.644832605531295,93,24,0.0
412,24,176,12.0,0.48,3.52,12.0,88.0,48.0,11.644832605531295,93,24,0.0
413,24,176,12.0,0.48,3.52,12.0,88.0,48.0,11.644832605531295,93,24,0.0
414,24,176,12.0,0.48,3.52,12.0,88.0,48.0,11.644832605531295,93,24,0.0
415,24,176,12.0,0.48,3.52,12.0,88.0,48.0,11.644832605531295,93,24,0.0
416,24,176,12.0,0.48,3.52,12.0,88.0,48.0,11.644832605531295,93,24,0.0
417,24,176,12.0,0.48,3.52,12.0,88.0,48.0,11.644832605531295,93,24,0.0
418,24,176,12.0,0.48,3.52,12.0,88.0,48.0,11.644832605531295,93,24,0.0
419,24,176,12.0,0.48,3.52,12.0,88.0,48.0,11.644832605531295,93,24,0.0
420,24,176,12.0,0.48,3.52,12.0,88.0,48.0,11.644832605531295,93,24,0.0
421,24,176,12.0,0.48,3.52,12.0,88.0,48.0,11.644832605531295,93,24,0.0
422,24,176,12.0,0.48,3.52,12.0,88.0,48.0,11.644832605531295,93,24,0.0
423,24,176,12.0,0.48,3.52,12.0,88.0,48.0,11.644832605531295,93,24,0.0
424,24,176,12.0,0.48,3.52,12.0,88.0,48.0,11.644832605531295,93,24,0.0
425,24,176,12.0,0.48,3.52,12.0,88.0,48.0,11.644832605531295,93,24,0.0
426,24,176,12.0,0.48,3.52,12.0,88.0,48.0,11.644832605531295,93,24,0.0
427,24,176,12.0,0.48,3.52,12.0,88.0,48.0,11.644832605531295,94,24,0.0
428,24,176,12.0,0.48,3.52,12.0,88.0,48.0,11.644832605531295,94,24,0.0
429,25,175,12.5,0.5,3.5,12.5,87.5,50.0,12.1300339640951,95,25,2.0
430,25,175,12.5,0.5,3.5,12.5,87.5,50.0,12.1300339640951,95,25,0.0
431,25,175,12.5,0.5,3.5,12.5,87.5,50.0,12.1300339640951,95,25,0.0
432,25,175,12.5,0.5,3.5,12.5,87.5,50.0,12.1300339640951,95,25,0.0
433,25,175,12.5,0.5,3.5,12.5,87.5,50.0,12.1300339640951,95,25,0.0
434,25,175,12.5,0.5,3.5,12.5,87.5,50.0,12.1300339640951,95,25,0.0
435,25,175,12.5,0.5,3.5,12.5,87.5,50.0,12.1300339640951,95,25,0.0
436,25,175,12.5,0.5,3.5,12.5,87.5,50.0,12.1300339640951,95,25,0.0
437,25,175,12.5,0.5,3.5,12.5,87.5,50.0,12.1300339640951,95,25,0.0
438,25,175,12.5,0.5,3.5,12.5,87.5,50.0,12.1300339640951,95,25,0.0
439,25,175,12.5,0.5,3.5,12.5,87.5,50.0,12.1300339640951,95,25,0.0
440,25,175,12.5,0.5,3.5,12.5,87.5,50.0,12.1300339640951,95,25,0.0
441,25,175,12.5,0.5,3.5,12.5,87.5,50.0,12.1300339640951,95,25,0.0
442,25,175,12.5,0.5,3.5,12.5,87.5,50.0,12.1300339640951,95,25,0.0
443,25,175,12.5,0.5,3.5,12.5,87.5,50.0,12.1300339640951,95,25,0.0
444,25,175,12.5,0.5,3.5,12.5,87.5,50.0,12.1300339640951,96,25,0.0
445,25,175,12.5,0.5,3.5,12.5,87.5,50.0,12.1300339640951,97,25,0.0
446,25,175,12.5,0.5,3.5,12.5,87.5,50.0,12.1300339640951,98,25,0.0
447,25,175,12.5,0.5,3.5,12.5,87.5,50.0,12.1300339640951,99,25,0.0
448,25,175,12.5,0.5,3.5,12.5,87.5,50.0,12.1300339640951,100,25,0.0
449,25,175,12.5,0.5,3.5,12.5,87.5,50.0,12.1300339640951,100,25,0.0
450,25,175,12.5,0.5,3.5,12.5,87.5,50.0,12.1300339640951,100,25,0.0
451,25,175,12.5,0.5,3.5,12.5,87.5,50.0,12.1300339640951,100,25,0.0
452,25,175,12.5,0.5,3.5,12.5,87.5,50.0,12.1300339640951,100,25,0.0
453,25,175,12.5,0.5,3.5,12.5,87.5,50.0,12.1300339640951,101,25,0.0
454,26,174,13.0,0.52,3.48,13.0,87.0,52.0,12.615235322658904,102,26,2.0
455,26,174,13.0,0.52,3.48,13.0,87.0,52.0,12.615235322658904,102,26,0.0
456,26,174,13.0,0.52,3.48,13.0,87.0,52.0,12.615235322658904,102,26,0.0
457,26,174,13.0,0.52,3.48,13.0,87.0,52.0,12.615235322658904,102,26,0.0
458,26,174,13.0,0.52,3.48,13.0,87.0,52.0,12.615235322658904,103,26,0.0
459,27,173,13.5,0.54,3.46,13.5,86.5,54.0,13.100436681222707,104,27,2.0
460,27,173,13.5,0.54,3.46,13.5,86.5,54.0,13.100436681222707,104,27,0.0
461,27,173,13.5,0.54,3.46,13.5,86.5,54.0,13.100436681222707,104,27,0.0
462,27,173,13.5,0.54,3.46,13.5,86.5,54.0,13.100436681222707,104,27,0.0
463,27,173,13.5,0.54,3.46,13.5,86.5,54.0,13.100436681222707,104,27,0.0
464,27,173,13.5,0.54,3.46,13.5,86.5,54.0,13.100436681222707,104,27,0.0
465,27,173,13.5,0.54,3.46,13.5,86.5,54.0,13.100436681222707,104,27,0.0
466,27,173,13.5,0.54,3.46,13.5,86.5,54.0,13.100436681222707,104,27,0.0
467,27,173,13.5,0.54,3.46,13.5,86.5,54.0,13.100436681222707,105,27,0.0
468,27,173,13.5,0.54,3.46,13.5,86.5,54.0,13.100436681222707,105,27,0.0
469,27,173,13.5,0.54,3.46,13.5,86.5,54.0,13.100436681222707,105,27,0.0
470,27,173,13.5,0.54,3.46,13.5,86.5,54.0,13.100436681222707,105,27,0.0
471,27,173,13.5,0.54,3.46,13.5,86.5,54.0,13.100436681222707,105,27,0.0
472,27,173,13.5,0.54,3.46,13.5,86.5,54.0,13.100436681222707,105,27,0.0
473,27,173,13.5,0.54,3.46,13.5,86.5,54.0,13.100436681222707,105,27,0.0
474,27,173,13.5,0.54,3.46,13.5,86.5,54.0,13.100436681222707,105,27,0.0
475,27,173,13.5,0.54,3.46,13.5,86.5,54.0,13.100436681222707,106,27,0.0
476,27,173,13.5,0.54,3.46,13.5,86.5,54.0,13.100436681222707,106,27,0.0
477,27,173,13.5,0.54,3.46,13.5,86.5,54.0,13.100436681222707,106,27,0.0
478,27,173,13.5,0.54,3.46,13.5,86.5,54.0,13.100436681222707,106,27,0.0
479,28,172,14.000000000000002,0.56,3.44,14.000000000000002,86.0,56.00000000000001,13.585638039786513,107,28,2.000000000000007
480,28,172,14.000000000000002,0.56,3.44,14.000000000000002,86.0,56.00000000000001,13.585638039786513,107,28,0.0
481,28,172,14.000000000000002,0.56,3.44,14.000000000000002,86.0,56.00000000000001,13.585638039786513,107,28,0.0
482,28,172,14.000000000000002,0.56,3.44,14.000000000000002,86.0,56.00000000000001,13.585638039786513,107,28,0.0
483,28,172,14.000000000000002,0.56,3.44,14.000000000000002,86.0,56.00000000000001,13.585638039786513,107,28,0.0
484,28,172,14.000000000000002,0.56,3.44,14.000000000000002,86.0,56.00000000000001,13.585638039786513,107,28,0.0
485,28,172,14.000000000000002,0.56,3.44,14.000000000000002,86.0,56.00000000000001,13.585638039786513,107,28,0.0
486,28,172,14.000000000000002,0.56,3.44,14.000000000000002,86.0,56.00000000000001,13.585638039786513,107,28,0.0
487,28,172,14.000000000000002,0.56,3.44,14.000000000000002,86.0,56.00000000000001,13.585638039786513,107,28,0.0
488,28,172,14.000000000000002,0.56,3.44,14.000000000000002,86.0,56.00000000000001,13.585638039786513,107,28,0.0
489,28,172,14.000000000000002,0.56,3.44,14.000000000000002,86.0,56.00000000000001,13.585638039786513,107,28,0.0
490,28,172,14.000000000000002,0.56,3.44,14.000000000000002,86.0,56.00000000000001,13.585638039786513,107,28,0.0
491,28,172,14.000000000000002,0.56,3.44,14.000000000000002,86.0,56.00000000000001,13.585638039786513,107,28,0.0
492,28,172,14.000000000000002,0.56,3.44,14.000000000000002,86.0,56.00000000000001,13.585638039786513,107,28,0.0
493,29,171,14.499999999999998,0.58,3.42,14.499999999999998,85.5,57.99999999999999,14.070839398350312,108,29,1.9999999999999858
494,29,171,14.499999999999998,0.58,3.42,14.499999999999998,85.5,57.99999999999999,14.070839398350312,108,29,0.0
495,29,171,14.499999999999998,0.58,3.42,14.499999999999998,85.5,57.99999999999999,14.070839398350312,108,29,0.0
496,29,171,14.499999999999998,0.58,3.42,14.499999999999998,85.5,57.99999999999999,14.070839398350312,108,29,0.0
497,29,171,14.499999999999998,0.58,3.42,14.499999999999998,85.5,57.99999999999999,14.070839398350312,108,29,0.0
498,29,171,14.499999999999998,0.58,3.42,14.499999999999998,85.5,57.99999999999999,14.070839398350312,108,29,0.0
499,29,171,14.499999999999998,0.58,3.42,14.499999999999998,85.5,57.99999999999999,14.070839398350312,108,29,0.0
500,29,171,14.499999999999998,0.58,3.42,14.499999999999998,85.5,57.99999999999999,14.070839398350312,108,29,0.0
501,29,171,14.499999999999998,0.58,3.42,14.499999999999998,85.5,57.99999999999999,14.070839398350312,109,29,0.0
502,29,171,14.499999999999998,0.58,3.42,14.499999999999998,85.5,57.99999999999999,14.070839398350312,109,29,0.0
503,29,171,14.499999999999998,0.58,3.42,14.499999999999998,85.5,57.99999999999999,14.070839398350312,109,29,0.0
504,29,171,14.499999999999998,0.58,3.42,14.499999999999998,85.5,57.99999999999999,14.070839398350312,109,29,0.0
505,29,171,14.499999999999998,0.58,3.42,14.499999999999998,85.5,57.99999999999999,14.070839398350312,109,29,0.0
506,29,171,14.499999999999998,0.58,3.42,14.499999999999998,85.5,57.99999999999999,14.070839398350312,109,29,0.0
507,29,171,14.499999999999998,0.58,3.42,14.499999999999998,85.5,57.99999999999999,14.070839398350312,109,29,0.0
508,29,171,14.499999999999998,0.58,3.42,14.499999999999998,85.5,57.99999999999999,14.070839398350312,109,29,0.0
509,29,171,14.499999999999998,0.58,3.42,14.499999999999998,85.5,57.99999999999999,14.070839398350312,109,29,0.0
510,29,171,14.499999999999998,0.58,3.42,14.499999999999998,85.5,57.99999999999999,14.070839398350312,109,29,0.0
511,29,171,14.499999999999998,0.58,3.42,14.499999999999998,85.5,57.99999999999999,14.070839398350312,109,29,0.0
512,29,171,14.499999999999998,0.58,3.42,14.499999999999998,85.5,57.99999999999999,14.070839398350312,109,29,0.0
513,29,171,14.499999999999998,0.58,3.42,14.499999999999998,85.5,57.99999999999999,14.070839398350312,109,29,0.0
514,29,171,14.499999999999998,0.58,3.42,14.499999999999998,85.5,57.99999999999999,14.070839398350312,109,29,0.0
515,29,171,14.499999999999998,0.58,3.42,14.499999999999998,85.5,57.99999999999999,14.070839398350312,109,29,0.0
516,29,171,14.499999999999998,0.58,3.42,14.499999999999998,85.5,57.99999999999999,14.070839398350312,109,29,0.0
517,29,171,14.499999999999998,0.58,3.42,14.499999999999998,85.5,57.99999999999999,14.070839398350312,109,29,0.0
518,29,171,14.499999999999998,0.58,3.42,14.499999999999998,85.5,57.99999999999999,14.070839398350312,109,29,0.0
519,29,171,14.499999999999998,0.58,3.42,14.499999999999998,85.5,57.99999999999999,14.070839398350312,109,29,0.0
520,29,171,14.499999999999998,0.58,3.42,14.499999999999998,85.5,57.99999999999999,14.070839398350312,109,29,0.0
521,29,171,14.499999999999998,0.58,3.42,14.499999999999998,85.5,57.99999999999999,14.070839398350312,109,29,0.0
522,29,171,14.499999999999998,0.58,3.42,14.499999999999998,85.5,57.99999999999999,14.070839398350312,109,29,0.0
523,29,171,14.499999999999998,0.58,3.42,14.499999999999998,85.5,57.99999999999999,14.070839398350312,109,29,0.0
524,29,171,14.499999999999998,0.58,3.42,14.499999999999998,85.5,57.99999999999999,14.070839398350312,109,29,0.0
525,29,171,14.499999999999998,0.58,3.42,14.499999999999998,85.5,57.99999999999999,14.070839398350312,109,29,0.0
526,29,171,14.499999999999998,0.58,3.42,14.499999999999998,85.5,57.99999999999999,14.070839398350312,109,29,0.0
527,29,171,14.499999999999998,0.58,3.42,14.499999999999998,85.5,57.99999999999999,14.070839398350312,109,29,0.0
528,29,171,14.499999999999998,0.58,3.42,14.499999999999998,85.5,57.99999999999999,14.070839398350312,109,29,0.0
529,29,171,14.499999999999998,0.58,3.42,14.499999999999998,85.5,57.99999999999999,14.070839398350312,109,29,0.0
530,30,170,15.0,0.6,3.4,15.0,85.0,60.0,14.55604075691412,110,30,2.000000000000007
531,30,170,15.0,0.6,3.4,15.0,85.0,60.0,14.55604075691412,110,30,0.0
532,30,170,15.0,0.6,3.4,15.0,85.0,60.0,14.55604075691412,110,30,0.0
533,30,170,15.0,0.6,3.4,15.0,85.0,60.0,14.55604075691412,110,30,0.0
534,30,170,15.0,0.6,3.4,15.0,85.0,60.0,14.55604075691412,110,30,0.0
535,30,170,15.0,0.6,3.4,15.0,85.0,60.0,14.55604075691412,110,30,0.0
536,30,170,15.0,0.6,3.4,15.0,85.0,60.0,14.55604075691412,110,30,0.0
537,30,170,15.0,0.6,3.4,15.0,85.0,60.0,14.55604075691412,110,30,0.0
538,30,170,15.0,0.6,3.4,15.0,85.0,60.0,14.55604075691412,110,30,0.0
539,30,170,15.0,0.6,3.4,15.0,85.0,60.0,14.55604075691412,110,30,0.0
540,30,170,15.0,0.6,3.4,15.0,85.0,60.0,14.55604075691412,110,30,0.0
541,30,170,15.0,0.6,3.4,15.0,85.0,60.0,14.55604075691412,110,30,0.0
542,30,170,15.0,0.6,3.4,15.0,85.0,60.0,14.55604075691412,110,30,0.0
543,30,170,15.0,0.6,3.4,15.0,85.0,60.0,14.55604075691412,110,30,0.0
544,30,170,15.0,0.6,3.4,15.0,85.0,60.0,14.55604075691412,110,30,0.0
545,30,170,15.0,0.6,3.4,15.0,85.0,60.0,14.55604075691412,110,30,0.0
546,30,170,15.0,0.6,3.4,15.0,85.0,60.0,14.55604075691412,110,30,0.0
547,30,170,15.0,0.6,3.4,15.0,85.0,60.0,14.55604075691412,110,30,0.0
548,30,170,15.0,0.6,3.4,15.0,85.0,60.0,14.55604075691412,110,30,0.0
549,30,170,15.0,0.6,3.4,15.0,85.0,60.0,14.55604075691412,110,30,0.0
550,30,170,15.0,0.6,3.4,15.0,85.0,60.0,14.55604075691412,110,30,0.0
551,30,170,15.0,0.6,3.4,15.0,85.0,60.0,14.55604075691412,110,30,0.0
552,31,169,15.5,0.62,3.38,15.5,84.5,62.0,15.041242115477923,111,31,2.0
553,31,169,15.5,0.62,3.38,15.5,84.5,62.0,15.041242115477923,111,31,0.0
554,31,169,15.5,0.62,3.38,15.5,84.5,62.0,15.041242115477923,111,31,0.0
555,31,169,15.5,0.62,3.38,15.5,84.5,62.0,15.041242115477923,111,31,0.0
556,31,169,15.5,0.62,3.38,15.5,84.5,62.0,15.041242115477923,111,31,0.0
557,31,169,15.5,0.62,3.38,15.5,84.5,62.0,15.041242115477923,111,31,0.0
558,31,169,15.5,0.62,3.38,15.5,84.5,62.0,15.041242115477923,111,31,0.0
559,31,169,15.5,0.62,3.38,15.5,84.5,62.0,15.041242115477923,112,31,0.0
560,31,169,15.5,0.62,3.38,15.5,84.5,62.0,15.041242115477923,113,31,0.0
561,32,168,16.0,0.64,3.36,16.0,84.0,64.0,15.526443474041729,115,32,2.0
562,32,168,16.0,0.64,3.36,16.0,84.0,64.0,15.526443474041729,115,32,0.0
563,32,168,16.0,0.64,3.36,16.0,84.0,64.0,15.526443474041729,115,32,0.0
564,32,168,16.0,0.64,3.36,16.0,84.0,64.0,15.526443474041729,115,32,0.0
565,32,168,16.0,0.64,3.36,16.0,84.0,64.0,15.526443474041729,115,32,0.0
566,33,167,16.5,0.66,3.34,16.5,83.5,66.0,16.011644832605533,116,33,2.0
567,33,167,16.5,0.66,3.34,16.5,83.5,66.0,16.011644832605533,116,33,0.0
568,33,167,16.5,0.66,3.34,16.5,83.5,66.0,16.011644832605533,116,33,0.0
569,33,167,16.5,0.66,3.34,16.5,83.5,66.0,16.011644832605533,116,33,0.0
570,33,167,16.5,0.66,3.34,16.5,83.5,66.0,16.011644832605533,116,33,0.0
571,33,167,16.5,0.66,3.34,16.5,83.5,66.0,16.011644832605533,116,33,0.0
572,33,167,16.5,0.66,3.34,16.5,83.5,66.0,16.011644832605533,116,33,0.0
573,33,167,16.5,0.66,3.34,16.5,83.5,66.0,16.011644832605533,116,33,0.0
574,33,167,16.5,0.66,3.34,16.5,83.5,66.0,16.011644832605533,116,33,0.0
575,33,167,16.5,0.66,3.34,16.5,83.5,66.0,16.011644832605533,116,33,0.0
576,33,167,16.5,0.66,3.34,16.5,83.5,66.0,16.011644832605533,116,33,0.0
577,33,167,16.5,0.66,3.34,16.5,83.5,66.0,16.011644832605533,117,33,0.0
578,33,167,16.5,0.66,3.34,16.5,83.5,66.0,16.011644832605533,117,33,0.0
579,33,167,16.5,0.66,3.34,16.5,83.5,66.0,16.011644832605533,117,33,0.0
580,33,167,16.5,0.66,3.34,16.5,83.5,66.0,16.011644832605533,117,33,0.0
581,33,167,16.5,0.66,3.34,16.5,83.5,66.0,16.011644832605533,117,33,0.0
582,33,167,16.5,0.66,3.34,16.5,83.5,66.0,16.011644832605533,117,33,0.0
583,33,167,16.5,0.66,3.34,16.5,83.5,66.0,16.011644832605533,118,33,0.0
584,33,167,16.5,0.66,3.34,16.5,83.5,66.0,16.011644832605533,118,33,0.0
585,33,167,16.5,0.66,3.34,16.5,83.5,66.0,16.011644832605533,118,33,0.0
586,33,167,16.5,0.66,3.34,16.5,83.5,66.0,16.011644832605533,118,33,0.0
587,33,167,16.5,0.66,3.34,16.5,83.5,66.0,16.011644832605533,118,33,0.0
588,33,167,16.5,0.66,3.34,16.5,83.5,66.0,16.011644832605533,118,33,0.0
589,33,167,16.5,0.66,3.34,16.5,83.5,66.0,16.011644832605533,118,33,0.0
590,33,167,16.5,0.66,3.34,16.5,83.5,66.0,16.011644832605533,118,33,0.0
591,33,167,16.5,0.66,3.34,16.5,83.5,66.0,16.011644832605533,119,33,0.0
592,33,167,16.5,0.66,3.34,16.5,83.5,66.0,16.011644832605533,120,33,0.0
593,33,167,16.5,0.66,3.34,16.5,83.5,66.0,16.011644832605533,121,33,0.0
594,33,167,16.5,0.66,3.34,16.5,83.5,66.0,16.011644832605533,121,33,0.0
595,33,167,16.5,0.66,3.34,16.5,83.5,66.0,16.011644832605533,121,33,0.0
596,33,167,16.5,0.66,3.34,16.5,83.5,66.0,16.011644832605533,121,33,0.0
597,33,167,16.5,0.66,3.34,16.5,83.5,66.0,16.011644832605533,121,33,0.0
598,33,167,16.5,0.66,3.34,16.5,83.5,66.0,16.011644832605533,121,33,0.0
599,33,167,16.5,0.66,3.34,16.5,83.5,66.0,16.011644832605533,121,33,0.0
600,33,167,16.5,0.66,3.34,16.5,83.5,66.0,16.011644832605533,121,33,0.0
601,33,167,16.5,0.66,3.34,16.5,83.5,66.0,16.011644832605533,121,33,0.0
602,33,167,16.5,0.66,3.34,16.5,83.5,66.0,16.011644832605533,121,33,0.0
603,33,167,16.5,0.66,3.34,16.5,83.5,66.0,16.011644832605533,121,33,0.0
604,33,167,16.5,0.66,3.34,16.5,83.5,66.0,16.011644832605533,121,33,0.0
605,33,167,16.5,0.66,3.34,16.5,83.5,66.0,16.011644832605533,121,33,0.0
606,33,167,16.5,0.66,3.34,16.5,83.5,66.0,16.011644832605533,121,33,0.0
607,33,167,16.5,0.66,3.34,16.5,83.5,66.0,16.011644832605533,121,33,0.0
608,33,167,16.5,0.66,3.34,16.5,83.5,66.0,16.011644832605533,121,33,0.0
609,33,167,16.5,0.66,3.34,16.5,83.5,66.0,16.011644832605533,121,33,0.0
610,33,167,16.5,0.66,3.34,16.5,83.5,66.0,16.011644832605533,121,33,0.0
611,33,167,16.5,0.66,3.34,16.5,83.5,66.0,16.011644832605533,121,33,0.0
612,33,167,16.5,0.66,3.34,16.5,83.5,66.0,16.011644832605533,121,33,0.0
613,33,167,16.5,0.66,3.34,16.5,83.5,66.0,16.011644832605533,121,33,0.0
614,33,167,16.5,0.66,3.34,16.5,83.5,66.0,16.011644832605533,121,33,0.0
615,33,167,16.5,0.66,3.34,16.5,83.5,66.0,16.011644832605533,121,33,0.0
616,33,167,16.5,0.66,3.34,16.5,83.5,66.0,16.011644832605533,121,33,0.0
617,33,167,16.5,0.66,3.34,16.5,83.5,66.0,16.011644832605533,121,33,0.0
618,33,167,16.5,0.66,3.34,16.5,83.5,66.0,16.011644832605533,121,33,0.0
619,33,167,16.5,0.66,3.34,16.5,83.5,66.0,16.011644832605533,121,33,0.0
620,33,167,16.5,0.66,3.34,16.5,83.5,66.0,16.011644832605533,121,33,0.0
621,33,167,16.5,0.66,3.34,16.5,83.5,66.0,16.011644832605533,121,33,0.0
622,33,167,16.5,0.66,3.34,16.5,83.5,66.0,16.011644832605533,121,33,0.0
623,33,167,16.5,0.66,3.34,16.5,83.5,66.0,16.011644832605533,121,33,0.0
624,33,167,16.5,0.66,3.34,16.5,83.5,66.0,16.011644832605533,121,33,0.0
625,33,167,16.5,0.66,3.34,16.5,83.5,66.0,16.011644832605533,121,33,0.0
626,33,167,16.5,0.66,3.34,16.5,83.5,66.0,16.011644832605533,121,33,0.0
627,33,167,16.5,0.66,3.34,16.5,83.5,66.0,16.011644832605533,121,33,0.0
628,33,167,16.5,0.66,3.34,16.5,83.5,66.0,16.011644832605533,121,33,0.0
629,33,167,16.5,0.66,3.34,16.5,83.5,66.0,16.011644832605533,121,33,0.0
630,33,167,16.5,0.66,3.34,16.5,83.5,66.0,16.011644832605533,122,33,0.0
631,33,167,16.5,0.66,3.34,16.5,83.5,66.0,16.011644832605533,123,33,0.0
632,33,167,16.5,0.66,3.34,16.5,83.5,66.0,16.011644832605533,124,33,0.0
633,33,167,16.5,0.66,3.34,16.5,83.5,66.0,16.011644832605533,124,33,0.0
634,33,167,16.5,0.66,3.34,16.5,83.5,66.0,16.011644832605533,124,33,0.0
635,33,167,16.5,0.66,3.34,16.5,83.5,66.0,16.011644832605533,124,33,0.0
636,33,167,16.5,0.66,3.34,16.5,83.5,66.0,16.011644832605533,124,33,0.0
637,33,167,16.5,0.66,3.34,16.5,83.5,66.0,16.011644832605533,124,33,0.0
638,33,167,16.5,0.66,3.34,16.5,83.5,66.0,16.011644832605533,124,33,0.0
639,33,167,16.5,0.66,3.34,16.5,83.5,66.0,16.011644832605533,124,33,0.0
640,33,167,16.5,0.66,3.34,16.5,83.5,66.0,16.011644832605533,125,33,0.0
641,33,167,16.5,0.66,3.34,16.5,83.5,66.0,16.011644832605533,126,33,0.0
642,33,167,16.5,0.66,3.34,16.5,83.5,66.0,16.011644832605533,126,33,0.0
643,33,167,16.5,0.66,3.34,16.5,83.5,66.0,16.011644832605533,126,33,0.0
644,33,167,16.5,0.66,3.34,16.5,83.5,66.0,16.011644832605533,126,33,0.0
645,33,167,16.5,0.66,3.34,16.5,83.5,66.0,16.011644832605533,126,33,0.0
646,33,167,16.5,0.66,3.34,16.5,83.5,66.0,16.011644832605533,126,33,0.0
647,33,167,16.5,0.66,3.34,16.5,83.5,66.0,16.011644832605533,126,33,0.0
648,33,167,16.5,0.66,3.34,16.5,83.5,66.0,16.011644832605533,126,33,0.0
649,33,167,16.5,0.66,3.34,16.5,83.5,66.0,16.011644832605533,126,33,0.0
650,33,167,16.5,0.66,3.34,16.5,83.5,66.0,16.011644832605533,126,33,0.0
651,33,167,16.5,0.66,3.34,16.5,83.5,66.0,16.011644832605533,126,33,0.0
652,33,167,16.5,0.66,3.34,16.5,83.5,66.0,16.011644832605533,126,33,0.0
653,33,167,16.5,0.66,3.34,16.5,83.5,66.0,16.011644832605533,126,33,0.0
654,33,167,16.5,0.66,3.34,16.5,83.5,66.0,16.011644832605533,126,33,0.0
655,33,167,16.5,0.66,3.34,16.5,83.5,66.0,16.011644832605533,126,33,0.0
656,33,167,16.5,0.66,3.34,16.5,83.5,66.0,16.011644832605533,126,33,0.0
657,33,167,16.5,0.66,3.34,16.5,83.5,66.0,16.011644832605533,126,33,0.0
658,33,167,16.5,0.66,3.34,16.5,83.5,66.0,16.011644832605533,126,33,0.0
659,33,167,16.5,0.66,3.34,16.5,83.5,66.0,16.011644832605533,126,33,0.0
660,33,167,16.5,0.66,3.34,16.5,83.5,66.0,16.011644832605533,126,33,0.0
661,33,167,16.5,0.66,3.34,16.5,83.5,66.0,16.011644832605533,126,33,0.0
662,33,167,16.5,0.66,3.34,16.5,83.5,66.0,16.011644832605533,126,33,0.0
663,33,167,16.5,0.66,3.34,16.5,83.5,66.0,16.011644832605533,126,33,0.0
664,33,167,16.5,0.66,3.34,16.5,83.5,66.0,16.011644832605533,126,33,0.0
665,33,167,16.5,0.66,3.34,16.5,83.5,66.0,16.011644832605533,126,33,0.0
666,33,167,16.5,0.66,3.34,16.5,83.5,66.0,16.011644832605533,126,33,0.0
667,33,167,16.5,0.66,3.34,16.5,83.5,66.0,16.011644832605533,126,33,0.0
668,33,167,16.5,0.66,3.34,16.5,83.5,66.0,16.011644832605533,126,33,0.0
669,33,167,16.5,0.66,3.34,16.5,83.5,66.0,16.011644832605533,126,33,0.0
670,33,167,16.5,0.66,3.34,16.5,83.5,66.0,16.011644832605533,126,33,0.0
671,33,167,16.5,0.66,3.34,16.5,83.5,66.0,16.011644832605533,126,33,0.0
672,33,167,16.5,0.66,3.34,16.5,83.5,66.0,16.011644832605533,127,33,0.0
673,33,167,16.5,0.66,3.34,16.5,83.5,66.0,16.011644832605533,128,33,0.0
674,33,167,16.5,0.66,3.34,16.5,83.5,66.0,16.011644832605533,128,33,0.0
675,33,167,16.5,0.66,3.34,16.5,83.5,66.0,16.011644832605533,128,33,0.0
676,33,167,16.5,0.66,3.34,16.5,83.5,66.0,16.011644832605533,128,33,0.0
677,33,167,16.5,0.66,3.34,16.5,83.5,66.0,16.011644832605533,129,33,0.0
678,33,167,16.5,0.66,3.34,16.5,83.5,66.0,16.011644832605533,129,33,0.0
679,33,167,16.5,0.66,3.34,16.5,83.5,66.0,16.011644832605533,130,33,0.0
680,33,167,16.5,0.66,3.34,16.5,83.5,66.0,16.011644832605533,130,33,0.0
681,33,167,16.5,0.66,3.34,16.5,83.5,66.0,16.011644832605533,130,33,0.0
682,33,167,16.5,0.66,3.34,16.5,83.5,66.0,16.011644832605533,130,33,0.0
683,33,167,16.5,0.66,3.34,16.5,83.5,66.0,16.011644832605533,130,33,0.0
684,33,167,16.5,0.66,3.34,16.5,83.5,66.0,16.011644832605533,130,33,0.0
685,33,167,16.5,0.66,3.34,16.5,83.5,66.0,16.011644832605533,130,33,0.0
686,33,167,16.5,0.66,3.34,16.5,83.5,66.0,16.011644832605533,130,33,0.0
687,33,167,16.5,0.66,3.34,16.5,83.5,66.0,16.011644832605533,130,33,0.0
688,33,167,16.5,0.66,3.34,16.5,83.5,66.0,16.011644832605533,130,33,0.0
689,33,167,16.5,0.66,3.34,16.5,83.5,66.0,16.011644832605533,130,33,0.0
690,33,167,16.5,0.66,3.34,16.5,83.5,66.0,16.011644832605533,131,33,0.0
691,33,167,16.5,0.66,3.34,16.5,83.5,66.0,16.011644832605533,133,33,0.0
692,33,167,16.5,0.66,3.34,16.5,83.5,66.0,16.011644832605533,134,33,0.0
693,33,167,16.5,0.66,3.34,16.5,83.5,66.0,16.011644832605533,135,33,0.0
694,33,167,16.5,0.66,3.34,16.5,83.5,66.0,16.011644832605533,135,33,0.0
695,33,167,16.5,0.66,3.34,16.5,83.5,66.0,16.011644832605533,135,33,0.0
696,33,167,16.5,0.66,3.34,16.5,83.5,66.0,16.011644832605533,135,33,0.0
697,33,167,16.5,0.66,3.34,16.5,83.5,66.0,16.011644832605533,135,33,0.0
698,33,167,16.5,0.66,3.34,16.5,83.5,66.0,16.011644832605533,135,33,0.0
699,33,167,16.5,0.66,3.34,16.5,83.5,66.0,16.011644832605533,135,33,0.0
700,33,167,16.5,0.66,3.34,16.5,83.5,66.0,16.011644832605533,136,33,0.0
701,33,167,16.5,0.66,3.34,16.5,83.5,66.0,16.011644832605533,137,33,0.0
702,33,167,16.5,0.66,3.34,16.5,83.5,66.0,16.011644832605533,137,33,0.0
703,33,167,16.5,0.66,3.34,16.5,83.5,66.0,16.011644832605533,137,33,0.0
704,33,167,16.5,0.66,3.34,16.5,83.5,66.0,16.011644832605533,137,33,0.0
705,33,167,16.5,0.66,3.34,16.5,83.5,66.0,16.011644832605533,137,33,0.0
706,33,167,16.5,0.66,3.34,16.5,83.5,66.0,16.011644832605533,137,33,0.0
707,33,167,16.5,0.66,3.34,16.5,83.5,66.0,16.011644832605533,137,33,0.0
708,33,167,16.5,0.66,3.34,16.5,83.5,66.0,16.011644832605533,137,33,0.0
709,33,167,16.5,0.66,3.34,16.5,83.5,66.0,16.011644832605533,137,33,0.0
710,33,167,16.5,0.66,3.34,16.5,83.5,66.0,16.011644832605533,138,33,0.0
711,33,167,16.5,0.66,3.34,16.5,83.5,66.0,16.011644832605533,139,33,0.0
712,33,167,16.5,0.66,3.34,16.5,83.5,66.0,16.011644832605533,139,33,0.0
713,33,167,16.5,0.66,3.34,16.5,83.5,66.0,16.011644832605533,139,33,0.0
714,34,166,17.0,0.68,3.32,17.0,83.0,68.0,16.496846191169336,140,34,2.0
715,34,166,17.0,0.68,3.32,17.0,83.0,68.0,16.496846191169336,140,34,0.0
716,34,166,17.0,0.68,3.32,17.0,83.0,68.0,16.496846191169336,140,34,0.0
717,35,165,17.5,0.7000000000000001,3.3,17.5,82.5,70.0,16.98204754973314,141,35,2.0
718,35,165,17.5,0.7000000000000001,3.3,17.5,82.5,70.0,16.98204754973314,141,35,0.0
719,35,165,17.5,0.7000000000000001,3.3,17.5,82.5,70.0,16.98204754973314,141,35,0.0
720,35,165,17.5,0.7000000000000001,3.3,17.5,82.5,70.0,16.98204754973314,141,35,0.0
721,35,165,17.5,0.7000000000000001,3.3,17.5,82.5,70.0,16.98204754973314,141,35,0.0
722,35,165,17.5,0.7000000000000001,3.3,17.5,82.5,70.0,16.98204754973314,141,35,0.0
723,35,165,17.5,0.7000000000000001,3.3,17.5,82.5,70.0,16.98204754973314,141,35,0.0
724,35,165,17.5,0.7000000000000001,3.3,17.5,82.5,70.0,16.98204754973314,141,35,0.0
725,35,165,17.5,0.7000000000000001,3.3,17.5,82.5,70.0,16.98204754973314,142,35,0.0
726,35,165,17.5,0.7000000000000001,3.3,17.5,82.5,70.0,16.98204754973314,143,35,0.0
727,35,165,17.5,0.7000000000000001,3.3,17.5,82.5,70.0,16.98204754973314,143,35,0.0
728,35,165,17.5,0.7000000000000001,3.3,17.5,82.5,70.0,16.98204754973314,143,35,0.0
729,35,165,17.5,0.7000000000000001,3.3,17.5,82.5,70.0,16.98204754973314,143,35,0.0
730,35,165,17.5,0.7000000000000001,3.3,17.5,82.5,70.0,16.98204754973314,143,35,0.0
731,35,165,17.5,0.7000000000000001,3.3,17.5,82.5,70.0,16.98204754973314,143,35,0.0
732,35,165,17.5,0.7000000000000001,3.3,17.5,82.5,70.0,16.98204754973314,144,35,0.0
733,35,165,17.5,0.7000000000000001,3.3,17.5,82.5,70.0,16.98204754973314,144,35,0.0
734,35,165,17.5,0.7000000000000001,3.3,17.5,82.5,70.0,16.98204754973314,144,35,0.0
735,35,165,17.5,0.7000000000000001,3.3,17.5,82.5,70.0,16.98204754973314,145,35,0.0
736,36,164,18.0,0.72,3.2800000000000002,18.0,82.0,72.0,17.467248908296945,146,36,2.0
737,36,164,18.0,0.72,3.2800000000000002,18.0,82.0,72.0,17.467248908296945,146,36,0.0
738,36,164,18.0,0.72,3.2800000000000002,18.0,82.0,72.0,17.467248908296945,146,36,0.0
739,36,164,18.0,0.72,3.2800000000000002,18.0,82.0,72.0,17.467248908296945,146,36,0.0
740,36,164,18.0,0.72,3.2800000000000002,18.0,82.0,72.0,17.467248908296945,146,36,0.0
741,36,164,18.0,0.72,3.2800000000000002,18.0,82.0,72.0,17.467248908296945,146,36,0.0
742,36,164,18.0,0.72,3.2800000000000002,18.0,82.0,72.0,17.467248908296945,146,36,0.0
743,36,164,18.0,0.72,3.2800000000000002,18.0,82.0,72.0,17.467248908296945,146,36,0.0
744,36,164,18.0,0.72,3.2800000000000002,18.0,82.0,72.0,17.467248908296945,146,36,0.0
745,36,164,18.0,0.72,3.2800000000000002,18.0,82.0,72.0,17.467248908296945,146,36,0.0
746,36,164,18.0,0.72,3.2800000000000002,18.0,82.0,72.0,17.467248908296945,146,36,0.0
747,36,164,18.0,0.72,3.2800000000000002,18.0,82.0,72.0,17.467248908296945,146,36,0.0
748,36,164,18.0,0.72,3.2800000000000002,18.0,82.0,72.0,17.467248908296945,146,36,0.0
749,36,164,18.0,0.72,3.2800000000000002,18.0,82.0,72.0,17.467248908296945,146,36,0.0
750,36,164,18.0,0.72,3.2800000000000002,18.0,82.0,72.0,17.467248908296945,146,36,0.0
751,36,164,18.0,0.72,3.2800000000000002,18.0,82.0,72.0,17.467248908296945,146,36,0.0
752,36,164,18.0,0.72,3.2800000000000002,18.0,82.0,72.0,17.467248908296945,146,36,0.0
753,36,164,18.0,0.72,3.2800000000000002,18.0,82.0,72.0,17.467248908296945,146,36,0.0
754,36,164,18.0,0.72,3.2800000000000002,18.0,82.0,72.0,17.467248908296945,146,36,0.0
755,36,164,18.0,0.72,3.2800000000000002,18.0,82.0,72.0,17.467248908296945,146,36,0.0
756,36,164,18.0,0.72,3.2800000000000002,18.0,82.0,72.0,17.467248908296945,146,36,0.0
757,36,164,18.0,0.72,3.2800000000000002,18.0,82.0,72.0,17.467248908296945,146,36,0.0
758,36,164,18.0,0.72,3.2800000000000002,18.0,82.0,72.0,17.467248908296945,146,36,0.0
759,36,164,18.0,0.72,3.2800000000000002,18.0,82.0,72.0,17.467248908296945,146,36,0.0
760,36,164,18.0,0.72,3.2800000000000002,18.0,82.0,72.0,17.467248908296945,146,36,0.0
761,36,164,18.0,0.72,3.2800000000000002,18.0,82.0,72.0,17.467248908296945,146,36,0.0
762,36,164,18.0,0.72,3.2800000000000002,18.0,82.0,72.0,17.467248908296945,146,36,0.0
763,36,164,18.0,0.72,3.2800000000000002,18.0,82.0,72.0,17.467248908296945,146,36,0.0
764,36,164,18.0,0.72,3.2800000000000002,18.0,82.0,72.0,17.467248908296945,146,36,0.0
765,36,164,18.0,0.72,3.2800000000000002,18.0,82.0,72.0,17.467248908296945,146,36,0.0
766,36,164,18.0,0.72,3.2800000000000002,18.0,82.0,72.0,17.467248908296945,146,36,0.0
767,36,164,18.0,0.72,3.2800000000000002,18.0,82.0,72.0,17.467248908296945,146,36,0.0
768,36,164,18.0,0.72,3.2800000000000002,18.0,82.0,72.0,17.467248908296945,146,36,0.0
769,36,164,18.0,0.72,3.2800000000000002,18.0,82.0,72.0,17.467248908296945,147,36,0.0
770,36,164,18.0,0.72,3.2800000000000002,18.0,82.0,72.0,17.467248908296945,147,36,0.0
771,36,164,18.0,0.72,3.2800000000000002,18.0,82.0,72.0,17.467248908296945,147,36,0.0
772,36,164,18.0,0.72,3.2800000000000002,18.0,82.0,72.0,17.467248908296945,147,36,0.0
773,36,164,18.0,0.72,3.2800000000000002,18.0,82.0,72.0,17.467248908296945,147,36,0.0
774,36,164,18.0,0.72,3.2800000000000002,18.0,82.0,72.0,17.467248908296945,147,36,0.0
775,36,164,18.0,0.72,3.2800000000000002,18.0,82.0,72.0,17.467248908296945,147,36,0.0
776,36,164,18.0,0.72,3.2800000000000002,18.0,82.0,72.0,17.467248908296945,147,36,0.0
777,36,164,18.0,0.72,3.2800000000000002,18.0,82.0,72.0,17.467248908296945,147,36,0.0
778,36,164,18.0,0.72,3.2800000000000002,18.0,82.0,72.0,17.467248908296945,147,36,0.0
779,36,164,18.0,0.72,3.2800000000000002,18.0,82.0,72.0,17.467248908296945,147,36,0.0
780,36,164,18.0,0.72,3.2800000000000002,18.0,82.0,72.0,17.467248908296945,147,36,0.0
781,36,164,18.0,0.72,3.2800000000000002,18.0,82.0,72.0,17.467248908296945,148,36,0.0
782,36,164,18.0,0.72,3.2800000000000002,18.0,82.0,72.0,17.467248908296945,148,36,0.0
783,36,164,18.0,0.72,3.2800000000000002,18.0,82.0,72.0,17.467248908296945,148,36,0.0
784,36,164,18.0,0.72,3.2800000000000002,18.0,82.0,72.0,17.467248908296945,148,36,0.0
785,36,164,18.0,0.72,3.2800000000000002,18.0,82.0,72.0,17.467248908296945,148,36,0.0
786,36,164,18.0,0.72,3.2800000000000002,18.0,82.0,72.0,17.467248908296945,148,36,0.0
787,36,164,18.0,0.72,3.2800000000000002,18.0,82.0,72.0,17.467248908296945,148,36,0.0
788,36,164,18.0,0.72,3.2800000000000002,18.0,82.0,72.0,17.467248908296945,149,36,0.0
789,37,163,18.5,0.74,3.26,18.5,81.5,74.0,17.952450266860748,151,37,2.0
790,37,163,18.5,0.74,3.26,18.5,81.5,74.0,17.952450266860748,152,37,0.0
791,37,163,18.5,0.74,3.26,18.5,81.5,74.0,17.952450266860748,152,37,0.0
792,37,163,18.5,0.74,3.26,18.5,81.5,74.0,17.952450266860748,152,37,0.0
793,37,163,18.5,0.74,3.26,18.5,81.5,74.0,17.952450266860748,153,37,0.0
794,37,163,18.5,0.74,3.26,18.5,81.5,74.0,17.952450266860748,154,37,0.0
795,37,163,18.5,0.74,3.26,18.5,81.5,74.0,17.952450266860748,155,37,0.0
796,37,163,18.5,0.74,3.26,18.5,81.5,74.0,17.952450266860748,155,37,0.0
797,37,163,18.5,0.74,3.26,18.5,81.5,74.0,17.952450266860748,155,37,0.0
798,37,163,18.5,0.74,3.26,18.5,81.5,74.0,17.952450266860748,155,37,0.0
799,37,163,18.5,0.74,3.26,18.5,81.5,74.0,17.952450266860748,155,37,0.0
800,37,163,18.5,0.74,3.26,18.5,81.5,74.0,17.952450266860748,155,37,0.0
801,37,163,18.5,0.74,3.26,18.5,81.5,74.0,17.952450266860748,156,37,0.0
802,37,163,18.5,0.74,3.26,18.5,81.5,74.0,17.952450266860748,157,37,0.0
803,37,163,18.5,0.74,3.26,18.5,81.5,74.0,17.952450266860748,157,37,0.0
804,37,163,18.5,0.74,3.26,18.5,81.5,74.0,17.952450266860748,158,37,0.0
805,37,163,18.5,0.74,3.26,18.5,81.5,74.0,17.952450266860748,158,37,0.0
806,37,163,18.5,0.74,3.26,18.5,81.5,74.0,17.952450266860748,158,37,0.0
807,37,163,18.5,0.74,3.26,18.5,81.5,74.0,17.952450266860748,158,37,0.0
808,37,163,18.5,0.74,3.26,18.5,81.5,74.0,17.952450266860748,158,37,0.0
809,37,163,18.5,0.74,3.26,18.5,81.5,74.0,17.952450266860748,158,37,0.0
810,37,163,18.5,0.74,3.26,18.5,81.5,74.0,17.952450266860748,158,37,0.0
811,37,163,18.5,0.74,3.26,18.5,81.5,74.0,17.952450266860748,158,37,0.0
812,37,163,18.5,0.74,3.26,18.5,81.5,74.0,17.952450266860748,158,37,0.0
813,37,163,18.5,0.74,3.26,18.5,81.5,74.0,17.952450266860748,158,37,0.0
814,37,163,18.5,0.74,3.26,18.5,81.5,74.0,17.952450266860748,158,37,0.0
815,37,163,18.5,0.74,3.26,18.5,81.5,74.0,17.952450266860748,158,37,0.0
816,37,163,18.5,0.74,3.26,18.5,81.5,74.0,17.952450266860748,158,37,0.0
817,37,163,18.5,0.74,3.26,18.5,81.5,74.0,17.952450266860748,158,37,0.0
818,37,163,18.5,0.74,3.26,18.5,81.5,74.0,17.952450266860748,158,37,0.0
819,37,163,18.5,0.74,3.26,18.5,81.5,74.0,17.952450266860748,159,37,0.0
820,37,163,18.5,0.74,3.26,18.5,81.5,74.0,17.952450266860748,159,37,0.0
821,37,163,18.5,0.74,3.26,18.5,81.5,74.0,17.952450266860748,159,37,0.0
822,37,163,18.5,0.74,3.26,18.5,81.5,74.0,17.952450266860748,159,37,0.0
823,37,163,18.5,0.74,3.26,18.5,81.5,74.0,17.952450266860748,160,37,0.0
824,37,163,18.5,0.74,3.26,18.5,81.5,74.0,17.952450266860748,160,37,0.0
825,37,163,18.5,0.74,3.26,18.5,81.5,74.0,17.952450266860748,161,37,0.0
826,37,163,18.5,0.74,3.26,18.5,81.5,74.0,17.952450266860748,163,37,0.0
827,37,163,18.5,0.74,3.26,18.5,81.5,74.0,17.952450266860748,164,37,0.0
828,38,162,19.0,0.76,3.24,19.0,81.0,76.0,18.43765162542455,165,38,2.0
829,38,162,19.0,0.76,3.24,19.0,81.0,76.0,18.43765162542455,166,38,0.0
830,38,162,19.0,0.76,3.24,19.0,81.0,76.0,18.43765162542455,166,38,0.0
831,38,162,19.0,0.76,3.24,19.0,81.0,76.0,18.43765162542455,167,38,0.0
832,38,162,19.0,0.76,3.24,19.0,81.0,76.0,18.43765162542455,168,38,0.0
833,38,162,19.0,0.76,3.24,19.0,81.0,76.0,18.43765162542455,168,38,0.0
834,38,162,19.0,0.76,3.24,19.0,81.0,76.0,18.43765162542455,168,38,0.0
835,38,162,19.0,0.76,3.24,19.0,81.0,76.0,18.43765162542455,169,38,0.0
836,38,162,19.0,0.76,3.24,19.0,81.0,76.0,18.43765162542455,170,38,0.0
837,39,161,19.5,0.78,3.2199999999999998,19.5,80.49999999999999,78.0,18.922852983988356,172,39,2.0
838,39,161,19.5,0.78,3.2199999999999998,19.5,80.49999999999999,78.0,18.922852983988356,172,39,0.0
839,39,161,19.5,0.78,3.2199999999999998,19.5,80.49999999999999,78.0,18.922852983988356,172,39,0.0
840,39,161,19.5,0.78,3.2199999999999998,19.5,80.49999999999999,78.0,18.922852983988356,172,39,0.0
841,39,161,19.5,0.78,3.2199999999999998,19.5,80.49999999999999,78.0,18.922852983988356,172,39,0.0
842,39,161,19.5,0.78,3.2199999999999998,19.5,80.49999999999999,78.0,18.922852983988356,172,39,0.0
843,39,161,19.5,0.78,3.2199999999999998,19.5,80.49999999999999,78.0,18.922852983988356,172,39,0.0
844,39,161,19.5,0.78,3.2199999999999998,19.5,80.49999999999999,78.0,18.922852983988356,172,39,0.0
845,39,161,19.5,0.78,3.2199999999999998,19.5,80.49999999999999,78.0,18.922852983988356,172,39,0.0
846,39,161,19.5,0.78,3.2199999999999998,19.5,80.49999999999999,78.0,18.922852983988356,172,39,0.0
847,39,161,19.5,0.78,3.2199999999999998,19.5,80.49999999999999,78.0,18.922852983988356,172,39,0.0
848,39,161,19.5,0.78,3.2199999999999998,19.5,80.49999999999999,78.0,18.922852983988356,172,39,0.0
849,39,161,19.5,0.78,3.2199999999999998,19.5,80.49999999999999,78.0,18.922852983988356,172,39,0.0
850,39,161,19.5,0.78,3.2199999999999998,19.5,80.49999999999999,78.0,18.922852983988356,172,39,0.0
851,39,161,19.5,0.78,3.2199999999999998,19.5,80.49999999999999,78.0,18.922852983988356,172,39,0.0
852,39,161,19.5,0.78,3.2199999999999998,19.5,80.49999999999999,78.0,18.922852983988356,172,39,0.0
853,39,161,19.5,0.78,3.2199999999999998,19.5,80.49999999999999,78.0,18.922852983988356,172,39,0.0
854,39,161,19.5,0.78,3.2199999999999998,19.5,80.49999999999999,78.0,18.922852983988356,172,39,0.0
855,39,161,19.5,0.78,3.2199999999999998,19.5,80.49999999999999,78.0,18.922852983988356,172,39,0.0
856,39,161,19.5,0.78,3.2199999999999998,19.5,80.49999999999999,78.0,18.922852983988356,172,39,0.0
857,39,161,19.5,0.78,3.2199999999999998,19.5,80.49999999999999,78.0,18.922852983988356,172,39,0.0
858,39,161,19.5,0.78,3.2199999999999998,19.5,80.49999999999999,78.0,18.922852983988356,172,39,0.0
859,39,161,19.5,0.78,3.2199999999999998,19.5,80.49999999999999,78.0,18.922852983988356,173,39,0.0
860,39,161,19.5,0.78,3.2199999999999998,19.5,80.49999999999999,78.0,18.922852983988356,174,39,0.0
861,39,161,19.5,0.78,3.2199999999999998,19.5,80.49999999999999,78.0,18.922852983988356,175,39,0.0
862,39,161,19.5,0.78,3.2199999999999998,19.5,80.49999999999999,78.0,18.922852983988356,176,39,0.0
863,39,161,19.5,0.78,3.2199999999999998,19.5,80.49999999999999,78.0,18.922852983988356,176,39,0.0
864,39,161,19.5,0.78,3.2199999999999998,19.5,80.49999999999999,78.0,18.922852983988356,176,39,0.0
865,39,161,19.5,0.78,3.2199999999999998,19.5,80.49999999999999,78.0,18.922852983988356,176,39,0.0
866,39,161,19.5,0.78,3.2199999999999998,19.5,80.49999999999999,78.0,18.922852983988356,176,39,0.0
867,39,161,19.5,0.78,3.2199999999999998,19.5,80.49999999999999,78.0,18.922852983988356,176,39,0.0
868,39,161,19.5,0.78,3.2199999999999998,19.5,80.49999999999999,78.0,18.922852983988356,176,39,0.0
869,39,161,19.5,0.78,3.2199999999999998,19.5,80.49999999999999,78.0,18.922852983988356,176,39,0.0
870,39,161,19.5,0.78,3.2199999999999998,19.5,80.49999999999999,78.0,18.922852983988356,176,39,0.0
871,39,161,19.5,0.78,3.2199999999999998,19.5,80.49999999999999,78.0,18.922852983988356,176,39,0.0
872,39,161,19.5,0.78,3.2199999999999998,19.5,80.49999999999999,78.0,18.922852983988356,176,39,0.0
873,39,161,19.5,0.78,3.2199999999999998,19.5,80.49999999999999,78.0,18.922852983988356,176,39,0.0
874,39,161,19.5,0.78,3.2199999999999998,19.5,80.49999999999999,78.0,18.922852983988356,176,39,0.0
875,39,161,19.5,0.78,3.2199999999999998,19.5,80.49999999999999,78.0,18.922852983988356,176,39,0.0
876,39,161,19.5,0.78,3.2199999999999998,19.5,80.49999999999999,78.0,18.922852983988356,176,39,0.0
877,39,161,19.5,0.78,3.2199999999999998,19.5,80.49999999999999,78.0,18.922852983988356,176,39,0.0
878,39,161,19.5,0.78,3.2199999999999998,19.5,80.49999999999999,78.0,18.922852983988356,176,39,0.0
879,39,161,19.5,0.78,3.2199999999999998,19.5,80.49999999999999,78.0,18.922852983988356,176,39,0.0
880,39,161,19.5,0.78,3.2199999999999998,19.5,80.49999999999999,78.0,18.922852983988356,176,39,0.0
881,39,161,19.5,0.78,3.2199999999999998,19.5,80.49999999999999,78.0,18.922852983988356,176,39,0.0
882,39,161,19.5,0.78,3.2199999999999998,19.5,80.49999999999999,78.0,18.922852983988356,176,39,0.0
883,39,161,19.5,0.78,3.2199999999999998,19.5,80.49999999999999,78.0,18.922852983988356,177,39,0.0
884,40,160,20.0,0.8,3.2,20.0,80.0,80.0,19.40805434255216,178,40,2.0
885,40,160,20.0,0.8,3.2,20.0,80.0,80.0,19.40805434255216,178,40,0.0
886,40,160,20.0,0.8,3.2,20.0,80.0,80.0,19.40805434255216,178,40,0.0
887,40,160,20.0,0.8,3.2,20.0,80.0,80.0,19.40805434255216,178,40,0.0
888,40,160,20.0,0.8,3.2,20.0,80.0,80.0,19.40805434255216,178,40,0.0
889,40,160,20.0,0.8,3.2,20.0,80.0,80.0,19.40805434255216,178,40,0.0
890,40,160,20.0,0.8,3.2,20.0,80.0,80.0,19.40805434255216,178,40,0.0
891,40,160,20.0,0.8,3.2,20.0,80.0,80.0,19.40805434255216,178,40,0.0
892,40,160,20.0,0.8,3.2,20.0,80.0,80.0,19.40805434255216,178,40,0.0
893,40,160,20.0,0.8,3.2,20.0,80.0,80.0,19.40805434255216,178,40,0.0
894,40,160,20.0,0.8,3.2,20.0,80.0,80.0,19.40805434255216,178,40,0.0
895,40,160,20.0,0.8,3.2,20.0,80.0,80.0,19.40805434255216,178,40,0.0
896,40,160,20.0,0.8,3.2,20.0,80.0,80.0,19.40805434255216,178,40,0.0
897,40,160,20.0,0.8,3.2,20.0,80.0,80.0,19.40805434255216,178,40,0.0
898,40,160,20.0,0.8,3.2,20.0,80.0,80.0,19.40805434255216,178,40,0.0
899,40,160,20.0,0.8,3.2,20.0,80.0,80.0,19.40805434255216,178,40,0.0
900,40,160,20.0,0.8,3.2,20.0,80.0,80.0,19.40805434255216,178,40,0.0
901,40,160,20.0,0.8,3.2,20.0,80.0,80.0,19.40805434255216,178,40,0.0
902,40,160,20.0,0.8,3.2,20.0,80.0,80.0,19.40805434255216,178,40,0.0
903,40,160,20.0,0.8,3.2,20.0,80.0,80.0,19.40805434255216,178,40,0.0
904,40,160,20.0,0.8,3.2,20.0,80.0,80.0,19.40805434255216,178,40,0.0
905,40,160,20.0,0.8,3.2,20.0,80.0,80.0,19.40805434255216,178,40,0.0
906,40,160,20.0,0.8,3.2,20.0,80.0,80.0,19.40805434255216,178,40,0.0
907,40,160,20.0,0.8,3.2,20.0,80.0,80.0,19.40805434255216,179,40,0.0
908,40,160,20.0,0.8,3.2,20.0,80.0,80.0,19.40805434255216,179,40,0.0
909,40,160,20.0,0.8,3.2,20.0,80.0,80.0,19.40805434255216,180,40,0.0
910,40,160,20.0,0.8,3.2,20.0,80.0,80.0,19.40805434255216,180,40,0.0
911,40,160,20.0,0.8,3.2,20.0,80.0,80.0,19.40805434255216,180,40,0.0
912,40,160,20.0,0.8,3.2,20.0,80.0,80.0,19.40805434255216,181,40,0.0
913,40,160,20.0,0.8,3.2,20.0,80.0,80.0,19.40805434255216,182,40,0.0
914,40,160,20.0,0.8,3.2,20.0,80.0,80.0,19.40805434255216,183,40,0.0
915,40,160,20.0,0.8,3.2,20.0,80.0,80.0,19.40805434255216,184,40,0.0
916,40,160,20.0,0.8,3.2,20.0,80.0,80.0,19.40805434255216,185,40,0.0
917,40,160,20.0,0.8,3.2,20.0,80.0,80.0,19.40805434255216,187,40,0.0
918,40,160,20.0,0.8,3.2,20.0,80.0,80.0,19.40805434255216,188,40,0.0
919,40,160,20.0,0.8,3.2,20.0,80.0,80.0,19.40805434255216,190,40,0.0
920,40,160,20.0,0.8,3.2,20.0,80.0,80.0,19.40805434255216,191,40,0.0
921,40,160,20.0,0.8,3.2,20.0,80.0,80.0,19.40805434255216,192,40,0.0
922,40,160,20.0,0.8,3.2,20.0,80.0,80.0,19.40805434255216,193,40,0.0
923,40,160,20.0,0.8,3.2,20.0,80.0,80.0,19.40805434255216,194,40,0.0
924,40,160,20.0,0.8,3.2,20.0,80.0,80.0,19.40805434255216,194,40,0.0
925,40,160,20.0,0.8,3.2,20.0,80.0,80.0,19.40805434255216,194,40,0.0
926,40,160,20.0,0.8,3.2,20.0,80.0,80.0,19.40805434255216,194,40,0.0
927,40,160,20.0,0.8,3.2,20.0,80.0,80.0,19.40805434255216,194,40,0.0
928,40,160,20.0,0.8,3.2,20.0,80.0,80.0,19.40805434255216,194,40,0.0
929,40,160,20.0,0.8,3.2,20.0,80.0,80.0,19.40805434255216,195,40,0.0
930,40,160,20.0,0.8,3.2,20.0,80.0,80.0,19.40805434255216,195,40,0.0
931,40,160,20.0,0.8,3.2,20.0,80.0,80.0,19.40805434255216,195,40,0.0
932,40,160,20.0,0.8,3.2,20.0,80.0,80.0,19.40805434255216,195,40,0.0
933,41,159,20.5,0.8200000000000001,3.1799999999999997,20.5,79.49999999999999,82.0,19.893255701115965,196,41,2.0
934,41,159,20.5,0.8200000000000001,3.1799999999999997,20.5,79.49999999999999,82.0,19.893255701115965,196,41,0.0
935,41,159,20.5,0.8200000000000001,3.1799999999999997,20.5,79.49999999999999,82.0,19.893255701115965,197,41,0.0
936,41,159,20.5,0.8200000000000001,3.1799999999999997,20.5,79.49999999999999,82.0,19.893255701115965,198,41,0.0
937,41,159,20.5,0.8200000000000001,3.1799999999999997,20.5,79.49999999999999,82.0,19.893255701115965,198,41,0.0
938,41,159,20.5,0.8200000000000001,3.1799999999999997,20.5,79.49999999999999,82.0,19.893255701115965,198,41,0.0
939,41,159,20.5,0.8200000000000001,3.1799999999999997,20.5,79.49999999999999,82.0,19.893255701115965,198,41,0.0
940,41,159,20.5,0.8200000000000001,3.1799999999999997,20.5,79.49999999999999,82.0,19.893255701115965,199,41,0.0
941,42,158,21.0,0.84,3.16,21.0,79.0,84.0,20.378457059679768,200,42,2.0
942,42,158,21.0,0.84,3.16,21.0,79.0,84.0,20.378457059679768,200,42,0.0
943,42,158,21.0,0.84,3.16,21.0,79.0,84.0,20.378457059679768,200,42,0.0
944,42,158,21.0,0.84,3.16,21.0,79.0,84.0,20.378457059679768,200,42,0.0
945,42,158,21.0,0.84,3.16,21.0,79.0,84.0,20.378457059679768,200,42,0.0
946,42,158,21.0,0.84,3.16,21.0,79.0,84.0,20.378457059679768,200,42,0.0
947,42,158,21.0,0.84,3.16,21.0,79.0,84.0,20.378457059679768,200,42,0.0
948,42,158,21.0,0.84,3.16,21.0,79.0,84.0,20.378457059679768,201,42,0.0
949,42,158,21.0,0.84,3.16,21.0,79.0,84.0,20.378457059679768,202,42,0.0
950,42,158,21.0,0.84,3.16,21.0,79.0,84.0,20.378457059679768,202,42,0.0
951,42,158,21.0,0.84,3.16,21.0,79.0,84.0,20.378457059679768,202,42,0.0
952,42,158,21.0,0.84,3.16,21.0,79.0,84.0,20.378457059679768,202,42,0.0
953,42,158,21.0,0.84,3.16,21.0,79.0,84.0,20.378457059679768,202,42,0.0
954,42,158,21.0,0.84,3.16,21.0,79.0,84.0,20.378457059679768,202,42,0.0
955,42,158,21.0,0.84,3.16,21.0,79.0,84.0,20.378457059679768,202,42,0.0
956,42,158,21.0,0.84,3.16,21.0,79.0,84.0,20.378457059679768,204,42,0.0
957,42,158,21.0,0.84,3.16,21.0,79.0,84.0,20.378457059679768,205,42,0.0
958,42,158,21.0,0.84,3.16,21.0,79.0,84.0,20.378457059679768,208,42,0.0
959,42,158,21.0,0.84,3.16,21.0,79.0,84.0,20.378457059679768,210,42,0.0
960,42,158,21.0,0.84,3.16,21.0,79.0,84.0,20.378457059679768,210,42,0.0
961,42,158,21.0,0.84,3.16,21.0,79.0,84.0,20.378457059679768,210,42,0.0
962,42,158,21.0,0.84,3.16,21.0,79.0,84.0,20.378457059679768,210,42,0.0
963,42,158,21.0,0.84,3.16,21.0,79.0,84.0,20.378457059679768,211,42,0.0
964,42,158,21.0,0.84,3.16,21.0,79.0,84.0,20.378457059679768,211,42,0.0
965,42,158,21.0,0.84,3.16,21.0,79.0,84.0,20.378457059679768,211,42,0.0
966,42,158,21.0,0.84,3.16,21.0,79.0,84.0,20.378457059679768,211,42,0.0
967,42,158,21.0,0.84,3.16,21.0,79.0,84.0,20.378457059679768,211,42,0.0
968,42,158,21.0,0.84,3.16,21.0,79.0,84.0,20.378457059679768,211,42,0.0
969,42,158,21.0,0.84,3.16,21.0,79.0,84.0,20.378457059679768,211,42,0.0
970,43,157,21.5,0.86,3.14,21.5,78.5,86.0,20.86365841824357,213,43,2.0
971,43,157,21.5,0.86,3.14,21.5,78.5,86.0,20.86365841824357,213,43,0.0
972,43,157,21.5,0.86,3.14,21.5,78.5,86.0,20.86365841824357,214,43,0.0
973,43,157,21.5,0.86,3.14,21.5,78.5,86.0,20.86365841824357,214,43,0.0
974,43,157,21.5,0.86,3.14,21.5,78.5,86.0,20.86365841824357,214,43,0.0
975,44,156,22.0,0.88,3.12,22.0,78.0,88.0,21.348859776807373,215,44,2.0
976,44,156,22.0,0.88,3.12,22.0,78.0,88.0,21.348859776807373,215,44,0.0
977,44,156,22.0,0.88,3.12,22.0,78.0,88.0,21.348859776807373,215,44,0.0
978,44,156,22.0,0.88,3.12,22.0,78.0,88.0,21.348859776807373,215,44,0.0
979,44,156,22.0,0.88,3.12,22.0,78.0,88.0,21.348859776807373,215,44,0.0
980,44,156,22.0,0.88,3.12,22.0,78.0,88.0,21.348859776807373,215,44,0.0
981,44,156,22.0,0.88,3.12,22.0,78.0,88.0,21.348859776807373,215,44,0.0
982,44,156,22.0,0.88,3.12,22.0,78.0,88.0,21.348859776807373,215,44,0.0
983,44,156,22.0,0.88,3.12,22.0,78.0,88.0,21.348859776807373,215,44,0.0
984,44,156,22.0,0.88,3.12,22.0,78.0,88.0,21.348859776807373,215,44,0.0
985,44,156,22.0,0.88,3.12,22.0,78.0,88.0,21.348859776807373,215,44,0.0
986,44,156,22.0,0.88,3.12,22.0,78.0,88.0,21.348859776807373,217,44,0.0
987,45,155,22.5,0.9,3.1,22.5,77.5,90.0,21.83406113537118,218,45,2.0
988,45,155,22.5,0.9,3.1,22.5,77.5,90.0,21.83406113537118,218,45,0.0
989,45,155,22.5,0.9,3.1,22.5,77.5,90.0,21.83406113537118,218,45,0.0
990,45,155,22.5,0.9,3.1,22.5,77.5,90.0,21.83406113537118,218,45,0.0
991,45,155,22.5,0.9,3.1,22.5,77.5,90.0,21.83406113537118,218,45,0.0
992,45,155,22.5,0.9,3.1,22.5,77.5,90.0,21.83406113537118,218,45,0.0
993,45,155,22.5,0.9,3.1,22.5,77.5,90.0,21.83406113537118,218,45,0.0
994,45,155,22.5,0.9,3.1,22.5,77.5,90.0,21.83406113537118,218,45,0.0
995,45,155,22.5,0.9,3.1,22.5,77.5,90.0,21.83406113537118,218,45,0.0
996,45,155,22.5,0.9,3.1,22.5,77.5,90.0,21.83406113537118,218,45,0.0
997,45,155,22.5,0.9,3.1,22.5,77.5,90.0,21.83406113537118,218,45,0.0
998,45,155,22.5,0.9,3.1,22.5,77.5,90.0,21.83406113537118,219,45,0.0
999,45,155,22.5,0.9,3.1,22.5,77.5,90.0,21.83406113537118,219,45,0.0
1000,45,155,22.5,0.9,3.1,22.5,77.5,90.0,21.83406113537118,219,45,0.0
1001,45,155,22.5,0.9,3.1,22.5,77.5,90.0,21.83406113537118,219,45,0.0
1002,45,155,22.5,0.9,3.1,22.5,77.5,90.0,21.83406113537118,219,45,0.0
1003,45,155,22.5,0.9,3.1,22.5,77.5,90.0,21.83406113537118,219,45,0.0
1004,45,155,22.5,0.9,3.1,22.5,77.5,90.0,21.83406113537118,219,45,0.0
1005,45,155,22.5,0.9,3.1,22.5,77.5,90.0,21.83406113537118,219,45,0.0
1006,45,155,22.5,0.9,3.1,22.5,77.5,90.0,21.83406113537118,219,45,0.0
1007,45,155,22.5,0.9,3.1,22.5,77.5,90.0,21.83406113537118,220,45,0.0
1008,45,155,22.5,0.9,3.1,22.5,77.5,90.0,21.83406113537118,221,45,0.0
1009,45,155,22.5,0.9,3.1,22.5,77.5,90.0,21.83406113537118,222,45,0.0
1010,45,155,22.5,0.9,3.1,22.5,77.5,90.0,21.83406113537118,222,45,0.0
1011,45,155,22.5,0.9,3.1,22.5,77.5,90.0,21.83406113537118,222,45,0.0
1012,45,155,22.5,0.9,3.1,22.5,77.5,90.0,21.83406113537118,223,45,0.0
1013,45,155,22.5,0.9,3.1,22.5,77.5,90.0,21.83406113537118,223,45,0.0
1014,45,155,22.5,0.9,3.1,22.5,77.5,90.0,21.83406113537118,224,45,0.0
1015,45,155,22.5,0.9,3.1,22.5,77.5,90.0,21.83406113537118,225,45,0.0
1016,45,155,22.5,0.9,3.1,22.5,77.5,90.0,21.83406113537118,226,45,0.0
1017,45,155,22.5,0.9,3.1,22.5,77.5,90.0,21.83406113537118,226,45,0.0
1018,45,155,22.5,0.9,3.1,22.5,77.5,90.0,21.83406113537118,226,45,0.0
1019,45,155,22.5,0.9,3.1,22.5,77.5,90.0,21.83406113537118,227,45,0.0
1020,45,155,22.5,0.9,3.1,22.5,77.5,90.0,21.83406113537118,227,45,0.0
1021,45,155,22.5,0.9,3.1,22.5,77.5,90.0,21.83406113537118,227,45,0.0
1022,45,155,22.5,0.9,3.1,22.5,77.5,90.0,21.83406113537118,227,45,0.0
1023,45,155,22.5,0.9,3.1,22.5,77.5,90.0,21.83406113537118,227,45,0.0
1024,45,155,22.5,0.9,3.1,22.5,77.5,90.0,21.83406113537118,227,45,0.0
1025,45,155,22.5,0.9,3.1,22.5,77.5,90.0,21.83406113537118,227,45,0.0
1026,45,155,22.5,0.9,3.1,22.5,77.5,90.0,21.83406113537118,227,45,0.0
1027,45,155,22.5,0.9,3.1,22.5,77.5,90.0,21.83406113537118,228,45,0.0
1028,45,155,22.5,0.9,3.1,22.5,77.5,90.0,21.83406113537118,229,45,0.0
1029,45,155,22.5,0.9,3.1,22.5,77.5,90.0,21.83406113537118,230,45,0.0
1030,46,154,23.0,0.92,3.08,23.0,77.0,92.0,22.319262493934982,232,46,2.0
1031,46,154,23.0,0.92,3.08,23.0,77.0,92.0,22.319262493934982,232,46,0.0
1032,46,154,23.0,0.92,3.08,23.0,77.0,92.0,22.319262493934982,232,46,0.0
1033,46,154,23.0,0.92,3.08,23.0,77.0,92.0,22.319262493934982,232,46,0.0
1034,46,154,23.0,0.92,3.08,23.0,77.0,92.0,22.319262493934982,232,46,0.0
1035,46,154,23.0,0.92,3.08,23.0,77.0,92.0,22.319262493934982,232,46,0.0
1036,46,154,23.0,0.92,3.08,23.0,77.0,92.0,22.319262493934982,232,46,0.0
1037,46,154,23.0,0.92,3.08,23.0,77.0,92.0,22.319262493934982,232,46,0.0
1038,46,154,23.0,0.92,3.08,23.0,77.0,92.0,22.319262493934982,232,46,0.0
1039,46,154,23.0,0.92,3.08,23.0,77.0,92.0,22.319262493934982,232,46,0.0
1040,46,154,23.0,0.92,3.08,23.0,77.0,92.0,22.319262493934982,232,46,0.0
1041,46,154,23.0,0.92,3.08,23.0,77.0,92.0,22.319262493934982,232,46,0.0
1042,46,154,23.0,0.92,3.08,23.0,77.0,92.0,22.319262493934982,232,46,0.0
1043,46,154,23.0,0.92,3.08,23.0,77.0,92.0,22.319262493934982,232,46,0.0
1044,46,154,23.0,0.92,3.08,23.0,77.0,92.0,22.319262493934982,232,46,0.0
1045,46,154,23.0,0.92,3.08,23.0,77.0,92.0,22.319262493934982,232,46,0.0
1046,46,154,23.0,0.92,3.08,23.0,77.0,92.0,22.319262493934982,232,46,0.0
1047,46,154,23.0,0.92,3.08,23.0,77.0,92.0,22.319262493934982,232,46,0.0
1048,46,154,23.0,0.92,3.08,23.0,77.0,92.0,22.319262493934982,232,46,0.0
1049,46,154,23.0,0.92,3.08,23.0,77.0,92.0,22.319262493934982,232,46,0.0
1050,46,154,23.0,0.92,3.08,23.0,77.0,92.0,22.319262493934982,232,46,0.0
1051,46,154,23.0,0.92,3.08,23.0,77.0,92.0,22.319262493934982,232,46,0.0
1052,46,154,23.0,0.92,3.08,23.0,77.0,92.0,22.319262493934982,233,46,0.0
1053,46,154,23.0,0.92,3.08,23.0,77.0,92.0,22.319262493934982,233,46,0.0
1054,46,154,23.0,0.92,3.08,23.0,77.0,92.0,22.319262493934982,234,46,0.0
1055,46,154,23.0,0.92,3.08,23.0,77.0,92.0,22.319262493934982,234,46,0.0
1056,46,154,23.0,0.92,3.08,23.0,77.0,92.0,22.319262493934982,235,46,0.0
1057,46,154,23.0,0.92,3.08,23.0,77.0,92.0,22.319262493934982,235,46,0.0
1058,47,153,23.5,0.9400000000000001,3.06,23.5,76.5,94.0,22.804463852498788,236,47,2.0
1059,47,153,23.5,0.9400000000000001,3.06,23.5,76.5,94.0,22.804463852498788,236,47,0.0
1060,47,153,23.5,0.9400000000000001,3.06,23.5,76.5,94.0,22.804463852498788,237,47,0.0
1061,47,153,23.5,0.9400000000000001,3.06,23.5,76.5,94.0,22.804463852498788,238,47,0.0
1062,47,153,23.5,0.9400000000000001,3.06,23.5,76.5,94.0,22.804463852498788,239,47,0.0
1063,47,153,23.5,0.9400000000000001,3.06,23.5,76.5,94.0,22.804463852498788,239,47,0.0
1064,47,153,23.5,0.9400000000000001,3.06,23.5,76.5,94.0,22.804463852498788,239,47,0.0
1065,47,153,23.5,0.9400000000000001,3.06,23.5,76.5,94.0,22.804463852498788,239,47,0.0
1066,47,153,23.5,0.9400000000000001,3.06,23.5,76.5,94.0,22.804463852498788,239,47,0.0
1067,47,153,23.5,0.9400000000000001,3.06,23.5,76.5,94.0,22.804463852498788,240,47,0.0
1068,47,153,23.5,0.9400000000000001,3.06,23.5,76.5,94.0,22.804463852498788,241,47,0.0
1069,47,153,23.5,0.9400000000000001,3.06,23.5,76.5,94.0,22.804463852498788,242,47,0.0
1070,47,153,23.5,0.9400000000000001,3.06,23.5,76.5,94.0,22.804463852498788,242,47,0.0
1071,47,153,23.5,0.9400000000000001,3.06,23.5,76.5,94.0,22.804463852498788,242,47,0.0
1072,47,153,23.5,0.9400000000000001,3.06,23.5,76.5,94.0,22.804463852498788,244,47,0.0
1073,47,153,23.5,0.9400000000000001,3.06,23.5,76.5,94.0,22.804463852498788,245,47,0.0
1074,47,153,23.5,0.9400000000000001,3.06,23.5,76.5,94.0,22.804463852498788,246,47,0.0
1075,47,153,23.5,0.9400000000000001,3.06,23.5,76.5,94.0,22.804463852498788,247,47,0.0
1076,47,153,23.5,0.9400000000000001,3.06,23.5,76.5,94.0,22.804463852498788,249,47,0.0
1077,48,152,24.0,0.96,3.04,24.0,76.0,96.0,23.28966521106259,250,48,2.0
1078,48,152,24.0,0.96,3.04,24.0,76.0,96.0,23.28966521106259,251,48,0.0
1079,48,152,24.0,0.96,3.04,24.0,76.0,96.0,23.28966521106259,251,48,0.0
1080,48,152,24.0,0.96,3.04,24.0,76.0,96.0,23.28966521106259,251,48,0.0
1081,48,152,24.0,0.96,3.04,24.0,76.0,96.0,23.28966521106259,251,48,0.0
1082,48,152,24.0,0.96,3.04,24.0,76.0,96.0,23.28966521106259,251,48,0.0
1083,48,152,24.0,0.96,3.04,24.0,76.0,96.0,23.28966521106259,251,48,0.0
1084,48,152,24.0,0.96,3.04,24.0,76.0,96.0,23.28966521106259,251,48,0.0
1085,49,151,24.5,0.98,3.02,24.5,75.5,98.0,23.774866569626397,252,49,2.0
1086,49,151,24.5,0.98,3.02,24.5,75.5,98.0,23.774866569626397,252,49,0.0
1087,49,151,24.5,0.98,3.02,24.5,75.5,98.0,23.774866569626397,252,49,0.0
1088,49,151,24.5,0.98,3.02,24.5,75.5,98.0,23.774866569626397,252,49,0.0
1089,49,151,24.5,0.98,3.02,24.5,75.5,98.0,23.774866569626397,252,49,0.0
1090,49,151,24.5,0.98,3.02,24.5,75.5,98.0,23.774866569626397,252,49,0.0
1091,49,151,24.5,0.98,3.02,24.5,75.5,98.0,23.774866569626397,252,49,0.0
1092,49,151,24.5,0.98,3.02,24.5,75.5,98.0,23.774866569626397,252,49,0.0
1093,49,151,24.5,0.98,3.02,24.5,75.5,98.0,23.774866569626397,252,49,0.0
1094,49,151,24.5,0.98,3.02,24.5,75.5,98.0,23.774866569626397,252,49,0.0
1095,49,151,24.5,0.98,3.02,24.5,75.5,98.0,23.774866569626397,252,49,0.0
1096,49,151,24.5,0.98,3.02,24.5,75.5,98.0,23.774866569626397,252,49,0.0
1097,49,151,24.5,0.98,3.02,24.5,75.5,98.0,23.774866569626397,252,49,0.0
1098,49,151,24.5,0.98,3.02,24.5,75.5,98.0,23.774866569626397,252,49,0.0
1099,49,151,24.5,0.98,3.02,24.5,75.5,98.0,23.774866569626397,252,49,0.0
1100,49,151,24.5,0.98,3.02,24.5,75.5,98.0,23.774866569626397,252,49,0.0
1101,49,151,24.5,0.98,3.02,24.5,75.5,98.0,23.774866569626397,252,49,0.0
1102,49,151,24.5,0.98,3.02,24.5,75.5,98.0,23.774866569626397,253,49,0.0
1103,49,151,24.5,0.98,3.02,24.5,75.5,98.0,23.774866569626397,254,49,0.0
1104,49,151,24.5,0.98,3.02,24.5,75.5,98.0,23.774866569626397,254,49,0.0
1105,49,151,24.5,0.98,3.02,24.5,75.5,98.0,23.774866569626397,254,49,0.0
1106,49,151,24.5,0.98,3.02,24.5,75.5,98.0,23.774866569626397,254,49,0.0
1107,49,151,24.5,0.98,3.02,24.5,75.5,98.0,23.774866569626397,254,49,0.0
1108,49,151,24.5,0.98,3.02,24.5,75.5,98.0,23.774866569626397,255,49,0.0
1109,49,151,24.5,0.98,3.02,24.5,75.5,98.0,23.774866569626397,255,49,0.0
1110,49,151,24.5,0.98,3.02,24.5,75.5,98.0,23.774866569626397,256,49,0.0
1111,49,151,24.5,0.98,3.02,24.5,75.5,98.0,23.774866569626397,256,49,0.0
1112,49,151,24.5,0.98,3.02,24.5,75.5,98.0,23.774866569626397,257,49,0.0
1113,49,151,24.5,0.98,3.02,24.5,75.5,98.0,23.774866569626397,257,49,0.0
1114,49,151,24.5,0.98,3.02,24.5,75.5,98.0,23.774866569626397,259,49,0.0
1115,50,150,25.0,1.0,3.0,25.0,75.0,100.0,24.2600679281902,262,50,2.0
1116,50,150,25.0,1.0,3.0,25.0,75.0,100.0,24.2600679281902,263,50,0.0
1117,50,150,25.0,1.0,3.0,25.0,75.0,100.0,24.2600679281902,263,50,0.0
1118,50,150,25.0,1.0,3.0,25.0,75.0,100.0,24.2600679281902,265,50,0.0
1119,50,150,25.0,1.0,3.0,25.0,75.0,100.0,24.2600679281902,266,50,0.0
1120,50,150,25.0,1.0,3.0,25.0,75.0,100.0,24.2600679281902,267,50,0.0
1121,50,150,25.0,1.0,3.0,25.0,75.0,100.0,24.2600679281902,267,50,0.0
1122,51,149,25.5,1.02,2.98,25.5,74.5,102.0,24.745269286754006,268,51,2.0
1123,51,149,25.5,1.02,2.98,25.5,74.5,102.0,24.745269286754006,268,51,0.0
1124,51,149,25.5,1.02,2.98,25.5,74.5,102.0,24.745269286754006,268,51,0.0
1125,51,149,25.5,1.02,2.98,25.5,74.5,102.0,24.745269286754006,268,51,0.0
1126,51,149,25.5,1.02,2.98,25.5,74.5,102.0,24.745269286754006,268,51,0.0
1127,51,149,25.5,1.02,2.98,25.5,74.5,102.0,24.745269286754006,269,51,0.0
1128,51,149,25.5,1.02,2.98,25.5,74.5,102.0,24.745269286754006,270,51,0.0
1129,51,149,25.5,1.02,2.98,25.5,74.5,102.0,24.745269286754006,271,51,0.0
1130,51,149,25.5,1.02,2.98,25.5,74.5,102.0,24.745269286754006,272,51,0.0
1131,51,149,25.5,1.02,2.98,25.5,74.5,102.0,24.745269286754006,273,51,0.0
1132,51,149,25.5,1.02,2.98,25.5,74.5,102.0,24.745269286754006,275,51,0.0
1133,51,149,25.5,1.02,2.98,25.5,74.5,102.0,24.745269286754006,275,51,0.0
1134,51,149,25.5,1.02,2.98,25.5,74.5,102.0,24.745269286754006,277,51,0.0
1135,51,149,25.5,1.02,2.98,25.5,74.5,102.0,24.745269286754006,278,51,0.0
1136,51,149,25.5,1.02,2.98,25.5,74.5,102.0,24.745269286754006,278,51,0.0
1137,51,149,25.5,1.02,2.98,25.5,74.5,102.0,24.745269286754006,279,51,0.0
1138,51,149,25.5,1.02,2.98,25.5,74.5,102.0,24.745269286754006,281,51,0.0
1139,51,149,25.5,1.02,2.98,25.5,74.5,102.0,24.745269286754006,281,51,0.0
1140,51,149,25.5,1.02,2.98,25.5,74.5,102.0,24.745269286754006,282,51,0.0
1141,51,149,25.5,1.02,2.98,25.5,74.5,102.0,24.745269286754006,284,51,0.0
1142,51,149,25.5,1.02,2.98,25.5,74.5,102.0,24.745269286754006,286,51,0.0
1143,51,149,25.5,1.02,2.98,25.5,74.5,102.0,24.745269286754006,286,51,0.0
1144,52,148,26.0,1.04,2.96,26.0,74.0,104.0,25.23047064531781,287,52,2.0
1145,52,148,26.0,1.04,2.96,26.0,74.0,104.0,25.23047064531781,287,52,0.0
1146,52,148,26.0,1.04,2.96,26.0,74.0,104.0,25.23047064531781,287,52,0.0
1147,52,148,26.0,1.04,2.96,26.0,74.0,104.0,25.23047064531781,287,52,0.0
1148,52,148,26.0,1.04,2.96,26.0,74.0,104.0,25.23047064531781,287,52,0.0
1149,52,148,26.0,1.04,2.96,26.0,74.0,104.0,25.23047064531781,287,52,0.0
1150,52,148,26.0,1.04,2.96,26.0,74.0,104.0,25.23047064531781,288,52,0.0
1151,52,148,26.0,1.04,2.96,26.0,74.0,104.0,25.23047064531781,289,52,0.0
1152,52,148,26.0,1.04,2.96,26.0,74.0,104.0,25.23047064531781,289,52,0.0
1153,52,148,26.0,1.04,2.96,26.0,74.0,104.0,25.23047064531781,289,52,0.0
1154,52,148,26.0,1.04,2.96,26.0,74.0,104.0,25.23047064531781,289,52,0.0
1155,52,148,26.0,1.04,2.96,26.0,74.0,104.0,25.23047064531781,289,52,0.0
1156,52,148,26.0,1.04,2.96,26.0,74.0,104.0,25.23047064531781,289,52,0.0
1157,52,148,26.0,1.04,2.96,26.0,74.0,104.0,25.23047064531781,289,52,0.0
1158,52,148,26.0,1.04,2.96,26.0,74.0,104.0,25.23047064531781,289,52,0.0
1159,52,148,26.0,1.04,2.96,26.0,74.0,104.0,25.23047064531781,289,52,0.0
1160,54,146,27.0,1.08,2.92,27.0,73.0,108.0,26.200873362445414,291,54,4.0
1161,54,146,27.0,1.08,2.92,27.0,73.0,108.0,26.200873362445414,291,54,0.0
1162,55,145,27.500000000000004,1.1,2.9,27.5,72.5,110.0,26.686074721009216,292,55,2.0
1163,55,145,27.500000000000004,1.1,2.9,27.5,72.5,110.0,26.686074721009216,292,55,0.0
1164,55,145,27.500000000000004,1.1,2.9,27.5,72.5,110.0,26.686074721009216,292,55,0.0
1165,55,145,27.500000000000004,1.1,2.9,27.5,72.5,110.0,26.686074721009216,292,55,0.0
1166,55,145,27.500000000000004,1.1,2.9,27.5,72.5,110.0,26.686074721009216,292,55,0.0
1167,55,145,27.500000000000004,1.1,2.9,27.5,72.5,110.0,26.686074721009216,292,55,0.0
1168,55,145,27.500000000000004,1.1,2.9,27.5,72.5,110.0,26.686074721009216,293,55,0.0
1169,55,145,27.500000000000004,1.1,2.9,27.5,72.5,110.0,26.686074721009216,293,55,0.0
1170,55,145,27.500000000000004,1.1,2.9,27.5,72.5,110.0,26.686074721009216,293,55,0.0
1171,55,145,27.500000000000004,1.1,2.9,27.5,72.5,110.0,26.686074721009216,293,55,0.0
1172,55,145,27.500000000000004,1.1,2.9,27.5,72.5,110.0,26.686074721009216,293,55,0.0
1173,55,145,27.500000000000004,1.1,2.9,27.5,72.5,110.0,26.686074721009216,293,55,0.0
1174,55,145,27.500000000000004,1.1,2.9,27.5,72.5,110.0,26.686074721009216,293,55,0.0
1175,55,145,27.500000000000004,1.1,2.9,27.5,72.5,110.0,26.686074721009216,293,55,0.0
1176,55,145,27.500000000000004,1.1,2.9,27.5,72.5,110.0,26.686074721009216,293,55,0.0
1177,55,145,27.500000000000004,1.1,2.9,27.5,72.5,110.0,26.686074721009216,293,55,0.0
1178,55,145,27.500000000000004,1.1,2.9,27.5,72.5,110.0,26.686074721009216,293,55,0.0
1179,55,145,27.500000000000004,1.1,2.9,27.5,72.5,110.0,26.686074721009216,293,55,0.0
1180,55,145,27.500000000000004,1.1,2.9,27.5,72.5,110.0,26.686074721009216,294,55,0.0
1181,55,145,27.500000000000004,1.1,2.9,27.5,72.5,110.0,26.686074721009216,295,55,0.0
1182,55,145,27.500000000000004,1.1,2.9,27.5,72.5,110.0,26.686074721009216,295,55,0.0
1183,55,145,27.500000000000004,1.1,2.9,27.5,72.5,110.0,26.686074721009216,295,55,0.0
1184,55,145,27.500000000000004,1.1,2.9,27.5,72.5,110.0,26.686074721009216,295,55,0.0
1185,55,145,27.500000000000004,1.1,2.9,27.5,72.5,110.0,26.686074721009216,295,55,0.0
1186,55,145,27.500000000000004,1.1,2.9,27.5,72.5,110.0,26.686074721009216,295,55,0.0
1187,55,145,27.500000000000004,1.1,2.9,27.5,72.5,110.0,26.686074721009216,296,55,0.0
1188,55,145,27.500000000000004,1.1,2.9,27.5,72.5,110.0,26.686074721009216,297,55,0.0
1189,55,145,27.500000000000004,1.1,2.9,27.5,72.5,110.0,26.686074721009216,297,55,0.0
1190,55,145,27.500000000000004,1.1,2.9,27.5,72.5,110.0,26.686074721009216,297,55,0.0
1191,55,145,27.500000000000004,1.1,2.9,27.5,72.5,110.0,26.686074721009216,297,55,0.0
1192,55,145,27.500000000000004,1.1,2.9,27.5,72.5,110.0,26.686074721009216,297,55,0.0
1193,55,145,27.500000000000004,1.1,2.9,27.5,72.5,110.0,26.686074721009216,297,55,0.0
1194,55,145,27.500000000000004,1.1,2.9,27.5,72.5,110.0,26.686074721009216,297,55,0.0
1195,55,145,27.500000000000004,1.1,2.9,27.5,72.5,110.0,26.686074721009216,298,55,0.0
1196,55,145,27.500000000000004,1.1,2.9,27.5,72.5,110.0,26.686074721009216,298,55,0.0
1197,55,145,27.500000000000004,1.1,2.9,27.5,72.5,110.0,26.686074721009216,298,55,0.0
1198,55,145,27.500000000000004,1.1,2.9,27.5,72.5,110.0,26.686074721009216,298,55,0.0
1199,55,145,27.500000000000004,1.1,2.9,27.5,72.5,110.0,26.686074721009216,298,55,0.0
1200,55,145,27.500000000000004,1.1,2.9,27.5,72.5,110.0,26.686074721009216,299,55,0.0
1201,55,145,27.500000000000004,1.1,2.9,27.5,72.5,110.0,26.686074721009216,300,55,0.0
1202,55,145,27.500000000000004,1.1,2.9,27.5,72.5,110.0,26.686074721009216,301,55,0.0
1203,55,145,27.500000000000004,1.1,2.9,27.5,72.5,110.0,26.686074721009216,303,55,0.0
1204,56,144,28.000000000000004,1.12,2.88,28.000000000000004,72.0,112.00000000000001,27.171276079573026,304,56,2.000000000000014
1205,56,144,28.000000000000004,1.12,2.88,28.000000000000004,72.0,112.00000000000001,27.171276079573026,304,56,0.0
1206,56,144,28.000000000000004,1.12,2.88,28.000000000000004,72.0,112.00000000000001,27.171276079573026,304,56,0.0
1207,56,144,28.000000000000004,1.12,2.88,28.000000000000004,72.0,112.00000000000001,27.171276079573026,304,56,0.0
1208,56,144,28.000000000000004,1.12,2.88,28.000000000000004,72.0,112.00000000000001,27.171276079573026,304,56,0.0
1209,56,144,28.000000000000004,1.12,2.88,28.000000000000004,72.0,112.00000000000001,27.171276079573026,304,56,0.0
1210,56,144,28.000000000000004,1.12,2.88,28.000000000000004,72.0,112.00000000000001,27.171276079573026,304,56,0.0
1211,56,144,28.000000000000004,1.12,2.88,28.000000000000004,72.0,112.00000000000001,27.171276079573026,304,56,0.0
1212,56,144,28.000000000000004,1.12,2.88,28.000000000000004,72.0,112.00000000000001,27.171276079573026,304,56,0.0
1213,56,144,28.000000000000004,1.12,2.88,28.000000000000004,72.0,112.00000000000001,27.171276079573026,304,56,0.0
1214,56,144,28.000000000000004,1.12,2.88,28.000000000000004,72.0,112.00000000000001,27.171276079573026,304,56,0.0
1215,56,144,28.000000000000004,1.12,2.88,28.000000000000004,72.0,112.00000000000001,27.171276079573026,304,56,0.0
1216,56,144,28.000000000000004,1.12,2.88,28.000000000000004,72.0,112.00000000000001,27.171276079573026,304,56,0.0
1217,56,144,28.000000000000004,1.12,2.88,28.000000000000004,72.0,112.00000000000001,27.171276079573026,304,56,0.0
1218,56,144,28.000000000000004,1.12,2.88,28.000000000000004,72.0,112.00000000000001,27.171276079573026,304,56,0.0
1219,56,144,28.000000000000004,1.12,2.88,28.000000000000004,72.0,112.00000000000001,27.171276079573026,304,56,0.0
1220,56,144,28.000000000000004,1.12,2.88,28.000000000000004,72.0,112.00000000000001,27.171276079573026,304,56,0.0
1221,56,144,28.000000000000004,1.12,2.88,28.000000000000004,72.0,112.00000000000001,27.171276079573026,305,56,0.0
1222,57,143,28.499999999999996,1.1400000000000001,2.86,28.500000000000004,71.5,114.00000000000001,27.65647743813683,306,57,2.0
1223,57,143,28.499999999999996,1.1400000000000001,2.86,28.500000000000004,71.5,114.00000000000001,27.65647743813683,306,57,0.0
1224,57,143,28.499999999999996,1.1400000000000001,2.86,28.500000000000004,71.5,114.00000000000001,27.65647743813683,306,57,0.0
1225,57,143,28.499999999999996,1.1400000000000001,2.86,28.500000000000004,71.5,114.00000000000001,27.65647743813683,306,57,0.0
1226,57,143,28.499999999999996,1.1400000000000001,2.86,28.500000000000004,71.5,114.00000000000001,27.65647743813683,306,57,0.0
1227,57,143,28.499999999999996,1.1400000000000001,2.86,28.500000000000004,71.5,114.00000000000001,27.65647743813683,306,57,0.0
1228,57,143,28.499999999999996,1.1400000000000001,2.86,28.500000000000004,71.5,114.00000000000001,27.65647743813683,306,57,0.0
1229,57,143,28.499999999999996,1.1400000000000001,2.86,28.500000000000004,71.5,114.00000000000001,27.65647743813683,306,57,0.0
1230,57,143,28.499999999999996,1.1400000000000001,2.86,28.500000000000004,71.5,114.00000000000001,27.65647743813683,306,57,0.0
1231,57,143,28.499999999999996,1.1400000000000001,2.86,28.500000000000004,71.5,114.00000000000001,27.65647743813683,306,57,0.0
1232,57,143,28.499999999999996,1.1400000000000001,2.86,28.500000000000004,71.5,114.00000000000001,27.65647743813683,306,57,0.0
1233,57,143,28.499999999999996,1.1400000000000001,2.86,28.500000000000004,71.5,114.00000000000001,27.65647743813683,306,57,0.0
1234,57,143,28.499999999999996,1.1400000000000001,2.86,28.500000000000004,71.5,114.00000000000001,27.65647743813683,306,57,0.0
1235,57,143,28.499999999999996,1.1400000000000001,2.86,28.500000000000004,71.5,114.00000000000001,27.65647743813683,306,57,0.0
1236,57,143,28.499999999999996,1.1400000000000001,2.86,28.500000000000004,71.5,114.00000000000001,27.65647743813683,306,57,0.0
1237,57,143,28.499999999999996,1.1400000000000001,2.86,28.500000000000004,71.5,114.00000000000001,27.65647743813683,307,57,0.0
1238,57,143,28.499999999999996,1.1400000000000001,2.86,28.500000000000004,71.5,114.00000000000001,27.65647743813683,308,57,0.0
1239,57,143,28.499999999999996,1.1400000000000001,2.86,28.500000000000004,71.5,114.00000000000001,27.65647743813683,308,57,0.0
1240,57,143,28.499999999999996,1.1400000000000001,2.86,28.500000000000004,71.5,114.00000000000001,27.65647743813683,308,57,0.0
1241,57,143,28.499999999999996,1.1400000000000001,2.86,28.500000000000004,71.5,114.00000000000001,27.65647743813683,308,57,0.0
1242,57,143,28.499999999999996,1.1400000000000001,2.86,28.500000000000004,71.5,114.00000000000001,27.65647743813683,308,57,0.0
1243,57,143,28.499999999999996,1.1400000000000001,2.86,28.500000000000004,71.5,114.00000000000001,27.65647743813683,309,57,0.0
1244,58,142,28.999999999999996,1.16,2.84,28.999999999999996,71.0,115.99999999999999,28.141678796700624,310,58,1.9999999999999716
1245,58,142,28.999999999999996,1.16,2.84,28.999999999999996,71.0,115.99999999999999,28.141678796700624,310,58,0.0
1246,58,142,28.999999999999996,1.16,2.84,28.999999999999996,71.0,115.99999999999999,28.141678796700624,310,58,0.0
1247,58,142,28.999999999999996,1.16,2.84,28.999999999999996,71.0,115.99999999999999,28.141678796700624,310,58,0.0
1248,58,142,28.999999999999996,1.16,2.84,28.999999999999996,71.0,115.99999999999999,28.141678796700624,310,58,0.0
1249,58,142,28.999999999999996,1.16,2.84,28.999999999999996,71.0,115.99999999999999,28.141678796700624,310,58,0.0
1250,58,142,28.999999999999996,1.16,2.84,28.999999999999996,71.0,115.99999999999999,28.141678796700624,310,58,0.0
1251,58,142,28.999999999999996,1.16,2.84,28.999999999999996,71.0,115.99999999999999,28.141678796700624,310,58,0.0
1252,58,142,28.999999999999996,1.16,2.84,28.999999999999996,71.0,115.99999999999999,28.141678796700624,310,58,0.0
1253,58,142,28.999999999999996,1.16,2.84,28.999999999999996,71.0,115.99999999999999,28.141678796700624,310,58,0.0
1254,58,142,28.999999999999996,1.16,2.84,28.999999999999996,71.0,115.99999999999999,28.141678796700624,311,58,0.0
1255,58,142,28.999999999999996,1.16,2.84,28.999999999999996,71.0,115.99999999999999,28.141678796700624,312,58,0.0
1256,59,141,29.5,1.18,2.8200000000000003,29.499999999999996,70.5,117.99999999999999,28.626880155264434,313,59,2.0
1257,59,141,29.5,1.18,2.8200000000000003,29.499999999999996,70.5,117.99999999999999,28.626880155264434,313,59,0.0
1258,59,141,29.5,1.18,2.8200000000000003,29.499999999999996,70.5,117.99999999999999,28.626880155264434,313,59,0.0
1259,59,141,29.5,1.18,2.8200000000000003,29.499999999999996,70.5,117.99999999999999,28.626880155264434,313,59,0.0
1260,59,141,29.5,1.18,2.8200000000000003,29.499999999999996,70.5,117.99999999999999,28.626880155264434,314,59,0.0
1261,59,141,29.5,1.18,2.8200000000000003,29.499999999999996,70.5,117.99999999999999,28.626880155264434,315,59,0.0
1262,59,141,29.5,1.18,2.8200000000000003,29.499999999999996,70.5,117.99999999999999,28.626880155264434,316,59,0.0
1263,59,141,29.5,1.18,2.8200000000000003,29.499999999999996,70.5,117.99999999999999,28.626880155264434,316,59,0.0
1264,59,141,29.5,1.18,2.8200000000000003,29.499999999999996,70.5,117.99999999999999,28.626880155264434,317,59,0.0
1265,59,141,29.5,1.18,2.8200000000000003,29.499999999999996,70.5,117.99999999999999,28.626880155264434,317,59,0.0
1266,59,141,29.5,1.18,2.8200000000000003,29.499999999999996,70.5,117.99999999999999,28.626880155264434,317,59,0.0
1267,59,141,29.5,1.18,2.8200000000000003,29.499999999999996,70.5,117.99999999999999,28.626880155264434,317,59,0.0
1268,59,141,29.5,1.18,2.8200000000000003,29.499999999999996,70.5,117.99999999999999,28.626880155264434,317,59,0.0
1269,59,141,29.5,1.18,2.8200000000000003,29.499999999999996,70.5,117.99999999999999,28.626880155264434,317,59,0.0
1270,59,141,29.5,1.18,2.8200000000000003,29.499999999999996,70.5,117.99999999999999,28.626880155264434,317,59,0.0
1271,59,141,29.5,1.18,2.8200000000000003,29.499999999999996,70.5,117.99999999999999,28.626880155264434,317,59,0.0
1272,59,141,29.5,1.18,2.8200000000000003,29.499999999999996,70.5,117.99999999999999,28.626880155264434,317,59,0.0
1273,59,141,29.5,1.18,2.8200000000000003,29.499999999999996,70.5,117.99999999999999,28.626880155264434,317,59,0.0
1274,59,141,29.5,1.18,2.8200000000000003,29.499999999999996,70.5,117.99999999999999,28.626880155264434,317,59,0.0
1275,59,141,29.5,1.18,2.8200000000000003,29.499999999999996,70.5,117.99999999999999,28.626880155264434,317,59,0.0
1276,59,141,29.5,1.18,2.8200000000000003,29.499999999999996,70.5,117.99999999999999,28.626880155264434,317,59,0.0
1277,59,141,29.5,1.18,2.8200000000000003,29.499999999999996,70.5,117.99999999999999,28.626880155264434,317,59,0.0
1278,59,141,29.5,1.18,2.8200000000000003,29.499999999999996,70.5,117.99999999999999,28.626880155264434,317,59,0.0
1279,59,141,29.5,1.18,2.8200000000000003,29.499999999999996,70.5,117.99999999999999,28.626880155264434,317,59,0.0
1280,59,141,29.5,1.18,2.8200000000000003,29.499999999999996,70.5,117.99999999999999,28.626880155264434,317,59,0.0
1281,59,141,29.5,1.18,2.8200000000000003,29.499999999999996,70.5,117.99999999999999,28.626880155264434,317,59,0.0
1282,59,141,29.5,1.18,2.8200000000000003,29.499999999999996,70.5,117.99999999999999,28.626880155264434,317,59,0.0
1283,59,141,29.5,1.18,2.8200000000000003,29.499999999999996,70.5,117.99999999999999,28.626880155264434,318,59,0.0
1284,59,141,29.5,1.18,2.8200000000000003,29.499999999999996,70.5,117.99999999999999,28.626880155264434,318,59,0.0
1285,59,141,29.5,1.18,2.8200000000000003,29.499999999999996,70.5,117.99999999999999,28.626880155264434,318,59,0.0
1286,59,141,29.5,1.18,2.8200000000000003,29.499999999999996,70.5,117.99999999999999,28.626880155264434,318,59,0.0
1287,59,141,29.5,1.18,2.8200000000000003,29.499999999999996,70.5,117.99999999999999,28.626880155264434,318,59,0.0
1288,59,141,29.5,1.18,2.8200000000000003,29.499999999999996,70.5,117.99999999999999,28.626880155264434,318,59,0.0
1289,59,141,29.5,1.18,2.8200000000000003,29.499999999999996,70.5,117.99999999999999,28.626880155264434,318,59,0.0
1290,59,141,29.5,1.18,2.8200000000000003,29.499999999999996,70.5,117.99999999999999,28.626880155264434,318,59,0.0
1291,59,141,29.5,1.18,2.8200000000000003,29.499999999999996,70.5,117.99999999999999,28.626880155264434,318,59,0.0
1292,59,141,29.5,1.18,2.8200000000000003,29.499999999999996,70.5,117.99999999999999,28.626880155264434,318,59,0.0
1293,59,141,29.5,1.18,2.8200000000000003,29.499999999999996,70.5,117.99999999999999,28.626880155264434,318,59,0.0
1294,59,141,29.5,1.18,2.8200000000000003,29.499999999999996,70.5,117.99999999999999,28.626880155264434,319,59,0.0
1295,59,141,29.5,1.18,2.8200000000000003,29.499999999999996,70.5,117.99999999999999,28.626880155264434,320,59,0.0
1296,59,141,29.5,1.18,2.8200000000000003,29.499999999999996,70.5,117.99999999999999,28.626880155264434,321,59,0.0
1297,59,141,29.5,1.18,2.8200000000000003,29.499999999999996,70.5,117.99999999999999,28.626880155264434,321,59,0.0
1298,59,141,29.5,1.18,2.8200000000000003,29.499999999999996,70.5,117.99999999999999,28.626880155264434,322,59,0.0
1299,59,141,29.5,1.18,2.8200000000000003,29.499999999999996,70.5,117.99999999999999,28.626880155264434,322,59,0.0
1300,60,140,30.0,1.2,2.8,30.0,70.0,120.0,29.11208151382824,323,60,2.000000000000014
1301,60,140,30.0,1.2,2.8,30.0,70.0,120.0,29.11208151382824,323,60,0.0
1302,60,140,30.0,1.2,2.8,30.0,70.0,120.0,29.11208151382824,323,60,0.0
1303,60,140,30.0,1.2,2.8,30.0,70.0,120.0,29.11208151382824,324,60,0.0
1304,60,140,30.0,1.2,2.8,30.0,70.0,120.0,29.11208151382824,324,60,0.0
1305,60,140,30.0,1.2,2.8,30.0,70.0,120.0,29.11208151382824,325,60,0.0
1306,60,140,30.0,1.2,2.8,30.0,70.0,120.0,29.11208151382824,325,60,0.0
1307,60,140,30.0,1.2,2.8,30.0,70.0,120.0,29.11208151382824,325,60,0.0
1308,60,140,30.0,1.2,2.8,30.0,70.0,120.0,29.11208151382824,325,60,0.0
1309,60,140,30.0,1.2,2.8,30.0,70.0,120.0,29.11208151382824,325,60,0.0
1310,60,140,30.0,1.2,2.8,30.0,70.0,120.0,29.11208151382824,325,60,0.0
1311,60,140,30.0,1.2,2.8,30.0,70.0,120.0,29.11208151382824,325,60,0.0
1312,60,140,30.0,1.2,2.8,30.0,70.0,120.0,29.11208151382824,325,60,0.0
1313,60,140,30.0,1.2,2.8,30.0,70.0,120.0,29.11208151382824,325,60,0.0
1314,60,140,30.0,1.2,2.8,30.0,70.0,120.0,29.11208151382824,325,60,0.0
1315,60,140,30.0,1.2,2.8,30.0,70.0,120.0,29.11208151382824,325,60,0.0
1316,60,140,30.0,1.2,2.8,30.0,70.0,120.0,29.11208151382824,325,60,0.0
1317,60,140,30.0,1.2,2.8,30.0,70.0,120.0,29.11208151382824,325,60,0.0
1318,60,140,30.0,1.2,2.8,30.0,70.0,120.0,29.11208151382824,325,60,0.0
1319,60,140,30.0,1.2,2.8,30.0,70.0,120.0,29.11208151382824,325,60,0.0
1320,60,140,30.0,1.2,2.8,30.0,70.0,120.0,29.11208151382824,325,60,0.0
1321,60,140,30.0,1.2,2.8,30.0,70.0,120.0,29.11208151382824,325,60,0.0
1322,60,140,30.0,1.2,2.8,30.0,70.0,120.0,29.11208151382824,325,60,0.0
1323,60,140,30.0,1.2,2.8,30.0,70.0,120.0,29.11208151382824,326,60,0.0
1324,60,140,30.0,1.2,2.8,30.0,70.0,120.0,29.11208151382824,326,60,0.0
1325,60,140,30.0,1.2,2.8,30.0,70.0,120.0,29.11208151382824,326,60,0.0
1326,60,140,30.0,1.2,2.8,30.0,70.0,120.0,29.11208151382824,326,60,0.0
1327,60,140,30.0,1.2,2.8,30.0,70.0,120.0,29.11208151382824,326,60,0.0
1328,60,140,30.0,1.2,2.8,30.0,70.0,120.0,29.11208151382824,326,60,0.0
1329,60,140,30.0,1.2,2.8,30.0,70.0,120.0,29.11208151382824,326,60,0.0
1330,60,140,30.0,1.2,2.8,30.0,70.0,120.0,29.11208151382824,326,60,0.0
1331,60,140,30.0,1.2,2.8,30.0,70.0,120.0,29.11208151382824,326,60,0.0
1332,60,140,30.0,1.2,2.8,30.0,70.0,120.0,29.11208151382824,326,60,0.0
1333,60,140,30.0,1.2,2.8,30.0,70.0,120.0,29.11208151382824,326,60,0.0
1334,60,140,30.0,1.2,2.8,30.0,70.0,120.0,29.11208151382824,326,60,0.0
1335,60,140,30.0,1.2,2.8,30.0,70.0,120.0,29.11208151382824,326,60,0.0
1336,60,140,30.0,1.2,2.8,30.0,70.0,120.0,29.11208151382824,326,60,0.0
1337,60,140,30.0,1.2,2.8,30.0,70.0,120.0,29.11208151382824,326,60,0.0
1338,60,140,30.0,1.2,2.8,30.0,70.0,120.0,29.11208151382824,326,60,0.0
1339,60,140,30.0,1.2,2.8,30.0,70.0,120.0,29.11208151382824,326,60,0.0
1340,60,140,30.0,1.2,2.8,30.0,70.0,120.0,29.11208151382824,326,60,0.0
1341,60,140,30.0,1.2,2.8,30.0,70.0,120.0,29.11208151382824,326,60,0.0
1342,60,140,30.0,1.2,2.8,30.0,70.0,120.0,29.11208151382824,326,60,0.0
1343,60,140,30.0,1.2,2.8,30.0,70.0,120.0,29.11208151382824,326,60,0.0
1344,60,140,30.0,1.2,2.8,30.0,70.0,120.0,29.11208151382824,326,60,0.0
1345,60,140,30.0,1.2,2.8,30.0,70.0,120.0,29.11208151382824,326,60,0.0
1346,60,140,30.0,1.2,2.8,30.0,70.0,120.0,29.11208151382824,326,60,0.0
1347,60,140,30.0,1.2,2.8,30.0,70.0,120.0,29.11208151382824,326,60,0.0
1348,60,140,30.0,1.2,2.8,30.0,70.0,120.0,29.11208151382824,326,60,0.0
1349,60,140,30.0,1.2,2.8,30.0,70.0,120.0,29.11208151382824,326,60,0.0
1350,60,140,30.0,1.2,2.8,30.0,70.0,120.0,29.11208151382824,327,60,0.0
1351,60,140,30.0,1.2,2.8,30.0,70.0,120.0,29.11208151382824,329,60,0.0
1352,60,140,30.0,1.2,2.8,30.0,70.0,120.0,29.11208151382824,329,60,0.0
1353,60,140,30.0,1.2,2.8,30.0,70.0,120.0,29.11208151382824,329,60,0.0
1354,60,140,30.0,1.2,2.8,30.0,70.0,120.0,29.11208151382824,329,60,0.0
1355,60,140,30.0,1.2,2.8,30.0,70.0,120.0,29.11208151382824,329,60,0.0
1356,60,140,30.0,1.2,2.8,30.0,70.0,120.0,29.11208151382824,329,60,0.0
1357,60,140,30.0,1.2,2.8,30.0,70.0,120.0,29.11208151382824,329,60,0.0
1358,60,140,30.0,1.2,2.8,30.0,70.0,120.0,29.11208151382824,330,60,0.0
1359,60,140,30.0,1.2,2.8,30.0,70.0,120.0,29.11208151382824,331,60,0.0
1360,60,140,30.0,1.2,2.8,30.0,70.0,120.0,29.11208151382824,331,60,0.0
1361,60,140,30.0,1.2,2.8,30.0,70.0,120.0,29.11208151382824,331,60,0.0
1362,60,140,30.0,1.2,2.8,30.0,70.0,120.0,29.11208151382824,332,60,0.0
1363,60,140,30.0,1.2,2.8,30.0,70.0,120.0,29.11208151382824,333,60,0.0
1364,60,140,30.0,1.2,2.8,30.0,70.0,120.0,29.11208151382824,333,60,0.0
1365,61,139,30.5,1.22,2.7800000000000002,30.5,69.5,122.0,29.597282872392043,334,61,2.0
1366,61,139,30.5,1.22,2.7800000000000002,30.5,69.5,122.0,29.597282872392043,335,61,0.0
1367,61,139,30.5,1.22,2.7800000000000002,30.5,69.5,122.0,29.597282872392043,336,61,0.0
1368,61,139,30.5,1.22,2.7800000000000002,30.5,69.5,122.0,29.597282872392043,336,61,0.0
1369,61,139,30.5,1.22,2.7800000000000002,30.5,69.5,122.0,29.597282872392043,337,61,0.0
1370,61,139,30.5,1.22,2.7800000000000002,30.5,69.5,122.0,29.597282872392043,338,61,0.0
1371,61,139,30.5,1.22,2.7800000000000002,30.5,69.5,122.0,29.597282872392043,339,61,0.0
1372,61,139,30.5,1.22,2.7800000000000002,30.5,69.5,122.0,29.597282872392043,340,61,0.0
1373,61,139,30.5,1.22,2.7800000000000002,30.5,69.5,122.0,29.597282872392043,341,61,0.0
1374,61,139,30.5,1.22,2.7800000000000002,30.5,69.5,122.0,29.597282872392043,342,61,0.0
1375,61,139,30.5,1.22,2.7800000000000002,30.5,69.5,122.0,29.597282872392043,343,61,0.0
1376,61,139,30.5,1.22,2.7800000000000002,30.5,69.5,122.0,29.597282872392043,343,61,0.0
1377,61,139,30.5,1.22,2.7800000000000002,30.5,69.5,122.0,29.597282872392043,343,61,0.0
1378,61,139,30.5,1.22,2.7800000000000002,30.5,69.5,122.0,29.597282872392043,344,61,0.0
1379,61,139,30.5,1.22,2.7800000000000002,30.5,69.5,122.0,29.597282872392043,345,61,0.0
1380,61,139,30.5,1.22,2.7800000000000002,30.5,69.5,122.0,29.597282872392043,345,61,0.0
1381,61,139,30.5,1.22,2.7800000000000002,30.5,69.5,122.0,29.597282872392043,345,61,0.0
1382,61,139,30.5,1.22,2.7800000000000002,30.5,69.5,122.0,29.597282872392043,346,61,0.0
1383,61,139,30.5,1.22,2.7800000000000002,30.5,69.5,122.0,29.597282872392043,347,61,0.0
1384,61,139,30.5,1.22,2.7800000000000002,30.5,69.5,122.0,29.597282872392043,347,61,0.0
1385,61,139,30.5,1.22,2.7800000000000002,30.5,69.5,122.0,29.597282872392043,347,61,0.0
1386,61,139,30.5,1.22,2.7800000000000002,30.5,69.5,122.0,29.597282872392043,347,61,0.0
1387,61,139,30.5,1.22,2.7800000000000002,30.5,69.5,122.0,29.597282872392043,347,61,0.0
1388,61,139,30.5,1.22,2.7800000000000002,30.5,69.5,122.0,29.597282872392043,347,61,0.0
1389,61,139,30.5,1.22,2.7800000000000002,30.5,69.5,122.0,29.597282872392043,347,61,0.0
1390,61,139,30.5,1.22,2.7800000000000002,30.5,69.5,122.0,29.597282872392043,350,61,0.0
1391,61,139,30.5,1.22,2.7800000000000002,30.5,69.5,122.0,29.597282872392043,350,61,0.0
1392,61,139,30.5,1.22,2.7800000000000002,30.5,69.5,122.0,29.597282872392043,351,61,0.0
1393,61,139,30.5,1.22,2.7800000000000002,30.5,69.5,122.0,29.597282872392043,352,61,0.0
1394,61,139,30.5,1.22,2.7800000000000002,30.5,69.5,122.0,29.597282872392043,353,61,0.0
1395,61,139,30.5,1.22,2.7800000000000002,30.5,69.5,122.0,29.597282872392043,353,61,0.0
1396,62,138,31.0,1.24,2.76,31.0,69.0,124.0,30.082484230955846,354,62,2.0
1397,62,138,31.0,1.24,2.76,31.0,69.0,124.0,30.082484230955846,354,62,0.0
1398,62,138,31.0,1.24,2.76,31.0,69.0,124.0,30.082484230955846,355,62,0.0
1399,62,138,31.0,1.24,2.76,31.0,69.0,124.0,30.082484230955846,355,62,0.0
1400,62,138,31.0,1.24,2.76,31.0,69.0,124.0,30.082484230955846,355,62,0.0
1401,62,138,31.0,1.24,2.76,31.0,69.0,124.0,30.082484230955846,355,62,0.0
1402,62,138,31.0,1.24,2.76,31.0,69.0,124.0,30.082484230955846,355,62,0.0
1403,62,138,31.0,1.24,2.76,31.0,69.0,124.0,30.082484230955846,355,62,0.0
1404,62,138,31.0,1.24,2.76,31.0,69.0,124.0,30.082484230955846,355,62,0.0
1405,62,138,31.0,1.24,2.76,31.0,69.0,124.0,30.082484230955846,355,62,0.0
1406,62,138,31.0,1.24,2.76,31.0,69.0,124.0,30.082484230955846,355,62,0.0
1407,62,138,31.0,1.24,2.76,31.0,69.0,124.0,30.082484230955846,355,62,0.0
1408,62,138,31.0,1.24,2.76,31.0,69.0,124.0,30.082484230955846,355,62,0.0
1409,62,138,31.0,1.24,2.76,31.0,69.0,124.0,30.082484230955846,355,62,0.0
1410,62,138,31.0,1.24,2.76,31.0,69.0,124.0,30.082484230955846,355,62,0.0
1411,62,138,31.0,1.24,2.76,31.0,69.0,124.0,30.082484230955846,356,62,0.0
1412,62,138,31.0,1.24,2.76,31.0,69.0,124.0,30.082484230955846,356,62,0.0
1413,62,138,31.0,1.24,2.76,31.0,69.0,124.0,30.082484230955846,357,62,0.0
1414,62,138,31.0,1.24,2.76,31.0,69.0,124.0,30.082484230955846,358,62,0.0
1415,63,137,31.5,1.26,2.74,31.5,68.5,126.0,30.567685589519648,359,63,2.0
1416,63,137,31.5,1.26,2.74,31.5,68.5,126.0,30.567685589519648,359,63,0.0
1417,63,137,31.5,1.26,2.74,31.5,68.5,126.0,30.567685589519648,359,63,0.0
1418,63,137,31.5,1.26,2.74,31.5,68.5,126.0,30.567685589519648,359,63,0.0
1419,63,137,31.5,1.26,2.74,31.5,68.5,126.0,30.567685589519648,359,63,0.0
1420,63,137,31.5,1.26,2.74,31.5,68.5,126.0,30.567685589519648,359,63,0.0
1421,63,137,31.5,1.26,2.74,31.5,68.5,126.0,30.567685589519648,359,63,0.0
1422,63,137,31.5,1.26,2.74,31.5,68.5,126.0,30.567685589519648,359,63,0.0
1423,63,137,31.5,1.26,2.74,31.5,68.5,126.0,30.567685589519648,360,63,0.0
1424,63,137,31.5,1.26,2.74,31.5,68.5,126.0,30.567685589519648,360,63,0.0
1425,63,137,31.5,1.26,2.74,31.5,68.5,126.0,30.567685589519648,361,63,0.0
1426,63,137,31.5,1.26,2.74,31.5,68.5,126.0,30.567685589519648,361,63,0.0
1427,63,137,31.5,1.26,2.74,31.5,68.5,126.0,30.567685589519648,361,63,0.0
1428,63,137,31.5,1.26,2.74,31.5,68.5,126.0,30.567685589519648,361,63,0.0
1429,63,137,31.5,1.26,2.74,31.5,68.5,126.0,30.567685589519648,361,63,0.0
1430,63,137,31.5,1.26,2.74,31.5,68.5,126.0,30.567685589519648,361,63,0.0
1431,63,137,31.5,1.26,2.74,31.5,68.5,126.0,30.567685589519648,361,63,0.0
1432,63,137,31.5,1.26,2.74,31.5,68.5,126.0,30.567685589519648,361,63,0.0
1433,63,137,31.5,1.26,2.74,31.5,68.5,126.0,30.567685589519648,361,63,0.0
1434,63,137,31.5,1.26,2.74,31.5,68.5,126.0,30.567685589519648,361,63,0.0
1435,63,137,31.5,1.26,2.74,31.5,68.5,126.0,30.567685589519648,361,63,0.0
1436,63,137,31.5,1.26,2.74,31.5,68.5,126.0,30.567685589519648,362,63,0.0
1437,63,137,31.5,1.26,2.74,31.5,68.5,126.0,30.567685589519648,363,63,0.0
1438,63,137,31.5,1.26,2.74,31.5,68.5,126.0,30.567685589519648,363,63,0.0
1439,63,137,31.5,1.26,2.74,31.5,68.5,126.0,30.567685589519648,363,63,0.0
1440,63,137,31.5,1.26,2.74,31.5,68.5,126.0,30.567685589519648,364,63,0.0
1441,63,137,31.5,1.26,2.74,31.5,68.5,126.0,30.567685589519648,365,63,0.0
1442,63,137,31.5,1.26,2.74,31.5,68.5,126.0,30.567685589519648,367,63,0.0
1443,63,137,31.5,1.26,2.74,31.5,68.5,126.0,30.567685589519648,368,63,0.0
1444,64,136,32.0,1.28,2.7199999999999998,32.0,67.99999999999999,128.0,31.052886948083458,370,64,2.0
1445,64,136,32.0,1.28,2.7199999999999998,32.0,67.99999999999999,128.0,31.052886948083458,371,64,0.0
1446,64,136,32.0,1.28,2.7199999999999998,32.0,67.99999999999999,128.0,31.052886948083458,372,64,0.0
1447,64,136,32.0,1.28,2.7199999999999998,32.0,67.99999999999999,128.0,31.052886948083458,374,64,0.0
1448,64,136,32.0,1.28,2.7199999999999998,32.0,67.99999999999999,128.0,31.052886948083458,375,64,0.0
1449,64,136,32.0,1.28,2.7199999999999998,32.0,67.99999999999999,128.0,31.052886948083458,375,64,0.0
1450,64,136,32.0,1.28,2.7199999999999998,32.0,67.99999999999999,128.0,31.052886948083458,376,64,0.0
1451,64,136,32.0,1.28,2.7199999999999998,32.0,67.99999999999999,128.0,31.052886948083458,376,64,0.0
1452,64,136,32.0,1.28,2.7199999999999998,32.0,67.99999999999999,128.0,31.052886948083458,377,64,0.0
1453,64,136,32.0,1.28,2.7199999999999998,32.0,67.99999999999999,128.0,31.052886948083458,378,64,0.0
1454,64,136,32.0,1.28,2.7199999999999998,32.0,67.99999999999999,128.0,31.052886948083458,378,64,0.0
1455,64,136,32.0,1.28,2.7199999999999998,32.0,67.99999999999999,128.0,31.052886948083458,378,64,0.0
1456,64,136,32.0,1.28,2.7199999999999998,32.0,67.99999999999999,128.0,31.052886948083458,378,64,0.0
1457,64,136,32.0,1.28,2.7199999999999998,32.0,67.99999999999999,128.0,31.052886948083458,378,64,0.0
1458,64,136,32.0,1.28,2.7199999999999998,32.0,67.99999999999999,128.0,31.052886948083458,378,64,0.0
1459,64,136,32.0,1.28,2.7199999999999998,32.0,67.99999999999999,128.0,31.052886948083458,378,64,0.0
1460,64,136,32.0,1.28,2.7199999999999998,32.0,67.99999999999999,128.0,31.052886948083458,378,64,0.0
1461,64,136,32.0,1.28,2.7199999999999998,32.0,67.99999999999999,128.0,31.052886948083458,378,64,0.0
1462,64,136,32.0,1.28,2.7199999999999998,32.0,67.99999999999999,128.0,31.052886948083458,378,64,0.0
1463,65,135,32.5,1.3,2.7,32.5,67.5,130.0,31.53808830664726,379,65,2.0
1464,65,135,32.5,1.3,2.7,32.5,67.5,130.0,31.53808830664726,379,65,0.0
1465,65,135,32.5,1.3,2.7,32.5,67.5,130.0,31.53808830664726,379,65,0.0
1466,65,135,32.5,1.3,2.7,32.5,67.5,130.0,31.53808830664726,380,65,0.0
1467,65,135,32.5,1.3,2.7,32.5,67.5,130.0,31.53808830664726,380,65,0.0
1468,65,135,32.5,1.3,2.7,32.5,67.5,130.0,31.53808830664726,381,65,0.0
1469,65,135,32.5,1.3,2.7,32.5,67.5,130.0,31.53808830664726,382,65,0.0
1470,65,135,32.5,1.3,2.7,32.5,67.5,130.0,31.53808830664726,384,65,0.0
1471,65,135,32.5,1.3,2.7,32.5,67.5,130.0,31.53808830664726,386,65,0.0
1472,65,135,32.5,1.3,2.7,32.5,67.5,130.0,31.53808830664726,388,65,0.0
1473,65,135,32.5,1.3,2.7,32.5,67.5,130.0,31.53808830664726,389,65,0.0
1474,65,135,32.5,1.3,2.7,32.5,67.5,130.0,31.53808830664726,390,65,0.0
1475,65,135,32.5,1.3,2.7,32.5,67.5,130.0,31.53808830664726,390,65,0.0
1476,65,135,32.5,1.3,2.7,32.5,67.5,130.0,31.53808830664726,390,65,0.0
1477,65,135,32.5,1.3,2.7,32.5,67.5,130.0,31.53808830664726,390,65,0.0
1478,65,135,32.5,1.3,2.7,32.5,67.5,130.0,31.53808830664726,390,65,0.0
1479,66,134,33.0,1.32,2.6799999999999997,33.0,66.99999999999999,132.0,32.02328966521107,391,66,2.0
1480,66,134,33.0,1.32,2.6799999999999997,33.0,66.99999999999999,132.0,32.02328966521107,391,66,0.0
1481,66,134,33.0,1.32,2.6799999999999997,33.0,66.99999999999999,132.0,32.02328966521107,391,66,0.0
1482,66,134,33.0,1.32,2.6799999999999997,33.0,66.99999999999999,132.0,32.02328966521107,391,66,0.0
1483,66,134,33.0,1.32,2.6799999999999997,33.0,66.99999999999999,132.0,32.02328966521107,391,66,0.0
1484,66,134,33.0,1.32,2.6799999999999997,33.0,66.99999999999999,132.0,32.02328966521107,391,66,0.0
1485,66,134,33.0,1.32,2.6799999999999997,33.0,66.99999999999999,132.0,32.02328966521107,391,66,0.0
1486,66,134,33.0,1.32,2.6799999999999997,33.0,66.99999999999999,132.0,32.02328966521107,391,66,0.0
1487,66,134,33.0,1.32,2.6799999999999997,33.0,66.99999999999999,132.0,32.02328966521107,391,66,0.0
1488,66,134,33.0,1.32,2.6799999999999997,33.0,66.99999999999999,132.0,32.02328966521107,391,66,0.0
1489,66,134,33.0,1.32,2.6799999999999997,33.0,66.99999999999999,132.0,32.02328966521107,391,66,0.0
1490,66,134,33.0,1.32,2.6799999999999997,33.0,66.99999999999999,132.0,32.02328966521107,391,66,0.0
1491,66,134,33.0,1.32,2.6799999999999997,33.0,66.99999999999999,132.0,32.02328966521107,391,66,0.0
1492,66,134,33.0,1.32,2.6799999999999997,33.0,66.99999999999999,132.0,32.02328966521107,391,66,0.0
1493,66,134,33.0,1.32,2.6799999999999997,33.0,66.99999999999999,132.0,32.02328966521107,391,66,0.0
1494,66,134,33.0,1.32,2.6799999999999997,33.0,66.99999999999999,132.0,32.02328966521107,391,66,0.0
1495,66,134,33.0,1.32,2.6799999999999997,33.0,66.99999999999999,132.0,32.02328966521107,391,66,0.0
1496,66,134,33.0,1.32,2.6799999999999997,33.0,66.99999999999999,132.0,32.02328966521107,391,66,0.0
1497,66,134,33.0,1.32,2.6799999999999997,33.0,66.99999999999999,132.0,32.02328966521107,391,66,0.0
1498,66,134,33.0,1.32,2.6799999999999997,33.0,66.99999999999999,132.0,32.02328966521107,391,66,0.0
1499,66,134,33.0,1.32,2.6799999999999997,33.0,66.99999999999999,132.0,32.02328966521107,392,66,0.0
1500,66,134,33.0,1.32,2.6799999999999997,33.0,66.99999999999999,132.0,32.02328966521107,392,66,0.0
1501,66,134,33.0,1.32,2.6799999999999997,33.0,66.99999999999999,132.0,32.02328966521107,392,66,0.0
1502,66,134,33.0,1.32,2.6799999999999997,33.0,66.99999999999999,132.0,32.02328966521107,392,66,0.0
1503,66,134,33.0,1.32,2.6799999999999997,33.0,66.99999999999999,132.0,32.02328966521107,392,66,0.0
1504,66,134,33.0,1.32,2.6799999999999997,33.0,66.99999999999999,132.0,32.02328966521107,392,66,0.0
1505,66,134,33.0,1.32,2.6799999999999997,33.0,66.99999999999999,132.0,32.02328966521107,392,66,0.0
1506,66,134,33.0,1.32,2.6799999999999997,33.0,66.99999999999999,132.0,32.02328966521107,392,66,0.0
1507,66,134,33.0,1.32,2.6799999999999997,33.0,66.99999999999999,132.0,32.02328966521107,392,66,0.0
1508,66,134,33.0,1.32,2.6799999999999997,33.0,66.99999999999999,132.0,32.02328966521107,392,66,0.0
1509,66,134,33.0,1.32,2.6799999999999997,33.0,66.99999999999999,132.0,32.02328966521107,392,66,0.0
1510,66,134,33.0,1.32,2.6799999999999997,33.0,66.99999999999999,132.0,32.02328966521107,392,66,0.0
1511,66,134,33.0,1.32,2.6799999999999997,33.0,66.99999999999999,132.0,32.02328966521107,393,66,0.0
1512,66,134,33.0,1.32,2.6799999999999997,33.0,66.99999999999999,132.0,32.02328966521107,393,66,0.0
1513,66,134,33.0,1.32,2.6799999999999997,33.0,66.99999999999999,132.0,32.02328966521107,393,66,0.0
1514,66,134,33.0,1.32,2.6799999999999997,33.0,66.99999999999999,132.0,32.02328966521107,393,66,0.0
1515,66,134,33.0,1.32,2.6799999999999997,33.0,66.99999999999999,132.0,32.02328966521107,393,66,0.0
1516,66,134,33.0,1.32,2.6799999999999997,33.0,66.99999999999999,132.0,32.02328966521107,393,66,0.0
1517,66,134,33.0,1.32,2.6799999999999997,33.0,66.99999999999999,132.0,32.02328966521107,393,66,0.0
1518,66,134,33.0,1.32,2.6799999999999997,33.0,66.99999999999999,132.0,32.02328966521107,393,66,0.0
1519,66,134,33.0,1.32,2.6799999999999997,33.0,66.99999999999999,132.0,32.02328966521107,393,66,0.0
1520,66,134,33.0,1.32,2.6799999999999997,33.0,66.99999999999999,132.0,32.02328966521107,393,66,0.0
1521,66,134,33.0,1.32,2.6799999999999997,33.0,66.99999999999999,132.0,32.02328966521107,393,66,0.0
1522,66,134,33.0,1.32,2.6799999999999997,33.0,66.99999999999999,132.0,32.02328966521107,393,66,0.0
1523,66,134,33.0,1.32,2.6799999999999997,33.0,66.99999999999999,132.0,32.02328966521107,393,66,0.0
1524,66,134,33.0,1.32,2.6799999999999997,33.0,66.99999999999999,132.0,32.02328966521107,393,66,0.0
1525,66,134,33.0,1.32,2.6799999999999997,33.0,66.99999999999999,132.0,32.02328966521107,393,66,0.0
1526,66,134,33.0,1.32,2.6799999999999997,33.0,66.99999999999999,132.0,32.02328966521107,393,66,0.0
1527,66,134,33.0,1.32,2.6799999999999997,33.0,66.99999999999999,132.0,32.02328966521107,393,66,0.0
1528,66,134,33.0,1.32,2.6799999999999997,33.0,66.99999999999999,132.0,32.02328966521107,393,66,0.0
1529,66,134,33.0,1.32,2.6799999999999997,33.0,66.99999999999999,132.0,32.02328966521107,393,66,0.0
1530,66,134,33.0,1.32,2.6799999999999997,33.0,66.99999999999999,132.0,32.02328966521107,393,66,0.0
1531,66,134,33.0,1.32,2.6799999999999997,33.0,66.99999999999999,132.0,32.02328966521107,393,66,0.0
1532,66,134,33.0,1.32,2.6799999999999997,33.0,66.99999999999999,132.0,32.02328966521107,393,66,0.0
1533,66,134,33.0,1.32,2.6799999999999997,33.0,66.99999999999999,132.0,32.02328966521107,393,66,0.0
1534,66,134,33.0,1.32,2.6799999999999997,33.0,66.99999999999999,132.0,32.02328966521107,393,66,0.0
1535,66,134,33.0,1.32,2.6799999999999997,33.0,66.99999999999999,132.0,32.02328966521107,393,66,0.0
1536,66,134,33.0,1.32,2.6799999999999997,33.0,66.99999999999999,132.0,32.02328966521107,393,66,0.0
1537,66,134,33.0,1.32,2.6799999999999997,33.0,66.99999999999999,132.0,32.02328966521107,393,66,0.0
1538,66,134,33.0,1.32,2.6799999999999997,33.0,66.99999999999999,132.0,32.02328966521107,393,66,0.0
1539,66,134,33.0,1.32,2.6799999999999997,33.0,66.99999999999999,132.0,32.02328966521107,393,66,0.0
1540,66,134,33.0,1.32,2.6799999999999997,33.0,66.99999999999999,132.0,32.02328966521107,393,66,0.0
1541,66,134,33.0,1.32,2.6799999999999997,33.0,66.99999999999999,132.0,32.02328966521107,393,66,0.0
1542,66,134,33.0,1.32,2.6799999999999997,33.0,66.99999999999999,132.0,32.02328966521107,393,66,0.0
1543,66,134,33.0,1.32,2.6799999999999997,33.0,66.99999999999999,132.0,32.02328966521107,393,66,0.0
1544,66,134,33.0,1.32,2.6799999999999997,33.0,66.99999999999999,132.0,32.02328966521107,393,66,0.0
1545,66,134,33.0,1.32,2.6799999999999997,33.0,66.99999999999999,132.0,32.02328966521107,393,66,0.0
1546,66,134,33.0,1.32,2.6799999999999997,33.0,66.99999999999999,132.0,32.02328966521107,393,66,0.0
1547,66,134,33.0,1.32,2.6799999999999997,33.0,66.99999999999999,132.0,32.02328966521107,393,66,0.0
1548,66,134,33.0,1.32,2.6799999999999997,33.0,66.99999999999999,132.0,32.02328966521107,393,66,0.0
1549,66,134,33.0,1.32,2.6799999999999997,33.0,66.99999999999999,132.0,32.02328966521107,393,66,0.0
1550,66,134,33.0,1.32,2.6799999999999997,33.0,66.99999999999999,132.0,32.02328966521107,393,66,0.0
1551,66,134,33.0,1.32,2.6799999999999997,33.0,66.99999999999999,132.0,32.02328966521107,393,66,0.0
1552,66,134,33.0,1.32,2.6799999999999997,33.0,66.99999999999999,132.0,32.02328966521107,393,66,0.0
1553,66,134,33.0,1.32,2.6799999999999997,33.0,66.99999999999999,132.0,32.02328966521107,393,66,0.0
1554,66,134,33.0,1.32,2.6799999999999997,33.0,66.99999999999999,132.0,32.02328966521107,393,66,0.0
1555,66,134,33.0,1.32,2.6799999999999997,33.0,66.99999999999999,132.0,32.02328966521107,393,66,0.0
1556,66,134,33.0,1.32,2.6799999999999997,33.0,66.99999999999999,132.0,32.02328966521107,394,66,0.0
1557,67,133,33.5,1.34,2.66,33.5,66.5,134.0,32.508491023774866,396,67,2.0
1558,67,133,33.5,1.34,2.66,33.5,66.5,134.0,32.508491023774866,397,67,0.0
1559,67,133,33.5,1.34,2.66,33.5,66.5,134.0,32.508491023774866,398,67,0.0
1560,67,133,33.5,1.34,2.66,33.5,66.5,134.0,32.508491023774866,398,67,0.0
1561,67,133,33.5,1.34,2.66,33.5,66.5,134.0,32.508491023774866,398,67,0.0
1562,67,133,33.5,1.34,2.66,33.5,66.5,134.0,32.508491023774866,398,67,0.0
1563,67,133,33.5,1.34,2.66,33.5,66.5,134.0,32.508491023774866,398,67,0.0
1564,67,133,33.5,1.34,2.66,33.5,66.5,134.0,32.508491023774866,398,67,0.0
1565,67,133,33.5,1.34,2.66,33.5,66.5,134.0,32.508491023774866,398,67,0.0
1566,67,133,33.5,1.34,2.66,33.5,66.5,134.0,32.508491023774866,398,67,0.0
1567,67,133,33.5,1.34,2.66,33.5,66.5,134.0,32.508491023774866,399,67,0.0
1568,68,132,34.0,1.36,2.6399999999999997,34.0,65.99999999999999,136.0,32.99369238233867,400,68,2.0
1569,68,132,34.0,1.36,2.6399999999999997,34.0,65.99999999999999,136.0,32.99369238233867,400,68,0.0
1570,68,132,34.0,1.36,2.6399999999999997,34.0,65.99999999999999,136.0,32.99369238233867,400,68,0.0
1571,68,132,34.0,1.36,2.6399999999999997,34.0,65.99999999999999,136.0,32.99369238233867,401,68,0.0
1572,68,132,34.0,1.36,2.6399999999999997,34.0,65.99999999999999,136.0,32.99369238233867,401,68,0.0
1573,68,132,34.0,1.36,2.6399999999999997,34.0,65.99999999999999,136.0,32.99369238233867,401,68,0.0
1574,68,132,34.0,1.36,2.6399999999999997,34.0,65.99999999999999,136.0,32.99369238233867,401,68,0.0
1575,68,132,34.0,1.36,2.6399999999999997,34.0,65.99999999999999,136.0,32.99369238233867,401,68,0.0
1576,68,132,34.0,1.36,2.6399999999999997,34.0,65.99999999999999,136.0,32.99369238233867,401,68,0.0
1577,68,132,34.0,1.36,2.6399999999999997,34.0,65.99999999999999,136.0,32.99369238233867,401,68,0.0
1578,68,132,34.0,1.36,2.6399999999999997,34.0,65.99999999999999,136.0,32.99369238233867,401,68,0.0
1579,68,132,34.0,1.36,2.6399999999999997,34.0,65.99999999999999,136.0,32.99369238233867,401,68,0.0
1580,68,132,34.0,1.36,2.6399999999999997,34.0,65.99999999999999,136.0,32.99369238233867,401,68,0.0
1581,68,132,34.0,1.36,2.6399999999999997,34.0,65.99999999999999,136.0,32.99369238233867,401,68,0.0
1582,68,132,34.0,1.36,2.6399999999999997,34.0,65.99999999999999,136.0,32.99369238233867,401,68,0.0
1583,68,132,34.0,1.36,2.6399999999999997,34.0,65.99999999999999,136.0,32.99369238233867,401,68,0.0
1584,68,132,34.0,1.36,2.6399999999999997,34.0,65.99999999999999,136.0,32.99369238233867,401,68,0.0
1585,68,132,34.0,1.36,2.6399999999999997,34.0,65.99999999999999,136.0,32.99369238233867,401,68,0.0
1586,68,132,34.0,1.36,2.6399999999999997,34.0,65.99999999999999,136.0,32.99369238233867,401,68,0.0
1587,68,132,34.0,1.36,2.6399999999999997,34.0,65.99999999999999,136.0,32.99369238233867,402,68,0.0
1588,68,132,34.0,1.36,2.6399999999999997,34.0,65.99999999999999,136.0,32.99369238233867,404,68,0.0
1589,68,132,34.0,1.36,2.6399999999999997,34.0,65.99999999999999,136.0,32.99369238233867,404,68,0.0
1590,68,132,34.0,1.36,2.6399999999999997,34.0,65.99999999999999,136.0,32.99369238233867,404,68,0.0
1591,68,132,34.0,1.36,2.6399999999999997,34.0,65.99999999999999,136.0,32.99369238233867,404,68,0.0
1592,68,132,34.0,1.36,2.6399999999999997,34.0,65.99999999999999,136.0,32.99369238233867,404,68,0.0
1593,69,131,34.5,1.3800000000000001,2.62,34.5,65.5,138.0,33.47889374090248,405,69,2.0
1594,69,131,34.5,1.3800000000000001,2.62,34.5,65.5,138.0,33.47889374090248,405,69,0.0
1595,69,131,34.5,1.3800000000000001,2.62,34.5,65.5,138.0,33.47889374090248,405,69,0.0
1596,69,131,34.5,1.3800000000000001,2.62,34.5,65.5,138.0,33.47889374090248,406,69,0.0
1597,69,131,34.5,1.3800000000000001,2.62,34.5,65.5,138.0,33.47889374090248,407,69,0.0
1598,69,131,34.5,1.3800000000000001,2.62,34.5,65.5,138.0,33.47889374090248,407,69,0.0
1599,69,131,34.5,1.3800000000000001,2.62,34.5,65.5,138.0,33.47889374090248,407,69,0.0
1600,69,131,34.5,1.3800000000000001,2.62,34.5,65.5,138.0,33.47889374090248,407,69,0.0
1601,69,131,34.5,1.3800000000000001,2.62,34.5,65.5,138.0,33.47889374090248,407,69,0.0
1602,69,131,34.5,1.3800000000000001,2.62,34.5,65.5,138.0,33.47889374090248,407,69,0.0
1603,69,131,34.5,1.3800000000000001,2.62,34.5,65.5,138.0,33.47889374090248,407,69,0.0
1604,69,131,34.5,1.3800000000000001,2.62,34.5,65.5,138.0,33.47889374090248,407,69,0.0
1605,69,131,34.5,1.3800000000000001,2.62,34.5,65.5,138.0,33.47889374090248,407,69,0.0
1606,69,131,34.5,1.3800000000000001,2.62,34.5,65.5,138.0,33.47889374090248,407,69,0.0
1607,69,131,34.5,1.3800000000000001,2.62,34.5,65.5,138.0,33.47889374090248,407,69,0.0
1608,69,131,34.5,1.3800000000000001,2.62,34.5,65.5,138.0,33.47889374090248,407,69,0.0
1609,69,131,34.5,1.3800000000000001,2.62,34.5,65.5,138.0,33.47889374090248,407,69,0.0
1610,69,131,34.5,1.3800000000000001,2.62,34.5,65.5,138.0,33.47889374090248,407,69,0.0
1611,69,131,34.5,1.3800000000000001,2.62,34.5,65.5,138.0,33.47889374090248,407,69,0.0
1612,69,131,34.5,1.3800000000000001,2.62,34.5,65.5,138.0,33.47889374090248,407,69,0.0
1613,69,131,34.5,1.3800000000000001,2.62,34.5,65.5,138.0,33.47889374090248,407,69,0.0
1614,69,131,34.5,1.3800000000000001,2.62,34.5,65.5,138.0,33.47889374090248,407,69,0.0
1615,69,131,34.5,1.3800000000000001,2.62,34.5,65.5,138.0,33.47889374090248,407,69,0.0
1616,69,131,34.5,1.3800000000000001,2.62,34.5,65.5,138.0,33.47889374090248,407,69,0.0
1617,69,131,34.5,1.3800000000000001,2.62,34.5,65.5,138.0,33.47889374090248,407,69,0.0
1618,69,131,34.5,1.3800000000000001,2.62,34.5,65.5,138.0,33.47889374090248,407,69,0.0
1619,69,131,34.5,1.3800000000000001,2.62,34.5,65.5,138.0,33.47889374090248,407,69,0.0
1620,69,131,34.5,1.3800000000000001,2.62,34.5,65.5,138.0,33.47889374090248,408,69,0.0
1621,69,131,34.5,1.3800000000000001,2.62,34.5,65.5,138.0,33.47889374090248,408,69,0.0
1622,69,131,34.5,1.3800000000000001,2.62,34.5,65.5,138.0,33.47889374090248,408,69,0.0
1623,69,131,34.5,1.3800000000000001,2.62,34.5,65.5,138.0,33.47889374090248,408,69,0.0
1624,69,131,34.5,1.3800000000000001,2.62,34.5,65.5,138.0,33.47889374090248,408,69,0.0
1625,69,131,34.5,1.3800000000000001,2.62,34.5,65.5,138.0,33.47889374090248,408,69,0.0
1626,69,131,34.5,1.3800000000000001,2.62,34.5,65.5,138.0,33.47889374090248,408,69,0.0
1627,69,131,34.5,1.3800000000000001,2.62,34.5,65.5,138.0,33.47889374090248,408,69,0.0
1628,69,131,34.5,1.3800000000000001,2.62,34.5,65.5,138.0,33.47889374090248,408,69,0.0
1629,69,131,34.5,1.3800000000000001,2.62,34.5,65.5,138.0,33.47889374090248,408,69,0.0
1630,69,131,34.5,1.3800000000000001,2.62,34.5,65.5,138.0,33.47889374090248,408,69,0.0
1631,69,131,34.5,1.3800000000000001,2.62,34.5,65.5,138.0,33.47889374090248,408,69,0.0
1632,69,131,34.5,1.3800000000000001,2.62,34.5,65.5,138.0,33.47889374090248,408,69,0.0
1633,69,131,34.5,1.3800000000000001,2.62,34.5,65.5,138.0,33.47889374090248,408,69,0.0
1634,69,131,34.5,1.3800000000000001,2.62,34.5,65.5,138.0,33.47889374090248,408,69,0.0
1635,69,131,34.5,1.3800000000000001,2.62,34.5,65.5,138.0,33.47889374090248,408,69,0.0
1636,69,131,34.5,1.3800000000000001,2.62,34.5,65.5,138.0,33.47889374090248,408,69,0.0
1637,69,131,34.5,1.3800000000000001,2.62,34.5,65.5,138.0,33.47889374090248,408,69,0.0
1638,69,131,34.5,1.3800000000000001,2.62,34.5,65.5,138.0,33.47889374090248,408,69,0.0
1639,69,131,34.5,1.3800000000000001,2.62,34.5,65.5,138.0,33.47889374090248,408,69,0.0
1640,69,131,34.5,1.3800000000000001,2.62,34.5,65.5,138.0,33.47889374090248,408,69,0.0
1641,69,131,34.5,1.3800000000000001,2.62,34.5,65.5,138.0,33.47889374090248,408,69,0.0
1642,69,131,34.5,1.3800000000000001,2.62,34.5,65.5,138.0,33.47889374090248,409,69,0.0
1643,70,130,35.0,1.4000000000000001,2.5999999999999996,35.0,64.99999999999999,140.0,33.96409509946628,410,70,2.0
1644,70,130,35.0,1.4000000000000001,2.5999999999999996,35.0,64.99999999999999,140.0,33.96409509946628,410,70,0.0
1645,70,130,35.0,1.4000000000000001,2.5999999999999996,35.0,64.99999999999999,140.0,33.96409509946628,410,70,0.0
1646,70,130,35.0,1.4000000000000001,2.5999999999999996,35.0,64.99999999999999,140.0,33.96409509946628,410,70,0.0
1647,71,129,35.5,1.42,2.58,35.5,64.5,142.0,34.449296458030084,411,71,2.0
1648,71,129,35.5,1.42,2.58,35.5,64.5,142.0,34.449296458030084,411,71,0.0
1649,72,128,36.0,1.44,2.56,36.0,64.0,144.0,34.93449781659389,412,72,2.0
1650,72,128,36.0,1.44,2.56,36.0,64.0,144.0,34.93449781659389,412,72,0.0
1651,72,128,36.0,1.44,2.56,36.0,64.0,144.0,34.93449781659389,412,72,0.0
1652,72,128,36.0,1.44,2.56,36.0,64.0,144.0,34.93449781659389,412,72,0.0
1653,72,128,36.0,1.44,2.56,36.0,64.0,144.0,34.93449781659389,412,72,0.0
1654,72,128,36.0,1.44,2.56,36.0,64.0,144.0,34.93449781659389,413,72,0.0
1655,72,128,36.0,1.44,2.56,36.0,64.0,144.0,34.93449781659389,413,72,0.0
1656,72,128,36.0,1.44,2.56,36.0,64.0,144.0,34.93449781659389,413,72,0.0
1657,72,128,36.0,1.44,2.56,36.0,64.0,144.0,34.93449781659389,413,72,0.0
1658,72,128,36.0,1.44,2.56,36.0,64.0,144.0,34.93449781659389,413,72,0.0
1659,72,128,36.0,1.44,2.56,36.0,64.0,144.0,34.93449781659389,413,72,0.0
1660,72,128,36.0,1.44,2.56,36.0,64.0,144.0,34.93449781659389,413,72,0.0
1661,72,128,36.0,1.44,2.56,36.0,64.0,144.0,34.93449781659389,413,72,0.0
1662,72,128,36.0,1.44,2.56,36.0,64.0,144.0,34.93449781659389,413,72,0.0
1663,72,128,36.0,1.44,2.56,36.0,64.0,144.0,34.93449781659389,413,72,0.0
1664,72,128,36.0,1.44,2.56,36.0,64.0,144.0,34.93449781659389,414,72,0.0
1665,72,128,36.0,1.44,2.56,36.0,64.0,144.0,34.93449781659389,415,72,0.0
1666,72,128,36.0,1.44,2.56,36.0,64.0,144.0,34.93449781659389,415,72,0.0
1667,72,128,36.0,1.44,2.56,36.0,64.0,144.0,34.93449781659389,416,72,0.0
1668,72,128,36.0,1.44,2.56,36.0,64.0,144.0,34.93449781659389,418,72,0.0
1669,72,128,36.0,1.44,2.56,36.0,64.0,144.0,34.93449781659389,418,72,0.0
1670,72,128,36.0,1.44,2.56,36.0,64.0,144.0,34.93449781659389,419,72,0.0
1671,72,128,36.0,1.44,2.56,36.0,64.0,144.0,34.93449781659389,419,72,0.0
1672,72,128,36.0,1.44,2.56,36.0,64.0,144.0,34.93449781659389,419,72,0.0
1673,72,128,36.0,1.44,2.56,36.0,64.0,144.0,34.93449781659389,419,72,0.0
1674,72,128,36.0,1.44,2.56,36.0,64.0,144.0,34.93449781659389,421,72,0.0
1675,73,127,36.5,1.46,2.54,36.5,63.5,146.0,35.419699175157696,422,73,2.0
1676,73,127,36.5,1.46,2.54,36.5,63.5,146.0,35.419699175157696,422,73,0.0
1677,73,127,36.5,1.46,2.54,36.5,63.5,146.0,35.419699175157696,423,73,0.0
1678,73,127,36.5,1.46,2.54,36.5,63.5,146.0,35.419699175157696,423,73,0.0
1679,73,127,36.5,1.46,2.54,36.5,63.5,146.0,35.419699175157696,424,73,0.0
1680,73,127,36.5,1.46,2.54,36.5,63.5,146.0,35.419699175157696,424,73,0.0
1681,73,127,36.5,1.46,2.54,36.5,63.5,146.0,35.419699175157696,425,73,0.0
1682,73,127,36.5,1.46,2.54,36.5,63.5,146.0,35.419699175157696,426,73,0.0
1683,73,127,36.5,1.46,2.54,36.5,63.5,146.0,35.419699175157696,427,73,0.0
1684,73,127,36.5,1.46,2.54,36.5,63.5,146.0,35.419699175157696,428,73,0.0
1685,73,127,36.5,1.46,2.54,36.5,63.5,146.0,35.419699175157696,429,73,0.0
1686,73,127,36.5,1.46,2.54,36.5,63.5,146.0,35.419699175157696,429,73,0.0
1687,73,127,36.5,1.46,2.54,36.5,63.5,146.0,35.419699175157696,429,73,0.0
1688,73,127,36.5,1.46,2.54,36.5,63.5,146.0,35.419699175157696,429,73,0.0
1689,73,127,36.5,1.46,2.54,36.5,63.5,146.0,35.419699175157696,430,73,0.0
1690,73,127,36.5,1.46,2.54,36.5,63.5,146.0,35.419699175157696,430,73,0.0
1691,73,127,36.5,1.46,2.54,36.5,63.5,146.0,35.419699175157696,430,73,0.0
1692,73,127,36.5,1.46,2.54,36.5,63.5,146.0,35.419699175157696,430,73,0.0
1693,73,127,36.5,1.46,2.54,36.5,63.5,146.0,35.419699175157696,430,73,0.0
1694,73,127,36.5,1.46,2.54,36.5,63.5,146.0,35.419699175157696,430,73,0.0
1695,73,127,36.5,1.46,2.54,36.5,63.5,146.0,35.419699175157696,431,73,0.0
1696,73,127,36.5,1.46,2.54,36.5,63.5,146.0,35.419699175157696,431,73,0.0
1697,73,127,36.5,1.46,2.54,36.5,63.5,146.0,35.419699175157696,431,73,0.0
1698,73,127,36.5,1.46,2.54,36.5,63.5,146.0,35.419699175157696,431,73,0.0
1699,73,127,36.5,1.46,2.54,36.5,63.5,146.0,35.419699175157696,431,73,0.0
1700,73,127,36.5,1.46,2.54,36.5,63.5,146.0,35.419699175157696,432,73,0.0
1701,73,127,36.5,1.46,2.54,36.5,63.5,146.0,35.419699175157696,433,73,0.0
1702,73,127,36.5,1.46,2.54,36.5,63.5,146.0,35.419699175157696,434,73,0.0
1703,73,127,36.5,1.46,2.54,36.5,63.5,146.0,35.419699175157696,435,73,0.0
1704,73,127,36.5,1.46,2.54,36.5,63.5,146.0,35.419699175157696,435,73,0.0
1705,73,127,36.5,1.46,2.54,36.5,63.5,146.0,35.419699175157696,435,73,0.0
1706,73,127,36.5,1.46,2.54,36.5,63.5,146.0,35.419699175157696,436,73,0.0
1707,73,127,36.5,1.46,2.54,36.5,63.5,146.0,35.419699175157696,436,73,0.0
1708,73,127,36.5,1.46,2.54,36.5,63.5,146.0,35.419699175157696,437,73,0.0
1709,73,127,36.5,1.46,2.54,36.5,63.5,146.0,35.419699175157696,437,73,0.0
1710,73,127,36.5,1.46,2.54,36.5,63.5,146.0,35.419699175157696,437,73,0.0
1711,73,127,36.5,1.46,2.54,36.5,63.5,146.0,35.419699175157696,437,73,0.0
1712,73,127,36.5,1.46,2.54,36.5,63.5,146.0,35.419699175157696,437,73,0.0
1713,73,127,36.5,1.46,2.54,36.5,63.5,146.0,35.419699175157696,437,73,0.0
1714,73,127,36.5,1.46,2.54,36.5,63.5,146.0,35.419699175157696,437,73,0.0
1715,73,127,36.5,1.46,2.54,36.5,63.5,146.0,35.419699175157696,437,73,0.0
1716,73,127,36.5,1.46,2.54,36.5,63.5,146.0,35.419699175157696,437,73,0.0
1717,73,127,36.5,1.46,2.54,36.5,63.5,146.0,35.419699175157696,437,73,0.0
1718,73,127,36.5,1.46,2.54,36.5,63.5,146.0,35.419699175157696,437,73,0.0
1719,73,127,36.5,1.46,2.54,36.5,63.5,146.0,35.419699175157696,437,73,0.0
1720,73,127,36.5,1.46,2.54,36.5,63.5,146.0,35.419699175157696,437,73,0.0
1721,73,127,36.5,1.46,2.54,36.5,63.5,146.0,35.419699175157696,437,73,0.0
1722,73,127,36.5,1.46,2.54,36.5,63.5,146.0,35.419699175157696,437,73,0.0
1723,73,127,36.5,1.46,2.54,36.5,63.5,146.0,35.419699175157696,437,73,0.0
1724,73,127,36.5,1.46,2.54,36.5,63.5,146.0,35.419699175157696,437,73,0.0
1725,73,127,36.5,1.46,2.54,36.5,63.5,146.0,35.419699175157696,437,73,0.0
1726,73,127,36.5,1.46,2.54,36.5,63.5,146.0,35.419699175157696,437,73,0.0
1727,73,127,36.5,1.46,2.54,36.5,63.5,146.0,35.419699175157696,437,73,0.0
1728,73,127,36.5,1.46,2.54,36.5,63.5,146.0,35.419699175157696,438,73,0.0
1729,73,127,36.5,1.46,2.54,36.5,63.5,146.0,35.419699175157696,438,73,0.0
1730,73,127,36.5,1.46,2.54,36.5,63.5,146.0,35.419699175157696,439,73,0.0
1731,73,127,36.5,1.46,2.54,36.5,63.5,146.0,35.419699175157696,439,73,0.0
1732,73,127,36.5,1.46,2.54,36.5,63.5,146.0,35.419699175157696,439,73,0.0
1733,73,127,36.5,1.46,2.54,36.5,63.5,146.0,35.419699175157696,439,73,0.0
1734,73,127,36.5,1.46,2.54,36.5,63.5,146.0,35.419699175157696,439,73,0.0
1735,73,127,36.5,1.46,2.54,36.5,63.5,146.0,35.419699175157696,439,73,0.0
1736,73,127,36.5,1.46,2.54,36.5,63.5,146.0,35.419699175157696,439,73,0.0
1737,73,127,36.5,1.46,2.54,36.5,63.5,146.0,35.419699175157696,439,73,0.0
1738,73,127,36.5,1.46,2.54,36.5,63.5,146.0,35.419699175157696,439,73,0.0
1739,73,127,36.5,1.46,2.54,36.5,63.5,146.0,35.419699175157696,439,73,0.0
1740,73,127,36.5,1.46,2.54,36.5,63.5,146.0,35.419699175157696,439,73,0.0
1741,73,127,36.5,1.46,2.54,36.5,63.5,146.0,35.419699175157696,439,73,0.0
1742,73,127,36.5,1.46,2.54,36.5,63.5,146.0,35.419699175157696,439,73,0.0
1743,73,127,36.5,1.46,2.54,36.5,63.5,146.0,35.419699175157696,439,73,0.0
1744,73,127,36.5,1.46,2.54,36.5,63.5,146.0,35.419699175157696,439,73,0.0
1745,73,127,36.5,1.46,2.54,36.5,63.5,146.0,35.419699175157696,439,73,0.0
1746,73,127,36.5,1.46,2.54,36.5,63.5,146.0,35.419699175157696,439,73,0.0
1747,73,127,36.5,1.46,2.54,36.5,63.5,146.0,35.419699175157696,439,73,0.0
1748,73,127,36.5,1.46,2.54,36.5,63.5,146.0,35.419699175157696,439,73,0.0
1749,73,127,36.5,1.46,2.54,36.5,63.5,146.0,35.419699175157696,439,73,0.0
1750,73,127,36.5,1.46,2.54,36.5,63.5,146.0,35.419699175157696,439,73,0.0
1751,73,127,36.5,1.46,2.54,36.5,63.5,146.0,35.419699175157696,439,73,0.0
1752,73,127,36.5,1.46,2.54,36.5,63.5,146.0,35.419699175157696,439,73,0.0
1753,73,127,36.5,1.46,2.54,36.5,63.5,146.0,35.419699175157696,439,73,0.0
1754,73,127,36.5,1.46,2.54,36.5,63.5,146.0,35.419699175157696,439,73,0.0
1755,73,127,36.5,1.46,2.54,36.5,63.5,146.0,35.419699175157696,439,73,0.0
1756,73,127,36.5,1.46,2.54,36.5,63.5,146.0,35.419699175157696,439,73,0.0
1757,73,127,36.5,1.46,2.54,36.5,63.5,146.0,35.419699175157696,440,73,0.0
1758,73,127,36.5,1.46,2.54,36.5,63.5,146.0,35.419699175157696,440,73,0.0
1759,73,127,36.5,1.46,2.54,36.5,63.5,146.0,35.419699175157696,440,73,0.0
1760,73,127,36.5,1.46,2.54,36.5,63.5,146.0,35.419699175157696,440,73,0.0
1761,73,127,36.5,1.46,2.54,36.5,63.5,146.0,35.419699175157696,440,73,0.0
1762,73,127,36.5,1.46,2.54,36.5,63.5,146.0,35.419699175157696,440,73,0.0
1763,73,127,36.5,1.46,2.54,36.5,63.5,146.0,35.419699175157696,440,73,0.0
1764,73,127,36.5,1.46,2.54,36.5,63.5,146.0,35.419699175157696,440,73,0.0
1765,73,127,36.5,1.46,2.54,36.5,63.5,146.0,35.419699175157696,440,73,0.0
1766,73,127,36.5,1.46,2.54,36.5,63.5,146.0,35.419699175157696,440,73,0.0
1767,73,127,36.5,1.46,2.54,36.5,63.5,146.0,35.419699175157696,440,73,0.0
1768,73,127,36.5,1.46,2.54,36.5,63.5,146.0,35.419699175157696,440,73,0.0
1769,73,127,36.5,1.46,2.54,36.5,63.5,146.0,35.419699175157696,440,73,0.0
1770,73,127,36.5,1.46,2.54,36.5,63.5,146.0,35.419699175157696,440,73,0.0
1771,73,127,36.5,1.46,2.54,36.5,63.5,146.0,35.419699175157696,440,73,0.0
1772,73,127,36.5,1.46,2.54,36.5,63.5,146.0,35.419699175157696,440,73,0.0
1773,73,127,36.5,1.46,2.54,36.5,63.5,146.0,35.419699175157696,440,73,0.0
1774,73,127,36.5,1.46,2.54,36.5,63.5,146.0,35.419699175157696,440,73,0.0
1775,73,127,36.5,1.46,2.54,36.5,63.5,146.0,35.419699175157696,440,73,0.0
1776,73,127,36.5,1.46,2.54,36.5,63.5,146.0,35.419699175157696,440,73,0.0
1777,73,127,36.5,1.46,2.54,36.5,63.5,146.0,35.419699175157696,440,73,0.0
1778,73,127,36.5,1.46,2.54,36.5,63.5,146.0,35.419699175157696,440,73,0.0
1779,74,126,37.0,1.48,2.52,37.0,63.0,148.0,35.904900533721495,441,74,2.0
1780,74,126,37.0,1.48,2.52,37.0,63.0,148.0,35.904900533721495,441,74,0.0
1781,74,126,37.0,1.48,2.52,37.0,63.0,148.0,35.904900533721495,441,74,0.0
1782,74,126,37.0,1.48,2.52,37.0,63.0,148.0,35.904900533721495,441,74,0.0
1783,74,126,37.0,1.48,2.52,37.0,63.0,148.0,35.904900533721495,441,74,0.0
1784,74,126,37.0,1.48,2.52,37.0,63.0,148.0,35.904900533721495,441,74,0.0
1785,74,126,37.0,1.48,2.52,37.0,63.0,148.0,35.904900533721495,441,74,0.0
1786,74,126,37.0,1.48,2.52,37.0,63.0,148.0,35.904900533721495,442,74,0.0
1787,74,126,37.0,1.48,2.52,37.0,63.0,148.0,35.904900533721495,442,74,0.0
1788,74,126,37.0,1.48,2.52,37.0,63.0,148.0,35.904900533721495,443,74,0.0
1789,74,126,37.0,1.48,2.52,37.0,63.0,148.0,35.904900533721495,444,74,0.0
1790,74,126,37.0,1.48,2.52,37.0,63.0,148.0,35.904900533721495,445,74,0.0
1791,74,126,37.0,1.48,2.52,37.0,63.0,148.0,35.904900533721495,445,74,0.0
1792,74,126,37.0,1.48,2.52,37.0,63.0,148.0,35.904900533721495,445,74,0.0
1793,74,126,37.0,1.48,2.52,37.0,63.0,148.0,35.904900533721495,446,74,0.0
1794,74,126,37.0,1.48,2.52,37.0,63.0,148.0,35.904900533721495,446,74,0.0
1795,74,126,37.0,1.48,2.52,37.0,63.0,148.0,35.904900533721495,446,74,0.0
1796,74,126,37.0,1.48,2.52,37.0,63.0,148.0,35.904900533721495,447,74,0.0
1797,75,125,37.5,1.5,2.5,37.5,62.5,150.0,36.3901018922853,448,75,2.0
1798,75,125,37.5,1.5,2.5,37.5,62.5,150.0,36.3901018922853,448,75,0.0
1799,75,125,37.5,1.5,2.5,37.5,62.5,150.0,36.3901018922853,448,75,0.0
1800,75,125,37.5,1.5,2.5,37.5,62.5,150.0,36.3901018922853,449,75,0.0
1801,75,125,37.5,1.5,2.5,37.5,62.5,150.0,36.3901018922853,449,75,0.0
1802,75,125,37.5,1.5,2.5,37.5,62.5,150.0,36.3901018922853,449,75,0.0
1803,75,125,37.5,1.5,2.5,37.5,62.5,150.0,36.3901018922853,449,75,0.0
1804,75,125,37.5,1.5,2.5,37.5,62.5,150.0,36.3901018922853,449,75,0.0
1805,75,125,37.5,1.5,2.5,37.5,62.5,150.0,36.3901018922853,450,75,0.0
1806,75,125,37.5,1.5,2.5,37.5,62.5,150.0,36.3901018922853,451,75,0.0
1807,75,125,37.5,1.5,2.5,37.5,62.5,150.0,36.3901018922853,451,75,0.0
1808,75,125,37.5,1.5,2.5,37.5,62.5,150.0,36.3901018922853,451,75,0.0
1809,75,125,37.5,1.5,2.5,37.5,62.5,150.0,36.3901018922853,452,75,0.0
1810,75,125,37.5,1.5,2.5,37.5,62.5,150.0,36.3901018922853,453,75,0.0
1811,75,125,37.5,1.5,2.5,37.5,62.5,150.0,36.3901018922853,453,75,0.0
1812,75,125,37.5,1.5,2.5,37.5,62.5,150.0,36.3901018922853,454,75,0.0
1813,75,125,37.5,1.5,2.5,37.5,62.5,150.0,36.3901018922853,456,75,0.0
1814,76,124,38.0,1.52,2.48,38.0,62.0,152.0,36.8753032508491,458,76,2.0
1815,76,124,38.0,1.52,2.48,38.0,62.0,152.0,36.8753032508491,459,76,0.0
1816,76,124,38.0,1.52,2.48,38.0,62.0,152.0,36.8753032508491,459,76,0.0
1817,76,124,38.0,1.52,2.48,38.0,62.0,152.0,36.8753032508491,459,76,0.0
1818,76,124,38.0,1.52,2.48,38.0,62.0,152.0,36.8753032508491,459,76,0.0
1819,76,124,38.0,1.52,2.48,38.0,62.0,152.0,36.8753032508491,459,76,0.0
1820,76,124,38.0,1.52,2.48,38.0,62.0,152.0,36.8753032508491,459,76,0.0
1821,76,124,38.0,1.52,2.48,38.0,62.0,152.0,36.8753032508491,459,76,0.0
1822,76,124,38.0,1.52,2.48,38.0,62.0,152.0,36.8753032508491,459,76,0.0
1823,76,124,38.0,1.52,2.48,38.0,62.0,152.0,36.8753032508491,459,76,0.0
1824,76,124,38.0,1.52,2.48,38.0,62.0,152.0,36.8753032508491,459,76,0.0
1825,76,124,38.0,1.52,2.48,38.0,62.0,152.0,36.8753032508491,459,76,0.0
1826,76,124,38.0,1.52,2.48,38.0,62.0,152.0,36.8753032508491,460,76,0.0
1827,76,124,38.0,1.52,2.48,38.0,62.0,152.0,36.8753032508491,461,76,0.0
1828,76,124,38.0,1.52,2.48,38.0,62.0,152.0,36.8753032508491,462,76,0.0
1829,76,124,38.0,1.52,2.48,38.0,62.0,152.0,36.8753032508491,462,76,0.0
1830,76,124,38.0,1.52,2.48,38.0,62.0,152.0,36.8753032508491,462,76,0.0
1831,76,124,38.0,1.52,2.48,38.0,62.0,152.0,36.8753032508491,463,76,0.0
1832,76,124,38.0,1.52,2.48,38.0,62.0,152.0,36.8753032508491,463,76,0.0
1833,76,124,38.0,1.52,2.48,38.0,62.0,152.0,36.8753032508491,463,76,0.0
1834,76,124,38.0,1.52,2.48,38.0,62.0,152.0,36.8753032508491,464,76,0.0
1835,76,124,38.0,1.52,2.48,38.0,62.0,152.0,36.8753032508491,465,76,0.0
1836,76,124,38.0,1.52,2.48,38.0,62.0,152.0,36.8753032508491,466,76,0.0
1837,76,124,38.0,1.52,2.48,38.0,62.0,152.0,36.8753032508491,467,76,0.0
1838,76,124,38.0,1.52,2.48,38.0,62.0,152.0,36.8753032508491,469,76,0.0
1839,76,124,38.0,1.52,2.48,38.0,62.0,152.0,36.8753032508491,470,76,0.0
1840,77,123,38.5,1.54,2.46,38.5,61.5,154.0,37.36050460941291,471,77,2.0
1841,77,123,38.5,1.54,2.46,38.5,61.5,154.0,37.36050460941291,471,77,0.0
1842,77,123,38.5,1.54,2.46,38.5,61.5,154.0,37.36050460941291,471,77,0.0
1843,77,123,38.5,1.54,2.46,38.5,61.5,154.0,37.36050460941291,473,77,0.0
1844,77,123,38.5,1.54,2.46,38.5,61.5,154.0,37.36050460941291,474,77,0.0
1845,78,122,39.0,1.56,2.44,39.0,61.0,156.0,37.84570596797671,478,78,2.0
1846,78,122,39.0,1.56,2.44,39.0,61.0,156.0,37.84570596797671,479,78,0.0
1847,78,122,39.0,1.56,2.44,39.0,61.0,156.0,37.84570596797671,481,78,0.0
1848,78,122,39.0,1.56,2.44,39.0,61.0,156.0,37.84570596797671,484,78,0.0
1849,78,122,39.0,1.56,2.44,39.0,61.0,156.0,37.84570596797671,486,78,0.0
1850,80,120,40.0,1.6,2.4,40.0,60.0,160.0,38.81610868510432,488,80,4.0
1851,80,120,40.0,1.6,2.4,40.0,60.0,160.0,38.81610868510432,488,80,0.0
1852,80,120,40.0,1.6,2.4,40.0,60.0,160.0,38.81610868510432,489,80,0.0
1853,81,119,40.5,1.62,2.38,40.5,59.49999999999999,162.0,39.301310043668124,490,81,2.0
1854,81,119,40.5,1.62,2.38,40.5,59.49999999999999,162.0,39.301310043668124,490,81,0.0
1855,81,119,40.5,1.62,2.38,40.5,59.49999999999999,162.0,39.301310043668124,490,81,0.0
1856,81,119,40.5,1.62,2.38,40.5,59.49999999999999,162.0,39.301310043668124,490,81,0.0
1857,81,119,40.5,1.62,2.38,40.5,59.49999999999999,162.0,39.301310043668124,490,81,0.0
1858,81,119,40.5,1.62,2.38,40.5,59.49999999999999,162.0,39.301310043668124,490,81,0.0
1859,81,119,40.5,1.62,2.38,40.5,59.49999999999999,162.0,39.301310043668124,490,81,0.0
1860,81,119,40.5,1.62,2.38,40.5,59.49999999999999,162.0,39.301310043668124,490,81,0.0
1861,81,119,40.5,1.62,2.38,40.5,59.49999999999999,162.0,39.301310043668124,490,81,0.0
1862,81,119,40.5,1.62,2.38,40.5,59.49999999999999,162.0,39.301310043668124,490,81,0.0
1863,81,119,40.5,1.62,2.38,40.5,59.49999999999999,162.0,39.301310043668124,491,81,0.0
1864,81,119,40.5,1.62,2.38,40.5,59.49999999999999,162.0,39.301310043668124,492,81,0.0
1865,82,118,41.0,1.6400000000000001,2.36,41.0,58.99999999999999,164.0,39.78651140223193,493,82,2.0
1866,82,118,41.0,1.6400000000000001,2.36,41.0,58.99999999999999,164.0,39.78651140223193,495,82,0.0
1867,82,118,41.0,1.6400000000000001,2.36,41.0,58.99999999999999,164.0,39.78651140223193,496,82,0.0
1868,82,118,41.0,1.6400000000000001,2.36,41.0,58.99999999999999,164.0,39.78651140223193,497,82,0.0
1869,82,118,41.0,1.6400000000000001,2.36,41.0,58.99999999999999,164.0,39.78651140223193,498,82,0.0
1870,83,117,41.5,1.6600000000000001,2.34,41.5,58.49999999999999,166.0,40.27171276079573,500,83,2.0
1871,83,117,41.5,1.6600000000000001,2.34,41.5,58.49999999999999,166.0,40.27171276079573,501,83,0.0
1872,83,117,41.5,1.6600000000000001,2.34,41.5,58.49999999999999,166.0,40.27171276079573,502,83,0.0
1873,83,117,41.5,1.6600000000000001,2.34,41.5,58.49999999999999,166.0,40.27171276079573,503,83,0.0
1874,83,117,41.5,1.6600000000000001,2.34,41.5,58.49999999999999,166.0,40.27171276079573,504,83,0.0
1875,83,117,41.5,1.6600000000000001,2.34,41.5,58.49999999999999,166.0,40.27171276079573,504,83,0.0
1876,83,117,41.5,1.6600000000000001,2.34,41.5,58.49999999999999,166.0,40.27171276079573,504,83,0.0
1877,83,117,41.5,1.6600000000000001,2.34,41.5,58.49999999999999,166.0,40.27171276079573,504,83,0.0
1878,83,117,41.5,1.6600000000000001,2.34,41.5,58.49999999999999,166.0,40.27171276079573,505,83,0.0
1879,83,117,41.5,1.6600000000000001,2.34,41.5,58.49999999999999,166.0,40.27171276079573,506,83,0.0
1880,83,117,41.5,1.6600000000000001,2.34,41.5,58.49999999999999,166.0,40.27171276079573,507,83,0.0
1881,83,117,41.5,1.6600000000000001,2.34,41.5,58.49999999999999,166.0,40.27171276079573,508,83,0.0
1882,83,117,41.5,1.6600000000000001,2.34,41.5,58.49999999999999,166.0,40.27171276079573,509,83,0.0
1883,83,117,41.5,1.6600000000000001,2.34,41.5,58.49999999999999,166.0,40.27171276079573,509,83,0.0
1884,83,117,41.5,1.6600000000000001,2.34,41.5,58.49999999999999,166.0,40.27171276079573,509,83,0.0
1885,83,117,41.5,1.6600000000000001,2.34,41.5,58.49999999999999,166.0,40.27171276079573,510,83,0.0
1886,83,117,41.5,1.6600000000000001,2.34,41.5,58.49999999999999,166.0,40.27171276079573,511,83,0.0
1887,84,116,42.0,1.68,2.3200000000000003,42.0,58.00000000000001,168.0,40.756914119359536,513,84,2.0
1888,84,116,42.0,1.68,2.3200000000000003,42.0,58.00000000000001,168.0,40.756914119359536,515,84,0.0
1889,84,116,42.0,1.68,2.3200000000000003,42.0,58.00000000000001,168.0,40.756914119359536,515,84,0.0
1890,84,116,42.0,1.68,2.3200000000000003,42.0,58.00000000000001,168.0,40.756914119359536,515,84,0.0
1891,84,116,42.0,1.68,2.3200000000000003,42.0,58.00000000000001,168.0,40.756914119359536,515,84,0.0
1892,84,116,42.0,1.68,2.3200000000000003,42.0,58.00000000000001,168.0,40.756914119359536,516,84,0.0
1893,84,116,42.0,1.68,2.3200000000000003,42.0,58.00000000000001,168.0,40.756914119359536,517,84,0.0
1894,84,116,42.0,1.68,2.3200000000000003,42.0,58.00000000000001,168.0,40.756914119359536,517,84,0.0
1895,84,116,42.0,1.68,2.3200000000000003,42.0,58.00000000000001,168.0,40.756914119359536,518,84,0.0
1896,84,116,42.0,1.68,2.3200000000000003,42.0,58.00000000000001,168.0,40.756914119359536,518,84,0.0
1897,84,116,42.0,1.68,2.3200000000000003,42.0,58.00000000000001,168.0,40.756914119359536,518,84,0.0
1898,84,116,42.0,1.68,2.3200000000000003,42.0,58.00000000000001,168.0,40.756914119359536,519,84,0.0
1899,84,116,42.0,1.68,2.3200000000000003,42.0,58.00000000000001,168.0,40.756914119359536,519,84,0.0
1900,84,116,42.0,1.68,2.3200000000000003,42.0,58.00000000000001,168.0,40.756914119359536,519,84,0.0
1901,84,116,42.0,1.68,2.3200000000000003,42.0,58.00000000000001,168.0,40.756914119359536,519,84,0.0
1902,84,116,42.0,1.68,2.3200000000000003,42.0,58.00000000000001,168.0,40.756914119359536,519,84,0.0
1903,84,116,42.0,1.68,2.3200000000000003,42.0,58.00000000000001,168.0,40.756914119359536,519,84,0.0
1904,84,116,42.0,1.68,2.3200000000000003,42.0,58.00000000000001,168.0,40.756914119359536,519,84,0.0
1905,84,116,42.0,1.68,2.3200000000000003,42.0,58.00000000000001,168.0,40.756914119359536,519,84,0.0
1906,84,116,42.0,1.68,2.3200000000000003,42.0,58.00000000000001,168.0,40.756914119359536,519,84,0.0
1907,84,116,42.0,1.68,2.3200000000000003,42.0,58.00000000000001,168.0,40.756914119359536,519,84,0.0
1908,84,116,42.0,1.68,2.3200000000000003,42.0,58.00000000000001,168.0,40.756914119359536,519,84,0.0
1909,84,116,42.0,1.68,2.3200000000000003,42.0,58.00000000000001,168.0,40.756914119359536,519,84,0.0
1910,84,116,42.0,1.68,2.3200000000000003,42.0,58.00000000000001,168.0,40.756914119359536,519,84,0.0
1911,84,116,42.0,1.68,2.3200000000000003,42.0,58.00000000000001,168.0,40.756914119359536,519,84,0.0
1912,84,116,42.0,1.68,2.3200000000000003,42.0,58.00000000000001,168.0,40.756914119359536,519,84,0.0
1913,84,116,42.0,1.68,2.3200000000000003,42.0,58.00000000000001,168.0,40.756914119359536,519,84,0.0
1914,84,116,42.0,1.68,2.3200000000000003,42.0,58.00000000000001,168.0,40.756914119359536,519,84,0.0
1915,84,116,42.0,1.68,2.3200000000000003,42.0,58.00000000000001,168.0,40.756914119359536,519,84,0.0
1916,84,116,42.0,1.68,2.3200000000000003,42.0,58.00000000000001,168.0,40.756914119359536,519,84,0.0
1917,84,116,42.0,1.68,2.3200000000000003,42.0,58.00000000000001,168.0,40.756914119359536,519,84,0.0
1918,84,116,42.0,1.68,2.3200000000000003,42.0,58.00000000000001,168.0,40.756914119359536,519,84,0.0
1919,84,116,42.0,1.68,2.3200000000000003,42.0,58.00000000000001,168.0,40.756914119359536,519,84,0.0
1920,84,116,42.0,1.68,2.3200000000000003,42.0,58.00000000000001,168.0,40.756914119359536,519,84,0.0
1921,84,116,42.0,1.68,2.3200000000000003,42.0,58.00000000000001,168.0,40.756914119359536,519,84,0.0
1922,84,116,42.0,1.68,2.3200000000000003,42.0,58.00000000000001,168.0,40.756914119359536,519,84,0.0
1923,84,116,42.0,1.68,2.3200000000000003,42.0,58.00000000000001,168.0,40.756914119359536,519,84,0.0
1924,84,116,42.0,1.68,2.3200000000000003,42.0,58.00000000000001,168.0,40.756914119359536,519,84,0.0
1925,84,116,42.0,1.68,2.3200000000000003,42.0,58.00000000000001,168.0,40.756914119359536,519,84,0.0
1926,84,116,42.0,1.68,2.3200000000000003,42.0,58.00000000000001,168.0,40.756914119359536,519,84,0.0
1927,84,116,42.0,1.68,2.3200000000000003,42.0,58.00000000000001,168.0,40.756914119359536,519,84,0.0
1928,84,116,42.0,1.68,2.3200000000000003,42.0,58.00000000000001,168.0,40.756914119359536,519,84,0.0
1929,84,116,42.0,1.68,2.3200000000000003,42.0,58.00000000000001,168.0,40.756914119359536,519,84,0.0
1930,84,116,42.0,1.68,2.3200000000000003,42.0,58.00000000000001,168.0,40.756914119359536,519,84,0.0
1931,84,116,42.0,1.68,2.3200000000000003,42.0,58.00000000000001,168.0,40.756914119359536,519,84,0.0
1932,84,116,42.0,1.68,2.3200000000000003,42.0,58.00000000000001,168.0,40.756914119359536,519,84,0.0
1933,84,116,42.0,1.68,2.3200000000000003,42.0,58.00000000000001,168.0,40.756914119359536,519,84,0.0
1934,84,116,42.0,1.68,2.3200000000000003,42.0,58.00000000000001,168.0,40.756914119359536,519,84,0.0
1935,84,116,42.0,1.68,2.3200000000000003,42.0,58.00000000000001,168.0,40.756914119359536,519,84,0.0
1936,84,116,42.0,1.68,2.3200000000000003,42.0,58.00000000000001,168.0,40.756914119359536,519,84,0.0
1937,84,116,42.0,1.68,2.3200000000000003,42.0,58.00000000000001,168.0,40.756914119359536,519,84,0.0
1938,84,116,42.0,1.68,2.3200000000000003,42.0,58.00000000000001,168.0,40.756914119359536,519,84,0.0
1939,84,116,42.0,1.68,2.3200000000000003,42.0,58.00000000000001,168.0,40.756914119359536,519,84,0.0
1940,84,116,42.0,1.68,2.3200000000000003,42.0,58.00000000000001,168.0,40.756914119359536,519,84,0.0
1941,84,116,42.0,1.68,2.3200000000000003,42.0,58.00000000000001,168.0,40.756914119359536,519,84,0.0
1942,84,116,42.0,1.68,2.3200000000000003,42.0,58.00000000000001,168.0,40.756914119359536,519,84,0.0
1943,84,116,42.0,1.68,2.3200000000000003,42.0,58.00000000000001,168.0,40.756914119359536,519,84,0.0
1944,84,116,42.0,1.68,2.3200000000000003,42.0,58.00000000000001,168.0,40.756914119359536,519,84,0.0
1945,85,115,42.5,1.7,2.3,42.5,57.49999999999999,170.0,41.24211547792334,520,85,2.0
1946,85,115,42.5,1.7,2.3,42.5,57.49999999999999,170.0,41.24211547792334,520,85,0.0
1947,85,115,42.5,1.7,2.3,42.5,57.49999999999999,170.0,41.24211547792334,521,85,0.0
1948,85,115,42.5,1.7,2.3,42.5,57.49999999999999,170.0,41.24211547792334,521,85,0.0
1949,85,115,42.5,1.7,2.3,42.5,57.49999999999999,170.0,41.24211547792334,521,85,0.0
1950,85,115,42.5,1.7,2.3,42.5,57.49999999999999,170.0,41.24211547792334,521,85,0.0
1951,85,115,42.5,1.7,2.3,42.5,57.49999999999999,170.0,41.24211547792334,521,85,0.0
1952,85,115,42.5,1.7,2.3,42.5,57.49999999999999,170.0,41.24211547792334,521,85,0.0
1953,85,115,42.5,1.7,2.3,42.5,57.49999999999999,170.0,41.24211547792334,521,85,0.0
1954,85,115,42.5,1.7,2.3,42.5,57.49999999999999,170.0,41.24211547792334,521,85,0.0
1955,85,115,42.5,1.7,2.3,42.5,57.49999999999999,170.0,41.24211547792334,521,85,0.0
1956,85,115,42.5,1.7,2.3,42.5,57.49999999999999,170.0,41.24211547792334,521,85,0.0
1957,85,115,42.5,1.7,2.3,42.5,57.49999999999999,170.0,41.24211547792334,521,85,0.0
1958,85,115,42.5,1.7,2.3,42.5,57.49999999999999,170.0,41.24211547792334,521,85,0.0
1959,85,115,42.5,1.7,2.3,42.5,57.49999999999999,170.0,41.24211547792334,521,85,0.0
1960,85,115,42.5,1.7,2.3,42.5,57.49999999999999,170.0,41.24211547792334,521,85,0.0
1961,85,115,42.5,1.7,2.3,42.5,57.49999999999999,170.0,41.24211547792334,521,85,0.0
1962,85,115,42.5,1.7,2.3,42.5,57.49999999999999,170.0,41.24211547792334,521,85,0.0
1963,85,115,42.5,1.7,2.3,42.5,57.49999999999999,170.0,41.24211547792334,521,85,0.0
1964,85,115,42.5,1.7,2.3,42.5,57.49999999999999,170.0,41.24211547792334,521,85,0.0
1965,85,115,42.5,1.7,2.3,42.5,57.49999999999999,170.0,41.24211547792334,521,85,0.0
1966,85,115,42.5,1.7,2.3,42.5,57.49999999999999,170.0,41.24211547792334,521,85,0.0
1967,85,115,42.5,1.7,2.3,42.5,57.49999999999999,170.0,41.24211547792334,522,85,0.0
1968,85,115,42.5,1.7,2.3,42.5,57.49999999999999,170.0,41.24211547792334,522,85,0.0
1969,85,115,42.5,1.7,2.3,42.5,57.49999999999999,170.0,41.24211547792334,522,85,0.0
1970,85,115,42.5,1.7,2.3,42.5,57.49999999999999,170.0,41.24211547792334,522,85,0.0
1971,85,115,42.5,1.7,2.3,42.5,57.49999999999999,170.0,41.24211547792334,522,85,0.0
1972,85,115,42.5,1.7,2.3,42.5,57.49999999999999,170.0,41.24211547792334,522,85,0.0
1973,85,115,42.5,1.7,2.3,42.5,57.49999999999999,170.0,41.24211547792334,522,85,0.0
1974,85,115,42.5,1.7,2.3,42.5,57.49999999999999,170.0,41.24211547792334,522,85,0.0
1975,85,115,42.5,1.7,2.3,42.5,57.49999999999999,170.0,41.24211547792334,522,85,0.0
1976,85,115,42.5,1.7,2.3,42.5,57.49999999999999,170.0,41.24211547792334,522,85,0.0
1977,85,115,42.5,1.7,2.3,42.5,57.49999999999999,170.0,41.24211547792334,522,85,0.0
1978,85,115,42.5,1.7,2.3,42.5,57.49999999999999,170.0,41.24211547792334,522,85,0.0
1979,85,115,42.5,1.7,2.3,42.5,57.49999999999999,170.0,41.24211547792334,522,85,0.0
1980,85,115,42.5,1.7,2.3,42.5,57.49999999999999,170.0,41.24211547792334,522,85,0.0
1981,85,115,42.5,1.7,2.3,42.5,57.49999999999999,170.0,41.24211547792334,522,85,0.0
1982,85,115,42.5,1.7,2.3,42.5,57.49999999999999,170.0,41.24211547792334,522,85,0.0
1983,85,115,42.5,1.7,2.3,42.5,57.49999999999999,170.0,41.24211547792334,523,85,0.0
1984,85,115,42.5,1.7,2.3,42.5,57.49999999999999,170.0,41.24211547792334,524,85,0.0
1985,85,115,42.5,1.7,2.3,42.5,57.49999999999999,170.0,41.24211547792334,524,85,0.0
1986,85,115,42.5,1.7,2.3,42.5,57.49999999999999,170.0,41.24211547792334,525,85,0.0
1987,85,115,42.5,1.7,2.3,42.5,57.49999999999999,170.0,41.24211547792334,525,85,0.0
1988,85,115,42.5,1.7,2.3,42.5,57.49999999999999,170.0,41.24211547792334,525,85,0.0
1989,85,115,42.5,1.7,2.3,42.5,57.49999999999999,170.0,41.24211547792334,525,85,0.0
1990,85,115,42.5,1.7,2.3,42.5,57.49999999999999,170.0,41.24211547792334,525,85,0.0
1991,85,115,42.5,1.7,2.3,42.5,57.49999999999999,170.0,41.24211547792334,525,85,0.0
1992,85,115,42.5,1.7,2.3,42.5,57.49999999999999,170.0,41.24211547792334,525,85,0.0
1993,85,115,42.5,1.7,2.3,42.5,57.49999999999999,170.0,41.24211547792334,525,85,0.0
1994,85,115,42.5,1.7,2.3,42.5,57.49999999999999,170.0,41.24211547792334,525,85,0.0
1995,85,115,42.5,1.7,2.3,42.5,57.49999999999999,170.0,41.24211547792334,525,85,0.0
1996,85,115,42.5,1.7,2.3,42.5,57.49999999999999,170.0,41.24211547792334,525,85,0.0
1997,85,115,42.5,1.7,2.3,42.5,57.49999999999999,170.0,41.24211547792334,525,85,0.0
1998,85,115,42.5,1.7,2.3,42.5,57.49999999999999,170.0,41.24211547792334,525,85,0.0
1999,85,115,42.5,1.7,2.3,42.5,57.49999999999999,170.0,41.24211547792334,526,85,0.0
2000,85,115,42.5,1.7,2.3,42.5,57.49999999999999,170.0,41.24211547792334,527,85,0.0
