step,n_adsorbed,n_free,percent_adsorbed,m_adsorbed_mg,m_free_mg,c_pdf_mg_l,c_remaining_mg_l,qt_mg_g,percent_qmax,n_contacts,n_adsorption_events,dqt_per_step
0,0,200,0.0,0.0,4.0,0.0,100.0,0.0,0.0,0,0,0.0
1,1,199,0.5,0.02,3.98,0.5,99.5,2.0,0.48520135856380403,1,1,2.0
2,2,198,1.0,0.04,3.96,1.0,99.0,4.0,0.9704027171276081,2,2,2.0
3,3,197,1.5,0.06,3.94,1.5,98.5,6.0,1.455604075691412,3,3,2.0
4,3,197,1.5,0.06,3.94,1.5,98.5,6.0,1.455604075691412,3,3,0.0
5,3,197,1.5,0.06,3.94,1.5,98.5,6.0,1.455604075691412,3,3,0.0
6,3,197,1.5,0.06,3.94,1.5,98.5,6.0,1.455604075691412,3,3,0.0
7,3,197,1.5,0.06,3.94,1.5,98.5,6.0,1.455604075691412,3,3,0.0
8,3,197,1.5,0.06,3.94,1.5,98.5,6.0,1.455604075691412,3,3,0.0
9,3,197,1.5,0.06,3.94,1.5,98.5,6.0,1.455604075691412,3,3,0.0
10,3,197,1.5,0.06,3.94,1.5,98.5,6.0,1.455604075691412,3,3,0.0
11,3,197,1.5,0.06,3.94,1.5,98.5,6.0,1.455604075691412,3,3,0.0
12,3,197,1.5,0.06,3.94,1.5,98.5,6.0,1.455604075691412,3,3,0.0
13,3,197,1.5,0.06,3.94,1.5,98.5,6.0,1.455604075691412,3,3,0.0
14,3,197,1.5,0.06,3.94,1.5,98.5,6.0,1.455604075691412,3,3,0.0
15,4,196,2.0,0.08,3.92,2.0,98.0,8.0,1.9408054342552161,4,4,2.0
16,4,196,2.0,0.08,3.92,2.0,98.0,8.0,1.9408054342552161,4,4,0.0
17,4,196,2.0,0.08,3.92,2.0,98.0,8.0,1.9408054342552161,4,4,0.0
18,4,196,2.0,0.08,3.92,2.0,98.0,8.0,1.9408054342552161,4,4,0.0
19,4,196,2.0,0.08,3.92,2.0,98.0,8.0,1.9408054342552161,4,4,0.0
20,4,196,2.0,0.08,3.92,2.0,98.0,8.0,1.9408054342552161,4,4,0.0
21,4,196,2.0,0.08,3.92,2.0,98.0,8.0,1.9408054342552161,4,4,0.0
22,4,196,2.0,0.08,3.92,2.0,98.0,8.0,1.9408054342552161,4,4,0.0
23,5,195,2.5,0.1,3.9,2.5,97.5,10.0,2.42600679281902,5,5,2.0
24,5,195,2.5,0.1,3.9,2.5,97.5,10.0,2.42600679281902,5,5,0.0
25,5,195,2.5,0.1,3.9,2.5,97.5,10.0,2.42600679281902,5,5,0.0
26,6,194,3.0,0.12,3.88,3.0,97.0,12.0,2.911208151382824,6,6,2.0
27,6,194,3.0,0.12,3.88,3.0,97.0,12.0,2.911208151382824,6,6,0.0
28,8,192,4.0,0.16,3.84,4.0,96.0,16.0,3.8816108685104322,8,8,4.0
29,8,192,4.0,0.16,3.84,4.0,96.0,16.0,3.8816108685104322,8,8,0.0
30,11,189,5.5,0.22,3.78,5.5,94.5,22.0,5.337214944201843,11,11,6.0
31,11,189,5.5,0.22,3.78,5.5,94.5,22.0,5.337214944201843,11,11,0.0
32,11,189,5.5,0.22,3.78,5.5,94.5,22.0,5.337214944201843,11,11,0.0
33,12,188,6.0,0.24,3.76,6.0,93.99999999999999,24.0,5.822416302765648,12,12,2.0
34,12,188,6.0,0.24,3.76,6.0,93.99999999999999,24.0,5.822416302765648,12,12,0.0
35,12,188,6.0,0.24,3.76,6.0,93.99999999999999,24.0,5.822416302765648,12,12,0.0
36,12,188,6.0,0.24,3.76,6.0,93.99999999999999,24.0,5.822416302765648,12,12,0.0
37,13,187,6.5,0.26,3.74,6.5,93.5,26.0,6.307617661329452,13,13,2.0
38,14,186,7.000000000000001,0.28,3.7199999999999998,7.000000000000001,92.99999999999999,28.000000000000004,6.7928190198932565,14,14,2.0000000000000036
39,14,186,7.000000000000001,0.28,3.7199999999999998,7.000000000000001,92.99999999999999,28.000000000000004,6.7928190198932565,14,14,0.0
40,14,186,7.000000000000001,0.28,3.7199999999999998,7.000000000000001,92.99999999999999,28.000000000000004,6.7928190198932565,14,14,0.0
41,14,186,7.000000000000001,0.28,3.7199999999999998,7.000000000000001,92.99999999999999,28.000000000000004,6.7928190198932565,14,14,0.0
42,14,186,7.000000000000001,0.28,3.7199999999999998,7.000000000000001,92.99999999999999,28.000000000000004,6.7928190198932565,14,14,0.0
43,14,186,7.000000000000001,0.28,3.7199999999999998,7.000000000000001,92.99999999999999,28.000000000000004,6.7928190198932565,14,14,0.0
44,14,186,7.000000000000001,0.28,3.7199999999999998,7.000000000000001,92.99999999999999,28.000000000000004,6.7928190198932565,14,14,0.0
45,14,186,7.000000000000001,0.28,3.7199999999999998,7.000000000000001,92.99999999999999,28.000000000000004,6.7928190198932565,14,14,0.0
46,14,186,7.000000000000001,0.28,3.7199999999999998,7.000000000000001,92.99999999999999,28.000000000000004,6.7928190198932565,14,14,0.0
47,15,185,7.5,0.3,3.7,7.5,92.5,30.0,7.27802037845706,15,15,1.9999999999999964
48,15,185,7.5,0.3,3.7,7.5,92.5,30.0,7.27802037845706,15,15,0.0
49,15,185,7.5,0.3,3.7,7.5,92.5,30.0,7.27802037845706,15,15,0.0
50,15,185,7.5,0.3,3.7,7.5,92.5,30.0,7.27802037845706,15,15,0.0
51,16,184,8.0,0.32,3.68,8.0,92.0,32.0,7.7632217370208645,16,16,2.0
52,16,184,8.0,0.32,3.68,8.0,92.0,32.0,7.7632217370208645,16,16,0.0
53,17,183,8.5,0.34,3.66,8.5,91.5,34.0,8.248423095584668,17,17,2.0
54,17,183,8.5,0.34,3.66,8.5,91.5,34.0,8.248423095584668,17,17,0.0
55,17,183,8.5,0.34,3.66,8.5,91.5,34.0,8.248423095584668,17,17,0.0
56,19,181,9.5,0.38,3.62,9.5,90.5,38.0,9.218825812712275,19,19,4.0
57,19,181,9.5,0.38,3.62,9.5,90.5,38.0,9.218825812712275,19,19,0.0
58,19,181,9.5,0.38,3.62,9.5,90.5,38.0,9.218825812712275,19,19,0.0
59,19,181,9.5,0.38,3.62,9.5,90.5,38.0,9.218825812712275,19,19,0.0
60,19,181,9.5,0.38,3.62,9.5,90.5,38.0,9.218825812712275,19,19,0.0
61,20,180,10.0,0.4,3.6,10.0,90.0,40.0,9.70402717127608,20,20,2.0
62,20,180,10.0,0.4,3.6,10.0,90.0,40.0,9.70402717127608,20,20,0.0
63,20,180,10.0,0.4,3.6,10.0,90.0,40.0,9.70402717127608,20,20,0.0
64,20,180,10.0,0.4,3.6,10.0,90.0,40.0,9.70402717127608,20,20,0.0
65,20,180,10.0,0.4,3.6,10.0,90.0,40.0,9.70402717127608,20,20,0.0
66,21,179,10.5,0.42,3.58,10.5,89.5,42.0,10.189228529839884,21,21,2.0
67,21,179,10.5,0.42,3.58,10.5,89.5,42.0,10.189228529839884,21,21,0.0
68,23,177,11.5,0.46,3.54,11.5,88.5,46.0,11.159631246967491,23,23,4.0
69,23,177,11.5,0.46,3.54,11.5,88.5,46.0,11.159631246967491,23,23,0.0
70,23,177,11.5,0.46,3.54,11.5,88.5,46.0,11.159631246967491,23,23,0.0
71,23,177,11.5,0.46,3.54,11.5,88.5,46.0,11.159631246967491,23,23,0.0
72,23,177,11.5,0.46,3.54,11.5,88.5,46.0,11.159631246967491,23,23,0.0
73,23,177,11.5,0.46,3.54,11.5,88.5,46.0,11.159631246967491,23,23,0.0
74,23,177,11.5,0.46,3.54,11.5,88.5,46.0,11.159631246967491,23,23,0.0
75,23,177,11.5,0.46,3.54,11.5,88.5,46.0,11.159631246967491,23,23,0.0
76,23,177,11.5,0.46,3.54,11.5,88.5,46.0,11.159631246967491,23,23,0.0
77,23,177,11.5,0.46,3.54,11.5,88.5,46.0,11.159631246967491,23,23,0.0
78,23,177,11.5,0.46,3.54,11.5,88.5,46.0,11.159631246967491,23,23,0.0
79,23,177,11.5,0.46,3.54,11.5,88.5,46.0,11.159631246967491,23,23,0.0
80,24,176,12.0,0.48,3.52,12.0,88.0,48.0,11.644832605531295,24,24,2.0
81,24,176,12.0,0.48,3.52,12.0,88.0,48.0,11.644832605531295,24,24,0.0
82,25,175,12.5,0.5,3.5,12.5,87.5,50.0,12.1300339640951,25,25,2.0
83,25,175,12.5,0.5,3.5,12.5,87.5,50.0,12.1300339640951,25,25,0.0
84,25,175,12.5,0.5,3.5,12.5,87.5,50.0,12.1300339640951,25,25,0.0
85,25,175,12.5,0.5,3.5,12.5,87.5,50.0,12.1300339640951,25,25,0.0
86,25,175,12.5,0.5,3.5,12.5,87.5,50.0,12.1300339640951,25,25,0.0
87,25,175,12.5,0.5,3.5,12.5,87.5,50.0,12.1300339640951,25,25,0.0
88,25,175,12.5,0.5,3.5,12.5,87.5,50.0,12.1300339640951,25,25,0.0
89,25,175,12.5,0.5,3.5,12.5,87.5,50.0,12.1300339640951,25,25,0.0
90,25,175,12.5,0.5,3.5,12.5,87.5,50.0,12.1300339640951,25,25,0.0
91,26,174,13.0,0.52,3.48,13.0,87.0,52.0,12.615235322658904,26,26,2.0
92,26,174,13.0,0.52,3.48,13.0,87.0,52.0,12.615235322658904,26,26,0.0
93,26,174,13.0,0.52,3.48,13.0,87.0,52.0,12.615235322658904,26,26,0.0
94,26,174,13.0,0.52,3.48,13.0,87.0,52.0,12.615235322658904,26,26,0.0
95,26,174,13.0,0.52,3.48,13.0,87.0,52.0,12.615235322658904,26,26,0.0
96,26,174,13.0,0.52,3.48,13.0,87.0,52.0,12.615235322658904,26,26,0.0
97,26,174,13.0,0.52,3.48,13.0,87.0,52.0,12.615235322658904,26,26,0.0
98,26,174,13.0,0.52,3.48,13.0,87.0,52.0,12.615235322658904,26,26,0.0
99,27,173,13.5,0.54,3.46,13.5,86.5,54.0,13.100436681222707,27,27,2.0
100,28,172,14.000000000000002,0.56,3.44,14.000000000000002,86.0,56.00000000000001,13.585638039786513,28,28,2.000000000000007
101,29,171,14.499999999999998,0.58,3.42,14.499999999999998,85.5,57.99999999999999,14.070839398350312,29,29,1.9999999999999858
102,29,171,14.499999999999998,0.58,3.42,14.499999999999998,85.5,57.99999999999999,14.070839398350312,29,29,0.0
103,29,171,14.499999999999998,0.58,3.42,14.499999999999998,85.5,57.99999999999999,14.070839398350312,29,29,0.0
104,29,171,14.499999999999998,0.58,3.42,14.499999999999998,85.5,57.99999999999999,14.070839398350312,29,29,0.0
105,29,171,14.499999999999998,0.58,3.42,14.499999999999998,85.5,57.99999999999999,14.070839398350312,29,29,0.0
106,29,171,14.499999999999998,0.58,3.42,14.499999999999998,85.5,57.99999999999999,14.070839398350312,29,29,0.0
107,29,171,14.499999999999998,0.58,3.42,14.499999999999998,85.5,57.99999999999999,14.070839398350312,29,29,0.0
108,29,171,14.499999999999998,0.58,3.42,14.499999999999998,85.5,57.99999999999999,14.070839398350312,29,29,0.0
109,29,171,14.499999999999998,0.58,3.42,14.499999999999998,85.5,57.99999999999999,14.070839398350312,29,29,0.0
110,29,171,14.499999999999998,0.58,3.42,14.499999999999998,85.5,57.99999999999999,14.070839398350312,29,29,0.0
111,29,171,14.499999999999998,0.58,3.42,14.499999999999998,85.5,57.99999999999999,14.070839398350312,29,29,0.0
112,29,171,14.499999999999998,0.58,3.42,14.499999999999998,85.5,57.99999999999999,14.070839398350312,29,29,0.0
113,31,169,15.5,0.62,3.38,15.5,84.5,62.0,15.041242115477923,31,31,4.000000000000007
114,32,168,16.0,0.64,3.36,16.0,84.0,64.0,15.526443474041729,32,32,2.0
115,32,168,16.0,0.64,3.36,16.0,84.0,64.0,15.526443474041729,32,32,0.0
116,32,168,16.0,0.64,3.36,16.0,84.0,64.0,15.526443474041729,32,32,0.0
117,32,168,16.0,0.64,3.36,16.0,84.0,64.0,15.526443474041729,32,32,0.0
118,32,168,16.0,0.64,3.36,16.0,84.0,64.0,15.526443474041729,32,32,0.0
119,32,168,16.0,0.64,3.36,16.0,84.0,64.0,15.526443474041729,32,32,0.0
120,32,168,16.0,0.64,3.36,16.0,84.0,64.0,15.526443474041729,32,32,0.0
121,32,168,16.0,0.64,3.36,16.0,84.0,64.0,15.526443474041729,32,32,0.0
122,32,168,16.0,0.64,3.36,16.0,84.0,64.0,15.526443474041729,32,32,0.0
123,32,168,16.0,0.64,3.36,16.0,84.0,64.0,15.526443474041729,32,32,0.0
124,32,168,16.0,0.64,3.36,16.0,84.0,64.0,15.526443474041729,32,32,0.0
125,33,167,16.5,0.66,3.34,16.5,83.5,66.0,16.011644832605533,33,33,2.0
126,33,167,16.5,0.66,3.34,16.5,83.5,66.0,16.011644832605533,33,33,0.0
127,33,167,16.5,0.66,3.34,16.5,83.5,66.0,16.011644832605533,33,33,0.0
128,33,167,16.5,0.66,3.34,16.5,83.5,66.0,16.011644832605533,33,33,0.0
129,33,167,16.5,0.66,3.34,16.5,83.5,66.0,16.011644832605533,33,33,0.0
130,33,167,16.5,0.66,3.34,16.5,83.5,66.0,16.011644832605533,33,33,0.0
131,33,167,16.5,0.66,3.34,16.5,83.5,66.0,16.011644832605533,33,33,0.0
132,33,167,16.5,0.66,3.34,16.5,83.5,66.0,16.011644832605533,33,33,0.0
133,33,167,16.5,0.66,3.34,16.5,83.5,66.0,16.011644832605533,33,33,0.0
134,34,166,17.0,0.68,3.32,17.0,83.0,68.0,16.496846191169336,34,34,2.0
135,34,166,17.0,0.68,3.32,17.0,83.0,68.0,16.496846191169336,34,34,0.0
136,34,166,17.0,0.68,3.32,17.0,83.0,68.0,16.496846191169336,34,34,0.0
137,34,166,17.0,0.68,3.32,17.0,83.0,68.0,16.496846191169336,34,34,0.0
138,34,166,17.0,0.68,3.32,17.0,83.0,68.0,16.496846191169336,34,34,0.0
139,34,166,17.0,0.68,3.32,17.0,83.0,68.0,16.496846191169336,34,34,0.0
140,34,166,17.0,0.68,3.32,17.0,83.0,68.0,16.496846191169336,34,34,0.0
141,34,166,17.0,0.68,3.32,17.0,83.0,68.0,16.496846191169336,34,34,0.0
142,34,166,17.0,0.68,3.32,17.0,83.0,68.0,16.496846191169336,34,34,0.0
143,34,166,17.0,0.68,3.32,17.0,83.0,68.0,16.496846191169336,34,34,0.0
144,34,166,17.0,0.68,3.32,17.0,83.0,68.0,16.496846191169336,34,34,0.0
145,34,166,17.0,0.68,3.32,17.0,83.0,68.0,16.496846191169336,34,34,0.0
146,34,166,17.0,0.68,3.32,17.0,83.0,68.0,16.496846191169336,34,34,0.0
147,34,166,17.0,0.68,3.32,17.0,83.0,68.0,16.496846191169336,34,34,0.0
148,34,166,17.0,0.68,3.32,17.0,83.0,68.0,16.496846191169336,34,34,0.0
149,34,166,17.0,0.68,3.32,17.0,83.0,68.0,16.496846191169336,34,34,0.0
150,34,166,17.0,0.68,3.32,17.0,83.0,68.0,16.496846191169336,34,34,0.0
151,34,166,17.0,0.68,3.32,17.0,83.0,68.0,16.496846191169336,34,34,0.0
152,34,166,17.0,0.68,3.32,17.0,83.0,68.0,16.496846191169336,34,34,0.0
153,34,166,17.0,0.68,3.32,17.0,83.0,68.0,16.496846191169336,34,34,0.0
154,34,166,17.0,0.68,3.32,17.0,83.0,68.0,16.496846191169336,34,34,0.0
155,34,166,17.0,0.68,3.32,17.0,83.0,68.0,16.496846191169336,34,34,0.0
156,34,166,17.0,0.68,3.32,17.0,83.0,68.0,16.496846191169336,34,34,0.0
157,34,166,17.0,0.68,3.32,17.0,83.0,68.0,16.496846191169336,34,34,0.0
158,34,166,17.0,0.68,3.32,17.0,83.0,68.0,16.496846191169336,34,34,0.0
159,34,166,17.0,0.68,3.32,17.0,83.0,68.0,16.496846191169336,34,34,0.0
160,35,165,17.5,0.7000000000000001,3.3,17.5,82.5,70.0,16.98204754973314,35,35,2.0
161,35,165,17.5,0.7000000000000001,3.3,17.5,82.5,70.0,16.98204754973314,35,35,0.0
162,36,164,18.0,0.72,3.2800000000000002,18.0,82.0,72.0,17.467248908296945,36,36,2.0
163,36,164,18.0,0.72,3.2800000000000002,18.0,82.0,72.0,17.467248908296945,36,36,0.0
164,36,164,18.0,0.72,3.2800000000000002,18.0,82.0,72.0,17.467248908296945,36,36,0.0
165,36,164,18.0,0.72,3.2800000000000002,18.0,82.0,72.0,17.467248908296945,36,36,0.0
166,37,163,18.5,0.74,3.26,18.5,81.5,74.0,17.952450266860748,37,37,2.0
167,37,163,18.5,0.74,3.26,18.5,81.5,74.0,17.952450266860748,37,37,0.0
168,37,163,18.5,0.74,3.26,18.5,81.5,74.0,17.952450266860748,37,37,0.0
169,37,163,18.5,0.74,3.26,18.5,81.5,74.0,17.952450266860748,37,37,0.0
170,38,162,19.0,0.76,3.24,19.0,81.0,76.0,18.43765162542455,38,38,2.0
171,39,161,19.5,0.78,3.2199999999999998,19.5,80.49999999999999,78.0,18.922852983988356,39,39,2.0
172,39,161,19.5,0.78,3.2199999999999998,19.5,80.49999999999999,78.0,18.922852983988356,39,39,0.0
173,39,161,19.5,0.78,3.2199999999999998,19.5,80.49999999999999,78.0,18.922852983988356,39,39,0.0
174,39,161,19.5,0.78,3.2199999999999998,19.5,80.49999999999999,78.0,18.922852983988356,39,39,0.0
175,39,161,19.5,0.78,3.2199999999999998,19.5,80.49999999999999,78.0,18.922852983988356,39,39,0.0
176,39,161,19.5,0.78,3.2199999999999998,19.5,80.49999999999999,78.0,18.922852983988356,39,39,0.0
177,40,160,20.0,0.8,3.2,20.0,80.0,80.0,19.40805434255216,40,40,2.0
178,40,160,20.0,0.8,3.2,20.0,80.0,80.0,19.40805434255216,40,40,0.0
179,40,160,20.0,0.8,3.2,20.0,80.0,80.0,19.40805434255216,40,40,0.0
180,40,160,20.0,0.8,3.2,20.0,80.0,80.0,19.40805434255216,40,40,0.0
181,40,160,20.0,0.8,3.2,20.0,80.0,80.0,19.40805434255216,40,40,0.0
182,40,160,20.0,0.8,3.2,20.0,80.0,80.0,19.40805434255216,40,40,0.0
183,40,160,20.0,0.8,3.2,20.0,80.0,80.0,19.40805434255216,40,40,0.0
184,40,160,20.0,0.8,3.2,20.0,80.0,80.0,19.40805434255216,40,40,0.0
185,43,157,21.5,0.86,3.14,21.5,78.5,86.0,20.86365841824357,43,43,6.0
186,43,157,21.5,0.86,3.14,21.5,78.5,86.0,20.86365841824357,43,43,0.0
187,43,157,21.5,0.86,3.14,21.5,78.5,86.0,20.86365841824357,43,43,0.0
188,43,157,21.5,0.86,3.14,21.5,78.5,86.0,20.86365841824357,43,43,0.0
189,43,157,21.5,0.86,3.14,21.5,78.5,86.0,20.86365841824357,43,43,0.0
190,44,156,22.0,0.88,3.12,22.0,78.0,88.0,21.348859776807373,44,44,2.0
191,44,156,22.0,0.88,3.12,22.0,78.0,88.0,21.348859776807373,44,44,0.0
192,44,156,22.0,0.88,3.12,22.0,78.0,88.0,21.348859776807373,44,44,0.0
193,44,156,22.0,0.88,3.12,22.0,78.0,88.0,21.348859776807373,44,44,0.0
194,44,156,22.0,0.88,3.12,22.0,78.0,88.0,21.348859776807373,44,44,0.0
195,44,156,22.0,0.88,3.12,22.0,78.0,88.0,21.348859776807373,44,44,0.0
196,44,156,22.0,0.88,3.12,22.0,78.0,88.0,21.348859776807373,44,44,0.0
197,45,155,22.5,0.9,3.1,22.5,77.5,90.0,21.83406113537118,45,45,2.0
198,45,155,22.5,0.9,3.1,22.5,77.5,90.0,21.83406113537118,45,45,0.0
199,46,154,23.0,0.92,3.08,23.0,77.0,92.0,22.319262493934982,46,46,2.0
200,46,154,23.0,0.92,3.08,23.0,77.0,92.0,22.319262493934982,46,46,0.0
201,46,154,23.0,0.92,3.08,23.0,77.0,92.0,22.319262493934982,46,46,0.0
202,46,154,23.0,0.92,3.08,23.0,77.0,92.0,22.319262493934982,46,46,0.0
203,46,154,23.0,0.92,3.08,23.0,77.0,92.0,22.319262493934982,46,46,0.0
204,46,154,23.0,0.92,3.08,23.0,77.0,92.0,22.319262493934982,46,46,0.0
205,46,154,23.0,0.92,3.08,23.0,77.0,92.0,22.319262493934982,46,46,0.0
206,46,154,23.0,0.92,3.08,23.0,77.0,92.0,22.319262493934982,46,46,0.0
207,46,154,23.0,0.92,3.08,23.0,77.0,92.0,22.319262493934982,46,46,0.0
208,46,154,23.0,0.92,3.08,23.0,77.0,92.0,22.319262493934982,46,46,0.0
209,47,153,23.5,0.9400000000000001,3.06,23.5,76.5,94.0,22.804463852498788,47,47,2.0
210,47,153,23.5,0.9400000000000001,3.06,23.5,76.5,94.0,22.804463852498788,47,47,0.0
211,47,153,23.5,0.9400000000000001,3.06,23.5,76.5,94.0,22.804463852498788,47,47,0.0
212,47,153,23.5,0.9400000000000001,3.06,23.5,76.5,94.0,22.804463852498788,47,47,0.0
213,47,153,23.5,0.9400000000000001,3.06,23.5,76.5,94.0,22.804463852498788,47,47,0.0
214,47,153,23.5,0.9400000000000001,3.06,23.5,76.5,94.0,22.804463852498788,47,47,0.0
215,47,153,23.5,0.9400000000000001,3.06,23.5,76.5,94.0,22.804463852498788,47,47,0.0
216,48,152,24.0,0.96,3.04,24.0,76.0,96.0,23.28966521106259,48,48,2.0
217,48,152,24.0,0.96,3.04,24.0,76.0,96.0,23.28966521106259,48,48,0.0
218,48,152,24.0,0.96,3.04,24.0,76.0,96.0,23.28966521106259,48,48,0.0
219,48,152,24.0,0.96,3.04,24.0,76.0,96.0,23.28966521106259,48,48,0.0
220,48,152,24.0,0.96,3.04,24.0,76.0,96.0,23.28966521106259,48,48,0.0
221,48,152,24.0,0.96,3.04,24.0,76.0,96.0,23.28966521106259,48,48,0.0
222,48,152,24.0,0.96,3.04,24.0,76.0,96.0,23.28966521106259,48,48,0.0
223,48,152,24.0,0.96,3.04,24.0,76.0,96.0,23.28966521106259,48,48,0.0
224,49,151,24.5,0.98,3.02,24.5,75.5,98.0,23.774866569626397,49,49,2.0
225,49,151,24.5,0.98,3.02,24.5,75.5,98.0,23.774866569626397,49,49,0.0
226,50,150,25.0,1.0,3.0,25.0,75.0,100.0,24.2600679281902,50,50,2.0
227,50,150,25.0,1.0,3.0,25.0,75.0,100.0,24.2600679281902,50,50,0.0
228,50,150,25.0,1.0,3.0,25.0,75.0,100.0,24.2600679281902,50,50,0.0
229,50,150,25.0,1.0,3.0,25.0,75.0,100.0,24.2600679281902,50,50,0.0
230,51,149,25.5,1.02,2.98,25.5,74.5,102.0,24.745269286754006,51,51,2.0
231,51,149,25.5,1.02,2.98,25.5,74.5,102.0,24.745269286754006,51,51,0.0
232,51,149,25.5,1.02,2.98,25.5,74.5,102.0,24.745269286754006,51,51,0.0
233,51,149,25.5,1.02,2.98,25.5,74.5,102.0,24.745269286754006,51,51,0.0
234,51,149,25.5,1.02,2.98,25.5,74.5,102.0,24.745269286754006,51,51,0.0
235,51,149,25.5,1.02,2.98,25.5,74.5,102.0,24.745269286754006,51,51,0.0
236,51,149,25.5,1.02,2.98,25.5,74.5,102.0,24.745269286754006,51,51,0.0
237,51,149,25.5,1.02,2.98,25.5,74.5,102.0,24.745269286754006,51,51,0.0
238,51,149,25.5,1.02,2.98,25.5,74.5,102.0,24.745269286754006,51,51,0.0
239,51,149,25.5,1.02,2.98,25.5,74.5,102.0,24.745269286754006,51,51,0.0
240,51,149,25.5,1.02,2.98,25.5,74.5,102.0,24.745269286754006,51,51,0.0
241,51,149,25.5,1.02,2.98,25.5,74.5,102.0,24.745269286754006,51,51,0.0
242,51,149,25.5,1.02,2.98,25.5,74.5,102.0,24.745269286754006,51,51,0.0
243,51,149,25.5,1.02,2.98,25.5,74.5,102.0,24.745269286754006,51,51,0.0
244,52,148,26.0,1.04,2.96,26.0,74.0,104.0,25.23047064531781,52,52,2.0
245,52,148,26.0,1.04,2.96,26.0,74.0,104.0,25.23047064531781,52,52,0.0
246,52,148,26.0,1.04,2.96,26.0,74.0,104.0,25.23047064531781,52,52,0.0
247,52,148,26.0,1.04,2.96,26.0,74.0,104.0,25.23047064531781,52,52,0.0
248,52,148,26.0,1.04,2.96,26.0,74.0,104.0,25.23047064531781,52,52,0.0
249,52,148,26.0,1.04,2.96,26.0,74.0,104.0,25.23047064531781,52,52,0.0
250,52,148,26.0,1.04,2.96,26.0,74.0,104.0,25.23047064531781,52,52,0.0
251,52,148,26.0,1.04,2.96,26.0,74.0,104.0,25.23047064531781,52,52,0.0
252,52,148,26.0,1.04,2.96,26.0,74.0,104.0,25.23047064531781,52,52,0.0
253,52,148,26.0,1.04,2.96,26.0,74.0,104.0,25.23047064531781,52,52,0.0
254,52,148,26.0,1.04,2.96,26.0,74.0,104.0,25.23047064531781,52,52,0.0
255,52,148,26.0,1.04,2.96,26.0,74.0,104.0,25.23047064531781,52,52,0.0
256,52,148,26.0,1.04,2.96,26.0,74.0,104.0,25.23047064531781,52,52,0.0
257,52,148,26.0,1.04,2.96,26.0,74.0,104.0,25.23047064531781,52,52,0.0
258,52,148,26.0,1.04,2.96,26.0,74.0,104.0,25.23047064531781,52,52,0.0
259,52,148,26.0,1.04,2.96,26.0,74.0,104.0,25.23047064531781,52,52,0.0
260,53,147,26.5,1.06,2.94,26.5,73.5,106.0,25.71567200388161,53,53,2.0
261,53,147,26.5,1.06,2.94,26.5,73.5,106.0,25.71567200388161,53,53,0.0
262,54,146,27.0,1.08,2.92,27.0,73.0,108.0,26.200873362445414,54,54,2.0
263,54,146,27.0,1.08,2.92,27.0,73.0,108.0,26.200873362445414,54,54,0.0
264,54,146,27.0,1.08,2.92,27.0,73.0,108.0,26.200873362445414,54,54,0.0
265,55,145,27.500000000000004,1.1,2.9,27.5,72.5,110.0,26.686074721009216,55,55,2.0
266,55,145,27.500000000000004,1.1,2.9,27.5,72.5,110.0,26.686074721009216,55,55,0.0
267,55,145,27.500000000000004,1.1,2.9,27.5,72.5,110.0,26.686074721009216,55,55,0.0
268,55,145,27.500000000000004,1.1,2.9,27.5,72.5,110.0,26.686074721009216,55,55,0.0
269,55,145,27.500000000000004,1.1,2.9,27.5,72.5,110.0,26.686074721009216,55,55,0.0
270,55,145,27.500000000000004,1.1,2.9,27.5,72.5,110.0,26.686074721009216,55,55,0.0
271,55,145,27.500000000000004,1.1,2.9,27.5,72.5,110.0,26.686074721009216,55,55,0.0
272,55,145,27.500000000000004,1.1,2.9,27.5,72.5,110.0,26.686074721009216,55,55,0.0
273,55,145,27.500000000000004,1.1,2.9,27.5,72.5,110.0,26.686074721009216,55,55,0.0
274,55,145,27.500000000000004,1.1,2.9,27.5,72.5,110.0,26.686074721009216,55,55,0.0
275,55,145,27.500000000000004,1.1,2.9,27.5,72.5,110.0,26.686074721009216,55,55,0.0
276,55,145,27.500000000000004,1.1,2.9,27.5,72.5,110.0,26.686074721009216,55,55,0.0
277,56,144,28.000000000000004,1.12,2.88,28.000000000000004,72.0,112.00000000000001,27.171276079573026,56,56,2.000000000000014
278,56,144,28.000000000000004,1.12,2.88,28.000000000000004,72.0,112.00000000000001,27.171276079573026,56,56,0.0
279,57,143,28.499999999999996,1.1400000000000001,2.86,28.500000000000004,71.5,114.00000000000001,27.65647743813683,57,57,2.0
280,57,143,28.499999999999996,1.1400000000000001,2.86,28.500000000000004,71.5,114.00000000000001,27.65647743813683,57,57,0.0
281,58,142,28.999999999999996,1.16,2.84,28.999999999999996,71.0,115.99999999999999,28.141678796700624,58,58,1.9999999999999716
282,58,142,28.999999999999996,1.16,2.84,28.999999999999996,71.0,115.99999999999999,28.141678796700624,58,58,0.0
283,58,142,28.999999999999996,1.16,2.84,28.999999999999996,71.0,115.99999999999999,28.141678796700624,58,58,0.0
284,58,142,28.999999999999996,1.16,2.84,28.999999999999996,71.0,115.99999999999999,28.141678796700624,58,58,0.0
285,58,142,28.999999999999996,1.16,2.84,28.999999999999996,71.0,115.99999999999999,28.141678796700624,58,58,0.0
286,58,142,28.999999999999996,1.16,2.84,28.999999999999996,71.0,115.99999999999999,28.141678796700624,58,58,0.0
287,58,142,28.999999999999996,1.16,2.84,28.999999999999996,71.0,115.99999999999999,28.141678796700624,58,58,0.0
288,58,142,28.999999999999996,1.16,2.84,28.999999999999996,71.0,115.99999999999999,28.141678796700624,58,58,0.0
289,58,142,28.999999999999996,1.16,2.84,28.999999999999996,71.0,115.99999999999999,28.141678796700624,58,58,0.0
290,59,141,29.5,1.18,2.8200000000000003,29.499999999999996,70.5,117.99999999999999,28.626880155264434,59,59,2.0
291,59,141,29.5,1.18,2.8200000000000003,29.499999999999996,70.5,117.99999999999999,28.626880155264434,59,59,0.0
292,59,141,29.5,1.18,2.8200000000000003,29.499999999999996,70.5,117.99999999999999,28.626880155264434,59,59,0.0
293,59,141,29.5,1.18,2.8200000000000003,29.499999999999996,70.5,117.99999999999999,28.626880155264434,59,59,0.0
294,59,141,29.5,1.18,2.8200000000000003,29.499999999999996,70.5,117.99999999999999,28.626880155264434,59,59,0.0
295,59,141,29.5,1.18,2.8200000000000003,29.499999999999996,70.5,117.99999999999999,28.626880155264434,59,59,0.0
296,59,141,29.5,1.18,2.8200000000000003,29.499999999999996,70.5,117.99999999999999,28.626880155264434,59,59,0.0
297,59,141,29.5,1.18,2.8200000000000003,29.499999999999996,70.5,117.99999999999999,28.626880155264434,59,59,0.0
298,59,141,29.5,1.18,2.8200000000000003,29.499999999999996,70.5,117.99999999999999,28.626880155264434,59,59,0.0
299,59,141,29.5,1.18,2.8200000000000003,29.499999999999996,70.5,117.99999999999999,28.626880155264434,59,59,0.0
300,60,140,30.0,1.2,2.8,30.0,70.0,120.0,29.11208151382824,60,60,2.000000000000014
301,60,140,30.0,1.2,2.8,30.0,70.0,120.0,29.11208151382824,60,60,0.0
302,60,140,30.0,1.2,2.8,30.0,70.0,120.0,29.11208151382824,60,60,0.0
303,60,140,30.0,1.2,2.8,30.0,70.0,120.0,29.11208151382824,60,60,0.0
304,60,140,30.0,1.2,2.8,30.0,70.0,120.0,29.11208151382824,60,60,0.0
305,60,140,30.0,1.2,2.8,30.0,70.0,120.0,29.11208151382824,60,60,0.0
306,60,140,30.0,1.2,2.8,30.0,70.0,120.0,29.11208151382824,60,60,0.0
307,60,140,30.0,1.2,2.8,30.0,70.0,120.0,29.11208151382824,60,60,0.0
308,60,140,30.0,1.2,2.8,30.0,70.0,120.0,29.11208151382824,60,60,0.0
309,60,140,30.0,1.2,2.8,30.0,70.0,120.0,29.11208151382824,60,60,0.0
310,60,140,30.0,1.2,2.8,30.0,70.0,120.0,29.11208151382824,60,60,0.0
311,60,140,30.0,1.2,2.8,30.0,70.0,120.0,29.11208151382824,60,60,0.0
312,60,140,30.0,1.2,2.8,30.0,70.0,120.0,29.11208151382824,60,60,0.0
313,60,140,30.0,1.2,2.8,30.0,70.0,120.0,29.11208151382824,60,60,0.0
314,60,140,30.0,1.2,2.8,30.0,70.0,120.0,29.11208151382824,60,60,0.0
315,60,140,30.0,1.2,2.8,30.0,70.0,120.0,29.11208151382824,60,60,0.0
316,60,140,30.0,1.2,2.8,30.0,70.0,120.0,29.11208151382824,60,60,0.0
317,60,140,30.0,1.2,2.8,30.0,70.0,120.0,29.11208151382824,60,60,0.0
318,60,140,30.0,1.2,2.8,30.0,70.0,120.0,29.11208151382824,60,60,0.0
319,60,140,30.0,1.2,2.8,30.0,70.0,120.0,29.11208151382824,60,60,0.0
320,60,140,30.0,1.2,2.8,30.0,70.0,120.0,29.11208151382824,60,60,0.0
321,60,140,30.0,1.2,2.8,30.0,70.0,120.0,29.11208151382824,60,60,0.0
322,60,140,30.0,1.2,2.8,30.0,70.0,120.0,29.11208151382824,60,60,0.0
323,60,140,30.0,1.2,2.8,30.0,70.0,120.0,29.11208151382824,60,60,0.0
324,60,140,30.0,1.2,2.8,30.0,70.0,120.0,29.11208151382824,60,60,0.0
325,60,140,30.0,1.2,2.8,30.0,70.0,120.0,29.11208151382824,60,60,0.0
326,60,140,30.0,1.2,2.8,30.0,70.0,120.0,29.11208151382824,60,60,0.0
327,61,139,30.5,1.22,2.7800000000000002,30.5,69.5,122.0,29.597282872392043,61,61,2.0
328,61,139,30.5,1.22,2.7800000000000002,30.5,69.5,122.0,29.597282872392043,61,61,0.0
329,61,139,30.5,1.22,2.7800000000000002,30.5,69.5,122.0,29.597282872392043,61,61,0.0
330,61,139,30.5,1.22,2.7800000000000002,30.5,69.5,122.0,29.597282872392043,61,61,0.0
331,61,139,30.5,1.22,2.7800000000000002,30.5,69.5,122.0,29.597282872392043,61,61,0.0
332,61,139,30.5,1.22,2.7800000000000002,30.5,69.5,122.0,29.597282872392043,61,61,0.0
333,62,138,31.0,1.24,2.76,31.0,69.0,124.0,30.082484230955846,62,62,2.0
334,62,138,31.0,1.24,2.76,31.0,69.0,124.0,30.082484230955846,62,62,0.0
335,62,138,31.0,1.24,2.76,31.0,69.0,124.0,30.082484230955846,62,62,0.0
336,62,138,31.0,1.24,2.76,31.0,69.0,124.0,30.082484230955846,62,62,0.0
337,62,138,31.0,1.24,2.76,31.0,69.0,124.0,30.082484230955846,62,62,0.0
338,62,138,31.0,1.24,2.76,31.0,69.0,124.0,30.082484230955846,62,62,0.0
339,62,138,31.0,1.24,2.76,31.0,69.0,124.0,30.082484230955846,62,62,0.0
340,62,138,31.0,1.24,2.76,31.0,69.0,124.0,30.082484230955846,62,62,0.0
341,62,138,31.0,1.24,2.76,31.0,69.0,124.0,30.082484230955846,62,62,0.0
342,62,138,31.0,1.24,2.76,31.0,69.0,124.0,30.082484230955846,62,62,0.0
343,62,138,31.0,1.24,2.76,31.0,69.0,124.0,30.082484230955846,62,62,0.0
344,62,138,31.0,1.24,2.76,31.0,69.0,124.0,30.082484230955846,62,62,0.0
345,62,138,31.0,1.24,2.76,31.0,69.0,124.0,30.082484230955846,62,62,0.0
346,63,137,31.5,1.26,2.74,31.5,68.5,126.0,30.567685589519648,63,63,2.0
347,63,137,31.5,1.26,2.74,31.5,68.5,126.0,30.567685589519648,63,63,0.0
348,63,137,31.5,1.26,2.74,31.5,68.5,126.0,30.567685589519648,63,63,0.0
349,63,137,31.5,1.26,2.74,31.5,68.5,126.0,30.567685589519648,63,63,0.0
350,63,137,31.5,1.26,2.74,31.5,68.5,126.0,30.567685589519648,64,63,0.0
351,63,137,31.5,1.26,2.74,31.5,68.5,126.0,30.567685589519648,64,63,0.0
352,63,137,31.5,1.26,2.74,31.5,68.5,126.0,30.567685589519648,64,63,0.0
353,63,137,31.5,1.26,2.74,31.5,68.5,126.0,30.567685589519648,64,63,0.0
354,63,137,31.5,1.26,2.74,31.5,68.5,126.0,30.567685589519648,64,63,0.0
355,63,137,31.5,1.26,2.74,31.5,68.5,126.0,30.567685589519648,64,63,0.0
356,63,137,31.5,1.26,2.74,31.5,68.5,126.0,30.567685589519648,65,63,0.0
357,63,137,31.5,1.26,2.74,31.5,68.5,126.0,30.567685589519648,66,63,0.0
358,63,137,31.5,1.26,2.74,31.5,68.5,126.0,30.567685589519648,66,63,0.0
359,64,136,32.0,1.28,2.7199999999999998,32.0,67.99999999999999,128.0,31.052886948083458,67,64,2.0
360,64,136,32.0,1.28,2.7199999999999998,32.0,67.99999999999999,128.0,31.052886948083458,67,64,0.0
361,64,136,32.0,1.28,2.7199999999999998,32.0,67.99999999999999,128.0,31.052886948083458,67,64,0.0
362,64,136,32.0,1.28,2.7199999999999998,32.0,67.99999999999999,128.0,31.052886948083458,67,64,0.0
363,65,135,32.5,1.3,2.7,32.5,67.5,130.0,31.53808830664726,68,65,2.0
364,65,135,32.5,1.3,2.7,32.5,67.5,130.0,31.53808830664726,68,65,0.0
365,65,135,32.5,1.3,2.7,32.5,67.5,130.0,31.53808830664726,68,65,0.0
366,65,135,32.5,1.3,2.7,32.5,67.5,130.0,31.53808830664726,68,65,0.0
367,66,134,33.0,1.32,2.6799999999999997,33.0,66.99999999999999,132.0,32.02328966521107,69,66,2.0
368,66,134,33.0,1.32,2.6799999999999997,33.0,66.99999999999999,132.0,32.02328966521107,69,66,0.0
369,66,134,33.0,1.32,2.6799999999999997,33.0,66.99999999999999,132.0,32.02328966521107,69,66,0.0
370,67,133,33.5,1.34,2.66,33.5,66.5,134.0,32.508491023774866,70,67,2.0
371,67,133,33.5,1.34,2.66,33.5,66.5,134.0,32.508491023774866,70,67,0.0
372,67,133,33.5,1.34,2.66,33.5,66.5,134.0,32.508491023774866,70,67,0.0
373,67,133,33.5,1.34,2.66,33.5,66.5,134.0,32.508491023774866,70,67,0.0
374,67,133,33.5,1.34,2.66,33.5,66.5,134.0,32.508491023774866,70,67,0.0
375,67,133,33.5,1.34,2.66,33.5,66.5,134.0,32.508491023774866,70,67,0.0
376,67,133,33.5,1.34,2.66,33.5,66.5,134.0,32.508491023774866,70,67,0.0
377,67,133,33.5,1.34,2.66,33.5,66.5,134.0,32.508491023774866,70,67,0.0
378,67,133,33.5,1.34,2.66,33.5,66.5,134.0,32.508491023774866,70,67,0.0
379,67,133,33.5,1.34,2.66,33.5,66.5,134.0,32.508491023774866,70,67,0.0
380,67,133,33.5,1.34,2.66,33.5,66.5,134.0,32.508491023774866,70,67,0.0
381,67,133,33.5,1.34,2.66,33.5,66.5,134.0,32.508491023774866,70,67,0.0
382,67,133,33.5,1.34,2.66,33.5,66.5,134.0,32.508491023774866,70,67,0.0
383,67,133,33.5,1.34,2.66,33.5,66.5,134.0,32.508491023774866,70,67,0.0
384,67,133,33.5,1.34,2.66,33.5,66.5,134.0,32.508491023774866,70,67,0.0
385,67,133,33.5,1.34,2.66,33.5,66.5,134.0,32.508491023774866,70,67,0.0
386,67,133,33.5,1.34,2.66,33.5,66.5,134.0,32.508491023774866,71,67,0.0
387,67,133,33.5,1.34,2.66,33.5,66.5,134.0,32.508491023774866,71,67,0.0
388,67,133,33.5,1.34,2.66,33.5,66.5,134.0,32.508491023774866,72,67,0.0
389,67,133,33.5,1.34,2.66,33.5,66.5,134.0,32.508491023774866,72,67,0.0
390,68,132,34.0,1.36,2.6399999999999997,34.0,65.99999999999999,136.0,32.99369238233867,73,68,2.0
391,68,132,34.0,1.36,2.6399999999999997,34.0,65.99999999999999,136.0,32.99369238233867,73,68,0.0
392,68,132,34.0,1.36,2.6399999999999997,34.0,65.99999999999999,136.0,32.99369238233867,73,68,0.0
393,68,132,34.0,1.36,2.6399999999999997,34.0,65.99999999999999,136.0,32.99369238233867,73,68,0.0
394,68,132,34.0,1.36,2.6399999999999997,34.0,65.99999999999999,136.0,32.99369238233867,73,68,0.0
395,68,132,34.0,1.36,2.6399999999999997,34.0,65.99999999999999,136.0,32.99369238233867,73,68,0.0
396,68,132,34.0,1.36,2.6399999999999997,34.0,65.99999999999999,136.0,32.99369238233867,73,68,0.0
397,68,132,34.0,1.36,2.6399999999999997,34.0,65.99999999999999,136.0,32.99369238233867,73,68,0.0
398,68,132,34.0,1.36,2.6399999999999997,34.0,65.99999999999999,136.0,32.99369238233867,73,68,0.0
399,68,132,34.0,1.36,2.6399999999999997,34.0,65.99999999999999,136.0,32.99369238233867,73,68,0.0
400,68,132,34.0,1.36,2.6399999999999997,34.0,65.99999999999999,136.0,32.99369238233867,73,68,0.0
401,68,132,34.0,1.36,2.6399999999999997,34.0,65.99999999999999,136.0,32.99369238233867,73,68,0.0
402,69,131,34.5,1.3800000000000001,2.62,34.5,65.5,138.0,33.47889374090248,74,69,2.0
403,69,131,34.5,1.3800000000000001,2.62,34.5,65.5,138.0,33.47889374090248,74,69,0.0
404,69,131,34.5,1.3800000000000001,2.62,34.5,65.5,138.0,33.47889374090248,74,69,0.0
405,69,131,34.5,1.3800000000000001,2.62,34.5,65.5,138.0,33.47889374090248,74,69,0.0
406,69,131,34.5,1.3800000000000001,2.62,34.5,65.5,138.0,33.47889374090248,74,69,0.0
407,69,131,34.5,1.3800000000000001,2.62,34.5,65.5,138.0,33.47889374090248,74,69,0.0
408,69,131,34.5,1.3800000000000001,2.62,34.5,65.5,138.0,33.47889374090248,74,69,0.0
409,69,131,34.5,1.3800000000000001,2.62,34.5,65.5,138.0,33.47889374090248,74,69,0.0
410,69,131,34.5,1.3800000000000001,2.62,34.5,65.5,138.0,33.47889374090248,74,69,0.0
411,69,131,34.5,1.3800000000000001,2.62,34.5,65.5,138.0,33.47889374090248,74,69,0.0
412,70,130,35.0,1.4000000000000001,2.5999999999999996,35.0,64.99999999999999,140.0,33.96409509946628,75,70,2.0
413,70,130,35.0,1.4000000000000001,2.5999999999999996,35.0,64.99999999999999,140.0,33.96409509946628,75,70,0.0
414,70,130,35.0,1.4000000000000001,2.5999999999999996,35.0,64.99999999999999,140.0,33.96409509946628,75,70,0.0
415,70,130,35.0,1.4000000000000001,2.5999999999999996,35.0,64.99999999999999,140.0,33.96409509946628,75,70,0.0
416,70,130,35.0,1.4000000000000001,2.5999999999999996,35.0,64.99999999999999,140.0,33.96409509946628,75,70,0.0
417,70,130,35.0,1.4000000000000001,2.5999999999999996,35.0,64.99999999999999,140.0,33.96409509946628,75,70,0.0
418,71,129,35.5,1.42,2.58,35.5,64.5,142.0,34.449296458030084,76,71,2.0
419,72,128,36.0,1.44,2.56,36.0,64.0,144.0,34.93449781659389,77,72,2.0
420,72,128,36.0,1.44,2.56,36.0,64.0,144.0,34.93449781659389,77,72,0.0
421,72,128,36.0,1.44,2.56,36.0,64.0,144.0,34.93449781659389,77,72,0.0
422,72,128,36.0,1.44,2.56,36.0,64.0,144.0,34.93449781659389,77,72,0.0
423,72,128,36.0,1.44,2.56,36.0,64.0,144.0,34.93449781659389,77,72,0.0
424,72,128,36.0,1.44,2.56,36.0,64.0,144.0,34.93449781659389,77,72,0.0
425,72,128,36.0,1.44,2.56,36.0,64.0,144.0,34.93449781659389,77,72,0.0
426,72,128,36.0,1.44,2.56,36.0,64.0,144.0,34.93449781659389,77,72,0.0
427,72,128,36.0,1.44,2.56,36.0,64.0,144.0,34.93449781659389,77,72,0.0
428,72,128,36.0,1.44,2.56,36.0,64.0,144.0,34.93449781659389,77,72,0.0
429,72,128,36.0,1.44,2.56,36.0,64.0,144.0,34.93449781659389,77,72,0.0
430,72,128,36.0,1.44,2.56,36.0,64.0,144.0,34.93449781659389,77,72,0.0
431,72,128,36.0,1.44,2.56,36.0,64.0,144.0,34.93449781659389,77,72,0.0
432,72,128,36.0,1.44,2.56,36.0,64.0,144.0,34.93449781659389,77,72,0.0
433,72,128,36.0,1.44,2.56,36.0,64.0,144.0,34.93449781659389,77,72,0.0
434,72,128,36.0,1.44,2.56,36.0,64.0,144.0,34.93449781659389,77,72,0.0
435,72,128,36.0,1.44,2.56,36.0,64.0,144.0,34.93449781659389,77,72,0.0
436,72,128,36.0,1.44,2.56,36.0,64.0,144.0,34.93449781659389,77,72,0.0
437,72,128,36.0,1.44,2.56,36.0,64.0,144.0,34.93449781659389,77,72,0.0
438,72,128,36.0,1.44,2.56,36.0,64.0,144.0,34.93449781659389,77,72,0.0
439,72,128,36.0,1.44,2.56,36.0,64.0,144.0,34.93449781659389,77,72,0.0
440,72,128,36.0,1.44,2.56,36.0,64.0,144.0,34.93449781659389,77,72,0.0
441,72,128,36.0,1.44,2.56,36.0,64.0,144.0,34.93449781659389,77,72,0.0
442,72,128,36.0,1.44,2.56,36.0,64.0,144.0,34.93449781659389,77,72,0.0
443,72,128,36.0,1.44,2.56,36.0,64.0,144.0,34.93449781659389,78,72,0.0
444,72,128,36.0,1.44,2.56,36.0,64.0,144.0,34.93449781659389,78,72,0.0
445,72,128,36.0,1.44,2.56,36.0,64.0,144.0,34.93449781659389,78,72,0.0
446,72,128,36.0,1.44,2.56,36.0,64.0,144.0,34.93449781659389,78,72,0.0
447,73,127,36.5,1.46,2.54,36.5,63.5,146.0,35.419699175157696,79,73,2.0
448,73,127,36.5,1.46,2.54,36.5,63.5,146.0,35.419699175157696,79,73,0.0
449,73,127,36.5,1.46,2.54,36.5,63.5,146.0,35.419699175157696,79,73,0.0
450,73,127,36.5,1.46,2.54,36.5,63.5,146.0,35.419699175157696,79,73,0.0
451,74,126,37.0,1.48,2.52,37.0,63.0,148.0,35.904900533721495,80,74,2.0
452,74,126,37.0,1.48,2.52,37.0,63.0,148.0,35.904900533721495,80,74,0.0
453,74,126,37.0,1.48,2.52,37.0,63.0,148.0,35.904900533721495,80,74,0.0
454,74,126,37.0,1.48,2.52,37.0,63.0,148.0,35.904900533721495,80,74,0.0
455,74,126,37.0,1.48,2.52,37.0,63.0,148.0,35.904900533721495,80,74,0.0
456,74,126,37.0,1.48,2.52,37.0,63.0,148.0,35.904900533721495,80,74,0.0
457,74,126,37.0,1.48,2.52,37.0,63.0,148.0,35.904900533721495,80,74,0.0
458,74,126,37.0,1.48,2.52,37.0,63.0,148.0,35.904900533721495,80,74,0.0
459,74,126,37.0,1.48,2.52,37.0,63.0,148.0,35.904900533721495,80,74,0.0
460,75,125,37.5,1.5,2.5,37.5,62.5,150.0,36.3901018922853,81,75,2.0
461,75,125,37.5,1.5,2.5,37.5,62.5,150.0,36.3901018922853,81,75,0.0
462,75,125,37.5,1.5,2.5,37.5,62.5,150.0,36.3901018922853,81,75,0.0
463,75,125,37.5,1.5,2.5,37.5,62.5,150.0,36.3901018922853,81,75,0.0
464,75,125,37.5,1.5,2.5,37.5,62.5,150.0,36.3901018922853,81,75,0.0
465,76,124,38.0,1.52,2.48,38.0,62.0,152.0,36.8753032508491,82,76,2.0
466,76,124,38.0,1.52,2.48,38.0,62.0,152.0,36.8753032508491,82,76,0.0
467,76,124,38.0,1.52,2.48,38.0,62.0,152.0,36.8753032508491,82,76,0.0
468,76,124,38.0,1.52,2.48,38.0,62.0,152.0,36.8753032508491,82,76,0.0
469,76,124,38.0,1.52,2.48,38.0,62.0,152.0,36.8753032508491,82,76,0.0
470,76,124,38.0,1.52,2.48,38.0,62.0,152.0,36.8753032508491,82,76,0.0
471,76,124,38.0,1.52,2.48,38.0,62.0,152.0,36.8753032508491,82,76,0.0
472,76,124,38.0,1.52,2.48,38.0,62.0,152.0,36.8753032508491,82,76,0.0
473,76,124,38.0,1.52,2.48,38.0,62.0,152.0,36.8753032508491,82,76,0.0
474,76,124,38.0,1.52,2.48,38.0,62.0,152.0,36.8753032508491,82,76,0.0
475,77,123,38.5,1.54,2.46,38.5,61.5,154.0,37.36050460941291,83,77,2.0
476,77,123,38.5,1.54,2.46,38.5,61.5,154.0,37.36050460941291,83,77,0.0
477,77,123,38.5,1.54,2.46,38.5,61.5,154.0,37.36050460941291,83,77,0.0
478,78,122,39.0,1.56,2.44,39.0,61.0,156.0,37.84570596797671,84,78,2.0
479,79,121,39.5,1.58,2.42,39.5,60.5,158.0,38.33090732654051,85,79,2.0
480,79,121,39.5,1.58,2.42,39.5,60.5,158.0,38.33090732654051,85,79,0.0
481,79,121,39.5,1.58,2.42,39.5,60.5,158.0,38.33090732654051,85,79,0.0
482,79,121,39.5,1.58,2.42,39.5,60.5,158.0,38.33090732654051,85,79,0.0
483,79,121,39.5,1.58,2.42,39.5,60.5,158.0,38.33090732654051,85,79,0.0
484,79,121,39.5,1.58,2.42,39.5,60.5,158.0,38.33090732654051,85,79,0.0
485,79,121,39.5,1.58,2.42,39.5,60.5,158.0,38.33090732654051,85,79,0.0
486,79,121,39.5,1.58,2.42,39.5,60.5,158.0,38.33090732654051,85,79,0.0
487,79,121,39.5,1.58,2.42,39.5,60.5,158.0,38.33090732654051,85,79,0.0
488,79,121,39.5,1.58,2.42,39.5,60.5,158.0,38.33090732654051,85,79,0.0
489,79,121,39.5,1.58,2.42,39.5,60.5,158.0,38.33090732654051,85,79,0.0
490,79,121,39.5,1.58,2.42,39.5,60.5,158.0,38.33090732654051,85,79,0.0
491,79,121,39.5,1.58,2.42,39.5,60.5,158.0,38.33090732654051,85,79,0.0
492,80,120,40.0,1.6,2.4,40.0,60.0,160.0,38.81610868510432,86,80,2.0
493,80,120,40.0,1.6,2.4,40.0,60.0,160.0,38.81610868510432,86,80,0.0
494,80,120,40.0,1.6,2.4,40.0,60.0,160.0,38.81610868510432,86,80,0.0
495,80,120,40.0,1.6,2.4,40.0,60.0,160.0,38.81610868510432,86,80,0.0
496,80,120,40.0,1.6,2.4,40.0,60.0,160.0,38.81610868510432,86,80,0.0
497,80,120,40.0,1.6,2.4,40.0,60.0,160.0,38.81610868510432,86,80,0.0
498,80,120,40.0,1.6,2.4,40.0,60.0,160.0,38.81610868510432,86,80,0.0
499,80,120,40.0,1.6,2.4,40.0,60.0,160.0,38.81610868510432,86,80,0.0
500,80,120,40.0,1.6,2.4,40.0,60.0,160.0,38.81610868510432,86,80,0.0
501,80,120,40.0,1.6,2.4,40.0,60.0,160.0,38.81610868510432,86,80,0.0
502,80,120,40.0,1.6,2.4,40.0,60.0,160.0,38.81610868510432,87,80,0.0
503,80,120,40.0,1.6,2.4,40.0,60.0,160.0,38.81610868510432,87,80,0.0
504,80,120,40.0,1.6,2.4,40.0,60.0,160.0,38.81610868510432,87,80,0.0
505,80,120,40.0,1.6,2.4,40.0,60.0,160.0,38.81610868510432,87,80,0.0
506,80,120,40.0,1.6,2.4,40.0,60.0,160.0,38.81610868510432,87,80,0.0
507,80,120,40.0,1.6,2.4,40.0,60.0,160.0,38.81610868510432,87,80,0.0
508,80,120,40.0,1.6,2.4,40.0,60.0,160.0,38.81610868510432,87,80,0.0
509,80,120,40.0,1.6,2.4,40.0,60.0,160.0,38.81610868510432,87,80,0.0
510,80,120,40.0,1.6,2.4,40.0,60.0,160.0,38.81610868510432,87,80,0.0
511,80,120,40.0,1.6,2.4,40.0,60.0,160.0,38.81610868510432,87,80,0.0
512,80,120,40.0,1.6,2.4,40.0,60.0,160.0,38.81610868510432,87,80,0.0
513,80,120,40.0,1.6,2.4,40.0,60.0,160.0,38.81610868510432,87,80,0.0
514,80,120,40.0,1.6,2.4,40.0,60.0,160.0,38.81610868510432,87,80,0.0
515,80,120,40.0,1.6,2.4,40.0,60.0,160.0,38.81610868510432,87,80,0.0
516,80,120,40.0,1.6,2.4,40.0,60.0,160.0,38.81610868510432,87,80,0.0
517,80,120,40.0,1.6,2.4,40.0,60.0,160.0,38.81610868510432,88,80,0.0
518,80,120,40.0,1.6,2.4,40.0,60.0,160.0,38.81610868510432,88,80,0.0
519,80,120,40.0,1.6,2.4,40.0,60.0,160.0,38.81610868510432,88,80,0.0
520,80,120,40.0,1.6,2.4,40.0,60.0,160.0,38.81610868510432,88,80,0.0
521,80,120,40.0,1.6,2.4,40.0,60.0,160.0,38.81610868510432,88,80,0.0
522,80,120,40.0,1.6,2.4,40.0,60.0,160.0,38.81610868510432,88,80,0.0
523,80,120,40.0,1.6,2.4,40.0,60.0,160.0,38.81610868510432,88,80,0.0
524,80,120,40.0,1.6,2.4,40.0,60.0,160.0,38.81610868510432,88,80,0.0
525,80,120,40.0,1.6,2.4,40.0,60.0,160.0,38.81610868510432,88,80,0.0
526,80,120,40.0,1.6,2.4,40.0,60.0,160.0,38.81610868510432,88,80,0.0
527,80,120,40.0,1.6,2.4,40.0,60.0,160.0,38.81610868510432,88,80,0.0
528,80,120,40.0,1.6,2.4,40.0,60.0,160.0,38.81610868510432,88,80,0.0
529,80,120,40.0,1.6,2.4,40.0,60.0,160.0,38.81610868510432,88,80,0.0
530,80,120,40.0,1.6,2.4,40.0,60.0,160.0,38.81610868510432,88,80,0.0
531,80,120,40.0,1.6,2.4,40.0,60.0,160.0,38.81610868510432,88,80,0.0
532,80,120,40.0,1.6,2.4,40.0,60.0,160.0,38.81610868510432,88,80,0.0
533,80,120,40.0,1.6,2.4,40.0,60.0,160.0,38.81610868510432,88,80,0.0
534,80,120,40.0,1.6,2.4,40.0,60.0,160.0,38.81610868510432,88,80,0.0
535,80,120,40.0,1.6,2.4,40.0,60.0,160.0,38.81610868510432,88,80,0.0
536,80,120,40.0,1.6,2.4,40.0,60.0,160.0,38.81610868510432,88,80,0.0
537,80,120,40.0,1.6,2.4,40.0,60.0,160.0,38.81610868510432,88,80,0.0
538,80,120,40.0,1.6,2.4,40.0,60.0,160.0,38.81610868510432,88,80,0.0
539,80,120,40.0,1.6,2.4,40.0,60.0,160.0,38.81610868510432,88,80,0.0
540,80,120,40.0,1.6,2.4,40.0,60.0,160.0,38.81610868510432,88,80,0.0
541,81,119,40.5,1.62,2.38,40.5,59.49999999999999,162.0,39.301310043668124,89,81,2.0
542,81,119,40.5,1.62,2.38,40.5,59.49999999999999,162.0,39.301310043668124,89,81,0.0
543,81,119,40.5,1.62,2.38,40.5,59.49999999999999,162.0,39.301310043668124,89,81,0.0
544,81,119,40.5,1.62,2.38,40.5,59.49999999999999,162.0,39.301310043668124,89,81,0.0
545,81,119,40.5,1.62,2.38,40.5,59.49999999999999,162.0,39.301310043668124,89,81,0.0
546,81,119,40.5,1.62,2.38,40.5,59.49999999999999,162.0,39.301310043668124,89,81,0.0
547,81,119,40.5,1.62,2.38,40.5,59.49999999999999,162.0,39.301310043668124,89,81,0.0
548,81,119,40.5,1.62,2.38,40.5,59.49999999999999,162.0,39.301310043668124,89,81,0.0
549,81,119,40.5,1.62,2.38,40.5,59.49999999999999,162.0,39.301310043668124,89,81,0.0
550,81,119,40.5,1.62,2.38,40.5,59.49999999999999,162.0,39.301310043668124,89,81,0.0
551,81,119,40.5,1.62,2.38,40.5,59.49999999999999,162.0,39.301310043668124,89,81,0.0
552,81,119,40.5,1.62,2.38,40.5,59.49999999999999,162.0,39.301310043668124,89,81,0.0
553,81,119,40.5,1.62,2.38,40.5,59.49999999999999,162.0,39.301310043668124,89,81,0.0
554,81,119,40.5,1.62,2.38,40.5,59.49999999999999,162.0,39.301310043668124,89,81,0.0
555,81,119,40.5,1.62,2.38,40.5,59.49999999999999,162.0,39.301310043668124,89,81,0.0
556,81,119,40.5,1.62,2.38,40.5,59.49999999999999,162.0,39.301310043668124,89,81,0.0
557,81,119,40.5,1.62,2.38,40.5,59.49999999999999,162.0,39.301310043668124,89,81,0.0
558,81,119,40.5,1.62,2.38,40.5,59.49999999999999,162.0,39.301310043668124,89,81,0.0
559,81,119,40.5,1.62,2.38,40.5,59.49999999999999,162.0,39.301310043668124,89,81,0.0
560,82,118,41.0,1.6400000000000001,2.36,41.0,58.99999999999999,164.0,39.78651140223193,90,82,2.0
561,82,118,41.0,1.6400000000000001,2.36,41.0,58.99999999999999,164.0,39.78651140223193,90,82,0.0
562,82,118,41.0,1.6400000000000001,2.36,41.0,58.99999999999999,164.0,39.78651140223193,90,82,0.0
563,83,117,41.5,1.6600000000000001,2.34,41.5,58.49999999999999,166.0,40.27171276079573,91,83,2.0
564,83,117,41.5,1.6600000000000001,2.34,41.5,58.49999999999999,166.0,40.27171276079573,91,83,0.0
565,83,117,41.5,1.6600000000000001,2.34,41.5,58.49999999999999,166.0,40.27171276079573,91,83,0.0
566,83,117,41.5,1.6600000000000001,2.34,41.5,58.49999999999999,166.0,40.27171276079573,91,83,0.0
567,83,117,41.5,1.6600000000000001,2.34,41.5,58.49999999999999,166.0,40.27171276079573,91,83,0.0
568,84,116,42.0,1.68,2.3200000000000003,42.0,58.00000000000001,168.0,40.756914119359536,92,84,2.0
569,84,116,42.0,1.68,2.3200000000000003,42.0,58.00000000000001,168.0,40.756914119359536,92,84,0.0
570,84,116,42.0,1.68,2.3200000000000003,42.0,58.00000000000001,168.0,40.756914119359536,92,84,0.0
571,84,116,42.0,1.68,2.3200000000000003,42.0,58.00000000000001,168.0,40.756914119359536,92,84,0.0
572,84,116,42.0,1.68,2.3200000000000003,42.0,58.00000000000001,168.0,40.756914119359536,92,84,0.0
573,84,116,42.0,1.68,2.3200000000000003,42.0,58.00000000000001,168.0,40.756914119359536,92,84,0.0
574,84,116,42.0,1.68,2.3200000000000003,42.0,58.00000000000001,168.0,40.756914119359536,92,84,0.0
575,84,116,42.0,1.68,2.3200000000000003,42.0,58.00000000000001,168.0,40.756914119359536,92,84,0.0
576,84,116,42.0,1.68,2.3200000000000003,42.0,58.00000000000001,168.0,40.756914119359536,92,84,0.0
577,84,116,42.0,1.68,2.3200000000000003,42.0,58.00000000000001,168.0,40.756914119359536,92,84,0.0
578,84,116,42.0,1.68,2.3200000000000003,42.0,58.00000000000001,168.0,40.756914119359536,92,84,0.0
579,84,116,42.0,1.68,2.3200000000000003,42.0,58.00000000000001,168.0,40.756914119359536,92,84,0.0
580,85,115,42.5,1.7,2.3,42.5,57.49999999999999,170.0,41.24211547792334,93,85,2.0
581,85,115,42.5,1.7,2.3,42.5,57.49999999999999,170.0,41.24211547792334,93,85,0.0
582,85,115,42.5,1.7,2.3,42.5,57.49999999999999,170.0,41.24211547792334,93,85,0.0
583,85,115,42.5,1.7,2.3,42.5,57.49999999999999,170.0,41.24211547792334,93,85,0.0
584,86,114,43.0,1.72,2.2800000000000002,43.0,57.00000000000001,172.0,41.72731683648714,94,86,2.0
585,86,114,43.0,1.72,2.2800000000000002,43.0,57.00000000000001,172.0,41.72731683648714,94,86,0.0
586,86,114,43.0,1.72,2.2800000000000002,43.0,57.00000000000001,172.0,41.72731683648714,94,86,0.0
587,86,114,43.0,1.72,2.2800000000000002,43.0,57.00000000000001,172.0,41.72731683648714,94,86,0.0
588,86,114,43.0,1.72,2.2800000000000002,43.0,57.00000000000001,172.0,41.72731683648714,94,86,0.0
589,86,114,43.0,1.72,2.2800000000000002,43.0,57.00000000000001,172.0,41.72731683648714,94,86,0.0
590,86,114,43.0,1.72,2.2800000000000002,43.0,57.00000000000001,172.0,41.72731683648714,94,86,0.0
591,86,114,43.0,1.72,2.2800000000000002,43.0,57.00000000000001,172.0,41.72731683648714,94,86,0.0
592,86,114,43.0,1.72,2.2800000000000002,43.0,57.00000000000001,172.0,41.72731683648714,94,86,0.0
593,86,114,43.0,1.72,2.2800000000000002,43.0,57.00000000000001,172.0,41.72731683648714,94,86,0.0
594,86,114,43.0,1.72,2.2800000000000002,43.0,57.00000000000001,172.0,41.72731683648714,94,86,0.0
595,86,114,43.0,1.72,2.2800000000000002,43.0,57.00000000000001,172.0,41.72731683648714,94,86,0.0
596,86,114,43.0,1.72,2.2800000000000002,43.0,57.00000000000001,172.0,41.72731683648714,94,86,0.0
597,86,114,43.0,1.72,2.2800000000000002,43.0,57.00000000000001,172.0,41.72731683648714,94,86,0.0
598,86,114,43.0,1.72,2.2800000000000002,43.0,57.00000000000001,172.0,41.72731683648714,94,86,0.0
599,86,114,43.0,1.72,2.2800000000000002,43.0,57.00000000000001,172.0,41.72731683648714,94,86,0.0
600,86,114,43.0,1.72,2.2800000000000002,43.0,57.00000000000001,172.0,41.72731683648714,94,86,0.0
601,86,114,43.0,1.72,2.2800000000000002,43.0,57.00000000000001,172.0,41.72731683648714,94,86,0.0
602,86,114,43.0,1.72,2.2800000000000002,43.0,57.00000000000001,172.0,41.72731683648714,95,86,0.0
603,86,114,43.0,1.72,2.2800000000000002,43.0,57.00000000000001,172.0,41.72731683648714,95,86,0.0
604,86,114,43.0,1.72,2.2800000000000002,43.0,57.00000000000001,172.0,41.72731683648714,95,86,0.0
605,86,114,43.0,1.72,2.2800000000000002,43.0,57.00000000000001,172.0,41.72731683648714,95,86,0.0
606,86,114,43.0,1.72,2.2800000000000002,43.0,57.00000000000001,172.0,41.72731683648714,95,86,0.0
607,86,114,43.0,1.72,2.2800000000000002,43.0,57.00000000000001,172.0,41.72731683648714,95,86,0.0
608,86,114,43.0,1.72,2.2800000000000002,43.0,57.00000000000001,172.0,41.72731683648714,95,86,0.0
609,86,114,43.0,1.72,2.2800000000000002,43.0,57.00000000000001,172.0,41.72731683648714,95,86,0.0
610,86,114,43.0,1.72,2.2800000000000002,43.0,57.00000000000001,172.0,41.72731683648714,95,86,0.0
611,86,114,43.0,1.72,2.2800000000000002,43.0,57.00000000000001,172.0,41.72731683648714,95,86,0.0
612,86,114,43.0,1.72,2.2800000000000002,43.0,57.00000000000001,172.0,41.72731683648714,95,86,0.0
613,86,114,43.0,1.72,2.2800000000000002,43.0,57.00000000000001,172.0,41.72731683648714,95,86,0.0
614,86,114,43.0,1.72,2.2800000000000002,43.0,57.00000000000001,172.0,41.72731683648714,97,86,0.0
615,86,114,43.0,1.72,2.2800000000000002,43.0,57.00000000000001,172.0,41.72731683648714,98,86,0.0
616,86,114,43.0,1.72,2.2800000000000002,43.0,57.00000000000001,172.0,41.72731683648714,99,86,0.0
617,87,113,43.5,1.74,2.26,43.5,56.49999999999999,174.0,42.21251819505095,102,87,2.0
618,87,113,43.5,1.74,2.26,43.5,56.49999999999999,174.0,42.21251819505095,103,87,0.0
619,87,113,43.5,1.74,2.26,43.5,56.49999999999999,174.0,42.21251819505095,103,87,0.0
620,87,113,43.5,1.74,2.26,43.5,56.49999999999999,174.0,42.21251819505095,103,87,0.0
621,88,112,44.0,1.76,2.24,44.0,56.00000000000001,176.0,42.697719553614746,105,88,2.0
622,88,112,44.0,1.76,2.24,44.0,56.00000000000001,176.0,42.697719553614746,106,88,0.0
623,88,112,44.0,1.76,2.24,44.0,56.00000000000001,176.0,42.697719553614746,106,88,0.0
624,88,112,44.0,1.76,2.24,44.0,56.00000000000001,176.0,42.697719553614746,106,88,0.0
625,88,112,44.0,1.76,2.24,44.0,56.00000000000001,176.0,42.697719553614746,106,88,0.0
626,90,110,45.0,1.8,2.2,45.0,55.0,180.0,43.66812227074236,108,90,4.0
627,90,110,45.0,1.8,2.2,45.0,55.0,180.0,43.66812227074236,108,90,0.0
628,90,110,45.0,1.8,2.2,45.0,55.0,180.0,43.66812227074236,108,90,0.0
629,90,110,45.0,1.8,2.2,45.0,55.0,180.0,43.66812227074236,108,90,0.0
630,90,110,45.0,1.8,2.2,45.0,55.0,180.0,43.66812227074236,108,90,0.0
631,90,110,45.0,1.8,2.2,45.0,55.0,180.0,43.66812227074236,108,90,0.0
632,90,110,45.0,1.8,2.2,45.0,55.0,180.0,43.66812227074236,109,90,0.0
633,90,110,45.0,1.8,2.2,45.0,55.0,180.0,43.66812227074236,110,90,0.0
634,90,110,45.0,1.8,2.2,45.0,55.0,180.0,43.66812227074236,110,90,0.0
635,90,110,45.0,1.8,2.2,45.0,55.0,180.0,43.66812227074236,110,90,0.0
636,90,110,45.0,1.8,2.2,45.0,55.0,180.0,43.66812227074236,110,90,0.0
637,90,110,45.0,1.8,2.2,45.0,55.0,180.0,43.66812227074236,110,90,0.0
638,90,110,45.0,1.8,2.2,45.0,55.0,180.0,43.66812227074236,110,90,0.0
639,90,110,45.0,1.8,2.2,45.0,55.0,180.0,43.66812227074236,110,90,0.0
640,90,110,45.0,1.8,2.2,45.0,55.0,180.0,43.66812227074236,110,90,0.0
641,90,110,45.0,1.8,2.2,45.0,55.0,180.0,43.66812227074236,110,90,0.0
642,90,110,45.0,1.8,2.2,45.0,55.0,180.0,43.66812227074236,110,90,0.0
643,90,110,45.0,1.8,2.2,45.0,55.0,180.0,43.66812227074236,110,90,0.0
644,90,110,45.0,1.8,2.2,45.0,55.0,180.0,43.66812227074236,110,90,0.0
645,90,110,45.0,1.8,2.2,45.0,55.0,180.0,43.66812227074236,110,90,0.0
646,90,110,45.0,1.8,2.2,45.0,55.0,180.0,43.66812227074236,110,90,0.0
647,90,110,45.0,1.8,2.2,45.0,55.0,180.0,43.66812227074236,110,90,0.0
648,90,110,45.0,1.8,2.2,45.0,55.0,180.0,43.66812227074236,110,90,0.0
649,90,110,45.0,1.8,2.2,45.0,55.0,180.0,43.66812227074236,110,90,0.0
650,90,110,45.0,1.8,2.2,45.0,55.0,180.0,43.66812227074236,110,90,0.0
651,90,110,45.0,1.8,2.2,45.0,55.0,180.0,43.66812227074236,110,90,0.0
652,90,110,45.0,1.8,2.2,45.0,55.0,180.0,43.66812227074236,110,90,0.0
653,90,110,45.0,1.8,2.2,45.0,55.0,180.0,43.66812227074236,110,90,0.0
654,90,110,45.0,1.8,2.2,45.0,55.0,180.0,43.66812227074236,110,90,0.0
655,90,110,45.0,1.8,2.2,45.0,55.0,180.0,43.66812227074236,110,90,0.0
656,90,110,45.0,1.8,2.2,45.0,55.0,180.0,43.66812227074236,110,90,0.0
657,90,110,45.0,1.8,2.2,45.0,55.0,180.0,43.66812227074236,110,90,0.0
658,90,110,45.0,1.8,2.2,45.0,55.0,180.0,43.66812227074236,110,90,0.0
659,91,109,45.5,1.82,2.1799999999999997,45.5,54.49999999999999,182.0,44.153323629306165,111,91,2.0
660,91,109,45.5,1.82,2.1799999999999997,45.5,54.49999999999999,182.0,44.153323629306165,111,91,0.0
661,91,109,45.5,1.82,2.1799999999999997,45.5,54.49999999999999,182.0,44.153323629306165,111,91,0.0
662,91,109,45.5,1.82,2.1799999999999997,45.5,54.49999999999999,182.0,44.153323629306165,112,91,0.0
663,91,109,45.5,1.82,2.1799999999999997,45.5,54.49999999999999,182.0,44.153323629306165,112,91,0.0
664,91,109,45.5,1.82,2.1799999999999997,45.5,54.49999999999999,182.0,44.153323629306165,112,91,0.0
665,91,109,45.5,1.82,2.1799999999999997,45.5,54.49999999999999,182.0,44.153323629306165,112,91,0.0
666,91,109,45.5,1.82,2.1799999999999997,45.5,54.49999999999999,182.0,44.153323629306165,112,91,0.0
667,91,109,45.5,1.82,2.1799999999999997,45.5,54.49999999999999,182.0,44.153323629306165,112,91,0.0
668,91,109,45.5,1.82,2.1799999999999997,45.5,54.49999999999999,182.0,44.153323629306165,112,91,0.0
669,92,108,46.0,1.84,2.16,46.0,54.0,184.0,44.638524987869964,113,92,2.0
670,92,108,46.0,1.84,2.16,46.0,54.0,184.0,44.638524987869964,115,92,0.0
671,92,108,46.0,1.84,2.16,46.0,54.0,184.0,44.638524987869964,116,92,0.0
672,93,107,46.5,1.86,2.1399999999999997,46.5,53.49999999999999,186.0,45.12372634643377,118,93,2.0
673,93,107,46.5,1.86,2.1399999999999997,46.5,53.49999999999999,186.0,45.12372634643377,118,93,0.0
674,93,107,46.5,1.86,2.1399999999999997,46.5,53.49999999999999,186.0,45.12372634643377,118,93,0.0
675,93,107,46.5,1.86,2.1399999999999997,46.5,53.49999999999999,186.0,45.12372634643377,118,93,0.0
676,93,107,46.5,1.86,2.1399999999999997,46.5,53.49999999999999,186.0,45.12372634643377,118,93,0.0
677,93,107,46.5,1.86,2.1399999999999997,46.5,53.49999999999999,186.0,45.12372634643377,118,93,0.0
678,93,107,46.5,1.86,2.1399999999999997,46.5,53.49999999999999,186.0,45.12372634643377,118,93,0.0
679,93,107,46.5,1.86,2.1399999999999997,46.5,53.49999999999999,186.0,45.12372634643377,118,93,0.0
680,93,107,46.5,1.86,2.1399999999999997,46.5,53.49999999999999,186.0,45.12372634643377,118,93,0.0
681,93,107,46.5,1.86,2.1399999999999997,46.5,53.49999999999999,186.0,45.12372634643377,118,93,0.0
682,93,107,46.5,1.86,2.1399999999999997,46.5,53.49999999999999,186.0,45.12372634643377,118,93,0.0
683,93,107,46.5,1.86,2.1399999999999997,46.5,53.49999999999999,186.0,45.12372634643377,119,93,0.0
684,93,107,46.5,1.86,2.1399999999999997,46.5,53.49999999999999,186.0,45.12372634643377,119,93,0.0
685,94,106,47.0,1.8800000000000001,2.12,47.0,53.0,188.0,45.608927704997576,121,94,2.0
686,94,106,47.0,1.8800000000000001,2.12,47.0,53.0,188.0,45.608927704997576,121,94,0.0
687,94,106,47.0,1.8800000000000001,2.12,47.0,53.0,188.0,45.608927704997576,122,94,0.0
688,94,106,47.0,1.8800000000000001,2.12,47.0,53.0,188.0,45.608927704997576,122,94,0.0
689,94,106,47.0,1.8800000000000001,2.12,47.0,53.0,188.0,45.608927704997576,122,94,0.0
690,94,106,47.0,1.8800000000000001,2.12,47.0,53.0,188.0,45.608927704997576,122,94,0.0
691,94,106,47.0,1.8800000000000001,2.12,47.0,53.0,188.0,45.608927704997576,122,94,0.0
692,94,106,47.0,1.8800000000000001,2.12,47.0,53.0,188.0,45.608927704997576,122,94,0.0
693,95,105,47.5,1.9000000000000001,2.0999999999999996,47.5,52.49999999999999,190.0,46.094129063561375,123,95,2.0
694,95,105,47.5,1.9000000000000001,2.0999999999999996,47.5,52.49999999999999,190.0,46.094129063561375,123,95,0.0
695,95,105,47.5,1.9000000000000001,2.0999999999999996,47.5,52.49999999999999,190.0,46.094129063561375,123,95,0.0
696,95,105,47.5,1.9000000000000001,2.0999999999999996,47.5,52.49999999999999,190.0,46.094129063561375,123,95,0.0
697,95,105,47.5,1.9000000000000001,2.0999999999999996,47.5,52.49999999999999,190.0,46.094129063561375,123,95,0.0
698,95,105,47.5,1.9000000000000001,2.0999999999999996,47.5,52.49999999999999,190.0,46.094129063561375,123,95,0.0
699,95,105,47.5,1.9000000000000001,2.0999999999999996,47.5,52.49999999999999,190.0,46.094129063561375,123,95,0.0
700,95,105,47.5,1.9000000000000001,2.0999999999999996,47.5,52.49999999999999,190.0,46.094129063561375,123,95,0.0
701,95,105,47.5,1.9000000000000001,2.0999999999999996,47.5,52.49999999999999,190.0,46.094129063561375,123,95,0.0
702,95,105,47.5,1.9000000000000001,2.0999999999999996,47.5,52.49999999999999,190.0,46.094129063561375,123,95,0.0
703,95,105,47.5,1.9000000000000001,2.0999999999999996,47.5,52.49999999999999,190.0,46.094129063561375,123,95,0.0
704,95,105,47.5,1.9000000000000001,2.0999999999999996,47.5,52.49999999999999,190.0,46.094129063561375,123,95,0.0
705,95,105,47.5,1.9000000000000001,2.0999999999999996,47.5,52.49999999999999,190.0,46.094129063561375,123,95,0.0
706,95,105,47.5,1.9000000000000001,2.0999999999999996,47.5,52.49999999999999,190.0,46.094129063561375,124,95,0.0
707,95,105,47.5,1.9000000000000001,2.0999999999999996,47.5,52.49999999999999,190.0,46.094129063561375,124,95,0.0
708,96,104,48.0,1.92,2.08,48.0,52.0,192.0,46.57933042212518,125,96,2.0
709,96,104,48.0,1.92,2.08,48.0,52.0,192.0,46.57933042212518,125,96,0.0
710,97,103,48.5,1.94,2.06,48.5,51.5,194.0,47.06453178068899,126,97,2.0
711,97,103,48.5,1.94,2.06,48.5,51.5,194.0,47.06453178068899,126,97,0.0
712,97,103,48.5,1.94,2.06,48.5,51.5,194.0,47.06453178068899,126,97,0.0
713,97,103,48.5,1.94,2.06,48.5,51.5,194.0,47.06453178068899,126,97,0.0
714,98,102,49.0,1.96,2.04,49.0,51.0,196.0,47.549733139252794,127,98,2.0
715,98,102,49.0,1.96,2.04,49.0,51.0,196.0,47.549733139252794,127,98,0.0
716,98,102,49.0,1.96,2.04,49.0,51.0,196.0,47.549733139252794,127,98,0.0
717,98,102,49.0,1.96,2.04,49.0,51.0,196.0,47.549733139252794,127,98,0.0
718,98,102,49.0,1.96,2.04,49.0,51.0,196.0,47.549733139252794,127,98,0.0
719,98,102,49.0,1.96,2.04,49.0,51.0,196.0,47.549733139252794,127,98,0.0
720,99,101,49.5,1.98,2.02,49.5,50.5,198.0,48.03493449781659,128,99,2.0
721,99,101,49.5,1.98,2.02,49.5,50.5,198.0,48.03493449781659,128,99,0.0
722,99,101,49.5,1.98,2.02,49.5,50.5,198.0,48.03493449781659,128,99,0.0
723,99,101,49.5,1.98,2.02,49.5,50.5,198.0,48.03493449781659,128,99,0.0
724,99,101,49.5,1.98,2.02,49.5,50.5,198.0,48.03493449781659,128,99,0.0
725,99,101,49.5,1.98,2.02,49.5,50.5,198.0,48.03493449781659,128,99,0.0
726,100,100,50.0,2.0,2.0,50.0,50.0,200.0,48.5201358563804,129,100,2.0
727,100,100,50.0,2.0,2.0,50.0,50.0,200.0,48.5201358563804,129,100,0.0
728,100,100,50.0,2.0,2.0,50.0,50.0,200.0,48.5201358563804,129,100,0.0
729,100,100,50.0,2.0,2.0,50.0,50.0,200.0,48.5201358563804,129,100,0.0
730,100,100,50.0,2.0,2.0,50.0,50.0,200.0,48.5201358563804,129,100,0.0
731,100,100,50.0,2.0,2.0,50.0,50.0,200.0,48.5201358563804,129,100,0.0
732,100,100,50.0,2.0,2.0,50.0,50.0,200.0,48.5201358563804,129,100,0.0
733,100,100,50.0,2.0,2.0,50.0,50.0,200.0,48.5201358563804,129,100,0.0
734,100,100,50.0,2.0,2.0,50.0,50.0,200.0,48.5201358563804,129,100,0.0
735,100,100,50.0,2.0,2.0,50.0,50.0,200.0,48.5201358563804,129,100,0.0
736,100,100,50.0,2.0,2.0,50.0,50.0,200.0,48.5201358563804,129,100,0.0
737,100,100,50.0,2.0,2.0,50.0,50.0,200.0,48.5201358563804,129,100,0.0
738,100,100,50.0,2.0,2.0,50.0,50.0,200.0,48.5201358563804,129,100,0.0
739,100,100,50.0,2.0,2.0,50.0,50.0,200.0,48.5201358563804,129,100,0.0
740,100,100,50.0,2.0,2.0,50.0,50.0,200.0,48.5201358563804,129,100,0.0
741,100,100,50.0,2.0,2.0,50.0,50.0,200.0,48.5201358563804,129,100,0.0
742,100,100,50.0,2.0,2.0,50.0,50.0,200.0,48.5201358563804,129,100,0.0
743,100,100,50.0,2.0,2.0,50.0,50.0,200.0,48.5201358563804,129,100,0.0
744,100,100,50.0,2.0,2.0,50.0,50.0,200.0,48.5201358563804,129,100,0.0
745,100,100,50.0,2.0,2.0,50.0,50.0,200.0,48.5201358563804,129,100,0.0
746,100,100,50.0,2.0,2.0,50.0,50.0,200.0,48.5201358563804,129,100,0.0
747,100,100,50.0,2.0,2.0,50.0,50.0,200.0,48.5201358563804,129,100,0.0
748,100,100,50.0,2.0,2.0,50.0,50.0,200.0,48.5201358563804,129,100,0.0
749,100,100,50.0,2.0,2.0,50.0,50.0,200.0,48.5201358563804,129,100,0.0
750,100,100,50.0,2.0,2.0,50.0,50.0,200.0,48.5201358563804,129,100,0.0
751,100,100,50.0,2.0,2.0,50.0,50.0,200.0,48.5201358563804,129,100,0.0
752,100,100,50.0,2.0,2.0,50.0,50.0,200.0,48.5201358563804,130,100,0.0
753,100,100,50.0,2.0,2.0,50.0,50.0,200.0,48.5201358563804,131,100,0.0
754,100,100,50.0,2.0,2.0,50.0,50.0,200.0,48.5201358563804,131,100,0.0
755,100,100,50.0,2.0,2.0,50.0,50.0,200.0,48.5201358563804,131,100,0.0
756,100,100,50.0,2.0,2.0,50.0,50.0,200.0,48.5201358563804,131,100,0.0
757,100,100,50.0,2.0,2.0,50.0,50.0,200.0,48.5201358563804,131,100,0.0
758,100,100,50.0,2.0,2.0,50.0,50.0,200.0,48.5201358563804,131,100,0.0
759,100,100,50.0,2.0,2.0,50.0,50.0,200.0,48.5201358563804,131,100,0.0
760,100,100,50.0,2.0,2.0,50.0,50.0,200.0,48.5201358563804,131,100,0.0
761,100,100,50.0,2.0,2.0,50.0,50.0,200.0,48.5201358563804,131,100,0.0
762,100,100,50.0,2.0,2.0,50.0,50.0,200.0,48.5201358563804,131,100,0.0
763,100,100,50.0,2.0,2.0,50.0,50.0,200.0,48.5201358563804,131,100,0.0
764,100,100,50.0,2.0,2.0,50.0,50.0,200.0,48.5201358563804,131,100,0.0
765,100,100,50.0,2.0,2.0,50.0,50.0,200.0,48.5201358563804,131,100,0.0
766,100,100,50.0,2.0,2.0,50.0,50.0,200.0,48.5201358563804,131,100,0.0
767,100,100,50.0,2.0,2.0,50.0,50.0,200.0,48.5201358563804,131,100,0.0
768,101,99,50.5,2.02,1.98,50.5,49.5,202.0,49.005337214944205,132,101,2.0
769,101,99,50.5,2.02,1.98,50.5,49.5,202.0,49.005337214944205,132,101,0.0
770,102,98,51.0,2.04,1.96,51.0,49.0,204.0,49.49053857350801,133,102,2.0
771,102,98,51.0,2.04,1.96,51.0,49.0,204.0,49.49053857350801,133,102,0.0
772,103,97,51.5,2.06,1.94,51.5,48.5,206.0,49.97573993207181,134,103,2.0
773,103,97,51.5,2.06,1.94,51.5,48.5,206.0,49.97573993207181,134,103,0.0
774,103,97,51.5,2.06,1.94,51.5,48.5,206.0,49.97573993207181,134,103,0.0
775,103,97,51.5,2.06,1.94,51.5,48.5,206.0,49.97573993207181,134,103,0.0
776,103,97,51.5,2.06,1.94,51.5,48.5,206.0,49.97573993207181,134,103,0.0
777,103,97,51.5,2.06,1.94,51.5,48.5,206.0,49.97573993207181,134,103,0.0
778,103,97,51.5,2.06,1.94,51.5,48.5,206.0,49.97573993207181,134,103,0.0
779,103,97,51.5,2.06,1.94,51.5,48.5,206.0,49.97573993207181,134,103,0.0
780,103,97,51.5,2.06,1.94,51.5,48.5,206.0,49.97573993207181,134,103,0.0
781,103,97,51.5,2.06,1.94,51.5,48.5,206.0,49.97573993207181,134,103,0.0
782,103,97,51.5,2.06,1.94,51.5,48.5,206.0,49.97573993207181,134,103,0.0
783,103,97,51.5,2.06,1.94,51.5,48.5,206.0,49.97573993207181,134,103,0.0
784,103,97,51.5,2.06,1.94,51.5,48.5,206.0,49.97573993207181,134,103,0.0
785,103,97,51.5,2.06,1.94,51.5,48.5,206.0,49.97573993207181,134,103,0.0
786,103,97,51.5,2.06,1.94,51.5,48.5,206.0,49.97573993207181,134,103,0.0
787,103,97,51.5,2.06,1.94,51.5,48.5,206.0,49.97573993207181,134,103,0.0
788,103,97,51.5,2.06,1.94,51.5,48.5,206.0,49.97573993207181,134,103,0.0
789,103,97,51.5,2.06,1.94,51.5,48.5,206.0,49.97573993207181,134,103,0.0
790,103,97,51.5,2.06,1.94,51.5,48.5,206.0,49.97573993207181,134,103,0.0
791,103,97,51.5,2.06,1.94,51.5,48.5,206.0,49.97573993207181,134,103,0.0
792,103,97,51.5,2.06,1.94,51.5,48.5,206.0,49.97573993207181,134,103,0.0
793,104,96,52.0,2.08,1.92,52.0,48.0,208.0,50.46094129063562,135,104,2.0
794,104,96,52.0,2.08,1.92,52.0,48.0,208.0,50.46094129063562,135,104,0.0
795,104,96,52.0,2.08,1.92,52.0,48.0,208.0,50.46094129063562,135,104,0.0
796,104,96,52.0,2.08,1.92,52.0,48.0,208.0,50.46094129063562,135,104,0.0
797,104,96,52.0,2.08,1.92,52.0,48.0,208.0,50.46094129063562,135,104,0.0
798,105,95,52.5,2.1,1.9,52.5,47.5,210.0,50.94614264919942,136,105,2.0
799,105,95,52.5,2.1,1.9,52.5,47.5,210.0,50.94614264919942,136,105,0.0
800,105,95,52.5,2.1,1.9,52.5,47.5,210.0,50.94614264919942,136,105,0.0
801,105,95,52.5,2.1,1.9,52.5,47.5,210.0,50.94614264919942,136,105,0.0
802,105,95,52.5,2.1,1.9,52.5,47.5,210.0,50.94614264919942,136,105,0.0
803,105,95,52.5,2.1,1.9,52.5,47.5,210.0,50.94614264919942,136,105,0.0
804,105,95,52.5,2.1,1.9,52.5,47.5,210.0,50.94614264919942,136,105,0.0
805,105,95,52.5,2.1,1.9,52.5,47.5,210.0,50.94614264919942,136,105,0.0
806,105,95,52.5,2.1,1.9,52.5,47.5,210.0,50.94614264919942,136,105,0.0
807,105,95,52.5,2.1,1.9,52.5,47.5,210.0,50.94614264919942,136,105,0.0
808,105,95,52.5,2.1,1.9,52.5,47.5,210.0,50.94614264919942,136,105,0.0
809,105,95,52.5,2.1,1.9,52.5,47.5,210.0,50.94614264919942,136,105,0.0
810,105,95,52.5,2.1,1.9,52.5,47.5,210.0,50.94614264919942,136,105,0.0
811,105,95,52.5,2.1,1.9,52.5,47.5,210.0,50.94614264919942,136,105,0.0
812,105,95,52.5,2.1,1.9,52.5,47.5,210.0,50.94614264919942,136,105,0.0
813,105,95,52.5,2.1,1.9,52.5,47.5,210.0,50.94614264919942,136,105,0.0
814,105,95,52.5,2.1,1.9,52.5,47.5,210.0,50.94614264919942,136,105,0.0
815,105,95,52.5,2.1,1.9,52.5,47.5,210.0,50.94614264919942,136,105,0.0
816,105,95,52.5,2.1,1.9,52.5,47.5,210.0,50.94614264919942,136,105,0.0
817,105,95,52.5,2.1,1.9,52.5,47.5,210.0,50.94614264919942,136,105,0.0
818,105,95,52.5,2.1,1.9,52.5,47.5,210.0,50.94614264919942,136,105,0.0
819,106,94,53.0,2.12,1.88,53.0,46.99999999999999,212.0,51.43134400776322,137,106,2.0
820,106,94,53.0,2.12,1.88,53.0,46.99999999999999,212.0,51.43134400776322,137,106,0.0
821,106,94,53.0,2.12,1.88,53.0,46.99999999999999,212.0,51.43134400776322,137,106,0.0
822,106,94,53.0,2.12,1.88,53.0,46.99999999999999,212.0,51.43134400776322,137,106,0.0
823,106,94,53.0,2.12,1.88,53.0,46.99999999999999,212.0,51.43134400776322,137,106,0.0
824,106,94,53.0,2.12,1.88,53.0,46.99999999999999,212.0,51.43134400776322,137,106,0.0
825,106,94,53.0,2.12,1.88,53.0,46.99999999999999,212.0,51.43134400776322,137,106,0.0
826,106,94,53.0,2.12,1.88,53.0,46.99999999999999,212.0,51.43134400776322,137,106,0.0
827,106,94,53.0,2.12,1.88,53.0,46.99999999999999,212.0,51.43134400776322,137,106,0.0
828,106,94,53.0,2.12,1.88,53.0,46.99999999999999,212.0,51.43134400776322,137,106,0.0
829,106,94,53.0,2.12,1.88,53.0,46.99999999999999,212.0,51.43134400776322,137,106,0.0
830,106,94,53.0,2.12,1.88,53.0,46.99999999999999,212.0,51.43134400776322,137,106,0.0
831,106,94,53.0,2.12,1.88,53.0,46.99999999999999,212.0,51.43134400776322,137,106,0.0
832,106,94,53.0,2.12,1.88,53.0,46.99999999999999,212.0,51.43134400776322,137,106,0.0
833,106,94,53.0,2.12,1.88,53.0,46.99999999999999,212.0,51.43134400776322,137,106,0.0
834,106,94,53.0,2.12,1.88,53.0,46.99999999999999,212.0,51.43134400776322,137,106,0.0
835,106,94,53.0,2.12,1.88,53.0,46.99999999999999,212.0,51.43134400776322,137,106,0.0
836,106,94,53.0,2.12,1.88,53.0,46.99999999999999,212.0,51.43134400776322,137,106,0.0
837,106,94,53.0,2.12,1.88,53.0,46.99999999999999,212.0,51.43134400776322,137,106,0.0
838,106,94,53.0,2.12,1.88,53.0,46.99999999999999,212.0,51.43134400776322,137,106,0.0
839,107,93,53.5,2.14,1.8599999999999999,53.5,46.49999999999999,214.0,51.91654536632703,138,107,2.0
840,107,93,53.5,2.14,1.8599999999999999,53.5,46.49999999999999,214.0,51.91654536632703,138,107,0.0
841,107,93,53.5,2.14,1.8599999999999999,53.5,46.49999999999999,214.0,51.91654536632703,138,107,0.0
842,107,93,53.5,2.14,1.8599999999999999,53.5,46.49999999999999,214.0,51.91654536632703,138,107,0.0
843,107,93,53.5,2.14,1.8599999999999999,53.5,46.49999999999999,214.0,51.91654536632703,138,107,0.0
844,107,93,53.5,2.14,1.8599999999999999,53.5,46.49999999999999,214.0,51.91654536632703,138,107,0.0
845,107,93,53.5,2.14,1.8599999999999999,53.5,46.49999999999999,214.0,51.91654536632703,138,107,0.0
846,107,93,53.5,2.14,1.8599999999999999,53.5,46.49999999999999,214.0,51.91654536632703,138,107,0.0
847,107,93,53.5,2.14,1.8599999999999999,53.5,46.49999999999999,214.0,51.91654536632703,138,107,0.0
848,107,93,53.5,2.14,1.8599999999999999,53.5,46.49999999999999,214.0,51.91654536632703,138,107,0.0
849,107,93,53.5,2.14,1.8599999999999999,53.5,46.49999999999999,214.0,51.91654536632703,139,107,0.0
850,107,93,53.5,2.14,1.8599999999999999,53.5,46.49999999999999,214.0,51.91654536632703,140,107,0.0
851,107,93,53.5,2.14,1.8599999999999999,53.5,46.49999999999999,214.0,51.91654536632703,140,107,0.0
852,107,93,53.5,2.14,1.8599999999999999,53.5,46.49999999999999,214.0,51.91654536632703,140,107,0.0
853,107,93,53.5,2.14,1.8599999999999999,53.5,46.49999999999999,214.0,51.91654536632703,140,107,0.0
854,107,93,53.5,2.14,1.8599999999999999,53.5,46.49999999999999,214.0,51.91654536632703,140,107,0.0
855,107,93,53.5,2.14,1.8599999999999999,53.5,46.49999999999999,214.0,51.91654536632703,140,107,0.0
856,107,93,53.5,2.14,1.8599999999999999,53.5,46.49999999999999,214.0,51.91654536632703,140,107,0.0
857,107,93,53.5,2.14,1.8599999999999999,53.5,46.49999999999999,214.0,51.91654536632703,140,107,0.0
858,107,93,53.5,2.14,1.8599999999999999,53.5,46.49999999999999,214.0,51.91654536632703,140,107,0.0
859,107,93,53.5,2.14,1.8599999999999999,53.5,46.49999999999999,214.0,51.91654536632703,140,107,0.0
860,107,93,53.5,2.14,1.8599999999999999,53.5,46.49999999999999,214.0,51.91654536632703,140,107,0.0
861,107,93,53.5,2.14,1.8599999999999999,53.5,46.49999999999999,214.0,51.91654536632703,140,107,0.0
862,107,93,53.5,2.14,1.8599999999999999,53.5,46.49999999999999,214.0,51.91654536632703,140,107,0.0
863,107,93,53.5,2.14,1.8599999999999999,53.5,46.49999999999999,214.0,51.91654536632703,140,107,0.0
864,107,93,53.5,2.14,1.8599999999999999,53.5,46.49999999999999,214.0,51.91654536632703,140,107,0.0
865,107,93,53.5,2.14,1.8599999999999999,53.5,46.49999999999999,214.0,51.91654536632703,140,107,0.0
866,107,93,53.5,2.14,1.8599999999999999,53.5,46.49999999999999,214.0,51.91654536632703,140,107,0.0
867,107,93,53.5,2.14,1.8599999999999999,53.5,46.49999999999999,214.0,51.91654536632703,140,107,0.0
868,107,93,53.5,2.14,1.8599999999999999,53.5,46.49999999999999,214.0,51.91654536632703,141,107,0.0
869,108,92,54.0,2.16,1.8399999999999999,54.0,45.99999999999999,216.0,52.40174672489083,142,108,2.0
870,108,92,54.0,2.16,1.8399999999999999,54.0,45.99999999999999,216.0,52.40174672489083,142,108,0.0
871,108,92,54.0,2.16,1.8399999999999999,54.0,45.99999999999999,216.0,52.40174672489083,142,108,0.0
872,108,92,54.0,2.16,1.8399999999999999,54.0,45.99999999999999,216.0,52.40174672489083,142,108,0.0
873,108,92,54.0,2.16,1.8399999999999999,54.0,45.99999999999999,216.0,52.40174672489083,142,108,0.0
874,108,92,54.0,2.16,1.8399999999999999,54.0,45.99999999999999,216.0,52.40174672489083,142,108,0.0
875,108,92,54.0,2.16,1.8399999999999999,54.0,45.99999999999999,216.0,52.40174672489083,142,108,0.0
876,108,92,54.0,2.16,1.8399999999999999,54.0,45.99999999999999,216.0,52.40174672489083,142,108,0.0
877,108,92,54.0,2.16,1.8399999999999999,54.0,45.99999999999999,216.0,52.40174672489083,142,108,0.0
878,108,92,54.0,2.16,1.8399999999999999,54.0,45.99999999999999,216.0,52.40174672489083,142,108,0.0
879,109,91,54.50000000000001,2.18,1.8199999999999998,54.5,45.49999999999999,218.0,52.886948083454634,143,109,2.0
880,109,91,54.50000000000001,2.18,1.8199999999999998,54.5,45.49999999999999,218.0,52.886948083454634,143,109,0.0
881,109,91,54.50000000000001,2.18,1.8199999999999998,54.5,45.49999999999999,218.0,52.886948083454634,143,109,0.0
882,109,91,54.50000000000001,2.18,1.8199999999999998,54.5,45.49999999999999,218.0,52.886948083454634,143,109,0.0
883,109,91,54.50000000000001,2.18,1.8199999999999998,54.5,45.49999999999999,218.0,52.886948083454634,143,109,0.0
884,109,91,54.50000000000001,2.18,1.8199999999999998,54.5,45.49999999999999,218.0,52.886948083454634,143,109,0.0
885,110,90,55.00000000000001,2.2,1.7999999999999998,55.0,44.99999999999999,220.0,53.37214944201843,144,110,2.0
886,110,90,55.00000000000001,2.2,1.7999999999999998,55.0,44.99999999999999,220.0,53.37214944201843,144,110,0.0
887,110,90,55.00000000000001,2.2,1.7999999999999998,55.0,44.99999999999999,220.0,53.37214944201843,144,110,0.0
888,110,90,55.00000000000001,2.2,1.7999999999999998,55.0,44.99999999999999,220.0,53.37214944201843,144,110,0.0
889,110,90,55.00000000000001,2.2,1.7999999999999998,55.0,44.99999999999999,220.0,53.37214944201843,144,110,0.0
890,110,90,55.00000000000001,2.2,1.7999999999999998,55.0,44.99999999999999,220.0,53.37214944201843,144,110,0.0
891,110,90,55.00000000000001,2.2,1.7999999999999998,55.0,44.99999999999999,220.0,53.37214944201843,144,110,0.0
892,110,90,55.00000000000001,2.2,1.7999999999999998,55.0,44.99999999999999,220.0,53.37214944201843,145,110,0.0
893,110,90,55.00000000000001,2.2,1.7999999999999998,55.0,44.99999999999999,220.0,53.37214944201843,145,110,0.0
894,110,90,55.00000000000001,2.2,1.7999999999999998,55.0,44.99999999999999,220.0,53.37214944201843,145,110,0.0
895,110,90,55.00000000000001,2.2,1.7999999999999998,55.0,44.99999999999999,220.0,53.37214944201843,145,110,0.0
896,110,90,55.00000000000001,2.2,1.7999999999999998,55.0,44.99999999999999,220.0,53.37214944201843,145,110,0.0
897,110,90,55.00000000000001,2.2,1.7999999999999998,55.0,44.99999999999999,220.0,53.37214944201843,146,110,0.0
898,110,90,55.00000000000001,2.2,1.7999999999999998,55.0,44.99999999999999,220.0,53.37214944201843,146,110,0.0
899,110,90,55.00000000000001,2.2,1.7999999999999998,55.0,44.99999999999999,220.0,53.37214944201843,146,110,0.0
900,110,90,55.00000000000001,2.2,1.7999999999999998,55.0,44.99999999999999,220.0,53.37214944201843,146,110,0.0
901,110,90,55.00000000000001,2.2,1.7999999999999998,55.0,44.99999999999999,220.0,53.37214944201843,146,110,0.0
902,110,90,55.00000000000001,2.2,1.7999999999999998,55.0,44.99999999999999,220.0,53.37214944201843,146,110,0.0
903,110,90,55.00000000000001,2.2,1.7999999999999998,55.0,44.99999999999999,220.0,53.37214944201843,146,110,0.0
904,110,90,55.00000000000001,2.2,1.7999999999999998,55.0,44.99999999999999,220.0,53.37214944201843,146,110,0.0
905,110,90,55.00000000000001,2.2,1.7999999999999998,55.0,44.99999999999999,220.0,53.37214944201843,146,110,0.0
906,110,90,55.00000000000001,2.2,1.7999999999999998,55.0,44.99999999999999,220.0,53.37214944201843,146,110,0.0
907,110,90,55.00000000000001,2.2,1.7999999999999998,55.0,44.99999999999999,220.0,53.37214944201843,146,110,0.0
908,110,90,55.00000000000001,2.2,1.7999999999999998,55.0,44.99999999999999,220.0,53.37214944201843,146,110,0.0
909,110,90,55.00000000000001,2.2,1.7999999999999998,55.0,44.99999999999999,220.0,53.37214944201843,146,110,0.0
910,110,90,55.00000000000001,2.2,1.7999999999999998,55.0,44.99999999999999,220.0,53.37214944201843,146,110,0.0
911,110,90,55.00000000000001,2.2,1.7999999999999998,55.0,44.99999999999999,220.0,53.37214944201843,147,110,0.0
912,110,90,55.00000000000001,2.2,1.7999999999999998,55.0,44.99999999999999,220.0,53.37214944201843,148,110,0.0
913,110,90,55.00000000000001,2.2,1.7999999999999998,55.0,44.99999999999999,220.0,53.37214944201843,149,110,0.0
914,110,90,55.00000000000001,2.2,1.7999999999999998,55.0,44.99999999999999,220.0,53.37214944201843,149,110,0.0
915,110,90,55.00000000000001,2.2,1.7999999999999998,55.0,44.99999999999999,220.0,53.37214944201843,149,110,0.0
916,110,90,55.00000000000001,2.2,1.7999999999999998,55.0,44.99999999999999,220.0,53.37214944201843,149,110,0.0
917,110,90,55.00000000000001,2.2,1.7999999999999998,55.0,44.99999999999999,220.0,53.37214944201843,149,110,0.0
918,110,90,55.00000000000001,2.2,1.7999999999999998,55.0,44.99999999999999,220.0,53.37214944201843,149,110,0.0
919,110,90,55.00000000000001,2.2,1.7999999999999998,55.0,44.99999999999999,220.0,53.37214944201843,149,110,0.0
920,110,90,55.00000000000001,2.2,1.7999999999999998,55.0,44.99999999999999,220.0,53.37214944201843,149,110,0.0
921,110,90,55.00000000000001,2.2,1.7999999999999998,55.0,44.99999999999999,220.0,53.37214944201843,149,110,0.0
922,110,90,55.00000000000001,2.2,1.7999999999999998,55.0,44.99999999999999,220.0,53.37214944201843,149,110,0.0
923,110,90,55.00000000000001,2.2,1.7999999999999998,55.0,44.99999999999999,220.0,53.37214944201843,149,110,0.0
924,110,90,55.00000000000001,2.2,1.7999999999999998,55.0,44.99999999999999,220.0,53.37214944201843,149,110,0.0
925,110,90,55.00000000000001,2.2,1.7999999999999998,55.0,44.99999999999999,220.0,53.37214944201843,149,110,0.0
926,110,90,55.00000000000001,2.2,1.7999999999999998,55.0,44.99999999999999,220.0,53.37214944201843,149,110,0.0
927,110,90,55.00000000000001,2.2,1.7999999999999998,55.0,44.99999999999999,220.0,53.37214944201843,149,110,0.0
928,110,90,55.00000000000001,2.2,1.7999999999999998,55.0,44.99999999999999,220.0,53.37214944201843,150,110,0.0
929,110,90,55.00000000000001,2.2,1.7999999999999998,55.0,44.99999999999999,220.0,53.37214944201843,150,110,0.0
930,110,90,55.00000000000001,2.2,1.7999999999999998,55.0,44.99999999999999,220.0,53.37214944201843,151,110,0.0
931,110,90,55.00000000000001,2.2,1.7999999999999998,55.0,44.99999999999999,220.0,53.37214944201843,151,110,0.0
932,110,90,55.00000000000001,2.2,1.7999999999999998,55.0,44.99999999999999,220.0,53.37214944201843,152,110,0.0
933,110,90,55.00000000000001,2.2,1.7999999999999998,55.0,44.99999999999999,220.0,53.37214944201843,153,110,0.0
934,110,90,55.00000000000001,2.2,1.7999999999999998,55.0,44.99999999999999,220.0,53.37214944201843,153,110,0.0
935,110,90,55.00000000000001,2.2,1.7999999999999998,55.0,44.99999999999999,220.0,53.37214944201843,154,110,0.0
936,110,90,55.00000000000001,2.2,1.7999999999999998,55.0,44.99999999999999,220.0,53.37214944201843,154,110,0.0
937,110,90,55.00000000000001,2.2,1.7999999999999998,55.0,44.99999999999999,220.0,53.37214944201843,154,110,0.0
938,110,90,55.00000000000001,2.2,1.7999999999999998,55.0,44.99999999999999,220.0,53.37214944201843,154,110,0.0
939,110,90,55.00000000000001,2.2,1.7999999999999998,55.0,44.99999999999999,220.0,53.37214944201843,154,110,0.0
940,110,90,55.00000000000001,2.2,1.7999999999999998,55.0,44.99999999999999,220.0,53.37214944201843,154,110,0.0
941,110,90,55.00000000000001,2.2,1.7999999999999998,55.0,44.99999999999999,220.0,53.37214944201843,154,110,0.0
942,110,90,55.00000000000001,2.2,1.7999999999999998,55.0,44.99999999999999,220.0,53.37214944201843,154,110,0.0
943,110,90,55.00000000000001,2.2,1.7999999999999998,55.0,44.99999999999999,220.0,53.37214944201843,154,110,0.0
944,110,90,55.00000000000001,2.2,1.7999999999999998,55.0,44.99999999999999,220.0,53.37214944201843,154,110,0.0
945,110,90,55.00000000000001,2.2,1.7999999999999998,55.0,44.99999999999999,220.0,53.37214944201843,154,110,0.0
946,110,90,55.00000000000001,2.2,1.7999999999999998,55.0,44.99999999999999,220.0,53.37214944201843,154,110,0.0
947,110,90,55.00000000000001,2.2,1.7999999999999998,55.0,44.99999999999999,220.0,53.37214944201843,154,110,0.0
948,110,90,55.00000000000001,2.2,1.7999999999999998,55.0,44.99999999999999,220.0,53.37214944201843,154,110,0.0
949,110,90,55.00000000000001,2.2,1.7999999999999998,55.0,44.99999999999999,220.0,53.37214944201843,154,110,0.0
950,110,90,55.00000000000001,2.2,1.7999999999999998,55.0,44.99999999999999,220.0,53.37214944201843,154,110,0.0
951,110,90,55.00000000000001,2.2,1.7999999999999998,55.0,44.99999999999999,220.0,53.37214944201843,154,110,0.0
952,110,90,55.00000000000001,2.2,1.7999999999999998,55.0,44.99999999999999,220.0,53.37214944201843,154,110,0.0
953,110,90,55.00000000000001,2.2,1.7999999999999998,55.0,44.99999999999999,220.0,53.37214944201843,154,110,0.0
954,110,90,55.00000000000001,2.2,1.7999999999999998,55.0,44.99999999999999,220.0,53.37214944201843,154,110,0.0
955,110,90,55.00000000000001,2.2,1.7999999999999998,55.0,44.99999999999999,220.0,53.37214944201843,154,110,0.0
956,110,90,55.00000000000001,2.2,1.7999999999999998,55.0,44.99999999999999,220.0,53.37214944201843,154,110,0.0
957,110,90,55.00000000000001,2.2,1.7999999999999998,55.0,44.99999999999999,220.0,53.37214944201843,154,110,0.0
958,110,90,55.00000000000001,2.2,1.7999999999999998,55.0,44.99999999999999,220.0,53.37214944201843,154,110,0.0
959,110,90,55.00000000000001,2.2,1.7999999999999998,55.0,44.99999999999999,220.0,53.37214944201843,154,110,0.0
960,110,90,55.00000000000001,2.2,1.7999999999999998,55.0,44.99999999999999,220.0,53.37214944201843,154,110,0.0
961,110,90,55.00000000000001,2.2,1.7999999999999998,55.0,44.99999999999999,220.0,53.37214944201843,154,110,0.0
962,110,90,55.00000000000001,2.2,1.7999999999999998,55.0,44.99999999999999,220.0,53.37214944201843,154,110,0.0
963,110,90,55.00000000000001,2.2,1.7999999999999998,55.0,44.99999999999999,220.0,53.37214944201843,154,110,0.0
964,110,90,55.00000000000001,2.2,1.7999999999999998,55.0,44.99999999999999,220.0,53.37214944201843,154,110,0.0
965,110,90,55.00000000000001,2.2,1.7999999999999998,55.0,44.99999999999999,220.0,53.37214944201843,154,110,0.0
966,110,90,55.00000000000001,2.2,1.7999999999999998,55.0,44.99999999999999,220.0,53.37214944201843,154,110,0.0
967,110,90,55.00000000000001,2.2,1.7999999999999998,55.0,44.99999999999999,220.0,53.37214944201843,154,110,0.0
968,110,90,55.00000000000001,2.2,1.7999999999999998,55.0,44.99999999999999,220.0,53.37214944201843,154,110,0.0
969,110,90,55.00000000000001,2.2,1.7999999999999998,55.0,44.99999999999999,220.0,53.37214944201843,154,110,0.0
970,110,90,55.00000000000001,2.2,1.7999999999999998,55.0,44.99999999999999,220.0,53.37214944201843,154,110,0.0
971,110,90,55.00000000000001,2.2,1.7999999999999998,55.0,44.99999999999999,220.0,53.37214944201843,154,110,0.0
972,110,90,55.00000000000001,2.2,1.7999999999999998,55.0,44.99999999999999,220.0,53.37214944201843,154,110,0.0
973,110,90,55.00000000000001,2.2,1.7999999999999998,55.0,44.99999999999999,220.0,53.37214944201843,155,110,0.0
974,110,90,55.00000000000001,2.2,1.7999999999999998,55.0,44.99999999999999,220.0,53.37214944201843,155,110,0.0
975,110,90,55.00000000000001,2.2,1.7999999999999998,55.0,44.99999999999999,220.0,53.37214944201843,156,110,0.0
976,110,90,55.00000000000001,2.2,1.7999999999999998,55.0,44.99999999999999,220.0,53.37214944201843,156,110,0.0
977,110,90,55.00000000000001,2.2,1.7999999999999998,55.0,44.99999999999999,220.0,53.37214944201843,156,110,0.0
978,110,90,55.00000000000001,2.2,1.7999999999999998,55.0,44.99999999999999,220.0,53.37214944201843,156,110,0.0
979,110,90,55.00000000000001,2.2,1.7999999999999998,55.0,44.99999999999999,220.0,53.37214944201843,156,110,0.0
980,110,90,55.00000000000001,2.2,1.7999999999999998,55.0,44.99999999999999,220.0,53.37214944201843,156,110,0.0
981,110,90,55.00000000000001,2.2,1.7999999999999998,55.0,44.99999999999999,220.0,53.37214944201843,156,110,0.0
982,110,90,55.00000000000001,2.2,1.7999999999999998,55.0,44.99999999999999,220.0,53.37214944201843,156,110,0.0
983,110,90,55.00000000000001,2.2,1.7999999999999998,55.0,44.99999999999999,220.0,53.37214944201843,156,110,0.0
984,110,90,55.00000000000001,2.2,1.7999999999999998,55.0,44.99999999999999,220.0,53.37214944201843,156,110,0.0
985,110,90,55.00000000000001,2.2,1.7999999999999998,55.0,44.99999999999999,220.0,53.37214944201843,156,110,0.0
986,110,90,55.00000000000001,2.2,1.7999999999999998,55.0,44.99999999999999,220.0,53.37214944201843,156,110,0.0
987,110,90,55.00000000000001,2.2,1.7999999999999998,55.0,44.99999999999999,220.0,53.37214944201843,156,110,0.0
988,110,90,55.00000000000001,2.2,1.7999999999999998,55.0,44.99999999999999,220.0,53.37214944201843,156,110,0.0
989,110,90,55.00000000000001,2.2,1.7999999999999998,55.0,44.99999999999999,220.0,53.37214944201843,156,110,0.0
990,110,90,55.00000000000001,2.2,1.7999999999999998,55.0,44.99999999999999,220.0,53.37214944201843,156,110,0.0
991,110,90,55.00000000000001,2.2,1.7999999999999998,55.0,44.99999999999999,220.0,53.37214944201843,156,110,0.0
992,110,90,55.00000000000001,2.2,1.7999999999999998,55.0,44.99999999999999,220.0,53.37214944201843,156,110,0.0
993,110,90,55.00000000000001,2.2,1.7999999999999998,55.0,44.99999999999999,220.0,53.37214944201843,156,110,0.0
994,110,90,55.00000000000001,2.2,1.7999999999999998,55.0,44.99999999999999,220.0,53.37214944201843,156,110,0.0
995,110,90,55.00000000000001,2.2,1.7999999999999998,55.0,44.99999999999999,220.0,53.37214944201843,156,110,0.0
996,110,90,55.00000000000001,2.2,1.7999999999999998,55.0,44.99999999999999,220.0,53.37214944201843,156,110,0.0
997,110,90,55.00000000000001,2.2,1.7999999999999998,55.0,44.99999999999999,220.0,53.37214944201843,156,110,0.0
998,110,90,55.00000000000001,2.2,1.7999999999999998,55.0,44.99999999999999,220.0,53.37214944201843,156,110,0.0
999,110,90,55.00000000000001,2.2,1.7999999999999998,55.0,44.99999999999999,220.0,53.37214944201843,156,110,0.0
1000,110,90,55.00000000000001,2.2,1.7999999999999998,55.0,44.99999999999999,220.0,53.37214944201843,156,110,0.0
1001,110,90,55.00000000000001,2.2,1.7999999999999998,55.0,44.99999999999999,220.0,53.37214944201843,156,110,0.0
1002,110,90,55.00000000000001,2.2,1.7999999999999998,55.0,44.99999999999999,220.0,53.37214944201843,156,110,0.0
1003,110,90,55.00000000000001,2.2,1.7999999999999998,55.0,44.99999999999999,220.0,53.37214944201843,156,110,0.0
1004,110,90,55.00000000000001,2.2,1.7999999999999998,55.0,44.99999999999999,220.0,53.37214944201843,156,110,0.0
1005,110,90,55.00000000000001,2.2,1.7999999999999998,55.0,44.99999999999999,220.0,53.37214944201843,156,110,0.0
1006,110,90,55.00000000000001,2.2,1.7999999999999998,55.0,44.99999999999999,220.0,53.37214944201843,156,110,0.0
1007,110,90,55.00000000000001,2.2,1.7999999999999998,55.0,44.99999999999999,220.0,53.37214944201843,156,110,0.0
1008,110,90,55.00000000000001,2.2,1.7999999999999998,55.0,44.99999999999999,220.0,53.37214944201843,156,110,0.0
1009,110,90,55.00000000000001,2.2,1.7999999999999998,55.0,44.99999999999999,220.0,53.37214944201843,156,110,0.0
1010,110,90,55.00000000000001,2.2,1.7999999999999998,55.0,44.99999999999999,220.0,53.37214944201843,157,110,0.0
1011,110,90,55.00000000000001,2.2,1.7999999999999998,55.0,44.99999999999999,220.0,53.37214944201843,158,110,0.0
1012,110,90,55.00000000000001,2.2,1.7999999999999998,55.0,44.99999999999999,220.0,53.37214944201843,159,110,0.0
1013,110,90,55.00000000000001,2.2,1.7999999999999998,55.0,44.99999999999999,220.0,53.37214944201843,159,110,0.0
1014,110,90,55.00000000000001,2.2,1.7999999999999998,55.0,44.99999999999999,220.0,53.37214944201843,159,110,0.0
1015,110,90,55.00000000000001,2.2,1.7999999999999998,55.0,44.99999999999999,220.0,53.37214944201843,160,110,0.0
1016,110,90,55.00000000000001,2.2,1.7999999999999998,55.0,44.99999999999999,220.0,53.37214944201843,160,110,0.0
1017,110,90,55.00000000000001,2.2,1.7999999999999998,55.0,44.99999999999999,220.0,53.37214944201843,160,110,0.0
1018,110,90,55.00000000000001,2.2,1.7999999999999998,55.0,44.99999999999999,220.0,53.37214944201843,160,110,0.0
1019,110,90,55.00000000000001,2.2,1.7999999999999998,55.0,44.99999999999999,220.0,53.37214944201843,160,110,0.0
1020,110,90,55.00000000000001,2.2,1.7999999999999998,55.0,44.99999999999999,220.0,53.37214944201843,160,110,0.0
1021,110,90,55.00000000000001,2.2,1.7999999999999998,55.0,44.99999999999999,220.0,53.37214944201843,160,110,0.0
1022,110,90,55.00000000000001,2.2,1.7999999999999998,55.0,44.99999999999999,220.0,53.37214944201843,162,110,0.0
1023,110,90,55.00000000000001,2.2,1.7999999999999998,55.0,44.99999999999999,220.0,53.37214944201843,163,110,0.0
1024,110,90,55.00000000000001,2.2,1.7999999999999998,55.0,44.99999999999999,220.0,53.37214944201843,164,110,0.0
1025,110,90,55.00000000000001,2.2,1.7999999999999998,55.0,44.99999999999999,220.0,53.37214944201843,167,110,0.0
1026,111,89,55.50000000000001,2.22,1.7799999999999998,55.50000000000001,44.49999999999999,222.00000000000003,53.857350800582246,169,111,2.0000000000000284
1027,111,89,55.50000000000001,2.22,1.7799999999999998,55.50000000000001,44.49999999999999,222.00000000000003,53.857350800582246,172,111,0.0
1028,111,89,55.50000000000001,2.22,1.7799999999999998,55.50000000000001,44.49999999999999,222.00000000000003,53.857350800582246,172,111,0.0
1029,111,89,55.50000000000001,2.22,1.7799999999999998,55.50000000000001,44.49999999999999,222.00000000000003,53.857350800582246,172,111,0.0
1030,111,89,55.50000000000001,2.22,1.7799999999999998,55.50000000000001,44.49999999999999,222.00000000000003,53.857350800582246,173,111,0.0
1031,111,89,55.50000000000001,2.22,1.7799999999999998,55.50000000000001,44.49999999999999,222.00000000000003,53.857350800582246,173,111,0.0
1032,111,89,55.50000000000001,2.22,1.7799999999999998,55.50000000000001,44.49999999999999,222.00000000000003,53.857350800582246,173,111,0.0
1033,111,89,55.50000000000001,2.22,1.7799999999999998,55.50000000000001,44.49999999999999,222.00000000000003,53.857350800582246,173,111,0.0
1034,111,89,55.50000000000001,2.22,1.7799999999999998,55.50000000000001,44.49999999999999,222.00000000000003,53.857350800582246,173,111,0.0
1035,111,89,55.50000000000001,2.22,1.7799999999999998,55.50000000000001,44.49999999999999,222.00000000000003,53.857350800582246,174,111,0.0
1036,111,89,55.50000000000001,2.22,1.7799999999999998,55.50000000000001,44.49999999999999,222.00000000000003,53.857350800582246,175,111,0.0
1037,111,89,55.50000000000001,2.22,1.7799999999999998,55.50000000000001,44.49999999999999,222.00000000000003,53.857350800582246,177,111,0.0
1038,111,89,55.50000000000001,2.22,1.7799999999999998,55.50000000000001,44.49999999999999,222.00000000000003,53.857350800582246,178,111,0.0
1039,111,89,55.50000000000001,2.22,1.7799999999999998,55.50000000000001,44.49999999999999,222.00000000000003,53.857350800582246,178,111,0.0
1040,111,89,55.50000000000001,2.22,1.7799999999999998,55.50000000000001,44.49999999999999,222.00000000000003,53.857350800582246,179,111,0.0
1041,111,89,55.50000000000001,2.22,1.7799999999999998,55.50000000000001,44.49999999999999,222.00000000000003,53.857350800582246,180,111,0.0
1042,111,89,55.50000000000001,2.22,1.7799999999999998,55.50000000000001,44.49999999999999,222.00000000000003,53.857350800582246,180,111,0.0
1043,111,89,55.50000000000001,2.22,1.7799999999999998,55.50000000000001,44.49999999999999,222.00000000000003,53.857350800582246,180,111,0.0
1044,111,89,55.50000000000001,2.22,1.7799999999999998,55.50000000000001,44.49999999999999,222.00000000000003,53.857350800582246,180,111,0.0
1045,111,89,55.50000000000001,2.22,1.7799999999999998,55.50000000000001,44.49999999999999,222.00000000000003,53.857350800582246,180,111,0.0
1046,111,89,55.50000000000001,2.22,1.7799999999999998,55.50000000000001,44.49999999999999,222.00000000000003,53.857350800582246,180,111,0.0
1047,111,89,55.50000000000001,2.22,1.7799999999999998,55.50000000000001,44.49999999999999,222.00000000000003,53.857350800582246,180,111,0.0
1048,111,89,55.50000000000001,2.22,1.7799999999999998,55.50000000000001,44.49999999999999,222.00000000000003,53.857350800582246,181,111,0.0
1049,111,89,55.50000000000001,2.22,1.7799999999999998,55.50000000000001,44.49999999999999,222.00000000000003,53.857350800582246,182,111,0.0
1050,111,89,55.50000000000001,2.22,1.7799999999999998,55.50000000000001,44.49999999999999,222.00000000000003,53.857350800582246,182,111,0.0
1051,111,89,55.50000000000001,2.22,1.7799999999999998,55.50000000000001,44.49999999999999,222.00000000000003,53.857350800582246,182,111,0.0
1052,111,89,55.50000000000001,2.22,1.7799999999999998,55.50000000000001,44.49999999999999,222.00000000000003,53.857350800582246,183,111,0.0
1053,111,89,55.50000000000001,2.22,1.7799999999999998,55.50000000000001,44.49999999999999,222.00000000000003,53.857350800582246,183,111,0.0
1054,111,89,55.50000000000001,2.22,1.7799999999999998,55.50000000000001,44.49999999999999,222.00000000000003,53.857350800582246,183,111,0.0
1055,111,89,55.50000000000001,2.22,1.7799999999999998,55.50000000000001,44.49999999999999,222.00000000000003,53.857350800582246,183,111,0.0
1056,111,89,55.50000000000001,2.22,1.7799999999999998,55.50000000000001,44.49999999999999,222.00000000000003,53.857350800582246,183,111,0.0
1057,111,89,55.50000000000001,2.22,1.7799999999999998,55.50000000000001,44.49999999999999,222.00000000000003,53.857350800582246,183,111,0.0
1058,111,89,55.50000000000001,2.22,1.7799999999999998,55.50000000000001,44.49999999999999,222.00000000000003,53.857350800582246,183,111,0.0
1059,111,89,55.50000000000001,2.22,1.7799999999999998,55.50000000000001,44.49999999999999,222.00000000000003,53.857350800582246,183,111,0.0
1060,111,89,55.50000000000001,2.22,1.7799999999999998,55.50000000000001,44.49999999999999,222.00000000000003,53.857350800582246,183,111,0.0
1061,111,89,55.50000000000001,2.22,1.7799999999999998,55.50000000000001,44.49999999999999,222.00000000000003,53.857350800582246,183,111,0.0
1062,111,89,55.50000000000001,2.22,1.7799999999999998,55.50000000000001,44.49999999999999,222.00000000000003,53.857350800582246,183,111,0.0
1063,111,89,55.50000000000001,2.22,1.7799999999999998,55.50000000000001,44.49999999999999,222.00000000000003,53.857350800582246,183,111,0.0
1064,111,89,55.50000000000001,2.22,1.7799999999999998,55.50000000000001,44.49999999999999,222.00000000000003,53.857350800582246,183,111,0.0
1065,111,89,55.50000000000001,2.22,1.7799999999999998,55.50000000000001,44.49999999999999,222.00000000000003,53.857350800582246,183,111,0.0
1066,111,89,55.50000000000001,2.22,1.7799999999999998,55.50000000000001,44.49999999999999,222.00000000000003,53.857350800582246,183,111,0.0
1067,111,89,55.50000000000001,2.22,1.7799999999999998,55.50000000000001,44.49999999999999,222.00000000000003,53.857350800582246,183,111,0.0
1068,111,89,55.50000000000001,2.22,1.7799999999999998,55.50000000000001,44.49999999999999,222.00000000000003,53.857350800582246,183,111,0.0
1069,111,89,55.50000000000001,2.22,1.7799999999999998,55.50000000000001,44.49999999999999,222.00000000000003,53.857350800582246,183,111,0.0
1070,111,89,55.50000000000001,2.22,1.7799999999999998,55.50000000000001,44.49999999999999,222.00000000000003,53.857350800582246,183,111,0.0
1071,111,89,55.50000000000001,2.22,1.7799999999999998,55.50000000000001,44.49999999999999,222.00000000000003,53.857350800582246,183,111,0.0
1072,111,89,55.50000000000001,2.22,1.7799999999999998,55.50000000000001,44.49999999999999,222.00000000000003,53.857350800582246,183,111,0.0
1073,111,89,55.50000000000001,2.22,1.7799999999999998,55.50000000000001,44.49999999999999,222.00000000000003,53.857350800582246,183,111,0.0
1074,111,89,55.50000000000001,2.22,1.7799999999999998,55.50000000000001,44.49999999999999,222.00000000000003,53.857350800582246,183,111,0.0
1075,111,89,55.50000000000001,2.22,1.7799999999999998,55.50000000000001,44.49999999999999,222.00000000000003,53.857350800582246,183,111,0.0
1076,111,89,55.50000000000001,2.22,1.7799999999999998,55.50000000000001,44.49999999999999,222.00000000000003,53.857350800582246,183,111,0.0
1077,111,89,55.50000000000001,2.22,1.7799999999999998,55.50000000000001,44.49999999999999,222.00000000000003,53.857350800582246,183,111,0.0
1078,111,89,55.50000000000001,2.22,1.7799999999999998,55.50000000000001,44.49999999999999,222.00000000000003,53.857350800582246,183,111,0.0
1079,111,89,55.50000000000001,2.22,1.7799999999999998,55.50000000000001,44.49999999999999,222.00000000000003,53.857350800582246,183,111,0.0
1080,111,89,55.50000000000001,2.22,1.7799999999999998,55.50000000000001,44.49999999999999,222.00000000000003,53.857350800582246,183,111,0.0
1081,111,89,55.50000000000001,2.22,1.7799999999999998,55.50000000000001,44.49999999999999,222.00000000000003,53.857350800582246,184,111,0.0
1082,111,89,55.50000000000001,2.22,1.7799999999999998,55.50000000000001,44.49999999999999,222.00000000000003,53.857350800582246,185,111,0.0
1083,111,89,55.50000000000001,2.22,1.7799999999999998,55.50000000000001,44.49999999999999,222.00000000000003,53.857350800582246,186,111,0.0
1084,111,89,55.50000000000001,2.22,1.7799999999999998,55.50000000000001,44.49999999999999,222.00000000000003,53.857350800582246,186,111,0.0
1085,111,89,55.50000000000001,2.22,1.7799999999999998,55.50000000000001,44.49999999999999,222.00000000000003,53.857350800582246,187,111,0.0
1086,111,89,55.50000000000001,2.22,1.7799999999999998,55.50000000000001,44.49999999999999,222.00000000000003,53.857350800582246,187,111,0.0
1087,111,89,55.50000000000001,2.22,1.7799999999999998,55.50000000000001,44.49999999999999,222.00000000000003,53.857350800582246,187,111,0.0
1088,111,89,55.50000000000001,2.22,1.7799999999999998,55.50000000000001,44.49999999999999,222.00000000000003,53.857350800582246,188,111,0.0
1089,111,89,55.50000000000001,2.22,1.7799999999999998,55.50000000000001,44.49999999999999,222.00000000000003,53.857350800582246,188,111,0.0
1090,111,89,55.50000000000001,2.22,1.7799999999999998,55.50000000000001,44.49999999999999,222.00000000000003,53.857350800582246,188,111,0.0
1091,111,89,55.50000000000001,2.22,1.7799999999999998,55.50000000000001,44.49999999999999,222.00000000000003,53.857350800582246,188,111,0.0
1092,111,89,55.50000000000001,2.22,1.7799999999999998,55.50000000000001,44.49999999999999,222.00000000000003,53.857350800582246,189,111,0.0
1093,111,89,55.50000000000001,2.22,1.7799999999999998,55.50000000000001,44.49999999999999,222.00000000000003,53.857350800582246,189,111,0.0
1094,111,89,55.50000000000001,2.22,1.7799999999999998,55.50000000000001,44.49999999999999,222.00000000000003,53.857350800582246,189,111,0.0
1095,111,89,55.50000000000001,2.22,1.7799999999999998,55.50000000000001,44.49999999999999,222.00000000000003,53.857350800582246,189,111,0.0
1096,111,89,55.50000000000001,2.22,1.7799999999999998,55.50000000000001,44.49999999999999,222.00000000000003,53.857350800582246,189,111,0.0
1097,111,89,55.50000000000001,2.22,1.7799999999999998,55.50000000000001,44.49999999999999,222.00000000000003,53.857350800582246,189,111,0.0
1098,111,89,55.50000000000001,2.22,1.7799999999999998,55.50000000000001,44.49999999999999,222.00000000000003,53.857350800582246,189,111,0.0
1099,111,89,55.50000000000001,2.22,1.7799999999999998,55.50000000000001,44.49999999999999,222.00000000000003,53.857350800582246,189,111,0.0
1100,111,89,55.50000000000001,2.22,1.7799999999999998,55.50000000000001,44.49999999999999,222.00000000000003,53.857350800582246,189,111,0.0
1101,111,89,55.50000000000001,2.22,1.7799999999999998,55.50000000000001,44.49999999999999,222.00000000000003,53.857350800582246,189,111,0.0
1102,111,89,55.50000000000001,2.22,1.7799999999999998,55.50000000000001,44.49999999999999,222.00000000000003,53.857350800582246,189,111,0.0
1103,111,89,55.50000000000001,2.22,1.7799999999999998,55.50000000000001,44.49999999999999,222.00000000000003,53.857350800582246,189,111,0.0
1104,111,89,55.50000000000001,2.22,1.7799999999999998,55.50000000000001,44.49999999999999,222.00000000000003,53.857350800582246,189,111,0.0
1105,111,89,55.50000000000001,2.22,1.7799999999999998,55.50000000000001,44.49999999999999,222.00000000000003,53.857350800582246,189,111,0.0
1106,111,89,55.50000000000001,2.22,1.7799999999999998,55.50000000000001,44.49999999999999,222.00000000000003,53.857350800582246,189,111,0.0
1107,111,89,55.50000000000001,2.22,1.7799999999999998,55.50000000000001,44.49999999999999,222.00000000000003,53.857350800582246,189,111,0.0
1108,111,89,55.50000000000001,2.22,1.7799999999999998,55.50000000000001,44.49999999999999,222.00000000000003,53.857350800582246,189,111,0.0
1109,111,89,55.50000000000001,2.22,1.7799999999999998,55.50000000000001,44.49999999999999,222.00000000000003,53.857350800582246,189,111,0.0
1110,111,89,55.50000000000001,2.22,1.7799999999999998,55.50000000000001,44.49999999999999,222.00000000000003,53.857350800582246,189,111,0.0
1111,111,89,55.50000000000001,2.22,1.7799999999999998,55.50000000000001,44.49999999999999,222.00000000000003,53.857350800582246,189,111,0.0
1112,111,89,55.50000000000001,2.22,1.7799999999999998,55.50000000000001,44.49999999999999,222.00000000000003,53.857350800582246,189,111,0.0
1113,111,89,55.50000000000001,2.22,1.7799999999999998,55.50000000000001,44.49999999999999,222.00000000000003,53.857350800582246,189,111,0.0
1114,111,89,55.50000000000001,2.22,1.7799999999999998,55.50000000000001,44.49999999999999,222.00000000000003,53.857350800582246,189,111,0.0
1115,111,89,55.50000000000001,2.22,1.7799999999999998,55.50000000000001,44.49999999999999,222.00000000000003,53.857350800582246,190,111,0.0
1116,111,89,55.50000000000001,2.22,1.7799999999999998,55.50000000000001,44.49999999999999,222.00000000000003,53.857350800582246,190,111,0.0
1117,111,89,55.50000000000001,2.22,1.7799999999999998,55.50000000000001,44.49999999999999,222.00000000000003,53.857350800582246,190,111,0.0
1118,111,89,55.50000000000001,2.22,1.7799999999999998,55.50000000000001,44.49999999999999,222.00000000000003,53.857350800582246,190,111,0.0
1119,111,89,55.50000000000001,2.22,1.7799999999999998,55.50000000000001,44.49999999999999,222.00000000000003,53.857350800582246,191,111,0.0
1120,111,89,55.50000000000001,2.22,1.7799999999999998,55.50000000000001,44.49999999999999,222.00000000000003,53.857350800582246,192,111,0.0
1121,111,89,55.50000000000001,2.22,1.7799999999999998,55.50000000000001,44.49999999999999,222.00000000000003,53.857350800582246,192,111,0.0
1122,111,89,55.50000000000001,2.22,1.7799999999999998,55.50000000000001,44.49999999999999,222.00000000000003,53.857350800582246,192,111,0.0
1123,111,89,55.50000000000001,2.22,1.7799999999999998,55.50000000000001,44.49999999999999,222.00000000000003,53.857350800582246,192,111,0.0
1124,111,89,55.50000000000001,2.22,1.7799999999999998,55.50000000000001,44.49999999999999,222.00000000000003,53.857350800582246,192,111,0.0
1125,111,89,55.50000000000001,2.22,1.7799999999999998,55.50000000000001,44.49999999999999,222.00000000000003,53.857350800582246,193,111,0.0
1126,111,89,55.50000000000001,2.22,1.7799999999999998,55.50000000000001,44.49999999999999,222.00000000000003,53.857350800582246,193,111,0.0
1127,111,89,55.50000000000001,2.22,1.7799999999999998,55.50000000000001,44.49999999999999,222.00000000000003,53.857350800582246,194,111,0.0
1128,111,89,55.50000000000001,2.22,1.7799999999999998,55.50000000000001,44.49999999999999,222.00000000000003,53.857350800582246,194,111,0.0
1129,111,89,55.50000000000001,2.22,1.7799999999999998,55.50000000000001,44.49999999999999,222.00000000000003,53.857350800582246,194,111,0.0
1130,111,89,55.50000000000001,2.22,1.7799999999999998,55.50000000000001,44.49999999999999,222.00000000000003,53.857350800582246,194,111,0.0
1131,111,89,55.50000000000001,2.22,1.7799999999999998,55.50000000000001,44.49999999999999,222.00000000000003,53.857350800582246,194,111,0.0
1132,111,89,55.50000000000001,2.22,1.7799999999999998,55.50000000000001,44.49999999999999,222.00000000000003,53.857350800582246,194,111,0.0
1133,111,89,55.50000000000001,2.22,1.7799999999999998,55.50000000000001,44.49999999999999,222.00000000000003,53.857350800582246,194,111,0.0
1134,111,89,55.50000000000001,2.22,1.7799999999999998,55.50000000000001,44.49999999999999,222.00000000000003,53.857350800582246,194,111,0.0
1135,111,89,55.50000000000001,2.22,1.7799999999999998,55.50000000000001,44.49999999999999,222.00000000000003,53.857350800582246,194,111,0.0
1136,111,89,55.50000000000001,2.22,1.7799999999999998,55.50000000000001,44.49999999999999,222.00000000000003,53.857350800582246,194,111,0.0
1137,111,89,55.50000000000001,2.22,1.7799999999999998,55.50000000000001,44.49999999999999,222.00000000000003,53.857350800582246,194,111,0.0
1138,111,89,55.50000000000001,2.22,1.7799999999999998,55.50000000000001,44.49999999999999,222.00000000000003,53.857350800582246,194,111,0.0
1139,111,89,55.50000000000001,2.22,1.7799999999999998,55.50000000000001,44.49999999999999,222.00000000000003,53.857350800582246,194,111,0.0
1140,111,89,55.50000000000001,2.22,1.7799999999999998,55.50000000000001,44.49999999999999,222.00000000000003,53.857350800582246,194,111,0.0
1141,111,89,55.50000000000001,2.22,1.7799999999999998,55.50000000000001,44.49999999999999,222.00000000000003,53.857350800582246,194,111,0.0
1142,111,89,55.50000000000001,2.22,1.7799999999999998,55.50000000000001,44.49999999999999,222.00000000000003,53.857350800582246,195,111,0.0
1143,111,89,55.50000000000001,2.22,1.7799999999999998,55.50000000000001,44.49999999999999,222.00000000000003,53.857350800582246,196,111,0.0
1144,111,89,55.50000000000001,2.22,1.7799999999999998,55.50000000000001,44.49999999999999,222.00000000000003,53.857350800582246,197,111,0.0
1145,111,89,55.50000000000001,2.22,1.7799999999999998,55.50000000000001,44.49999999999999,222.00000000000003,53.857350800582246,198,111,0.0
1146,111,89,55.50000000000001,2.22,1.7799999999999998,55.50000000000001,44.49999999999999,222.00000000000003,53.857350800582246,199,111,0.0
1147,111,89,55.50000000000001,2.22,1.7799999999999998,55.50000000000001,44.49999999999999,222.00000000000003,53.857350800582246,200,111,0.0
1148,111,89,55.50000000000001,2.22,1.7799999999999998,55.50000000000001,44.49999999999999,222.00000000000003,53.857350800582246,200,111,0.0
1149,111,89,55.50000000000001,2.22,1.7799999999999998,55.50000000000001,44.49999999999999,222.00000000000003,53.857350800582246,201,111,0.0
1150,111,89,55.50000000000001,2.22,1.7799999999999998,55.50000000000001,44.49999999999999,222.00000000000003,53.857350800582246,202,111,0.0
1151,111,89,55.50000000000001,2.22,1.7799999999999998,55.50000000000001,44.49999999999999,222.00000000000003,53.857350800582246,202,111,0.0
1152,111,89,55.50000000000001,2.22,1.7799999999999998,55.50000000000001,44.49999999999999,222.00000000000003,53.857350800582246,203,111,0.0
1153,111,89,55.50000000000001,2.22,1.7799999999999998,55.50000000000001,44.49999999999999,222.00000000000003,53.857350800582246,203,111,0.0
1154,111,89,55.50000000000001,2.22,1.7799999999999998,55.50000000000001,44.49999999999999,222.00000000000003,53.857350800582246,203,111,0.0
1155,112,88,56.00000000000001,2.24,1.7599999999999998,56.00000000000001,43.99999999999999,224.00000000000003,54.34255215914605,204,112,2.0
1156,112,88,56.00000000000001,2.24,1.7599999999999998,56.00000000000001,43.99999999999999,224.00000000000003,54.34255215914605,205,112,0.0
1157,112,88,56.00000000000001,2.24,1.7599999999999998,56.00000000000001,43.99999999999999,224.00000000000003,54.34255215914605,206,112,0.0
1158,112,88,56.00000000000001,2.24,1.7599999999999998,56.00000000000001,43.99999999999999,224.00000000000003,54.34255215914605,207,112,0.0
1159,112,88,56.00000000000001,2.24,1.7599999999999998,56.00000000000001,43.99999999999999,224.00000000000003,54.34255215914605,207,112,0.0
1160,112,88,56.00000000000001,2.24,1.7599999999999998,56.00000000000001,43.99999999999999,224.00000000000003,54.34255215914605,207,112,0.0
1161,112,88,56.00000000000001,2.24,1.7599999999999998,56.00000000000001,43.99999999999999,224.00000000000003,54.34255215914605,207,112,0.0
1162,112,88,56.00000000000001,2.24,1.7599999999999998,56.00000000000001,43.99999999999999,224.00000000000003,54.34255215914605,207,112,0.0
1163,112,88,56.00000000000001,2.24,1.7599999999999998,56.00000000000001,43.99999999999999,224.00000000000003,54.34255215914605,207,112,0.0
1164,112,88,56.00000000000001,2.24,1.7599999999999998,56.00000000000001,43.99999999999999,224.00000000000003,54.34255215914605,208,112,0.0
1165,112,88,56.00000000000001,2.24,1.7599999999999998,56.00000000000001,43.99999999999999,224.00000000000003,54.34255215914605,209,112,0.0
1166,112,88,56.00000000000001,2.24,1.7599999999999998,56.00000000000001,43.99999999999999,224.00000000000003,54.34255215914605,210,112,0.0
1167,112,88,56.00000000000001,2.24,1.7599999999999998,56.00000000000001,43.99999999999999,224.00000000000003,54.34255215914605,210,112,0.0
1168,112,88,56.00000000000001,2.24,1.7599999999999998,56.00000000000001,43.99999999999999,224.00000000000003,54.34255215914605,210,112,0.0
1169,112,88,56.00000000000001,2.24,1.7599999999999998,56.00000000000001,43.99999999999999,224.00000000000003,54.34255215914605,212,112,0.0
1170,112,88,56.00000000000001,2.24,1.7599999999999998,56.00000000000001,43.99999999999999,224.00000000000003,54.34255215914605,213,112,0.0
1171,112,88,56.00000000000001,2.24,1.7599999999999998,56.00000000000001,43.99999999999999,224.00000000000003,54.34255215914605,214,112,0.0
1172,112,88,56.00000000000001,2.24,1.7599999999999998,56.00000000000001,43.99999999999999,224.00000000000003,54.34255215914605,214,112,0.0
1173,112,88,56.00000000000001,2.24,1.7599999999999998,56.00000000000001,43.99999999999999,224.00000000000003,54.34255215914605,214,112,0.0
1174,112,88,56.00000000000001,2.24,1.7599999999999998,56.00000000000001,43.99999999999999,224.00000000000003,54.34255215914605,214,112,0.0
1175,112,88,56.00000000000001,2.24,1.7599999999999998,56.00000000000001,43.99999999999999,224.00000000000003,54.34255215914605,214,112,0.0
1176,112,88,56.00000000000001,2.24,1.7599999999999998,56.00000000000001,43.99999999999999,224.00000000000003,54.34255215914605,214,112,0.0
1177,112,88,56.00000000000001,2.24,1.7599999999999998,56.00000000000001,43.99999999999999,224.00000000000003,54.34255215914605,214,112,0.0
1178,112,88,56.00000000000001,2.24,1.7599999999999998,56.00000000000001,43.99999999999999,224.00000000000003,54.34255215914605,215,112,0.0
1179,112,88,56.00000000000001,2.24,1.7599999999999998,56.00000000000001,43.99999999999999,224.00000000000003,54.34255215914605,216,112,0.0
1180,112,88,56.00000000000001,2.24,1.7599999999999998,56.00000000000001,43.99999999999999,224.00000000000003,54.34255215914605,217,112,0.0
1181,112,88,56.00000000000001,2.24,1.7599999999999998,56.00000000000001,43.99999999999999,224.00000000000003,54.34255215914605,217,112,0.0
1182,112,88,56.00000000000001,2.24,1.7599999999999998,56.00000000000001,43.99999999999999,224.00000000000003,54.34255215914605,217,112,0.0
1183,112,88,56.00000000000001,2.24,1.7599999999999998,56.00000000000001,43.99999999999999,224.00000000000003,54.34255215914605,217,112,0.0
1184,112,88,56.00000000000001,2.24,1.7599999999999998,56.00000000000001,43.99999999999999,224.00000000000003,54.34255215914605,217,112,0.0
1185,112,88,56.00000000000001,2.24,1.7599999999999998,56.00000000000001,43.99999999999999,224.00000000000003,54.34255215914605,217,112,0.0
1186,112,88,56.00000000000001,2.24,1.7599999999999998,56.00000000000001,43.99999999999999,224.00000000000003,54.34255215914605,217,112,0.0
1187,112,88,56.00000000000001,2.24,1.7599999999999998,56.00000000000001,43.99999999999999,224.00000000000003,54.34255215914605,217,112,0.0
1188,112,88,56.00000000000001,2.24,1.7599999999999998,56.00000000000001,43.99999999999999,224.00000000000003,54.34255215914605,217,112,0.0
1189,112,88,56.00000000000001,2.24,1.7599999999999998,56.00000000000001,43.99999999999999,224.00000000000003,54.34255215914605,217,112,0.0
1190,112,88,56.00000000000001,2.24,1.7599999999999998,56.00000000000001,43.99999999999999,224.00000000000003,54.34255215914605,217,112,0.0
1191,112,88,56.00000000000001,2.24,1.7599999999999998,56.00000000000001,43.99999999999999,224.00000000000003,54.34255215914605,217,112,0.0
1192,112,88,56.00000000000001,2.24,1.7599999999999998,56.00000000000001,43.99999999999999,224.00000000000003,54.34255215914605,217,112,0.0
1193,112,88,56.00000000000001,2.24,1.7599999999999998,56.00000000000001,43.99999999999999,224.00000000000003,54.34255215914605,218,112,0.0
1194,112,88,56.00000000000001,2.24,1.7599999999999998,56.00000000000001,43.99999999999999,224.00000000000003,54.34255215914605,219,112,0.0
1195,112,88,56.00000000000001,2.24,1.7599999999999998,56.00000000000001,43.99999999999999,224.00000000000003,54.34255215914605,221,112,0.0
1196,112,88,56.00000000000001,2.24,1.7599999999999998,56.00000000000001,43.99999999999999,224.00000000000003,54.34255215914605,223,112,0.0
1197,112,88,56.00000000000001,2.24,1.7599999999999998,56.00000000000001,43.99999999999999,224.00000000000003,54.34255215914605,223,112,0.0
1198,112,88,56.00000000000001,2.24,1.7599999999999998,56.00000000000001,43.99999999999999,224.00000000000003,54.34255215914605,223,112,0.0
1199,112,88,56.00000000000001,2.24,1.7599999999999998,56.00000000000001,43.99999999999999,224.00000000000003,54.34255215914605,223,112,0.0
1200,112,88,56.00000000000001,2.24,1.7599999999999998,56.00000000000001,43.99999999999999,224.00000000000003,54.34255215914605,223,112,0.0
1201,112,88,56.00000000000001,2.24,1.7599999999999998,56.00000000000001,43.99999999999999,224.00000000000003,54.34255215914605,223,112,0.0
1202,112,88,56.00000000000001,2.24,1.7599999999999998,56.00000000000001,43.99999999999999,224.00000000000003,54.34255215914605,223,112,0.0
1203,112,88,56.00000000000001,2.24,1.7599999999999998,56.00000000000001,43.99999999999999,224.00000000000003,54.34255215914605,223,112,0.0
1204,112,88,56.00000000000001,2.24,1.7599999999999998,56.00000000000001,43.99999999999999,224.00000000000003,54.34255215914605,223,112,0.0
1205,112,88,56.00000000000001,2.24,1.7599999999999998,56.00000000000001,43.99999999999999,224.00000000000003,54.34255215914605,223,112,0.0
1206,113,87,56.49999999999999,2.2600000000000002,1.7399999999999998,56.50000000000001,43.49999999999999,226.00000000000003,54.82775351770985,224,113,2.0
1207,113,87,56.49999999999999,2.2600000000000002,1.7399999999999998,56.50000000000001,43.49999999999999,226.00000000000003,54.82775351770985,225,113,0.0
1208,113,87,56.49999999999999,2.2600000000000002,1.7399999999999998,56.50000000000001,43.49999999999999,226.00000000000003,54.82775351770985,225,113,0.0
1209,113,87,56.49999999999999,2.2600000000000002,1.7399999999999998,56.50000000000001,43.49999999999999,226.00000000000003,54.82775351770985,225,113,0.0
1210,113,87,56.49999999999999,2.2600000000000002,1.7399999999999998,56.50000000000001,43.49999999999999,226.00000000000003,54.82775351770985,226,113,0.0
1211,113,87,56.49999999999999,2.2600000000000002,1.7399999999999998,56.50000000000001,43.49999999999999,226.00000000000003,54.82775351770985,227,113,0.0
1212,113,87,56.49999999999999,2.2600000000000002,1.7399999999999998,56.50000000000001,43.49999999999999,226.00000000000003,54.82775351770985,227,113,0.0
1213,113,87,56.49999999999999,2.2600000000000002,1.7399999999999998,56.50000000000001,43.49999999999999,226.00000000000003,54.82775351770985,227,113,0.0
1214,113,87,56.49999999999999,2.2600000000000002,1.7399999999999998,56.50000000000001,43.49999999999999,226.00000000000003,54.82775351770985,227,113,0.0
1215,113,87,56.49999999999999,2.2600000000000002,1.7399999999999998,56.50000000000001,43.49999999999999,226.00000000000003,54.82775351770985,227,113,0.0
1216,113,87,56.49999999999999,2.2600000000000002,1.7399999999999998,56.50000000000001,43.49999999999999,226.00000000000003,54.82775351770985,227,113,0.0
1217,113,87,56.49999999999999,2.2600000000000002,1.7399999999999998,56.50000000000001,43.49999999999999,226.00000000000003,54.82775351770985,227,113,0.0
1218,113,87,56.49999999999999,2.2600000000000002,1.7399999999999998,56.50000000000001,43.49999999999999,226.00000000000003,54.82775351770985,227,113,0.0
1219,113,87,56.49999999999999,2.2600000000000002,1.7399999999999998,56.50000000000001,43.49999999999999,226.00000000000003,54.82775351770985,228,113,0.0
1220,113,87,56.49999999999999,2.2600000000000002,1.7399999999999998,56.50000000000001,43.49999999999999,226.00000000000003,54.82775351770985,229,113,0.0
1221,113,87,56.49999999999999,2.2600000000000002,1.7399999999999998,56.50000000000001,43.49999999999999,226.00000000000003,54.82775351770985,230,113,0.0
1222,113,87,56.49999999999999,2.2600000000000002,1.7399999999999998,56.50000000000001,43.49999999999999,226.00000000000003,54.82775351770985,230,113,0.0
1223,113,87,56.49999999999999,2.2600000000000002,1.7399999999999998,56.50000000000001,43.49999999999999,226.00000000000003,54.82775351770985,230,113,0.0
1224,113,87,56.49999999999999,2.2600000000000002,1.7399999999999998,56.50000000000001,43.49999999999999,226.00000000000003,54.82775351770985,230,113,0.0
1225,113,87,56.49999999999999,2.2600000000000002,1.7399999999999998,56.50000000000001,43.49999999999999,226.00000000000003,54.82775351770985,230,113,0.0
1226,113,87,56.49999999999999,2.2600000000000002,1.7399999999999998,56.50000000000001,43.49999999999999,226.00000000000003,54.82775351770985,230,113,0.0
1227,113,87,56.49999999999999,2.2600000000000002,1.7399999999999998,56.50000000000001,43.49999999999999,226.00000000000003,54.82775351770985,230,113,0.0
1228,113,87,56.49999999999999,2.2600000000000002,1.7399999999999998,56.50000000000001,43.49999999999999,226.00000000000003,54.82775351770985,230,113,0.0
1229,113,87,56.49999999999999,2.2600000000000002,1.7399999999999998,56.50000000000001,43.49999999999999,226.00000000000003,54.82775351770985,230,113,0.0
1230,114,86,56.99999999999999,2.2800000000000002,1.7199999999999998,57.00000000000001,42.99999999999999,228.00000000000003,55.31295487627366,232,114,2.0
1231,114,86,56.99999999999999,2.2800000000000002,1.7199999999999998,57.00000000000001,42.99999999999999,228.00000000000003,55.31295487627366,232,114,0.0
1232,114,86,56.99999999999999,2.2800000000000002,1.7199999999999998,57.00000000000001,42.99999999999999,228.00000000000003,55.31295487627366,232,114,0.0
1233,114,86,56.99999999999999,2.2800000000000002,1.7199999999999998,57.00000000000001,42.99999999999999,228.00000000000003,55.31295487627366,232,114,0.0
1234,114,86,56.99999999999999,2.2800000000000002,1.7199999999999998,57.00000000000001,42.99999999999999,228.00000000000003,55.31295487627366,232,114,0.0
1235,114,86,56.99999999999999,2.2800000000000002,1.7199999999999998,57.00000000000001,42.99999999999999,228.00000000000003,55.31295487627366,232,114,0.0
1236,114,86,56.99999999999999,2.2800000000000002,1.7199999999999998,57.00000000000001,42.99999999999999,228.00000000000003,55.31295487627366,232,114,0.0
1237,114,86,56.99999999999999,2.2800000000000002,1.7199999999999998,57.00000000000001,42.99999999999999,228.00000000000003,55.31295487627366,232,114,0.0
1238,114,86,56.99999999999999,2.2800000000000002,1.7199999999999998,57.00000000000001,42.99999999999999,228.00000000000003,55.31295487627366,232,114,0.0
1239,114,86,56.99999999999999,2.2800000000000002,1.7199999999999998,57.00000000000001,42.99999999999999,228.00000000000003,55.31295487627366,232,114,0.0
1240,114,86,56.99999999999999,2.2800000000000002,1.7199999999999998,57.00000000000001,42.99999999999999,228.00000000000003,55.31295487627366,232,114,0.0
1241,114,86,56.99999999999999,2.2800000000000002,1.7199999999999998,57.00000000000001,42.99999999999999,228.00000000000003,55.31295487627366,232,114,0.0
1242,114,86,56.99999999999999,2.2800000000000002,1.7199999999999998,57.00000000000001,42.99999999999999,228.00000000000003,55.31295487627366,232,114,0.0
1243,114,86,56.99999999999999,2.2800000000000002,1.7199999999999998,57.00000000000001,42.99999999999999,228.00000000000003,55.31295487627366,232,114,0.0
1244,114,86,56.99999999999999,2.2800000000000002,1.7199999999999998,57.00000000000001,42.99999999999999,228.00000000000003,55.31295487627366,232,114,0.0
1245,114,86,56.99999999999999,2.2800000000000002,1.7199999999999998,57.00000000000001,42.99999999999999,228.00000000000003,55.31295487627366,232,114,0.0
1246,114,86,56.99999999999999,2.2800000000000002,1.7199999999999998,57.00000000000001,42.99999999999999,228.00000000000003,55.31295487627366,232,114,0.0
1247,114,86,56.99999999999999,2.2800000000000002,1.7199999999999998,57.00000000000001,42.99999999999999,228.00000000000003,55.31295487627366,232,114,0.0
1248,114,86,56.99999999999999,2.2800000000000002,1.7199999999999998,57.00000000000001,42.99999999999999,228.00000000000003,55.31295487627366,232,114,0.0
1249,114,86,56.99999999999999,2.2800000000000002,1.7199999999999998,57.00000000000001,42.99999999999999,228.00000000000003,55.31295487627366,232,114,0.0
1250,114,86,56.99999999999999,2.2800000000000002,1.7199999999999998,57.00000000000001,42.99999999999999,228.00000000000003,55.31295487627366,232,114,0.0
1251,114,86,56.99999999999999,2.2800000000000002,1.7199999999999998,57.00000000000001,42.99999999999999,228.00000000000003,55.31295487627366,232,114,0.0
1252,114,86,56.99999999999999,2.2800000000000002,1.7199999999999998,57.00000000000001,42.99999999999999,228.00000000000003,55.31295487627366,232,114,0.0
1253,114,86,56.99999999999999,2.2800000000000002,1.7199999999999998,57.00000000000001,42.99999999999999,228.00000000000003,55.31295487627366,232,114,0.0
1254,114,86,56.99999999999999,2.2800000000000002,1.7199999999999998,57.00000000000001,42.99999999999999,228.00000000000003,55.31295487627366,232,114,0.0
1255,115,85,57.49999999999999,2.3000000000000003,1.6999999999999997,57.50000000000001,42.49999999999999,230.00000000000003,55.79815623483747,233,115,2.0
1256,115,85,57.49999999999999,2.3000000000000003,1.6999999999999997,57.50000000000001,42.49999999999999,230.00000000000003,55.79815623483747,233,115,0.0
1257,115,85,57.49999999999999,2.3000000000000003,1.6999999999999997,57.50000000000001,42.49999999999999,230.00000000000003,55.79815623483747,233,115,0.0
1258,115,85,57.49999999999999,2.3000000000000003,1.6999999999999997,57.50000000000001,42.49999999999999,230.00000000000003,55.79815623483747,233,115,0.0
1259,115,85,57.49999999999999,2.3000000000000003,1.6999999999999997,57.50000000000001,42.49999999999999,230.00000000000003,55.79815623483747,233,115,0.0
1260,115,85,57.49999999999999,2.3000000000000003,1.6999999999999997,57.50000000000001,42.49999999999999,230.00000000000003,55.79815623483747,233,115,0.0
1261,115,85,57.49999999999999,2.3000000000000003,1.6999999999999997,57.50000000000001,42.49999999999999,230.00000000000003,55.79815623483747,233,115,0.0
1262,115,85,57.49999999999999,2.3000000000000003,1.6999999999999997,57.50000000000001,42.49999999999999,230.00000000000003,55.79815623483747,233,115,0.0
1263,115,85,57.49999999999999,2.3000000000000003,1.6999999999999997,57.50000000000001,42.49999999999999,230.00000000000003,55.79815623483747,233,115,0.0
1264,115,85,57.49999999999999,2.3000000000000003,1.6999999999999997,57.50000000000001,42.49999999999999,230.00000000000003,55.79815623483747,233,115,0.0
1265,115,85,57.49999999999999,2.3000000000000003,1.6999999999999997,57.50000000000001,42.49999999999999,230.00000000000003,55.79815623483747,233,115,0.0
1266,116,84,57.99999999999999,2.32,1.6800000000000002,57.99999999999999,42.0,231.99999999999997,56.28335759340125,234,116,1.9999999999999432
1267,116,84,57.99999999999999,2.32,1.6800000000000002,57.99999999999999,42.0,231.99999999999997,56.28335759340125,234,116,0.0
1268,116,84,57.99999999999999,2.32,1.6800000000000002,57.99999999999999,42.0,231.99999999999997,56.28335759340125,234,116,0.0
1269,116,84,57.99999999999999,2.32,1.6800000000000002,57.99999999999999,42.0,231.99999999999997,56.28335759340125,234,116,0.0
1270,116,84,57.99999999999999,2.32,1.6800000000000002,57.99999999999999,42.0,231.99999999999997,56.28335759340125,234,116,0.0
1271,116,84,57.99999999999999,2.32,1.6800000000000002,57.99999999999999,42.0,231.99999999999997,56.28335759340125,234,116,0.0
1272,116,84,57.99999999999999,2.32,1.6800000000000002,57.99999999999999,42.0,231.99999999999997,56.28335759340125,234,116,0.0
1273,116,84,57.99999999999999,2.32,1.6800000000000002,57.99999999999999,42.0,231.99999999999997,56.28335759340125,234,116,0.0
1274,116,84,57.99999999999999,2.32,1.6800000000000002,57.99999999999999,42.0,231.99999999999997,56.28335759340125,234,116,0.0
1275,116,84,57.99999999999999,2.32,1.6800000000000002,57.99999999999999,42.0,231.99999999999997,56.28335759340125,234,116,0.0
1276,116,84,57.99999999999999,2.32,1.6800000000000002,57.99999999999999,42.0,231.99999999999997,56.28335759340125,234,116,0.0
1277,116,84,57.99999999999999,2.32,1.6800000000000002,57.99999999999999,42.0,231.99999999999997,56.28335759340125,234,116,0.0
1278,116,84,57.99999999999999,2.32,1.6800000000000002,57.99999999999999,42.0,231.99999999999997,56.28335759340125,234,116,0.0
1279,116,84,57.99999999999999,2.32,1.6800000000000002,57.99999999999999,42.0,231.99999999999997,56.28335759340125,234,116,0.0
1280,117,83,58.5,2.34,1.6600000000000001,58.49999999999999,41.5,233.99999999999997,56.76855895196506,235,117,2.0
1281,117,83,58.5,2.34,1.6600000000000001,58.49999999999999,41.5,233.99999999999997,56.76855895196506,235,117,0.0
1282,117,83,58.5,2.34,1.6600000000000001,58.49999999999999,41.5,233.99999999999997,56.76855895196506,235,117,0.0
1283,117,83,58.5,2.34,1.6600000000000001,58.49999999999999,41.5,233.99999999999997,56.76855895196506,235,117,0.0
1284,117,83,58.5,2.34,1.6600000000000001,58.49999999999999,41.5,233.99999999999997,56.76855895196506,235,117,0.0
1285,117,83,58.5,2.34,1.6600000000000001,58.49999999999999,41.5,233.99999999999997,56.76855895196506,235,117,0.0
1286,117,83,58.5,2.34,1.6600000000000001,58.49999999999999,41.5,233.99999999999997,56.76855895196506,235,117,0.0
1287,117,83,58.5,2.34,1.6600000000000001,58.49999999999999,41.5,233.99999999999997,56.76855895196506,235,117,0.0
1288,117,83,58.5,2.34,1.6600000000000001,58.49999999999999,41.5,233.99999999999997,56.76855895196506,235,117,0.0
1289,117,83,58.5,2.34,1.6600000000000001,58.49999999999999,41.5,233.99999999999997,56.76855895196506,235,117,0.0
1290,117,83,58.5,2.34,1.6600000000000001,58.49999999999999,41.5,233.99999999999997,56.76855895196506,235,117,0.0
1291,117,83,58.5,2.34,1.6600000000000001,58.49999999999999,41.5,233.99999999999997,56.76855895196506,235,117,0.0
1292,117,83,58.5,2.34,1.6600000000000001,58.49999999999999,41.5,233.99999999999997,56.76855895196506,235,117,0.0
1293,117,83,58.5,2.34,1.6600000000000001,58.49999999999999,41.5,233.99999999999997,56.76855895196506,235,117,0.0
1294,117,83,58.5,2.34,1.6600000000000001,58.49999999999999,41.5,233.99999999999997,56.76855895196506,235,117,0.0
1295,117,83,58.5,2.34,1.6600000000000001,58.49999999999999,41.5,233.99999999999997,56.76855895196506,235,117,0.0
1296,117,83,58.5,2.34,1.6600000000000001,58.49999999999999,41.5,233.99999999999997,56.76855895196506,235,117,0.0
1297,117,83,58.5,2.34,1.6600000000000001,58.49999999999999,41.5,233.99999999999997,56.76855895196506,235,117,0.0
1298,117,83,58.5,2.34,1.6600000000000001,58.49999999999999,41.5,233.99999999999997,56.76855895196506,235,117,0.0
1299,117,83,58.5,2.34,1.6600000000000001,58.49999999999999,41.5,233.99999999999997,56.76855895196506,236,117,0.0
1300,117,83,58.5,2.34,1.6600000000000001,58.49999999999999,41.5,233.99999999999997,56.76855895196506,236,117,0.0
1301,118,82,59.0,2.36,1.6400000000000001,58.99999999999999,41.0,235.99999999999997,57.25376031052887,238,118,2.0
1302,118,82,59.0,2.36,1.6400000000000001,58.99999999999999,41.0,235.99999999999997,57.25376031052887,238,118,0.0
1303,118,82,59.0,2.36,1.6400000000000001,58.99999999999999,41.0,235.99999999999997,57.25376031052887,238,118,0.0
1304,118,82,59.0,2.36,1.6400000000000001,58.99999999999999,41.0,235.99999999999997,57.25376031052887,238,118,0.0
1305,118,82,59.0,2.36,1.6400000000000001,58.99999999999999,41.0,235.99999999999997,57.25376031052887,238,118,0.0
1306,118,82,59.0,2.36,1.6400000000000001,58.99999999999999,41.0,235.99999999999997,57.25376031052887,238,118,0.0
1307,118,82,59.0,2.36,1.6400000000000001,58.99999999999999,41.0,235.99999999999997,57.25376031052887,238,118,0.0
1308,118,82,59.0,2.36,1.6400000000000001,58.99999999999999,41.0,235.99999999999997,57.25376031052887,238,118,0.0
1309,118,82,59.0,2.36,1.6400000000000001,58.99999999999999,41.0,235.99999999999997,57.25376031052887,238,118,0.0
1310,118,82,59.0,2.36,1.6400000000000001,58.99999999999999,41.0,235.99999999999997,57.25376031052887,238,118,0.0
1311,118,82,59.0,2.36,1.6400000000000001,58.99999999999999,41.0,235.99999999999997,57.25376031052887,238,118,0.0
1312,118,82,59.0,2.36,1.6400000000000001,58.99999999999999,41.0,235.99999999999997,57.25376031052887,238,118,0.0
1313,119,81,59.5,2.38,1.62,59.49999999999999,40.5,237.99999999999997,57.73896166909267,239,119,2.0
1314,119,81,59.5,2.38,1.62,59.49999999999999,40.5,237.99999999999997,57.73896166909267,239,119,0.0
1315,119,81,59.5,2.38,1.62,59.49999999999999,40.5,237.99999999999997,57.73896166909267,239,119,0.0
1316,119,81,59.5,2.38,1.62,59.49999999999999,40.5,237.99999999999997,57.73896166909267,239,119,0.0
1317,119,81,59.5,2.38,1.62,59.49999999999999,40.5,237.99999999999997,57.73896166909267,239,119,0.0
1318,119,81,59.5,2.38,1.62,59.49999999999999,40.5,237.99999999999997,57.73896166909267,239,119,0.0
1319,119,81,59.5,2.38,1.62,59.49999999999999,40.5,237.99999999999997,57.73896166909267,239,119,0.0
1320,119,81,59.5,2.38,1.62,59.49999999999999,40.5,237.99999999999997,57.73896166909267,239,119,0.0
1321,119,81,59.5,2.38,1.62,59.49999999999999,40.5,237.99999999999997,57.73896166909267,239,119,0.0
1322,119,81,59.5,2.38,1.62,59.49999999999999,40.5,237.99999999999997,57.73896166909267,239,119,0.0
1323,119,81,59.5,2.38,1.62,59.49999999999999,40.5,237.99999999999997,57.73896166909267,239,119,0.0
1324,119,81,59.5,2.38,1.62,59.49999999999999,40.5,237.99999999999997,57.73896166909267,239,119,0.0
1325,119,81,59.5,2.38,1.62,59.49999999999999,40.5,237.99999999999997,57.73896166909267,239,119,0.0
1326,119,81,59.5,2.38,1.62,59.49999999999999,40.5,237.99999999999997,57.73896166909267,239,119,0.0
1327,119,81,59.5,2.38,1.62,59.49999999999999,40.5,237.99999999999997,57.73896166909267,239,119,0.0
1328,119,81,59.5,2.38,1.62,59.49999999999999,40.5,237.99999999999997,57.73896166909267,239,119,0.0
1329,119,81,59.5,2.38,1.62,59.49999999999999,40.5,237.99999999999997,57.73896166909267,239,119,0.0
1330,119,81,59.5,2.38,1.62,59.49999999999999,40.5,237.99999999999997,57.73896166909267,239,119,0.0
1331,119,81,59.5,2.38,1.62,59.49999999999999,40.5,237.99999999999997,57.73896166909267,239,119,0.0
1332,119,81,59.5,2.38,1.62,59.49999999999999,40.5,237.99999999999997,57.73896166909267,239,119,0.0
1333,119,81,59.5,2.38,1.62,59.49999999999999,40.5,237.99999999999997,57.73896166909267,239,119,0.0
1334,119,81,59.5,2.38,1.62,59.49999999999999,40.5,237.99999999999997,57.73896166909267,239,119,0.0
1335,119,81,59.5,2.38,1.62,59.49999999999999,40.5,237.99999999999997,57.73896166909267,239,119,0.0
1336,119,81,59.5,2.38,1.62,59.49999999999999,40.5,237.99999999999997,57.73896166909267,239,119,0.0
1337,119,81,59.5,2.38,1.62,59.49999999999999,40.5,237.99999999999997,57.73896166909267,239,119,0.0
1338,119,81,59.5,2.38,1.62,59.49999999999999,40.5,237.99999999999997,57.73896166909267,239,119,0.0
1339,119,81,59.5,2.38,1.62,59.49999999999999,40.5,237.99999999999997,57.73896166909267,239,119,0.0
1340,119,81,59.5,2.38,1.62,59.49999999999999,40.5,237.99999999999997,57.73896166909267,239,119,0.0
1341,119,81,59.5,2.38,1.62,59.49999999999999,40.5,237.99999999999997,57.73896166909267,239,119,0.0
1342,119,81,59.5,2.38,1.62,59.49999999999999,40.5,237.99999999999997,57.73896166909267,239,119,0.0
1343,119,81,59.5,2.38,1.62,59.49999999999999,40.5,237.99999999999997,57.73896166909267,239,119,0.0
1344,119,81,59.5,2.38,1.62,59.49999999999999,40.5,237.99999999999997,57.73896166909267,240,119,0.0
1345,119,81,59.5,2.38,1.62,59.49999999999999,40.5,237.99999999999997,57.73896166909267,241,119,0.0
1346,119,81,59.5,2.38,1.62,59.49999999999999,40.5,237.99999999999997,57.73896166909267,242,119,0.0
1347,119,81,59.5,2.38,1.62,59.49999999999999,40.5,237.99999999999997,57.73896166909267,242,119,0.0
1348,119,81,59.5,2.38,1.62,59.49999999999999,40.5,237.99999999999997,57.73896166909267,242,119,0.0
1349,119,81,59.5,2.38,1.62,59.49999999999999,40.5,237.99999999999997,57.73896166909267,242,119,0.0
1350,119,81,59.5,2.38,1.62,59.49999999999999,40.5,237.99999999999997,57.73896166909267,242,119,0.0
1351,119,81,59.5,2.38,1.62,59.49999999999999,40.5,237.99999999999997,57.73896166909267,242,119,0.0
1352,119,81,59.5,2.38,1.62,59.49999999999999,40.5,237.99999999999997,57.73896166909267,242,119,0.0
1353,119,81,59.5,2.38,1.62,59.49999999999999,40.5,237.99999999999997,57.73896166909267,242,119,0.0
1354,119,81,59.5,2.38,1.62,59.49999999999999,40.5,237.99999999999997,57.73896166909267,243,119,0.0
1355,119,81,59.5,2.38,1.62,59.49999999999999,40.5,237.99999999999997,57.73896166909267,243,119,0.0
1356,119,81,59.5,2.38,1.62,59.49999999999999,40.5,237.99999999999997,57.73896166909267,243,119,0.0
1357,119,81,59.5,2.38,1.62,59.49999999999999,40.5,237.99999999999997,57.73896166909267,244,119,0.0
1358,119,81,59.5,2.38,1.62,59.49999999999999,40.5,237.99999999999997,57.73896166909267,244,119,0.0
1359,119,81,59.5,2.38,1.62,59.49999999999999,40.5,237.99999999999997,57.73896166909267,244,119,0.0
1360,119,81,59.5,2.38,1.62,59.49999999999999,40.5,237.99999999999997,57.73896166909267,244,119,0.0
1361,119,81,59.5,2.38,1.62,59.49999999999999,40.5,237.99999999999997,57.73896166909267,244,119,0.0
1362,119,81,59.5,2.38,1.62,59.49999999999999,40.5,237.99999999999997,57.73896166909267,244,119,0.0
1363,119,81,59.5,2.38,1.62,59.49999999999999,40.5,237.99999999999997,57.73896166909267,244,119,0.0
1364,119,81,59.5,2.38,1.62,59.49999999999999,40.5,237.99999999999997,57.73896166909267,244,119,0.0
1365,119,81,59.5,2.38,1.62,59.49999999999999,40.5,237.99999999999997,57.73896166909267,244,119,0.0
1366,119,81,59.5,2.38,1.62,59.49999999999999,40.5,237.99999999999997,57.73896166909267,244,119,0.0
1367,119,81,59.5,2.38,1.62,59.49999999999999,40.5,237.99999999999997,57.73896166909267,244,119,0.0
1368,119,81,59.5,2.38,1.62,59.49999999999999,40.5,237.99999999999997,57.73896166909267,244,119,0.0
1369,119,81,59.5,2.38,1.62,59.49999999999999,40.5,237.99999999999997,57.73896166909267,244,119,0.0
1370,119,81,59.5,2.38,1.62,59.49999999999999,40.5,237.99999999999997,57.73896166909267,244,119,0.0
1371,119,81,59.5,2.38,1.62,59.49999999999999,40.5,237.99999999999997,57.73896166909267,244,119,0.0
1372,119,81,59.5,2.38,1.62,59.49999999999999,40.5,237.99999999999997,57.73896166909267,244,119,0.0
1373,119,81,59.5,2.38,1.62,59.49999999999999,40.5,237.99999999999997,57.73896166909267,244,119,0.0
1374,119,81,59.5,2.38,1.62,59.49999999999999,40.5,237.99999999999997,57.73896166909267,244,119,0.0
1375,119,81,59.5,2.38,1.62,59.49999999999999,40.5,237.99999999999997,57.73896166909267,244,119,0.0
1376,119,81,59.5,2.38,1.62,59.49999999999999,40.5,237.99999999999997,57.73896166909267,244,119,0.0
1377,119,81,59.5,2.38,1.62,59.49999999999999,40.5,237.99999999999997,57.73896166909267,244,119,0.0
1378,119,81,59.5,2.38,1.62,59.49999999999999,40.5,237.99999999999997,57.73896166909267,244,119,0.0
1379,119,81,59.5,2.38,1.62,59.49999999999999,40.5,237.99999999999997,57.73896166909267,244,119,0.0
1380,119,81,59.5,2.38,1.62,59.49999999999999,40.5,237.99999999999997,57.73896166909267,244,119,0.0
1381,119,81,59.5,2.38,1.62,59.49999999999999,40.5,237.99999999999997,57.73896166909267,244,119,0.0
1382,119,81,59.5,2.38,1.62,59.49999999999999,40.5,237.99999999999997,57.73896166909267,245,119,0.0
1383,119,81,59.5,2.38,1.62,59.49999999999999,40.5,237.99999999999997,57.73896166909267,245,119,0.0
1384,119,81,59.5,2.38,1.62,59.49999999999999,40.5,237.99999999999997,57.73896166909267,245,119,0.0
1385,120,80,60.0,2.4,1.6,60.0,40.0,240.0,58.22416302765648,246,120,2.0000000000000284
1386,120,80,60.0,2.4,1.6,60.0,40.0,240.0,58.22416302765648,246,120,0.0
1387,120,80,60.0,2.4,1.6,60.0,40.0,240.0,58.22416302765648,246,120,0.0
1388,120,80,60.0,2.4,1.6,60.0,40.0,240.0,58.22416302765648,246,120,0.0
1389,120,80,60.0,2.4,1.6,60.0,40.0,240.0,58.22416302765648,247,120,0.0
1390,120,80,60.0,2.4,1.6,60.0,40.0,240.0,58.22416302765648,247,120,0.0
1391,120,80,60.0,2.4,1.6,60.0,40.0,240.0,58.22416302765648,248,120,0.0
1392,120,80,60.0,2.4,1.6,60.0,40.0,240.0,58.22416302765648,248,120,0.0
1393,120,80,60.0,2.4,1.6,60.0,40.0,240.0,58.22416302765648,249,120,0.0
1394,120,80,60.0,2.4,1.6,60.0,40.0,240.0,58.22416302765648,249,120,0.0
1395,120,80,60.0,2.4,1.6,60.0,40.0,240.0,58.22416302765648,249,120,0.0
1396,120,80,60.0,2.4,1.6,60.0,40.0,240.0,58.22416302765648,249,120,0.0
1397,120,80,60.0,2.4,1.6,60.0,40.0,240.0,58.22416302765648,249,120,0.0
1398,120,80,60.0,2.4,1.6,60.0,40.0,240.0,58.22416302765648,249,120,0.0
1399,120,80,60.0,2.4,1.6,60.0,40.0,240.0,58.22416302765648,249,120,0.0
1400,120,80,60.0,2.4,1.6,60.0,40.0,240.0,58.22416302765648,249,120,0.0
1401,120,80,60.0,2.4,1.6,60.0,40.0,240.0,58.22416302765648,249,120,0.0
1402,120,80,60.0,2.4,1.6,60.0,40.0,240.0,58.22416302765648,250,120,0.0
1403,120,80,60.0,2.4,1.6,60.0,40.0,240.0,58.22416302765648,250,120,0.0
1404,120,80,60.0,2.4,1.6,60.0,40.0,240.0,58.22416302765648,250,120,0.0
1405,120,80,60.0,2.4,1.6,60.0,40.0,240.0,58.22416302765648,250,120,0.0
1406,120,80,60.0,2.4,1.6,60.0,40.0,240.0,58.22416302765648,250,120,0.0
1407,120,80,60.0,2.4,1.6,60.0,40.0,240.0,58.22416302765648,250,120,0.0
1408,120,80,60.0,2.4,1.6,60.0,40.0,240.0,58.22416302765648,250,120,0.0
1409,120,80,60.0,2.4,1.6,60.0,40.0,240.0,58.22416302765648,250,120,0.0
1410,120,80,60.0,2.4,1.6,60.0,40.0,240.0,58.22416302765648,251,120,0.0
1411,120,80,60.0,2.4,1.6,60.0,40.0,240.0,58.22416302765648,252,120,0.0
1412,120,80,60.0,2.4,1.6,60.0,40.0,240.0,58.22416302765648,252,120,0.0
1413,120,80,60.0,2.4,1.6,60.0,40.0,240.0,58.22416302765648,252,120,0.0
1414,120,80,60.0,2.4,1.6,60.0,40.0,240.0,58.22416302765648,252,120,0.0
1415,120,80,60.0,2.4,1.6,60.0,40.0,240.0,58.22416302765648,252,120,0.0
1416,120,80,60.0,2.4,1.6,60.0,40.0,240.0,58.22416302765648,253,120,0.0
1417,120,80,60.0,2.4,1.6,60.0,40.0,240.0,58.22416302765648,254,120,0.0
1418,121,79,60.5,2.42,1.58,60.5,39.5,242.0,58.70936438622029,255,121,2.0
1419,121,79,60.5,2.42,1.58,60.5,39.5,242.0,58.70936438622029,257,121,0.0
1420,121,79,60.5,2.42,1.58,60.5,39.5,242.0,58.70936438622029,257,121,0.0
1421,121,79,60.5,2.42,1.58,60.5,39.5,242.0,58.70936438622029,257,121,0.0
1422,121,79,60.5,2.42,1.58,60.5,39.5,242.0,58.70936438622029,257,121,0.0
1423,121,79,60.5,2.42,1.58,60.5,39.5,242.0,58.70936438622029,257,121,0.0
1424,121,79,60.5,2.42,1.58,60.5,39.5,242.0,58.70936438622029,257,121,0.0
1425,121,79,60.5,2.42,1.58,60.5,39.5,242.0,58.70936438622029,257,121,0.0
1426,121,79,60.5,2.42,1.58,60.5,39.5,242.0,58.70936438622029,257,121,0.0
1427,121,79,60.5,2.42,1.58,60.5,39.5,242.0,58.70936438622029,257,121,0.0
1428,121,79,60.5,2.42,1.58,60.5,39.5,242.0,58.70936438622029,257,121,0.0
1429,121,79,60.5,2.42,1.58,60.5,39.5,242.0,58.70936438622029,257,121,0.0
1430,121,79,60.5,2.42,1.58,60.5,39.5,242.0,58.70936438622029,257,121,0.0
1431,121,79,60.5,2.42,1.58,60.5,39.5,242.0,58.70936438622029,257,121,0.0
1432,121,79,60.5,2.42,1.58,60.5,39.5,242.0,58.70936438622029,257,121,0.0
1433,121,79,60.5,2.42,1.58,60.5,39.5,242.0,58.70936438622029,257,121,0.0
1434,121,79,60.5,2.42,1.58,60.5,39.5,242.0,58.70936438622029,257,121,0.0
1435,121,79,60.5,2.42,1.58,60.5,39.5,242.0,58.70936438622029,257,121,0.0
1436,121,79,60.5,2.42,1.58,60.5,39.5,242.0,58.70936438622029,257,121,0.0
1437,121,79,60.5,2.42,1.58,60.5,39.5,242.0,58.70936438622029,257,121,0.0
1438,121,79,60.5,2.42,1.58,60.5,39.5,242.0,58.70936438622029,258,121,0.0
1439,121,79,60.5,2.42,1.58,60.5,39.5,242.0,58.70936438622029,259,121,0.0
1440,121,79,60.5,2.42,1.58,60.5,39.5,242.0,58.70936438622029,259,121,0.0
1441,121,79,60.5,2.42,1.58,60.5,39.5,242.0,58.70936438622029,259,121,0.0
1442,121,79,60.5,2.42,1.58,60.5,39.5,242.0,58.70936438622029,259,121,0.0
1443,121,79,60.5,2.42,1.58,60.5,39.5,242.0,58.70936438622029,259,121,0.0
1444,121,79,60.5,2.42,1.58,60.5,39.5,242.0,58.70936438622029,259,121,0.0
1445,121,79,60.5,2.42,1.58,60.5,39.5,242.0,58.70936438622029,259,121,0.0
1446,121,79,60.5,2.42,1.58,60.5,39.5,242.0,58.70936438622029,259,121,0.0
1447,121,79,60.5,2.42,1.58,60.5,39.5,242.0,58.70936438622029,259,121,0.0
1448,121,79,60.5,2.42,1.58,60.5,39.5,242.0,58.70936438622029,259,121,0.0
1449,121,79,60.5,2.42,1.58,60.5,39.5,242.0,58.70936438622029,259,121,0.0
1450,121,79,60.5,2.42,1.58,60.5,39.5,242.0,58.70936438622029,259,121,0.0
1451,121,79,60.5,2.42,1.58,60.5,39.5,242.0,58.70936438622029,259,121,0.0
1452,121,79,60.5,2.42,1.58,60.5,39.5,242.0,58.70936438622029,259,121,0.0
1453,121,79,60.5,2.42,1.58,60.5,39.5,242.0,58.70936438622029,259,121,0.0
1454,121,79,60.5,2.42,1.58,60.5,39.5,242.0,58.70936438622029,259,121,0.0
1455,121,79,60.5,2.42,1.58,60.5,39.5,242.0,58.70936438622029,259,121,0.0
1456,121,79,60.5,2.42,1.58,60.5,39.5,242.0,58.70936438622029,259,121,0.0
1457,121,79,60.5,2.42,1.58,60.5,39.5,242.0,58.70936438622029,259,121,0.0
1458,121,79,60.5,2.42,1.58,60.5,39.5,242.0,58.70936438622029,259,121,0.0
1459,121,79,60.5,2.42,1.58,60.5,39.5,242.0,58.70936438622029,259,121,0.0
1460,121,79,60.5,2.42,1.58,60.5,39.5,242.0,58.70936438622029,259,121,0.0
1461,121,79,60.5,2.42,1.58,60.5,39.5,242.0,58.70936438622029,259,121,0.0
1462,121,79,60.5,2.42,1.58,60.5,39.5,242.0,58.70936438622029,259,121,0.0
1463,121,79,60.5,2.42,1.58,60.5,39.5,242.0,58.70936438622029,259,121,0.0
1464,121,79,60.5,2.42,1.58,60.5,39.5,242.0,58.70936438622029,259,121,0.0
1465,121,79,60.5,2.42,1.58,60.5,39.5,242.0,58.70936438622029,260,121,0.0
1466,121,79,60.5,2.42,1.58,60.5,39.5,242.0,58.70936438622029,260,121,0.0
1467,121,79,60.5,2.42,1.58,60.5,39.5,242.0,58.70936438622029,260,121,0.0
1468,121,79,60.5,2.42,1.58,60.5,39.5,242.0,58.70936438622029,260,121,0.0
1469,121,79,60.5,2.42,1.58,60.5,39.5,242.0,58.70936438622029,260,121,0.0
1470,121,79,60.5,2.42,1.58,60.5,39.5,242.0,58.70936438622029,260,121,0.0
1471,121,79,60.5,2.42,1.58,60.5,39.5,242.0,58.70936438622029,260,121,0.0
1472,121,79,60.5,2.42,1.58,60.5,39.5,242.0,58.70936438622029,260,121,0.0
1473,121,79,60.5,2.42,1.58,60.5,39.5,242.0,58.70936438622029,260,121,0.0
1474,121,79,60.5,2.42,1.58,60.5,39.5,242.0,58.70936438622029,260,121,0.0
1475,121,79,60.5,2.42,1.58,60.5,39.5,242.0,58.70936438622029,260,121,0.0
1476,121,79,60.5,2.42,1.58,60.5,39.5,242.0,58.70936438622029,260,121,0.0
1477,121,79,60.5,2.42,1.58,60.5,39.5,242.0,58.70936438622029,260,121,0.0
1478,121,79,60.5,2.42,1.58,60.5,39.5,242.0,58.70936438622029,260,121,0.0
1479,121,79,60.5,2.42,1.58,60.5,39.5,242.0,58.70936438622029,260,121,0.0
1480,121,79,60.5,2.42,1.58,60.5,39.5,242.0,58.70936438622029,260,121,0.0
1481,121,79,60.5,2.42,1.58,60.5,39.5,242.0,58.70936438622029,260,121,0.0
1482,121,79,60.5,2.42,1.58,60.5,39.5,242.0,58.70936438622029,260,121,0.0
1483,121,79,60.5,2.42,1.58,60.5,39.5,242.0,58.70936438622029,260,121,0.0
1484,121,79,60.5,2.42,1.58,60.5,39.5,242.0,58.70936438622029,260,121,0.0
1485,121,79,60.5,2.42,1.58,60.5,39.5,242.0,58.70936438622029,260,121,0.0
1486,121,79,60.5,2.42,1.58,60.5,39.5,242.0,58.70936438622029,260,121,0.0
1487,121,79,60.5,2.42,1.58,60.5,39.5,242.0,58.70936438622029,260,121,0.0
1488,121,79,60.5,2.42,1.58,60.5,39.5,242.0,58.70936438622029,260,121,0.0
1489,121,79,60.5,2.42,1.58,60.5,39.5,242.0,58.70936438622029,260,121,0.0
1490,121,79,60.5,2.42,1.58,60.5,39.5,242.0,58.70936438622029,260,121,0.0
1491,121,79,60.5,2.42,1.58,60.5,39.5,242.0,58.70936438622029,260,121,0.0
1492,121,79,60.5,2.42,1.58,60.5,39.5,242.0,58.70936438622029,260,121,0.0
1493,121,79,60.5,2.42,1.58,60.5,39.5,242.0,58.70936438622029,260,121,0.0
1494,121,79,60.5,2.42,1.58,60.5,39.5,242.0,58.70936438622029,260,121,0.0
1495,121,79,60.5,2.42,1.58,60.5,39.5,242.0,58.70936438622029,260,121,0.0
1496,121,79,60.5,2.42,1.58,60.5,39.5,242.0,58.70936438622029,260,121,0.0
1497,121,79,60.5,2.42,1.58,60.5,39.5,242.0,58.70936438622029,260,121,0.0
1498,121,79,60.5,2.42,1.58,60.5,39.5,242.0,58.70936438622029,260,121,0.0
1499,121,79,60.5,2.42,1.58,60.5,39.5,242.0,58.70936438622029,260,121,0.0
1500,121,79,60.5,2.42,1.58,60.5,39.5,242.0,58.70936438622029,260,121,0.0
1501,121,79,60.5,2.42,1.58,60.5,39.5,242.0,58.70936438622029,260,121,0.0
1502,121,79,60.5,2.42,1.58,60.5,39.5,242.0,58.70936438622029,260,121,0.0
1503,121,79,60.5,2.42,1.58,60.5,39.5,242.0,58.70936438622029,260,121,0.0
1504,121,79,60.5,2.42,1.58,60.5,39.5,242.0,58.70936438622029,260,121,0.0
1505,121,79,60.5,2.42,1.58,60.5,39.5,242.0,58.70936438622029,261,121,0.0
1506,121,79,60.5,2.42,1.58,60.5,39.5,242.0,58.70936438622029,261,121,0.0
1507,121,79,60.5,2.42,1.58,60.5,39.5,242.0,58.70936438622029,262,121,0.0
1508,122,78,61.0,2.44,1.56,61.0,39.0,244.0,59.194565744784086,263,122,2.0
1509,122,78,61.0,2.44,1.56,61.0,39.0,244.0,59.194565744784086,263,122,0.0
1510,122,78,61.0,2.44,1.56,61.0,39.0,244.0,59.194565744784086,263,122,0.0
1511,122,78,61.0,2.44,1.56,61.0,39.0,244.0,59.194565744784086,263,122,0.0
1512,122,78,61.0,2.44,1.56,61.0,39.0,244.0,59.194565744784086,263,122,0.0
1513,122,78,61.0,2.44,1.56,61.0,39.0,244.0,59.194565744784086,263,122,0.0
1514,122,78,61.0,2.44,1.56,61.0,39.0,244.0,59.194565744784086,263,122,0.0
1515,122,78,61.0,2.44,1.56,61.0,39.0,244.0,59.194565744784086,263,122,0.0
1516,122,78,61.0,2.44,1.56,61.0,39.0,244.0,59.194565744784086,263,122,0.0
1517,122,78,61.0,2.44,1.56,61.0,39.0,244.0,59.194565744784086,263,122,0.0
1518,122,78,61.0,2.44,1.56,61.0,39.0,244.0,59.194565744784086,263,122,0.0
1519,122,78,61.0,2.44,1.56,61.0,39.0,244.0,59.194565744784086,263,122,0.0
1520,122,78,61.0,2.44,1.56,61.0,39.0,244.0,59.194565744784086,263,122,0.0
1521,122,78,61.0,2.44,1.56,61.0,39.0,244.0,59.194565744784086,263,122,0.0
1522,122,78,61.0,2.44,1.56,61.0,39.0,244.0,59.194565744784086,263,122,0.0
1523,122,78,61.0,2.44,1.56,61.0,39.0,244.0,59.194565744784086,263,122,0.0
1524,122,78,61.0,2.44,1.56,61.0,39.0,244.0,59.194565744784086,263,122,0.0
1525,122,78,61.0,2.44,1.56,61.0,39.0,244.0,59.194565744784086,263,122,0.0
1526,123,77,61.5,2.46,1.54,61.5,38.5,246.0,59.67976710334789,264,123,2.0
1527,123,77,61.5,2.46,1.54,61.5,38.5,246.0,59.67976710334789,264,123,0.0
1528,123,77,61.5,2.46,1.54,61.5,38.5,246.0,59.67976710334789,265,123,0.0
1529,123,77,61.5,2.46,1.54,61.5,38.5,246.0,59.67976710334789,266,123,0.0
1530,123,77,61.5,2.46,1.54,61.5,38.5,246.0,59.67976710334789,266,123,0.0
1531,123,77,61.5,2.46,1.54,61.5,38.5,246.0,59.67976710334789,267,123,0.0
1532,123,77,61.5,2.46,1.54,61.5,38.5,246.0,59.67976710334789,267,123,0.0
1533,123,77,61.5,2.46,1.54,61.5,38.5,246.0,59.67976710334789,267,123,0.0
1534,123,77,61.5,2.46,1.54,61.5,38.5,246.0,59.67976710334789,267,123,0.0
1535,123,77,61.5,2.46,1.54,61.5,38.5,246.0,59.67976710334789,267,123,0.0
1536,123,77,61.5,2.46,1.54,61.5,38.5,246.0,59.67976710334789,267,123,0.0
1537,123,77,61.5,2.46,1.54,61.5,38.5,246.0,59.67976710334789,267,123,0.0
1538,123,77,61.5,2.46,1.54,61.5,38.5,246.0,59.67976710334789,267,123,0.0
1539,123,77,61.5,2.46,1.54,61.5,38.5,246.0,59.67976710334789,267,123,0.0
1540,123,77,61.5,2.46,1.54,61.5,38.5,246.0,59.67976710334789,267,123,0.0
1541,123,77,61.5,2.46,1.54,61.5,38.5,246.0,59.67976710334789,267,123,0.0
1542,123,77,61.5,2.46,1.54,61.5,38.5,246.0,59.67976710334789,267,123,0.0
1543,123,77,61.5,2.46,1.54,61.5,38.5,246.0,59.67976710334789,268,123,0.0
1544,123,77,61.5,2.46,1.54,61.5,38.5,246.0,59.67976710334789,268,123,0.0
1545,123,77,61.5,2.46,1.54,61.5,38.5,246.0,59.67976710334789,268,123,0.0
1546,123,77,61.5,2.46,1.54,61.5,38.5,246.0,59.67976710334789,268,123,0.0
1547,123,77,61.5,2.46,1.54,61.5,38.5,246.0,59.67976710334789,268,123,0.0
1548,123,77,61.5,2.46,1.54,61.5,38.5,246.0,59.67976710334789,268,123,0.0
1549,123,77,61.5,2.46,1.54,61.5,38.5,246.0,59.67976710334789,268,123,0.0
1550,123,77,61.5,2.46,1.54,61.5,38.5,246.0,59.67976710334789,268,123,0.0
1551,123,77,61.5,2.46,1.54,61.5,38.5,246.0,59.67976710334789,268,123,0.0
1552,123,77,61.5,2.46,1.54,61.5,38.5,246.0,59.67976710334789,268,123,0.0
1553,123,77,61.5,2.46,1.54,61.5,38.5,246.0,59.67976710334789,268,123,0.0
1554,123,77,61.5,2.46,1.54,61.5,38.5,246.0,59.67976710334789,268,123,0.0
1555,123,77,61.5,2.46,1.54,61.5,38.5,246.0,59.67976710334789,268,123,0.0
1556,123,77,61.5,2.46,1.54,61.5,38.5,246.0,59.67976710334789,268,123,0.0
1557,123,77,61.5,2.46,1.54,61.5,38.5,246.0,59.67976710334789,268,123,0.0
1558,123,77,61.5,2.46,1.54,61.5,38.5,246.0,59.67976710334789,268,123,0.0
1559,123,77,61.5,2.46,1.54,61.5,38.5,246.0,59.67976710334789,268,123,0.0
1560,123,77,61.5,2.46,1.54,61.5,38.5,246.0,59.67976710334789,268,123,0.0
1561,123,77,61.5,2.46,1.54,61.5,38.5,246.0,59.67976710334789,268,123,0.0
1562,123,77,61.5,2.46,1.54,61.5,38.5,246.0,59.67976710334789,268,123,0.0
1563,123,77,61.5,2.46,1.54,61.5,38.5,246.0,59.67976710334789,268,123,0.0
1564,123,77,61.5,2.46,1.54,61.5,38.5,246.0,59.67976710334789,268,123,0.0
1565,123,77,61.5,2.46,1.54,61.5,38.5,246.0,59.67976710334789,268,123,0.0
1566,123,77,61.5,2.46,1.54,61.5,38.5,246.0,59.67976710334789,268,123,0.0
1567,123,77,61.5,2.46,1.54,61.5,38.5,246.0,59.67976710334789,268,123,0.0
1568,123,77,61.5,2.46,1.54,61.5,38.5,246.0,59.67976710334789,268,123,0.0
1569,123,77,61.5,2.46,1.54,61.5,38.5,246.0,59.67976710334789,268,123,0.0
1570,123,77,61.5,2.46,1.54,61.5,38.5,246.0,59.67976710334789,268,123,0.0
1571,123,77,61.5,2.46,1.54,61.5,38.5,246.0,59.67976710334789,268,123,0.0
1572,123,77,61.5,2.46,1.54,61.5,38.5,246.0,59.67976710334789,268,123,0.0
1573,123,77,61.5,2.46,1.54,61.5,38.5,246.0,59.67976710334789,269,123,0.0
1574,123,77,61.5,2.46,1.54,61.5,38.5,246.0,59.67976710334789,269,123,0.0
1575,123,77,61.5,2.46,1.54,61.5,38.5,246.0,59.67976710334789,269,123,0.0
1576,123,77,61.5,2.46,1.54,61.5,38.5,246.0,59.67976710334789,269,123,0.0
1577,123,77,61.5,2.46,1.54,61.5,38.5,246.0,59.67976710334789,269,123,0.0
1578,123,77,61.5,2.46,1.54,61.5,38.5,246.0,59.67976710334789,269,123,0.0
1579,123,77,61.5,2.46,1.54,61.5,38.5,246.0,59.67976710334789,269,123,0.0
1580,123,77,61.5,2.46,1.54,61.5,38.5,246.0,59.67976710334789,269,123,0.0
1581,123,77,61.5,2.46,1.54,61.5,38.5,246.0,59.67976710334789,269,123,0.0
1582,123,77,61.5,2.46,1.54,61.5,38.5,246.0,59.67976710334789,269,123,0.0
1583,123,77,61.5,2.46,1.54,61.5,38.5,246.0,59.67976710334789,269,123,0.0
1584,123,77,61.5,2.46,1.54,61.5,38.5,246.0,59.67976710334789,269,123,0.0
1585,123,77,61.5,2.46,1.54,61.5,38.5,246.0,59.67976710334789,269,123,0.0
1586,123,77,61.5,2.46,1.54,61.5,38.5,246.0,59.67976710334789,269,123,0.0
1587,123,77,61.5,2.46,1.54,61.5,38.5,246.0,59.67976710334789,269,123,0.0
1588,123,77,61.5,2.46,1.54,61.5,38.5,246.0,59.67976710334789,269,123,0.0
1589,123,77,61.5,2.46,1.54,61.5,38.5,246.0,59.67976710334789,269,123,0.0
1590,123,77,61.5,2.46,1.54,61.5,38.5,246.0,59.67976710334789,269,123,0.0
1591,123,77,61.5,2.46,1.54,61.5,38.5,246.0,59.67976710334789,269,123,0.0
1592,123,77,61.5,2.46,1.54,61.5,38.5,246.0,59.67976710334789,269,123,0.0
1593,123,77,61.5,2.46,1.54,61.5,38.5,246.0,59.67976710334789,269,123,0.0
1594,123,77,61.5,2.46,1.54,61.5,38.5,246.0,59.67976710334789,269,123,0.0
1595,123,77,61.5,2.46,1.54,61.5,38.5,246.0,59.67976710334789,269,123,0.0
1596,123,77,61.5,2.46,1.54,61.5,38.5,246.0,59.67976710334789,269,123,0.0
1597,123,77,61.5,2.46,1.54,61.5,38.5,246.0,59.67976710334789,269,123,0.0
1598,123,77,61.5,2.46,1.54,61.5,38.5,246.0,59.67976710334789,269,123,0.0
1599,123,77,61.5,2.46,1.54,61.5,38.5,246.0,59.67976710334789,269,123,0.0
1600,123,77,61.5,2.46,1.54,61.5,38.5,246.0,59.67976710334789,269,123,0.0
1601,123,77,61.5,2.46,1.54,61.5,38.5,246.0,59.67976710334789,269,123,0.0
1602,123,77,61.5,2.46,1.54,61.5,38.5,246.0,59.67976710334789,269,123,0.0
1603,123,77,61.5,2.46,1.54,61.5,38.5,246.0,59.67976710334789,269,123,0.0
1604,123,77,61.5,2.46,1.54,61.5,38.5,246.0,59.67976710334789,269,123,0.0
1605,123,77,61.5,2.46,1.54,61.5,38.5,246.0,59.67976710334789,269,123,0.0
1606,123,77,61.5,2.46,1.54,61.5,38.5,246.0,59.67976710334789,269,123,0.0
1607,123,77,61.5,2.46,1.54,61.5,38.5,246.0,59.67976710334789,269,123,0.0
1608,123,77,61.5,2.46,1.54,61.5,38.5,246.0,59.67976710334789,269,123,0.0
1609,123,77,61.5,2.46,1.54,61.5,38.5,246.0,59.67976710334789,269,123,0.0
1610,123,77,61.5,2.46,1.54,61.5,38.5,246.0,59.67976710334789,269,123,0.0
1611,123,77,61.5,2.46,1.54,61.5,38.5,246.0,59.67976710334789,269,123,0.0
1612,123,77,61.5,2.46,1.54,61.5,38.5,246.0,59.67976710334789,269,123,0.0
1613,123,77,61.5,2.46,1.54,61.5,38.5,246.0,59.67976710334789,269,123,0.0
1614,123,77,61.5,2.46,1.54,61.5,38.5,246.0,59.67976710334789,269,123,0.0
1615,123,77,61.5,2.46,1.54,61.5,38.5,246.0,59.67976710334789,269,123,0.0
1616,123,77,61.5,2.46,1.54,61.5,38.5,246.0,59.67976710334789,269,123,0.0
1617,123,77,61.5,2.46,1.54,61.5,38.5,246.0,59.67976710334789,269,123,0.0
1618,123,77,61.5,2.46,1.54,61.5,38.5,246.0,59.67976710334789,269,123,0.0
1619,123,77,61.5,2.46,1.54,61.5,38.5,246.0,59.67976710334789,269,123,0.0
1620,123,77,61.5,2.46,1.54,61.5,38.5,246.0,59.67976710334789,269,123,0.0
1621,123,77,61.5,2.46,1.54,61.5,38.5,246.0,59.67976710334789,269,123,0.0
1622,123,77,61.5,2.46,1.54,61.5,38.5,246.0,59.67976710334789,269,123,0.0
1623,123,77,61.5,2.46,1.54,61.5,38.5,246.0,59.67976710334789,269,123,0.0
1624,123,77,61.5,2.46,1.54,61.5,38.5,246.0,59.67976710334789,269,123,0.0
1625,123,77,61.5,2.46,1.54,61.5,38.5,246.0,59.67976710334789,269,123,0.0
1626,123,77,61.5,2.46,1.54,61.5,38.5,246.0,59.67976710334789,269,123,0.0
1627,123,77,61.5,2.46,1.54,61.5,38.5,246.0,59.67976710334789,269,123,0.0
1628,123,77,61.5,2.46,1.54,61.5,38.5,246.0,59.67976710334789,269,123,0.0
1629,123,77,61.5,2.46,1.54,61.5,38.5,246.0,59.67976710334789,269,123,0.0
1630,123,77,61.5,2.46,1.54,61.5,38.5,246.0,59.67976710334789,269,123,0.0
1631,123,77,61.5,2.46,1.54,61.5,38.5,246.0,59.67976710334789,269,123,0.0
1632,123,77,61.5,2.46,1.54,61.5,38.5,246.0,59.67976710334789,269,123,0.0
1633,123,77,61.5,2.46,1.54,61.5,38.5,246.0,59.67976710334789,269,123,0.0
1634,123,77,61.5,2.46,1.54,61.5,38.5,246.0,59.67976710334789,269,123,0.0
1635,123,77,61.5,2.46,1.54,61.5,38.5,246.0,59.67976710334789,269,123,0.0
1636,123,77,61.5,2.46,1.54,61.5,38.5,246.0,59.67976710334789,269,123,0.0
1637,123,77,61.5,2.46,1.54,61.5,38.5,246.0,59.67976710334789,269,123,0.0
1638,123,77,61.5,2.46,1.54,61.5,38.5,246.0,59.67976710334789,269,123,0.0
1639,123,77,61.5,2.46,1.54,61.5,38.5,246.0,59.67976710334789,269,123,0.0
1640,123,77,61.5,2.46,1.54,61.5,38.5,246.0,59.67976710334789,269,123,0.0
1641,123,77,61.5,2.46,1.54,61.5,38.5,246.0,59.67976710334789,269,123,0.0
1642,123,77,61.5,2.46,1.54,61.5,38.5,246.0,59.67976710334789,269,123,0.0
1643,123,77,61.5,2.46,1.54,61.5,38.5,246.0,59.67976710334789,269,123,0.0
1644,123,77,61.5,2.46,1.54,61.5,38.5,246.0,59.67976710334789,269,123,0.0
1645,123,77,61.5,2.46,1.54,61.5,38.5,246.0,59.67976710334789,269,123,0.0
1646,123,77,61.5,2.46,1.54,61.5,38.5,246.0,59.67976710334789,269,123,0.0
1647,123,77,61.5,2.46,1.54,61.5,38.5,246.0,59.67976710334789,269,123,0.0
1648,123,77,61.5,2.46,1.54,61.5,38.5,246.0,59.67976710334789,269,123,0.0
1649,123,77,61.5,2.46,1.54,61.5,38.5,246.0,59.67976710334789,269,123,0.0
1650,123,77,61.5,2.46,1.54,61.5,38.5,246.0,59.67976710334789,269,123,0.0
1651,123,77,61.5,2.46,1.54,61.5,38.5,246.0,59.67976710334789,269,123,0.0
1652,123,77,61.5,2.46,1.54,61.5,38.5,246.0,59.67976710334789,269,123,0.0
1653,123,77,61.5,2.46,1.54,61.5,38.5,246.0,59.67976710334789,269,123,0.0
1654,123,77,61.5,2.46,1.54,61.5,38.5,246.0,59.67976710334789,269,123,0.0
1655,123,77,61.5,2.46,1.54,61.5,38.5,246.0,59.67976710334789,269,123,0.0
1656,123,77,61.5,2.46,1.54,61.5,38.5,246.0,59.67976710334789,269,123,0.0
1657,123,77,61.5,2.46,1.54,61.5,38.5,246.0,59.67976710334789,269,123,0.0
1658,123,77,61.5,2.46,1.54,61.5,38.5,246.0,59.67976710334789,269,123,0.0
1659,123,77,61.5,2.46,1.54,61.5,38.5,246.0,59.67976710334789,269,123,0.0
1660,123,77,61.5,2.46,1.54,61.5,38.5,246.0,59.67976710334789,269,123,0.0
1661,123,77,61.5,2.46,1.54,61.5,38.5,246.0,59.67976710334789,269,123,0.0
1662,123,77,61.5,2.46,1.54,61.5,38.5,246.0,59.67976710334789,269,123,0.0
1663,123,77,61.5,2.46,1.54,61.5,38.5,246.0,59.67976710334789,269,123,0.0
1664,123,77,61.5,2.46,1.54,61.5,38.5,246.0,59.67976710334789,269,123,0.0
1665,123,77,61.5,2.46,1.54,61.5,38.5,246.0,59.67976710334789,269,123,0.0
1666,123,77,61.5,2.46,1.54,61.5,38.5,246.0,59.67976710334789,269,123,0.0
1667,123,77,61.5,2.46,1.54,61.5,38.5,246.0,59.67976710334789,269,123,0.0
1668,123,77,61.5,2.46,1.54,61.5,38.5,246.0,59.67976710334789,269,123,0.0
1669,123,77,61.5,2.46,1.54,61.5,38.5,246.0,59.67976710334789,269,123,0.0
1670,123,77,61.5,2.46,1.54,61.5,38.5,246.0,59.67976710334789,269,123,0.0
1671,123,77,61.5,2.46,1.54,61.5,38.5,246.0,59.67976710334789,269,123,0.0
1672,123,77,61.5,2.46,1.54,61.5,38.5,246.0,59.67976710334789,269,123,0.0
1673,123,77,61.5,2.46,1.54,61.5,38.5,246.0,59.67976710334789,269,123,0.0
1674,123,77,61.5,2.46,1.54,61.5,38.5,246.0,59.67976710334789,269,123,0.0
1675,123,77,61.5,2.46,1.54,61.5,38.5,246.0,59.67976710334789,269,123,0.0
1676,123,77,61.5,2.46,1.54,61.5,38.5,246.0,59.67976710334789,269,123,0.0
1677,123,77,61.5,2.46,1.54,61.5,38.5,246.0,59.67976710334789,269,123,0.0
1678,123,77,61.5,2.46,1.54,61.5,38.5,246.0,59.67976710334789,269,123,0.0
1679,123,77,61.5,2.46,1.54,61.5,38.5,246.0,59.67976710334789,269,123,0.0
1680,123,77,61.5,2.46,1.54,61.5,38.5,246.0,59.67976710334789,269,123,0.0
1681,123,77,61.5,2.46,1.54,61.5,38.5,246.0,59.67976710334789,269,123,0.0
1682,123,77,61.5,2.46,1.54,61.5,38.5,246.0,59.67976710334789,269,123,0.0
1683,123,77,61.5,2.46,1.54,61.5,38.5,246.0,59.67976710334789,269,123,0.0
1684,123,77,61.5,2.46,1.54,61.5,38.5,246.0,59.67976710334789,269,123,0.0
1685,123,77,61.5,2.46,1.54,61.5,38.5,246.0,59.67976710334789,269,123,0.0
1686,123,77,61.5,2.46,1.54,61.5,38.5,246.0,59.67976710334789,269,123,0.0
1687,123,77,61.5,2.46,1.54,61.5,38.5,246.0,59.67976710334789,269,123,0.0
1688,123,77,61.5,2.46,1.54,61.5,38.5,246.0,59.67976710334789,269,123,0.0
1689,123,77,61.5,2.46,1.54,61.5,38.5,246.0,59.67976710334789,269,123,0.0
1690,123,77,61.5,2.46,1.54,61.5,38.5,246.0,59.67976710334789,269,123,0.0
1691,123,77,61.5,2.46,1.54,61.5,38.5,246.0,59.67976710334789,269,123,0.0
1692,123,77,61.5,2.46,1.54,61.5,38.5,246.0,59.67976710334789,269,123,0.0
1693,123,77,61.5,2.46,1.54,61.5,38.5,246.0,59.67976710334789,269,123,0.0
1694,123,77,61.5,2.46,1.54,61.5,38.5,246.0,59.67976710334789,269,123,0.0
1695,123,77,61.5,2.46,1.54,61.5,38.5,246.0,59.67976710334789,269,123,0.0
1696,123,77,61.5,2.46,1.54,61.5,38.5,246.0,59.67976710334789,269,123,0.0
1697,123,77,61.5,2.46,1.54,61.5,38.5,246.0,59.67976710334789,269,123,0.0
1698,123,77,61.5,2.46,1.54,61.5,38.5,246.0,59.67976710334789,269,123,0.0
1699,123,77,61.5,2.46,1.54,61.5,38.5,246.0,59.67976710334789,269,123,0.0
1700,123,77,61.5,2.46,1.54,61.5,38.5,246.0,59.67976710334789,269,123,0.0
1701,123,77,61.5,2.46,1.54,61.5,38.5,246.0,59.67976710334789,269,123,0.0
1702,123,77,61.5,2.46,1.54,61.5,38.5,246.0,59.67976710334789,269,123,0.0
1703,123,77,61.5,2.46,1.54,61.5,38.5,246.0,59.67976710334789,269,123,0.0
1704,123,77,61.5,2.46,1.54,61.5,38.5,246.0,59.67976710334789,269,123,0.0
1705,123,77,61.5,2.46,1.54,61.5,38.5,246.0,59.67976710334789,269,123,0.0
1706,123,77,61.5,2.46,1.54,61.5,38.5,246.0,59.67976710334789,269,123,0.0
1707,123,77,61.5,2.46,1.54,61.5,38.5,246.0,59.67976710334789,269,123,0.0
1708,123,77,61.5,2.46,1.54,61.5,38.5,246.0,59.67976710334789,269,123,0.0
1709,123,77,61.5,2.46,1.54,61.5,38.5,246.0,59.67976710334789,269,123,0.0
1710,123,77,61.5,2.46,1.54,61.5,38.5,246.0,59.67976710334789,269,123,0.0
1711,123,77,61.5,2.46,1.54,61.5,38.5,246.0,59.67976710334789,269,123,0.0
1712,123,77,61.5,2.46,1.54,61.5,38.5,246.0,59.67976710334789,270,123,0.0
1713,123,77,61.5,2.46,1.54,61.5,38.5,246.0,59.67976710334789,271,123,0.0
1714,123,77,61.5,2.46,1.54,61.5,38.5,246.0,59.67976710334789,271,123,0.0
1715,123,77,61.5,2.46,1.54,61.5,38.5,246.0,59.67976710334789,271,123,0.0
1716,123,77,61.5,2.46,1.54,61.5,38.5,246.0,59.67976710334789,271,123,0.0
1717,123,77,61.5,2.46,1.54,61.5,38.5,246.0,59.67976710334789,272,123,0.0
1718,123,77,61.5,2.46,1.54,61.5,38.5,246.0,59.67976710334789,272,123,0.0
1719,124,76,62.0,2.48,1.52,62.0,38.0,248.0,60.16496846191169,273,124,2.0
1720,124,76,62.0,2.48,1.52,62.0,38.0,248.0,60.16496846191169,273,124,0.0
1721,124,76,62.0,2.48,1.52,62.0,38.0,248.0,60.16496846191169,273,124,0.0
1722,125,75,62.5,2.5,1.5,62.5,37.5,250.0,60.6501698204755,274,125,2.0
1723,125,75,62.5,2.5,1.5,62.5,37.5,250.0,60.6501698204755,274,125,0.0
1724,125,75,62.5,2.5,1.5,62.5,37.5,250.0,60.6501698204755,274,125,0.0
1725,125,75,62.5,2.5,1.5,62.5,37.5,250.0,60.6501698204755,274,125,0.0
1726,125,75,62.5,2.5,1.5,62.5,37.5,250.0,60.6501698204755,274,125,0.0
1727,125,75,62.5,2.5,1.5,62.5,37.5,250.0,60.6501698204755,274,125,0.0
1728,125,75,62.5,2.5,1.5,62.5,37.5,250.0,60.6501698204755,275,125,0.0
1729,125,75,62.5,2.5,1.5,62.5,37.5,250.0,60.6501698204755,276,125,0.0
1730,125,75,62.5,2.5,1.5,62.5,37.5,250.0,60.6501698204755,277,125,0.0
1731,125,75,62.5,2.5,1.5,62.5,37.5,250.0,60.6501698204755,278,125,0.0
1732,125,75,62.5,2.5,1.5,62.5,37.5,250.0,60.6501698204755,278,125,0.0
1733,125,75,62.5,2.5,1.5,62.5,37.5,250.0,60.6501698204755,279,125,0.0
1734,125,75,62.5,2.5,1.5,62.5,37.5,250.0,60.6501698204755,279,125,0.0
1735,125,75,62.5,2.5,1.5,62.5,37.5,250.0,60.6501698204755,279,125,0.0
1736,125,75,62.5,2.5,1.5,62.5,37.5,250.0,60.6501698204755,279,125,0.0
1737,125,75,62.5,2.5,1.5,62.5,37.5,250.0,60.6501698204755,279,125,0.0
1738,125,75,62.5,2.5,1.5,62.5,37.5,250.0,60.6501698204755,280,125,0.0
1739,125,75,62.5,2.5,1.5,62.5,37.5,250.0,60.6501698204755,281,125,0.0
1740,125,75,62.5,2.5,1.5,62.5,37.5,250.0,60.6501698204755,281,125,0.0
1741,125,75,62.5,2.5,1.5,62.5,37.5,250.0,60.6501698204755,281,125,0.0
1742,125,75,62.5,2.5,1.5,62.5,37.5,250.0,60.6501698204755,282,125,0.0
1743,125,75,62.5,2.5,1.5,62.5,37.5,250.0,60.6501698204755,283,125,0.0
1744,125,75,62.5,2.5,1.5,62.5,37.5,250.0,60.6501698204755,283,125,0.0
1745,125,75,62.5,2.5,1.5,62.5,37.5,250.0,60.6501698204755,283,125,0.0
1746,125,75,62.5,2.5,1.5,62.5,37.5,250.0,60.6501698204755,283,125,0.0
1747,125,75,62.5,2.5,1.5,62.5,37.5,250.0,60.6501698204755,283,125,0.0
1748,125,75,62.5,2.5,1.5,62.5,37.5,250.0,60.6501698204755,283,125,0.0
1749,125,75,62.5,2.5,1.5,62.5,37.5,250.0,60.6501698204755,283,125,0.0
1750,125,75,62.5,2.5,1.5,62.5,37.5,250.0,60.6501698204755,284,125,0.0
1751,125,75,62.5,2.5,1.5,62.5,37.5,250.0,60.6501698204755,285,125,0.0
1752,125,75,62.5,2.5,1.5,62.5,37.5,250.0,60.6501698204755,285,125,0.0
1753,125,75,62.5,2.5,1.5,62.5,37.5,250.0,60.6501698204755,286,125,0.0
1754,125,75,62.5,2.5,1.5,62.5,37.5,250.0,60.6501698204755,287,125,0.0
1755,125,75,62.5,2.5,1.5,62.5,37.5,250.0,60.6501698204755,287,125,0.0
1756,125,75,62.5,2.5,1.5,62.5,37.5,250.0,60.6501698204755,287,125,0.0
1757,125,75,62.5,2.5,1.5,62.5,37.5,250.0,60.6501698204755,287,125,0.0
1758,125,75,62.5,2.5,1.5,62.5,37.5,250.0,60.6501698204755,287,125,0.0
1759,125,75,62.5,2.5,1.5,62.5,37.5,250.0,60.6501698204755,287,125,0.0
1760,125,75,62.5,2.5,1.5,62.5,37.5,250.0,60.6501698204755,287,125,0.0
1761,125,75,62.5,2.5,1.5,62.5,37.5,250.0,60.6501698204755,287,125,0.0
1762,125,75,62.5,2.5,1.5,62.5,37.5,250.0,60.6501698204755,287,125,0.0
1763,125,75,62.5,2.5,1.5,62.5,37.5,250.0,60.6501698204755,287,125,0.0
1764,125,75,62.5,2.5,1.5,62.5,37.5,250.0,60.6501698204755,287,125,0.0
1765,125,75,62.5,2.5,1.5,62.5,37.5,250.0,60.6501698204755,287,125,0.0
1766,125,75,62.5,2.5,1.5,62.5,37.5,250.0,60.6501698204755,287,125,0.0
1767,125,75,62.5,2.5,1.5,62.5,37.5,250.0,60.6501698204755,287,125,0.0
1768,125,75,62.5,2.5,1.5,62.5,37.5,250.0,60.6501698204755,287,125,0.0
1769,125,75,62.5,2.5,1.5,62.5,37.5,250.0,60.6501698204755,287,125,0.0
1770,125,75,62.5,2.5,1.5,62.5,37.5,250.0,60.6501698204755,287,125,0.0
1771,125,75,62.5,2.5,1.5,62.5,37.5,250.0,60.6501698204755,287,125,0.0
1772,125,75,62.5,2.5,1.5,62.5,37.5,250.0,60.6501698204755,287,125,0.0
1773,125,75,62.5,2.5,1.5,62.5,37.5,250.0,60.6501698204755,287,125,0.0
1774,125,75,62.5,2.5,1.5,62.5,37.5,250.0,60.6501698204755,287,125,0.0
1775,125,75,62.5,2.5,1.5,62.5,37.5,250.0,60.6501698204755,287,125,0.0
1776,125,75,62.5,2.5,1.5,62.5,37.5,250.0,60.6501698204755,288,125,0.0
1777,125,75,62.5,2.5,1.5,62.5,37.5,250.0,60.6501698204755,288,125,0.0
1778,125,75,62.5,2.5,1.5,62.5,37.5,250.0,60.6501698204755,288,125,0.0
1779,125,75,62.5,2.5,1.5,62.5,37.5,250.0,60.6501698204755,288,125,0.0
1780,125,75,62.5,2.5,1.5,62.5,37.5,250.0,60.6501698204755,288,125,0.0
1781,125,75,62.5,2.5,1.5,62.5,37.5,250.0,60.6501698204755,288,125,0.0
1782,125,75,62.5,2.5,1.5,62.5,37.5,250.0,60.6501698204755,288,125,0.0
1783,125,75,62.5,2.5,1.5,62.5,37.5,250.0,60.6501698204755,288,125,0.0
1784,125,75,62.5,2.5,1.5,62.5,37.5,250.0,60.6501698204755,288,125,0.0
1785,125,75,62.5,2.5,1.5,62.5,37.5,250.0,60.6501698204755,288,125,0.0
1786,125,75,62.5,2.5,1.5,62.5,37.5,250.0,60.6501698204755,288,125,0.0
1787,125,75,62.5,2.5,1.5,62.5,37.5,250.0,60.6501698204755,288,125,0.0
1788,125,75,62.5,2.5,1.5,62.5,37.5,250.0,60.6501698204755,288,125,0.0
1789,125,75,62.5,2.5,1.5,62.5,37.5,250.0,60.6501698204755,288,125,0.0
1790,125,75,62.5,2.5,1.5,62.5,37.5,250.0,60.6501698204755,288,125,0.0
1791,125,75,62.5,2.5,1.5,62.5,37.5,250.0,60.6501698204755,289,125,0.0
1792,125,75,62.5,2.5,1.5,62.5,37.5,250.0,60.6501698204755,290,125,0.0
1793,125,75,62.5,2.5,1.5,62.5,37.5,250.0,60.6501698204755,291,125,0.0
1794,125,75,62.5,2.5,1.5,62.5,37.5,250.0,60.6501698204755,291,125,0.0
1795,125,75,62.5,2.5,1.5,62.5,37.5,250.0,60.6501698204755,291,125,0.0
1796,125,75,62.5,2.5,1.5,62.5,37.5,250.0,60.6501698204755,291,125,0.0
1797,125,75,62.5,2.5,1.5,62.5,37.5,250.0,60.6501698204755,291,125,0.0
1798,125,75,62.5,2.5,1.5,62.5,37.5,250.0,60.6501698204755,291,125,0.0
1799,125,75,62.5,2.5,1.5,62.5,37.5,250.0,60.6501698204755,291,125,0.0
1800,125,75,62.5,2.5,1.5,62.5,37.5,250.0,60.6501698204755,291,125,0.0
1801,125,75,62.5,2.5,1.5,62.5,37.5,250.0,60.6501698204755,291,125,0.0
1802,125,75,62.5,2.5,1.5,62.5,37.5,250.0,60.6501698204755,291,125,0.0
1803,125,75,62.5,2.5,1.5,62.5,37.5,250.0,60.6501698204755,291,125,0.0
1804,125,75,62.5,2.5,1.5,62.5,37.5,250.0,60.6501698204755,291,125,0.0
1805,125,75,62.5,2.5,1.5,62.5,37.5,250.0,60.6501698204755,291,125,0.0
1806,125,75,62.5,2.5,1.5,62.5,37.5,250.0,60.6501698204755,291,125,0.0
1807,125,75,62.5,2.5,1.5,62.5,37.5,250.0,60.6501698204755,291,125,0.0
1808,125,75,62.5,2.5,1.5,62.5,37.5,250.0,60.6501698204755,291,125,0.0
1809,125,75,62.5,2.5,1.5,62.5,37.5,250.0,60.6501698204755,291,125,0.0
1810,125,75,62.5,2.5,1.5,62.5,37.5,250.0,60.6501698204755,291,125,0.0
1811,125,75,62.5,2.5,1.5,62.5,37.5,250.0,60.6501698204755,291,125,0.0
1812,125,75,62.5,2.5,1.5,62.5,37.5,250.0,60.6501698204755,291,125,0.0
1813,125,75,62.5,2.5,1.5,62.5,37.5,250.0,60.6501698204755,291,125,0.0
1814,125,75,62.5,2.5,1.5,62.5,37.5,250.0,60.6501698204755,291,125,0.0
1815,125,75,62.5,2.5,1.5,62.5,37.5,250.0,60.6501698204755,291,125,0.0
1816,125,75,62.5,2.5,1.5,62.5,37.5,250.0,60.6501698204755,291,125,0.0
1817,125,75,62.5,2.5,1.5,62.5,37.5,250.0,60.6501698204755,291,125,0.0
1818,125,75,62.5,2.5,1.5,62.5,37.5,250.0,60.6501698204755,291,125,0.0
1819,125,75,62.5,2.5,1.5,62.5,37.5,250.0,60.6501698204755,291,125,0.0
1820,125,75,62.5,2.5,1.5,62.5,37.5,250.0,60.6501698204755,292,125,0.0
1821,125,75,62.5,2.5,1.5,62.5,37.5,250.0,60.6501698204755,292,125,0.0
1822,125,75,62.5,2.5,1.5,62.5,37.5,250.0,60.6501698204755,292,125,0.0
1823,125,75,62.5,2.5,1.5,62.5,37.5,250.0,60.6501698204755,292,125,0.0
1824,125,75,62.5,2.5,1.5,62.5,37.5,250.0,60.6501698204755,292,125,0.0
1825,125,75,62.5,2.5,1.5,62.5,37.5,250.0,60.6501698204755,292,125,0.0
1826,125,75,62.5,2.5,1.5,62.5,37.5,250.0,60.6501698204755,292,125,0.0
1827,125,75,62.5,2.5,1.5,62.5,37.5,250.0,60.6501698204755,292,125,0.0
1828,125,75,62.5,2.5,1.5,62.5,37.5,250.0,60.6501698204755,292,125,0.0
1829,125,75,62.5,2.5,1.5,62.5,37.5,250.0,60.6501698204755,292,125,0.0
1830,125,75,62.5,2.5,1.5,62.5,37.5,250.0,60.6501698204755,292,125,0.0
1831,125,75,62.5,2.5,1.5,62.5,37.5,250.0,60.6501698204755,292,125,0.0
1832,125,75,62.5,2.5,1.5,62.5,37.5,250.0,60.6501698204755,292,125,0.0
1833,125,75,62.5,2.5,1.5,62.5,37.5,250.0,60.6501698204755,292,125,0.0
1834,125,75,62.5,2.5,1.5,62.5,37.5,250.0,60.6501698204755,292,125,0.0
1835,126,74,63.0,2.52,1.48,63.0,37.0,252.0,61.135371179039296,293,126,2.0
1836,126,74,63.0,2.52,1.48,63.0,37.0,252.0,61.135371179039296,293,126,0.0
1837,126,74,63.0,2.52,1.48,63.0,37.0,252.0,61.135371179039296,293,126,0.0
1838,126,74,63.0,2.52,1.48,63.0,37.0,252.0,61.135371179039296,293,126,0.0
1839,126,74,63.0,2.52,1.48,63.0,37.0,252.0,61.135371179039296,293,126,0.0
1840,126,74,63.0,2.52,1.48,63.0,37.0,252.0,61.135371179039296,294,126,0.0
1841,127,73,63.5,2.54,1.46,63.5,36.5,254.0,61.6205725376031,295,127,2.0
1842,127,73,63.5,2.54,1.46,63.5,36.5,254.0,61.6205725376031,295,127,0.0
1843,127,73,63.5,2.54,1.46,63.5,36.5,254.0,61.6205725376031,296,127,0.0
1844,127,73,63.5,2.54,1.46,63.5,36.5,254.0,61.6205725376031,296,127,0.0
1845,127,73,63.5,2.54,1.46,63.5,36.5,254.0,61.6205725376031,297,127,0.0
1846,127,73,63.5,2.54,1.46,63.5,36.5,254.0,61.6205725376031,297,127,0.0
1847,127,73,63.5,2.54,1.46,63.5,36.5,254.0,61.6205725376031,298,127,0.0
1848,127,73,63.5,2.54,1.46,63.5,36.5,254.0,61.6205725376031,299,127,0.0
1849,127,73,63.5,2.54,1.46,63.5,36.5,254.0,61.6205725376031,299,127,0.0
1850,127,73,63.5,2.54,1.46,63.5,36.5,254.0,61.6205725376031,299,127,0.0
1851,127,73,63.5,2.54,1.46,63.5,36.5,254.0,61.6205725376031,299,127,0.0
1852,127,73,63.5,2.54,1.46,63.5,36.5,254.0,61.6205725376031,299,127,0.0
1853,127,73,63.5,2.54,1.46,63.5,36.5,254.0,61.6205725376031,299,127,0.0
1854,127,73,63.5,2.54,1.46,63.5,36.5,254.0,61.6205725376031,299,127,0.0
1855,127,73,63.5,2.54,1.46,63.5,36.5,254.0,61.6205725376031,299,127,0.0
1856,127,73,63.5,2.54,1.46,63.5,36.5,254.0,61.6205725376031,299,127,0.0
1857,127,73,63.5,2.54,1.46,63.5,36.5,254.0,61.6205725376031,299,127,0.0
1858,127,73,63.5,2.54,1.46,63.5,36.5,254.0,61.6205725376031,299,127,0.0
1859,127,73,63.5,2.54,1.46,63.5,36.5,254.0,61.6205725376031,299,127,0.0
1860,127,73,63.5,2.54,1.46,63.5,36.5,254.0,61.6205725376031,299,127,0.0
1861,127,73,63.5,2.54,1.46,63.5,36.5,254.0,61.6205725376031,299,127,0.0
1862,127,73,63.5,2.54,1.46,63.5,36.5,254.0,61.6205725376031,299,127,0.0
1863,127,73,63.5,2.54,1.46,63.5,36.5,254.0,61.6205725376031,300,127,0.0
1864,127,73,63.5,2.54,1.46,63.5,36.5,254.0,61.6205725376031,300,127,0.0
1865,127,73,63.5,2.54,1.46,63.5,36.5,254.0,61.6205725376031,301,127,0.0
1866,127,73,63.5,2.54,1.46,63.5,36.5,254.0,61.6205725376031,301,127,0.0
1867,127,73,63.5,2.54,1.46,63.5,36.5,254.0,61.6205725376031,302,127,0.0
1868,127,73,63.5,2.54,1.46,63.5,36.5,254.0,61.6205725376031,303,127,0.0
1869,127,73,63.5,2.54,1.46,63.5,36.5,254.0,61.6205725376031,303,127,0.0
1870,127,73,63.5,2.54,1.46,63.5,36.5,254.0,61.6205725376031,304,127,0.0
1871,127,73,63.5,2.54,1.46,63.5,36.5,254.0,61.6205725376031,304,127,0.0
1872,127,73,63.5,2.54,1.46,63.5,36.5,254.0,61.6205725376031,304,127,0.0
1873,127,73,63.5,2.54,1.46,63.5,36.5,254.0,61.6205725376031,304,127,0.0
1874,127,73,63.5,2.54,1.46,63.5,36.5,254.0,61.6205725376031,304,127,0.0
1875,127,73,63.5,2.54,1.46,63.5,36.5,254.0,61.6205725376031,304,127,0.0
1876,127,73,63.5,2.54,1.46,63.5,36.5,254.0,61.6205725376031,304,127,0.0
1877,127,73,63.5,2.54,1.46,63.5,36.5,254.0,61.6205725376031,304,127,0.0
1878,127,73,63.5,2.54,1.46,63.5,36.5,254.0,61.6205725376031,304,127,0.0
1879,127,73,63.5,2.54,1.46,63.5,36.5,254.0,61.6205725376031,304,127,0.0
1880,127,73,63.5,2.54,1.46,63.5,36.5,254.0,61.6205725376031,304,127,0.0
1881,127,73,63.5,2.54,1.46,63.5,36.5,254.0,61.6205725376031,304,127,0.0
1882,127,73,63.5,2.54,1.46,63.5,36.5,254.0,61.6205725376031,304,127,0.0
1883,127,73,63.5,2.54,1.46,63.5,36.5,254.0,61.6205725376031,304,127,0.0
1884,127,73,63.5,2.54,1.46,63.5,36.5,254.0,61.6205725376031,304,127,0.0
1885,127,73,63.5,2.54,1.46,63.5,36.5,254.0,61.6205725376031,304,127,0.0
1886,127,73,63.5,2.54,1.46,63.5,36.5,254.0,61.6205725376031,304,127,0.0
1887,127,73,63.5,2.54,1.46,63.5,36.5,254.0,61.6205725376031,304,127,0.0
1888,127,73,63.5,2.54,1.46,63.5,36.5,254.0,61.6205725376031,304,127,0.0
1889,127,73,63.5,2.54,1.46,63.5,36.5,254.0,61.6205725376031,304,127,0.0
1890,127,73,63.5,2.54,1.46,63.5,36.5,254.0,61.6205725376031,304,127,0.0
1891,127,73,63.5,2.54,1.46,63.5,36.5,254.0,61.6205725376031,305,127,0.0
1892,127,73,63.5,2.54,1.46,63.5,36.5,254.0,61.6205725376031,306,127,0.0
1893,127,73,63.5,2.54,1.46,63.5,36.5,254.0,61.6205725376031,307,127,0.0
1894,127,73,63.5,2.54,1.46,63.5,36.5,254.0,61.6205725376031,308,127,0.0
1895,127,73,63.5,2.54,1.46,63.5,36.5,254.0,61.6205725376031,309,127,0.0
1896,127,73,63.5,2.54,1.46,63.5,36.5,254.0,61.6205725376031,309,127,0.0
1897,127,73,63.5,2.54,1.46,63.5,36.5,254.0,61.6205725376031,309,127,0.0
1898,127,73,63.5,2.54,1.46,63.5,36.5,254.0,61.6205725376031,310,127,0.0
1899,127,73,63.5,2.54,1.46,63.5,36.5,254.0,61.6205725376031,310,127,0.0
1900,127,73,63.5,2.54,1.46,63.5,36.5,254.0,61.6205725376031,310,127,0.0
1901,127,73,63.5,2.54,1.46,63.5,36.5,254.0,61.6205725376031,310,127,0.0
1902,127,73,63.5,2.54,1.46,63.5,36.5,254.0,61.6205725376031,310,127,0.0
1903,127,73,63.5,2.54,1.46,63.5,36.5,254.0,61.6205725376031,310,127,0.0
1904,127,73,63.5,2.54,1.46,63.5,36.5,254.0,61.6205725376031,310,127,0.0
1905,127,73,63.5,2.54,1.46,63.5,36.5,254.0,61.6205725376031,311,127,0.0
1906,127,73,63.5,2.54,1.46,63.5,36.5,254.0,61.6205725376031,312,127,0.0
1907,127,73,63.5,2.54,1.46,63.5,36.5,254.0,61.6205725376031,313,127,0.0
1908,127,73,63.5,2.54,1.46,63.5,36.5,254.0,61.6205725376031,314,127,0.0
1909,127,73,63.5,2.54,1.46,63.5,36.5,254.0,61.6205725376031,314,127,0.0
1910,127,73,63.5,2.54,1.46,63.5,36.5,254.0,61.6205725376031,314,127,0.0
1911,127,73,63.5,2.54,1.46,63.5,36.5,254.0,61.6205725376031,315,127,0.0
1912,127,73,63.5,2.54,1.46,63.5,36.5,254.0,61.6205725376031,316,127,0.0
1913,127,73,63.5,2.54,1.46,63.5,36.5,254.0,61.6205725376031,317,127,0.0
1914,127,73,63.5,2.54,1.46,63.5,36.5,254.0,61.6205725376031,317,127,0.0
1915,127,73,63.5,2.54,1.46,63.5,36.5,254.0,61.6205725376031,317,127,0.0
1916,127,73,63.5,2.54,1.46,63.5,36.5,254.0,61.6205725376031,318,127,0.0
1917,127,73,63.5,2.54,1.46,63.5,36.5,254.0,61.6205725376031,318,127,0.0
1918,127,73,63.5,2.54,1.46,63.5,36.5,254.0,61.6205725376031,318,127,0.0
1919,127,73,63.5,2.54,1.46,63.5,36.5,254.0,61.6205725376031,318,127,0.0
1920,127,73,63.5,2.54,1.46,63.5,36.5,254.0,61.6205725376031,318,127,0.0
1921,127,73,63.5,2.54,1.46,63.5,36.5,254.0,61.6205725376031,318,127,0.0
1922,127,73,63.5,2.54,1.46,63.5,36.5,254.0,61.6205725376031,318,127,0.0
1923,127,73,63.5,2.54,1.46,63.5,36.5,254.0,61.6205725376031,318,127,0.0
1924,127,73,63.5,2.54,1.46,63.5,36.5,254.0,61.6205725376031,319,127,0.0
1925,128,72,64.0,2.56,1.44,64.0,36.0,256.0,62.105773896166916,320,128,2.0
1926,128,72,64.0,2.56,1.44,64.0,36.0,256.0,62.105773896166916,321,128,0.0
1927,128,72,64.0,2.56,1.44,64.0,36.0,256.0,62.105773896166916,322,128,0.0
1928,128,72,64.0,2.56,1.44,64.0,36.0,256.0,62.105773896166916,322,128,0.0
1929,128,72,64.0,2.56,1.44,64.0,36.0,256.0,62.105773896166916,324,128,0.0
1930,128,72,64.0,2.56,1.44,64.0,36.0,256.0,62.105773896166916,325,128,0.0
1931,128,72,64.0,2.56,1.44,64.0,36.0,256.0,62.105773896166916,325,128,0.0
1932,128,72,64.0,2.56,1.44,64.0,36.0,256.0,62.105773896166916,326,128,0.0
1933,128,72,64.0,2.56,1.44,64.0,36.0,256.0,62.105773896166916,326,128,0.0
1934,128,72,64.0,2.56,1.44,64.0,36.0,256.0,62.105773896166916,326,128,0.0
1935,128,72,64.0,2.56,1.44,64.0,36.0,256.0,62.105773896166916,326,128,0.0
1936,128,72,64.0,2.56,1.44,64.0,36.0,256.0,62.105773896166916,326,128,0.0
1937,128,72,64.0,2.56,1.44,64.0,36.0,256.0,62.105773896166916,326,128,0.0
1938,128,72,64.0,2.56,1.44,64.0,36.0,256.0,62.105773896166916,326,128,0.0
1939,128,72,64.0,2.56,1.44,64.0,36.0,256.0,62.105773896166916,326,128,0.0
1940,128,72,64.0,2.56,1.44,64.0,36.0,256.0,62.105773896166916,326,128,0.0
1941,128,72,64.0,2.56,1.44,64.0,36.0,256.0,62.105773896166916,326,128,0.0
1942,128,72,64.0,2.56,1.44,64.0,36.0,256.0,62.105773896166916,326,128,0.0
1943,128,72,64.0,2.56,1.44,64.0,36.0,256.0,62.105773896166916,326,128,0.0
1944,128,72,64.0,2.56,1.44,64.0,36.0,256.0,62.105773896166916,326,128,0.0
1945,128,72,64.0,2.56,1.44,64.0,36.0,256.0,62.105773896166916,326,128,0.0
1946,128,72,64.0,2.56,1.44,64.0,36.0,256.0,62.105773896166916,326,128,0.0
1947,128,72,64.0,2.56,1.44,64.0,36.0,256.0,62.105773896166916,326,128,0.0
1948,128,72,64.0,2.56,1.44,64.0,36.0,256.0,62.105773896166916,326,128,0.0
1949,128,72,64.0,2.56,1.44,64.0,36.0,256.0,62.105773896166916,326,128,0.0
1950,128,72,64.0,2.56,1.44,64.0,36.0,256.0,62.105773896166916,326,128,0.0
1951,128,72,64.0,2.56,1.44,64.0,36.0,256.0,62.105773896166916,326,128,0.0
1952,128,72,64.0,2.56,1.44,64.0,36.0,256.0,62.105773896166916,326,128,0.0
1953,128,72,64.0,2.56,1.44,64.0,36.0,256.0,62.105773896166916,326,128,0.0
1954,128,72,64.0,2.56,1.44,64.0,36.0,256.0,62.105773896166916,326,128,0.0
1955,128,72,64.0,2.56,1.44,64.0,36.0,256.0,62.105773896166916,326,128,0.0
1956,128,72,64.0,2.56,1.44,64.0,36.0,256.0,62.105773896166916,326,128,0.0
1957,128,72,64.0,2.56,1.44,64.0,36.0,256.0,62.105773896166916,326,128,0.0
1958,128,72,64.0,2.56,1.44,64.0,36.0,256.0,62.105773896166916,326,128,0.0
1959,128,72,64.0,2.56,1.44,64.0,36.0,256.0,62.105773896166916,326,128,0.0
1960,128,72,64.0,2.56,1.44,64.0,36.0,256.0,62.105773896166916,326,128,0.0
1961,128,72,64.0,2.56,1.44,64.0,36.0,256.0,62.105773896166916,326,128,0.0
1962,128,72,64.0,2.56,1.44,64.0,36.0,256.0,62.105773896166916,326,128,0.0
1963,128,72,64.0,2.56,1.44,64.0,36.0,256.0,62.105773896166916,326,128,0.0
1964,128,72,64.0,2.56,1.44,64.0,36.0,256.0,62.105773896166916,326,128,0.0
1965,128,72,64.0,2.56,1.44,64.0,36.0,256.0,62.105773896166916,326,128,0.0
1966,128,72,64.0,2.56,1.44,64.0,36.0,256.0,62.105773896166916,326,128,0.0
1967,128,72,64.0,2.56,1.44,64.0,36.0,256.0,62.105773896166916,327,128,0.0
1968,128,72,64.0,2.56,1.44,64.0,36.0,256.0,62.105773896166916,328,128,0.0
1969,128,72,64.0,2.56,1.44,64.0,36.0,256.0,62.105773896166916,328,128,0.0
1970,128,72,64.0,2.56,1.44,64.0,36.0,256.0,62.105773896166916,328,128,0.0
1971,128,72,64.0,2.56,1.44,64.0,36.0,256.0,62.105773896166916,328,128,0.0
1972,128,72,64.0,2.56,1.44,64.0,36.0,256.0,62.105773896166916,328,128,0.0
1973,128,72,64.0,2.56,1.44,64.0,36.0,256.0,62.105773896166916,329,128,0.0
1974,128,72,64.0,2.56,1.44,64.0,36.0,256.0,62.105773896166916,329,128,0.0
1975,128,72,64.0,2.56,1.44,64.0,36.0,256.0,62.105773896166916,329,128,0.0
1976,128,72,64.0,2.56,1.44,64.0,36.0,256.0,62.105773896166916,329,128,0.0
1977,128,72,64.0,2.56,1.44,64.0,36.0,256.0,62.105773896166916,330,128,0.0
1978,128,72,64.0,2.56,1.44,64.0,36.0,256.0,62.105773896166916,331,128,0.0
1979,128,72,64.0,2.56,1.44,64.0,36.0,256.0,62.105773896166916,331,128,0.0
1980,128,72,64.0,2.56,1.44,64.0,36.0,256.0,62.105773896166916,331,128,0.0
1981,128,72,64.0,2.56,1.44,64.0,36.0,256.0,62.105773896166916,331,128,0.0
1982,128,72,64.0,2.56,1.44,64.0,36.0,256.0,62.105773896166916,331,128,0.0
1983,128,72,64.0,2.56,1.44,64.0,36.0,256.0,62.105773896166916,332,128,0.0
1984,128,72,64.0,2.56,1.44,64.0,36.0,256.0,62.105773896166916,333,128,0.0
1985,128,72,64.0,2.56,1.44,64.0,36.0,256.0,62.105773896166916,333,128,0.0
1986,128,72,64.0,2.56,1.44,64.0,36.0,256.0,62.105773896166916,334,128,0.0
1987,128,72,64.0,2.56,1.44,64.0,36.0,256.0,62.105773896166916,334,128,0.0
1988,128,72,64.0,2.56,1.44,64.0,36.0,256.0,62.105773896166916,334,128,0.0
1989,128,72,64.0,2.56,1.44,64.0,36.0,256.0,62.105773896166916,334,128,0.0
1990,128,72,64.0,2.56,1.44,64.0,36.0,256.0,62.105773896166916,334,128,0.0
1991,128,72,64.0,2.56,1.44,64.0,36.0,256.0,62.105773896166916,334,128,0.0
1992,128,72,64.0,2.56,1.44,64.0,36.0,256.0,62.105773896166916,334,128,0.0
1993,128,72,64.0,2.56,1.44,64.0,36.0,256.0,62.105773896166916,334,128,0.0
1994,128,72,64.0,2.56,1.44,64.0,36.0,256.0,62.105773896166916,334,128,0.0
1995,128,72,64.0,2.56,1.44,64.0,36.0,256.0,62.105773896166916,334,128,0.0
1996,128,72,64.0,2.56,1.44,64.0,36.0,256.0,62.105773896166916,334,128,0.0
1997,128,72,64.0,2.56,1.44,64.0,36.0,256.0,62.105773896166916,334,128,0.0
1998,128,72,64.0,2.56,1.44,64.0,36.0,256.0,62.105773896166916,334,128,0.0
1999,128,72,64.0,2.56,1.44,64.0,36.0,256.0,62.105773896166916,334,128,0.0
2000,128,72,64.0,2.56,1.44,64.0,36.0,256.0,62.105773896166916,334,128,0.0
