step,n_adsorbed,n_free,percent_adsorbed,m_adsorbed_mg,m_free_mg,c_pdf_mg_l,c_remaining_mg_l,qt_mg_g,percent_qmax,n_contacts,n_adsorption_events,dqt_per_step
0,0,200,0.0,0.0,4.0,0.0,100.0,0.0,0.0,0,0,0.0
1,0,200,0.0,0.0,4.0,0.0,100.0,0.0,0.0,0,0,0.0
2,0,200,0.0,0.0,4.0,0.0,100.0,0.0,0.0,0,0,0.0
3,0,200,0.0,0.0,4.0,0.0,100.0,0.0,0.0,0,0,0.0
4,0,200,0.0,0.0,4.0,0.0,100.0,0.0,0.0,0,0,0.0
5,1,199,0.5,0.02,3.98,0.5,99.5,2.0,0.48520135856380403,1,1,2.0
6,1,199,0.5,0.02,3.98,0.5,99.5,2.0,0.48520135856380403,1,1,0.0
7,2,198,1.0,0.04,3.96,1.0,99.0,4.0,0.9704027171276081,2,2,2.0
8,4,196,2.0,0.08,3.92,2.0,98.0,8.0,1.9408054342552161,4,4,4.0
9,4,196,2.0,0.08,3.92,2.0,98.0,8.0,1.9408054342552161,4,4,0.0
10,5,195,2.5,0.1,3.9,2.5,97.5,10.0,2.42600679281902,5,5,2.0
11,5,195,2.5,0.1,3.9,2.5,97.5,10.0,2.42600679281902,5,5,0.0
12,5,195,2.5,0.1,3.9,2.5,97.5,10.0,2.42600679281902,5,5,0.0
13,5,195,2.5,0.1,3.9,2.5,97.5,10.0,2.42600679281902,5,5,0.0
14,5,195,2.5,0.1,3.9,2.5,97.5,10.0,2.42600679281902,5,5,0.0
15,5,195,2.5,0.1,3.9,2.5,97.5,10.0,2.42600679281902,5,5,0.0
16,5,195,2.5,0.1,3.9,2.5,97.5,10.0,2.42600679281902,5,5,0.0
17,5,195,2.5,0.1,3.9,2.5,97.5,10.0,2.42600679281902,5,5,0.0
18,5,195,2.5,0.1,3.9,2.5,97.5,10.0,2.42600679281902,5,5,0.0
19,5,195,2.5,0.1,3.9,2.5,97.5,10.0,2.42600679281902,5,5,0.0
20,5,195,2.5,0.1,3.9,2.5,97.5,10.0,2.42600679281902,5,5,0.0
21,5,195,2.5,0.1,3.9,2.5,97.5,10.0,2.42600679281902,5,5,0.0
22,5,195,2.5,0.1,3.9,2.5,97.5,10.0,2.42600679281902,5,5,0.0
23,5,195,2.5,0.1,3.9,2.5,97.5,10.0,2.42600679281902,5,5,0.0
24,5,195,2.5,0.1,3.9,2.5,97.5,10.0,2.42600679281902,5,5,0.0
25,5,195,2.5,0.1,3.9,2.5,97.5,10.0,2.42600679281902,5,5,0.0
26,5,195,2.5,0.1,3.9,2.5,97.5,10.0,2.42600679281902,5,5,0.0
27,5,195,2.5,0.1,3.9,2.5,97.5,10.0,2.42600679281902,5,5,0.0
28,6,194,3.0,0.12,3.88,3.0,97.0,12.0,2.911208151382824,6,6,2.0
29,6,194,3.0,0.12,3.88,3.0,97.0,12.0,2.911208151382824,6,6,0.0
30,6,194,3.0,0.12,3.88,3.0,97.0,12.0,2.911208151382824,6,6,0.0
31,6,194,3.0,0.12,3.88,3.0,97.0,12.0,2.911208151382824,6,6,0.0
32,6,194,3.0,0.12,3.88,3.0,97.0,12.0,2.911208151382824,6,6,0.0
33,6,194,3.0,0.12,3.88,3.0,97.0,12.0,2.911208151382824,6,6,0.0
34,6,194,3.0,0.12,3.88,3.0,97.0,12.0,2.911208151382824,6,6,0.0
35,7,193,3.5000000000000004,0.14,3.86,3.5000000000000004,96.5,14.000000000000002,3.3964095099466283,7,7,2.0000000000000018
36,7,193,3.5000000000000004,0.14,3.86,3.5000000000000004,96.5,14.000000000000002,3.3964095099466283,7,7,0.0
37,7,193,3.5000000000000004,0.14,3.86,3.5000000000000004,96.5,14.000000000000002,3.3964095099466283,7,7,0.0
38,7,193,3.5000000000000004,0.14,3.86,3.5000000000000004,96.5,14.000000000000002,3.3964095099466283,7,7,0.0
39,7,193,3.5000000000000004,0.14,3.86,3.5000000000000004,96.5,14.000000000000002,3.3964095099466283,7,7,0.0
40,9,191,4.5,0.18,3.82,4.5,95.5,18.0,4.366812227074236,9,9,3.9999999999999982
41,9,191,4.5,0.18,3.82,4.5,95.5,18.0,4.366812227074236,9,9,0.0
42,9,191,4.5,0.18,3.82,4.5,95.5,18.0,4.366812227074236,9,9,0.0
43,9,191,4.5,0.18,3.82,4.5,95.5,18.0,4.366812227074236,9,9,0.0
44,10,190,5.0,0.2,3.8,5.0,95.0,20.0,4.85201358563804,10,10,2.0
45,10,190,5.0,0.2,3.8,5.0,95.0,20.0,4.85201358563804,10,10,0.0
46,11,189,5.5,0.22,3.78,5.5,94.5,22.0,5.337214944201843,11,11,2.0
47,12,188,6.0,0.24,3.76,6.0,93.99999999999999,24.0,5.822416302765648,12,12,2.0
48,13,187,6.5,0.26,3.74,6.5,93.5,26.0,6.307617661329452,13,13,2.0
49,13,187,6.5,0.26,3.74,6.5,93.5,26.0,6.307617661329452,13,13,0.0
50,14,186,7.000000000000001,0.28,3.7199999999999998,7.000000000000001,92.99999999999999,28.000000000000004,6.7928190198932565,14,14,2.0000000000000036
51,14,186,7.000000000000001,0.28,3.7199999999999998,7.000000000000001,92.99999999999999,28.000000000000004,6.7928190198932565,14,14,0.0
52,14,186,7.000000000000001,0.28,3.7199999999999998,7.000000000000001,92.99999999999999,28.000000000000004,6.7928190198932565,14,14,0.0
53,14,186,7.000000000000001,0.28,3.7199999999999998,7.000000000000001,92.99999999999999,28.000000000000004,6.7928190198932565,14,14,0.0
54,14,186,7.000000000000001,0.28,3.7199999999999998,7.000000000000001,92.99999999999999,28.000000000000004,6.7928190198932565,14,14,0.0
55,14,186,7.000000000000001,0.28,3.7199999999999998,7.000000000000001,92.99999999999999,28.000000000000004,6.7928190198932565,14,14,0.0
56,14,186,7.000000000000001,0.28,3.7199999999999998,7.000000000000001,92.99999999999999,28.000000000000004,6.7928190198932565,14,14,0.0
57,14,186,7.000000000000001,0.28,3.7199999999999998,7.000000000000001,92.99999999999999,28.000000000000004,6.7928190198932565,14,14,0.0
58,15,185,7.5,0.3,3.7,7.5,92.5,30.0,7.27802037845706,15,15,1.9999999999999964
59,15,185,7.5,0.3,3.7,7.5,92.5,30.0,7.27802037845706,15,15,0.0
60,16,184,8.0,0.32,3.68,8.0,92.0,32.0,7.7632217370208645,16,16,2.0
61,16,184,8.0,0.32,3.68,8.0,92.0,32.0,7.7632217370208645,16,16,0.0
62,16,184,8.0,0.32,3.68,8.0,92.0,32.0,7.7632217370208645,16,16,0.0
63,17,183,8.5,0.34,3.66,8.5,91.5,34.0,8.248423095584668,17,17,2.0
64,17,183,8.5,0.34,3.66,8.5,91.5,34.0,8.248423095584668,17,17,0.0
65,17,183,8.5,0.34,3.66,8.5,91.5,34.0,8.248423095584668,17,17,0.0
66,18,182,9.0,0.36,3.64,9.0,91.0,36.0,8.733624454148472,18,18,2.0
67,19,181,9.5,0.38,3.62,9.5,90.5,38.0,9.218825812712275,19,19,2.0
68,19,181,9.5,0.38,3.62,9.5,90.5,38.0,9.218825812712275,19,19,0.0
69,19,181,9.5,0.38,3.62,9.5,90.5,38.0,9.218825812712275,19,19,0.0
70,19,181,9.5,0.38,3.62,9.5,90.5,38.0,9.218825812712275,19,19,0.0
71,19,181,9.5,0.38,3.62,9.5,90.5,38.0,9.218825812712275,19,19,0.0
72,20,180,10.0,0.4,3.6,10.0,90.0,40.0,9.70402717127608,20,20,2.0
73,20,180,10.0,0.4,3.6,10.0,90.0,40.0,9.70402717127608,20,20,0.0
74,20,180,10.0,0.4,3.6,10.0,90.0,40.0,9.70402717127608,20,20,0.0
75,20,180,10.0,0.4,3.6,10.0,90.0,40.0,9.70402717127608,20,20,0.0
76,20,180,10.0,0.4,3.6,10.0,90.0,40.0,9.70402717127608,20,20,0.0
77,21,179,10.5,0.42,3.58,10.5,89.5,42.0,10.189228529839884,21,21,2.0
78,21,179,10.5,0.42,3.58,10.5,89.5,42.0,10.189228529839884,21,21,0.0
79,21,179,10.5,0.42,3.58,10.5,89.5,42.0,10.189228529839884,21,21,0.0
80,21,179,10.5,0.42,3.58,10.5,89.5,42.0,10.189228529839884,21,21,0.0
81,21,179,10.5,0.42,3.58,10.5,89.5,42.0,10.189228529839884,21,21,0.0
82,21,179,10.5,0.42,3.58,10.5,89.5,42.0,10.189228529839884,21,21,0.0
83,21,179,10.5,0.42,3.58,10.5,89.5,42.0,10.189228529839884,21,21,0.0
84,21,179,10.5,0.42,3.58,10.5,89.5,42.0,10.189228529839884,21,21,0.0
85,21,179,10.5,0.42,3.58,10.5,89.5,42.0,10.189228529839884,21,21,0.0
86,21,179,10.5,0.42,3.58,10.5,89.5,42.0,10.189228529839884,21,21,0.0
87,21,179,10.5,0.42,3.58,10.5,89.5,42.0,10.189228529839884,21,21,0.0
88,21,179,10.5,0.42,3.58,10.5,89.5,42.0,10.189228529839884,21,21,0.0
89,21,179,10.5,0.42,3.58,10.5,89.5,42.0,10.189228529839884,21,21,0.0
90,21,179,10.5,0.42,3.58,10.5,89.5,42.0,10.189228529839884,21,21,0.0
91,21,179,10.5,0.42,3.58,10.5,89.5,42.0,10.189228529839884,21,21,0.0
92,22,178,11.0,0.44,3.56,11.0,89.0,44.0,10.674429888403687,22,22,2.0
93,23,177,11.5,0.46,3.54,11.5,88.5,46.0,11.159631246967491,24,23,2.0
94,23,177,11.5,0.46,3.54,11.5,88.5,46.0,11.159631246967491,24,23,0.0
95,23,177,11.5,0.46,3.54,11.5,88.5,46.0,11.159631246967491,24,23,0.0
96,23,177,11.5,0.46,3.54,11.5,88.5,46.0,11.159631246967491,24,23,0.0
97,24,176,12.0,0.48,3.52,12.0,88.0,48.0,11.644832605531295,25,24,2.0
98,25,175,12.5,0.5,3.5,12.5,87.5,50.0,12.1300339640951,26,25,2.0
99,26,174,13.0,0.52,3.48,13.0,87.0,52.0,12.615235322658904,27,26,2.0
100,26,174,13.0,0.52,3.48,13.0,87.0,52.0,12.615235322658904,28,26,0.0
101,26,174,13.0,0.52,3.48,13.0,87.0,52.0,12.615235322658904,28,26,0.0
102,27,173,13.5,0.54,3.46,13.5,86.5,54.0,13.100436681222707,29,27,2.0
103,27,173,13.5,0.54,3.46,13.5,86.5,54.0,13.100436681222707,29,27,0.0
104,27,173,13.5,0.54,3.46,13.5,86.5,54.0,13.100436681222707,29,27,0.0
105,27,173,13.5,0.54,3.46,13.5,86.5,54.0,13.100436681222707,29,27,0.0
106,27,173,13.5,0.54,3.46,13.5,86.5,54.0,13.100436681222707,29,27,0.0
107,27,173,13.5,0.54,3.46,13.5,86.5,54.0,13.100436681222707,30,27,0.0
108,27,173,13.5,0.54,3.46,13.5,86.5,54.0,13.100436681222707,30,27,0.0
109,27,173,13.5,0.54,3.46,13.5,86.5,54.0,13.100436681222707,30,27,0.0
110,28,172,14.000000000000002,0.56,3.44,14.000000000000002,86.0,56.00000000000001,13.585638039786513,31,28,2.000000000000007
111,28,172,14.000000000000002,0.56,3.44,14.000000000000002,86.0,56.00000000000001,13.585638039786513,31,28,0.0
112,29,171,14.499999999999998,0.58,3.42,14.499999999999998,85.5,57.99999999999999,14.070839398350312,33,29,1.9999999999999858
113,29,171,14.499999999999998,0.58,3.42,14.499999999999998,85.5,57.99999999999999,14.070839398350312,33,29,0.0
114,29,171,14.499999999999998,0.58,3.42,14.499999999999998,85.5,57.99999999999999,14.070839398350312,33,29,0.0
115,29,171,14.499999999999998,0.58,3.42,14.499999999999998,85.5,57.99999999999999,14.070839398350312,33,29,0.0
116,30,170,15.0,0.6,3.4,15.0,85.0,60.0,14.55604075691412,35,30,2.000000000000007
117,30,170,15.0,0.6,3.4,15.0,85.0,60.0,14.55604075691412,36,30,0.0
118,30,170,15.0,0.6,3.4,15.0,85.0,60.0,14.55604075691412,36,30,0.0
119,30,170,15.0,0.6,3.4,15.0,85.0,60.0,14.55604075691412,36,30,0.0
120,30,170,15.0,0.6,3.4,15.0,85.0,60.0,14.55604075691412,36,30,0.0
121,30,170,15.0,0.6,3.4,15.0,85.0,60.0,14.55604075691412,36,30,0.0
122,30,170,15.0,0.6,3.4,15.0,85.0,60.0,14.55604075691412,36,30,0.0
123,30,170,15.0,0.6,3.4,15.0,85.0,60.0,14.55604075691412,36,30,0.0
124,30,170,15.0,0.6,3.4,15.0,85.0,60.0,14.55604075691412,36,30,0.0
125,30,170,15.0,0.6,3.4,15.0,85.0,60.0,14.55604075691412,37,30,0.0
126,30,170,15.0,0.6,3.4,15.0,85.0,60.0,14.55604075691412,38,30,0.0
127,30,170,15.0,0.6,3.4,15.0,85.0,60.0,14.55604075691412,38,30,0.0
128,30,170,15.0,0.6,3.4,15.0,85.0,60.0,14.55604075691412,38,30,0.0
129,30,170,15.0,0.6,3.4,15.0,85.0,60.0,14.55604075691412,38,30,0.0
130,30,170,15.0,0.6,3.4,15.0,85.0,60.0,14.55604075691412,38,30,0.0
131,30,170,15.0,0.6,3.4,15.0,85.0,60.0,14.55604075691412,38,30,0.0
132,30,170,15.0,0.6,3.4,15.0,85.0,60.0,14.55604075691412,38,30,0.0
133,30,170,15.0,0.6,3.4,15.0,85.0,60.0,14.55604075691412,38,30,0.0
134,30,170,15.0,0.6,3.4,15.0,85.0,60.0,14.55604075691412,38,30,0.0
135,31,169,15.5,0.62,3.38,15.5,84.5,62.0,15.041242115477923,39,31,2.0
136,31,169,15.5,0.62,3.38,15.5,84.5,62.0,15.041242115477923,39,31,0.0
137,31,169,15.5,0.62,3.38,15.5,84.5,62.0,15.041242115477923,39,31,0.0
138,32,168,16.0,0.64,3.36,16.0,84.0,64.0,15.526443474041729,40,32,2.0
139,32,168,16.0,0.64,3.36,16.0,84.0,64.0,15.526443474041729,40,32,0.0
140,33,167,16.5,0.66,3.34,16.5,83.5,66.0,16.011644832605533,41,33,2.0
141,33,167,16.5,0.66,3.34,16.5,83.5,66.0,16.011644832605533,41,33,0.0
142,33,167,16.5,0.66,3.34,16.5,83.5,66.0,16.011644832605533,41,33,0.0
143,33,167,16.5,0.66,3.34,16.5,83.5,66.0,16.011644832605533,41,33,0.0
144,33,167,16.5,0.66,3.34,16.5,83.5,66.0,16.011644832605533,41,33,0.0
145,33,167,16.5,0.66,3.34,16.5,83.5,66.0,16.011644832605533,41,33,0.0
146,33,167,16.5,0.66,3.34,16.5,83.5,66.0,16.011644832605533,41,33,0.0
147,34,166,17.0,0.68,3.32,17.0,83.0,68.0,16.496846191169336,42,34,2.0
148,34,166,17.0,0.68,3.32,17.0,83.0,68.0,16.496846191169336,42,34,0.0
149,34,166,17.0,0.68,3.32,17.0,83.0,68.0,16.496846191169336,42,34,0.0
150,34,166,17.0,0.68,3.32,17.0,83.0,68.0,16.496846191169336,42,34,0.0
151,34,166,17.0,0.68,3.32,17.0,83.0,68.0,16.496846191169336,42,34,0.0
152,34,166,17.0,0.68,3.32,17.0,83.0,68.0,16.496846191169336,42,34,0.0
153,34,166,17.0,0.68,3.32,17.0,83.0,68.0,16.496846191169336,42,34,0.0
154,34,166,17.0,0.68,3.32,17.0,83.0,68.0,16.496846191169336,42,34,0.0
155,34,166,17.0,0.68,3.32,17.0,83.0,68.0,16.496846191169336,42,34,0.0
156,34,166,17.0,0.68,3.32,17.0,83.0,68.0,16.496846191169336,42,34,0.0
157,34,166,17.0,0.68,3.32,17.0,83.0,68.0,16.496846191169336,42,34,0.0
158,34,166,17.0,0.68,3.32,17.0,83.0,68.0,16.496846191169336,42,34,0.0
159,34,166,17.0,0.68,3.32,17.0,83.0,68.0,16.496846191169336,42,34,0.0
160,34,166,17.0,0.68,3.32,17.0,83.0,68.0,16.496846191169336,42,34,0.0
161,35,165,17.5,0.7000000000000001,3.3,17.5,82.5,70.0,16.98204754973314,43,35,2.0
162,35,165,17.5,0.7000000000000001,3.3,17.5,82.5,70.0,16.98204754973314,43,35,0.0
163,35,165,17.5,0.7000000000000001,3.3,17.5,82.5,70.0,16.98204754973314,43,35,0.0
164,35,165,17.5,0.7000000000000001,3.3,17.5,82.5,70.0,16.98204754973314,43,35,0.0
165,35,165,17.5,0.7000000000000001,3.3,17.5,82.5,70.0,16.98204754973314,43,35,0.0
166,35,165,17.5,0.7000000000000001,3.3,17.5,82.5,70.0,16.98204754973314,43,35,0.0
167,35,165,17.5,0.7000000000000001,3.3,17.5,82.5,70.0,16.98204754973314,43,35,0.0
168,35,165,17.5,0.7000000000000001,3.3,17.5,82.5,70.0,16.98204754973314,43,35,0.0
169,35,165,17.5,0.7000000000000001,3.3,17.5,82.5,70.0,16.98204754973314,43,35,0.0
170,35,165,17.5,0.7000000000000001,3.3,17.5,82.5,70.0,16.98204754973314,43,35,0.0
171,35,165,17.5,0.7000000000000001,3.3,17.5,82.5,70.0,16.98204754973314,43,35,0.0
172,35,165,17.5,0.7000000000000001,3.3,17.5,82.5,70.0,16.98204754973314,43,35,0.0
173,35,165,17.5,0.7000000000000001,3.3,17.5,82.5,70.0,16.98204754973314,43,35,0.0
174,35,165,17.5,0.7000000000000001,3.3,17.5,82.5,70.0,16.98204754973314,43,35,0.0
175,35,165,17.5,0.7000000000000001,3.3,17.5,82.5,70.0,16.98204754973314,43,35,0.0
176,35,165,17.5,0.7000000000000001,3.3,17.5,82.5,70.0,16.98204754973314,43,35,0.0
177,35,165,17.5,0.7000000000000001,3.3,17.5,82.5,70.0,16.98204754973314,43,35,0.0
178,35,165,17.5,0.7000000000000001,3.3,17.5,82.5,70.0,16.98204754973314,43,35,0.0
179,35,165,17.5,0.7000000000000001,3.3,17.5,82.5,70.0,16.98204754973314,43,35,0.0
180,36,164,18.0,0.72,3.2800000000000002,18.0,82.0,72.0,17.467248908296945,44,36,2.0
181,36,164,18.0,0.72,3.2800000000000002,18.0,82.0,72.0,17.467248908296945,44,36,0.0
182,36,164,18.0,0.72,3.2800000000000002,18.0,82.0,72.0,17.467248908296945,44,36,0.0
183,36,164,18.0,0.72,3.2800000000000002,18.0,82.0,72.0,17.467248908296945,44,36,0.0
184,36,164,18.0,0.72,3.2800000000000002,18.0,82.0,72.0,17.467248908296945,44,36,0.0
185,36,164,18.0,0.72,3.2800000000000002,18.0,82.0,72.0,17.467248908296945,44,36,0.0
186,36,164,18.0,0.72,3.2800000000000002,18.0,82.0,72.0,17.467248908296945,44,36,0.0
187,37,163,18.5,0.74,3.26,18.5,81.5,74.0,17.952450266860748,45,37,2.0
188,37,163,18.5,0.74,3.26,18.5,81.5,74.0,17.952450266860748,45,37,0.0
189,37,163,18.5,0.74,3.26,18.5,81.5,74.0,17.952450266860748,45,37,0.0
190,37,163,18.5,0.74,3.26,18.5,81.5,74.0,17.952450266860748,45,37,0.0
191,37,163,18.5,0.74,3.26,18.5,81.5,74.0,17.952450266860748,45,37,0.0
192,37,163,18.5,0.74,3.26,18.5,81.5,74.0,17.952450266860748,45,37,0.0
193,38,162,19.0,0.76,3.24,19.0,81.0,76.0,18.43765162542455,46,38,2.0
194,38,162,19.0,0.76,3.24,19.0,81.0,76.0,18.43765162542455,46,38,0.0
195,38,162,19.0,0.76,3.24,19.0,81.0,76.0,18.43765162542455,46,38,0.0
196,38,162,19.0,0.76,3.24,19.0,81.0,76.0,18.43765162542455,46,38,0.0
197,38,162,19.0,0.76,3.24,19.0,81.0,76.0,18.43765162542455,46,38,0.0
198,38,162,19.0,0.76,3.24,19.0,81.0,76.0,18.43765162542455,46,38,0.0
199,38,162,19.0,0.76,3.24,19.0,81.0,76.0,18.43765162542455,46,38,0.0
200,38,162,19.0,0.76,3.24,19.0,81.0,76.0,18.43765162542455,46,38,0.0
201,38,162,19.0,0.76,3.24,19.0,81.0,76.0,18.43765162542455,46,38,0.0
202,39,161,19.5,0.78,3.2199999999999998,19.5,80.49999999999999,78.0,18.922852983988356,47,39,2.0
203,39,161,19.5,0.78,3.2199999999999998,19.5,80.49999999999999,78.0,18.922852983988356,47,39,0.0
204,39,161,19.5,0.78,3.2199999999999998,19.5,80.49999999999999,78.0,18.922852983988356,48,39,0.0
205,39,161,19.5,0.78,3.2199999999999998,19.5,80.49999999999999,78.0,18.922852983988356,48,39,0.0
206,40,160,20.0,0.8,3.2,20.0,80.0,80.0,19.40805434255216,49,40,2.0
207,40,160,20.0,0.8,3.2,20.0,80.0,80.0,19.40805434255216,49,40,0.0
208,40,160,20.0,0.8,3.2,20.0,80.0,80.0,19.40805434255216,49,40,0.0
209,40,160,20.0,0.8,3.2,20.0,80.0,80.0,19.40805434255216,49,40,0.0
210,40,160,20.0,0.8,3.2,20.0,80.0,80.0,19.40805434255216,49,40,0.0
211,40,160,20.0,0.8,3.2,20.0,80.0,80.0,19.40805434255216,49,40,0.0
212,40,160,20.0,0.8,3.2,20.0,80.0,80.0,19.40805434255216,49,40,0.0
213,40,160,20.0,0.8,3.2,20.0,80.0,80.0,19.40805434255216,49,40,0.0
214,41,159,20.5,0.8200000000000001,3.1799999999999997,20.5,79.49999999999999,82.0,19.893255701115965,50,41,2.0
215,42,158,21.0,0.84,3.16,21.0,79.0,84.0,20.378457059679768,51,42,2.0
216,42,158,21.0,0.84,3.16,21.0,79.0,84.0,20.378457059679768,51,42,0.0
217,42,158,21.0,0.84,3.16,21.0,79.0,84.0,20.378457059679768,51,42,0.0
218,42,158,21.0,0.84,3.16,21.0,79.0,84.0,20.378457059679768,51,42,0.0
219,43,157,21.5,0.86,3.14,21.5,78.5,86.0,20.86365841824357,52,43,2.0
220,43,157,21.5,0.86,3.14,21.5,78.5,86.0,20.86365841824357,52,43,0.0
221,43,157,21.5,0.86,3.14,21.5,78.5,86.0,20.86365841824357,52,43,0.0
222,44,156,22.0,0.88,3.12,22.0,78.0,88.0,21.348859776807373,53,44,2.0
223,44,156,22.0,0.88,3.12,22.0,78.0,88.0,21.348859776807373,53,44,0.0
224,44,156,22.0,0.88,3.12,22.0,78.0,88.0,21.348859776807373,53,44,0.0
225,44,156,22.0,0.88,3.12,22.0,78.0,88.0,21.348859776807373,53,44,0.0
226,44,156,22.0,0.88,3.12,22.0,78.0,88.0,21.348859776807373,53,44,0.0
227,45,155,22.5,0.9,3.1,22.5,77.5,90.0,21.83406113537118,54,45,2.0
228,45,155,22.5,0.9,3.1,22.5,77.5,90.0,21.83406113537118,54,45,0.0
229,45,155,22.5,0.9,3.1,22.5,77.5,90.0,21.83406113537118,54,45,0.0
230,45,155,22.5,0.9,3.1,22.5,77.5,90.0,21.83406113537118,54,45,0.0
231,45,155,22.5,0.9,3.1,22.5,77.5,90.0,21.83406113537118,54,45,0.0
232,46,154,23.0,0.92,3.08,23.0,77.0,92.0,22.319262493934982,55,46,2.0
233,47,153,23.5,0.9400000000000001,3.06,23.5,76.5,94.0,22.804463852498788,56,47,2.0
234,47,153,23.5,0.9400000000000001,3.06,23.5,76.5,94.0,22.804463852498788,56,47,0.0
235,47,153,23.5,0.9400000000000001,3.06,23.5,76.5,94.0,22.804463852498788,56,47,0.0
236,47,153,23.5,0.9400000000000001,3.06,23.5,76.5,94.0,22.804463852498788,56,47,0.0
237,47,153,23.5,0.9400000000000001,3.06,23.5,76.5,94.0,22.804463852498788,56,47,0.0
238,47,153,23.5,0.9400000000000001,3.06,23.5,76.5,94.0,22.804463852498788,56,47,0.0
239,47,153,23.5,0.9400000000000001,3.06,23.5,76.5,94.0,22.804463852498788,56,47,0.0
240,47,153,23.5,0.9400000000000001,3.06,23.5,76.5,94.0,22.804463852498788,56,47,0.0
241,48,152,24.0,0.96,3.04,24.0,76.0,96.0,23.28966521106259,57,48,2.0
242,48,152,24.0,0.96,3.04,24.0,76.0,96.0,23.28966521106259,57,48,0.0
243,48,152,24.0,0.96,3.04,24.0,76.0,96.0,23.28966521106259,57,48,0.0
244,48,152,24.0,0.96,3.04,24.0,76.0,96.0,23.28966521106259,57,48,0.0
245,49,151,24.5,0.98,3.02,24.5,75.5,98.0,23.774866569626397,58,49,2.0
246,49,151,24.5,0.98,3.02,24.5,75.5,98.0,23.774866569626397,58,49,0.0
247,49,151,24.5,0.98,3.02,24.5,75.5,98.0,23.774866569626397,58,49,0.0
248,49,151,24.5,0.98,3.02,24.5,75.5,98.0,23.774866569626397,58,49,0.0
249,49,151,24.5,0.98,3.02,24.5,75.5,98.0,23.774866569626397,58,49,0.0
250,49,151,24.5,0.98,3.02,24.5,75.5,98.0,23.774866569626397,58,49,0.0
251,49,151,24.5,0.98,3.02,24.5,75.5,98.0,23.774866569626397,58,49,0.0
252,49,151,24.5,0.98,3.02,24.5,75.5,98.0,23.774866569626397,58,49,0.0
253,49,151,24.5,0.98,3.02,24.5,75.5,98.0,23.774866569626397,58,49,0.0
254,49,151,24.5,0.98,3.02,24.5,75.5,98.0,23.774866569626397,58,49,0.0
255,49,151,24.5,0.98,3.02,24.5,75.5,98.0,23.774866569626397,58,49,0.0
256,49,151,24.5,0.98,3.02,24.5,75.5,98.0,23.774866569626397,58,49,0.0
257,49,151,24.5,0.98,3.02,24.5,75.5,98.0,23.774866569626397,58,49,0.0
258,49,151,24.5,0.98,3.02,24.5,75.5,98.0,23.774866569626397,58,49,0.0
259,49,151,24.5,0.98,3.02,24.5,75.5,98.0,23.774866569626397,58,49,0.0
260,49,151,24.5,0.98,3.02,24.5,75.5,98.0,23.774866569626397,58,49,0.0
261,49,151,24.5,0.98,3.02,24.5,75.5,98.0,23.774866569626397,58,49,0.0
262,49,151,24.5,0.98,3.02,24.5,75.5,98.0,23.774866569626397,58,49,0.0
263,49,151,24.5,0.98,3.02,24.5,75.5,98.0,23.774866569626397,58,49,0.0
264,49,151,24.5,0.98,3.02,24.5,75.5,98.0,23.774866569626397,58,49,0.0
265,49,151,24.5,0.98,3.02,24.5,75.5,98.0,23.774866569626397,58,49,0.0
266,49,151,24.5,0.98,3.02,24.5,75.5,98.0,23.774866569626397,58,49,0.0
267,49,151,24.5,0.98,3.02,24.5,75.5,98.0,23.774866569626397,58,49,0.0
268,49,151,24.5,0.98,3.02,24.5,75.5,98.0,23.774866569626397,58,49,0.0
269,49,151,24.5,0.98,3.02,24.5,75.5,98.0,23.774866569626397,58,49,0.0
270,49,151,24.5,0.98,3.02,24.5,75.5,98.0,23.774866569626397,58,49,0.0
271,49,151,24.5,0.98,3.02,24.5,75.5,98.0,23.774866569626397,58,49,0.0
272,49,151,24.5,0.98,3.02,24.5,75.5,98.0,23.774866569626397,58,49,0.0
273,49,151,24.5,0.98,3.02,24.5,75.5,98.0,23.774866569626397,58,49,0.0
274,49,151,24.5,0.98,3.02,24.5,75.5,98.0,23.774866569626397,58,49,0.0
275,49,151,24.5,0.98,3.02,24.5,75.5,98.0,23.774866569626397,58,49,0.0
276,49,151,24.5,0.98,3.02,24.5,75.5,98.0,23.774866569626397,58,49,0.0
277,49,151,24.5,0.98,3.02,24.5,75.5,98.0,23.774866569626397,58,49,0.0
278,49,151,24.5,0.98,3.02,24.5,75.5,98.0,23.774866569626397,58,49,0.0
279,49,151,24.5,0.98,3.02,24.5,75.5,98.0,23.774866569626397,58,49,0.0
280,49,151,24.5,0.98,3.02,24.5,75.5,98.0,23.774866569626397,58,49,0.0
281,49,151,24.5,0.98,3.02,24.5,75.5,98.0,23.774866569626397,58,49,0.0
282,49,151,24.5,0.98,3.02,24.5,75.5,98.0,23.774866569626397,58,49,0.0
283,49,151,24.5,0.98,3.02,24.5,75.5,98.0,23.774866569626397,58,49,0.0
284,49,151,24.5,0.98,3.02,24.5,75.5,98.0,23.774866569626397,58,49,0.0
285,49,151,24.5,0.98,3.02,24.5,75.5,98.0,23.774866569626397,58,49,0.0
286,50,150,25.0,1.0,3.0,25.0,75.0,100.0,24.2600679281902,59,50,2.0
287,50,150,25.0,1.0,3.0,25.0,75.0,100.0,24.2600679281902,59,50,0.0
288,50,150,25.0,1.0,3.0,25.0,75.0,100.0,24.2600679281902,59,50,0.0
289,50,150,25.0,1.0,3.0,25.0,75.0,100.0,24.2600679281902,59,50,0.0
290,52,148,26.0,1.04,2.96,26.0,74.0,104.0,25.23047064531781,61,52,4.0
291,52,148,26.0,1.04,2.96,26.0,74.0,104.0,25.23047064531781,61,52,0.0
292,52,148,26.0,1.04,2.96,26.0,74.0,104.0,25.23047064531781,61,52,0.0
293,52,148,26.0,1.04,2.96,26.0,74.0,104.0,25.23047064531781,61,52,0.0
294,53,147,26.5,1.06,2.94,26.5,73.5,106.0,25.71567200388161,62,53,2.0
295,53,147,26.5,1.06,2.94,26.5,73.5,106.0,25.71567200388161,62,53,0.0
296,53,147,26.5,1.06,2.94,26.5,73.5,106.0,25.71567200388161,62,53,0.0
297,53,147,26.5,1.06,2.94,26.5,73.5,106.0,25.71567200388161,62,53,0.0
298,53,147,26.5,1.06,2.94,26.5,73.5,106.0,25.71567200388161,62,53,0.0
299,53,147,26.5,1.06,2.94,26.5,73.5,106.0,25.71567200388161,62,53,0.0
300,53,147,26.5,1.06,2.94,26.5,73.5,106.0,25.71567200388161,62,53,0.0
301,54,146,27.0,1.08,2.92,27.0,73.0,108.0,26.200873362445414,63,54,2.0
302,54,146,27.0,1.08,2.92,27.0,73.0,108.0,26.200873362445414,63,54,0.0
303,54,146,27.0,1.08,2.92,27.0,73.0,108.0,26.200873362445414,63,54,0.0
304,54,146,27.0,1.08,2.92,27.0,73.0,108.0,26.200873362445414,63,54,0.0
305,56,144,28.000000000000004,1.12,2.88,28.000000000000004,72.0,112.00000000000001,27.171276079573026,65,56,4.000000000000014
306,57,143,28.499999999999996,1.1400000000000001,2.86,28.500000000000004,71.5,114.00000000000001,27.65647743813683,66,57,2.0
307,57,143,28.499999999999996,1.1400000000000001,2.86,28.500000000000004,71.5,114.00000000000001,27.65647743813683,66,57,0.0
308,57,143,28.499999999999996,1.1400000000000001,2.86,28.500000000000004,71.5,114.00000000000001,27.65647743813683,66,57,0.0
309,57,143,28.499999999999996,1.1400000000000001,2.86,28.500000000000004,71.5,114.00000000000001,27.65647743813683,66,57,0.0
310,57,143,28.499999999999996,1.1400000000000001,2.86,28.500000000000004,71.5,114.00000000000001,27.65647743813683,66,57,0.0
311,57,143,28.499999999999996,1.1400000000000001,2.86,28.500000000000004,71.5,114.00000000000001,27.65647743813683,66,57,0.0
312,57,143,28.499999999999996,1.1400000000000001,2.86,28.500000000000004,71.5,114.00000000000001,27.65647743813683,66,57,0.0
313,57,143,28.499999999999996,1.1400000000000001,2.86,28.500000000000004,71.5,114.00000000000001,27.65647743813683,66,57,0.0
314,57,143,28.499999999999996,1.1400000000000001,2.86,28.500000000000004,71.5,114.00000000000001,27.65647743813683,66,57,0.0
315,57,143,28.499999999999996,1.1400000000000001,2.86,28.500000000000004,71.5,114.00000000000001,27.65647743813683,66,57,0.0
316,57,143,28.499999999999996,1.1400000000000001,2.86,28.500000000000004,71.5,114.00000000000001,27.65647743813683,66,57,0.0
317,57,143,28.499999999999996,1.1400000000000001,2.86,28.500000000000004,71.5,114.00000000000001,27.65647743813683,66,57,0.0
318,57,143,28.499999999999996,1.1400000000000001,2.86,28.500000000000004,71.5,114.00000000000001,27.65647743813683,66,57,0.0
319,57,143,28.499999999999996,1.1400000000000001,2.86,28.500000000000004,71.5,114.00000000000001,27.65647743813683,66,57,0.0
320,57,143,28.499999999999996,1.1400000000000001,2.86,28.500000000000004,71.5,114.00000000000001,27.65647743813683,66,57,0.0
321,58,142,28.999999999999996,1.16,2.84,28.999999999999996,71.0,115.99999999999999,28.141678796700624,67,58,1.9999999999999716
322,58,142,28.999999999999996,1.16,2.84,28.999999999999996,71.0,115.99999999999999,28.141678796700624,67,58,0.0
323,58,142,28.999999999999996,1.16,2.84,28.999999999999996,71.0,115.99999999999999,28.141678796700624,67,58,0.0
324,58,142,28.999999999999996,1.16,2.84,28.999999999999996,71.0,115.99999999999999,28.141678796700624,67,58,0.0
325,58,142,28.999999999999996,1.16,2.84,28.999999999999996,71.0,115.99999999999999,28.141678796700624,67,58,0.0
326,59,141,29.5,1.18,2.8200000000000003,29.499999999999996,70.5,117.99999999999999,28.626880155264434,68,59,2.0
327,59,141,29.5,1.18,2.8200000000000003,29.499999999999996,70.5,117.99999999999999,28.626880155264434,68,59,0.0
328,59,141,29.5,1.18,2.8200000000000003,29.499999999999996,70.5,117.99999999999999,28.626880155264434,68,59,0.0
329,59,141,29.5,1.18,2.8200000000000003,29.499999999999996,70.5,117.99999999999999,28.626880155264434,68,59,0.0
330,59,141,29.5,1.18,2.8200000000000003,29.499999999999996,70.5,117.99999999999999,28.626880155264434,68,59,0.0
331,59,141,29.5,1.18,2.8200000000000003,29.499999999999996,70.5,117.99999999999999,28.626880155264434,68,59,0.0
332,60,140,30.0,1.2,2.8,30.0,70.0,120.0,29.11208151382824,69,60,2.000000000000014
333,60,140,30.0,1.2,2.8,30.0,70.0,120.0,29.11208151382824,69,60,0.0
334,60,140,30.0,1.2,2.8,30.0,70.0,120.0,29.11208151382824,69,60,0.0
335,61,139,30.5,1.22,2.7800000000000002,30.5,69.5,122.0,29.597282872392043,70,61,2.0
336,61,139,30.5,1.22,2.7800000000000002,30.5,69.5,122.0,29.597282872392043,70,61,0.0
337,61,139,30.5,1.22,2.7800000000000002,30.5,69.5,122.0,29.597282872392043,70,61,0.0
338,61,139,30.5,1.22,2.7800000000000002,30.5,69.5,122.0,29.597282872392043,70,61,0.0
339,61,139,30.5,1.22,2.7800000000000002,30.5,69.5,122.0,29.597282872392043,70,61,0.0
340,61,139,30.5,1.22,2.7800000000000002,30.5,69.5,122.0,29.597282872392043,70,61,0.0
341,61,139,30.5,1.22,2.7800000000000002,30.5,69.5,122.0,29.597282872392043,70,61,0.0
342,61,139,30.5,1.22,2.7800000000000002,30.5,69.5,122.0,29.597282872392043,70,61,0.0
343,61,139,30.5,1.22,2.7800000000000002,30.5,69.5,122.0,29.597282872392043,70,61,0.0
344,61,139,30.5,1.22,2.7800000000000002,30.5,69.5,122.0,29.597282872392043,70,61,0.0
345,61,139,30.5,1.22,2.7800000000000002,30.5,69.5,122.0,29.597282872392043,70,61,0.0
346,61,139,30.5,1.22,2.7800000000000002,30.5,69.5,122.0,29.597282872392043,70,61,0.0
347,61,139,30.5,1.22,2.7800000000000002,30.5,69.5,122.0,29.597282872392043,70,61,0.0
348,61,139,30.5,1.22,2.7800000000000002,30.5,69.5,122.0,29.597282872392043,70,61,0.0
349,61,139,30.5,1.22,2.7800000000000002,30.5,69.5,122.0,29.597282872392043,70,61,0.0
350,61,139,30.5,1.22,2.7800000000000002,30.5,69.5,122.0,29.597282872392043,70,61,0.0
351,61,139,30.5,1.22,2.7800000000000002,30.5,69.5,122.0,29.597282872392043,70,61,0.0
352,61,139,30.5,1.22,2.7800000000000002,30.5,69.5,122.0,29.597282872392043,70,61,0.0
353,61,139,30.5,1.22,2.7800000000000002,30.5,69.5,122.0,29.597282872392043,70,61,0.0
354,62,138,31.0,1.24,2.76,31.0,69.0,124.0,30.082484230955846,71,62,2.0
355,62,138,31.0,1.24,2.76,31.0,69.0,124.0,30.082484230955846,71,62,0.0
356,62,138,31.0,1.24,2.76,31.0,69.0,124.0,30.082484230955846,71,62,0.0
357,62,138,31.0,1.24,2.76,31.0,69.0,124.0,30.082484230955846,71,62,0.0
358,62,138,31.0,1.24,2.76,31.0,69.0,124.0,30.082484230955846,71,62,0.0
359,62,138,31.0,1.24,2.76,31.0,69.0,124.0,30.082484230955846,71,62,0.0
360,62,138,31.0,1.24,2.76,31.0,69.0,124.0,30.082484230955846,71,62,0.0
361,62,138,31.0,1.24,2.76,31.0,69.0,124.0,30.082484230955846,71,62,0.0
362,62,138,31.0,1.24,2.76,31.0,69.0,124.0,30.082484230955846,71,62,0.0
363,62,138,31.0,1.24,2.76,31.0,69.0,124.0,30.082484230955846,71,62,0.0
364,62,138,31.0,1.24,2.76,31.0,69.0,124.0,30.082484230955846,71,62,0.0
365,62,138,31.0,1.24,2.76,31.0,69.0,124.0,30.082484230955846,71,62,0.0
366,62,138,31.0,1.24,2.76,31.0,69.0,124.0,30.082484230955846,71,62,0.0
367,62,138,31.0,1.24,2.76,31.0,69.0,124.0,30.082484230955846,71,62,0.0
368,62,138,31.0,1.24,2.76,31.0,69.0,124.0,30.082484230955846,71,62,0.0
369,62,138,31.0,1.24,2.76,31.0,69.0,124.0,30.082484230955846,71,62,0.0
370,65,135,32.5,1.3,2.7,32.5,67.5,130.0,31.53808830664726,74,65,6.0
371,65,135,32.5,1.3,2.7,32.5,67.5,130.0,31.53808830664726,74,65,0.0
372,65,135,32.5,1.3,2.7,32.5,67.5,130.0,31.53808830664726,74,65,0.0
373,65,135,32.5,1.3,2.7,32.5,67.5,130.0,31.53808830664726,74,65,0.0
374,65,135,32.5,1.3,2.7,32.5,67.5,130.0,31.53808830664726,74,65,0.0
375,65,135,32.5,1.3,2.7,32.5,67.5,130.0,31.53808830664726,74,65,0.0
376,65,135,32.5,1.3,2.7,32.5,67.5,130.0,31.53808830664726,74,65,0.0
377,65,135,32.5,1.3,2.7,32.5,67.5,130.0,31.53808830664726,74,65,0.0
378,65,135,32.5,1.3,2.7,32.5,67.5,130.0,31.53808830664726,74,65,0.0
379,66,134,33.0,1.32,2.6799999999999997,33.0,66.99999999999999,132.0,32.02328966521107,75,66,2.0
380,66,134,33.0,1.32,2.6799999999999997,33.0,66.99999999999999,132.0,32.02328966521107,75,66,0.0
381,66,134,33.0,1.32,2.6799999999999997,33.0,66.99999999999999,132.0,32.02328966521107,75,66,0.0
382,66,134,33.0,1.32,2.6799999999999997,33.0,66.99999999999999,132.0,32.02328966521107,75,66,0.0
383,66,134,33.0,1.32,2.6799999999999997,33.0,66.99999999999999,132.0,32.02328966521107,75,66,0.0
384,66,134,33.0,1.32,2.6799999999999997,33.0,66.99999999999999,132.0,32.02328966521107,75,66,0.0
385,66,134,33.0,1.32,2.6799999999999997,33.0,66.99999999999999,132.0,32.02328966521107,75,66,0.0
386,66,134,33.0,1.32,2.6799999999999997,33.0,66.99999999999999,132.0,32.02328966521107,76,66,0.0
387,66,134,33.0,1.32,2.6799999999999997,33.0,66.99999999999999,132.0,32.02328966521107,76,66,0.0
388,66,134,33.0,1.32,2.6799999999999997,33.0,66.99999999999999,132.0,32.02328966521107,77,66,0.0
389,66,134,33.0,1.32,2.6799999999999997,33.0,66.99999999999999,132.0,32.02328966521107,77,66,0.0
390,66,134,33.0,1.32,2.6799999999999997,33.0,66.99999999999999,132.0,32.02328966521107,77,66,0.0
391,66,134,33.0,1.32,2.6799999999999997,33.0,66.99999999999999,132.0,32.02328966521107,77,66,0.0
392,66,134,33.0,1.32,2.6799999999999997,33.0,66.99999999999999,132.0,32.02328966521107,77,66,0.0
393,68,132,34.0,1.36,2.6399999999999997,34.0,65.99999999999999,136.0,32.99369238233867,79,68,4.0
394,68,132,34.0,1.36,2.6399999999999997,34.0,65.99999999999999,136.0,32.99369238233867,79,68,0.0
395,68,132,34.0,1.36,2.6399999999999997,34.0,65.99999999999999,136.0,32.99369238233867,79,68,0.0
396,68,132,34.0,1.36,2.6399999999999997,34.0,65.99999999999999,136.0,32.99369238233867,79,68,0.0
397,68,132,34.0,1.36,2.6399999999999997,34.0,65.99999999999999,136.0,32.99369238233867,79,68,0.0
398,68,132,34.0,1.36,2.6399999999999997,34.0,65.99999999999999,136.0,32.99369238233867,79,68,0.0
399,68,132,34.0,1.36,2.6399999999999997,34.0,65.99999999999999,136.0,32.99369238233867,79,68,0.0
400,68,132,34.0,1.36,2.6399999999999997,34.0,65.99999999999999,136.0,32.99369238233867,79,68,0.0
401,68,132,34.0,1.36,2.6399999999999997,34.0,65.99999999999999,136.0,32.99369238233867,79,68,0.0
402,69,131,34.5,1.3800000000000001,2.62,34.5,65.5,138.0,33.47889374090248,80,69,2.0
403,69,131,34.5,1.3800000000000001,2.62,34.5,65.5,138.0,33.47889374090248,80,69,0.0
404,69,131,34.5,1.3800000000000001,2.62,34.5,65.5,138.0,33.47889374090248,81,69,0.0
405,69,131,34.5,1.3800000000000001,2.62,34.5,65.5,138.0,33.47889374090248,81,69,0.0
406,69,131,34.5,1.3800000000000001,2.62,34.5,65.5,138.0,33.47889374090248,81,69,0.0
407,69,131,34.5,1.3800000000000001,2.62,34.5,65.5,138.0,33.47889374090248,81,69,0.0
408,69,131,34.5,1.3800000000000001,2.62,34.5,65.5,138.0,33.47889374090248,81,69,0.0
409,69,131,34.5,1.3800000000000001,2.62,34.5,65.5,138.0,33.47889374090248,81,69,0.0
410,69,131,34.5,1.3800000000000001,2.62,34.5,65.5,138.0,33.47889374090248,81,69,0.0
411,69,131,34.5,1.3800000000000001,2.62,34.5,65.5,138.0,33.47889374090248,81,69,0.0
412,69,131,34.5,1.3800000000000001,2.62,34.5,65.5,138.0,33.47889374090248,81,69,0.0
413,69,131,34.5,1.3800000000000001,2.62,34.5,65.5,138.0,33.47889374090248,81,69,0.0
414,69,131,34.5,1.3800000000000001,2.62,34.5,65.5,138.0,33.47889374090248,81,69,0.0
415,69,131,34.5,1.3800000000000001,2.62,34.5,65.5,138.0,33.47889374090248,81,69,0.0
416,70,130,35.0,1.4000000000000001,2.5999999999999996,35.0,64.99999999999999,140.0,33.96409509946628,83,70,2.0
417,70,130,35.0,1.4000000000000001,2.5999999999999996,35.0,64.99999999999999,140.0,33.96409509946628,84,70,0.0
418,70,130,35.0,1.4000000000000001,2.5999999999999996,35.0,64.99999999999999,140.0,33.96409509946628,84,70,0.0
419,70,130,35.0,1.4000000000000001,2.5999999999999996,35.0,64.99999999999999,140.0,33.96409509946628,84,70,0.0
420,70,130,35.0,1.4000000000000001,2.5999999999999996,35.0,64.99999999999999,140.0,33.96409509946628,84,70,0.0
421,70,130,35.0,1.4000000000000001,2.5999999999999996,35.0,64.99999999999999,140.0,33.96409509946628,84,70,0.0
422,70,130,35.0,1.4000000000000001,2.5999999999999996,35.0,64.99999999999999,140.0,33.96409509946628,84,70,0.0
423,70,130,35.0,1.4000000000000001,2.5999999999999996,35.0,64.99999999999999,140.0,33.96409509946628,84,70,0.0
424,70,130,35.0,1.4000000000000001,2.5999999999999996,35.0,64.99999999999999,140.0,33.96409509946628,84,70,0.0
425,71,129,35.5,1.42,2.58,35.5,64.5,142.0,34.449296458030084,85,71,2.0
426,71,129,35.5,1.42,2.58,35.5,64.5,142.0,34.449296458030084,85,71,0.0
427,71,129,35.5,1.42,2.58,35.5,64.5,142.0,34.449296458030084,85,71,0.0
428,71,129,35.5,1.42,2.58,35.5,64.5,142.0,34.449296458030084,85,71,0.0
429,71,129,35.5,1.42,2.58,35.5,64.5,142.0,34.449296458030084,85,71,0.0
430,71,129,35.5,1.42,2.58,35.5,64.5,142.0,34.449296458030084,86,71,0.0
431,71,129,35.5,1.42,2.58,35.5,64.5,142.0,34.449296458030084,87,71,0.0
432,71,129,35.5,1.42,2.58,35.5,64.5,142.0,34.449296458030084,88,71,0.0
433,71,129,35.5,1.42,2.58,35.5,64.5,142.0,34.449296458030084,89,71,0.0
434,71,129,35.5,1.42,2.58,35.5,64.5,142.0,34.449296458030084,89,71,0.0
435,71,129,35.5,1.42,2.58,35.5,64.5,142.0,34.449296458030084,89,71,0.0
436,71,129,35.5,1.42,2.58,35.5,64.5,142.0,34.449296458030084,89,71,0.0
437,71,129,35.5,1.42,2.58,35.5,64.5,142.0,34.449296458030084,89,71,0.0
438,71,129,35.5,1.42,2.58,35.5,64.5,142.0,34.449296458030084,89,71,0.0
439,71,129,35.5,1.42,2.58,35.5,64.5,142.0,34.449296458030084,89,71,0.0
440,71,129,35.5,1.42,2.58,35.5,64.5,142.0,34.449296458030084,89,71,0.0
441,71,129,35.5,1.42,2.58,35.5,64.5,142.0,34.449296458030084,89,71,0.0
442,71,129,35.5,1.42,2.58,35.5,64.5,142.0,34.449296458030084,89,71,0.0
443,71,129,35.5,1.42,2.58,35.5,64.5,142.0,34.449296458030084,89,71,0.0
444,71,129,35.5,1.42,2.58,35.5,64.5,142.0,34.449296458030084,89,71,0.0
445,71,129,35.5,1.42,2.58,35.5,64.5,142.0,34.449296458030084,89,71,0.0
446,71,129,35.5,1.42,2.58,35.5,64.5,142.0,34.449296458030084,89,71,0.0
447,71,129,35.5,1.42,2.58,35.5,64.5,142.0,34.449296458030084,89,71,0.0
448,71,129,35.5,1.42,2.58,35.5,64.5,142.0,34.449296458030084,89,71,0.0
449,72,128,36.0,1.44,2.56,36.0,64.0,144.0,34.93449781659389,90,72,2.0
450,72,128,36.0,1.44,2.56,36.0,64.0,144.0,34.93449781659389,90,72,0.0
451,72,128,36.0,1.44,2.56,36.0,64.0,144.0,34.93449781659389,90,72,0.0
452,72,128,36.0,1.44,2.56,36.0,64.0,144.0,34.93449781659389,90,72,0.0
453,72,128,36.0,1.44,2.56,36.0,64.0,144.0,34.93449781659389,90,72,0.0
454,72,128,36.0,1.44,2.56,36.0,64.0,144.0,34.93449781659389,90,72,0.0
455,72,128,36.0,1.44,2.56,36.0,64.0,144.0,34.93449781659389,90,72,0.0
456,73,127,36.5,1.46,2.54,36.5,63.5,146.0,35.419699175157696,91,73,2.0
457,73,127,36.5,1.46,2.54,36.5,63.5,146.0,35.419699175157696,91,73,0.0
458,73,127,36.5,1.46,2.54,36.5,63.5,146.0,35.419699175157696,91,73,0.0
459,73,127,36.5,1.46,2.54,36.5,63.5,146.0,35.419699175157696,91,73,0.0
460,73,127,36.5,1.46,2.54,36.5,63.5,146.0,35.419699175157696,91,73,0.0
461,73,127,36.5,1.46,2.54,36.5,63.5,146.0,35.419699175157696,91,73,0.0
462,74,126,37.0,1.48,2.52,37.0,63.0,148.0,35.904900533721495,92,74,2.0
463,74,126,37.0,1.48,2.52,37.0,63.0,148.0,35.904900533721495,92,74,0.0
464,74,126,37.0,1.48,2.52,37.0,63.0,148.0,35.904900533721495,92,74,0.0
465,74,126,37.0,1.48,2.52,37.0,63.0,148.0,35.904900533721495,92,74,0.0
466,74,126,37.0,1.48,2.52,37.0,63.0,148.0,35.904900533721495,92,74,0.0
467,74,126,37.0,1.48,2.52,37.0,63.0,148.0,35.904900533721495,92,74,0.0
468,74,126,37.0,1.48,2.52,37.0,63.0,148.0,35.904900533721495,92,74,0.0
469,74,126,37.0,1.48,2.52,37.0,63.0,148.0,35.904900533721495,92,74,0.0
470,74,126,37.0,1.48,2.52,37.0,63.0,148.0,35.904900533721495,92,74,0.0
471,74,126,37.0,1.48,2.52,37.0,63.0,148.0,35.904900533721495,92,74,0.0
472,74,126,37.0,1.48,2.52,37.0,63.0,148.0,35.904900533721495,92,74,0.0
473,74,126,37.0,1.48,2.52,37.0,63.0,148.0,35.904900533721495,92,74,0.0
474,74,126,37.0,1.48,2.52,37.0,63.0,148.0,35.904900533721495,92,74,0.0
475,74,126,37.0,1.48,2.52,37.0,63.0,148.0,35.904900533721495,92,74,0.0
476,74,126,37.0,1.48,2.52,37.0,63.0,148.0,35.904900533721495,92,74,0.0
477,74,126,37.0,1.48,2.52,37.0,63.0,148.0,35.904900533721495,92,74,0.0
478,74,126,37.0,1.48,2.52,37.0,63.0,148.0,35.904900533721495,92,74,0.0
479,74,126,37.0,1.48,2.52,37.0,63.0,148.0,35.904900533721495,92,74,0.0
480,74,126,37.0,1.48,2.52,37.0,63.0,148.0,35.904900533721495,92,74,0.0
481,74,126,37.0,1.48,2.52,37.0,63.0,148.0,35.904900533721495,92,74,0.0
482,74,126,37.0,1.48,2.52,37.0,63.0,148.0,35.904900533721495,92,74,0.0
483,74,126,37.0,1.48,2.52,37.0,63.0,148.0,35.904900533721495,92,74,0.0
484,74,126,37.0,1.48,2.52,37.0,63.0,148.0,35.904900533721495,92,74,0.0
485,74,126,37.0,1.48,2.52,37.0,63.0,148.0,35.904900533721495,92,74,0.0
486,74,126,37.0,1.48,2.52,37.0,63.0,148.0,35.904900533721495,92,74,0.0
487,74,126,37.0,1.48,2.52,37.0,63.0,148.0,35.904900533721495,92,74,0.0
488,74,126,37.0,1.48,2.52,37.0,63.0,148.0,35.904900533721495,92,74,0.0
489,74,126,37.0,1.48,2.52,37.0,63.0,148.0,35.904900533721495,92,74,0.0
490,74,126,37.0,1.48,2.52,37.0,63.0,148.0,35.904900533721495,92,74,0.0
491,74,126,37.0,1.48,2.52,37.0,63.0,148.0,35.904900533721495,92,74,0.0
492,74,126,37.0,1.48,2.52,37.0,63.0,148.0,35.904900533721495,92,74,0.0
493,74,126,37.0,1.48,2.52,37.0,63.0,148.0,35.904900533721495,92,74,0.0
494,74,126,37.0,1.48,2.52,37.0,63.0,148.0,35.904900533721495,92,74,0.0
495,74,126,37.0,1.48,2.52,37.0,63.0,148.0,35.904900533721495,92,74,0.0
496,75,125,37.5,1.5,2.5,37.5,62.5,150.0,36.3901018922853,93,75,2.0
497,75,125,37.5,1.5,2.5,37.5,62.5,150.0,36.3901018922853,93,75,0.0
498,75,125,37.5,1.5,2.5,37.5,62.5,150.0,36.3901018922853,93,75,0.0
499,75,125,37.5,1.5,2.5,37.5,62.5,150.0,36.3901018922853,94,75,0.0
500,75,125,37.5,1.5,2.5,37.5,62.5,150.0,36.3901018922853,95,75,0.0
501,75,125,37.5,1.5,2.5,37.5,62.5,150.0,36.3901018922853,95,75,0.0
502,76,124,38.0,1.52,2.48,38.0,62.0,152.0,36.8753032508491,96,76,2.0
503,76,124,38.0,1.52,2.48,38.0,62.0,152.0,36.8753032508491,96,76,0.0
504,76,124,38.0,1.52,2.48,38.0,62.0,152.0,36.8753032508491,96,76,0.0
505,76,124,38.0,1.52,2.48,38.0,62.0,152.0,36.8753032508491,96,76,0.0
506,76,124,38.0,1.52,2.48,38.0,62.0,152.0,36.8753032508491,96,76,0.0
507,76,124,38.0,1.52,2.48,38.0,62.0,152.0,36.8753032508491,96,76,0.0
508,76,124,38.0,1.52,2.48,38.0,62.0,152.0,36.8753032508491,96,76,0.0
509,76,124,38.0,1.52,2.48,38.0,62.0,152.0,36.8753032508491,96,76,0.0
510,76,124,38.0,1.52,2.48,38.0,62.0,152.0,36.8753032508491,96,76,0.0
511,77,123,38.5,1.54,2.46,38.5,61.5,154.0,37.36050460941291,97,77,2.0
512,77,123,38.5,1.54,2.46,38.5,61.5,154.0,37.36050460941291,97,77,0.0
513,77,123,38.5,1.54,2.46,38.5,61.5,154.0,37.36050460941291,97,77,0.0
514,77,123,38.5,1.54,2.46,38.5,61.5,154.0,37.36050460941291,97,77,0.0
515,77,123,38.5,1.54,2.46,38.5,61.5,154.0,37.36050460941291,97,77,0.0
516,77,123,38.5,1.54,2.46,38.5,61.5,154.0,37.36050460941291,97,77,0.0
517,77,123,38.5,1.54,2.46,38.5,61.5,154.0,37.36050460941291,97,77,0.0
518,77,123,38.5,1.54,2.46,38.5,61.5,154.0,37.36050460941291,97,77,0.0
519,77,123,38.5,1.54,2.46,38.5,61.5,154.0,37.36050460941291,97,77,0.0
520,77,123,38.5,1.54,2.46,38.5,61.5,154.0,37.36050460941291,97,77,0.0
521,77,123,38.5,1.54,2.46,38.5,61.5,154.0,37.36050460941291,97,77,0.0
522,77,123,38.5,1.54,2.46,38.5,61.5,154.0,37.36050460941291,97,77,0.0
523,77,123,38.5,1.54,2.46,38.5,61.5,154.0,37.36050460941291,97,77,0.0
524,77,123,38.5,1.54,2.46,38.5,61.5,154.0,37.36050460941291,97,77,0.0
525,77,123,38.5,1.54,2.46,38.5,61.5,154.0,37.36050460941291,97,77,0.0
526,77,123,38.5,1.54,2.46,38.5,61.5,154.0,37.36050460941291,97,77,0.0
527,77,123,38.5,1.54,2.46,38.5,61.5,154.0,37.36050460941291,97,77,0.0
528,79,121,39.5,1.58,2.42,39.5,60.5,158.0,38.33090732654051,99,79,4.0
529,79,121,39.5,1.58,2.42,39.5,60.5,158.0,38.33090732654051,99,79,0.0
530,79,121,39.5,1.58,2.42,39.5,60.5,158.0,38.33090732654051,99,79,0.0
531,79,121,39.5,1.58,2.42,39.5,60.5,158.0,38.33090732654051,99,79,0.0
532,79,121,39.5,1.58,2.42,39.5,60.5,158.0,38.33090732654051,99,79,0.0
533,79,121,39.5,1.58,2.42,39.5,60.5,158.0,38.33090732654051,99,79,0.0
534,79,121,39.5,1.58,2.42,39.5,60.5,158.0,38.33090732654051,99,79,0.0
535,79,121,39.5,1.58,2.42,39.5,60.5,158.0,38.33090732654051,99,79,0.0
536,79,121,39.5,1.58,2.42,39.5,60.5,158.0,38.33090732654051,99,79,0.0
537,79,121,39.5,1.58,2.42,39.5,60.5,158.0,38.33090732654051,99,79,0.0
538,79,121,39.5,1.58,2.42,39.5,60.5,158.0,38.33090732654051,99,79,0.0
539,79,121,39.5,1.58,2.42,39.5,60.5,158.0,38.33090732654051,99,79,0.0
540,79,121,39.5,1.58,2.42,39.5,60.5,158.0,38.33090732654051,99,79,0.0
541,79,121,39.5,1.58,2.42,39.5,60.5,158.0,38.33090732654051,99,79,0.0
542,79,121,39.5,1.58,2.42,39.5,60.5,158.0,38.33090732654051,99,79,0.0
543,79,121,39.5,1.58,2.42,39.5,60.5,158.0,38.33090732654051,99,79,0.0
544,79,121,39.5,1.58,2.42,39.5,60.5,158.0,38.33090732654051,99,79,0.0
545,80,120,40.0,1.6,2.4,40.0,60.0,160.0,38.81610868510432,100,80,2.0
546,80,120,40.0,1.6,2.4,40.0,60.0,160.0,38.81610868510432,100,80,0.0
547,80,120,40.0,1.6,2.4,40.0,60.0,160.0,38.81610868510432,100,80,0.0
548,80,120,40.0,1.6,2.4,40.0,60.0,160.0,38.81610868510432,100,80,0.0
549,80,120,40.0,1.6,2.4,40.0,60.0,160.0,38.81610868510432,100,80,0.0
550,80,120,40.0,1.6,2.4,40.0,60.0,160.0,38.81610868510432,100,80,0.0
551,80,120,40.0,1.6,2.4,40.0,60.0,160.0,38.81610868510432,102,80,0.0
552,80,120,40.0,1.6,2.4,40.0,60.0,160.0,38.81610868510432,102,80,0.0
553,80,120,40.0,1.6,2.4,40.0,60.0,160.0,38.81610868510432,102,80,0.0
554,81,119,40.5,1.62,2.38,40.5,59.49999999999999,162.0,39.301310043668124,103,81,2.0
555,81,119,40.5,1.62,2.38,40.5,59.49999999999999,162.0,39.301310043668124,103,81,0.0
556,81,119,40.5,1.62,2.38,40.5,59.49999999999999,162.0,39.301310043668124,103,81,0.0
557,82,118,41.0,1.6400000000000001,2.36,41.0,58.99999999999999,164.0,39.78651140223193,104,82,2.0
558,82,118,41.0,1.6400000000000001,2.36,41.0,58.99999999999999,164.0,39.78651140223193,104,82,0.0
559,82,118,41.0,1.6400000000000001,2.36,41.0,58.99999999999999,164.0,39.78651140223193,104,82,0.0
560,82,118,41.0,1.6400000000000001,2.36,41.0,58.99999999999999,164.0,39.78651140223193,104,82,0.0
561,82,118,41.0,1.6400000000000001,2.36,41.0,58.99999999999999,164.0,39.78651140223193,104,82,0.0
562,82,118,41.0,1.6400000000000001,2.36,41.0,58.99999999999999,164.0,39.78651140223193,104,82,0.0
563,82,118,41.0,1.6400000000000001,2.36,41.0,58.99999999999999,164.0,39.78651140223193,104,82,0.0
564,82,118,41.0,1.6400000000000001,2.36,41.0,58.99999999999999,164.0,39.78651140223193,104,82,0.0
565,82,118,41.0,1.6400000000000001,2.36,41.0,58.99999999999999,164.0,39.78651140223193,104,82,0.0
566,82,118,41.0,1.6400000000000001,2.36,41.0,58.99999999999999,164.0,39.78651140223193,104,82,0.0
567,82,118,41.0,1.6400000000000001,2.36,41.0,58.99999999999999,164.0,39.78651140223193,104,82,0.0
568,82,118,41.0,1.6400000000000001,2.36,41.0,58.99999999999999,164.0,39.78651140223193,104,82,0.0
569,82,118,41.0,1.6400000000000001,2.36,41.0,58.99999999999999,164.0,39.78651140223193,104,82,0.0
570,83,117,41.5,1.6600000000000001,2.34,41.5,58.49999999999999,166.0,40.27171276079573,105,83,2.0
571,83,117,41.5,1.6600000000000001,2.34,41.5,58.49999999999999,166.0,40.27171276079573,105,83,0.0
572,83,117,41.5,1.6600000000000001,2.34,41.5,58.49999999999999,166.0,40.27171276079573,105,83,0.0
573,83,117,41.5,1.6600000000000001,2.34,41.5,58.49999999999999,166.0,40.27171276079573,105,83,0.0
574,83,117,41.5,1.6600000000000001,2.34,41.5,58.49999999999999,166.0,40.27171276079573,105,83,0.0
575,83,117,41.5,1.6600000000000001,2.34,41.5,58.49999999999999,166.0,40.27171276079573,105,83,0.0
576,83,117,41.5,1.6600000000000001,2.34,41.5,58.49999999999999,166.0,40.27171276079573,105,83,0.0
577,83,117,41.5,1.6600000000000001,2.34,41.5,58.49999999999999,166.0,40.27171276079573,105,83,0.0
578,83,117,41.5,1.6600000000000001,2.34,41.5,58.49999999999999,166.0,40.27171276079573,105,83,0.0
579,83,117,41.5,1.6600000000000001,2.34,41.5,58.49999999999999,166.0,40.27171276079573,105,83,0.0
580,83,117,41.5,1.6600000000000001,2.34,41.5,58.49999999999999,166.0,40.27171276079573,105,83,0.0
581,83,117,41.5,1.6600000000000001,2.34,41.5,58.49999999999999,166.0,40.27171276079573,105,83,0.0
582,83,117,41.5,1.6600000000000001,2.34,41.5,58.49999999999999,166.0,40.27171276079573,105,83,0.0
583,83,117,41.5,1.6600000000000001,2.34,41.5,58.49999999999999,166.0,40.27171276079573,105,83,0.0
584,83,117,41.5,1.6600000000000001,2.34,41.5,58.49999999999999,166.0,40.27171276079573,105,83,0.0
585,83,117,41.5,1.6600000000000001,2.34,41.5,58.49999999999999,166.0,40.27171276079573,105,83,0.0
586,83,117,41.5,1.6600000000000001,2.34,41.5,58.49999999999999,166.0,40.27171276079573,105,83,0.0
587,83,117,41.5,1.6600000000000001,2.34,41.5,58.49999999999999,166.0,40.27171276079573,105,83,0.0
588,83,117,41.5,1.6600000000000001,2.34,41.5,58.49999999999999,166.0,40.27171276079573,105,83,0.0
589,83,117,41.5,1.6600000000000001,2.34,41.5,58.49999999999999,166.0,40.27171276079573,105,83,0.0
590,83,117,41.5,1.6600000000000001,2.34,41.5,58.49999999999999,166.0,40.27171276079573,105,83,0.0
591,83,117,41.5,1.6600000000000001,2.34,41.5,58.49999999999999,166.0,40.27171276079573,105,83,0.0
592,83,117,41.5,1.6600000000000001,2.34,41.5,58.49999999999999,166.0,40.27171276079573,105,83,0.0
593,83,117,41.5,1.6600000000000001,2.34,41.5,58.49999999999999,166.0,40.27171276079573,105,83,0.0
594,83,117,41.5,1.6600000000000001,2.34,41.5,58.49999999999999,166.0,40.27171276079573,105,83,0.0
595,83,117,41.5,1.6600000000000001,2.34,41.5,58.49999999999999,166.0,40.27171276079573,105,83,0.0
596,83,117,41.5,1.6600000000000001,2.34,41.5,58.49999999999999,166.0,40.27171276079573,105,83,0.0
597,83,117,41.5,1.6600000000000001,2.34,41.5,58.49999999999999,166.0,40.27171276079573,105,83,0.0
598,83,117,41.5,1.6600000000000001,2.34,41.5,58.49999999999999,166.0,40.27171276079573,105,83,0.0
599,83,117,41.5,1.6600000000000001,2.34,41.5,58.49999999999999,166.0,40.27171276079573,105,83,0.0
600,83,117,41.5,1.6600000000000001,2.34,41.5,58.49999999999999,166.0,40.27171276079573,105,83,0.0
601,83,117,41.5,1.6600000000000001,2.34,41.5,58.49999999999999,166.0,40.27171276079573,106,83,0.0
602,83,117,41.5,1.6600000000000001,2.34,41.5,58.49999999999999,166.0,40.27171276079573,106,83,0.0
603,83,117,41.5,1.6600000000000001,2.34,41.5,58.49999999999999,166.0,40.27171276079573,106,83,0.0
604,83,117,41.5,1.6600000000000001,2.34,41.5,58.49999999999999,166.0,40.27171276079573,106,83,0.0
605,83,117,41.5,1.6600000000000001,2.34,41.5,58.49999999999999,166.0,40.27171276079573,106,83,0.0
606,83,117,41.5,1.6600000000000001,2.34,41.5,58.49999999999999,166.0,40.27171276079573,106,83,0.0
607,83,117,41.5,1.6600000000000001,2.34,41.5,58.49999999999999,166.0,40.27171276079573,106,83,0.0
608,83,117,41.5,1.6600000000000001,2.34,41.5,58.49999999999999,166.0,40.27171276079573,106,83,0.0
609,83,117,41.5,1.6600000000000001,2.34,41.5,58.49999999999999,166.0,40.27171276079573,106,83,0.0
610,83,117,41.5,1.6600000000000001,2.34,41.5,58.49999999999999,166.0,40.27171276079573,106,83,0.0
611,83,117,41.5,1.6600000000000001,2.34,41.5,58.49999999999999,166.0,40.27171276079573,106,83,0.0
612,83,117,41.5,1.6600000000000001,2.34,41.5,58.49999999999999,166.0,40.27171276079573,106,83,0.0
613,83,117,41.5,1.6600000000000001,2.34,41.5,58.49999999999999,166.0,40.27171276079573,106,83,0.0
614,83,117,41.5,1.6600000000000001,2.34,41.5,58.49999999999999,166.0,40.27171276079573,106,83,0.0
615,83,117,41.5,1.6600000000000001,2.34,41.5,58.49999999999999,166.0,40.27171276079573,106,83,0.0
616,83,117,41.5,1.6600000000000001,2.34,41.5,58.49999999999999,166.0,40.27171276079573,106,83,0.0
617,83,117,41.5,1.6600000000000001,2.34,41.5,58.49999999999999,166.0,40.27171276079573,106,83,0.0
618,83,117,41.5,1.6600000000000001,2.34,41.5,58.49999999999999,166.0,40.27171276079573,106,83,0.0
619,83,117,41.5,1.6600000000000001,2.34,41.5,58.49999999999999,166.0,40.27171276079573,106,83,0.0
620,83,117,41.5,1.6600000000000001,2.34,41.5,58.49999999999999,166.0,40.27171276079573,106,83,0.0
621,83,117,41.5,1.6600000000000001,2.34,41.5,58.49999999999999,166.0,40.27171276079573,106,83,0.0
622,83,117,41.5,1.6600000000000001,2.34,41.5,58.49999999999999,166.0,40.27171276079573,106,83,0.0
623,83,117,41.5,1.6600000000000001,2.34,41.5,58.49999999999999,166.0,40.27171276079573,106,83,0.0
624,83,117,41.5,1.6600000000000001,2.34,41.5,58.49999999999999,166.0,40.27171276079573,106,83,0.0
625,83,117,41.5,1.6600000000000001,2.34,41.5,58.49999999999999,166.0,40.27171276079573,106,83,0.0
626,84,116,42.0,1.68,2.3200000000000003,42.0,58.00000000000001,168.0,40.756914119359536,107,84,2.0
627,84,116,42.0,1.68,2.3200000000000003,42.0,58.00000000000001,168.0,40.756914119359536,107,84,0.0
628,84,116,42.0,1.68,2.3200000000000003,42.0,58.00000000000001,168.0,40.756914119359536,107,84,0.0
629,84,116,42.0,1.68,2.3200000000000003,42.0,58.00000000000001,168.0,40.756914119359536,107,84,0.0
630,84,116,42.0,1.68,2.3200000000000003,42.0,58.00000000000001,168.0,40.756914119359536,107,84,0.0
631,84,116,42.0,1.68,2.3200000000000003,42.0,58.00000000000001,168.0,40.756914119359536,107,84,0.0
632,84,116,42.0,1.68,2.3200000000000003,42.0,58.00000000000001,168.0,40.756914119359536,107,84,0.0
633,84,116,42.0,1.68,2.3200000000000003,42.0,58.00000000000001,168.0,40.756914119359536,107,84,0.0
634,84,116,42.0,1.68,2.3200000000000003,42.0,58.00000000000001,168.0,40.756914119359536,107,84,0.0
635,84,116,42.0,1.68,2.3200000000000003,42.0,58.00000000000001,168.0,40.756914119359536,107,84,0.0
636,84,116,42.0,1.68,2.3200000000000003,42.0,58.00000000000001,168.0,40.756914119359536,107,84,0.0
637,84,116,42.0,1.68,2.3200000000000003,42.0,58.00000000000001,168.0,40.756914119359536,107,84,0.0
638,84,116,42.0,1.68,2.3200000000000003,42.0,58.00000000000001,168.0,40.756914119359536,107,84,0.0
639,85,115,42.5,1.7,2.3,42.5,57.49999999999999,170.0,41.24211547792334,108,85,2.0
640,85,115,42.5,1.7,2.3,42.5,57.49999999999999,170.0,41.24211547792334,108,85,0.0
641,85,115,42.5,1.7,2.3,42.5,57.49999999999999,170.0,41.24211547792334,108,85,0.0
642,85,115,42.5,1.7,2.3,42.5,57.49999999999999,170.0,41.24211547792334,108,85,0.0
643,85,115,42.5,1.7,2.3,42.5,57.49999999999999,170.0,41.24211547792334,108,85,0.0
644,85,115,42.5,1.7,2.3,42.5,57.49999999999999,170.0,41.24211547792334,108,85,0.0
645,85,115,42.5,1.7,2.3,42.5,57.49999999999999,170.0,41.24211547792334,108,85,0.0
646,85,115,42.5,1.7,2.3,42.5,57.49999999999999,170.0,41.24211547792334,108,85,0.0
647,85,115,42.5,1.7,2.3,42.5,57.49999999999999,170.0,41.24211547792334,108,85,0.0
648,85,115,42.5,1.7,2.3,42.5,57.49999999999999,170.0,41.24211547792334,108,85,0.0
649,85,115,42.5,1.7,2.3,42.5,57.49999999999999,170.0,41.24211547792334,108,85,0.0
650,85,115,42.5,1.7,2.3,42.5,57.49999999999999,170.0,41.24211547792334,108,85,0.0
651,85,115,42.5,1.7,2.3,42.5,57.49999999999999,170.0,41.24211547792334,108,85,0.0
652,85,115,42.5,1.7,2.3,42.5,57.49999999999999,170.0,41.24211547792334,108,85,0.0
653,85,115,42.5,1.7,2.3,42.5,57.49999999999999,170.0,41.24211547792334,108,85,0.0
654,85,115,42.5,1.7,2.3,42.5,57.49999999999999,170.0,41.24211547792334,108,85,0.0
655,85,115,42.5,1.7,2.3,42.5,57.49999999999999,170.0,41.24211547792334,108,85,0.0
656,85,115,42.5,1.7,2.3,42.5,57.49999999999999,170.0,41.24211547792334,109,85,0.0
657,85,115,42.5,1.7,2.3,42.5,57.49999999999999,170.0,41.24211547792334,109,85,0.0
658,85,115,42.5,1.7,2.3,42.5,57.49999999999999,170.0,41.24211547792334,109,85,0.0
659,85,115,42.5,1.7,2.3,42.5,57.49999999999999,170.0,41.24211547792334,109,85,0.0
660,85,115,42.5,1.7,2.3,42.5,57.49999999999999,170.0,41.24211547792334,109,85,0.0
661,85,115,42.5,1.7,2.3,42.5,57.49999999999999,170.0,41.24211547792334,109,85,0.0
662,85,115,42.5,1.7,2.3,42.5,57.49999999999999,170.0,41.24211547792334,109,85,0.0
663,85,115,42.5,1.7,2.3,42.5,57.49999999999999,170.0,41.24211547792334,109,85,0.0
664,85,115,42.5,1.7,2.3,42.5,57.49999999999999,170.0,41.24211547792334,109,85,0.0
665,85,115,42.5,1.7,2.3,42.5,57.49999999999999,170.0,41.24211547792334,109,85,0.0
666,86,114,43.0,1.72,2.2800000000000002,43.0,57.00000000000001,172.0,41.72731683648714,110,86,2.0
667,86,114,43.0,1.72,2.2800000000000002,43.0,57.00000000000001,172.0,41.72731683648714,110,86,0.0
668,86,114,43.0,1.72,2.2800000000000002,43.0,57.00000000000001,172.0,41.72731683648714,110,86,0.0
669,86,114,43.0,1.72,2.2800000000000002,43.0,57.00000000000001,172.0,41.72731683648714,110,86,0.0
670,86,114,43.0,1.72,2.2800000000000002,43.0,57.00000000000001,172.0,41.72731683648714,110,86,0.0
671,86,114,43.0,1.72,2.2800000000000002,43.0,57.00000000000001,172.0,41.72731683648714,110,86,0.0
672,86,114,43.0,1.72,2.2800000000000002,43.0,57.00000000000001,172.0,41.72731683648714,110,86,0.0
673,86,114,43.0,1.72,2.2800000000000002,43.0,57.00000000000001,172.0,41.72731683648714,110,86,0.0
674,86,114,43.0,1.72,2.2800000000000002,43.0,57.00000000000001,172.0,41.72731683648714,110,86,0.0
675,86,114,43.0,1.72,2.2800000000000002,43.0,57.00000000000001,172.0,41.72731683648714,110,86,0.0
676,86,114,43.0,1.72,2.2800000000000002,43.0,57.00000000000001,172.0,41.72731683648714,110,86,0.0
677,86,114,43.0,1.72,2.2800000000000002,43.0,57.00000000000001,172.0,41.72731683648714,110,86,0.0
678,86,114,43.0,1.72,2.2800000000000002,43.0,57.00000000000001,172.0,41.72731683648714,110,86,0.0
679,87,113,43.5,1.74,2.26,43.5,56.49999999999999,174.0,42.21251819505095,111,87,2.0
680,87,113,43.5,1.74,2.26,43.5,56.49999999999999,174.0,42.21251819505095,111,87,0.0
681,87,113,43.5,1.74,2.26,43.5,56.49999999999999,174.0,42.21251819505095,111,87,0.0
682,87,113,43.5,1.74,2.26,43.5,56.49999999999999,174.0,42.21251819505095,112,87,0.0
683,87,113,43.5,1.74,2.26,43.5,56.49999999999999,174.0,42.21251819505095,112,87,0.0
684,87,113,43.5,1.74,2.26,43.5,56.49999999999999,174.0,42.21251819505095,112,87,0.0
685,87,113,43.5,1.74,2.26,43.5,56.49999999999999,174.0,42.21251819505095,112,87,0.0
686,87,113,43.5,1.74,2.26,43.5,56.49999999999999,174.0,42.21251819505095,113,87,0.0
687,87,113,43.5,1.74,2.26,43.5,56.49999999999999,174.0,42.21251819505095,113,87,0.0
688,87,113,43.5,1.74,2.26,43.5,56.49999999999999,174.0,42.21251819505095,113,87,0.0
689,87,113,43.5,1.74,2.26,43.5,56.49999999999999,174.0,42.21251819505095,113,87,0.0
690,88,112,44.0,1.76,2.24,44.0,56.00000000000001,176.0,42.697719553614746,114,88,2.0
691,88,112,44.0,1.76,2.24,44.0,56.00000000000001,176.0,42.697719553614746,114,88,0.0
692,88,112,44.0,1.76,2.24,44.0,56.00000000000001,176.0,42.697719553614746,114,88,0.0
693,88,112,44.0,1.76,2.24,44.0,56.00000000000001,176.0,42.697719553614746,114,88,0.0
694,88,112,44.0,1.76,2.24,44.0,56.00000000000001,176.0,42.697719553614746,114,88,0.0
695,88,112,44.0,1.76,2.24,44.0,56.00000000000001,176.0,42.697719553614746,114,88,0.0
696,89,111,44.5,1.78,2.2199999999999998,44.5,55.49999999999999,178.0,43.18292091217856,115,89,2.0
697,89,111,44.5,1.78,2.2199999999999998,44.5,55.49999999999999,178.0,43.18292091217856,115,89,0.0
698,89,111,44.5,1.78,2.2199999999999998,44.5,55.49999999999999,178.0,43.18292091217856,115,89,0.0
699,89,111,44.5,1.78,2.2199999999999998,44.5,55.49999999999999,178.0,43.18292091217856,115,89,0.0
700,89,111,44.5,1.78,2.2199999999999998,44.5,55.49999999999999,178.0,43.18292091217856,115,89,0.0
701,89,111,44.5,1.78,2.2199999999999998,44.5,55.49999999999999,178.0,43.18292091217856,115,89,0.0
702,89,111,44.5,1.78,2.2199999999999998,44.5,55.49999999999999,178.0,43.18292091217856,115,89,0.0
703,89,111,44.5,1.78,2.2199999999999998,44.5,55.49999999999999,178.0,43.18292091217856,115,89,0.0
704,89,111,44.5,1.78,2.2199999999999998,44.5,55.49999999999999,178.0,43.18292091217856,115,89,0.0
705,89,111,44.5,1.78,2.2199999999999998,44.5,55.49999999999999,178.0,43.18292091217856,116,89,0.0
706,89,111,44.5,1.78,2.2199999999999998,44.5,55.49999999999999,178.0,43.18292091217856,116,89,0.0
707,89,111,44.5,1.78,2.2199999999999998,44.5,55.49999999999999,178.0,43.18292091217856,117,89,0.0
708,89,111,44.5,1.78,2.2199999999999998,44.5,55.49999999999999,178.0,43.18292091217856,118,89,0.0
709,89,111,44.5,1.78,2.2199999999999998,44.5,55.49999999999999,178.0,43.18292091217856,118,89,0.0
710,89,111,44.5,1.78,2.2199999999999998,44.5,55.49999999999999,178.0,43.18292091217856,118,89,0.0
711,89,111,44.5,1.78,2.2199999999999998,44.5,55.49999999999999,178.0,43.18292091217856,118,89,0.0
712,89,111,44.5,1.78,2.2199999999999998,44.5,55.49999999999999,178.0,43.18292091217856,118,89,0.0
713,90,110,45.0,1.8,2.2,45.0,55.0,180.0,43.66812227074236,119,90,2.0
714,90,110,45.0,1.8,2.2,45.0,55.0,180.0,43.66812227074236,119,90,0.0
715,90,110,45.0,1.8,2.2,45.0,55.0,180.0,43.66812227074236,119,90,0.0
716,90,110,45.0,1.8,2.2,45.0,55.0,180.0,43.66812227074236,119,90,0.0
717,90,110,45.0,1.8,2.2,45.0,55.0,180.0,43.66812227074236,119,90,0.0
718,90,110,45.0,1.8,2.2,45.0,55.0,180.0,43.66812227074236,119,90,0.0
719,90,110,45.0,1.8,2.2,45.0,55.0,180.0,43.66812227074236,119,90,0.0
720,90,110,45.0,1.8,2.2,45.0,55.0,180.0,43.66812227074236,119,90,0.0
721,90,110,45.0,1.8,2.2,45.0,55.0,180.0,43.66812227074236,119,90,0.0
722,90,110,45.0,1.8,2.2,45.0,55.0,180.0,43.66812227074236,119,90,0.0
723,90,110,45.0,1.8,2.2,45.0,55.0,180.0,43.66812227074236,119,90,0.0
724,90,110,45.0,1.8,2.2,45.0,55.0,180.0,43.66812227074236,119,90,0.0
725,90,110,45.0,1.8,2.2,45.0,55.0,180.0,43.66812227074236,119,90,0.0
726,90,110,45.0,1.8,2.2,45.0,55.0,180.0,43.66812227074236,119,90,0.0
727,90,110,45.0,1.8,2.2,45.0,55.0,180.0,43.66812227074236,119,90,0.0
728,90,110,45.0,1.8,2.2,45.0,55.0,180.0,43.66812227074236,119,90,0.0
729,90,110,45.0,1.8,2.2,45.0,55.0,180.0,43.66812227074236,119,90,0.0
730,90,110,45.0,1.8,2.2,45.0,55.0,180.0,43.66812227074236,120,90,0.0
731,90,110,45.0,1.8,2.2,45.0,55.0,180.0,43.66812227074236,120,90,0.0
732,90,110,45.0,1.8,2.2,45.0,55.0,180.0,43.66812227074236,120,90,0.0
733,90,110,45.0,1.8,2.2,45.0,55.0,180.0,43.66812227074236,120,90,0.0
734,90,110,45.0,1.8,2.2,45.0,55.0,180.0,43.66812227074236,120,90,0.0
735,91,109,45.5,1.82,2.1799999999999997,45.5,54.49999999999999,182.0,44.153323629306165,121,91,2.0
736,91,109,45.5,1.82,2.1799999999999997,45.5,54.49999999999999,182.0,44.153323629306165,121,91,0.0
737,91,109,45.5,1.82,2.1799999999999997,45.5,54.49999999999999,182.0,44.153323629306165,121,91,0.0
738,91,109,45.5,1.82,2.1799999999999997,45.5,54.49999999999999,182.0,44.153323629306165,122,91,0.0
739,91,109,45.5,1.82,2.1799999999999997,45.5,54.49999999999999,182.0,44.153323629306165,122,91,0.0
740,91,109,45.5,1.82,2.1799999999999997,45.5,54.49999999999999,182.0,44.153323629306165,122,91,0.0
741,91,109,45.5,1.82,2.1799999999999997,45.5,54.49999999999999,182.0,44.153323629306165,123,91,0.0
742,91,109,45.5,1.82,2.1799999999999997,45.5,54.49999999999999,182.0,44.153323629306165,125,91,0.0
743,91,109,45.5,1.82,2.1799999999999997,45.5,54.49999999999999,182.0,44.153323629306165,125,91,0.0
744,91,109,45.5,1.82,2.1799999999999997,45.5,54.49999999999999,182.0,44.153323629306165,125,91,0.0
745,91,109,45.5,1.82,2.1799999999999997,45.5,54.49999999999999,182.0,44.153323629306165,125,91,0.0
746,91,109,45.5,1.82,2.1799999999999997,45.5,54.49999999999999,182.0,44.153323629306165,125,91,0.0
747,91,109,45.5,1.82,2.1799999999999997,45.5,54.49999999999999,182.0,44.153323629306165,125,91,0.0
748,91,109,45.5,1.82,2.1799999999999997,45.5,54.49999999999999,182.0,44.153323629306165,125,91,0.0
749,91,109,45.5,1.82,2.1799999999999997,45.5,54.49999999999999,182.0,44.153323629306165,125,91,0.0
750,91,109,45.5,1.82,2.1799999999999997,45.5,54.49999999999999,182.0,44.153323629306165,125,91,0.0
751,92,108,46.0,1.84,2.16,46.0,54.0,184.0,44.638524987869964,126,92,2.0
752,92,108,46.0,1.84,2.16,46.0,54.0,184.0,44.638524987869964,126,92,0.0
753,92,108,46.0,1.84,2.16,46.0,54.0,184.0,44.638524987869964,127,92,0.0
754,92,108,46.0,1.84,2.16,46.0,54.0,184.0,44.638524987869964,128,92,0.0
755,92,108,46.0,1.84,2.16,46.0,54.0,184.0,44.638524987869964,128,92,0.0
756,92,108,46.0,1.84,2.16,46.0,54.0,184.0,44.638524987869964,129,92,0.0
757,92,108,46.0,1.84,2.16,46.0,54.0,184.0,44.638524987869964,131,92,0.0
758,92,108,46.0,1.84,2.16,46.0,54.0,184.0,44.638524987869964,131,92,0.0
759,92,108,46.0,1.84,2.16,46.0,54.0,184.0,44.638524987869964,132,92,0.0
760,92,108,46.0,1.84,2.16,46.0,54.0,184.0,44.638524987869964,132,92,0.0
761,92,108,46.0,1.84,2.16,46.0,54.0,184.0,44.638524987869964,132,92,0.0
762,92,108,46.0,1.84,2.16,46.0,54.0,184.0,44.638524987869964,132,92,0.0
763,92,108,46.0,1.84,2.16,46.0,54.0,184.0,44.638524987869964,132,92,0.0
764,93,107,46.5,1.86,2.1399999999999997,46.5,53.49999999999999,186.0,45.12372634643377,133,93,2.0
765,93,107,46.5,1.86,2.1399999999999997,46.5,53.49999999999999,186.0,45.12372634643377,133,93,0.0
766,93,107,46.5,1.86,2.1399999999999997,46.5,53.49999999999999,186.0,45.12372634643377,133,93,0.0
767,94,106,47.0,1.8800000000000001,2.12,47.0,53.0,188.0,45.608927704997576,134,94,2.0
768,94,106,47.0,1.8800000000000001,2.12,47.0,53.0,188.0,45.608927704997576,134,94,0.0
769,94,106,47.0,1.8800000000000001,2.12,47.0,53.0,188.0,45.608927704997576,134,94,0.0
770,94,106,47.0,1.8800000000000001,2.12,47.0,53.0,188.0,45.608927704997576,134,94,0.0
771,94,106,47.0,1.8800000000000001,2.12,47.0,53.0,188.0,45.608927704997576,134,94,0.0
772,94,106,47.0,1.8800000000000001,2.12,47.0,53.0,188.0,45.608927704997576,134,94,0.0
773,94,106,47.0,1.8800000000000001,2.12,47.0,53.0,188.0,45.608927704997576,134,94,0.0
774,94,106,47.0,1.8800000000000001,2.12,47.0,53.0,188.0,45.608927704997576,134,94,0.0
775,94,106,47.0,1.8800000000000001,2.12,47.0,53.0,188.0,45.608927704997576,134,94,0.0
776,94,106,47.0,1.8800000000000001,2.12,47.0,53.0,188.0,45.608927704997576,134,94,0.0
777,94,106,47.0,1.8800000000000001,2.12,47.0,53.0,188.0,45.608927704997576,134,94,0.0
778,94,106,47.0,1.8800000000000001,2.12,47.0,53.0,188.0,45.608927704997576,134,94,0.0
779,94,106,47.0,1.8800000000000001,2.12,47.0,53.0,188.0,45.608927704997576,134,94,0.0
780,94,106,47.0,1.8800000000000001,2.12,47.0,53.0,188.0,45.608927704997576,134,94,0.0
781,94,106,47.0,1.8800000000000001,2.12,47.0,53.0,188.0,45.608927704997576,135,94,0.0
782,94,106,47.0,1.8800000000000001,2.12,47.0,53.0,188.0,45.608927704997576,135,94,0.0
783,94,106,47.0,1.8800000000000001,2.12,47.0,53.0,188.0,45.608927704997576,135,94,0.0
784,94,106,47.0,1.8800000000000001,2.12,47.0,53.0,188.0,45.608927704997576,135,94,0.0
785,94,106,47.0,1.8800000000000001,2.12,47.0,53.0,188.0,45.608927704997576,135,94,0.0
786,95,105,47.5,1.9000000000000001,2.0999999999999996,47.5,52.49999999999999,190.0,46.094129063561375,136,95,2.0
787,95,105,47.5,1.9000000000000001,2.0999999999999996,47.5,52.49999999999999,190.0,46.094129063561375,136,95,0.0
788,95,105,47.5,1.9000000000000001,2.0999999999999996,47.5,52.49999999999999,190.0,46.094129063561375,136,95,0.0
789,95,105,47.5,1.9000000000000001,2.0999999999999996,47.5,52.49999999999999,190.0,46.094129063561375,136,95,0.0
790,95,105,47.5,1.9000000000000001,2.0999999999999996,47.5,52.49999999999999,190.0,46.094129063561375,136,95,0.0
791,95,105,47.5,1.9000000000000001,2.0999999999999996,47.5,52.49999999999999,190.0,46.094129063561375,137,95,0.0
792,95,105,47.5,1.9000000000000001,2.0999999999999996,47.5,52.49999999999999,190.0,46.094129063561375,138,95,0.0
793,95,105,47.5,1.9000000000000001,2.0999999999999996,47.5,52.49999999999999,190.0,46.094129063561375,139,95,0.0
794,95,105,47.5,1.9000000000000001,2.0999999999999996,47.5,52.49999999999999,190.0,46.094129063561375,139,95,0.0
795,95,105,47.5,1.9000000000000001,2.0999999999999996,47.5,52.49999999999999,190.0,46.094129063561375,139,95,0.0
796,95,105,47.5,1.9000000000000001,2.0999999999999996,47.5,52.49999999999999,190.0,46.094129063561375,139,95,0.0
797,95,105,47.5,1.9000000000000001,2.0999999999999996,47.5,52.49999999999999,190.0,46.094129063561375,139,95,0.0
798,95,105,47.5,1.9000000000000001,2.0999999999999996,47.5,52.49999999999999,190.0,46.094129063561375,139,95,0.0
799,95,105,47.5,1.9000000000000001,2.0999999999999996,47.5,52.49999999999999,190.0,46.094129063561375,139,95,0.0
800,95,105,47.5,1.9000000000000001,2.0999999999999996,47.5,52.49999999999999,190.0,46.094129063561375,140,95,0.0
801,95,105,47.5,1.9000000000000001,2.0999999999999996,47.5,52.49999999999999,190.0,46.094129063561375,141,95,0.0
802,95,105,47.5,1.9000000000000001,2.0999999999999996,47.5,52.49999999999999,190.0,46.094129063561375,141,95,0.0
803,95,105,47.5,1.9000000000000001,2.0999999999999996,47.5,52.49999999999999,190.0,46.094129063561375,141,95,0.0
804,95,105,47.5,1.9000000000000001,2.0999999999999996,47.5,52.49999999999999,190.0,46.094129063561375,141,95,0.0
805,95,105,47.5,1.9000000000000001,2.0999999999999996,47.5,52.49999999999999,190.0,46.094129063561375,141,95,0.0
806,95,105,47.5,1.9000000000000001,2.0999999999999996,47.5,52.49999999999999,190.0,46.094129063561375,141,95,0.0
807,95,105,47.5,1.9000000000000001,2.0999999999999996,47.5,52.49999999999999,190.0,46.094129063561375,142,95,0.0
808,95,105,47.5,1.9000000000000001,2.0999999999999996,47.5,52.49999999999999,190.0,46.094129063561375,142,95,0.0
809,96,104,48.0,1.92,2.08,48.0,52.0,192.0,46.57933042212518,143,96,2.0
810,96,104,48.0,1.92,2.08,48.0,52.0,192.0,46.57933042212518,143,96,0.0
811,96,104,48.0,1.92,2.08,48.0,52.0,192.0,46.57933042212518,143,96,0.0
812,96,104,48.0,1.92,2.08,48.0,52.0,192.0,46.57933042212518,143,96,0.0
813,96,104,48.0,1.92,2.08,48.0,52.0,192.0,46.57933042212518,143,96,0.0
814,96,104,48.0,1.92,2.08,48.0,52.0,192.0,46.57933042212518,143,96,0.0
815,96,104,48.0,1.92,2.08,48.0,52.0,192.0,46.57933042212518,143,96,0.0
816,96,104,48.0,1.92,2.08,48.0,52.0,192.0,46.57933042212518,143,96,0.0
817,96,104,48.0,1.92,2.08,48.0,52.0,192.0,46.57933042212518,143,96,0.0
818,96,104,48.0,1.92,2.08,48.0,52.0,192.0,46.57933042212518,143,96,0.0
819,96,104,48.0,1.92,2.08,48.0,52.0,192.0,46.57933042212518,143,96,0.0
820,96,104,48.0,1.92,2.08,48.0,52.0,192.0,46.57933042212518,143,96,0.0
821,97,103,48.5,1.94,2.06,48.5,51.5,194.0,47.06453178068899,144,97,2.0
822,97,103,48.5,1.94,2.06,48.5,51.5,194.0,47.06453178068899,144,97,0.0
823,97,103,48.5,1.94,2.06,48.5,51.5,194.0,47.06453178068899,144,97,0.0
824,97,103,48.5,1.94,2.06,48.5,51.5,194.0,47.06453178068899,144,97,0.0
825,97,103,48.5,1.94,2.06,48.5,51.5,194.0,47.06453178068899,144,97,0.0
826,97,103,48.5,1.94,2.06,48.5,51.5,194.0,47.06453178068899,144,97,0.0
827,97,103,48.5,1.94,2.06,48.5,51.5,194.0,47.06453178068899,144,97,0.0
828,97,103,48.5,1.94,2.06,48.5,51.5,194.0,47.06453178068899,144,97,0.0
829,97,103,48.5,1.94,2.06,48.5,51.5,194.0,47.06453178068899,144,97,0.0
830,97,103,48.5,1.94,2.06,48.5,51.5,194.0,47.06453178068899,144,97,0.0
831,97,103,48.5,1.94,2.06,48.5,51.5,194.0,47.06453178068899,144,97,0.0
832,97,103,48.5,1.94,2.06,48.5,51.5,194.0,47.06453178068899,144,97,0.0
833,97,103,48.5,1.94,2.06,48.5,51.5,194.0,47.06453178068899,144,97,0.0
834,97,103,48.5,1.94,2.06,48.5,51.5,194.0,47.06453178068899,144,97,0.0
835,97,103,48.5,1.94,2.06,48.5,51.5,194.0,47.06453178068899,144,97,0.0
836,97,103,48.5,1.94,2.06,48.5,51.5,194.0,47.06453178068899,144,97,0.0
837,97,103,48.5,1.94,2.06,48.5,51.5,194.0,47.06453178068899,144,97,0.0
838,97,103,48.5,1.94,2.06,48.5,51.5,194.0,47.06453178068899,144,97,0.0
839,98,102,49.0,1.96,2.04,49.0,51.0,196.0,47.549733139252794,145,98,2.0
840,98,102,49.0,1.96,2.04,49.0,51.0,196.0,47.549733139252794,145,98,0.0
841,98,102,49.0,1.96,2.04,49.0,51.0,196.0,47.549733139252794,145,98,0.0
842,98,102,49.0,1.96,2.04,49.0,51.0,196.0,47.549733139252794,145,98,0.0
843,98,102,49.0,1.96,2.04,49.0,51.0,196.0,47.549733139252794,145,98,0.0
844,98,102,49.0,1.96,2.04,49.0,51.0,196.0,47.549733139252794,145,98,0.0
845,98,102,49.0,1.96,2.04,49.0,51.0,196.0,47.549733139252794,145,98,0.0
846,98,102,49.0,1.96,2.04,49.0,51.0,196.0,47.549733139252794,145,98,0.0
847,98,102,49.0,1.96,2.04,49.0,51.0,196.0,47.549733139252794,146,98,0.0
848,98,102,49.0,1.96,2.04,49.0,51.0,196.0,47.549733139252794,146,98,0.0
849,98,102,49.0,1.96,2.04,49.0,51.0,196.0,47.549733139252794,146,98,0.0
850,99,101,49.5,1.98,2.02,49.5,50.5,198.0,48.03493449781659,147,99,2.0
851,99,101,49.5,1.98,2.02,49.5,50.5,198.0,48.03493449781659,147,99,0.0
852,99,101,49.5,1.98,2.02,49.5,50.5,198.0,48.03493449781659,147,99,0.0
853,99,101,49.5,1.98,2.02,49.5,50.5,198.0,48.03493449781659,148,99,0.0
854,99,101,49.5,1.98,2.02,49.5,50.5,198.0,48.03493449781659,148,99,0.0
855,99,101,49.5,1.98,2.02,49.5,50.5,198.0,48.03493449781659,148,99,0.0
856,99,101,49.5,1.98,2.02,49.5,50.5,198.0,48.03493449781659,148,99,0.0
857,100,100,50.0,2.0,2.0,50.0,50.0,200.0,48.5201358563804,149,100,2.0
858,100,100,50.0,2.0,2.0,50.0,50.0,200.0,48.5201358563804,149,100,0.0
859,100,100,50.0,2.0,2.0,50.0,50.0,200.0,48.5201358563804,149,100,0.0
860,100,100,50.0,2.0,2.0,50.0,50.0,200.0,48.5201358563804,149,100,0.0
861,100,100,50.0,2.0,2.0,50.0,50.0,200.0,48.5201358563804,149,100,0.0
862,101,99,50.5,2.02,1.98,50.5,49.5,202.0,49.005337214944205,150,101,2.0
863,101,99,50.5,2.02,1.98,50.5,49.5,202.0,49.005337214944205,150,101,0.0
864,101,99,50.5,2.02,1.98,50.5,49.5,202.0,49.005337214944205,150,101,0.0
865,101,99,50.5,2.02,1.98,50.5,49.5,202.0,49.005337214944205,150,101,0.0
866,101,99,50.5,2.02,1.98,50.5,49.5,202.0,49.005337214944205,150,101,0.0
867,101,99,50.5,2.02,1.98,50.5,49.5,202.0,49.005337214944205,150,101,0.0
868,102,98,51.0,2.04,1.96,51.0,49.0,204.0,49.49053857350801,151,102,2.0
869,102,98,51.0,2.04,1.96,51.0,49.0,204.0,49.49053857350801,151,102,0.0
870,102,98,51.0,2.04,1.96,51.0,49.0,204.0,49.49053857350801,151,102,0.0
871,102,98,51.0,2.04,1.96,51.0,49.0,204.0,49.49053857350801,151,102,0.0
872,102,98,51.0,2.04,1.96,51.0,49.0,204.0,49.49053857350801,151,102,0.0
873,102,98,51.0,2.04,1.96,51.0,49.0,204.0,49.49053857350801,151,102,0.0
874,102,98,51.0,2.04,1.96,51.0,49.0,204.0,49.49053857350801,151,102,0.0
875,102,98,51.0,2.04,1.96,51.0,49.0,204.0,49.49053857350801,151,102,0.0
876,102,98,51.0,2.04,1.96,51.0,49.0,204.0,49.49053857350801,151,102,0.0
877,102,98,51.0,2.04,1.96,51.0,49.0,204.0,49.49053857350801,151,102,0.0
878,103,97,51.5,2.06,1.94,51.5,48.5,206.0,49.97573993207181,152,103,2.0
879,104,96,52.0,2.08,1.92,52.0,48.0,208.0,50.46094129063562,153,104,2.0
880,104,96,52.0,2.08,1.92,52.0,48.0,208.0,50.46094129063562,153,104,0.0
881,104,96,52.0,2.08,1.92,52.0,48.0,208.0,50.46094129063562,153,104,0.0
882,104,96,52.0,2.08,1.92,52.0,48.0,208.0,50.46094129063562,153,104,0.0
883,104,96,52.0,2.08,1.92,52.0,48.0,208.0,50.46094129063562,153,104,0.0
884,104,96,52.0,2.08,1.92,52.0,48.0,208.0,50.46094129063562,153,104,0.0
885,104,96,52.0,2.08,1.92,52.0,48.0,208.0,50.46094129063562,153,104,0.0
886,104,96,52.0,2.08,1.92,52.0,48.0,208.0,50.46094129063562,153,104,0.0
887,104,96,52.0,2.08,1.92,52.0,48.0,208.0,50.46094129063562,153,104,0.0
888,104,96,52.0,2.08,1.92,52.0,48.0,208.0,50.46094129063562,153,104,0.0
889,104,96,52.0,2.08,1.92,52.0,48.0,208.0,50.46094129063562,153,104,0.0
890,104,96,52.0,2.08,1.92,52.0,48.0,208.0,50.46094129063562,153,104,0.0
891,104,96,52.0,2.08,1.92,52.0,48.0,208.0,50.46094129063562,153,104,0.0
892,104,96,52.0,2.08,1.92,52.0,48.0,208.0,50.46094129063562,153,104,0.0
893,104,96,52.0,2.08,1.92,52.0,48.0,208.0,50.46094129063562,153,104,0.0
894,104,96,52.0,2.08,1.92,52.0,48.0,208.0,50.46094129063562,153,104,0.0
895,104,96,52.0,2.08,1.92,52.0,48.0,208.0,50.46094129063562,153,104,0.0
896,104,96,52.0,2.08,1.92,52.0,48.0,208.0,50.46094129063562,154,104,0.0
897,104,96,52.0,2.08,1.92,52.0,48.0,208.0,50.46094129063562,155,104,0.0
898,104,96,52.0,2.08,1.92,52.0,48.0,208.0,50.46094129063562,156,104,0.0
899,104,96,52.0,2.08,1.92,52.0,48.0,208.0,50.46094129063562,157,104,0.0
900,104,96,52.0,2.08,1.92,52.0,48.0,208.0,50.46094129063562,158,104,0.0
901,104,96,52.0,2.08,1.92,52.0,48.0,208.0,50.46094129063562,158,104,0.0
902,104,96,52.0,2.08,1.92,52.0,48.0,208.0,50.46094129063562,158,104,0.0
903,104,96,52.0,2.08,1.92,52.0,48.0,208.0,50.46094129063562,158,104,0.0
904,104,96,52.0,2.08,1.92,52.0,48.0,208.0,50.46094129063562,158,104,0.0
905,104,96,52.0,2.08,1.92,52.0,48.0,208.0,50.46094129063562,158,104,0.0
906,104,96,52.0,2.08,1.92,52.0,48.0,208.0,50.46094129063562,158,104,0.0
907,104,96,52.0,2.08,1.92,52.0,48.0,208.0,50.46094129063562,158,104,0.0
908,104,96,52.0,2.08,1.92,52.0,48.0,208.0,50.46094129063562,158,104,0.0
909,104,96,52.0,2.08,1.92,52.0,48.0,208.0,50.46094129063562,158,104,0.0
910,104,96,52.0,2.08,1.92,52.0,48.0,208.0,50.46094129063562,158,104,0.0
911,104,96,52.0,2.08,1.92,52.0,48.0,208.0,50.46094129063562,158,104,0.0
912,104,96,52.0,2.08,1.92,52.0,48.0,208.0,50.46094129063562,158,104,0.0
913,104,96,52.0,2.08,1.92,52.0,48.0,208.0,50.46094129063562,158,104,0.0
914,104,96,52.0,2.08,1.92,52.0,48.0,208.0,50.46094129063562,158,104,0.0
915,104,96,52.0,2.08,1.92,52.0,48.0,208.0,50.46094129063562,158,104,0.0
916,104,96,52.0,2.08,1.92,52.0,48.0,208.0,50.46094129063562,158,104,0.0
917,104,96,52.0,2.08,1.92,52.0,48.0,208.0,50.46094129063562,159,104,0.0
918,104,96,52.0,2.08,1.92,52.0,48.0,208.0,50.46094129063562,160,104,0.0
919,104,96,52.0,2.08,1.92,52.0,48.0,208.0,50.46094129063562,160,104,0.0
920,104,96,52.0,2.08,1.92,52.0,48.0,208.0,50.46094129063562,160,104,0.0
921,104,96,52.0,2.08,1.92,52.0,48.0,208.0,50.46094129063562,160,104,0.0
922,104,96,52.0,2.08,1.92,52.0,48.0,208.0,50.46094129063562,160,104,0.0
923,104,96,52.0,2.08,1.92,52.0,48.0,208.0,50.46094129063562,160,104,0.0
924,104,96,52.0,2.08,1.92,52.0,48.0,208.0,50.46094129063562,160,104,0.0
925,104,96,52.0,2.08,1.92,52.0,48.0,208.0,50.46094129063562,160,104,0.0
926,104,96,52.0,2.08,1.92,52.0,48.0,208.0,50.46094129063562,160,104,0.0
927,104,96,52.0,2.08,1.92,52.0,48.0,208.0,50.46094129063562,160,104,0.0
928,104,96,52.0,2.08,1.92,52.0,48.0,208.0,50.46094129063562,160,104,0.0
929,104,96,52.0,2.08,1.92,52.0,48.0,208.0,50.46094129063562,160,104,0.0
930,104,96,52.0,2.08,1.92,52.0,48.0,208.0,50.46094129063562,160,104,0.0
931,104,96,52.0,2.08,1.92,52.0,48.0,208.0,50.46094129063562,160,104,0.0
932,104,96,52.0,2.08,1.92,52.0,48.0,208.0,50.46094129063562,160,104,0.0
933,104,96,52.0,2.08,1.92,52.0,48.0,208.0,50.46094129063562,160,104,0.0
934,105,95,52.5,2.1,1.9,52.5,47.5,210.0,50.94614264919942,161,105,2.0
935,106,94,53.0,2.12,1.88,53.0,46.99999999999999,212.0,51.43134400776322,162,106,2.0
936,106,94,53.0,2.12,1.88,53.0,46.99999999999999,212.0,51.43134400776322,162,106,0.0
937,106,94,53.0,2.12,1.88,53.0,46.99999999999999,212.0,51.43134400776322,162,106,0.0
938,106,94,53.0,2.12,1.88,53.0,46.99999999999999,212.0,51.43134400776322,164,106,0.0
939,106,94,53.0,2.12,1.88,53.0,46.99999999999999,212.0,51.43134400776322,164,106,0.0
940,106,94,53.0,2.12,1.88,53.0,46.99999999999999,212.0,51.43134400776322,164,106,0.0
941,106,94,53.0,2.12,1.88,53.0,46.99999999999999,212.0,51.43134400776322,164,106,0.0
942,106,94,53.0,2.12,1.88,53.0,46.99999999999999,212.0,51.43134400776322,164,106,0.0
943,106,94,53.0,2.12,1.88,53.0,46.99999999999999,212.0,51.43134400776322,164,106,0.0
944,106,94,53.0,2.12,1.88,53.0,46.99999999999999,212.0,51.43134400776322,164,106,0.0
945,106,94,53.0,2.12,1.88,53.0,46.99999999999999,212.0,51.43134400776322,164,106,0.0
946,106,94,53.0,2.12,1.88,53.0,46.99999999999999,212.0,51.43134400776322,165,106,0.0
947,106,94,53.0,2.12,1.88,53.0,46.99999999999999,212.0,51.43134400776322,165,106,0.0
948,106,94,53.0,2.12,1.88,53.0,46.99999999999999,212.0,51.43134400776322,166,106,0.0
949,106,94,53.0,2.12,1.88,53.0,46.99999999999999,212.0,51.43134400776322,166,106,0.0
950,106,94,53.0,2.12,1.88,53.0,46.99999999999999,212.0,51.43134400776322,166,106,0.0
951,106,94,53.0,2.12,1.88,53.0,46.99999999999999,212.0,51.43134400776322,166,106,0.0
952,106,94,53.0,2.12,1.88,53.0,46.99999999999999,212.0,51.43134400776322,167,106,0.0
953,106,94,53.0,2.12,1.88,53.0,46.99999999999999,212.0,51.43134400776322,168,106,0.0
954,106,94,53.0,2.12,1.88,53.0,46.99999999999999,212.0,51.43134400776322,169,106,0.0
955,106,94,53.0,2.12,1.88,53.0,46.99999999999999,212.0,51.43134400776322,169,106,0.0
956,107,93,53.5,2.14,1.8599999999999999,53.5,46.49999999999999,214.0,51.91654536632703,171,107,2.0
957,107,93,53.5,2.14,1.8599999999999999,53.5,46.49999999999999,214.0,51.91654536632703,171,107,0.0
958,107,93,53.5,2.14,1.8599999999999999,53.5,46.49999999999999,214.0,51.91654536632703,171,107,0.0
959,107,93,53.5,2.14,1.8599999999999999,53.5,46.49999999999999,214.0,51.91654536632703,171,107,0.0
960,108,92,54.0,2.16,1.8399999999999999,54.0,45.99999999999999,216.0,52.40174672489083,173,108,2.0
961,108,92,54.0,2.16,1.8399999999999999,54.0,45.99999999999999,216.0,52.40174672489083,174,108,0.0
962,108,92,54.0,2.16,1.8399999999999999,54.0,45.99999999999999,216.0,52.40174672489083,174,108,0.0
963,108,92,54.0,2.16,1.8399999999999999,54.0,45.99999999999999,216.0,52.40174672489083,175,108,0.0
964,108,92,54.0,2.16,1.8399999999999999,54.0,45.99999999999999,216.0,52.40174672489083,175,108,0.0
965,108,92,54.0,2.16,1.8399999999999999,54.0,45.99999999999999,216.0,52.40174672489083,176,108,0.0
966,108,92,54.0,2.16,1.8399999999999999,54.0,45.99999999999999,216.0,52.40174672489083,176,108,0.0
967,108,92,54.0,2.16,1.8399999999999999,54.0,45.99999999999999,216.0,52.40174672489083,176,108,0.0
968,108,92,54.0,2.16,1.8399999999999999,54.0,45.99999999999999,216.0,52.40174672489083,176,108,0.0
969,108,92,54.0,2.16,1.8399999999999999,54.0,45.99999999999999,216.0,52.40174672489083,176,108,0.0
970,108,92,54.0,2.16,1.8399999999999999,54.0,45.99999999999999,216.0,52.40174672489083,176,108,0.0
971,108,92,54.0,2.16,1.8399999999999999,54.0,45.99999999999999,216.0,52.40174672489083,176,108,0.0
972,108,92,54.0,2.16,1.8399999999999999,54.0,45.99999999999999,216.0,52.40174672489083,176,108,0.0
973,108,92,54.0,2.16,1.8399999999999999,54.0,45.99999999999999,216.0,52.40174672489083,177,108,0.0
974,108,92,54.0,2.16,1.8399999999999999,54.0,45.99999999999999,216.0,52.40174672489083,177,108,0.0
975,108,92,54.0,2.16,1.8399999999999999,54.0,45.99999999999999,216.0,52.40174672489083,177,108,0.0
976,108,92,54.0,2.16,1.8399999999999999,54.0,45.99999999999999,216.0,52.40174672489083,177,108,0.0
977,108,92,54.0,2.16,1.8399999999999999,54.0,45.99999999999999,216.0,52.40174672489083,177,108,0.0
978,108,92,54.0,2.16,1.8399999999999999,54.0,45.99999999999999,216.0,52.40174672489083,177,108,0.0
979,108,92,54.0,2.16,1.8399999999999999,54.0,45.99999999999999,216.0,52.40174672489083,177,108,0.0
980,108,92,54.0,2.16,1.8399999999999999,54.0,45.99999999999999,216.0,52.40174672489083,177,108,0.0
981,108,92,54.0,2.16,1.8399999999999999,54.0,45.99999999999999,216.0,52.40174672489083,177,108,0.0
982,108,92,54.0,2.16,1.8399999999999999,54.0,45.99999999999999,216.0,52.40174672489083,177,108,0.0
983,108,92,54.0,2.16,1.8399999999999999,54.0,45.99999999999999,216.0,52.40174672489083,177,108,0.0
984,108,92,54.0,2.16,1.8399999999999999,54.0,45.99999999999999,216.0,52.40174672489083,177,108,0.0
985,108,92,54.0,2.16,1.8399999999999999,54.0,45.99999999999999,216.0,52.40174672489083,178,108,0.0
986,108,92,54.0,2.16,1.8399999999999999,54.0,45.99999999999999,216.0,52.40174672489083,179,108,0.0
987,108,92,54.0,2.16,1.8399999999999999,54.0,45.99999999999999,216.0,52.40174672489083,180,108,0.0
988,108,92,54.0,2.16,1.8399999999999999,54.0,45.99999999999999,216.0,52.40174672489083,181,108,0.0
989,108,92,54.0,2.16,1.8399999999999999,54.0,45.99999999999999,216.0,52.40174672489083,181,108,0.0
990,108,92,54.0,2.16,1.8399999999999999,54.0,45.99999999999999,216.0,52.40174672489083,181,108,0.0
991,108,92,54.0,2.16,1.8399999999999999,54.0,45.99999999999999,216.0,52.40174672489083,181,108,0.0
992,108,92,54.0,2.16,1.8399999999999999,54.0,45.99999999999999,216.0,52.40174672489083,181,108,0.0
993,108,92,54.0,2.16,1.8399999999999999,54.0,45.99999999999999,216.0,52.40174672489083,181,108,0.0
994,108,92,54.0,2.16,1.8399999999999999,54.0,45.99999999999999,216.0,52.40174672489083,181,108,0.0
995,108,92,54.0,2.16,1.8399999999999999,54.0,45.99999999999999,216.0,52.40174672489083,181,108,0.0
996,108,92,54.0,2.16,1.8399999999999999,54.0,45.99999999999999,216.0,52.40174672489083,181,108,0.0
997,108,92,54.0,2.16,1.8399999999999999,54.0,45.99999999999999,216.0,52.40174672489083,181,108,0.0
998,108,92,54.0,2.16,1.8399999999999999,54.0,45.99999999999999,216.0,52.40174672489083,181,108,0.0
999,108,92,54.0,2.16,1.8399999999999999,54.0,45.99999999999999,216.0,52.40174672489083,181,108,0.0
1000,108,92,54.0,2.16,1.8399999999999999,54.0,45.99999999999999,216.0,52.40174672489083,181,108,0.0
1001,108,92,54.0,2.16,1.8399999999999999,54.0,45.99999999999999,216.0,52.40174672489083,181,108,0.0
1002,108,92,54.0,2.16,1.8399999999999999,54.0,45.99999999999999,216.0,52.40174672489083,181,108,0.0
1003,108,92,54.0,2.16,1.8399999999999999,54.0,45.99999999999999,216.0,52.40174672489083,181,108,0.0
1004,108,92,54.0,2.16,1.8399999999999999,54.0,45.99999999999999,216.0,52.40174672489083,181,108,0.0
1005,109,91,54.50000000000001,2.18,1.8199999999999998,54.5,45.49999999999999,218.0,52.886948083454634,182,109,2.0
1006,109,91,54.50000000000001,2.18,1.8199999999999998,54.5,45.49999999999999,218.0,52.886948083454634,182,109,0.0
1007,109,91,54.50000000000001,2.18,1.8199999999999998,54.5,45.49999999999999,218.0,52.886948083454634,182,109,0.0
1008,109,91,54.50000000000001,2.18,1.8199999999999998,54.5,45.49999999999999,218.0,52.886948083454634,182,109,0.0
1009,109,91,54.50000000000001,2.18,1.8199999999999998,54.5,45.49999999999999,218.0,52.886948083454634,182,109,0.0
1010,109,91,54.50000000000001,2.18,1.8199999999999998,54.5,45.49999999999999,218.0,52.886948083454634,182,109,0.0
1011,109,91,54.50000000000001,2.18,1.8199999999999998,54.5,45.49999999999999,218.0,52.886948083454634,182,109,0.0
1012,109,91,54.50000000000001,2.18,1.8199999999999998,54.5,45.49999999999999,218.0,52.886948083454634,182,109,0.0
1013,109,91,54.50000000000001,2.18,1.8199999999999998,54.5,45.49999999999999,218.0,52.886948083454634,182,109,0.0
1014,109,91,54.50000000000001,2.18,1.8199999999999998,54.5,45.49999999999999,218.0,52.886948083454634,182,109,0.0
1015,110,90,55.00000000000001,2.2,1.7999999999999998,55.0,44.99999999999999,220.0,53.37214944201843,183,110,2.0
1016,110,90,55.00000000000001,2.2,1.7999999999999998,55.0,44.99999999999999,220.0,53.37214944201843,183,110,0.0
1017,110,90,55.00000000000001,2.2,1.7999999999999998,55.0,44.99999999999999,220.0,53.37214944201843,183,110,0.0
1018,110,90,55.00000000000001,2.2,1.7999999999999998,55.0,44.99999999999999,220.0,53.37214944201843,183,110,0.0
1019,110,90,55.00000000000001,2.2,1.7999999999999998,55.0,44.99999999999999,220.0,53.37214944201843,183,110,0.0
1020,110,90,55.00000000000001,2.2,1.7999999999999998,55.0,44.99999999999999,220.0,53.37214944201843,183,110,0.0
1021,110,90,55.00000000000001,2.2,1.7999999999999998,55.0,44.99999999999999,220.0,53.37214944201843,183,110,0.0
1022,110,90,55.00000000000001,2.2,1.7999999999999998,55.0,44.99999999999999,220.0,53.37214944201843,183,110,0.0
1023,110,90,55.00000000000001,2.2,1.7999999999999998,55.0,44.99999999999999,220.0,53.37214944201843,183,110,0.0
1024,110,90,55.00000000000001,2.2,1.7999999999999998,55.0,44.99999999999999,220.0,53.37214944201843,183,110,0.0
1025,110,90,55.00000000000001,2.2,1.7999999999999998,55.0,44.99999999999999,220.0,53.37214944201843,183,110,0.0
1026,110,90,55.00000000000001,2.2,1.7999999999999998,55.0,44.99999999999999,220.0,53.37214944201843,183,110,0.0
1027,110,90,55.00000000000001,2.2,1.7999999999999998,55.0,44.99999999999999,220.0,53.37214944201843,183,110,0.0
1028,111,89,55.50000000000001,2.22,1.7799999999999998,55.50000000000001,44.49999999999999,222.00000000000003,53.857350800582246,184,111,2.0000000000000284
1029,111,89,55.50000000000001,2.22,1.7799999999999998,55.50000000000001,44.49999999999999,222.00000000000003,53.857350800582246,184,111,0.0
1030,111,89,55.50000000000001,2.22,1.7799999999999998,55.50000000000001,44.49999999999999,222.00000000000003,53.857350800582246,184,111,0.0
1031,111,89,55.50000000000001,2.22,1.7799999999999998,55.50000000000001,44.49999999999999,222.00000000000003,53.857350800582246,184,111,0.0
1032,111,89,55.50000000000001,2.22,1.7799999999999998,55.50000000000001,44.49999999999999,222.00000000000003,53.857350800582246,184,111,0.0
1033,111,89,55.50000000000001,2.22,1.7799999999999998,55.50000000000001,44.49999999999999,222.00000000000003,53.857350800582246,184,111,0.0
1034,111,89,55.50000000000001,2.22,1.7799999999999998,55.50000000000001,44.49999999999999,222.00000000000003,53.857350800582246,184,111,0.0
1035,111,89,55.50000000000001,2.22,1.7799999999999998,55.50000000000001,44.49999999999999,222.00000000000003,53.857350800582246,184,111,0.0
1036,111,89,55.50000000000001,2.22,1.7799999999999998,55.50000000000001,44.49999999999999,222.00000000000003,53.857350800582246,184,111,0.0
1037,111,89,55.50000000000001,2.22,1.7799999999999998,55.50000000000001,44.49999999999999,222.00000000000003,53.857350800582246,184,111,0.0
1038,111,89,55.50000000000001,2.22,1.7799999999999998,55.50000000000001,44.49999999999999,222.00000000000003,53.857350800582246,184,111,0.0
1039,111,89,55.50000000000001,2.22,1.7799999999999998,55.50000000000001,44.49999999999999,222.00000000000003,53.857350800582246,184,111,0.0
1040,111,89,55.50000000000001,2.22,1.7799999999999998,55.50000000000001,44.49999999999999,222.00000000000003,53.857350800582246,184,111,0.0
1041,111,89,55.50000000000001,2.22,1.7799999999999998,55.50000000000001,44.49999999999999,222.00000000000003,53.857350800582246,184,111,0.0
1042,111,89,55.50000000000001,2.22,1.7799999999999998,55.50000000000001,44.49999999999999,222.00000000000003,53.857350800582246,184,111,0.0
1043,111,89,55.50000000000001,2.22,1.7799999999999998,55.50000000000001,44.49999999999999,222.00000000000003,53.857350800582246,184,111,0.0
1044,111,89,55.50000000000001,2.22,1.7799999999999998,55.50000000000001,44.49999999999999,222.00000000000003,53.857350800582246,184,111,0.0
1045,111,89,55.50000000000001,2.22,1.7799999999999998,55.50000000000001,44.49999999999999,222.00000000000003,53.857350800582246,184,111,0.0
1046,111,89,55.50000000000001,2.22,1.7799999999999998,55.50000000000001,44.49999999999999,222.00000000000003,53.857350800582246,184,111,0.0
1047,111,89,55.50000000000001,2.22,1.7799999999999998,55.50000000000001,44.49999999999999,222.00000000000003,53.857350800582246,184,111,0.0
1048,111,89,55.50000000000001,2.22,1.7799999999999998,55.50000000000001,44.49999999999999,222.00000000000003,53.857350800582246,184,111,0.0
1049,111,89,55.50000000000001,2.22,1.7799999999999998,55.50000000000001,44.49999999999999,222.00000000000003,53.857350800582246,184,111,0.0
1050,111,89,55.50000000000001,2.22,1.7799999999999998,55.50000000000001,44.49999999999999,222.00000000000003,53.857350800582246,184,111,0.0
1051,111,89,55.50000000000001,2.22,1.7799999999999998,55.50000000000001,44.49999999999999,222.00000000000003,53.857350800582246,184,111,0.0
1052,111,89,55.50000000000001,2.22,1.7799999999999998,55.50000000000001,44.49999999999999,222.00000000000003,53.857350800582246,184,111,0.0
1053,111,89,55.50000000000001,2.22,1.7799999999999998,55.50000000000001,44.49999999999999,222.00000000000003,53.857350800582246,184,111,0.0
1054,111,89,55.50000000000001,2.22,1.7799999999999998,55.50000000000001,44.49999999999999,222.00000000000003,53.857350800582246,184,111,0.0
1055,111,89,55.50000000000001,2.22,1.7799999999999998,55.50000000000001,44.49999999999999,222.00000000000003,53.857350800582246,184,111,0.0
1056,111,89,55.50000000000001,2.22,1.7799999999999998,55.50000000000001,44.49999999999999,222.00000000000003,53.857350800582246,184,111,0.0
1057,111,89,55.50000000000001,2.22,1.7799999999999998,55.50000000000001,44.49999999999999,222.00000000000003,53.857350800582246,184,111,0.0
1058,111,89,55.50000000000001,2.22,1.7799999999999998,55.50000000000001,44.49999999999999,222.00000000000003,53.857350800582246,184,111,0.0
1059,111,89,55.50000000000001,2.22,1.7799999999999998,55.50000000000001,44.49999999999999,222.00000000000003,53.857350800582246,184,111,0.0
1060,111,89,55.50000000000001,2.22,1.7799999999999998,55.50000000000001,44.49999999999999,222.00000000000003,53.857350800582246,184,111,0.0
1061,111,89,55.50000000000001,2.22,1.7799999999999998,55.50000000000001,44.49999999999999,222.00000000000003,53.857350800582246,184,111,0.0
1062,111,89,55.50000000000001,2.22,1.7799999999999998,55.50000000000001,44.49999999999999,222.00000000000003,53.857350800582246,184,111,0.0
1063,111,89,55.50000000000001,2.22,1.7799999999999998,55.50000000000001,44.49999999999999,222.00000000000003,53.857350800582246,184,111,0.0
1064,111,89,55.50000000000001,2.22,1.7799999999999998,55.50000000000001,44.49999999999999,222.00000000000003,53.857350800582246,184,111,0.0
1065,111,89,55.50000000000001,2.22,1.7799999999999998,55.50000000000001,44.49999999999999,222.00000000000003,53.857350800582246,184,111,0.0
1066,111,89,55.50000000000001,2.22,1.7799999999999998,55.50000000000001,44.49999999999999,222.00000000000003,53.857350800582246,184,111,0.0
1067,111,89,55.50000000000001,2.22,1.7799999999999998,55.50000000000001,44.49999999999999,222.00000000000003,53.857350800582246,184,111,0.0
1068,111,89,55.50000000000001,2.22,1.7799999999999998,55.50000000000001,44.49999999999999,222.00000000000003,53.857350800582246,184,111,0.0
1069,111,89,55.50000000000001,2.22,1.7799999999999998,55.50000000000001,44.49999999999999,222.00000000000003,53.857350800582246,184,111,0.0
1070,111,89,55.50000000000001,2.22,1.7799999999999998,55.50000000000001,44.49999999999999,222.00000000000003,53.857350800582246,185,111,0.0
1071,111,89,55.50000000000001,2.22,1.7799999999999998,55.50000000000001,44.49999999999999,222.00000000000003,53.857350800582246,185,111,0.0
1072,111,89,55.50000000000001,2.22,1.7799999999999998,55.50000000000001,44.49999999999999,222.00000000000003,53.857350800582246,185,111,0.0
1073,111,89,55.50000000000001,2.22,1.7799999999999998,55.50000000000001,44.49999999999999,222.00000000000003,53.857350800582246,185,111,0.0
1074,111,89,55.50000000000001,2.22,1.7799999999999998,55.50000000000001,44.49999999999999,222.00000000000003,53.857350800582246,185,111,0.0
1075,111,89,55.50000000000001,2.22,1.7799999999999998,55.50000000000001,44.49999999999999,222.00000000000003,53.857350800582246,185,111,0.0
1076,111,89,55.50000000000001,2.22,1.7799999999999998,55.50000000000001,44.49999999999999,222.00000000000003,53.857350800582246,185,111,0.0
1077,111,89,55.50000000000001,2.22,1.7799999999999998,55.50000000000001,44.49999999999999,222.00000000000003,53.857350800582246,186,111,0.0
1078,111,89,55.50000000000001,2.22,1.7799999999999998,55.50000000000001,44.49999999999999,222.00000000000003,53.857350800582246,186,111,0.0
1079,111,89,55.50000000000001,2.22,1.7799999999999998,55.50000000000001,44.49999999999999,222.00000000000003,53.857350800582246,186,111,0.0
1080,111,89,55.50000000000001,2.22,1.7799999999999998,55.50000000000001,44.49999999999999,222.00000000000003,53.857350800582246,186,111,0.0
1081,111,89,55.50000000000001,2.22,1.7799999999999998,55.50000000000001,44.49999999999999,222.00000000000003,53.857350800582246,186,111,0.0
1082,111,89,55.50000000000001,2.22,1.7799999999999998,55.50000000000001,44.49999999999999,222.00000000000003,53.857350800582246,186,111,0.0
1083,111,89,55.50000000000001,2.22,1.7799999999999998,55.50000000000001,44.49999999999999,222.00000000000003,53.857350800582246,186,111,0.0
1084,111,89,55.50000000000001,2.22,1.7799999999999998,55.50000000000001,44.49999999999999,222.00000000000003,53.857350800582246,186,111,0.0
1085,111,89,55.50000000000001,2.22,1.7799999999999998,55.50000000000001,44.49999999999999,222.00000000000003,53.857350800582246,186,111,0.0
1086,111,89,55.50000000000001,2.22,1.7799999999999998,55.50000000000001,44.49999999999999,222.00000000000003,53.857350800582246,186,111,0.0
1087,111,89,55.50000000000001,2.22,1.7799999999999998,55.50000000000001,44.49999999999999,222.00000000000003,53.857350800582246,186,111,0.0
1088,111,89,55.50000000000001,2.22,1.7799999999999998,55.50000000000001,44.49999999999999,222.00000000000003,53.857350800582246,186,111,0.0
1089,111,89,55.50000000000001,2.22,1.7799999999999998,55.50000000000001,44.49999999999999,222.00000000000003,53.857350800582246,186,111,0.0
1090,111,89,55.50000000000001,2.22,1.7799999999999998,55.50000000000001,44.49999999999999,222.00000000000003,53.857350800582246,186,111,0.0
1091,111,89,55.50000000000001,2.22,1.7799999999999998,55.50000000000001,44.49999999999999,222.00000000000003,53.857350800582246,186,111,0.0
1092,111,89,55.50000000000001,2.22,1.7799999999999998,55.50000000000001,44.49999999999999,222.00000000000003,53.857350800582246,186,111,0.0
1093,111,89,55.50000000000001,2.22,1.7799999999999998,55.50000000000001,44.49999999999999,222.00000000000003,53.857350800582246,186,111,0.0
1094,111,89,55.50000000000001,2.22,1.7799999999999998,55.50000000000001,44.49999999999999,222.00000000000003,53.857350800582246,186,111,0.0
1095,112,88,56.00000000000001,2.24,1.7599999999999998,56.00000000000001,43.99999999999999,224.00000000000003,54.34255215914605,187,112,2.0
1096,112,88,56.00000000000001,2.24,1.7599999999999998,56.00000000000001,43.99999999999999,224.00000000000003,54.34255215914605,187,112,0.0
1097,112,88,56.00000000000001,2.24,1.7599999999999998,56.00000000000001,43.99999999999999,224.00000000000003,54.34255215914605,187,112,0.0
1098,112,88,56.00000000000001,2.24,1.7599999999999998,56.00000000000001,43.99999999999999,224.00000000000003,54.34255215914605,187,112,0.0
1099,112,88,56.00000000000001,2.24,1.7599999999999998,56.00000000000001,43.99999999999999,224.00000000000003,54.34255215914605,187,112,0.0
1100,112,88,56.00000000000001,2.24,1.7599999999999998,56.00000000000001,43.99999999999999,224.00000000000003,54.34255215914605,187,112,0.0
1101,112,88,56.00000000000001,2.24,1.7599999999999998,56.00000000000001,43.99999999999999,224.00000000000003,54.34255215914605,187,112,0.0
1102,112,88,56.00000000000001,2.24,1.7599999999999998,56.00000000000001,43.99999999999999,224.00000000000003,54.34255215914605,188,112,0.0
1103,112,88,56.00000000000001,2.24,1.7599999999999998,56.00000000000001,43.99999999999999,224.00000000000003,54.34255215914605,188,112,0.0
1104,112,88,56.00000000000001,2.24,1.7599999999999998,56.00000000000001,43.99999999999999,224.00000000000003,54.34255215914605,188,112,0.0
1105,112,88,56.00000000000001,2.24,1.7599999999999998,56.00000000000001,43.99999999999999,224.00000000000003,54.34255215914605,188,112,0.0
1106,112,88,56.00000000000001,2.24,1.7599999999999998,56.00000000000001,43.99999999999999,224.00000000000003,54.34255215914605,188,112,0.0
1107,112,88,56.00000000000001,2.24,1.7599999999999998,56.00000000000001,43.99999999999999,224.00000000000003,54.34255215914605,188,112,0.0
1108,112,88,56.00000000000001,2.24,1.7599999999999998,56.00000000000001,43.99999999999999,224.00000000000003,54.34255215914605,188,112,0.0
1109,112,88,56.00000000000001,2.24,1.7599999999999998,56.00000000000001,43.99999999999999,224.00000000000003,54.34255215914605,188,112,0.0
1110,112,88,56.00000000000001,2.24,1.7599999999999998,56.00000000000001,43.99999999999999,224.00000000000003,54.34255215914605,188,112,0.0
1111,112,88,56.00000000000001,2.24,1.7599999999999998,56.00000000000001,43.99999999999999,224.00000000000003,54.34255215914605,188,112,0.0
1112,112,88,56.00000000000001,2.24,1.7599999999999998,56.00000000000001,43.99999999999999,224.00000000000003,54.34255215914605,188,112,0.0
1113,112,88,56.00000000000001,2.24,1.7599999999999998,56.00000000000001,43.99999999999999,224.00000000000003,54.34255215914605,188,112,0.0
1114,112,88,56.00000000000001,2.24,1.7599999999999998,56.00000000000001,43.99999999999999,224.00000000000003,54.34255215914605,188,112,0.0
1115,112,88,56.00000000000001,2.24,1.7599999999999998,56.00000000000001,43.99999999999999,224.00000000000003,54.34255215914605,188,112,0.0
1116,112,88,56.00000000000001,2.24,1.7599999999999998,56.00000000000001,43.99999999999999,224.00000000000003,54.34255215914605,188,112,0.0
1117,112,88,56.00000000000001,2.24,1.7599999999999998,56.00000000000001,43.99999999999999,224.00000000000003,54.34255215914605,188,112,0.0
1118,112,88,56.00000000000001,2.24,1.7599999999999998,56.00000000000001,43.99999999999999,224.00000000000003,54.34255215914605,188,112,0.0
1119,112,88,56.00000000000001,2.24,1.7599999999999998,56.00000000000001,43.99999999999999,224.00000000000003,54.34255215914605,188,112,0.0
1120,112,88,56.00000000000001,2.24,1.7599999999999998,56.00000000000001,43.99999999999999,224.00000000000003,54.34255215914605,188,112,0.0
1121,112,88,56.00000000000001,2.24,1.7599999999999998,56.00000000000001,43.99999999999999,224.00000000000003,54.34255215914605,188,112,0.0
1122,112,88,56.00000000000001,2.24,1.7599999999999998,56.00000000000001,43.99999999999999,224.00000000000003,54.34255215914605,188,112,0.0
1123,112,88,56.00000000000001,2.24,1.7599999999999998,56.00000000000001,43.99999999999999,224.00000000000003,54.34255215914605,189,112,0.0
1124,112,88,56.00000000000001,2.24,1.7599999999999998,56.00000000000001,43.99999999999999,224.00000000000003,54.34255215914605,189,112,0.0
1125,112,88,56.00000000000001,2.24,1.7599999999999998,56.00000000000001,43.99999999999999,224.00000000000003,54.34255215914605,189,112,0.0
1126,112,88,56.00000000000001,2.24,1.7599999999999998,56.00000000000001,43.99999999999999,224.00000000000003,54.34255215914605,189,112,0.0
1127,112,88,56.00000000000001,2.24,1.7599999999999998,56.00000000000001,43.99999999999999,224.00000000000003,54.34255215914605,190,112,0.0
1128,112,88,56.00000000000001,2.24,1.7599999999999998,56.00000000000001,43.99999999999999,224.00000000000003,54.34255215914605,192,112,0.0
1129,112,88,56.00000000000001,2.24,1.7599999999999998,56.00000000000001,43.99999999999999,224.00000000000003,54.34255215914605,192,112,0.0
1130,112,88,56.00000000000001,2.24,1.7599999999999998,56.00000000000001,43.99999999999999,224.00000000000003,54.34255215914605,192,112,0.0
1131,112,88,56.00000000000001,2.24,1.7599999999999998,56.00000000000001,43.99999999999999,224.00000000000003,54.34255215914605,192,112,0.0
1132,112,88,56.00000000000001,2.24,1.7599999999999998,56.00000000000001,43.99999999999999,224.00000000000003,54.34255215914605,192,112,0.0
1133,112,88,56.00000000000001,2.24,1.7599999999999998,56.00000000000001,43.99999999999999,224.00000000000003,54.34255215914605,192,112,0.0
1134,112,88,56.00000000000001,2.24,1.7599999999999998,56.00000000000001,43.99999999999999,224.00000000000003,54.34255215914605,192,112,0.0
1135,112,88,56.00000000000001,2.24,1.7599999999999998,56.00000000000001,43.99999999999999,224.00000000000003,54.34255215914605,192,112,0.0
1136,112,88,56.00000000000001,2.24,1.7599999999999998,56.00000000000001,43.99999999999999,224.00000000000003,54.34255215914605,193,112,0.0
1137,112,88,56.00000000000001,2.24,1.7599999999999998,56.00000000000001,43.99999999999999,224.00000000000003,54.34255215914605,194,112,0.0
1138,112,88,56.00000000000001,2.24,1.7599999999999998,56.00000000000001,43.99999999999999,224.00000000000003,54.34255215914605,194,112,0.0
1139,112,88,56.00000000000001,2.24,1.7599999999999998,56.00000000000001,43.99999999999999,224.00000000000003,54.34255215914605,194,112,0.0
1140,112,88,56.00000000000001,2.24,1.7599999999999998,56.00000000000001,43.99999999999999,224.00000000000003,54.34255215914605,194,112,0.0
1141,112,88,56.00000000000001,2.24,1.7599999999999998,56.00000000000001,43.99999999999999,224.00000000000003,54.34255215914605,194,112,0.0
1142,112,88,56.00000000000001,2.24,1.7599999999999998,56.00000000000001,43.99999999999999,224.00000000000003,54.34255215914605,194,112,0.0
1143,112,88,56.00000000000001,2.24,1.7599999999999998,56.00000000000001,43.99999999999999,224.00000000000003,54.34255215914605,194,112,0.0
1144,112,88,56.00000000000001,2.24,1.7599999999999998,56.00000000000001,43.99999999999999,224.00000000000003,54.34255215914605,194,112,0.0
1145,112,88,56.00000000000001,2.24,1.7599999999999998,56.00000000000001,43.99999999999999,224.00000000000003,54.34255215914605,194,112,0.0
1146,112,88,56.00000000000001,2.24,1.7599999999999998,56.00000000000001,43.99999999999999,224.00000000000003,54.34255215914605,194,112,0.0
1147,112,88,56.00000000000001,2.24,1.7599999999999998,56.00000000000001,43.99999999999999,224.00000000000003,54.34255215914605,194,112,0.0
1148,112,88,56.00000000000001,2.24,1.7599999999999998,56.00000000000001,43.99999999999999,224.00000000000003,54.34255215914605,194,112,0.0
1149,113,87,56.49999999999999,2.2600000000000002,1.7399999999999998,56.50000000000001,43.49999999999999,226.00000000000003,54.82775351770985,195,113,2.0
1150,113,87,56.49999999999999,2.2600000000000002,1.7399999999999998,56.50000000000001,43.49999999999999,226.00000000000003,54.82775351770985,195,113,0.0
1151,113,87,56.49999999999999,2.2600000000000002,1.7399999999999998,56.50000000000001,43.49999999999999,226.00000000000003,54.82775351770985,195,113,0.0
1152,113,87,56.49999999999999,2.2600000000000002,1.7399999999999998,56.50000000000001,43.49999999999999,226.00000000000003,54.82775351770985,195,113,0.0
1153,113,87,56.49999999999999,2.2600000000000002,1.7399999999999998,56.50000000000001,43.49999999999999,226.00000000000003,54.82775351770985,195,113,0.0
1154,113,87,56.49999999999999,2.2600000000000002,1.7399999999999998,56.50000000000001,43.49999999999999,226.00000000000003,54.82775351770985,195,113,0.0
1155,113,87,56.49999999999999,2.2600000000000002,1.7399999999999998,56.50000000000001,43.49999999999999,226.00000000000003,54.82775351770985,195,113,0.0
1156,113,87,56.49999999999999,2.2600000000000002,1.7399999999999998,56.50000000000001,43.49999999999999,226.00000000000003,54.82775351770985,195,113,0.0
1157,113,87,56.49999999999999,2.2600000000000002,1.7399999999999998,56.50000000000001,43.49999999999999,226.00000000000003,54.82775351770985,195,113,0.0
1158,113,87,56.49999999999999,2.2600000000000002,1.7399999999999998,56.50000000000001,43.49999999999999,226.00000000000003,54.82775351770985,195,113,0.0
1159,113,87,56.49999999999999,2.2600000000000002,1.7399999999999998,56.50000000000001,43.49999999999999,226.00000000000003,54.82775351770985,195,113,0.0
1160,113,87,56.49999999999999,2.2600000000000002,1.7399999999999998,56.50000000000001,43.49999999999999,226.00000000000003,54.82775351770985,195,113,0.0
1161,113,87,56.49999999999999,2.2600000000000002,1.7399999999999998,56.50000000000001,43.49999999999999,226.00000000000003,54.82775351770985,195,113,0.0
1162,113,87,56.49999999999999,2.2600000000000002,1.7399999999999998,56.50000000000001,43.49999999999999,226.00000000000003,54.82775351770985,195,113,0.0
1163,113,87,56.49999999999999,2.2600000000000002,1.7399999999999998,56.50000000000001,43.49999999999999,226.00000000000003,54.82775351770985,195,113,0.0
1164,113,87,56.49999999999999,2.2600000000000002,1.7399999999999998,56.50000000000001,43.49999999999999,226.00000000000003,54.82775351770985,195,113,0.0
1165,113,87,56.49999999999999,2.2600000000000002,1.7399999999999998,56.50000000000001,43.49999999999999,226.00000000000003,54.82775351770985,195,113,0.0
1166,113,87,56.49999999999999,2.2600000000000002,1.7399999999999998,56.50000000000001,43.49999999999999,226.00000000000003,54.82775351770985,195,113,0.0
1167,113,87,56.49999999999999,2.2600000000000002,1.7399999999999998,56.50000000000001,43.49999999999999,226.00000000000003,54.82775351770985,195,113,0.0
1168,113,87,56.49999999999999,2.2600000000000002,1.7399999999999998,56.50000000000001,43.49999999999999,226.00000000000003,54.82775351770985,195,113,0.0
1169,113,87,56.49999999999999,2.2600000000000002,1.7399999999999998,56.50000000000001,43.49999999999999,226.00000000000003,54.82775351770985,195,113,0.0
1170,113,87,56.49999999999999,2.2600000000000002,1.7399999999999998,56.50000000000001,43.49999999999999,226.00000000000003,54.82775351770985,195,113,0.0
1171,113,87,56.49999999999999,2.2600000000000002,1.7399999999999998,56.50000000000001,43.49999999999999,226.00000000000003,54.82775351770985,195,113,0.0
1172,113,87,56.49999999999999,2.2600000000000002,1.7399999999999998,56.50000000000001,43.49999999999999,226.00000000000003,54.82775351770985,195,113,0.0
1173,113,87,56.49999999999999,2.2600000000000002,1.7399999999999998,56.50000000000001,43.49999999999999,226.00000000000003,54.82775351770985,195,113,0.0
1174,113,87,56.49999999999999,2.2600000000000002,1.7399999999999998,56.50000000000001,43.49999999999999,226.00000000000003,54.82775351770985,195,113,0.0
1175,113,87,56.49999999999999,2.2600000000000002,1.7399999999999998,56.50000000000001,43.49999999999999,226.00000000000003,54.82775351770985,195,113,0.0
1176,113,87,56.49999999999999,2.2600000000000002,1.7399999999999998,56.50000000000001,43.49999999999999,226.00000000000003,54.82775351770985,195,113,0.0
1177,113,87,56.49999999999999,2.2600000000000002,1.7399999999999998,56.50000000000001,43.49999999999999,226.00000000000003,54.82775351770985,195,113,0.0
1178,113,87,56.49999999999999,2.2600000000000002,1.7399999999999998,56.50000000000001,43.49999999999999,226.00000000000003,54.82775351770985,196,113,0.0
1179,113,87,56.49999999999999,2.2600000000000002,1.7399999999999998,56.50000000000001,43.49999999999999,226.00000000000003,54.82775351770985,196,113,0.0
1180,113,87,56.49999999999999,2.2600000000000002,1.7399999999999998,56.50000000000001,43.49999999999999,226.00000000000003,54.82775351770985,197,113,0.0
1181,113,87,56.49999999999999,2.2600000000000002,1.7399999999999998,56.50000000000001,43.49999999999999,226.00000000000003,54.82775351770985,197,113,0.0
1182,113,87,56.49999999999999,2.2600000000000002,1.7399999999999998,56.50000000000001,43.49999999999999,226.00000000000003,54.82775351770985,197,113,0.0
1183,113,87,56.49999999999999,2.2600000000000002,1.7399999999999998,56.50000000000001,43.49999999999999,226.00000000000003,54.82775351770985,198,113,0.0
1184,113,87,56.49999999999999,2.2600000000000002,1.7399999999999998,56.50000000000001,43.49999999999999,226.00000000000003,54.82775351770985,198,113,0.0
1185,113,87,56.49999999999999,2.2600000000000002,1.7399999999999998,56.50000000000001,43.49999999999999,226.00000000000003,54.82775351770985,198,113,0.0
1186,113,87,56.49999999999999,2.2600000000000002,1.7399999999999998,56.50000000000001,43.49999999999999,226.00000000000003,54.82775351770985,198,113,0.0
1187,113,87,56.49999999999999,2.2600000000000002,1.7399999999999998,56.50000000000001,43.49999999999999,226.00000000000003,54.82775351770985,199,113,0.0
1188,113,87,56.49999999999999,2.2600000000000002,1.7399999999999998,56.50000000000001,43.49999999999999,226.00000000000003,54.82775351770985,199,113,0.0
1189,113,87,56.49999999999999,2.2600000000000002,1.7399999999999998,56.50000000000001,43.49999999999999,226.00000000000003,54.82775351770985,199,113,0.0
1190,113,87,56.49999999999999,2.2600000000000002,1.7399999999999998,56.50000000000001,43.49999999999999,226.00000000000003,54.82775351770985,200,113,0.0
1191,113,87,56.49999999999999,2.2600000000000002,1.7399999999999998,56.50000000000001,43.49999999999999,226.00000000000003,54.82775351770985,200,113,0.0
1192,113,87,56.49999999999999,2.2600000000000002,1.7399999999999998,56.50000000000001,43.49999999999999,226.00000000000003,54.82775351770985,200,113,0.0
1193,113,87,56.49999999999999,2.2600000000000002,1.7399999999999998,56.50000000000001,43.49999999999999,226.00000000000003,54.82775351770985,200,113,0.0
1194,113,87,56.49999999999999,2.2600000000000002,1.7399999999999998,56.50000000000001,43.49999999999999,226.00000000000003,54.82775351770985,200,113,0.0
1195,113,87,56.49999999999999,2.2600000000000002,1.7399999999999998,56.50000000000001,43.49999999999999,226.00000000000003,54.82775351770985,200,113,0.0
1196,113,87,56.49999999999999,2.2600000000000002,1.7399999999999998,56.50000000000001,43.49999999999999,226.00000000000003,54.82775351770985,200,113,0.0
1197,113,87,56.49999999999999,2.2600000000000002,1.7399999999999998,56.50000000000001,43.49999999999999,226.00000000000003,54.82775351770985,201,113,0.0
1198,113,87,56.49999999999999,2.2600000000000002,1.7399999999999998,56.50000000000001,43.49999999999999,226.00000000000003,54.82775351770985,202,113,0.0
1199,113,87,56.49999999999999,2.2600000000000002,1.7399999999999998,56.50000000000001,43.49999999999999,226.00000000000003,54.82775351770985,203,113,0.0
1200,113,87,56.49999999999999,2.2600000000000002,1.7399999999999998,56.50000000000001,43.49999999999999,226.00000000000003,54.82775351770985,204,113,0.0
1201,113,87,56.49999999999999,2.2600000000000002,1.7399999999999998,56.50000000000001,43.49999999999999,226.00000000000003,54.82775351770985,204,113,0.0
1202,113,87,56.49999999999999,2.2600000000000002,1.7399999999999998,56.50000000000001,43.49999999999999,226.00000000000003,54.82775351770985,204,113,0.0
1203,113,87,56.49999999999999,2.2600000000000002,1.7399999999999998,56.50000000000001,43.49999999999999,226.00000000000003,54.82775351770985,204,113,0.0
1204,113,87,56.49999999999999,2.2600000000000002,1.7399999999999998,56.50000000000001,43.49999999999999,226.00000000000003,54.82775351770985,204,113,0.0
1205,113,87,56.49999999999999,2.2600000000000002,1.7399999999999998,56.50000000000001,43.49999999999999,226.00000000000003,54.82775351770985,204,113,0.0
1206,113,87,56.49999999999999,2.2600000000000002,1.7399999999999998,56.50000000000001,43.49999999999999,226.00000000000003,54.82775351770985,204,113,0.0
1207,113,87,56.49999999999999,2.2600000000000002,1.7399999999999998,56.50000000000001,43.49999999999999,226.00000000000003,54.82775351770985,204,113,0.0
1208,113,87,56.49999999999999,2.2600000000000002,1.7399999999999998,56.50000000000001,43.49999999999999,226.00000000000003,54.82775351770985,204,113,0.0
1209,113,87,56.49999999999999,2.2600000000000002,1.7399999999999998,56.50000000000001,43.49999999999999,226.00000000000003,54.82775351770985,204,113,0.0
1210,113,87,56.49999999999999,2.2600000000000002,1.7399999999999998,56.50000000000001,43.49999999999999,226.00000000000003,54.82775351770985,204,113,0.0
1211,113,87,56.49999999999999,2.2600000000000002,1.7399999999999998,56.50000000000001,43.49999999999999,226.00000000000003,54.82775351770985,204,113,0.0
1212,113,87,56.49999999999999,2.2600000000000002,1.7399999999999998,56.50000000000001,43.49999999999999,226.00000000000003,54.82775351770985,204,113,0.0
1213,113,87,56.49999999999999,2.2600000000000002,1.7399999999999998,56.50000000000001,43.49999999999999,226.00000000000003,54.82775351770985,204,113,0.0
1214,113,87,56.49999999999999,2.2600000000000002,1.7399999999999998,56.50000000000001,43.49999999999999,226.00000000000003,54.82775351770985,204,113,0.0
1215,113,87,56.49999999999999,2.2600000000000002,1.7399999999999998,56.50000000000001,43.49999999999999,226.00000000000003,54.82775351770985,204,113,0.0
1216,113,87,56.49999999999999,2.2600000000000002,1.7399999999999998,56.50000000000001,43.49999999999999,226.00000000000003,54.82775351770985,204,113,0.0
1217,113,87,56.49999999999999,2.2600000000000002,1.7399999999999998,56.50000000000001,43.49999999999999,226.00000000000003,54.82775351770985,204,113,0.0
1218,113,87,56.49999999999999,2.2600000000000002,1.7399999999999998,56.50000000000001,43.49999999999999,226.00000000000003,54.82775351770985,204,113,0.0
1219,113,87,56.49999999999999,2.2600000000000002,1.7399999999999998,56.50000000000001,43.49999999999999,226.00000000000003,54.82775351770985,204,113,0.0
1220,113,87,56.49999999999999,2.2600000000000002,1.7399999999999998,56.50000000000001,43.49999999999999,226.00000000000003,54.82775351770985,204,113,0.0
1221,113,87,56.49999999999999,2.2600000000000002,1.7399999999999998,56.50000000000001,43.49999999999999,226.00000000000003,54.82775351770985,204,113,0.0
1222,113,87,56.49999999999999,2.2600000000000002,1.7399999999999998,56.50000000000001,43.49999999999999,226.00000000000003,54.82775351770985,204,113,0.0
1223,113,87,56.49999999999999,2.2600000000000002,1.7399999999999998,56.50000000000001,43.49999999999999,226.00000000000003,54.82775351770985,205,113,0.0
1224,113,87,56.49999999999999,2.2600000000000002,1.7399999999999998,56.50000000000001,43.49999999999999,226.00000000000003,54.82775351770985,205,113,0.0
1225,113,87,56.49999999999999,2.2600000000000002,1.7399999999999998,56.50000000000001,43.49999999999999,226.00000000000003,54.82775351770985,206,113,0.0
1226,113,87,56.49999999999999,2.2600000000000002,1.7399999999999998,56.50000000000001,43.49999999999999,226.00000000000003,54.82775351770985,206,113,0.0
1227,113,87,56.49999999999999,2.2600000000000002,1.7399999999999998,56.50000000000001,43.49999999999999,226.00000000000003,54.82775351770985,207,113,0.0
1228,113,87,56.49999999999999,2.2600000000000002,1.7399999999999998,56.50000000000001,43.49999999999999,226.00000000000003,54.82775351770985,208,113,0.0
1229,113,87,56.49999999999999,2.2600000000000002,1.7399999999999998,56.50000000000001,43.49999999999999,226.00000000000003,54.82775351770985,208,113,0.0
1230,113,87,56.49999999999999,2.2600000000000002,1.7399999999999998,56.50000000000001,43.49999999999999,226.00000000000003,54.82775351770985,208,113,0.0
1231,113,87,56.49999999999999,2.2600000000000002,1.7399999999999998,56.50000000000001,43.49999999999999,226.00000000000003,54.82775351770985,208,113,0.0
1232,113,87,56.49999999999999,2.2600000000000002,1.7399999999999998,56.50000000000001,43.49999999999999,226.00000000000003,54.82775351770985,208,113,0.0
1233,113,87,56.49999999999999,2.2600000000000002,1.7399999999999998,56.50000000000001,43.49999999999999,226.00000000000003,54.82775351770985,208,113,0.0
1234,113,87,56.49999999999999,2.2600000000000002,1.7399999999999998,56.50000000000001,43.49999999999999,226.00000000000003,54.82775351770985,208,113,0.0
1235,113,87,56.49999999999999,2.2600000000000002,1.7399999999999998,56.50000000000001,43.49999999999999,226.00000000000003,54.82775351770985,208,113,0.0
1236,113,87,56.49999999999999,2.2600000000000002,1.7399999999999998,56.50000000000001,43.49999999999999,226.00000000000003,54.82775351770985,208,113,0.0
1237,113,87,56.49999999999999,2.2600000000000002,1.7399999999999998,56.50000000000001,43.49999999999999,226.00000000000003,54.82775351770985,208,113,0.0
1238,113,87,56.49999999999999,2.2600000000000002,1.7399999999999998,56.50000000000001,43.49999999999999,226.00000000000003,54.82775351770985,208,113,0.0
1239,113,87,56.49999999999999,2.2600000000000002,1.7399999999999998,56.50000000000001,43.49999999999999,226.00000000000003,54.82775351770985,208,113,0.0
1240,113,87,56.49999999999999,2.2600000000000002,1.7399999999999998,56.50000000000001,43.49999999999999,226.00000000000003,54.82775351770985,208,113,0.0
1241,113,87,56.49999999999999,2.2600000000000002,1.7399999999999998,56.50000000000001,43.49999999999999,226.00000000000003,54.82775351770985,208,113,0.0
1242,113,87,56.49999999999999,2.2600000000000002,1.7399999999999998,56.50000000000001,43.49999999999999,226.00000000000003,54.82775351770985,208,113,0.0
1243,113,87,56.49999999999999,2.2600000000000002,1.7399999999999998,56.50000000000001,43.49999999999999,226.00000000000003,54.82775351770985,208,113,0.0
1244,114,86,56.99999999999999,2.2800000000000002,1.7199999999999998,57.00000000000001,42.99999999999999,228.00000000000003,55.31295487627366,209,114,2.0
1245,114,86,56.99999999999999,2.2800000000000002,1.7199999999999998,57.00000000000001,42.99999999999999,228.00000000000003,55.31295487627366,209,114,0.0
1246,114,86,56.99999999999999,2.2800000000000002,1.7199999999999998,57.00000000000001,42.99999999999999,228.00000000000003,55.31295487627366,209,114,0.0
1247,114,86,56.99999999999999,2.2800000000000002,1.7199999999999998,57.00000000000001,42.99999999999999,228.00000000000003,55.31295487627366,209,114,0.0
1248,114,86,56.99999999999999,2.2800000000000002,1.7199999999999998,57.00000000000001,42.99999999999999,228.00000000000003,55.31295487627366,209,114,0.0
1249,114,86,56.99999999999999,2.2800000000000002,1.7199999999999998,57.00000000000001,42.99999999999999,228.00000000000003,55.31295487627366,209,114,0.0
1250,114,86,56.99999999999999,2.2800000000000002,1.7199999999999998,57.00000000000001,42.99999999999999,228.00000000000003,55.31295487627366,210,114,0.0
1251,115,85,57.49999999999999,2.3000000000000003,1.6999999999999997,57.50000000000001,42.49999999999999,230.00000000000003,55.79815623483747,211,115,2.0
1252,115,85,57.49999999999999,2.3000000000000003,1.6999999999999997,57.50000000000001,42.49999999999999,230.00000000000003,55.79815623483747,211,115,0.0
1253,115,85,57.49999999999999,2.3000000000000003,1.6999999999999997,57.50000000000001,42.49999999999999,230.00000000000003,55.79815623483747,211,115,0.0
1254,115,85,57.49999999999999,2.3000000000000003,1.6999999999999997,57.50000000000001,42.49999999999999,230.00000000000003,55.79815623483747,211,115,0.0
1255,115,85,57.49999999999999,2.3000000000000003,1.6999999999999997,57.50000000000001,42.49999999999999,230.00000000000003,55.79815623483747,211,115,0.0
1256,115,85,57.49999999999999,2.3000000000000003,1.6999999999999997,57.50000000000001,42.49999999999999,230.00000000000003,55.79815623483747,211,115,0.0
1257,115,85,57.49999999999999,2.3000000000000003,1.6999999999999997,57.50000000000001,42.49999999999999,230.00000000000003,55.79815623483747,211,115,0.0
1258,115,85,57.49999999999999,2.3000000000000003,1.6999999999999997,57.50000000000001,42.49999999999999,230.00000000000003,55.79815623483747,211,115,0.0
1259,115,85,57.49999999999999,2.3000000000000003,1.6999999999999997,57.50000000000001,42.49999999999999,230.00000000000003,55.79815623483747,211,115,0.0
1260,115,85,57.49999999999999,2.3000000000000003,1.6999999999999997,57.50000000000001,42.49999999999999,230.00000000000003,55.79815623483747,211,115,0.0
1261,115,85,57.49999999999999,2.3000000000000003,1.6999999999999997,57.50000000000001,42.49999999999999,230.00000000000003,55.79815623483747,212,115,0.0
1262,115,85,57.49999999999999,2.3000000000000003,1.6999999999999997,57.50000000000001,42.49999999999999,230.00000000000003,55.79815623483747,212,115,0.0
1263,115,85,57.49999999999999,2.3000000000000003,1.6999999999999997,57.50000000000001,42.49999999999999,230.00000000000003,55.79815623483747,212,115,0.0
1264,115,85,57.49999999999999,2.3000000000000003,1.6999999999999997,57.50000000000001,42.49999999999999,230.00000000000003,55.79815623483747,212,115,0.0
1265,115,85,57.49999999999999,2.3000000000000003,1.6999999999999997,57.50000000000001,42.49999999999999,230.00000000000003,55.79815623483747,212,115,0.0
1266,115,85,57.49999999999999,2.3000000000000003,1.6999999999999997,57.50000000000001,42.49999999999999,230.00000000000003,55.79815623483747,212,115,0.0
1267,115,85,57.49999999999999,2.3000000000000003,1.6999999999999997,57.50000000000001,42.49999999999999,230.00000000000003,55.79815623483747,212,115,0.0
1268,115,85,57.49999999999999,2.3000000000000003,1.6999999999999997,57.50000000000001,42.49999999999999,230.00000000000003,55.79815623483747,212,115,0.0
1269,116,84,57.99999999999999,2.32,1.6800000000000002,57.99999999999999,42.0,231.99999999999997,56.28335759340125,213,116,1.9999999999999432
1270,116,84,57.99999999999999,2.32,1.6800000000000002,57.99999999999999,42.0,231.99999999999997,56.28335759340125,213,116,0.0
1271,116,84,57.99999999999999,2.32,1.6800000000000002,57.99999999999999,42.0,231.99999999999997,56.28335759340125,213,116,0.0
1272,116,84,57.99999999999999,2.32,1.6800000000000002,57.99999999999999,42.0,231.99999999999997,56.28335759340125,213,116,0.0
1273,116,84,57.99999999999999,2.32,1.6800000000000002,57.99999999999999,42.0,231.99999999999997,56.28335759340125,213,116,0.0
1274,116,84,57.99999999999999,2.32,1.6800000000000002,57.99999999999999,42.0,231.99999999999997,56.28335759340125,213,116,0.0
1275,116,84,57.99999999999999,2.32,1.6800000000000002,57.99999999999999,42.0,231.99999999999997,56.28335759340125,213,116,0.0
1276,116,84,57.99999999999999,2.32,1.6800000000000002,57.99999999999999,42.0,231.99999999999997,56.28335759340125,213,116,0.0
1277,116,84,57.99999999999999,2.32,1.6800000000000002,57.99999999999999,42.0,231.99999999999997,56.28335759340125,213,116,0.0
1278,116,84,57.99999999999999,2.32,1.6800000000000002,57.99999999999999,42.0,231.99999999999997,56.28335759340125,213,116,0.0
1279,116,84,57.99999999999999,2.32,1.6800000000000002,57.99999999999999,42.0,231.99999999999997,56.28335759340125,213,116,0.0
1280,116,84,57.99999999999999,2.32,1.6800000000000002,57.99999999999999,42.0,231.99999999999997,56.28335759340125,213,116,0.0
1281,116,84,57.99999999999999,2.32,1.6800000000000002,57.99999999999999,42.0,231.99999999999997,56.28335759340125,213,116,0.0
1282,116,84,57.99999999999999,2.32,1.6800000000000002,57.99999999999999,42.0,231.99999999999997,56.28335759340125,213,116,0.0
1283,116,84,57.99999999999999,2.32,1.6800000000000002,57.99999999999999,42.0,231.99999999999997,56.28335759340125,213,116,0.0
1284,116,84,57.99999999999999,2.32,1.6800000000000002,57.99999999999999,42.0,231.99999999999997,56.28335759340125,213,116,0.0
1285,116,84,57.99999999999999,2.32,1.6800000000000002,57.99999999999999,42.0,231.99999999999997,56.28335759340125,213,116,0.0
1286,116,84,57.99999999999999,2.32,1.6800000000000002,57.99999999999999,42.0,231.99999999999997,56.28335759340125,213,116,0.0
1287,116,84,57.99999999999999,2.32,1.6800000000000002,57.99999999999999,42.0,231.99999999999997,56.28335759340125,213,116,0.0
1288,116,84,57.99999999999999,2.32,1.6800000000000002,57.99999999999999,42.0,231.99999999999997,56.28335759340125,213,116,0.0
1289,116,84,57.99999999999999,2.32,1.6800000000000002,57.99999999999999,42.0,231.99999999999997,56.28335759340125,213,116,0.0
1290,116,84,57.99999999999999,2.32,1.6800000000000002,57.99999999999999,42.0,231.99999999999997,56.28335759340125,213,116,0.0
1291,116,84,57.99999999999999,2.32,1.6800000000000002,57.99999999999999,42.0,231.99999999999997,56.28335759340125,213,116,0.0
1292,116,84,57.99999999999999,2.32,1.6800000000000002,57.99999999999999,42.0,231.99999999999997,56.28335759340125,214,116,0.0
1293,116,84,57.99999999999999,2.32,1.6800000000000002,57.99999999999999,42.0,231.99999999999997,56.28335759340125,214,116,0.0
1294,116,84,57.99999999999999,2.32,1.6800000000000002,57.99999999999999,42.0,231.99999999999997,56.28335759340125,214,116,0.0
1295,116,84,57.99999999999999,2.32,1.6800000000000002,57.99999999999999,42.0,231.99999999999997,56.28335759340125,214,116,0.0
1296,116,84,57.99999999999999,2.32,1.6800000000000002,57.99999999999999,42.0,231.99999999999997,56.28335759340125,214,116,0.0
1297,116,84,57.99999999999999,2.32,1.6800000000000002,57.99999999999999,42.0,231.99999999999997,56.28335759340125,214,116,0.0
1298,116,84,57.99999999999999,2.32,1.6800000000000002,57.99999999999999,42.0,231.99999999999997,56.28335759340125,214,116,0.0
1299,117,83,58.5,2.34,1.6600000000000001,58.49999999999999,41.5,233.99999999999997,56.76855895196506,215,117,2.0
1300,117,83,58.5,2.34,1.6600000000000001,58.49999999999999,41.5,233.99999999999997,56.76855895196506,216,117,0.0
1301,117,83,58.5,2.34,1.6600000000000001,58.49999999999999,41.5,233.99999999999997,56.76855895196506,217,117,0.0
1302,117,83,58.5,2.34,1.6600000000000001,58.49999999999999,41.5,233.99999999999997,56.76855895196506,218,117,0.0
1303,117,83,58.5,2.34,1.6600000000000001,58.49999999999999,41.5,233.99999999999997,56.76855895196506,218,117,0.0
1304,117,83,58.5,2.34,1.6600000000000001,58.49999999999999,41.5,233.99999999999997,56.76855895196506,218,117,0.0
1305,117,83,58.5,2.34,1.6600000000000001,58.49999999999999,41.5,233.99999999999997,56.76855895196506,218,117,0.0
1306,117,83,58.5,2.34,1.6600000000000001,58.49999999999999,41.5,233.99999999999997,56.76855895196506,218,117,0.0
1307,117,83,58.5,2.34,1.6600000000000001,58.49999999999999,41.5,233.99999999999997,56.76855895196506,218,117,0.0
1308,117,83,58.5,2.34,1.6600000000000001,58.49999999999999,41.5,233.99999999999997,56.76855895196506,218,117,0.0
1309,117,83,58.5,2.34,1.6600000000000001,58.49999999999999,41.5,233.99999999999997,56.76855895196506,218,117,0.0
1310,117,83,58.5,2.34,1.6600000000000001,58.49999999999999,41.5,233.99999999999997,56.76855895196506,218,117,0.0
1311,117,83,58.5,2.34,1.6600000000000001,58.49999999999999,41.5,233.99999999999997,56.76855895196506,219,117,0.0
1312,118,82,59.0,2.36,1.6400000000000001,58.99999999999999,41.0,235.99999999999997,57.25376031052887,220,118,2.0
1313,118,82,59.0,2.36,1.6400000000000001,58.99999999999999,41.0,235.99999999999997,57.25376031052887,220,118,0.0
1314,118,82,59.0,2.36,1.6400000000000001,58.99999999999999,41.0,235.99999999999997,57.25376031052887,220,118,0.0
1315,118,82,59.0,2.36,1.6400000000000001,58.99999999999999,41.0,235.99999999999997,57.25376031052887,220,118,0.0
1316,118,82,59.0,2.36,1.6400000000000001,58.99999999999999,41.0,235.99999999999997,57.25376031052887,220,118,0.0
1317,118,82,59.0,2.36,1.6400000000000001,58.99999999999999,41.0,235.99999999999997,57.25376031052887,220,118,0.0
1318,118,82,59.0,2.36,1.6400000000000001,58.99999999999999,41.0,235.99999999999997,57.25376031052887,220,118,0.0
1319,118,82,59.0,2.36,1.6400000000000001,58.99999999999999,41.0,235.99999999999997,57.25376031052887,220,118,0.0
1320,118,82,59.0,2.36,1.6400000000000001,58.99999999999999,41.0,235.99999999999997,57.25376031052887,220,118,0.0
1321,118,82,59.0,2.36,1.6400000000000001,58.99999999999999,41.0,235.99999999999997,57.25376031052887,220,118,0.0
1322,118,82,59.0,2.36,1.6400000000000001,58.99999999999999,41.0,235.99999999999997,57.25376031052887,220,118,0.0
1323,118,82,59.0,2.36,1.6400000000000001,58.99999999999999,41.0,235.99999999999997,57.25376031052887,220,118,0.0
1324,118,82,59.0,2.36,1.6400000000000001,58.99999999999999,41.0,235.99999999999997,57.25376031052887,220,118,0.0
1325,118,82,59.0,2.36,1.6400000000000001,58.99999999999999,41.0,235.99999999999997,57.25376031052887,220,118,0.0
1326,118,82,59.0,2.36,1.6400000000000001,58.99999999999999,41.0,235.99999999999997,57.25376031052887,220,118,0.0
1327,118,82,59.0,2.36,1.6400000000000001,58.99999999999999,41.0,235.99999999999997,57.25376031052887,220,118,0.0
1328,118,82,59.0,2.36,1.6400000000000001,58.99999999999999,41.0,235.99999999999997,57.25376031052887,220,118,0.0
1329,118,82,59.0,2.36,1.6400000000000001,58.99999999999999,41.0,235.99999999999997,57.25376031052887,221,118,0.0
1330,118,82,59.0,2.36,1.6400000000000001,58.99999999999999,41.0,235.99999999999997,57.25376031052887,221,118,0.0
1331,118,82,59.0,2.36,1.6400000000000001,58.99999999999999,41.0,235.99999999999997,57.25376031052887,221,118,0.0
1332,118,82,59.0,2.36,1.6400000000000001,58.99999999999999,41.0,235.99999999999997,57.25376031052887,221,118,0.0
1333,118,82,59.0,2.36,1.6400000000000001,58.99999999999999,41.0,235.99999999999997,57.25376031052887,221,118,0.0
1334,118,82,59.0,2.36,1.6400000000000001,58.99999999999999,41.0,235.99999999999997,57.25376031052887,221,118,0.0
1335,118,82,59.0,2.36,1.6400000000000001,58.99999999999999,41.0,235.99999999999997,57.25376031052887,221,118,0.0
1336,118,82,59.0,2.36,1.6400000000000001,58.99999999999999,41.0,235.99999999999997,57.25376031052887,221,118,0.0
1337,118,82,59.0,2.36,1.6400000000000001,58.99999999999999,41.0,235.99999999999997,57.25376031052887,222,118,0.0
1338,118,82,59.0,2.36,1.6400000000000001,58.99999999999999,41.0,235.99999999999997,57.25376031052887,223,118,0.0
1339,118,82,59.0,2.36,1.6400000000000001,58.99999999999999,41.0,235.99999999999997,57.25376031052887,224,118,0.0
1340,118,82,59.0,2.36,1.6400000000000001,58.99999999999999,41.0,235.99999999999997,57.25376031052887,225,118,0.0
1341,118,82,59.0,2.36,1.6400000000000001,58.99999999999999,41.0,235.99999999999997,57.25376031052887,226,118,0.0
1342,118,82,59.0,2.36,1.6400000000000001,58.99999999999999,41.0,235.99999999999997,57.25376031052887,226,118,0.0
1343,118,82,59.0,2.36,1.6400000000000001,58.99999999999999,41.0,235.99999999999997,57.25376031052887,226,118,0.0
1344,118,82,59.0,2.36,1.6400000000000001,58.99999999999999,41.0,235.99999999999997,57.25376031052887,226,118,0.0
1345,118,82,59.0,2.36,1.6400000000000001,58.99999999999999,41.0,235.99999999999997,57.25376031052887,226,118,0.0
1346,118,82,59.0,2.36,1.6400000000000001,58.99999999999999,41.0,235.99999999999997,57.25376031052887,226,118,0.0
1347,118,82,59.0,2.36,1.6400000000000001,58.99999999999999,41.0,235.99999999999997,57.25376031052887,226,118,0.0
1348,118,82,59.0,2.36,1.6400000000000001,58.99999999999999,41.0,235.99999999999997,57.25376031052887,226,118,0.0
1349,118,82,59.0,2.36,1.6400000000000001,58.99999999999999,41.0,235.99999999999997,57.25376031052887,226,118,0.0
1350,118,82,59.0,2.36,1.6400000000000001,58.99999999999999,41.0,235.99999999999997,57.25376031052887,226,118,0.0
1351,118,82,59.0,2.36,1.6400000000000001,58.99999999999999,41.0,235.99999999999997,57.25376031052887,226,118,0.0
1352,118,82,59.0,2.36,1.6400000000000001,58.99999999999999,41.0,235.99999999999997,57.25376031052887,226,118,0.0
1353,118,82,59.0,2.36,1.6400000000000001,58.99999999999999,41.0,235.99999999999997,57.25376031052887,226,118,0.0
1354,118,82,59.0,2.36,1.6400000000000001,58.99999999999999,41.0,235.99999999999997,57.25376031052887,226,118,0.0
1355,118,82,59.0,2.36,1.6400000000000001,58.99999999999999,41.0,235.99999999999997,57.25376031052887,226,118,0.0
1356,118,82,59.0,2.36,1.6400000000000001,58.99999999999999,41.0,235.99999999999997,57.25376031052887,226,118,0.0
1357,119,81,59.5,2.38,1.62,59.49999999999999,40.5,237.99999999999997,57.73896166909267,227,119,2.0
1358,119,81,59.5,2.38,1.62,59.49999999999999,40.5,237.99999999999997,57.73896166909267,227,119,0.0
1359,119,81,59.5,2.38,1.62,59.49999999999999,40.5,237.99999999999997,57.73896166909267,227,119,0.0
1360,119,81,59.5,2.38,1.62,59.49999999999999,40.5,237.99999999999997,57.73896166909267,228,119,0.0
1361,119,81,59.5,2.38,1.62,59.49999999999999,40.5,237.99999999999997,57.73896166909267,229,119,0.0
1362,119,81,59.5,2.38,1.62,59.49999999999999,40.5,237.99999999999997,57.73896166909267,229,119,0.0
1363,119,81,59.5,2.38,1.62,59.49999999999999,40.5,237.99999999999997,57.73896166909267,230,119,0.0
1364,119,81,59.5,2.38,1.62,59.49999999999999,40.5,237.99999999999997,57.73896166909267,231,119,0.0
1365,119,81,59.5,2.38,1.62,59.49999999999999,40.5,237.99999999999997,57.73896166909267,232,119,0.0
1366,119,81,59.5,2.38,1.62,59.49999999999999,40.5,237.99999999999997,57.73896166909267,233,119,0.0
1367,119,81,59.5,2.38,1.62,59.49999999999999,40.5,237.99999999999997,57.73896166909267,234,119,0.0
1368,119,81,59.5,2.38,1.62,59.49999999999999,40.5,237.99999999999997,57.73896166909267,235,119,0.0
1369,119,81,59.5,2.38,1.62,59.49999999999999,40.5,237.99999999999997,57.73896166909267,236,119,0.0
1370,119,81,59.5,2.38,1.62,59.49999999999999,40.5,237.99999999999997,57.73896166909267,236,119,0.0
1371,119,81,59.5,2.38,1.62,59.49999999999999,40.5,237.99999999999997,57.73896166909267,237,119,0.0
1372,119,81,59.5,2.38,1.62,59.49999999999999,40.5,237.99999999999997,57.73896166909267,238,119,0.0
1373,119,81,59.5,2.38,1.62,59.49999999999999,40.5,237.99999999999997,57.73896166909267,238,119,0.0
1374,119,81,59.5,2.38,1.62,59.49999999999999,40.5,237.99999999999997,57.73896166909267,239,119,0.0
1375,119,81,59.5,2.38,1.62,59.49999999999999,40.5,237.99999999999997,57.73896166909267,239,119,0.0
1376,119,81,59.5,2.38,1.62,59.49999999999999,40.5,237.99999999999997,57.73896166909267,239,119,0.0
1377,119,81,59.5,2.38,1.62,59.49999999999999,40.5,237.99999999999997,57.73896166909267,239,119,0.0
1378,119,81,59.5,2.38,1.62,59.49999999999999,40.5,237.99999999999997,57.73896166909267,239,119,0.0
1379,119,81,59.5,2.38,1.62,59.49999999999999,40.5,237.99999999999997,57.73896166909267,240,119,0.0
1380,119,81,59.5,2.38,1.62,59.49999999999999,40.5,237.99999999999997,57.73896166909267,241,119,0.0
1381,119,81,59.5,2.38,1.62,59.49999999999999,40.5,237.99999999999997,57.73896166909267,241,119,0.0
1382,119,81,59.5,2.38,1.62,59.49999999999999,40.5,237.99999999999997,57.73896166909267,242,119,0.0
1383,119,81,59.5,2.38,1.62,59.49999999999999,40.5,237.99999999999997,57.73896166909267,243,119,0.0
1384,119,81,59.5,2.38,1.62,59.49999999999999,40.5,237.99999999999997,57.73896166909267,243,119,0.0
1385,119,81,59.5,2.38,1.62,59.49999999999999,40.5,237.99999999999997,57.73896166909267,244,119,0.0
1386,119,81,59.5,2.38,1.62,59.49999999999999,40.5,237.99999999999997,57.73896166909267,244,119,0.0
1387,119,81,59.5,2.38,1.62,59.49999999999999,40.5,237.99999999999997,57.73896166909267,244,119,0.0
1388,119,81,59.5,2.38,1.62,59.49999999999999,40.5,237.99999999999997,57.73896166909267,244,119,0.0
1389,119,81,59.5,2.38,1.62,59.49999999999999,40.5,237.99999999999997,57.73896166909267,244,119,0.0
1390,119,81,59.5,2.38,1.62,59.49999999999999,40.5,237.99999999999997,57.73896166909267,244,119,0.0
1391,120,80,60.0,2.4,1.6,60.0,40.0,240.0,58.22416302765648,245,120,2.0000000000000284
1392,120,80,60.0,2.4,1.6,60.0,40.0,240.0,58.22416302765648,245,120,0.0
1393,120,80,60.0,2.4,1.6,60.0,40.0,240.0,58.22416302765648,245,120,0.0
1394,120,80,60.0,2.4,1.6,60.0,40.0,240.0,58.22416302765648,245,120,0.0
1395,120,80,60.0,2.4,1.6,60.0,40.0,240.0,58.22416302765648,245,120,0.0
1396,120,80,60.0,2.4,1.6,60.0,40.0,240.0,58.22416302765648,245,120,0.0
1397,120,80,60.0,2.4,1.6,60.0,40.0,240.0,58.22416302765648,245,120,0.0
1398,120,80,60.0,2.4,1.6,60.0,40.0,240.0,58.22416302765648,245,120,0.0
1399,120,80,60.0,2.4,1.6,60.0,40.0,240.0,58.22416302765648,245,120,0.0
1400,120,80,60.0,2.4,1.6,60.0,40.0,240.0,58.22416302765648,245,120,0.0
1401,120,80,60.0,2.4,1.6,60.0,40.0,240.0,58.22416302765648,245,120,0.0
1402,120,80,60.0,2.4,1.6,60.0,40.0,240.0,58.22416302765648,245,120,0.0
1403,120,80,60.0,2.4,1.6,60.0,40.0,240.0,58.22416302765648,245,120,0.0
1404,120,80,60.0,2.4,1.6,60.0,40.0,240.0,58.22416302765648,245,120,0.0
1405,120,80,60.0,2.4,1.6,60.0,40.0,240.0,58.22416302765648,245,120,0.0
1406,120,80,60.0,2.4,1.6,60.0,40.0,240.0,58.22416302765648,245,120,0.0
1407,120,80,60.0,2.4,1.6,60.0,40.0,240.0,58.22416302765648,245,120,0.0
1408,120,80,60.0,2.4,1.6,60.0,40.0,240.0,58.22416302765648,245,120,0.0
1409,120,80,60.0,2.4,1.6,60.0,40.0,240.0,58.22416302765648,245,120,0.0
1410,120,80,60.0,2.4,1.6,60.0,40.0,240.0,58.22416302765648,245,120,0.0
1411,120,80,60.0,2.4,1.6,60.0,40.0,240.0,58.22416302765648,245,120,0.0
1412,120,80,60.0,2.4,1.6,60.0,40.0,240.0,58.22416302765648,245,120,0.0
1413,120,80,60.0,2.4,1.6,60.0,40.0,240.0,58.22416302765648,245,120,0.0
1414,120,80,60.0,2.4,1.6,60.0,40.0,240.0,58.22416302765648,245,120,0.0
1415,120,80,60.0,2.4,1.6,60.0,40.0,240.0,58.22416302765648,245,120,0.0
1416,120,80,60.0,2.4,1.6,60.0,40.0,240.0,58.22416302765648,245,120,0.0
1417,120,80,60.0,2.4,1.6,60.0,40.0,240.0,58.22416302765648,245,120,0.0
1418,120,80,60.0,2.4,1.6,60.0,40.0,240.0,58.22416302765648,245,120,0.0
1419,120,80,60.0,2.4,1.6,60.0,40.0,240.0,58.22416302765648,245,120,0.0
1420,120,80,60.0,2.4,1.6,60.0,40.0,240.0,58.22416302765648,245,120,0.0
1421,120,80,60.0,2.4,1.6,60.0,40.0,240.0,58.22416302765648,245,120,0.0
1422,120,80,60.0,2.4,1.6,60.0,40.0,240.0,58.22416302765648,245,120,0.0
1423,120,80,60.0,2.4,1.6,60.0,40.0,240.0,58.22416302765648,245,120,0.0
1424,120,80,60.0,2.4,1.6,60.0,40.0,240.0,58.22416302765648,245,120,0.0
1425,120,80,60.0,2.4,1.6,60.0,40.0,240.0,58.22416302765648,245,120,0.0
1426,120,80,60.0,2.4,1.6,60.0,40.0,240.0,58.22416302765648,245,120,0.0
1427,120,80,60.0,2.4,1.6,60.0,40.0,240.0,58.22416302765648,245,120,0.0
1428,120,80,60.0,2.4,1.6,60.0,40.0,240.0,58.22416302765648,246,120,0.0
1429,120,80,60.0,2.4,1.6,60.0,40.0,240.0,58.22416302765648,246,120,0.0
1430,120,80,60.0,2.4,1.6,60.0,40.0,240.0,58.22416302765648,247,120,0.0
1431,120,80,60.0,2.4,1.6,60.0,40.0,240.0,58.22416302765648,248,120,0.0
1432,120,80,60.0,2.4,1.6,60.0,40.0,240.0,58.22416302765648,248,120,0.0
1433,120,80,60.0,2.4,1.6,60.0,40.0,240.0,58.22416302765648,249,120,0.0
1434,120,80,60.0,2.4,1.6,60.0,40.0,240.0,58.22416302765648,250,120,0.0
1435,120,80,60.0,2.4,1.6,60.0,40.0,240.0,58.22416302765648,250,120,0.0
1436,120,80,60.0,2.4,1.6,60.0,40.0,240.0,58.22416302765648,250,120,0.0
1437,120,80,60.0,2.4,1.6,60.0,40.0,240.0,58.22416302765648,250,120,0.0
1438,120,80,60.0,2.4,1.6,60.0,40.0,240.0,58.22416302765648,250,120,0.0
1439,120,80,60.0,2.4,1.6,60.0,40.0,240.0,58.22416302765648,250,120,0.0
1440,120,80,60.0,2.4,1.6,60.0,40.0,240.0,58.22416302765648,251,120,0.0
1441,120,80,60.0,2.4,1.6,60.0,40.0,240.0,58.22416302765648,252,120,0.0
1442,120,80,60.0,2.4,1.6,60.0,40.0,240.0,58.22416302765648,253,120,0.0
1443,120,80,60.0,2.4,1.6,60.0,40.0,240.0,58.22416302765648,255,120,0.0
1444,120,80,60.0,2.4,1.6,60.0,40.0,240.0,58.22416302765648,256,120,0.0
1445,120,80,60.0,2.4,1.6,60.0,40.0,240.0,58.22416302765648,257,120,0.0
1446,120,80,60.0,2.4,1.6,60.0,40.0,240.0,58.22416302765648,257,120,0.0
1447,120,80,60.0,2.4,1.6,60.0,40.0,240.0,58.22416302765648,257,120,0.0
1448,120,80,60.0,2.4,1.6,60.0,40.0,240.0,58.22416302765648,257,120,0.0
1449,120,80,60.0,2.4,1.6,60.0,40.0,240.0,58.22416302765648,257,120,0.0
1450,120,80,60.0,2.4,1.6,60.0,40.0,240.0,58.22416302765648,257,120,0.0
1451,120,80,60.0,2.4,1.6,60.0,40.0,240.0,58.22416302765648,257,120,0.0
1452,120,80,60.0,2.4,1.6,60.0,40.0,240.0,58.22416302765648,257,120,0.0
1453,120,80,60.0,2.4,1.6,60.0,40.0,240.0,58.22416302765648,257,120,0.0
1454,120,80,60.0,2.4,1.6,60.0,40.0,240.0,58.22416302765648,257,120,0.0
1455,120,80,60.0,2.4,1.6,60.0,40.0,240.0,58.22416302765648,257,120,0.0
1456,120,80,60.0,2.4,1.6,60.0,40.0,240.0,58.22416302765648,257,120,0.0
1457,120,80,60.0,2.4,1.6,60.0,40.0,240.0,58.22416302765648,257,120,0.0
1458,120,80,60.0,2.4,1.6,60.0,40.0,240.0,58.22416302765648,257,120,0.0
1459,120,80,60.0,2.4,1.6,60.0,40.0,240.0,58.22416302765648,257,120,0.0
1460,120,80,60.0,2.4,1.6,60.0,40.0,240.0,58.22416302765648,258,120,0.0
1461,120,80,60.0,2.4,1.6,60.0,40.0,240.0,58.22416302765648,258,120,0.0
1462,120,80,60.0,2.4,1.6,60.0,40.0,240.0,58.22416302765648,259,120,0.0
1463,120,80,60.0,2.4,1.6,60.0,40.0,240.0,58.22416302765648,259,120,0.0
1464,120,80,60.0,2.4,1.6,60.0,40.0,240.0,58.22416302765648,259,120,0.0
1465,120,80,60.0,2.4,1.6,60.0,40.0,240.0,58.22416302765648,259,120,0.0
1466,120,80,60.0,2.4,1.6,60.0,40.0,240.0,58.22416302765648,259,120,0.0
1467,120,80,60.0,2.4,1.6,60.0,40.0,240.0,58.22416302765648,259,120,0.0
1468,120,80,60.0,2.4,1.6,60.0,40.0,240.0,58.22416302765648,259,120,0.0
1469,120,80,60.0,2.4,1.6,60.0,40.0,240.0,58.22416302765648,259,120,0.0
1470,120,80,60.0,2.4,1.6,60.0,40.0,240.0,58.22416302765648,259,120,0.0
1471,120,80,60.0,2.4,1.6,60.0,40.0,240.0,58.22416302765648,259,120,0.0
1472,120,80,60.0,2.4,1.6,60.0,40.0,240.0,58.22416302765648,259,120,0.0
1473,120,80,60.0,2.4,1.6,60.0,40.0,240.0,58.22416302765648,260,120,0.0
1474,120,80,60.0,2.4,1.6,60.0,40.0,240.0,58.22416302765648,260,120,0.0
1475,120,80,60.0,2.4,1.6,60.0,40.0,240.0,58.22416302765648,260,120,0.0
1476,120,80,60.0,2.4,1.6,60.0,40.0,240.0,58.22416302765648,260,120,0.0
1477,120,80,60.0,2.4,1.6,60.0,40.0,240.0,58.22416302765648,260,120,0.0
1478,120,80,60.0,2.4,1.6,60.0,40.0,240.0,58.22416302765648,260,120,0.0
1479,120,80,60.0,2.4,1.6,60.0,40.0,240.0,58.22416302765648,260,120,0.0
1480,120,80,60.0,2.4,1.6,60.0,40.0,240.0,58.22416302765648,260,120,0.0
1481,120,80,60.0,2.4,1.6,60.0,40.0,240.0,58.22416302765648,260,120,0.0
1482,120,80,60.0,2.4,1.6,60.0,40.0,240.0,58.22416302765648,260,120,0.0
1483,120,80,60.0,2.4,1.6,60.0,40.0,240.0,58.22416302765648,260,120,0.0
1484,120,80,60.0,2.4,1.6,60.0,40.0,240.0,58.22416302765648,260,120,0.0
1485,120,80,60.0,2.4,1.6,60.0,40.0,240.0,58.22416302765648,260,120,0.0
1486,120,80,60.0,2.4,1.6,60.0,40.0,240.0,58.22416302765648,260,120,0.0
1487,121,79,60.5,2.42,1.58,60.5,39.5,242.0,58.70936438622029,261,121,2.0
1488,121,79,60.5,2.42,1.58,60.5,39.5,242.0,58.70936438622029,261,121,0.0
1489,121,79,60.5,2.42,1.58,60.5,39.5,242.0,58.70936438622029,261,121,0.0
1490,121,79,60.5,2.42,1.58,60.5,39.5,242.0,58.70936438622029,261,121,0.0
1491,121,79,60.5,2.42,1.58,60.5,39.5,242.0,58.70936438622029,261,121,0.0
1492,121,79,60.5,2.42,1.58,60.5,39.5,242.0,58.70936438622029,261,121,0.0
1493,121,79,60.5,2.42,1.58,60.5,39.5,242.0,58.70936438622029,261,121,0.0
1494,121,79,60.5,2.42,1.58,60.5,39.5,242.0,58.70936438622029,261,121,0.0
1495,121,79,60.5,2.42,1.58,60.5,39.5,242.0,58.70936438622029,261,121,0.0
1496,121,79,60.5,2.42,1.58,60.5,39.5,242.0,58.70936438622029,261,121,0.0
1497,121,79,60.5,2.42,1.58,60.5,39.5,242.0,58.70936438622029,261,121,0.0
1498,121,79,60.5,2.42,1.58,60.5,39.5,242.0,58.70936438622029,261,121,0.0
1499,121,79,60.5,2.42,1.58,60.5,39.5,242.0,58.70936438622029,261,121,0.0
1500,121,79,60.5,2.42,1.58,60.5,39.5,242.0,58.70936438622029,261,121,0.0
1501,121,79,60.5,2.42,1.58,60.5,39.5,242.0,58.70936438622029,261,121,0.0
1502,121,79,60.5,2.42,1.58,60.5,39.5,242.0,58.70936438622029,261,121,0.0
1503,121,79,60.5,2.42,1.58,60.5,39.5,242.0,58.70936438622029,261,121,0.0
1504,121,79,60.5,2.42,1.58,60.5,39.5,242.0,58.70936438622029,261,121,0.0
1505,121,79,60.5,2.42,1.58,60.5,39.5,242.0,58.70936438622029,261,121,0.0
1506,121,79,60.5,2.42,1.58,60.5,39.5,242.0,58.70936438622029,261,121,0.0
1507,121,79,60.5,2.42,1.58,60.5,39.5,242.0,58.70936438622029,261,121,0.0
1508,121,79,60.5,2.42,1.58,60.5,39.5,242.0,58.70936438622029,261,121,0.0
1509,121,79,60.5,2.42,1.58,60.5,39.5,242.0,58.70936438622029,261,121,0.0
1510,121,79,60.5,2.42,1.58,60.5,39.5,242.0,58.70936438622029,261,121,0.0
1511,121,79,60.5,2.42,1.58,60.5,39.5,242.0,58.70936438622029,261,121,0.0
1512,121,79,60.5,2.42,1.58,60.5,39.5,242.0,58.70936438622029,261,121,0.0
1513,121,79,60.5,2.42,1.58,60.5,39.5,242.0,58.70936438622029,261,121,0.0
1514,121,79,60.5,2.42,1.58,60.5,39.5,242.0,58.70936438622029,261,121,0.0
1515,121,79,60.5,2.42,1.58,60.5,39.5,242.0,58.70936438622029,261,121,0.0
1516,121,79,60.5,2.42,1.58,60.5,39.5,242.0,58.70936438622029,261,121,0.0
1517,121,79,60.5,2.42,1.58,60.5,39.5,242.0,58.70936438622029,261,121,0.0
1518,121,79,60.5,2.42,1.58,60.5,39.5,242.0,58.70936438622029,261,121,0.0
1519,121,79,60.5,2.42,1.58,60.5,39.5,242.0,58.70936438622029,261,121,0.0
1520,121,79,60.5,2.42,1.58,60.5,39.5,242.0,58.70936438622029,261,121,0.0
1521,121,79,60.5,2.42,1.58,60.5,39.5,242.0,58.70936438622029,261,121,0.0
1522,121,79,60.5,2.42,1.58,60.5,39.5,242.0,58.70936438622029,261,121,0.0
1523,121,79,60.5,2.42,1.58,60.5,39.5,242.0,58.70936438622029,261,121,0.0
1524,121,79,60.5,2.42,1.58,60.5,39.5,242.0,58.70936438622029,261,121,0.0
1525,121,79,60.5,2.42,1.58,60.5,39.5,242.0,58.70936438622029,261,121,0.0
1526,121,79,60.5,2.42,1.58,60.5,39.5,242.0,58.70936438622029,261,121,0.0
1527,121,79,60.5,2.42,1.58,60.5,39.5,242.0,58.70936438622029,261,121,0.0
1528,121,79,60.5,2.42,1.58,60.5,39.5,242.0,58.70936438622029,261,121,0.0
1529,121,79,60.5,2.42,1.58,60.5,39.5,242.0,58.70936438622029,261,121,0.0
1530,121,79,60.5,2.42,1.58,60.5,39.5,242.0,58.70936438622029,261,121,0.0
1531,121,79,60.5,2.42,1.58,60.5,39.5,242.0,58.70936438622029,261,121,0.0
1532,121,79,60.5,2.42,1.58,60.5,39.5,242.0,58.70936438622029,261,121,0.0
1533,121,79,60.5,2.42,1.58,60.5,39.5,242.0,58.70936438622029,261,121,0.0
1534,121,79,60.5,2.42,1.58,60.5,39.5,242.0,58.70936438622029,261,121,0.0
1535,121,79,60.5,2.42,1.58,60.5,39.5,242.0,58.70936438622029,261,121,0.0
1536,121,79,60.5,2.42,1.58,60.5,39.5,242.0,58.70936438622029,261,121,0.0
1537,121,79,60.5,2.42,1.58,60.5,39.5,242.0,58.70936438622029,261,121,0.0
1538,121,79,60.5,2.42,1.58,60.5,39.5,242.0,58.70936438622029,261,121,0.0
1539,121,79,60.5,2.42,1.58,60.5,39.5,242.0,58.70936438622029,261,121,0.0
1540,121,79,60.5,2.42,1.58,60.5,39.5,242.0,58.70936438622029,261,121,0.0
1541,121,79,60.5,2.42,1.58,60.5,39.5,242.0,58.70936438622029,261,121,0.0
1542,121,79,60.5,2.42,1.58,60.5,39.5,242.0,58.70936438622029,261,121,0.0
1543,121,79,60.5,2.42,1.58,60.5,39.5,242.0,58.70936438622029,261,121,0.0
1544,121,79,60.5,2.42,1.58,60.5,39.5,242.0,58.70936438622029,261,121,0.0
1545,121,79,60.5,2.42,1.58,60.5,39.5,242.0,58.70936438622029,261,121,0.0
1546,121,79,60.5,2.42,1.58,60.5,39.5,242.0,58.70936438622029,261,121,0.0
1547,121,79,60.5,2.42,1.58,60.5,39.5,242.0,58.70936438622029,261,121,0.0
1548,122,78,61.0,2.44,1.56,61.0,39.0,244.0,59.194565744784086,262,122,2.0
1549,122,78,61.0,2.44,1.56,61.0,39.0,244.0,59.194565744784086,262,122,0.0
1550,122,78,61.0,2.44,1.56,61.0,39.0,244.0,59.194565744784086,263,122,0.0
1551,122,78,61.0,2.44,1.56,61.0,39.0,244.0,59.194565744784086,263,122,0.0
1552,122,78,61.0,2.44,1.56,61.0,39.0,244.0,59.194565744784086,264,122,0.0
1553,122,78,61.0,2.44,1.56,61.0,39.0,244.0,59.194565744784086,264,122,0.0
1554,122,78,61.0,2.44,1.56,61.0,39.0,244.0,59.194565744784086,264,122,0.0
1555,122,78,61.0,2.44,1.56,61.0,39.0,244.0,59.194565744784086,265,122,0.0
1556,122,78,61.0,2.44,1.56,61.0,39.0,244.0,59.194565744784086,266,122,0.0
1557,122,78,61.0,2.44,1.56,61.0,39.0,244.0,59.194565744784086,267,122,0.0
1558,122,78,61.0,2.44,1.56,61.0,39.0,244.0,59.194565744784086,267,122,0.0
1559,122,78,61.0,2.44,1.56,61.0,39.0,244.0,59.194565744784086,267,122,0.0
1560,122,78,61.0,2.44,1.56,61.0,39.0,244.0,59.194565744784086,267,122,0.0
1561,122,78,61.0,2.44,1.56,61.0,39.0,244.0,59.194565744784086,267,122,0.0
1562,123,77,61.5,2.46,1.54,61.5,38.5,246.0,59.67976710334789,268,123,2.0
1563,123,77,61.5,2.46,1.54,61.5,38.5,246.0,59.67976710334789,268,123,0.0
1564,123,77,61.5,2.46,1.54,61.5,38.5,246.0,59.67976710334789,268,123,0.0
1565,123,77,61.5,2.46,1.54,61.5,38.5,246.0,59.67976710334789,268,123,0.0
1566,123,77,61.5,2.46,1.54,61.5,38.5,246.0,59.67976710334789,268,123,0.0
1567,123,77,61.5,2.46,1.54,61.5,38.5,246.0,59.67976710334789,268,123,0.0
1568,123,77,61.5,2.46,1.54,61.5,38.5,246.0,59.67976710334789,268,123,0.0
1569,123,77,61.5,2.46,1.54,61.5,38.5,246.0,59.67976710334789,268,123,0.0
1570,124,76,62.0,2.48,1.52,62.0,38.0,248.0,60.16496846191169,269,124,2.0
1571,124,76,62.0,2.48,1.52,62.0,38.0,248.0,60.16496846191169,270,124,0.0
1572,124,76,62.0,2.48,1.52,62.0,38.0,248.0,60.16496846191169,271,124,0.0
1573,124,76,62.0,2.48,1.52,62.0,38.0,248.0,60.16496846191169,271,124,0.0
1574,124,76,62.0,2.48,1.52,62.0,38.0,248.0,60.16496846191169,272,124,0.0
1575,124,76,62.0,2.48,1.52,62.0,38.0,248.0,60.16496846191169,272,124,0.0
1576,124,76,62.0,2.48,1.52,62.0,38.0,248.0,60.16496846191169,274,124,0.0
1577,124,76,62.0,2.48,1.52,62.0,38.0,248.0,60.16496846191169,274,124,0.0
1578,125,75,62.5,2.5,1.5,62.5,37.5,250.0,60.6501698204755,275,125,2.0
1579,125,75,62.5,2.5,1.5,62.5,37.5,250.0,60.6501698204755,275,125,0.0
1580,125,75,62.5,2.5,1.5,62.5,37.5,250.0,60.6501698204755,275,125,0.0
1581,125,75,62.5,2.5,1.5,62.5,37.5,250.0,60.6501698204755,275,125,0.0
1582,125,75,62.5,2.5,1.5,62.5,37.5,250.0,60.6501698204755,275,125,0.0
1583,125,75,62.5,2.5,1.5,62.5,37.5,250.0,60.6501698204755,275,125,0.0
1584,125,75,62.5,2.5,1.5,62.5,37.5,250.0,60.6501698204755,275,125,0.0
1585,125,75,62.5,2.5,1.5,62.5,37.5,250.0,60.6501698204755,275,125,0.0
1586,125,75,62.5,2.5,1.5,62.5,37.5,250.0,60.6501698204755,275,125,0.0
1587,125,75,62.5,2.5,1.5,62.5,37.5,250.0,60.6501698204755,276,125,0.0
1588,125,75,62.5,2.5,1.5,62.5,37.5,250.0,60.6501698204755,277,125,0.0
1589,125,75,62.5,2.5,1.5,62.5,37.5,250.0,60.6501698204755,277,125,0.0
1590,125,75,62.5,2.5,1.5,62.5,37.5,250.0,60.6501698204755,277,125,0.0
1591,125,75,62.5,2.5,1.5,62.5,37.5,250.0,60.6501698204755,277,125,0.0
1592,125,75,62.5,2.5,1.5,62.5,37.5,250.0,60.6501698204755,277,125,0.0
1593,125,75,62.5,2.5,1.5,62.5,37.5,250.0,60.6501698204755,277,125,0.0
1594,125,75,62.5,2.5,1.5,62.5,37.5,250.0,60.6501698204755,277,125,0.0
1595,125,75,62.5,2.5,1.5,62.5,37.5,250.0,60.6501698204755,277,125,0.0
1596,125,75,62.5,2.5,1.5,62.5,37.5,250.0,60.6501698204755,277,125,0.0
1597,125,75,62.5,2.5,1.5,62.5,37.5,250.0,60.6501698204755,277,125,0.0
1598,125,75,62.5,2.5,1.5,62.5,37.5,250.0,60.6501698204755,277,125,0.0
1599,125,75,62.5,2.5,1.5,62.5,37.5,250.0,60.6501698204755,277,125,0.0
1600,125,75,62.5,2.5,1.5,62.5,37.5,250.0,60.6501698204755,277,125,0.0
1601,125,75,62.5,2.5,1.5,62.5,37.5,250.0,60.6501698204755,277,125,0.0
1602,125,75,62.5,2.5,1.5,62.5,37.5,250.0,60.6501698204755,277,125,0.0
1603,125,75,62.5,2.5,1.5,62.5,37.5,250.0,60.6501698204755,278,125,0.0
1604,125,75,62.5,2.5,1.5,62.5,37.5,250.0,60.6501698204755,279,125,0.0
1605,125,75,62.5,2.5,1.5,62.5,37.5,250.0,60.6501698204755,279,125,0.0
1606,125,75,62.5,2.5,1.5,62.5,37.5,250.0,60.6501698204755,279,125,0.0
1607,125,75,62.5,2.5,1.5,62.5,37.5,250.0,60.6501698204755,279,125,0.0
1608,125,75,62.5,2.5,1.5,62.5,37.5,250.0,60.6501698204755,279,125,0.0
1609,125,75,62.5,2.5,1.5,62.5,37.5,250.0,60.6501698204755,280,125,0.0
1610,125,75,62.5,2.5,1.5,62.5,37.5,250.0,60.6501698204755,280,125,0.0
1611,125,75,62.5,2.5,1.5,62.5,37.5,250.0,60.6501698204755,280,125,0.0
1612,125,75,62.5,2.5,1.5,62.5,37.5,250.0,60.6501698204755,281,125,0.0
1613,125,75,62.5,2.5,1.5,62.5,37.5,250.0,60.6501698204755,281,125,0.0
1614,125,75,62.5,2.5,1.5,62.5,37.5,250.0,60.6501698204755,281,125,0.0
1615,125,75,62.5,2.5,1.5,62.5,37.5,250.0,60.6501698204755,281,125,0.0
1616,125,75,62.5,2.5,1.5,62.5,37.5,250.0,60.6501698204755,281,125,0.0
1617,125,75,62.5,2.5,1.5,62.5,37.5,250.0,60.6501698204755,281,125,0.0
1618,125,75,62.5,2.5,1.5,62.5,37.5,250.0,60.6501698204755,281,125,0.0
1619,125,75,62.5,2.5,1.5,62.5,37.5,250.0,60.6501698204755,281,125,0.0
1620,125,75,62.5,2.5,1.5,62.5,37.5,250.0,60.6501698204755,281,125,0.0
1621,125,75,62.5,2.5,1.5,62.5,37.5,250.0,60.6501698204755,281,125,0.0
1622,125,75,62.5,2.5,1.5,62.5,37.5,250.0,60.6501698204755,281,125,0.0
1623,125,75,62.5,2.5,1.5,62.5,37.5,250.0,60.6501698204755,281,125,0.0
1624,125,75,62.5,2.5,1.5,62.5,37.5,250.0,60.6501698204755,281,125,0.0
1625,125,75,62.5,2.5,1.5,62.5,37.5,250.0,60.6501698204755,281,125,0.0
1626,125,75,62.5,2.5,1.5,62.5,37.5,250.0,60.6501698204755,281,125,0.0
1627,125,75,62.5,2.5,1.5,62.5,37.5,250.0,60.6501698204755,281,125,0.0
1628,125,75,62.5,2.5,1.5,62.5,37.5,250.0,60.6501698204755,281,125,0.0
1629,125,75,62.5,2.5,1.5,62.5,37.5,250.0,60.6501698204755,281,125,0.0
1630,125,75,62.5,2.5,1.5,62.5,37.5,250.0,60.6501698204755,281,125,0.0
1631,125,75,62.5,2.5,1.5,62.5,37.5,250.0,60.6501698204755,281,125,0.0
1632,125,75,62.5,2.5,1.5,62.5,37.5,250.0,60.6501698204755,281,125,0.0
1633,125,75,62.5,2.5,1.5,62.5,37.5,250.0,60.6501698204755,281,125,0.0
1634,125,75,62.5,2.5,1.5,62.5,37.5,250.0,60.6501698204755,281,125,0.0
1635,126,74,63.0,2.52,1.48,63.0,37.0,252.0,61.135371179039296,283,126,2.0
1636,127,73,63.5,2.54,1.46,63.5,36.5,254.0,61.6205725376031,285,127,2.0
1637,127,73,63.5,2.54,1.46,63.5,36.5,254.0,61.6205725376031,286,127,0.0
1638,128,72,64.0,2.56,1.44,64.0,36.0,256.0,62.105773896166916,288,128,2.0
1639,128,72,64.0,2.56,1.44,64.0,36.0,256.0,62.105773896166916,289,128,0.0
1640,128,72,64.0,2.56,1.44,64.0,36.0,256.0,62.105773896166916,290,128,0.0
1641,128,72,64.0,2.56,1.44,64.0,36.0,256.0,62.105773896166916,291,128,0.0
1642,128,72,64.0,2.56,1.44,64.0,36.0,256.0,62.105773896166916,292,128,0.0
1643,128,72,64.0,2.56,1.44,64.0,36.0,256.0,62.105773896166916,292,128,0.0
1644,128,72,64.0,2.56,1.44,64.0,36.0,256.0,62.105773896166916,292,128,0.0
1645,128,72,64.0,2.56,1.44,64.0,36.0,256.0,62.105773896166916,292,128,0.0
1646,128,72,64.0,2.56,1.44,64.0,36.0,256.0,62.105773896166916,292,128,0.0
1647,128,72,64.0,2.56,1.44,64.0,36.0,256.0,62.105773896166916,292,128,0.0
1648,128,72,64.0,2.56,1.44,64.0,36.0,256.0,62.105773896166916,292,128,0.0
1649,128,72,64.0,2.56,1.44,64.0,36.0,256.0,62.105773896166916,292,128,0.0
1650,128,72,64.0,2.56,1.44,64.0,36.0,256.0,62.105773896166916,292,128,0.0
1651,128,72,64.0,2.56,1.44,64.0,36.0,256.0,62.105773896166916,292,128,0.0
1652,128,72,64.0,2.56,1.44,64.0,36.0,256.0,62.105773896166916,292,128,0.0
1653,128,72,64.0,2.56,1.44,64.0,36.0,256.0,62.105773896166916,292,128,0.0
1654,128,72,64.0,2.56,1.44,64.0,36.0,256.0,62.105773896166916,292,128,0.0
1655,128,72,64.0,2.56,1.44,64.0,36.0,256.0,62.105773896166916,292,128,0.0
1656,128,72,64.0,2.56,1.44,64.0,36.0,256.0,62.105773896166916,292,128,0.0
1657,128,72,64.0,2.56,1.44,64.0,36.0,256.0,62.105773896166916,292,128,0.0
1658,128,72,64.0,2.56,1.44,64.0,36.0,256.0,62.105773896166916,292,128,0.0
1659,128,72,64.0,2.56,1.44,64.0,36.0,256.0,62.105773896166916,292,128,0.0
1660,128,72,64.0,2.56,1.44,64.0,36.0,256.0,62.105773896166916,292,128,0.0
1661,128,72,64.0,2.56,1.44,64.0,36.0,256.0,62.105773896166916,292,128,0.0
1662,128,72,64.0,2.56,1.44,64.0,36.0,256.0,62.105773896166916,292,128,0.0
1663,128,72,64.0,2.56,1.44,64.0,36.0,256.0,62.105773896166916,292,128,0.0
1664,129,71,64.5,2.58,1.42,64.5,35.5,258.0,62.59097525473072,293,129,2.0
1665,129,71,64.5,2.58,1.42,64.5,35.5,258.0,62.59097525473072,293,129,0.0
1666,129,71,64.5,2.58,1.42,64.5,35.5,258.0,62.59097525473072,293,129,0.0
1667,129,71,64.5,2.58,1.42,64.5,35.5,258.0,62.59097525473072,293,129,0.0
1668,129,71,64.5,2.58,1.42,64.5,35.5,258.0,62.59097525473072,293,129,0.0
1669,129,71,64.5,2.58,1.42,64.5,35.5,258.0,62.59097525473072,293,129,0.0
1670,129,71,64.5,2.58,1.42,64.5,35.5,258.0,62.59097525473072,293,129,0.0
1671,129,71,64.5,2.58,1.42,64.5,35.5,258.0,62.59097525473072,293,129,0.0
1672,129,71,64.5,2.58,1.42,64.5,35.5,258.0,62.59097525473072,293,129,0.0
1673,129,71,64.5,2.58,1.42,64.5,35.5,258.0,62.59097525473072,293,129,0.0
1674,129,71,64.5,2.58,1.42,64.5,35.5,258.0,62.59097525473072,293,129,0.0
1675,129,71,64.5,2.58,1.42,64.5,35.5,258.0,62.59097525473072,293,129,0.0
1676,129,71,64.5,2.58,1.42,64.5,35.5,258.0,62.59097525473072,293,129,0.0
1677,129,71,64.5,2.58,1.42,64.5,35.5,258.0,62.59097525473072,293,129,0.0
1678,129,71,64.5,2.58,1.42,64.5,35.5,258.0,62.59097525473072,293,129,0.0
1679,129,71,64.5,2.58,1.42,64.5,35.5,258.0,62.59097525473072,293,129,0.0
1680,129,71,64.5,2.58,1.42,64.5,35.5,258.0,62.59097525473072,293,129,0.0
1681,129,71,64.5,2.58,1.42,64.5,35.5,258.0,62.59097525473072,293,129,0.0
1682,130,70,65.0,2.6,1.4,65.0,35.0,260.0,63.07617661329452,294,130,2.0
1683,130,70,65.0,2.6,1.4,65.0,35.0,260.0,63.07617661329452,294,130,0.0
1684,130,70,65.0,2.6,1.4,65.0,35.0,260.0,63.07617661329452,294,130,0.0
1685,130,70,65.0,2.6,1.4,65.0,35.0,260.0,63.07617661329452,294,130,0.0
1686,130,70,65.0,2.6,1.4,65.0,35.0,260.0,63.07617661329452,295,130,0.0
1687,130,70,65.0,2.6,1.4,65.0,35.0,260.0,63.07617661329452,295,130,0.0
1688,130,70,65.0,2.6,1.4,65.0,35.0,260.0,63.07617661329452,295,130,0.0
1689,130,70,65.0,2.6,1.4,65.0,35.0,260.0,63.07617661329452,295,130,0.0
1690,131,69,65.5,2.62,1.38,65.5,34.5,262.0,63.56137797185832,296,131,2.0
1691,131,69,65.5,2.62,1.38,65.5,34.5,262.0,63.56137797185832,297,131,0.0
1692,131,69,65.5,2.62,1.38,65.5,34.5,262.0,63.56137797185832,297,131,0.0
1693,131,69,65.5,2.62,1.38,65.5,34.5,262.0,63.56137797185832,297,131,0.0
1694,131,69,65.5,2.62,1.38,65.5,34.5,262.0,63.56137797185832,297,131,0.0
1695,131,69,65.5,2.62,1.38,65.5,34.5,262.0,63.56137797185832,297,131,0.0
1696,131,69,65.5,2.62,1.38,65.5,34.5,262.0,63.56137797185832,297,131,0.0
1697,131,69,65.5,2.62,1.38,65.5,34.5,262.0,63.56137797185832,297,131,0.0
1698,131,69,65.5,2.62,1.38,65.5,34.5,262.0,63.56137797185832,297,131,0.0
1699,131,69,65.5,2.62,1.38,65.5,34.5,262.0,63.56137797185832,297,131,0.0
1700,131,69,65.5,2.62,1.38,65.5,34.5,262.0,63.56137797185832,297,131,0.0
1701,131,69,65.5,2.62,1.38,65.5,34.5,262.0,63.56137797185832,297,131,0.0
1702,131,69,65.5,2.62,1.38,65.5,34.5,262.0,63.56137797185832,297,131,0.0
1703,131,69,65.5,2.62,1.38,65.5,34.5,262.0,63.56137797185832,297,131,0.0
1704,131,69,65.5,2.62,1.38,65.5,34.5,262.0,63.56137797185832,297,131,0.0
1705,131,69,65.5,2.62,1.38,65.5,34.5,262.0,63.56137797185832,297,131,0.0
1706,131,69,65.5,2.62,1.38,65.5,34.5,262.0,63.56137797185832,297,131,0.0
1707,131,69,65.5,2.62,1.38,65.5,34.5,262.0,63.56137797185832,297,131,0.0
1708,131,69,65.5,2.62,1.38,65.5,34.5,262.0,63.56137797185832,297,131,0.0
1709,131,69,65.5,2.62,1.38,65.5,34.5,262.0,63.56137797185832,297,131,0.0
1710,131,69,65.5,2.62,1.38,65.5,34.5,262.0,63.56137797185832,297,131,0.0
1711,131,69,65.5,2.62,1.38,65.5,34.5,262.0,63.56137797185832,297,131,0.0
1712,132,68,66.0,2.64,1.3599999999999999,66.0,33.99999999999999,264.0,64.04657933042213,298,132,2.0
1713,132,68,66.0,2.64,1.3599999999999999,66.0,33.99999999999999,264.0,64.04657933042213,298,132,0.0
1714,132,68,66.0,2.64,1.3599999999999999,66.0,33.99999999999999,264.0,64.04657933042213,298,132,0.0
1715,132,68,66.0,2.64,1.3599999999999999,66.0,33.99999999999999,264.0,64.04657933042213,298,132,0.0
1716,132,68,66.0,2.64,1.3599999999999999,66.0,33.99999999999999,264.0,64.04657933042213,298,132,0.0
1717,132,68,66.0,2.64,1.3599999999999999,66.0,33.99999999999999,264.0,64.04657933042213,298,132,0.0
1718,132,68,66.0,2.64,1.3599999999999999,66.0,33.99999999999999,264.0,64.04657933042213,298,132,0.0
1719,132,68,66.0,2.64,1.3599999999999999,66.0,33.99999999999999,264.0,64.04657933042213,298,132,0.0
1720,132,68,66.0,2.64,1.3599999999999999,66.0,33.99999999999999,264.0,64.04657933042213,298,132,0.0
1721,132,68,66.0,2.64,1.3599999999999999,66.0,33.99999999999999,264.0,64.04657933042213,299,132,0.0
1722,132,68,66.0,2.64,1.3599999999999999,66.0,33.99999999999999,264.0,64.04657933042213,300,132,0.0
1723,132,68,66.0,2.64,1.3599999999999999,66.0,33.99999999999999,264.0,64.04657933042213,300,132,0.0
1724,132,68,66.0,2.64,1.3599999999999999,66.0,33.99999999999999,264.0,64.04657933042213,300,132,0.0
1725,132,68,66.0,2.64,1.3599999999999999,66.0,33.99999999999999,264.0,64.04657933042213,300,132,0.0
1726,133,67,66.5,2.66,1.3399999999999999,66.5,33.49999999999999,266.0,64.53178068898593,301,133,2.0
1727,133,67,66.5,2.66,1.3399999999999999,66.5,33.49999999999999,266.0,64.53178068898593,301,133,0.0
1728,133,67,66.5,2.66,1.3399999999999999,66.5,33.49999999999999,266.0,64.53178068898593,301,133,0.0
1729,133,67,66.5,2.66,1.3399999999999999,66.5,33.49999999999999,266.0,64.53178068898593,302,133,0.0
1730,133,67,66.5,2.66,1.3399999999999999,66.5,33.49999999999999,266.0,64.53178068898593,302,133,0.0
1731,133,67,66.5,2.66,1.3399999999999999,66.5,33.49999999999999,266.0,64.53178068898593,303,133,0.0
1732,133,67,66.5,2.66,1.3399999999999999,66.5,33.49999999999999,266.0,64.53178068898593,303,133,0.0
1733,133,67,66.5,2.66,1.3399999999999999,66.5,33.49999999999999,266.0,64.53178068898593,303,133,0.0
1734,133,67,66.5,2.66,1.3399999999999999,66.5,33.49999999999999,266.0,64.53178068898593,303,133,0.0
1735,133,67,66.5,2.66,1.3399999999999999,66.5,33.49999999999999,266.0,64.53178068898593,303,133,0.0
1736,133,67,66.5,2.66,1.3399999999999999,66.5,33.49999999999999,266.0,64.53178068898593,303,133,0.0
1737,133,67,66.5,2.66,1.3399999999999999,66.5,33.49999999999999,266.0,64.53178068898593,303,133,0.0
1738,133,67,66.5,2.66,1.3399999999999999,66.5,33.49999999999999,266.0,64.53178068898593,303,133,0.0
1739,133,67,66.5,2.66,1.3399999999999999,66.5,33.49999999999999,266.0,64.53178068898593,303,133,0.0
1740,133,67,66.5,2.66,1.3399999999999999,66.5,33.49999999999999,266.0,64.53178068898593,303,133,0.0
1741,133,67,66.5,2.66,1.3399999999999999,66.5,33.49999999999999,266.0,64.53178068898593,303,133,0.0
1742,133,67,66.5,2.66,1.3399999999999999,66.5,33.49999999999999,266.0,64.53178068898593,304,133,0.0
1743,133,67,66.5,2.66,1.3399999999999999,66.5,33.49999999999999,266.0,64.53178068898593,304,133,0.0
1744,133,67,66.5,2.66,1.3399999999999999,66.5,33.49999999999999,266.0,64.53178068898593,304,133,0.0
1745,133,67,66.5,2.66,1.3399999999999999,66.5,33.49999999999999,266.0,64.53178068898593,304,133,0.0
1746,133,67,66.5,2.66,1.3399999999999999,66.5,33.49999999999999,266.0,64.53178068898593,304,133,0.0
1747,133,67,66.5,2.66,1.3399999999999999,66.5,33.49999999999999,266.0,64.53178068898593,304,133,0.0
1748,133,67,66.5,2.66,1.3399999999999999,66.5,33.49999999999999,266.0,64.53178068898593,304,133,0.0
1749,133,67,66.5,2.66,1.3399999999999999,66.5,33.49999999999999,266.0,64.53178068898593,304,133,0.0
1750,133,67,66.5,2.66,1.3399999999999999,66.5,33.49999999999999,266.0,64.53178068898593,306,133,0.0
1751,133,67,66.5,2.66,1.3399999999999999,66.5,33.49999999999999,266.0,64.53178068898593,306,133,0.0
1752,133,67,66.5,2.66,1.3399999999999999,66.5,33.49999999999999,266.0,64.53178068898593,306,133,0.0
1753,133,67,66.5,2.66,1.3399999999999999,66.5,33.49999999999999,266.0,64.53178068898593,307,133,0.0
1754,133,67,66.5,2.66,1.3399999999999999,66.5,33.49999999999999,266.0,64.53178068898593,307,133,0.0
1755,133,67,66.5,2.66,1.3399999999999999,66.5,33.49999999999999,266.0,64.53178068898593,307,133,0.0
1756,133,67,66.5,2.66,1.3399999999999999,66.5,33.49999999999999,266.0,64.53178068898593,307,133,0.0
1757,133,67,66.5,2.66,1.3399999999999999,66.5,33.49999999999999,266.0,64.53178068898593,307,133,0.0
1758,134,66,67.0,2.68,1.3199999999999998,67.0,32.99999999999999,268.0,65.01698204754973,308,134,2.0
1759,134,66,67.0,2.68,1.3199999999999998,67.0,32.99999999999999,268.0,65.01698204754973,308,134,0.0
1760,134,66,67.0,2.68,1.3199999999999998,67.0,32.99999999999999,268.0,65.01698204754973,308,134,0.0
1761,134,66,67.0,2.68,1.3199999999999998,67.0,32.99999999999999,268.0,65.01698204754973,308,134,0.0
1762,135,65,67.5,2.7,1.2999999999999998,67.5,32.49999999999999,270.0,65.50218340611353,309,135,2.0
1763,135,65,67.5,2.7,1.2999999999999998,67.5,32.49999999999999,270.0,65.50218340611353,309,135,0.0
1764,135,65,67.5,2.7,1.2999999999999998,67.5,32.49999999999999,270.0,65.50218340611353,309,135,0.0
1765,135,65,67.5,2.7,1.2999999999999998,67.5,32.49999999999999,270.0,65.50218340611353,309,135,0.0
1766,135,65,67.5,2.7,1.2999999999999998,67.5,32.49999999999999,270.0,65.50218340611353,309,135,0.0
1767,135,65,67.5,2.7,1.2999999999999998,67.5,32.49999999999999,270.0,65.50218340611353,309,135,0.0
1768,135,65,67.5,2.7,1.2999999999999998,67.5,32.49999999999999,270.0,65.50218340611353,309,135,0.0
1769,135,65,67.5,2.7,1.2999999999999998,67.5,32.49999999999999,270.0,65.50218340611353,309,135,0.0
1770,135,65,67.5,2.7,1.2999999999999998,67.5,32.49999999999999,270.0,65.50218340611353,309,135,0.0
1771,135,65,67.5,2.7,1.2999999999999998,67.5,32.49999999999999,270.0,65.50218340611353,309,135,0.0
1772,135,65,67.5,2.7,1.2999999999999998,67.5,32.49999999999999,270.0,65.50218340611353,309,135,0.0
1773,135,65,67.5,2.7,1.2999999999999998,67.5,32.49999999999999,270.0,65.50218340611353,309,135,0.0
1774,135,65,67.5,2.7,1.2999999999999998,67.5,32.49999999999999,270.0,65.50218340611353,309,135,0.0
1775,135,65,67.5,2.7,1.2999999999999998,67.5,32.49999999999999,270.0,65.50218340611353,309,135,0.0
1776,135,65,67.5,2.7,1.2999999999999998,67.5,32.49999999999999,270.0,65.50218340611353,309,135,0.0
1777,135,65,67.5,2.7,1.2999999999999998,67.5,32.49999999999999,270.0,65.50218340611353,309,135,0.0
1778,135,65,67.5,2.7,1.2999999999999998,67.5,32.49999999999999,270.0,65.50218340611353,309,135,0.0
1779,135,65,67.5,2.7,1.2999999999999998,67.5,32.49999999999999,270.0,65.50218340611353,309,135,0.0
1780,135,65,67.5,2.7,1.2999999999999998,67.5,32.49999999999999,270.0,65.50218340611353,309,135,0.0
1781,135,65,67.5,2.7,1.2999999999999998,67.5,32.49999999999999,270.0,65.50218340611353,309,135,0.0
1782,135,65,67.5,2.7,1.2999999999999998,67.5,32.49999999999999,270.0,65.50218340611353,309,135,0.0
1783,135,65,67.5,2.7,1.2999999999999998,67.5,32.49999999999999,270.0,65.50218340611353,309,135,0.0
1784,135,65,67.5,2.7,1.2999999999999998,67.5,32.49999999999999,270.0,65.50218340611353,309,135,0.0
1785,135,65,67.5,2.7,1.2999999999999998,67.5,32.49999999999999,270.0,65.50218340611353,309,135,0.0
1786,135,65,67.5,2.7,1.2999999999999998,67.5,32.49999999999999,270.0,65.50218340611353,310,135,0.0
1787,135,65,67.5,2.7,1.2999999999999998,67.5,32.49999999999999,270.0,65.50218340611353,311,135,0.0
1788,135,65,67.5,2.7,1.2999999999999998,67.5,32.49999999999999,270.0,65.50218340611353,312,135,0.0
1789,135,65,67.5,2.7,1.2999999999999998,67.5,32.49999999999999,270.0,65.50218340611353,312,135,0.0
1790,135,65,67.5,2.7,1.2999999999999998,67.5,32.49999999999999,270.0,65.50218340611353,312,135,0.0
1791,135,65,67.5,2.7,1.2999999999999998,67.5,32.49999999999999,270.0,65.50218340611353,312,135,0.0
1792,135,65,67.5,2.7,1.2999999999999998,67.5,32.49999999999999,270.0,65.50218340611353,312,135,0.0
1793,135,65,67.5,2.7,1.2999999999999998,67.5,32.49999999999999,270.0,65.50218340611353,312,135,0.0
1794,135,65,67.5,2.7,1.2999999999999998,67.5,32.49999999999999,270.0,65.50218340611353,313,135,0.0
1795,135,65,67.5,2.7,1.2999999999999998,67.5,32.49999999999999,270.0,65.50218340611353,313,135,0.0
1796,135,65,67.5,2.7,1.2999999999999998,67.5,32.49999999999999,270.0,65.50218340611353,313,135,0.0
1797,135,65,67.5,2.7,1.2999999999999998,67.5,32.49999999999999,270.0,65.50218340611353,313,135,0.0
1798,135,65,67.5,2.7,1.2999999999999998,67.5,32.49999999999999,270.0,65.50218340611353,313,135,0.0
1799,135,65,67.5,2.7,1.2999999999999998,67.5,32.49999999999999,270.0,65.50218340611353,313,135,0.0
1800,135,65,67.5,2.7,1.2999999999999998,67.5,32.49999999999999,270.0,65.50218340611353,313,135,0.0
1801,135,65,67.5,2.7,1.2999999999999998,67.5,32.49999999999999,270.0,65.50218340611353,313,135,0.0
1802,135,65,67.5,2.7,1.2999999999999998,67.5,32.49999999999999,270.0,65.50218340611353,313,135,0.0
1803,135,65,67.5,2.7,1.2999999999999998,67.5,32.49999999999999,270.0,65.50218340611353,313,135,0.0
1804,136,64,68.0,2.72,1.2799999999999998,68.0,31.999999999999993,272.0,65.98738476467734,314,136,2.0
1805,136,64,68.0,2.72,1.2799999999999998,68.0,31.999999999999993,272.0,65.98738476467734,314,136,0.0
1806,136,64,68.0,2.72,1.2799999999999998,68.0,31.999999999999993,272.0,65.98738476467734,314,136,0.0
1807,136,64,68.0,2.72,1.2799999999999998,68.0,31.999999999999993,272.0,65.98738476467734,314,136,0.0
1808,136,64,68.0,2.72,1.2799999999999998,68.0,31.999999999999993,272.0,65.98738476467734,314,136,0.0
1809,136,64,68.0,2.72,1.2799999999999998,68.0,31.999999999999993,272.0,65.98738476467734,314,136,0.0
1810,136,64,68.0,2.72,1.2799999999999998,68.0,31.999999999999993,272.0,65.98738476467734,314,136,0.0
1811,136,64,68.0,2.72,1.2799999999999998,68.0,31.999999999999993,272.0,65.98738476467734,314,136,0.0
1812,136,64,68.0,2.72,1.2799999999999998,68.0,31.999999999999993,272.0,65.98738476467734,314,136,0.0
1813,136,64,68.0,2.72,1.2799999999999998,68.0,31.999999999999993,272.0,65.98738476467734,314,136,0.0
1814,136,64,68.0,2.72,1.2799999999999998,68.0,31.999999999999993,272.0,65.98738476467734,314,136,0.0
1815,136,64,68.0,2.72,1.2799999999999998,68.0,31.999999999999993,272.0,65.98738476467734,314,136,0.0
1816,136,64,68.0,2.72,1.2799999999999998,68.0,31.999999999999993,272.0,65.98738476467734,314,136,0.0
1817,136,64,68.0,2.72,1.2799999999999998,68.0,31.999999999999993,272.0,65.98738476467734,314,136,0.0
1818,136,64,68.0,2.72,1.2799999999999998,68.0,31.999999999999993,272.0,65.98738476467734,314,136,0.0
1819,136,64,68.0,2.72,1.2799999999999998,68.0,31.999999999999993,272.0,65.98738476467734,314,136,0.0
1820,136,64,68.0,2.72,1.2799999999999998,68.0,31.999999999999993,272.0,65.98738476467734,314,136,0.0
1821,136,64,68.0,2.72,1.2799999999999998,68.0,31.999999999999993,272.0,65.98738476467734,314,136,0.0
1822,136,64,68.0,2.72,1.2799999999999998,68.0,31.999999999999993,272.0,65.98738476467734,314,136,0.0
1823,136,64,68.0,2.72,1.2799999999999998,68.0,31.999999999999993,272.0,65.98738476467734,314,136,0.0
1824,136,64,68.0,2.72,1.2799999999999998,68.0,31.999999999999993,272.0,65.98738476467734,314,136,0.0
1825,136,64,68.0,2.72,1.2799999999999998,68.0,31.999999999999993,272.0,65.98738476467734,314,136,0.0
1826,136,64,68.0,2.72,1.2799999999999998,68.0,31.999999999999993,272.0,65.98738476467734,314,136,0.0
1827,136,64,68.0,2.72,1.2799999999999998,68.0,31.999999999999993,272.0,65.98738476467734,314,136,0.0
1828,136,64,68.0,2.72,1.2799999999999998,68.0,31.999999999999993,272.0,65.98738476467734,314,136,0.0
1829,136,64,68.0,2.72,1.2799999999999998,68.0,31.999999999999993,272.0,65.98738476467734,314,136,0.0
1830,136,64,68.0,2.72,1.2799999999999998,68.0,31.999999999999993,272.0,65.98738476467734,314,136,0.0
1831,136,64,68.0,2.72,1.2799999999999998,68.0,31.999999999999993,272.0,65.98738476467734,314,136,0.0
1832,136,64,68.0,2.72,1.2799999999999998,68.0,31.999999999999993,272.0,65.98738476467734,314,136,0.0
1833,137,63,68.5,2.74,1.2599999999999998,68.5,31.499999999999993,274.0,66.47258612324116,315,137,2.0
1834,137,63,68.5,2.74,1.2599999999999998,68.5,31.499999999999993,274.0,66.47258612324116,315,137,0.0
1835,137,63,68.5,2.74,1.2599999999999998,68.5,31.499999999999993,274.0,66.47258612324116,315,137,0.0
1836,137,63,68.5,2.74,1.2599999999999998,68.5,31.499999999999993,274.0,66.47258612324116,315,137,0.0
1837,137,63,68.5,2.74,1.2599999999999998,68.5,31.499999999999993,274.0,66.47258612324116,315,137,0.0
1838,137,63,68.5,2.74,1.2599999999999998,68.5,31.499999999999993,274.0,66.47258612324116,315,137,0.0
1839,137,63,68.5,2.74,1.2599999999999998,68.5,31.499999999999993,274.0,66.47258612324116,315,137,0.0
1840,137,63,68.5,2.74,1.2599999999999998,68.5,31.499999999999993,274.0,66.47258612324116,315,137,0.0
1841,137,63,68.5,2.74,1.2599999999999998,68.5,31.499999999999993,274.0,66.47258612324116,315,137,0.0
1842,137,63,68.5,2.74,1.2599999999999998,68.5,31.499999999999993,274.0,66.47258612324116,315,137,0.0
1843,137,63,68.5,2.74,1.2599999999999998,68.5,31.499999999999993,274.0,66.47258612324116,315,137,0.0
1844,137,63,68.5,2.74,1.2599999999999998,68.5,31.499999999999993,274.0,66.47258612324116,315,137,0.0
1845,137,63,68.5,2.74,1.2599999999999998,68.5,31.499999999999993,274.0,66.47258612324116,315,137,0.0
1846,137,63,68.5,2.74,1.2599999999999998,68.5,31.499999999999993,274.0,66.47258612324116,315,137,0.0
1847,137,63,68.5,2.74,1.2599999999999998,68.5,31.499999999999993,274.0,66.47258612324116,315,137,0.0
1848,137,63,68.5,2.74,1.2599999999999998,68.5,31.499999999999993,274.0,66.47258612324116,315,137,0.0
1849,137,63,68.5,2.74,1.2599999999999998,68.5,31.499999999999993,274.0,66.47258612324116,315,137,0.0
1850,137,63,68.5,2.74,1.2599999999999998,68.5,31.499999999999993,274.0,66.47258612324116,315,137,0.0
1851,137,63,68.5,2.74,1.2599999999999998,68.5,31.499999999999993,274.0,66.47258612324116,315,137,0.0
1852,137,63,68.5,2.74,1.2599999999999998,68.5,31.499999999999993,274.0,66.47258612324116,315,137,0.0
1853,137,63,68.5,2.74,1.2599999999999998,68.5,31.499999999999993,274.0,66.47258612324116,315,137,0.0
1854,137,63,68.5,2.74,1.2599999999999998,68.5,31.499999999999993,274.0,66.47258612324116,315,137,0.0
1855,137,63,68.5,2.74,1.2599999999999998,68.5,31.499999999999993,274.0,66.47258612324116,315,137,0.0
1856,137,63,68.5,2.74,1.2599999999999998,68.5,31.499999999999993,274.0,66.47258612324116,315,137,0.0
1857,137,63,68.5,2.74,1.2599999999999998,68.5,31.499999999999993,274.0,66.47258612324116,315,137,0.0
1858,137,63,68.5,2.74,1.2599999999999998,68.5,31.499999999999993,274.0,66.47258612324116,315,137,0.0
1859,137,63,68.5,2.74,1.2599999999999998,68.5,31.499999999999993,274.0,66.47258612324116,315,137,0.0
1860,137,63,68.5,2.74,1.2599999999999998,68.5,31.499999999999993,274.0,66.47258612324116,315,137,0.0
1861,137,63,68.5,2.74,1.2599999999999998,68.5,31.499999999999993,274.0,66.47258612324116,315,137,0.0
1862,137,63,68.5,2.74,1.2599999999999998,68.5,31.499999999999993,274.0,66.47258612324116,315,137,0.0
1863,137,63,68.5,2.74,1.2599999999999998,68.5,31.499999999999993,274.0,66.47258612324116,315,137,0.0
1864,137,63,68.5,2.74,1.2599999999999998,68.5,31.499999999999993,274.0,66.47258612324116,315,137,0.0
1865,137,63,68.5,2.74,1.2599999999999998,68.5,31.499999999999993,274.0,66.47258612324116,315,137,0.0
1866,137,63,68.5,2.74,1.2599999999999998,68.5,31.499999999999993,274.0,66.47258612324116,316,137,0.0
1867,137,63,68.5,2.74,1.2599999999999998,68.5,31.499999999999993,274.0,66.47258612324116,316,137,0.0
1868,137,63,68.5,2.74,1.2599999999999998,68.5,31.499999999999993,274.0,66.47258612324116,317,137,0.0
1869,137,63,68.5,2.74,1.2599999999999998,68.5,31.499999999999993,274.0,66.47258612324116,317,137,0.0
1870,137,63,68.5,2.74,1.2599999999999998,68.5,31.499999999999993,274.0,66.47258612324116,317,137,0.0
1871,137,63,68.5,2.74,1.2599999999999998,68.5,31.499999999999993,274.0,66.47258612324116,317,137,0.0
1872,137,63,68.5,2.74,1.2599999999999998,68.5,31.499999999999993,274.0,66.47258612324116,317,137,0.0
1873,137,63,68.5,2.74,1.2599999999999998,68.5,31.499999999999993,274.0,66.47258612324116,317,137,0.0
1874,137,63,68.5,2.74,1.2599999999999998,68.5,31.499999999999993,274.0,66.47258612324116,317,137,0.0
1875,137,63,68.5,2.74,1.2599999999999998,68.5,31.499999999999993,274.0,66.47258612324116,317,137,0.0
1876,138,62,69.0,2.7600000000000002,1.2399999999999998,69.0,30.999999999999993,276.0,66.95778748180496,318,138,2.0
1877,139,61,69.5,2.7800000000000002,1.2199999999999998,69.5,30.499999999999993,278.0,67.44298884036876,319,139,2.0
1878,139,61,69.5,2.7800000000000002,1.2199999999999998,69.5,30.499999999999993,278.0,67.44298884036876,319,139,0.0
1879,139,61,69.5,2.7800000000000002,1.2199999999999998,69.5,30.499999999999993,278.0,67.44298884036876,319,139,0.0
1880,139,61,69.5,2.7800000000000002,1.2199999999999998,69.5,30.499999999999993,278.0,67.44298884036876,319,139,0.0
1881,139,61,69.5,2.7800000000000002,1.2199999999999998,69.5,30.499999999999993,278.0,67.44298884036876,319,139,0.0
1882,139,61,69.5,2.7800000000000002,1.2199999999999998,69.5,30.499999999999993,278.0,67.44298884036876,319,139,0.0
1883,139,61,69.5,2.7800000000000002,1.2199999999999998,69.5,30.499999999999993,278.0,67.44298884036876,319,139,0.0
1884,139,61,69.5,2.7800000000000002,1.2199999999999998,69.5,30.499999999999993,278.0,67.44298884036876,319,139,0.0
1885,139,61,69.5,2.7800000000000002,1.2199999999999998,69.5,30.499999999999993,278.0,67.44298884036876,319,139,0.0
1886,139,61,69.5,2.7800000000000002,1.2199999999999998,69.5,30.499999999999993,278.0,67.44298884036876,319,139,0.0
1887,139,61,69.5,2.7800000000000002,1.2199999999999998,69.5,30.499999999999993,278.0,67.44298884036876,319,139,0.0
1888,139,61,69.5,2.7800000000000002,1.2199999999999998,69.5,30.499999999999993,278.0,67.44298884036876,319,139,0.0
1889,139,61,69.5,2.7800000000000002,1.2199999999999998,69.5,30.499999999999993,278.0,67.44298884036876,320,139,0.0
1890,139,61,69.5,2.7800000000000002,1.2199999999999998,69.5,30.499999999999993,278.0,67.44298884036876,321,139,0.0
1891,139,61,69.5,2.7800000000000002,1.2199999999999998,69.5,30.499999999999993,278.0,67.44298884036876,321,139,0.0
1892,139,61,69.5,2.7800000000000002,1.2199999999999998,69.5,30.499999999999993,278.0,67.44298884036876,321,139,0.0
1893,139,61,69.5,2.7800000000000002,1.2199999999999998,69.5,30.499999999999993,278.0,67.44298884036876,321,139,0.0
1894,139,61,69.5,2.7800000000000002,1.2199999999999998,69.5,30.499999999999993,278.0,67.44298884036876,321,139,0.0
1895,139,61,69.5,2.7800000000000002,1.2199999999999998,69.5,30.499999999999993,278.0,67.44298884036876,321,139,0.0
1896,139,61,69.5,2.7800000000000002,1.2199999999999998,69.5,30.499999999999993,278.0,67.44298884036876,321,139,0.0
1897,139,61,69.5,2.7800000000000002,1.2199999999999998,69.5,30.499999999999993,278.0,67.44298884036876,321,139,0.0
1898,139,61,69.5,2.7800000000000002,1.2199999999999998,69.5,30.499999999999993,278.0,67.44298884036876,322,139,0.0
1899,139,61,69.5,2.7800000000000002,1.2199999999999998,69.5,30.499999999999993,278.0,67.44298884036876,322,139,0.0
1900,139,61,69.5,2.7800000000000002,1.2199999999999998,69.5,30.499999999999993,278.0,67.44298884036876,322,139,0.0
1901,139,61,69.5,2.7800000000000002,1.2199999999999998,69.5,30.499999999999993,278.0,67.44298884036876,322,139,0.0
1902,140,60,70.0,2.8000000000000003,1.1999999999999997,70.0,29.999999999999993,280.0,67.92819019893255,323,140,2.0
1903,140,60,70.0,2.8000000000000003,1.1999999999999997,70.0,29.999999999999993,280.0,67.92819019893255,323,140,0.0
1904,140,60,70.0,2.8000000000000003,1.1999999999999997,70.0,29.999999999999993,280.0,67.92819019893255,323,140,0.0
1905,140,60,70.0,2.8000000000000003,1.1999999999999997,70.0,29.999999999999993,280.0,67.92819019893255,323,140,0.0
1906,140,60,70.0,2.8000000000000003,1.1999999999999997,70.0,29.999999999999993,280.0,67.92819019893255,323,140,0.0
1907,140,60,70.0,2.8000000000000003,1.1999999999999997,70.0,29.999999999999993,280.0,67.92819019893255,323,140,0.0
1908,140,60,70.0,2.8000000000000003,1.1999999999999997,70.0,29.999999999999993,280.0,67.92819019893255,323,140,0.0
1909,140,60,70.0,2.8000000000000003,1.1999999999999997,70.0,29.999999999999993,280.0,67.92819019893255,323,140,0.0
1910,140,60,70.0,2.8000000000000003,1.1999999999999997,70.0,29.999999999999993,280.0,67.92819019893255,323,140,0.0
1911,140,60,70.0,2.8000000000000003,1.1999999999999997,70.0,29.999999999999993,280.0,67.92819019893255,323,140,0.0
1912,140,60,70.0,2.8000000000000003,1.1999999999999997,70.0,29.999999999999993,280.0,67.92819019893255,323,140,0.0
1913,140,60,70.0,2.8000000000000003,1.1999999999999997,70.0,29.999999999999993,280.0,67.92819019893255,323,140,0.0
1914,140,60,70.0,2.8000000000000003,1.1999999999999997,70.0,29.999999999999993,280.0,67.92819019893255,323,140,0.0
1915,140,60,70.0,2.8000000000000003,1.1999999999999997,70.0,29.999999999999993,280.0,67.92819019893255,323,140,0.0
1916,140,60,70.0,2.8000000000000003,1.1999999999999997,70.0,29.999999999999993,280.0,67.92819019893255,323,140,0.0
1917,140,60,70.0,2.8000000000000003,1.1999999999999997,70.0,29.999999999999993,280.0,67.92819019893255,323,140,0.0
1918,140,60,70.0,2.8000000000000003,1.1999999999999997,70.0,29.999999999999993,280.0,67.92819019893255,323,140,0.0
1919,140,60,70.0,2.8000000000000003,1.1999999999999997,70.0,29.999999999999993,280.0,67.92819019893255,323,140,0.0
1920,140,60,70.0,2.8000000000000003,1.1999999999999997,70.0,29.999999999999993,280.0,67.92819019893255,323,140,0.0
1921,140,60,70.0,2.8000000000000003,1.1999999999999997,70.0,29.999999999999993,280.0,67.92819019893255,323,140,0.0
1922,140,60,70.0,2.8000000000000003,1.1999999999999997,70.0,29.999999999999993,280.0,67.92819019893255,323,140,0.0
1923,140,60,70.0,2.8000000000000003,1.1999999999999997,70.0,29.999999999999993,280.0,67.92819019893255,323,140,0.0
1924,140,60,70.0,2.8000000000000003,1.1999999999999997,70.0,29.999999999999993,280.0,67.92819019893255,323,140,0.0
1925,140,60,70.0,2.8000000000000003,1.1999999999999997,70.0,29.999999999999993,280.0,67.92819019893255,323,140,0.0
1926,140,60,70.0,2.8000000000000003,1.1999999999999997,70.0,29.999999999999993,280.0,67.92819019893255,323,140,0.0
1927,140,60,70.0,2.8000000000000003,1.1999999999999997,70.0,29.999999999999993,280.0,67.92819019893255,323,140,0.0
1928,140,60,70.0,2.8000000000000003,1.1999999999999997,70.0,29.999999999999993,280.0,67.92819019893255,323,140,0.0
1929,140,60,70.0,2.8000000000000003,1.1999999999999997,70.0,29.999999999999993,280.0,67.92819019893255,324,140,0.0
1930,140,60,70.0,2.8000000000000003,1.1999999999999997,70.0,29.999999999999993,280.0,67.92819019893255,325,140,0.0
1931,140,60,70.0,2.8000000000000003,1.1999999999999997,70.0,29.999999999999993,280.0,67.92819019893255,326,140,0.0
1932,140,60,70.0,2.8000000000000003,1.1999999999999997,70.0,29.999999999999993,280.0,67.92819019893255,326,140,0.0
1933,140,60,70.0,2.8000000000000003,1.1999999999999997,70.0,29.999999999999993,280.0,67.92819019893255,326,140,0.0
1934,140,60,70.0,2.8000000000000003,1.1999999999999997,70.0,29.999999999999993,280.0,67.92819019893255,327,140,0.0
1935,140,60,70.0,2.8000000000000003,1.1999999999999997,70.0,29.999999999999993,280.0,67.92819019893255,327,140,0.0
1936,140,60,70.0,2.8000000000000003,1.1999999999999997,70.0,29.999999999999993,280.0,67.92819019893255,327,140,0.0
1937,140,60,70.0,2.8000000000000003,1.1999999999999997,70.0,29.999999999999993,280.0,67.92819019893255,328,140,0.0
1938,140,60,70.0,2.8000000000000003,1.1999999999999997,70.0,29.999999999999993,280.0,67.92819019893255,328,140,0.0
1939,140,60,70.0,2.8000000000000003,1.1999999999999997,70.0,29.999999999999993,280.0,67.92819019893255,328,140,0.0
1940,140,60,70.0,2.8000000000000003,1.1999999999999997,70.0,29.999999999999993,280.0,67.92819019893255,328,140,0.0
1941,140,60,70.0,2.8000000000000003,1.1999999999999997,70.0,29.999999999999993,280.0,67.92819019893255,328,140,0.0
1942,140,60,70.0,2.8000000000000003,1.1999999999999997,70.0,29.999999999999993,280.0,67.92819019893255,329,140,0.0
1943,140,60,70.0,2.8000000000000003,1.1999999999999997,70.0,29.999999999999993,280.0,67.92819019893255,330,140,0.0
1944,140,60,70.0,2.8000000000000003,1.1999999999999997,70.0,29.999999999999993,280.0,67.92819019893255,331,140,0.0
1945,140,60,70.0,2.8000000000000003,1.1999999999999997,70.0,29.999999999999993,280.0,67.92819019893255,331,140,0.0
1946,140,60,70.0,2.8000000000000003,1.1999999999999997,70.0,29.999999999999993,280.0,67.92819019893255,332,140,0.0
1947,140,60,70.0,2.8000000000000003,1.1999999999999997,70.0,29.999999999999993,280.0,67.92819019893255,332,140,0.0
1948,140,60,70.0,2.8000000000000003,1.1999999999999997,70.0,29.999999999999993,280.0,67.92819019893255,332,140,0.0
1949,140,60,70.0,2.8000000000000003,1.1999999999999997,70.0,29.999999999999993,280.0,67.92819019893255,332,140,0.0
1950,140,60,70.0,2.8000000000000003,1.1999999999999997,70.0,29.999999999999993,280.0,67.92819019893255,332,140,0.0
1951,140,60,70.0,2.8000000000000003,1.1999999999999997,70.0,29.999999999999993,280.0,67.92819019893255,333,140,0.0
1952,140,60,70.0,2.8000000000000003,1.1999999999999997,70.0,29.999999999999993,280.0,67.92819019893255,333,140,0.0
1953,140,60,70.0,2.8000000000000003,1.1999999999999997,70.0,29.999999999999993,280.0,67.92819019893255,333,140,0.0
1954,140,60,70.0,2.8000000000000003,1.1999999999999997,70.0,29.999999999999993,280.0,67.92819019893255,333,140,0.0
1955,140,60,70.0,2.8000000000000003,1.1999999999999997,70.0,29.999999999999993,280.0,67.92819019893255,333,140,0.0
1956,140,60,70.0,2.8000000000000003,1.1999999999999997,70.0,29.999999999999993,280.0,67.92819019893255,333,140,0.0
1957,140,60,70.0,2.8000000000000003,1.1999999999999997,70.0,29.999999999999993,280.0,67.92819019893255,333,140,0.0
1958,140,60,70.0,2.8000000000000003,1.1999999999999997,70.0,29.999999999999993,280.0,67.92819019893255,333,140,0.0
1959,140,60,70.0,2.8000000000000003,1.1999999999999997,70.0,29.999999999999993,280.0,67.92819019893255,333,140,0.0
1960,140,60,70.0,2.8000000000000003,1.1999999999999997,70.0,29.999999999999993,280.0,67.92819019893255,333,140,0.0
1961,140,60,70.0,2.8000000000000003,1.1999999999999997,70.0,29.999999999999993,280.0,67.92819019893255,334,140,0.0
1962,140,60,70.0,2.8000000000000003,1.1999999999999997,70.0,29.999999999999993,280.0,67.92819019893255,334,140,0.0
1963,140,60,70.0,2.8000000000000003,1.1999999999999997,70.0,29.999999999999993,280.0,67.92819019893255,334,140,0.0
1964,140,60,70.0,2.8000000000000003,1.1999999999999997,70.0,29.999999999999993,280.0,67.92819019893255,334,140,0.0
1965,140,60,70.0,2.8000000000000003,1.1999999999999997,70.0,29.999999999999993,280.0,67.92819019893255,334,140,0.0
1966,140,60,70.0,2.8000000000000003,1.1999999999999997,70.0,29.999999999999993,280.0,67.92819019893255,335,140,0.0
1967,140,60,70.0,2.8000000000000003,1.1999999999999997,70.0,29.999999999999993,280.0,67.92819019893255,335,140,0.0
1968,140,60,70.0,2.8000000000000003,1.1999999999999997,70.0,29.999999999999993,280.0,67.92819019893255,335,140,0.0
1969,140,60,70.0,2.8000000000000003,1.1999999999999997,70.0,29.999999999999993,280.0,67.92819019893255,335,140,0.0
1970,140,60,70.0,2.8000000000000003,1.1999999999999997,70.0,29.999999999999993,280.0,67.92819019893255,335,140,0.0
1971,140,60,70.0,2.8000000000000003,1.1999999999999997,70.0,29.999999999999993,280.0,67.92819019893255,335,140,0.0
1972,140,60,70.0,2.8000000000000003,1.1999999999999997,70.0,29.999999999999993,280.0,67.92819019893255,335,140,0.0
1973,140,60,70.0,2.8000000000000003,1.1999999999999997,70.0,29.999999999999993,280.0,67.92819019893255,335,140,0.0
1974,140,60,70.0,2.8000000000000003,1.1999999999999997,70.0,29.999999999999993,280.0,67.92819019893255,335,140,0.0
1975,140,60,70.0,2.8000000000000003,1.1999999999999997,70.0,29.999999999999993,280.0,67.92819019893255,335,140,0.0
1976,140,60,70.0,2.8000000000000003,1.1999999999999997,70.0,29.999999999999993,280.0,67.92819019893255,335,140,0.0
1977,140,60,70.0,2.8000000000000003,1.1999999999999997,70.0,29.999999999999993,280.0,67.92819019893255,335,140,0.0
1978,140,60,70.0,2.8000000000000003,1.1999999999999997,70.0,29.999999999999993,280.0,67.92819019893255,335,140,0.0
1979,140,60,70.0,2.8000000000000003,1.1999999999999997,70.0,29.999999999999993,280.0,67.92819019893255,335,140,0.0
1980,140,60,70.0,2.8000000000000003,1.1999999999999997,70.0,29.999999999999993,280.0,67.92819019893255,335,140,0.0
1981,140,60,70.0,2.8000000000000003,1.1999999999999997,70.0,29.999999999999993,280.0,67.92819019893255,335,140,0.0
1982,140,60,70.0,2.8000000000000003,1.1999999999999997,70.0,29.999999999999993,280.0,67.92819019893255,335,140,0.0
1983,140,60,70.0,2.8000000000000003,1.1999999999999997,70.0,29.999999999999993,280.0,67.92819019893255,335,140,0.0
1984,140,60,70.0,2.8000000000000003,1.1999999999999997,70.0,29.999999999999993,280.0,67.92819019893255,335,140,0.0
1985,140,60,70.0,2.8000000000000003,1.1999999999999997,70.0,29.999999999999993,280.0,67.92819019893255,336,140,0.0
1986,140,60,70.0,2.8000000000000003,1.1999999999999997,70.0,29.999999999999993,280.0,67.92819019893255,336,140,0.0
1987,140,60,70.0,2.8000000000000003,1.1999999999999997,70.0,29.999999999999993,280.0,67.92819019893255,336,140,0.0
1988,140,60,70.0,2.8000000000000003,1.1999999999999997,70.0,29.999999999999993,280.0,67.92819019893255,336,140,0.0
1989,140,60,70.0,2.8000000000000003,1.1999999999999997,70.0,29.999999999999993,280.0,67.92819019893255,336,140,0.0
1990,140,60,70.0,2.8000000000000003,1.1999999999999997,70.0,29.999999999999993,280.0,67.92819019893255,336,140,0.0
1991,140,60,70.0,2.8000000000000003,1.1999999999999997,70.0,29.999999999999993,280.0,67.92819019893255,336,140,0.0
1992,140,60,70.0,2.8000000000000003,1.1999999999999997,70.0,29.999999999999993,280.0,67.92819019893255,336,140,0.0
1993,140,60,70.0,2.8000000000000003,1.1999999999999997,70.0,29.999999999999993,280.0,67.92819019893255,337,140,0.0
1994,140,60,70.0,2.8000000000000003,1.1999999999999997,70.0,29.999999999999993,280.0,67.92819019893255,337,140,0.0
1995,140,60,70.0,2.8000000000000003,1.1999999999999997,70.0,29.999999999999993,280.0,67.92819019893255,337,140,0.0
1996,140,60,70.0,2.8000000000000003,1.1999999999999997,70.0,29.999999999999993,280.0,67.92819019893255,337,140,0.0
1997,140,60,70.0,2.8000000000000003,1.1999999999999997,70.0,29.999999999999993,280.0,67.92819019893255,337,140,0.0
1998,140,60,70.0,2.8000000000000003,1.1999999999999997,70.0,29.999999999999993,280.0,67.92819019893255,337,140,0.0
1999,140,60,70.0,2.8000000000000003,1.1999999999999997,70.0,29.999999999999993,280.0,67.92819019893255,337,140,0.0
2000,140,60,70.0,2.8000000000000003,1.1999999999999997,70.0,29.999999999999993,280.0,67.92819019893255,337,140,0.0
