step,n_adsorbed,n_free,percent_adsorbed,m_adsorbed_mg,m_free_mg,c_pdf_mg_l,c_remaining_mg_l,qt_mg_g,percent_qmax,n_contacts,n_adsorption_events,dqt_per_step
0,0,200,0.0,0.0,4.0,0.0,100.0,0.0,0.0,0,0,0.0
1,0,200,0.0,0.0,4.0,0.0,100.0,0.0,0.0,0,0,0.0
2,2,198,1.0,0.04,3.96,1.0,99.0,4.0,0.9704027171276081,2,2,4.0
3,3,197,1.5,0.06,3.94,1.5,98.5,6.0,1.455604075691412,3,3,2.0
4,3,197,1.5,0.06,3.94,1.5,98.5,6.0,1.455604075691412,3,3,0.0
5,3,197,1.5,0.06,3.94,1.5,98.5,6.0,1.455604075691412,3,3,0.0
6,4,196,2.0,0.08,3.92,2.0,98.0,8.0,1.9408054342552161,4,4,2.0
7,4,196,2.0,0.08,3.92,2.0,98.0,8.0,1.9408054342552161,4,4,0.0
8,6,194,3.0,0.12,3.88,3.0,97.0,12.0,2.911208151382824,6,6,4.0
9,6,194,3.0,0.12,3.88,3.0,97.0,12.0,2.911208151382824,6,6,0.0
10,7,193,3.5000000000000004,0.14,3.86,3.5000000000000004,96.5,14.000000000000002,3.3964095099466283,7,7,2.0000000000000018
11,7,193,3.5000000000000004,0.14,3.86,3.5000000000000004,96.5,14.000000000000002,3.3964095099466283,7,7,0.0
12,8,192,4.0,0.16,3.84,4.0,96.0,16.0,3.8816108685104322,8,8,1.9999999999999982
13,8,192,4.0,0.16,3.84,4.0,96.0,16.0,3.8816108685104322,8,8,0.0
14,8,192,4.0,0.16,3.84,4.0,96.0,16.0,3.8816108685104322,8,8,0.0
15,8,192,4.0,0.16,3.84,4.0,96.0,16.0,3.8816108685104322,8,8,0.0
16,9,191,4.5,0.18,3.82,4.5,95.5,18.0,4.366812227074236,9,9,2.0
17,11,189,5.5,0.22,3.78,5.5,94.5,22.0,5.337214944201843,11,11,4.0
18,11,189,5.5,0.22,3.78,5.5,94.5,22.0,5.337214944201843,11,11,0.0
19,12,188,6.0,0.24,3.76,6.0,93.99999999999999,24.0,5.822416302765648,12,12,2.0
20,12,188,6.0,0.24,3.76,6.0,93.99999999999999,24.0,5.822416302765648,12,12,0.0
21,12,188,6.0,0.24,3.76,6.0,93.99999999999999,24.0,5.822416302765648,12,12,0.0
22,13,187,6.5,0.26,3.74,6.5,93.5,26.0,6.307617661329452,13,13,2.0
23,13,187,6.5,0.26,3.74,6.5,93.5,26.0,6.307617661329452,13,13,0.0
24,13,187,6.5,0.26,3.74,6.5,93.5,26.0,6.307617661329452,13,13,0.0
25,13,187,6.5,0.26,3.74,6.5,93.5,26.0,6.307617661329452,13,13,0.0
26,13,187,6.5,0.26,3.74,6.5,93.5,26.0,6.307617661329452,13,13,0.0
27,14,186,7.000000000000001,0.28,3.7199999999999998,7.000000000000001,92.99999999999999,28.000000000000004,6.7928190198932565,14,14,2.0000000000000036
28,14,186,7.000000000000001,0.28,3.7199999999999998,7.000000000000001,92.99999999999999,28.000000000000004,6.7928190198932565,14,14,0.0
29,14,186,7.000000000000001,0.28,3.7199999999999998,7.000000000000001,92.99999999999999,28.000000000000004,6.7928190198932565,14,14,0.0
30,14,186,7.000000000000001,0.28,3.7199999999999998,7.000000000000001,92.99999999999999,28.000000000000004,6.7928190198932565,14,14,0.0
31,14,186,7.000000000000001,0.28,3.7199999999999998,7.000000000000001,92.99999999999999,28.000000000000004,6.7928190198932565,14,14,0.0
32,14,186,7.000000000000001,0.28,3.7199999999999998,7.000000000000001,92.99999999999999,28.000000000000004,6.7928190198932565,14,14,0.0
33,15,185,7.5,0.3,3.7,7.5,92.5,30.0,7.27802037845706,15,15,1.9999999999999964
34,16,184,8.0,0.32,3.68,8.0,92.0,32.0,7.7632217370208645,16,16,2.0
35,16,184,8.0,0.32,3.68,8.0,92.0,32.0,7.7632217370208645,16,16,0.0
36,16,184,8.0,0.32,3.68,8.0,92.0,32.0,7.7632217370208645,16,16,0.0
37,16,184,8.0,0.32,3.68,8.0,92.0,32.0,7.7632217370208645,16,16,0.0
38,16,184,8.0,0.32,3.68,8.0,92.0,32.0,7.7632217370208645,16,16,0.0
39,16,184,8.0,0.32,3.68,8.0,92.0,32.0,7.7632217370208645,16,16,0.0
40,16,184,8.0,0.32,3.68,8.0,92.0,32.0,7.7632217370208645,16,16,0.0
41,16,184,8.0,0.32,3.68,8.0,92.0,32.0,7.7632217370208645,16,16,0.0
42,16,184,8.0,0.32,3.68,8.0,92.0,32.0,7.7632217370208645,16,16,0.0
43,16,184,8.0,0.32,3.68,8.0,92.0,32.0,7.7632217370208645,16,16,0.0
44,16,184,8.0,0.32,3.68,8.0,92.0,32.0,7.7632217370208645,16,16,0.0
45,16,184,8.0,0.32,3.68,8.0,92.0,32.0,7.7632217370208645,16,16,0.0
46,16,184,8.0,0.32,3.68,8.0,92.0,32.0,7.7632217370208645,16,16,0.0
47,16,184,8.0,0.32,3.68,8.0,92.0,32.0,7.7632217370208645,16,16,0.0
48,16,184,8.0,0.32,3.68,8.0,92.0,32.0,7.7632217370208645,16,16,0.0
49,16,184,8.0,0.32,3.68,8.0,92.0,32.0,7.7632217370208645,16,16,0.0
50,17,183,8.5,0.34,3.66,8.5,91.5,34.0,8.248423095584668,17,17,2.0
51,17,183,8.5,0.34,3.66,8.5,91.5,34.0,8.248423095584668,17,17,0.0
52,17,183,8.5,0.34,3.66,8.5,91.5,34.0,8.248423095584668,17,17,0.0
53,18,182,9.0,0.36,3.64,9.0,91.0,36.0,8.733624454148472,18,18,2.0
54,18,182,9.0,0.36,3.64,9.0,91.0,36.0,8.733624454148472,18,18,0.0
55,18,182,9.0,0.36,3.64,9.0,91.0,36.0,8.733624454148472,18,18,0.0
56,19,181,9.5,0.38,3.62,9.5,90.5,38.0,9.218825812712275,19,19,2.0
57,19,181,9.5,0.38,3.62,9.5,90.5,38.0,9.218825812712275,19,19,0.0
58,19,181,9.5,0.38,3.62,9.5,90.5,38.0,9.218825812712275,19,19,0.0
59,20,180,10.0,0.4,3.6,10.0,90.0,40.0,9.70402717127608,20,20,2.0
60,21,179,10.5,0.42,3.58,10.5,89.5,42.0,10.189228529839884,21,21,2.0
61,22,178,11.0,0.44,3.56,11.0,89.0,44.0,10.674429888403687,22,22,2.0
62,22,178,11.0,0.44,3.56,11.0,89.0,44.0,10.674429888403687,22,22,0.0
63,22,178,11.0,0.44,3.56,11.0,89.0,44.0,10.674429888403687,22,22,0.0
64,23,177,11.5,0.46,3.54,11.5,88.5,46.0,11.159631246967491,23,23,2.0
65,23,177,11.5,0.46,3.54,11.5,88.5,46.0,11.159631246967491,23,23,0.0
66,23,177,11.5,0.46,3.54,11.5,88.5,46.0,11.159631246967491,23,23,0.0
67,23,177,11.5,0.46,3.54,11.5,88.5,46.0,11.159631246967491,23,23,0.0
68,23,177,11.5,0.46,3.54,11.5,88.5,46.0,11.159631246967491,23,23,0.0
69,23,177,11.5,0.46,3.54,11.5,88.5,46.0,11.159631246967491,23,23,0.0
70,24,176,12.0,0.48,3.52,12.0,88.0,48.0,11.644832605531295,24,24,2.0
71,24,176,12.0,0.48,3.52,12.0,88.0,48.0,11.644832605531295,24,24,0.0
72,24,176,12.0,0.48,3.52,12.0,88.0,48.0,11.644832605531295,24,24,0.0
73,24,176,12.0,0.48,3.52,12.0,88.0,48.0,11.644832605531295,24,24,0.0
74,25,175,12.5,0.5,3.5,12.5,87.5,50.0,12.1300339640951,25,25,2.0
75,25,175,12.5,0.5,3.5,12.5,87.5,50.0,12.1300339640951,25,25,0.0
76,25,175,12.5,0.5,3.5,12.5,87.5,50.0,12.1300339640951,25,25,0.0
77,25,175,12.5,0.5,3.5,12.5,87.5,50.0,12.1300339640951,25,25,0.0
78,25,175,12.5,0.5,3.5,12.5,87.5,50.0,12.1300339640951,25,25,0.0
79,26,174,13.0,0.52,3.48,13.0,87.0,52.0,12.615235322658904,26,26,2.0
80,26,174,13.0,0.52,3.48,13.0,87.0,52.0,12.615235322658904,26,26,0.0
81,26,174,13.0,0.52,3.48,13.0,87.0,52.0,12.615235322658904,26,26,0.0
82,26,174,13.0,0.52,3.48,13.0,87.0,52.0,12.615235322658904,26,26,0.0
83,26,174,13.0,0.52,3.48,13.0,87.0,52.0,12.615235322658904,26,26,0.0
84,26,174,13.0,0.52,3.48,13.0,87.0,52.0,12.615235322658904,26,26,0.0
85,26,174,13.0,0.52,3.48,13.0,87.0,52.0,12.615235322658904,26,26,0.0
86,26,174,13.0,0.52,3.48,13.0,87.0,52.0,12.615235322658904,26,26,0.0
87,26,174,13.0,0.52,3.48,13.0,87.0,52.0,12.615235322658904,26,26,0.0
88,26,174,13.0,0.52,3.48,13.0,87.0,52.0,12.615235322658904,26,26,0.0
89,26,174,13.0,0.52,3.48,13.0,87.0,52.0,12.615235322658904,26,26,0.0
90,26,174,13.0,0.52,3.48,13.0,87.0,52.0,12.615235322658904,26,26,0.0
91,26,174,13.0,0.52,3.48,13.0,87.0,52.0,12.615235322658904,26,26,0.0
92,26,174,13.0,0.52,3.48,13.0,87.0,52.0,12.615235322658904,26,26,0.0
93,26,174,13.0,0.52,3.48,13.0,87.0,52.0,12.615235322658904,26,26,0.0
94,26,174,13.0,0.52,3.48,13.0,87.0,52.0,12.615235322658904,26,26,0.0
95,27,173,13.5,0.54,3.46,13.5,86.5,54.0,13.100436681222707,27,27,2.0
96,27,173,13.5,0.54,3.46,13.5,86.5,54.0,13.100436681222707,27,27,0.0
97,27,173,13.5,0.54,3.46,13.5,86.5,54.0,13.100436681222707,27,27,0.0
98,27,173,13.5,0.54,3.46,13.5,86.5,54.0,13.100436681222707,27,27,0.0
99,27,173,13.5,0.54,3.46,13.5,86.5,54.0,13.100436681222707,27,27,0.0
100,27,173,13.5,0.54,3.46,13.5,86.5,54.0,13.100436681222707,27,27,0.0
101,27,173,13.5,0.54,3.46,13.5,86.5,54.0,13.100436681222707,27,27,0.0
102,28,172,14.000000000000002,0.56,3.44,14.000000000000002,86.0,56.00000000000001,13.585638039786513,28,28,2.000000000000007
103,28,172,14.000000000000002,0.56,3.44,14.000000000000002,86.0,56.00000000000001,13.585638039786513,28,28,0.0
104,28,172,14.000000000000002,0.56,3.44,14.000000000000002,86.0,56.00000000000001,13.585638039786513,28,28,0.0
105,29,171,14.499999999999998,0.58,3.42,14.499999999999998,85.5,57.99999999999999,14.070839398350312,29,29,1.9999999999999858
106,29,171,14.499999999999998,0.58,3.42,14.499999999999998,85.5,57.99999999999999,14.070839398350312,29,29,0.0
107,29,171,14.499999999999998,0.58,3.42,14.499999999999998,85.5,57.99999999999999,14.070839398350312,29,29,0.0
108,29,171,14.499999999999998,0.58,3.42,14.499999999999998,85.5,57.99999999999999,14.070839398350312,29,29,0.0
109,29,171,14.499999999999998,0.58,3.42,14.499999999999998,85.5,57.99999999999999,14.070839398350312,30,29,0.0
110,29,171,14.499999999999998,0.58,3.42,14.499999999999998,85.5,57.99999999999999,14.070839398350312,30,29,0.0
111,29,171,14.499999999999998,0.58,3.42,14.499999999999998,85.5,57.99999999999999,14.070839398350312,30,29,0.0
112,29,171,14.499999999999998,0.58,3.42,14.499999999999998,85.5,57.99999999999999,14.070839398350312,30,29,0.0
113,29,171,14.499999999999998,0.58,3.42,14.499999999999998,85.5,57.99999999999999,14.070839398350312,30,29,0.0
114,29,171,14.499999999999998,0.58,3.42,14.499999999999998,85.5,57.99999999999999,14.070839398350312,30,29,0.0
115,30,170,15.0,0.6,3.4,15.0,85.0,60.0,14.55604075691412,31,30,2.000000000000007
116,30,170,15.0,0.6,3.4,15.0,85.0,60.0,14.55604075691412,31,30,0.0
117,30,170,15.0,0.6,3.4,15.0,85.0,60.0,14.55604075691412,31,30,0.0
118,30,170,15.0,0.6,3.4,15.0,85.0,60.0,14.55604075691412,31,30,0.0
119,30,170,15.0,0.6,3.4,15.0,85.0,60.0,14.55604075691412,31,30,0.0
120,30,170,15.0,0.6,3.4,15.0,85.0,60.0,14.55604075691412,31,30,0.0
121,30,170,15.0,0.6,3.4,15.0,85.0,60.0,14.55604075691412,31,30,0.0
122,30,170,15.0,0.6,3.4,15.0,85.0,60.0,14.55604075691412,31,30,0.0
123,30,170,15.0,0.6,3.4,15.0,85.0,60.0,14.55604075691412,31,30,0.0
124,30,170,15.0,0.6,3.4,15.0,85.0,60.0,14.55604075691412,31,30,0.0
125,30,170,15.0,0.6,3.4,15.0,85.0,60.0,14.55604075691412,31,30,0.0
126,31,169,15.5,0.62,3.38,15.5,84.5,62.0,15.041242115477923,32,31,2.0
127,31,169,15.5,0.62,3.38,15.5,84.5,62.0,15.041242115477923,32,31,0.0
128,31,169,15.5,0.62,3.38,15.5,84.5,62.0,15.041242115477923,32,31,0.0
129,31,169,15.5,0.62,3.38,15.5,84.5,62.0,15.041242115477923,32,31,0.0
130,32,168,16.0,0.64,3.36,16.0,84.0,64.0,15.526443474041729,33,32,2.0
131,32,168,16.0,0.64,3.36,16.0,84.0,64.0,15.526443474041729,33,32,0.0
132,32,168,16.0,0.64,3.36,16.0,84.0,64.0,15.526443474041729,33,32,0.0
133,32,168,16.0,0.64,3.36,16.0,84.0,64.0,15.526443474041729,33,32,0.0
134,32,168,16.0,0.64,3.36,16.0,84.0,64.0,15.526443474041729,33,32,0.0
135,32,168,16.0,0.64,3.36,16.0,84.0,64.0,15.526443474041729,33,32,0.0
136,32,168,16.0,0.64,3.36,16.0,84.0,64.0,15.526443474041729,33,32,0.0
137,32,168,16.0,0.64,3.36,16.0,84.0,64.0,15.526443474041729,33,32,0.0
138,32,168,16.0,0.64,3.36,16.0,84.0,64.0,15.526443474041729,33,32,0.0
139,32,168,16.0,0.64,3.36,16.0,84.0,64.0,15.526443474041729,33,32,0.0
140,34,166,17.0,0.68,3.32,17.0,83.0,68.0,16.496846191169336,35,34,4.0
141,34,166,17.0,0.68,3.32,17.0,83.0,68.0,16.496846191169336,35,34,0.0
142,35,165,17.5,0.7000000000000001,3.3,17.5,82.5,70.0,16.98204754973314,36,35,2.0
143,35,165,17.5,0.7000000000000001,3.3,17.5,82.5,70.0,16.98204754973314,36,35,0.0
144,35,165,17.5,0.7000000000000001,3.3,17.5,82.5,70.0,16.98204754973314,36,35,0.0
145,35,165,17.5,0.7000000000000001,3.3,17.5,82.5,70.0,16.98204754973314,36,35,0.0
146,35,165,17.5,0.7000000000000001,3.3,17.5,82.5,70.0,16.98204754973314,36,35,0.0
147,35,165,17.5,0.7000000000000001,3.3,17.5,82.5,70.0,16.98204754973314,36,35,0.0
148,35,165,17.5,0.7000000000000001,3.3,17.5,82.5,70.0,16.98204754973314,36,35,0.0
149,35,165,17.5,0.7000000000000001,3.3,17.5,82.5,70.0,16.98204754973314,36,35,0.0
150,36,164,18.0,0.72,3.2800000000000002,18.0,82.0,72.0,17.467248908296945,37,36,2.0
151,37,163,18.5,0.74,3.26,18.5,81.5,74.0,17.952450266860748,38,37,2.0
152,37,163,18.5,0.74,3.26,18.5,81.5,74.0,17.952450266860748,38,37,0.0
153,37,163,18.5,0.74,3.26,18.5,81.5,74.0,17.952450266860748,38,37,0.0
154,38,162,19.0,0.76,3.24,19.0,81.0,76.0,18.43765162542455,39,38,2.0
155,38,162,19.0,0.76,3.24,19.0,81.0,76.0,18.43765162542455,39,38,0.0
156,38,162,19.0,0.76,3.24,19.0,81.0,76.0,18.43765162542455,39,38,0.0
157,38,162,19.0,0.76,3.24,19.0,81.0,76.0,18.43765162542455,39,38,0.0
158,38,162,19.0,0.76,3.24,19.0,81.0,76.0,18.43765162542455,39,38,0.0
159,38,162,19.0,0.76,3.24,19.0,81.0,76.0,18.43765162542455,39,38,0.0
160,38,162,19.0,0.76,3.24,19.0,81.0,76.0,18.43765162542455,39,38,0.0
161,38,162,19.0,0.76,3.24,19.0,81.0,76.0,18.43765162542455,39,38,0.0
162,39,161,19.5,0.78,3.2199999999999998,19.5,80.49999999999999,78.0,18.922852983988356,40,39,2.0
163,39,161,19.5,0.78,3.2199999999999998,19.5,80.49999999999999,78.0,18.922852983988356,40,39,0.0
164,39,161,19.5,0.78,3.2199999999999998,19.5,80.49999999999999,78.0,18.922852983988356,40,39,0.0
165,39,161,19.5,0.78,3.2199999999999998,19.5,80.49999999999999,78.0,18.922852983988356,40,39,0.0
166,39,161,19.5,0.78,3.2199999999999998,19.5,80.49999999999999,78.0,18.922852983988356,40,39,0.0
167,39,161,19.5,0.78,3.2199999999999998,19.5,80.49999999999999,78.0,18.922852983988356,40,39,0.0
168,39,161,19.5,0.78,3.2199999999999998,19.5,80.49999999999999,78.0,18.922852983988356,40,39,0.0
169,39,161,19.5,0.78,3.2199999999999998,19.5,80.49999999999999,78.0,18.922852983988356,40,39,0.0
170,39,161,19.5,0.78,3.2199999999999998,19.5,80.49999999999999,78.0,18.922852983988356,40,39,0.0
171,39,161,19.5,0.78,3.2199999999999998,19.5,80.49999999999999,78.0,18.922852983988356,40,39,0.0
172,40,160,20.0,0.8,3.2,20.0,80.0,80.0,19.40805434255216,41,40,2.0
173,40,160,20.0,0.8,3.2,20.0,80.0,80.0,19.40805434255216,41,40,0.0
174,40,160,20.0,0.8,3.2,20.0,80.0,80.0,19.40805434255216,41,40,0.0
175,41,159,20.5,0.8200000000000001,3.1799999999999997,20.5,79.49999999999999,82.0,19.893255701115965,42,41,2.0
176,41,159,20.5,0.8200000000000001,3.1799999999999997,20.5,79.49999999999999,82.0,19.893255701115965,42,41,0.0
177,42,158,21.0,0.84,3.16,21.0,79.0,84.0,20.378457059679768,43,42,2.0
178,43,157,21.5,0.86,3.14,21.5,78.5,86.0,20.86365841824357,44,43,2.0
179,43,157,21.5,0.86,3.14,21.5,78.5,86.0,20.86365841824357,44,43,0.0
180,43,157,21.5,0.86,3.14,21.5,78.5,86.0,20.86365841824357,44,43,0.0
181,43,157,21.5,0.86,3.14,21.5,78.5,86.0,20.86365841824357,44,43,0.0
182,44,156,22.0,0.88,3.12,22.0,78.0,88.0,21.348859776807373,45,44,2.0
183,44,156,22.0,0.88,3.12,22.0,78.0,88.0,21.348859776807373,45,44,0.0
184,44,156,22.0,0.88,3.12,22.0,78.0,88.0,21.348859776807373,45,44,0.0
185,44,156,22.0,0.88,3.12,22.0,78.0,88.0,21.348859776807373,45,44,0.0
186,44,156,22.0,0.88,3.12,22.0,78.0,88.0,21.348859776807373,45,44,0.0
187,44,156,22.0,0.88,3.12,22.0,78.0,88.0,21.348859776807373,45,44,0.0
188,45,155,22.5,0.9,3.1,22.5,77.5,90.0,21.83406113537118,46,45,2.0
189,45,155,22.5,0.9,3.1,22.5,77.5,90.0,21.83406113537118,46,45,0.0
190,45,155,22.5,0.9,3.1,22.5,77.5,90.0,21.83406113537118,46,45,0.0
191,45,155,22.5,0.9,3.1,22.5,77.5,90.0,21.83406113537118,46,45,0.0
192,45,155,22.5,0.9,3.1,22.5,77.5,90.0,21.83406113537118,47,45,0.0
193,45,155,22.5,0.9,3.1,22.5,77.5,90.0,21.83406113537118,47,45,0.0
194,46,154,23.0,0.92,3.08,23.0,77.0,92.0,22.319262493934982,48,46,2.0
195,47,153,23.5,0.9400000000000001,3.06,23.5,76.5,94.0,22.804463852498788,49,47,2.0
196,47,153,23.5,0.9400000000000001,3.06,23.5,76.5,94.0,22.804463852498788,49,47,0.0
197,47,153,23.5,0.9400000000000001,3.06,23.5,76.5,94.0,22.804463852498788,49,47,0.0
198,47,153,23.5,0.9400000000000001,3.06,23.5,76.5,94.0,22.804463852498788,49,47,0.0
199,47,153,23.5,0.9400000000000001,3.06,23.5,76.5,94.0,22.804463852498788,49,47,0.0
200,47,153,23.5,0.9400000000000001,3.06,23.5,76.5,94.0,22.804463852498788,49,47,0.0
201,47,153,23.5,0.9400000000000001,3.06,23.5,76.5,94.0,22.804463852498788,49,47,0.0
202,47,153,23.5,0.9400000000000001,3.06,23.5,76.5,94.0,22.804463852498788,49,47,0.0
203,47,153,23.5,0.9400000000000001,3.06,23.5,76.5,94.0,22.804463852498788,49,47,0.0
204,47,153,23.5,0.9400000000000001,3.06,23.5,76.5,94.0,22.804463852498788,49,47,0.0
205,47,153,23.5,0.9400000000000001,3.06,23.5,76.5,94.0,22.804463852498788,49,47,0.0
206,47,153,23.5,0.9400000000000001,3.06,23.5,76.5,94.0,22.804463852498788,49,47,0.0
207,47,153,23.5,0.9400000000000001,3.06,23.5,76.5,94.0,22.804463852498788,49,47,0.0
208,47,153,23.5,0.9400000000000001,3.06,23.5,76.5,94.0,22.804463852498788,49,47,0.0
209,47,153,23.5,0.9400000000000001,3.06,23.5,76.5,94.0,22.804463852498788,49,47,0.0
210,47,153,23.5,0.9400000000000001,3.06,23.5,76.5,94.0,22.804463852498788,49,47,0.0
211,47,153,23.5,0.9400000000000001,3.06,23.5,76.5,94.0,22.804463852498788,49,47,0.0
212,47,153,23.5,0.9400000000000001,3.06,23.5,76.5,94.0,22.804463852498788,49,47,0.0
213,47,153,23.5,0.9400000000000001,3.06,23.5,76.5,94.0,22.804463852498788,49,47,0.0
214,48,152,24.0,0.96,3.04,24.0,76.0,96.0,23.28966521106259,50,48,2.0
215,48,152,24.0,0.96,3.04,24.0,76.0,96.0,23.28966521106259,50,48,0.0
216,48,152,24.0,0.96,3.04,24.0,76.0,96.0,23.28966521106259,50,48,0.0
217,48,152,24.0,0.96,3.04,24.0,76.0,96.0,23.28966521106259,50,48,0.0
218,48,152,24.0,0.96,3.04,24.0,76.0,96.0,23.28966521106259,50,48,0.0
219,48,152,24.0,0.96,3.04,24.0,76.0,96.0,23.28966521106259,50,48,0.0
220,48,152,24.0,0.96,3.04,24.0,76.0,96.0,23.28966521106259,50,48,0.0
221,48,152,24.0,0.96,3.04,24.0,76.0,96.0,23.28966521106259,50,48,0.0
222,49,151,24.5,0.98,3.02,24.5,75.5,98.0,23.774866569626397,51,49,2.0
223,50,150,25.0,1.0,3.0,25.0,75.0,100.0,24.2600679281902,52,50,2.0
224,50,150,25.0,1.0,3.0,25.0,75.0,100.0,24.2600679281902,52,50,0.0
225,50,150,25.0,1.0,3.0,25.0,75.0,100.0,24.2600679281902,52,50,0.0
226,50,150,25.0,1.0,3.0,25.0,75.0,100.0,24.2600679281902,52,50,0.0
227,50,150,25.0,1.0,3.0,25.0,75.0,100.0,24.2600679281902,52,50,0.0
228,50,150,25.0,1.0,3.0,25.0,75.0,100.0,24.2600679281902,52,50,0.0
229,50,150,25.0,1.0,3.0,25.0,75.0,100.0,24.2600679281902,52,50,0.0
230,50,150,25.0,1.0,3.0,25.0,75.0,100.0,24.2600679281902,52,50,0.0
231,51,149,25.5,1.02,2.98,25.5,74.5,102.0,24.745269286754006,53,51,2.0
232,51,149,25.5,1.02,2.98,25.5,74.5,102.0,24.745269286754006,53,51,0.0
233,52,148,26.0,1.04,2.96,26.0,74.0,104.0,25.23047064531781,54,52,2.0
234,52,148,26.0,1.04,2.96,26.0,74.0,104.0,25.23047064531781,54,52,0.0
235,52,148,26.0,1.04,2.96,26.0,74.0,104.0,25.23047064531781,54,52,0.0
236,52,148,26.0,1.04,2.96,26.0,74.0,104.0,25.23047064531781,54,52,0.0
237,53,147,26.5,1.06,2.94,26.5,73.5,106.0,25.71567200388161,55,53,2.0
238,53,147,26.5,1.06,2.94,26.5,73.5,106.0,25.71567200388161,55,53,0.0
239,53,147,26.5,1.06,2.94,26.5,73.5,106.0,25.71567200388161,55,53,0.0
240,53,147,26.5,1.06,2.94,26.5,73.5,106.0,25.71567200388161,55,53,0.0
241,53,147,26.5,1.06,2.94,26.5,73.5,106.0,25.71567200388161,55,53,0.0
242,54,146,27.0,1.08,2.92,27.0,73.0,108.0,26.200873362445414,56,54,2.0
243,54,146,27.0,1.08,2.92,27.0,73.0,108.0,26.200873362445414,56,54,0.0
244,54,146,27.0,1.08,2.92,27.0,73.0,108.0,26.200873362445414,56,54,0.0
245,54,146,27.0,1.08,2.92,27.0,73.0,108.0,26.200873362445414,56,54,0.0
246,54,146,27.0,1.08,2.92,27.0,73.0,108.0,26.200873362445414,56,54,0.0
247,54,146,27.0,1.08,2.92,27.0,73.0,108.0,26.200873362445414,56,54,0.0
248,54,146,27.0,1.08,2.92,27.0,73.0,108.0,26.200873362445414,56,54,0.0
249,54,146,27.0,1.08,2.92,27.0,73.0,108.0,26.200873362445414,56,54,0.0
250,54,146,27.0,1.08,2.92,27.0,73.0,108.0,26.200873362445414,56,54,0.0
251,54,146,27.0,1.08,2.92,27.0,73.0,108.0,26.200873362445414,56,54,0.0
252,54,146,27.0,1.08,2.92,27.0,73.0,108.0,26.200873362445414,56,54,0.0
253,54,146,27.0,1.08,2.92,27.0,73.0,108.0,26.200873362445414,56,54,0.0
254,54,146,27.0,1.08,2.92,27.0,73.0,108.0,26.200873362445414,56,54,0.0
255,54,146,27.0,1.08,2.92,27.0,73.0,108.0,26.200873362445414,56,54,0.0
256,54,146,27.0,1.08,2.92,27.0,73.0,108.0,26.200873362445414,56,54,0.0
257,54,146,27.0,1.08,2.92,27.0,73.0,108.0,26.200873362445414,56,54,0.0
258,54,146,27.0,1.08,2.92,27.0,73.0,108.0,26.200873362445414,56,54,0.0
259,54,146,27.0,1.08,2.92,27.0,73.0,108.0,26.200873362445414,56,54,0.0
260,54,146,27.0,1.08,2.92,27.0,73.0,108.0,26.200873362445414,56,54,0.0
261,54,146,27.0,1.08,2.92,27.0,73.0,108.0,26.200873362445414,56,54,0.0
262,54,146,27.0,1.08,2.92,27.0,73.0,108.0,26.200873362445414,56,54,0.0
263,54,146,27.0,1.08,2.92,27.0,73.0,108.0,26.200873362445414,56,54,0.0
264,54,146,27.0,1.08,2.92,27.0,73.0,108.0,26.200873362445414,56,54,0.0
265,54,146,27.0,1.08,2.92,27.0,73.0,108.0,26.200873362445414,56,54,0.0
266,54,146,27.0,1.08,2.92,27.0,73.0,108.0,26.200873362445414,56,54,0.0
267,54,146,27.0,1.08,2.92,27.0,73.0,108.0,26.200873362445414,56,54,0.0
268,54,146,27.0,1.08,2.92,27.0,73.0,108.0,26.200873362445414,56,54,0.0
269,54,146,27.0,1.08,2.92,27.0,73.0,108.0,26.200873362445414,56,54,0.0
270,54,146,27.0,1.08,2.92,27.0,73.0,108.0,26.200873362445414,56,54,0.0
271,54,146,27.0,1.08,2.92,27.0,73.0,108.0,26.200873362445414,56,54,0.0
272,54,146,27.0,1.08,2.92,27.0,73.0,108.0,26.200873362445414,56,54,0.0
273,55,145,27.500000000000004,1.1,2.9,27.5,72.5,110.0,26.686074721009216,57,55,2.0
274,55,145,27.500000000000004,1.1,2.9,27.5,72.5,110.0,26.686074721009216,57,55,0.0
275,55,145,27.500000000000004,1.1,2.9,27.5,72.5,110.0,26.686074721009216,57,55,0.0
276,55,145,27.500000000000004,1.1,2.9,27.5,72.5,110.0,26.686074721009216,57,55,0.0
277,55,145,27.500000000000004,1.1,2.9,27.5,72.5,110.0,26.686074721009216,57,55,0.0
278,55,145,27.500000000000004,1.1,2.9,27.5,72.5,110.0,26.686074721009216,57,55,0.0
279,55,145,27.500000000000004,1.1,2.9,27.5,72.5,110.0,26.686074721009216,57,55,0.0
280,56,144,28.000000000000004,1.12,2.88,28.000000000000004,72.0,112.00000000000001,27.171276079573026,58,56,2.000000000000014
281,56,144,28.000000000000004,1.12,2.88,28.000000000000004,72.0,112.00000000000001,27.171276079573026,58,56,0.0
282,56,144,28.000000000000004,1.12,2.88,28.000000000000004,72.0,112.00000000000001,27.171276079573026,58,56,0.0
283,56,144,28.000000000000004,1.12,2.88,28.000000000000004,72.0,112.00000000000001,27.171276079573026,58,56,0.0
284,57,143,28.499999999999996,1.1400000000000001,2.86,28.500000000000004,71.5,114.00000000000001,27.65647743813683,59,57,2.0
285,57,143,28.499999999999996,1.1400000000000001,2.86,28.500000000000004,71.5,114.00000000000001,27.65647743813683,59,57,0.0
286,58,142,28.999999999999996,1.16,2.84,28.999999999999996,71.0,115.99999999999999,28.141678796700624,60,58,1.9999999999999716
287,58,142,28.999999999999996,1.16,2.84,28.999999999999996,71.0,115.99999999999999,28.141678796700624,60,58,0.0
288,58,142,28.999999999999996,1.16,2.84,28.999999999999996,71.0,115.99999999999999,28.141678796700624,60,58,0.0
289,58,142,28.999999999999996,1.16,2.84,28.999999999999996,71.0,115.99999999999999,28.141678796700624,60,58,0.0
290,58,142,28.999999999999996,1.16,2.84,28.999999999999996,71.0,115.99999999999999,28.141678796700624,60,58,0.0
291,58,142,28.999999999999996,1.16,2.84,28.999999999999996,71.0,115.99999999999999,28.141678796700624,60,58,0.0
292,58,142,28.999999999999996,1.16,2.84,28.999999999999996,71.0,115.99999999999999,28.141678796700624,60,58,0.0
293,58,142,28.999999999999996,1.16,2.84,28.999999999999996,71.0,115.99999999999999,28.141678796700624,60,58,0.0
294,58,142,28.999999999999996,1.16,2.84,28.999999999999996,71.0,115.99999999999999,28.141678796700624,60,58,0.0
295,58,142,28.999999999999996,1.16,2.84,28.999999999999996,71.0,115.99999999999999,28.141678796700624,60,58,0.0
296,58,142,28.999999999999996,1.16,2.84,28.999999999999996,71.0,115.99999999999999,28.141678796700624,60,58,0.0
297,58,142,28.999999999999996,1.16,2.84,28.999999999999996,71.0,115.99999999999999,28.141678796700624,60,58,0.0
298,60,140,30.0,1.2,2.8,30.0,70.0,120.0,29.11208151382824,62,60,4.000000000000014
299,60,140,30.0,1.2,2.8,30.0,70.0,120.0,29.11208151382824,62,60,0.0
300,60,140,30.0,1.2,2.8,30.0,70.0,120.0,29.11208151382824,62,60,0.0
301,60,140,30.0,1.2,2.8,30.0,70.0,120.0,29.11208151382824,62,60,0.0
302,60,140,30.0,1.2,2.8,30.0,70.0,120.0,29.11208151382824,62,60,0.0
303,60,140,30.0,1.2,2.8,30.0,70.0,120.0,29.11208151382824,62,60,0.0
304,60,140,30.0,1.2,2.8,30.0,70.0,120.0,29.11208151382824,62,60,0.0
305,60,140,30.0,1.2,2.8,30.0,70.0,120.0,29.11208151382824,62,60,0.0
306,60,140,30.0,1.2,2.8,30.0,70.0,120.0,29.11208151382824,62,60,0.0
307,60,140,30.0,1.2,2.8,30.0,70.0,120.0,29.11208151382824,62,60,0.0
308,60,140,30.0,1.2,2.8,30.0,70.0,120.0,29.11208151382824,62,60,0.0
309,61,139,30.5,1.22,2.7800000000000002,30.5,69.5,122.0,29.597282872392043,63,61,2.0
310,61,139,30.5,1.22,2.7800000000000002,30.5,69.5,122.0,29.597282872392043,63,61,0.0
311,61,139,30.5,1.22,2.7800000000000002,30.5,69.5,122.0,29.597282872392043,63,61,0.0
312,63,137,31.5,1.26,2.74,31.5,68.5,126.0,30.567685589519648,65,63,4.0
313,63,137,31.5,1.26,2.74,31.5,68.5,126.0,30.567685589519648,65,63,0.0
314,63,137,31.5,1.26,2.74,31.5,68.5,126.0,30.567685589519648,65,63,0.0
315,63,137,31.5,1.26,2.74,31.5,68.5,126.0,30.567685589519648,65,63,0.0
316,63,137,31.5,1.26,2.74,31.5,68.5,126.0,30.567685589519648,65,63,0.0
317,63,137,31.5,1.26,2.74,31.5,68.5,126.0,30.567685589519648,65,63,0.0
318,63,137,31.5,1.26,2.74,31.5,68.5,126.0,30.567685589519648,65,63,0.0
319,63,137,31.5,1.26,2.74,31.5,68.5,126.0,30.567685589519648,65,63,0.0
320,63,137,31.5,1.26,2.74,31.5,68.5,126.0,30.567685589519648,65,63,0.0
321,63,137,31.5,1.26,2.74,31.5,68.5,126.0,30.567685589519648,65,63,0.0
322,63,137,31.5,1.26,2.74,31.5,68.5,126.0,30.567685589519648,65,63,0.0
323,63,137,31.5,1.26,2.74,31.5,68.5,126.0,30.567685589519648,65,63,0.0
324,63,137,31.5,1.26,2.74,31.5,68.5,126.0,30.567685589519648,65,63,0.0
325,63,137,31.5,1.26,2.74,31.5,68.5,126.0,30.567685589519648,65,63,0.0
326,63,137,31.5,1.26,2.74,31.5,68.5,126.0,30.567685589519648,65,63,0.0
327,63,137,31.5,1.26,2.74,31.5,68.5,126.0,30.567685589519648,65,63,0.0
328,63,137,31.5,1.26,2.74,31.5,68.5,126.0,30.567685589519648,65,63,0.0
329,63,137,31.5,1.26,2.74,31.5,68.5,126.0,30.567685589519648,65,63,0.0
330,63,137,31.5,1.26,2.74,31.5,68.5,126.0,30.567685589519648,65,63,0.0
331,64,136,32.0,1.28,2.7199999999999998,32.0,67.99999999999999,128.0,31.052886948083458,66,64,2.0
332,64,136,32.0,1.28,2.7199999999999998,32.0,67.99999999999999,128.0,31.052886948083458,66,64,0.0
333,64,136,32.0,1.28,2.7199999999999998,32.0,67.99999999999999,128.0,31.052886948083458,66,64,0.0
334,64,136,32.0,1.28,2.7199999999999998,32.0,67.99999999999999,128.0,31.052886948083458,66,64,0.0
335,65,135,32.5,1.3,2.7,32.5,67.5,130.0,31.53808830664726,67,65,2.0
336,65,135,32.5,1.3,2.7,32.5,67.5,130.0,31.53808830664726,67,65,0.0
337,65,135,32.5,1.3,2.7,32.5,67.5,130.0,31.53808830664726,67,65,0.0
338,65,135,32.5,1.3,2.7,32.5,67.5,130.0,31.53808830664726,67,65,0.0
339,65,135,32.5,1.3,2.7,32.5,67.5,130.0,31.53808830664726,67,65,0.0
340,65,135,32.5,1.3,2.7,32.5,67.5,130.0,31.53808830664726,67,65,0.0
341,65,135,32.5,1.3,2.7,32.5,67.5,130.0,31.53808830664726,67,65,0.0
342,65,135,32.5,1.3,2.7,32.5,67.5,130.0,31.53808830664726,67,65,0.0
343,65,135,32.5,1.3,2.7,32.5,67.5,130.0,31.53808830664726,67,65,0.0
344,65,135,32.5,1.3,2.7,32.5,67.5,130.0,31.53808830664726,67,65,0.0
345,65,135,32.5,1.3,2.7,32.5,67.5,130.0,31.53808830664726,67,65,0.0
346,65,135,32.5,1.3,2.7,32.5,67.5,130.0,31.53808830664726,67,65,0.0
347,66,134,33.0,1.32,2.6799999999999997,33.0,66.99999999999999,132.0,32.02328966521107,68,66,2.0
348,66,134,33.0,1.32,2.6799999999999997,33.0,66.99999999999999,132.0,32.02328966521107,68,66,0.0
349,66,134,33.0,1.32,2.6799999999999997,33.0,66.99999999999999,132.0,32.02328966521107,68,66,0.0
350,66,134,33.0,1.32,2.6799999999999997,33.0,66.99999999999999,132.0,32.02328966521107,68,66,0.0
351,66,134,33.0,1.32,2.6799999999999997,33.0,66.99999999999999,132.0,32.02328966521107,68,66,0.0
352,66,134,33.0,1.32,2.6799999999999997,33.0,66.99999999999999,132.0,32.02328966521107,68,66,0.0
353,66,134,33.0,1.32,2.6799999999999997,33.0,66.99999999999999,132.0,32.02328966521107,68,66,0.0
354,66,134,33.0,1.32,2.6799999999999997,33.0,66.99999999999999,132.0,32.02328966521107,68,66,0.0
355,66,134,33.0,1.32,2.6799999999999997,33.0,66.99999999999999,132.0,32.02328966521107,68,66,0.0
356,66,134,33.0,1.32,2.6799999999999997,33.0,66.99999999999999,132.0,32.02328966521107,68,66,0.0
357,66,134,33.0,1.32,2.6799999999999997,33.0,66.99999999999999,132.0,32.02328966521107,68,66,0.0
358,66,134,33.0,1.32,2.6799999999999997,33.0,66.99999999999999,132.0,32.02328966521107,68,66,0.0
359,66,134,33.0,1.32,2.6799999999999997,33.0,66.99999999999999,132.0,32.02328966521107,68,66,0.0
360,66,134,33.0,1.32,2.6799999999999997,33.0,66.99999999999999,132.0,32.02328966521107,68,66,0.0
361,66,134,33.0,1.32,2.6799999999999997,33.0,66.99999999999999,132.0,32.02328966521107,68,66,0.0
362,66,134,33.0,1.32,2.6799999999999997,33.0,66.99999999999999,132.0,32.02328966521107,68,66,0.0
363,66,134,33.0,1.32,2.6799999999999997,33.0,66.99999999999999,132.0,32.02328966521107,68,66,0.0
364,66,134,33.0,1.32,2.6799999999999997,33.0,66.99999999999999,132.0,32.02328966521107,68,66,0.0
365,66,134,33.0,1.32,2.6799999999999997,33.0,66.99999999999999,132.0,32.02328966521107,68,66,0.0
366,66,134,33.0,1.32,2.6799999999999997,33.0,66.99999999999999,132.0,32.02328966521107,68,66,0.0
367,67,133,33.5,1.34,2.66,33.5,66.5,134.0,32.508491023774866,69,67,2.0
368,67,133,33.5,1.34,2.66,33.5,66.5,134.0,32.508491023774866,69,67,0.0
369,67,133,33.5,1.34,2.66,33.5,66.5,134.0,32.508491023774866,69,67,0.0
370,68,132,34.0,1.36,2.6399999999999997,34.0,65.99999999999999,136.0,32.99369238233867,70,68,2.0
371,68,132,34.0,1.36,2.6399999999999997,34.0,65.99999999999999,136.0,32.99369238233867,70,68,0.0
372,68,132,34.0,1.36,2.6399999999999997,34.0,65.99999999999999,136.0,32.99369238233867,70,68,0.0
373,68,132,34.0,1.36,2.6399999999999997,34.0,65.99999999999999,136.0,32.99369238233867,71,68,0.0
374,68,132,34.0,1.36,2.6399999999999997,34.0,65.99999999999999,136.0,32.99369238233867,71,68,0.0
375,68,132,34.0,1.36,2.6399999999999997,34.0,65.99999999999999,136.0,32.99369238233867,71,68,0.0
376,68,132,34.0,1.36,2.6399999999999997,34.0,65.99999999999999,136.0,32.99369238233867,71,68,0.0
377,68,132,34.0,1.36,2.6399999999999997,34.0,65.99999999999999,136.0,32.99369238233867,71,68,0.0
378,69,131,34.5,1.3800000000000001,2.62,34.5,65.5,138.0,33.47889374090248,72,69,2.0
379,69,131,34.5,1.3800000000000001,2.62,34.5,65.5,138.0,33.47889374090248,72,69,0.0
380,69,131,34.5,1.3800000000000001,2.62,34.5,65.5,138.0,33.47889374090248,72,69,0.0
381,69,131,34.5,1.3800000000000001,2.62,34.5,65.5,138.0,33.47889374090248,72,69,0.0
382,69,131,34.5,1.3800000000000001,2.62,34.5,65.5,138.0,33.47889374090248,72,69,0.0
383,69,131,34.5,1.3800000000000001,2.62,34.5,65.5,138.0,33.47889374090248,72,69,0.0
384,69,131,34.5,1.3800000000000001,2.62,34.5,65.5,138.0,33.47889374090248,72,69,0.0
385,70,130,35.0,1.4000000000000001,2.5999999999999996,35.0,64.99999999999999,140.0,33.96409509946628,73,70,2.0
386,70,130,35.0,1.4000000000000001,2.5999999999999996,35.0,64.99999999999999,140.0,33.96409509946628,73,70,0.0
387,70,130,35.0,1.4000000000000001,2.5999999999999996,35.0,64.99999999999999,140.0,33.96409509946628,73,70,0.0
388,70,130,35.0,1.4000000000000001,2.5999999999999996,35.0,64.99999999999999,140.0,33.96409509946628,73,70,0.0
389,70,130,35.0,1.4000000000000001,2.5999999999999996,35.0,64.99999999999999,140.0,33.96409509946628,73,70,0.0
390,70,130,35.0,1.4000000000000001,2.5999999999999996,35.0,64.99999999999999,140.0,33.96409509946628,73,70,0.0
391,71,129,35.5,1.42,2.58,35.5,64.5,142.0,34.449296458030084,74,71,2.0
392,71,129,35.5,1.42,2.58,35.5,64.5,142.0,34.449296458030084,74,71,0.0
393,71,129,35.5,1.42,2.58,35.5,64.5,142.0,34.449296458030084,74,71,0.0
394,71,129,35.5,1.42,2.58,35.5,64.5,142.0,34.449296458030084,74,71,0.0
395,72,128,36.0,1.44,2.56,36.0,64.0,144.0,34.93449781659389,75,72,2.0
396,72,128,36.0,1.44,2.56,36.0,64.0,144.0,34.93449781659389,75,72,0.0
397,72,128,36.0,1.44,2.56,36.0,64.0,144.0,34.93449781659389,75,72,0.0
398,72,128,36.0,1.44,2.56,36.0,64.0,144.0,34.93449781659389,75,72,0.0
399,72,128,36.0,1.44,2.56,36.0,64.0,144.0,34.93449781659389,75,72,0.0
400,72,128,36.0,1.44,2.56,36.0,64.0,144.0,34.93449781659389,75,72,0.0
401,72,128,36.0,1.44,2.56,36.0,64.0,144.0,34.93449781659389,75,72,0.0
402,72,128,36.0,1.44,2.56,36.0,64.0,144.0,34.93449781659389,75,72,0.0
403,72,128,36.0,1.44,2.56,36.0,64.0,144.0,34.93449781659389,75,72,0.0
404,72,128,36.0,1.44,2.56,36.0,64.0,144.0,34.93449781659389,75,72,0.0
405,72,128,36.0,1.44,2.56,36.0,64.0,144.0,34.93449781659389,75,72,0.0
406,72,128,36.0,1.44,2.56,36.0,64.0,144.0,34.93449781659389,75,72,0.0
407,72,128,36.0,1.44,2.56,36.0,64.0,144.0,34.93449781659389,75,72,0.0
408,72,128,36.0,1.44,2.56,36.0,64.0,144.0,34.93449781659389,75,72,0.0
409,72,128,36.0,1.44,2.56,36.0,64.0,144.0,34.93449781659389,75,72,0.0
410,72,128,36.0,1.44,2.56,36.0,64.0,144.0,34.93449781659389,75,72,0.0
411,72,128,36.0,1.44,2.56,36.0,64.0,144.0,34.93449781659389,75,72,0.0
412,72,128,36.0,1.44,2.56,36.0,64.0,144.0,34.93449781659389,75,72,0.0
413,72,128,36.0,1.44,2.56,36.0,64.0,144.0,34.93449781659389,75,72,0.0
414,72,128,36.0,1.44,2.56,36.0,64.0,144.0,34.93449781659389,75,72,0.0
415,72,128,36.0,1.44,2.56,36.0,64.0,144.0,34.93449781659389,75,72,0.0
416,72,128,36.0,1.44,2.56,36.0,64.0,144.0,34.93449781659389,75,72,0.0
417,72,128,36.0,1.44,2.56,36.0,64.0,144.0,34.93449781659389,75,72,0.0
418,72,128,36.0,1.44,2.56,36.0,64.0,144.0,34.93449781659389,75,72,0.0
419,72,128,36.0,1.44,2.56,36.0,64.0,144.0,34.93449781659389,75,72,0.0
420,72,128,36.0,1.44,2.56,36.0,64.0,144.0,34.93449781659389,75,72,0.0
421,72,128,36.0,1.44,2.56,36.0,64.0,144.0,34.93449781659389,75,72,0.0
422,72,128,36.0,1.44,2.56,36.0,64.0,144.0,34.93449781659389,75,72,0.0
423,72,128,36.0,1.44,2.56,36.0,64.0,144.0,34.93449781659389,75,72,0.0
424,72,128,36.0,1.44,2.56,36.0,64.0,144.0,34.93449781659389,75,72,0.0
425,72,128,36.0,1.44,2.56,36.0,64.0,144.0,34.93449781659389,75,72,0.0
426,73,127,36.5,1.46,2.54,36.5,63.5,146.0,35.419699175157696,76,73,2.0
427,73,127,36.5,1.46,2.54,36.5,63.5,146.0,35.419699175157696,76,73,0.0
428,73,127,36.5,1.46,2.54,36.5,63.5,146.0,35.419699175157696,76,73,0.0
429,73,127,36.5,1.46,2.54,36.5,63.5,146.0,35.419699175157696,76,73,0.0
430,74,126,37.0,1.48,2.52,37.0,63.0,148.0,35.904900533721495,77,74,2.0
431,74,126,37.0,1.48,2.52,37.0,63.0,148.0,35.904900533721495,77,74,0.0
432,74,126,37.0,1.48,2.52,37.0,63.0,148.0,35.904900533721495,77,74,0.0
433,74,126,37.0,1.48,2.52,37.0,63.0,148.0,35.904900533721495,77,74,0.0
434,74,126,37.0,1.48,2.52,37.0,63.0,148.0,35.904900533721495,77,74,0.0
435,74,126,37.0,1.48,2.52,37.0,63.0,148.0,35.904900533721495,77,74,0.0
436,74,126,37.0,1.48,2.52,37.0,63.0,148.0,35.904900533721495,77,74,0.0
437,74,126,37.0,1.48,2.52,37.0,63.0,148.0,35.904900533721495,77,74,0.0
438,74,126,37.0,1.48,2.52,37.0,63.0,148.0,35.904900533721495,77,74,0.0
439,74,126,37.0,1.48,2.52,37.0,63.0,148.0,35.904900533721495,77,74,0.0
440,74,126,37.0,1.48,2.52,37.0,63.0,148.0,35.904900533721495,77,74,0.0
441,74,126,37.0,1.48,2.52,37.0,63.0,148.0,35.904900533721495,77,74,0.0
442,74,126,37.0,1.48,2.52,37.0,63.0,148.0,35.904900533721495,77,74,0.0
443,75,125,37.5,1.5,2.5,37.5,62.5,150.0,36.3901018922853,78,75,2.0
444,75,125,37.5,1.5,2.5,37.5,62.5,150.0,36.3901018922853,78,75,0.0
445,75,125,37.5,1.5,2.5,37.5,62.5,150.0,36.3901018922853,78,75,0.0
446,75,125,37.5,1.5,2.5,37.5,62.5,150.0,36.3901018922853,78,75,0.0
447,75,125,37.5,1.5,2.5,37.5,62.5,150.0,36.3901018922853,78,75,0.0
448,75,125,37.5,1.5,2.5,37.5,62.5,150.0,36.3901018922853,78,75,0.0
449,75,125,37.5,1.5,2.5,37.5,62.5,150.0,36.3901018922853,78,75,0.0
450,75,125,37.5,1.5,2.5,37.5,62.5,150.0,36.3901018922853,78,75,0.0
451,75,125,37.5,1.5,2.5,37.5,62.5,150.0,36.3901018922853,78,75,0.0
452,75,125,37.5,1.5,2.5,37.5,62.5,150.0,36.3901018922853,78,75,0.0
453,75,125,37.5,1.5,2.5,37.5,62.5,150.0,36.3901018922853,78,75,0.0
454,75,125,37.5,1.5,2.5,37.5,62.5,150.0,36.3901018922853,78,75,0.0
455,75,125,37.5,1.5,2.5,37.5,62.5,150.0,36.3901018922853,78,75,0.0
456,75,125,37.5,1.5,2.5,37.5,62.5,150.0,36.3901018922853,78,75,0.0
457,75,125,37.5,1.5,2.5,37.5,62.5,150.0,36.3901018922853,78,75,0.0
458,75,125,37.5,1.5,2.5,37.5,62.5,150.0,36.3901018922853,78,75,0.0
459,75,125,37.5,1.5,2.5,37.5,62.5,150.0,36.3901018922853,78,75,0.0
460,76,124,38.0,1.52,2.48,38.0,62.0,152.0,36.8753032508491,79,76,2.0
461,76,124,38.0,1.52,2.48,38.0,62.0,152.0,36.8753032508491,79,76,0.0
462,76,124,38.0,1.52,2.48,38.0,62.0,152.0,36.8753032508491,79,76,0.0
463,76,124,38.0,1.52,2.48,38.0,62.0,152.0,36.8753032508491,79,76,0.0
464,76,124,38.0,1.52,2.48,38.0,62.0,152.0,36.8753032508491,79,76,0.0
465,76,124,38.0,1.52,2.48,38.0,62.0,152.0,36.8753032508491,79,76,0.0
466,76,124,38.0,1.52,2.48,38.0,62.0,152.0,36.8753032508491,79,76,0.0
467,76,124,38.0,1.52,2.48,38.0,62.0,152.0,36.8753032508491,79,76,0.0
468,76,124,38.0,1.52,2.48,38.0,62.0,152.0,36.8753032508491,79,76,0.0
469,76,124,38.0,1.52,2.48,38.0,62.0,152.0,36.8753032508491,79,76,0.0
470,76,124,38.0,1.52,2.48,38.0,62.0,152.0,36.8753032508491,79,76,0.0
471,76,124,38.0,1.52,2.48,38.0,62.0,152.0,36.8753032508491,79,76,0.0
472,76,124,38.0,1.52,2.48,38.0,62.0,152.0,36.8753032508491,79,76,0.0
473,76,124,38.0,1.52,2.48,38.0,62.0,152.0,36.8753032508491,79,76,0.0
474,76,124,38.0,1.52,2.48,38.0,62.0,152.0,36.8753032508491,79,76,0.0
475,76,124,38.0,1.52,2.48,38.0,62.0,152.0,36.8753032508491,79,76,0.0
476,76,124,38.0,1.52,2.48,38.0,62.0,152.0,36.8753032508491,79,76,0.0
477,76,124,38.0,1.52,2.48,38.0,62.0,152.0,36.8753032508491,79,76,0.0
478,76,124,38.0,1.52,2.48,38.0,62.0,152.0,36.8753032508491,79,76,0.0
479,76,124,38.0,1.52,2.48,38.0,62.0,152.0,36.8753032508491,79,76,0.0
480,76,124,38.0,1.52,2.48,38.0,62.0,152.0,36.8753032508491,79,76,0.0
481,76,124,38.0,1.52,2.48,38.0,62.0,152.0,36.8753032508491,79,76,0.0
482,76,124,38.0,1.52,2.48,38.0,62.0,152.0,36.8753032508491,79,76,0.0
483,76,124,38.0,1.52,2.48,38.0,62.0,152.0,36.8753032508491,79,76,0.0
484,76,124,38.0,1.52,2.48,38.0,62.0,152.0,36.8753032508491,79,76,0.0
485,76,124,38.0,1.52,2.48,38.0,62.0,152.0,36.8753032508491,79,76,0.0
486,77,123,38.5,1.54,2.46,38.5,61.5,154.0,37.36050460941291,80,77,2.0
487,77,123,38.5,1.54,2.46,38.5,61.5,154.0,37.36050460941291,80,77,0.0
488,77,123,38.5,1.54,2.46,38.5,61.5,154.0,37.36050460941291,80,77,0.0
489,77,123,38.5,1.54,2.46,38.5,61.5,154.0,37.36050460941291,80,77,0.0
490,77,123,38.5,1.54,2.46,38.5,61.5,154.0,37.36050460941291,80,77,0.0
491,77,123,38.5,1.54,2.46,38.5,61.5,154.0,37.36050460941291,80,77,0.0
492,77,123,38.5,1.54,2.46,38.5,61.5,154.0,37.36050460941291,80,77,0.0
493,77,123,38.5,1.54,2.46,38.5,61.5,154.0,37.36050460941291,80,77,0.0
494,77,123,38.5,1.54,2.46,38.5,61.5,154.0,37.36050460941291,80,77,0.0
495,77,123,38.5,1.54,2.46,38.5,61.5,154.0,37.36050460941291,80,77,0.0
496,77,123,38.5,1.54,2.46,38.5,61.5,154.0,37.36050460941291,80,77,0.0
497,77,123,38.5,1.54,2.46,38.5,61.5,154.0,37.36050460941291,80,77,0.0
498,78,122,39.0,1.56,2.44,39.0,61.0,156.0,37.84570596797671,81,78,2.0
499,78,122,39.0,1.56,2.44,39.0,61.0,156.0,37.84570596797671,81,78,0.0
500,78,122,39.0,1.56,2.44,39.0,61.0,156.0,37.84570596797671,81,78,0.0
501,78,122,39.0,1.56,2.44,39.0,61.0,156.0,37.84570596797671,81,78,0.0
502,78,122,39.0,1.56,2.44,39.0,61.0,156.0,37.84570596797671,81,78,0.0
503,78,122,39.0,1.56,2.44,39.0,61.0,156.0,37.84570596797671,81,78,0.0
504,78,122,39.0,1.56,2.44,39.0,61.0,156.0,37.84570596797671,81,78,0.0
505,78,122,39.0,1.56,2.44,39.0,61.0,156.0,37.84570596797671,81,78,0.0
506,78,122,39.0,1.56,2.44,39.0,61.0,156.0,37.84570596797671,81,78,0.0
507,78,122,39.0,1.56,2.44,39.0,61.0,156.0,37.84570596797671,81,78,0.0
508,78,122,39.0,1.56,2.44,39.0,61.0,156.0,37.84570596797671,81,78,0.0
509,78,122,39.0,1.56,2.44,39.0,61.0,156.0,37.84570596797671,81,78,0.0
510,78,122,39.0,1.56,2.44,39.0,61.0,156.0,37.84570596797671,81,78,0.0
511,78,122,39.0,1.56,2.44,39.0,61.0,156.0,37.84570596797671,81,78,0.0
512,78,122,39.0,1.56,2.44,39.0,61.0,156.0,37.84570596797671,81,78,0.0
513,78,122,39.0,1.56,2.44,39.0,61.0,156.0,37.84570596797671,81,78,0.0
514,78,122,39.0,1.56,2.44,39.0,61.0,156.0,37.84570596797671,81,78,0.0
515,78,122,39.0,1.56,2.44,39.0,61.0,156.0,37.84570596797671,81,78,0.0
516,78,122,39.0,1.56,2.44,39.0,61.0,156.0,37.84570596797671,81,78,0.0
517,78,122,39.0,1.56,2.44,39.0,61.0,156.0,37.84570596797671,81,78,0.0
518,78,122,39.0,1.56,2.44,39.0,61.0,156.0,37.84570596797671,81,78,0.0
519,78,122,39.0,1.56,2.44,39.0,61.0,156.0,37.84570596797671,81,78,0.0
520,78,122,39.0,1.56,2.44,39.0,61.0,156.0,37.84570596797671,81,78,0.0
521,78,122,39.0,1.56,2.44,39.0,61.0,156.0,37.84570596797671,81,78,0.0
522,78,122,39.0,1.56,2.44,39.0,61.0,156.0,37.84570596797671,81,78,0.0
523,78,122,39.0,1.56,2.44,39.0,61.0,156.0,37.84570596797671,81,78,0.0
524,78,122,39.0,1.56,2.44,39.0,61.0,156.0,37.84570596797671,81,78,0.0
525,78,122,39.0,1.56,2.44,39.0,61.0,156.0,37.84570596797671,81,78,0.0
526,78,122,39.0,1.56,2.44,39.0,61.0,156.0,37.84570596797671,81,78,0.0
527,78,122,39.0,1.56,2.44,39.0,61.0,156.0,37.84570596797671,81,78,0.0
528,78,122,39.0,1.56,2.44,39.0,61.0,156.0,37.84570596797671,81,78,0.0
529,78,122,39.0,1.56,2.44,39.0,61.0,156.0,37.84570596797671,81,78,0.0
530,78,122,39.0,1.56,2.44,39.0,61.0,156.0,37.84570596797671,81,78,0.0
531,78,122,39.0,1.56,2.44,39.0,61.0,156.0,37.84570596797671,81,78,0.0
532,78,122,39.0,1.56,2.44,39.0,61.0,156.0,37.84570596797671,81,78,0.0
533,78,122,39.0,1.56,2.44,39.0,61.0,156.0,37.84570596797671,81,78,0.0
534,78,122,39.0,1.56,2.44,39.0,61.0,156.0,37.84570596797671,81,78,0.0
535,78,122,39.0,1.56,2.44,39.0,61.0,156.0,37.84570596797671,81,78,0.0
536,78,122,39.0,1.56,2.44,39.0,61.0,156.0,37.84570596797671,81,78,0.0
537,78,122,39.0,1.56,2.44,39.0,61.0,156.0,37.84570596797671,81,78,0.0
538,78,122,39.0,1.56,2.44,39.0,61.0,156.0,37.84570596797671,81,78,0.0
539,78,122,39.0,1.56,2.44,39.0,61.0,156.0,37.84570596797671,81,78,0.0
540,78,122,39.0,1.56,2.44,39.0,61.0,156.0,37.84570596797671,81,78,0.0
541,78,122,39.0,1.56,2.44,39.0,61.0,156.0,37.84570596797671,81,78,0.0
542,78,122,39.0,1.56,2.44,39.0,61.0,156.0,37.84570596797671,81,78,0.0
543,78,122,39.0,1.56,2.44,39.0,61.0,156.0,37.84570596797671,81,78,0.0
544,78,122,39.0,1.56,2.44,39.0,61.0,156.0,37.84570596797671,81,78,0.0
545,78,122,39.0,1.56,2.44,39.0,61.0,156.0,37.84570596797671,82,78,0.0
546,78,122,39.0,1.56,2.44,39.0,61.0,156.0,37.84570596797671,82,78,0.0
547,79,121,39.5,1.58,2.42,39.5,60.5,158.0,38.33090732654051,83,79,2.0
548,79,121,39.5,1.58,2.42,39.5,60.5,158.0,38.33090732654051,83,79,0.0
549,79,121,39.5,1.58,2.42,39.5,60.5,158.0,38.33090732654051,83,79,0.0
550,79,121,39.5,1.58,2.42,39.5,60.5,158.0,38.33090732654051,83,79,0.0
551,79,121,39.5,1.58,2.42,39.5,60.5,158.0,38.33090732654051,83,79,0.0
552,79,121,39.5,1.58,2.42,39.5,60.5,158.0,38.33090732654051,83,79,0.0
553,79,121,39.5,1.58,2.42,39.5,60.5,158.0,38.33090732654051,83,79,0.0
554,79,121,39.5,1.58,2.42,39.5,60.5,158.0,38.33090732654051,83,79,0.0
555,80,120,40.0,1.6,2.4,40.0,60.0,160.0,38.81610868510432,84,80,2.0
556,80,120,40.0,1.6,2.4,40.0,60.0,160.0,38.81610868510432,84,80,0.0
557,80,120,40.0,1.6,2.4,40.0,60.0,160.0,38.81610868510432,84,80,0.0
558,80,120,40.0,1.6,2.4,40.0,60.0,160.0,38.81610868510432,84,80,0.0
559,80,120,40.0,1.6,2.4,40.0,60.0,160.0,38.81610868510432,84,80,0.0
560,80,120,40.0,1.6,2.4,40.0,60.0,160.0,38.81610868510432,84,80,0.0
561,81,119,40.5,1.62,2.38,40.5,59.49999999999999,162.0,39.301310043668124,85,81,2.0
562,81,119,40.5,1.62,2.38,40.5,59.49999999999999,162.0,39.301310043668124,85,81,0.0
563,81,119,40.5,1.62,2.38,40.5,59.49999999999999,162.0,39.301310043668124,85,81,0.0
564,81,119,40.5,1.62,2.38,40.5,59.49999999999999,162.0,39.301310043668124,85,81,0.0
565,81,119,40.5,1.62,2.38,40.5,59.49999999999999,162.0,39.301310043668124,85,81,0.0
566,81,119,40.5,1.62,2.38,40.5,59.49999999999999,162.0,39.301310043668124,85,81,0.0
567,81,119,40.5,1.62,2.38,40.5,59.49999999999999,162.0,39.301310043668124,85,81,0.0
568,81,119,40.5,1.62,2.38,40.5,59.49999999999999,162.0,39.301310043668124,85,81,0.0
569,81,119,40.5,1.62,2.38,40.5,59.49999999999999,162.0,39.301310043668124,85,81,0.0
570,81,119,40.5,1.62,2.38,40.5,59.49999999999999,162.0,39.301310043668124,85,81,0.0
571,81,119,40.5,1.62,2.38,40.5,59.49999999999999,162.0,39.301310043668124,85,81,0.0
572,81,119,40.5,1.62,2.38,40.5,59.49999999999999,162.0,39.301310043668124,85,81,0.0
573,81,119,40.5,1.62,2.38,40.5,59.49999999999999,162.0,39.301310043668124,85,81,0.0
574,81,119,40.5,1.62,2.38,40.5,59.49999999999999,162.0,39.301310043668124,85,81,0.0
575,81,119,40.5,1.62,2.38,40.5,59.49999999999999,162.0,39.301310043668124,85,81,0.0
576,81,119,40.5,1.62,2.38,40.5,59.49999999999999,162.0,39.301310043668124,85,81,0.0
577,81,119,40.5,1.62,2.38,40.5,59.49999999999999,162.0,39.301310043668124,85,81,0.0
578,81,119,40.5,1.62,2.38,40.5,59.49999999999999,162.0,39.301310043668124,85,81,0.0
579,81,119,40.5,1.62,2.38,40.5,59.49999999999999,162.0,39.301310043668124,85,81,0.0
580,81,119,40.5,1.62,2.38,40.5,59.49999999999999,162.0,39.301310043668124,85,81,0.0
581,81,119,40.5,1.62,2.38,40.5,59.49999999999999,162.0,39.301310043668124,85,81,0.0
582,81,119,40.5,1.62,2.38,40.5,59.49999999999999,162.0,39.301310043668124,85,81,0.0
583,81,119,40.5,1.62,2.38,40.5,59.49999999999999,162.0,39.301310043668124,85,81,0.0
584,81,119,40.5,1.62,2.38,40.5,59.49999999999999,162.0,39.301310043668124,85,81,0.0
585,81,119,40.5,1.62,2.38,40.5,59.49999999999999,162.0,39.301310043668124,85,81,0.0
586,81,119,40.5,1.62,2.38,40.5,59.49999999999999,162.0,39.301310043668124,85,81,0.0
587,81,119,40.5,1.62,2.38,40.5,59.49999999999999,162.0,39.301310043668124,85,81,0.0
588,81,119,40.5,1.62,2.38,40.5,59.49999999999999,162.0,39.301310043668124,85,81,0.0
589,81,119,40.5,1.62,2.38,40.5,59.49999999999999,162.0,39.301310043668124,85,81,0.0
590,81,119,40.5,1.62,2.38,40.5,59.49999999999999,162.0,39.301310043668124,85,81,0.0
591,82,118,41.0,1.6400000000000001,2.36,41.0,58.99999999999999,164.0,39.78651140223193,86,82,2.0
592,82,118,41.0,1.6400000000000001,2.36,41.0,58.99999999999999,164.0,39.78651140223193,86,82,0.0
593,82,118,41.0,1.6400000000000001,2.36,41.0,58.99999999999999,164.0,39.78651140223193,86,82,0.0
594,83,117,41.5,1.6600000000000001,2.34,41.5,58.49999999999999,166.0,40.27171276079573,87,83,2.0
595,84,116,42.0,1.68,2.3200000000000003,42.0,58.00000000000001,168.0,40.756914119359536,88,84,2.0
596,84,116,42.0,1.68,2.3200000000000003,42.0,58.00000000000001,168.0,40.756914119359536,88,84,0.0
597,84,116,42.0,1.68,2.3200000000000003,42.0,58.00000000000001,168.0,40.756914119359536,88,84,0.0
598,84,116,42.0,1.68,2.3200000000000003,42.0,58.00000000000001,168.0,40.756914119359536,88,84,0.0
599,85,115,42.5,1.7,2.3,42.5,57.49999999999999,170.0,41.24211547792334,89,85,2.0
600,85,115,42.5,1.7,2.3,42.5,57.49999999999999,170.0,41.24211547792334,89,85,0.0
601,85,115,42.5,1.7,2.3,42.5,57.49999999999999,170.0,41.24211547792334,89,85,0.0
602,85,115,42.5,1.7,2.3,42.5,57.49999999999999,170.0,41.24211547792334,89,85,0.0
603,85,115,42.5,1.7,2.3,42.5,57.49999999999999,170.0,41.24211547792334,89,85,0.0
604,86,114,43.0,1.72,2.2800000000000002,43.0,57.00000000000001,172.0,41.72731683648714,90,86,2.0
605,86,114,43.0,1.72,2.2800000000000002,43.0,57.00000000000001,172.0,41.72731683648714,90,86,0.0
606,86,114,43.0,1.72,2.2800000000000002,43.0,57.00000000000001,172.0,41.72731683648714,90,86,0.0
607,86,114,43.0,1.72,2.2800000000000002,43.0,57.00000000000001,172.0,41.72731683648714,90,86,0.0
608,86,114,43.0,1.72,2.2800000000000002,43.0,57.00000000000001,172.0,41.72731683648714,90,86,0.0
609,86,114,43.0,1.72,2.2800000000000002,43.0,57.00000000000001,172.0,41.72731683648714,90,86,0.0
610,86,114,43.0,1.72,2.2800000000000002,43.0,57.00000000000001,172.0,41.72731683648714,90,86,0.0
611,86,114,43.0,1.72,2.2800000000000002,43.0,57.00000000000001,172.0,41.72731683648714,90,86,0.0
612,86,114,43.0,1.72,2.2800000000000002,43.0,57.00000000000001,172.0,41.72731683648714,90,86,0.0
613,86,114,43.0,1.72,2.2800000000000002,43.0,57.00000000000001,172.0,41.72731683648714,90,86,0.0
614,86,114,43.0,1.72,2.2800000000000002,43.0,57.00000000000001,172.0,41.72731683648714,90,86,0.0
615,86,114,43.0,1.72,2.2800000000000002,43.0,57.00000000000001,172.0,41.72731683648714,90,86,0.0
616,86,114,43.0,1.72,2.2800000000000002,43.0,57.00000000000001,172.0,41.72731683648714,91,86,0.0
617,86,114,43.0,1.72,2.2800000000000002,43.0,57.00000000000001,172.0,41.72731683648714,92,86,0.0
618,86,114,43.0,1.72,2.2800000000000002,43.0,57.00000000000001,172.0,41.72731683648714,92,86,0.0
619,86,114,43.0,1.72,2.2800000000000002,43.0,57.00000000000001,172.0,41.72731683648714,92,86,0.0
620,86,114,43.0,1.72,2.2800000000000002,43.0,57.00000000000001,172.0,41.72731683648714,92,86,0.0
621,86,114,43.0,1.72,2.2800000000000002,43.0,57.00000000000001,172.0,41.72731683648714,92,86,0.0
622,86,114,43.0,1.72,2.2800000000000002,43.0,57.00000000000001,172.0,41.72731683648714,92,86,0.0
623,86,114,43.0,1.72,2.2800000000000002,43.0,57.00000000000001,172.0,41.72731683648714,92,86,0.0
624,86,114,43.0,1.72,2.2800000000000002,43.0,57.00000000000001,172.0,41.72731683648714,92,86,0.0
625,86,114,43.0,1.72,2.2800000000000002,43.0,57.00000000000001,172.0,41.72731683648714,92,86,0.0
626,86,114,43.0,1.72,2.2800000000000002,43.0,57.00000000000001,172.0,41.72731683648714,92,86,0.0
627,86,114,43.0,1.72,2.2800000000000002,43.0,57.00000000000001,172.0,41.72731683648714,92,86,0.0
628,86,114,43.0,1.72,2.2800000000000002,43.0,57.00000000000001,172.0,41.72731683648714,92,86,0.0
629,86,114,43.0,1.72,2.2800000000000002,43.0,57.00000000000001,172.0,41.72731683648714,92,86,0.0
630,86,114,43.0,1.72,2.2800000000000002,43.0,57.00000000000001,172.0,41.72731683648714,92,86,0.0
631,86,114,43.0,1.72,2.2800000000000002,43.0,57.00000000000001,172.0,41.72731683648714,92,86,0.0
632,86,114,43.0,1.72,2.2800000000000002,43.0,57.00000000000001,172.0,41.72731683648714,92,86,0.0
633,86,114,43.0,1.72,2.2800000000000002,43.0,57.00000000000001,172.0,41.72731683648714,92,86,0.0
634,86,114,43.0,1.72,2.2800000000000002,43.0,57.00000000000001,172.0,41.72731683648714,92,86,0.0
635,86,114,43.0,1.72,2.2800000000000002,43.0,57.00000000000001,172.0,41.72731683648714,92,86,0.0
636,86,114,43.0,1.72,2.2800000000000002,43.0,57.00000000000001,172.0,41.72731683648714,92,86,0.0
637,86,114,43.0,1.72,2.2800000000000002,43.0,57.00000000000001,172.0,41.72731683648714,92,86,0.0
638,86,114,43.0,1.72,2.2800000000000002,43.0,57.00000000000001,172.0,41.72731683648714,92,86,0.0
639,86,114,43.0,1.72,2.2800000000000002,43.0,57.00000000000001,172.0,41.72731683648714,93,86,0.0
640,86,114,43.0,1.72,2.2800000000000002,43.0,57.00000000000001,172.0,41.72731683648714,93,86,0.0
641,86,114,43.0,1.72,2.2800000000000002,43.0,57.00000000000001,172.0,41.72731683648714,93,86,0.0
642,86,114,43.0,1.72,2.2800000000000002,43.0,57.00000000000001,172.0,41.72731683648714,93,86,0.0
643,86,114,43.0,1.72,2.2800000000000002,43.0,57.00000000000001,172.0,41.72731683648714,93,86,0.0
644,86,114,43.0,1.72,2.2800000000000002,43.0,57.00000000000001,172.0,41.72731683648714,93,86,0.0
645,86,114,43.0,1.72,2.2800000000000002,43.0,57.00000000000001,172.0,41.72731683648714,93,86,0.0
646,86,114,43.0,1.72,2.2800000000000002,43.0,57.00000000000001,172.0,41.72731683648714,93,86,0.0
647,86,114,43.0,1.72,2.2800000000000002,43.0,57.00000000000001,172.0,41.72731683648714,93,86,0.0
648,86,114,43.0,1.72,2.2800000000000002,43.0,57.00000000000001,172.0,41.72731683648714,93,86,0.0
649,86,114,43.0,1.72,2.2800000000000002,43.0,57.00000000000001,172.0,41.72731683648714,93,86,0.0
650,86,114,43.0,1.72,2.2800000000000002,43.0,57.00000000000001,172.0,41.72731683648714,93,86,0.0
651,86,114,43.0,1.72,2.2800000000000002,43.0,57.00000000000001,172.0,41.72731683648714,93,86,0.0
652,86,114,43.0,1.72,2.2800000000000002,43.0,57.00000000000001,172.0,41.72731683648714,93,86,0.0
653,86,114,43.0,1.72,2.2800000000000002,43.0,57.00000000000001,172.0,41.72731683648714,93,86,0.0
654,86,114,43.0,1.72,2.2800000000000002,43.0,57.00000000000001,172.0,41.72731683648714,93,86,0.0
655,86,114,43.0,1.72,2.2800000000000002,43.0,57.00000000000001,172.0,41.72731683648714,93,86,0.0
656,86,114,43.0,1.72,2.2800000000000002,43.0,57.00000000000001,172.0,41.72731683648714,93,86,0.0
657,86,114,43.0,1.72,2.2800000000000002,43.0,57.00000000000001,172.0,41.72731683648714,93,86,0.0
658,86,114,43.0,1.72,2.2800000000000002,43.0,57.00000000000001,172.0,41.72731683648714,93,86,0.0
659,86,114,43.0,1.72,2.2800000000000002,43.0,57.00000000000001,172.0,41.72731683648714,93,86,0.0
660,86,114,43.0,1.72,2.2800000000000002,43.0,57.00000000000001,172.0,41.72731683648714,93,86,0.0
661,86,114,43.0,1.72,2.2800000000000002,43.0,57.00000000000001,172.0,41.72731683648714,93,86,0.0
662,86,114,43.0,1.72,2.2800000000000002,43.0,57.00000000000001,172.0,41.72731683648714,93,86,0.0
663,86,114,43.0,1.72,2.2800000000000002,43.0,57.00000000000001,172.0,41.72731683648714,93,86,0.0
664,86,114,43.0,1.72,2.2800000000000002,43.0,57.00000000000001,172.0,41.72731683648714,93,86,0.0
665,86,114,43.0,1.72,2.2800000000000002,43.0,57.00000000000001,172.0,41.72731683648714,93,86,0.0
666,86,114,43.0,1.72,2.2800000000000002,43.0,57.00000000000001,172.0,41.72731683648714,93,86,0.0
667,86,114,43.0,1.72,2.2800000000000002,43.0,57.00000000000001,172.0,41.72731683648714,93,86,0.0
668,86,114,43.0,1.72,2.2800000000000002,43.0,57.00000000000001,172.0,41.72731683648714,93,86,0.0
669,86,114,43.0,1.72,2.2800000000000002,43.0,57.00000000000001,172.0,41.72731683648714,93,86,0.0
670,86,114,43.0,1.72,2.2800000000000002,43.0,57.00000000000001,172.0,41.72731683648714,93,86,0.0
671,86,114,43.0,1.72,2.2800000000000002,43.0,57.00000000000001,172.0,41.72731683648714,93,86,0.0
672,86,114,43.0,1.72,2.2800000000000002,43.0,57.00000000000001,172.0,41.72731683648714,93,86,0.0
673,86,114,43.0,1.72,2.2800000000000002,43.0,57.00000000000001,172.0,41.72731683648714,93,86,0.0
674,86,114,43.0,1.72,2.2800000000000002,43.0,57.00000000000001,172.0,41.72731683648714,93,86,0.0
675,86,114,43.0,1.72,2.2800000000000002,43.0,57.00000000000001,172.0,41.72731683648714,93,86,0.0
676,86,114,43.0,1.72,2.2800000000000002,43.0,57.00000000000001,172.0,41.72731683648714,93,86,0.0
677,86,114,43.0,1.72,2.2800000000000002,43.0,57.00000000000001,172.0,41.72731683648714,93,86,0.0
678,86,114,43.0,1.72,2.2800000000000002,43.0,57.00000000000001,172.0,41.72731683648714,93,86,0.0
679,86,114,43.0,1.72,2.2800000000000002,43.0,57.00000000000001,172.0,41.72731683648714,93,86,0.0
680,86,114,43.0,1.72,2.2800000000000002,43.0,57.00000000000001,172.0,41.72731683648714,93,86,0.0
681,86,114,43.0,1.72,2.2800000000000002,43.0,57.00000000000001,172.0,41.72731683648714,93,86,0.0
682,86,114,43.0,1.72,2.2800000000000002,43.0,57.00000000000001,172.0,41.72731683648714,93,86,0.0
683,86,114,43.0,1.72,2.2800000000000002,43.0,57.00000000000001,172.0,41.72731683648714,93,86,0.0
684,86,114,43.0,1.72,2.2800000000000002,43.0,57.00000000000001,172.0,41.72731683648714,93,86,0.0
685,86,114,43.0,1.72,2.2800000000000002,43.0,57.00000000000001,172.0,41.72731683648714,93,86,0.0
686,86,114,43.0,1.72,2.2800000000000002,43.0,57.00000000000001,172.0,41.72731683648714,93,86,0.0
687,86,114,43.0,1.72,2.2800000000000002,43.0,57.00000000000001,172.0,41.72731683648714,93,86,0.0
688,86,114,43.0,1.72,2.2800000000000002,43.0,57.00000000000001,172.0,41.72731683648714,93,86,0.0
689,86,114,43.0,1.72,2.2800000000000002,43.0,57.00000000000001,172.0,41.72731683648714,93,86,0.0
690,86,114,43.0,1.72,2.2800000000000002,43.0,57.00000000000001,172.0,41.72731683648714,93,86,0.0
691,86,114,43.0,1.72,2.2800000000000002,43.0,57.00000000000001,172.0,41.72731683648714,93,86,0.0
692,86,114,43.0,1.72,2.2800000000000002,43.0,57.00000000000001,172.0,41.72731683648714,93,86,0.0
693,86,114,43.0,1.72,2.2800000000000002,43.0,57.00000000000001,172.0,41.72731683648714,93,86,0.0
694,86,114,43.0,1.72,2.2800000000000002,43.0,57.00000000000001,172.0,41.72731683648714,93,86,0.0
695,86,114,43.0,1.72,2.2800000000000002,43.0,57.00000000000001,172.0,41.72731683648714,93,86,0.0
696,86,114,43.0,1.72,2.2800000000000002,43.0,57.00000000000001,172.0,41.72731683648714,93,86,0.0
697,86,114,43.0,1.72,2.2800000000000002,43.0,57.00000000000001,172.0,41.72731683648714,93,86,0.0
698,86,114,43.0,1.72,2.2800000000000002,43.0,57.00000000000001,172.0,41.72731683648714,93,86,0.0
699,86,114,43.0,1.72,2.2800000000000002,43.0,57.00000000000001,172.0,41.72731683648714,93,86,0.0
700,86,114,43.0,1.72,2.2800000000000002,43.0,57.00000000000001,172.0,41.72731683648714,93,86,0.0
701,86,114,43.0,1.72,2.2800000000000002,43.0,57.00000000000001,172.0,41.72731683648714,93,86,0.0
702,86,114,43.0,1.72,2.2800000000000002,43.0,57.00000000000001,172.0,41.72731683648714,93,86,0.0
703,86,114,43.0,1.72,2.2800000000000002,43.0,57.00000000000001,172.0,41.72731683648714,93,86,0.0
704,87,113,43.5,1.74,2.26,43.5,56.49999999999999,174.0,42.21251819505095,94,87,2.0
705,87,113,43.5,1.74,2.26,43.5,56.49999999999999,174.0,42.21251819505095,94,87,0.0
706,87,113,43.5,1.74,2.26,43.5,56.49999999999999,174.0,42.21251819505095,94,87,0.0
707,87,113,43.5,1.74,2.26,43.5,56.49999999999999,174.0,42.21251819505095,94,87,0.0
708,87,113,43.5,1.74,2.26,43.5,56.49999999999999,174.0,42.21251819505095,94,87,0.0
709,87,113,43.5,1.74,2.26,43.5,56.49999999999999,174.0,42.21251819505095,94,87,0.0
710,87,113,43.5,1.74,2.26,43.5,56.49999999999999,174.0,42.21251819505095,94,87,0.0
711,87,113,43.5,1.74,2.26,43.5,56.49999999999999,174.0,42.21251819505095,94,87,0.0
712,87,113,43.5,1.74,2.26,43.5,56.49999999999999,174.0,42.21251819505095,94,87,0.0
713,87,113,43.5,1.74,2.26,43.5,56.49999999999999,174.0,42.21251819505095,94,87,0.0
714,87,113,43.5,1.74,2.26,43.5,56.49999999999999,174.0,42.21251819505095,94,87,0.0
715,87,113,43.5,1.74,2.26,43.5,56.49999999999999,174.0,42.21251819505095,94,87,0.0
716,87,113,43.5,1.74,2.26,43.5,56.49999999999999,174.0,42.21251819505095,94,87,0.0
717,87,113,43.5,1.74,2.26,43.5,56.49999999999999,174.0,42.21251819505095,94,87,0.0
718,87,113,43.5,1.74,2.26,43.5,56.49999999999999,174.0,42.21251819505095,94,87,0.0
719,87,113,43.5,1.74,2.26,43.5,56.49999999999999,174.0,42.21251819505095,94,87,0.0
720,87,113,43.5,1.74,2.26,43.5,56.49999999999999,174.0,42.21251819505095,94,87,0.0
721,88,112,44.0,1.76,2.24,44.0,56.00000000000001,176.0,42.697719553614746,95,88,2.0
722,88,112,44.0,1.76,2.24,44.0,56.00000000000001,176.0,42.697719553614746,95,88,0.0
723,88,112,44.0,1.76,2.24,44.0,56.00000000000001,176.0,42.697719553614746,95,88,0.0
724,88,112,44.0,1.76,2.24,44.0,56.00000000000001,176.0,42.697719553614746,95,88,0.0
725,88,112,44.0,1.76,2.24,44.0,56.00000000000001,176.0,42.697719553614746,95,88,0.0
726,88,112,44.0,1.76,2.24,44.0,56.00000000000001,176.0,42.697719553614746,95,88,0.0
727,88,112,44.0,1.76,2.24,44.0,56.00000000000001,176.0,42.697719553614746,95,88,0.0
728,88,112,44.0,1.76,2.24,44.0,56.00000000000001,176.0,42.697719553614746,95,88,0.0
729,88,112,44.0,1.76,2.24,44.0,56.00000000000001,176.0,42.697719553614746,95,88,0.0
730,88,112,44.0,1.76,2.24,44.0,56.00000000000001,176.0,42.697719553614746,95,88,0.0
731,88,112,44.0,1.76,2.24,44.0,56.00000000000001,176.0,42.697719553614746,95,88,0.0
732,88,112,44.0,1.76,2.24,44.0,56.00000000000001,176.0,42.697719553614746,95,88,0.0
733,88,112,44.0,1.76,2.24,44.0,56.00000000000001,176.0,42.697719553614746,95,88,0.0
734,88,112,44.0,1.76,2.24,44.0,56.00000000000001,176.0,42.697719553614746,95,88,0.0
735,88,112,44.0,1.76,2.24,44.0,56.00000000000001,176.0,42.697719553614746,95,88,0.0
736,88,112,44.0,1.76,2.24,44.0,56.00000000000001,176.0,42.697719553614746,95,88,0.0
737,88,112,44.0,1.76,2.24,44.0,56.00000000000001,176.0,42.697719553614746,95,88,0.0
738,88,112,44.0,1.76,2.24,44.0,56.00000000000001,176.0,42.697719553614746,95,88,0.0
739,88,112,44.0,1.76,2.24,44.0,56.00000000000001,176.0,42.697719553614746,95,88,0.0
740,88,112,44.0,1.76,2.24,44.0,56.00000000000001,176.0,42.697719553614746,95,88,0.0
741,88,112,44.0,1.76,2.24,44.0,56.00000000000001,176.0,42.697719553614746,95,88,0.0
742,88,112,44.0,1.76,2.24,44.0,56.00000000000001,176.0,42.697719553614746,95,88,0.0
743,88,112,44.0,1.76,2.24,44.0,56.00000000000001,176.0,42.697719553614746,95,88,0.0
744,88,112,44.0,1.76,2.24,44.0,56.00000000000001,176.0,42.697719553614746,95,88,0.0
745,88,112,44.0,1.76,2.24,44.0,56.00000000000001,176.0,42.697719553614746,95,88,0.0
746,88,112,44.0,1.76,2.24,44.0,56.00000000000001,176.0,42.697719553614746,95,88,0.0
747,88,112,44.0,1.76,2.24,44.0,56.00000000000001,176.0,42.697719553614746,95,88,0.0
748,88,112,44.0,1.76,2.24,44.0,56.00000000000001,176.0,42.697719553614746,95,88,0.0
749,88,112,44.0,1.76,2.24,44.0,56.00000000000001,176.0,42.697719553614746,95,88,0.0
750,88,112,44.0,1.76,2.24,44.0,56.00000000000001,176.0,42.697719553614746,95,88,0.0
751,88,112,44.0,1.76,2.24,44.0,56.00000000000001,176.0,42.697719553614746,95,88,0.0
752,88,112,44.0,1.76,2.24,44.0,56.00000000000001,176.0,42.697719553614746,95,88,0.0
753,89,111,44.5,1.78,2.2199999999999998,44.5,55.49999999999999,178.0,43.18292091217856,96,89,2.0
754,89,111,44.5,1.78,2.2199999999999998,44.5,55.49999999999999,178.0,43.18292091217856,96,89,0.0
755,89,111,44.5,1.78,2.2199999999999998,44.5,55.49999999999999,178.0,43.18292091217856,96,89,0.0
756,89,111,44.5,1.78,2.2199999999999998,44.5,55.49999999999999,178.0,43.18292091217856,96,89,0.0
757,89,111,44.5,1.78,2.2199999999999998,44.5,55.49999999999999,178.0,43.18292091217856,96,89,0.0
758,89,111,44.5,1.78,2.2199999999999998,44.5,55.49999999999999,178.0,43.18292091217856,96,89,0.0
759,89,111,44.5,1.78,2.2199999999999998,44.5,55.49999999999999,178.0,43.18292091217856,96,89,0.0
760,89,111,44.5,1.78,2.2199999999999998,44.5,55.49999999999999,178.0,43.18292091217856,96,89,0.0
761,89,111,44.5,1.78,2.2199999999999998,44.5,55.49999999999999,178.0,43.18292091217856,96,89,0.0
762,89,111,44.5,1.78,2.2199999999999998,44.5,55.49999999999999,178.0,43.18292091217856,96,89,0.0
763,89,111,44.5,1.78,2.2199999999999998,44.5,55.49999999999999,178.0,43.18292091217856,96,89,0.0
764,89,111,44.5,1.78,2.2199999999999998,44.5,55.49999999999999,178.0,43.18292091217856,96,89,0.0
765,89,111,44.5,1.78,2.2199999999999998,44.5,55.49999999999999,178.0,43.18292091217856,96,89,0.0
766,89,111,44.5,1.78,2.2199999999999998,44.5,55.49999999999999,178.0,43.18292091217856,96,89,0.0
767,89,111,44.5,1.78,2.2199999999999998,44.5,55.49999999999999,178.0,43.18292091217856,96,89,0.0
768,89,111,44.5,1.78,2.2199999999999998,44.5,55.49999999999999,178.0,43.18292091217856,96,89,0.0
769,89,111,44.5,1.78,2.2199999999999998,44.5,55.49999999999999,178.0,43.18292091217856,96,89,0.0
770,89,111,44.5,1.78,2.2199999999999998,44.5,55.49999999999999,178.0,43.18292091217856,96,89,0.0
771,89,111,44.5,1.78,2.2199999999999998,44.5,55.49999999999999,178.0,43.18292091217856,96,89,0.0
772,89,111,44.5,1.78,2.2199999999999998,44.5,55.49999999999999,178.0,43.18292091217856,96,89,0.0
773,89,111,44.5,1.78,2.2199999999999998,44.5,55.49999999999999,178.0,43.18292091217856,96,89,0.0
774,89,111,44.5,1.78,2.2199999999999998,44.5,55.49999999999999,178.0,43.18292091217856,96,89,0.0
775,89,111,44.5,1.78,2.2199999999999998,44.5,55.49999999999999,178.0,43.18292091217856,96,89,0.0
776,89,111,44.5,1.78,2.2199999999999998,44.5,55.49999999999999,178.0,43.18292091217856,96,89,0.0
777,89,111,44.5,1.78,2.2199999999999998,44.5,55.49999999999999,178.0,43.18292091217856,96,89,0.0
778,89,111,44.5,1.78,2.2199999999999998,44.5,55.49999999999999,178.0,43.18292091217856,96,89,0.0
779,89,111,44.5,1.78,2.2199999999999998,44.5,55.49999999999999,178.0,43.18292091217856,96,89,0.0
780,90,110,45.0,1.8,2.2,45.0,55.0,180.0,43.66812227074236,97,90,2.0
781,90,110,45.0,1.8,2.2,45.0,55.0,180.0,43.66812227074236,97,90,0.0
782,90,110,45.0,1.8,2.2,45.0,55.0,180.0,43.66812227074236,97,90,0.0
783,90,110,45.0,1.8,2.2,45.0,55.0,180.0,43.66812227074236,97,90,0.0
784,90,110,45.0,1.8,2.2,45.0,55.0,180.0,43.66812227074236,97,90,0.0
785,90,110,45.0,1.8,2.2,45.0,55.0,180.0,43.66812227074236,97,90,0.0
786,90,110,45.0,1.8,2.2,45.0,55.0,180.0,43.66812227074236,97,90,0.0
787,90,110,45.0,1.8,2.2,45.0,55.0,180.0,43.66812227074236,97,90,0.0
788,90,110,45.0,1.8,2.2,45.0,55.0,180.0,43.66812227074236,97,90,0.0
789,90,110,45.0,1.8,2.2,45.0,55.0,180.0,43.66812227074236,97,90,0.0
790,91,109,45.5,1.82,2.1799999999999997,45.5,54.49999999999999,182.0,44.153323629306165,98,91,2.0
791,91,109,45.5,1.82,2.1799999999999997,45.5,54.49999999999999,182.0,44.153323629306165,98,91,0.0
792,91,109,45.5,1.82,2.1799999999999997,45.5,54.49999999999999,182.0,44.153323629306165,98,91,0.0
793,92,108,46.0,1.84,2.16,46.0,54.0,184.0,44.638524987869964,99,92,2.0
794,92,108,46.0,1.84,2.16,46.0,54.0,184.0,44.638524987869964,99,92,0.0
795,92,108,46.0,1.84,2.16,46.0,54.0,184.0,44.638524987869964,99,92,0.0
796,92,108,46.0,1.84,2.16,46.0,54.0,184.0,44.638524987869964,99,92,0.0
797,92,108,46.0,1.84,2.16,46.0,54.0,184.0,44.638524987869964,99,92,0.0
798,92,108,46.0,1.84,2.16,46.0,54.0,184.0,44.638524987869964,99,92,0.0
799,92,108,46.0,1.84,2.16,46.0,54.0,184.0,44.638524987869964,99,92,0.0
800,92,108,46.0,1.84,2.16,46.0,54.0,184.0,44.638524987869964,99,92,0.0
801,92,108,46.0,1.84,2.16,46.0,54.0,184.0,44.638524987869964,99,92,0.0
802,92,108,46.0,1.84,2.16,46.0,54.0,184.0,44.638524987869964,99,92,0.0
803,92,108,46.0,1.84,2.16,46.0,54.0,184.0,44.638524987869964,99,92,0.0
804,92,108,46.0,1.84,2.16,46.0,54.0,184.0,44.638524987869964,99,92,0.0
805,92,108,46.0,1.84,2.16,46.0,54.0,184.0,44.638524987869964,99,92,0.0
806,92,108,46.0,1.84,2.16,46.0,54.0,184.0,44.638524987869964,99,92,0.0
807,92,108,46.0,1.84,2.16,46.0,54.0,184.0,44.638524987869964,99,92,0.0
808,92,108,46.0,1.84,2.16,46.0,54.0,184.0,44.638524987869964,99,92,0.0
809,92,108,46.0,1.84,2.16,46.0,54.0,184.0,44.638524987869964,99,92,0.0
810,92,108,46.0,1.84,2.16,46.0,54.0,184.0,44.638524987869964,99,92,0.0
811,92,108,46.0,1.84,2.16,46.0,54.0,184.0,44.638524987869964,99,92,0.0
812,92,108,46.0,1.84,2.16,46.0,54.0,184.0,44.638524987869964,99,92,0.0
813,92,108,46.0,1.84,2.16,46.0,54.0,184.0,44.638524987869964,99,92,0.0
814,93,107,46.5,1.86,2.1399999999999997,46.5,53.49999999999999,186.0,45.12372634643377,100,93,2.0
815,93,107,46.5,1.86,2.1399999999999997,46.5,53.49999999999999,186.0,45.12372634643377,100,93,0.0
816,93,107,46.5,1.86,2.1399999999999997,46.5,53.49999999999999,186.0,45.12372634643377,100,93,0.0
817,93,107,46.5,1.86,2.1399999999999997,46.5,53.49999999999999,186.0,45.12372634643377,100,93,0.0
818,93,107,46.5,1.86,2.1399999999999997,46.5,53.49999999999999,186.0,45.12372634643377,100,93,0.0
819,93,107,46.5,1.86,2.1399999999999997,46.5,53.49999999999999,186.0,45.12372634643377,100,93,0.0
820,93,107,46.5,1.86,2.1399999999999997,46.5,53.49999999999999,186.0,45.12372634643377,100,93,0.0
821,93,107,46.5,1.86,2.1399999999999997,46.5,53.49999999999999,186.0,45.12372634643377,100,93,0.0
822,93,107,46.5,1.86,2.1399999999999997,46.5,53.49999999999999,186.0,45.12372634643377,100,93,0.0
823,93,107,46.5,1.86,2.1399999999999997,46.5,53.49999999999999,186.0,45.12372634643377,100,93,0.0
824,93,107,46.5,1.86,2.1399999999999997,46.5,53.49999999999999,186.0,45.12372634643377,100,93,0.0
825,93,107,46.5,1.86,2.1399999999999997,46.5,53.49999999999999,186.0,45.12372634643377,100,93,0.0
826,93,107,46.5,1.86,2.1399999999999997,46.5,53.49999999999999,186.0,45.12372634643377,100,93,0.0
827,93,107,46.5,1.86,2.1399999999999997,46.5,53.49999999999999,186.0,45.12372634643377,100,93,0.0
828,93,107,46.5,1.86,2.1399999999999997,46.5,53.49999999999999,186.0,45.12372634643377,100,93,0.0
829,93,107,46.5,1.86,2.1399999999999997,46.5,53.49999999999999,186.0,45.12372634643377,100,93,0.0
830,93,107,46.5,1.86,2.1399999999999997,46.5,53.49999999999999,186.0,45.12372634643377,100,93,0.0
831,93,107,46.5,1.86,2.1399999999999997,46.5,53.49999999999999,186.0,45.12372634643377,100,93,0.0
832,93,107,46.5,1.86,2.1399999999999997,46.5,53.49999999999999,186.0,45.12372634643377,100,93,0.0
833,94,106,47.0,1.8800000000000001,2.12,47.0,53.0,188.0,45.608927704997576,101,94,2.0
834,94,106,47.0,1.8800000000000001,2.12,47.0,53.0,188.0,45.608927704997576,101,94,0.0
835,94,106,47.0,1.8800000000000001,2.12,47.0,53.0,188.0,45.608927704997576,101,94,0.0
836,94,106,47.0,1.8800000000000001,2.12,47.0,53.0,188.0,45.608927704997576,101,94,0.0
837,94,106,47.0,1.8800000000000001,2.12,47.0,53.0,188.0,45.608927704997576,101,94,0.0
838,94,106,47.0,1.8800000000000001,2.12,47.0,53.0,188.0,45.608927704997576,101,94,0.0
839,94,106,47.0,1.8800000000000001,2.12,47.0,53.0,188.0,45.608927704997576,101,94,0.0
840,94,106,47.0,1.8800000000000001,2.12,47.0,53.0,188.0,45.608927704997576,101,94,0.0
841,94,106,47.0,1.8800000000000001,2.12,47.0,53.0,188.0,45.608927704997576,101,94,0.0
842,94,106,47.0,1.8800000000000001,2.12,47.0,53.0,188.0,45.608927704997576,101,94,0.0
843,94,106,47.0,1.8800000000000001,2.12,47.0,53.0,188.0,45.608927704997576,102,94,0.0
844,94,106,47.0,1.8800000000000001,2.12,47.0,53.0,188.0,45.608927704997576,103,94,0.0
845,94,106,47.0,1.8800000000000001,2.12,47.0,53.0,188.0,45.608927704997576,103,94,0.0
846,94,106,47.0,1.8800000000000001,2.12,47.0,53.0,188.0,45.608927704997576,103,94,0.0
847,94,106,47.0,1.8800000000000001,2.12,47.0,53.0,188.0,45.608927704997576,104,94,0.0
848,94,106,47.0,1.8800000000000001,2.12,47.0,53.0,188.0,45.608927704997576,105,94,0.0
849,94,106,47.0,1.8800000000000001,2.12,47.0,53.0,188.0,45.608927704997576,105,94,0.0
850,94,106,47.0,1.8800000000000001,2.12,47.0,53.0,188.0,45.608927704997576,105,94,0.0
851,94,106,47.0,1.8800000000000001,2.12,47.0,53.0,188.0,45.608927704997576,105,94,0.0
852,94,106,47.0,1.8800000000000001,2.12,47.0,53.0,188.0,45.608927704997576,105,94,0.0
853,94,106,47.0,1.8800000000000001,2.12,47.0,53.0,188.0,45.608927704997576,105,94,0.0
854,94,106,47.0,1.8800000000000001,2.12,47.0,53.0,188.0,45.608927704997576,105,94,0.0
855,94,106,47.0,1.8800000000000001,2.12,47.0,53.0,188.0,45.608927704997576,105,94,0.0
856,94,106,47.0,1.8800000000000001,2.12,47.0,53.0,188.0,45.608927704997576,105,94,0.0
857,94,106,47.0,1.8800000000000001,2.12,47.0,53.0,188.0,45.608927704997576,105,94,0.0
858,94,106,47.0,1.8800000000000001,2.12,47.0,53.0,188.0,45.608927704997576,105,94,0.0
859,94,106,47.0,1.8800000000000001,2.12,47.0,53.0,188.0,45.608927704997576,105,94,0.0
860,94,106,47.0,1.8800000000000001,2.12,47.0,53.0,188.0,45.608927704997576,105,94,0.0
861,94,106,47.0,1.8800000000000001,2.12,47.0,53.0,188.0,45.608927704997576,105,94,0.0
862,94,106,47.0,1.8800000000000001,2.12,47.0,53.0,188.0,45.608927704997576,105,94,0.0
863,94,106,47.0,1.8800000000000001,2.12,47.0,53.0,188.0,45.608927704997576,105,94,0.0
864,94,106,47.0,1.8800000000000001,2.12,47.0,53.0,188.0,45.608927704997576,105,94,0.0
865,94,106,47.0,1.8800000000000001,2.12,47.0,53.0,188.0,45.608927704997576,105,94,0.0
866,94,106,47.0,1.8800000000000001,2.12,47.0,53.0,188.0,45.608927704997576,105,94,0.0
867,94,106,47.0,1.8800000000000001,2.12,47.0,53.0,188.0,45.608927704997576,105,94,0.0
868,94,106,47.0,1.8800000000000001,2.12,47.0,53.0,188.0,45.608927704997576,105,94,0.0
869,94,106,47.0,1.8800000000000001,2.12,47.0,53.0,188.0,45.608927704997576,105,94,0.0
870,94,106,47.0,1.8800000000000001,2.12,47.0,53.0,188.0,45.608927704997576,105,94,0.0
871,94,106,47.0,1.8800000000000001,2.12,47.0,53.0,188.0,45.608927704997576,105,94,0.0
872,94,106,47.0,1.8800000000000001,2.12,47.0,53.0,188.0,45.608927704997576,105,94,0.0
873,95,105,47.5,1.9000000000000001,2.0999999999999996,47.5,52.49999999999999,190.0,46.094129063561375,106,95,2.0
874,96,104,48.0,1.92,2.08,48.0,52.0,192.0,46.57933042212518,107,96,2.0
875,97,103,48.5,1.94,2.06,48.5,51.5,194.0,47.06453178068899,108,97,2.0
876,97,103,48.5,1.94,2.06,48.5,51.5,194.0,47.06453178068899,108,97,0.0
877,97,103,48.5,1.94,2.06,48.5,51.5,194.0,47.06453178068899,108,97,0.0
878,97,103,48.5,1.94,2.06,48.5,51.5,194.0,47.06453178068899,108,97,0.0
879,97,103,48.5,1.94,2.06,48.5,51.5,194.0,47.06453178068899,108,97,0.0
880,97,103,48.5,1.94,2.06,48.5,51.5,194.0,47.06453178068899,108,97,0.0
881,97,103,48.5,1.94,2.06,48.5,51.5,194.0,47.06453178068899,108,97,0.0
882,97,103,48.5,1.94,2.06,48.5,51.5,194.0,47.06453178068899,108,97,0.0
883,97,103,48.5,1.94,2.06,48.5,51.5,194.0,47.06453178068899,108,97,0.0
884,97,103,48.5,1.94,2.06,48.5,51.5,194.0,47.06453178068899,108,97,0.0
885,97,103,48.5,1.94,2.06,48.5,51.5,194.0,47.06453178068899,108,97,0.0
886,97,103,48.5,1.94,2.06,48.5,51.5,194.0,47.06453178068899,108,97,0.0
887,97,103,48.5,1.94,2.06,48.5,51.5,194.0,47.06453178068899,108,97,0.0
888,97,103,48.5,1.94,2.06,48.5,51.5,194.0,47.06453178068899,108,97,0.0
889,97,103,48.5,1.94,2.06,48.5,51.5,194.0,47.06453178068899,108,97,0.0
890,97,103,48.5,1.94,2.06,48.5,51.5,194.0,47.06453178068899,108,97,0.0
891,97,103,48.5,1.94,2.06,48.5,51.5,194.0,47.06453178068899,108,97,0.0
892,97,103,48.5,1.94,2.06,48.5,51.5,194.0,47.06453178068899,108,97,0.0
893,97,103,48.5,1.94,2.06,48.5,51.5,194.0,47.06453178068899,108,97,0.0
894,97,103,48.5,1.94,2.06,48.5,51.5,194.0,47.06453178068899,108,97,0.0
895,97,103,48.5,1.94,2.06,48.5,51.5,194.0,47.06453178068899,108,97,0.0
896,97,103,48.5,1.94,2.06,48.5,51.5,194.0,47.06453178068899,108,97,0.0
897,97,103,48.5,1.94,2.06,48.5,51.5,194.0,47.06453178068899,108,97,0.0
898,97,103,48.5,1.94,2.06,48.5,51.5,194.0,47.06453178068899,108,97,0.0
899,97,103,48.5,1.94,2.06,48.5,51.5,194.0,47.06453178068899,108,97,0.0
900,97,103,48.5,1.94,2.06,48.5,51.5,194.0,47.06453178068899,108,97,0.0
901,97,103,48.5,1.94,2.06,48.5,51.5,194.0,47.06453178068899,108,97,0.0
902,97,103,48.5,1.94,2.06,48.5,51.5,194.0,47.06453178068899,108,97,0.0
903,97,103,48.5,1.94,2.06,48.5,51.5,194.0,47.06453178068899,108,97,0.0
904,97,103,48.5,1.94,2.06,48.5,51.5,194.0,47.06453178068899,108,97,0.0
905,97,103,48.5,1.94,2.06,48.5,51.5,194.0,47.06453178068899,108,97,0.0
906,97,103,48.5,1.94,2.06,48.5,51.5,194.0,47.06453178068899,108,97,0.0
907,97,103,48.5,1.94,2.06,48.5,51.5,194.0,47.06453178068899,108,97,0.0
908,97,103,48.5,1.94,2.06,48.5,51.5,194.0,47.06453178068899,108,97,0.0
909,97,103,48.5,1.94,2.06,48.5,51.5,194.0,47.06453178068899,108,97,0.0
910,97,103,48.5,1.94,2.06,48.5,51.5,194.0,47.06453178068899,108,97,0.0
911,97,103,48.5,1.94,2.06,48.5,51.5,194.0,47.06453178068899,108,97,0.0
912,97,103,48.5,1.94,2.06,48.5,51.5,194.0,47.06453178068899,108,97,0.0
913,97,103,48.5,1.94,2.06,48.5,51.5,194.0,47.06453178068899,108,97,0.0
914,98,102,49.0,1.96,2.04,49.0,51.0,196.0,47.549733139252794,109,98,2.0
915,98,102,49.0,1.96,2.04,49.0,51.0,196.0,47.549733139252794,109,98,0.0
916,98,102,49.0,1.96,2.04,49.0,51.0,196.0,47.549733139252794,109,98,0.0
917,98,102,49.0,1.96,2.04,49.0,51.0,196.0,47.549733139252794,109,98,0.0
918,99,101,49.5,1.98,2.02,49.5,50.5,198.0,48.03493449781659,110,99,2.0
919,99,101,49.5,1.98,2.02,49.5,50.5,198.0,48.03493449781659,110,99,0.0
920,99,101,49.5,1.98,2.02,49.5,50.5,198.0,48.03493449781659,110,99,0.0
921,99,101,49.5,1.98,2.02,49.5,50.5,198.0,48.03493449781659,110,99,0.0
922,99,101,49.5,1.98,2.02,49.5,50.5,198.0,48.03493449781659,110,99,0.0
923,99,101,49.5,1.98,2.02,49.5,50.5,198.0,48.03493449781659,110,99,0.0
924,100,100,50.0,2.0,2.0,50.0,50.0,200.0,48.5201358563804,111,100,2.0
925,101,99,50.5,2.02,1.98,50.5,49.5,202.0,49.005337214944205,112,101,2.0
926,101,99,50.5,2.02,1.98,50.5,49.5,202.0,49.005337214944205,112,101,0.0
927,101,99,50.5,2.02,1.98,50.5,49.5,202.0,49.005337214944205,112,101,0.0
928,101,99,50.5,2.02,1.98,50.5,49.5,202.0,49.005337214944205,112,101,0.0
929,102,98,51.0,2.04,1.96,51.0,49.0,204.0,49.49053857350801,113,102,2.0
930,102,98,51.0,2.04,1.96,51.0,49.0,204.0,49.49053857350801,113,102,0.0
931,102,98,51.0,2.04,1.96,51.0,49.0,204.0,49.49053857350801,113,102,0.0
932,102,98,51.0,2.04,1.96,51.0,49.0,204.0,49.49053857350801,113,102,0.0
933,102,98,51.0,2.04,1.96,51.0,49.0,204.0,49.49053857350801,113,102,0.0
934,102,98,51.0,2.04,1.96,51.0,49.0,204.0,49.49053857350801,113,102,0.0
935,102,98,51.0,2.04,1.96,51.0,49.0,204.0,49.49053857350801,113,102,0.0
936,102,98,51.0,2.04,1.96,51.0,49.0,204.0,49.49053857350801,113,102,0.0
937,102,98,51.0,2.04,1.96,51.0,49.0,204.0,49.49053857350801,113,102,0.0
938,102,98,51.0,2.04,1.96,51.0,49.0,204.0,49.49053857350801,113,102,0.0
939,102,98,51.0,2.04,1.96,51.0,49.0,204.0,49.49053857350801,113,102,0.0
940,102,98,51.0,2.04,1.96,51.0,49.0,204.0,49.49053857350801,113,102,0.0
941,102,98,51.0,2.04,1.96,51.0,49.0,204.0,49.49053857350801,113,102,0.0
942,102,98,51.0,2.04,1.96,51.0,49.0,204.0,49.49053857350801,113,102,0.0
943,102,98,51.0,2.04,1.96,51.0,49.0,204.0,49.49053857350801,113,102,0.0
944,102,98,51.0,2.04,1.96,51.0,49.0,204.0,49.49053857350801,113,102,0.0
945,102,98,51.0,2.04,1.96,51.0,49.0,204.0,49.49053857350801,113,102,0.0
946,102,98,51.0,2.04,1.96,51.0,49.0,204.0,49.49053857350801,113,102,0.0
947,102,98,51.0,2.04,1.96,51.0,49.0,204.0,49.49053857350801,113,102,0.0
948,102,98,51.0,2.04,1.96,51.0,49.0,204.0,49.49053857350801,113,102,0.0
949,103,97,51.5,2.06,1.94,51.5,48.5,206.0,49.97573993207181,114,103,2.0
950,103,97,51.5,2.06,1.94,51.5,48.5,206.0,49.97573993207181,114,103,0.0
951,103,97,51.5,2.06,1.94,51.5,48.5,206.0,49.97573993207181,114,103,0.0
952,103,97,51.5,2.06,1.94,51.5,48.5,206.0,49.97573993207181,114,103,0.0
953,103,97,51.5,2.06,1.94,51.5,48.5,206.0,49.97573993207181,114,103,0.0
954,103,97,51.5,2.06,1.94,51.5,48.5,206.0,49.97573993207181,114,103,0.0
955,103,97,51.5,2.06,1.94,51.5,48.5,206.0,49.97573993207181,114,103,0.0
956,103,97,51.5,2.06,1.94,51.5,48.5,206.0,49.97573993207181,114,103,0.0
957,103,97,51.5,2.06,1.94,51.5,48.5,206.0,49.97573993207181,114,103,0.0
958,103,97,51.5,2.06,1.94,51.5,48.5,206.0,49.97573993207181,114,103,0.0
959,103,97,51.5,2.06,1.94,51.5,48.5,206.0,49.97573993207181,114,103,0.0
960,103,97,51.5,2.06,1.94,51.5,48.5,206.0,49.97573993207181,114,103,0.0
961,103,97,51.5,2.06,1.94,51.5,48.5,206.0,49.97573993207181,114,103,0.0
962,103,97,51.5,2.06,1.94,51.5,48.5,206.0,49.97573993207181,114,103,0.0
963,103,97,51.5,2.06,1.94,51.5,48.5,206.0,49.97573993207181,114,103,0.0
964,103,97,51.5,2.06,1.94,51.5,48.5,206.0,49.97573993207181,114,103,0.0
965,103,97,51.5,2.06,1.94,51.5,48.5,206.0,49.97573993207181,114,103,0.0
966,103,97,51.5,2.06,1.94,51.5,48.5,206.0,49.97573993207181,114,103,0.0
967,103,97,51.5,2.06,1.94,51.5,48.5,206.0,49.97573993207181,114,103,0.0
968,103,97,51.5,2.06,1.94,51.5,48.5,206.0,49.97573993207181,114,103,0.0
969,103,97,51.5,2.06,1.94,51.5,48.5,206.0,49.97573993207181,114,103,0.0
970,103,97,51.5,2.06,1.94,51.5,48.5,206.0,49.97573993207181,114,103,0.0
971,103,97,51.5,2.06,1.94,51.5,48.5,206.0,49.97573993207181,114,103,0.0
972,103,97,51.5,2.06,1.94,51.5,48.5,206.0,49.97573993207181,114,103,0.0
973,103,97,51.5,2.06,1.94,51.5,48.5,206.0,49.97573993207181,114,103,0.0
974,103,97,51.5,2.06,1.94,51.5,48.5,206.0,49.97573993207181,114,103,0.0
975,103,97,51.5,2.06,1.94,51.5,48.5,206.0,49.97573993207181,114,103,0.0
976,103,97,51.5,2.06,1.94,51.5,48.5,206.0,49.97573993207181,114,103,0.0
977,103,97,51.5,2.06,1.94,51.5,48.5,206.0,49.97573993207181,114,103,0.0
978,103,97,51.5,2.06,1.94,51.5,48.5,206.0,49.97573993207181,114,103,0.0
979,103,97,51.5,2.06,1.94,51.5,48.5,206.0,49.97573993207181,114,103,0.0
980,103,97,51.5,2.06,1.94,51.5,48.5,206.0,49.97573993207181,114,103,0.0
981,103,97,51.5,2.06,1.94,51.5,48.5,206.0,49.97573993207181,114,103,0.0
982,103,97,51.5,2.06,1.94,51.5,48.5,206.0,49.97573993207181,114,103,0.0
983,103,97,51.5,2.06,1.94,51.5,48.5,206.0,49.97573993207181,114,103,0.0
984,103,97,51.5,2.06,1.94,51.5,48.5,206.0,49.97573993207181,114,103,0.0
985,103,97,51.5,2.06,1.94,51.5,48.5,206.0,49.97573993207181,114,103,0.0
986,103,97,51.5,2.06,1.94,51.5,48.5,206.0,49.97573993207181,114,103,0.0
987,103,97,51.5,2.06,1.94,51.5,48.5,206.0,49.97573993207181,114,103,0.0
988,103,97,51.5,2.06,1.94,51.5,48.5,206.0,49.97573993207181,114,103,0.0
989,103,97,51.5,2.06,1.94,51.5,48.5,206.0,49.97573993207181,114,103,0.0
990,103,97,51.5,2.06,1.94,51.5,48.5,206.0,49.97573993207181,114,103,0.0
991,103,97,51.5,2.06,1.94,51.5,48.5,206.0,49.97573993207181,114,103,0.0
992,103,97,51.5,2.06,1.94,51.5,48.5,206.0,49.97573993207181,114,103,0.0
993,103,97,51.5,2.06,1.94,51.5,48.5,206.0,49.97573993207181,114,103,0.0
994,103,97,51.5,2.06,1.94,51.5,48.5,206.0,49.97573993207181,114,103,0.0
995,103,97,51.5,2.06,1.94,51.5,48.5,206.0,49.97573993207181,114,103,0.0
996,103,97,51.5,2.06,1.94,51.5,48.5,206.0,49.97573993207181,114,103,0.0
997,103,97,51.5,2.06,1.94,51.5,48.5,206.0,49.97573993207181,114,103,0.0
998,103,97,51.5,2.06,1.94,51.5,48.5,206.0,49.97573993207181,114,103,0.0
999,103,97,51.5,2.06,1.94,51.5,48.5,206.0,49.97573993207181,114,103,0.0
1000,103,97,51.5,2.06,1.94,51.5,48.5,206.0,49.97573993207181,114,103,0.0
1001,103,97,51.5,2.06,1.94,51.5,48.5,206.0,49.97573993207181,114,103,0.0
1002,103,97,51.5,2.06,1.94,51.5,48.5,206.0,49.97573993207181,114,103,0.0
1003,103,97,51.5,2.06,1.94,51.5,48.5,206.0,49.97573993207181,114,103,0.0
1004,103,97,51.5,2.06,1.94,51.5,48.5,206.0,49.97573993207181,114,103,0.0
1005,103,97,51.5,2.06,1.94,51.5,48.5,206.0,49.97573993207181,114,103,0.0
1006,103,97,51.5,2.06,1.94,51.5,48.5,206.0,49.97573993207181,114,103,0.0
1007,103,97,51.5,2.06,1.94,51.5,48.5,206.0,49.97573993207181,114,103,0.0
1008,104,96,52.0,2.08,1.92,52.0,48.0,208.0,50.46094129063562,115,104,2.0
1009,104,96,52.0,2.08,1.92,52.0,48.0,208.0,50.46094129063562,115,104,0.0
1010,104,96,52.0,2.08,1.92,52.0,48.0,208.0,50.46094129063562,115,104,0.0
1011,104,96,52.0,2.08,1.92,52.0,48.0,208.0,50.46094129063562,115,104,0.0
1012,104,96,52.0,2.08,1.92,52.0,48.0,208.0,50.46094129063562,115,104,0.0
1013,105,95,52.5,2.1,1.9,52.5,47.5,210.0,50.94614264919942,116,105,2.0
1014,105,95,52.5,2.1,1.9,52.5,47.5,210.0,50.94614264919942,116,105,0.0
1015,105,95,52.5,2.1,1.9,52.5,47.5,210.0,50.94614264919942,116,105,0.0
1016,105,95,52.5,2.1,1.9,52.5,47.5,210.0,50.94614264919942,116,105,0.0
1017,105,95,52.5,2.1,1.9,52.5,47.5,210.0,50.94614264919942,116,105,0.0
1018,106,94,53.0,2.12,1.88,53.0,46.99999999999999,212.0,51.43134400776322,117,106,2.0
1019,106,94,53.0,2.12,1.88,53.0,46.99999999999999,212.0,51.43134400776322,117,106,0.0
1020,106,94,53.0,2.12,1.88,53.0,46.99999999999999,212.0,51.43134400776322,117,106,0.0
1021,106,94,53.0,2.12,1.88,53.0,46.99999999999999,212.0,51.43134400776322,117,106,0.0
1022,106,94,53.0,2.12,1.88,53.0,46.99999999999999,212.0,51.43134400776322,118,106,0.0
1023,106,94,53.0,2.12,1.88,53.0,46.99999999999999,212.0,51.43134400776322,119,106,0.0
1024,106,94,53.0,2.12,1.88,53.0,46.99999999999999,212.0,51.43134400776322,120,106,0.0
1025,106,94,53.0,2.12,1.88,53.0,46.99999999999999,212.0,51.43134400776322,120,106,0.0
1026,106,94,53.0,2.12,1.88,53.0,46.99999999999999,212.0,51.43134400776322,120,106,0.0
1027,106,94,53.0,2.12,1.88,53.0,46.99999999999999,212.0,51.43134400776322,120,106,0.0
1028,106,94,53.0,2.12,1.88,53.0,46.99999999999999,212.0,51.43134400776322,120,106,0.0
1029,106,94,53.0,2.12,1.88,53.0,46.99999999999999,212.0,51.43134400776322,120,106,0.0
1030,106,94,53.0,2.12,1.88,53.0,46.99999999999999,212.0,51.43134400776322,120,106,0.0
1031,106,94,53.0,2.12,1.88,53.0,46.99999999999999,212.0,51.43134400776322,120,106,0.0
1032,106,94,53.0,2.12,1.88,53.0,46.99999999999999,212.0,51.43134400776322,120,106,0.0
1033,106,94,53.0,2.12,1.88,53.0,46.99999999999999,212.0,51.43134400776322,120,106,0.0
1034,106,94,53.0,2.12,1.88,53.0,46.99999999999999,212.0,51.43134400776322,120,106,0.0
1035,106,94,53.0,2.12,1.88,53.0,46.99999999999999,212.0,51.43134400776322,120,106,0.0
1036,106,94,53.0,2.12,1.88,53.0,46.99999999999999,212.0,51.43134400776322,120,106,0.0
1037,106,94,53.0,2.12,1.88,53.0,46.99999999999999,212.0,51.43134400776322,120,106,0.0
1038,106,94,53.0,2.12,1.88,53.0,46.99999999999999,212.0,51.43134400776322,120,106,0.0
1039,106,94,53.0,2.12,1.88,53.0,46.99999999999999,212.0,51.43134400776322,120,106,0.0
1040,106,94,53.0,2.12,1.88,53.0,46.99999999999999,212.0,51.43134400776322,120,106,0.0
1041,106,94,53.0,2.12,1.88,53.0,46.99999999999999,212.0,51.43134400776322,121,106,0.0
1042,106,94,53.0,2.12,1.88,53.0,46.99999999999999,212.0,51.43134400776322,121,106,0.0
1043,106,94,53.0,2.12,1.88,53.0,46.99999999999999,212.0,51.43134400776322,122,106,0.0
1044,106,94,53.0,2.12,1.88,53.0,46.99999999999999,212.0,51.43134400776322,123,106,0.0
1045,106,94,53.0,2.12,1.88,53.0,46.99999999999999,212.0,51.43134400776322,123,106,0.0
1046,106,94,53.0,2.12,1.88,53.0,46.99999999999999,212.0,51.43134400776322,123,106,0.0
1047,106,94,53.0,2.12,1.88,53.0,46.99999999999999,212.0,51.43134400776322,123,106,0.0
1048,106,94,53.0,2.12,1.88,53.0,46.99999999999999,212.0,51.43134400776322,123,106,0.0
1049,106,94,53.0,2.12,1.88,53.0,46.99999999999999,212.0,51.43134400776322,123,106,0.0
1050,106,94,53.0,2.12,1.88,53.0,46.99999999999999,212.0,51.43134400776322,123,106,0.0
1051,106,94,53.0,2.12,1.88,53.0,46.99999999999999,212.0,51.43134400776322,123,106,0.0
1052,106,94,53.0,2.12,1.88,53.0,46.99999999999999,212.0,51.43134400776322,123,106,0.0
1053,106,94,53.0,2.12,1.88,53.0,46.99999999999999,212.0,51.43134400776322,123,106,0.0
1054,106,94,53.0,2.12,1.88,53.0,46.99999999999999,212.0,51.43134400776322,123,106,0.0
1055,106,94,53.0,2.12,1.88,53.0,46.99999999999999,212.0,51.43134400776322,123,106,0.0
1056,106,94,53.0,2.12,1.88,53.0,46.99999999999999,212.0,51.43134400776322,123,106,0.0
1057,106,94,53.0,2.12,1.88,53.0,46.99999999999999,212.0,51.43134400776322,123,106,0.0
1058,106,94,53.0,2.12,1.88,53.0,46.99999999999999,212.0,51.43134400776322,123,106,0.0
1059,106,94,53.0,2.12,1.88,53.0,46.99999999999999,212.0,51.43134400776322,123,106,0.0
1060,106,94,53.0,2.12,1.88,53.0,46.99999999999999,212.0,51.43134400776322,123,106,0.0
1061,106,94,53.0,2.12,1.88,53.0,46.99999999999999,212.0,51.43134400776322,123,106,0.0
1062,106,94,53.0,2.12,1.88,53.0,46.99999999999999,212.0,51.43134400776322,123,106,0.0
1063,106,94,53.0,2.12,1.88,53.0,46.99999999999999,212.0,51.43134400776322,123,106,0.0
1064,106,94,53.0,2.12,1.88,53.0,46.99999999999999,212.0,51.43134400776322,123,106,0.0
1065,106,94,53.0,2.12,1.88,53.0,46.99999999999999,212.0,51.43134400776322,123,106,0.0
1066,106,94,53.0,2.12,1.88,53.0,46.99999999999999,212.0,51.43134400776322,123,106,0.0
1067,106,94,53.0,2.12,1.88,53.0,46.99999999999999,212.0,51.43134400776322,123,106,0.0
1068,106,94,53.0,2.12,1.88,53.0,46.99999999999999,212.0,51.43134400776322,123,106,0.0
1069,106,94,53.0,2.12,1.88,53.0,46.99999999999999,212.0,51.43134400776322,123,106,0.0
1070,106,94,53.0,2.12,1.88,53.0,46.99999999999999,212.0,51.43134400776322,123,106,0.0
1071,106,94,53.0,2.12,1.88,53.0,46.99999999999999,212.0,51.43134400776322,123,106,0.0
1072,107,93,53.5,2.14,1.8599999999999999,53.5,46.49999999999999,214.0,51.91654536632703,124,107,2.0
1073,107,93,53.5,2.14,1.8599999999999999,53.5,46.49999999999999,214.0,51.91654536632703,124,107,0.0
1074,107,93,53.5,2.14,1.8599999999999999,53.5,46.49999999999999,214.0,51.91654536632703,124,107,0.0
1075,108,92,54.0,2.16,1.8399999999999999,54.0,45.99999999999999,216.0,52.40174672489083,125,108,2.0
1076,108,92,54.0,2.16,1.8399999999999999,54.0,45.99999999999999,216.0,52.40174672489083,125,108,0.0
1077,108,92,54.0,2.16,1.8399999999999999,54.0,45.99999999999999,216.0,52.40174672489083,125,108,0.0
1078,108,92,54.0,2.16,1.8399999999999999,54.0,45.99999999999999,216.0,52.40174672489083,125,108,0.0
1079,108,92,54.0,2.16,1.8399999999999999,54.0,45.99999999999999,216.0,52.40174672489083,125,108,0.0
1080,108,92,54.0,2.16,1.8399999999999999,54.0,45.99999999999999,216.0,52.40174672489083,125,108,0.0
1081,108,92,54.0,2.16,1.8399999999999999,54.0,45.99999999999999,216.0,52.40174672489083,125,108,0.0
1082,108,92,54.0,2.16,1.8399999999999999,54.0,45.99999999999999,216.0,52.40174672489083,125,108,0.0
1083,108,92,54.0,2.16,1.8399999999999999,54.0,45.99999999999999,216.0,52.40174672489083,125,108,0.0
1084,108,92,54.0,2.16,1.8399999999999999,54.0,45.99999999999999,216.0,52.40174672489083,126,108,0.0
1085,108,92,54.0,2.16,1.8399999999999999,54.0,45.99999999999999,216.0,52.40174672489083,127,108,0.0
1086,108,92,54.0,2.16,1.8399999999999999,54.0,45.99999999999999,216.0,52.40174672489083,128,108,0.0
1087,108,92,54.0,2.16,1.8399999999999999,54.0,45.99999999999999,216.0,52.40174672489083,128,108,0.0
1088,108,92,54.0,2.16,1.8399999999999999,54.0,45.99999999999999,216.0,52.40174672489083,128,108,0.0
1089,108,92,54.0,2.16,1.8399999999999999,54.0,45.99999999999999,216.0,52.40174672489083,129,108,0.0
1090,108,92,54.0,2.16,1.8399999999999999,54.0,45.99999999999999,216.0,52.40174672489083,129,108,0.0
1091,108,92,54.0,2.16,1.8399999999999999,54.0,45.99999999999999,216.0,52.40174672489083,129,108,0.0
1092,108,92,54.0,2.16,1.8399999999999999,54.0,45.99999999999999,216.0,52.40174672489083,129,108,0.0
1093,108,92,54.0,2.16,1.8399999999999999,54.0,45.99999999999999,216.0,52.40174672489083,129,108,0.0
1094,108,92,54.0,2.16,1.8399999999999999,54.0,45.99999999999999,216.0,52.40174672489083,129,108,0.0
1095,108,92,54.0,2.16,1.8399999999999999,54.0,45.99999999999999,216.0,52.40174672489083,129,108,0.0
1096,108,92,54.0,2.16,1.8399999999999999,54.0,45.99999999999999,216.0,52.40174672489083,129,108,0.0
1097,108,92,54.0,2.16,1.8399999999999999,54.0,45.99999999999999,216.0,52.40174672489083,129,108,0.0
1098,108,92,54.0,2.16,1.8399999999999999,54.0,45.99999999999999,216.0,52.40174672489083,129,108,0.0
1099,108,92,54.0,2.16,1.8399999999999999,54.0,45.99999999999999,216.0,52.40174672489083,129,108,0.0
1100,108,92,54.0,2.16,1.8399999999999999,54.0,45.99999999999999,216.0,52.40174672489083,129,108,0.0
1101,108,92,54.0,2.16,1.8399999999999999,54.0,45.99999999999999,216.0,52.40174672489083,129,108,0.0
1102,108,92,54.0,2.16,1.8399999999999999,54.0,45.99999999999999,216.0,52.40174672489083,129,108,0.0
1103,108,92,54.0,2.16,1.8399999999999999,54.0,45.99999999999999,216.0,52.40174672489083,129,108,0.0
1104,108,92,54.0,2.16,1.8399999999999999,54.0,45.99999999999999,216.0,52.40174672489083,129,108,0.0
1105,108,92,54.0,2.16,1.8399999999999999,54.0,45.99999999999999,216.0,52.40174672489083,129,108,0.0
1106,108,92,54.0,2.16,1.8399999999999999,54.0,45.99999999999999,216.0,52.40174672489083,129,108,0.0
1107,108,92,54.0,2.16,1.8399999999999999,54.0,45.99999999999999,216.0,52.40174672489083,129,108,0.0
1108,108,92,54.0,2.16,1.8399999999999999,54.0,45.99999999999999,216.0,52.40174672489083,129,108,0.0
1109,108,92,54.0,2.16,1.8399999999999999,54.0,45.99999999999999,216.0,52.40174672489083,129,108,0.0
1110,108,92,54.0,2.16,1.8399999999999999,54.0,45.99999999999999,216.0,52.40174672489083,129,108,0.0
1111,108,92,54.0,2.16,1.8399999999999999,54.0,45.99999999999999,216.0,52.40174672489083,129,108,0.0
1112,109,91,54.50000000000001,2.18,1.8199999999999998,54.5,45.49999999999999,218.0,52.886948083454634,130,109,2.0
1113,109,91,54.50000000000001,2.18,1.8199999999999998,54.5,45.49999999999999,218.0,52.886948083454634,130,109,0.0
1114,109,91,54.50000000000001,2.18,1.8199999999999998,54.5,45.49999999999999,218.0,52.886948083454634,130,109,0.0
1115,109,91,54.50000000000001,2.18,1.8199999999999998,54.5,45.49999999999999,218.0,52.886948083454634,130,109,0.0
1116,109,91,54.50000000000001,2.18,1.8199999999999998,54.5,45.49999999999999,218.0,52.886948083454634,130,109,0.0
1117,109,91,54.50000000000001,2.18,1.8199999999999998,54.5,45.49999999999999,218.0,52.886948083454634,131,109,0.0
1118,109,91,54.50000000000001,2.18,1.8199999999999998,54.5,45.49999999999999,218.0,52.886948083454634,131,109,0.0
1119,109,91,54.50000000000001,2.18,1.8199999999999998,54.5,45.49999999999999,218.0,52.886948083454634,131,109,0.0
1120,109,91,54.50000000000001,2.18,1.8199999999999998,54.5,45.49999999999999,218.0,52.886948083454634,131,109,0.0
1121,109,91,54.50000000000001,2.18,1.8199999999999998,54.5,45.49999999999999,218.0,52.886948083454634,132,109,0.0
1122,109,91,54.50000000000001,2.18,1.8199999999999998,54.5,45.49999999999999,218.0,52.886948083454634,133,109,0.0
1123,109,91,54.50000000000001,2.18,1.8199999999999998,54.5,45.49999999999999,218.0,52.886948083454634,134,109,0.0
1124,109,91,54.50000000000001,2.18,1.8199999999999998,54.5,45.49999999999999,218.0,52.886948083454634,134,109,0.0
1125,110,90,55.00000000000001,2.2,1.7999999999999998,55.0,44.99999999999999,220.0,53.37214944201843,136,110,2.0
1126,110,90,55.00000000000001,2.2,1.7999999999999998,55.0,44.99999999999999,220.0,53.37214944201843,136,110,0.0
1127,110,90,55.00000000000001,2.2,1.7999999999999998,55.0,44.99999999999999,220.0,53.37214944201843,136,110,0.0
1128,110,90,55.00000000000001,2.2,1.7999999999999998,55.0,44.99999999999999,220.0,53.37214944201843,136,110,0.0
1129,110,90,55.00000000000001,2.2,1.7999999999999998,55.0,44.99999999999999,220.0,53.37214944201843,136,110,0.0
1130,110,90,55.00000000000001,2.2,1.7999999999999998,55.0,44.99999999999999,220.0,53.37214944201843,136,110,0.0
1131,110,90,55.00000000000001,2.2,1.7999999999999998,55.0,44.99999999999999,220.0,53.37214944201843,136,110,0.0
1132,110,90,55.00000000000001,2.2,1.7999999999999998,55.0,44.99999999999999,220.0,53.37214944201843,137,110,0.0
1133,110,90,55.00000000000001,2.2,1.7999999999999998,55.0,44.99999999999999,220.0,53.37214944201843,137,110,0.0
1134,110,90,55.00000000000001,2.2,1.7999999999999998,55.0,44.99999999999999,220.0,53.37214944201843,137,110,0.0
1135,110,90,55.00000000000001,2.2,1.7999999999999998,55.0,44.99999999999999,220.0,53.37214944201843,137,110,0.0
1136,110,90,55.00000000000001,2.2,1.7999999999999998,55.0,44.99999999999999,220.0,53.37214944201843,137,110,0.0
1137,111,89,55.50000000000001,2.22,1.7799999999999998,55.50000000000001,44.49999999999999,222.00000000000003,53.857350800582246,138,111,2.0000000000000284
1138,111,89,55.50000000000001,2.22,1.7799999999999998,55.50000000000001,44.49999999999999,222.00000000000003,53.857350800582246,138,111,0.0
1139,111,89,55.50000000000001,2.22,1.7799999999999998,55.50000000000001,44.49999999999999,222.00000000000003,53.857350800582246,138,111,0.0
1140,111,89,55.50000000000001,2.22,1.7799999999999998,55.50000000000001,44.49999999999999,222.00000000000003,53.857350800582246,138,111,0.0
1141,111,89,55.50000000000001,2.22,1.7799999999999998,55.50000000000001,44.49999999999999,222.00000000000003,53.857350800582246,138,111,0.0
1142,111,89,55.50000000000001,2.22,1.7799999999999998,55.50000000000001,44.49999999999999,222.00000000000003,53.857350800582246,138,111,0.0
1143,111,89,55.50000000000001,2.22,1.7799999999999998,55.50000000000001,44.49999999999999,222.00000000000003,53.857350800582246,138,111,0.0
1144,111,89,55.50000000000001,2.22,1.7799999999999998,55.50000000000001,44.49999999999999,222.00000000000003,53.857350800582246,138,111,0.0
1145,111,89,55.50000000000001,2.22,1.7799999999999998,55.50000000000001,44.49999999999999,222.00000000000003,53.857350800582246,138,111,0.0
1146,111,89,55.50000000000001,2.22,1.7799999999999998,55.50000000000001,44.49999999999999,222.00000000000003,53.857350800582246,138,111,0.0
1147,111,89,55.50000000000001,2.22,1.7799999999999998,55.50000000000001,44.49999999999999,222.00000000000003,53.857350800582246,138,111,0.0
1148,111,89,55.50000000000001,2.22,1.7799999999999998,55.50000000000001,44.49999999999999,222.00000000000003,53.857350800582246,138,111,0.0
1149,111,89,55.50000000000001,2.22,1.7799999999999998,55.50000000000001,44.49999999999999,222.00000000000003,53.857350800582246,139,111,0.0
1150,111,89,55.50000000000001,2.22,1.7799999999999998,55.50000000000001,44.49999999999999,222.00000000000003,53.857350800582246,140,111,0.0
1151,111,89,55.50000000000001,2.22,1.7799999999999998,55.50000000000001,44.49999999999999,222.00000000000003,53.857350800582246,140,111,0.0
1152,111,89,55.50000000000001,2.22,1.7799999999999998,55.50000000000001,44.49999999999999,222.00000000000003,53.857350800582246,140,111,0.0
1153,111,89,55.50000000000001,2.22,1.7799999999999998,55.50000000000001,44.49999999999999,222.00000000000003,53.857350800582246,140,111,0.0
1154,111,89,55.50000000000001,2.22,1.7799999999999998,55.50000000000001,44.49999999999999,222.00000000000003,53.857350800582246,140,111,0.0
1155,111,89,55.50000000000001,2.22,1.7799999999999998,55.50000000000001,44.49999999999999,222.00000000000003,53.857350800582246,140,111,0.0
1156,111,89,55.50000000000001,2.22,1.7799999999999998,55.50000000000001,44.49999999999999,222.00000000000003,53.857350800582246,140,111,0.0
1157,111,89,55.50000000000001,2.22,1.7799999999999998,55.50000000000001,44.49999999999999,222.00000000000003,53.857350800582246,140,111,0.0
1158,111,89,55.50000000000001,2.22,1.7799999999999998,55.50000000000001,44.49999999999999,222.00000000000003,53.857350800582246,140,111,0.0
1159,111,89,55.50000000000001,2.22,1.7799999999999998,55.50000000000001,44.49999999999999,222.00000000000003,53.857350800582246,141,111,0.0
1160,111,89,55.50000000000001,2.22,1.7799999999999998,55.50000000000001,44.49999999999999,222.00000000000003,53.857350800582246,142,111,0.0
1161,111,89,55.50000000000001,2.22,1.7799999999999998,55.50000000000001,44.49999999999999,222.00000000000003,53.857350800582246,142,111,0.0
1162,111,89,55.50000000000001,2.22,1.7799999999999998,55.50000000000001,44.49999999999999,222.00000000000003,53.857350800582246,142,111,0.0
1163,111,89,55.50000000000001,2.22,1.7799999999999998,55.50000000000001,44.49999999999999,222.00000000000003,53.857350800582246,142,111,0.0
1164,111,89,55.50000000000001,2.22,1.7799999999999998,55.50000000000001,44.49999999999999,222.00000000000003,53.857350800582246,142,111,0.0
1165,111,89,55.50000000000001,2.22,1.7799999999999998,55.50000000000001,44.49999999999999,222.00000000000003,53.857350800582246,142,111,0.0
1166,111,89,55.50000000000001,2.22,1.7799999999999998,55.50000000000001,44.49999999999999,222.00000000000003,53.857350800582246,142,111,0.0
1167,111,89,55.50000000000001,2.22,1.7799999999999998,55.50000000000001,44.49999999999999,222.00000000000003,53.857350800582246,142,111,0.0
1168,111,89,55.50000000000001,2.22,1.7799999999999998,55.50000000000001,44.49999999999999,222.00000000000003,53.857350800582246,142,111,0.0
1169,111,89,55.50000000000001,2.22,1.7799999999999998,55.50000000000001,44.49999999999999,222.00000000000003,53.857350800582246,142,111,0.0
1170,111,89,55.50000000000001,2.22,1.7799999999999998,55.50000000000001,44.49999999999999,222.00000000000003,53.857350800582246,142,111,0.0
1171,111,89,55.50000000000001,2.22,1.7799999999999998,55.50000000000001,44.49999999999999,222.00000000000003,53.857350800582246,142,111,0.0
1172,111,89,55.50000000000001,2.22,1.7799999999999998,55.50000000000001,44.49999999999999,222.00000000000003,53.857350800582246,144,111,0.0
1173,111,89,55.50000000000001,2.22,1.7799999999999998,55.50000000000001,44.49999999999999,222.00000000000003,53.857350800582246,145,111,0.0
1174,111,89,55.50000000000001,2.22,1.7799999999999998,55.50000000000001,44.49999999999999,222.00000000000003,53.857350800582246,146,111,0.0
1175,111,89,55.50000000000001,2.22,1.7799999999999998,55.50000000000001,44.49999999999999,222.00000000000003,53.857350800582246,147,111,0.0
1176,111,89,55.50000000000001,2.22,1.7799999999999998,55.50000000000001,44.49999999999999,222.00000000000003,53.857350800582246,148,111,0.0
1177,111,89,55.50000000000001,2.22,1.7799999999999998,55.50000000000001,44.49999999999999,222.00000000000003,53.857350800582246,149,111,0.0
1178,111,89,55.50000000000001,2.22,1.7799999999999998,55.50000000000001,44.49999999999999,222.00000000000003,53.857350800582246,149,111,0.0
1179,111,89,55.50000000000001,2.22,1.7799999999999998,55.50000000000001,44.49999999999999,222.00000000000003,53.857350800582246,149,111,0.0
1180,111,89,55.50000000000001,2.22,1.7799999999999998,55.50000000000001,44.49999999999999,222.00000000000003,53.857350800582246,149,111,0.0
1181,111,89,55.50000000000001,2.22,1.7799999999999998,55.50000000000001,44.49999999999999,222.00000000000003,53.857350800582246,149,111,0.0
1182,111,89,55.50000000000001,2.22,1.7799999999999998,55.50000000000001,44.49999999999999,222.00000000000003,53.857350800582246,149,111,0.0
1183,111,89,55.50000000000001,2.22,1.7799999999999998,55.50000000000001,44.49999999999999,222.00000000000003,53.857350800582246,149,111,0.0
1184,111,89,55.50000000000001,2.22,1.7799999999999998,55.50000000000001,44.49999999999999,222.00000000000003,53.857350800582246,149,111,0.0
1185,111,89,55.50000000000001,2.22,1.7799999999999998,55.50000000000001,44.49999999999999,222.00000000000003,53.857350800582246,149,111,0.0
1186,111,89,55.50000000000001,2.22,1.7799999999999998,55.50000000000001,44.49999999999999,222.00000000000003,53.857350800582246,149,111,0.0
1187,111,89,55.50000000000001,2.22,1.7799999999999998,55.50000000000001,44.49999999999999,222.00000000000003,53.857350800582246,149,111,0.0
1188,111,89,55.50000000000001,2.22,1.7799999999999998,55.50000000000001,44.49999999999999,222.00000000000003,53.857350800582246,149,111,0.0
1189,111,89,55.50000000000001,2.22,1.7799999999999998,55.50000000000001,44.49999999999999,222.00000000000003,53.857350800582246,149,111,0.0
1190,111,89,55.50000000000001,2.22,1.7799999999999998,55.50000000000001,44.49999999999999,222.00000000000003,53.857350800582246,149,111,0.0
1191,111,89,55.50000000000001,2.22,1.7799999999999998,55.50000000000001,44.49999999999999,222.00000000000003,53.857350800582246,149,111,0.0
1192,111,89,55.50000000000001,2.22,1.7799999999999998,55.50000000000001,44.49999999999999,222.00000000000003,53.857350800582246,149,111,0.0
1193,111,89,55.50000000000001,2.22,1.7799999999999998,55.50000000000001,44.49999999999999,222.00000000000003,53.857350800582246,149,111,0.0
1194,111,89,55.50000000000001,2.22,1.7799999999999998,55.50000000000001,44.49999999999999,222.00000000000003,53.857350800582246,149,111,0.0
1195,111,89,55.50000000000001,2.22,1.7799999999999998,55.50000000000001,44.49999999999999,222.00000000000003,53.857350800582246,149,111,0.0
1196,111,89,55.50000000000001,2.22,1.7799999999999998,55.50000000000001,44.49999999999999,222.00000000000003,53.857350800582246,149,111,0.0
1197,111,89,55.50000000000001,2.22,1.7799999999999998,55.50000000000001,44.49999999999999,222.00000000000003,53.857350800582246,149,111,0.0
1198,111,89,55.50000000000001,2.22,1.7799999999999998,55.50000000000001,44.49999999999999,222.00000000000003,53.857350800582246,149,111,0.0
1199,111,89,55.50000000000001,2.22,1.7799999999999998,55.50000000000001,44.49999999999999,222.00000000000003,53.857350800582246,149,111,0.0
1200,111,89,55.50000000000001,2.22,1.7799999999999998,55.50000000000001,44.49999999999999,222.00000000000003,53.857350800582246,149,111,0.0
1201,111,89,55.50000000000001,2.22,1.7799999999999998,55.50000000000001,44.49999999999999,222.00000000000003,53.857350800582246,149,111,0.0
1202,111,89,55.50000000000001,2.22,1.7799999999999998,55.50000000000001,44.49999999999999,222.00000000000003,53.857350800582246,149,111,0.0
1203,111,89,55.50000000000001,2.22,1.7799999999999998,55.50000000000001,44.49999999999999,222.00000000000003,53.857350800582246,149,111,0.0
1204,111,89,55.50000000000001,2.22,1.7799999999999998,55.50000000000001,44.49999999999999,222.00000000000003,53.857350800582246,149,111,0.0
1205,111,89,55.50000000000001,2.22,1.7799999999999998,55.50000000000001,44.49999999999999,222.00000000000003,53.857350800582246,149,111,0.0
1206,111,89,55.50000000000001,2.22,1.7799999999999998,55.50000000000001,44.49999999999999,222.00000000000003,53.857350800582246,149,111,0.0
1207,112,88,56.00000000000001,2.24,1.7599999999999998,56.00000000000001,43.99999999999999,224.00000000000003,54.34255215914605,150,112,2.0
1208,112,88,56.00000000000001,2.24,1.7599999999999998,56.00000000000001,43.99999999999999,224.00000000000003,54.34255215914605,150,112,0.0
1209,112,88,56.00000000000001,2.24,1.7599999999999998,56.00000000000001,43.99999999999999,224.00000000000003,54.34255215914605,150,112,0.0
1210,112,88,56.00000000000001,2.24,1.7599999999999998,56.00000000000001,43.99999999999999,224.00000000000003,54.34255215914605,151,112,0.0
1211,112,88,56.00000000000001,2.24,1.7599999999999998,56.00000000000001,43.99999999999999,224.00000000000003,54.34255215914605,152,112,0.0
1212,112,88,56.00000000000001,2.24,1.7599999999999998,56.00000000000001,43.99999999999999,224.00000000000003,54.34255215914605,152,112,0.0
1213,112,88,56.00000000000001,2.24,1.7599999999999998,56.00000000000001,43.99999999999999,224.00000000000003,54.34255215914605,152,112,0.0
1214,112,88,56.00000000000001,2.24,1.7599999999999998,56.00000000000001,43.99999999999999,224.00000000000003,54.34255215914605,152,112,0.0
1215,112,88,56.00000000000001,2.24,1.7599999999999998,56.00000000000001,43.99999999999999,224.00000000000003,54.34255215914605,152,112,0.0
1216,112,88,56.00000000000001,2.24,1.7599999999999998,56.00000000000001,43.99999999999999,224.00000000000003,54.34255215914605,152,112,0.0
1217,112,88,56.00000000000001,2.24,1.7599999999999998,56.00000000000001,43.99999999999999,224.00000000000003,54.34255215914605,152,112,0.0
1218,112,88,56.00000000000001,2.24,1.7599999999999998,56.00000000000001,43.99999999999999,224.00000000000003,54.34255215914605,152,112,0.0
1219,112,88,56.00000000000001,2.24,1.7599999999999998,56.00000000000001,43.99999999999999,224.00000000000003,54.34255215914605,152,112,0.0
1220,112,88,56.00000000000001,2.24,1.7599999999999998,56.00000000000001,43.99999999999999,224.00000000000003,54.34255215914605,152,112,0.0
1221,112,88,56.00000000000001,2.24,1.7599999999999998,56.00000000000001,43.99999999999999,224.00000000000003,54.34255215914605,152,112,0.0
1222,112,88,56.00000000000001,2.24,1.7599999999999998,56.00000000000001,43.99999999999999,224.00000000000003,54.34255215914605,152,112,0.0
1223,112,88,56.00000000000001,2.24,1.7599999999999998,56.00000000000001,43.99999999999999,224.00000000000003,54.34255215914605,152,112,0.0
1224,112,88,56.00000000000001,2.24,1.7599999999999998,56.00000000000001,43.99999999999999,224.00000000000003,54.34255215914605,152,112,0.0
1225,112,88,56.00000000000001,2.24,1.7599999999999998,56.00000000000001,43.99999999999999,224.00000000000003,54.34255215914605,152,112,0.0
1226,112,88,56.00000000000001,2.24,1.7599999999999998,56.00000000000001,43.99999999999999,224.00000000000003,54.34255215914605,152,112,0.0
1227,112,88,56.00000000000001,2.24,1.7599999999999998,56.00000000000001,43.99999999999999,224.00000000000003,54.34255215914605,152,112,0.0
1228,112,88,56.00000000000001,2.24,1.7599999999999998,56.00000000000001,43.99999999999999,224.00000000000003,54.34255215914605,152,112,0.0
1229,112,88,56.00000000000001,2.24,1.7599999999999998,56.00000000000001,43.99999999999999,224.00000000000003,54.34255215914605,152,112,0.0
1230,112,88,56.00000000000001,2.24,1.7599999999999998,56.00000000000001,43.99999999999999,224.00000000000003,54.34255215914605,152,112,0.0
1231,112,88,56.00000000000001,2.24,1.7599999999999998,56.00000000000001,43.99999999999999,224.00000000000003,54.34255215914605,152,112,0.0
1232,112,88,56.00000000000001,2.24,1.7599999999999998,56.00000000000001,43.99999999999999,224.00000000000003,54.34255215914605,152,112,0.0
1233,112,88,56.00000000000001,2.24,1.7599999999999998,56.00000000000001,43.99999999999999,224.00000000000003,54.34255215914605,152,112,0.0
1234,112,88,56.00000000000001,2.24,1.7599999999999998,56.00000000000001,43.99999999999999,224.00000000000003,54.34255215914605,153,112,0.0
1235,112,88,56.00000000000001,2.24,1.7599999999999998,56.00000000000001,43.99999999999999,224.00000000000003,54.34255215914605,153,112,0.0
1236,112,88,56.00000000000001,2.24,1.7599999999999998,56.00000000000001,43.99999999999999,224.00000000000003,54.34255215914605,153,112,0.0
1237,112,88,56.00000000000001,2.24,1.7599999999999998,56.00000000000001,43.99999999999999,224.00000000000003,54.34255215914605,153,112,0.0
1238,112,88,56.00000000000001,2.24,1.7599999999999998,56.00000000000001,43.99999999999999,224.00000000000003,54.34255215914605,153,112,0.0
1239,112,88,56.00000000000001,2.24,1.7599999999999998,56.00000000000001,43.99999999999999,224.00000000000003,54.34255215914605,153,112,0.0
1240,112,88,56.00000000000001,2.24,1.7599999999999998,56.00000000000001,43.99999999999999,224.00000000000003,54.34255215914605,153,112,0.0
1241,113,87,56.49999999999999,2.2600000000000002,1.7399999999999998,56.50000000000001,43.49999999999999,226.00000000000003,54.82775351770985,154,113,2.0
1242,113,87,56.49999999999999,2.2600000000000002,1.7399999999999998,56.50000000000001,43.49999999999999,226.00000000000003,54.82775351770985,154,113,0.0
1243,113,87,56.49999999999999,2.2600000000000002,1.7399999999999998,56.50000000000001,43.49999999999999,226.00000000000003,54.82775351770985,154,113,0.0
1244,113,87,56.49999999999999,2.2600000000000002,1.7399999999999998,56.50000000000001,43.49999999999999,226.00000000000003,54.82775351770985,154,113,0.0
1245,113,87,56.49999999999999,2.2600000000000002,1.7399999999999998,56.50000000000001,43.49999999999999,226.00000000000003,54.82775351770985,154,113,0.0
1246,113,87,56.49999999999999,2.2600000000000002,1.7399999999999998,56.50000000000001,43.49999999999999,226.00000000000003,54.82775351770985,155,113,0.0
1247,113,87,56.49999999999999,2.2600000000000002,1.7399999999999998,56.50000000000001,43.49999999999999,226.00000000000003,54.82775351770985,155,113,0.0
1248,113,87,56.49999999999999,2.2600000000000002,1.7399999999999998,56.50000000000001,43.49999999999999,226.00000000000003,54.82775351770985,155,113,0.0
1249,113,87,56.49999999999999,2.2600000000000002,1.7399999999999998,56.50000000000001,43.49999999999999,226.00000000000003,54.82775351770985,155,113,0.0
1250,113,87,56.49999999999999,2.2600000000000002,1.7399999999999998,56.50000000000001,43.49999999999999,226.00000000000003,54.82775351770985,155,113,0.0
1251,113,87,56.49999999999999,2.2600000000000002,1.7399999999999998,56.50000000000001,43.49999999999999,226.00000000000003,54.82775351770985,155,113,0.0
1252,113,87,56.49999999999999,2.2600000000000002,1.7399999999999998,56.50000000000001,43.49999999999999,226.00000000000003,54.82775351770985,155,113,0.0
1253,113,87,56.49999999999999,2.2600000000000002,1.7399999999999998,56.50000000000001,43.49999999999999,226.00000000000003,54.82775351770985,155,113,0.0
1254,113,87,56.49999999999999,2.2600000000000002,1.7399999999999998,56.50000000000001,43.49999999999999,226.00000000000003,54.82775351770985,155,113,0.0
1255,113,87,56.49999999999999,2.2600000000000002,1.7399999999999998,56.50000000000001,43.49999999999999,226.00000000000003,54.82775351770985,155,113,0.0
1256,113,87,56.49999999999999,2.2600000000000002,1.7399999999999998,56.50000000000001,43.49999999999999,226.00000000000003,54.82775351770985,155,113,0.0
1257,113,87,56.49999999999999,2.2600000000000002,1.7399999999999998,56.50000000000001,43.49999999999999,226.00000000000003,54.82775351770985,155,113,0.0
1258,113,87,56.49999999999999,2.2600000000000002,1.7399999999999998,56.50000000000001,43.49999999999999,226.00000000000003,54.82775351770985,155,113,0.0
1259,113,87,56.49999999999999,2.2600000000000002,1.7399999999999998,56.50000000000001,43.49999999999999,226.00000000000003,54.82775351770985,155,113,0.0
1260,113,87,56.49999999999999,2.2600000000000002,1.7399999999999998,56.50000000000001,43.49999999999999,226.00000000000003,54.82775351770985,155,113,0.0
1261,113,87,56.49999999999999,2.2600000000000002,1.7399999999999998,56.50000000000001,43.49999999999999,226.00000000000003,54.82775351770985,155,113,0.0
1262,113,87,56.49999999999999,2.2600000000000002,1.7399999999999998,56.50000000000001,43.49999999999999,226.00000000000003,54.82775351770985,155,113,0.0
1263,113,87,56.49999999999999,2.2600000000000002,1.7399999999999998,56.50000000000001,43.49999999999999,226.00000000000003,54.82775351770985,155,113,0.0
1264,113,87,56.49999999999999,2.2600000000000002,1.7399999999999998,56.50000000000001,43.49999999999999,226.00000000000003,54.82775351770985,155,113,0.0
1265,113,87,56.49999999999999,2.2600000000000002,1.7399999999999998,56.50000000000001,43.49999999999999,226.00000000000003,54.82775351770985,155,113,0.0
1266,114,86,56.99999999999999,2.2800000000000002,1.7199999999999998,57.00000000000001,42.99999999999999,228.00000000000003,55.31295487627366,156,114,2.0
1267,114,86,56.99999999999999,2.2800000000000002,1.7199999999999998,57.00000000000001,42.99999999999999,228.00000000000003,55.31295487627366,156,114,0.0
1268,114,86,56.99999999999999,2.2800000000000002,1.7199999999999998,57.00000000000001,42.99999999999999,228.00000000000003,55.31295487627366,156,114,0.0
1269,114,86,56.99999999999999,2.2800000000000002,1.7199999999999998,57.00000000000001,42.99999999999999,228.00000000000003,55.31295487627366,156,114,0.0
1270,114,86,56.99999999999999,2.2800000000000002,1.7199999999999998,57.00000000000001,42.99999999999999,228.00000000000003,55.31295487627366,156,114,0.0
1271,114,86,56.99999999999999,2.2800000000000002,1.7199999999999998,57.00000000000001,42.99999999999999,228.00000000000003,55.31295487627366,156,114,0.0
1272,114,86,56.99999999999999,2.2800000000000002,1.7199999999999998,57.00000000000001,42.99999999999999,228.00000000000003,55.31295487627366,156,114,0.0
1273,114,86,56.99999999999999,2.2800000000000002,1.7199999999999998,57.00000000000001,42.99999999999999,228.00000000000003,55.31295487627366,156,114,0.0
1274,114,86,56.99999999999999,2.2800000000000002,1.7199999999999998,57.00000000000001,42.99999999999999,228.00000000000003,55.31295487627366,156,114,0.0
1275,114,86,56.99999999999999,2.2800000000000002,1.7199999999999998,57.00000000000001,42.99999999999999,228.00000000000003,55.31295487627366,156,114,0.0
1276,114,86,56.99999999999999,2.2800000000000002,1.7199999999999998,57.00000000000001,42.99999999999999,228.00000000000003,55.31295487627366,156,114,0.0
1277,114,86,56.99999999999999,2.2800000000000002,1.7199999999999998,57.00000000000001,42.99999999999999,228.00000000000003,55.31295487627366,156,114,0.0
1278,114,86,56.99999999999999,2.2800000000000002,1.7199999999999998,57.00000000000001,42.99999999999999,228.00000000000003,55.31295487627366,156,114,0.0
1279,114,86,56.99999999999999,2.2800000000000002,1.7199999999999998,57.00000000000001,42.99999999999999,228.00000000000003,55.31295487627366,156,114,0.0
1280,114,86,56.99999999999999,2.2800000000000002,1.7199999999999998,57.00000000000001,42.99999999999999,228.00000000000003,55.31295487627366,156,114,0.0
1281,115,85,57.49999999999999,2.3000000000000003,1.6999999999999997,57.50000000000001,42.49999999999999,230.00000000000003,55.79815623483747,157,115,2.0
1282,115,85,57.49999999999999,2.3000000000000003,1.6999999999999997,57.50000000000001,42.49999999999999,230.00000000000003,55.79815623483747,157,115,0.0
1283,115,85,57.49999999999999,2.3000000000000003,1.6999999999999997,57.50000000000001,42.49999999999999,230.00000000000003,55.79815623483747,157,115,0.0
1284,116,84,57.99999999999999,2.32,1.6800000000000002,57.99999999999999,42.0,231.99999999999997,56.28335759340125,158,116,1.9999999999999432
1285,116,84,57.99999999999999,2.32,1.6800000000000002,57.99999999999999,42.0,231.99999999999997,56.28335759340125,158,116,0.0
1286,116,84,57.99999999999999,2.32,1.6800000000000002,57.99999999999999,42.0,231.99999999999997,56.28335759340125,158,116,0.0
1287,116,84,57.99999999999999,2.32,1.6800000000000002,57.99999999999999,42.0,231.99999999999997,56.28335759340125,158,116,0.0
1288,116,84,57.99999999999999,2.32,1.6800000000000002,57.99999999999999,42.0,231.99999999999997,56.28335759340125,159,116,0.0
1289,117,83,58.5,2.34,1.6600000000000001,58.49999999999999,41.5,233.99999999999997,56.76855895196506,160,117,2.0
1290,117,83,58.5,2.34,1.6600000000000001,58.49999999999999,41.5,233.99999999999997,56.76855895196506,160,117,0.0
1291,117,83,58.5,2.34,1.6600000000000001,58.49999999999999,41.5,233.99999999999997,56.76855895196506,160,117,0.0
1292,117,83,58.5,2.34,1.6600000000000001,58.49999999999999,41.5,233.99999999999997,56.76855895196506,160,117,0.0
1293,117,83,58.5,2.34,1.6600000000000001,58.49999999999999,41.5,233.99999999999997,56.76855895196506,160,117,0.0
1294,117,83,58.5,2.34,1.6600000000000001,58.49999999999999,41.5,233.99999999999997,56.76855895196506,160,117,0.0
1295,117,83,58.5,2.34,1.6600000000000001,58.49999999999999,41.5,233.99999999999997,56.76855895196506,160,117,0.0
1296,117,83,58.5,2.34,1.6600000000000001,58.49999999999999,41.5,233.99999999999997,56.76855895196506,160,117,0.0
1297,117,83,58.5,2.34,1.6600000000000001,58.49999999999999,41.5,233.99999999999997,56.76855895196506,160,117,0.0
1298,117,83,58.5,2.34,1.6600000000000001,58.49999999999999,41.5,233.99999999999997,56.76855895196506,160,117,0.0
1299,117,83,58.5,2.34,1.6600000000000001,58.49999999999999,41.5,233.99999999999997,56.76855895196506,160,117,0.0
1300,117,83,58.5,2.34,1.6600000000000001,58.49999999999999,41.5,233.99999999999997,56.76855895196506,160,117,0.0
1301,117,83,58.5,2.34,1.6600000000000001,58.49999999999999,41.5,233.99999999999997,56.76855895196506,160,117,0.0
1302,117,83,58.5,2.34,1.6600000000000001,58.49999999999999,41.5,233.99999999999997,56.76855895196506,160,117,0.0
1303,117,83,58.5,2.34,1.6600000000000001,58.49999999999999,41.5,233.99999999999997,56.76855895196506,160,117,0.0
1304,117,83,58.5,2.34,1.6600000000000001,58.49999999999999,41.5,233.99999999999997,56.76855895196506,160,117,0.0
1305,117,83,58.5,2.34,1.6600000000000001,58.49999999999999,41.5,233.99999999999997,56.76855895196506,160,117,0.0
1306,117,83,58.5,2.34,1.6600000000000001,58.49999999999999,41.5,233.99999999999997,56.76855895196506,160,117,0.0
1307,117,83,58.5,2.34,1.6600000000000001,58.49999999999999,41.5,233.99999999999997,56.76855895196506,160,117,0.0
1308,117,83,58.5,2.34,1.6600000000000001,58.49999999999999,41.5,233.99999999999997,56.76855895196506,160,117,0.0
1309,117,83,58.5,2.34,1.6600000000000001,58.49999999999999,41.5,233.99999999999997,56.76855895196506,160,117,0.0
1310,117,83,58.5,2.34,1.6600000000000001,58.49999999999999,41.5,233.99999999999997,56.76855895196506,160,117,0.0
1311,117,83,58.5,2.34,1.6600000000000001,58.49999999999999,41.5,233.99999999999997,56.76855895196506,160,117,0.0
1312,117,83,58.5,2.34,1.6600000000000001,58.49999999999999,41.5,233.99999999999997,56.76855895196506,160,117,0.0
1313,117,83,58.5,2.34,1.6600000000000001,58.49999999999999,41.5,233.99999999999997,56.76855895196506,160,117,0.0
1314,117,83,58.5,2.34,1.6600000000000001,58.49999999999999,41.5,233.99999999999997,56.76855895196506,160,117,0.0
1315,117,83,58.5,2.34,1.6600000000000001,58.49999999999999,41.5,233.99999999999997,56.76855895196506,160,117,0.0
1316,117,83,58.5,2.34,1.6600000000000001,58.49999999999999,41.5,233.99999999999997,56.76855895196506,160,117,0.0
1317,117,83,58.5,2.34,1.6600000000000001,58.49999999999999,41.5,233.99999999999997,56.76855895196506,160,117,0.0
1318,117,83,58.5,2.34,1.6600000000000001,58.49999999999999,41.5,233.99999999999997,56.76855895196506,160,117,0.0
1319,117,83,58.5,2.34,1.6600000000000001,58.49999999999999,41.5,233.99999999999997,56.76855895196506,160,117,0.0
1320,117,83,58.5,2.34,1.6600000000000001,58.49999999999999,41.5,233.99999999999997,56.76855895196506,160,117,0.0
1321,117,83,58.5,2.34,1.6600000000000001,58.49999999999999,41.5,233.99999999999997,56.76855895196506,160,117,0.0
1322,117,83,58.5,2.34,1.6600000000000001,58.49999999999999,41.5,233.99999999999997,56.76855895196506,160,117,0.0
1323,117,83,58.5,2.34,1.6600000000000001,58.49999999999999,41.5,233.99999999999997,56.76855895196506,160,117,0.0
1324,117,83,58.5,2.34,1.6600000000000001,58.49999999999999,41.5,233.99999999999997,56.76855895196506,161,117,0.0
1325,117,83,58.5,2.34,1.6600000000000001,58.49999999999999,41.5,233.99999999999997,56.76855895196506,162,117,0.0
1326,117,83,58.5,2.34,1.6600000000000001,58.49999999999999,41.5,233.99999999999997,56.76855895196506,163,117,0.0
1327,117,83,58.5,2.34,1.6600000000000001,58.49999999999999,41.5,233.99999999999997,56.76855895196506,163,117,0.0
1328,117,83,58.5,2.34,1.6600000000000001,58.49999999999999,41.5,233.99999999999997,56.76855895196506,163,117,0.0
1329,117,83,58.5,2.34,1.6600000000000001,58.49999999999999,41.5,233.99999999999997,56.76855895196506,163,117,0.0
1330,117,83,58.5,2.34,1.6600000000000001,58.49999999999999,41.5,233.99999999999997,56.76855895196506,163,117,0.0
1331,117,83,58.5,2.34,1.6600000000000001,58.49999999999999,41.5,233.99999999999997,56.76855895196506,163,117,0.0
1332,117,83,58.5,2.34,1.6600000000000001,58.49999999999999,41.5,233.99999999999997,56.76855895196506,163,117,0.0
1333,117,83,58.5,2.34,1.6600000000000001,58.49999999999999,41.5,233.99999999999997,56.76855895196506,163,117,0.0
1334,117,83,58.5,2.34,1.6600000000000001,58.49999999999999,41.5,233.99999999999997,56.76855895196506,163,117,0.0
1335,117,83,58.5,2.34,1.6600000000000001,58.49999999999999,41.5,233.99999999999997,56.76855895196506,163,117,0.0
1336,117,83,58.5,2.34,1.6600000000000001,58.49999999999999,41.5,233.99999999999997,56.76855895196506,163,117,0.0
1337,117,83,58.5,2.34,1.6600000000000001,58.49999999999999,41.5,233.99999999999997,56.76855895196506,163,117,0.0
1338,117,83,58.5,2.34,1.6600000000000001,58.49999999999999,41.5,233.99999999999997,56.76855895196506,163,117,0.0
1339,117,83,58.5,2.34,1.6600000000000001,58.49999999999999,41.5,233.99999999999997,56.76855895196506,163,117,0.0
1340,117,83,58.5,2.34,1.6600000000000001,58.49999999999999,41.5,233.99999999999997,56.76855895196506,163,117,0.0
1341,117,83,58.5,2.34,1.6600000000000001,58.49999999999999,41.5,233.99999999999997,56.76855895196506,163,117,0.0
1342,118,82,59.0,2.36,1.6400000000000001,58.99999999999999,41.0,235.99999999999997,57.25376031052887,164,118,2.0
1343,118,82,59.0,2.36,1.6400000000000001,58.99999999999999,41.0,235.99999999999997,57.25376031052887,164,118,0.0
1344,118,82,59.0,2.36,1.6400000000000001,58.99999999999999,41.0,235.99999999999997,57.25376031052887,164,118,0.0
1345,118,82,59.0,2.36,1.6400000000000001,58.99999999999999,41.0,235.99999999999997,57.25376031052887,164,118,0.0
1346,118,82,59.0,2.36,1.6400000000000001,58.99999999999999,41.0,235.99999999999997,57.25376031052887,164,118,0.0
1347,118,82,59.0,2.36,1.6400000000000001,58.99999999999999,41.0,235.99999999999997,57.25376031052887,164,118,0.0
1348,118,82,59.0,2.36,1.6400000000000001,58.99999999999999,41.0,235.99999999999997,57.25376031052887,164,118,0.0
1349,118,82,59.0,2.36,1.6400000000000001,58.99999999999999,41.0,235.99999999999997,57.25376031052887,164,118,0.0
1350,118,82,59.0,2.36,1.6400000000000001,58.99999999999999,41.0,235.99999999999997,57.25376031052887,164,118,0.0
1351,118,82,59.0,2.36,1.6400000000000001,58.99999999999999,41.0,235.99999999999997,57.25376031052887,164,118,0.0
1352,118,82,59.0,2.36,1.6400000000000001,58.99999999999999,41.0,235.99999999999997,57.25376031052887,164,118,0.0
1353,119,81,59.5,2.38,1.62,59.49999999999999,40.5,237.99999999999997,57.73896166909267,165,119,2.0
1354,119,81,59.5,2.38,1.62,59.49999999999999,40.5,237.99999999999997,57.73896166909267,165,119,0.0
1355,119,81,59.5,2.38,1.62,59.49999999999999,40.5,237.99999999999997,57.73896166909267,165,119,0.0
1356,119,81,59.5,2.38,1.62,59.49999999999999,40.5,237.99999999999997,57.73896166909267,165,119,0.0
1357,119,81,59.5,2.38,1.62,59.49999999999999,40.5,237.99999999999997,57.73896166909267,165,119,0.0
1358,119,81,59.5,2.38,1.62,59.49999999999999,40.5,237.99999999999997,57.73896166909267,165,119,0.0
1359,119,81,59.5,2.38,1.62,59.49999999999999,40.5,237.99999999999997,57.73896166909267,165,119,0.0
1360,119,81,59.5,2.38,1.62,59.49999999999999,40.5,237.99999999999997,57.73896166909267,165,119,0.0
1361,119,81,59.5,2.38,1.62,59.49999999999999,40.5,237.99999999999997,57.73896166909267,165,119,0.0
1362,119,81,59.5,2.38,1.62,59.49999999999999,40.5,237.99999999999997,57.73896166909267,165,119,0.0
1363,119,81,59.5,2.38,1.62,59.49999999999999,40.5,237.99999999999997,57.73896166909267,165,119,0.0
1364,119,81,59.5,2.38,1.62,59.49999999999999,40.5,237.99999999999997,57.73896166909267,165,119,0.0
1365,119,81,59.5,2.38,1.62,59.49999999999999,40.5,237.99999999999997,57.73896166909267,165,119,0.0
1366,119,81,59.5,2.38,1.62,59.49999999999999,40.5,237.99999999999997,57.73896166909267,165,119,0.0
1367,119,81,59.5,2.38,1.62,59.49999999999999,40.5,237.99999999999997,57.73896166909267,166,119,0.0
1368,119,81,59.5,2.38,1.62,59.49999999999999,40.5,237.99999999999997,57.73896166909267,167,119,0.0
1369,119,81,59.5,2.38,1.62,59.49999999999999,40.5,237.99999999999997,57.73896166909267,167,119,0.0
1370,120,80,60.0,2.4,1.6,60.0,40.0,240.0,58.22416302765648,168,120,2.0000000000000284
1371,120,80,60.0,2.4,1.6,60.0,40.0,240.0,58.22416302765648,169,120,0.0
1372,120,80,60.0,2.4,1.6,60.0,40.0,240.0,58.22416302765648,170,120,0.0
1373,120,80,60.0,2.4,1.6,60.0,40.0,240.0,58.22416302765648,170,120,0.0
1374,120,80,60.0,2.4,1.6,60.0,40.0,240.0,58.22416302765648,170,120,0.0
1375,120,80,60.0,2.4,1.6,60.0,40.0,240.0,58.22416302765648,170,120,0.0
1376,120,80,60.0,2.4,1.6,60.0,40.0,240.0,58.22416302765648,170,120,0.0
1377,120,80,60.0,2.4,1.6,60.0,40.0,240.0,58.22416302765648,170,120,0.0
1378,120,80,60.0,2.4,1.6,60.0,40.0,240.0,58.22416302765648,170,120,0.0
1379,120,80,60.0,2.4,1.6,60.0,40.0,240.0,58.22416302765648,170,120,0.0
1380,120,80,60.0,2.4,1.6,60.0,40.0,240.0,58.22416302765648,171,120,0.0
1381,120,80,60.0,2.4,1.6,60.0,40.0,240.0,58.22416302765648,171,120,0.0
1382,120,80,60.0,2.4,1.6,60.0,40.0,240.0,58.22416302765648,171,120,0.0
1383,120,80,60.0,2.4,1.6,60.0,40.0,240.0,58.22416302765648,171,120,0.0
1384,120,80,60.0,2.4,1.6,60.0,40.0,240.0,58.22416302765648,172,120,0.0
1385,120,80,60.0,2.4,1.6,60.0,40.0,240.0,58.22416302765648,173,120,0.0
1386,120,80,60.0,2.4,1.6,60.0,40.0,240.0,58.22416302765648,173,120,0.0
1387,120,80,60.0,2.4,1.6,60.0,40.0,240.0,58.22416302765648,173,120,0.0
1388,120,80,60.0,2.4,1.6,60.0,40.0,240.0,58.22416302765648,173,120,0.0
1389,120,80,60.0,2.4,1.6,60.0,40.0,240.0,58.22416302765648,173,120,0.0
1390,120,80,60.0,2.4,1.6,60.0,40.0,240.0,58.22416302765648,173,120,0.0
1391,120,80,60.0,2.4,1.6,60.0,40.0,240.0,58.22416302765648,173,120,0.0
1392,120,80,60.0,2.4,1.6,60.0,40.0,240.0,58.22416302765648,173,120,0.0
1393,120,80,60.0,2.4,1.6,60.0,40.0,240.0,58.22416302765648,173,120,0.0
1394,120,80,60.0,2.4,1.6,60.0,40.0,240.0,58.22416302765648,173,120,0.0
1395,120,80,60.0,2.4,1.6,60.0,40.0,240.0,58.22416302765648,174,120,0.0
1396,120,80,60.0,2.4,1.6,60.0,40.0,240.0,58.22416302765648,175,120,0.0
1397,120,80,60.0,2.4,1.6,60.0,40.0,240.0,58.22416302765648,175,120,0.0
1398,120,80,60.0,2.4,1.6,60.0,40.0,240.0,58.22416302765648,175,120,0.0
1399,120,80,60.0,2.4,1.6,60.0,40.0,240.0,58.22416302765648,175,120,0.0
1400,120,80,60.0,2.4,1.6,60.0,40.0,240.0,58.22416302765648,175,120,0.0
1401,120,80,60.0,2.4,1.6,60.0,40.0,240.0,58.22416302765648,175,120,0.0
1402,120,80,60.0,2.4,1.6,60.0,40.0,240.0,58.22416302765648,175,120,0.0
1403,120,80,60.0,2.4,1.6,60.0,40.0,240.0,58.22416302765648,175,120,0.0
1404,120,80,60.0,2.4,1.6,60.0,40.0,240.0,58.22416302765648,175,120,0.0
1405,120,80,60.0,2.4,1.6,60.0,40.0,240.0,58.22416302765648,175,120,0.0
1406,120,80,60.0,2.4,1.6,60.0,40.0,240.0,58.22416302765648,175,120,0.0
1407,121,79,60.5,2.42,1.58,60.5,39.5,242.0,58.70936438622029,176,121,2.0
1408,121,79,60.5,2.42,1.58,60.5,39.5,242.0,58.70936438622029,176,121,0.0
1409,121,79,60.5,2.42,1.58,60.5,39.5,242.0,58.70936438622029,176,121,0.0
1410,121,79,60.5,2.42,1.58,60.5,39.5,242.0,58.70936438622029,176,121,0.0
1411,121,79,60.5,2.42,1.58,60.5,39.5,242.0,58.70936438622029,176,121,0.0
1412,121,79,60.5,2.42,1.58,60.5,39.5,242.0,58.70936438622029,176,121,0.0
1413,121,79,60.5,2.42,1.58,60.5,39.5,242.0,58.70936438622029,176,121,0.0
1414,121,79,60.5,2.42,1.58,60.5,39.5,242.0,58.70936438622029,176,121,0.0
1415,121,79,60.5,2.42,1.58,60.5,39.5,242.0,58.70936438622029,176,121,0.0
1416,121,79,60.5,2.42,1.58,60.5,39.5,242.0,58.70936438622029,176,121,0.0
1417,122,78,61.0,2.44,1.56,61.0,39.0,244.0,59.194565744784086,177,122,2.0
1418,122,78,61.0,2.44,1.56,61.0,39.0,244.0,59.194565744784086,177,122,0.0
1419,122,78,61.0,2.44,1.56,61.0,39.0,244.0,59.194565744784086,177,122,0.0
1420,122,78,61.0,2.44,1.56,61.0,39.0,244.0,59.194565744784086,178,122,0.0
1421,122,78,61.0,2.44,1.56,61.0,39.0,244.0,59.194565744784086,178,122,0.0
1422,122,78,61.0,2.44,1.56,61.0,39.0,244.0,59.194565744784086,178,122,0.0
1423,122,78,61.0,2.44,1.56,61.0,39.0,244.0,59.194565744784086,178,122,0.0
1424,122,78,61.0,2.44,1.56,61.0,39.0,244.0,59.194565744784086,178,122,0.0
1425,122,78,61.0,2.44,1.56,61.0,39.0,244.0,59.194565744784086,178,122,0.0
1426,122,78,61.0,2.44,1.56,61.0,39.0,244.0,59.194565744784086,178,122,0.0
1427,122,78,61.0,2.44,1.56,61.0,39.0,244.0,59.194565744784086,178,122,0.0
1428,122,78,61.0,2.44,1.56,61.0,39.0,244.0,59.194565744784086,178,122,0.0
1429,122,78,61.0,2.44,1.56,61.0,39.0,244.0,59.194565744784086,178,122,0.0
1430,122,78,61.0,2.44,1.56,61.0,39.0,244.0,59.194565744784086,178,122,0.0
1431,122,78,61.0,2.44,1.56,61.0,39.0,244.0,59.194565744784086,178,122,0.0
1432,122,78,61.0,2.44,1.56,61.0,39.0,244.0,59.194565744784086,178,122,0.0
1433,122,78,61.0,2.44,1.56,61.0,39.0,244.0,59.194565744784086,178,122,0.0
1434,122,78,61.0,2.44,1.56,61.0,39.0,244.0,59.194565744784086,178,122,0.0
1435,122,78,61.0,2.44,1.56,61.0,39.0,244.0,59.194565744784086,178,122,0.0
1436,122,78,61.0,2.44,1.56,61.0,39.0,244.0,59.194565744784086,179,122,0.0
1437,122,78,61.0,2.44,1.56,61.0,39.0,244.0,59.194565744784086,180,122,0.0
1438,123,77,61.5,2.46,1.54,61.5,38.5,246.0,59.67976710334789,181,123,2.0
1439,123,77,61.5,2.46,1.54,61.5,38.5,246.0,59.67976710334789,181,123,0.0
1440,123,77,61.5,2.46,1.54,61.5,38.5,246.0,59.67976710334789,181,123,0.0
1441,123,77,61.5,2.46,1.54,61.5,38.5,246.0,59.67976710334789,181,123,0.0
1442,123,77,61.5,2.46,1.54,61.5,38.5,246.0,59.67976710334789,181,123,0.0
1443,123,77,61.5,2.46,1.54,61.5,38.5,246.0,59.67976710334789,182,123,0.0
1444,123,77,61.5,2.46,1.54,61.5,38.5,246.0,59.67976710334789,182,123,0.0
1445,123,77,61.5,2.46,1.54,61.5,38.5,246.0,59.67976710334789,182,123,0.0
1446,123,77,61.5,2.46,1.54,61.5,38.5,246.0,59.67976710334789,182,123,0.0
1447,123,77,61.5,2.46,1.54,61.5,38.5,246.0,59.67976710334789,182,123,0.0
1448,123,77,61.5,2.46,1.54,61.5,38.5,246.0,59.67976710334789,182,123,0.0
1449,123,77,61.5,2.46,1.54,61.5,38.5,246.0,59.67976710334789,182,123,0.0
1450,123,77,61.5,2.46,1.54,61.5,38.5,246.0,59.67976710334789,183,123,0.0
1451,123,77,61.5,2.46,1.54,61.5,38.5,246.0,59.67976710334789,184,123,0.0
1452,123,77,61.5,2.46,1.54,61.5,38.5,246.0,59.67976710334789,184,123,0.0
1453,123,77,61.5,2.46,1.54,61.5,38.5,246.0,59.67976710334789,184,123,0.0
1454,123,77,61.5,2.46,1.54,61.5,38.5,246.0,59.67976710334789,184,123,0.0
1455,123,77,61.5,2.46,1.54,61.5,38.5,246.0,59.67976710334789,184,123,0.0
1456,123,77,61.5,2.46,1.54,61.5,38.5,246.0,59.67976710334789,185,123,0.0
1457,123,77,61.5,2.46,1.54,61.5,38.5,246.0,59.67976710334789,185,123,0.0
1458,123,77,61.5,2.46,1.54,61.5,38.5,246.0,59.67976710334789,185,123,0.0
1459,123,77,61.5,2.46,1.54,61.5,38.5,246.0,59.67976710334789,185,123,0.0
1460,123,77,61.5,2.46,1.54,61.5,38.5,246.0,59.67976710334789,185,123,0.0
1461,123,77,61.5,2.46,1.54,61.5,38.5,246.0,59.67976710334789,186,123,0.0
1462,123,77,61.5,2.46,1.54,61.5,38.5,246.0,59.67976710334789,187,123,0.0
1463,123,77,61.5,2.46,1.54,61.5,38.5,246.0,59.67976710334789,188,123,0.0
1464,123,77,61.5,2.46,1.54,61.5,38.5,246.0,59.67976710334789,188,123,0.0
1465,123,77,61.5,2.46,1.54,61.5,38.5,246.0,59.67976710334789,188,123,0.0
1466,123,77,61.5,2.46,1.54,61.5,38.5,246.0,59.67976710334789,189,123,0.0
1467,123,77,61.5,2.46,1.54,61.5,38.5,246.0,59.67976710334789,189,123,0.0
1468,123,77,61.5,2.46,1.54,61.5,38.5,246.0,59.67976710334789,189,123,0.0
1469,123,77,61.5,2.46,1.54,61.5,38.5,246.0,59.67976710334789,189,123,0.0
1470,123,77,61.5,2.46,1.54,61.5,38.5,246.0,59.67976710334789,189,123,0.0
1471,123,77,61.5,2.46,1.54,61.5,38.5,246.0,59.67976710334789,189,123,0.0
1472,123,77,61.5,2.46,1.54,61.5,38.5,246.0,59.67976710334789,189,123,0.0
1473,123,77,61.5,2.46,1.54,61.5,38.5,246.0,59.67976710334789,189,123,0.0
1474,123,77,61.5,2.46,1.54,61.5,38.5,246.0,59.67976710334789,189,123,0.0
1475,123,77,61.5,2.46,1.54,61.5,38.5,246.0,59.67976710334789,189,123,0.0
1476,123,77,61.5,2.46,1.54,61.5,38.5,246.0,59.67976710334789,189,123,0.0
1477,123,77,61.5,2.46,1.54,61.5,38.5,246.0,59.67976710334789,189,123,0.0
1478,123,77,61.5,2.46,1.54,61.5,38.5,246.0,59.67976710334789,189,123,0.0
1479,123,77,61.5,2.46,1.54,61.5,38.5,246.0,59.67976710334789,189,123,0.0
1480,123,77,61.5,2.46,1.54,61.5,38.5,246.0,59.67976710334789,189,123,0.0
1481,123,77,61.5,2.46,1.54,61.5,38.5,246.0,59.67976710334789,189,123,0.0
1482,123,77,61.5,2.46,1.54,61.5,38.5,246.0,59.67976710334789,189,123,0.0
1483,123,77,61.5,2.46,1.54,61.5,38.5,246.0,59.67976710334789,189,123,0.0
1484,123,77,61.5,2.46,1.54,61.5,38.5,246.0,59.67976710334789,189,123,0.0
1485,123,77,61.5,2.46,1.54,61.5,38.5,246.0,59.67976710334789,189,123,0.0
1486,123,77,61.5,2.46,1.54,61.5,38.5,246.0,59.67976710334789,189,123,0.0
1487,123,77,61.5,2.46,1.54,61.5,38.5,246.0,59.67976710334789,189,123,0.0
1488,123,77,61.5,2.46,1.54,61.5,38.5,246.0,59.67976710334789,189,123,0.0
1489,123,77,61.5,2.46,1.54,61.5,38.5,246.0,59.67976710334789,189,123,0.0
1490,123,77,61.5,2.46,1.54,61.5,38.5,246.0,59.67976710334789,189,123,0.0
1491,123,77,61.5,2.46,1.54,61.5,38.5,246.0,59.67976710334789,189,123,0.0
1492,123,77,61.5,2.46,1.54,61.5,38.5,246.0,59.67976710334789,189,123,0.0
1493,123,77,61.5,2.46,1.54,61.5,38.5,246.0,59.67976710334789,189,123,0.0
1494,123,77,61.5,2.46,1.54,61.5,38.5,246.0,59.67976710334789,189,123,0.0
1495,123,77,61.5,2.46,1.54,61.5,38.5,246.0,59.67976710334789,189,123,0.0
1496,123,77,61.5,2.46,1.54,61.5,38.5,246.0,59.67976710334789,189,123,0.0
1497,123,77,61.5,2.46,1.54,61.5,38.5,246.0,59.67976710334789,189,123,0.0
1498,123,77,61.5,2.46,1.54,61.5,38.5,246.0,59.67976710334789,189,123,0.0
1499,123,77,61.5,2.46,1.54,61.5,38.5,246.0,59.67976710334789,189,123,0.0
1500,123,77,61.5,2.46,1.54,61.5,38.5,246.0,59.67976710334789,189,123,0.0
1501,123,77,61.5,2.46,1.54,61.5,38.5,246.0,59.67976710334789,189,123,0.0
1502,123,77,61.5,2.46,1.54,61.5,38.5,246.0,59.67976710334789,189,123,0.0
1503,123,77,61.5,2.46,1.54,61.5,38.5,246.0,59.67976710334789,189,123,0.0
1504,123,77,61.5,2.46,1.54,61.5,38.5,246.0,59.67976710334789,189,123,0.0
1505,123,77,61.5,2.46,1.54,61.5,38.5,246.0,59.67976710334789,189,123,0.0
1506,123,77,61.5,2.46,1.54,61.5,38.5,246.0,59.67976710334789,189,123,0.0
1507,123,77,61.5,2.46,1.54,61.5,38.5,246.0,59.67976710334789,189,123,0.0
1508,123,77,61.5,2.46,1.54,61.5,38.5,246.0,59.67976710334789,189,123,0.0
1509,123,77,61.5,2.46,1.54,61.5,38.5,246.0,59.67976710334789,189,123,0.0
1510,123,77,61.5,2.46,1.54,61.5,38.5,246.0,59.67976710334789,189,123,0.0
1511,123,77,61.5,2.46,1.54,61.5,38.5,246.0,59.67976710334789,189,123,0.0
1512,123,77,61.5,2.46,1.54,61.5,38.5,246.0,59.67976710334789,189,123,0.0
1513,123,77,61.5,2.46,1.54,61.5,38.5,246.0,59.67976710334789,189,123,0.0
1514,123,77,61.5,2.46,1.54,61.5,38.5,246.0,59.67976710334789,189,123,0.0
1515,124,76,62.0,2.48,1.52,62.0,38.0,248.0,60.16496846191169,190,124,2.0
1516,124,76,62.0,2.48,1.52,62.0,38.0,248.0,60.16496846191169,190,124,0.0
1517,124,76,62.0,2.48,1.52,62.0,38.0,248.0,60.16496846191169,190,124,0.0
1518,124,76,62.0,2.48,1.52,62.0,38.0,248.0,60.16496846191169,190,124,0.0
1519,124,76,62.0,2.48,1.52,62.0,38.0,248.0,60.16496846191169,190,124,0.0
1520,124,76,62.0,2.48,1.52,62.0,38.0,248.0,60.16496846191169,190,124,0.0
1521,124,76,62.0,2.48,1.52,62.0,38.0,248.0,60.16496846191169,190,124,0.0
1522,124,76,62.0,2.48,1.52,62.0,38.0,248.0,60.16496846191169,190,124,0.0
1523,124,76,62.0,2.48,1.52,62.0,38.0,248.0,60.16496846191169,190,124,0.0
1524,125,75,62.5,2.5,1.5,62.5,37.5,250.0,60.6501698204755,191,125,2.0
1525,125,75,62.5,2.5,1.5,62.5,37.5,250.0,60.6501698204755,191,125,0.0
1526,125,75,62.5,2.5,1.5,62.5,37.5,250.0,60.6501698204755,191,125,0.0
1527,125,75,62.5,2.5,1.5,62.5,37.5,250.0,60.6501698204755,191,125,0.0
1528,125,75,62.5,2.5,1.5,62.5,37.5,250.0,60.6501698204755,191,125,0.0
1529,125,75,62.5,2.5,1.5,62.5,37.5,250.0,60.6501698204755,191,125,0.0
1530,125,75,62.5,2.5,1.5,62.5,37.5,250.0,60.6501698204755,191,125,0.0
1531,125,75,62.5,2.5,1.5,62.5,37.5,250.0,60.6501698204755,191,125,0.0
1532,125,75,62.5,2.5,1.5,62.5,37.5,250.0,60.6501698204755,191,125,0.0
1533,125,75,62.5,2.5,1.5,62.5,37.5,250.0,60.6501698204755,191,125,0.0
1534,125,75,62.5,2.5,1.5,62.5,37.5,250.0,60.6501698204755,191,125,0.0
1535,125,75,62.5,2.5,1.5,62.5,37.5,250.0,60.6501698204755,191,125,0.0
1536,125,75,62.5,2.5,1.5,62.5,37.5,250.0,60.6501698204755,191,125,0.0
1537,125,75,62.5,2.5,1.5,62.5,37.5,250.0,60.6501698204755,191,125,0.0
1538,125,75,62.5,2.5,1.5,62.5,37.5,250.0,60.6501698204755,191,125,0.0
1539,125,75,62.5,2.5,1.5,62.5,37.5,250.0,60.6501698204755,191,125,0.0
1540,126,74,63.0,2.52,1.48,63.0,37.0,252.0,61.135371179039296,192,126,2.0
1541,126,74,63.0,2.52,1.48,63.0,37.0,252.0,61.135371179039296,192,126,0.0
1542,126,74,63.0,2.52,1.48,63.0,37.0,252.0,61.135371179039296,193,126,0.0
1543,126,74,63.0,2.52,1.48,63.0,37.0,252.0,61.135371179039296,193,126,0.0
1544,126,74,63.0,2.52,1.48,63.0,37.0,252.0,61.135371179039296,194,126,0.0
1545,126,74,63.0,2.52,1.48,63.0,37.0,252.0,61.135371179039296,195,126,0.0
1546,126,74,63.0,2.52,1.48,63.0,37.0,252.0,61.135371179039296,195,126,0.0
1547,126,74,63.0,2.52,1.48,63.0,37.0,252.0,61.135371179039296,195,126,0.0
1548,126,74,63.0,2.52,1.48,63.0,37.0,252.0,61.135371179039296,195,126,0.0
1549,126,74,63.0,2.52,1.48,63.0,37.0,252.0,61.135371179039296,195,126,0.0
1550,126,74,63.0,2.52,1.48,63.0,37.0,252.0,61.135371179039296,195,126,0.0
1551,126,74,63.0,2.52,1.48,63.0,37.0,252.0,61.135371179039296,195,126,0.0
1552,126,74,63.0,2.52,1.48,63.0,37.0,252.0,61.135371179039296,195,126,0.0
1553,126,74,63.0,2.52,1.48,63.0,37.0,252.0,61.135371179039296,195,126,0.0
1554,126,74,63.0,2.52,1.48,63.0,37.0,252.0,61.135371179039296,195,126,0.0
1555,126,74,63.0,2.52,1.48,63.0,37.0,252.0,61.135371179039296,195,126,0.0
1556,126,74,63.0,2.52,1.48,63.0,37.0,252.0,61.135371179039296,195,126,0.0
1557,126,74,63.0,2.52,1.48,63.0,37.0,252.0,61.135371179039296,195,126,0.0
1558,126,74,63.0,2.52,1.48,63.0,37.0,252.0,61.135371179039296,195,126,0.0
1559,126,74,63.0,2.52,1.48,63.0,37.0,252.0,61.135371179039296,195,126,0.0
1560,126,74,63.0,2.52,1.48,63.0,37.0,252.0,61.135371179039296,195,126,0.0
1561,126,74,63.0,2.52,1.48,63.0,37.0,252.0,61.135371179039296,195,126,0.0
1562,126,74,63.0,2.52,1.48,63.0,37.0,252.0,61.135371179039296,195,126,0.0
1563,126,74,63.0,2.52,1.48,63.0,37.0,252.0,61.135371179039296,195,126,0.0
1564,126,74,63.0,2.52,1.48,63.0,37.0,252.0,61.135371179039296,195,126,0.0
1565,126,74,63.0,2.52,1.48,63.0,37.0,252.0,61.135371179039296,196,126,0.0
1566,126,74,63.0,2.52,1.48,63.0,37.0,252.0,61.135371179039296,196,126,0.0
1567,126,74,63.0,2.52,1.48,63.0,37.0,252.0,61.135371179039296,197,126,0.0
1568,126,74,63.0,2.52,1.48,63.0,37.0,252.0,61.135371179039296,197,126,0.0
1569,126,74,63.0,2.52,1.48,63.0,37.0,252.0,61.135371179039296,197,126,0.0
1570,126,74,63.0,2.52,1.48,63.0,37.0,252.0,61.135371179039296,197,126,0.0
1571,126,74,63.0,2.52,1.48,63.0,37.0,252.0,61.135371179039296,197,126,0.0
1572,126,74,63.0,2.52,1.48,63.0,37.0,252.0,61.135371179039296,197,126,0.0
1573,126,74,63.0,2.52,1.48,63.0,37.0,252.0,61.135371179039296,197,126,0.0
1574,126,74,63.0,2.52,1.48,63.0,37.0,252.0,61.135371179039296,197,126,0.0
1575,126,74,63.0,2.52,1.48,63.0,37.0,252.0,61.135371179039296,197,126,0.0
1576,126,74,63.0,2.52,1.48,63.0,37.0,252.0,61.135371179039296,197,126,0.0
1577,126,74,63.0,2.52,1.48,63.0,37.0,252.0,61.135371179039296,197,126,0.0
1578,126,74,63.0,2.52,1.48,63.0,37.0,252.0,61.135371179039296,197,126,0.0
1579,126,74,63.0,2.52,1.48,63.0,37.0,252.0,61.135371179039296,197,126,0.0
1580,126,74,63.0,2.52,1.48,63.0,37.0,252.0,61.135371179039296,197,126,0.0
1581,126,74,63.0,2.52,1.48,63.0,37.0,252.0,61.135371179039296,197,126,0.0
1582,126,74,63.0,2.52,1.48,63.0,37.0,252.0,61.135371179039296,197,126,0.0
1583,126,74,63.0,2.52,1.48,63.0,37.0,252.0,61.135371179039296,198,126,0.0
1584,126,74,63.0,2.52,1.48,63.0,37.0,252.0,61.135371179039296,198,126,0.0
1585,126,74,63.0,2.52,1.48,63.0,37.0,252.0,61.135371179039296,198,126,0.0
1586,126,74,63.0,2.52,1.48,63.0,37.0,252.0,61.135371179039296,198,126,0.0
1587,126,74,63.0,2.52,1.48,63.0,37.0,252.0,61.135371179039296,198,126,0.0
1588,126,74,63.0,2.52,1.48,63.0,37.0,252.0,61.135371179039296,198,126,0.0
1589,126,74,63.0,2.52,1.48,63.0,37.0,252.0,61.135371179039296,198,126,0.0
1590,126,74,63.0,2.52,1.48,63.0,37.0,252.0,61.135371179039296,198,126,0.0
1591,126,74,63.0,2.52,1.48,63.0,37.0,252.0,61.135371179039296,198,126,0.0
1592,126,74,63.0,2.52,1.48,63.0,37.0,252.0,61.135371179039296,198,126,0.0
1593,127,73,63.5,2.54,1.46,63.5,36.5,254.0,61.6205725376031,199,127,2.0
1594,127,73,63.5,2.54,1.46,63.5,36.5,254.0,61.6205725376031,199,127,0.0
1595,127,73,63.5,2.54,1.46,63.5,36.5,254.0,61.6205725376031,199,127,0.0
1596,127,73,63.5,2.54,1.46,63.5,36.5,254.0,61.6205725376031,199,127,0.0
1597,127,73,63.5,2.54,1.46,63.5,36.5,254.0,61.6205725376031,199,127,0.0
1598,127,73,63.5,2.54,1.46,63.5,36.5,254.0,61.6205725376031,199,127,0.0
1599,127,73,63.5,2.54,1.46,63.5,36.5,254.0,61.6205725376031,199,127,0.0
1600,127,73,63.5,2.54,1.46,63.5,36.5,254.0,61.6205725376031,199,127,0.0
1601,127,73,63.5,2.54,1.46,63.5,36.5,254.0,61.6205725376031,199,127,0.0
1602,127,73,63.5,2.54,1.46,63.5,36.5,254.0,61.6205725376031,199,127,0.0
1603,127,73,63.5,2.54,1.46,63.5,36.5,254.0,61.6205725376031,199,127,0.0
1604,127,73,63.5,2.54,1.46,63.5,36.5,254.0,61.6205725376031,199,127,0.0
1605,127,73,63.5,2.54,1.46,63.5,36.5,254.0,61.6205725376031,199,127,0.0
1606,127,73,63.5,2.54,1.46,63.5,36.5,254.0,61.6205725376031,199,127,0.0
1607,127,73,63.5,2.54,1.46,63.5,36.5,254.0,61.6205725376031,199,127,0.0
1608,127,73,63.5,2.54,1.46,63.5,36.5,254.0,61.6205725376031,199,127,0.0
1609,127,73,63.5,2.54,1.46,63.5,36.5,254.0,61.6205725376031,199,127,0.0
1610,128,72,64.0,2.56,1.44,64.0,36.0,256.0,62.105773896166916,200,128,2.0
1611,128,72,64.0,2.56,1.44,64.0,36.0,256.0,62.105773896166916,200,128,0.0
1612,128,72,64.0,2.56,1.44,64.0,36.0,256.0,62.105773896166916,200,128,0.0
1613,128,72,64.0,2.56,1.44,64.0,36.0,256.0,62.105773896166916,200,128,0.0
1614,128,72,64.0,2.56,1.44,64.0,36.0,256.0,62.105773896166916,200,128,0.0
1615,128,72,64.0,2.56,1.44,64.0,36.0,256.0,62.105773896166916,201,128,0.0
1616,128,72,64.0,2.56,1.44,64.0,36.0,256.0,62.105773896166916,201,128,0.0
1617,128,72,64.0,2.56,1.44,64.0,36.0,256.0,62.105773896166916,202,128,0.0
1618,128,72,64.0,2.56,1.44,64.0,36.0,256.0,62.105773896166916,202,128,0.0
1619,128,72,64.0,2.56,1.44,64.0,36.0,256.0,62.105773896166916,202,128,0.0
1620,128,72,64.0,2.56,1.44,64.0,36.0,256.0,62.105773896166916,202,128,0.0
1621,128,72,64.0,2.56,1.44,64.0,36.0,256.0,62.105773896166916,202,128,0.0
1622,128,72,64.0,2.56,1.44,64.0,36.0,256.0,62.105773896166916,202,128,0.0
1623,128,72,64.0,2.56,1.44,64.0,36.0,256.0,62.105773896166916,202,128,0.0
1624,128,72,64.0,2.56,1.44,64.0,36.0,256.0,62.105773896166916,202,128,0.0
1625,128,72,64.0,2.56,1.44,64.0,36.0,256.0,62.105773896166916,202,128,0.0
1626,128,72,64.0,2.56,1.44,64.0,36.0,256.0,62.105773896166916,202,128,0.0
1627,128,72,64.0,2.56,1.44,64.0,36.0,256.0,62.105773896166916,202,128,0.0
1628,128,72,64.0,2.56,1.44,64.0,36.0,256.0,62.105773896166916,202,128,0.0
1629,128,72,64.0,2.56,1.44,64.0,36.0,256.0,62.105773896166916,202,128,0.0
1630,128,72,64.0,2.56,1.44,64.0,36.0,256.0,62.105773896166916,202,128,0.0
1631,128,72,64.0,2.56,1.44,64.0,36.0,256.0,62.105773896166916,202,128,0.0
1632,128,72,64.0,2.56,1.44,64.0,36.0,256.0,62.105773896166916,202,128,0.0
1633,128,72,64.0,2.56,1.44,64.0,36.0,256.0,62.105773896166916,202,128,0.0
1634,128,72,64.0,2.56,1.44,64.0,36.0,256.0,62.105773896166916,202,128,0.0
1635,128,72,64.0,2.56,1.44,64.0,36.0,256.0,62.105773896166916,202,128,0.0
1636,128,72,64.0,2.56,1.44,64.0,36.0,256.0,62.105773896166916,202,128,0.0
1637,128,72,64.0,2.56,1.44,64.0,36.0,256.0,62.105773896166916,202,128,0.0
1638,128,72,64.0,2.56,1.44,64.0,36.0,256.0,62.105773896166916,202,128,0.0
1639,128,72,64.0,2.56,1.44,64.0,36.0,256.0,62.105773896166916,202,128,0.0
1640,128,72,64.0,2.56,1.44,64.0,36.0,256.0,62.105773896166916,202,128,0.0
1641,128,72,64.0,2.56,1.44,64.0,36.0,256.0,62.105773896166916,202,128,0.0
1642,128,72,64.0,2.56,1.44,64.0,36.0,256.0,62.105773896166916,202,128,0.0
1643,128,72,64.0,2.56,1.44,64.0,36.0,256.0,62.105773896166916,202,128,0.0
1644,128,72,64.0,2.56,1.44,64.0,36.0,256.0,62.105773896166916,202,128,0.0
1645,128,72,64.0,2.56,1.44,64.0,36.0,256.0,62.105773896166916,202,128,0.0
1646,128,72,64.0,2.56,1.44,64.0,36.0,256.0,62.105773896166916,202,128,0.0
1647,128,72,64.0,2.56,1.44,64.0,36.0,256.0,62.105773896166916,202,128,0.0
1648,128,72,64.0,2.56,1.44,64.0,36.0,256.0,62.105773896166916,202,128,0.0
1649,128,72,64.0,2.56,1.44,64.0,36.0,256.0,62.105773896166916,202,128,0.0
1650,128,72,64.0,2.56,1.44,64.0,36.0,256.0,62.105773896166916,202,128,0.0
1651,128,72,64.0,2.56,1.44,64.0,36.0,256.0,62.105773896166916,202,128,0.0
1652,128,72,64.0,2.56,1.44,64.0,36.0,256.0,62.105773896166916,202,128,0.0
1653,128,72,64.0,2.56,1.44,64.0,36.0,256.0,62.105773896166916,202,128,0.0
1654,128,72,64.0,2.56,1.44,64.0,36.0,256.0,62.105773896166916,202,128,0.0
1655,128,72,64.0,2.56,1.44,64.0,36.0,256.0,62.105773896166916,202,128,0.0
1656,128,72,64.0,2.56,1.44,64.0,36.0,256.0,62.105773896166916,202,128,0.0
1657,128,72,64.0,2.56,1.44,64.0,36.0,256.0,62.105773896166916,202,128,0.0
1658,128,72,64.0,2.56,1.44,64.0,36.0,256.0,62.105773896166916,202,128,0.0
1659,128,72,64.0,2.56,1.44,64.0,36.0,256.0,62.105773896166916,202,128,0.0
1660,128,72,64.0,2.56,1.44,64.0,36.0,256.0,62.105773896166916,202,128,0.0
1661,128,72,64.0,2.56,1.44,64.0,36.0,256.0,62.105773896166916,202,128,0.0
1662,128,72,64.0,2.56,1.44,64.0,36.0,256.0,62.105773896166916,202,128,0.0
1663,128,72,64.0,2.56,1.44,64.0,36.0,256.0,62.105773896166916,202,128,0.0
1664,128,72,64.0,2.56,1.44,64.0,36.0,256.0,62.105773896166916,202,128,0.0
1665,128,72,64.0,2.56,1.44,64.0,36.0,256.0,62.105773896166916,202,128,0.0
1666,128,72,64.0,2.56,1.44,64.0,36.0,256.0,62.105773896166916,202,128,0.0
1667,128,72,64.0,2.56,1.44,64.0,36.0,256.0,62.105773896166916,202,128,0.0
1668,128,72,64.0,2.56,1.44,64.0,36.0,256.0,62.105773896166916,202,128,0.0
1669,128,72,64.0,2.56,1.44,64.0,36.0,256.0,62.105773896166916,202,128,0.0
1670,128,72,64.0,2.56,1.44,64.0,36.0,256.0,62.105773896166916,202,128,0.0
1671,128,72,64.0,2.56,1.44,64.0,36.0,256.0,62.105773896166916,202,128,0.0
1672,128,72,64.0,2.56,1.44,64.0,36.0,256.0,62.105773896166916,202,128,0.0
1673,128,72,64.0,2.56,1.44,64.0,36.0,256.0,62.105773896166916,202,128,0.0
1674,128,72,64.0,2.56,1.44,64.0,36.0,256.0,62.105773896166916,202,128,0.0
1675,128,72,64.0,2.56,1.44,64.0,36.0,256.0,62.105773896166916,202,128,0.0
1676,128,72,64.0,2.56,1.44,64.0,36.0,256.0,62.105773896166916,202,128,0.0
1677,128,72,64.0,2.56,1.44,64.0,36.0,256.0,62.105773896166916,202,128,0.0
1678,128,72,64.0,2.56,1.44,64.0,36.0,256.0,62.105773896166916,202,128,0.0
1679,128,72,64.0,2.56,1.44,64.0,36.0,256.0,62.105773896166916,202,128,0.0
1680,128,72,64.0,2.56,1.44,64.0,36.0,256.0,62.105773896166916,202,128,0.0
1681,128,72,64.0,2.56,1.44,64.0,36.0,256.0,62.105773896166916,202,128,0.0
1682,128,72,64.0,2.56,1.44,64.0,36.0,256.0,62.105773896166916,202,128,0.0
1683,128,72,64.0,2.56,1.44,64.0,36.0,256.0,62.105773896166916,202,128,0.0
1684,128,72,64.0,2.56,1.44,64.0,36.0,256.0,62.105773896166916,202,128,0.0
1685,128,72,64.0,2.56,1.44,64.0,36.0,256.0,62.105773896166916,202,128,0.0
1686,128,72,64.0,2.56,1.44,64.0,36.0,256.0,62.105773896166916,202,128,0.0
1687,128,72,64.0,2.56,1.44,64.0,36.0,256.0,62.105773896166916,202,128,0.0
1688,128,72,64.0,2.56,1.44,64.0,36.0,256.0,62.105773896166916,202,128,0.0
1689,128,72,64.0,2.56,1.44,64.0,36.0,256.0,62.105773896166916,202,128,0.0
1690,128,72,64.0,2.56,1.44,64.0,36.0,256.0,62.105773896166916,202,128,0.0
1691,128,72,64.0,2.56,1.44,64.0,36.0,256.0,62.105773896166916,203,128,0.0
1692,128,72,64.0,2.56,1.44,64.0,36.0,256.0,62.105773896166916,204,128,0.0
1693,128,72,64.0,2.56,1.44,64.0,36.0,256.0,62.105773896166916,205,128,0.0
1694,128,72,64.0,2.56,1.44,64.0,36.0,256.0,62.105773896166916,207,128,0.0
1695,128,72,64.0,2.56,1.44,64.0,36.0,256.0,62.105773896166916,209,128,0.0
1696,128,72,64.0,2.56,1.44,64.0,36.0,256.0,62.105773896166916,210,128,0.0
1697,128,72,64.0,2.56,1.44,64.0,36.0,256.0,62.105773896166916,210,128,0.0
1698,128,72,64.0,2.56,1.44,64.0,36.0,256.0,62.105773896166916,211,128,0.0
1699,128,72,64.0,2.56,1.44,64.0,36.0,256.0,62.105773896166916,211,128,0.0
1700,128,72,64.0,2.56,1.44,64.0,36.0,256.0,62.105773896166916,211,128,0.0
1701,128,72,64.0,2.56,1.44,64.0,36.0,256.0,62.105773896166916,211,128,0.0
1702,128,72,64.0,2.56,1.44,64.0,36.0,256.0,62.105773896166916,211,128,0.0
1703,128,72,64.0,2.56,1.44,64.0,36.0,256.0,62.105773896166916,211,128,0.0
1704,128,72,64.0,2.56,1.44,64.0,36.0,256.0,62.105773896166916,211,128,0.0
1705,128,72,64.0,2.56,1.44,64.0,36.0,256.0,62.105773896166916,211,128,0.0
1706,128,72,64.0,2.56,1.44,64.0,36.0,256.0,62.105773896166916,211,128,0.0
1707,128,72,64.0,2.56,1.44,64.0,36.0,256.0,62.105773896166916,211,128,0.0
1708,128,72,64.0,2.56,1.44,64.0,36.0,256.0,62.105773896166916,211,128,0.0
1709,128,72,64.0,2.56,1.44,64.0,36.0,256.0,62.105773896166916,211,128,0.0
1710,128,72,64.0,2.56,1.44,64.0,36.0,256.0,62.105773896166916,211,128,0.0
1711,128,72,64.0,2.56,1.44,64.0,36.0,256.0,62.105773896166916,212,128,0.0
1712,129,71,64.5,2.58,1.42,64.5,35.5,258.0,62.59097525473072,214,129,2.0
1713,129,71,64.5,2.58,1.42,64.5,35.5,258.0,62.59097525473072,214,129,0.0
1714,129,71,64.5,2.58,1.42,64.5,35.5,258.0,62.59097525473072,214,129,0.0
1715,129,71,64.5,2.58,1.42,64.5,35.5,258.0,62.59097525473072,214,129,0.0
1716,129,71,64.5,2.58,1.42,64.5,35.5,258.0,62.59097525473072,214,129,0.0
1717,129,71,64.5,2.58,1.42,64.5,35.5,258.0,62.59097525473072,214,129,0.0
1718,129,71,64.5,2.58,1.42,64.5,35.5,258.0,62.59097525473072,214,129,0.0
1719,129,71,64.5,2.58,1.42,64.5,35.5,258.0,62.59097525473072,214,129,0.0
1720,129,71,64.5,2.58,1.42,64.5,35.5,258.0,62.59097525473072,214,129,0.0
1721,129,71,64.5,2.58,1.42,64.5,35.5,258.0,62.59097525473072,214,129,0.0
1722,129,71,64.5,2.58,1.42,64.5,35.5,258.0,62.59097525473072,214,129,0.0
1723,129,71,64.5,2.58,1.42,64.5,35.5,258.0,62.59097525473072,214,129,0.0
1724,129,71,64.5,2.58,1.42,64.5,35.5,258.0,62.59097525473072,214,129,0.0
1725,129,71,64.5,2.58,1.42,64.5,35.5,258.0,62.59097525473072,214,129,0.0
1726,129,71,64.5,2.58,1.42,64.5,35.5,258.0,62.59097525473072,214,129,0.0
1727,129,71,64.5,2.58,1.42,64.5,35.5,258.0,62.59097525473072,215,129,0.0
1728,129,71,64.5,2.58,1.42,64.5,35.5,258.0,62.59097525473072,215,129,0.0
1729,129,71,64.5,2.58,1.42,64.5,35.5,258.0,62.59097525473072,215,129,0.0
1730,129,71,64.5,2.58,1.42,64.5,35.5,258.0,62.59097525473072,215,129,0.0
1731,129,71,64.5,2.58,1.42,64.5,35.5,258.0,62.59097525473072,215,129,0.0
1732,129,71,64.5,2.58,1.42,64.5,35.5,258.0,62.59097525473072,215,129,0.0
1733,129,71,64.5,2.58,1.42,64.5,35.5,258.0,62.59097525473072,215,129,0.0
1734,129,71,64.5,2.58,1.42,64.5,35.5,258.0,62.59097525473072,216,129,0.0
1735,129,71,64.5,2.58,1.42,64.5,35.5,258.0,62.59097525473072,216,129,0.0
1736,129,71,64.5,2.58,1.42,64.5,35.5,258.0,62.59097525473072,216,129,0.0
1737,129,71,64.5,2.58,1.42,64.5,35.5,258.0,62.59097525473072,216,129,0.0
1738,129,71,64.5,2.58,1.42,64.5,35.5,258.0,62.59097525473072,216,129,0.0
1739,129,71,64.5,2.58,1.42,64.5,35.5,258.0,62.59097525473072,217,129,0.0
1740,130,70,65.0,2.6,1.4,65.0,35.0,260.0,63.07617661329452,218,130,2.0
1741,130,70,65.0,2.6,1.4,65.0,35.0,260.0,63.07617661329452,218,130,0.0
1742,130,70,65.0,2.6,1.4,65.0,35.0,260.0,63.07617661329452,218,130,0.0
1743,130,70,65.0,2.6,1.4,65.0,35.0,260.0,63.07617661329452,218,130,0.0
1744,130,70,65.0,2.6,1.4,65.0,35.0,260.0,63.07617661329452,218,130,0.0
1745,130,70,65.0,2.6,1.4,65.0,35.0,260.0,63.07617661329452,219,130,0.0
1746,130,70,65.0,2.6,1.4,65.0,35.0,260.0,63.07617661329452,219,130,0.0
1747,130,70,65.0,2.6,1.4,65.0,35.0,260.0,63.07617661329452,219,130,0.0
1748,130,70,65.0,2.6,1.4,65.0,35.0,260.0,63.07617661329452,219,130,0.0
1749,130,70,65.0,2.6,1.4,65.0,35.0,260.0,63.07617661329452,219,130,0.0
1750,130,70,65.0,2.6,1.4,65.0,35.0,260.0,63.07617661329452,219,130,0.0
1751,130,70,65.0,2.6,1.4,65.0,35.0,260.0,63.07617661329452,219,130,0.0
1752,130,70,65.0,2.6,1.4,65.0,35.0,260.0,63.07617661329452,219,130,0.0
1753,130,70,65.0,2.6,1.4,65.0,35.0,260.0,63.07617661329452,219,130,0.0
1754,130,70,65.0,2.6,1.4,65.0,35.0,260.0,63.07617661329452,219,130,0.0
1755,130,70,65.0,2.6,1.4,65.0,35.0,260.0,63.07617661329452,219,130,0.0
1756,130,70,65.0,2.6,1.4,65.0,35.0,260.0,63.07617661329452,219,130,0.0
1757,130,70,65.0,2.6,1.4,65.0,35.0,260.0,63.07617661329452,220,130,0.0
1758,130,70,65.0,2.6,1.4,65.0,35.0,260.0,63.07617661329452,220,130,0.0
1759,130,70,65.0,2.6,1.4,65.0,35.0,260.0,63.07617661329452,220,130,0.0
1760,130,70,65.0,2.6,1.4,65.0,35.0,260.0,63.07617661329452,220,130,0.0
1761,130,70,65.0,2.6,1.4,65.0,35.0,260.0,63.07617661329452,220,130,0.0
1762,130,70,65.0,2.6,1.4,65.0,35.0,260.0,63.07617661329452,221,130,0.0
1763,130,70,65.0,2.6,1.4,65.0,35.0,260.0,63.07617661329452,221,130,0.0
1764,130,70,65.0,2.6,1.4,65.0,35.0,260.0,63.07617661329452,221,130,0.0
1765,130,70,65.0,2.6,1.4,65.0,35.0,260.0,63.07617661329452,221,130,0.0
1766,131,69,65.5,2.62,1.38,65.5,34.5,262.0,63.56137797185832,222,131,2.0
1767,131,69,65.5,2.62,1.38,65.5,34.5,262.0,63.56137797185832,222,131,0.0
1768,131,69,65.5,2.62,1.38,65.5,34.5,262.0,63.56137797185832,222,131,0.0
1769,131,69,65.5,2.62,1.38,65.5,34.5,262.0,63.56137797185832,222,131,0.0
1770,131,69,65.5,2.62,1.38,65.5,34.5,262.0,63.56137797185832,222,131,0.0
1771,131,69,65.5,2.62,1.38,65.5,34.5,262.0,63.56137797185832,222,131,0.0
1772,131,69,65.5,2.62,1.38,65.5,34.5,262.0,63.56137797185832,222,131,0.0
1773,131,69,65.5,2.62,1.38,65.5,34.5,262.0,63.56137797185832,222,131,0.0
1774,131,69,65.5,2.62,1.38,65.5,34.5,262.0,63.56137797185832,222,131,0.0
1775,131,69,65.5,2.62,1.38,65.5,34.5,262.0,63.56137797185832,222,131,0.0
1776,131,69,65.5,2.62,1.38,65.5,34.5,262.0,63.56137797185832,222,131,0.0
1777,131,69,65.5,2.62,1.38,65.5,34.5,262.0,63.56137797185832,222,131,0.0
1778,131,69,65.5,2.62,1.38,65.5,34.5,262.0,63.56137797185832,222,131,0.0
1779,131,69,65.5,2.62,1.38,65.5,34.5,262.0,63.56137797185832,222,131,0.0
1780,131,69,65.5,2.62,1.38,65.5,34.5,262.0,63.56137797185832,222,131,0.0
1781,131,69,65.5,2.62,1.38,65.5,34.5,262.0,63.56137797185832,222,131,0.0
1782,131,69,65.5,2.62,1.38,65.5,34.5,262.0,63.56137797185832,222,131,0.0
1783,131,69,65.5,2.62,1.38,65.5,34.5,262.0,63.56137797185832,222,131,0.0
1784,132,68,66.0,2.64,1.3599999999999999,66.0,33.99999999999999,264.0,64.04657933042213,223,132,2.0
1785,132,68,66.0,2.64,1.3599999999999999,66.0,33.99999999999999,264.0,64.04657933042213,223,132,0.0
1786,132,68,66.0,2.64,1.3599999999999999,66.0,33.99999999999999,264.0,64.04657933042213,223,132,0.0
1787,132,68,66.0,2.64,1.3599999999999999,66.0,33.99999999999999,264.0,64.04657933042213,223,132,0.0
1788,132,68,66.0,2.64,1.3599999999999999,66.0,33.99999999999999,264.0,64.04657933042213,224,132,0.0
1789,132,68,66.0,2.64,1.3599999999999999,66.0,33.99999999999999,264.0,64.04657933042213,224,132,0.0
1790,132,68,66.0,2.64,1.3599999999999999,66.0,33.99999999999999,264.0,64.04657933042213,224,132,0.0
1791,132,68,66.0,2.64,1.3599999999999999,66.0,33.99999999999999,264.0,64.04657933042213,224,132,0.0
1792,132,68,66.0,2.64,1.3599999999999999,66.0,33.99999999999999,264.0,64.04657933042213,224,132,0.0
1793,132,68,66.0,2.64,1.3599999999999999,66.0,33.99999999999999,264.0,64.04657933042213,224,132,0.0
1794,132,68,66.0,2.64,1.3599999999999999,66.0,33.99999999999999,264.0,64.04657933042213,224,132,0.0
1795,132,68,66.0,2.64,1.3599999999999999,66.0,33.99999999999999,264.0,64.04657933042213,224,132,0.0
1796,132,68,66.0,2.64,1.3599999999999999,66.0,33.99999999999999,264.0,64.04657933042213,224,132,0.0
1797,132,68,66.0,2.64,1.3599999999999999,66.0,33.99999999999999,264.0,64.04657933042213,224,132,0.0
1798,132,68,66.0,2.64,1.3599999999999999,66.0,33.99999999999999,264.0,64.04657933042213,224,132,0.0
1799,132,68,66.0,2.64,1.3599999999999999,66.0,33.99999999999999,264.0,64.04657933042213,224,132,0.0
1800,132,68,66.0,2.64,1.3599999999999999,66.0,33.99999999999999,264.0,64.04657933042213,224,132,0.0
1801,132,68,66.0,2.64,1.3599999999999999,66.0,33.99999999999999,264.0,64.04657933042213,224,132,0.0
1802,132,68,66.0,2.64,1.3599999999999999,66.0,33.99999999999999,264.0,64.04657933042213,224,132,0.0
1803,132,68,66.0,2.64,1.3599999999999999,66.0,33.99999999999999,264.0,64.04657933042213,224,132,0.0
1804,132,68,66.0,2.64,1.3599999999999999,66.0,33.99999999999999,264.0,64.04657933042213,224,132,0.0
1805,132,68,66.0,2.64,1.3599999999999999,66.0,33.99999999999999,264.0,64.04657933042213,224,132,0.0
1806,132,68,66.0,2.64,1.3599999999999999,66.0,33.99999999999999,264.0,64.04657933042213,224,132,0.0
1807,132,68,66.0,2.64,1.3599999999999999,66.0,33.99999999999999,264.0,64.04657933042213,224,132,0.0
1808,132,68,66.0,2.64,1.3599999999999999,66.0,33.99999999999999,264.0,64.04657933042213,224,132,0.0
1809,132,68,66.0,2.64,1.3599999999999999,66.0,33.99999999999999,264.0,64.04657933042213,224,132,0.0
1810,132,68,66.0,2.64,1.3599999999999999,66.0,33.99999999999999,264.0,64.04657933042213,224,132,0.0
1811,132,68,66.0,2.64,1.3599999999999999,66.0,33.99999999999999,264.0,64.04657933042213,224,132,0.0
1812,132,68,66.0,2.64,1.3599999999999999,66.0,33.99999999999999,264.0,64.04657933042213,224,132,0.0
1813,132,68,66.0,2.64,1.3599999999999999,66.0,33.99999999999999,264.0,64.04657933042213,224,132,0.0
1814,132,68,66.0,2.64,1.3599999999999999,66.0,33.99999999999999,264.0,64.04657933042213,224,132,0.0
1815,132,68,66.0,2.64,1.3599999999999999,66.0,33.99999999999999,264.0,64.04657933042213,224,132,0.0
1816,133,67,66.5,2.66,1.3399999999999999,66.5,33.49999999999999,266.0,64.53178068898593,225,133,2.0
1817,133,67,66.5,2.66,1.3399999999999999,66.5,33.49999999999999,266.0,64.53178068898593,225,133,0.0
1818,133,67,66.5,2.66,1.3399999999999999,66.5,33.49999999999999,266.0,64.53178068898593,225,133,0.0
1819,133,67,66.5,2.66,1.3399999999999999,66.5,33.49999999999999,266.0,64.53178068898593,225,133,0.0
1820,133,67,66.5,2.66,1.3399999999999999,66.5,33.49999999999999,266.0,64.53178068898593,225,133,0.0
1821,133,67,66.5,2.66,1.3399999999999999,66.5,33.49999999999999,266.0,64.53178068898593,225,133,0.0
1822,133,67,66.5,2.66,1.3399999999999999,66.5,33.49999999999999,266.0,64.53178068898593,225,133,0.0
1823,133,67,66.5,2.66,1.3399999999999999,66.5,33.49999999999999,266.0,64.53178068898593,226,133,0.0
1824,133,67,66.5,2.66,1.3399999999999999,66.5,33.49999999999999,266.0,64.53178068898593,227,133,0.0
1825,133,67,66.5,2.66,1.3399999999999999,66.5,33.49999999999999,266.0,64.53178068898593,228,133,0.0
1826,133,67,66.5,2.66,1.3399999999999999,66.5,33.49999999999999,266.0,64.53178068898593,228,133,0.0
1827,133,67,66.5,2.66,1.3399999999999999,66.5,33.49999999999999,266.0,64.53178068898593,228,133,0.0
1828,133,67,66.5,2.66,1.3399999999999999,66.5,33.49999999999999,266.0,64.53178068898593,229,133,0.0
1829,133,67,66.5,2.66,1.3399999999999999,66.5,33.49999999999999,266.0,64.53178068898593,229,133,0.0
1830,133,67,66.5,2.66,1.3399999999999999,66.5,33.49999999999999,266.0,64.53178068898593,229,133,0.0
1831,133,67,66.5,2.66,1.3399999999999999,66.5,33.49999999999999,266.0,64.53178068898593,229,133,0.0
1832,133,67,66.5,2.66,1.3399999999999999,66.5,33.49999999999999,266.0,64.53178068898593,230,133,0.0
1833,133,67,66.5,2.66,1.3399999999999999,66.5,33.49999999999999,266.0,64.53178068898593,230,133,0.0
1834,133,67,66.5,2.66,1.3399999999999999,66.5,33.49999999999999,266.0,64.53178068898593,230,133,0.0
1835,133,67,66.5,2.66,1.3399999999999999,66.5,33.49999999999999,266.0,64.53178068898593,230,133,0.0
1836,133,67,66.5,2.66,1.3399999999999999,66.5,33.49999999999999,266.0,64.53178068898593,230,133,0.0
1837,133,67,66.5,2.66,1.3399999999999999,66.5,33.49999999999999,266.0,64.53178068898593,230,133,0.0
1838,133,67,66.5,2.66,1.3399999999999999,66.5,33.49999999999999,266.0,64.53178068898593,230,133,0.0
1839,133,67,66.5,2.66,1.3399999999999999,66.5,33.49999999999999,266.0,64.53178068898593,230,133,0.0
1840,134,66,67.0,2.68,1.3199999999999998,67.0,32.99999999999999,268.0,65.01698204754973,231,134,2.0
1841,134,66,67.0,2.68,1.3199999999999998,67.0,32.99999999999999,268.0,65.01698204754973,231,134,0.0
1842,135,65,67.5,2.7,1.2999999999999998,67.5,32.49999999999999,270.0,65.50218340611353,232,135,2.0
1843,135,65,67.5,2.7,1.2999999999999998,67.5,32.49999999999999,270.0,65.50218340611353,232,135,0.0
1844,135,65,67.5,2.7,1.2999999999999998,67.5,32.49999999999999,270.0,65.50218340611353,232,135,0.0
1845,135,65,67.5,2.7,1.2999999999999998,67.5,32.49999999999999,270.0,65.50218340611353,232,135,0.0
1846,135,65,67.5,2.7,1.2999999999999998,67.5,32.49999999999999,270.0,65.50218340611353,232,135,0.0
1847,135,65,67.5,2.7,1.2999999999999998,67.5,32.49999999999999,270.0,65.50218340611353,232,135,0.0
1848,135,65,67.5,2.7,1.2999999999999998,67.5,32.49999999999999,270.0,65.50218340611353,232,135,0.0
1849,135,65,67.5,2.7,1.2999999999999998,67.5,32.49999999999999,270.0,65.50218340611353,232,135,0.0
1850,135,65,67.5,2.7,1.2999999999999998,67.5,32.49999999999999,270.0,65.50218340611353,232,135,0.0
1851,135,65,67.5,2.7,1.2999999999999998,67.5,32.49999999999999,270.0,65.50218340611353,232,135,0.0
1852,135,65,67.5,2.7,1.2999999999999998,67.5,32.49999999999999,270.0,65.50218340611353,232,135,0.0
1853,135,65,67.5,2.7,1.2999999999999998,67.5,32.49999999999999,270.0,65.50218340611353,232,135,0.0
1854,135,65,67.5,2.7,1.2999999999999998,67.5,32.49999999999999,270.0,65.50218340611353,232,135,0.0
1855,135,65,67.5,2.7,1.2999999999999998,67.5,32.49999999999999,270.0,65.50218340611353,232,135,0.0
1856,135,65,67.5,2.7,1.2999999999999998,67.5,32.49999999999999,270.0,65.50218340611353,232,135,0.0
1857,135,65,67.5,2.7,1.2999999999999998,67.5,32.49999999999999,270.0,65.50218340611353,232,135,0.0
1858,135,65,67.5,2.7,1.2999999999999998,67.5,32.49999999999999,270.0,65.50218340611353,232,135,0.0
1859,135,65,67.5,2.7,1.2999999999999998,67.5,32.49999999999999,270.0,65.50218340611353,232,135,0.0
1860,135,65,67.5,2.7,1.2999999999999998,67.5,32.49999999999999,270.0,65.50218340611353,233,135,0.0
1861,135,65,67.5,2.7,1.2999999999999998,67.5,32.49999999999999,270.0,65.50218340611353,233,135,0.0
1862,135,65,67.5,2.7,1.2999999999999998,67.5,32.49999999999999,270.0,65.50218340611353,233,135,0.0
1863,135,65,67.5,2.7,1.2999999999999998,67.5,32.49999999999999,270.0,65.50218340611353,233,135,0.0
1864,135,65,67.5,2.7,1.2999999999999998,67.5,32.49999999999999,270.0,65.50218340611353,233,135,0.0
1865,135,65,67.5,2.7,1.2999999999999998,67.5,32.49999999999999,270.0,65.50218340611353,234,135,0.0
1866,135,65,67.5,2.7,1.2999999999999998,67.5,32.49999999999999,270.0,65.50218340611353,234,135,0.0
1867,135,65,67.5,2.7,1.2999999999999998,67.5,32.49999999999999,270.0,65.50218340611353,234,135,0.0
1868,135,65,67.5,2.7,1.2999999999999998,67.5,32.49999999999999,270.0,65.50218340611353,234,135,0.0
1869,135,65,67.5,2.7,1.2999999999999998,67.5,32.49999999999999,270.0,65.50218340611353,235,135,0.0
1870,135,65,67.5,2.7,1.2999999999999998,67.5,32.49999999999999,270.0,65.50218340611353,235,135,0.0
1871,135,65,67.5,2.7,1.2999999999999998,67.5,32.49999999999999,270.0,65.50218340611353,236,135,0.0
1872,135,65,67.5,2.7,1.2999999999999998,67.5,32.49999999999999,270.0,65.50218340611353,236,135,0.0
1873,135,65,67.5,2.7,1.2999999999999998,67.5,32.49999999999999,270.0,65.50218340611353,236,135,0.0
1874,135,65,67.5,2.7,1.2999999999999998,67.5,32.49999999999999,270.0,65.50218340611353,236,135,0.0
1875,135,65,67.5,2.7,1.2999999999999998,67.5,32.49999999999999,270.0,65.50218340611353,236,135,0.0
1876,135,65,67.5,2.7,1.2999999999999998,67.5,32.49999999999999,270.0,65.50218340611353,236,135,0.0
1877,135,65,67.5,2.7,1.2999999999999998,67.5,32.49999999999999,270.0,65.50218340611353,236,135,0.0
1878,135,65,67.5,2.7,1.2999999999999998,67.5,32.49999999999999,270.0,65.50218340611353,236,135,0.0
1879,135,65,67.5,2.7,1.2999999999999998,67.5,32.49999999999999,270.0,65.50218340611353,236,135,0.0
1880,135,65,67.5,2.7,1.2999999999999998,67.5,32.49999999999999,270.0,65.50218340611353,236,135,0.0
1881,135,65,67.5,2.7,1.2999999999999998,67.5,32.49999999999999,270.0,65.50218340611353,236,135,0.0
1882,135,65,67.5,2.7,1.2999999999999998,67.5,32.49999999999999,270.0,65.50218340611353,236,135,0.0
1883,135,65,67.5,2.7,1.2999999999999998,67.5,32.49999999999999,270.0,65.50218340611353,236,135,0.0
1884,135,65,67.5,2.7,1.2999999999999998,67.5,32.49999999999999,270.0,65.50218340611353,236,135,0.0
1885,135,65,67.5,2.7,1.2999999999999998,67.5,32.49999999999999,270.0,65.50218340611353,236,135,0.0
1886,135,65,67.5,2.7,1.2999999999999998,67.5,32.49999999999999,270.0,65.50218340611353,236,135,0.0
1887,135,65,67.5,2.7,1.2999999999999998,67.5,32.49999999999999,270.0,65.50218340611353,236,135,0.0
1888,135,65,67.5,2.7,1.2999999999999998,67.5,32.49999999999999,270.0,65.50218340611353,236,135,0.0
1889,136,64,68.0,2.72,1.2799999999999998,68.0,31.999999999999993,272.0,65.98738476467734,237,136,2.0
1890,136,64,68.0,2.72,1.2799999999999998,68.0,31.999999999999993,272.0,65.98738476467734,237,136,0.0
1891,136,64,68.0,2.72,1.2799999999999998,68.0,31.999999999999993,272.0,65.98738476467734,237,136,0.0
1892,136,64,68.0,2.72,1.2799999999999998,68.0,31.999999999999993,272.0,65.98738476467734,237,136,0.0
1893,136,64,68.0,2.72,1.2799999999999998,68.0,31.999999999999993,272.0,65.98738476467734,237,136,0.0
1894,136,64,68.0,2.72,1.2799999999999998,68.0,31.999999999999993,272.0,65.98738476467734,237,136,0.0
1895,136,64,68.0,2.72,1.2799999999999998,68.0,31.999999999999993,272.0,65.98738476467734,237,136,0.0
1896,137,63,68.5,2.74,1.2599999999999998,68.5,31.499999999999993,274.0,66.47258612324116,238,137,2.0
1897,138,62,69.0,2.7600000000000002,1.2399999999999998,69.0,30.999999999999993,276.0,66.95778748180496,239,138,2.0
1898,138,62,69.0,2.7600000000000002,1.2399999999999998,69.0,30.999999999999993,276.0,66.95778748180496,239,138,0.0
1899,138,62,69.0,2.7600000000000002,1.2399999999999998,69.0,30.999999999999993,276.0,66.95778748180496,239,138,0.0
1900,138,62,69.0,2.7600000000000002,1.2399999999999998,69.0,30.999999999999993,276.0,66.95778748180496,239,138,0.0
1901,138,62,69.0,2.7600000000000002,1.2399999999999998,69.0,30.999999999999993,276.0,66.95778748180496,239,138,0.0
1902,138,62,69.0,2.7600000000000002,1.2399999999999998,69.0,30.999999999999993,276.0,66.95778748180496,239,138,0.0
1903,138,62,69.0,2.7600000000000002,1.2399999999999998,69.0,30.999999999999993,276.0,66.95778748180496,239,138,0.0
1904,138,62,69.0,2.7600000000000002,1.2399999999999998,69.0,30.999999999999993,276.0,66.95778748180496,239,138,0.0
1905,138,62,69.0,2.7600000000000002,1.2399999999999998,69.0,30.999999999999993,276.0,66.95778748180496,239,138,0.0
1906,138,62,69.0,2.7600000000000002,1.2399999999999998,69.0,30.999999999999993,276.0,66.95778748180496,239,138,0.0
1907,138,62,69.0,2.7600000000000002,1.2399999999999998,69.0,30.999999999999993,276.0,66.95778748180496,239,138,0.0
1908,138,62,69.0,2.7600000000000002,1.2399999999999998,69.0,30.999999999999993,276.0,66.95778748180496,239,138,0.0
1909,138,62,69.0,2.7600000000000002,1.2399999999999998,69.0,30.999999999999993,276.0,66.95778748180496,239,138,0.0
1910,138,62,69.0,2.7600000000000002,1.2399999999999998,69.0,30.999999999999993,276.0,66.95778748180496,239,138,0.0
1911,138,62,69.0,2.7600000000000002,1.2399999999999998,69.0,30.999999999999993,276.0,66.95778748180496,239,138,0.0
1912,138,62,69.0,2.7600000000000002,1.2399999999999998,69.0,30.999999999999993,276.0,66.95778748180496,239,138,0.0
1913,138,62,69.0,2.7600000000000002,1.2399999999999998,69.0,30.999999999999993,276.0,66.95778748180496,239,138,0.0
1914,138,62,69.0,2.7600000000000002,1.2399999999999998,69.0,30.999999999999993,276.0,66.95778748180496,239,138,0.0
1915,138,62,69.0,2.7600000000000002,1.2399999999999998,69.0,30.999999999999993,276.0,66.95778748180496,239,138,0.0
1916,138,62,69.0,2.7600000000000002,1.2399999999999998,69.0,30.999999999999993,276.0,66.95778748180496,239,138,0.0
1917,138,62,69.0,2.7600000000000002,1.2399999999999998,69.0,30.999999999999993,276.0,66.95778748180496,239,138,0.0
1918,138,62,69.0,2.7600000000000002,1.2399999999999998,69.0,30.999999999999993,276.0,66.95778748180496,239,138,0.0
1919,138,62,69.0,2.7600000000000002,1.2399999999999998,69.0,30.999999999999993,276.0,66.95778748180496,239,138,0.0
1920,138,62,69.0,2.7600000000000002,1.2399999999999998,69.0,30.999999999999993,276.0,66.95778748180496,239,138,0.0
1921,138,62,69.0,2.7600000000000002,1.2399999999999998,69.0,30.999999999999993,276.0,66.95778748180496,239,138,0.0
1922,138,62,69.0,2.7600000000000002,1.2399999999999998,69.0,30.999999999999993,276.0,66.95778748180496,239,138,0.0
1923,138,62,69.0,2.7600000000000002,1.2399999999999998,69.0,30.999999999999993,276.0,66.95778748180496,239,138,0.0
1924,138,62,69.0,2.7600000000000002,1.2399999999999998,69.0,30.999999999999993,276.0,66.95778748180496,239,138,0.0
1925,138,62,69.0,2.7600000000000002,1.2399999999999998,69.0,30.999999999999993,276.0,66.95778748180496,239,138,0.0
1926,138,62,69.0,2.7600000000000002,1.2399999999999998,69.0,30.999999999999993,276.0,66.95778748180496,239,138,0.0
1927,138,62,69.0,2.7600000000000002,1.2399999999999998,69.0,30.999999999999993,276.0,66.95778748180496,239,138,0.0
1928,138,62,69.0,2.7600000000000002,1.2399999999999998,69.0,30.999999999999993,276.0,66.95778748180496,239,138,0.0
1929,138,62,69.0,2.7600000000000002,1.2399999999999998,69.0,30.999999999999993,276.0,66.95778748180496,239,138,0.0
1930,138,62,69.0,2.7600000000000002,1.2399999999999998,69.0,30.999999999999993,276.0,66.95778748180496,239,138,0.0
1931,138,62,69.0,2.7600000000000002,1.2399999999999998,69.0,30.999999999999993,276.0,66.95778748180496,239,138,0.0
1932,138,62,69.0,2.7600000000000002,1.2399999999999998,69.0,30.999999999999993,276.0,66.95778748180496,239,138,0.0
1933,138,62,69.0,2.7600000000000002,1.2399999999999998,69.0,30.999999999999993,276.0,66.95778748180496,239,138,0.0
1934,138,62,69.0,2.7600000000000002,1.2399999999999998,69.0,30.999999999999993,276.0,66.95778748180496,239,138,0.0
1935,138,62,69.0,2.7600000000000002,1.2399999999999998,69.0,30.999999999999993,276.0,66.95778748180496,239,138,0.0
1936,138,62,69.0,2.7600000000000002,1.2399999999999998,69.0,30.999999999999993,276.0,66.95778748180496,239,138,0.0
1937,138,62,69.0,2.7600000000000002,1.2399999999999998,69.0,30.999999999999993,276.0,66.95778748180496,239,138,0.0
1938,138,62,69.0,2.7600000000000002,1.2399999999999998,69.0,30.999999999999993,276.0,66.95778748180496,239,138,0.0
1939,138,62,69.0,2.7600000000000002,1.2399999999999998,69.0,30.999999999999993,276.0,66.95778748180496,239,138,0.0
1940,138,62,69.0,2.7600000000000002,1.2399999999999998,69.0,30.999999999999993,276.0,66.95778748180496,239,138,0.0
1941,138,62,69.0,2.7600000000000002,1.2399999999999998,69.0,30.999999999999993,276.0,66.95778748180496,239,138,0.0
1942,138,62,69.0,2.7600000000000002,1.2399999999999998,69.0,30.999999999999993,276.0,66.95778748180496,239,138,0.0
1943,138,62,69.0,2.7600000000000002,1.2399999999999998,69.0,30.999999999999993,276.0,66.95778748180496,239,138,0.0
1944,138,62,69.0,2.7600000000000002,1.2399999999999998,69.0,30.999999999999993,276.0,66.95778748180496,239,138,0.0
1945,138,62,69.0,2.7600000000000002,1.2399999999999998,69.0,30.999999999999993,276.0,66.95778748180496,239,138,0.0
1946,138,62,69.0,2.7600000000000002,1.2399999999999998,69.0,30.999999999999993,276.0,66.95778748180496,239,138,0.0
1947,138,62,69.0,2.7600000000000002,1.2399999999999998,69.0,30.999999999999993,276.0,66.95778748180496,239,138,0.0
1948,138,62,69.0,2.7600000000000002,1.2399999999999998,69.0,30.999999999999993,276.0,66.95778748180496,239,138,0.0
1949,138,62,69.0,2.7600000000000002,1.2399999999999998,69.0,30.999999999999993,276.0,66.95778748180496,239,138,0.0
1950,138,62,69.0,2.7600000000000002,1.2399999999999998,69.0,30.999999999999993,276.0,66.95778748180496,239,138,0.0
1951,138,62,69.0,2.7600000000000002,1.2399999999999998,69.0,30.999999999999993,276.0,66.95778748180496,239,138,0.0
1952,138,62,69.0,2.7600000000000002,1.2399999999999998,69.0,30.999999999999993,276.0,66.95778748180496,239,138,0.0
1953,138,62,69.0,2.7600000000000002,1.2399999999999998,69.0,30.999999999999993,276.0,66.95778748180496,239,138,0.0
1954,138,62,69.0,2.7600000000000002,1.2399999999999998,69.0,30.999999999999993,276.0,66.95778748180496,239,138,0.0
1955,138,62,69.0,2.7600000000000002,1.2399999999999998,69.0,30.999999999999993,276.0,66.95778748180496,239,138,0.0
1956,138,62,69.0,2.7600000000000002,1.2399999999999998,69.0,30.999999999999993,276.0,66.95778748180496,239,138,0.0
1957,138,62,69.0,2.7600000000000002,1.2399999999999998,69.0,30.999999999999993,276.0,66.95778748180496,239,138,0.0
1958,138,62,69.0,2.7600000000000002,1.2399999999999998,69.0,30.999999999999993,276.0,66.95778748180496,239,138,0.0
1959,138,62,69.0,2.7600000000000002,1.2399999999999998,69.0,30.999999999999993,276.0,66.95778748180496,239,138,0.0
1960,138,62,69.0,2.7600000000000002,1.2399999999999998,69.0,30.999999999999993,276.0,66.95778748180496,239,138,0.0
1961,138,62,69.0,2.7600000000000002,1.2399999999999998,69.0,30.999999999999993,276.0,66.95778748180496,239,138,0.0
1962,138,62,69.0,2.7600000000000002,1.2399999999999998,69.0,30.999999999999993,276.0,66.95778748180496,239,138,0.0
1963,138,62,69.0,2.7600000000000002,1.2399999999999998,69.0,30.999999999999993,276.0,66.95778748180496,239,138,0.0
1964,138,62,69.0,2.7600000000000002,1.2399999999999998,69.0,30.999999999999993,276.0,66.95778748180496,239,138,0.0
1965,138,62,69.0,2.7600000000000002,1.2399999999999998,69.0,30.999999999999993,276.0,66.95778748180496,239,138,0.0
1966,138,62,69.0,2.7600000000000002,1.2399999999999998,69.0,30.999999999999993,276.0,66.95778748180496,239,138,0.0
1967,138,62,69.0,2.7600000000000002,1.2399999999999998,69.0,30.999999999999993,276.0,66.95778748180496,239,138,0.0
1968,138,62,69.0,2.7600000000000002,1.2399999999999998,69.0,30.999999999999993,276.0,66.95778748180496,239,138,0.0
1969,138,62,69.0,2.7600000000000002,1.2399999999999998,69.0,30.999999999999993,276.0,66.95778748180496,239,138,0.0
1970,138,62,69.0,2.7600000000000002,1.2399999999999998,69.0,30.999999999999993,276.0,66.95778748180496,239,138,0.0
1971,138,62,69.0,2.7600000000000002,1.2399999999999998,69.0,30.999999999999993,276.0,66.95778748180496,239,138,0.0
1972,138,62,69.0,2.7600000000000002,1.2399999999999998,69.0,30.999999999999993,276.0,66.95778748180496,239,138,0.0
1973,138,62,69.0,2.7600000000000002,1.2399999999999998,69.0,30.999999999999993,276.0,66.95778748180496,239,138,0.0
1974,138,62,69.0,2.7600000000000002,1.2399999999999998,69.0,30.999999999999993,276.0,66.95778748180496,239,138,0.0
1975,138,62,69.0,2.7600000000000002,1.2399999999999998,69.0,30.999999999999993,276.0,66.95778748180496,239,138,0.0
1976,138,62,69.0,2.7600000000000002,1.2399999999999998,69.0,30.999999999999993,276.0,66.95778748180496,239,138,0.0
1977,138,62,69.0,2.7600000000000002,1.2399999999999998,69.0,30.999999999999993,276.0,66.95778748180496,239,138,0.0
1978,138,62,69.0,2.7600000000000002,1.2399999999999998,69.0,30.999999999999993,276.0,66.95778748180496,239,138,0.0
1979,138,62,69.0,2.7600000000000002,1.2399999999999998,69.0,30.999999999999993,276.0,66.95778748180496,239,138,0.0
1980,138,62,69.0,2.7600000000000002,1.2399999999999998,69.0,30.999999999999993,276.0,66.95778748180496,239,138,0.0
1981,138,62,69.0,2.7600000000000002,1.2399999999999998,69.0,30.999999999999993,276.0,66.95778748180496,239,138,0.0
1982,138,62,69.0,2.7600000000000002,1.2399999999999998,69.0,30.999999999999993,276.0,66.95778748180496,239,138,0.0
1983,138,62,69.0,2.7600000000000002,1.2399999999999998,69.0,30.999999999999993,276.0,66.95778748180496,239,138,0.0
1984,138,62,69.0,2.7600000000000002,1.2399999999999998,69.0,30.999999999999993,276.0,66.95778748180496,239,138,0.0
1985,138,62,69.0,2.7600000000000002,1.2399999999999998,69.0,30.999999999999993,276.0,66.95778748180496,239,138,0.0
1986,138,62,69.0,2.7600000000000002,1.2399999999999998,69.0,30.999999999999993,276.0,66.95778748180496,239,138,0.0
1987,138,62,69.0,2.7600000000000002,1.2399999999999998,69.0,30.999999999999993,276.0,66.95778748180496,239,138,0.0
1988,138,62,69.0,2.7600000000000002,1.2399999999999998,69.0,30.999999999999993,276.0,66.95778748180496,239,138,0.0
1989,138,62,69.0,2.7600000000000002,1.2399999999999998,69.0,30.999999999999993,276.0,66.95778748180496,239,138,0.0
1990,138,62,69.0,2.7600000000000002,1.2399999999999998,69.0,30.999999999999993,276.0,66.95778748180496,239,138,0.0
1991,138,62,69.0,2.7600000000000002,1.2399999999999998,69.0,30.999999999999993,276.0,66.95778748180496,240,138,0.0
1992,138,62,69.0,2.7600000000000002,1.2399999999999998,69.0,30.999999999999993,276.0,66.95778748180496,240,138,0.0
1993,138,62,69.0,2.7600000000000002,1.2399999999999998,69.0,30.999999999999993,276.0,66.95778748180496,240,138,0.0
1994,138,62,69.0,2.7600000000000002,1.2399999999999998,69.0,30.999999999999993,276.0,66.95778748180496,240,138,0.0
1995,138,62,69.0,2.7600000000000002,1.2399999999999998,69.0,30.999999999999993,276.0,66.95778748180496,240,138,0.0
1996,138,62,69.0,2.7600000000000002,1.2399999999999998,69.0,30.999999999999993,276.0,66.95778748180496,240,138,0.0
1997,138,62,69.0,2.7600000000000002,1.2399999999999998,69.0,30.999999999999993,276.0,66.95778748180496,240,138,0.0
1998,138,62,69.0,2.7600000000000002,1.2399999999999998,69.0,30.999999999999993,276.0,66.95778748180496,240,138,0.0
1999,138,62,69.0,2.7600000000000002,1.2399999999999998,69.0,30.999999999999993,276.0,66.95778748180496,240,138,0.0
2000,138,62,69.0,2.7600000000000002,1.2399999999999998,69.0,30.999999999999993,276.0,66.95778748180496,240,138,0.0
