step,n_adsorbed,n_free,percent_adsorbed,m_adsorbed_mg,m_free_mg,c_pdf_mg_l,c_remaining_mg_l,qt_mg_g,percent_qmax,n_contacts,n_adsorption_events,dqt_per_step
0,0,200,0.0,0.0,4.0,0.0,100.0,0.0,0.0,0,0,0.0
1,0,200,0.0,0.0,4.0,0.0,100.0,0.0,0.0,0,0,0.0
2,0,200,0.0,0.0,4.0,0.0,100.0,0.0,0.0,0,0,0.0
3,0,200,0.0,0.0,4.0,0.0,100.0,0.0,0.0,0,0,0.0
4,2,198,1.0,0.04,3.96,1.0,99.0,4.0,0.5230809467765136,2,2,4.0
5,3,197,1.5,0.06,3.94,1.5,98.5,6.0,0.7846214201647704,3,3,2.0
6,4,196,2.0,0.08,3.92,2.0,98.0,8.0,1.0461618935530272,4,4,2.0
7,6,194,3.0,0.12,3.88,3.0,97.0,12.0,1.5692428403295409,6,6,4.0
8,6,194,3.0,0.12,3.88,3.0,97.0,12.0,1.5692428403295409,6,6,0.0
9,8,192,4.0,0.16,3.84,4.0,96.0,16.0,2.0923237871060545,8,8,4.0
10,9,191,4.5,0.18,3.82,4.5,95.5,18.0,2.3538642604943116,9,9,2.0
11,9,191,4.5,0.18,3.82,4.5,95.5,18.0,2.3538642604943116,9,9,0.0
12,10,190,5.0,0.2,3.8,5.0,95.0,20.0,2.6154047338825683,10,10,2.0
13,11,189,5.5,0.22,3.78,5.5,94.5,22.0,2.876945207270825,11,11,2.0
14,11,189,5.5,0.22,3.78,5.5,94.5,22.0,2.876945207270825,11,11,0.0
15,11,189,5.5,0.22,3.78,5.5,94.5,22.0,2.876945207270825,11,11,0.0
16,12,188,6.0,0.24,3.76,6.0,93.99999999999999,24.0,3.1384856806590817,12,12,2.0
17,12,188,6.0,0.24,3.76,6.0,93.99999999999999,24.0,3.1384856806590817,12,12,0.0
18,14,186,7.000000000000001,0.28,3.7199999999999998,7.000000000000001,92.99999999999999,28.000000000000004,3.661566627435596,14,14,4.0000000000000036
19,14,186,7.000000000000001,0.28,3.7199999999999998,7.000000000000001,92.99999999999999,28.000000000000004,3.661566627435596,14,14,0.0
20,16,184,8.0,0.32,3.68,8.0,92.0,32.0,4.184647574212109,16,16,3.9999999999999964
21,16,184,8.0,0.32,3.68,8.0,92.0,32.0,4.184647574212109,16,16,0.0
22,19,181,9.5,0.38,3.62,9.5,90.5,38.0,4.96926899437688,19,19,6.0
23,19,181,9.5,0.38,3.62,9.5,90.5,38.0,4.96926899437688,19,19,0.0
24,19,181,9.5,0.38,3.62,9.5,90.5,38.0,4.96926899437688,19,19,0.0
25,20,180,10.0,0.4,3.6,10.0,90.0,40.0,5.230809467765137,20,20,2.0
26,20,180,10.0,0.4,3.6,10.0,90.0,40.0,5.230809467765137,20,20,0.0
27,22,178,11.0,0.44,3.56,11.0,89.0,44.0,5.75389041454165,22,22,4.0
28,23,177,11.5,0.46,3.54,11.5,88.5,46.0,6.015430887929907,23,23,2.0
29,23,177,11.5,0.46,3.54,11.5,88.5,46.0,6.015430887929907,23,23,0.0
30,23,177,11.5,0.46,3.54,11.5,88.5,46.0,6.015430887929907,23,23,0.0
31,23,177,11.5,0.46,3.54,11.5,88.5,46.0,6.015430887929907,23,23,0.0
32,23,177,11.5,0.46,3.54,11.5,88.5,46.0,6.015430887929907,23,23,0.0
33,23,177,11.5,0.46,3.54,11.5,88.5,46.0,6.015430887929907,23,23,0.0
34,24,176,12.0,0.48,3.52,12.0,88.0,48.0,6.2769713613181635,24,24,2.0
35,24,176,12.0,0.48,3.52,12.0,88.0,48.0,6.2769713613181635,24,24,0.0
36,25,175,12.5,0.5,3.5,12.5,87.5,50.0,6.53851183470642,25,25,2.0
37,26,174,13.0,0.52,3.48,13.0,87.0,52.0,6.800052308094677,26,26,2.0
38,26,174,13.0,0.52,3.48,13.0,87.0,52.0,6.800052308094677,26,26,0.0
39,28,172,14.000000000000002,0.56,3.44,14.000000000000002,86.0,56.00000000000001,7.323133254871192,28,28,4.000000000000007
40,28,172,14.000000000000002,0.56,3.44,14.000000000000002,86.0,56.00000000000001,7.323133254871192,28,28,0.0
41,29,171,14.499999999999998,0.58,3.42,14.499999999999998,85.5,57.99999999999999,7.584673728259447,29,29,1.9999999999999858
42,31,169,15.5,0.62,3.38,15.5,84.5,62.0,8.107754675035961,31,31,4.000000000000007
43,33,167,16.5,0.66,3.34,16.5,83.5,66.0,8.630835621812475,33,33,4.0
44,33,167,16.5,0.66,3.34,16.5,83.5,66.0,8.630835621812475,33,33,0.0
45,33,167,16.5,0.66,3.34,16.5,83.5,66.0,8.630835621812475,33,33,0.0
46,33,167,16.5,0.66,3.34,16.5,83.5,66.0,8.630835621812475,33,33,0.0
47,33,167,16.5,0.66,3.34,16.5,83.5,66.0,8.630835621812475,33,33,0.0
48,34,166,17.0,0.68,3.32,17.0,83.0,68.0,8.892376095200733,34,34,2.0
49,36,164,18.0,0.72,3.2800000000000002,18.0,82.0,72.0,9.415457041977247,36,36,4.0
50,36,164,18.0,0.72,3.2800000000000002,18.0,82.0,72.0,9.415457041977247,36,36,0.0
51,36,164,18.0,0.72,3.2800000000000002,18.0,82.0,72.0,9.415457041977247,36,36,0.0
52,36,164,18.0,0.72,3.2800000000000002,18.0,82.0,72.0,9.415457041977247,36,36,0.0
53,37,163,18.5,0.74,3.26,18.5,81.5,74.0,9.676997515365503,37,37,2.0
54,39,161,19.5,0.78,3.2199999999999998,19.5,80.49999999999999,78.0,10.200078462142017,39,39,4.0
55,41,159,20.5,0.8200000000000001,3.1799999999999997,20.5,79.49999999999999,82.0,10.72315940891853,41,41,4.0
56,42,158,21.0,0.84,3.16,21.0,79.0,84.0,10.984699882306787,42,42,2.0
57,42,158,21.0,0.84,3.16,21.0,79.0,84.0,10.984699882306787,42,42,0.0
58,43,157,21.5,0.86,3.14,21.5,78.5,86.0,11.246240355695043,43,43,2.0
59,43,157,21.5,0.86,3.14,21.5,78.5,86.0,11.246240355695043,43,43,0.0
60,43,157,21.5,0.86,3.14,21.5,78.5,86.0,11.246240355695043,43,43,0.0
61,43,157,21.5,0.86,3.14,21.5,78.5,86.0,11.246240355695043,44,43,0.0
62,45,155,22.5,0.9,3.1,22.5,77.5,90.0,11.769321302471557,47,45,4.0
63,45,155,22.5,0.9,3.1,22.5,77.5,90.0,11.769321302471557,48,45,0.0
64,47,153,23.5,0.9400000000000001,3.06,23.5,76.5,94.0,12.29240224924807,53,47,4.0
65,48,152,24.0,0.96,3.04,24.0,76.0,96.0,12.553942722636327,55,48,2.0
66,48,152,24.0,0.96,3.04,24.0,76.0,96.0,12.553942722636327,55,48,0.0
67,49,151,24.5,0.98,3.02,24.5,75.5,98.0,12.815483196024585,56,49,2.0
68,49,151,24.5,0.98,3.02,24.5,75.5,98.0,12.815483196024585,57,49,0.0
69,49,151,24.5,0.98,3.02,24.5,75.5,98.0,12.815483196024585,57,49,0.0
70,50,150,25.0,1.0,3.0,25.0,75.0,100.0,13.07702366941284,58,50,2.0
71,51,149,25.5,1.02,2.98,25.5,74.5,102.0,13.338564142801099,59,51,2.0
72,51,149,25.5,1.02,2.98,25.5,74.5,102.0,13.338564142801099,59,51,0.0
73,52,148,26.0,1.04,2.96,26.0,74.0,104.0,13.600104616189354,60,52,2.0
74,54,146,27.0,1.08,2.92,27.0,73.0,108.0,14.123185562965867,62,54,4.0
75,54,146,27.0,1.08,2.92,27.0,73.0,108.0,14.123185562965867,62,54,0.0
76,55,145,27.500000000000004,1.1,2.9,27.5,72.5,110.0,14.384726036354126,63,55,2.0
77,55,145,27.500000000000004,1.1,2.9,27.5,72.5,110.0,14.384726036354126,63,55,0.0
78,55,145,27.500000000000004,1.1,2.9,27.5,72.5,110.0,14.384726036354126,63,55,0.0
79,55,145,27.500000000000004,1.1,2.9,27.5,72.5,110.0,14.384726036354126,63,55,0.0
80,55,145,27.500000000000004,1.1,2.9,27.5,72.5,110.0,14.384726036354126,63,55,0.0
81,56,144,28.000000000000004,1.12,2.88,28.000000000000004,72.0,112.00000000000001,14.646266509742384,64,56,2.000000000000014
82,58,142,28.999999999999996,1.16,2.84,28.999999999999996,71.0,115.99999999999999,15.169347456518894,66,58,3.9999999999999716
83,58,142,28.999999999999996,1.16,2.84,28.999999999999996,71.0,115.99999999999999,15.169347456518894,66,58,0.0
84,59,141,29.5,1.18,2.8200000000000003,29.499999999999996,70.5,117.99999999999999,15.43088792990715,67,59,2.0
85,59,141,29.5,1.18,2.8200000000000003,29.499999999999996,70.5,117.99999999999999,15.43088792990715,67,59,0.0
86,60,140,30.0,1.2,2.8,30.0,70.0,120.0,15.692428403295407,68,60,2.000000000000014
87,60,140,30.0,1.2,2.8,30.0,70.0,120.0,15.692428403295407,68,60,0.0
88,60,140,30.0,1.2,2.8,30.0,70.0,120.0,15.692428403295407,68,60,0.0
89,61,139,30.5,1.22,2.7800000000000002,30.5,69.5,122.0,15.953968876683666,69,61,2.0
90,62,138,31.0,1.24,2.76,31.0,69.0,124.0,16.215509350071923,70,62,2.0
91,62,138,31.0,1.24,2.76,31.0,69.0,124.0,16.215509350071923,70,62,0.0
92,64,136,32.0,1.28,2.7199999999999998,32.0,67.99999999999999,128.0,16.738590296848436,72,64,4.0
93,64,136,32.0,1.28,2.7199999999999998,32.0,67.99999999999999,128.0,16.738590296848436,72,64,0.0
94,65,135,32.5,1.3,2.7,32.5,67.5,130.0,17.000130770236694,73,65,2.0
95,65,135,32.5,1.3,2.7,32.5,67.5,130.0,17.000130770236694,73,65,0.0
96,65,135,32.5,1.3,2.7,32.5,67.5,130.0,17.000130770236694,73,65,0.0
97,65,135,32.5,1.3,2.7,32.5,67.5,130.0,17.000130770236694,73,65,0.0
98,65,135,32.5,1.3,2.7,32.5,67.5,130.0,17.000130770236694,73,65,0.0
99,65,135,32.5,1.3,2.7,32.5,67.5,130.0,17.000130770236694,73,65,0.0
100,65,135,32.5,1.3,2.7,32.5,67.5,130.0,17.000130770236694,73,65,0.0
101,66,134,33.0,1.32,2.6799999999999997,33.0,66.99999999999999,132.0,17.26167124362495,74,66,2.0
102,67,133,33.5,1.34,2.66,33.5,66.5,134.0,17.523211717013208,75,67,2.0
103,67,133,33.5,1.34,2.66,33.5,66.5,134.0,17.523211717013208,75,67,0.0
104,67,133,33.5,1.34,2.66,33.5,66.5,134.0,17.523211717013208,75,67,0.0
105,67,133,33.5,1.34,2.66,33.5,66.5,134.0,17.523211717013208,75,67,0.0
106,67,133,33.5,1.34,2.66,33.5,66.5,134.0,17.523211717013208,75,67,0.0
107,67,133,33.5,1.34,2.66,33.5,66.5,134.0,17.523211717013208,76,67,0.0
108,68,132,34.0,1.36,2.6399999999999997,34.0,65.99999999999999,136.0,17.784752190401466,78,68,2.0
109,68,132,34.0,1.36,2.6399999999999997,34.0,65.99999999999999,136.0,17.784752190401466,79,68,0.0
110,70,130,35.0,1.4000000000000001,2.5999999999999996,35.0,64.99999999999999,140.0,18.30783313717798,82,70,4.0
111,70,130,35.0,1.4000000000000001,2.5999999999999996,35.0,64.99999999999999,140.0,18.30783313717798,82,70,0.0
112,71,129,35.5,1.42,2.58,35.5,64.5,142.0,18.569373610566235,83,71,2.0
113,71,129,35.5,1.42,2.58,35.5,64.5,142.0,18.569373610566235,83,71,0.0
114,73,127,36.5,1.46,2.54,36.5,63.5,146.0,19.092454557342748,85,73,4.0
115,74,126,37.0,1.48,2.52,37.0,63.0,148.0,19.353995030731006,86,74,2.0
116,74,126,37.0,1.48,2.52,37.0,63.0,148.0,19.353995030731006,86,74,0.0
117,74,126,37.0,1.48,2.52,37.0,63.0,148.0,19.353995030731006,86,74,0.0
118,75,125,37.5,1.5,2.5,37.5,62.5,150.0,19.61553550411926,87,75,2.0
119,75,125,37.5,1.5,2.5,37.5,62.5,150.0,19.61553550411926,87,75,0.0
120,75,125,37.5,1.5,2.5,37.5,62.5,150.0,19.61553550411926,87,75,0.0
121,75,125,37.5,1.5,2.5,37.5,62.5,150.0,19.61553550411926,87,75,0.0
122,76,124,38.0,1.52,2.48,38.0,62.0,152.0,19.87707597750752,88,76,2.0
123,76,124,38.0,1.52,2.48,38.0,62.0,152.0,19.87707597750752,88,76,0.0
124,76,124,38.0,1.52,2.48,38.0,62.0,152.0,19.87707597750752,88,76,0.0
125,76,124,38.0,1.52,2.48,38.0,62.0,152.0,19.87707597750752,88,76,0.0
126,77,123,38.5,1.54,2.46,38.5,61.5,154.0,20.138616450895775,89,77,2.0
127,77,123,38.5,1.54,2.46,38.5,61.5,154.0,20.138616450895775,89,77,0.0
128,77,123,38.5,1.54,2.46,38.5,61.5,154.0,20.138616450895775,89,77,0.0
129,78,122,39.0,1.56,2.44,39.0,61.0,156.0,20.400156924284033,90,78,2.0
130,78,122,39.0,1.56,2.44,39.0,61.0,156.0,20.400156924284033,90,78,0.0
131,78,122,39.0,1.56,2.44,39.0,61.0,156.0,20.400156924284033,90,78,0.0
132,80,120,40.0,1.6,2.4,40.0,60.0,160.0,20.923237871060547,92,80,4.0
133,80,120,40.0,1.6,2.4,40.0,60.0,160.0,20.923237871060547,92,80,0.0
134,81,119,40.5,1.62,2.38,40.5,59.49999999999999,162.0,21.1847783444488,93,81,2.0
135,81,119,40.5,1.62,2.38,40.5,59.49999999999999,162.0,21.1847783444488,93,81,0.0
136,82,118,41.0,1.6400000000000001,2.36,41.0,58.99999999999999,164.0,21.44631881783706,94,82,2.0
137,82,118,41.0,1.6400000000000001,2.36,41.0,58.99999999999999,164.0,21.44631881783706,94,82,0.0
138,83,117,41.5,1.6600000000000001,2.34,41.5,58.49999999999999,166.0,21.707859291225315,95,83,2.0
139,83,117,41.5,1.6600000000000001,2.34,41.5,58.49999999999999,166.0,21.707859291225315,95,83,0.0
140,83,117,41.5,1.6600000000000001,2.34,41.5,58.49999999999999,166.0,21.707859291225315,95,83,0.0
141,87,113,43.5,1.74,2.26,43.5,56.49999999999999,174.0,22.754021184778342,99,87,8.0
142,87,113,43.5,1.74,2.26,43.5,56.49999999999999,174.0,22.754021184778342,99,87,0.0
143,88,112,44.0,1.76,2.24,44.0,56.00000000000001,176.0,23.0155616581666,100,88,2.0
144,88,112,44.0,1.76,2.24,44.0,56.00000000000001,176.0,23.0155616581666,100,88,0.0
145,88,112,44.0,1.76,2.24,44.0,56.00000000000001,176.0,23.0155616581666,100,88,0.0
146,88,112,44.0,1.76,2.24,44.0,56.00000000000001,176.0,23.0155616581666,100,88,0.0
147,89,111,44.5,1.78,2.2199999999999998,44.5,55.49999999999999,178.0,23.277102131554855,101,89,2.0
148,91,109,45.5,1.82,2.1799999999999997,45.5,54.49999999999999,182.0,23.800183078331372,103,91,4.0
149,91,109,45.5,1.82,2.1799999999999997,45.5,54.49999999999999,182.0,23.800183078331372,103,91,0.0
150,91,109,45.5,1.82,2.1799999999999997,45.5,54.49999999999999,182.0,23.800183078331372,103,91,0.0
151,92,108,46.0,1.84,2.16,46.0,54.0,184.0,24.061723551719627,104,92,2.0
152,92,108,46.0,1.84,2.16,46.0,54.0,184.0,24.061723551719627,104,92,0.0
153,93,107,46.5,1.86,2.1399999999999997,46.5,53.49999999999999,186.0,24.323264025107886,105,93,2.0
154,93,107,46.5,1.86,2.1399999999999997,46.5,53.49999999999999,186.0,24.323264025107886,105,93,0.0
155,93,107,46.5,1.86,2.1399999999999997,46.5,53.49999999999999,186.0,24.323264025107886,105,93,0.0
156,94,106,47.0,1.8800000000000001,2.12,47.0,53.0,188.0,24.58480449849614,106,94,2.0
157,94,106,47.0,1.8800000000000001,2.12,47.0,53.0,188.0,24.58480449849614,106,94,0.0
158,94,106,47.0,1.8800000000000001,2.12,47.0,53.0,188.0,24.58480449849614,106,94,0.0
159,95,105,47.5,1.9000000000000001,2.0999999999999996,47.5,52.49999999999999,190.0,24.8463449718844,108,95,2.0
160,96,104,48.0,1.92,2.08,48.0,52.0,192.0,25.107885445272654,110,96,2.0
161,96,104,48.0,1.92,2.08,48.0,52.0,192.0,25.107885445272654,110,96,0.0
162,96,104,48.0,1.92,2.08,48.0,52.0,192.0,25.107885445272654,110,96,0.0
163,96,104,48.0,1.92,2.08,48.0,52.0,192.0,25.107885445272654,110,96,0.0
164,97,103,48.5,1.94,2.06,48.5,51.5,194.0,25.36942591866091,111,97,2.0
165,98,102,49.0,1.96,2.04,49.0,51.0,196.0,25.63096639204917,112,98,2.0
166,99,101,49.5,1.98,2.02,49.5,50.5,198.0,25.892506865437426,114,99,2.0
167,99,101,49.5,1.98,2.02,49.5,50.5,198.0,25.892506865437426,114,99,0.0
168,99,101,49.5,1.98,2.02,49.5,50.5,198.0,25.892506865437426,115,99,0.0
169,99,101,49.5,1.98,2.02,49.5,50.5,198.0,25.892506865437426,115,99,0.0
170,99,101,49.5,1.98,2.02,49.5,50.5,198.0,25.892506865437426,115,99,0.0
171,100,100,50.0,2.0,2.0,50.0,50.0,200.0,26.15404733882568,116,100,2.0
172,100,100,50.0,2.0,2.0,50.0,50.0,200.0,26.15404733882568,116,100,0.0
173,101,99,50.5,2.02,1.98,50.5,49.5,202.0,26.415587812213936,117,101,2.0
174,101,99,50.5,2.02,1.98,50.5,49.5,202.0,26.415587812213936,117,101,0.0
175,102,98,51.0,2.04,1.96,51.0,49.0,204.0,26.677128285602198,118,102,2.0
176,102,98,51.0,2.04,1.96,51.0,49.0,204.0,26.677128285602198,118,102,0.0
177,102,98,51.0,2.04,1.96,51.0,49.0,204.0,26.677128285602198,118,102,0.0
178,102,98,51.0,2.04,1.96,51.0,49.0,204.0,26.677128285602198,118,102,0.0
179,102,98,51.0,2.04,1.96,51.0,49.0,204.0,26.677128285602198,118,102,0.0
180,102,98,51.0,2.04,1.96,51.0,49.0,204.0,26.677128285602198,119,102,0.0
181,102,98,51.0,2.04,1.96,51.0,49.0,204.0,26.677128285602198,119,102,0.0
182,102,98,51.0,2.04,1.96,51.0,49.0,204.0,26.677128285602198,119,102,0.0
183,102,98,51.0,2.04,1.96,51.0,49.0,204.0,26.677128285602198,120,102,0.0
184,102,98,51.0,2.04,1.96,51.0,49.0,204.0,26.677128285602198,120,102,0.0
185,102,98,51.0,2.04,1.96,51.0,49.0,204.0,26.677128285602198,120,102,0.0
186,103,97,51.5,2.06,1.94,51.5,48.5,206.0,26.938668758990453,121,103,2.0
187,103,97,51.5,2.06,1.94,51.5,48.5,206.0,26.938668758990453,121,103,0.0
188,104,96,52.0,2.08,1.92,52.0,48.0,208.0,27.200209232378707,122,104,2.0
189,104,96,52.0,2.08,1.92,52.0,48.0,208.0,27.200209232378707,122,104,0.0
190,104,96,52.0,2.08,1.92,52.0,48.0,208.0,27.200209232378707,122,104,0.0
191,105,95,52.5,2.1,1.9,52.5,47.5,210.0,27.461749705766962,123,105,2.0
192,105,95,52.5,2.1,1.9,52.5,47.5,210.0,27.461749705766962,123,105,0.0
193,105,95,52.5,2.1,1.9,52.5,47.5,210.0,27.461749705766962,123,105,0.0
194,105,95,52.5,2.1,1.9,52.5,47.5,210.0,27.461749705766962,123,105,0.0
195,105,95,52.5,2.1,1.9,52.5,47.5,210.0,27.461749705766962,123,105,0.0
196,105,95,52.5,2.1,1.9,52.5,47.5,210.0,27.461749705766962,123,105,0.0
197,106,94,53.0,2.12,1.88,53.0,46.99999999999999,212.0,27.723290179155224,124,106,2.0
198,106,94,53.0,2.12,1.88,53.0,46.99999999999999,212.0,27.723290179155224,124,106,0.0
199,106,94,53.0,2.12,1.88,53.0,46.99999999999999,212.0,27.723290179155224,124,106,0.0
200,107,93,53.5,2.14,1.8599999999999999,53.5,46.49999999999999,214.0,27.98483065254348,125,107,2.0
201,107,93,53.5,2.14,1.8599999999999999,53.5,46.49999999999999,214.0,27.98483065254348,125,107,0.0
202,107,93,53.5,2.14,1.8599999999999999,53.5,46.49999999999999,214.0,27.98483065254348,125,107,0.0
203,107,93,53.5,2.14,1.8599999999999999,53.5,46.49999999999999,214.0,27.98483065254348,125,107,0.0
204,107,93,53.5,2.14,1.8599999999999999,53.5,46.49999999999999,214.0,27.98483065254348,125,107,0.0
205,107,93,53.5,2.14,1.8599999999999999,53.5,46.49999999999999,214.0,27.98483065254348,125,107,0.0
206,108,92,54.0,2.16,1.8399999999999999,54.0,45.99999999999999,216.0,28.246371125931734,126,108,2.0
207,108,92,54.0,2.16,1.8399999999999999,54.0,45.99999999999999,216.0,28.246371125931734,126,108,0.0
208,109,91,54.50000000000001,2.18,1.8199999999999998,54.5,45.49999999999999,218.0,28.50791159931999,127,109,2.0
209,109,91,54.50000000000001,2.18,1.8199999999999998,54.5,45.49999999999999,218.0,28.50791159931999,127,109,0.0
210,109,91,54.50000000000001,2.18,1.8199999999999998,54.5,45.49999999999999,218.0,28.50791159931999,127,109,0.0
211,109,91,54.50000000000001,2.18,1.8199999999999998,54.5,45.49999999999999,218.0,28.50791159931999,127,109,0.0
212,109,91,54.50000000000001,2.18,1.8199999999999998,54.5,45.49999999999999,218.0,28.50791159931999,127,109,0.0
213,110,90,55.00000000000001,2.2,1.7999999999999998,55.0,44.99999999999999,220.0,28.76945207270825,129,110,2.0
214,110,90,55.00000000000001,2.2,1.7999999999999998,55.0,44.99999999999999,220.0,28.76945207270825,130,110,0.0
215,110,90,55.00000000000001,2.2,1.7999999999999998,55.0,44.99999999999999,220.0,28.76945207270825,130,110,0.0
216,110,90,55.00000000000001,2.2,1.7999999999999998,55.0,44.99999999999999,220.0,28.76945207270825,131,110,0.0
217,110,90,55.00000000000001,2.2,1.7999999999999998,55.0,44.99999999999999,220.0,28.76945207270825,132,110,0.0
218,111,89,55.50000000000001,2.22,1.7799999999999998,55.50000000000001,44.49999999999999,222.00000000000003,29.030992546096513,133,111,2.0000000000000284
219,112,88,56.00000000000001,2.24,1.7599999999999998,56.00000000000001,43.99999999999999,224.00000000000003,29.292533019484768,134,112,2.0
220,112,88,56.00000000000001,2.24,1.7599999999999998,56.00000000000001,43.99999999999999,224.00000000000003,29.292533019484768,135,112,0.0
221,113,87,56.49999999999999,2.2600000000000002,1.7399999999999998,56.50000000000001,43.49999999999999,226.00000000000003,29.554073492873023,137,113,2.0
222,113,87,56.49999999999999,2.2600000000000002,1.7399999999999998,56.50000000000001,43.49999999999999,226.00000000000003,29.554073492873023,139,113,0.0
223,113,87,56.49999999999999,2.2600000000000002,1.7399999999999998,56.50000000000001,43.49999999999999,226.00000000000003,29.554073492873023,140,113,0.0
224,113,87,56.49999999999999,2.2600000000000002,1.7399999999999998,56.50000000000001,43.49999999999999,226.00000000000003,29.554073492873023,141,113,0.0
225,114,86,56.99999999999999,2.2800000000000002,1.7199999999999998,57.00000000000001,42.99999999999999,228.00000000000003,29.815613966261278,143,114,2.0
226,114,86,56.99999999999999,2.2800000000000002,1.7199999999999998,57.00000000000001,42.99999999999999,228.00000000000003,29.815613966261278,144,114,0.0
227,114,86,56.99999999999999,2.2800000000000002,1.7199999999999998,57.00000000000001,42.99999999999999,228.00000000000003,29.815613966261278,144,114,0.0
228,115,85,57.49999999999999,2.3000000000000003,1.6999999999999997,57.50000000000001,42.49999999999999,230.00000000000003,30.07715443964954,146,115,2.0
229,116,84,57.99999999999999,2.32,1.6800000000000002,57.99999999999999,42.0,231.99999999999997,30.338694913037788,147,116,1.9999999999999432
230,116,84,57.99999999999999,2.32,1.6800000000000002,57.99999999999999,42.0,231.99999999999997,30.338694913037788,147,116,0.0
231,116,84,57.99999999999999,2.32,1.6800000000000002,57.99999999999999,42.0,231.99999999999997,30.338694913037788,147,116,0.0
232,116,84,57.99999999999999,2.32,1.6800000000000002,57.99999999999999,42.0,231.99999999999997,30.338694913037788,148,116,0.0
233,116,84,57.99999999999999,2.32,1.6800000000000002,57.99999999999999,42.0,231.99999999999997,30.338694913037788,148,116,0.0
234,116,84,57.99999999999999,2.32,1.6800000000000002,57.99999999999999,42.0,231.99999999999997,30.338694913037788,148,116,0.0
235,117,83,58.5,2.34,1.6600000000000001,58.49999999999999,41.5,233.99999999999997,30.600235386426043,149,117,2.0
236,117,83,58.5,2.34,1.6600000000000001,58.49999999999999,41.5,233.99999999999997,30.600235386426043,149,117,0.0
237,118,82,59.0,2.36,1.6400000000000001,58.99999999999999,41.0,235.99999999999997,30.8617758598143,150,118,2.0
238,118,82,59.0,2.36,1.6400000000000001,58.99999999999999,41.0,235.99999999999997,30.8617758598143,150,118,0.0
239,118,82,59.0,2.36,1.6400000000000001,58.99999999999999,41.0,235.99999999999997,30.8617758598143,150,118,0.0
240,118,82,59.0,2.36,1.6400000000000001,58.99999999999999,41.0,235.99999999999997,30.8617758598143,150,118,0.0
241,118,82,59.0,2.36,1.6400000000000001,58.99999999999999,41.0,235.99999999999997,30.8617758598143,150,118,0.0
242,118,82,59.0,2.36,1.6400000000000001,58.99999999999999,41.0,235.99999999999997,30.8617758598143,150,118,0.0
243,118,82,59.0,2.36,1.6400000000000001,58.99999999999999,41.0,235.99999999999997,30.8617758598143,150,118,0.0
244,118,82,59.0,2.36,1.6400000000000001,58.99999999999999,41.0,235.99999999999997,30.8617758598143,150,118,0.0
245,119,81,59.5,2.38,1.62,59.49999999999999,40.5,237.99999999999997,31.123316333202556,151,119,2.0
246,119,81,59.5,2.38,1.62,59.49999999999999,40.5,237.99999999999997,31.123316333202556,151,119,0.0
247,120,80,60.0,2.4,1.6,60.0,40.0,240.0,31.384856806590815,152,120,2.0000000000000284
248,120,80,60.0,2.4,1.6,60.0,40.0,240.0,31.384856806590815,152,120,0.0
249,120,80,60.0,2.4,1.6,60.0,40.0,240.0,31.384856806590815,152,120,0.0
250,120,80,60.0,2.4,1.6,60.0,40.0,240.0,31.384856806590815,152,120,0.0
251,120,80,60.0,2.4,1.6,60.0,40.0,240.0,31.384856806590815,152,120,0.0
252,120,80,60.0,2.4,1.6,60.0,40.0,240.0,31.384856806590815,152,120,0.0
253,121,79,60.5,2.42,1.58,60.5,39.5,242.0,31.646397279979077,153,121,2.0
254,121,79,60.5,2.42,1.58,60.5,39.5,242.0,31.646397279979077,153,121,0.0
255,121,79,60.5,2.42,1.58,60.5,39.5,242.0,31.646397279979077,153,121,0.0
256,124,76,62.0,2.48,1.52,62.0,38.0,248.0,32.431018700143845,156,124,6.0
257,124,76,62.0,2.48,1.52,62.0,38.0,248.0,32.431018700143845,156,124,0.0
258,124,76,62.0,2.48,1.52,62.0,38.0,248.0,32.431018700143845,156,124,0.0
259,124,76,62.0,2.48,1.52,62.0,38.0,248.0,32.431018700143845,156,124,0.0
260,124,76,62.0,2.48,1.52,62.0,38.0,248.0,32.431018700143845,156,124,0.0
261,124,76,62.0,2.48,1.52,62.0,38.0,248.0,32.431018700143845,156,124,0.0
262,124,76,62.0,2.48,1.52,62.0,38.0,248.0,32.431018700143845,156,124,0.0
263,124,76,62.0,2.48,1.52,62.0,38.0,248.0,32.431018700143845,156,124,0.0
264,124,76,62.0,2.48,1.52,62.0,38.0,248.0,32.431018700143845,156,124,0.0
265,125,75,62.5,2.5,1.5,62.5,37.5,250.0,32.6925591735321,157,125,2.0
266,125,75,62.5,2.5,1.5,62.5,37.5,250.0,32.6925591735321,157,125,0.0
267,126,74,63.0,2.52,1.48,63.0,37.0,252.0,32.95409964692036,158,126,2.0
268,126,74,63.0,2.52,1.48,63.0,37.0,252.0,32.95409964692036,158,126,0.0
269,126,74,63.0,2.52,1.48,63.0,37.0,252.0,32.95409964692036,158,126,0.0
270,127,73,63.5,2.54,1.46,63.5,36.5,254.0,33.21564012030861,159,127,2.0
271,127,73,63.5,2.54,1.46,63.5,36.5,254.0,33.21564012030861,159,127,0.0
272,127,73,63.5,2.54,1.46,63.5,36.5,254.0,33.21564012030861,159,127,0.0
273,127,73,63.5,2.54,1.46,63.5,36.5,254.0,33.21564012030861,159,127,0.0
274,127,73,63.5,2.54,1.46,63.5,36.5,254.0,33.21564012030861,159,127,0.0
275,127,73,63.5,2.54,1.46,63.5,36.5,254.0,33.21564012030861,159,127,0.0
276,128,72,64.0,2.56,1.44,64.0,36.0,256.0,33.47718059369687,160,128,2.0
277,128,72,64.0,2.56,1.44,64.0,36.0,256.0,33.47718059369687,160,128,0.0
278,128,72,64.0,2.56,1.44,64.0,36.0,256.0,33.47718059369687,161,128,0.0
279,128,72,64.0,2.56,1.44,64.0,36.0,256.0,33.47718059369687,162,128,0.0
280,129,71,64.5,2.58,1.42,64.5,35.5,258.0,33.73872106708513,165,129,2.0
281,129,71,64.5,2.58,1.42,64.5,35.5,258.0,33.73872106708513,166,129,0.0
282,129,71,64.5,2.58,1.42,64.5,35.5,258.0,33.73872106708513,167,129,0.0
283,129,71,64.5,2.58,1.42,64.5,35.5,258.0,33.73872106708513,168,129,0.0
284,129,71,64.5,2.58,1.42,64.5,35.5,258.0,33.73872106708513,168,129,0.0
285,129,71,64.5,2.58,1.42,64.5,35.5,258.0,33.73872106708513,168,129,0.0
286,129,71,64.5,2.58,1.42,64.5,35.5,258.0,33.73872106708513,168,129,0.0
287,129,71,64.5,2.58,1.42,64.5,35.5,258.0,33.73872106708513,168,129,0.0
288,129,71,64.5,2.58,1.42,64.5,35.5,258.0,33.73872106708513,168,129,0.0
289,129,71,64.5,2.58,1.42,64.5,35.5,258.0,33.73872106708513,168,129,0.0
290,129,71,64.5,2.58,1.42,64.5,35.5,258.0,33.73872106708513,168,129,0.0
291,129,71,64.5,2.58,1.42,64.5,35.5,258.0,33.73872106708513,168,129,0.0
292,129,71,64.5,2.58,1.42,64.5,35.5,258.0,33.73872106708513,168,129,0.0
293,129,71,64.5,2.58,1.42,64.5,35.5,258.0,33.73872106708513,168,129,0.0
294,129,71,64.5,2.58,1.42,64.5,35.5,258.0,33.73872106708513,168,129,0.0
295,130,70,65.0,2.6,1.4,65.0,35.0,260.0,34.00026154047339,169,130,2.0
296,130,70,65.0,2.6,1.4,65.0,35.0,260.0,34.00026154047339,169,130,0.0
297,130,70,65.0,2.6,1.4,65.0,35.0,260.0,34.00026154047339,169,130,0.0
298,130,70,65.0,2.6,1.4,65.0,35.0,260.0,34.00026154047339,169,130,0.0
299,130,70,65.0,2.6,1.4,65.0,35.0,260.0,34.00026154047339,169,130,0.0
300,130,70,65.0,2.6,1.4,65.0,35.0,260.0,34.00026154047339,169,130,0.0
301,130,70,65.0,2.6,1.4,65.0,35.0,260.0,34.00026154047339,169,130,0.0
302,130,70,65.0,2.6,1.4,65.0,35.0,260.0,34.00026154047339,169,130,0.0
303,130,70,65.0,2.6,1.4,65.0,35.0,260.0,34.00026154047339,169,130,0.0
304,130,70,65.0,2.6,1.4,65.0,35.0,260.0,34.00026154047339,169,130,0.0
305,132,68,66.0,2.64,1.3599999999999999,66.0,33.99999999999999,264.0,34.5233424872499,171,132,4.0
306,132,68,66.0,2.64,1.3599999999999999,66.0,33.99999999999999,264.0,34.5233424872499,171,132,0.0
307,132,68,66.0,2.64,1.3599999999999999,66.0,33.99999999999999,264.0,34.5233424872499,171,132,0.0
308,132,68,66.0,2.64,1.3599999999999999,66.0,33.99999999999999,264.0,34.5233424872499,171,132,0.0
309,132,68,66.0,2.64,1.3599999999999999,66.0,33.99999999999999,264.0,34.5233424872499,171,132,0.0
310,132,68,66.0,2.64,1.3599999999999999,66.0,33.99999999999999,264.0,34.5233424872499,171,132,0.0
311,132,68,66.0,2.64,1.3599999999999999,66.0,33.99999999999999,264.0,34.5233424872499,171,132,0.0
312,132,68,66.0,2.64,1.3599999999999999,66.0,33.99999999999999,264.0,34.5233424872499,171,132,0.0
313,132,68,66.0,2.64,1.3599999999999999,66.0,33.99999999999999,264.0,34.5233424872499,171,132,0.0
314,132,68,66.0,2.64,1.3599999999999999,66.0,33.99999999999999,264.0,34.5233424872499,171,132,0.0
315,132,68,66.0,2.64,1.3599999999999999,66.0,33.99999999999999,264.0,34.5233424872499,171,132,0.0
316,132,68,66.0,2.64,1.3599999999999999,66.0,33.99999999999999,264.0,34.5233424872499,171,132,0.0
317,133,67,66.5,2.66,1.3399999999999999,66.5,33.49999999999999,266.0,34.78488296063816,172,133,2.0
318,133,67,66.5,2.66,1.3399999999999999,66.5,33.49999999999999,266.0,34.78488296063816,172,133,0.0
319,133,67,66.5,2.66,1.3399999999999999,66.5,33.49999999999999,266.0,34.78488296063816,172,133,0.0
320,133,67,66.5,2.66,1.3399999999999999,66.5,33.49999999999999,266.0,34.78488296063816,172,133,0.0
321,133,67,66.5,2.66,1.3399999999999999,66.5,33.49999999999999,266.0,34.78488296063816,172,133,0.0
322,133,67,66.5,2.66,1.3399999999999999,66.5,33.49999999999999,266.0,34.78488296063816,172,133,0.0
323,133,67,66.5,2.66,1.3399999999999999,66.5,33.49999999999999,266.0,34.78488296063816,172,133,0.0
324,133,67,66.5,2.66,1.3399999999999999,66.5,33.49999999999999,266.0,34.78488296063816,172,133,0.0
325,133,67,66.5,2.66,1.3399999999999999,66.5,33.49999999999999,266.0,34.78488296063816,172,133,0.0
326,133,67,66.5,2.66,1.3399999999999999,66.5,33.49999999999999,266.0,34.78488296063816,172,133,0.0
327,133,67,66.5,2.66,1.3399999999999999,66.5,33.49999999999999,266.0,34.78488296063816,172,133,0.0
328,133,67,66.5,2.66,1.3399999999999999,66.5,33.49999999999999,266.0,34.78488296063816,172,133,0.0
329,133,67,66.5,2.66,1.3399999999999999,66.5,33.49999999999999,266.0,34.78488296063816,172,133,0.0
330,133,67,66.5,2.66,1.3399999999999999,66.5,33.49999999999999,266.0,34.78488296063816,172,133,0.0
331,133,67,66.5,2.66,1.3399999999999999,66.5,33.49999999999999,266.0,34.78488296063816,172,133,0.0
332,133,67,66.5,2.66,1.3399999999999999,66.5,33.49999999999999,266.0,34.78488296063816,172,133,0.0
333,133,67,66.5,2.66,1.3399999999999999,66.5,33.49999999999999,266.0,34.78488296063816,172,133,0.0
334,133,67,66.5,2.66,1.3399999999999999,66.5,33.49999999999999,266.0,34.78488296063816,172,133,0.0
335,133,67,66.5,2.66,1.3399999999999999,66.5,33.49999999999999,266.0,34.78488296063816,172,133,0.0
336,133,67,66.5,2.66,1.3399999999999999,66.5,33.49999999999999,266.0,34.78488296063816,172,133,0.0
337,133,67,66.5,2.66,1.3399999999999999,66.5,33.49999999999999,266.0,34.78488296063816,172,133,0.0
338,133,67,66.5,2.66,1.3399999999999999,66.5,33.49999999999999,266.0,34.78488296063816,172,133,0.0
339,133,67,66.5,2.66,1.3399999999999999,66.5,33.49999999999999,266.0,34.78488296063816,172,133,0.0
340,134,66,67.0,2.68,1.3199999999999998,67.0,32.99999999999999,268.0,35.046423434026416,173,134,2.0
341,134,66,67.0,2.68,1.3199999999999998,67.0,32.99999999999999,268.0,35.046423434026416,173,134,0.0
342,134,66,67.0,2.68,1.3199999999999998,67.0,32.99999999999999,268.0,35.046423434026416,173,134,0.0
343,134,66,67.0,2.68,1.3199999999999998,67.0,32.99999999999999,268.0,35.046423434026416,174,134,0.0
344,134,66,67.0,2.68,1.3199999999999998,67.0,32.99999999999999,268.0,35.046423434026416,174,134,0.0
345,134,66,67.0,2.68,1.3199999999999998,67.0,32.99999999999999,268.0,35.046423434026416,175,134,0.0
346,134,66,67.0,2.68,1.3199999999999998,67.0,32.99999999999999,268.0,35.046423434026416,176,134,0.0
347,134,66,67.0,2.68,1.3199999999999998,67.0,32.99999999999999,268.0,35.046423434026416,177,134,0.0
348,134,66,67.0,2.68,1.3199999999999998,67.0,32.99999999999999,268.0,35.046423434026416,179,134,0.0
349,134,66,67.0,2.68,1.3199999999999998,67.0,32.99999999999999,268.0,35.046423434026416,180,134,0.0
350,134,66,67.0,2.68,1.3199999999999998,67.0,32.99999999999999,268.0,35.046423434026416,181,134,0.0
351,135,65,67.5,2.7,1.2999999999999998,67.5,32.49999999999999,270.0,35.30796390741467,183,135,2.0
352,135,65,67.5,2.7,1.2999999999999998,67.5,32.49999999999999,270.0,35.30796390741467,184,135,0.0
353,135,65,67.5,2.7,1.2999999999999998,67.5,32.49999999999999,270.0,35.30796390741467,184,135,0.0
354,135,65,67.5,2.7,1.2999999999999998,67.5,32.49999999999999,270.0,35.30796390741467,184,135,0.0
355,135,65,67.5,2.7,1.2999999999999998,67.5,32.49999999999999,270.0,35.30796390741467,184,135,0.0
356,136,64,68.0,2.72,1.2799999999999998,68.0,31.999999999999993,272.0,35.56950438080293,185,136,2.0
357,136,64,68.0,2.72,1.2799999999999998,68.0,31.999999999999993,272.0,35.56950438080293,185,136,0.0
358,136,64,68.0,2.72,1.2799999999999998,68.0,31.999999999999993,272.0,35.56950438080293,185,136,0.0
359,137,63,68.5,2.74,1.2599999999999998,68.5,31.499999999999993,274.0,35.831044854191184,187,137,2.0
360,137,63,68.5,2.74,1.2599999999999998,68.5,31.499999999999993,274.0,35.831044854191184,188,137,0.0
361,137,63,68.5,2.74,1.2599999999999998,68.5,31.499999999999993,274.0,35.831044854191184,188,137,0.0
362,137,63,68.5,2.74,1.2599999999999998,68.5,31.499999999999993,274.0,35.831044854191184,189,137,0.0
363,137,63,68.5,2.74,1.2599999999999998,68.5,31.499999999999993,274.0,35.831044854191184,191,137,0.0
364,137,63,68.5,2.74,1.2599999999999998,68.5,31.499999999999993,274.0,35.831044854191184,191,137,0.0
365,137,63,68.5,2.74,1.2599999999999998,68.5,31.499999999999993,274.0,35.831044854191184,191,137,0.0
366,138,62,69.0,2.7600000000000002,1.2399999999999998,69.0,30.999999999999993,276.0,36.09258532757944,192,138,2.0
367,138,62,69.0,2.7600000000000002,1.2399999999999998,69.0,30.999999999999993,276.0,36.09258532757944,192,138,0.0
368,138,62,69.0,2.7600000000000002,1.2399999999999998,69.0,30.999999999999993,276.0,36.09258532757944,193,138,0.0
369,138,62,69.0,2.7600000000000002,1.2399999999999998,69.0,30.999999999999993,276.0,36.09258532757944,193,138,0.0
370,139,61,69.5,2.7800000000000002,1.2199999999999998,69.5,30.499999999999993,278.0,36.354125800967694,194,139,2.0
371,139,61,69.5,2.7800000000000002,1.2199999999999998,69.5,30.499999999999993,278.0,36.354125800967694,194,139,0.0
372,139,61,69.5,2.7800000000000002,1.2199999999999998,69.5,30.499999999999993,278.0,36.354125800967694,195,139,0.0
373,139,61,69.5,2.7800000000000002,1.2199999999999998,69.5,30.499999999999993,278.0,36.354125800967694,195,139,0.0
374,139,61,69.5,2.7800000000000002,1.2199999999999998,69.5,30.499999999999993,278.0,36.354125800967694,195,139,0.0
375,139,61,69.5,2.7800000000000002,1.2199999999999998,69.5,30.499999999999993,278.0,36.354125800967694,195,139,0.0
376,139,61,69.5,2.7800000000000002,1.2199999999999998,69.5,30.499999999999993,278.0,36.354125800967694,195,139,0.0
377,139,61,69.5,2.7800000000000002,1.2199999999999998,69.5,30.499999999999993,278.0,36.354125800967694,197,139,0.0
378,139,61,69.5,2.7800000000000002,1.2199999999999998,69.5,30.499999999999993,278.0,36.354125800967694,197,139,0.0
379,139,61,69.5,2.7800000000000002,1.2199999999999998,69.5,30.499999999999993,278.0,36.354125800967694,198,139,0.0
380,139,61,69.5,2.7800000000000002,1.2199999999999998,69.5,30.499999999999993,278.0,36.354125800967694,199,139,0.0
381,139,61,69.5,2.7800000000000002,1.2199999999999998,69.5,30.499999999999993,278.0,36.354125800967694,200,139,0.0
382,139,61,69.5,2.7800000000000002,1.2199999999999998,69.5,30.499999999999993,278.0,36.354125800967694,201,139,0.0
383,139,61,69.5,2.7800000000000002,1.2199999999999998,69.5,30.499999999999993,278.0,36.354125800967694,202,139,0.0
384,139,61,69.5,2.7800000000000002,1.2199999999999998,69.5,30.499999999999993,278.0,36.354125800967694,203,139,0.0
385,139,61,69.5,2.7800000000000002,1.2199999999999998,69.5,30.499999999999993,278.0,36.354125800967694,203,139,0.0
386,139,61,69.5,2.7800000000000002,1.2199999999999998,69.5,30.499999999999993,278.0,36.354125800967694,203,139,0.0
387,139,61,69.5,2.7800000000000002,1.2199999999999998,69.5,30.499999999999993,278.0,36.354125800967694,203,139,0.0
388,140,60,70.0,2.8000000000000003,1.1999999999999997,70.0,29.999999999999993,280.0,36.61566627435596,204,140,2.0
389,140,60,70.0,2.8000000000000003,1.1999999999999997,70.0,29.999999999999993,280.0,36.61566627435596,204,140,0.0
390,140,60,70.0,2.8000000000000003,1.1999999999999997,70.0,29.999999999999993,280.0,36.61566627435596,204,140,0.0
391,140,60,70.0,2.8000000000000003,1.1999999999999997,70.0,29.999999999999993,280.0,36.61566627435596,204,140,0.0
392,140,60,70.0,2.8000000000000003,1.1999999999999997,70.0,29.999999999999993,280.0,36.61566627435596,204,140,0.0
393,141,59,70.5,2.82,1.1800000000000002,70.5,29.500000000000004,282.0,36.87720674774421,205,141,2.0
394,141,59,70.5,2.82,1.1800000000000002,70.5,29.500000000000004,282.0,36.87720674774421,205,141,0.0
395,141,59,70.5,2.82,1.1800000000000002,70.5,29.500000000000004,282.0,36.87720674774421,206,141,0.0
396,141,59,70.5,2.82,1.1800000000000002,70.5,29.500000000000004,282.0,36.87720674774421,207,141,0.0
397,141,59,70.5,2.82,1.1800000000000002,70.5,29.500000000000004,282.0,36.87720674774421,208,141,0.0
398,141,59,70.5,2.82,1.1800000000000002,70.5,29.500000000000004,282.0,36.87720674774421,209,141,0.0
399,141,59,70.5,2.82,1.1800000000000002,70.5,29.500000000000004,282.0,36.87720674774421,210,141,0.0
400,141,59,70.5,2.82,1.1800000000000002,70.5,29.500000000000004,282.0,36.87720674774421,211,141,0.0
401,141,59,70.5,2.82,1.1800000000000002,70.5,29.500000000000004,282.0,36.87720674774421,213,141,0.0
402,141,59,70.5,2.82,1.1800000000000002,70.5,29.500000000000004,282.0,36.87720674774421,214,141,0.0
403,142,58,71.0,2.84,1.1600000000000001,71.0,29.000000000000004,284.0,37.13874722113247,217,142,2.0
404,143,57,71.5,2.86,1.1400000000000001,71.5,28.500000000000004,286.0,37.40028769452072,219,143,2.0
405,143,57,71.5,2.86,1.1400000000000001,71.5,28.500000000000004,286.0,37.40028769452072,219,143,0.0
406,143,57,71.5,2.86,1.1400000000000001,71.5,28.500000000000004,286.0,37.40028769452072,219,143,0.0
407,143,57,71.5,2.86,1.1400000000000001,71.5,28.500000000000004,286.0,37.40028769452072,219,143,0.0
408,143,57,71.5,2.86,1.1400000000000001,71.5,28.500000000000004,286.0,37.40028769452072,219,143,0.0
409,143,57,71.5,2.86,1.1400000000000001,71.5,28.500000000000004,286.0,37.40028769452072,219,143,0.0
410,143,57,71.5,2.86,1.1400000000000001,71.5,28.500000000000004,286.0,37.40028769452072,220,143,0.0
411,143,57,71.5,2.86,1.1400000000000001,71.5,28.500000000000004,286.0,37.40028769452072,221,143,0.0
412,144,56,72.0,2.88,1.12,72.0,28.000000000000004,288.0,37.661828167908986,223,144,2.0
413,144,56,72.0,2.88,1.12,72.0,28.000000000000004,288.0,37.661828167908986,225,144,0.0
414,144,56,72.0,2.88,1.12,72.0,28.000000000000004,288.0,37.661828167908986,227,144,0.0
415,144,56,72.0,2.88,1.12,72.0,28.000000000000004,288.0,37.661828167908986,229,144,0.0
416,144,56,72.0,2.88,1.12,72.0,28.000000000000004,288.0,37.661828167908986,231,144,0.0
417,144,56,72.0,2.88,1.12,72.0,28.000000000000004,288.0,37.661828167908986,232,144,0.0
418,144,56,72.0,2.88,1.12,72.0,28.000000000000004,288.0,37.661828167908986,233,144,0.0
419,144,56,72.0,2.88,1.12,72.0,28.000000000000004,288.0,37.661828167908986,234,144,0.0
420,144,56,72.0,2.88,1.12,72.0,28.000000000000004,288.0,37.661828167908986,234,144,0.0
421,144,56,72.0,2.88,1.12,72.0,28.000000000000004,288.0,37.661828167908986,234,144,0.0
422,144,56,72.0,2.88,1.12,72.0,28.000000000000004,288.0,37.661828167908986,234,144,0.0
423,144,56,72.0,2.88,1.12,72.0,28.000000000000004,288.0,37.661828167908986,234,144,0.0
424,144,56,72.0,2.88,1.12,72.0,28.000000000000004,288.0,37.661828167908986,234,144,0.0
425,144,56,72.0,2.88,1.12,72.0,28.000000000000004,288.0,37.661828167908986,234,144,0.0
426,144,56,72.0,2.88,1.12,72.0,28.000000000000004,288.0,37.661828167908986,234,144,0.0
427,144,56,72.0,2.88,1.12,72.0,28.000000000000004,288.0,37.661828167908986,234,144,0.0
428,144,56,72.0,2.88,1.12,72.0,28.000000000000004,288.0,37.661828167908986,234,144,0.0
429,144,56,72.0,2.88,1.12,72.0,28.000000000000004,288.0,37.661828167908986,234,144,0.0
430,144,56,72.0,2.88,1.12,72.0,28.000000000000004,288.0,37.661828167908986,234,144,0.0
431,144,56,72.0,2.88,1.12,72.0,28.000000000000004,288.0,37.661828167908986,235,144,0.0
432,144,56,72.0,2.88,1.12,72.0,28.000000000000004,288.0,37.661828167908986,236,144,0.0
433,144,56,72.0,2.88,1.12,72.0,28.000000000000004,288.0,37.661828167908986,236,144,0.0
434,145,55,72.5,2.9,1.1,72.5,27.5,290.0,37.92336864129724,238,145,2.0
435,145,55,72.5,2.9,1.1,72.5,27.5,290.0,37.92336864129724,239,145,0.0
436,145,55,72.5,2.9,1.1,72.5,27.5,290.0,37.92336864129724,240,145,0.0
437,145,55,72.5,2.9,1.1,72.5,27.5,290.0,37.92336864129724,240,145,0.0
438,145,55,72.5,2.9,1.1,72.5,27.5,290.0,37.92336864129724,241,145,0.0
439,145,55,72.5,2.9,1.1,72.5,27.5,290.0,37.92336864129724,242,145,0.0
440,145,55,72.5,2.9,1.1,72.5,27.5,290.0,37.92336864129724,242,145,0.0
441,145,55,72.5,2.9,1.1,72.5,27.5,290.0,37.92336864129724,243,145,0.0
442,145,55,72.5,2.9,1.1,72.5,27.5,290.0,37.92336864129724,244,145,0.0
443,145,55,72.5,2.9,1.1,72.5,27.5,290.0,37.92336864129724,245,145,0.0
444,145,55,72.5,2.9,1.1,72.5,27.5,290.0,37.92336864129724,246,145,0.0
445,145,55,72.5,2.9,1.1,72.5,27.5,290.0,37.92336864129724,247,145,0.0
446,145,55,72.5,2.9,1.1,72.5,27.5,290.0,37.92336864129724,248,145,0.0
447,146,54,73.0,2.92,1.08,73.0,27.0,292.0,38.184909114685496,251,146,2.0
448,146,54,73.0,2.92,1.08,73.0,27.0,292.0,38.184909114685496,252,146,0.0
449,146,54,73.0,2.92,1.08,73.0,27.0,292.0,38.184909114685496,253,146,0.0
450,146,54,73.0,2.92,1.08,73.0,27.0,292.0,38.184909114685496,255,146,0.0
451,146,54,73.0,2.92,1.08,73.0,27.0,292.0,38.184909114685496,255,146,0.0
452,146,54,73.0,2.92,1.08,73.0,27.0,292.0,38.184909114685496,255,146,0.0
453,146,54,73.0,2.92,1.08,73.0,27.0,292.0,38.184909114685496,255,146,0.0
454,146,54,73.0,2.92,1.08,73.0,27.0,292.0,38.184909114685496,255,146,0.0
455,147,53,73.5,2.94,1.06,73.5,26.5,294.0,38.44644958807375,256,147,2.0
456,147,53,73.5,2.94,1.06,73.5,26.5,294.0,38.44644958807375,256,147,0.0
457,147,53,73.5,2.94,1.06,73.5,26.5,294.0,38.44644958807375,256,147,0.0
458,147,53,73.5,2.94,1.06,73.5,26.5,294.0,38.44644958807375,256,147,0.0
459,147,53,73.5,2.94,1.06,73.5,26.5,294.0,38.44644958807375,256,147,0.0
460,147,53,73.5,2.94,1.06,73.5,26.5,294.0,38.44644958807375,256,147,0.0
461,147,53,73.5,2.94,1.06,73.5,26.5,294.0,38.44644958807375,256,147,0.0
462,147,53,73.5,2.94,1.06,73.5,26.5,294.0,38.44644958807375,257,147,0.0
463,148,52,74.0,2.96,1.04,74.0,26.0,296.0,38.70799006146201,258,148,2.0
464,148,52,74.0,2.96,1.04,74.0,26.0,296.0,38.70799006146201,258,148,0.0
465,148,52,74.0,2.96,1.04,74.0,26.0,296.0,38.70799006146201,258,148,0.0
466,148,52,74.0,2.96,1.04,74.0,26.0,296.0,38.70799006146201,258,148,0.0
467,148,52,74.0,2.96,1.04,74.0,26.0,296.0,38.70799006146201,258,148,0.0
468,148,52,74.0,2.96,1.04,74.0,26.0,296.0,38.70799006146201,258,148,0.0
469,148,52,74.0,2.96,1.04,74.0,26.0,296.0,38.70799006146201,258,148,0.0
470,148,52,74.0,2.96,1.04,74.0,26.0,296.0,38.70799006146201,258,148,0.0
471,148,52,74.0,2.96,1.04,74.0,26.0,296.0,38.70799006146201,258,148,0.0
472,148,52,74.0,2.96,1.04,74.0,26.0,296.0,38.70799006146201,258,148,0.0
473,148,52,74.0,2.96,1.04,74.0,26.0,296.0,38.70799006146201,259,148,0.0
474,148,52,74.0,2.96,1.04,74.0,26.0,296.0,38.70799006146201,259,148,0.0
475,148,52,74.0,2.96,1.04,74.0,26.0,296.0,38.70799006146201,259,148,0.0
476,148,52,74.0,2.96,1.04,74.0,26.0,296.0,38.70799006146201,259,148,0.0
477,148,52,74.0,2.96,1.04,74.0,26.0,296.0,38.70799006146201,259,148,0.0
478,148,52,74.0,2.96,1.04,74.0,26.0,296.0,38.70799006146201,259,148,0.0
479,148,52,74.0,2.96,1.04,74.0,26.0,296.0,38.70799006146201,259,148,0.0
480,148,52,74.0,2.96,1.04,74.0,26.0,296.0,38.70799006146201,259,148,0.0
481,148,52,74.0,2.96,1.04,74.0,26.0,296.0,38.70799006146201,259,148,0.0
482,148,52,74.0,2.96,1.04,74.0,26.0,296.0,38.70799006146201,259,148,0.0
483,148,52,74.0,2.96,1.04,74.0,26.0,296.0,38.70799006146201,259,148,0.0
484,148,52,74.0,2.96,1.04,74.0,26.0,296.0,38.70799006146201,259,148,0.0
485,148,52,74.0,2.96,1.04,74.0,26.0,296.0,38.70799006146201,259,148,0.0
486,149,51,74.5,2.98,1.02,74.5,25.5,298.0,38.969530534850264,260,149,2.0
487,150,50,75.0,3.0,1.0,75.0,25.0,300.0,39.23107100823852,261,150,2.0
488,150,50,75.0,3.0,1.0,75.0,25.0,300.0,39.23107100823852,261,150,0.0
489,150,50,75.0,3.0,1.0,75.0,25.0,300.0,39.23107100823852,262,150,0.0
490,150,50,75.0,3.0,1.0,75.0,25.0,300.0,39.23107100823852,262,150,0.0
491,150,50,75.0,3.0,1.0,75.0,25.0,300.0,39.23107100823852,262,150,0.0
492,150,50,75.0,3.0,1.0,75.0,25.0,300.0,39.23107100823852,262,150,0.0
493,150,50,75.0,3.0,1.0,75.0,25.0,300.0,39.23107100823852,262,150,0.0
494,151,49,75.5,3.02,0.98,75.5,24.5,302.0,39.492611481626774,263,151,2.0
495,151,49,75.5,3.02,0.98,75.5,24.5,302.0,39.492611481626774,263,151,0.0
496,151,49,75.5,3.02,0.98,75.5,24.5,302.0,39.492611481626774,263,151,0.0
497,152,48,76.0,3.04,0.96,76.0,24.0,304.0,39.75415195501504,264,152,2.0
498,152,48,76.0,3.04,0.96,76.0,24.0,304.0,39.75415195501504,264,152,0.0
499,152,48,76.0,3.04,0.96,76.0,24.0,304.0,39.75415195501504,265,152,0.0
500,152,48,76.0,3.04,0.96,76.0,24.0,304.0,39.75415195501504,265,152,0.0
501,152,48,76.0,3.04,0.96,76.0,24.0,304.0,39.75415195501504,266,152,0.0
502,152,48,76.0,3.04,0.96,76.0,24.0,304.0,39.75415195501504,267,152,0.0
503,152,48,76.0,3.04,0.96,76.0,24.0,304.0,39.75415195501504,268,152,0.0
504,152,48,76.0,3.04,0.96,76.0,24.0,304.0,39.75415195501504,269,152,0.0
505,152,48,76.0,3.04,0.96,76.0,24.0,304.0,39.75415195501504,270,152,0.0
506,152,48,76.0,3.04,0.96,76.0,24.0,304.0,39.75415195501504,271,152,0.0
507,152,48,76.0,3.04,0.96,76.0,24.0,304.0,39.75415195501504,271,152,0.0
508,152,48,76.0,3.04,0.96,76.0,24.0,304.0,39.75415195501504,272,152,0.0
509,152,48,76.0,3.04,0.96,76.0,24.0,304.0,39.75415195501504,272,152,0.0
510,152,48,76.0,3.04,0.96,76.0,24.0,304.0,39.75415195501504,272,152,0.0
511,152,48,76.0,3.04,0.96,76.0,24.0,304.0,39.75415195501504,272,152,0.0
512,152,48,76.0,3.04,0.96,76.0,24.0,304.0,39.75415195501504,273,152,0.0
513,152,48,76.0,3.04,0.96,76.0,24.0,304.0,39.75415195501504,274,152,0.0
514,152,48,76.0,3.04,0.96,76.0,24.0,304.0,39.75415195501504,275,152,0.0
515,152,48,76.0,3.04,0.96,76.0,24.0,304.0,39.75415195501504,275,152,0.0
516,152,48,76.0,3.04,0.96,76.0,24.0,304.0,39.75415195501504,276,152,0.0
517,152,48,76.0,3.04,0.96,76.0,24.0,304.0,39.75415195501504,276,152,0.0
518,152,48,76.0,3.04,0.96,76.0,24.0,304.0,39.75415195501504,277,152,0.0
519,152,48,76.0,3.04,0.96,76.0,24.0,304.0,39.75415195501504,277,152,0.0
520,153,47,76.5,3.06,0.94,76.5,23.499999999999996,306.0,40.01569242840329,278,153,2.0
521,154,46,77.0,3.08,0.9199999999999999,77.0,22.999999999999996,308.0,40.27723290179155,279,154,2.0
522,154,46,77.0,3.08,0.9199999999999999,77.0,22.999999999999996,308.0,40.27723290179155,279,154,0.0
523,154,46,77.0,3.08,0.9199999999999999,77.0,22.999999999999996,308.0,40.27723290179155,279,154,0.0
524,154,46,77.0,3.08,0.9199999999999999,77.0,22.999999999999996,308.0,40.27723290179155,279,154,0.0
525,154,46,77.0,3.08,0.9199999999999999,77.0,22.999999999999996,308.0,40.27723290179155,279,154,0.0
526,154,46,77.0,3.08,0.9199999999999999,77.0,22.999999999999996,308.0,40.27723290179155,279,154,0.0
527,154,46,77.0,3.08,0.9199999999999999,77.0,22.999999999999996,308.0,40.27723290179155,279,154,0.0
528,154,46,77.0,3.08,0.9199999999999999,77.0,22.999999999999996,308.0,40.27723290179155,280,154,0.0
529,154,46,77.0,3.08,0.9199999999999999,77.0,22.999999999999996,308.0,40.27723290179155,280,154,0.0
530,154,46,77.0,3.08,0.9199999999999999,77.0,22.999999999999996,308.0,40.27723290179155,280,154,0.0
531,154,46,77.0,3.08,0.9199999999999999,77.0,22.999999999999996,308.0,40.27723290179155,280,154,0.0
532,154,46,77.0,3.08,0.9199999999999999,77.0,22.999999999999996,308.0,40.27723290179155,280,154,0.0
533,154,46,77.0,3.08,0.9199999999999999,77.0,22.999999999999996,308.0,40.27723290179155,280,154,0.0
534,154,46,77.0,3.08,0.9199999999999999,77.0,22.999999999999996,308.0,40.27723290179155,280,154,0.0
535,154,46,77.0,3.08,0.9199999999999999,77.0,22.999999999999996,308.0,40.27723290179155,280,154,0.0
536,154,46,77.0,3.08,0.9199999999999999,77.0,22.999999999999996,308.0,40.27723290179155,280,154,0.0
537,154,46,77.0,3.08,0.9199999999999999,77.0,22.999999999999996,308.0,40.27723290179155,280,154,0.0
538,154,46,77.0,3.08,0.9199999999999999,77.0,22.999999999999996,308.0,40.27723290179155,280,154,0.0
539,154,46,77.0,3.08,0.9199999999999999,77.0,22.999999999999996,308.0,40.27723290179155,280,154,0.0
540,154,46,77.0,3.08,0.9199999999999999,77.0,22.999999999999996,308.0,40.27723290179155,280,154,0.0
541,154,46,77.0,3.08,0.9199999999999999,77.0,22.999999999999996,308.0,40.27723290179155,280,154,0.0
542,154,46,77.0,3.08,0.9199999999999999,77.0,22.999999999999996,308.0,40.27723290179155,280,154,0.0
543,154,46,77.0,3.08,0.9199999999999999,77.0,22.999999999999996,308.0,40.27723290179155,280,154,0.0
544,154,46,77.0,3.08,0.9199999999999999,77.0,22.999999999999996,308.0,40.27723290179155,280,154,0.0
545,154,46,77.0,3.08,0.9199999999999999,77.0,22.999999999999996,308.0,40.27723290179155,280,154,0.0
546,154,46,77.0,3.08,0.9199999999999999,77.0,22.999999999999996,308.0,40.27723290179155,280,154,0.0
547,154,46,77.0,3.08,0.9199999999999999,77.0,22.999999999999996,308.0,40.27723290179155,280,154,0.0
548,154,46,77.0,3.08,0.9199999999999999,77.0,22.999999999999996,308.0,40.27723290179155,280,154,0.0
549,154,46,77.0,3.08,0.9199999999999999,77.0,22.999999999999996,308.0,40.27723290179155,280,154,0.0
550,154,46,77.0,3.08,0.9199999999999999,77.0,22.999999999999996,308.0,40.27723290179155,280,154,0.0
551,154,46,77.0,3.08,0.9199999999999999,77.0,22.999999999999996,308.0,40.27723290179155,280,154,0.0
552,154,46,77.0,3.08,0.9199999999999999,77.0,22.999999999999996,308.0,40.27723290179155,280,154,0.0
553,154,46,77.0,3.08,0.9199999999999999,77.0,22.999999999999996,308.0,40.27723290179155,280,154,0.0
554,154,46,77.0,3.08,0.9199999999999999,77.0,22.999999999999996,308.0,40.27723290179155,280,154,0.0
555,154,46,77.0,3.08,0.9199999999999999,77.0,22.999999999999996,308.0,40.27723290179155,280,154,0.0
556,154,46,77.0,3.08,0.9199999999999999,77.0,22.999999999999996,308.0,40.27723290179155,280,154,0.0
557,154,46,77.0,3.08,0.9199999999999999,77.0,22.999999999999996,308.0,40.27723290179155,280,154,0.0
558,154,46,77.0,3.08,0.9199999999999999,77.0,22.999999999999996,308.0,40.27723290179155,280,154,0.0
559,154,46,77.0,3.08,0.9199999999999999,77.0,22.999999999999996,308.0,40.27723290179155,280,154,0.0
560,154,46,77.0,3.08,0.9199999999999999,77.0,22.999999999999996,308.0,40.27723290179155,280,154,0.0
561,154,46,77.0,3.08,0.9199999999999999,77.0,22.999999999999996,308.0,40.27723290179155,280,154,0.0
562,154,46,77.0,3.08,0.9199999999999999,77.0,22.999999999999996,308.0,40.27723290179155,280,154,0.0
563,155,45,77.5,3.1,0.8999999999999999,77.5,22.499999999999996,310.0,40.5387733751798,281,155,2.0
564,155,45,77.5,3.1,0.8999999999999999,77.5,22.499999999999996,310.0,40.5387733751798,281,155,0.0
565,155,45,77.5,3.1,0.8999999999999999,77.5,22.499999999999996,310.0,40.5387733751798,281,155,0.0
566,155,45,77.5,3.1,0.8999999999999999,77.5,22.499999999999996,310.0,40.5387733751798,281,155,0.0
567,155,45,77.5,3.1,0.8999999999999999,77.5,22.499999999999996,310.0,40.5387733751798,281,155,0.0
568,155,45,77.5,3.1,0.8999999999999999,77.5,22.499999999999996,310.0,40.5387733751798,281,155,0.0
569,155,45,77.5,3.1,0.8999999999999999,77.5,22.499999999999996,310.0,40.5387733751798,281,155,0.0
570,155,45,77.5,3.1,0.8999999999999999,77.5,22.499999999999996,310.0,40.5387733751798,281,155,0.0
571,155,45,77.5,3.1,0.8999999999999999,77.5,22.499999999999996,310.0,40.5387733751798,281,155,0.0
572,155,45,77.5,3.1,0.8999999999999999,77.5,22.499999999999996,310.0,40.5387733751798,281,155,0.0
573,156,44,78.0,3.12,0.8799999999999999,78.0,21.999999999999996,312.0,40.80031384856807,282,156,2.0
574,156,44,78.0,3.12,0.8799999999999999,78.0,21.999999999999996,312.0,40.80031384856807,282,156,0.0
575,156,44,78.0,3.12,0.8799999999999999,78.0,21.999999999999996,312.0,40.80031384856807,282,156,0.0
576,156,44,78.0,3.12,0.8799999999999999,78.0,21.999999999999996,312.0,40.80031384856807,282,156,0.0
577,157,43,78.5,3.14,0.8599999999999999,78.5,21.499999999999996,314.0,41.06185432195632,283,157,2.0
578,157,43,78.5,3.14,0.8599999999999999,78.5,21.499999999999996,314.0,41.06185432195632,284,157,0.0
579,157,43,78.5,3.14,0.8599999999999999,78.5,21.499999999999996,314.0,41.06185432195632,284,157,0.0
580,157,43,78.5,3.14,0.8599999999999999,78.5,21.499999999999996,314.0,41.06185432195632,284,157,0.0
581,157,43,78.5,3.14,0.8599999999999999,78.5,21.499999999999996,314.0,41.06185432195632,284,157,0.0
582,157,43,78.5,3.14,0.8599999999999999,78.5,21.499999999999996,314.0,41.06185432195632,284,157,0.0
583,157,43,78.5,3.14,0.8599999999999999,78.5,21.499999999999996,314.0,41.06185432195632,284,157,0.0
584,157,43,78.5,3.14,0.8599999999999999,78.5,21.499999999999996,314.0,41.06185432195632,284,157,0.0
585,157,43,78.5,3.14,0.8599999999999999,78.5,21.499999999999996,314.0,41.06185432195632,284,157,0.0
586,157,43,78.5,3.14,0.8599999999999999,78.5,21.499999999999996,314.0,41.06185432195632,284,157,0.0
587,157,43,78.5,3.14,0.8599999999999999,78.5,21.499999999999996,314.0,41.06185432195632,284,157,0.0
588,157,43,78.5,3.14,0.8599999999999999,78.5,21.499999999999996,314.0,41.06185432195632,284,157,0.0
589,157,43,78.5,3.14,0.8599999999999999,78.5,21.499999999999996,314.0,41.06185432195632,284,157,0.0
590,157,43,78.5,3.14,0.8599999999999999,78.5,21.499999999999996,314.0,41.06185432195632,284,157,0.0
591,157,43,78.5,3.14,0.8599999999999999,78.5,21.499999999999996,314.0,41.06185432195632,284,157,0.0
592,157,43,78.5,3.14,0.8599999999999999,78.5,21.499999999999996,314.0,41.06185432195632,284,157,0.0
593,157,43,78.5,3.14,0.8599999999999999,78.5,21.499999999999996,314.0,41.06185432195632,284,157,0.0
594,158,42,79.0,3.16,0.8399999999999999,79.0,20.999999999999996,316.0,41.323394795344576,285,158,2.0
595,158,42,79.0,3.16,0.8399999999999999,79.0,20.999999999999996,316.0,41.323394795344576,285,158,0.0
596,158,42,79.0,3.16,0.8399999999999999,79.0,20.999999999999996,316.0,41.323394795344576,285,158,0.0
597,158,42,79.0,3.16,0.8399999999999999,79.0,20.999999999999996,316.0,41.323394795344576,285,158,0.0
598,158,42,79.0,3.16,0.8399999999999999,79.0,20.999999999999996,316.0,41.323394795344576,285,158,0.0
599,158,42,79.0,3.16,0.8399999999999999,79.0,20.999999999999996,316.0,41.323394795344576,286,158,0.0
600,158,42,79.0,3.16,0.8399999999999999,79.0,20.999999999999996,316.0,41.323394795344576,287,158,0.0
601,158,42,79.0,3.16,0.8399999999999999,79.0,20.999999999999996,316.0,41.323394795344576,288,158,0.0
602,158,42,79.0,3.16,0.8399999999999999,79.0,20.999999999999996,316.0,41.323394795344576,288,158,0.0
603,158,42,79.0,3.16,0.8399999999999999,79.0,20.999999999999996,316.0,41.323394795344576,288,158,0.0
604,158,42,79.0,3.16,0.8399999999999999,79.0,20.999999999999996,316.0,41.323394795344576,288,158,0.0
605,158,42,79.0,3.16,0.8399999999999999,79.0,20.999999999999996,316.0,41.323394795344576,288,158,0.0
606,158,42,79.0,3.16,0.8399999999999999,79.0,20.999999999999996,316.0,41.323394795344576,288,158,0.0
607,159,41,79.5,3.18,0.8199999999999998,79.5,20.499999999999996,318.0,41.584935268732835,289,159,2.0
608,159,41,79.5,3.18,0.8199999999999998,79.5,20.499999999999996,318.0,41.584935268732835,289,159,0.0
609,159,41,79.5,3.18,0.8199999999999998,79.5,20.499999999999996,318.0,41.584935268732835,289,159,0.0
610,159,41,79.5,3.18,0.8199999999999998,79.5,20.499999999999996,318.0,41.584935268732835,289,159,0.0
611,159,41,79.5,3.18,0.8199999999999998,79.5,20.499999999999996,318.0,41.584935268732835,289,159,0.0
612,160,40,80.0,3.2,0.7999999999999998,80.0,19.999999999999996,320.0,41.84647574212109,290,160,2.0
613,160,40,80.0,3.2,0.7999999999999998,80.0,19.999999999999996,320.0,41.84647574212109,290,160,0.0
614,160,40,80.0,3.2,0.7999999999999998,80.0,19.999999999999996,320.0,41.84647574212109,290,160,0.0
615,160,40,80.0,3.2,0.7999999999999998,80.0,19.999999999999996,320.0,41.84647574212109,290,160,0.0
616,160,40,80.0,3.2,0.7999999999999998,80.0,19.999999999999996,320.0,41.84647574212109,290,160,0.0
617,160,40,80.0,3.2,0.7999999999999998,80.0,19.999999999999996,320.0,41.84647574212109,290,160,0.0
618,160,40,80.0,3.2,0.7999999999999998,80.0,19.999999999999996,320.0,41.84647574212109,290,160,0.0
619,160,40,80.0,3.2,0.7999999999999998,80.0,19.999999999999996,320.0,41.84647574212109,291,160,0.0
620,160,40,80.0,3.2,0.7999999999999998,80.0,19.999999999999996,320.0,41.84647574212109,292,160,0.0
621,160,40,80.0,3.2,0.7999999999999998,80.0,19.999999999999996,320.0,41.84647574212109,294,160,0.0
622,160,40,80.0,3.2,0.7999999999999998,80.0,19.999999999999996,320.0,41.84647574212109,297,160,0.0
623,160,40,80.0,3.2,0.7999999999999998,80.0,19.999999999999996,320.0,41.84647574212109,299,160,0.0
624,160,40,80.0,3.2,0.7999999999999998,80.0,19.999999999999996,320.0,41.84647574212109,300,160,0.0
625,160,40,80.0,3.2,0.7999999999999998,80.0,19.999999999999996,320.0,41.84647574212109,301,160,0.0
626,160,40,80.0,3.2,0.7999999999999998,80.0,19.999999999999996,320.0,41.84647574212109,302,160,0.0
627,160,40,80.0,3.2,0.7999999999999998,80.0,19.999999999999996,320.0,41.84647574212109,303,160,0.0
628,160,40,80.0,3.2,0.7999999999999998,80.0,19.999999999999996,320.0,41.84647574212109,304,160,0.0
629,160,40,80.0,3.2,0.7999999999999998,80.0,19.999999999999996,320.0,41.84647574212109,304,160,0.0
630,160,40,80.0,3.2,0.7999999999999998,80.0,19.999999999999996,320.0,41.84647574212109,305,160,0.0
631,160,40,80.0,3.2,0.7999999999999998,80.0,19.999999999999996,320.0,41.84647574212109,305,160,0.0
632,161,39,80.5,3.22,0.7799999999999998,80.5,19.499999999999996,322.0,42.108016215509345,306,161,2.0
633,161,39,80.5,3.22,0.7799999999999998,80.5,19.499999999999996,322.0,42.108016215509345,306,161,0.0
634,161,39,80.5,3.22,0.7799999999999998,80.5,19.499999999999996,322.0,42.108016215509345,306,161,0.0
635,161,39,80.5,3.22,0.7799999999999998,80.5,19.499999999999996,322.0,42.108016215509345,307,161,0.0
636,161,39,80.5,3.22,0.7799999999999998,80.5,19.499999999999996,322.0,42.108016215509345,308,161,0.0
637,161,39,80.5,3.22,0.7799999999999998,80.5,19.499999999999996,322.0,42.108016215509345,309,161,0.0
638,161,39,80.5,3.22,0.7799999999999998,80.5,19.499999999999996,322.0,42.108016215509345,309,161,0.0
639,162,38,81.0,3.24,0.7599999999999998,81.0,18.999999999999993,324.0,42.3695566888976,311,162,2.0
640,162,38,81.0,3.24,0.7599999999999998,81.0,18.999999999999993,324.0,42.3695566888976,312,162,0.0
641,162,38,81.0,3.24,0.7599999999999998,81.0,18.999999999999993,324.0,42.3695566888976,312,162,0.0
642,162,38,81.0,3.24,0.7599999999999998,81.0,18.999999999999993,324.0,42.3695566888976,312,162,0.0
643,162,38,81.0,3.24,0.7599999999999998,81.0,18.999999999999993,324.0,42.3695566888976,312,162,0.0
644,162,38,81.0,3.24,0.7599999999999998,81.0,18.999999999999993,324.0,42.3695566888976,312,162,0.0
645,163,37,81.5,3.2600000000000002,0.7399999999999998,81.5,18.499999999999993,326.0,42.63109716228586,313,163,2.0
646,163,37,81.5,3.2600000000000002,0.7399999999999998,81.5,18.499999999999993,326.0,42.63109716228586,313,163,0.0
647,163,37,81.5,3.2600000000000002,0.7399999999999998,81.5,18.499999999999993,326.0,42.63109716228586,313,163,0.0
648,163,37,81.5,3.2600000000000002,0.7399999999999998,81.5,18.499999999999993,326.0,42.63109716228586,313,163,0.0
649,163,37,81.5,3.2600000000000002,0.7399999999999998,81.5,18.499999999999993,326.0,42.63109716228586,313,163,0.0
650,163,37,81.5,3.2600000000000002,0.7399999999999998,81.5,18.499999999999993,326.0,42.63109716228586,314,163,0.0
651,163,37,81.5,3.2600000000000002,0.7399999999999998,81.5,18.499999999999993,326.0,42.63109716228586,314,163,0.0
652,163,37,81.5,3.2600000000000002,0.7399999999999998,81.5,18.499999999999993,326.0,42.63109716228586,315,163,0.0
653,163,37,81.5,3.2600000000000002,0.7399999999999998,81.5,18.499999999999993,326.0,42.63109716228586,316,163,0.0
654,163,37,81.5,3.2600000000000002,0.7399999999999998,81.5,18.499999999999993,326.0,42.63109716228586,316,163,0.0
655,163,37,81.5,3.2600000000000002,0.7399999999999998,81.5,18.499999999999993,326.0,42.63109716228586,316,163,0.0
656,163,37,81.5,3.2600000000000002,0.7399999999999998,81.5,18.499999999999993,326.0,42.63109716228586,316,163,0.0
657,163,37,81.5,3.2600000000000002,0.7399999999999998,81.5,18.499999999999993,326.0,42.63109716228586,316,163,0.0
658,163,37,81.5,3.2600000000000002,0.7399999999999998,81.5,18.499999999999993,326.0,42.63109716228586,317,163,0.0
659,163,37,81.5,3.2600000000000002,0.7399999999999998,81.5,18.499999999999993,326.0,42.63109716228586,317,163,0.0
660,163,37,81.5,3.2600000000000002,0.7399999999999998,81.5,18.499999999999993,326.0,42.63109716228586,318,163,0.0
661,163,37,81.5,3.2600000000000002,0.7399999999999998,81.5,18.499999999999993,326.0,42.63109716228586,318,163,0.0
662,163,37,81.5,3.2600000000000002,0.7399999999999998,81.5,18.499999999999993,326.0,42.63109716228586,318,163,0.0
663,163,37,81.5,3.2600000000000002,0.7399999999999998,81.5,18.499999999999993,326.0,42.63109716228586,318,163,0.0
664,163,37,81.5,3.2600000000000002,0.7399999999999998,81.5,18.499999999999993,326.0,42.63109716228586,318,163,0.0
665,163,37,81.5,3.2600000000000002,0.7399999999999998,81.5,18.499999999999993,326.0,42.63109716228586,318,163,0.0
666,163,37,81.5,3.2600000000000002,0.7399999999999998,81.5,18.499999999999993,326.0,42.63109716228586,318,163,0.0
667,163,37,81.5,3.2600000000000002,0.7399999999999998,81.5,18.499999999999993,326.0,42.63109716228586,318,163,0.0
668,163,37,81.5,3.2600000000000002,0.7399999999999998,81.5,18.499999999999993,326.0,42.63109716228586,318,163,0.0
669,163,37,81.5,3.2600000000000002,0.7399999999999998,81.5,18.499999999999993,326.0,42.63109716228586,319,163,0.0
670,163,37,81.5,3.2600000000000002,0.7399999999999998,81.5,18.499999999999993,326.0,42.63109716228586,320,163,0.0
671,163,37,81.5,3.2600000000000002,0.7399999999999998,81.5,18.499999999999993,326.0,42.63109716228586,321,163,0.0
672,163,37,81.5,3.2600000000000002,0.7399999999999998,81.5,18.499999999999993,326.0,42.63109716228586,322,163,0.0
673,163,37,81.5,3.2600000000000002,0.7399999999999998,81.5,18.499999999999993,326.0,42.63109716228586,322,163,0.0
674,164,36,82.0,3.2800000000000002,0.7199999999999998,82.0,17.999999999999993,328.0,42.89263763567412,323,164,2.0
675,164,36,82.0,3.2800000000000002,0.7199999999999998,82.0,17.999999999999993,328.0,42.89263763567412,324,164,0.0
676,164,36,82.0,3.2800000000000002,0.7199999999999998,82.0,17.999999999999993,328.0,42.89263763567412,325,164,0.0
677,164,36,82.0,3.2800000000000002,0.7199999999999998,82.0,17.999999999999993,328.0,42.89263763567412,325,164,0.0
678,164,36,82.0,3.2800000000000002,0.7199999999999998,82.0,17.999999999999993,328.0,42.89263763567412,325,164,0.0
679,164,36,82.0,3.2800000000000002,0.7199999999999998,82.0,17.999999999999993,328.0,42.89263763567412,325,164,0.0
680,164,36,82.0,3.2800000000000002,0.7199999999999998,82.0,17.999999999999993,328.0,42.89263763567412,325,164,0.0
681,164,36,82.0,3.2800000000000002,0.7199999999999998,82.0,17.999999999999993,328.0,42.89263763567412,326,164,0.0
682,164,36,82.0,3.2800000000000002,0.7199999999999998,82.0,17.999999999999993,328.0,42.89263763567412,326,164,0.0
683,164,36,82.0,3.2800000000000002,0.7199999999999998,82.0,17.999999999999993,328.0,42.89263763567412,327,164,0.0
684,164,36,82.0,3.2800000000000002,0.7199999999999998,82.0,17.999999999999993,328.0,42.89263763567412,327,164,0.0
685,164,36,82.0,3.2800000000000002,0.7199999999999998,82.0,17.999999999999993,328.0,42.89263763567412,328,164,0.0
686,164,36,82.0,3.2800000000000002,0.7199999999999998,82.0,17.999999999999993,328.0,42.89263763567412,328,164,0.0
687,164,36,82.0,3.2800000000000002,0.7199999999999998,82.0,17.999999999999993,328.0,42.89263763567412,328,164,0.0
688,164,36,82.0,3.2800000000000002,0.7199999999999998,82.0,17.999999999999993,328.0,42.89263763567412,328,164,0.0
689,164,36,82.0,3.2800000000000002,0.7199999999999998,82.0,17.999999999999993,328.0,42.89263763567412,329,164,0.0
690,164,36,82.0,3.2800000000000002,0.7199999999999998,82.0,17.999999999999993,328.0,42.89263763567412,330,164,0.0
691,165,35,82.5,3.3000000000000003,0.6999999999999997,82.5,17.499999999999993,330.0,43.15417810906237,331,165,2.0
692,165,35,82.5,3.3000000000000003,0.6999999999999997,82.5,17.499999999999993,330.0,43.15417810906237,332,165,0.0
693,165,35,82.5,3.3000000000000003,0.6999999999999997,82.5,17.499999999999993,330.0,43.15417810906237,333,165,0.0
694,165,35,82.5,3.3000000000000003,0.6999999999999997,82.5,17.499999999999993,330.0,43.15417810906237,333,165,0.0
695,165,35,82.5,3.3000000000000003,0.6999999999999997,82.5,17.499999999999993,330.0,43.15417810906237,334,165,0.0
696,165,35,82.5,3.3000000000000003,0.6999999999999997,82.5,17.499999999999993,330.0,43.15417810906237,335,165,0.0
697,165,35,82.5,3.3000000000000003,0.6999999999999997,82.5,17.499999999999993,330.0,43.15417810906237,336,165,0.0
698,166,34,83.0,3.3200000000000003,0.6799999999999997,83.0,16.999999999999993,332.0,43.41571858245063,339,166,2.0
699,166,34,83.0,3.3200000000000003,0.6799999999999997,83.0,16.999999999999993,332.0,43.41571858245063,341,166,0.0
700,166,34,83.0,3.3200000000000003,0.6799999999999997,83.0,16.999999999999993,332.0,43.41571858245063,342,166,0.0
701,166,34,83.0,3.3200000000000003,0.6799999999999997,83.0,16.999999999999993,332.0,43.41571858245063,343,166,0.0
702,166,34,83.0,3.3200000000000003,0.6799999999999997,83.0,16.999999999999993,332.0,43.41571858245063,345,166,0.0
703,166,34,83.0,3.3200000000000003,0.6799999999999997,83.0,16.999999999999993,332.0,43.41571858245063,347,166,0.0
704,166,34,83.0,3.3200000000000003,0.6799999999999997,83.0,16.999999999999993,332.0,43.41571858245063,349,166,0.0
705,166,34,83.0,3.3200000000000003,0.6799999999999997,83.0,16.999999999999993,332.0,43.41571858245063,350,166,0.0
706,166,34,83.0,3.3200000000000003,0.6799999999999997,83.0,16.999999999999993,332.0,43.41571858245063,351,166,0.0
707,166,34,83.0,3.3200000000000003,0.6799999999999997,83.0,16.999999999999993,332.0,43.41571858245063,352,166,0.0
708,166,34,83.0,3.3200000000000003,0.6799999999999997,83.0,16.999999999999993,332.0,43.41571858245063,352,166,0.0
709,166,34,83.0,3.3200000000000003,0.6799999999999997,83.0,16.999999999999993,332.0,43.41571858245063,353,166,0.0
710,166,34,83.0,3.3200000000000003,0.6799999999999997,83.0,16.999999999999993,332.0,43.41571858245063,354,166,0.0
711,166,34,83.0,3.3200000000000003,0.6799999999999997,83.0,16.999999999999993,332.0,43.41571858245063,355,166,0.0
712,167,33,83.5,3.34,0.6600000000000001,83.5,16.500000000000004,334.0,43.67725905583889,357,167,2.0
713,167,33,83.5,3.34,0.6600000000000001,83.5,16.500000000000004,334.0,43.67725905583889,358,167,0.0
714,167,33,83.5,3.34,0.6600000000000001,83.5,16.500000000000004,334.0,43.67725905583889,359,167,0.0
715,168,32,84.0,3.36,0.6400000000000001,84.0,16.000000000000004,336.0,43.93879952922715,361,168,2.0
716,168,32,84.0,3.36,0.6400000000000001,84.0,16.000000000000004,336.0,43.93879952922715,361,168,0.0
717,168,32,84.0,3.36,0.6400000000000001,84.0,16.000000000000004,336.0,43.93879952922715,362,168,0.0
718,168,32,84.0,3.36,0.6400000000000001,84.0,16.000000000000004,336.0,43.93879952922715,363,168,0.0
719,168,32,84.0,3.36,0.6400000000000001,84.0,16.000000000000004,336.0,43.93879952922715,365,168,0.0
720,168,32,84.0,3.36,0.6400000000000001,84.0,16.000000000000004,336.0,43.93879952922715,366,168,0.0
721,168,32,84.0,3.36,0.6400000000000001,84.0,16.000000000000004,336.0,43.93879952922715,367,168,0.0
722,168,32,84.0,3.36,0.6400000000000001,84.0,16.000000000000004,336.0,43.93879952922715,368,168,0.0
723,168,32,84.0,3.36,0.6400000000000001,84.0,16.000000000000004,336.0,43.93879952922715,369,168,0.0
724,169,31,84.5,3.38,0.6200000000000001,84.5,15.500000000000002,338.0,44.2003400026154,371,169,2.0
725,169,31,84.5,3.38,0.6200000000000001,84.5,15.500000000000002,338.0,44.2003400026154,372,169,0.0
726,171,29,85.5,3.42,0.5800000000000001,85.5,14.500000000000002,342.0,44.723420949391915,376,171,4.0
727,171,29,85.5,3.42,0.5800000000000001,85.5,14.500000000000002,342.0,44.723420949391915,378,171,0.0
728,171,29,85.5,3.42,0.5800000000000001,85.5,14.500000000000002,342.0,44.723420949391915,379,171,0.0
729,171,29,85.5,3.42,0.5800000000000001,85.5,14.500000000000002,342.0,44.723420949391915,380,171,0.0
730,171,29,85.5,3.42,0.5800000000000001,85.5,14.500000000000002,342.0,44.723420949391915,381,171,0.0
731,171,29,85.5,3.42,0.5800000000000001,85.5,14.500000000000002,342.0,44.723420949391915,382,171,0.0
732,171,29,85.5,3.42,0.5800000000000001,85.5,14.500000000000002,342.0,44.723420949391915,383,171,0.0
733,171,29,85.5,3.42,0.5800000000000001,85.5,14.500000000000002,342.0,44.723420949391915,383,171,0.0
734,171,29,85.5,3.42,0.5800000000000001,85.5,14.500000000000002,342.0,44.723420949391915,383,171,0.0
735,171,29,85.5,3.42,0.5800000000000001,85.5,14.500000000000002,342.0,44.723420949391915,383,171,0.0
736,171,29,85.5,3.42,0.5800000000000001,85.5,14.500000000000002,342.0,44.723420949391915,383,171,0.0
737,171,29,85.5,3.42,0.5800000000000001,85.5,14.500000000000002,342.0,44.723420949391915,383,171,0.0
738,171,29,85.5,3.42,0.5800000000000001,85.5,14.500000000000002,342.0,44.723420949391915,383,171,0.0
739,171,29,85.5,3.42,0.5800000000000001,85.5,14.500000000000002,342.0,44.723420949391915,383,171,0.0
740,171,29,85.5,3.42,0.5800000000000001,85.5,14.500000000000002,342.0,44.723420949391915,383,171,0.0
741,171,29,85.5,3.42,0.5800000000000001,85.5,14.500000000000002,342.0,44.723420949391915,383,171,0.0
742,171,29,85.5,3.42,0.5800000000000001,85.5,14.500000000000002,342.0,44.723420949391915,383,171,0.0
743,171,29,85.5,3.42,0.5800000000000001,85.5,14.500000000000002,342.0,44.723420949391915,384,171,0.0
744,171,29,85.5,3.42,0.5800000000000001,85.5,14.500000000000002,342.0,44.723420949391915,385,171,0.0
745,171,29,85.5,3.42,0.5800000000000001,85.5,14.500000000000002,342.0,44.723420949391915,386,171,0.0
746,171,29,85.5,3.42,0.5800000000000001,85.5,14.500000000000002,342.0,44.723420949391915,387,171,0.0
747,171,29,85.5,3.42,0.5800000000000001,85.5,14.500000000000002,342.0,44.723420949391915,387,171,0.0
748,171,29,85.5,3.42,0.5800000000000001,85.5,14.500000000000002,342.0,44.723420949391915,388,171,0.0
749,171,29,85.5,3.42,0.5800000000000001,85.5,14.500000000000002,342.0,44.723420949391915,388,171,0.0
750,171,29,85.5,3.42,0.5800000000000001,85.5,14.500000000000002,342.0,44.723420949391915,388,171,0.0
751,172,28,86.0,3.44,0.56,86.0,14.000000000000002,344.0,44.984961422780174,389,172,2.0
752,172,28,86.0,3.44,0.56,86.0,14.000000000000002,344.0,44.984961422780174,389,172,0.0
753,172,28,86.0,3.44,0.56,86.0,14.000000000000002,344.0,44.984961422780174,389,172,0.0
754,172,28,86.0,3.44,0.56,86.0,14.000000000000002,344.0,44.984961422780174,389,172,0.0
755,172,28,86.0,3.44,0.56,86.0,14.000000000000002,344.0,44.984961422780174,389,172,0.0
756,172,28,86.0,3.44,0.56,86.0,14.000000000000002,344.0,44.984961422780174,389,172,0.0
757,172,28,86.0,3.44,0.56,86.0,14.000000000000002,344.0,44.984961422780174,389,172,0.0
758,172,28,86.0,3.44,0.56,86.0,14.000000000000002,344.0,44.984961422780174,389,172,0.0
759,172,28,86.0,3.44,0.56,86.0,14.000000000000002,344.0,44.984961422780174,389,172,0.0
760,172,28,86.0,3.44,0.56,86.0,14.000000000000002,344.0,44.984961422780174,389,172,0.0
761,172,28,86.0,3.44,0.56,86.0,14.000000000000002,344.0,44.984961422780174,389,172,0.0
762,172,28,86.0,3.44,0.56,86.0,14.000000000000002,344.0,44.984961422780174,389,172,0.0
763,172,28,86.0,3.44,0.56,86.0,14.000000000000002,344.0,44.984961422780174,389,172,0.0
764,172,28,86.0,3.44,0.56,86.0,14.000000000000002,344.0,44.984961422780174,389,172,0.0
765,172,28,86.0,3.44,0.56,86.0,14.000000000000002,344.0,44.984961422780174,389,172,0.0
766,172,28,86.0,3.44,0.56,86.0,14.000000000000002,344.0,44.984961422780174,389,172,0.0
767,172,28,86.0,3.44,0.56,86.0,14.000000000000002,344.0,44.984961422780174,389,172,0.0
768,172,28,86.0,3.44,0.56,86.0,14.000000000000002,344.0,44.984961422780174,389,172,0.0
769,172,28,86.0,3.44,0.56,86.0,14.000000000000002,344.0,44.984961422780174,389,172,0.0
770,172,28,86.0,3.44,0.56,86.0,14.000000000000002,344.0,44.984961422780174,389,172,0.0
771,172,28,86.0,3.44,0.56,86.0,14.000000000000002,344.0,44.984961422780174,389,172,0.0
772,172,28,86.0,3.44,0.56,86.0,14.000000000000002,344.0,44.984961422780174,389,172,0.0
773,172,28,86.0,3.44,0.56,86.0,14.000000000000002,344.0,44.984961422780174,389,172,0.0
774,172,28,86.0,3.44,0.56,86.0,14.000000000000002,344.0,44.984961422780174,389,172,0.0
775,172,28,86.0,3.44,0.56,86.0,14.000000000000002,344.0,44.984961422780174,389,172,0.0
776,172,28,86.0,3.44,0.56,86.0,14.000000000000002,344.0,44.984961422780174,389,172,0.0
777,172,28,86.0,3.44,0.56,86.0,14.000000000000002,344.0,44.984961422780174,389,172,0.0
778,172,28,86.0,3.44,0.56,86.0,14.000000000000002,344.0,44.984961422780174,389,172,0.0
779,172,28,86.0,3.44,0.56,86.0,14.000000000000002,344.0,44.984961422780174,389,172,0.0
780,172,28,86.0,3.44,0.56,86.0,14.000000000000002,344.0,44.984961422780174,389,172,0.0
781,172,28,86.0,3.44,0.56,86.0,14.000000000000002,344.0,44.984961422780174,389,172,0.0
782,172,28,86.0,3.44,0.56,86.0,14.000000000000002,344.0,44.984961422780174,389,172,0.0
783,172,28,86.0,3.44,0.56,86.0,14.000000000000002,344.0,44.984961422780174,389,172,0.0
784,172,28,86.0,3.44,0.56,86.0,14.000000000000002,344.0,44.984961422780174,389,172,0.0
785,172,28,86.0,3.44,0.56,86.0,14.000000000000002,344.0,44.984961422780174,389,172,0.0
786,172,28,86.0,3.44,0.56,86.0,14.000000000000002,344.0,44.984961422780174,389,172,0.0
787,172,28,86.0,3.44,0.56,86.0,14.000000000000002,344.0,44.984961422780174,389,172,0.0
788,172,28,86.0,3.44,0.56,86.0,14.000000000000002,344.0,44.984961422780174,389,172,0.0
789,172,28,86.0,3.44,0.56,86.0,14.000000000000002,344.0,44.984961422780174,389,172,0.0
790,172,28,86.0,3.44,0.56,86.0,14.000000000000002,344.0,44.984961422780174,389,172,0.0
791,172,28,86.0,3.44,0.56,86.0,14.000000000000002,344.0,44.984961422780174,389,172,0.0
792,172,28,86.0,3.44,0.56,86.0,14.000000000000002,344.0,44.984961422780174,389,172,0.0
793,172,28,86.0,3.44,0.56,86.0,14.000000000000002,344.0,44.984961422780174,389,172,0.0
794,172,28,86.0,3.44,0.56,86.0,14.000000000000002,344.0,44.984961422780174,389,172,0.0
795,172,28,86.0,3.44,0.56,86.0,14.000000000000002,344.0,44.984961422780174,389,172,0.0
796,172,28,86.0,3.44,0.56,86.0,14.000000000000002,344.0,44.984961422780174,389,172,0.0
797,172,28,86.0,3.44,0.56,86.0,14.000000000000002,344.0,44.984961422780174,389,172,0.0
798,172,28,86.0,3.44,0.56,86.0,14.000000000000002,344.0,44.984961422780174,389,172,0.0
799,172,28,86.0,3.44,0.56,86.0,14.000000000000002,344.0,44.984961422780174,389,172,0.0
800,172,28,86.0,3.44,0.56,86.0,14.000000000000002,344.0,44.984961422780174,390,172,0.0
801,172,28,86.0,3.44,0.56,86.0,14.000000000000002,344.0,44.984961422780174,390,172,0.0
802,172,28,86.0,3.44,0.56,86.0,14.000000000000002,344.0,44.984961422780174,391,172,0.0
803,172,28,86.0,3.44,0.56,86.0,14.000000000000002,344.0,44.984961422780174,391,172,0.0
804,172,28,86.0,3.44,0.56,86.0,14.000000000000002,344.0,44.984961422780174,391,172,0.0
805,172,28,86.0,3.44,0.56,86.0,14.000000000000002,344.0,44.984961422780174,391,172,0.0
806,172,28,86.0,3.44,0.56,86.0,14.000000000000002,344.0,44.984961422780174,391,172,0.0
807,172,28,86.0,3.44,0.56,86.0,14.000000000000002,344.0,44.984961422780174,392,172,0.0
808,172,28,86.0,3.44,0.56,86.0,14.000000000000002,344.0,44.984961422780174,392,172,0.0
809,172,28,86.0,3.44,0.56,86.0,14.000000000000002,344.0,44.984961422780174,393,172,0.0
810,172,28,86.0,3.44,0.56,86.0,14.000000000000002,344.0,44.984961422780174,394,172,0.0
811,172,28,86.0,3.44,0.56,86.0,14.000000000000002,344.0,44.984961422780174,394,172,0.0
812,172,28,86.0,3.44,0.56,86.0,14.000000000000002,344.0,44.984961422780174,394,172,0.0
813,172,28,86.0,3.44,0.56,86.0,14.000000000000002,344.0,44.984961422780174,394,172,0.0
814,172,28,86.0,3.44,0.56,86.0,14.000000000000002,344.0,44.984961422780174,394,172,0.0
815,172,28,86.0,3.44,0.56,86.0,14.000000000000002,344.0,44.984961422780174,394,172,0.0
816,173,27,86.5,3.46,0.54,86.5,13.5,346.0,45.246501896168425,396,173,2.0
817,173,27,86.5,3.46,0.54,86.5,13.5,346.0,45.246501896168425,396,173,0.0
818,173,27,86.5,3.46,0.54,86.5,13.5,346.0,45.246501896168425,397,173,0.0
819,173,27,86.5,3.46,0.54,86.5,13.5,346.0,45.246501896168425,398,173,0.0
820,173,27,86.5,3.46,0.54,86.5,13.5,346.0,45.246501896168425,398,173,0.0
821,173,27,86.5,3.46,0.54,86.5,13.5,346.0,45.246501896168425,399,173,0.0
822,173,27,86.5,3.46,0.54,86.5,13.5,346.0,45.246501896168425,400,173,0.0
823,173,27,86.5,3.46,0.54,86.5,13.5,346.0,45.246501896168425,400,173,0.0
824,173,27,86.5,3.46,0.54,86.5,13.5,346.0,45.246501896168425,400,173,0.0
825,173,27,86.5,3.46,0.54,86.5,13.5,346.0,45.246501896168425,400,173,0.0
826,173,27,86.5,3.46,0.54,86.5,13.5,346.0,45.246501896168425,400,173,0.0
827,173,27,86.5,3.46,0.54,86.5,13.5,346.0,45.246501896168425,400,173,0.0
828,173,27,86.5,3.46,0.54,86.5,13.5,346.0,45.246501896168425,400,173,0.0
829,173,27,86.5,3.46,0.54,86.5,13.5,346.0,45.246501896168425,400,173,0.0
830,173,27,86.5,3.46,0.54,86.5,13.5,346.0,45.246501896168425,400,173,0.0
831,173,27,86.5,3.46,0.54,86.5,13.5,346.0,45.246501896168425,400,173,0.0
832,173,27,86.5,3.46,0.54,86.5,13.5,346.0,45.246501896168425,400,173,0.0
833,173,27,86.5,3.46,0.54,86.5,13.5,346.0,45.246501896168425,400,173,0.0
834,173,27,86.5,3.46,0.54,86.5,13.5,346.0,45.246501896168425,400,173,0.0
835,173,27,86.5,3.46,0.54,86.5,13.5,346.0,45.246501896168425,400,173,0.0
836,173,27,86.5,3.46,0.54,86.5,13.5,346.0,45.246501896168425,400,173,0.0
837,173,27,86.5,3.46,0.54,86.5,13.5,346.0,45.246501896168425,400,173,0.0
838,173,27,86.5,3.46,0.54,86.5,13.5,346.0,45.246501896168425,400,173,0.0
839,173,27,86.5,3.46,0.54,86.5,13.5,346.0,45.246501896168425,401,173,0.0
840,174,26,87.0,3.48,0.52,87.0,13.0,348.0,45.508042369556684,402,174,2.0
841,174,26,87.0,3.48,0.52,87.0,13.0,348.0,45.508042369556684,402,174,0.0
842,174,26,87.0,3.48,0.52,87.0,13.0,348.0,45.508042369556684,402,174,0.0
843,174,26,87.0,3.48,0.52,87.0,13.0,348.0,45.508042369556684,402,174,0.0
844,174,26,87.0,3.48,0.52,87.0,13.0,348.0,45.508042369556684,402,174,0.0
845,174,26,87.0,3.48,0.52,87.0,13.0,348.0,45.508042369556684,402,174,0.0
846,174,26,87.0,3.48,0.52,87.0,13.0,348.0,45.508042369556684,402,174,0.0
847,174,26,87.0,3.48,0.52,87.0,13.0,348.0,45.508042369556684,402,174,0.0
848,174,26,87.0,3.48,0.52,87.0,13.0,348.0,45.508042369556684,403,174,0.0
849,174,26,87.0,3.48,0.52,87.0,13.0,348.0,45.508042369556684,403,174,0.0
850,174,26,87.0,3.48,0.52,87.0,13.0,348.0,45.508042369556684,404,174,0.0
851,174,26,87.0,3.48,0.52,87.0,13.0,348.0,45.508042369556684,404,174,0.0
852,174,26,87.0,3.48,0.52,87.0,13.0,348.0,45.508042369556684,404,174,0.0
853,174,26,87.0,3.48,0.52,87.0,13.0,348.0,45.508042369556684,404,174,0.0
854,174,26,87.0,3.48,0.52,87.0,13.0,348.0,45.508042369556684,404,174,0.0
855,174,26,87.0,3.48,0.52,87.0,13.0,348.0,45.508042369556684,404,174,0.0
856,174,26,87.0,3.48,0.52,87.0,13.0,348.0,45.508042369556684,405,174,0.0
857,174,26,87.0,3.48,0.52,87.0,13.0,348.0,45.508042369556684,405,174,0.0
858,174,26,87.0,3.48,0.52,87.0,13.0,348.0,45.508042369556684,405,174,0.0
859,174,26,87.0,3.48,0.52,87.0,13.0,348.0,45.508042369556684,405,174,0.0
860,174,26,87.0,3.48,0.52,87.0,13.0,348.0,45.508042369556684,405,174,0.0
861,174,26,87.0,3.48,0.52,87.0,13.0,348.0,45.508042369556684,405,174,0.0
862,174,26,87.0,3.48,0.52,87.0,13.0,348.0,45.508042369556684,405,174,0.0
863,174,26,87.0,3.48,0.52,87.0,13.0,348.0,45.508042369556684,405,174,0.0
864,174,26,87.0,3.48,0.52,87.0,13.0,348.0,45.508042369556684,405,174,0.0
865,174,26,87.0,3.48,0.52,87.0,13.0,348.0,45.508042369556684,406,174,0.0
866,174,26,87.0,3.48,0.52,87.0,13.0,348.0,45.508042369556684,407,174,0.0
867,174,26,87.0,3.48,0.52,87.0,13.0,348.0,45.508042369556684,408,174,0.0
868,174,26,87.0,3.48,0.52,87.0,13.0,348.0,45.508042369556684,409,174,0.0
869,174,26,87.0,3.48,0.52,87.0,13.0,348.0,45.508042369556684,410,174,0.0
870,174,26,87.0,3.48,0.52,87.0,13.0,348.0,45.508042369556684,410,174,0.0
871,174,26,87.0,3.48,0.52,87.0,13.0,348.0,45.508042369556684,410,174,0.0
872,174,26,87.0,3.48,0.52,87.0,13.0,348.0,45.508042369556684,410,174,0.0
873,174,26,87.0,3.48,0.52,87.0,13.0,348.0,45.508042369556684,411,174,0.0
874,174,26,87.0,3.48,0.52,87.0,13.0,348.0,45.508042369556684,412,174,0.0
875,174,26,87.0,3.48,0.52,87.0,13.0,348.0,45.508042369556684,413,174,0.0
876,174,26,87.0,3.48,0.52,87.0,13.0,348.0,45.508042369556684,413,174,0.0
877,174,26,87.0,3.48,0.52,87.0,13.0,348.0,45.508042369556684,413,174,0.0
878,174,26,87.0,3.48,0.52,87.0,13.0,348.0,45.508042369556684,413,174,0.0
879,174,26,87.0,3.48,0.52,87.0,13.0,348.0,45.508042369556684,413,174,0.0
880,174,26,87.0,3.48,0.52,87.0,13.0,348.0,45.508042369556684,413,174,0.0
881,174,26,87.0,3.48,0.52,87.0,13.0,348.0,45.508042369556684,413,174,0.0
882,174,26,87.0,3.48,0.52,87.0,13.0,348.0,45.508042369556684,413,174,0.0
883,175,25,87.5,3.5,0.5,87.5,12.5,350.0,45.76958284294494,414,175,2.0
884,175,25,87.5,3.5,0.5,87.5,12.5,350.0,45.76958284294494,414,175,0.0
885,175,25,87.5,3.5,0.5,87.5,12.5,350.0,45.76958284294494,414,175,0.0
886,175,25,87.5,3.5,0.5,87.5,12.5,350.0,45.76958284294494,414,175,0.0
887,175,25,87.5,3.5,0.5,87.5,12.5,350.0,45.76958284294494,414,175,0.0
888,175,25,87.5,3.5,0.5,87.5,12.5,350.0,45.76958284294494,414,175,0.0
889,175,25,87.5,3.5,0.5,87.5,12.5,350.0,45.76958284294494,414,175,0.0
890,175,25,87.5,3.5,0.5,87.5,12.5,350.0,45.76958284294494,414,175,0.0
891,175,25,87.5,3.5,0.5,87.5,12.5,350.0,45.76958284294494,414,175,0.0
892,175,25,87.5,3.5,0.5,87.5,12.5,350.0,45.76958284294494,414,175,0.0
893,175,25,87.5,3.5,0.5,87.5,12.5,350.0,45.76958284294494,414,175,0.0
894,175,25,87.5,3.5,0.5,87.5,12.5,350.0,45.76958284294494,414,175,0.0
895,175,25,87.5,3.5,0.5,87.5,12.5,350.0,45.76958284294494,414,175,0.0
896,175,25,87.5,3.5,0.5,87.5,12.5,350.0,45.76958284294494,414,175,0.0
897,175,25,87.5,3.5,0.5,87.5,12.5,350.0,45.76958284294494,415,175,0.0
898,175,25,87.5,3.5,0.5,87.5,12.5,350.0,45.76958284294494,415,175,0.0
899,175,25,87.5,3.5,0.5,87.5,12.5,350.0,45.76958284294494,415,175,0.0
900,175,25,87.5,3.5,0.5,87.5,12.5,350.0,45.76958284294494,415,175,0.0
901,175,25,87.5,3.5,0.5,87.5,12.5,350.0,45.76958284294494,415,175,0.0
902,175,25,87.5,3.5,0.5,87.5,12.5,350.0,45.76958284294494,415,175,0.0
903,175,25,87.5,3.5,0.5,87.5,12.5,350.0,45.76958284294494,415,175,0.0
904,175,25,87.5,3.5,0.5,87.5,12.5,350.0,45.76958284294494,415,175,0.0
905,175,25,87.5,3.5,0.5,87.5,12.5,350.0,45.76958284294494,415,175,0.0
906,175,25,87.5,3.5,0.5,87.5,12.5,350.0,45.76958284294494,415,175,0.0
907,175,25,87.5,3.5,0.5,87.5,12.5,350.0,45.76958284294494,415,175,0.0
908,175,25,87.5,3.5,0.5,87.5,12.5,350.0,45.76958284294494,415,175,0.0
909,175,25,87.5,3.5,0.5,87.5,12.5,350.0,45.76958284294494,415,175,0.0
910,175,25,87.5,3.5,0.5,87.5,12.5,350.0,45.76958284294494,415,175,0.0
911,175,25,87.5,3.5,0.5,87.5,12.5,350.0,45.76958284294494,415,175,0.0
912,175,25,87.5,3.5,0.5,87.5,12.5,350.0,45.76958284294494,415,175,0.0
913,175,25,87.5,3.5,0.5,87.5,12.5,350.0,45.76958284294494,415,175,0.0
914,175,25,87.5,3.5,0.5,87.5,12.5,350.0,45.76958284294494,415,175,0.0
915,175,25,87.5,3.5,0.5,87.5,12.5,350.0,45.76958284294494,415,175,0.0
916,175,25,87.5,3.5,0.5,87.5,12.5,350.0,45.76958284294494,415,175,0.0
917,175,25,87.5,3.5,0.5,87.5,12.5,350.0,45.76958284294494,415,175,0.0
918,175,25,87.5,3.5,0.5,87.5,12.5,350.0,45.76958284294494,415,175,0.0
919,175,25,87.5,3.5,0.5,87.5,12.5,350.0,45.76958284294494,415,175,0.0
920,175,25,87.5,3.5,0.5,87.5,12.5,350.0,45.76958284294494,415,175,0.0
921,175,25,87.5,3.5,0.5,87.5,12.5,350.0,45.76958284294494,415,175,0.0
922,175,25,87.5,3.5,0.5,87.5,12.5,350.0,45.76958284294494,415,175,0.0
923,175,25,87.5,3.5,0.5,87.5,12.5,350.0,45.76958284294494,415,175,0.0
924,175,25,87.5,3.5,0.5,87.5,12.5,350.0,45.76958284294494,415,175,0.0
925,175,25,87.5,3.5,0.5,87.5,12.5,350.0,45.76958284294494,415,175,0.0
926,175,25,87.5,3.5,0.5,87.5,12.5,350.0,45.76958284294494,415,175,0.0
927,175,25,87.5,3.5,0.5,87.5,12.5,350.0,45.76958284294494,415,175,0.0
928,175,25,87.5,3.5,0.5,87.5,12.5,350.0,45.76958284294494,415,175,0.0
929,175,25,87.5,3.5,0.5,87.5,12.5,350.0,45.76958284294494,415,175,0.0
930,175,25,87.5,3.5,0.5,87.5,12.5,350.0,45.76958284294494,415,175,0.0
931,175,25,87.5,3.5,0.5,87.5,12.5,350.0,45.76958284294494,415,175,0.0
932,175,25,87.5,3.5,0.5,87.5,12.5,350.0,45.76958284294494,415,175,0.0
933,175,25,87.5,3.5,0.5,87.5,12.5,350.0,45.76958284294494,415,175,0.0
934,175,25,87.5,3.5,0.5,87.5,12.5,350.0,45.76958284294494,415,175,0.0
935,176,24,88.0,3.52,0.48,88.0,12.0,352.0,46.0311233163332,416,176,2.0
936,176,24,88.0,3.52,0.48,88.0,12.0,352.0,46.0311233163332,416,176,0.0
937,176,24,88.0,3.52,0.48,88.0,12.0,352.0,46.0311233163332,416,176,0.0
938,176,24,88.0,3.52,0.48,88.0,12.0,352.0,46.0311233163332,416,176,0.0
939,176,24,88.0,3.52,0.48,88.0,12.0,352.0,46.0311233163332,416,176,0.0
940,177,23,88.5,3.54,0.45999999999999996,88.5,11.499999999999998,354.0,46.29266378972146,417,177,2.0
941,177,23,88.5,3.54,0.45999999999999996,88.5,11.499999999999998,354.0,46.29266378972146,417,177,0.0
942,178,22,89.0,3.56,0.43999999999999995,89.0,10.999999999999998,356.0,46.55420426310971,418,178,2.0
943,178,22,89.0,3.56,0.43999999999999995,89.0,10.999999999999998,356.0,46.55420426310971,418,178,0.0
944,178,22,89.0,3.56,0.43999999999999995,89.0,10.999999999999998,356.0,46.55420426310971,418,178,0.0
945,178,22,89.0,3.56,0.43999999999999995,89.0,10.999999999999998,356.0,46.55420426310971,418,178,0.0
946,178,22,89.0,3.56,0.43999999999999995,89.0,10.999999999999998,356.0,46.55420426310971,418,178,0.0
947,178,22,89.0,3.56,0.43999999999999995,89.0,10.999999999999998,356.0,46.55420426310971,418,178,0.0
948,178,22,89.0,3.56,0.43999999999999995,89.0,10.999999999999998,356.0,46.55420426310971,418,178,0.0
949,179,21,89.5,3.58,0.41999999999999993,89.5,10.499999999999998,358.0,46.81574473649797,419,179,2.0
950,179,21,89.5,3.58,0.41999999999999993,89.5,10.499999999999998,358.0,46.81574473649797,419,179,0.0
951,179,21,89.5,3.58,0.41999999999999993,89.5,10.499999999999998,358.0,46.81574473649797,419,179,0.0
952,179,21,89.5,3.58,0.41999999999999993,89.5,10.499999999999998,358.0,46.81574473649797,419,179,0.0
953,179,21,89.5,3.58,0.41999999999999993,89.5,10.499999999999998,358.0,46.81574473649797,419,179,0.0
954,179,21,89.5,3.58,0.41999999999999993,89.5,10.499999999999998,358.0,46.81574473649797,419,179,0.0
955,179,21,89.5,3.58,0.41999999999999993,89.5,10.499999999999998,358.0,46.81574473649797,419,179,0.0
956,179,21,89.5,3.58,0.41999999999999993,89.5,10.499999999999998,358.0,46.81574473649797,419,179,0.0
957,179,21,89.5,3.58,0.41999999999999993,89.5,10.499999999999998,358.0,46.81574473649797,419,179,0.0
958,179,21,89.5,3.58,0.41999999999999993,89.5,10.499999999999998,358.0,46.81574473649797,419,179,0.0
959,179,21,89.5,3.58,0.41999999999999993,89.5,10.499999999999998,358.0,46.81574473649797,419,179,0.0
960,179,21,89.5,3.58,0.41999999999999993,89.5,10.499999999999998,358.0,46.81574473649797,419,179,0.0
961,179,21,89.5,3.58,0.41999999999999993,89.5,10.499999999999998,358.0,46.81574473649797,419,179,0.0
962,179,21,89.5,3.58,0.41999999999999993,89.5,10.499999999999998,358.0,46.81574473649797,419,179,0.0
963,179,21,89.5,3.58,0.41999999999999993,89.5,10.499999999999998,358.0,46.81574473649797,419,179,0.0
964,179,21,89.5,3.58,0.41999999999999993,89.5,10.499999999999998,358.0,46.81574473649797,419,179,0.0
965,179,21,89.5,3.58,0.41999999999999993,89.5,10.499999999999998,358.0,46.81574473649797,419,179,0.0
966,179,21,89.5,3.58,0.41999999999999993,89.5,10.499999999999998,358.0,46.81574473649797,419,179,0.0
967,179,21,89.5,3.58,0.41999999999999993,89.5,10.499999999999998,358.0,46.81574473649797,419,179,0.0
968,179,21,89.5,3.58,0.41999999999999993,89.5,10.499999999999998,358.0,46.81574473649797,419,179,0.0
969,179,21,89.5,3.58,0.41999999999999993,89.5,10.499999999999998,358.0,46.81574473649797,419,179,0.0
970,179,21,89.5,3.58,0.41999999999999993,89.5,10.499999999999998,358.0,46.81574473649797,419,179,0.0
971,179,21,89.5,3.58,0.41999999999999993,89.5,10.499999999999998,358.0,46.81574473649797,419,179,0.0
972,179,21,89.5,3.58,0.41999999999999993,89.5,10.499999999999998,358.0,46.81574473649797,419,179,0.0
973,179,21,89.5,3.58,0.41999999999999993,89.5,10.499999999999998,358.0,46.81574473649797,419,179,0.0
974,179,21,89.5,3.58,0.41999999999999993,89.5,10.499999999999998,358.0,46.81574473649797,419,179,0.0
975,179,21,89.5,3.58,0.41999999999999993,89.5,10.499999999999998,358.0,46.81574473649797,419,179,0.0
976,179,21,89.5,3.58,0.41999999999999993,89.5,10.499999999999998,358.0,46.81574473649797,419,179,0.0
977,179,21,89.5,3.58,0.41999999999999993,89.5,10.499999999999998,358.0,46.81574473649797,419,179,0.0
978,179,21,89.5,3.58,0.41999999999999993,89.5,10.499999999999998,358.0,46.81574473649797,419,179,0.0
979,179,21,89.5,3.58,0.41999999999999993,89.5,10.499999999999998,358.0,46.81574473649797,419,179,0.0
980,179,21,89.5,3.58,0.41999999999999993,89.5,10.499999999999998,358.0,46.81574473649797,419,179,0.0
981,179,21,89.5,3.58,0.41999999999999993,89.5,10.499999999999998,358.0,46.81574473649797,419,179,0.0
982,179,21,89.5,3.58,0.41999999999999993,89.5,10.499999999999998,358.0,46.81574473649797,419,179,0.0
983,179,21,89.5,3.58,0.41999999999999993,89.5,10.499999999999998,358.0,46.81574473649797,419,179,0.0
984,179,21,89.5,3.58,0.41999999999999993,89.5,10.499999999999998,358.0,46.81574473649797,419,179,0.0
985,179,21,89.5,3.58,0.41999999999999993,89.5,10.499999999999998,358.0,46.81574473649797,419,179,0.0
986,179,21,89.5,3.58,0.41999999999999993,89.5,10.499999999999998,358.0,46.81574473649797,419,179,0.0
987,179,21,89.5,3.58,0.41999999999999993,89.5,10.499999999999998,358.0,46.81574473649797,419,179,0.0
988,179,21,89.5,3.58,0.41999999999999993,89.5,10.499999999999998,358.0,46.81574473649797,419,179,0.0
989,179,21,89.5,3.58,0.41999999999999993,89.5,10.499999999999998,358.0,46.81574473649797,419,179,0.0
990,179,21,89.5,3.58,0.41999999999999993,89.5,10.499999999999998,358.0,46.81574473649797,419,179,0.0
991,179,21,89.5,3.58,0.41999999999999993,89.5,10.499999999999998,358.0,46.81574473649797,419,179,0.0
992,179,21,89.5,3.58,0.41999999999999993,89.5,10.499999999999998,358.0,46.81574473649797,419,179,0.0
993,179,21,89.5,3.58,0.41999999999999993,89.5,10.499999999999998,358.0,46.81574473649797,419,179,0.0
994,179,21,89.5,3.58,0.41999999999999993,89.5,10.499999999999998,358.0,46.81574473649797,419,179,0.0
995,179,21,89.5,3.58,0.41999999999999993,89.5,10.499999999999998,358.0,46.81574473649797,419,179,0.0
996,179,21,89.5,3.58,0.41999999999999993,89.5,10.499999999999998,358.0,46.81574473649797,419,179,0.0
997,179,21,89.5,3.58,0.41999999999999993,89.5,10.499999999999998,358.0,46.81574473649797,419,179,0.0
998,179,21,89.5,3.58,0.41999999999999993,89.5,10.499999999999998,358.0,46.81574473649797,419,179,0.0
999,179,21,89.5,3.58,0.41999999999999993,89.5,10.499999999999998,358.0,46.81574473649797,419,179,0.0
1000,179,21,89.5,3.58,0.41999999999999993,89.5,10.499999999999998,358.0,46.81574473649797,419,179,0.0
1001,179,21,89.5,3.58,0.41999999999999993,89.5,10.499999999999998,358.0,46.81574473649797,419,179,0.0
1002,179,21,89.5,3.58,0.41999999999999993,89.5,10.499999999999998,358.0,46.81574473649797,419,179,0.0
1003,179,21,89.5,3.58,0.41999999999999993,89.5,10.499999999999998,358.0,46.81574473649797,419,179,0.0
1004,179,21,89.5,3.58,0.41999999999999993,89.5,10.499999999999998,358.0,46.81574473649797,419,179,0.0
1005,179,21,89.5,3.58,0.41999999999999993,89.5,10.499999999999998,358.0,46.81574473649797,419,179,0.0
1006,179,21,89.5,3.58,0.41999999999999993,89.5,10.499999999999998,358.0,46.81574473649797,419,179,0.0
1007,179,21,89.5,3.58,0.41999999999999993,89.5,10.499999999999998,358.0,46.81574473649797,419,179,0.0
1008,179,21,89.5,3.58,0.41999999999999993,89.5,10.499999999999998,358.0,46.81574473649797,419,179,0.0
1009,179,21,89.5,3.58,0.41999999999999993,89.5,10.499999999999998,358.0,46.81574473649797,419,179,0.0
1010,179,21,89.5,3.58,0.41999999999999993,89.5,10.499999999999998,358.0,46.81574473649797,419,179,0.0
1011,179,21,89.5,3.58,0.41999999999999993,89.5,10.499999999999998,358.0,46.81574473649797,419,179,0.0
1012,179,21,89.5,3.58,0.41999999999999993,89.5,10.499999999999998,358.0,46.81574473649797,419,179,0.0
1013,179,21,89.5,3.58,0.41999999999999993,89.5,10.499999999999998,358.0,46.81574473649797,419,179,0.0
1014,179,21,89.5,3.58,0.41999999999999993,89.5,10.499999999999998,358.0,46.81574473649797,419,179,0.0
1015,179,21,89.5,3.58,0.41999999999999993,89.5,10.499999999999998,358.0,46.81574473649797,419,179,0.0
1016,179,21,89.5,3.58,0.41999999999999993,89.5,10.499999999999998,358.0,46.81574473649797,419,179,0.0
1017,179,21,89.5,3.58,0.41999999999999993,89.5,10.499999999999998,358.0,46.81574473649797,420,179,0.0
1018,179,21,89.5,3.58,0.41999999999999993,89.5,10.499999999999998,358.0,46.81574473649797,421,179,0.0
1019,179,21,89.5,3.58,0.41999999999999993,89.5,10.499999999999998,358.0,46.81574473649797,421,179,0.0
1020,179,21,89.5,3.58,0.41999999999999993,89.5,10.499999999999998,358.0,46.81574473649797,421,179,0.0
1021,179,21,89.5,3.58,0.41999999999999993,89.5,10.499999999999998,358.0,46.81574473649797,421,179,0.0
1022,179,21,89.5,3.58,0.41999999999999993,89.5,10.499999999999998,358.0,46.81574473649797,421,179,0.0
1023,179,21,89.5,3.58,0.41999999999999993,89.5,10.499999999999998,358.0,46.81574473649797,421,179,0.0
1024,179,21,89.5,3.58,0.41999999999999993,89.5,10.499999999999998,358.0,46.81574473649797,421,179,0.0
1025,179,21,89.5,3.58,0.41999999999999993,89.5,10.499999999999998,358.0,46.81574473649797,422,179,0.0
1026,179,21,89.5,3.58,0.41999999999999993,89.5,10.499999999999998,358.0,46.81574473649797,422,179,0.0
1027,179,21,89.5,3.58,0.41999999999999993,89.5,10.499999999999998,358.0,46.81574473649797,422,179,0.0
1028,179,21,89.5,3.58,0.41999999999999993,89.5,10.499999999999998,358.0,46.81574473649797,423,179,0.0
1029,179,21,89.5,3.58,0.41999999999999993,89.5,10.499999999999998,358.0,46.81574473649797,423,179,0.0
1030,179,21,89.5,3.58,0.41999999999999993,89.5,10.499999999999998,358.0,46.81574473649797,423,179,0.0
1031,179,21,89.5,3.58,0.41999999999999993,89.5,10.499999999999998,358.0,46.81574473649797,423,179,0.0
1032,179,21,89.5,3.58,0.41999999999999993,89.5,10.499999999999998,358.0,46.81574473649797,423,179,0.0
1033,179,21,89.5,3.58,0.41999999999999993,89.5,10.499999999999998,358.0,46.81574473649797,423,179,0.0
1034,179,21,89.5,3.58,0.41999999999999993,89.5,10.499999999999998,358.0,46.81574473649797,423,179,0.0
1035,179,21,89.5,3.58,0.41999999999999993,89.5,10.499999999999998,358.0,46.81574473649797,423,179,0.0
1036,179,21,89.5,3.58,0.41999999999999993,89.5,10.499999999999998,358.0,46.81574473649797,423,179,0.0
1037,179,21,89.5,3.58,0.41999999999999993,89.5,10.499999999999998,358.0,46.81574473649797,423,179,0.0
1038,179,21,89.5,3.58,0.41999999999999993,89.5,10.499999999999998,358.0,46.81574473649797,424,179,0.0
1039,179,21,89.5,3.58,0.41999999999999993,89.5,10.499999999999998,358.0,46.81574473649797,425,179,0.0
1040,179,21,89.5,3.58,0.41999999999999993,89.5,10.499999999999998,358.0,46.81574473649797,425,179,0.0
1041,179,21,89.5,3.58,0.41999999999999993,89.5,10.499999999999998,358.0,46.81574473649797,425,179,0.0
1042,179,21,89.5,3.58,0.41999999999999993,89.5,10.499999999999998,358.0,46.81574473649797,425,179,0.0
1043,179,21,89.5,3.58,0.41999999999999993,89.5,10.499999999999998,358.0,46.81574473649797,425,179,0.0
1044,179,21,89.5,3.58,0.41999999999999993,89.5,10.499999999999998,358.0,46.81574473649797,425,179,0.0
1045,179,21,89.5,3.58,0.41999999999999993,89.5,10.499999999999998,358.0,46.81574473649797,425,179,0.0
1046,179,21,89.5,3.58,0.41999999999999993,89.5,10.499999999999998,358.0,46.81574473649797,425,179,0.0
1047,179,21,89.5,3.58,0.41999999999999993,89.5,10.499999999999998,358.0,46.81574473649797,425,179,0.0
1048,179,21,89.5,3.58,0.41999999999999993,89.5,10.499999999999998,358.0,46.81574473649797,425,179,0.0
1049,180,20,90.0,3.6,0.3999999999999999,90.0,9.999999999999998,360.0,47.07728520988623,426,180,2.0
1050,180,20,90.0,3.6,0.3999999999999999,90.0,9.999999999999998,360.0,47.07728520988623,426,180,0.0
1051,180,20,90.0,3.6,0.3999999999999999,90.0,9.999999999999998,360.0,47.07728520988623,426,180,0.0
1052,180,20,90.0,3.6,0.3999999999999999,90.0,9.999999999999998,360.0,47.07728520988623,426,180,0.0
1053,180,20,90.0,3.6,0.3999999999999999,90.0,9.999999999999998,360.0,47.07728520988623,427,180,0.0
1054,180,20,90.0,3.6,0.3999999999999999,90.0,9.999999999999998,360.0,47.07728520988623,428,180,0.0
1055,180,20,90.0,3.6,0.3999999999999999,90.0,9.999999999999998,360.0,47.07728520988623,429,180,0.0
1056,180,20,90.0,3.6,0.3999999999999999,90.0,9.999999999999998,360.0,47.07728520988623,430,180,0.0
1057,180,20,90.0,3.6,0.3999999999999999,90.0,9.999999999999998,360.0,47.07728520988623,430,180,0.0
1058,180,20,90.0,3.6,0.3999999999999999,90.0,9.999999999999998,360.0,47.07728520988623,431,180,0.0
1059,180,20,90.0,3.6,0.3999999999999999,90.0,9.999999999999998,360.0,47.07728520988623,431,180,0.0
1060,180,20,90.0,3.6,0.3999999999999999,90.0,9.999999999999998,360.0,47.07728520988623,431,180,0.0
1061,180,20,90.0,3.6,0.3999999999999999,90.0,9.999999999999998,360.0,47.07728520988623,431,180,0.0
1062,180,20,90.0,3.6,0.3999999999999999,90.0,9.999999999999998,360.0,47.07728520988623,431,180,0.0
1063,180,20,90.0,3.6,0.3999999999999999,90.0,9.999999999999998,360.0,47.07728520988623,431,180,0.0
1064,180,20,90.0,3.6,0.3999999999999999,90.0,9.999999999999998,360.0,47.07728520988623,431,180,0.0
1065,180,20,90.0,3.6,0.3999999999999999,90.0,9.999999999999998,360.0,47.07728520988623,431,180,0.0
1066,180,20,90.0,3.6,0.3999999999999999,90.0,9.999999999999998,360.0,47.07728520988623,431,180,0.0
1067,180,20,90.0,3.6,0.3999999999999999,90.0,9.999999999999998,360.0,47.07728520988623,431,180,0.0
1068,180,20,90.0,3.6,0.3999999999999999,90.0,9.999999999999998,360.0,47.07728520988623,431,180,0.0
1069,180,20,90.0,3.6,0.3999999999999999,90.0,9.999999999999998,360.0,47.07728520988623,431,180,0.0
1070,180,20,90.0,3.6,0.3999999999999999,90.0,9.999999999999998,360.0,47.07728520988623,432,180,0.0
1071,180,20,90.0,3.6,0.3999999999999999,90.0,9.999999999999998,360.0,47.07728520988623,433,180,0.0
1072,180,20,90.0,3.6,0.3999999999999999,90.0,9.999999999999998,360.0,47.07728520988623,434,180,0.0
1073,180,20,90.0,3.6,0.3999999999999999,90.0,9.999999999999998,360.0,47.07728520988623,434,180,0.0
1074,180,20,90.0,3.6,0.3999999999999999,90.0,9.999999999999998,360.0,47.07728520988623,434,180,0.0
1075,180,20,90.0,3.6,0.3999999999999999,90.0,9.999999999999998,360.0,47.07728520988623,434,180,0.0
1076,180,20,90.0,3.6,0.3999999999999999,90.0,9.999999999999998,360.0,47.07728520988623,434,180,0.0
1077,180,20,90.0,3.6,0.3999999999999999,90.0,9.999999999999998,360.0,47.07728520988623,434,180,0.0
1078,180,20,90.0,3.6,0.3999999999999999,90.0,9.999999999999998,360.0,47.07728520988623,434,180,0.0
1079,180,20,90.0,3.6,0.3999999999999999,90.0,9.999999999999998,360.0,47.07728520988623,434,180,0.0
1080,180,20,90.0,3.6,0.3999999999999999,90.0,9.999999999999998,360.0,47.07728520988623,434,180,0.0
1081,180,20,90.0,3.6,0.3999999999999999,90.0,9.999999999999998,360.0,47.07728520988623,434,180,0.0
1082,180,20,90.0,3.6,0.3999999999999999,90.0,9.999999999999998,360.0,47.07728520988623,435,180,0.0
1083,180,20,90.0,3.6,0.3999999999999999,90.0,9.999999999999998,360.0,47.07728520988623,435,180,0.0
1084,180,20,90.0,3.6,0.3999999999999999,90.0,9.999999999999998,360.0,47.07728520988623,436,180,0.0
1085,180,20,90.0,3.6,0.3999999999999999,90.0,9.999999999999998,360.0,47.07728520988623,436,180,0.0
1086,180,20,90.0,3.6,0.3999999999999999,90.0,9.999999999999998,360.0,47.07728520988623,437,180,0.0
1087,180,20,90.0,3.6,0.3999999999999999,90.0,9.999999999999998,360.0,47.07728520988623,438,180,0.0
1088,180,20,90.0,3.6,0.3999999999999999,90.0,9.999999999999998,360.0,47.07728520988623,438,180,0.0
1089,180,20,90.0,3.6,0.3999999999999999,90.0,9.999999999999998,360.0,47.07728520988623,438,180,0.0
1090,180,20,90.0,3.6,0.3999999999999999,90.0,9.999999999999998,360.0,47.07728520988623,439,180,0.0
1091,180,20,90.0,3.6,0.3999999999999999,90.0,9.999999999999998,360.0,47.07728520988623,439,180,0.0
1092,180,20,90.0,3.6,0.3999999999999999,90.0,9.999999999999998,360.0,47.07728520988623,440,180,0.0
1093,180,20,90.0,3.6,0.3999999999999999,90.0,9.999999999999998,360.0,47.07728520988623,441,180,0.0
1094,180,20,90.0,3.6,0.3999999999999999,90.0,9.999999999999998,360.0,47.07728520988623,442,180,0.0
1095,180,20,90.0,3.6,0.3999999999999999,90.0,9.999999999999998,360.0,47.07728520988623,444,180,0.0
1096,180,20,90.0,3.6,0.3999999999999999,90.0,9.999999999999998,360.0,47.07728520988623,445,180,0.0
1097,180,20,90.0,3.6,0.3999999999999999,90.0,9.999999999999998,360.0,47.07728520988623,445,180,0.0
1098,180,20,90.0,3.6,0.3999999999999999,90.0,9.999999999999998,360.0,47.07728520988623,445,180,0.0
1099,180,20,90.0,3.6,0.3999999999999999,90.0,9.999999999999998,360.0,47.07728520988623,445,180,0.0
1100,180,20,90.0,3.6,0.3999999999999999,90.0,9.999999999999998,360.0,47.07728520988623,446,180,0.0
1101,180,20,90.0,3.6,0.3999999999999999,90.0,9.999999999999998,360.0,47.07728520988623,446,180,0.0
1102,180,20,90.0,3.6,0.3999999999999999,90.0,9.999999999999998,360.0,47.07728520988623,447,180,0.0
1103,180,20,90.0,3.6,0.3999999999999999,90.0,9.999999999999998,360.0,47.07728520988623,448,180,0.0
1104,180,20,90.0,3.6,0.3999999999999999,90.0,9.999999999999998,360.0,47.07728520988623,449,180,0.0
1105,180,20,90.0,3.6,0.3999999999999999,90.0,9.999999999999998,360.0,47.07728520988623,450,180,0.0
1106,180,20,90.0,3.6,0.3999999999999999,90.0,9.999999999999998,360.0,47.07728520988623,450,180,0.0
1107,180,20,90.0,3.6,0.3999999999999999,90.0,9.999999999999998,360.0,47.07728520988623,450,180,0.0
1108,180,20,90.0,3.6,0.3999999999999999,90.0,9.999999999999998,360.0,47.07728520988623,450,180,0.0
1109,180,20,90.0,3.6,0.3999999999999999,90.0,9.999999999999998,360.0,47.07728520988623,450,180,0.0
1110,180,20,90.0,3.6,0.3999999999999999,90.0,9.999999999999998,360.0,47.07728520988623,450,180,0.0
1111,180,20,90.0,3.6,0.3999999999999999,90.0,9.999999999999998,360.0,47.07728520988623,450,180,0.0
1112,180,20,90.0,3.6,0.3999999999999999,90.0,9.999999999999998,360.0,47.07728520988623,450,180,0.0
1113,180,20,90.0,3.6,0.3999999999999999,90.0,9.999999999999998,360.0,47.07728520988623,450,180,0.0
1114,180,20,90.0,3.6,0.3999999999999999,90.0,9.999999999999998,360.0,47.07728520988623,450,180,0.0
1115,180,20,90.0,3.6,0.3999999999999999,90.0,9.999999999999998,360.0,47.07728520988623,450,180,0.0
1116,180,20,90.0,3.6,0.3999999999999999,90.0,9.999999999999998,360.0,47.07728520988623,450,180,0.0
1117,180,20,90.0,3.6,0.3999999999999999,90.0,9.999999999999998,360.0,47.07728520988623,450,180,0.0
1118,180,20,90.0,3.6,0.3999999999999999,90.0,9.999999999999998,360.0,47.07728520988623,450,180,0.0
1119,180,20,90.0,3.6,0.3999999999999999,90.0,9.999999999999998,360.0,47.07728520988623,450,180,0.0
1120,180,20,90.0,3.6,0.3999999999999999,90.0,9.999999999999998,360.0,47.07728520988623,450,180,0.0
1121,180,20,90.0,3.6,0.3999999999999999,90.0,9.999999999999998,360.0,47.07728520988623,450,180,0.0
1122,180,20,90.0,3.6,0.3999999999999999,90.0,9.999999999999998,360.0,47.07728520988623,450,180,0.0
1123,180,20,90.0,3.6,0.3999999999999999,90.0,9.999999999999998,360.0,47.07728520988623,450,180,0.0
1124,180,20,90.0,3.6,0.3999999999999999,90.0,9.999999999999998,360.0,47.07728520988623,450,180,0.0
1125,180,20,90.0,3.6,0.3999999999999999,90.0,9.999999999999998,360.0,47.07728520988623,450,180,0.0
1126,180,20,90.0,3.6,0.3999999999999999,90.0,9.999999999999998,360.0,47.07728520988623,450,180,0.0
1127,180,20,90.0,3.6,0.3999999999999999,90.0,9.999999999999998,360.0,47.07728520988623,450,180,0.0
1128,180,20,90.0,3.6,0.3999999999999999,90.0,9.999999999999998,360.0,47.07728520988623,450,180,0.0
1129,180,20,90.0,3.6,0.3999999999999999,90.0,9.999999999999998,360.0,47.07728520988623,450,180,0.0
1130,180,20,90.0,3.6,0.3999999999999999,90.0,9.999999999999998,360.0,47.07728520988623,450,180,0.0
1131,181,19,90.5,3.62,0.3799999999999999,90.5,9.499999999999996,362.0,47.338825683274486,451,181,2.0
1132,181,19,90.5,3.62,0.3799999999999999,90.5,9.499999999999996,362.0,47.338825683274486,451,181,0.0
1133,181,19,90.5,3.62,0.3799999999999999,90.5,9.499999999999996,362.0,47.338825683274486,451,181,0.0
1134,181,19,90.5,3.62,0.3799999999999999,90.5,9.499999999999996,362.0,47.338825683274486,451,181,0.0
1135,181,19,90.5,3.62,0.3799999999999999,90.5,9.499999999999996,362.0,47.338825683274486,451,181,0.0
1136,181,19,90.5,3.62,0.3799999999999999,90.5,9.499999999999996,362.0,47.338825683274486,451,181,0.0
1137,181,19,90.5,3.62,0.3799999999999999,90.5,9.499999999999996,362.0,47.338825683274486,451,181,0.0
1138,181,19,90.5,3.62,0.3799999999999999,90.5,9.499999999999996,362.0,47.338825683274486,452,181,0.0
1139,181,19,90.5,3.62,0.3799999999999999,90.5,9.499999999999996,362.0,47.338825683274486,453,181,0.0
1140,181,19,90.5,3.62,0.3799999999999999,90.5,9.499999999999996,362.0,47.338825683274486,454,181,0.0
1141,181,19,90.5,3.62,0.3799999999999999,90.5,9.499999999999996,362.0,47.338825683274486,455,181,0.0
1142,182,18,91.0,3.64,0.3599999999999999,91.0,8.999999999999996,364.0,47.600366156662744,457,182,2.0
1143,182,18,91.0,3.64,0.3599999999999999,91.0,8.999999999999996,364.0,47.600366156662744,457,182,0.0
1144,182,18,91.0,3.64,0.3599999999999999,91.0,8.999999999999996,364.0,47.600366156662744,457,182,0.0
1145,182,18,91.0,3.64,0.3599999999999999,91.0,8.999999999999996,364.0,47.600366156662744,457,182,0.0
1146,182,18,91.0,3.64,0.3599999999999999,91.0,8.999999999999996,364.0,47.600366156662744,457,182,0.0
1147,182,18,91.0,3.64,0.3599999999999999,91.0,8.999999999999996,364.0,47.600366156662744,457,182,0.0
1148,182,18,91.0,3.64,0.3599999999999999,91.0,8.999999999999996,364.0,47.600366156662744,457,182,0.0
1149,183,17,91.5,3.66,0.33999999999999986,91.5,8.499999999999996,366.0,47.861906630050996,458,183,2.0
1150,183,17,91.5,3.66,0.33999999999999986,91.5,8.499999999999996,366.0,47.861906630050996,458,183,0.0
1151,183,17,91.5,3.66,0.33999999999999986,91.5,8.499999999999996,366.0,47.861906630050996,458,183,0.0
1152,183,17,91.5,3.66,0.33999999999999986,91.5,8.499999999999996,366.0,47.861906630050996,458,183,0.0
1153,183,17,91.5,3.66,0.33999999999999986,91.5,8.499999999999996,366.0,47.861906630050996,458,183,0.0
1154,183,17,91.5,3.66,0.33999999999999986,91.5,8.499999999999996,366.0,47.861906630050996,458,183,0.0
1155,183,17,91.5,3.66,0.33999999999999986,91.5,8.499999999999996,366.0,47.861906630050996,458,183,0.0
1156,183,17,91.5,3.66,0.33999999999999986,91.5,8.499999999999996,366.0,47.861906630050996,458,183,0.0
1157,183,17,91.5,3.66,0.33999999999999986,91.5,8.499999999999996,366.0,47.861906630050996,458,183,0.0
1158,183,17,91.5,3.66,0.33999999999999986,91.5,8.499999999999996,366.0,47.861906630050996,458,183,0.0
1159,183,17,91.5,3.66,0.33999999999999986,91.5,8.499999999999996,366.0,47.861906630050996,458,183,0.0
1160,183,17,91.5,3.66,0.33999999999999986,91.5,8.499999999999996,366.0,47.861906630050996,458,183,0.0
1161,183,17,91.5,3.66,0.33999999999999986,91.5,8.499999999999996,366.0,47.861906630050996,458,183,0.0
1162,183,17,91.5,3.66,0.33999999999999986,91.5,8.499999999999996,366.0,47.861906630050996,458,183,0.0
1163,183,17,91.5,3.66,0.33999999999999986,91.5,8.499999999999996,366.0,47.861906630050996,458,183,0.0
1164,183,17,91.5,3.66,0.33999999999999986,91.5,8.499999999999996,366.0,47.861906630050996,458,183,0.0
1165,183,17,91.5,3.66,0.33999999999999986,91.5,8.499999999999996,366.0,47.861906630050996,458,183,0.0
1166,183,17,91.5,3.66,0.33999999999999986,91.5,8.499999999999996,366.0,47.861906630050996,458,183,0.0
1167,183,17,91.5,3.66,0.33999999999999986,91.5,8.499999999999996,366.0,47.861906630050996,458,183,0.0
1168,183,17,91.5,3.66,0.33999999999999986,91.5,8.499999999999996,366.0,47.861906630050996,458,183,0.0
1169,183,17,91.5,3.66,0.33999999999999986,91.5,8.499999999999996,366.0,47.861906630050996,458,183,0.0
1170,183,17,91.5,3.66,0.33999999999999986,91.5,8.499999999999996,366.0,47.861906630050996,458,183,0.0
1171,183,17,91.5,3.66,0.33999999999999986,91.5,8.499999999999996,366.0,47.861906630050996,458,183,0.0
1172,183,17,91.5,3.66,0.33999999999999986,91.5,8.499999999999996,366.0,47.861906630050996,458,183,0.0
1173,183,17,91.5,3.66,0.33999999999999986,91.5,8.499999999999996,366.0,47.861906630050996,458,183,0.0
1174,183,17,91.5,3.66,0.33999999999999986,91.5,8.499999999999996,366.0,47.861906630050996,458,183,0.0
1175,183,17,91.5,3.66,0.33999999999999986,91.5,8.499999999999996,366.0,47.861906630050996,458,183,0.0
1176,183,17,91.5,3.66,0.33999999999999986,91.5,8.499999999999996,366.0,47.861906630050996,458,183,0.0
1177,183,17,91.5,3.66,0.33999999999999986,91.5,8.499999999999996,366.0,47.861906630050996,459,183,0.0
1178,183,17,91.5,3.66,0.33999999999999986,91.5,8.499999999999996,366.0,47.861906630050996,459,183,0.0
1179,183,17,91.5,3.66,0.33999999999999986,91.5,8.499999999999996,366.0,47.861906630050996,459,183,0.0
1180,183,17,91.5,3.66,0.33999999999999986,91.5,8.499999999999996,366.0,47.861906630050996,459,183,0.0
1181,183,17,91.5,3.66,0.33999999999999986,91.5,8.499999999999996,366.0,47.861906630050996,459,183,0.0
1182,183,17,91.5,3.66,0.33999999999999986,91.5,8.499999999999996,366.0,47.861906630050996,459,183,0.0
1183,183,17,91.5,3.66,0.33999999999999986,91.5,8.499999999999996,366.0,47.861906630050996,459,183,0.0
1184,183,17,91.5,3.66,0.33999999999999986,91.5,8.499999999999996,366.0,47.861906630050996,459,183,0.0
1185,183,17,91.5,3.66,0.33999999999999986,91.5,8.499999999999996,366.0,47.861906630050996,459,183,0.0
1186,183,17,91.5,3.66,0.33999999999999986,91.5,8.499999999999996,366.0,47.861906630050996,459,183,0.0
1187,183,17,91.5,3.66,0.33999999999999986,91.5,8.499999999999996,366.0,47.861906630050996,459,183,0.0
1188,183,17,91.5,3.66,0.33999999999999986,91.5,8.499999999999996,366.0,47.861906630050996,459,183,0.0
1189,183,17,91.5,3.66,0.33999999999999986,91.5,8.499999999999996,366.0,47.861906630050996,459,183,0.0
1190,183,17,91.5,3.66,0.33999999999999986,91.5,8.499999999999996,366.0,47.861906630050996,459,183,0.0
1191,183,17,91.5,3.66,0.33999999999999986,91.5,8.499999999999996,366.0,47.861906630050996,459,183,0.0
1192,183,17,91.5,3.66,0.33999999999999986,91.5,8.499999999999996,366.0,47.861906630050996,459,183,0.0
1193,183,17,91.5,3.66,0.33999999999999986,91.5,8.499999999999996,366.0,47.861906630050996,459,183,0.0
1194,183,17,91.5,3.66,0.33999999999999986,91.5,8.499999999999996,366.0,47.861906630050996,459,183,0.0
1195,183,17,91.5,3.66,0.33999999999999986,91.5,8.499999999999996,366.0,47.861906630050996,459,183,0.0
1196,183,17,91.5,3.66,0.33999999999999986,91.5,8.499999999999996,366.0,47.861906630050996,459,183,0.0
1197,183,17,91.5,3.66,0.33999999999999986,91.5,8.499999999999996,366.0,47.861906630050996,459,183,0.0
1198,183,17,91.5,3.66,0.33999999999999986,91.5,8.499999999999996,366.0,47.861906630050996,459,183,0.0
1199,183,17,91.5,3.66,0.33999999999999986,91.5,8.499999999999996,366.0,47.861906630050996,459,183,0.0
1200,183,17,91.5,3.66,0.33999999999999986,91.5,8.499999999999996,366.0,47.861906630050996,459,183,0.0
1201,184,16,92.0,3.68,0.31999999999999984,92.0,7.999999999999996,368.0,48.123447103439254,460,184,2.0
1202,184,16,92.0,3.68,0.31999999999999984,92.0,7.999999999999996,368.0,48.123447103439254,460,184,0.0
1203,184,16,92.0,3.68,0.31999999999999984,92.0,7.999999999999996,368.0,48.123447103439254,460,184,0.0
1204,184,16,92.0,3.68,0.31999999999999984,92.0,7.999999999999996,368.0,48.123447103439254,460,184,0.0
1205,184,16,92.0,3.68,0.31999999999999984,92.0,7.999999999999996,368.0,48.123447103439254,460,184,0.0
1206,184,16,92.0,3.68,0.31999999999999984,92.0,7.999999999999996,368.0,48.123447103439254,460,184,0.0
1207,184,16,92.0,3.68,0.31999999999999984,92.0,7.999999999999996,368.0,48.123447103439254,460,184,0.0
1208,184,16,92.0,3.68,0.31999999999999984,92.0,7.999999999999996,368.0,48.123447103439254,460,184,0.0
1209,184,16,92.0,3.68,0.31999999999999984,92.0,7.999999999999996,368.0,48.123447103439254,460,184,0.0
1210,184,16,92.0,3.68,0.31999999999999984,92.0,7.999999999999996,368.0,48.123447103439254,460,184,0.0
1211,184,16,92.0,3.68,0.31999999999999984,92.0,7.999999999999996,368.0,48.123447103439254,460,184,0.0
1212,184,16,92.0,3.68,0.31999999999999984,92.0,7.999999999999996,368.0,48.123447103439254,460,184,0.0
1213,184,16,92.0,3.68,0.31999999999999984,92.0,7.999999999999996,368.0,48.123447103439254,460,184,0.0
1214,184,16,92.0,3.68,0.31999999999999984,92.0,7.999999999999996,368.0,48.123447103439254,460,184,0.0
1215,184,16,92.0,3.68,0.31999999999999984,92.0,7.999999999999996,368.0,48.123447103439254,460,184,0.0
1216,184,16,92.0,3.68,0.31999999999999984,92.0,7.999999999999996,368.0,48.123447103439254,460,184,0.0
1217,184,16,92.0,3.68,0.31999999999999984,92.0,7.999999999999996,368.0,48.123447103439254,460,184,0.0
1218,184,16,92.0,3.68,0.31999999999999984,92.0,7.999999999999996,368.0,48.123447103439254,460,184,0.0
1219,184,16,92.0,3.68,0.31999999999999984,92.0,7.999999999999996,368.0,48.123447103439254,460,184,0.0
1220,184,16,92.0,3.68,0.31999999999999984,92.0,7.999999999999996,368.0,48.123447103439254,460,184,0.0
1221,184,16,92.0,3.68,0.31999999999999984,92.0,7.999999999999996,368.0,48.123447103439254,460,184,0.0
1222,184,16,92.0,3.68,0.31999999999999984,92.0,7.999999999999996,368.0,48.123447103439254,460,184,0.0
1223,184,16,92.0,3.68,0.31999999999999984,92.0,7.999999999999996,368.0,48.123447103439254,460,184,0.0
1224,184,16,92.0,3.68,0.31999999999999984,92.0,7.999999999999996,368.0,48.123447103439254,460,184,0.0
1225,184,16,92.0,3.68,0.31999999999999984,92.0,7.999999999999996,368.0,48.123447103439254,460,184,0.0
1226,184,16,92.0,3.68,0.31999999999999984,92.0,7.999999999999996,368.0,48.123447103439254,460,184,0.0
1227,184,16,92.0,3.68,0.31999999999999984,92.0,7.999999999999996,368.0,48.123447103439254,460,184,0.0
1228,184,16,92.0,3.68,0.31999999999999984,92.0,7.999999999999996,368.0,48.123447103439254,460,184,0.0
1229,184,16,92.0,3.68,0.31999999999999984,92.0,7.999999999999996,368.0,48.123447103439254,460,184,0.0
1230,185,15,92.5,3.7,0.2999999999999998,92.5,7.499999999999996,370.0,48.38498757682751,461,185,2.0
1231,185,15,92.5,3.7,0.2999999999999998,92.5,7.499999999999996,370.0,48.38498757682751,461,185,0.0
1232,185,15,92.5,3.7,0.2999999999999998,92.5,7.499999999999996,370.0,48.38498757682751,461,185,0.0
1233,185,15,92.5,3.7,0.2999999999999998,92.5,7.499999999999996,370.0,48.38498757682751,461,185,0.0
1234,185,15,92.5,3.7,0.2999999999999998,92.5,7.499999999999996,370.0,48.38498757682751,461,185,0.0
1235,185,15,92.5,3.7,0.2999999999999998,92.5,7.499999999999996,370.0,48.38498757682751,461,185,0.0
1236,185,15,92.5,3.7,0.2999999999999998,92.5,7.499999999999996,370.0,48.38498757682751,461,185,0.0
1237,185,15,92.5,3.7,0.2999999999999998,92.5,7.499999999999996,370.0,48.38498757682751,461,185,0.0
1238,185,15,92.5,3.7,0.2999999999999998,92.5,7.499999999999996,370.0,48.38498757682751,461,185,0.0
1239,185,15,92.5,3.7,0.2999999999999998,92.5,7.499999999999996,370.0,48.38498757682751,461,185,0.0
1240,185,15,92.5,3.7,0.2999999999999998,92.5,7.499999999999996,370.0,48.38498757682751,462,185,0.0
1241,185,15,92.5,3.7,0.2999999999999998,92.5,7.499999999999996,370.0,48.38498757682751,462,185,0.0
1242,185,15,92.5,3.7,0.2999999999999998,92.5,7.499999999999996,370.0,48.38498757682751,462,185,0.0
1243,185,15,92.5,3.7,0.2999999999999998,92.5,7.499999999999996,370.0,48.38498757682751,463,185,0.0
1244,186,14,93.0,3.72,0.2799999999999998,93.0,6.999999999999995,372.0,48.64652805021577,465,186,2.0
1245,186,14,93.0,3.72,0.2799999999999998,93.0,6.999999999999995,372.0,48.64652805021577,466,186,0.0
1246,186,14,93.0,3.72,0.2799999999999998,93.0,6.999999999999995,372.0,48.64652805021577,467,186,0.0
1247,186,14,93.0,3.72,0.2799999999999998,93.0,6.999999999999995,372.0,48.64652805021577,467,186,0.0
1248,186,14,93.0,3.72,0.2799999999999998,93.0,6.999999999999995,372.0,48.64652805021577,467,186,0.0
1249,186,14,93.0,3.72,0.2799999999999998,93.0,6.999999999999995,372.0,48.64652805021577,467,186,0.0
1250,186,14,93.0,3.72,0.2799999999999998,93.0,6.999999999999995,372.0,48.64652805021577,467,186,0.0
1251,186,14,93.0,3.72,0.2799999999999998,93.0,6.999999999999995,372.0,48.64652805021577,467,186,0.0
1252,186,14,93.0,3.72,0.2799999999999998,93.0,6.999999999999995,372.0,48.64652805021577,467,186,0.0
1253,186,14,93.0,3.72,0.2799999999999998,93.0,6.999999999999995,372.0,48.64652805021577,467,186,0.0
1254,186,14,93.0,3.72,0.2799999999999998,93.0,6.999999999999995,372.0,48.64652805021577,467,186,0.0
1255,186,14,93.0,3.72,0.2799999999999998,93.0,6.999999999999995,372.0,48.64652805021577,467,186,0.0
1256,186,14,93.0,3.72,0.2799999999999998,93.0,6.999999999999995,372.0,48.64652805021577,467,186,0.0
1257,186,14,93.0,3.72,0.2799999999999998,93.0,6.999999999999995,372.0,48.64652805021577,467,186,0.0
1258,186,14,93.0,3.72,0.2799999999999998,93.0,6.999999999999995,372.0,48.64652805021577,467,186,0.0
1259,186,14,93.0,3.72,0.2799999999999998,93.0,6.999999999999995,372.0,48.64652805021577,467,186,0.0
1260,186,14,93.0,3.72,0.2799999999999998,93.0,6.999999999999995,372.0,48.64652805021577,467,186,0.0
1261,186,14,93.0,3.72,0.2799999999999998,93.0,6.999999999999995,372.0,48.64652805021577,467,186,0.0
1262,186,14,93.0,3.72,0.2799999999999998,93.0,6.999999999999995,372.0,48.64652805021577,467,186,0.0
1263,186,14,93.0,3.72,0.2799999999999998,93.0,6.999999999999995,372.0,48.64652805021577,467,186,0.0
1264,186,14,93.0,3.72,0.2799999999999998,93.0,6.999999999999995,372.0,48.64652805021577,467,186,0.0
1265,186,14,93.0,3.72,0.2799999999999998,93.0,6.999999999999995,372.0,48.64652805021577,467,186,0.0
1266,186,14,93.0,3.72,0.2799999999999998,93.0,6.999999999999995,372.0,48.64652805021577,467,186,0.0
1267,186,14,93.0,3.72,0.2799999999999998,93.0,6.999999999999995,372.0,48.64652805021577,467,186,0.0
1268,186,14,93.0,3.72,0.2799999999999998,93.0,6.999999999999995,372.0,48.64652805021577,467,186,0.0
1269,186,14,93.0,3.72,0.2799999999999998,93.0,6.999999999999995,372.0,48.64652805021577,467,186,0.0
1270,186,14,93.0,3.72,0.2799999999999998,93.0,6.999999999999995,372.0,48.64652805021577,467,186,0.0
1271,186,14,93.0,3.72,0.2799999999999998,93.0,6.999999999999995,372.0,48.64652805021577,467,186,0.0
1272,186,14,93.0,3.72,0.2799999999999998,93.0,6.999999999999995,372.0,48.64652805021577,467,186,0.0
1273,186,14,93.0,3.72,0.2799999999999998,93.0,6.999999999999995,372.0,48.64652805021577,467,186,0.0
1274,187,13,93.5,3.74,0.2599999999999998,93.5,6.499999999999995,374.0,48.90806852360402,468,187,2.0
1275,187,13,93.5,3.74,0.2599999999999998,93.5,6.499999999999995,374.0,48.90806852360402,468,187,0.0
1276,187,13,93.5,3.74,0.2599999999999998,93.5,6.499999999999995,374.0,48.90806852360402,468,187,0.0
1277,187,13,93.5,3.74,0.2599999999999998,93.5,6.499999999999995,374.0,48.90806852360402,468,187,0.0
1278,187,13,93.5,3.74,0.2599999999999998,93.5,6.499999999999995,374.0,48.90806852360402,468,187,0.0
1279,187,13,93.5,3.74,0.2599999999999998,93.5,6.499999999999995,374.0,48.90806852360402,468,187,0.0
1280,187,13,93.5,3.74,0.2599999999999998,93.5,6.499999999999995,374.0,48.90806852360402,468,187,0.0
1281,187,13,93.5,3.74,0.2599999999999998,93.5,6.499999999999995,374.0,48.90806852360402,468,187,0.0
1282,187,13,93.5,3.74,0.2599999999999998,93.5,6.499999999999995,374.0,48.90806852360402,468,187,0.0
1283,187,13,93.5,3.74,0.2599999999999998,93.5,6.499999999999995,374.0,48.90806852360402,468,187,0.0
1284,187,13,93.5,3.74,0.2599999999999998,93.5,6.499999999999995,374.0,48.90806852360402,468,187,0.0
1285,187,13,93.5,3.74,0.2599999999999998,93.5,6.499999999999995,374.0,48.90806852360402,468,187,0.0
1286,187,13,93.5,3.74,0.2599999999999998,93.5,6.499999999999995,374.0,48.90806852360402,468,187,0.0
1287,187,13,93.5,3.74,0.2599999999999998,93.5,6.499999999999995,374.0,48.90806852360402,468,187,0.0
1288,187,13,93.5,3.74,0.2599999999999998,93.5,6.499999999999995,374.0,48.90806852360402,468,187,0.0
1289,187,13,93.5,3.74,0.2599999999999998,93.5,6.499999999999995,374.0,48.90806852360402,468,187,0.0
1290,187,13,93.5,3.74,0.2599999999999998,93.5,6.499999999999995,374.0,48.90806852360402,468,187,0.0
1291,187,13,93.5,3.74,0.2599999999999998,93.5,6.499999999999995,374.0,48.90806852360402,468,187,0.0
1292,187,13,93.5,3.74,0.2599999999999998,93.5,6.499999999999995,374.0,48.90806852360402,468,187,0.0
1293,187,13,93.5,3.74,0.2599999999999998,93.5,6.499999999999995,374.0,48.90806852360402,468,187,0.0
1294,187,13,93.5,3.74,0.2599999999999998,93.5,6.499999999999995,374.0,48.90806852360402,468,187,0.0
1295,187,13,93.5,3.74,0.2599999999999998,93.5,6.499999999999995,374.0,48.90806852360402,468,187,0.0
1296,187,13,93.5,3.74,0.2599999999999998,93.5,6.499999999999995,374.0,48.90806852360402,468,187,0.0
1297,187,13,93.5,3.74,0.2599999999999998,93.5,6.499999999999995,374.0,48.90806852360402,468,187,0.0
1298,187,13,93.5,3.74,0.2599999999999998,93.5,6.499999999999995,374.0,48.90806852360402,468,187,0.0
1299,187,13,93.5,3.74,0.2599999999999998,93.5,6.499999999999995,374.0,48.90806852360402,468,187,0.0
1300,187,13,93.5,3.74,0.2599999999999998,93.5,6.499999999999995,374.0,48.90806852360402,468,187,0.0
1301,187,13,93.5,3.74,0.2599999999999998,93.5,6.499999999999995,374.0,48.90806852360402,468,187,0.0
1302,187,13,93.5,3.74,0.2599999999999998,93.5,6.499999999999995,374.0,48.90806852360402,468,187,0.0
1303,187,13,93.5,3.74,0.2599999999999998,93.5,6.499999999999995,374.0,48.90806852360402,468,187,0.0
1304,187,13,93.5,3.74,0.2599999999999998,93.5,6.499999999999995,374.0,48.90806852360402,468,187,0.0
1305,187,13,93.5,3.74,0.2599999999999998,93.5,6.499999999999995,374.0,48.90806852360402,468,187,0.0
1306,187,13,93.5,3.74,0.2599999999999998,93.5,6.499999999999995,374.0,48.90806852360402,468,187,0.0
1307,187,13,93.5,3.74,0.2599999999999998,93.5,6.499999999999995,374.0,48.90806852360402,468,187,0.0
1308,187,13,93.5,3.74,0.2599999999999998,93.5,6.499999999999995,374.0,48.90806852360402,468,187,0.0
1309,187,13,93.5,3.74,0.2599999999999998,93.5,6.499999999999995,374.0,48.90806852360402,468,187,0.0
1310,187,13,93.5,3.74,0.2599999999999998,93.5,6.499999999999995,374.0,48.90806852360402,468,187,0.0
1311,187,13,93.5,3.74,0.2599999999999998,93.5,6.499999999999995,374.0,48.90806852360402,468,187,0.0
1312,187,13,93.5,3.74,0.2599999999999998,93.5,6.499999999999995,374.0,48.90806852360402,468,187,0.0
1313,187,13,93.5,3.74,0.2599999999999998,93.5,6.499999999999995,374.0,48.90806852360402,468,187,0.0
1314,187,13,93.5,3.74,0.2599999999999998,93.5,6.499999999999995,374.0,48.90806852360402,468,187,0.0
1315,187,13,93.5,3.74,0.2599999999999998,93.5,6.499999999999995,374.0,48.90806852360402,468,187,0.0
1316,187,13,93.5,3.74,0.2599999999999998,93.5,6.499999999999995,374.0,48.90806852360402,468,187,0.0
1317,187,13,93.5,3.74,0.2599999999999998,93.5,6.499999999999995,374.0,48.90806852360402,468,187,0.0
1318,187,13,93.5,3.74,0.2599999999999998,93.5,6.499999999999995,374.0,48.90806852360402,468,187,0.0
1319,187,13,93.5,3.74,0.2599999999999998,93.5,6.499999999999995,374.0,48.90806852360402,468,187,0.0
1320,187,13,93.5,3.74,0.2599999999999998,93.5,6.499999999999995,374.0,48.90806852360402,468,187,0.0
1321,187,13,93.5,3.74,0.2599999999999998,93.5,6.499999999999995,374.0,48.90806852360402,468,187,0.0
1322,187,13,93.5,3.74,0.2599999999999998,93.5,6.499999999999995,374.0,48.90806852360402,468,187,0.0
1323,187,13,93.5,3.74,0.2599999999999998,93.5,6.499999999999995,374.0,48.90806852360402,468,187,0.0
1324,187,13,93.5,3.74,0.2599999999999998,93.5,6.499999999999995,374.0,48.90806852360402,468,187,0.0
1325,187,13,93.5,3.74,0.2599999999999998,93.5,6.499999999999995,374.0,48.90806852360402,468,187,0.0
1326,187,13,93.5,3.74,0.2599999999999998,93.5,6.499999999999995,374.0,48.90806852360402,468,187,0.0
1327,187,13,93.5,3.74,0.2599999999999998,93.5,6.499999999999995,374.0,48.90806852360402,468,187,0.0
1328,187,13,93.5,3.74,0.2599999999999998,93.5,6.499999999999995,374.0,48.90806852360402,468,187,0.0
1329,187,13,93.5,3.74,0.2599999999999998,93.5,6.499999999999995,374.0,48.90806852360402,468,187,0.0
1330,187,13,93.5,3.74,0.2599999999999998,93.5,6.499999999999995,374.0,48.90806852360402,468,187,0.0
1331,187,13,93.5,3.74,0.2599999999999998,93.5,6.499999999999995,374.0,48.90806852360402,468,187,0.0
1332,187,13,93.5,3.74,0.2599999999999998,93.5,6.499999999999995,374.0,48.90806852360402,468,187,0.0
1333,187,13,93.5,3.74,0.2599999999999998,93.5,6.499999999999995,374.0,48.90806852360402,468,187,0.0
1334,187,13,93.5,3.74,0.2599999999999998,93.5,6.499999999999995,374.0,48.90806852360402,468,187,0.0
1335,187,13,93.5,3.74,0.2599999999999998,93.5,6.499999999999995,374.0,48.90806852360402,468,187,0.0
1336,187,13,93.5,3.74,0.2599999999999998,93.5,6.499999999999995,374.0,48.90806852360402,468,187,0.0
1337,187,13,93.5,3.74,0.2599999999999998,93.5,6.499999999999995,374.0,48.90806852360402,468,187,0.0
1338,187,13,93.5,3.74,0.2599999999999998,93.5,6.499999999999995,374.0,48.90806852360402,468,187,0.0
1339,187,13,93.5,3.74,0.2599999999999998,93.5,6.499999999999995,374.0,48.90806852360402,468,187,0.0
1340,187,13,93.5,3.74,0.2599999999999998,93.5,6.499999999999995,374.0,48.90806852360402,468,187,0.0
1341,187,13,93.5,3.74,0.2599999999999998,93.5,6.499999999999995,374.0,48.90806852360402,468,187,0.0
1342,187,13,93.5,3.74,0.2599999999999998,93.5,6.499999999999995,374.0,48.90806852360402,468,187,0.0
1343,187,13,93.5,3.74,0.2599999999999998,93.5,6.499999999999995,374.0,48.90806852360402,468,187,0.0
1344,187,13,93.5,3.74,0.2599999999999998,93.5,6.499999999999995,374.0,48.90806852360402,468,187,0.0
1345,187,13,93.5,3.74,0.2599999999999998,93.5,6.499999999999995,374.0,48.90806852360402,468,187,0.0
1346,187,13,93.5,3.74,0.2599999999999998,93.5,6.499999999999995,374.0,48.90806852360402,468,187,0.0
1347,187,13,93.5,3.74,0.2599999999999998,93.5,6.499999999999995,374.0,48.90806852360402,468,187,0.0
1348,187,13,93.5,3.74,0.2599999999999998,93.5,6.499999999999995,374.0,48.90806852360402,468,187,0.0
1349,187,13,93.5,3.74,0.2599999999999998,93.5,6.499999999999995,374.0,48.90806852360402,468,187,0.0
1350,187,13,93.5,3.74,0.2599999999999998,93.5,6.499999999999995,374.0,48.90806852360402,468,187,0.0
1351,187,13,93.5,3.74,0.2599999999999998,93.5,6.499999999999995,374.0,48.90806852360402,468,187,0.0
1352,187,13,93.5,3.74,0.2599999999999998,93.5,6.499999999999995,374.0,48.90806852360402,468,187,0.0
1353,187,13,93.5,3.74,0.2599999999999998,93.5,6.499999999999995,374.0,48.90806852360402,468,187,0.0
1354,187,13,93.5,3.74,0.2599999999999998,93.5,6.499999999999995,374.0,48.90806852360402,468,187,0.0
1355,187,13,93.5,3.74,0.2599999999999998,93.5,6.499999999999995,374.0,48.90806852360402,468,187,0.0
1356,187,13,93.5,3.74,0.2599999999999998,93.5,6.499999999999995,374.0,48.90806852360402,468,187,0.0
1357,187,13,93.5,3.74,0.2599999999999998,93.5,6.499999999999995,374.0,48.90806852360402,468,187,0.0
1358,187,13,93.5,3.74,0.2599999999999998,93.5,6.499999999999995,374.0,48.90806852360402,468,187,0.0
1359,187,13,93.5,3.74,0.2599999999999998,93.5,6.499999999999995,374.0,48.90806852360402,468,187,0.0
1360,187,13,93.5,3.74,0.2599999999999998,93.5,6.499999999999995,374.0,48.90806852360402,468,187,0.0
1361,187,13,93.5,3.74,0.2599999999999998,93.5,6.499999999999995,374.0,48.90806852360402,468,187,0.0
1362,187,13,93.5,3.74,0.2599999999999998,93.5,6.499999999999995,374.0,48.90806852360402,468,187,0.0
1363,187,13,93.5,3.74,0.2599999999999998,93.5,6.499999999999995,374.0,48.90806852360402,468,187,0.0
1364,187,13,93.5,3.74,0.2599999999999998,93.5,6.499999999999995,374.0,48.90806852360402,468,187,0.0
1365,187,13,93.5,3.74,0.2599999999999998,93.5,6.499999999999995,374.0,48.90806852360402,468,187,0.0
1366,187,13,93.5,3.74,0.2599999999999998,93.5,6.499999999999995,374.0,48.90806852360402,468,187,0.0
1367,187,13,93.5,3.74,0.2599999999999998,93.5,6.499999999999995,374.0,48.90806852360402,468,187,0.0
1368,187,13,93.5,3.74,0.2599999999999998,93.5,6.499999999999995,374.0,48.90806852360402,468,187,0.0
1369,187,13,93.5,3.74,0.2599999999999998,93.5,6.499999999999995,374.0,48.90806852360402,468,187,0.0
1370,187,13,93.5,3.74,0.2599999999999998,93.5,6.499999999999995,374.0,48.90806852360402,468,187,0.0
1371,187,13,93.5,3.74,0.2599999999999998,93.5,6.499999999999995,374.0,48.90806852360402,468,187,0.0
1372,187,13,93.5,3.74,0.2599999999999998,93.5,6.499999999999995,374.0,48.90806852360402,468,187,0.0
1373,187,13,93.5,3.74,0.2599999999999998,93.5,6.499999999999995,374.0,48.90806852360402,469,187,0.0
1374,187,13,93.5,3.74,0.2599999999999998,93.5,6.499999999999995,374.0,48.90806852360402,470,187,0.0
1375,187,13,93.5,3.74,0.2599999999999998,93.5,6.499999999999995,374.0,48.90806852360402,471,187,0.0
1376,187,13,93.5,3.74,0.2599999999999998,93.5,6.499999999999995,374.0,48.90806852360402,471,187,0.0
1377,187,13,93.5,3.74,0.2599999999999998,93.5,6.499999999999995,374.0,48.90806852360402,471,187,0.0
1378,187,13,93.5,3.74,0.2599999999999998,93.5,6.499999999999995,374.0,48.90806852360402,471,187,0.0
1379,187,13,93.5,3.74,0.2599999999999998,93.5,6.499999999999995,374.0,48.90806852360402,471,187,0.0
1380,187,13,93.5,3.74,0.2599999999999998,93.5,6.499999999999995,374.0,48.90806852360402,471,187,0.0
1381,187,13,93.5,3.74,0.2599999999999998,93.5,6.499999999999995,374.0,48.90806852360402,471,187,0.0
1382,187,13,93.5,3.74,0.2599999999999998,93.5,6.499999999999995,374.0,48.90806852360402,471,187,0.0
1383,187,13,93.5,3.74,0.2599999999999998,93.5,6.499999999999995,374.0,48.90806852360402,471,187,0.0
1384,187,13,93.5,3.74,0.2599999999999998,93.5,6.499999999999995,374.0,48.90806852360402,471,187,0.0
1385,187,13,93.5,3.74,0.2599999999999998,93.5,6.499999999999995,374.0,48.90806852360402,471,187,0.0
1386,187,13,93.5,3.74,0.2599999999999998,93.5,6.499999999999995,374.0,48.90806852360402,471,187,0.0
1387,187,13,93.5,3.74,0.2599999999999998,93.5,6.499999999999995,374.0,48.90806852360402,471,187,0.0
1388,187,13,93.5,3.74,0.2599999999999998,93.5,6.499999999999995,374.0,48.90806852360402,471,187,0.0
1389,187,13,93.5,3.74,0.2599999999999998,93.5,6.499999999999995,374.0,48.90806852360402,471,187,0.0
1390,187,13,93.5,3.74,0.2599999999999998,93.5,6.499999999999995,374.0,48.90806852360402,471,187,0.0
1391,187,13,93.5,3.74,0.2599999999999998,93.5,6.499999999999995,374.0,48.90806852360402,471,187,0.0
1392,187,13,93.5,3.74,0.2599999999999998,93.5,6.499999999999995,374.0,48.90806852360402,471,187,0.0
1393,187,13,93.5,3.74,0.2599999999999998,93.5,6.499999999999995,374.0,48.90806852360402,471,187,0.0
1394,187,13,93.5,3.74,0.2599999999999998,93.5,6.499999999999995,374.0,48.90806852360402,471,187,0.0
1395,187,13,93.5,3.74,0.2599999999999998,93.5,6.499999999999995,374.0,48.90806852360402,471,187,0.0
1396,187,13,93.5,3.74,0.2599999999999998,93.5,6.499999999999995,374.0,48.90806852360402,471,187,0.0
1397,187,13,93.5,3.74,0.2599999999999998,93.5,6.499999999999995,374.0,48.90806852360402,471,187,0.0
1398,187,13,93.5,3.74,0.2599999999999998,93.5,6.499999999999995,374.0,48.90806852360402,471,187,0.0
1399,187,13,93.5,3.74,0.2599999999999998,93.5,6.499999999999995,374.0,48.90806852360402,471,187,0.0
1400,187,13,93.5,3.74,0.2599999999999998,93.5,6.499999999999995,374.0,48.90806852360402,471,187,0.0
1401,187,13,93.5,3.74,0.2599999999999998,93.5,6.499999999999995,374.0,48.90806852360402,471,187,0.0
1402,187,13,93.5,3.74,0.2599999999999998,93.5,6.499999999999995,374.0,48.90806852360402,471,187,0.0
1403,187,13,93.5,3.74,0.2599999999999998,93.5,6.499999999999995,374.0,48.90806852360402,471,187,0.0
1404,187,13,93.5,3.74,0.2599999999999998,93.5,6.499999999999995,374.0,48.90806852360402,471,187,0.0
1405,187,13,93.5,3.74,0.2599999999999998,93.5,6.499999999999995,374.0,48.90806852360402,471,187,0.0
1406,187,13,93.5,3.74,0.2599999999999998,93.5,6.499999999999995,374.0,48.90806852360402,471,187,0.0
1407,187,13,93.5,3.74,0.2599999999999998,93.5,6.499999999999995,374.0,48.90806852360402,471,187,0.0
1408,187,13,93.5,3.74,0.2599999999999998,93.5,6.499999999999995,374.0,48.90806852360402,471,187,0.0
1409,187,13,93.5,3.74,0.2599999999999998,93.5,6.499999999999995,374.0,48.90806852360402,471,187,0.0
1410,187,13,93.5,3.74,0.2599999999999998,93.5,6.499999999999995,374.0,48.90806852360402,471,187,0.0
1411,187,13,93.5,3.74,0.2599999999999998,93.5,6.499999999999995,374.0,48.90806852360402,471,187,0.0
1412,188,12,94.0,3.7600000000000002,0.23999999999999977,94.0,5.999999999999994,376.0,49.16960899699228,472,188,2.0
1413,188,12,94.0,3.7600000000000002,0.23999999999999977,94.0,5.999999999999994,376.0,49.16960899699228,472,188,0.0
1414,188,12,94.0,3.7600000000000002,0.23999999999999977,94.0,5.999999999999994,376.0,49.16960899699228,472,188,0.0
1415,188,12,94.0,3.7600000000000002,0.23999999999999977,94.0,5.999999999999994,376.0,49.16960899699228,472,188,0.0
1416,188,12,94.0,3.7600000000000002,0.23999999999999977,94.0,5.999999999999994,376.0,49.16960899699228,472,188,0.0
1417,188,12,94.0,3.7600000000000002,0.23999999999999977,94.0,5.999999999999994,376.0,49.16960899699228,472,188,0.0
1418,188,12,94.0,3.7600000000000002,0.23999999999999977,94.0,5.999999999999994,376.0,49.16960899699228,472,188,0.0
1419,188,12,94.0,3.7600000000000002,0.23999999999999977,94.0,5.999999999999994,376.0,49.16960899699228,472,188,0.0
1420,188,12,94.0,3.7600000000000002,0.23999999999999977,94.0,5.999999999999994,376.0,49.16960899699228,472,188,0.0
1421,188,12,94.0,3.7600000000000002,0.23999999999999977,94.0,5.999999999999994,376.0,49.16960899699228,472,188,0.0
1422,188,12,94.0,3.7600000000000002,0.23999999999999977,94.0,5.999999999999994,376.0,49.16960899699228,472,188,0.0
1423,188,12,94.0,3.7600000000000002,0.23999999999999977,94.0,5.999999999999994,376.0,49.16960899699228,472,188,0.0
1424,188,12,94.0,3.7600000000000002,0.23999999999999977,94.0,5.999999999999994,376.0,49.16960899699228,472,188,0.0
1425,188,12,94.0,3.7600000000000002,0.23999999999999977,94.0,5.999999999999994,376.0,49.16960899699228,472,188,0.0
1426,188,12,94.0,3.7600000000000002,0.23999999999999977,94.0,5.999999999999994,376.0,49.16960899699228,472,188,0.0
1427,188,12,94.0,3.7600000000000002,0.23999999999999977,94.0,5.999999999999994,376.0,49.16960899699228,472,188,0.0
1428,188,12,94.0,3.7600000000000002,0.23999999999999977,94.0,5.999999999999994,376.0,49.16960899699228,472,188,0.0
1429,188,12,94.0,3.7600000000000002,0.23999999999999977,94.0,5.999999999999994,376.0,49.16960899699228,472,188,0.0
1430,188,12,94.0,3.7600000000000002,0.23999999999999977,94.0,5.999999999999994,376.0,49.16960899699228,472,188,0.0
1431,188,12,94.0,3.7600000000000002,0.23999999999999977,94.0,5.999999999999994,376.0,49.16960899699228,472,188,0.0
1432,188,12,94.0,3.7600000000000002,0.23999999999999977,94.0,5.999999999999994,376.0,49.16960899699228,472,188,0.0
1433,188,12,94.0,3.7600000000000002,0.23999999999999977,94.0,5.999999999999994,376.0,49.16960899699228,472,188,0.0
1434,188,12,94.0,3.7600000000000002,0.23999999999999977,94.0,5.999999999999994,376.0,49.16960899699228,472,188,0.0
1435,188,12,94.0,3.7600000000000002,0.23999999999999977,94.0,5.999999999999994,376.0,49.16960899699228,472,188,0.0
1436,188,12,94.0,3.7600000000000002,0.23999999999999977,94.0,5.999999999999994,376.0,49.16960899699228,472,188,0.0
1437,188,12,94.0,3.7600000000000002,0.23999999999999977,94.0,5.999999999999994,376.0,49.16960899699228,472,188,0.0
1438,188,12,94.0,3.7600000000000002,0.23999999999999977,94.0,5.999999999999994,376.0,49.16960899699228,472,188,0.0
1439,188,12,94.0,3.7600000000000002,0.23999999999999977,94.0,5.999999999999994,376.0,49.16960899699228,472,188,0.0
1440,188,12,94.0,3.7600000000000002,0.23999999999999977,94.0,5.999999999999994,376.0,49.16960899699228,472,188,0.0
1441,188,12,94.0,3.7600000000000002,0.23999999999999977,94.0,5.999999999999994,376.0,49.16960899699228,472,188,0.0
1442,188,12,94.0,3.7600000000000002,0.23999999999999977,94.0,5.999999999999994,376.0,49.16960899699228,472,188,0.0
1443,188,12,94.0,3.7600000000000002,0.23999999999999977,94.0,5.999999999999994,376.0,49.16960899699228,472,188,0.0
1444,188,12,94.0,3.7600000000000002,0.23999999999999977,94.0,5.999999999999994,376.0,49.16960899699228,472,188,0.0
1445,188,12,94.0,3.7600000000000002,0.23999999999999977,94.0,5.999999999999994,376.0,49.16960899699228,472,188,0.0
1446,188,12,94.0,3.7600000000000002,0.23999999999999977,94.0,5.999999999999994,376.0,49.16960899699228,472,188,0.0
1447,188,12,94.0,3.7600000000000002,0.23999999999999977,94.0,5.999999999999994,376.0,49.16960899699228,472,188,0.0
1448,188,12,94.0,3.7600000000000002,0.23999999999999977,94.0,5.999999999999994,376.0,49.16960899699228,472,188,0.0
1449,188,12,94.0,3.7600000000000002,0.23999999999999977,94.0,5.999999999999994,376.0,49.16960899699228,472,188,0.0
1450,188,12,94.0,3.7600000000000002,0.23999999999999977,94.0,5.999999999999994,376.0,49.16960899699228,472,188,0.0
1451,188,12,94.0,3.7600000000000002,0.23999999999999977,94.0,5.999999999999994,376.0,49.16960899699228,472,188,0.0
1452,188,12,94.0,3.7600000000000002,0.23999999999999977,94.0,5.999999999999994,376.0,49.16960899699228,472,188,0.0
1453,188,12,94.0,3.7600000000000002,0.23999999999999977,94.0,5.999999999999994,376.0,49.16960899699228,472,188,0.0
1454,188,12,94.0,3.7600000000000002,0.23999999999999977,94.0,5.999999999999994,376.0,49.16960899699228,472,188,0.0
1455,188,12,94.0,3.7600000000000002,0.23999999999999977,94.0,5.999999999999994,376.0,49.16960899699228,472,188,0.0
1456,188,12,94.0,3.7600000000000002,0.23999999999999977,94.0,5.999999999999994,376.0,49.16960899699228,472,188,0.0
1457,188,12,94.0,3.7600000000000002,0.23999999999999977,94.0,5.999999999999994,376.0,49.16960899699228,472,188,0.0
1458,188,12,94.0,3.7600000000000002,0.23999999999999977,94.0,5.999999999999994,376.0,49.16960899699228,472,188,0.0
1459,188,12,94.0,3.7600000000000002,0.23999999999999977,94.0,5.999999999999994,376.0,49.16960899699228,472,188,0.0
1460,188,12,94.0,3.7600000000000002,0.23999999999999977,94.0,5.999999999999994,376.0,49.16960899699228,472,188,0.0
1461,188,12,94.0,3.7600000000000002,0.23999999999999977,94.0,5.999999999999994,376.0,49.16960899699228,472,188,0.0
1462,188,12,94.0,3.7600000000000002,0.23999999999999977,94.0,5.999999999999994,376.0,49.16960899699228,472,188,0.0
1463,188,12,94.0,3.7600000000000002,0.23999999999999977,94.0,5.999999999999994,376.0,49.16960899699228,472,188,0.0
1464,188,12,94.0,3.7600000000000002,0.23999999999999977,94.0,5.999999999999994,376.0,49.16960899699228,472,188,0.0
1465,188,12,94.0,3.7600000000000002,0.23999999999999977,94.0,5.999999999999994,376.0,49.16960899699228,472,188,0.0
1466,188,12,94.0,3.7600000000000002,0.23999999999999977,94.0,5.999999999999994,376.0,49.16960899699228,472,188,0.0
1467,188,12,94.0,3.7600000000000002,0.23999999999999977,94.0,5.999999999999994,376.0,49.16960899699228,472,188,0.0
1468,188,12,94.0,3.7600000000000002,0.23999999999999977,94.0,5.999999999999994,376.0,49.16960899699228,472,188,0.0
1469,188,12,94.0,3.7600000000000002,0.23999999999999977,94.0,5.999999999999994,376.0,49.16960899699228,472,188,0.0
1470,189,11,94.5,3.7800000000000002,0.21999999999999975,94.5,5.499999999999994,378.0,49.43114947038054,473,189,2.0
1471,189,11,94.5,3.7800000000000002,0.21999999999999975,94.5,5.499999999999994,378.0,49.43114947038054,473,189,0.0
1472,189,11,94.5,3.7800000000000002,0.21999999999999975,94.5,5.499999999999994,378.0,49.43114947038054,473,189,0.0
1473,189,11,94.5,3.7800000000000002,0.21999999999999975,94.5,5.499999999999994,378.0,49.43114947038054,473,189,0.0
1474,189,11,94.5,3.7800000000000002,0.21999999999999975,94.5,5.499999999999994,378.0,49.43114947038054,473,189,0.0
1475,189,11,94.5,3.7800000000000002,0.21999999999999975,94.5,5.499999999999994,378.0,49.43114947038054,473,189,0.0
1476,189,11,94.5,3.7800000000000002,0.21999999999999975,94.5,5.499999999999994,378.0,49.43114947038054,473,189,0.0
1477,189,11,94.5,3.7800000000000002,0.21999999999999975,94.5,5.499999999999994,378.0,49.43114947038054,473,189,0.0
1478,189,11,94.5,3.7800000000000002,0.21999999999999975,94.5,5.499999999999994,378.0,49.43114947038054,473,189,0.0
1479,189,11,94.5,3.7800000000000002,0.21999999999999975,94.5,5.499999999999994,378.0,49.43114947038054,473,189,0.0
1480,189,11,94.5,3.7800000000000002,0.21999999999999975,94.5,5.499999999999994,378.0,49.43114947038054,473,189,0.0
1481,189,11,94.5,3.7800000000000002,0.21999999999999975,94.5,5.499999999999994,378.0,49.43114947038054,473,189,0.0
1482,189,11,94.5,3.7800000000000002,0.21999999999999975,94.5,5.499999999999994,378.0,49.43114947038054,473,189,0.0
1483,189,11,94.5,3.7800000000000002,0.21999999999999975,94.5,5.499999999999994,378.0,49.43114947038054,473,189,0.0
1484,189,11,94.5,3.7800000000000002,0.21999999999999975,94.5,5.499999999999994,378.0,49.43114947038054,473,189,0.0
1485,189,11,94.5,3.7800000000000002,0.21999999999999975,94.5,5.499999999999994,378.0,49.43114947038054,473,189,0.0
1486,189,11,94.5,3.7800000000000002,0.21999999999999975,94.5,5.499999999999994,378.0,49.43114947038054,473,189,0.0
1487,189,11,94.5,3.7800000000000002,0.21999999999999975,94.5,5.499999999999994,378.0,49.43114947038054,473,189,0.0
1488,189,11,94.5,3.7800000000000002,0.21999999999999975,94.5,5.499999999999994,378.0,49.43114947038054,473,189,0.0
1489,189,11,94.5,3.7800000000000002,0.21999999999999975,94.5,5.499999999999994,378.0,49.43114947038054,473,189,0.0
1490,189,11,94.5,3.7800000000000002,0.21999999999999975,94.5,5.499999999999994,378.0,49.43114947038054,473,189,0.0
1491,189,11,94.5,3.7800000000000002,0.21999999999999975,94.5,5.499999999999994,378.0,49.43114947038054,473,189,0.0
1492,189,11,94.5,3.7800000000000002,0.21999999999999975,94.5,5.499999999999994,378.0,49.43114947038054,473,189,0.0
1493,189,11,94.5,3.7800000000000002,0.21999999999999975,94.5,5.499999999999994,378.0,49.43114947038054,473,189,0.0
1494,189,11,94.5,3.7800000000000002,0.21999999999999975,94.5,5.499999999999994,378.0,49.43114947038054,473,189,0.0
1495,189,11,94.5,3.7800000000000002,0.21999999999999975,94.5,5.499999999999994,378.0,49.43114947038054,473,189,0.0
1496,189,11,94.5,3.7800000000000002,0.21999999999999975,94.5,5.499999999999994,378.0,49.43114947038054,473,189,0.0
1497,189,11,94.5,3.7800000000000002,0.21999999999999975,94.5,5.499999999999994,378.0,49.43114947038054,473,189,0.0
1498,189,11,94.5,3.7800000000000002,0.21999999999999975,94.5,5.499999999999994,378.0,49.43114947038054,473,189,0.0
1499,189,11,94.5,3.7800000000000002,0.21999999999999975,94.5,5.499999999999994,378.0,49.43114947038054,473,189,0.0
1500,189,11,94.5,3.7800000000000002,0.21999999999999975,94.5,5.499999999999994,378.0,49.43114947038054,473,189,0.0
1501,189,11,94.5,3.7800000000000002,0.21999999999999975,94.5,5.499999999999994,378.0,49.43114947038054,473,189,0.0
1502,189,11,94.5,3.7800000000000002,0.21999999999999975,94.5,5.499999999999994,378.0,49.43114947038054,473,189,0.0
1503,189,11,94.5,3.7800000000000002,0.21999999999999975,94.5,5.499999999999994,378.0,49.43114947038054,473,189,0.0
1504,189,11,94.5,3.7800000000000002,0.21999999999999975,94.5,5.499999999999994,378.0,49.43114947038054,473,189,0.0
1505,189,11,94.5,3.7800000000000002,0.21999999999999975,94.5,5.499999999999994,378.0,49.43114947038054,473,189,0.0
1506,189,11,94.5,3.7800000000000002,0.21999999999999975,94.5,5.499999999999994,378.0,49.43114947038054,473,189,0.0
1507,189,11,94.5,3.7800000000000002,0.21999999999999975,94.5,5.499999999999994,378.0,49.43114947038054,473,189,0.0
1508,189,11,94.5,3.7800000000000002,0.21999999999999975,94.5,5.499999999999994,378.0,49.43114947038054,473,189,0.0
1509,189,11,94.5,3.7800000000000002,0.21999999999999975,94.5,5.499999999999994,378.0,49.43114947038054,473,189,0.0
1510,189,11,94.5,3.7800000000000002,0.21999999999999975,94.5,5.499999999999994,378.0,49.43114947038054,474,189,0.0
1511,189,11,94.5,3.7800000000000002,0.21999999999999975,94.5,5.499999999999994,378.0,49.43114947038054,474,189,0.0
1512,189,11,94.5,3.7800000000000002,0.21999999999999975,94.5,5.499999999999994,378.0,49.43114947038054,475,189,0.0
1513,189,11,94.5,3.7800000000000002,0.21999999999999975,94.5,5.499999999999994,378.0,49.43114947038054,476,189,0.0
1514,189,11,94.5,3.7800000000000002,0.21999999999999975,94.5,5.499999999999994,378.0,49.43114947038054,476,189,0.0
1515,189,11,94.5,3.7800000000000002,0.21999999999999975,94.5,5.499999999999994,378.0,49.43114947038054,477,189,0.0
1516,189,11,94.5,3.7800000000000002,0.21999999999999975,94.5,5.499999999999994,378.0,49.43114947038054,478,189,0.0
1517,189,11,94.5,3.7800000000000002,0.21999999999999975,94.5,5.499999999999994,378.0,49.43114947038054,479,189,0.0
1518,189,11,94.5,3.7800000000000002,0.21999999999999975,94.5,5.499999999999994,378.0,49.43114947038054,480,189,0.0
1519,189,11,94.5,3.7800000000000002,0.21999999999999975,94.5,5.499999999999994,378.0,49.43114947038054,480,189,0.0
1520,189,11,94.5,3.7800000000000002,0.21999999999999975,94.5,5.499999999999994,378.0,49.43114947038054,480,189,0.0
1521,189,11,94.5,3.7800000000000002,0.21999999999999975,94.5,5.499999999999994,378.0,49.43114947038054,480,189,0.0
1522,189,11,94.5,3.7800000000000002,0.21999999999999975,94.5,5.499999999999994,378.0,49.43114947038054,480,189,0.0
1523,189,11,94.5,3.7800000000000002,0.21999999999999975,94.5,5.499999999999994,378.0,49.43114947038054,480,189,0.0
1524,189,11,94.5,3.7800000000000002,0.21999999999999975,94.5,5.499999999999994,378.0,49.43114947038054,481,189,0.0
1525,189,11,94.5,3.7800000000000002,0.21999999999999975,94.5,5.499999999999994,378.0,49.43114947038054,481,189,0.0
1526,189,11,94.5,3.7800000000000002,0.21999999999999975,94.5,5.499999999999994,378.0,49.43114947038054,481,189,0.0
1527,189,11,94.5,3.7800000000000002,0.21999999999999975,94.5,5.499999999999994,378.0,49.43114947038054,481,189,0.0
1528,189,11,94.5,3.7800000000000002,0.21999999999999975,94.5,5.499999999999994,378.0,49.43114947038054,481,189,0.0
1529,189,11,94.5,3.7800000000000002,0.21999999999999975,94.5,5.499999999999994,378.0,49.43114947038054,481,189,0.0
1530,189,11,94.5,3.7800000000000002,0.21999999999999975,94.5,5.499999999999994,378.0,49.43114947038054,481,189,0.0
1531,189,11,94.5,3.7800000000000002,0.21999999999999975,94.5,5.499999999999994,378.0,49.43114947038054,481,189,0.0
1532,189,11,94.5,3.7800000000000002,0.21999999999999975,94.5,5.499999999999994,378.0,49.43114947038054,481,189,0.0
1533,189,11,94.5,3.7800000000000002,0.21999999999999975,94.5,5.499999999999994,378.0,49.43114947038054,481,189,0.0
1534,189,11,94.5,3.7800000000000002,0.21999999999999975,94.5,5.499999999999994,378.0,49.43114947038054,481,189,0.0
1535,189,11,94.5,3.7800000000000002,0.21999999999999975,94.5,5.499999999999994,378.0,49.43114947038054,481,189,0.0
1536,189,11,94.5,3.7800000000000002,0.21999999999999975,94.5,5.499999999999994,378.0,49.43114947038054,481,189,0.0
1537,189,11,94.5,3.7800000000000002,0.21999999999999975,94.5,5.499999999999994,378.0,49.43114947038054,481,189,0.0
1538,189,11,94.5,3.7800000000000002,0.21999999999999975,94.5,5.499999999999994,378.0,49.43114947038054,481,189,0.0
1539,189,11,94.5,3.7800000000000002,0.21999999999999975,94.5,5.499999999999994,378.0,49.43114947038054,481,189,0.0
1540,189,11,94.5,3.7800000000000002,0.21999999999999975,94.5,5.499999999999994,378.0,49.43114947038054,481,189,0.0
1541,189,11,94.5,3.7800000000000002,0.21999999999999975,94.5,5.499999999999994,378.0,49.43114947038054,481,189,0.0
1542,189,11,94.5,3.7800000000000002,0.21999999999999975,94.5,5.499999999999994,378.0,49.43114947038054,481,189,0.0
1543,189,11,94.5,3.7800000000000002,0.21999999999999975,94.5,5.499999999999994,378.0,49.43114947038054,481,189,0.0
1544,189,11,94.5,3.7800000000000002,0.21999999999999975,94.5,5.499999999999994,378.0,49.43114947038054,481,189,0.0
1545,189,11,94.5,3.7800000000000002,0.21999999999999975,94.5,5.499999999999994,378.0,49.43114947038054,482,189,0.0
1546,189,11,94.5,3.7800000000000002,0.21999999999999975,94.5,5.499999999999994,378.0,49.43114947038054,483,189,0.0
1547,189,11,94.5,3.7800000000000002,0.21999999999999975,94.5,5.499999999999994,378.0,49.43114947038054,483,189,0.0
1548,189,11,94.5,3.7800000000000002,0.21999999999999975,94.5,5.499999999999994,378.0,49.43114947038054,483,189,0.0
1549,189,11,94.5,3.7800000000000002,0.21999999999999975,94.5,5.499999999999994,378.0,49.43114947038054,483,189,0.0
1550,189,11,94.5,3.7800000000000002,0.21999999999999975,94.5,5.499999999999994,378.0,49.43114947038054,483,189,0.0
1551,189,11,94.5,3.7800000000000002,0.21999999999999975,94.5,5.499999999999994,378.0,49.43114947038054,483,189,0.0
1552,189,11,94.5,3.7800000000000002,0.21999999999999975,94.5,5.499999999999994,378.0,49.43114947038054,483,189,0.0
1553,189,11,94.5,3.7800000000000002,0.21999999999999975,94.5,5.499999999999994,378.0,49.43114947038054,483,189,0.0
1554,189,11,94.5,3.7800000000000002,0.21999999999999975,94.5,5.499999999999994,378.0,49.43114947038054,483,189,0.0
1555,189,11,94.5,3.7800000000000002,0.21999999999999975,94.5,5.499999999999994,378.0,49.43114947038054,483,189,0.0
1556,189,11,94.5,3.7800000000000002,0.21999999999999975,94.5,5.499999999999994,378.0,49.43114947038054,483,189,0.0
1557,189,11,94.5,3.7800000000000002,0.21999999999999975,94.5,5.499999999999994,378.0,49.43114947038054,483,189,0.0
1558,189,11,94.5,3.7800000000000002,0.21999999999999975,94.5,5.499999999999994,378.0,49.43114947038054,483,189,0.0
1559,189,11,94.5,3.7800000000000002,0.21999999999999975,94.5,5.499999999999994,378.0,49.43114947038054,483,189,0.0
1560,189,11,94.5,3.7800000000000002,0.21999999999999975,94.5,5.499999999999994,378.0,49.43114947038054,483,189,0.0
1561,189,11,94.5,3.7800000000000002,0.21999999999999975,94.5,5.499999999999994,378.0,49.43114947038054,483,189,0.0
1562,189,11,94.5,3.7800000000000002,0.21999999999999975,94.5,5.499999999999994,378.0,49.43114947038054,483,189,0.0
1563,189,11,94.5,3.7800000000000002,0.21999999999999975,94.5,5.499999999999994,378.0,49.43114947038054,483,189,0.0
1564,189,11,94.5,3.7800000000000002,0.21999999999999975,94.5,5.499999999999994,378.0,49.43114947038054,483,189,0.0
1565,189,11,94.5,3.7800000000000002,0.21999999999999975,94.5,5.499999999999994,378.0,49.43114947038054,483,189,0.0
1566,189,11,94.5,3.7800000000000002,0.21999999999999975,94.5,5.499999999999994,378.0,49.43114947038054,483,189,0.0
1567,189,11,94.5,3.7800000000000002,0.21999999999999975,94.5,5.499999999999994,378.0,49.43114947038054,483,189,0.0
1568,189,11,94.5,3.7800000000000002,0.21999999999999975,94.5,5.499999999999994,378.0,49.43114947038054,483,189,0.0
1569,189,11,94.5,3.7800000000000002,0.21999999999999975,94.5,5.499999999999994,378.0,49.43114947038054,483,189,0.0
1570,189,11,94.5,3.7800000000000002,0.21999999999999975,94.5,5.499999999999994,378.0,49.43114947038054,483,189,0.0
1571,189,11,94.5,3.7800000000000002,0.21999999999999975,94.5,5.499999999999994,378.0,49.43114947038054,483,189,0.0
1572,189,11,94.5,3.7800000000000002,0.21999999999999975,94.5,5.499999999999994,378.0,49.43114947038054,483,189,0.0
1573,189,11,94.5,3.7800000000000002,0.21999999999999975,94.5,5.499999999999994,378.0,49.43114947038054,483,189,0.0
1574,189,11,94.5,3.7800000000000002,0.21999999999999975,94.5,5.499999999999994,378.0,49.43114947038054,483,189,0.0
1575,189,11,94.5,3.7800000000000002,0.21999999999999975,94.5,5.499999999999994,378.0,49.43114947038054,483,189,0.0
1576,189,11,94.5,3.7800000000000002,0.21999999999999975,94.5,5.499999999999994,378.0,49.43114947038054,483,189,0.0
1577,189,11,94.5,3.7800000000000002,0.21999999999999975,94.5,5.499999999999994,378.0,49.43114947038054,483,189,0.0
1578,189,11,94.5,3.7800000000000002,0.21999999999999975,94.5,5.499999999999994,378.0,49.43114947038054,483,189,0.0
1579,189,11,94.5,3.7800000000000002,0.21999999999999975,94.5,5.499999999999994,378.0,49.43114947038054,483,189,0.0
1580,189,11,94.5,3.7800000000000002,0.21999999999999975,94.5,5.499999999999994,378.0,49.43114947038054,483,189,0.0
1581,189,11,94.5,3.7800000000000002,0.21999999999999975,94.5,5.499999999999994,378.0,49.43114947038054,483,189,0.0
1582,189,11,94.5,3.7800000000000002,0.21999999999999975,94.5,5.499999999999994,378.0,49.43114947038054,483,189,0.0
1583,189,11,94.5,3.7800000000000002,0.21999999999999975,94.5,5.499999999999994,378.0,49.43114947038054,483,189,0.0
1584,189,11,94.5,3.7800000000000002,0.21999999999999975,94.5,5.499999999999994,378.0,49.43114947038054,483,189,0.0
1585,189,11,94.5,3.7800000000000002,0.21999999999999975,94.5,5.499999999999994,378.0,49.43114947038054,483,189,0.0
1586,189,11,94.5,3.7800000000000002,0.21999999999999975,94.5,5.499999999999994,378.0,49.43114947038054,483,189,0.0
1587,189,11,94.5,3.7800000000000002,0.21999999999999975,94.5,5.499999999999994,378.0,49.43114947038054,484,189,0.0
1588,189,11,94.5,3.7800000000000002,0.21999999999999975,94.5,5.499999999999994,378.0,49.43114947038054,485,189,0.0
1589,189,11,94.5,3.7800000000000002,0.21999999999999975,94.5,5.499999999999994,378.0,49.43114947038054,486,189,0.0
1590,189,11,94.5,3.7800000000000002,0.21999999999999975,94.5,5.499999999999994,378.0,49.43114947038054,487,189,0.0
1591,189,11,94.5,3.7800000000000002,0.21999999999999975,94.5,5.499999999999994,378.0,49.43114947038054,487,189,0.0
1592,189,11,94.5,3.7800000000000002,0.21999999999999975,94.5,5.499999999999994,378.0,49.43114947038054,487,189,0.0
1593,189,11,94.5,3.7800000000000002,0.21999999999999975,94.5,5.499999999999994,378.0,49.43114947038054,487,189,0.0
1594,189,11,94.5,3.7800000000000002,0.21999999999999975,94.5,5.499999999999994,378.0,49.43114947038054,487,189,0.0
1595,189,11,94.5,3.7800000000000002,0.21999999999999975,94.5,5.499999999999994,378.0,49.43114947038054,487,189,0.0
1596,189,11,94.5,3.7800000000000002,0.21999999999999975,94.5,5.499999999999994,378.0,49.43114947038054,487,189,0.0
1597,189,11,94.5,3.7800000000000002,0.21999999999999975,94.5,5.499999999999994,378.0,49.43114947038054,487,189,0.0
1598,189,11,94.5,3.7800000000000002,0.21999999999999975,94.5,5.499999999999994,378.0,49.43114947038054,487,189,0.0
1599,189,11,94.5,3.7800000000000002,0.21999999999999975,94.5,5.499999999999994,378.0,49.43114947038054,487,189,0.0
1600,189,11,94.5,3.7800000000000002,0.21999999999999975,94.5,5.499999999999994,378.0,49.43114947038054,487,189,0.0
1601,189,11,94.5,3.7800000000000002,0.21999999999999975,94.5,5.499999999999994,378.0,49.43114947038054,487,189,0.0
1602,189,11,94.5,3.7800000000000002,0.21999999999999975,94.5,5.499999999999994,378.0,49.43114947038054,487,189,0.0
1603,189,11,94.5,3.7800000000000002,0.21999999999999975,94.5,5.499999999999994,378.0,49.43114947038054,487,189,0.0
1604,189,11,94.5,3.7800000000000002,0.21999999999999975,94.5,5.499999999999994,378.0,49.43114947038054,487,189,0.0
1605,189,11,94.5,3.7800000000000002,0.21999999999999975,94.5,5.499999999999994,378.0,49.43114947038054,487,189,0.0
1606,189,11,94.5,3.7800000000000002,0.21999999999999975,94.5,5.499999999999994,378.0,49.43114947038054,487,189,0.0
1607,189,11,94.5,3.7800000000000002,0.21999999999999975,94.5,5.499999999999994,378.0,49.43114947038054,487,189,0.0
1608,189,11,94.5,3.7800000000000002,0.21999999999999975,94.5,5.499999999999994,378.0,49.43114947038054,487,189,0.0
1609,189,11,94.5,3.7800000000000002,0.21999999999999975,94.5,5.499999999999994,378.0,49.43114947038054,487,189,0.0
1610,189,11,94.5,3.7800000000000002,0.21999999999999975,94.5,5.499999999999994,378.0,49.43114947038054,487,189,0.0
1611,189,11,94.5,3.7800000000000002,0.21999999999999975,94.5,5.499999999999994,378.0,49.43114947038054,487,189,0.0
1612,189,11,94.5,3.7800000000000002,0.21999999999999975,94.5,5.499999999999994,378.0,49.43114947038054,487,189,0.0
1613,189,11,94.5,3.7800000000000002,0.21999999999999975,94.5,5.499999999999994,378.0,49.43114947038054,487,189,0.0
1614,189,11,94.5,3.7800000000000002,0.21999999999999975,94.5,5.499999999999994,378.0,49.43114947038054,487,189,0.0
1615,189,11,94.5,3.7800000000000002,0.21999999999999975,94.5,5.499999999999994,378.0,49.43114947038054,487,189,0.0
1616,189,11,94.5,3.7800000000000002,0.21999999999999975,94.5,5.499999999999994,378.0,49.43114947038054,487,189,0.0
1617,189,11,94.5,3.7800000000000002,0.21999999999999975,94.5,5.499999999999994,378.0,49.43114947038054,487,189,0.0
1618,189,11,94.5,3.7800000000000002,0.21999999999999975,94.5,5.499999999999994,378.0,49.43114947038054,487,189,0.0
1619,189,11,94.5,3.7800000000000002,0.21999999999999975,94.5,5.499999999999994,378.0,49.43114947038054,487,189,0.0
1620,189,11,94.5,3.7800000000000002,0.21999999999999975,94.5,5.499999999999994,378.0,49.43114947038054,487,189,0.0
1621,189,11,94.5,3.7800000000000002,0.21999999999999975,94.5,5.499999999999994,378.0,49.43114947038054,487,189,0.0
1622,189,11,94.5,3.7800000000000002,0.21999999999999975,94.5,5.499999999999994,378.0,49.43114947038054,487,189,0.0
1623,189,11,94.5,3.7800000000000002,0.21999999999999975,94.5,5.499999999999994,378.0,49.43114947038054,487,189,0.0
1624,189,11,94.5,3.7800000000000002,0.21999999999999975,94.5,5.499999999999994,378.0,49.43114947038054,487,189,0.0
1625,189,11,94.5,3.7800000000000002,0.21999999999999975,94.5,5.499999999999994,378.0,49.43114947038054,487,189,0.0
1626,189,11,94.5,3.7800000000000002,0.21999999999999975,94.5,5.499999999999994,378.0,49.43114947038054,487,189,0.0
1627,189,11,94.5,3.7800000000000002,0.21999999999999975,94.5,5.499999999999994,378.0,49.43114947038054,487,189,0.0
1628,189,11,94.5,3.7800000000000002,0.21999999999999975,94.5,5.499999999999994,378.0,49.43114947038054,487,189,0.0
1629,189,11,94.5,3.7800000000000002,0.21999999999999975,94.5,5.499999999999994,378.0,49.43114947038054,487,189,0.0
1630,189,11,94.5,3.7800000000000002,0.21999999999999975,94.5,5.499999999999994,378.0,49.43114947038054,487,189,0.0
1631,189,11,94.5,3.7800000000000002,0.21999999999999975,94.5,5.499999999999994,378.0,49.43114947038054,487,189,0.0
1632,189,11,94.5,3.7800000000000002,0.21999999999999975,94.5,5.499999999999994,378.0,49.43114947038054,487,189,0.0
1633,189,11,94.5,3.7800000000000002,0.21999999999999975,94.5,5.499999999999994,378.0,49.43114947038054,487,189,0.0
1634,189,11,94.5,3.7800000000000002,0.21999999999999975,94.5,5.499999999999994,378.0,49.43114947038054,487,189,0.0
1635,189,11,94.5,3.7800000000000002,0.21999999999999975,94.5,5.499999999999994,378.0,49.43114947038054,487,189,0.0
1636,189,11,94.5,3.7800000000000002,0.21999999999999975,94.5,5.499999999999994,378.0,49.43114947038054,487,189,0.0
1637,189,11,94.5,3.7800000000000002,0.21999999999999975,94.5,5.499999999999994,378.0,49.43114947038054,487,189,0.0
1638,189,11,94.5,3.7800000000000002,0.21999999999999975,94.5,5.499999999999994,378.0,49.43114947038054,487,189,0.0
1639,189,11,94.5,3.7800000000000002,0.21999999999999975,94.5,5.499999999999994,378.0,49.43114947038054,487,189,0.0
1640,189,11,94.5,3.7800000000000002,0.21999999999999975,94.5,5.499999999999994,378.0,49.43114947038054,487,189,0.0
1641,189,11,94.5,3.7800000000000002,0.21999999999999975,94.5,5.499999999999994,378.0,49.43114947038054,487,189,0.0
1642,189,11,94.5,3.7800000000000002,0.21999999999999975,94.5,5.499999999999994,378.0,49.43114947038054,487,189,0.0
1643,189,11,94.5,3.7800000000000002,0.21999999999999975,94.5,5.499999999999994,378.0,49.43114947038054,487,189,0.0
1644,189,11,94.5,3.7800000000000002,0.21999999999999975,94.5,5.499999999999994,378.0,49.43114947038054,487,189,0.0
1645,189,11,94.5,3.7800000000000002,0.21999999999999975,94.5,5.499999999999994,378.0,49.43114947038054,487,189,0.0
1646,189,11,94.5,3.7800000000000002,0.21999999999999975,94.5,5.499999999999994,378.0,49.43114947038054,487,189,0.0
1647,189,11,94.5,3.7800000000000002,0.21999999999999975,94.5,5.499999999999994,378.0,49.43114947038054,487,189,0.0
1648,189,11,94.5,3.7800000000000002,0.21999999999999975,94.5,5.499999999999994,378.0,49.43114947038054,487,189,0.0
1649,189,11,94.5,3.7800000000000002,0.21999999999999975,94.5,5.499999999999994,378.0,49.43114947038054,487,189,0.0
1650,189,11,94.5,3.7800000000000002,0.21999999999999975,94.5,5.499999999999994,378.0,49.43114947038054,487,189,0.0
1651,189,11,94.5,3.7800000000000002,0.21999999999999975,94.5,5.499999999999994,378.0,49.43114947038054,487,189,0.0
1652,189,11,94.5,3.7800000000000002,0.21999999999999975,94.5,5.499999999999994,378.0,49.43114947038054,487,189,0.0
1653,189,11,94.5,3.7800000000000002,0.21999999999999975,94.5,5.499999999999994,378.0,49.43114947038054,487,189,0.0
1654,189,11,94.5,3.7800000000000002,0.21999999999999975,94.5,5.499999999999994,378.0,49.43114947038054,487,189,0.0
1655,189,11,94.5,3.7800000000000002,0.21999999999999975,94.5,5.499999999999994,378.0,49.43114947038054,487,189,0.0
1656,189,11,94.5,3.7800000000000002,0.21999999999999975,94.5,5.499999999999994,378.0,49.43114947038054,487,189,0.0
1657,189,11,94.5,3.7800000000000002,0.21999999999999975,94.5,5.499999999999994,378.0,49.43114947038054,487,189,0.0
1658,189,11,94.5,3.7800000000000002,0.21999999999999975,94.5,5.499999999999994,378.0,49.43114947038054,487,189,0.0
1659,189,11,94.5,3.7800000000000002,0.21999999999999975,94.5,5.499999999999994,378.0,49.43114947038054,487,189,0.0
1660,190,10,95.0,3.8000000000000003,0.19999999999999973,95.0,4.999999999999993,380.0,49.6926899437688,488,190,2.0
1661,190,10,95.0,3.8000000000000003,0.19999999999999973,95.0,4.999999999999993,380.0,49.6926899437688,488,190,0.0
1662,190,10,95.0,3.8000000000000003,0.19999999999999973,95.0,4.999999999999993,380.0,49.6926899437688,488,190,0.0
1663,190,10,95.0,3.8000000000000003,0.19999999999999973,95.0,4.999999999999993,380.0,49.6926899437688,488,190,0.0
1664,190,10,95.0,3.8000000000000003,0.19999999999999973,95.0,4.999999999999993,380.0,49.6926899437688,488,190,0.0
1665,190,10,95.0,3.8000000000000003,0.19999999999999973,95.0,4.999999999999993,380.0,49.6926899437688,488,190,0.0
1666,190,10,95.0,3.8000000000000003,0.19999999999999973,95.0,4.999999999999993,380.0,49.6926899437688,488,190,0.0
1667,190,10,95.0,3.8000000000000003,0.19999999999999973,95.0,4.999999999999993,380.0,49.6926899437688,488,190,0.0
1668,190,10,95.0,3.8000000000000003,0.19999999999999973,95.0,4.999999999999993,380.0,49.6926899437688,488,190,0.0
1669,190,10,95.0,3.8000000000000003,0.19999999999999973,95.0,4.999999999999993,380.0,49.6926899437688,488,190,0.0
1670,190,10,95.0,3.8000000000000003,0.19999999999999973,95.0,4.999999999999993,380.0,49.6926899437688,488,190,0.0
1671,190,10,95.0,3.8000000000000003,0.19999999999999973,95.0,4.999999999999993,380.0,49.6926899437688,488,190,0.0
1672,190,10,95.0,3.8000000000000003,0.19999999999999973,95.0,4.999999999999993,380.0,49.6926899437688,488,190,0.0
1673,190,10,95.0,3.8000000000000003,0.19999999999999973,95.0,4.999999999999993,380.0,49.6926899437688,488,190,0.0
1674,190,10,95.0,3.8000000000000003,0.19999999999999973,95.0,4.999999999999993,380.0,49.6926899437688,488,190,0.0
1675,190,10,95.0,3.8000000000000003,0.19999999999999973,95.0,4.999999999999993,380.0,49.6926899437688,488,190,0.0
1676,190,10,95.0,3.8000000000000003,0.19999999999999973,95.0,4.999999999999993,380.0,49.6926899437688,488,190,0.0
1677,190,10,95.0,3.8000000000000003,0.19999999999999973,95.0,4.999999999999993,380.0,49.6926899437688,488,190,0.0
1678,190,10,95.0,3.8000000000000003,0.19999999999999973,95.0,4.999999999999993,380.0,49.6926899437688,488,190,0.0
1679,190,10,95.0,3.8000000000000003,0.19999999999999973,95.0,4.999999999999993,380.0,49.6926899437688,488,190,0.0
1680,190,10,95.0,3.8000000000000003,0.19999999999999973,95.0,4.999999999999993,380.0,49.6926899437688,488,190,0.0
1681,190,10,95.0,3.8000000000000003,0.19999999999999973,95.0,4.999999999999993,380.0,49.6926899437688,488,190,0.0
1682,190,10,95.0,3.8000000000000003,0.19999999999999973,95.0,4.999999999999993,380.0,49.6926899437688,488,190,0.0
1683,190,10,95.0,3.8000000000000003,0.19999999999999973,95.0,4.999999999999993,380.0,49.6926899437688,488,190,0.0
1684,190,10,95.0,3.8000000000000003,0.19999999999999973,95.0,4.999999999999993,380.0,49.6926899437688,488,190,0.0
1685,190,10,95.0,3.8000000000000003,0.19999999999999973,95.0,4.999999999999993,380.0,49.6926899437688,488,190,0.0
1686,190,10,95.0,3.8000000000000003,0.19999999999999973,95.0,4.999999999999993,380.0,49.6926899437688,488,190,0.0
1687,190,10,95.0,3.8000000000000003,0.19999999999999973,95.0,4.999999999999993,380.0,49.6926899437688,488,190,0.0
1688,190,10,95.0,3.8000000000000003,0.19999999999999973,95.0,4.999999999999993,380.0,49.6926899437688,488,190,0.0
1689,190,10,95.0,3.8000000000000003,0.19999999999999973,95.0,4.999999999999993,380.0,49.6926899437688,488,190,0.0
1690,190,10,95.0,3.8000000000000003,0.19999999999999973,95.0,4.999999999999993,380.0,49.6926899437688,488,190,0.0
1691,190,10,95.0,3.8000000000000003,0.19999999999999973,95.0,4.999999999999993,380.0,49.6926899437688,488,190,0.0
1692,190,10,95.0,3.8000000000000003,0.19999999999999973,95.0,4.999999999999993,380.0,49.6926899437688,488,190,0.0
1693,190,10,95.0,3.8000000000000003,0.19999999999999973,95.0,4.999999999999993,380.0,49.6926899437688,488,190,0.0
1694,190,10,95.0,3.8000000000000003,0.19999999999999973,95.0,4.999999999999993,380.0,49.6926899437688,488,190,0.0
1695,190,10,95.0,3.8000000000000003,0.19999999999999973,95.0,4.999999999999993,380.0,49.6926899437688,488,190,0.0
1696,190,10,95.0,3.8000000000000003,0.19999999999999973,95.0,4.999999999999993,380.0,49.6926899437688,488,190,0.0
1697,190,10,95.0,3.8000000000000003,0.19999999999999973,95.0,4.999999999999993,380.0,49.6926899437688,488,190,0.0
1698,190,10,95.0,3.8000000000000003,0.19999999999999973,95.0,4.999999999999993,380.0,49.6926899437688,488,190,0.0
1699,191,9,95.5,3.8200000000000003,0.17999999999999972,95.5,4.499999999999993,382.0,49.95423041715705,489,191,2.0
1700,191,9,95.5,3.8200000000000003,0.17999999999999972,95.5,4.499999999999993,382.0,49.95423041715705,489,191,0.0
1701,191,9,95.5,3.8200000000000003,0.17999999999999972,95.5,4.499999999999993,382.0,49.95423041715705,489,191,0.0
1702,191,9,95.5,3.8200000000000003,0.17999999999999972,95.5,4.499999999999993,382.0,49.95423041715705,489,191,0.0
1703,191,9,95.5,3.8200000000000003,0.17999999999999972,95.5,4.499999999999993,382.0,49.95423041715705,489,191,0.0
1704,191,9,95.5,3.8200000000000003,0.17999999999999972,95.5,4.499999999999993,382.0,49.95423041715705,489,191,0.0
1705,191,9,95.5,3.8200000000000003,0.17999999999999972,95.5,4.499999999999993,382.0,49.95423041715705,489,191,0.0
1706,191,9,95.5,3.8200000000000003,0.17999999999999972,95.5,4.499999999999993,382.0,49.95423041715705,489,191,0.0
1707,191,9,95.5,3.8200000000000003,0.17999999999999972,95.5,4.499999999999993,382.0,49.95423041715705,489,191,0.0
1708,191,9,95.5,3.8200000000000003,0.17999999999999972,95.5,4.499999999999993,382.0,49.95423041715705,489,191,0.0
1709,191,9,95.5,3.8200000000000003,0.17999999999999972,95.5,4.499999999999993,382.0,49.95423041715705,489,191,0.0
1710,191,9,95.5,3.8200000000000003,0.17999999999999972,95.5,4.499999999999993,382.0,49.95423041715705,489,191,0.0
1711,191,9,95.5,3.8200000000000003,0.17999999999999972,95.5,4.499999999999993,382.0,49.95423041715705,489,191,0.0
1712,191,9,95.5,3.8200000000000003,0.17999999999999972,95.5,4.499999999999993,382.0,49.95423041715705,489,191,0.0
1713,191,9,95.5,3.8200000000000003,0.17999999999999972,95.5,4.499999999999993,382.0,49.95423041715705,489,191,0.0
1714,191,9,95.5,3.8200000000000003,0.17999999999999972,95.5,4.499999999999993,382.0,49.95423041715705,489,191,0.0
1715,191,9,95.5,3.8200000000000003,0.17999999999999972,95.5,4.499999999999993,382.0,49.95423041715705,489,191,0.0
1716,191,9,95.5,3.8200000000000003,0.17999999999999972,95.5,4.499999999999993,382.0,49.95423041715705,489,191,0.0
1717,191,9,95.5,3.8200000000000003,0.17999999999999972,95.5,4.499999999999993,382.0,49.95423041715705,489,191,0.0
1718,191,9,95.5,3.8200000000000003,0.17999999999999972,95.5,4.499999999999993,382.0,49.95423041715705,489,191,0.0
1719,191,9,95.5,3.8200000000000003,0.17999999999999972,95.5,4.499999999999993,382.0,49.95423041715705,489,191,0.0
1720,191,9,95.5,3.8200000000000003,0.17999999999999972,95.5,4.499999999999993,382.0,49.95423041715705,489,191,0.0
1721,191,9,95.5,3.8200000000000003,0.17999999999999972,95.5,4.499999999999993,382.0,49.95423041715705,489,191,0.0
1722,191,9,95.5,3.8200000000000003,0.17999999999999972,95.5,4.499999999999993,382.0,49.95423041715705,489,191,0.0
1723,191,9,95.5,3.8200000000000003,0.17999999999999972,95.5,4.499999999999993,382.0,49.95423041715705,489,191,0.0
1724,191,9,95.5,3.8200000000000003,0.17999999999999972,95.5,4.499999999999993,382.0,49.95423041715705,489,191,0.0
1725,191,9,95.5,3.8200000000000003,0.17999999999999972,95.5,4.499999999999993,382.0,49.95423041715705,489,191,0.0
1726,191,9,95.5,3.8200000000000003,0.17999999999999972,95.5,4.499999999999993,382.0,49.95423041715705,489,191,0.0
1727,191,9,95.5,3.8200000000000003,0.17999999999999972,95.5,4.499999999999993,382.0,49.95423041715705,489,191,0.0
1728,191,9,95.5,3.8200000000000003,0.17999999999999972,95.5,4.499999999999993,382.0,49.95423041715705,489,191,0.0
1729,191,9,95.5,3.8200000000000003,0.17999999999999972,95.5,4.499999999999993,382.0,49.95423041715705,489,191,0.0
1730,191,9,95.5,3.8200000000000003,0.17999999999999972,95.5,4.499999999999993,382.0,49.95423041715705,489,191,0.0
1731,191,9,95.5,3.8200000000000003,0.17999999999999972,95.5,4.499999999999993,382.0,49.95423041715705,489,191,0.0
1732,191,9,95.5,3.8200000000000003,0.17999999999999972,95.5,4.499999999999993,382.0,49.95423041715705,489,191,0.0
1733,191,9,95.5,3.8200000000000003,0.17999999999999972,95.5,4.499999999999993,382.0,49.95423041715705,489,191,0.0
1734,191,9,95.5,3.8200000000000003,0.17999999999999972,95.5,4.499999999999993,382.0,49.95423041715705,489,191,0.0
1735,191,9,95.5,3.8200000000000003,0.17999999999999972,95.5,4.499999999999993,382.0,49.95423041715705,489,191,0.0
1736,191,9,95.5,3.8200000000000003,0.17999999999999972,95.5,4.499999999999993,382.0,49.95423041715705,489,191,0.0
1737,191,9,95.5,3.8200000000000003,0.17999999999999972,95.5,4.499999999999993,382.0,49.95423041715705,489,191,0.0
1738,191,9,95.5,3.8200000000000003,0.17999999999999972,95.5,4.499999999999993,382.0,49.95423041715705,489,191,0.0
1739,191,9,95.5,3.8200000000000003,0.17999999999999972,95.5,4.499999999999993,382.0,49.95423041715705,489,191,0.0
1740,191,9,95.5,3.8200000000000003,0.17999999999999972,95.5,4.499999999999993,382.0,49.95423041715705,489,191,0.0
1741,191,9,95.5,3.8200000000000003,0.17999999999999972,95.5,4.499999999999993,382.0,49.95423041715705,489,191,0.0
1742,191,9,95.5,3.8200000000000003,0.17999999999999972,95.5,4.499999999999993,382.0,49.95423041715705,489,191,0.0
1743,191,9,95.5,3.8200000000000003,0.17999999999999972,95.5,4.499999999999993,382.0,49.95423041715705,489,191,0.0
1744,191,9,95.5,3.8200000000000003,0.17999999999999972,95.5,4.499999999999993,382.0,49.95423041715705,489,191,0.0
1745,191,9,95.5,3.8200000000000003,0.17999999999999972,95.5,4.499999999999993,382.0,49.95423041715705,489,191,0.0
1746,191,9,95.5,3.8200000000000003,0.17999999999999972,95.5,4.499999999999993,382.0,49.95423041715705,489,191,0.0
1747,191,9,95.5,3.8200000000000003,0.17999999999999972,95.5,4.499999999999993,382.0,49.95423041715705,489,191,0.0
1748,191,9,95.5,3.8200000000000003,0.17999999999999972,95.5,4.499999999999993,382.0,49.95423041715705,489,191,0.0
1749,191,9,95.5,3.8200000000000003,0.17999999999999972,95.5,4.499999999999993,382.0,49.95423041715705,489,191,0.0
1750,191,9,95.5,3.8200000000000003,0.17999999999999972,95.5,4.499999999999993,382.0,49.95423041715705,489,191,0.0
1751,191,9,95.5,3.8200000000000003,0.17999999999999972,95.5,4.499999999999993,382.0,49.95423041715705,489,191,0.0
1752,191,9,95.5,3.8200000000000003,0.17999999999999972,95.5,4.499999999999993,382.0,49.95423041715705,489,191,0.0
1753,191,9,95.5,3.8200000000000003,0.17999999999999972,95.5,4.499999999999993,382.0,49.95423041715705,489,191,0.0
1754,191,9,95.5,3.8200000000000003,0.17999999999999972,95.5,4.499999999999993,382.0,49.95423041715705,489,191,0.0
1755,191,9,95.5,3.8200000000000003,0.17999999999999972,95.5,4.499999999999993,382.0,49.95423041715705,489,191,0.0
1756,191,9,95.5,3.8200000000000003,0.17999999999999972,95.5,4.499999999999993,382.0,49.95423041715705,489,191,0.0
1757,191,9,95.5,3.8200000000000003,0.17999999999999972,95.5,4.499999999999993,382.0,49.95423041715705,489,191,0.0
1758,191,9,95.5,3.8200000000000003,0.17999999999999972,95.5,4.499999999999993,382.0,49.95423041715705,489,191,0.0
1759,191,9,95.5,3.8200000000000003,0.17999999999999972,95.5,4.499999999999993,382.0,49.95423041715705,489,191,0.0
1760,191,9,95.5,3.8200000000000003,0.17999999999999972,95.5,4.499999999999993,382.0,49.95423041715705,489,191,0.0
1761,191,9,95.5,3.8200000000000003,0.17999999999999972,95.5,4.499999999999993,382.0,49.95423041715705,489,191,0.0
1762,191,9,95.5,3.8200000000000003,0.17999999999999972,95.5,4.499999999999993,382.0,49.95423041715705,489,191,0.0
1763,191,9,95.5,3.8200000000000003,0.17999999999999972,95.5,4.499999999999993,382.0,49.95423041715705,489,191,0.0
1764,191,9,95.5,3.8200000000000003,0.17999999999999972,95.5,4.499999999999993,382.0,49.95423041715705,489,191,0.0
1765,191,9,95.5,3.8200000000000003,0.17999999999999972,95.5,4.499999999999993,382.0,49.95423041715705,489,191,0.0
1766,191,9,95.5,3.8200000000000003,0.17999999999999972,95.5,4.499999999999993,382.0,49.95423041715705,489,191,0.0
1767,191,9,95.5,3.8200000000000003,0.17999999999999972,95.5,4.499999999999993,382.0,49.95423041715705,489,191,0.0
1768,191,9,95.5,3.8200000000000003,0.17999999999999972,95.5,4.499999999999993,382.0,49.95423041715705,489,191,0.0
1769,191,9,95.5,3.8200000000000003,0.17999999999999972,95.5,4.499999999999993,382.0,49.95423041715705,489,191,0.0
1770,191,9,95.5,3.8200000000000003,0.17999999999999972,95.5,4.499999999999993,382.0,49.95423041715705,489,191,0.0
1771,191,9,95.5,3.8200000000000003,0.17999999999999972,95.5,4.499999999999993,382.0,49.95423041715705,489,191,0.0
1772,191,9,95.5,3.8200000000000003,0.17999999999999972,95.5,4.499999999999993,382.0,49.95423041715705,489,191,0.0
1773,191,9,95.5,3.8200000000000003,0.17999999999999972,95.5,4.499999999999993,382.0,49.95423041715705,489,191,0.0
1774,191,9,95.5,3.8200000000000003,0.17999999999999972,95.5,4.499999999999993,382.0,49.95423041715705,489,191,0.0
1775,191,9,95.5,3.8200000000000003,0.17999999999999972,95.5,4.499999999999993,382.0,49.95423041715705,489,191,0.0
1776,191,9,95.5,3.8200000000000003,0.17999999999999972,95.5,4.499999999999993,382.0,49.95423041715705,489,191,0.0
1777,191,9,95.5,3.8200000000000003,0.17999999999999972,95.5,4.499999999999993,382.0,49.95423041715705,489,191,0.0
1778,191,9,95.5,3.8200000000000003,0.17999999999999972,95.5,4.499999999999993,382.0,49.95423041715705,489,191,0.0
1779,191,9,95.5,3.8200000000000003,0.17999999999999972,95.5,4.499999999999993,382.0,49.95423041715705,489,191,0.0
1780,191,9,95.5,3.8200000000000003,0.17999999999999972,95.5,4.499999999999993,382.0,49.95423041715705,489,191,0.0
1781,191,9,95.5,3.8200000000000003,0.17999999999999972,95.5,4.499999999999993,382.0,49.95423041715705,489,191,0.0
1782,191,9,95.5,3.8200000000000003,0.17999999999999972,95.5,4.499999999999993,382.0,49.95423041715705,489,191,0.0
1783,191,9,95.5,3.8200000000000003,0.17999999999999972,95.5,4.499999999999993,382.0,49.95423041715705,489,191,0.0
1784,191,9,95.5,3.8200000000000003,0.17999999999999972,95.5,4.499999999999993,382.0,49.95423041715705,489,191,0.0
1785,191,9,95.5,3.8200000000000003,0.17999999999999972,95.5,4.499999999999993,382.0,49.95423041715705,489,191,0.0
1786,191,9,95.5,3.8200000000000003,0.17999999999999972,95.5,4.499999999999993,382.0,49.95423041715705,489,191,0.0
1787,191,9,95.5,3.8200000000000003,0.17999999999999972,95.5,4.499999999999993,382.0,49.95423041715705,489,191,0.0
1788,191,9,95.5,3.8200000000000003,0.17999999999999972,95.5,4.499999999999993,382.0,49.95423041715705,489,191,0.0
1789,191,9,95.5,3.8200000000000003,0.17999999999999972,95.5,4.499999999999993,382.0,49.95423041715705,489,191,0.0
1790,191,9,95.5,3.8200000000000003,0.17999999999999972,95.5,4.499999999999993,382.0,49.95423041715705,489,191,0.0
1791,191,9,95.5,3.8200000000000003,0.17999999999999972,95.5,4.499999999999993,382.0,49.95423041715705,490,191,0.0
1792,191,9,95.5,3.8200000000000003,0.17999999999999972,95.5,4.499999999999993,382.0,49.95423041715705,491,191,0.0
1793,191,9,95.5,3.8200000000000003,0.17999999999999972,95.5,4.499999999999993,382.0,49.95423041715705,492,191,0.0
1794,191,9,95.5,3.8200000000000003,0.17999999999999972,95.5,4.499999999999993,382.0,49.95423041715705,492,191,0.0
1795,191,9,95.5,3.8200000000000003,0.17999999999999972,95.5,4.499999999999993,382.0,49.95423041715705,492,191,0.0
1796,191,9,95.5,3.8200000000000003,0.17999999999999972,95.5,4.499999999999993,382.0,49.95423041715705,492,191,0.0
1797,191,9,95.5,3.8200000000000003,0.17999999999999972,95.5,4.499999999999993,382.0,49.95423041715705,493,191,0.0
1798,191,9,95.5,3.8200000000000003,0.17999999999999972,95.5,4.499999999999993,382.0,49.95423041715705,494,191,0.0
1799,191,9,95.5,3.8200000000000003,0.17999999999999972,95.5,4.499999999999993,382.0,49.95423041715705,494,191,0.0
1800,191,9,95.5,3.8200000000000003,0.17999999999999972,95.5,4.499999999999993,382.0,49.95423041715705,494,191,0.0
1801,191,9,95.5,3.8200000000000003,0.17999999999999972,95.5,4.499999999999993,382.0,49.95423041715705,495,191,0.0
1802,191,9,95.5,3.8200000000000003,0.17999999999999972,95.5,4.499999999999993,382.0,49.95423041715705,496,191,0.0
1803,191,9,95.5,3.8200000000000003,0.17999999999999972,95.5,4.499999999999993,382.0,49.95423041715705,497,191,0.0
1804,191,9,95.5,3.8200000000000003,0.17999999999999972,95.5,4.499999999999993,382.0,49.95423041715705,497,191,0.0
1805,191,9,95.5,3.8200000000000003,0.17999999999999972,95.5,4.499999999999993,382.0,49.95423041715705,497,191,0.0
1806,191,9,95.5,3.8200000000000003,0.17999999999999972,95.5,4.499999999999993,382.0,49.95423041715705,497,191,0.0
1807,191,9,95.5,3.8200000000000003,0.17999999999999972,95.5,4.499999999999993,382.0,49.95423041715705,497,191,0.0
1808,191,9,95.5,3.8200000000000003,0.17999999999999972,95.5,4.499999999999993,382.0,49.95423041715705,497,191,0.0
1809,191,9,95.5,3.8200000000000003,0.17999999999999972,95.5,4.499999999999993,382.0,49.95423041715705,498,191,0.0
1810,191,9,95.5,3.8200000000000003,0.17999999999999972,95.5,4.499999999999993,382.0,49.95423041715705,499,191,0.0
1811,191,9,95.5,3.8200000000000003,0.17999999999999972,95.5,4.499999999999993,382.0,49.95423041715705,500,191,0.0
1812,191,9,95.5,3.8200000000000003,0.17999999999999972,95.5,4.499999999999993,382.0,49.95423041715705,501,191,0.0
1813,191,9,95.5,3.8200000000000003,0.17999999999999972,95.5,4.499999999999993,382.0,49.95423041715705,502,191,0.0
1814,191,9,95.5,3.8200000000000003,0.17999999999999972,95.5,4.499999999999993,382.0,49.95423041715705,503,191,0.0
1815,191,9,95.5,3.8200000000000003,0.17999999999999972,95.5,4.499999999999993,382.0,49.95423041715705,504,191,0.0
1816,191,9,95.5,3.8200000000000003,0.17999999999999972,95.5,4.499999999999993,382.0,49.95423041715705,505,191,0.0
1817,191,9,95.5,3.8200000000000003,0.17999999999999972,95.5,4.499999999999993,382.0,49.95423041715705,506,191,0.0
1818,191,9,95.5,3.8200000000000003,0.17999999999999972,95.5,4.499999999999993,382.0,49.95423041715705,507,191,0.0
1819,191,9,95.5,3.8200000000000003,0.17999999999999972,95.5,4.499999999999993,382.0,49.95423041715705,508,191,0.0
1820,191,9,95.5,3.8200000000000003,0.17999999999999972,95.5,4.499999999999993,382.0,49.95423041715705,508,191,0.0
1821,191,9,95.5,3.8200000000000003,0.17999999999999972,95.5,4.499999999999993,382.0,49.95423041715705,509,191,0.0
1822,191,9,95.5,3.8200000000000003,0.17999999999999972,95.5,4.499999999999993,382.0,49.95423041715705,510,191,0.0
1823,191,9,95.5,3.8200000000000003,0.17999999999999972,95.5,4.499999999999993,382.0,49.95423041715705,511,191,0.0
1824,191,9,95.5,3.8200000000000003,0.17999999999999972,95.5,4.499999999999993,382.0,49.95423041715705,512,191,0.0
1825,191,9,95.5,3.8200000000000003,0.17999999999999972,95.5,4.499999999999993,382.0,49.95423041715705,513,191,0.0
1826,191,9,95.5,3.8200000000000003,0.17999999999999972,95.5,4.499999999999993,382.0,49.95423041715705,513,191,0.0
1827,191,9,95.5,3.8200000000000003,0.17999999999999972,95.5,4.499999999999993,382.0,49.95423041715705,513,191,0.0
1828,191,9,95.5,3.8200000000000003,0.17999999999999972,95.5,4.499999999999993,382.0,49.95423041715705,513,191,0.0
1829,191,9,95.5,3.8200000000000003,0.17999999999999972,95.5,4.499999999999993,382.0,49.95423041715705,513,191,0.0
1830,191,9,95.5,3.8200000000000003,0.17999999999999972,95.5,4.499999999999993,382.0,49.95423041715705,513,191,0.0
1831,191,9,95.5,3.8200000000000003,0.17999999999999972,95.5,4.499999999999993,382.0,49.95423041715705,513,191,0.0
1832,191,9,95.5,3.8200000000000003,0.17999999999999972,95.5,4.499999999999993,382.0,49.95423041715705,513,191,0.0
1833,191,9,95.5,3.8200000000000003,0.17999999999999972,95.5,4.499999999999993,382.0,49.95423041715705,513,191,0.0
1834,191,9,95.5,3.8200000000000003,0.17999999999999972,95.5,4.499999999999993,382.0,49.95423041715705,514,191,0.0
1835,191,9,95.5,3.8200000000000003,0.17999999999999972,95.5,4.499999999999993,382.0,49.95423041715705,514,191,0.0
1836,191,9,95.5,3.8200000000000003,0.17999999999999972,95.5,4.499999999999993,382.0,49.95423041715705,514,191,0.0
1837,191,9,95.5,3.8200000000000003,0.17999999999999972,95.5,4.499999999999993,382.0,49.95423041715705,514,191,0.0
1838,191,9,95.5,3.8200000000000003,0.17999999999999972,95.5,4.499999999999993,382.0,49.95423041715705,514,191,0.0
1839,191,9,95.5,3.8200000000000003,0.17999999999999972,95.5,4.499999999999993,382.0,49.95423041715705,514,191,0.0
1840,191,9,95.5,3.8200000000000003,0.17999999999999972,95.5,4.499999999999993,382.0,49.95423041715705,514,191,0.0
1841,191,9,95.5,3.8200000000000003,0.17999999999999972,95.5,4.499999999999993,382.0,49.95423041715705,514,191,0.0
1842,191,9,95.5,3.8200000000000003,0.17999999999999972,95.5,4.499999999999993,382.0,49.95423041715705,514,191,0.0
1843,191,9,95.5,3.8200000000000003,0.17999999999999972,95.5,4.499999999999993,382.0,49.95423041715705,514,191,0.0
1844,191,9,95.5,3.8200000000000003,0.17999999999999972,95.5,4.499999999999993,382.0,49.95423041715705,514,191,0.0
1845,191,9,95.5,3.8200000000000003,0.17999999999999972,95.5,4.499999999999993,382.0,49.95423041715705,514,191,0.0
1846,191,9,95.5,3.8200000000000003,0.17999999999999972,95.5,4.499999999999993,382.0,49.95423041715705,514,191,0.0
1847,191,9,95.5,3.8200000000000003,0.17999999999999972,95.5,4.499999999999993,382.0,49.95423041715705,514,191,0.0
1848,191,9,95.5,3.8200000000000003,0.17999999999999972,95.5,4.499999999999993,382.0,49.95423041715705,514,191,0.0
1849,191,9,95.5,3.8200000000000003,0.17999999999999972,95.5,4.499999999999993,382.0,49.95423041715705,514,191,0.0
1850,191,9,95.5,3.8200000000000003,0.17999999999999972,95.5,4.499999999999993,382.0,49.95423041715705,514,191,0.0
1851,191,9,95.5,3.8200000000000003,0.17999999999999972,95.5,4.499999999999993,382.0,49.95423041715705,514,191,0.0
1852,191,9,95.5,3.8200000000000003,0.17999999999999972,95.5,4.499999999999993,382.0,49.95423041715705,514,191,0.0
1853,191,9,95.5,3.8200000000000003,0.17999999999999972,95.5,4.499999999999993,382.0,49.95423041715705,514,191,0.0
1854,191,9,95.5,3.8200000000000003,0.17999999999999972,95.5,4.499999999999993,382.0,49.95423041715705,514,191,0.0
1855,191,9,95.5,3.8200000000000003,0.17999999999999972,95.5,4.499999999999993,382.0,49.95423041715705,514,191,0.0
1856,191,9,95.5,3.8200000000000003,0.17999999999999972,95.5,4.499999999999993,382.0,49.95423041715705,514,191,0.0
1857,191,9,95.5,3.8200000000000003,0.17999999999999972,95.5,4.499999999999993,382.0,49.95423041715705,514,191,0.0
1858,191,9,95.5,3.8200000000000003,0.17999999999999972,95.5,4.499999999999993,382.0,49.95423041715705,514,191,0.0
1859,191,9,95.5,3.8200000000000003,0.17999999999999972,95.5,4.499999999999993,382.0,49.95423041715705,514,191,0.0
1860,191,9,95.5,3.8200000000000003,0.17999999999999972,95.5,4.499999999999993,382.0,49.95423041715705,514,191,0.0
1861,191,9,95.5,3.8200000000000003,0.17999999999999972,95.5,4.499999999999993,382.0,49.95423041715705,514,191,0.0
1862,191,9,95.5,3.8200000000000003,0.17999999999999972,95.5,4.499999999999993,382.0,49.95423041715705,514,191,0.0
1863,191,9,95.5,3.8200000000000003,0.17999999999999972,95.5,4.499999999999993,382.0,49.95423041715705,514,191,0.0
1864,191,9,95.5,3.8200000000000003,0.17999999999999972,95.5,4.499999999999993,382.0,49.95423041715705,514,191,0.0
1865,191,9,95.5,3.8200000000000003,0.17999999999999972,95.5,4.499999999999993,382.0,49.95423041715705,514,191,0.0
1866,191,9,95.5,3.8200000000000003,0.17999999999999972,95.5,4.499999999999993,382.0,49.95423041715705,514,191,0.0
1867,191,9,95.5,3.8200000000000003,0.17999999999999972,95.5,4.499999999999993,382.0,49.95423041715705,514,191,0.0
1868,191,9,95.5,3.8200000000000003,0.17999999999999972,95.5,4.499999999999993,382.0,49.95423041715705,514,191,0.0
1869,191,9,95.5,3.8200000000000003,0.17999999999999972,95.5,4.499999999999993,382.0,49.95423041715705,514,191,0.0
1870,191,9,95.5,3.8200000000000003,0.17999999999999972,95.5,4.499999999999993,382.0,49.95423041715705,514,191,0.0
1871,191,9,95.5,3.8200000000000003,0.17999999999999972,95.5,4.499999999999993,382.0,49.95423041715705,514,191,0.0
1872,191,9,95.5,3.8200000000000003,0.17999999999999972,95.5,4.499999999999993,382.0,49.95423041715705,514,191,0.0
1873,191,9,95.5,3.8200000000000003,0.17999999999999972,95.5,4.499999999999993,382.0,49.95423041715705,514,191,0.0
1874,191,9,95.5,3.8200000000000003,0.17999999999999972,95.5,4.499999999999993,382.0,49.95423041715705,514,191,0.0
1875,191,9,95.5,3.8200000000000003,0.17999999999999972,95.5,4.499999999999993,382.0,49.95423041715705,514,191,0.0
1876,191,9,95.5,3.8200000000000003,0.17999999999999972,95.5,4.499999999999993,382.0,49.95423041715705,514,191,0.0
1877,191,9,95.5,3.8200000000000003,0.17999999999999972,95.5,4.499999999999993,382.0,49.95423041715705,514,191,0.0
1878,191,9,95.5,3.8200000000000003,0.17999999999999972,95.5,4.499999999999993,382.0,49.95423041715705,514,191,0.0
1879,191,9,95.5,3.8200000000000003,0.17999999999999972,95.5,4.499999999999993,382.0,49.95423041715705,514,191,0.0
1880,192,8,96.0,3.84,0.16000000000000014,96.0,4.0000000000000036,384.0,50.21577089054531,515,192,2.0
1881,192,8,96.0,3.84,0.16000000000000014,96.0,4.0000000000000036,384.0,50.21577089054531,515,192,0.0
1882,192,8,96.0,3.84,0.16000000000000014,96.0,4.0000000000000036,384.0,50.21577089054531,515,192,0.0
1883,192,8,96.0,3.84,0.16000000000000014,96.0,4.0000000000000036,384.0,50.21577089054531,515,192,0.0
1884,192,8,96.0,3.84,0.16000000000000014,96.0,4.0000000000000036,384.0,50.21577089054531,516,192,0.0
1885,192,8,96.0,3.84,0.16000000000000014,96.0,4.0000000000000036,384.0,50.21577089054531,516,192,0.0
1886,192,8,96.0,3.84,0.16000000000000014,96.0,4.0000000000000036,384.0,50.21577089054531,516,192,0.0
1887,192,8,96.0,3.84,0.16000000000000014,96.0,4.0000000000000036,384.0,50.21577089054531,516,192,0.0
1888,192,8,96.0,3.84,0.16000000000000014,96.0,4.0000000000000036,384.0,50.21577089054531,516,192,0.0
1889,192,8,96.0,3.84,0.16000000000000014,96.0,4.0000000000000036,384.0,50.21577089054531,516,192,0.0
1890,192,8,96.0,3.84,0.16000000000000014,96.0,4.0000000000000036,384.0,50.21577089054531,516,192,0.0
1891,192,8,96.0,3.84,0.16000000000000014,96.0,4.0000000000000036,384.0,50.21577089054531,516,192,0.0
1892,192,8,96.0,3.84,0.16000000000000014,96.0,4.0000000000000036,384.0,50.21577089054531,516,192,0.0
1893,192,8,96.0,3.84,0.16000000000000014,96.0,4.0000000000000036,384.0,50.21577089054531,516,192,0.0
1894,192,8,96.0,3.84,0.16000000000000014,96.0,4.0000000000000036,384.0,50.21577089054531,516,192,0.0
1895,192,8,96.0,3.84,0.16000000000000014,96.0,4.0000000000000036,384.0,50.21577089054531,516,192,0.0
1896,192,8,96.0,3.84,0.16000000000000014,96.0,4.0000000000000036,384.0,50.21577089054531,517,192,0.0
1897,192,8,96.0,3.84,0.16000000000000014,96.0,4.0000000000000036,384.0,50.21577089054531,517,192,0.0
1898,192,8,96.0,3.84,0.16000000000000014,96.0,4.0000000000000036,384.0,50.21577089054531,517,192,0.0
1899,192,8,96.0,3.84,0.16000000000000014,96.0,4.0000000000000036,384.0,50.21577089054531,517,192,0.0
1900,192,8,96.0,3.84,0.16000000000000014,96.0,4.0000000000000036,384.0,50.21577089054531,517,192,0.0
1901,192,8,96.0,3.84,0.16000000000000014,96.0,4.0000000000000036,384.0,50.21577089054531,517,192,0.0
1902,192,8,96.0,3.84,0.16000000000000014,96.0,4.0000000000000036,384.0,50.21577089054531,517,192,0.0
1903,192,8,96.0,3.84,0.16000000000000014,96.0,4.0000000000000036,384.0,50.21577089054531,517,192,0.0
1904,192,8,96.0,3.84,0.16000000000000014,96.0,4.0000000000000036,384.0,50.21577089054531,517,192,0.0
1905,192,8,96.0,3.84,0.16000000000000014,96.0,4.0000000000000036,384.0,50.21577089054531,517,192,0.0
1906,192,8,96.0,3.84,0.16000000000000014,96.0,4.0000000000000036,384.0,50.21577089054531,517,192,0.0
1907,192,8,96.0,3.84,0.16000000000000014,96.0,4.0000000000000036,384.0,50.21577089054531,517,192,0.0
1908,192,8,96.0,3.84,0.16000000000000014,96.0,4.0000000000000036,384.0,50.21577089054531,517,192,0.0
1909,192,8,96.0,3.84,0.16000000000000014,96.0,4.0000000000000036,384.0,50.21577089054531,517,192,0.0
1910,192,8,96.0,3.84,0.16000000000000014,96.0,4.0000000000000036,384.0,50.21577089054531,517,192,0.0
1911,192,8,96.0,3.84,0.16000000000000014,96.0,4.0000000000000036,384.0,50.21577089054531,517,192,0.0
1912,192,8,96.0,3.84,0.16000000000000014,96.0,4.0000000000000036,384.0,50.21577089054531,517,192,0.0
1913,192,8,96.0,3.84,0.16000000000000014,96.0,4.0000000000000036,384.0,50.21577089054531,517,192,0.0
1914,192,8,96.0,3.84,0.16000000000000014,96.0,4.0000000000000036,384.0,50.21577089054531,517,192,0.0
1915,192,8,96.0,3.84,0.16000000000000014,96.0,4.0000000000000036,384.0,50.21577089054531,517,192,0.0
1916,192,8,96.0,3.84,0.16000000000000014,96.0,4.0000000000000036,384.0,50.21577089054531,517,192,0.0
1917,192,8,96.0,3.84,0.16000000000000014,96.0,4.0000000000000036,384.0,50.21577089054531,517,192,0.0
1918,192,8,96.0,3.84,0.16000000000000014,96.0,4.0000000000000036,384.0,50.21577089054531,517,192,0.0
1919,192,8,96.0,3.84,0.16000000000000014,96.0,4.0000000000000036,384.0,50.21577089054531,517,192,0.0
1920,192,8,96.0,3.84,0.16000000000000014,96.0,4.0000000000000036,384.0,50.21577089054531,517,192,0.0
1921,192,8,96.0,3.84,0.16000000000000014,96.0,4.0000000000000036,384.0,50.21577089054531,517,192,0.0
1922,192,8,96.0,3.84,0.16000000000000014,96.0,4.0000000000000036,384.0,50.21577089054531,517,192,0.0
1923,192,8,96.0,3.84,0.16000000000000014,96.0,4.0000000000000036,384.0,50.21577089054531,517,192,0.0
1924,192,8,96.0,3.84,0.16000000000000014,96.0,4.0000000000000036,384.0,50.21577089054531,517,192,0.0
1925,192,8,96.0,3.84,0.16000000000000014,96.0,4.0000000000000036,384.0,50.21577089054531,517,192,0.0
1926,192,8,96.0,3.84,0.16000000000000014,96.0,4.0000000000000036,384.0,50.21577089054531,517,192,0.0
1927,192,8,96.0,3.84,0.16000000000000014,96.0,4.0000000000000036,384.0,50.21577089054531,517,192,0.0
1928,192,8,96.0,3.84,0.16000000000000014,96.0,4.0000000000000036,384.0,50.21577089054531,517,192,0.0
1929,192,8,96.0,3.84,0.16000000000000014,96.0,4.0000000000000036,384.0,50.21577089054531,517,192,0.0
1930,192,8,96.0,3.84,0.16000000000000014,96.0,4.0000000000000036,384.0,50.21577089054531,517,192,0.0
1931,192,8,96.0,3.84,0.16000000000000014,96.0,4.0000000000000036,384.0,50.21577089054531,517,192,0.0
1932,192,8,96.0,3.84,0.16000000000000014,96.0,4.0000000000000036,384.0,50.21577089054531,518,192,0.0
1933,192,8,96.0,3.84,0.16000000000000014,96.0,4.0000000000000036,384.0,50.21577089054531,519,192,0.0
1934,192,8,96.0,3.84,0.16000000000000014,96.0,4.0000000000000036,384.0,50.21577089054531,519,192,0.0
1935,192,8,96.0,3.84,0.16000000000000014,96.0,4.0000000000000036,384.0,50.21577089054531,520,192,0.0
1936,192,8,96.0,3.84,0.16000000000000014,96.0,4.0000000000000036,384.0,50.21577089054531,521,192,0.0
1937,192,8,96.0,3.84,0.16000000000000014,96.0,4.0000000000000036,384.0,50.21577089054531,521,192,0.0
1938,192,8,96.0,3.84,0.16000000000000014,96.0,4.0000000000000036,384.0,50.21577089054531,521,192,0.0
1939,192,8,96.0,3.84,0.16000000000000014,96.0,4.0000000000000036,384.0,50.21577089054531,521,192,0.0
1940,192,8,96.0,3.84,0.16000000000000014,96.0,4.0000000000000036,384.0,50.21577089054531,521,192,0.0
1941,192,8,96.0,3.84,0.16000000000000014,96.0,4.0000000000000036,384.0,50.21577089054531,521,192,0.0
1942,192,8,96.0,3.84,0.16000000000000014,96.0,4.0000000000000036,384.0,50.21577089054531,521,192,0.0
1943,192,8,96.0,3.84,0.16000000000000014,96.0,4.0000000000000036,384.0,50.21577089054531,521,192,0.0
1944,192,8,96.0,3.84,0.16000000000000014,96.0,4.0000000000000036,384.0,50.21577089054531,521,192,0.0
1945,192,8,96.0,3.84,0.16000000000000014,96.0,4.0000000000000036,384.0,50.21577089054531,521,192,0.0
1946,192,8,96.0,3.84,0.16000000000000014,96.0,4.0000000000000036,384.0,50.21577089054531,521,192,0.0
1947,192,8,96.0,3.84,0.16000000000000014,96.0,4.0000000000000036,384.0,50.21577089054531,521,192,0.0
1948,192,8,96.0,3.84,0.16000000000000014,96.0,4.0000000000000036,384.0,50.21577089054531,521,192,0.0
1949,192,8,96.0,3.84,0.16000000000000014,96.0,4.0000000000000036,384.0,50.21577089054531,521,192,0.0
1950,192,8,96.0,3.84,0.16000000000000014,96.0,4.0000000000000036,384.0,50.21577089054531,521,192,0.0
1951,192,8,96.0,3.84,0.16000000000000014,96.0,4.0000000000000036,384.0,50.21577089054531,521,192,0.0
1952,192,8,96.0,3.84,0.16000000000000014,96.0,4.0000000000000036,384.0,50.21577089054531,521,192,0.0
1953,192,8,96.0,3.84,0.16000000000000014,96.0,4.0000000000000036,384.0,50.21577089054531,521,192,0.0
1954,192,8,96.0,3.84,0.16000000000000014,96.0,4.0000000000000036,384.0,50.21577089054531,521,192,0.0
1955,192,8,96.0,3.84,0.16000000000000014,96.0,4.0000000000000036,384.0,50.21577089054531,521,192,0.0
1956,192,8,96.0,3.84,0.16000000000000014,96.0,4.0000000000000036,384.0,50.21577089054531,521,192,0.0
1957,192,8,96.0,3.84,0.16000000000000014,96.0,4.0000000000000036,384.0,50.21577089054531,521,192,0.0
1958,192,8,96.0,3.84,0.16000000000000014,96.0,4.0000000000000036,384.0,50.21577089054531,521,192,0.0
1959,192,8,96.0,3.84,0.16000000000000014,96.0,4.0000000000000036,384.0,50.21577089054531,521,192,0.0
1960,192,8,96.0,3.84,0.16000000000000014,96.0,4.0000000000000036,384.0,50.21577089054531,521,192,0.0
1961,192,8,96.0,3.84,0.16000000000000014,96.0,4.0000000000000036,384.0,50.21577089054531,521,192,0.0
1962,192,8,96.0,3.84,0.16000000000000014,96.0,4.0000000000000036,384.0,50.21577089054531,521,192,0.0
1963,192,8,96.0,3.84,0.16000000000000014,96.0,4.0000000000000036,384.0,50.21577089054531,521,192,0.0
1964,192,8,96.0,3.84,0.16000000000000014,96.0,4.0000000000000036,384.0,50.21577089054531,521,192,0.0
1965,192,8,96.0,3.84,0.16000000000000014,96.0,4.0000000000000036,384.0,50.21577089054531,521,192,0.0
1966,192,8,96.0,3.84,0.16000000000000014,96.0,4.0000000000000036,384.0,50.21577089054531,521,192,0.0
1967,192,8,96.0,3.84,0.16000000000000014,96.0,4.0000000000000036,384.0,50.21577089054531,521,192,0.0
1968,192,8,96.0,3.84,0.16000000000000014,96.0,4.0000000000000036,384.0,50.21577089054531,521,192,0.0
1969,192,8,96.0,3.84,0.16000000000000014,96.0,4.0000000000000036,384.0,50.21577089054531,521,192,0.0
1970,192,8,96.0,3.84,0.16000000000000014,96.0,4.0000000000000036,384.0,50.21577089054531,521,192,0.0
1971,192,8,96.0,3.84,0.16000000000000014,96.0,4.0000000000000036,384.0,50.21577089054531,521,192,0.0
1972,192,8,96.0,3.84,0.16000000000000014,96.0,4.0000000000000036,384.0,50.21577089054531,521,192,0.0
1973,192,8,96.0,3.84,0.16000000000000014,96.0,4.0000000000000036,384.0,50.21577089054531,521,192,0.0
1974,192,8,96.0,3.84,0.16000000000000014,96.0,4.0000000000000036,384.0,50.21577089054531,521,192,0.0
1975,192,8,96.0,3.84,0.16000000000000014,96.0,4.0000000000000036,384.0,50.21577089054531,521,192,0.0
1976,192,8,96.0,3.84,0.16000000000000014,96.0,4.0000000000000036,384.0,50.21577089054531,521,192,0.0
1977,192,8,96.0,3.84,0.16000000000000014,96.0,4.0000000000000036,384.0,50.21577089054531,521,192,0.0
1978,192,8,96.0,3.84,0.16000000000000014,96.0,4.0000000000000036,384.0,50.21577089054531,521,192,0.0
1979,192,8,96.0,3.84,0.16000000000000014,96.0,4.0000000000000036,384.0,50.21577089054531,521,192,0.0
1980,192,8,96.0,3.84,0.16000000000000014,96.0,4.0000000000000036,384.0,50.21577089054531,521,192,0.0
1981,192,8,96.0,3.84,0.16000000000000014,96.0,4.0000000000000036,384.0,50.21577089054531,521,192,0.0
1982,192,8,96.0,3.84,0.16000000000000014,96.0,4.0000000000000036,384.0,50.21577089054531,521,192,0.0
1983,192,8,96.0,3.84,0.16000000000000014,96.0,4.0000000000000036,384.0,50.21577089054531,521,192,0.0
1984,192,8,96.0,3.84,0.16000000000000014,96.0,4.0000000000000036,384.0,50.21577089054531,521,192,0.0
1985,192,8,96.0,3.84,0.16000000000000014,96.0,4.0000000000000036,384.0,50.21577089054531,521,192,0.0
1986,192,8,96.0,3.84,0.16000000000000014,96.0,4.0000000000000036,384.0,50.21577089054531,521,192,0.0
1987,192,8,96.0,3.84,0.16000000000000014,96.0,4.0000000000000036,384.0,50.21577089054531,521,192,0.0
1988,192,8,96.0,3.84,0.16000000000000014,96.0,4.0000000000000036,384.0,50.21577089054531,521,192,0.0
1989,192,8,96.0,3.84,0.16000000000000014,96.0,4.0000000000000036,384.0,50.21577089054531,521,192,0.0
1990,192,8,96.0,3.84,0.16000000000000014,96.0,4.0000000000000036,384.0,50.21577089054531,521,192,0.0
1991,192,8,96.0,3.84,0.16000000000000014,96.0,4.0000000000000036,384.0,50.21577089054531,521,192,0.0
1992,192,8,96.0,3.84,0.16000000000000014,96.0,4.0000000000000036,384.0,50.21577089054531,521,192,0.0
1993,192,8,96.0,3.84,0.16000000000000014,96.0,4.0000000000000036,384.0,50.21577089054531,521,192,0.0
1994,192,8,96.0,3.84,0.16000000000000014,96.0,4.0000000000000036,384.0,50.21577089054531,521,192,0.0
1995,192,8,96.0,3.84,0.16000000000000014,96.0,4.0000000000000036,384.0,50.21577089054531,521,192,0.0
1996,192,8,96.0,3.84,0.16000000000000014,96.0,4.0000000000000036,384.0,50.21577089054531,521,192,0.0
1997,192,8,96.0,3.84,0.16000000000000014,96.0,4.0000000000000036,384.0,50.21577089054531,521,192,0.0
1998,192,8,96.0,3.84,0.16000000000000014,96.0,4.0000000000000036,384.0,50.21577089054531,521,192,0.0
1999,192,8,96.0,3.84,0.16000000000000014,96.0,4.0000000000000036,384.0,50.21577089054531,521,192,0.0
2000,192,8,96.0,3.84,0.16000000000000014,96.0,4.0000000000000036,384.0,50.21577089054531,521,192,0.0
