step,n_adsorbed,n_free,percent_adsorbed,m_adsorbed_mg,m_free_mg,c_pdf_mg_l,c_remaining_mg_l,qt_mg_g,percent_qmax,n_contacts,n_adsorption_events,dqt_per_step
0,0,200,0.0,0.0,4.0,0.0,100.0,0.0,0.0,0,0,0.0
1,1,199,0.5,0.02,3.98,0.5,99.5,2.0,0.2615404733882568,1,1,2.0
2,2,198,1.0,0.04,3.96,1.0,99.0,4.0,0.5230809467765136,2,2,2.0
3,5,195,2.5,0.1,3.9,2.5,97.5,10.0,1.3077023669412842,5,5,6.0
4,5,195,2.5,0.1,3.9,2.5,97.5,10.0,1.3077023669412842,5,5,0.0
5,9,191,4.5,0.18,3.82,4.5,95.5,18.0,2.3538642604943116,9,9,8.0
6,12,188,6.0,0.24,3.76,6.0,93.99999999999999,24.0,3.1384856806590817,12,12,6.0
7,12,188,6.0,0.24,3.76,6.0,93.99999999999999,24.0,3.1384856806590817,12,12,0.0
8,12,188,6.0,0.24,3.76,6.0,93.99999999999999,24.0,3.1384856806590817,12,12,0.0
9,14,186,7.000000000000001,0.28,3.7199999999999998,7.000000000000001,92.99999999999999,28.000000000000004,3.661566627435596,14,14,4.0000000000000036
10,15,185,7.5,0.3,3.7,7.5,92.5,30.0,3.923107100823852,15,15,1.9999999999999964
11,15,185,7.5,0.3,3.7,7.5,92.5,30.0,3.923107100823852,15,15,0.0
12,17,183,8.5,0.34,3.66,8.5,91.5,34.0,4.446188047600367,17,17,4.0
13,19,181,9.5,0.38,3.62,9.5,90.5,38.0,4.96926899437688,19,19,4.0
14,20,180,10.0,0.4,3.6,10.0,90.0,40.0,5.230809467765137,20,20,2.0
15,20,180,10.0,0.4,3.6,10.0,90.0,40.0,5.230809467765137,20,20,0.0
16,21,179,10.5,0.42,3.58,10.5,89.5,42.0,5.492349941153393,21,21,2.0
17,25,175,12.5,0.5,3.5,12.5,87.5,50.0,6.53851183470642,25,25,8.0
18,25,175,12.5,0.5,3.5,12.5,87.5,50.0,6.53851183470642,25,25,0.0
19,25,175,12.5,0.5,3.5,12.5,87.5,50.0,6.53851183470642,25,25,0.0
20,27,173,13.5,0.54,3.46,13.5,86.5,54.0,7.061592781482934,27,27,4.0
21,27,173,13.5,0.54,3.46,13.5,86.5,54.0,7.061592781482934,27,27,0.0
22,29,171,14.499999999999998,0.58,3.42,14.499999999999998,85.5,57.99999999999999,7.584673728259447,29,29,3.999999999999993
23,29,171,14.499999999999998,0.58,3.42,14.499999999999998,85.5,57.99999999999999,7.584673728259447,29,29,0.0
24,31,169,15.5,0.62,3.38,15.5,84.5,62.0,8.107754675035961,31,31,4.000000000000007
25,31,169,15.5,0.62,3.38,15.5,84.5,62.0,8.107754675035961,31,31,0.0
26,31,169,15.5,0.62,3.38,15.5,84.5,62.0,8.107754675035961,31,31,0.0
27,31,169,15.5,0.62,3.38,15.5,84.5,62.0,8.107754675035961,31,31,0.0
28,31,169,15.5,0.62,3.38,15.5,84.5,62.0,8.107754675035961,31,31,0.0
29,31,169,15.5,0.62,3.38,15.5,84.5,62.0,8.107754675035961,31,31,0.0
30,31,169,15.5,0.62,3.38,15.5,84.5,62.0,8.107754675035961,31,31,0.0
31,33,167,16.5,0.66,3.34,16.5,83.5,66.0,8.630835621812475,33,33,4.0
32,33,167,16.5,0.66,3.34,16.5,83.5,66.0,8.630835621812475,33,33,0.0
33,33,167,16.5,0.66,3.34,16.5,83.5,66.0,8.630835621812475,33,33,0.0
34,35,165,17.5,0.7000000000000001,3.3,17.5,82.5,70.0,9.15391656858899,35,35,4.0
35,35,165,17.5,0.7000000000000001,3.3,17.5,82.5,70.0,9.15391656858899,35,35,0.0
36,35,165,17.5,0.7000000000000001,3.3,17.5,82.5,70.0,9.15391656858899,35,35,0.0
37,35,165,17.5,0.7000000000000001,3.3,17.5,82.5,70.0,9.15391656858899,35,35,0.0
38,35,165,17.5,0.7000000000000001,3.3,17.5,82.5,70.0,9.15391656858899,35,35,0.0
39,36,164,18.0,0.72,3.2800000000000002,18.0,82.0,72.0,9.415457041977247,36,36,2.0
40,37,163,18.5,0.74,3.26,18.5,81.5,74.0,9.676997515365503,37,37,2.0
41,37,163,18.5,0.74,3.26,18.5,81.5,74.0,9.676997515365503,37,37,0.0
42,37,163,18.5,0.74,3.26,18.5,81.5,74.0,9.676997515365503,37,37,0.0
43,38,162,19.0,0.76,3.24,19.0,81.0,76.0,9.93853798875376,38,38,2.0
44,38,162,19.0,0.76,3.24,19.0,81.0,76.0,9.93853798875376,38,38,0.0
45,39,161,19.5,0.78,3.2199999999999998,19.5,80.49999999999999,78.0,10.200078462142017,39,39,2.0
46,39,161,19.5,0.78,3.2199999999999998,19.5,80.49999999999999,78.0,10.200078462142017,39,39,0.0
47,39,161,19.5,0.78,3.2199999999999998,19.5,80.49999999999999,78.0,10.200078462142017,39,39,0.0
48,40,160,20.0,0.8,3.2,20.0,80.0,80.0,10.461618935530273,40,40,2.0
49,40,160,20.0,0.8,3.2,20.0,80.0,80.0,10.461618935530273,40,40,0.0
50,41,159,20.5,0.8200000000000001,3.1799999999999997,20.5,79.49999999999999,82.0,10.72315940891853,41,41,2.0
51,41,159,20.5,0.8200000000000001,3.1799999999999997,20.5,79.49999999999999,82.0,10.72315940891853,41,41,0.0
52,41,159,20.5,0.8200000000000001,3.1799999999999997,20.5,79.49999999999999,82.0,10.72315940891853,41,41,0.0
53,41,159,20.5,0.8200000000000001,3.1799999999999997,20.5,79.49999999999999,82.0,10.72315940891853,41,41,0.0
54,42,158,21.0,0.84,3.16,21.0,79.0,84.0,10.984699882306787,42,42,2.0
55,42,158,21.0,0.84,3.16,21.0,79.0,84.0,10.984699882306787,42,42,0.0
56,42,158,21.0,0.84,3.16,21.0,79.0,84.0,10.984699882306787,42,42,0.0
57,43,157,21.5,0.86,3.14,21.5,78.5,86.0,11.246240355695043,43,43,2.0
58,44,156,22.0,0.88,3.12,22.0,78.0,88.0,11.5077808290833,44,44,2.0
59,44,156,22.0,0.88,3.12,22.0,78.0,88.0,11.5077808290833,44,44,0.0
60,44,156,22.0,0.88,3.12,22.0,78.0,88.0,11.5077808290833,44,44,0.0
61,44,156,22.0,0.88,3.12,22.0,78.0,88.0,11.5077808290833,44,44,0.0
62,45,155,22.5,0.9,3.1,22.5,77.5,90.0,11.769321302471557,45,45,2.0
63,45,155,22.5,0.9,3.1,22.5,77.5,90.0,11.769321302471557,45,45,0.0
64,46,154,23.0,0.92,3.08,23.0,77.0,92.0,12.030861775859814,46,46,2.0
65,47,153,23.5,0.9400000000000001,3.06,23.5,76.5,94.0,12.29240224924807,47,47,2.0
66,47,153,23.5,0.9400000000000001,3.06,23.5,76.5,94.0,12.29240224924807,47,47,0.0
67,47,153,23.5,0.9400000000000001,3.06,23.5,76.5,94.0,12.29240224924807,47,47,0.0
68,47,153,23.5,0.9400000000000001,3.06,23.5,76.5,94.0,12.29240224924807,47,47,0.0
69,47,153,23.5,0.9400000000000001,3.06,23.5,76.5,94.0,12.29240224924807,47,47,0.0
70,48,152,24.0,0.96,3.04,24.0,76.0,96.0,12.553942722636327,48,48,2.0
71,48,152,24.0,0.96,3.04,24.0,76.0,96.0,12.553942722636327,48,48,0.0
72,48,152,24.0,0.96,3.04,24.0,76.0,96.0,12.553942722636327,48,48,0.0
73,48,152,24.0,0.96,3.04,24.0,76.0,96.0,12.553942722636327,48,48,0.0
74,49,151,24.5,0.98,3.02,24.5,75.5,98.0,12.815483196024585,49,49,2.0
75,50,150,25.0,1.0,3.0,25.0,75.0,100.0,13.07702366941284,50,50,2.0
76,50,150,25.0,1.0,3.0,25.0,75.0,100.0,13.07702366941284,50,50,0.0
77,51,149,25.5,1.02,2.98,25.5,74.5,102.0,13.338564142801099,51,51,2.0
78,52,148,26.0,1.04,2.96,26.0,74.0,104.0,13.600104616189354,52,52,2.0
79,52,148,26.0,1.04,2.96,26.0,74.0,104.0,13.600104616189354,52,52,0.0
80,52,148,26.0,1.04,2.96,26.0,74.0,104.0,13.600104616189354,52,52,0.0
81,52,148,26.0,1.04,2.96,26.0,74.0,104.0,13.600104616189354,52,52,0.0
82,53,147,26.5,1.06,2.94,26.5,73.5,106.0,13.861645089577612,53,53,2.0
83,53,147,26.5,1.06,2.94,26.5,73.5,106.0,13.861645089577612,53,53,0.0
84,53,147,26.5,1.06,2.94,26.5,73.5,106.0,13.861645089577612,53,53,0.0
85,53,147,26.5,1.06,2.94,26.5,73.5,106.0,13.861645089577612,53,53,0.0
86,53,147,26.5,1.06,2.94,26.5,73.5,106.0,13.861645089577612,53,53,0.0
87,53,147,26.5,1.06,2.94,26.5,73.5,106.0,13.861645089577612,53,53,0.0
88,53,147,26.5,1.06,2.94,26.5,73.5,106.0,13.861645089577612,53,53,0.0
89,53,147,26.5,1.06,2.94,26.5,73.5,106.0,13.861645089577612,53,53,0.0
90,53,147,26.5,1.06,2.94,26.5,73.5,106.0,13.861645089577612,53,53,0.0
91,53,147,26.5,1.06,2.94,26.5,73.5,106.0,13.861645089577612,53,53,0.0
92,53,147,26.5,1.06,2.94,26.5,73.5,106.0,13.861645089577612,53,53,0.0
93,54,146,27.0,1.08,2.92,27.0,73.0,108.0,14.123185562965867,54,54,2.0
94,54,146,27.0,1.08,2.92,27.0,73.0,108.0,14.123185562965867,54,54,0.0
95,54,146,27.0,1.08,2.92,27.0,73.0,108.0,14.123185562965867,54,54,0.0
96,54,146,27.0,1.08,2.92,27.0,73.0,108.0,14.123185562965867,54,54,0.0
97,55,145,27.500000000000004,1.1,2.9,27.5,72.5,110.0,14.384726036354126,55,55,2.0
98,55,145,27.500000000000004,1.1,2.9,27.5,72.5,110.0,14.384726036354126,55,55,0.0
99,55,145,27.500000000000004,1.1,2.9,27.5,72.5,110.0,14.384726036354126,55,55,0.0
100,55,145,27.500000000000004,1.1,2.9,27.5,72.5,110.0,14.384726036354126,55,55,0.0
101,55,145,27.500000000000004,1.1,2.9,27.5,72.5,110.0,14.384726036354126,55,55,0.0
102,55,145,27.500000000000004,1.1,2.9,27.5,72.5,110.0,14.384726036354126,55,55,0.0
103,55,145,27.500000000000004,1.1,2.9,27.5,72.5,110.0,14.384726036354126,55,55,0.0
104,55,145,27.500000000000004,1.1,2.9,27.5,72.5,110.0,14.384726036354126,55,55,0.0
105,55,145,27.500000000000004,1.1,2.9,27.5,72.5,110.0,14.384726036354126,55,55,0.0
106,55,145,27.500000000000004,1.1,2.9,27.5,72.5,110.0,14.384726036354126,55,55,0.0
107,56,144,28.000000000000004,1.12,2.88,28.000000000000004,72.0,112.00000000000001,14.646266509742384,56,56,2.000000000000014
108,57,143,28.499999999999996,1.1400000000000001,2.86,28.500000000000004,71.5,114.00000000000001,14.907806983130639,57,57,2.0
109,58,142,28.999999999999996,1.16,2.84,28.999999999999996,71.0,115.99999999999999,15.169347456518894,58,58,1.9999999999999716
110,61,139,30.5,1.22,2.7800000000000002,30.5,69.5,122.0,15.953968876683666,61,61,6.000000000000014
111,61,139,30.5,1.22,2.7800000000000002,30.5,69.5,122.0,15.953968876683666,61,61,0.0
112,61,139,30.5,1.22,2.7800000000000002,30.5,69.5,122.0,15.953968876683666,61,61,0.0
113,61,139,30.5,1.22,2.7800000000000002,30.5,69.5,122.0,15.953968876683666,61,61,0.0
114,62,138,31.0,1.24,2.76,31.0,69.0,124.0,16.215509350071923,62,62,2.0
115,63,137,31.5,1.26,2.74,31.5,68.5,126.0,16.47704982346018,63,63,2.0
116,63,137,31.5,1.26,2.74,31.5,68.5,126.0,16.47704982346018,63,63,0.0
117,63,137,31.5,1.26,2.74,31.5,68.5,126.0,16.47704982346018,63,63,0.0
118,63,137,31.5,1.26,2.74,31.5,68.5,126.0,16.47704982346018,63,63,0.0
119,64,136,32.0,1.28,2.7199999999999998,32.0,67.99999999999999,128.0,16.738590296848436,64,64,2.0
120,65,135,32.5,1.3,2.7,32.5,67.5,130.0,17.000130770236694,65,65,2.0
121,65,135,32.5,1.3,2.7,32.5,67.5,130.0,17.000130770236694,65,65,0.0
122,65,135,32.5,1.3,2.7,32.5,67.5,130.0,17.000130770236694,65,65,0.0
123,65,135,32.5,1.3,2.7,32.5,67.5,130.0,17.000130770236694,65,65,0.0
124,65,135,32.5,1.3,2.7,32.5,67.5,130.0,17.000130770236694,65,65,0.0
125,65,135,32.5,1.3,2.7,32.5,67.5,130.0,17.000130770236694,65,65,0.0
126,65,135,32.5,1.3,2.7,32.5,67.5,130.0,17.000130770236694,65,65,0.0
127,65,135,32.5,1.3,2.7,32.5,67.5,130.0,17.000130770236694,65,65,0.0
128,66,134,33.0,1.32,2.6799999999999997,33.0,66.99999999999999,132.0,17.26167124362495,66,66,2.0
129,66,134,33.0,1.32,2.6799999999999997,33.0,66.99999999999999,132.0,17.26167124362495,66,66,0.0
130,67,133,33.5,1.34,2.66,33.5,66.5,134.0,17.523211717013208,67,67,2.0
131,67,133,33.5,1.34,2.66,33.5,66.5,134.0,17.523211717013208,67,67,0.0
132,68,132,34.0,1.36,2.6399999999999997,34.0,65.99999999999999,136.0,17.784752190401466,68,68,2.0
133,68,132,34.0,1.36,2.6399999999999997,34.0,65.99999999999999,136.0,17.784752190401466,68,68,0.0
134,68,132,34.0,1.36,2.6399999999999997,34.0,65.99999999999999,136.0,17.784752190401466,68,68,0.0
135,69,131,34.5,1.3800000000000001,2.62,34.5,65.5,138.0,18.04629266378972,69,69,2.0
136,69,131,34.5,1.3800000000000001,2.62,34.5,65.5,138.0,18.04629266378972,69,69,0.0
137,69,131,34.5,1.3800000000000001,2.62,34.5,65.5,138.0,18.04629266378972,69,69,0.0
138,69,131,34.5,1.3800000000000001,2.62,34.5,65.5,138.0,18.04629266378972,69,69,0.0
139,69,131,34.5,1.3800000000000001,2.62,34.5,65.5,138.0,18.04629266378972,69,69,0.0
140,69,131,34.5,1.3800000000000001,2.62,34.5,65.5,138.0,18.04629266378972,69,69,0.0
141,71,129,35.5,1.42,2.58,35.5,64.5,142.0,18.569373610566235,71,71,4.0
142,71,129,35.5,1.42,2.58,35.5,64.5,142.0,18.569373610566235,71,71,0.0
143,71,129,35.5,1.42,2.58,35.5,64.5,142.0,18.569373610566235,71,71,0.0
144,71,129,35.5,1.42,2.58,35.5,64.5,142.0,18.569373610566235,71,71,0.0
145,71,129,35.5,1.42,2.58,35.5,64.5,142.0,18.569373610566235,71,71,0.0
146,72,128,36.0,1.44,2.56,36.0,64.0,144.0,18.830914083954493,72,72,2.0
147,72,128,36.0,1.44,2.56,36.0,64.0,144.0,18.830914083954493,72,72,0.0
148,72,128,36.0,1.44,2.56,36.0,64.0,144.0,18.830914083954493,72,72,0.0
149,72,128,36.0,1.44,2.56,36.0,64.0,144.0,18.830914083954493,72,72,0.0
150,72,128,36.0,1.44,2.56,36.0,64.0,144.0,18.830914083954493,72,72,0.0
151,72,128,36.0,1.44,2.56,36.0,64.0,144.0,18.830914083954493,72,72,0.0
152,73,127,36.5,1.46,2.54,36.5,63.5,146.0,19.092454557342748,73,73,2.0
153,74,126,37.0,1.48,2.52,37.0,63.0,148.0,19.353995030731006,74,74,2.0
154,74,126,37.0,1.48,2.52,37.0,63.0,148.0,19.353995030731006,74,74,0.0
155,74,126,37.0,1.48,2.52,37.0,63.0,148.0,19.353995030731006,74,74,0.0
156,74,126,37.0,1.48,2.52,37.0,63.0,148.0,19.353995030731006,74,74,0.0
157,74,126,37.0,1.48,2.52,37.0,63.0,148.0,19.353995030731006,74,74,0.0
158,74,126,37.0,1.48,2.52,37.0,63.0,148.0,19.353995030731006,74,74,0.0
159,74,126,37.0,1.48,2.52,37.0,63.0,148.0,19.353995030731006,74,74,0.0
160,74,126,37.0,1.48,2.52,37.0,63.0,148.0,19.353995030731006,74,74,0.0
161,75,125,37.5,1.5,2.5,37.5,62.5,150.0,19.61553550411926,75,75,2.0
162,75,125,37.5,1.5,2.5,37.5,62.5,150.0,19.61553550411926,76,75,0.0
163,75,125,37.5,1.5,2.5,37.5,62.5,150.0,19.61553550411926,77,75,0.0
164,77,123,38.5,1.54,2.46,38.5,61.5,154.0,20.138616450895775,79,77,4.0
165,77,123,38.5,1.54,2.46,38.5,61.5,154.0,20.138616450895775,79,77,0.0
166,77,123,38.5,1.54,2.46,38.5,61.5,154.0,20.138616450895775,80,77,0.0
167,79,121,39.5,1.58,2.42,39.5,60.5,158.0,20.661697397672288,83,79,4.0
168,79,121,39.5,1.58,2.42,39.5,60.5,158.0,20.661697397672288,83,79,0.0
169,79,121,39.5,1.58,2.42,39.5,60.5,158.0,20.661697397672288,83,79,0.0
170,80,120,40.0,1.6,2.4,40.0,60.0,160.0,20.923237871060547,84,80,2.0
171,80,120,40.0,1.6,2.4,40.0,60.0,160.0,20.923237871060547,84,80,0.0
172,81,119,40.5,1.62,2.38,40.5,59.49999999999999,162.0,21.1847783444488,85,81,2.0
173,81,119,40.5,1.62,2.38,40.5,59.49999999999999,162.0,21.1847783444488,85,81,0.0
174,81,119,40.5,1.62,2.38,40.5,59.49999999999999,162.0,21.1847783444488,85,81,0.0
175,82,118,41.0,1.6400000000000001,2.36,41.0,58.99999999999999,164.0,21.44631881783706,86,82,2.0
176,82,118,41.0,1.6400000000000001,2.36,41.0,58.99999999999999,164.0,21.44631881783706,86,82,0.0
177,82,118,41.0,1.6400000000000001,2.36,41.0,58.99999999999999,164.0,21.44631881783706,86,82,0.0
178,82,118,41.0,1.6400000000000001,2.36,41.0,58.99999999999999,164.0,21.44631881783706,86,82,0.0
179,82,118,41.0,1.6400000000000001,2.36,41.0,58.99999999999999,164.0,21.44631881783706,86,82,0.0
180,82,118,41.0,1.6400000000000001,2.36,41.0,58.99999999999999,164.0,21.44631881783706,86,82,0.0
181,82,118,41.0,1.6400000000000001,2.36,41.0,58.99999999999999,164.0,21.44631881783706,86,82,0.0
182,82,118,41.0,1.6400000000000001,2.36,41.0,58.99999999999999,164.0,21.44631881783706,86,82,0.0
183,82,118,41.0,1.6400000000000001,2.36,41.0,58.99999999999999,164.0,21.44631881783706,86,82,0.0
184,82,118,41.0,1.6400000000000001,2.36,41.0,58.99999999999999,164.0,21.44631881783706,86,82,0.0
185,82,118,41.0,1.6400000000000001,2.36,41.0,58.99999999999999,164.0,21.44631881783706,86,82,0.0
186,82,118,41.0,1.6400000000000001,2.36,41.0,58.99999999999999,164.0,21.44631881783706,86,82,0.0
187,82,118,41.0,1.6400000000000001,2.36,41.0,58.99999999999999,164.0,21.44631881783706,86,82,0.0
188,82,118,41.0,1.6400000000000001,2.36,41.0,58.99999999999999,164.0,21.44631881783706,86,82,0.0
189,82,118,41.0,1.6400000000000001,2.36,41.0,58.99999999999999,164.0,21.44631881783706,86,82,0.0
190,82,118,41.0,1.6400000000000001,2.36,41.0,58.99999999999999,164.0,21.44631881783706,86,82,0.0
191,84,116,42.0,1.68,2.3200000000000003,42.0,58.00000000000001,168.0,21.969399764613573,88,84,4.0
192,84,116,42.0,1.68,2.3200000000000003,42.0,58.00000000000001,168.0,21.969399764613573,88,84,0.0
193,84,116,42.0,1.68,2.3200000000000003,42.0,58.00000000000001,168.0,21.969399764613573,88,84,0.0
194,85,115,42.5,1.7,2.3,42.5,57.49999999999999,170.0,22.23094023800183,89,85,2.0
195,86,114,43.0,1.72,2.2800000000000002,43.0,57.00000000000001,172.0,22.492480711390087,90,86,2.0
196,86,114,43.0,1.72,2.2800000000000002,43.0,57.00000000000001,172.0,22.492480711390087,90,86,0.0
197,86,114,43.0,1.72,2.2800000000000002,43.0,57.00000000000001,172.0,22.492480711390087,90,86,0.0
198,86,114,43.0,1.72,2.2800000000000002,43.0,57.00000000000001,172.0,22.492480711390087,90,86,0.0
199,86,114,43.0,1.72,2.2800000000000002,43.0,57.00000000000001,172.0,22.492480711390087,90,86,0.0
200,86,114,43.0,1.72,2.2800000000000002,43.0,57.00000000000001,172.0,22.492480711390087,90,86,0.0
201,86,114,43.0,1.72,2.2800000000000002,43.0,57.00000000000001,172.0,22.492480711390087,90,86,0.0
202,87,113,43.5,1.74,2.26,43.5,56.49999999999999,174.0,22.754021184778342,91,87,2.0
203,87,113,43.5,1.74,2.26,43.5,56.49999999999999,174.0,22.754021184778342,92,87,0.0
204,87,113,43.5,1.74,2.26,43.5,56.49999999999999,174.0,22.754021184778342,93,87,0.0
205,87,113,43.5,1.74,2.26,43.5,56.49999999999999,174.0,22.754021184778342,93,87,0.0
206,88,112,44.0,1.76,2.24,44.0,56.00000000000001,176.0,23.0155616581666,94,88,2.0
207,89,111,44.5,1.78,2.2199999999999998,44.5,55.49999999999999,178.0,23.277102131554855,95,89,2.0
208,89,111,44.5,1.78,2.2199999999999998,44.5,55.49999999999999,178.0,23.277102131554855,95,89,0.0
209,90,110,45.0,1.8,2.2,45.0,55.0,180.0,23.538642604943114,96,90,2.0
210,90,110,45.0,1.8,2.2,45.0,55.0,180.0,23.538642604943114,96,90,0.0
211,90,110,45.0,1.8,2.2,45.0,55.0,180.0,23.538642604943114,96,90,0.0
212,90,110,45.0,1.8,2.2,45.0,55.0,180.0,23.538642604943114,96,90,0.0
213,90,110,45.0,1.8,2.2,45.0,55.0,180.0,23.538642604943114,96,90,0.0
214,92,108,46.0,1.84,2.16,46.0,54.0,184.0,24.061723551719627,98,92,4.0
215,92,108,46.0,1.84,2.16,46.0,54.0,184.0,24.061723551719627,98,92,0.0
216,92,108,46.0,1.84,2.16,46.0,54.0,184.0,24.061723551719627,98,92,0.0
217,92,108,46.0,1.84,2.16,46.0,54.0,184.0,24.061723551719627,98,92,0.0
218,92,108,46.0,1.84,2.16,46.0,54.0,184.0,24.061723551719627,98,92,0.0
219,93,107,46.5,1.86,2.1399999999999997,46.5,53.49999999999999,186.0,24.323264025107886,99,93,2.0
220,93,107,46.5,1.86,2.1399999999999997,46.5,53.49999999999999,186.0,24.323264025107886,99,93,0.0
221,94,106,47.0,1.8800000000000001,2.12,47.0,53.0,188.0,24.58480449849614,100,94,2.0
222,94,106,47.0,1.8800000000000001,2.12,47.0,53.0,188.0,24.58480449849614,100,94,0.0
223,94,106,47.0,1.8800000000000001,2.12,47.0,53.0,188.0,24.58480449849614,100,94,0.0
224,94,106,47.0,1.8800000000000001,2.12,47.0,53.0,188.0,24.58480449849614,100,94,0.0
225,94,106,47.0,1.8800000000000001,2.12,47.0,53.0,188.0,24.58480449849614,100,94,0.0
226,94,106,47.0,1.8800000000000001,2.12,47.0,53.0,188.0,24.58480449849614,100,94,0.0
227,94,106,47.0,1.8800000000000001,2.12,47.0,53.0,188.0,24.58480449849614,100,94,0.0
228,95,105,47.5,1.9000000000000001,2.0999999999999996,47.5,52.49999999999999,190.0,24.8463449718844,101,95,2.0
229,95,105,47.5,1.9000000000000001,2.0999999999999996,47.5,52.49999999999999,190.0,24.8463449718844,101,95,0.0
230,96,104,48.0,1.92,2.08,48.0,52.0,192.0,25.107885445272654,102,96,2.0
231,96,104,48.0,1.92,2.08,48.0,52.0,192.0,25.107885445272654,102,96,0.0
232,96,104,48.0,1.92,2.08,48.0,52.0,192.0,25.107885445272654,102,96,0.0
233,96,104,48.0,1.92,2.08,48.0,52.0,192.0,25.107885445272654,102,96,0.0
234,98,102,49.0,1.96,2.04,49.0,51.0,196.0,25.63096639204917,104,98,4.0
235,98,102,49.0,1.96,2.04,49.0,51.0,196.0,25.63096639204917,104,98,0.0
236,98,102,49.0,1.96,2.04,49.0,51.0,196.0,25.63096639204917,104,98,0.0
237,99,101,49.5,1.98,2.02,49.5,50.5,198.0,25.892506865437426,105,99,2.0
238,100,100,50.0,2.0,2.0,50.0,50.0,200.0,26.15404733882568,106,100,2.0
239,100,100,50.0,2.0,2.0,50.0,50.0,200.0,26.15404733882568,106,100,0.0
240,100,100,50.0,2.0,2.0,50.0,50.0,200.0,26.15404733882568,106,100,0.0
241,100,100,50.0,2.0,2.0,50.0,50.0,200.0,26.15404733882568,106,100,0.0
242,100,100,50.0,2.0,2.0,50.0,50.0,200.0,26.15404733882568,106,100,0.0
243,100,100,50.0,2.0,2.0,50.0,50.0,200.0,26.15404733882568,106,100,0.0
244,100,100,50.0,2.0,2.0,50.0,50.0,200.0,26.15404733882568,106,100,0.0
245,100,100,50.0,2.0,2.0,50.0,50.0,200.0,26.15404733882568,106,100,0.0
246,103,97,51.5,2.06,1.94,51.5,48.5,206.0,26.938668758990453,109,103,6.0
247,103,97,51.5,2.06,1.94,51.5,48.5,206.0,26.938668758990453,109,103,0.0
248,104,96,52.0,2.08,1.92,52.0,48.0,208.0,27.200209232378707,110,104,2.0
249,104,96,52.0,2.08,1.92,52.0,48.0,208.0,27.200209232378707,110,104,0.0
250,104,96,52.0,2.08,1.92,52.0,48.0,208.0,27.200209232378707,110,104,0.0
251,104,96,52.0,2.08,1.92,52.0,48.0,208.0,27.200209232378707,110,104,0.0
252,105,95,52.5,2.1,1.9,52.5,47.5,210.0,27.461749705766962,111,105,2.0
253,106,94,53.0,2.12,1.88,53.0,46.99999999999999,212.0,27.723290179155224,112,106,2.0
254,106,94,53.0,2.12,1.88,53.0,46.99999999999999,212.0,27.723290179155224,112,106,0.0
255,106,94,53.0,2.12,1.88,53.0,46.99999999999999,212.0,27.723290179155224,112,106,0.0
256,106,94,53.0,2.12,1.88,53.0,46.99999999999999,212.0,27.723290179155224,112,106,0.0
257,106,94,53.0,2.12,1.88,53.0,46.99999999999999,212.0,27.723290179155224,112,106,0.0
258,106,94,53.0,2.12,1.88,53.0,46.99999999999999,212.0,27.723290179155224,113,106,0.0
259,106,94,53.0,2.12,1.88,53.0,46.99999999999999,212.0,27.723290179155224,113,106,0.0
260,106,94,53.0,2.12,1.88,53.0,46.99999999999999,212.0,27.723290179155224,114,106,0.0
261,106,94,53.0,2.12,1.88,53.0,46.99999999999999,212.0,27.723290179155224,115,106,0.0
262,106,94,53.0,2.12,1.88,53.0,46.99999999999999,212.0,27.723290179155224,115,106,0.0
263,107,93,53.5,2.14,1.8599999999999999,53.5,46.49999999999999,214.0,27.98483065254348,116,107,2.0
264,107,93,53.5,2.14,1.8599999999999999,53.5,46.49999999999999,214.0,27.98483065254348,116,107,0.0
265,107,93,53.5,2.14,1.8599999999999999,53.5,46.49999999999999,214.0,27.98483065254348,117,107,0.0
266,107,93,53.5,2.14,1.8599999999999999,53.5,46.49999999999999,214.0,27.98483065254348,118,107,0.0
267,108,92,54.0,2.16,1.8399999999999999,54.0,45.99999999999999,216.0,28.246371125931734,119,108,2.0
268,108,92,54.0,2.16,1.8399999999999999,54.0,45.99999999999999,216.0,28.246371125931734,119,108,0.0
269,108,92,54.0,2.16,1.8399999999999999,54.0,45.99999999999999,216.0,28.246371125931734,119,108,0.0
270,109,91,54.50000000000001,2.18,1.8199999999999998,54.5,45.49999999999999,218.0,28.50791159931999,120,109,2.0
271,109,91,54.50000000000001,2.18,1.8199999999999998,54.5,45.49999999999999,218.0,28.50791159931999,120,109,0.0
272,109,91,54.50000000000001,2.18,1.8199999999999998,54.5,45.49999999999999,218.0,28.50791159931999,120,109,0.0
273,109,91,54.50000000000001,2.18,1.8199999999999998,54.5,45.49999999999999,218.0,28.50791159931999,120,109,0.0
274,109,91,54.50000000000001,2.18,1.8199999999999998,54.5,45.49999999999999,218.0,28.50791159931999,120,109,0.0
275,109,91,54.50000000000001,2.18,1.8199999999999998,54.5,45.49999999999999,218.0,28.50791159931999,120,109,0.0
276,109,91,54.50000000000001,2.18,1.8199999999999998,54.5,45.49999999999999,218.0,28.50791159931999,120,109,0.0
277,109,91,54.50000000000001,2.18,1.8199999999999998,54.5,45.49999999999999,218.0,28.50791159931999,121,109,0.0
278,109,91,54.50000000000001,2.18,1.8199999999999998,54.5,45.49999999999999,218.0,28.50791159931999,122,109,0.0
279,109,91,54.50000000000001,2.18,1.8199999999999998,54.5,45.49999999999999,218.0,28.50791159931999,123,109,0.0
280,109,91,54.50000000000001,2.18,1.8199999999999998,54.5,45.49999999999999,218.0,28.50791159931999,124,109,0.0
281,109,91,54.50000000000001,2.18,1.8199999999999998,54.5,45.49999999999999,218.0,28.50791159931999,125,109,0.0
282,110,90,55.00000000000001,2.2,1.7999999999999998,55.0,44.99999999999999,220.0,28.76945207270825,127,110,2.0
283,110,90,55.00000000000001,2.2,1.7999999999999998,55.0,44.99999999999999,220.0,28.76945207270825,128,110,0.0
284,110,90,55.00000000000001,2.2,1.7999999999999998,55.0,44.99999999999999,220.0,28.76945207270825,129,110,0.0
285,110,90,55.00000000000001,2.2,1.7999999999999998,55.0,44.99999999999999,220.0,28.76945207270825,130,110,0.0
286,110,90,55.00000000000001,2.2,1.7999999999999998,55.0,44.99999999999999,220.0,28.76945207270825,131,110,0.0
287,110,90,55.00000000000001,2.2,1.7999999999999998,55.0,44.99999999999999,220.0,28.76945207270825,132,110,0.0
288,111,89,55.50000000000001,2.22,1.7799999999999998,55.50000000000001,44.49999999999999,222.00000000000003,29.030992546096513,133,111,2.0000000000000284
289,111,89,55.50000000000001,2.22,1.7799999999999998,55.50000000000001,44.49999999999999,222.00000000000003,29.030992546096513,133,111,0.0
290,111,89,55.50000000000001,2.22,1.7799999999999998,55.50000000000001,44.49999999999999,222.00000000000003,29.030992546096513,134,111,0.0
291,112,88,56.00000000000001,2.24,1.7599999999999998,56.00000000000001,43.99999999999999,224.00000000000003,29.292533019484768,135,112,2.0
292,112,88,56.00000000000001,2.24,1.7599999999999998,56.00000000000001,43.99999999999999,224.00000000000003,29.292533019484768,135,112,0.0
293,112,88,56.00000000000001,2.24,1.7599999999999998,56.00000000000001,43.99999999999999,224.00000000000003,29.292533019484768,135,112,0.0
294,112,88,56.00000000000001,2.24,1.7599999999999998,56.00000000000001,43.99999999999999,224.00000000000003,29.292533019484768,135,112,0.0
295,112,88,56.00000000000001,2.24,1.7599999999999998,56.00000000000001,43.99999999999999,224.00000000000003,29.292533019484768,135,112,0.0
296,112,88,56.00000000000001,2.24,1.7599999999999998,56.00000000000001,43.99999999999999,224.00000000000003,29.292533019484768,135,112,0.0
297,112,88,56.00000000000001,2.24,1.7599999999999998,56.00000000000001,43.99999999999999,224.00000000000003,29.292533019484768,135,112,0.0
298,112,88,56.00000000000001,2.24,1.7599999999999998,56.00000000000001,43.99999999999999,224.00000000000003,29.292533019484768,135,112,0.0
299,113,87,56.49999999999999,2.2600000000000002,1.7399999999999998,56.50000000000001,43.49999999999999,226.00000000000003,29.554073492873023,136,113,2.0
300,113,87,56.49999999999999,2.2600000000000002,1.7399999999999998,56.50000000000001,43.49999999999999,226.00000000000003,29.554073492873023,136,113,0.0
301,114,86,56.99999999999999,2.2800000000000002,1.7199999999999998,57.00000000000001,42.99999999999999,228.00000000000003,29.815613966261278,137,114,2.0
302,115,85,57.49999999999999,2.3000000000000003,1.6999999999999997,57.50000000000001,42.49999999999999,230.00000000000003,30.07715443964954,138,115,2.0
303,115,85,57.49999999999999,2.3000000000000003,1.6999999999999997,57.50000000000001,42.49999999999999,230.00000000000003,30.07715443964954,138,115,0.0
304,115,85,57.49999999999999,2.3000000000000003,1.6999999999999997,57.50000000000001,42.49999999999999,230.00000000000003,30.07715443964954,138,115,0.0
305,116,84,57.99999999999999,2.32,1.6800000000000002,57.99999999999999,42.0,231.99999999999997,30.338694913037788,139,116,1.9999999999999432
306,116,84,57.99999999999999,2.32,1.6800000000000002,57.99999999999999,42.0,231.99999999999997,30.338694913037788,139,116,0.0
307,116,84,57.99999999999999,2.32,1.6800000000000002,57.99999999999999,42.0,231.99999999999997,30.338694913037788,139,116,0.0
308,116,84,57.99999999999999,2.32,1.6800000000000002,57.99999999999999,42.0,231.99999999999997,30.338694913037788,139,116,0.0
309,116,84,57.99999999999999,2.32,1.6800000000000002,57.99999999999999,42.0,231.99999999999997,30.338694913037788,139,116,0.0
310,116,84,57.99999999999999,2.32,1.6800000000000002,57.99999999999999,42.0,231.99999999999997,30.338694913037788,139,116,0.0
311,116,84,57.99999999999999,2.32,1.6800000000000002,57.99999999999999,42.0,231.99999999999997,30.338694913037788,139,116,0.0
312,116,84,57.99999999999999,2.32,1.6800000000000002,57.99999999999999,42.0,231.99999999999997,30.338694913037788,139,116,0.0
313,117,83,58.5,2.34,1.6600000000000001,58.49999999999999,41.5,233.99999999999997,30.600235386426043,140,117,2.0
314,117,83,58.5,2.34,1.6600000000000001,58.49999999999999,41.5,233.99999999999997,30.600235386426043,140,117,0.0
315,117,83,58.5,2.34,1.6600000000000001,58.49999999999999,41.5,233.99999999999997,30.600235386426043,140,117,0.0
316,117,83,58.5,2.34,1.6600000000000001,58.49999999999999,41.5,233.99999999999997,30.600235386426043,140,117,0.0
317,117,83,58.5,2.34,1.6600000000000001,58.49999999999999,41.5,233.99999999999997,30.600235386426043,140,117,0.0
318,117,83,58.5,2.34,1.6600000000000001,58.49999999999999,41.5,233.99999999999997,30.600235386426043,140,117,0.0
319,117,83,58.5,2.34,1.6600000000000001,58.49999999999999,41.5,233.99999999999997,30.600235386426043,140,117,0.0
320,117,83,58.5,2.34,1.6600000000000001,58.49999999999999,41.5,233.99999999999997,30.600235386426043,140,117,0.0
321,117,83,58.5,2.34,1.6600000000000001,58.49999999999999,41.5,233.99999999999997,30.600235386426043,140,117,0.0
322,117,83,58.5,2.34,1.6600000000000001,58.49999999999999,41.5,233.99999999999997,30.600235386426043,140,117,0.0
323,117,83,58.5,2.34,1.6600000000000001,58.49999999999999,41.5,233.99999999999997,30.600235386426043,140,117,0.0
324,118,82,59.0,2.36,1.6400000000000001,58.99999999999999,41.0,235.99999999999997,30.8617758598143,141,118,2.0
325,118,82,59.0,2.36,1.6400000000000001,58.99999999999999,41.0,235.99999999999997,30.8617758598143,141,118,0.0
326,118,82,59.0,2.36,1.6400000000000001,58.99999999999999,41.0,235.99999999999997,30.8617758598143,141,118,0.0
327,118,82,59.0,2.36,1.6400000000000001,58.99999999999999,41.0,235.99999999999997,30.8617758598143,141,118,0.0
328,118,82,59.0,2.36,1.6400000000000001,58.99999999999999,41.0,235.99999999999997,30.8617758598143,141,118,0.0
329,118,82,59.0,2.36,1.6400000000000001,58.99999999999999,41.0,235.99999999999997,30.8617758598143,141,118,0.0
330,118,82,59.0,2.36,1.6400000000000001,58.99999999999999,41.0,235.99999999999997,30.8617758598143,141,118,0.0
331,118,82,59.0,2.36,1.6400000000000001,58.99999999999999,41.0,235.99999999999997,30.8617758598143,141,118,0.0
332,118,82,59.0,2.36,1.6400000000000001,58.99999999999999,41.0,235.99999999999997,30.8617758598143,141,118,0.0
333,118,82,59.0,2.36,1.6400000000000001,58.99999999999999,41.0,235.99999999999997,30.8617758598143,142,118,0.0
334,118,82,59.0,2.36,1.6400000000000001,58.99999999999999,41.0,235.99999999999997,30.8617758598143,142,118,0.0
335,118,82,59.0,2.36,1.6400000000000001,58.99999999999999,41.0,235.99999999999997,30.8617758598143,142,118,0.0
336,119,81,59.5,2.38,1.62,59.49999999999999,40.5,237.99999999999997,31.123316333202556,143,119,2.0
337,119,81,59.5,2.38,1.62,59.49999999999999,40.5,237.99999999999997,31.123316333202556,143,119,0.0
338,119,81,59.5,2.38,1.62,59.49999999999999,40.5,237.99999999999997,31.123316333202556,143,119,0.0
339,120,80,60.0,2.4,1.6,60.0,40.0,240.0,31.384856806590815,144,120,2.0000000000000284
340,121,79,60.5,2.42,1.58,60.5,39.5,242.0,31.646397279979077,145,121,2.0
341,121,79,60.5,2.42,1.58,60.5,39.5,242.0,31.646397279979077,145,121,0.0
342,121,79,60.5,2.42,1.58,60.5,39.5,242.0,31.646397279979077,145,121,0.0
343,121,79,60.5,2.42,1.58,60.5,39.5,242.0,31.646397279979077,145,121,0.0
344,121,79,60.5,2.42,1.58,60.5,39.5,242.0,31.646397279979077,145,121,0.0
345,121,79,60.5,2.42,1.58,60.5,39.5,242.0,31.646397279979077,145,121,0.0
346,121,79,60.5,2.42,1.58,60.5,39.5,242.0,31.646397279979077,145,121,0.0
347,121,79,60.5,2.42,1.58,60.5,39.5,242.0,31.646397279979077,145,121,0.0
348,121,79,60.5,2.42,1.58,60.5,39.5,242.0,31.646397279979077,146,121,0.0
349,121,79,60.5,2.42,1.58,60.5,39.5,242.0,31.646397279979077,146,121,0.0
350,121,79,60.5,2.42,1.58,60.5,39.5,242.0,31.646397279979077,146,121,0.0
351,121,79,60.5,2.42,1.58,60.5,39.5,242.0,31.646397279979077,146,121,0.0
352,121,79,60.5,2.42,1.58,60.5,39.5,242.0,31.646397279979077,146,121,0.0
353,121,79,60.5,2.42,1.58,60.5,39.5,242.0,31.646397279979077,146,121,0.0
354,121,79,60.5,2.42,1.58,60.5,39.5,242.0,31.646397279979077,146,121,0.0
355,121,79,60.5,2.42,1.58,60.5,39.5,242.0,31.646397279979077,146,121,0.0
356,122,78,61.0,2.44,1.56,61.0,39.0,244.0,31.90793775336733,147,122,2.0
357,123,77,61.5,2.46,1.54,61.5,38.5,246.0,32.16947822675559,148,123,2.0
358,123,77,61.5,2.46,1.54,61.5,38.5,246.0,32.16947822675559,148,123,0.0
359,125,75,62.5,2.5,1.5,62.5,37.5,250.0,32.6925591735321,150,125,4.0
360,125,75,62.5,2.5,1.5,62.5,37.5,250.0,32.6925591735321,150,125,0.0
361,125,75,62.5,2.5,1.5,62.5,37.5,250.0,32.6925591735321,150,125,0.0
362,125,75,62.5,2.5,1.5,62.5,37.5,250.0,32.6925591735321,150,125,0.0
363,125,75,62.5,2.5,1.5,62.5,37.5,250.0,32.6925591735321,150,125,0.0
364,125,75,62.5,2.5,1.5,62.5,37.5,250.0,32.6925591735321,150,125,0.0
365,125,75,62.5,2.5,1.5,62.5,37.5,250.0,32.6925591735321,150,125,0.0
366,125,75,62.5,2.5,1.5,62.5,37.5,250.0,32.6925591735321,150,125,0.0
367,126,74,63.0,2.52,1.48,63.0,37.0,252.0,32.95409964692036,151,126,2.0
368,126,74,63.0,2.52,1.48,63.0,37.0,252.0,32.95409964692036,151,126,0.0
369,126,74,63.0,2.52,1.48,63.0,37.0,252.0,32.95409964692036,151,126,0.0
370,126,74,63.0,2.52,1.48,63.0,37.0,252.0,32.95409964692036,151,126,0.0
371,126,74,63.0,2.52,1.48,63.0,37.0,252.0,32.95409964692036,151,126,0.0
372,126,74,63.0,2.52,1.48,63.0,37.0,252.0,32.95409964692036,151,126,0.0
373,127,73,63.5,2.54,1.46,63.5,36.5,254.0,33.21564012030861,152,127,2.0
374,127,73,63.5,2.54,1.46,63.5,36.5,254.0,33.21564012030861,152,127,0.0
375,127,73,63.5,2.54,1.46,63.5,36.5,254.0,33.21564012030861,152,127,0.0
376,127,73,63.5,2.54,1.46,63.5,36.5,254.0,33.21564012030861,153,127,0.0
377,127,73,63.5,2.54,1.46,63.5,36.5,254.0,33.21564012030861,153,127,0.0
378,127,73,63.5,2.54,1.46,63.5,36.5,254.0,33.21564012030861,153,127,0.0
379,127,73,63.5,2.54,1.46,63.5,36.5,254.0,33.21564012030861,153,127,0.0
380,127,73,63.5,2.54,1.46,63.5,36.5,254.0,33.21564012030861,153,127,0.0
381,127,73,63.5,2.54,1.46,63.5,36.5,254.0,33.21564012030861,153,127,0.0
382,127,73,63.5,2.54,1.46,63.5,36.5,254.0,33.21564012030861,153,127,0.0
383,127,73,63.5,2.54,1.46,63.5,36.5,254.0,33.21564012030861,153,127,0.0
384,127,73,63.5,2.54,1.46,63.5,36.5,254.0,33.21564012030861,153,127,0.0
385,127,73,63.5,2.54,1.46,63.5,36.5,254.0,33.21564012030861,153,127,0.0
386,127,73,63.5,2.54,1.46,63.5,36.5,254.0,33.21564012030861,153,127,0.0
387,128,72,64.0,2.56,1.44,64.0,36.0,256.0,33.47718059369687,154,128,2.0
388,128,72,64.0,2.56,1.44,64.0,36.0,256.0,33.47718059369687,154,128,0.0
389,128,72,64.0,2.56,1.44,64.0,36.0,256.0,33.47718059369687,154,128,0.0
390,128,72,64.0,2.56,1.44,64.0,36.0,256.0,33.47718059369687,154,128,0.0
391,129,71,64.5,2.58,1.42,64.5,35.5,258.0,33.73872106708513,155,129,2.0
392,130,70,65.0,2.6,1.4,65.0,35.0,260.0,34.00026154047339,156,130,2.0
393,130,70,65.0,2.6,1.4,65.0,35.0,260.0,34.00026154047339,156,130,0.0
394,130,70,65.0,2.6,1.4,65.0,35.0,260.0,34.00026154047339,156,130,0.0
395,130,70,65.0,2.6,1.4,65.0,35.0,260.0,34.00026154047339,156,130,0.0
396,130,70,65.0,2.6,1.4,65.0,35.0,260.0,34.00026154047339,156,130,0.0
397,130,70,65.0,2.6,1.4,65.0,35.0,260.0,34.00026154047339,156,130,0.0
398,130,70,65.0,2.6,1.4,65.0,35.0,260.0,34.00026154047339,156,130,0.0
399,130,70,65.0,2.6,1.4,65.0,35.0,260.0,34.00026154047339,156,130,0.0
400,131,69,65.5,2.62,1.38,65.5,34.5,262.0,34.26180201386164,157,131,2.0
401,131,69,65.5,2.62,1.38,65.5,34.5,262.0,34.26180201386164,157,131,0.0
402,131,69,65.5,2.62,1.38,65.5,34.5,262.0,34.26180201386164,158,131,0.0
403,131,69,65.5,2.62,1.38,65.5,34.5,262.0,34.26180201386164,159,131,0.0
404,131,69,65.5,2.62,1.38,65.5,34.5,262.0,34.26180201386164,160,131,0.0
405,131,69,65.5,2.62,1.38,65.5,34.5,262.0,34.26180201386164,160,131,0.0
406,131,69,65.5,2.62,1.38,65.5,34.5,262.0,34.26180201386164,160,131,0.0
407,131,69,65.5,2.62,1.38,65.5,34.5,262.0,34.26180201386164,160,131,0.0
408,131,69,65.5,2.62,1.38,65.5,34.5,262.0,34.26180201386164,161,131,0.0
409,131,69,65.5,2.62,1.38,65.5,34.5,262.0,34.26180201386164,162,131,0.0
410,131,69,65.5,2.62,1.38,65.5,34.5,262.0,34.26180201386164,162,131,0.0
411,131,69,65.5,2.62,1.38,65.5,34.5,262.0,34.26180201386164,162,131,0.0
412,131,69,65.5,2.62,1.38,65.5,34.5,262.0,34.26180201386164,163,131,0.0
413,131,69,65.5,2.62,1.38,65.5,34.5,262.0,34.26180201386164,164,131,0.0
414,131,69,65.5,2.62,1.38,65.5,34.5,262.0,34.26180201386164,165,131,0.0
415,131,69,65.5,2.62,1.38,65.5,34.5,262.0,34.26180201386164,165,131,0.0
416,131,69,65.5,2.62,1.38,65.5,34.5,262.0,34.26180201386164,165,131,0.0
417,131,69,65.5,2.62,1.38,65.5,34.5,262.0,34.26180201386164,165,131,0.0
418,131,69,65.5,2.62,1.38,65.5,34.5,262.0,34.26180201386164,166,131,0.0
419,131,69,65.5,2.62,1.38,65.5,34.5,262.0,34.26180201386164,166,131,0.0
420,131,69,65.5,2.62,1.38,65.5,34.5,262.0,34.26180201386164,166,131,0.0
421,131,69,65.5,2.62,1.38,65.5,34.5,262.0,34.26180201386164,166,131,0.0
422,131,69,65.5,2.62,1.38,65.5,34.5,262.0,34.26180201386164,166,131,0.0
423,131,69,65.5,2.62,1.38,65.5,34.5,262.0,34.26180201386164,166,131,0.0
424,131,69,65.5,2.62,1.38,65.5,34.5,262.0,34.26180201386164,166,131,0.0
425,131,69,65.5,2.62,1.38,65.5,34.5,262.0,34.26180201386164,166,131,0.0
426,131,69,65.5,2.62,1.38,65.5,34.5,262.0,34.26180201386164,166,131,0.0
427,131,69,65.5,2.62,1.38,65.5,34.5,262.0,34.26180201386164,166,131,0.0
428,131,69,65.5,2.62,1.38,65.5,34.5,262.0,34.26180201386164,166,131,0.0
429,131,69,65.5,2.62,1.38,65.5,34.5,262.0,34.26180201386164,167,131,0.0
430,131,69,65.5,2.62,1.38,65.5,34.5,262.0,34.26180201386164,167,131,0.0
431,131,69,65.5,2.62,1.38,65.5,34.5,262.0,34.26180201386164,167,131,0.0
432,131,69,65.5,2.62,1.38,65.5,34.5,262.0,34.26180201386164,167,131,0.0
433,131,69,65.5,2.62,1.38,65.5,34.5,262.0,34.26180201386164,167,131,0.0
434,131,69,65.5,2.62,1.38,65.5,34.5,262.0,34.26180201386164,167,131,0.0
435,132,68,66.0,2.64,1.3599999999999999,66.0,33.99999999999999,264.0,34.5233424872499,168,132,2.0
436,132,68,66.0,2.64,1.3599999999999999,66.0,33.99999999999999,264.0,34.5233424872499,168,132,0.0
437,132,68,66.0,2.64,1.3599999999999999,66.0,33.99999999999999,264.0,34.5233424872499,168,132,0.0
438,132,68,66.0,2.64,1.3599999999999999,66.0,33.99999999999999,264.0,34.5233424872499,168,132,0.0
439,132,68,66.0,2.64,1.3599999999999999,66.0,33.99999999999999,264.0,34.5233424872499,168,132,0.0
440,132,68,66.0,2.64,1.3599999999999999,66.0,33.99999999999999,264.0,34.5233424872499,168,132,0.0
441,133,67,66.5,2.66,1.3399999999999999,66.5,33.49999999999999,266.0,34.78488296063816,170,133,2.0
442,133,67,66.5,2.66,1.3399999999999999,66.5,33.49999999999999,266.0,34.78488296063816,170,133,0.0
443,134,66,67.0,2.68,1.3199999999999998,67.0,32.99999999999999,268.0,35.046423434026416,173,134,2.0
444,134,66,67.0,2.68,1.3199999999999998,67.0,32.99999999999999,268.0,35.046423434026416,174,134,0.0
445,134,66,67.0,2.68,1.3199999999999998,67.0,32.99999999999999,268.0,35.046423434026416,174,134,0.0
446,134,66,67.0,2.68,1.3199999999999998,67.0,32.99999999999999,268.0,35.046423434026416,175,134,0.0
447,135,65,67.5,2.7,1.2999999999999998,67.5,32.49999999999999,270.0,35.30796390741467,177,135,2.0
448,135,65,67.5,2.7,1.2999999999999998,67.5,32.49999999999999,270.0,35.30796390741467,178,135,0.0
449,135,65,67.5,2.7,1.2999999999999998,67.5,32.49999999999999,270.0,35.30796390741467,178,135,0.0
450,135,65,67.5,2.7,1.2999999999999998,67.5,32.49999999999999,270.0,35.30796390741467,178,135,0.0
451,135,65,67.5,2.7,1.2999999999999998,67.5,32.49999999999999,270.0,35.30796390741467,178,135,0.0
452,135,65,67.5,2.7,1.2999999999999998,67.5,32.49999999999999,270.0,35.30796390741467,178,135,0.0
453,135,65,67.5,2.7,1.2999999999999998,67.5,32.49999999999999,270.0,35.30796390741467,178,135,0.0
454,136,64,68.0,2.72,1.2799999999999998,68.0,31.999999999999993,272.0,35.56950438080293,180,136,2.0
455,136,64,68.0,2.72,1.2799999999999998,68.0,31.999999999999993,272.0,35.56950438080293,180,136,0.0
456,136,64,68.0,2.72,1.2799999999999998,68.0,31.999999999999993,272.0,35.56950438080293,180,136,0.0
457,136,64,68.0,2.72,1.2799999999999998,68.0,31.999999999999993,272.0,35.56950438080293,180,136,0.0
458,136,64,68.0,2.72,1.2799999999999998,68.0,31.999999999999993,272.0,35.56950438080293,180,136,0.0
459,136,64,68.0,2.72,1.2799999999999998,68.0,31.999999999999993,272.0,35.56950438080293,181,136,0.0
460,136,64,68.0,2.72,1.2799999999999998,68.0,31.999999999999993,272.0,35.56950438080293,182,136,0.0
461,136,64,68.0,2.72,1.2799999999999998,68.0,31.999999999999993,272.0,35.56950438080293,184,136,0.0
462,137,63,68.5,2.74,1.2599999999999998,68.5,31.499999999999993,274.0,35.831044854191184,186,137,2.0
463,137,63,68.5,2.74,1.2599999999999998,68.5,31.499999999999993,274.0,35.831044854191184,186,137,0.0
464,137,63,68.5,2.74,1.2599999999999998,68.5,31.499999999999993,274.0,35.831044854191184,186,137,0.0
465,138,62,69.0,2.7600000000000002,1.2399999999999998,69.0,30.999999999999993,276.0,36.09258532757944,187,138,2.0
466,138,62,69.0,2.7600000000000002,1.2399999999999998,69.0,30.999999999999993,276.0,36.09258532757944,187,138,0.0
467,138,62,69.0,2.7600000000000002,1.2399999999999998,69.0,30.999999999999993,276.0,36.09258532757944,187,138,0.0
468,138,62,69.0,2.7600000000000002,1.2399999999999998,69.0,30.999999999999993,276.0,36.09258532757944,188,138,0.0
469,138,62,69.0,2.7600000000000002,1.2399999999999998,69.0,30.999999999999993,276.0,36.09258532757944,189,138,0.0
470,138,62,69.0,2.7600000000000002,1.2399999999999998,69.0,30.999999999999993,276.0,36.09258532757944,190,138,0.0
471,138,62,69.0,2.7600000000000002,1.2399999999999998,69.0,30.999999999999993,276.0,36.09258532757944,191,138,0.0
472,138,62,69.0,2.7600000000000002,1.2399999999999998,69.0,30.999999999999993,276.0,36.09258532757944,191,138,0.0
473,138,62,69.0,2.7600000000000002,1.2399999999999998,69.0,30.999999999999993,276.0,36.09258532757944,192,138,0.0
474,138,62,69.0,2.7600000000000002,1.2399999999999998,69.0,30.999999999999993,276.0,36.09258532757944,194,138,0.0
475,139,61,69.5,2.7800000000000002,1.2199999999999998,69.5,30.499999999999993,278.0,36.354125800967694,197,139,2.0
476,139,61,69.5,2.7800000000000002,1.2199999999999998,69.5,30.499999999999993,278.0,36.354125800967694,198,139,0.0
477,139,61,69.5,2.7800000000000002,1.2199999999999998,69.5,30.499999999999993,278.0,36.354125800967694,199,139,0.0
478,139,61,69.5,2.7800000000000002,1.2199999999999998,69.5,30.499999999999993,278.0,36.354125800967694,200,139,0.0
479,139,61,69.5,2.7800000000000002,1.2199999999999998,69.5,30.499999999999993,278.0,36.354125800967694,201,139,0.0
480,140,60,70.0,2.8000000000000003,1.1999999999999997,70.0,29.999999999999993,280.0,36.61566627435596,203,140,2.0
481,140,60,70.0,2.8000000000000003,1.1999999999999997,70.0,29.999999999999993,280.0,36.61566627435596,203,140,0.0
482,140,60,70.0,2.8000000000000003,1.1999999999999997,70.0,29.999999999999993,280.0,36.61566627435596,203,140,0.0
483,140,60,70.0,2.8000000000000003,1.1999999999999997,70.0,29.999999999999993,280.0,36.61566627435596,203,140,0.0
484,140,60,70.0,2.8000000000000003,1.1999999999999997,70.0,29.999999999999993,280.0,36.61566627435596,204,140,0.0
485,141,59,70.5,2.82,1.1800000000000002,70.5,29.500000000000004,282.0,36.87720674774421,206,141,2.0
486,142,58,71.0,2.84,1.1600000000000001,71.0,29.000000000000004,284.0,37.13874722113247,208,142,2.0
487,142,58,71.0,2.84,1.1600000000000001,71.0,29.000000000000004,284.0,37.13874722113247,208,142,0.0
488,142,58,71.0,2.84,1.1600000000000001,71.0,29.000000000000004,284.0,37.13874722113247,208,142,0.0
489,142,58,71.0,2.84,1.1600000000000001,71.0,29.000000000000004,284.0,37.13874722113247,209,142,0.0
490,142,58,71.0,2.84,1.1600000000000001,71.0,29.000000000000004,284.0,37.13874722113247,209,142,0.0
491,142,58,71.0,2.84,1.1600000000000001,71.0,29.000000000000004,284.0,37.13874722113247,209,142,0.0
492,143,57,71.5,2.86,1.1400000000000001,71.5,28.500000000000004,286.0,37.40028769452072,210,143,2.0
493,143,57,71.5,2.86,1.1400000000000001,71.5,28.500000000000004,286.0,37.40028769452072,210,143,0.0
494,143,57,71.5,2.86,1.1400000000000001,71.5,28.500000000000004,286.0,37.40028769452072,211,143,0.0
495,143,57,71.5,2.86,1.1400000000000001,71.5,28.500000000000004,286.0,37.40028769452072,211,143,0.0
496,143,57,71.5,2.86,1.1400000000000001,71.5,28.500000000000004,286.0,37.40028769452072,212,143,0.0
497,143,57,71.5,2.86,1.1400000000000001,71.5,28.500000000000004,286.0,37.40028769452072,212,143,0.0
498,143,57,71.5,2.86,1.1400000000000001,71.5,28.500000000000004,286.0,37.40028769452072,212,143,0.0
499,143,57,71.5,2.86,1.1400000000000001,71.5,28.500000000000004,286.0,37.40028769452072,212,143,0.0
500,143,57,71.5,2.86,1.1400000000000001,71.5,28.500000000000004,286.0,37.40028769452072,212,143,0.0
501,143,57,71.5,2.86,1.1400000000000001,71.5,28.500000000000004,286.0,37.40028769452072,212,143,0.0
502,143,57,71.5,2.86,1.1400000000000001,71.5,28.500000000000004,286.0,37.40028769452072,212,143,0.0
503,143,57,71.5,2.86,1.1400000000000001,71.5,28.500000000000004,286.0,37.40028769452072,212,143,0.0
504,143,57,71.5,2.86,1.1400000000000001,71.5,28.500000000000004,286.0,37.40028769452072,212,143,0.0
505,143,57,71.5,2.86,1.1400000000000001,71.5,28.500000000000004,286.0,37.40028769452072,212,143,0.0
506,143,57,71.5,2.86,1.1400000000000001,71.5,28.500000000000004,286.0,37.40028769452072,212,143,0.0
507,144,56,72.0,2.88,1.12,72.0,28.000000000000004,288.0,37.661828167908986,213,144,2.0
508,144,56,72.0,2.88,1.12,72.0,28.000000000000004,288.0,37.661828167908986,213,144,0.0
509,145,55,72.5,2.9,1.1,72.5,27.5,290.0,37.92336864129724,214,145,2.0
510,145,55,72.5,2.9,1.1,72.5,27.5,290.0,37.92336864129724,215,145,0.0
511,145,55,72.5,2.9,1.1,72.5,27.5,290.0,37.92336864129724,216,145,0.0
512,147,53,73.5,2.94,1.06,73.5,26.5,294.0,38.44644958807375,219,147,4.0
513,147,53,73.5,2.94,1.06,73.5,26.5,294.0,38.44644958807375,220,147,0.0
514,147,53,73.5,2.94,1.06,73.5,26.5,294.0,38.44644958807375,220,147,0.0
515,147,53,73.5,2.94,1.06,73.5,26.5,294.0,38.44644958807375,220,147,0.0
516,147,53,73.5,2.94,1.06,73.5,26.5,294.0,38.44644958807375,220,147,0.0
517,147,53,73.5,2.94,1.06,73.5,26.5,294.0,38.44644958807375,220,147,0.0
518,147,53,73.5,2.94,1.06,73.5,26.5,294.0,38.44644958807375,220,147,0.0
519,147,53,73.5,2.94,1.06,73.5,26.5,294.0,38.44644958807375,220,147,0.0
520,147,53,73.5,2.94,1.06,73.5,26.5,294.0,38.44644958807375,220,147,0.0
521,147,53,73.5,2.94,1.06,73.5,26.5,294.0,38.44644958807375,220,147,0.0
522,147,53,73.5,2.94,1.06,73.5,26.5,294.0,38.44644958807375,220,147,0.0
523,147,53,73.5,2.94,1.06,73.5,26.5,294.0,38.44644958807375,220,147,0.0
524,148,52,74.0,2.96,1.04,74.0,26.0,296.0,38.70799006146201,221,148,2.0
525,148,52,74.0,2.96,1.04,74.0,26.0,296.0,38.70799006146201,221,148,0.0
526,148,52,74.0,2.96,1.04,74.0,26.0,296.0,38.70799006146201,221,148,0.0
527,148,52,74.0,2.96,1.04,74.0,26.0,296.0,38.70799006146201,221,148,0.0
528,148,52,74.0,2.96,1.04,74.0,26.0,296.0,38.70799006146201,221,148,0.0
529,148,52,74.0,2.96,1.04,74.0,26.0,296.0,38.70799006146201,221,148,0.0
530,148,52,74.0,2.96,1.04,74.0,26.0,296.0,38.70799006146201,221,148,0.0
531,148,52,74.0,2.96,1.04,74.0,26.0,296.0,38.70799006146201,221,148,0.0
532,148,52,74.0,2.96,1.04,74.0,26.0,296.0,38.70799006146201,221,148,0.0
533,148,52,74.0,2.96,1.04,74.0,26.0,296.0,38.70799006146201,221,148,0.0
534,148,52,74.0,2.96,1.04,74.0,26.0,296.0,38.70799006146201,221,148,0.0
535,148,52,74.0,2.96,1.04,74.0,26.0,296.0,38.70799006146201,221,148,0.0
536,148,52,74.0,2.96,1.04,74.0,26.0,296.0,38.70799006146201,221,148,0.0
537,148,52,74.0,2.96,1.04,74.0,26.0,296.0,38.70799006146201,221,148,0.0
538,148,52,74.0,2.96,1.04,74.0,26.0,296.0,38.70799006146201,221,148,0.0
539,148,52,74.0,2.96,1.04,74.0,26.0,296.0,38.70799006146201,221,148,0.0
540,148,52,74.0,2.96,1.04,74.0,26.0,296.0,38.70799006146201,221,148,0.0
541,148,52,74.0,2.96,1.04,74.0,26.0,296.0,38.70799006146201,221,148,0.0
542,148,52,74.0,2.96,1.04,74.0,26.0,296.0,38.70799006146201,221,148,0.0
543,148,52,74.0,2.96,1.04,74.0,26.0,296.0,38.70799006146201,221,148,0.0
544,148,52,74.0,2.96,1.04,74.0,26.0,296.0,38.70799006146201,221,148,0.0
545,148,52,74.0,2.96,1.04,74.0,26.0,296.0,38.70799006146201,221,148,0.0
546,148,52,74.0,2.96,1.04,74.0,26.0,296.0,38.70799006146201,221,148,0.0
547,148,52,74.0,2.96,1.04,74.0,26.0,296.0,38.70799006146201,222,148,0.0
548,148,52,74.0,2.96,1.04,74.0,26.0,296.0,38.70799006146201,223,148,0.0
549,148,52,74.0,2.96,1.04,74.0,26.0,296.0,38.70799006146201,223,148,0.0
550,148,52,74.0,2.96,1.04,74.0,26.0,296.0,38.70799006146201,223,148,0.0
551,148,52,74.0,2.96,1.04,74.0,26.0,296.0,38.70799006146201,223,148,0.0
552,148,52,74.0,2.96,1.04,74.0,26.0,296.0,38.70799006146201,224,148,0.0
553,148,52,74.0,2.96,1.04,74.0,26.0,296.0,38.70799006146201,224,148,0.0
554,148,52,74.0,2.96,1.04,74.0,26.0,296.0,38.70799006146201,224,148,0.0
555,148,52,74.0,2.96,1.04,74.0,26.0,296.0,38.70799006146201,224,148,0.0
556,149,51,74.5,2.98,1.02,74.5,25.5,298.0,38.969530534850264,225,149,2.0
557,149,51,74.5,2.98,1.02,74.5,25.5,298.0,38.969530534850264,225,149,0.0
558,149,51,74.5,2.98,1.02,74.5,25.5,298.0,38.969530534850264,225,149,0.0
559,149,51,74.5,2.98,1.02,74.5,25.5,298.0,38.969530534850264,225,149,0.0
560,149,51,74.5,2.98,1.02,74.5,25.5,298.0,38.969530534850264,225,149,0.0
561,149,51,74.5,2.98,1.02,74.5,25.5,298.0,38.969530534850264,225,149,0.0
562,149,51,74.5,2.98,1.02,74.5,25.5,298.0,38.969530534850264,225,149,0.0
563,149,51,74.5,2.98,1.02,74.5,25.5,298.0,38.969530534850264,225,149,0.0
564,149,51,74.5,2.98,1.02,74.5,25.5,298.0,38.969530534850264,225,149,0.0
565,149,51,74.5,2.98,1.02,74.5,25.5,298.0,38.969530534850264,225,149,0.0
566,149,51,74.5,2.98,1.02,74.5,25.5,298.0,38.969530534850264,226,149,0.0
567,149,51,74.5,2.98,1.02,74.5,25.5,298.0,38.969530534850264,226,149,0.0
568,149,51,74.5,2.98,1.02,74.5,25.5,298.0,38.969530534850264,226,149,0.0
569,149,51,74.5,2.98,1.02,74.5,25.5,298.0,38.969530534850264,227,149,0.0
570,149,51,74.5,2.98,1.02,74.5,25.5,298.0,38.969530534850264,228,149,0.0
571,150,50,75.0,3.0,1.0,75.0,25.0,300.0,39.23107100823852,231,150,2.0
572,150,50,75.0,3.0,1.0,75.0,25.0,300.0,39.23107100823852,233,150,0.0
573,150,50,75.0,3.0,1.0,75.0,25.0,300.0,39.23107100823852,235,150,0.0
574,150,50,75.0,3.0,1.0,75.0,25.0,300.0,39.23107100823852,236,150,0.0
575,150,50,75.0,3.0,1.0,75.0,25.0,300.0,39.23107100823852,237,150,0.0
576,150,50,75.0,3.0,1.0,75.0,25.0,300.0,39.23107100823852,238,150,0.0
577,150,50,75.0,3.0,1.0,75.0,25.0,300.0,39.23107100823852,239,150,0.0
578,150,50,75.0,3.0,1.0,75.0,25.0,300.0,39.23107100823852,239,150,0.0
579,151,49,75.5,3.02,0.98,75.5,24.5,302.0,39.492611481626774,240,151,2.0
580,151,49,75.5,3.02,0.98,75.5,24.5,302.0,39.492611481626774,240,151,0.0
581,151,49,75.5,3.02,0.98,75.5,24.5,302.0,39.492611481626774,240,151,0.0
582,151,49,75.5,3.02,0.98,75.5,24.5,302.0,39.492611481626774,240,151,0.0
583,151,49,75.5,3.02,0.98,75.5,24.5,302.0,39.492611481626774,240,151,0.0
584,151,49,75.5,3.02,0.98,75.5,24.5,302.0,39.492611481626774,241,151,0.0
585,151,49,75.5,3.02,0.98,75.5,24.5,302.0,39.492611481626774,243,151,0.0
586,151,49,75.5,3.02,0.98,75.5,24.5,302.0,39.492611481626774,245,151,0.0
587,151,49,75.5,3.02,0.98,75.5,24.5,302.0,39.492611481626774,247,151,0.0
588,151,49,75.5,3.02,0.98,75.5,24.5,302.0,39.492611481626774,249,151,0.0
589,151,49,75.5,3.02,0.98,75.5,24.5,302.0,39.492611481626774,251,151,0.0
590,151,49,75.5,3.02,0.98,75.5,24.5,302.0,39.492611481626774,253,151,0.0
591,151,49,75.5,3.02,0.98,75.5,24.5,302.0,39.492611481626774,255,151,0.0
592,151,49,75.5,3.02,0.98,75.5,24.5,302.0,39.492611481626774,257,151,0.0
593,151,49,75.5,3.02,0.98,75.5,24.5,302.0,39.492611481626774,259,151,0.0
594,151,49,75.5,3.02,0.98,75.5,24.5,302.0,39.492611481626774,262,151,0.0
595,151,49,75.5,3.02,0.98,75.5,24.5,302.0,39.492611481626774,264,151,0.0
596,151,49,75.5,3.02,0.98,75.5,24.5,302.0,39.492611481626774,265,151,0.0
597,151,49,75.5,3.02,0.98,75.5,24.5,302.0,39.492611481626774,266,151,0.0
598,151,49,75.5,3.02,0.98,75.5,24.5,302.0,39.492611481626774,267,151,0.0
599,151,49,75.5,3.02,0.98,75.5,24.5,302.0,39.492611481626774,268,151,0.0
600,151,49,75.5,3.02,0.98,75.5,24.5,302.0,39.492611481626774,269,151,0.0
601,151,49,75.5,3.02,0.98,75.5,24.5,302.0,39.492611481626774,269,151,0.0
602,151,49,75.5,3.02,0.98,75.5,24.5,302.0,39.492611481626774,270,151,0.0
603,151,49,75.5,3.02,0.98,75.5,24.5,302.0,39.492611481626774,271,151,0.0
604,151,49,75.5,3.02,0.98,75.5,24.5,302.0,39.492611481626774,272,151,0.0
605,151,49,75.5,3.02,0.98,75.5,24.5,302.0,39.492611481626774,273,151,0.0
606,151,49,75.5,3.02,0.98,75.5,24.5,302.0,39.492611481626774,274,151,0.0
607,151,49,75.5,3.02,0.98,75.5,24.5,302.0,39.492611481626774,274,151,0.0
608,151,49,75.5,3.02,0.98,75.5,24.5,302.0,39.492611481626774,274,151,0.0
609,151,49,75.5,3.02,0.98,75.5,24.5,302.0,39.492611481626774,274,151,0.0
610,151,49,75.5,3.02,0.98,75.5,24.5,302.0,39.492611481626774,274,151,0.0
611,151,49,75.5,3.02,0.98,75.5,24.5,302.0,39.492611481626774,274,151,0.0
612,151,49,75.5,3.02,0.98,75.5,24.5,302.0,39.492611481626774,274,151,0.0
613,151,49,75.5,3.02,0.98,75.5,24.5,302.0,39.492611481626774,274,151,0.0
614,151,49,75.5,3.02,0.98,75.5,24.5,302.0,39.492611481626774,274,151,0.0
615,151,49,75.5,3.02,0.98,75.5,24.5,302.0,39.492611481626774,274,151,0.0
616,151,49,75.5,3.02,0.98,75.5,24.5,302.0,39.492611481626774,274,151,0.0
617,152,48,76.0,3.04,0.96,76.0,24.0,304.0,39.75415195501504,275,152,2.0
618,152,48,76.0,3.04,0.96,76.0,24.0,304.0,39.75415195501504,275,152,0.0
619,153,47,76.5,3.06,0.94,76.5,23.499999999999996,306.0,40.01569242840329,276,153,2.0
620,153,47,76.5,3.06,0.94,76.5,23.499999999999996,306.0,40.01569242840329,276,153,0.0
621,153,47,76.5,3.06,0.94,76.5,23.499999999999996,306.0,40.01569242840329,276,153,0.0
622,153,47,76.5,3.06,0.94,76.5,23.499999999999996,306.0,40.01569242840329,276,153,0.0
623,153,47,76.5,3.06,0.94,76.5,23.499999999999996,306.0,40.01569242840329,276,153,0.0
624,153,47,76.5,3.06,0.94,76.5,23.499999999999996,306.0,40.01569242840329,276,153,0.0
625,153,47,76.5,3.06,0.94,76.5,23.499999999999996,306.0,40.01569242840329,276,153,0.0
626,153,47,76.5,3.06,0.94,76.5,23.499999999999996,306.0,40.01569242840329,276,153,0.0
627,153,47,76.5,3.06,0.94,76.5,23.499999999999996,306.0,40.01569242840329,276,153,0.0
628,153,47,76.5,3.06,0.94,76.5,23.499999999999996,306.0,40.01569242840329,276,153,0.0
629,153,47,76.5,3.06,0.94,76.5,23.499999999999996,306.0,40.01569242840329,276,153,0.0
630,153,47,76.5,3.06,0.94,76.5,23.499999999999996,306.0,40.01569242840329,276,153,0.0
631,153,47,76.5,3.06,0.94,76.5,23.499999999999996,306.0,40.01569242840329,276,153,0.0
632,153,47,76.5,3.06,0.94,76.5,23.499999999999996,306.0,40.01569242840329,276,153,0.0
633,153,47,76.5,3.06,0.94,76.5,23.499999999999996,306.0,40.01569242840329,276,153,0.0
634,153,47,76.5,3.06,0.94,76.5,23.499999999999996,306.0,40.01569242840329,277,153,0.0
635,153,47,76.5,3.06,0.94,76.5,23.499999999999996,306.0,40.01569242840329,278,153,0.0
636,153,47,76.5,3.06,0.94,76.5,23.499999999999996,306.0,40.01569242840329,279,153,0.0
637,153,47,76.5,3.06,0.94,76.5,23.499999999999996,306.0,40.01569242840329,279,153,0.0
638,153,47,76.5,3.06,0.94,76.5,23.499999999999996,306.0,40.01569242840329,279,153,0.0
639,153,47,76.5,3.06,0.94,76.5,23.499999999999996,306.0,40.01569242840329,279,153,0.0
640,153,47,76.5,3.06,0.94,76.5,23.499999999999996,306.0,40.01569242840329,280,153,0.0
641,153,47,76.5,3.06,0.94,76.5,23.499999999999996,306.0,40.01569242840329,280,153,0.0
642,153,47,76.5,3.06,0.94,76.5,23.499999999999996,306.0,40.01569242840329,280,153,0.0
643,153,47,76.5,3.06,0.94,76.5,23.499999999999996,306.0,40.01569242840329,280,153,0.0
644,153,47,76.5,3.06,0.94,76.5,23.499999999999996,306.0,40.01569242840329,280,153,0.0
645,153,47,76.5,3.06,0.94,76.5,23.499999999999996,306.0,40.01569242840329,280,153,0.0
646,153,47,76.5,3.06,0.94,76.5,23.499999999999996,306.0,40.01569242840329,280,153,0.0
647,153,47,76.5,3.06,0.94,76.5,23.499999999999996,306.0,40.01569242840329,280,153,0.0
648,153,47,76.5,3.06,0.94,76.5,23.499999999999996,306.0,40.01569242840329,280,153,0.0
649,153,47,76.5,3.06,0.94,76.5,23.499999999999996,306.0,40.01569242840329,280,153,0.0
650,153,47,76.5,3.06,0.94,76.5,23.499999999999996,306.0,40.01569242840329,280,153,0.0
651,154,46,77.0,3.08,0.9199999999999999,77.0,22.999999999999996,308.0,40.27723290179155,281,154,2.0
652,154,46,77.0,3.08,0.9199999999999999,77.0,22.999999999999996,308.0,40.27723290179155,281,154,0.0
653,154,46,77.0,3.08,0.9199999999999999,77.0,22.999999999999996,308.0,40.27723290179155,281,154,0.0
654,154,46,77.0,3.08,0.9199999999999999,77.0,22.999999999999996,308.0,40.27723290179155,282,154,0.0
655,154,46,77.0,3.08,0.9199999999999999,77.0,22.999999999999996,308.0,40.27723290179155,282,154,0.0
656,154,46,77.0,3.08,0.9199999999999999,77.0,22.999999999999996,308.0,40.27723290179155,282,154,0.0
657,154,46,77.0,3.08,0.9199999999999999,77.0,22.999999999999996,308.0,40.27723290179155,282,154,0.0
658,154,46,77.0,3.08,0.9199999999999999,77.0,22.999999999999996,308.0,40.27723290179155,282,154,0.0
659,154,46,77.0,3.08,0.9199999999999999,77.0,22.999999999999996,308.0,40.27723290179155,282,154,0.0
660,154,46,77.0,3.08,0.9199999999999999,77.0,22.999999999999996,308.0,40.27723290179155,283,154,0.0
661,154,46,77.0,3.08,0.9199999999999999,77.0,22.999999999999996,308.0,40.27723290179155,283,154,0.0
662,154,46,77.0,3.08,0.9199999999999999,77.0,22.999999999999996,308.0,40.27723290179155,283,154,0.0
663,154,46,77.0,3.08,0.9199999999999999,77.0,22.999999999999996,308.0,40.27723290179155,283,154,0.0
664,154,46,77.0,3.08,0.9199999999999999,77.0,22.999999999999996,308.0,40.27723290179155,283,154,0.0
665,154,46,77.0,3.08,0.9199999999999999,77.0,22.999999999999996,308.0,40.27723290179155,283,154,0.0
666,154,46,77.0,3.08,0.9199999999999999,77.0,22.999999999999996,308.0,40.27723290179155,283,154,0.0
667,154,46,77.0,3.08,0.9199999999999999,77.0,22.999999999999996,308.0,40.27723290179155,283,154,0.0
668,154,46,77.0,3.08,0.9199999999999999,77.0,22.999999999999996,308.0,40.27723290179155,283,154,0.0
669,154,46,77.0,3.08,0.9199999999999999,77.0,22.999999999999996,308.0,40.27723290179155,283,154,0.0
670,155,45,77.5,3.1,0.8999999999999999,77.5,22.499999999999996,310.0,40.5387733751798,284,155,2.0
671,156,44,78.0,3.12,0.8799999999999999,78.0,21.999999999999996,312.0,40.80031384856807,285,156,2.0
672,156,44,78.0,3.12,0.8799999999999999,78.0,21.999999999999996,312.0,40.80031384856807,285,156,0.0
673,156,44,78.0,3.12,0.8799999999999999,78.0,21.999999999999996,312.0,40.80031384856807,285,156,0.0
674,156,44,78.0,3.12,0.8799999999999999,78.0,21.999999999999996,312.0,40.80031384856807,285,156,0.0
675,156,44,78.0,3.12,0.8799999999999999,78.0,21.999999999999996,312.0,40.80031384856807,286,156,0.0
676,156,44,78.0,3.12,0.8799999999999999,78.0,21.999999999999996,312.0,40.80031384856807,286,156,0.0
677,156,44,78.0,3.12,0.8799999999999999,78.0,21.999999999999996,312.0,40.80031384856807,287,156,0.0
678,156,44,78.0,3.12,0.8799999999999999,78.0,21.999999999999996,312.0,40.80031384856807,287,156,0.0
679,156,44,78.0,3.12,0.8799999999999999,78.0,21.999999999999996,312.0,40.80031384856807,287,156,0.0
680,156,44,78.0,3.12,0.8799999999999999,78.0,21.999999999999996,312.0,40.80031384856807,287,156,0.0
681,156,44,78.0,3.12,0.8799999999999999,78.0,21.999999999999996,312.0,40.80031384856807,287,156,0.0
682,156,44,78.0,3.12,0.8799999999999999,78.0,21.999999999999996,312.0,40.80031384856807,287,156,0.0
683,156,44,78.0,3.12,0.8799999999999999,78.0,21.999999999999996,312.0,40.80031384856807,287,156,0.0
684,156,44,78.0,3.12,0.8799999999999999,78.0,21.999999999999996,312.0,40.80031384856807,287,156,0.0
685,156,44,78.0,3.12,0.8799999999999999,78.0,21.999999999999996,312.0,40.80031384856807,288,156,0.0
686,156,44,78.0,3.12,0.8799999999999999,78.0,21.999999999999996,312.0,40.80031384856807,289,156,0.0
687,156,44,78.0,3.12,0.8799999999999999,78.0,21.999999999999996,312.0,40.80031384856807,290,156,0.0
688,156,44,78.0,3.12,0.8799999999999999,78.0,21.999999999999996,312.0,40.80031384856807,290,156,0.0
689,156,44,78.0,3.12,0.8799999999999999,78.0,21.999999999999996,312.0,40.80031384856807,290,156,0.0
690,156,44,78.0,3.12,0.8799999999999999,78.0,21.999999999999996,312.0,40.80031384856807,290,156,0.0
691,156,44,78.0,3.12,0.8799999999999999,78.0,21.999999999999996,312.0,40.80031384856807,290,156,0.0
692,156,44,78.0,3.12,0.8799999999999999,78.0,21.999999999999996,312.0,40.80031384856807,290,156,0.0
693,156,44,78.0,3.12,0.8799999999999999,78.0,21.999999999999996,312.0,40.80031384856807,290,156,0.0
694,156,44,78.0,3.12,0.8799999999999999,78.0,21.999999999999996,312.0,40.80031384856807,290,156,0.0
695,156,44,78.0,3.12,0.8799999999999999,78.0,21.999999999999996,312.0,40.80031384856807,290,156,0.0
696,156,44,78.0,3.12,0.8799999999999999,78.0,21.999999999999996,312.0,40.80031384856807,290,156,0.0
697,156,44,78.0,3.12,0.8799999999999999,78.0,21.999999999999996,312.0,40.80031384856807,290,156,0.0
698,156,44,78.0,3.12,0.8799999999999999,78.0,21.999999999999996,312.0,40.80031384856807,290,156,0.0
699,156,44,78.0,3.12,0.8799999999999999,78.0,21.999999999999996,312.0,40.80031384856807,290,156,0.0
700,156,44,78.0,3.12,0.8799999999999999,78.0,21.999999999999996,312.0,40.80031384856807,290,156,0.0
701,156,44,78.0,3.12,0.8799999999999999,78.0,21.999999999999996,312.0,40.80031384856807,290,156,0.0
702,158,42,79.0,3.16,0.8399999999999999,79.0,20.999999999999996,316.0,41.323394795344576,292,158,4.0
703,158,42,79.0,3.16,0.8399999999999999,79.0,20.999999999999996,316.0,41.323394795344576,293,158,0.0
704,158,42,79.0,3.16,0.8399999999999999,79.0,20.999999999999996,316.0,41.323394795344576,293,158,0.0
705,158,42,79.0,3.16,0.8399999999999999,79.0,20.999999999999996,316.0,41.323394795344576,293,158,0.0
706,158,42,79.0,3.16,0.8399999999999999,79.0,20.999999999999996,316.0,41.323394795344576,293,158,0.0
707,158,42,79.0,3.16,0.8399999999999999,79.0,20.999999999999996,316.0,41.323394795344576,294,158,0.0
708,158,42,79.0,3.16,0.8399999999999999,79.0,20.999999999999996,316.0,41.323394795344576,294,158,0.0
709,158,42,79.0,3.16,0.8399999999999999,79.0,20.999999999999996,316.0,41.323394795344576,294,158,0.0
710,158,42,79.0,3.16,0.8399999999999999,79.0,20.999999999999996,316.0,41.323394795344576,294,158,0.0
711,158,42,79.0,3.16,0.8399999999999999,79.0,20.999999999999996,316.0,41.323394795344576,295,158,0.0
712,158,42,79.0,3.16,0.8399999999999999,79.0,20.999999999999996,316.0,41.323394795344576,296,158,0.0
713,158,42,79.0,3.16,0.8399999999999999,79.0,20.999999999999996,316.0,41.323394795344576,296,158,0.0
714,158,42,79.0,3.16,0.8399999999999999,79.0,20.999999999999996,316.0,41.323394795344576,296,158,0.0
715,158,42,79.0,3.16,0.8399999999999999,79.0,20.999999999999996,316.0,41.323394795344576,296,158,0.0
716,158,42,79.0,3.16,0.8399999999999999,79.0,20.999999999999996,316.0,41.323394795344576,296,158,0.0
717,158,42,79.0,3.16,0.8399999999999999,79.0,20.999999999999996,316.0,41.323394795344576,296,158,0.0
718,158,42,79.0,3.16,0.8399999999999999,79.0,20.999999999999996,316.0,41.323394795344576,297,158,0.0
719,158,42,79.0,3.16,0.8399999999999999,79.0,20.999999999999996,316.0,41.323394795344576,298,158,0.0
720,158,42,79.0,3.16,0.8399999999999999,79.0,20.999999999999996,316.0,41.323394795344576,299,158,0.0
721,159,41,79.5,3.18,0.8199999999999998,79.5,20.499999999999996,318.0,41.584935268732835,300,159,2.0
722,159,41,79.5,3.18,0.8199999999999998,79.5,20.499999999999996,318.0,41.584935268732835,300,159,0.0
723,159,41,79.5,3.18,0.8199999999999998,79.5,20.499999999999996,318.0,41.584935268732835,300,159,0.0
724,159,41,79.5,3.18,0.8199999999999998,79.5,20.499999999999996,318.0,41.584935268732835,301,159,0.0
725,159,41,79.5,3.18,0.8199999999999998,79.5,20.499999999999996,318.0,41.584935268732835,301,159,0.0
726,159,41,79.5,3.18,0.8199999999999998,79.5,20.499999999999996,318.0,41.584935268732835,301,159,0.0
727,159,41,79.5,3.18,0.8199999999999998,79.5,20.499999999999996,318.0,41.584935268732835,301,159,0.0
728,159,41,79.5,3.18,0.8199999999999998,79.5,20.499999999999996,318.0,41.584935268732835,302,159,0.0
729,159,41,79.5,3.18,0.8199999999999998,79.5,20.499999999999996,318.0,41.584935268732835,302,159,0.0
730,159,41,79.5,3.18,0.8199999999999998,79.5,20.499999999999996,318.0,41.584935268732835,303,159,0.0
731,159,41,79.5,3.18,0.8199999999999998,79.5,20.499999999999996,318.0,41.584935268732835,303,159,0.0
732,160,40,80.0,3.2,0.7999999999999998,80.0,19.999999999999996,320.0,41.84647574212109,305,160,2.0
733,160,40,80.0,3.2,0.7999999999999998,80.0,19.999999999999996,320.0,41.84647574212109,306,160,0.0
734,160,40,80.0,3.2,0.7999999999999998,80.0,19.999999999999996,320.0,41.84647574212109,306,160,0.0
735,160,40,80.0,3.2,0.7999999999999998,80.0,19.999999999999996,320.0,41.84647574212109,307,160,0.0
736,160,40,80.0,3.2,0.7999999999999998,80.0,19.999999999999996,320.0,41.84647574212109,308,160,0.0
737,160,40,80.0,3.2,0.7999999999999998,80.0,19.999999999999996,320.0,41.84647574212109,308,160,0.0
738,160,40,80.0,3.2,0.7999999999999998,80.0,19.999999999999996,320.0,41.84647574212109,309,160,0.0
739,160,40,80.0,3.2,0.7999999999999998,80.0,19.999999999999996,320.0,41.84647574212109,310,160,0.0
740,160,40,80.0,3.2,0.7999999999999998,80.0,19.999999999999996,320.0,41.84647574212109,311,160,0.0
741,160,40,80.0,3.2,0.7999999999999998,80.0,19.999999999999996,320.0,41.84647574212109,312,160,0.0
742,160,40,80.0,3.2,0.7999999999999998,80.0,19.999999999999996,320.0,41.84647574212109,313,160,0.0
743,160,40,80.0,3.2,0.7999999999999998,80.0,19.999999999999996,320.0,41.84647574212109,313,160,0.0
744,160,40,80.0,3.2,0.7999999999999998,80.0,19.999999999999996,320.0,41.84647574212109,313,160,0.0
745,160,40,80.0,3.2,0.7999999999999998,80.0,19.999999999999996,320.0,41.84647574212109,314,160,0.0
746,160,40,80.0,3.2,0.7999999999999998,80.0,19.999999999999996,320.0,41.84647574212109,315,160,0.0
747,160,40,80.0,3.2,0.7999999999999998,80.0,19.999999999999996,320.0,41.84647574212109,315,160,0.0
748,160,40,80.0,3.2,0.7999999999999998,80.0,19.999999999999996,320.0,41.84647574212109,315,160,0.0
749,160,40,80.0,3.2,0.7999999999999998,80.0,19.999999999999996,320.0,41.84647574212109,315,160,0.0
750,160,40,80.0,3.2,0.7999999999999998,80.0,19.999999999999996,320.0,41.84647574212109,315,160,0.0
751,160,40,80.0,3.2,0.7999999999999998,80.0,19.999999999999996,320.0,41.84647574212109,316,160,0.0
752,160,40,80.0,3.2,0.7999999999999998,80.0,19.999999999999996,320.0,41.84647574212109,317,160,0.0
753,160,40,80.0,3.2,0.7999999999999998,80.0,19.999999999999996,320.0,41.84647574212109,318,160,0.0
754,160,40,80.0,3.2,0.7999999999999998,80.0,19.999999999999996,320.0,41.84647574212109,319,160,0.0
755,160,40,80.0,3.2,0.7999999999999998,80.0,19.999999999999996,320.0,41.84647574212109,319,160,0.0
756,160,40,80.0,3.2,0.7999999999999998,80.0,19.999999999999996,320.0,41.84647574212109,319,160,0.0
757,160,40,80.0,3.2,0.7999999999999998,80.0,19.999999999999996,320.0,41.84647574212109,319,160,0.0
758,161,39,80.5,3.22,0.7799999999999998,80.5,19.499999999999996,322.0,42.108016215509345,320,161,2.0
759,161,39,80.5,3.22,0.7799999999999998,80.5,19.499999999999996,322.0,42.108016215509345,320,161,0.0
760,161,39,80.5,3.22,0.7799999999999998,80.5,19.499999999999996,322.0,42.108016215509345,320,161,0.0
761,161,39,80.5,3.22,0.7799999999999998,80.5,19.499999999999996,322.0,42.108016215509345,320,161,0.0
762,161,39,80.5,3.22,0.7799999999999998,80.5,19.499999999999996,322.0,42.108016215509345,320,161,0.0
763,161,39,80.5,3.22,0.7799999999999998,80.5,19.499999999999996,322.0,42.108016215509345,321,161,0.0
764,161,39,80.5,3.22,0.7799999999999998,80.5,19.499999999999996,322.0,42.108016215509345,321,161,0.0
765,161,39,80.5,3.22,0.7799999999999998,80.5,19.499999999999996,322.0,42.108016215509345,321,161,0.0
766,161,39,80.5,3.22,0.7799999999999998,80.5,19.499999999999996,322.0,42.108016215509345,321,161,0.0
767,161,39,80.5,3.22,0.7799999999999998,80.5,19.499999999999996,322.0,42.108016215509345,321,161,0.0
768,161,39,80.5,3.22,0.7799999999999998,80.5,19.499999999999996,322.0,42.108016215509345,321,161,0.0
769,161,39,80.5,3.22,0.7799999999999998,80.5,19.499999999999996,322.0,42.108016215509345,321,161,0.0
770,161,39,80.5,3.22,0.7799999999999998,80.5,19.499999999999996,322.0,42.108016215509345,321,161,0.0
771,161,39,80.5,3.22,0.7799999999999998,80.5,19.499999999999996,322.0,42.108016215509345,321,161,0.0
772,161,39,80.5,3.22,0.7799999999999998,80.5,19.499999999999996,322.0,42.108016215509345,321,161,0.0
773,161,39,80.5,3.22,0.7799999999999998,80.5,19.499999999999996,322.0,42.108016215509345,321,161,0.0
774,161,39,80.5,3.22,0.7799999999999998,80.5,19.499999999999996,322.0,42.108016215509345,321,161,0.0
775,161,39,80.5,3.22,0.7799999999999998,80.5,19.499999999999996,322.0,42.108016215509345,321,161,0.0
776,161,39,80.5,3.22,0.7799999999999998,80.5,19.499999999999996,322.0,42.108016215509345,321,161,0.0
777,161,39,80.5,3.22,0.7799999999999998,80.5,19.499999999999996,322.0,42.108016215509345,321,161,0.0
778,161,39,80.5,3.22,0.7799999999999998,80.5,19.499999999999996,322.0,42.108016215509345,321,161,0.0
779,161,39,80.5,3.22,0.7799999999999998,80.5,19.499999999999996,322.0,42.108016215509345,321,161,0.0
780,161,39,80.5,3.22,0.7799999999999998,80.5,19.499999999999996,322.0,42.108016215509345,321,161,0.0
781,161,39,80.5,3.22,0.7799999999999998,80.5,19.499999999999996,322.0,42.108016215509345,321,161,0.0
782,161,39,80.5,3.22,0.7799999999999998,80.5,19.499999999999996,322.0,42.108016215509345,321,161,0.0
783,161,39,80.5,3.22,0.7799999999999998,80.5,19.499999999999996,322.0,42.108016215509345,321,161,0.0
784,161,39,80.5,3.22,0.7799999999999998,80.5,19.499999999999996,322.0,42.108016215509345,321,161,0.0
785,161,39,80.5,3.22,0.7799999999999998,80.5,19.499999999999996,322.0,42.108016215509345,321,161,0.0
786,161,39,80.5,3.22,0.7799999999999998,80.5,19.499999999999996,322.0,42.108016215509345,321,161,0.0
787,161,39,80.5,3.22,0.7799999999999998,80.5,19.499999999999996,322.0,42.108016215509345,321,161,0.0
788,161,39,80.5,3.22,0.7799999999999998,80.5,19.499999999999996,322.0,42.108016215509345,321,161,0.0
789,162,38,81.0,3.24,0.7599999999999998,81.0,18.999999999999993,324.0,42.3695566888976,322,162,2.0
790,162,38,81.0,3.24,0.7599999999999998,81.0,18.999999999999993,324.0,42.3695566888976,322,162,0.0
791,162,38,81.0,3.24,0.7599999999999998,81.0,18.999999999999993,324.0,42.3695566888976,322,162,0.0
792,162,38,81.0,3.24,0.7599999999999998,81.0,18.999999999999993,324.0,42.3695566888976,322,162,0.0
793,162,38,81.0,3.24,0.7599999999999998,81.0,18.999999999999993,324.0,42.3695566888976,322,162,0.0
794,162,38,81.0,3.24,0.7599999999999998,81.0,18.999999999999993,324.0,42.3695566888976,322,162,0.0
795,162,38,81.0,3.24,0.7599999999999998,81.0,18.999999999999993,324.0,42.3695566888976,322,162,0.0
796,162,38,81.0,3.24,0.7599999999999998,81.0,18.999999999999993,324.0,42.3695566888976,322,162,0.0
797,162,38,81.0,3.24,0.7599999999999998,81.0,18.999999999999993,324.0,42.3695566888976,322,162,0.0
798,162,38,81.0,3.24,0.7599999999999998,81.0,18.999999999999993,324.0,42.3695566888976,322,162,0.0
799,162,38,81.0,3.24,0.7599999999999998,81.0,18.999999999999993,324.0,42.3695566888976,322,162,0.0
800,162,38,81.0,3.24,0.7599999999999998,81.0,18.999999999999993,324.0,42.3695566888976,322,162,0.0
801,162,38,81.0,3.24,0.7599999999999998,81.0,18.999999999999993,324.0,42.3695566888976,322,162,0.0
802,162,38,81.0,3.24,0.7599999999999998,81.0,18.999999999999993,324.0,42.3695566888976,322,162,0.0
803,162,38,81.0,3.24,0.7599999999999998,81.0,18.999999999999993,324.0,42.3695566888976,322,162,0.0
804,162,38,81.0,3.24,0.7599999999999998,81.0,18.999999999999993,324.0,42.3695566888976,322,162,0.0
805,162,38,81.0,3.24,0.7599999999999998,81.0,18.999999999999993,324.0,42.3695566888976,322,162,0.0
806,162,38,81.0,3.24,0.7599999999999998,81.0,18.999999999999993,324.0,42.3695566888976,322,162,0.0
807,162,38,81.0,3.24,0.7599999999999998,81.0,18.999999999999993,324.0,42.3695566888976,322,162,0.0
808,162,38,81.0,3.24,0.7599999999999998,81.0,18.999999999999993,324.0,42.3695566888976,322,162,0.0
809,162,38,81.0,3.24,0.7599999999999998,81.0,18.999999999999993,324.0,42.3695566888976,322,162,0.0
810,162,38,81.0,3.24,0.7599999999999998,81.0,18.999999999999993,324.0,42.3695566888976,322,162,0.0
811,162,38,81.0,3.24,0.7599999999999998,81.0,18.999999999999993,324.0,42.3695566888976,322,162,0.0
812,162,38,81.0,3.24,0.7599999999999998,81.0,18.999999999999993,324.0,42.3695566888976,322,162,0.0
813,162,38,81.0,3.24,0.7599999999999998,81.0,18.999999999999993,324.0,42.3695566888976,322,162,0.0
814,162,38,81.0,3.24,0.7599999999999998,81.0,18.999999999999993,324.0,42.3695566888976,322,162,0.0
815,162,38,81.0,3.24,0.7599999999999998,81.0,18.999999999999993,324.0,42.3695566888976,322,162,0.0
816,163,37,81.5,3.2600000000000002,0.7399999999999998,81.5,18.499999999999993,326.0,42.63109716228586,323,163,2.0
817,163,37,81.5,3.2600000000000002,0.7399999999999998,81.5,18.499999999999993,326.0,42.63109716228586,323,163,0.0
818,163,37,81.5,3.2600000000000002,0.7399999999999998,81.5,18.499999999999993,326.0,42.63109716228586,323,163,0.0
819,163,37,81.5,3.2600000000000002,0.7399999999999998,81.5,18.499999999999993,326.0,42.63109716228586,323,163,0.0
820,163,37,81.5,3.2600000000000002,0.7399999999999998,81.5,18.499999999999993,326.0,42.63109716228586,323,163,0.0
821,163,37,81.5,3.2600000000000002,0.7399999999999998,81.5,18.499999999999993,326.0,42.63109716228586,323,163,0.0
822,163,37,81.5,3.2600000000000002,0.7399999999999998,81.5,18.499999999999993,326.0,42.63109716228586,323,163,0.0
823,163,37,81.5,3.2600000000000002,0.7399999999999998,81.5,18.499999999999993,326.0,42.63109716228586,323,163,0.0
824,163,37,81.5,3.2600000000000002,0.7399999999999998,81.5,18.499999999999993,326.0,42.63109716228586,323,163,0.0
825,163,37,81.5,3.2600000000000002,0.7399999999999998,81.5,18.499999999999993,326.0,42.63109716228586,324,163,0.0
826,164,36,82.0,3.2800000000000002,0.7199999999999998,82.0,17.999999999999993,328.0,42.89263763567412,326,164,2.0
827,166,34,83.0,3.3200000000000003,0.6799999999999997,83.0,16.999999999999993,332.0,43.41571858245063,329,166,4.0
828,166,34,83.0,3.3200000000000003,0.6799999999999997,83.0,16.999999999999993,332.0,43.41571858245063,329,166,0.0
829,166,34,83.0,3.3200000000000003,0.6799999999999997,83.0,16.999999999999993,332.0,43.41571858245063,329,166,0.0
830,166,34,83.0,3.3200000000000003,0.6799999999999997,83.0,16.999999999999993,332.0,43.41571858245063,329,166,0.0
831,166,34,83.0,3.3200000000000003,0.6799999999999997,83.0,16.999999999999993,332.0,43.41571858245063,329,166,0.0
832,166,34,83.0,3.3200000000000003,0.6799999999999997,83.0,16.999999999999993,332.0,43.41571858245063,329,166,0.0
833,166,34,83.0,3.3200000000000003,0.6799999999999997,83.0,16.999999999999993,332.0,43.41571858245063,329,166,0.0
834,166,34,83.0,3.3200000000000003,0.6799999999999997,83.0,16.999999999999993,332.0,43.41571858245063,329,166,0.0
835,166,34,83.0,3.3200000000000003,0.6799999999999997,83.0,16.999999999999993,332.0,43.41571858245063,329,166,0.0
836,166,34,83.0,3.3200000000000003,0.6799999999999997,83.0,16.999999999999993,332.0,43.41571858245063,329,166,0.0
837,166,34,83.0,3.3200000000000003,0.6799999999999997,83.0,16.999999999999993,332.0,43.41571858245063,329,166,0.0
838,166,34,83.0,3.3200000000000003,0.6799999999999997,83.0,16.999999999999993,332.0,43.41571858245063,329,166,0.0
839,166,34,83.0,3.3200000000000003,0.6799999999999997,83.0,16.999999999999993,332.0,43.41571858245063,329,166,0.0
840,166,34,83.0,3.3200000000000003,0.6799999999999997,83.0,16.999999999999993,332.0,43.41571858245063,329,166,0.0
841,166,34,83.0,3.3200000000000003,0.6799999999999997,83.0,16.999999999999993,332.0,43.41571858245063,329,166,0.0
842,166,34,83.0,3.3200000000000003,0.6799999999999997,83.0,16.999999999999993,332.0,43.41571858245063,329,166,0.0
843,166,34,83.0,3.3200000000000003,0.6799999999999997,83.0,16.999999999999993,332.0,43.41571858245063,330,166,0.0
844,166,34,83.0,3.3200000000000003,0.6799999999999997,83.0,16.999999999999993,332.0,43.41571858245063,330,166,0.0
845,166,34,83.0,3.3200000000000003,0.6799999999999997,83.0,16.999999999999993,332.0,43.41571858245063,330,166,0.0
846,166,34,83.0,3.3200000000000003,0.6799999999999997,83.0,16.999999999999993,332.0,43.41571858245063,330,166,0.0
847,166,34,83.0,3.3200000000000003,0.6799999999999997,83.0,16.999999999999993,332.0,43.41571858245063,330,166,0.0
848,166,34,83.0,3.3200000000000003,0.6799999999999997,83.0,16.999999999999993,332.0,43.41571858245063,330,166,0.0
849,166,34,83.0,3.3200000000000003,0.6799999999999997,83.0,16.999999999999993,332.0,43.41571858245063,331,166,0.0
850,166,34,83.0,3.3200000000000003,0.6799999999999997,83.0,16.999999999999993,332.0,43.41571858245063,332,166,0.0
851,166,34,83.0,3.3200000000000003,0.6799999999999997,83.0,16.999999999999993,332.0,43.41571858245063,333,166,0.0
852,166,34,83.0,3.3200000000000003,0.6799999999999997,83.0,16.999999999999993,332.0,43.41571858245063,333,166,0.0
853,167,33,83.5,3.34,0.6600000000000001,83.5,16.500000000000004,334.0,43.67725905583889,335,167,2.0
854,167,33,83.5,3.34,0.6600000000000001,83.5,16.500000000000004,334.0,43.67725905583889,336,167,0.0
855,167,33,83.5,3.34,0.6600000000000001,83.5,16.500000000000004,334.0,43.67725905583889,337,167,0.0
856,168,32,84.0,3.36,0.6400000000000001,84.0,16.000000000000004,336.0,43.93879952922715,339,168,2.0
857,168,32,84.0,3.36,0.6400000000000001,84.0,16.000000000000004,336.0,43.93879952922715,340,168,0.0
858,168,32,84.0,3.36,0.6400000000000001,84.0,16.000000000000004,336.0,43.93879952922715,340,168,0.0
859,168,32,84.0,3.36,0.6400000000000001,84.0,16.000000000000004,336.0,43.93879952922715,340,168,0.0
860,168,32,84.0,3.36,0.6400000000000001,84.0,16.000000000000004,336.0,43.93879952922715,340,168,0.0
861,169,31,84.5,3.38,0.6200000000000001,84.5,15.500000000000002,338.0,44.2003400026154,341,169,2.0
862,169,31,84.5,3.38,0.6200000000000001,84.5,15.500000000000002,338.0,44.2003400026154,342,169,0.0
863,169,31,84.5,3.38,0.6200000000000001,84.5,15.500000000000002,338.0,44.2003400026154,342,169,0.0
864,169,31,84.5,3.38,0.6200000000000001,84.5,15.500000000000002,338.0,44.2003400026154,342,169,0.0
865,169,31,84.5,3.38,0.6200000000000001,84.5,15.500000000000002,338.0,44.2003400026154,342,169,0.0
866,169,31,84.5,3.38,0.6200000000000001,84.5,15.500000000000002,338.0,44.2003400026154,343,169,0.0
867,169,31,84.5,3.38,0.6200000000000001,84.5,15.500000000000002,338.0,44.2003400026154,344,169,0.0
868,169,31,84.5,3.38,0.6200000000000001,84.5,15.500000000000002,338.0,44.2003400026154,344,169,0.0
869,169,31,84.5,3.38,0.6200000000000001,84.5,15.500000000000002,338.0,44.2003400026154,345,169,0.0
870,169,31,84.5,3.38,0.6200000000000001,84.5,15.500000000000002,338.0,44.2003400026154,346,169,0.0
871,169,31,84.5,3.38,0.6200000000000001,84.5,15.500000000000002,338.0,44.2003400026154,347,169,0.0
872,169,31,84.5,3.38,0.6200000000000001,84.5,15.500000000000002,338.0,44.2003400026154,348,169,0.0
873,169,31,84.5,3.38,0.6200000000000001,84.5,15.500000000000002,338.0,44.2003400026154,349,169,0.0
874,169,31,84.5,3.38,0.6200000000000001,84.5,15.500000000000002,338.0,44.2003400026154,349,169,0.0
875,169,31,84.5,3.38,0.6200000000000001,84.5,15.500000000000002,338.0,44.2003400026154,349,169,0.0
876,169,31,84.5,3.38,0.6200000000000001,84.5,15.500000000000002,338.0,44.2003400026154,350,169,0.0
877,169,31,84.5,3.38,0.6200000000000001,84.5,15.500000000000002,338.0,44.2003400026154,352,169,0.0
878,169,31,84.5,3.38,0.6200000000000001,84.5,15.500000000000002,338.0,44.2003400026154,353,169,0.0
879,169,31,84.5,3.38,0.6200000000000001,84.5,15.500000000000002,338.0,44.2003400026154,354,169,0.0
880,169,31,84.5,3.38,0.6200000000000001,84.5,15.500000000000002,338.0,44.2003400026154,356,169,0.0
881,169,31,84.5,3.38,0.6200000000000001,84.5,15.500000000000002,338.0,44.2003400026154,359,169,0.0
882,169,31,84.5,3.38,0.6200000000000001,84.5,15.500000000000002,338.0,44.2003400026154,361,169,0.0
883,169,31,84.5,3.38,0.6200000000000001,84.5,15.500000000000002,338.0,44.2003400026154,362,169,0.0
884,169,31,84.5,3.38,0.6200000000000001,84.5,15.500000000000002,338.0,44.2003400026154,364,169,0.0
885,169,31,84.5,3.38,0.6200000000000001,84.5,15.500000000000002,338.0,44.2003400026154,365,169,0.0
886,169,31,84.5,3.38,0.6200000000000001,84.5,15.500000000000002,338.0,44.2003400026154,366,169,0.0
887,169,31,84.5,3.38,0.6200000000000001,84.5,15.500000000000002,338.0,44.2003400026154,367,169,0.0
888,169,31,84.5,3.38,0.6200000000000001,84.5,15.500000000000002,338.0,44.2003400026154,368,169,0.0
889,170,30,85.0,3.4,0.6000000000000001,85.0,15.000000000000002,340.0,44.46188047600366,370,170,2.0
890,170,30,85.0,3.4,0.6000000000000001,85.0,15.000000000000002,340.0,44.46188047600366,371,170,0.0
891,170,30,85.0,3.4,0.6000000000000001,85.0,15.000000000000002,340.0,44.46188047600366,372,170,0.0
892,170,30,85.0,3.4,0.6000000000000001,85.0,15.000000000000002,340.0,44.46188047600366,373,170,0.0
893,170,30,85.0,3.4,0.6000000000000001,85.0,15.000000000000002,340.0,44.46188047600366,373,170,0.0
894,170,30,85.0,3.4,0.6000000000000001,85.0,15.000000000000002,340.0,44.46188047600366,373,170,0.0
895,170,30,85.0,3.4,0.6000000000000001,85.0,15.000000000000002,340.0,44.46188047600366,373,170,0.0
896,170,30,85.0,3.4,0.6000000000000001,85.0,15.000000000000002,340.0,44.46188047600366,373,170,0.0
897,170,30,85.0,3.4,0.6000000000000001,85.0,15.000000000000002,340.0,44.46188047600366,373,170,0.0
898,170,30,85.0,3.4,0.6000000000000001,85.0,15.000000000000002,340.0,44.46188047600366,373,170,0.0
899,170,30,85.0,3.4,0.6000000000000001,85.0,15.000000000000002,340.0,44.46188047600366,373,170,0.0
900,170,30,85.0,3.4,0.6000000000000001,85.0,15.000000000000002,340.0,44.46188047600366,373,170,0.0
901,170,30,85.0,3.4,0.6000000000000001,85.0,15.000000000000002,340.0,44.46188047600366,373,170,0.0
902,170,30,85.0,3.4,0.6000000000000001,85.0,15.000000000000002,340.0,44.46188047600366,373,170,0.0
903,170,30,85.0,3.4,0.6000000000000001,85.0,15.000000000000002,340.0,44.46188047600366,373,170,0.0
904,170,30,85.0,3.4,0.6000000000000001,85.0,15.000000000000002,340.0,44.46188047600366,373,170,0.0
905,170,30,85.0,3.4,0.6000000000000001,85.0,15.000000000000002,340.0,44.46188047600366,373,170,0.0
906,170,30,85.0,3.4,0.6000000000000001,85.0,15.000000000000002,340.0,44.46188047600366,373,170,0.0
907,170,30,85.0,3.4,0.6000000000000001,85.0,15.000000000000002,340.0,44.46188047600366,373,170,0.0
908,170,30,85.0,3.4,0.6000000000000001,85.0,15.000000000000002,340.0,44.46188047600366,373,170,0.0
909,170,30,85.0,3.4,0.6000000000000001,85.0,15.000000000000002,340.0,44.46188047600366,373,170,0.0
910,170,30,85.0,3.4,0.6000000000000001,85.0,15.000000000000002,340.0,44.46188047600366,373,170,0.0
911,170,30,85.0,3.4,0.6000000000000001,85.0,15.000000000000002,340.0,44.46188047600366,373,170,0.0
912,170,30,85.0,3.4,0.6000000000000001,85.0,15.000000000000002,340.0,44.46188047600366,373,170,0.0
913,170,30,85.0,3.4,0.6000000000000001,85.0,15.000000000000002,340.0,44.46188047600366,373,170,0.0
914,170,30,85.0,3.4,0.6000000000000001,85.0,15.000000000000002,340.0,44.46188047600366,374,170,0.0
915,170,30,85.0,3.4,0.6000000000000001,85.0,15.000000000000002,340.0,44.46188047600366,375,170,0.0
916,170,30,85.0,3.4,0.6000000000000001,85.0,15.000000000000002,340.0,44.46188047600366,375,170,0.0
917,170,30,85.0,3.4,0.6000000000000001,85.0,15.000000000000002,340.0,44.46188047600366,375,170,0.0
918,170,30,85.0,3.4,0.6000000000000001,85.0,15.000000000000002,340.0,44.46188047600366,375,170,0.0
919,170,30,85.0,3.4,0.6000000000000001,85.0,15.000000000000002,340.0,44.46188047600366,375,170,0.0
920,170,30,85.0,3.4,0.6000000000000001,85.0,15.000000000000002,340.0,44.46188047600366,375,170,0.0
921,170,30,85.0,3.4,0.6000000000000001,85.0,15.000000000000002,340.0,44.46188047600366,375,170,0.0
922,170,30,85.0,3.4,0.6000000000000001,85.0,15.000000000000002,340.0,44.46188047600366,375,170,0.0
923,170,30,85.0,3.4,0.6000000000000001,85.0,15.000000000000002,340.0,44.46188047600366,375,170,0.0
924,170,30,85.0,3.4,0.6000000000000001,85.0,15.000000000000002,340.0,44.46188047600366,375,170,0.0
925,170,30,85.0,3.4,0.6000000000000001,85.0,15.000000000000002,340.0,44.46188047600366,375,170,0.0
926,170,30,85.0,3.4,0.6000000000000001,85.0,15.000000000000002,340.0,44.46188047600366,375,170,0.0
927,170,30,85.0,3.4,0.6000000000000001,85.0,15.000000000000002,340.0,44.46188047600366,375,170,0.0
928,170,30,85.0,3.4,0.6000000000000001,85.0,15.000000000000002,340.0,44.46188047600366,375,170,0.0
929,170,30,85.0,3.4,0.6000000000000001,85.0,15.000000000000002,340.0,44.46188047600366,375,170,0.0
930,170,30,85.0,3.4,0.6000000000000001,85.0,15.000000000000002,340.0,44.46188047600366,375,170,0.0
931,170,30,85.0,3.4,0.6000000000000001,85.0,15.000000000000002,340.0,44.46188047600366,375,170,0.0
932,170,30,85.0,3.4,0.6000000000000001,85.0,15.000000000000002,340.0,44.46188047600366,375,170,0.0
933,170,30,85.0,3.4,0.6000000000000001,85.0,15.000000000000002,340.0,44.46188047600366,376,170,0.0
934,170,30,85.0,3.4,0.6000000000000001,85.0,15.000000000000002,340.0,44.46188047600366,377,170,0.0
935,170,30,85.0,3.4,0.6000000000000001,85.0,15.000000000000002,340.0,44.46188047600366,379,170,0.0
936,171,29,85.5,3.42,0.5800000000000001,85.5,14.500000000000002,342.0,44.723420949391915,382,171,2.0
937,171,29,85.5,3.42,0.5800000000000001,85.5,14.500000000000002,342.0,44.723420949391915,383,171,0.0
938,171,29,85.5,3.42,0.5800000000000001,85.5,14.500000000000002,342.0,44.723420949391915,384,171,0.0
939,171,29,85.5,3.42,0.5800000000000001,85.5,14.500000000000002,342.0,44.723420949391915,384,171,0.0
940,172,28,86.0,3.44,0.56,86.0,14.000000000000002,344.0,44.984961422780174,386,172,2.0
941,172,28,86.0,3.44,0.56,86.0,14.000000000000002,344.0,44.984961422780174,387,172,0.0
942,172,28,86.0,3.44,0.56,86.0,14.000000000000002,344.0,44.984961422780174,388,172,0.0
943,172,28,86.0,3.44,0.56,86.0,14.000000000000002,344.0,44.984961422780174,389,172,0.0
944,172,28,86.0,3.44,0.56,86.0,14.000000000000002,344.0,44.984961422780174,390,172,0.0
945,172,28,86.0,3.44,0.56,86.0,14.000000000000002,344.0,44.984961422780174,390,172,0.0
946,172,28,86.0,3.44,0.56,86.0,14.000000000000002,344.0,44.984961422780174,391,172,0.0
947,172,28,86.0,3.44,0.56,86.0,14.000000000000002,344.0,44.984961422780174,391,172,0.0
948,172,28,86.0,3.44,0.56,86.0,14.000000000000002,344.0,44.984961422780174,392,172,0.0
949,172,28,86.0,3.44,0.56,86.0,14.000000000000002,344.0,44.984961422780174,392,172,0.0
950,172,28,86.0,3.44,0.56,86.0,14.000000000000002,344.0,44.984961422780174,392,172,0.0
951,172,28,86.0,3.44,0.56,86.0,14.000000000000002,344.0,44.984961422780174,392,172,0.0
952,173,27,86.5,3.46,0.54,86.5,13.5,346.0,45.246501896168425,393,173,2.0
953,173,27,86.5,3.46,0.54,86.5,13.5,346.0,45.246501896168425,393,173,0.0
954,173,27,86.5,3.46,0.54,86.5,13.5,346.0,45.246501896168425,393,173,0.0
955,173,27,86.5,3.46,0.54,86.5,13.5,346.0,45.246501896168425,393,173,0.0
956,173,27,86.5,3.46,0.54,86.5,13.5,346.0,45.246501896168425,393,173,0.0
957,173,27,86.5,3.46,0.54,86.5,13.5,346.0,45.246501896168425,393,173,0.0
958,173,27,86.5,3.46,0.54,86.5,13.5,346.0,45.246501896168425,393,173,0.0
959,173,27,86.5,3.46,0.54,86.5,13.5,346.0,45.246501896168425,393,173,0.0
960,173,27,86.5,3.46,0.54,86.5,13.5,346.0,45.246501896168425,393,173,0.0
961,173,27,86.5,3.46,0.54,86.5,13.5,346.0,45.246501896168425,393,173,0.0
962,173,27,86.5,3.46,0.54,86.5,13.5,346.0,45.246501896168425,393,173,0.0
963,173,27,86.5,3.46,0.54,86.5,13.5,346.0,45.246501896168425,393,173,0.0
964,173,27,86.5,3.46,0.54,86.5,13.5,346.0,45.246501896168425,393,173,0.0
965,173,27,86.5,3.46,0.54,86.5,13.5,346.0,45.246501896168425,393,173,0.0
966,173,27,86.5,3.46,0.54,86.5,13.5,346.0,45.246501896168425,393,173,0.0
967,173,27,86.5,3.46,0.54,86.5,13.5,346.0,45.246501896168425,393,173,0.0
968,173,27,86.5,3.46,0.54,86.5,13.5,346.0,45.246501896168425,393,173,0.0
969,173,27,86.5,3.46,0.54,86.5,13.5,346.0,45.246501896168425,393,173,0.0
970,173,27,86.5,3.46,0.54,86.5,13.5,346.0,45.246501896168425,393,173,0.0
971,173,27,86.5,3.46,0.54,86.5,13.5,346.0,45.246501896168425,393,173,0.0
972,173,27,86.5,3.46,0.54,86.5,13.5,346.0,45.246501896168425,393,173,0.0
973,173,27,86.5,3.46,0.54,86.5,13.5,346.0,45.246501896168425,393,173,0.0
974,173,27,86.5,3.46,0.54,86.5,13.5,346.0,45.246501896168425,393,173,0.0
975,173,27,86.5,3.46,0.54,86.5,13.5,346.0,45.246501896168425,393,173,0.0
976,173,27,86.5,3.46,0.54,86.5,13.5,346.0,45.246501896168425,393,173,0.0
977,173,27,86.5,3.46,0.54,86.5,13.5,346.0,45.246501896168425,393,173,0.0
978,173,27,86.5,3.46,0.54,86.5,13.5,346.0,45.246501896168425,393,173,0.0
979,173,27,86.5,3.46,0.54,86.5,13.5,346.0,45.246501896168425,393,173,0.0
980,173,27,86.5,3.46,0.54,86.5,13.5,346.0,45.246501896168425,393,173,0.0
981,173,27,86.5,3.46,0.54,86.5,13.5,346.0,45.246501896168425,393,173,0.0
982,173,27,86.5,3.46,0.54,86.5,13.5,346.0,45.246501896168425,393,173,0.0
983,173,27,86.5,3.46,0.54,86.5,13.5,346.0,45.246501896168425,393,173,0.0
984,173,27,86.5,3.46,0.54,86.5,13.5,346.0,45.246501896168425,393,173,0.0
985,173,27,86.5,3.46,0.54,86.5,13.5,346.0,45.246501896168425,393,173,0.0
986,173,27,86.5,3.46,0.54,86.5,13.5,346.0,45.246501896168425,393,173,0.0
987,173,27,86.5,3.46,0.54,86.5,13.5,346.0,45.246501896168425,393,173,0.0
988,173,27,86.5,3.46,0.54,86.5,13.5,346.0,45.246501896168425,393,173,0.0
989,173,27,86.5,3.46,0.54,86.5,13.5,346.0,45.246501896168425,393,173,0.0
990,173,27,86.5,3.46,0.54,86.5,13.5,346.0,45.246501896168425,393,173,0.0
991,173,27,86.5,3.46,0.54,86.5,13.5,346.0,45.246501896168425,393,173,0.0
992,173,27,86.5,3.46,0.54,86.5,13.5,346.0,45.246501896168425,393,173,0.0
993,173,27,86.5,3.46,0.54,86.5,13.5,346.0,45.246501896168425,393,173,0.0
994,173,27,86.5,3.46,0.54,86.5,13.5,346.0,45.246501896168425,393,173,0.0
995,173,27,86.5,3.46,0.54,86.5,13.5,346.0,45.246501896168425,393,173,0.0
996,173,27,86.5,3.46,0.54,86.5,13.5,346.0,45.246501896168425,393,173,0.0
997,173,27,86.5,3.46,0.54,86.5,13.5,346.0,45.246501896168425,393,173,0.0
998,173,27,86.5,3.46,0.54,86.5,13.5,346.0,45.246501896168425,393,173,0.0
999,173,27,86.5,3.46,0.54,86.5,13.5,346.0,45.246501896168425,393,173,0.0
1000,173,27,86.5,3.46,0.54,86.5,13.5,346.0,45.246501896168425,393,173,0.0
1001,173,27,86.5,3.46,0.54,86.5,13.5,346.0,45.246501896168425,393,173,0.0
1002,173,27,86.5,3.46,0.54,86.5,13.5,346.0,45.246501896168425,393,173,0.0
1003,173,27,86.5,3.46,0.54,86.5,13.5,346.0,45.246501896168425,393,173,0.0
1004,173,27,86.5,3.46,0.54,86.5,13.5,346.0,45.246501896168425,393,173,0.0
1005,173,27,86.5,3.46,0.54,86.5,13.5,346.0,45.246501896168425,393,173,0.0
1006,173,27,86.5,3.46,0.54,86.5,13.5,346.0,45.246501896168425,393,173,0.0
1007,173,27,86.5,3.46,0.54,86.5,13.5,346.0,45.246501896168425,393,173,0.0
1008,173,27,86.5,3.46,0.54,86.5,13.5,346.0,45.246501896168425,393,173,0.0
1009,173,27,86.5,3.46,0.54,86.5,13.5,346.0,45.246501896168425,393,173,0.0
1010,173,27,86.5,3.46,0.54,86.5,13.5,346.0,45.246501896168425,393,173,0.0
1011,173,27,86.5,3.46,0.54,86.5,13.5,346.0,45.246501896168425,393,173,0.0
1012,173,27,86.5,3.46,0.54,86.5,13.5,346.0,45.246501896168425,393,173,0.0
1013,173,27,86.5,3.46,0.54,86.5,13.5,346.0,45.246501896168425,393,173,0.0
1014,173,27,86.5,3.46,0.54,86.5,13.5,346.0,45.246501896168425,393,173,0.0
1015,173,27,86.5,3.46,0.54,86.5,13.5,346.0,45.246501896168425,393,173,0.0
1016,173,27,86.5,3.46,0.54,86.5,13.5,346.0,45.246501896168425,393,173,0.0
1017,173,27,86.5,3.46,0.54,86.5,13.5,346.0,45.246501896168425,393,173,0.0
1018,173,27,86.5,3.46,0.54,86.5,13.5,346.0,45.246501896168425,393,173,0.0
1019,173,27,86.5,3.46,0.54,86.5,13.5,346.0,45.246501896168425,393,173,0.0
1020,173,27,86.5,3.46,0.54,86.5,13.5,346.0,45.246501896168425,393,173,0.0
1021,173,27,86.5,3.46,0.54,86.5,13.5,346.0,45.246501896168425,393,173,0.0
1022,173,27,86.5,3.46,0.54,86.5,13.5,346.0,45.246501896168425,393,173,0.0
1023,173,27,86.5,3.46,0.54,86.5,13.5,346.0,45.246501896168425,393,173,0.0
1024,173,27,86.5,3.46,0.54,86.5,13.5,346.0,45.246501896168425,393,173,0.0
1025,173,27,86.5,3.46,0.54,86.5,13.5,346.0,45.246501896168425,393,173,0.0
1026,173,27,86.5,3.46,0.54,86.5,13.5,346.0,45.246501896168425,393,173,0.0
1027,173,27,86.5,3.46,0.54,86.5,13.5,346.0,45.246501896168425,393,173,0.0
1028,173,27,86.5,3.46,0.54,86.5,13.5,346.0,45.246501896168425,393,173,0.0
1029,173,27,86.5,3.46,0.54,86.5,13.5,346.0,45.246501896168425,393,173,0.0
1030,173,27,86.5,3.46,0.54,86.5,13.5,346.0,45.246501896168425,393,173,0.0
1031,173,27,86.5,3.46,0.54,86.5,13.5,346.0,45.246501896168425,393,173,0.0
1032,173,27,86.5,3.46,0.54,86.5,13.5,346.0,45.246501896168425,393,173,0.0
1033,173,27,86.5,3.46,0.54,86.5,13.5,346.0,45.246501896168425,393,173,0.0
1034,173,27,86.5,3.46,0.54,86.5,13.5,346.0,45.246501896168425,393,173,0.0
1035,173,27,86.5,3.46,0.54,86.5,13.5,346.0,45.246501896168425,393,173,0.0
1036,173,27,86.5,3.46,0.54,86.5,13.5,346.0,45.246501896168425,393,173,0.0
1037,173,27,86.5,3.46,0.54,86.5,13.5,346.0,45.246501896168425,393,173,0.0
1038,173,27,86.5,3.46,0.54,86.5,13.5,346.0,45.246501896168425,393,173,0.0
1039,174,26,87.0,3.48,0.52,87.0,13.0,348.0,45.508042369556684,394,174,2.0
1040,174,26,87.0,3.48,0.52,87.0,13.0,348.0,45.508042369556684,394,174,0.0
1041,174,26,87.0,3.48,0.52,87.0,13.0,348.0,45.508042369556684,394,174,0.0
1042,174,26,87.0,3.48,0.52,87.0,13.0,348.0,45.508042369556684,394,174,0.0
1043,174,26,87.0,3.48,0.52,87.0,13.0,348.0,45.508042369556684,394,174,0.0
1044,174,26,87.0,3.48,0.52,87.0,13.0,348.0,45.508042369556684,394,174,0.0
1045,174,26,87.0,3.48,0.52,87.0,13.0,348.0,45.508042369556684,394,174,0.0
1046,174,26,87.0,3.48,0.52,87.0,13.0,348.0,45.508042369556684,394,174,0.0
1047,174,26,87.0,3.48,0.52,87.0,13.0,348.0,45.508042369556684,394,174,0.0
1048,174,26,87.0,3.48,0.52,87.0,13.0,348.0,45.508042369556684,394,174,0.0
1049,174,26,87.0,3.48,0.52,87.0,13.0,348.0,45.508042369556684,394,174,0.0
1050,174,26,87.0,3.48,0.52,87.0,13.0,348.0,45.508042369556684,394,174,0.0
1051,174,26,87.0,3.48,0.52,87.0,13.0,348.0,45.508042369556684,394,174,0.0
1052,174,26,87.0,3.48,0.52,87.0,13.0,348.0,45.508042369556684,394,174,0.0
1053,174,26,87.0,3.48,0.52,87.0,13.0,348.0,45.508042369556684,394,174,0.0
1054,174,26,87.0,3.48,0.52,87.0,13.0,348.0,45.508042369556684,394,174,0.0
1055,174,26,87.0,3.48,0.52,87.0,13.0,348.0,45.508042369556684,395,174,0.0
1056,174,26,87.0,3.48,0.52,87.0,13.0,348.0,45.508042369556684,396,174,0.0
1057,174,26,87.0,3.48,0.52,87.0,13.0,348.0,45.508042369556684,397,174,0.0
1058,174,26,87.0,3.48,0.52,87.0,13.0,348.0,45.508042369556684,398,174,0.0
1059,174,26,87.0,3.48,0.52,87.0,13.0,348.0,45.508042369556684,399,174,0.0
1060,174,26,87.0,3.48,0.52,87.0,13.0,348.0,45.508042369556684,400,174,0.0
1061,174,26,87.0,3.48,0.52,87.0,13.0,348.0,45.508042369556684,400,174,0.0
1062,174,26,87.0,3.48,0.52,87.0,13.0,348.0,45.508042369556684,400,174,0.0
1063,174,26,87.0,3.48,0.52,87.0,13.0,348.0,45.508042369556684,400,174,0.0
1064,174,26,87.0,3.48,0.52,87.0,13.0,348.0,45.508042369556684,400,174,0.0
1065,174,26,87.0,3.48,0.52,87.0,13.0,348.0,45.508042369556684,400,174,0.0
1066,175,25,87.5,3.5,0.5,87.5,12.5,350.0,45.76958284294494,401,175,2.0
1067,175,25,87.5,3.5,0.5,87.5,12.5,350.0,45.76958284294494,401,175,0.0
1068,175,25,87.5,3.5,0.5,87.5,12.5,350.0,45.76958284294494,401,175,0.0
1069,175,25,87.5,3.5,0.5,87.5,12.5,350.0,45.76958284294494,402,175,0.0
1070,175,25,87.5,3.5,0.5,87.5,12.5,350.0,45.76958284294494,403,175,0.0
1071,175,25,87.5,3.5,0.5,87.5,12.5,350.0,45.76958284294494,403,175,0.0
1072,175,25,87.5,3.5,0.5,87.5,12.5,350.0,45.76958284294494,403,175,0.0
1073,175,25,87.5,3.5,0.5,87.5,12.5,350.0,45.76958284294494,403,175,0.0
1074,175,25,87.5,3.5,0.5,87.5,12.5,350.0,45.76958284294494,403,175,0.0
1075,175,25,87.5,3.5,0.5,87.5,12.5,350.0,45.76958284294494,404,175,0.0
1076,175,25,87.5,3.5,0.5,87.5,12.5,350.0,45.76958284294494,404,175,0.0
1077,175,25,87.5,3.5,0.5,87.5,12.5,350.0,45.76958284294494,405,175,0.0
1078,175,25,87.5,3.5,0.5,87.5,12.5,350.0,45.76958284294494,405,175,0.0
1079,175,25,87.5,3.5,0.5,87.5,12.5,350.0,45.76958284294494,405,175,0.0
1080,175,25,87.5,3.5,0.5,87.5,12.5,350.0,45.76958284294494,405,175,0.0
1081,175,25,87.5,3.5,0.5,87.5,12.5,350.0,45.76958284294494,405,175,0.0
1082,176,24,88.0,3.52,0.48,88.0,12.0,352.0,46.0311233163332,406,176,2.0
1083,176,24,88.0,3.52,0.48,88.0,12.0,352.0,46.0311233163332,406,176,0.0
1084,176,24,88.0,3.52,0.48,88.0,12.0,352.0,46.0311233163332,406,176,0.0
1085,176,24,88.0,3.52,0.48,88.0,12.0,352.0,46.0311233163332,406,176,0.0
1086,176,24,88.0,3.52,0.48,88.0,12.0,352.0,46.0311233163332,406,176,0.0
1087,176,24,88.0,3.52,0.48,88.0,12.0,352.0,46.0311233163332,406,176,0.0
1088,176,24,88.0,3.52,0.48,88.0,12.0,352.0,46.0311233163332,406,176,0.0
1089,176,24,88.0,3.52,0.48,88.0,12.0,352.0,46.0311233163332,406,176,0.0
1090,176,24,88.0,3.52,0.48,88.0,12.0,352.0,46.0311233163332,406,176,0.0
1091,176,24,88.0,3.52,0.48,88.0,12.0,352.0,46.0311233163332,406,176,0.0
1092,176,24,88.0,3.52,0.48,88.0,12.0,352.0,46.0311233163332,406,176,0.0
1093,176,24,88.0,3.52,0.48,88.0,12.0,352.0,46.0311233163332,406,176,0.0
1094,176,24,88.0,3.52,0.48,88.0,12.0,352.0,46.0311233163332,407,176,0.0
1095,176,24,88.0,3.52,0.48,88.0,12.0,352.0,46.0311233163332,408,176,0.0
1096,176,24,88.0,3.52,0.48,88.0,12.0,352.0,46.0311233163332,409,176,0.0
1097,176,24,88.0,3.52,0.48,88.0,12.0,352.0,46.0311233163332,410,176,0.0
1098,176,24,88.0,3.52,0.48,88.0,12.0,352.0,46.0311233163332,411,176,0.0
1099,176,24,88.0,3.52,0.48,88.0,12.0,352.0,46.0311233163332,412,176,0.0
1100,176,24,88.0,3.52,0.48,88.0,12.0,352.0,46.0311233163332,413,176,0.0
1101,176,24,88.0,3.52,0.48,88.0,12.0,352.0,46.0311233163332,414,176,0.0
1102,176,24,88.0,3.52,0.48,88.0,12.0,352.0,46.0311233163332,415,176,0.0
1103,176,24,88.0,3.52,0.48,88.0,12.0,352.0,46.0311233163332,416,176,0.0
1104,176,24,88.0,3.52,0.48,88.0,12.0,352.0,46.0311233163332,417,176,0.0
1105,176,24,88.0,3.52,0.48,88.0,12.0,352.0,46.0311233163332,418,176,0.0
1106,176,24,88.0,3.52,0.48,88.0,12.0,352.0,46.0311233163332,418,176,0.0
1107,176,24,88.0,3.52,0.48,88.0,12.0,352.0,46.0311233163332,419,176,0.0
1108,176,24,88.0,3.52,0.48,88.0,12.0,352.0,46.0311233163332,419,176,0.0
1109,176,24,88.0,3.52,0.48,88.0,12.0,352.0,46.0311233163332,419,176,0.0
1110,176,24,88.0,3.52,0.48,88.0,12.0,352.0,46.0311233163332,421,176,0.0
1111,176,24,88.0,3.52,0.48,88.0,12.0,352.0,46.0311233163332,424,176,0.0
1112,176,24,88.0,3.52,0.48,88.0,12.0,352.0,46.0311233163332,427,176,0.0
1113,176,24,88.0,3.52,0.48,88.0,12.0,352.0,46.0311233163332,428,176,0.0
1114,176,24,88.0,3.52,0.48,88.0,12.0,352.0,46.0311233163332,429,176,0.0
1115,176,24,88.0,3.52,0.48,88.0,12.0,352.0,46.0311233163332,429,176,0.0
1116,176,24,88.0,3.52,0.48,88.0,12.0,352.0,46.0311233163332,429,176,0.0
1117,176,24,88.0,3.52,0.48,88.0,12.0,352.0,46.0311233163332,429,176,0.0
1118,177,23,88.5,3.54,0.45999999999999996,88.5,11.499999999999998,354.0,46.29266378972146,431,177,2.0
1119,177,23,88.5,3.54,0.45999999999999996,88.5,11.499999999999998,354.0,46.29266378972146,432,177,0.0
1120,178,22,89.0,3.56,0.43999999999999995,89.0,10.999999999999998,356.0,46.55420426310971,434,178,2.0
1121,178,22,89.0,3.56,0.43999999999999995,89.0,10.999999999999998,356.0,46.55420426310971,436,178,0.0
1122,178,22,89.0,3.56,0.43999999999999995,89.0,10.999999999999998,356.0,46.55420426310971,438,178,0.0
1123,178,22,89.0,3.56,0.43999999999999995,89.0,10.999999999999998,356.0,46.55420426310971,439,178,0.0
1124,178,22,89.0,3.56,0.43999999999999995,89.0,10.999999999999998,356.0,46.55420426310971,440,178,0.0
1125,178,22,89.0,3.56,0.43999999999999995,89.0,10.999999999999998,356.0,46.55420426310971,440,178,0.0
1126,178,22,89.0,3.56,0.43999999999999995,89.0,10.999999999999998,356.0,46.55420426310971,440,178,0.0
1127,178,22,89.0,3.56,0.43999999999999995,89.0,10.999999999999998,356.0,46.55420426310971,440,178,0.0
1128,178,22,89.0,3.56,0.43999999999999995,89.0,10.999999999999998,356.0,46.55420426310971,440,178,0.0
1129,178,22,89.0,3.56,0.43999999999999995,89.0,10.999999999999998,356.0,46.55420426310971,440,178,0.0
1130,178,22,89.0,3.56,0.43999999999999995,89.0,10.999999999999998,356.0,46.55420426310971,440,178,0.0
1131,178,22,89.0,3.56,0.43999999999999995,89.0,10.999999999999998,356.0,46.55420426310971,440,178,0.0
1132,178,22,89.0,3.56,0.43999999999999995,89.0,10.999999999999998,356.0,46.55420426310971,440,178,0.0
1133,178,22,89.0,3.56,0.43999999999999995,89.0,10.999999999999998,356.0,46.55420426310971,440,178,0.0
1134,178,22,89.0,3.56,0.43999999999999995,89.0,10.999999999999998,356.0,46.55420426310971,440,178,0.0
1135,178,22,89.0,3.56,0.43999999999999995,89.0,10.999999999999998,356.0,46.55420426310971,440,178,0.0
1136,178,22,89.0,3.56,0.43999999999999995,89.0,10.999999999999998,356.0,46.55420426310971,440,178,0.0
1137,178,22,89.0,3.56,0.43999999999999995,89.0,10.999999999999998,356.0,46.55420426310971,440,178,0.0
1138,178,22,89.0,3.56,0.43999999999999995,89.0,10.999999999999998,356.0,46.55420426310971,440,178,0.0
1139,178,22,89.0,3.56,0.43999999999999995,89.0,10.999999999999998,356.0,46.55420426310971,440,178,0.0
1140,178,22,89.0,3.56,0.43999999999999995,89.0,10.999999999999998,356.0,46.55420426310971,440,178,0.0
1141,178,22,89.0,3.56,0.43999999999999995,89.0,10.999999999999998,356.0,46.55420426310971,440,178,0.0
1142,178,22,89.0,3.56,0.43999999999999995,89.0,10.999999999999998,356.0,46.55420426310971,440,178,0.0
1143,178,22,89.0,3.56,0.43999999999999995,89.0,10.999999999999998,356.0,46.55420426310971,440,178,0.0
1144,178,22,89.0,3.56,0.43999999999999995,89.0,10.999999999999998,356.0,46.55420426310971,440,178,0.0
1145,178,22,89.0,3.56,0.43999999999999995,89.0,10.999999999999998,356.0,46.55420426310971,440,178,0.0
1146,178,22,89.0,3.56,0.43999999999999995,89.0,10.999999999999998,356.0,46.55420426310971,440,178,0.0
1147,178,22,89.0,3.56,0.43999999999999995,89.0,10.999999999999998,356.0,46.55420426310971,440,178,0.0
1148,178,22,89.0,3.56,0.43999999999999995,89.0,10.999999999999998,356.0,46.55420426310971,440,178,0.0
1149,178,22,89.0,3.56,0.43999999999999995,89.0,10.999999999999998,356.0,46.55420426310971,440,178,0.0
1150,178,22,89.0,3.56,0.43999999999999995,89.0,10.999999999999998,356.0,46.55420426310971,440,178,0.0
1151,178,22,89.0,3.56,0.43999999999999995,89.0,10.999999999999998,356.0,46.55420426310971,440,178,0.0
1152,178,22,89.0,3.56,0.43999999999999995,89.0,10.999999999999998,356.0,46.55420426310971,440,178,0.0
1153,178,22,89.0,3.56,0.43999999999999995,89.0,10.999999999999998,356.0,46.55420426310971,440,178,0.0
1154,178,22,89.0,3.56,0.43999999999999995,89.0,10.999999999999998,356.0,46.55420426310971,440,178,0.0
1155,178,22,89.0,3.56,0.43999999999999995,89.0,10.999999999999998,356.0,46.55420426310971,440,178,0.0
1156,178,22,89.0,3.56,0.43999999999999995,89.0,10.999999999999998,356.0,46.55420426310971,440,178,0.0
1157,178,22,89.0,3.56,0.43999999999999995,89.0,10.999999999999998,356.0,46.55420426310971,440,178,0.0
1158,178,22,89.0,3.56,0.43999999999999995,89.0,10.999999999999998,356.0,46.55420426310971,440,178,0.0
1159,178,22,89.0,3.56,0.43999999999999995,89.0,10.999999999999998,356.0,46.55420426310971,440,178,0.0
1160,178,22,89.0,3.56,0.43999999999999995,89.0,10.999999999999998,356.0,46.55420426310971,440,178,0.0
1161,178,22,89.0,3.56,0.43999999999999995,89.0,10.999999999999998,356.0,46.55420426310971,440,178,0.0
1162,178,22,89.0,3.56,0.43999999999999995,89.0,10.999999999999998,356.0,46.55420426310971,440,178,0.0
1163,178,22,89.0,3.56,0.43999999999999995,89.0,10.999999999999998,356.0,46.55420426310971,440,178,0.0
1164,178,22,89.0,3.56,0.43999999999999995,89.0,10.999999999999998,356.0,46.55420426310971,440,178,0.0
1165,178,22,89.0,3.56,0.43999999999999995,89.0,10.999999999999998,356.0,46.55420426310971,440,178,0.0
1166,178,22,89.0,3.56,0.43999999999999995,89.0,10.999999999999998,356.0,46.55420426310971,440,178,0.0
1167,178,22,89.0,3.56,0.43999999999999995,89.0,10.999999999999998,356.0,46.55420426310971,440,178,0.0
1168,178,22,89.0,3.56,0.43999999999999995,89.0,10.999999999999998,356.0,46.55420426310971,440,178,0.0
1169,178,22,89.0,3.56,0.43999999999999995,89.0,10.999999999999998,356.0,46.55420426310971,440,178,0.0
1170,178,22,89.0,3.56,0.43999999999999995,89.0,10.999999999999998,356.0,46.55420426310971,440,178,0.0
1171,178,22,89.0,3.56,0.43999999999999995,89.0,10.999999999999998,356.0,46.55420426310971,440,178,0.0
1172,178,22,89.0,3.56,0.43999999999999995,89.0,10.999999999999998,356.0,46.55420426310971,440,178,0.0
1173,178,22,89.0,3.56,0.43999999999999995,89.0,10.999999999999998,356.0,46.55420426310971,440,178,0.0
1174,178,22,89.0,3.56,0.43999999999999995,89.0,10.999999999999998,356.0,46.55420426310971,440,178,0.0
1175,178,22,89.0,3.56,0.43999999999999995,89.0,10.999999999999998,356.0,46.55420426310971,440,178,0.0
1176,178,22,89.0,3.56,0.43999999999999995,89.0,10.999999999999998,356.0,46.55420426310971,440,178,0.0
1177,178,22,89.0,3.56,0.43999999999999995,89.0,10.999999999999998,356.0,46.55420426310971,440,178,0.0
1178,178,22,89.0,3.56,0.43999999999999995,89.0,10.999999999999998,356.0,46.55420426310971,440,178,0.0
1179,178,22,89.0,3.56,0.43999999999999995,89.0,10.999999999999998,356.0,46.55420426310971,441,178,0.0
1180,178,22,89.0,3.56,0.43999999999999995,89.0,10.999999999999998,356.0,46.55420426310971,441,178,0.0
1181,178,22,89.0,3.56,0.43999999999999995,89.0,10.999999999999998,356.0,46.55420426310971,441,178,0.0
1182,179,21,89.5,3.58,0.41999999999999993,89.5,10.499999999999998,358.0,46.81574473649797,442,179,2.0
1183,179,21,89.5,3.58,0.41999999999999993,89.5,10.499999999999998,358.0,46.81574473649797,443,179,0.0
1184,179,21,89.5,3.58,0.41999999999999993,89.5,10.499999999999998,358.0,46.81574473649797,443,179,0.0
1185,179,21,89.5,3.58,0.41999999999999993,89.5,10.499999999999998,358.0,46.81574473649797,443,179,0.0
1186,179,21,89.5,3.58,0.41999999999999993,89.5,10.499999999999998,358.0,46.81574473649797,443,179,0.0
1187,179,21,89.5,3.58,0.41999999999999993,89.5,10.499999999999998,358.0,46.81574473649797,443,179,0.0
1188,179,21,89.5,3.58,0.41999999999999993,89.5,10.499999999999998,358.0,46.81574473649797,443,179,0.0
1189,179,21,89.5,3.58,0.41999999999999993,89.5,10.499999999999998,358.0,46.81574473649797,443,179,0.0
1190,179,21,89.5,3.58,0.41999999999999993,89.5,10.499999999999998,358.0,46.81574473649797,443,179,0.0
1191,179,21,89.5,3.58,0.41999999999999993,89.5,10.499999999999998,358.0,46.81574473649797,443,179,0.0
1192,179,21,89.5,3.58,0.41999999999999993,89.5,10.499999999999998,358.0,46.81574473649797,443,179,0.0
1193,179,21,89.5,3.58,0.41999999999999993,89.5,10.499999999999998,358.0,46.81574473649797,443,179,0.0
1194,179,21,89.5,3.58,0.41999999999999993,89.5,10.499999999999998,358.0,46.81574473649797,443,179,0.0
1195,179,21,89.5,3.58,0.41999999999999993,89.5,10.499999999999998,358.0,46.81574473649797,443,179,0.0
1196,179,21,89.5,3.58,0.41999999999999993,89.5,10.499999999999998,358.0,46.81574473649797,443,179,0.0
1197,179,21,89.5,3.58,0.41999999999999993,89.5,10.499999999999998,358.0,46.81574473649797,443,179,0.0
1198,179,21,89.5,3.58,0.41999999999999993,89.5,10.499999999999998,358.0,46.81574473649797,443,179,0.0
1199,179,21,89.5,3.58,0.41999999999999993,89.5,10.499999999999998,358.0,46.81574473649797,443,179,0.0
1200,179,21,89.5,3.58,0.41999999999999993,89.5,10.499999999999998,358.0,46.81574473649797,443,179,0.0
1201,179,21,89.5,3.58,0.41999999999999993,89.5,10.499999999999998,358.0,46.81574473649797,443,179,0.0
1202,179,21,89.5,3.58,0.41999999999999993,89.5,10.499999999999998,358.0,46.81574473649797,443,179,0.0
1203,179,21,89.5,3.58,0.41999999999999993,89.5,10.499999999999998,358.0,46.81574473649797,443,179,0.0
1204,179,21,89.5,3.58,0.41999999999999993,89.5,10.499999999999998,358.0,46.81574473649797,443,179,0.0
1205,179,21,89.5,3.58,0.41999999999999993,89.5,10.499999999999998,358.0,46.81574473649797,443,179,0.0
1206,179,21,89.5,3.58,0.41999999999999993,89.5,10.499999999999998,358.0,46.81574473649797,443,179,0.0
1207,179,21,89.5,3.58,0.41999999999999993,89.5,10.499999999999998,358.0,46.81574473649797,443,179,0.0
1208,179,21,89.5,3.58,0.41999999999999993,89.5,10.499999999999998,358.0,46.81574473649797,443,179,0.0
1209,179,21,89.5,3.58,0.41999999999999993,89.5,10.499999999999998,358.0,46.81574473649797,443,179,0.0
1210,179,21,89.5,3.58,0.41999999999999993,89.5,10.499999999999998,358.0,46.81574473649797,443,179,0.0
1211,179,21,89.5,3.58,0.41999999999999993,89.5,10.499999999999998,358.0,46.81574473649797,443,179,0.0
1212,179,21,89.5,3.58,0.41999999999999993,89.5,10.499999999999998,358.0,46.81574473649797,443,179,0.0
1213,179,21,89.5,3.58,0.41999999999999993,89.5,10.499999999999998,358.0,46.81574473649797,443,179,0.0
1214,179,21,89.5,3.58,0.41999999999999993,89.5,10.499999999999998,358.0,46.81574473649797,443,179,0.0
1215,179,21,89.5,3.58,0.41999999999999993,89.5,10.499999999999998,358.0,46.81574473649797,443,179,0.0
1216,179,21,89.5,3.58,0.41999999999999993,89.5,10.499999999999998,358.0,46.81574473649797,443,179,0.0
1217,179,21,89.5,3.58,0.41999999999999993,89.5,10.499999999999998,358.0,46.81574473649797,443,179,0.0
1218,179,21,89.5,3.58,0.41999999999999993,89.5,10.499999999999998,358.0,46.81574473649797,443,179,0.0
1219,179,21,89.5,3.58,0.41999999999999993,89.5,10.499999999999998,358.0,46.81574473649797,443,179,0.0
1220,179,21,89.5,3.58,0.41999999999999993,89.5,10.499999999999998,358.0,46.81574473649797,443,179,0.0
1221,179,21,89.5,3.58,0.41999999999999993,89.5,10.499999999999998,358.0,46.81574473649797,443,179,0.0
1222,179,21,89.5,3.58,0.41999999999999993,89.5,10.499999999999998,358.0,46.81574473649797,443,179,0.0
1223,179,21,89.5,3.58,0.41999999999999993,89.5,10.499999999999998,358.0,46.81574473649797,443,179,0.0
1224,179,21,89.5,3.58,0.41999999999999993,89.5,10.499999999999998,358.0,46.81574473649797,443,179,0.0
1225,179,21,89.5,3.58,0.41999999999999993,89.5,10.499999999999998,358.0,46.81574473649797,443,179,0.0
1226,179,21,89.5,3.58,0.41999999999999993,89.5,10.499999999999998,358.0,46.81574473649797,443,179,0.0
1227,179,21,89.5,3.58,0.41999999999999993,89.5,10.499999999999998,358.0,46.81574473649797,443,179,0.0
1228,179,21,89.5,3.58,0.41999999999999993,89.5,10.499999999999998,358.0,46.81574473649797,444,179,0.0
1229,179,21,89.5,3.58,0.41999999999999993,89.5,10.499999999999998,358.0,46.81574473649797,446,179,0.0
1230,179,21,89.5,3.58,0.41999999999999993,89.5,10.499999999999998,358.0,46.81574473649797,447,179,0.0
1231,179,21,89.5,3.58,0.41999999999999993,89.5,10.499999999999998,358.0,46.81574473649797,448,179,0.0
1232,179,21,89.5,3.58,0.41999999999999993,89.5,10.499999999999998,358.0,46.81574473649797,448,179,0.0
1233,179,21,89.5,3.58,0.41999999999999993,89.5,10.499999999999998,358.0,46.81574473649797,448,179,0.0
1234,179,21,89.5,3.58,0.41999999999999993,89.5,10.499999999999998,358.0,46.81574473649797,448,179,0.0
1235,179,21,89.5,3.58,0.41999999999999993,89.5,10.499999999999998,358.0,46.81574473649797,449,179,0.0
1236,179,21,89.5,3.58,0.41999999999999993,89.5,10.499999999999998,358.0,46.81574473649797,450,179,0.0
1237,179,21,89.5,3.58,0.41999999999999993,89.5,10.499999999999998,358.0,46.81574473649797,450,179,0.0
1238,179,21,89.5,3.58,0.41999999999999993,89.5,10.499999999999998,358.0,46.81574473649797,450,179,0.0
1239,179,21,89.5,3.58,0.41999999999999993,89.5,10.499999999999998,358.0,46.81574473649797,450,179,0.0
1240,179,21,89.5,3.58,0.41999999999999993,89.5,10.499999999999998,358.0,46.81574473649797,450,179,0.0
1241,179,21,89.5,3.58,0.41999999999999993,89.5,10.499999999999998,358.0,46.81574473649797,450,179,0.0
1242,179,21,89.5,3.58,0.41999999999999993,89.5,10.499999999999998,358.0,46.81574473649797,450,179,0.0
1243,179,21,89.5,3.58,0.41999999999999993,89.5,10.499999999999998,358.0,46.81574473649797,451,179,0.0
1244,179,21,89.5,3.58,0.41999999999999993,89.5,10.499999999999998,358.0,46.81574473649797,452,179,0.0
1245,180,20,90.0,3.6,0.3999999999999999,90.0,9.999999999999998,360.0,47.07728520988623,454,180,2.0
1246,180,20,90.0,3.6,0.3999999999999999,90.0,9.999999999999998,360.0,47.07728520988623,455,180,0.0
1247,180,20,90.0,3.6,0.3999999999999999,90.0,9.999999999999998,360.0,47.07728520988623,455,180,0.0
1248,180,20,90.0,3.6,0.3999999999999999,90.0,9.999999999999998,360.0,47.07728520988623,456,180,0.0
1249,180,20,90.0,3.6,0.3999999999999999,90.0,9.999999999999998,360.0,47.07728520988623,457,180,0.0
1250,180,20,90.0,3.6,0.3999999999999999,90.0,9.999999999999998,360.0,47.07728520988623,458,180,0.0
1251,180,20,90.0,3.6,0.3999999999999999,90.0,9.999999999999998,360.0,47.07728520988623,459,180,0.0
1252,180,20,90.0,3.6,0.3999999999999999,90.0,9.999999999999998,360.0,47.07728520988623,460,180,0.0
1253,180,20,90.0,3.6,0.3999999999999999,90.0,9.999999999999998,360.0,47.07728520988623,461,180,0.0
1254,180,20,90.0,3.6,0.3999999999999999,90.0,9.999999999999998,360.0,47.07728520988623,462,180,0.0
1255,180,20,90.0,3.6,0.3999999999999999,90.0,9.999999999999998,360.0,47.07728520988623,463,180,0.0
1256,180,20,90.0,3.6,0.3999999999999999,90.0,9.999999999999998,360.0,47.07728520988623,464,180,0.0
1257,181,19,90.5,3.62,0.3799999999999999,90.5,9.499999999999996,362.0,47.338825683274486,467,181,2.0
1258,181,19,90.5,3.62,0.3799999999999999,90.5,9.499999999999996,362.0,47.338825683274486,468,181,0.0
1259,181,19,90.5,3.62,0.3799999999999999,90.5,9.499999999999996,362.0,47.338825683274486,470,181,0.0
1260,181,19,90.5,3.62,0.3799999999999999,90.5,9.499999999999996,362.0,47.338825683274486,471,181,0.0
1261,181,19,90.5,3.62,0.3799999999999999,90.5,9.499999999999996,362.0,47.338825683274486,473,181,0.0
1262,181,19,90.5,3.62,0.3799999999999999,90.5,9.499999999999996,362.0,47.338825683274486,474,181,0.0
1263,181,19,90.5,3.62,0.3799999999999999,90.5,9.499999999999996,362.0,47.338825683274486,475,181,0.0
1264,181,19,90.5,3.62,0.3799999999999999,90.5,9.499999999999996,362.0,47.338825683274486,475,181,0.0
1265,181,19,90.5,3.62,0.3799999999999999,90.5,9.499999999999996,362.0,47.338825683274486,475,181,0.0
1266,181,19,90.5,3.62,0.3799999999999999,90.5,9.499999999999996,362.0,47.338825683274486,476,181,0.0
1267,181,19,90.5,3.62,0.3799999999999999,90.5,9.499999999999996,362.0,47.338825683274486,477,181,0.0
1268,181,19,90.5,3.62,0.3799999999999999,90.5,9.499999999999996,362.0,47.338825683274486,479,181,0.0
1269,181,19,90.5,3.62,0.3799999999999999,90.5,9.499999999999996,362.0,47.338825683274486,481,181,0.0
1270,181,19,90.5,3.62,0.3799999999999999,90.5,9.499999999999996,362.0,47.338825683274486,483,181,0.0
1271,181,19,90.5,3.62,0.3799999999999999,90.5,9.499999999999996,362.0,47.338825683274486,484,181,0.0
1272,181,19,90.5,3.62,0.3799999999999999,90.5,9.499999999999996,362.0,47.338825683274486,485,181,0.0
1273,181,19,90.5,3.62,0.3799999999999999,90.5,9.499999999999996,362.0,47.338825683274486,485,181,0.0
1274,181,19,90.5,3.62,0.3799999999999999,90.5,9.499999999999996,362.0,47.338825683274486,485,181,0.0
1275,181,19,90.5,3.62,0.3799999999999999,90.5,9.499999999999996,362.0,47.338825683274486,486,181,0.0
1276,181,19,90.5,3.62,0.3799999999999999,90.5,9.499999999999996,362.0,47.338825683274486,487,181,0.0
1277,181,19,90.5,3.62,0.3799999999999999,90.5,9.499999999999996,362.0,47.338825683274486,487,181,0.0
1278,181,19,90.5,3.62,0.3799999999999999,90.5,9.499999999999996,362.0,47.338825683274486,487,181,0.0
1279,181,19,90.5,3.62,0.3799999999999999,90.5,9.499999999999996,362.0,47.338825683274486,487,181,0.0
1280,181,19,90.5,3.62,0.3799999999999999,90.5,9.499999999999996,362.0,47.338825683274486,488,181,0.0
1281,181,19,90.5,3.62,0.3799999999999999,90.5,9.499999999999996,362.0,47.338825683274486,489,181,0.0
1282,181,19,90.5,3.62,0.3799999999999999,90.5,9.499999999999996,362.0,47.338825683274486,490,181,0.0
1283,181,19,90.5,3.62,0.3799999999999999,90.5,9.499999999999996,362.0,47.338825683274486,491,181,0.0
1284,181,19,90.5,3.62,0.3799999999999999,90.5,9.499999999999996,362.0,47.338825683274486,492,181,0.0
1285,181,19,90.5,3.62,0.3799999999999999,90.5,9.499999999999996,362.0,47.338825683274486,493,181,0.0
1286,181,19,90.5,3.62,0.3799999999999999,90.5,9.499999999999996,362.0,47.338825683274486,494,181,0.0
1287,181,19,90.5,3.62,0.3799999999999999,90.5,9.499999999999996,362.0,47.338825683274486,494,181,0.0
1288,181,19,90.5,3.62,0.3799999999999999,90.5,9.499999999999996,362.0,47.338825683274486,494,181,0.0
1289,181,19,90.5,3.62,0.3799999999999999,90.5,9.499999999999996,362.0,47.338825683274486,494,181,0.0
1290,181,19,90.5,3.62,0.3799999999999999,90.5,9.499999999999996,362.0,47.338825683274486,494,181,0.0
1291,181,19,90.5,3.62,0.3799999999999999,90.5,9.499999999999996,362.0,47.338825683274486,494,181,0.0
1292,181,19,90.5,3.62,0.3799999999999999,90.5,9.499999999999996,362.0,47.338825683274486,494,181,0.0
1293,181,19,90.5,3.62,0.3799999999999999,90.5,9.499999999999996,362.0,47.338825683274486,494,181,0.0
1294,181,19,90.5,3.62,0.3799999999999999,90.5,9.499999999999996,362.0,47.338825683274486,494,181,0.0
1295,181,19,90.5,3.62,0.3799999999999999,90.5,9.499999999999996,362.0,47.338825683274486,496,181,0.0
1296,181,19,90.5,3.62,0.3799999999999999,90.5,9.499999999999996,362.0,47.338825683274486,496,181,0.0
1297,181,19,90.5,3.62,0.3799999999999999,90.5,9.499999999999996,362.0,47.338825683274486,496,181,0.0
1298,181,19,90.5,3.62,0.3799999999999999,90.5,9.499999999999996,362.0,47.338825683274486,496,181,0.0
1299,181,19,90.5,3.62,0.3799999999999999,90.5,9.499999999999996,362.0,47.338825683274486,497,181,0.0
1300,181,19,90.5,3.62,0.3799999999999999,90.5,9.499999999999996,362.0,47.338825683274486,498,181,0.0
1301,181,19,90.5,3.62,0.3799999999999999,90.5,9.499999999999996,362.0,47.338825683274486,499,181,0.0
1302,181,19,90.5,3.62,0.3799999999999999,90.5,9.499999999999996,362.0,47.338825683274486,499,181,0.0
1303,181,19,90.5,3.62,0.3799999999999999,90.5,9.499999999999996,362.0,47.338825683274486,499,181,0.0
1304,181,19,90.5,3.62,0.3799999999999999,90.5,9.499999999999996,362.0,47.338825683274486,499,181,0.0
1305,181,19,90.5,3.62,0.3799999999999999,90.5,9.499999999999996,362.0,47.338825683274486,499,181,0.0
1306,181,19,90.5,3.62,0.3799999999999999,90.5,9.499999999999996,362.0,47.338825683274486,499,181,0.0
1307,181,19,90.5,3.62,0.3799999999999999,90.5,9.499999999999996,362.0,47.338825683274486,499,181,0.0
1308,181,19,90.5,3.62,0.3799999999999999,90.5,9.499999999999996,362.0,47.338825683274486,499,181,0.0
1309,181,19,90.5,3.62,0.3799999999999999,90.5,9.499999999999996,362.0,47.338825683274486,499,181,0.0
1310,181,19,90.5,3.62,0.3799999999999999,90.5,9.499999999999996,362.0,47.338825683274486,499,181,0.0
1311,181,19,90.5,3.62,0.3799999999999999,90.5,9.499999999999996,362.0,47.338825683274486,499,181,0.0
1312,181,19,90.5,3.62,0.3799999999999999,90.5,9.499999999999996,362.0,47.338825683274486,499,181,0.0
1313,181,19,90.5,3.62,0.3799999999999999,90.5,9.499999999999996,362.0,47.338825683274486,499,181,0.0
1314,181,19,90.5,3.62,0.3799999999999999,90.5,9.499999999999996,362.0,47.338825683274486,499,181,0.0
1315,181,19,90.5,3.62,0.3799999999999999,90.5,9.499999999999996,362.0,47.338825683274486,499,181,0.0
1316,181,19,90.5,3.62,0.3799999999999999,90.5,9.499999999999996,362.0,47.338825683274486,499,181,0.0
1317,181,19,90.5,3.62,0.3799999999999999,90.5,9.499999999999996,362.0,47.338825683274486,499,181,0.0
1318,181,19,90.5,3.62,0.3799999999999999,90.5,9.499999999999996,362.0,47.338825683274486,499,181,0.0
1319,181,19,90.5,3.62,0.3799999999999999,90.5,9.499999999999996,362.0,47.338825683274486,500,181,0.0
1320,181,19,90.5,3.62,0.3799999999999999,90.5,9.499999999999996,362.0,47.338825683274486,500,181,0.0
1321,181,19,90.5,3.62,0.3799999999999999,90.5,9.499999999999996,362.0,47.338825683274486,500,181,0.0
1322,181,19,90.5,3.62,0.3799999999999999,90.5,9.499999999999996,362.0,47.338825683274486,500,181,0.0
1323,181,19,90.5,3.62,0.3799999999999999,90.5,9.499999999999996,362.0,47.338825683274486,501,181,0.0
1324,181,19,90.5,3.62,0.3799999999999999,90.5,9.499999999999996,362.0,47.338825683274486,501,181,0.0
1325,181,19,90.5,3.62,0.3799999999999999,90.5,9.499999999999996,362.0,47.338825683274486,501,181,0.0
1326,181,19,90.5,3.62,0.3799999999999999,90.5,9.499999999999996,362.0,47.338825683274486,501,181,0.0
1327,181,19,90.5,3.62,0.3799999999999999,90.5,9.499999999999996,362.0,47.338825683274486,501,181,0.0
1328,181,19,90.5,3.62,0.3799999999999999,90.5,9.499999999999996,362.0,47.338825683274486,501,181,0.0
1329,181,19,90.5,3.62,0.3799999999999999,90.5,9.499999999999996,362.0,47.338825683274486,501,181,0.0
1330,181,19,90.5,3.62,0.3799999999999999,90.5,9.499999999999996,362.0,47.338825683274486,501,181,0.0
1331,181,19,90.5,3.62,0.3799999999999999,90.5,9.499999999999996,362.0,47.338825683274486,502,181,0.0
1332,181,19,90.5,3.62,0.3799999999999999,90.5,9.499999999999996,362.0,47.338825683274486,503,181,0.0
1333,181,19,90.5,3.62,0.3799999999999999,90.5,9.499999999999996,362.0,47.338825683274486,504,181,0.0
1334,181,19,90.5,3.62,0.3799999999999999,90.5,9.499999999999996,362.0,47.338825683274486,505,181,0.0
1335,181,19,90.5,3.62,0.3799999999999999,90.5,9.499999999999996,362.0,47.338825683274486,506,181,0.0
1336,181,19,90.5,3.62,0.3799999999999999,90.5,9.499999999999996,362.0,47.338825683274486,506,181,0.0
1337,181,19,90.5,3.62,0.3799999999999999,90.5,9.499999999999996,362.0,47.338825683274486,506,181,0.0
1338,181,19,90.5,3.62,0.3799999999999999,90.5,9.499999999999996,362.0,47.338825683274486,506,181,0.0
1339,181,19,90.5,3.62,0.3799999999999999,90.5,9.499999999999996,362.0,47.338825683274486,507,181,0.0
1340,181,19,90.5,3.62,0.3799999999999999,90.5,9.499999999999996,362.0,47.338825683274486,508,181,0.0
1341,181,19,90.5,3.62,0.3799999999999999,90.5,9.499999999999996,362.0,47.338825683274486,509,181,0.0
1342,181,19,90.5,3.62,0.3799999999999999,90.5,9.499999999999996,362.0,47.338825683274486,510,181,0.0
1343,181,19,90.5,3.62,0.3799999999999999,90.5,9.499999999999996,362.0,47.338825683274486,511,181,0.0
1344,181,19,90.5,3.62,0.3799999999999999,90.5,9.499999999999996,362.0,47.338825683274486,512,181,0.0
1345,181,19,90.5,3.62,0.3799999999999999,90.5,9.499999999999996,362.0,47.338825683274486,513,181,0.0
1346,181,19,90.5,3.62,0.3799999999999999,90.5,9.499999999999996,362.0,47.338825683274486,514,181,0.0
1347,181,19,90.5,3.62,0.3799999999999999,90.5,9.499999999999996,362.0,47.338825683274486,514,181,0.0
1348,181,19,90.5,3.62,0.3799999999999999,90.5,9.499999999999996,362.0,47.338825683274486,514,181,0.0
1349,181,19,90.5,3.62,0.3799999999999999,90.5,9.499999999999996,362.0,47.338825683274486,516,181,0.0
1350,181,19,90.5,3.62,0.3799999999999999,90.5,9.499999999999996,362.0,47.338825683274486,517,181,0.0
1351,181,19,90.5,3.62,0.3799999999999999,90.5,9.499999999999996,362.0,47.338825683274486,518,181,0.0
1352,181,19,90.5,3.62,0.3799999999999999,90.5,9.499999999999996,362.0,47.338825683274486,518,181,0.0
1353,181,19,90.5,3.62,0.3799999999999999,90.5,9.499999999999996,362.0,47.338825683274486,518,181,0.0
1354,181,19,90.5,3.62,0.3799999999999999,90.5,9.499999999999996,362.0,47.338825683274486,518,181,0.0
1355,181,19,90.5,3.62,0.3799999999999999,90.5,9.499999999999996,362.0,47.338825683274486,518,181,0.0
1356,181,19,90.5,3.62,0.3799999999999999,90.5,9.499999999999996,362.0,47.338825683274486,518,181,0.0
1357,181,19,90.5,3.62,0.3799999999999999,90.5,9.499999999999996,362.0,47.338825683274486,518,181,0.0
1358,181,19,90.5,3.62,0.3799999999999999,90.5,9.499999999999996,362.0,47.338825683274486,518,181,0.0
1359,181,19,90.5,3.62,0.3799999999999999,90.5,9.499999999999996,362.0,47.338825683274486,518,181,0.0
1360,181,19,90.5,3.62,0.3799999999999999,90.5,9.499999999999996,362.0,47.338825683274486,518,181,0.0
1361,181,19,90.5,3.62,0.3799999999999999,90.5,9.499999999999996,362.0,47.338825683274486,519,181,0.0
1362,181,19,90.5,3.62,0.3799999999999999,90.5,9.499999999999996,362.0,47.338825683274486,520,181,0.0
1363,181,19,90.5,3.62,0.3799999999999999,90.5,9.499999999999996,362.0,47.338825683274486,521,181,0.0
1364,181,19,90.5,3.62,0.3799999999999999,90.5,9.499999999999996,362.0,47.338825683274486,521,181,0.0
1365,181,19,90.5,3.62,0.3799999999999999,90.5,9.499999999999996,362.0,47.338825683274486,521,181,0.0
1366,182,18,91.0,3.64,0.3599999999999999,91.0,8.999999999999996,364.0,47.600366156662744,522,182,2.0
1367,182,18,91.0,3.64,0.3599999999999999,91.0,8.999999999999996,364.0,47.600366156662744,522,182,0.0
1368,182,18,91.0,3.64,0.3599999999999999,91.0,8.999999999999996,364.0,47.600366156662744,522,182,0.0
1369,182,18,91.0,3.64,0.3599999999999999,91.0,8.999999999999996,364.0,47.600366156662744,522,182,0.0
1370,182,18,91.0,3.64,0.3599999999999999,91.0,8.999999999999996,364.0,47.600366156662744,522,182,0.0
1371,182,18,91.0,3.64,0.3599999999999999,91.0,8.999999999999996,364.0,47.600366156662744,522,182,0.0
1372,182,18,91.0,3.64,0.3599999999999999,91.0,8.999999999999996,364.0,47.600366156662744,522,182,0.0
1373,182,18,91.0,3.64,0.3599999999999999,91.0,8.999999999999996,364.0,47.600366156662744,522,182,0.0
1374,182,18,91.0,3.64,0.3599999999999999,91.0,8.999999999999996,364.0,47.600366156662744,522,182,0.0
1375,182,18,91.0,3.64,0.3599999999999999,91.0,8.999999999999996,364.0,47.600366156662744,522,182,0.0
1376,182,18,91.0,3.64,0.3599999999999999,91.0,8.999999999999996,364.0,47.600366156662744,522,182,0.0
1377,182,18,91.0,3.64,0.3599999999999999,91.0,8.999999999999996,364.0,47.600366156662744,522,182,0.0
1378,182,18,91.0,3.64,0.3599999999999999,91.0,8.999999999999996,364.0,47.600366156662744,522,182,0.0
1379,182,18,91.0,3.64,0.3599999999999999,91.0,8.999999999999996,364.0,47.600366156662744,522,182,0.0
1380,182,18,91.0,3.64,0.3599999999999999,91.0,8.999999999999996,364.0,47.600366156662744,522,182,0.0
1381,182,18,91.0,3.64,0.3599999999999999,91.0,8.999999999999996,364.0,47.600366156662744,522,182,0.0
1382,183,17,91.5,3.66,0.33999999999999986,91.5,8.499999999999996,366.0,47.861906630050996,523,183,2.0
1383,184,16,92.0,3.68,0.31999999999999984,92.0,7.999999999999996,368.0,48.123447103439254,524,184,2.0
1384,184,16,92.0,3.68,0.31999999999999984,92.0,7.999999999999996,368.0,48.123447103439254,524,184,0.0
1385,184,16,92.0,3.68,0.31999999999999984,92.0,7.999999999999996,368.0,48.123447103439254,524,184,0.0
1386,184,16,92.0,3.68,0.31999999999999984,92.0,7.999999999999996,368.0,48.123447103439254,524,184,0.0
1387,184,16,92.0,3.68,0.31999999999999984,92.0,7.999999999999996,368.0,48.123447103439254,524,184,0.0
1388,184,16,92.0,3.68,0.31999999999999984,92.0,7.999999999999996,368.0,48.123447103439254,524,184,0.0
1389,184,16,92.0,3.68,0.31999999999999984,92.0,7.999999999999996,368.0,48.123447103439254,525,184,0.0
1390,184,16,92.0,3.68,0.31999999999999984,92.0,7.999999999999996,368.0,48.123447103439254,527,184,0.0
1391,184,16,92.0,3.68,0.31999999999999984,92.0,7.999999999999996,368.0,48.123447103439254,529,184,0.0
1392,184,16,92.0,3.68,0.31999999999999984,92.0,7.999999999999996,368.0,48.123447103439254,529,184,0.0
1393,184,16,92.0,3.68,0.31999999999999984,92.0,7.999999999999996,368.0,48.123447103439254,529,184,0.0
1394,184,16,92.0,3.68,0.31999999999999984,92.0,7.999999999999996,368.0,48.123447103439254,529,184,0.0
1395,184,16,92.0,3.68,0.31999999999999984,92.0,7.999999999999996,368.0,48.123447103439254,530,184,0.0
1396,184,16,92.0,3.68,0.31999999999999984,92.0,7.999999999999996,368.0,48.123447103439254,531,184,0.0
1397,184,16,92.0,3.68,0.31999999999999984,92.0,7.999999999999996,368.0,48.123447103439254,531,184,0.0
1398,184,16,92.0,3.68,0.31999999999999984,92.0,7.999999999999996,368.0,48.123447103439254,531,184,0.0
1399,184,16,92.0,3.68,0.31999999999999984,92.0,7.999999999999996,368.0,48.123447103439254,531,184,0.0
1400,184,16,92.0,3.68,0.31999999999999984,92.0,7.999999999999996,368.0,48.123447103439254,532,184,0.0
1401,184,16,92.0,3.68,0.31999999999999984,92.0,7.999999999999996,368.0,48.123447103439254,532,184,0.0
1402,184,16,92.0,3.68,0.31999999999999984,92.0,7.999999999999996,368.0,48.123447103439254,532,184,0.0
1403,184,16,92.0,3.68,0.31999999999999984,92.0,7.999999999999996,368.0,48.123447103439254,532,184,0.0
1404,184,16,92.0,3.68,0.31999999999999984,92.0,7.999999999999996,368.0,48.123447103439254,532,184,0.0
1405,184,16,92.0,3.68,0.31999999999999984,92.0,7.999999999999996,368.0,48.123447103439254,533,184,0.0
1406,184,16,92.0,3.68,0.31999999999999984,92.0,7.999999999999996,368.0,48.123447103439254,534,184,0.0
1407,184,16,92.0,3.68,0.31999999999999984,92.0,7.999999999999996,368.0,48.123447103439254,534,184,0.0
1408,184,16,92.0,3.68,0.31999999999999984,92.0,7.999999999999996,368.0,48.123447103439254,535,184,0.0
1409,184,16,92.0,3.68,0.31999999999999984,92.0,7.999999999999996,368.0,48.123447103439254,538,184,0.0
1410,184,16,92.0,3.68,0.31999999999999984,92.0,7.999999999999996,368.0,48.123447103439254,540,184,0.0
1411,184,16,92.0,3.68,0.31999999999999984,92.0,7.999999999999996,368.0,48.123447103439254,542,184,0.0
1412,184,16,92.0,3.68,0.31999999999999984,92.0,7.999999999999996,368.0,48.123447103439254,544,184,0.0
1413,184,16,92.0,3.68,0.31999999999999984,92.0,7.999999999999996,368.0,48.123447103439254,545,184,0.0
1414,184,16,92.0,3.68,0.31999999999999984,92.0,7.999999999999996,368.0,48.123447103439254,547,184,0.0
1415,184,16,92.0,3.68,0.31999999999999984,92.0,7.999999999999996,368.0,48.123447103439254,550,184,0.0
1416,184,16,92.0,3.68,0.31999999999999984,92.0,7.999999999999996,368.0,48.123447103439254,552,184,0.0
1417,184,16,92.0,3.68,0.31999999999999984,92.0,7.999999999999996,368.0,48.123447103439254,552,184,0.0
1418,184,16,92.0,3.68,0.31999999999999984,92.0,7.999999999999996,368.0,48.123447103439254,553,184,0.0
1419,184,16,92.0,3.68,0.31999999999999984,92.0,7.999999999999996,368.0,48.123447103439254,554,184,0.0
1420,184,16,92.0,3.68,0.31999999999999984,92.0,7.999999999999996,368.0,48.123447103439254,558,184,0.0
1421,184,16,92.0,3.68,0.31999999999999984,92.0,7.999999999999996,368.0,48.123447103439254,562,184,0.0
1422,184,16,92.0,3.68,0.31999999999999984,92.0,7.999999999999996,368.0,48.123447103439254,565,184,0.0
1423,184,16,92.0,3.68,0.31999999999999984,92.0,7.999999999999996,368.0,48.123447103439254,566,184,0.0
1424,184,16,92.0,3.68,0.31999999999999984,92.0,7.999999999999996,368.0,48.123447103439254,568,184,0.0
1425,184,16,92.0,3.68,0.31999999999999984,92.0,7.999999999999996,368.0,48.123447103439254,570,184,0.0
1426,184,16,92.0,3.68,0.31999999999999984,92.0,7.999999999999996,368.0,48.123447103439254,572,184,0.0
1427,184,16,92.0,3.68,0.31999999999999984,92.0,7.999999999999996,368.0,48.123447103439254,572,184,0.0
1428,184,16,92.0,3.68,0.31999999999999984,92.0,7.999999999999996,368.0,48.123447103439254,574,184,0.0
1429,184,16,92.0,3.68,0.31999999999999984,92.0,7.999999999999996,368.0,48.123447103439254,575,184,0.0
1430,184,16,92.0,3.68,0.31999999999999984,92.0,7.999999999999996,368.0,48.123447103439254,576,184,0.0
1431,184,16,92.0,3.68,0.31999999999999984,92.0,7.999999999999996,368.0,48.123447103439254,577,184,0.0
1432,185,15,92.5,3.7,0.2999999999999998,92.5,7.499999999999996,370.0,48.38498757682751,579,185,2.0
1433,185,15,92.5,3.7,0.2999999999999998,92.5,7.499999999999996,370.0,48.38498757682751,580,185,0.0
1434,185,15,92.5,3.7,0.2999999999999998,92.5,7.499999999999996,370.0,48.38498757682751,581,185,0.0
1435,185,15,92.5,3.7,0.2999999999999998,92.5,7.499999999999996,370.0,48.38498757682751,583,185,0.0
1436,185,15,92.5,3.7,0.2999999999999998,92.5,7.499999999999996,370.0,48.38498757682751,586,185,0.0
1437,185,15,92.5,3.7,0.2999999999999998,92.5,7.499999999999996,370.0,48.38498757682751,587,185,0.0
1438,185,15,92.5,3.7,0.2999999999999998,92.5,7.499999999999996,370.0,48.38498757682751,588,185,0.0
1439,185,15,92.5,3.7,0.2999999999999998,92.5,7.499999999999996,370.0,48.38498757682751,591,185,0.0
1440,185,15,92.5,3.7,0.2999999999999998,92.5,7.499999999999996,370.0,48.38498757682751,594,185,0.0
1441,185,15,92.5,3.7,0.2999999999999998,92.5,7.499999999999996,370.0,48.38498757682751,594,185,0.0
1442,185,15,92.5,3.7,0.2999999999999998,92.5,7.499999999999996,370.0,48.38498757682751,595,185,0.0
1443,185,15,92.5,3.7,0.2999999999999998,92.5,7.499999999999996,370.0,48.38498757682751,596,185,0.0
1444,185,15,92.5,3.7,0.2999999999999998,92.5,7.499999999999996,370.0,48.38498757682751,596,185,0.0
1445,185,15,92.5,3.7,0.2999999999999998,92.5,7.499999999999996,370.0,48.38498757682751,596,185,0.0
1446,185,15,92.5,3.7,0.2999999999999998,92.5,7.499999999999996,370.0,48.38498757682751,596,185,0.0
1447,185,15,92.5,3.7,0.2999999999999998,92.5,7.499999999999996,370.0,48.38498757682751,596,185,0.0
1448,185,15,92.5,3.7,0.2999999999999998,92.5,7.499999999999996,370.0,48.38498757682751,597,185,0.0
1449,185,15,92.5,3.7,0.2999999999999998,92.5,7.499999999999996,370.0,48.38498757682751,599,185,0.0
1450,185,15,92.5,3.7,0.2999999999999998,92.5,7.499999999999996,370.0,48.38498757682751,602,185,0.0
1451,185,15,92.5,3.7,0.2999999999999998,92.5,7.499999999999996,370.0,48.38498757682751,605,185,0.0
1452,185,15,92.5,3.7,0.2999999999999998,92.5,7.499999999999996,370.0,48.38498757682751,608,185,0.0
1453,185,15,92.5,3.7,0.2999999999999998,92.5,7.499999999999996,370.0,48.38498757682751,609,185,0.0
1454,185,15,92.5,3.7,0.2999999999999998,92.5,7.499999999999996,370.0,48.38498757682751,611,185,0.0
1455,185,15,92.5,3.7,0.2999999999999998,92.5,7.499999999999996,370.0,48.38498757682751,611,185,0.0
1456,185,15,92.5,3.7,0.2999999999999998,92.5,7.499999999999996,370.0,48.38498757682751,613,185,0.0
1457,185,15,92.5,3.7,0.2999999999999998,92.5,7.499999999999996,370.0,48.38498757682751,616,185,0.0
1458,185,15,92.5,3.7,0.2999999999999998,92.5,7.499999999999996,370.0,48.38498757682751,618,185,0.0
1459,185,15,92.5,3.7,0.2999999999999998,92.5,7.499999999999996,370.0,48.38498757682751,621,185,0.0
1460,185,15,92.5,3.7,0.2999999999999998,92.5,7.499999999999996,370.0,48.38498757682751,622,185,0.0
1461,185,15,92.5,3.7,0.2999999999999998,92.5,7.499999999999996,370.0,48.38498757682751,623,185,0.0
1462,185,15,92.5,3.7,0.2999999999999998,92.5,7.499999999999996,370.0,48.38498757682751,624,185,0.0
1463,185,15,92.5,3.7,0.2999999999999998,92.5,7.499999999999996,370.0,48.38498757682751,624,185,0.0
1464,185,15,92.5,3.7,0.2999999999999998,92.5,7.499999999999996,370.0,48.38498757682751,625,185,0.0
1465,185,15,92.5,3.7,0.2999999999999998,92.5,7.499999999999996,370.0,48.38498757682751,626,185,0.0
1466,185,15,92.5,3.7,0.2999999999999998,92.5,7.499999999999996,370.0,48.38498757682751,626,185,0.0
1467,185,15,92.5,3.7,0.2999999999999998,92.5,7.499999999999996,370.0,48.38498757682751,626,185,0.0
1468,185,15,92.5,3.7,0.2999999999999998,92.5,7.499999999999996,370.0,48.38498757682751,626,185,0.0
1469,185,15,92.5,3.7,0.2999999999999998,92.5,7.499999999999996,370.0,48.38498757682751,626,185,0.0
1470,185,15,92.5,3.7,0.2999999999999998,92.5,7.499999999999996,370.0,48.38498757682751,626,185,0.0
1471,185,15,92.5,3.7,0.2999999999999998,92.5,7.499999999999996,370.0,48.38498757682751,626,185,0.0
1472,185,15,92.5,3.7,0.2999999999999998,92.5,7.499999999999996,370.0,48.38498757682751,627,185,0.0
1473,185,15,92.5,3.7,0.2999999999999998,92.5,7.499999999999996,370.0,48.38498757682751,627,185,0.0
1474,185,15,92.5,3.7,0.2999999999999998,92.5,7.499999999999996,370.0,48.38498757682751,628,185,0.0
1475,185,15,92.5,3.7,0.2999999999999998,92.5,7.499999999999996,370.0,48.38498757682751,629,185,0.0
1476,186,14,93.0,3.72,0.2799999999999998,93.0,6.999999999999995,372.0,48.64652805021577,631,186,2.0
1477,186,14,93.0,3.72,0.2799999999999998,93.0,6.999999999999995,372.0,48.64652805021577,632,186,0.0
1478,186,14,93.0,3.72,0.2799999999999998,93.0,6.999999999999995,372.0,48.64652805021577,632,186,0.0
1479,186,14,93.0,3.72,0.2799999999999998,93.0,6.999999999999995,372.0,48.64652805021577,632,186,0.0
1480,186,14,93.0,3.72,0.2799999999999998,93.0,6.999999999999995,372.0,48.64652805021577,632,186,0.0
1481,186,14,93.0,3.72,0.2799999999999998,93.0,6.999999999999995,372.0,48.64652805021577,632,186,0.0
1482,186,14,93.0,3.72,0.2799999999999998,93.0,6.999999999999995,372.0,48.64652805021577,632,186,0.0
1483,186,14,93.0,3.72,0.2799999999999998,93.0,6.999999999999995,372.0,48.64652805021577,632,186,0.0
1484,186,14,93.0,3.72,0.2799999999999998,93.0,6.999999999999995,372.0,48.64652805021577,632,186,0.0
1485,186,14,93.0,3.72,0.2799999999999998,93.0,6.999999999999995,372.0,48.64652805021577,632,186,0.0
1486,186,14,93.0,3.72,0.2799999999999998,93.0,6.999999999999995,372.0,48.64652805021577,633,186,0.0
1487,186,14,93.0,3.72,0.2799999999999998,93.0,6.999999999999995,372.0,48.64652805021577,633,186,0.0
1488,186,14,93.0,3.72,0.2799999999999998,93.0,6.999999999999995,372.0,48.64652805021577,633,186,0.0
1489,186,14,93.0,3.72,0.2799999999999998,93.0,6.999999999999995,372.0,48.64652805021577,633,186,0.0
1490,186,14,93.0,3.72,0.2799999999999998,93.0,6.999999999999995,372.0,48.64652805021577,633,186,0.0
1491,186,14,93.0,3.72,0.2799999999999998,93.0,6.999999999999995,372.0,48.64652805021577,633,186,0.0
1492,186,14,93.0,3.72,0.2799999999999998,93.0,6.999999999999995,372.0,48.64652805021577,634,186,0.0
1493,186,14,93.0,3.72,0.2799999999999998,93.0,6.999999999999995,372.0,48.64652805021577,634,186,0.0
1494,186,14,93.0,3.72,0.2799999999999998,93.0,6.999999999999995,372.0,48.64652805021577,634,186,0.0
1495,186,14,93.0,3.72,0.2799999999999998,93.0,6.999999999999995,372.0,48.64652805021577,634,186,0.0
1496,186,14,93.0,3.72,0.2799999999999998,93.0,6.999999999999995,372.0,48.64652805021577,634,186,0.0
1497,186,14,93.0,3.72,0.2799999999999998,93.0,6.999999999999995,372.0,48.64652805021577,634,186,0.0
1498,187,13,93.5,3.74,0.2599999999999998,93.5,6.499999999999995,374.0,48.90806852360402,635,187,2.0
1499,187,13,93.5,3.74,0.2599999999999998,93.5,6.499999999999995,374.0,48.90806852360402,635,187,0.0
1500,187,13,93.5,3.74,0.2599999999999998,93.5,6.499999999999995,374.0,48.90806852360402,635,187,0.0
1501,187,13,93.5,3.74,0.2599999999999998,93.5,6.499999999999995,374.0,48.90806852360402,635,187,0.0
1502,187,13,93.5,3.74,0.2599999999999998,93.5,6.499999999999995,374.0,48.90806852360402,635,187,0.0
1503,187,13,93.5,3.74,0.2599999999999998,93.5,6.499999999999995,374.0,48.90806852360402,635,187,0.0
1504,187,13,93.5,3.74,0.2599999999999998,93.5,6.499999999999995,374.0,48.90806852360402,635,187,0.0
1505,187,13,93.5,3.74,0.2599999999999998,93.5,6.499999999999995,374.0,48.90806852360402,635,187,0.0
1506,187,13,93.5,3.74,0.2599999999999998,93.5,6.499999999999995,374.0,48.90806852360402,635,187,0.0
1507,187,13,93.5,3.74,0.2599999999999998,93.5,6.499999999999995,374.0,48.90806852360402,635,187,0.0
1508,187,13,93.5,3.74,0.2599999999999998,93.5,6.499999999999995,374.0,48.90806852360402,635,187,0.0
1509,187,13,93.5,3.74,0.2599999999999998,93.5,6.499999999999995,374.0,48.90806852360402,635,187,0.0
1510,187,13,93.5,3.74,0.2599999999999998,93.5,6.499999999999995,374.0,48.90806852360402,635,187,0.0
1511,187,13,93.5,3.74,0.2599999999999998,93.5,6.499999999999995,374.0,48.90806852360402,635,187,0.0
1512,187,13,93.5,3.74,0.2599999999999998,93.5,6.499999999999995,374.0,48.90806852360402,635,187,0.0
1513,187,13,93.5,3.74,0.2599999999999998,93.5,6.499999999999995,374.0,48.90806852360402,635,187,0.0
1514,187,13,93.5,3.74,0.2599999999999998,93.5,6.499999999999995,374.0,48.90806852360402,635,187,0.0
1515,187,13,93.5,3.74,0.2599999999999998,93.5,6.499999999999995,374.0,48.90806852360402,635,187,0.0
1516,187,13,93.5,3.74,0.2599999999999998,93.5,6.499999999999995,374.0,48.90806852360402,635,187,0.0
1517,187,13,93.5,3.74,0.2599999999999998,93.5,6.499999999999995,374.0,48.90806852360402,635,187,0.0
1518,187,13,93.5,3.74,0.2599999999999998,93.5,6.499999999999995,374.0,48.90806852360402,635,187,0.0
1519,187,13,93.5,3.74,0.2599999999999998,93.5,6.499999999999995,374.0,48.90806852360402,635,187,0.0
1520,187,13,93.5,3.74,0.2599999999999998,93.5,6.499999999999995,374.0,48.90806852360402,635,187,0.0
1521,187,13,93.5,3.74,0.2599999999999998,93.5,6.499999999999995,374.0,48.90806852360402,635,187,0.0
1522,187,13,93.5,3.74,0.2599999999999998,93.5,6.499999999999995,374.0,48.90806852360402,635,187,0.0
1523,187,13,93.5,3.74,0.2599999999999998,93.5,6.499999999999995,374.0,48.90806852360402,635,187,0.0
1524,187,13,93.5,3.74,0.2599999999999998,93.5,6.499999999999995,374.0,48.90806852360402,635,187,0.0
1525,187,13,93.5,3.74,0.2599999999999998,93.5,6.499999999999995,374.0,48.90806852360402,635,187,0.0
1526,187,13,93.5,3.74,0.2599999999999998,93.5,6.499999999999995,374.0,48.90806852360402,635,187,0.0
1527,187,13,93.5,3.74,0.2599999999999998,93.5,6.499999999999995,374.0,48.90806852360402,635,187,0.0
1528,187,13,93.5,3.74,0.2599999999999998,93.5,6.499999999999995,374.0,48.90806852360402,635,187,0.0
1529,187,13,93.5,3.74,0.2599999999999998,93.5,6.499999999999995,374.0,48.90806852360402,635,187,0.0
1530,187,13,93.5,3.74,0.2599999999999998,93.5,6.499999999999995,374.0,48.90806852360402,635,187,0.0
1531,187,13,93.5,3.74,0.2599999999999998,93.5,6.499999999999995,374.0,48.90806852360402,635,187,0.0
1532,187,13,93.5,3.74,0.2599999999999998,93.5,6.499999999999995,374.0,48.90806852360402,635,187,0.0
1533,187,13,93.5,3.74,0.2599999999999998,93.5,6.499999999999995,374.0,48.90806852360402,635,187,0.0
1534,187,13,93.5,3.74,0.2599999999999998,93.5,6.499999999999995,374.0,48.90806852360402,635,187,0.0
1535,187,13,93.5,3.74,0.2599999999999998,93.5,6.499999999999995,374.0,48.90806852360402,635,187,0.0
1536,187,13,93.5,3.74,0.2599999999999998,93.5,6.499999999999995,374.0,48.90806852360402,635,187,0.0
1537,187,13,93.5,3.74,0.2599999999999998,93.5,6.499999999999995,374.0,48.90806852360402,635,187,0.0
1538,187,13,93.5,3.74,0.2599999999999998,93.5,6.499999999999995,374.0,48.90806852360402,635,187,0.0
1539,187,13,93.5,3.74,0.2599999999999998,93.5,6.499999999999995,374.0,48.90806852360402,635,187,0.0
1540,187,13,93.5,3.74,0.2599999999999998,93.5,6.499999999999995,374.0,48.90806852360402,635,187,0.0
1541,187,13,93.5,3.74,0.2599999999999998,93.5,6.499999999999995,374.0,48.90806852360402,635,187,0.0
1542,187,13,93.5,3.74,0.2599999999999998,93.5,6.499999999999995,374.0,48.90806852360402,635,187,0.0
1543,187,13,93.5,3.74,0.2599999999999998,93.5,6.499999999999995,374.0,48.90806852360402,635,187,0.0
1544,187,13,93.5,3.74,0.2599999999999998,93.5,6.499999999999995,374.0,48.90806852360402,635,187,0.0
1545,187,13,93.5,3.74,0.2599999999999998,93.5,6.499999999999995,374.0,48.90806852360402,635,187,0.0
1546,187,13,93.5,3.74,0.2599999999999998,93.5,6.499999999999995,374.0,48.90806852360402,635,187,0.0
1547,188,12,94.0,3.7600000000000002,0.23999999999999977,94.0,5.999999999999994,376.0,49.16960899699228,636,188,2.0
1548,188,12,94.0,3.7600000000000002,0.23999999999999977,94.0,5.999999999999994,376.0,49.16960899699228,636,188,0.0
1549,188,12,94.0,3.7600000000000002,0.23999999999999977,94.0,5.999999999999994,376.0,49.16960899699228,636,188,0.0
1550,188,12,94.0,3.7600000000000002,0.23999999999999977,94.0,5.999999999999994,376.0,49.16960899699228,636,188,0.0
1551,188,12,94.0,3.7600000000000002,0.23999999999999977,94.0,5.999999999999994,376.0,49.16960899699228,636,188,0.0
1552,188,12,94.0,3.7600000000000002,0.23999999999999977,94.0,5.999999999999994,376.0,49.16960899699228,636,188,0.0
1553,188,12,94.0,3.7600000000000002,0.23999999999999977,94.0,5.999999999999994,376.0,49.16960899699228,636,188,0.0
1554,188,12,94.0,3.7600000000000002,0.23999999999999977,94.0,5.999999999999994,376.0,49.16960899699228,636,188,0.0
1555,188,12,94.0,3.7600000000000002,0.23999999999999977,94.0,5.999999999999994,376.0,49.16960899699228,636,188,0.0
1556,188,12,94.0,3.7600000000000002,0.23999999999999977,94.0,5.999999999999994,376.0,49.16960899699228,636,188,0.0
1557,188,12,94.0,3.7600000000000002,0.23999999999999977,94.0,5.999999999999994,376.0,49.16960899699228,636,188,0.0
1558,188,12,94.0,3.7600000000000002,0.23999999999999977,94.0,5.999999999999994,376.0,49.16960899699228,637,188,0.0
1559,188,12,94.0,3.7600000000000002,0.23999999999999977,94.0,5.999999999999994,376.0,49.16960899699228,637,188,0.0
1560,188,12,94.0,3.7600000000000002,0.23999999999999977,94.0,5.999999999999994,376.0,49.16960899699228,637,188,0.0
1561,188,12,94.0,3.7600000000000002,0.23999999999999977,94.0,5.999999999999994,376.0,49.16960899699228,637,188,0.0
1562,188,12,94.0,3.7600000000000002,0.23999999999999977,94.0,5.999999999999994,376.0,49.16960899699228,637,188,0.0
1563,188,12,94.0,3.7600000000000002,0.23999999999999977,94.0,5.999999999999994,376.0,49.16960899699228,637,188,0.0
1564,188,12,94.0,3.7600000000000002,0.23999999999999977,94.0,5.999999999999994,376.0,49.16960899699228,637,188,0.0
1565,188,12,94.0,3.7600000000000002,0.23999999999999977,94.0,5.999999999999994,376.0,49.16960899699228,637,188,0.0
1566,188,12,94.0,3.7600000000000002,0.23999999999999977,94.0,5.999999999999994,376.0,49.16960899699228,637,188,0.0
1567,188,12,94.0,3.7600000000000002,0.23999999999999977,94.0,5.999999999999994,376.0,49.16960899699228,637,188,0.0
1568,188,12,94.0,3.7600000000000002,0.23999999999999977,94.0,5.999999999999994,376.0,49.16960899699228,637,188,0.0
1569,188,12,94.0,3.7600000000000002,0.23999999999999977,94.0,5.999999999999994,376.0,49.16960899699228,637,188,0.0
1570,188,12,94.0,3.7600000000000002,0.23999999999999977,94.0,5.999999999999994,376.0,49.16960899699228,637,188,0.0
1571,188,12,94.0,3.7600000000000002,0.23999999999999977,94.0,5.999999999999994,376.0,49.16960899699228,637,188,0.0
1572,188,12,94.0,3.7600000000000002,0.23999999999999977,94.0,5.999999999999994,376.0,49.16960899699228,637,188,0.0
1573,188,12,94.0,3.7600000000000002,0.23999999999999977,94.0,5.999999999999994,376.0,49.16960899699228,637,188,0.0
1574,188,12,94.0,3.7600000000000002,0.23999999999999977,94.0,5.999999999999994,376.0,49.16960899699228,637,188,0.0
1575,188,12,94.0,3.7600000000000002,0.23999999999999977,94.0,5.999999999999994,376.0,49.16960899699228,637,188,0.0
1576,188,12,94.0,3.7600000000000002,0.23999999999999977,94.0,5.999999999999994,376.0,49.16960899699228,637,188,0.0
1577,188,12,94.0,3.7600000000000002,0.23999999999999977,94.0,5.999999999999994,376.0,49.16960899699228,637,188,0.0
1578,188,12,94.0,3.7600000000000002,0.23999999999999977,94.0,5.999999999999994,376.0,49.16960899699228,637,188,0.0
1579,188,12,94.0,3.7600000000000002,0.23999999999999977,94.0,5.999999999999994,376.0,49.16960899699228,637,188,0.0
1580,188,12,94.0,3.7600000000000002,0.23999999999999977,94.0,5.999999999999994,376.0,49.16960899699228,637,188,0.0
1581,188,12,94.0,3.7600000000000002,0.23999999999999977,94.0,5.999999999999994,376.0,49.16960899699228,637,188,0.0
1582,188,12,94.0,3.7600000000000002,0.23999999999999977,94.0,5.999999999999994,376.0,49.16960899699228,637,188,0.0
1583,188,12,94.0,3.7600000000000002,0.23999999999999977,94.0,5.999999999999994,376.0,49.16960899699228,637,188,0.0
1584,188,12,94.0,3.7600000000000002,0.23999999999999977,94.0,5.999999999999994,376.0,49.16960899699228,637,188,0.0
1585,188,12,94.0,3.7600000000000002,0.23999999999999977,94.0,5.999999999999994,376.0,49.16960899699228,637,188,0.0
1586,188,12,94.0,3.7600000000000002,0.23999999999999977,94.0,5.999999999999994,376.0,49.16960899699228,637,188,0.0
1587,188,12,94.0,3.7600000000000002,0.23999999999999977,94.0,5.999999999999994,376.0,49.16960899699228,637,188,0.0
1588,188,12,94.0,3.7600000000000002,0.23999999999999977,94.0,5.999999999999994,376.0,49.16960899699228,637,188,0.0
1589,188,12,94.0,3.7600000000000002,0.23999999999999977,94.0,5.999999999999994,376.0,49.16960899699228,637,188,0.0
1590,188,12,94.0,3.7600000000000002,0.23999999999999977,94.0,5.999999999999994,376.0,49.16960899699228,637,188,0.0
1591,188,12,94.0,3.7600000000000002,0.23999999999999977,94.0,5.999999999999994,376.0,49.16960899699228,637,188,0.0
1592,188,12,94.0,3.7600000000000002,0.23999999999999977,94.0,5.999999999999994,376.0,49.16960899699228,637,188,0.0
1593,188,12,94.0,3.7600000000000002,0.23999999999999977,94.0,5.999999999999994,376.0,49.16960899699228,637,188,0.0
1594,188,12,94.0,3.7600000000000002,0.23999999999999977,94.0,5.999999999999994,376.0,49.16960899699228,637,188,0.0
1595,188,12,94.0,3.7600000000000002,0.23999999999999977,94.0,5.999999999999994,376.0,49.16960899699228,637,188,0.0
1596,188,12,94.0,3.7600000000000002,0.23999999999999977,94.0,5.999999999999994,376.0,49.16960899699228,637,188,0.0
1597,188,12,94.0,3.7600000000000002,0.23999999999999977,94.0,5.999999999999994,376.0,49.16960899699228,637,188,0.0
1598,188,12,94.0,3.7600000000000002,0.23999999999999977,94.0,5.999999999999994,376.0,49.16960899699228,637,188,0.0
1599,188,12,94.0,3.7600000000000002,0.23999999999999977,94.0,5.999999999999994,376.0,49.16960899699228,637,188,0.0
1600,188,12,94.0,3.7600000000000002,0.23999999999999977,94.0,5.999999999999994,376.0,49.16960899699228,637,188,0.0
1601,188,12,94.0,3.7600000000000002,0.23999999999999977,94.0,5.999999999999994,376.0,49.16960899699228,637,188,0.0
1602,188,12,94.0,3.7600000000000002,0.23999999999999977,94.0,5.999999999999994,376.0,49.16960899699228,637,188,0.0
1603,188,12,94.0,3.7600000000000002,0.23999999999999977,94.0,5.999999999999994,376.0,49.16960899699228,637,188,0.0
1604,188,12,94.0,3.7600000000000002,0.23999999999999977,94.0,5.999999999999994,376.0,49.16960899699228,637,188,0.0
1605,188,12,94.0,3.7600000000000002,0.23999999999999977,94.0,5.999999999999994,376.0,49.16960899699228,637,188,0.0
1606,188,12,94.0,3.7600000000000002,0.23999999999999977,94.0,5.999999999999994,376.0,49.16960899699228,637,188,0.0
1607,188,12,94.0,3.7600000000000002,0.23999999999999977,94.0,5.999999999999994,376.0,49.16960899699228,637,188,0.0
1608,188,12,94.0,3.7600000000000002,0.23999999999999977,94.0,5.999999999999994,376.0,49.16960899699228,637,188,0.0
1609,188,12,94.0,3.7600000000000002,0.23999999999999977,94.0,5.999999999999994,376.0,49.16960899699228,637,188,0.0
1610,188,12,94.0,3.7600000000000002,0.23999999999999977,94.0,5.999999999999994,376.0,49.16960899699228,637,188,0.0
1611,188,12,94.0,3.7600000000000002,0.23999999999999977,94.0,5.999999999999994,376.0,49.16960899699228,637,188,0.0
1612,188,12,94.0,3.7600000000000002,0.23999999999999977,94.0,5.999999999999994,376.0,49.16960899699228,637,188,0.0
1613,188,12,94.0,3.7600000000000002,0.23999999999999977,94.0,5.999999999999994,376.0,49.16960899699228,637,188,0.0
1614,188,12,94.0,3.7600000000000002,0.23999999999999977,94.0,5.999999999999994,376.0,49.16960899699228,637,188,0.0
1615,188,12,94.0,3.7600000000000002,0.23999999999999977,94.0,5.999999999999994,376.0,49.16960899699228,637,188,0.0
1616,188,12,94.0,3.7600000000000002,0.23999999999999977,94.0,5.999999999999994,376.0,49.16960899699228,637,188,0.0
1617,188,12,94.0,3.7600000000000002,0.23999999999999977,94.0,5.999999999999994,376.0,49.16960899699228,637,188,0.0
1618,188,12,94.0,3.7600000000000002,0.23999999999999977,94.0,5.999999999999994,376.0,49.16960899699228,637,188,0.0
1619,188,12,94.0,3.7600000000000002,0.23999999999999977,94.0,5.999999999999994,376.0,49.16960899699228,637,188,0.0
1620,188,12,94.0,3.7600000000000002,0.23999999999999977,94.0,5.999999999999994,376.0,49.16960899699228,637,188,0.0
1621,188,12,94.0,3.7600000000000002,0.23999999999999977,94.0,5.999999999999994,376.0,49.16960899699228,637,188,0.0
1622,188,12,94.0,3.7600000000000002,0.23999999999999977,94.0,5.999999999999994,376.0,49.16960899699228,637,188,0.0
1623,188,12,94.0,3.7600000000000002,0.23999999999999977,94.0,5.999999999999994,376.0,49.16960899699228,637,188,0.0
1624,188,12,94.0,3.7600000000000002,0.23999999999999977,94.0,5.999999999999994,376.0,49.16960899699228,637,188,0.0
1625,188,12,94.0,3.7600000000000002,0.23999999999999977,94.0,5.999999999999994,376.0,49.16960899699228,637,188,0.0
1626,188,12,94.0,3.7600000000000002,0.23999999999999977,94.0,5.999999999999994,376.0,49.16960899699228,638,188,0.0
1627,188,12,94.0,3.7600000000000002,0.23999999999999977,94.0,5.999999999999994,376.0,49.16960899699228,639,188,0.0
1628,188,12,94.0,3.7600000000000002,0.23999999999999977,94.0,5.999999999999994,376.0,49.16960899699228,640,188,0.0
1629,188,12,94.0,3.7600000000000002,0.23999999999999977,94.0,5.999999999999994,376.0,49.16960899699228,641,188,0.0
1630,188,12,94.0,3.7600000000000002,0.23999999999999977,94.0,5.999999999999994,376.0,49.16960899699228,642,188,0.0
1631,188,12,94.0,3.7600000000000002,0.23999999999999977,94.0,5.999999999999994,376.0,49.16960899699228,643,188,0.0
1632,188,12,94.0,3.7600000000000002,0.23999999999999977,94.0,5.999999999999994,376.0,49.16960899699228,643,188,0.0
1633,188,12,94.0,3.7600000000000002,0.23999999999999977,94.0,5.999999999999994,376.0,49.16960899699228,643,188,0.0
1634,188,12,94.0,3.7600000000000002,0.23999999999999977,94.0,5.999999999999994,376.0,49.16960899699228,643,188,0.0
1635,188,12,94.0,3.7600000000000002,0.23999999999999977,94.0,5.999999999999994,376.0,49.16960899699228,643,188,0.0
1636,188,12,94.0,3.7600000000000002,0.23999999999999977,94.0,5.999999999999994,376.0,49.16960899699228,644,188,0.0
1637,188,12,94.0,3.7600000000000002,0.23999999999999977,94.0,5.999999999999994,376.0,49.16960899699228,645,188,0.0
1638,188,12,94.0,3.7600000000000002,0.23999999999999977,94.0,5.999999999999994,376.0,49.16960899699228,646,188,0.0
1639,188,12,94.0,3.7600000000000002,0.23999999999999977,94.0,5.999999999999994,376.0,49.16960899699228,646,188,0.0
1640,188,12,94.0,3.7600000000000002,0.23999999999999977,94.0,5.999999999999994,376.0,49.16960899699228,646,188,0.0
1641,188,12,94.0,3.7600000000000002,0.23999999999999977,94.0,5.999999999999994,376.0,49.16960899699228,646,188,0.0
1642,188,12,94.0,3.7600000000000002,0.23999999999999977,94.0,5.999999999999994,376.0,49.16960899699228,646,188,0.0
1643,188,12,94.0,3.7600000000000002,0.23999999999999977,94.0,5.999999999999994,376.0,49.16960899699228,646,188,0.0
1644,188,12,94.0,3.7600000000000002,0.23999999999999977,94.0,5.999999999999994,376.0,49.16960899699228,646,188,0.0
1645,188,12,94.0,3.7600000000000002,0.23999999999999977,94.0,5.999999999999994,376.0,49.16960899699228,646,188,0.0
1646,188,12,94.0,3.7600000000000002,0.23999999999999977,94.0,5.999999999999994,376.0,49.16960899699228,646,188,0.0
1647,188,12,94.0,3.7600000000000002,0.23999999999999977,94.0,5.999999999999994,376.0,49.16960899699228,646,188,0.0
1648,188,12,94.0,3.7600000000000002,0.23999999999999977,94.0,5.999999999999994,376.0,49.16960899699228,646,188,0.0
1649,188,12,94.0,3.7600000000000002,0.23999999999999977,94.0,5.999999999999994,376.0,49.16960899699228,646,188,0.0
1650,188,12,94.0,3.7600000000000002,0.23999999999999977,94.0,5.999999999999994,376.0,49.16960899699228,646,188,0.0
1651,189,11,94.5,3.7800000000000002,0.21999999999999975,94.5,5.499999999999994,378.0,49.43114947038054,647,189,2.0
1652,189,11,94.5,3.7800000000000002,0.21999999999999975,94.5,5.499999999999994,378.0,49.43114947038054,647,189,0.0
1653,189,11,94.5,3.7800000000000002,0.21999999999999975,94.5,5.499999999999994,378.0,49.43114947038054,647,189,0.0
1654,189,11,94.5,3.7800000000000002,0.21999999999999975,94.5,5.499999999999994,378.0,49.43114947038054,647,189,0.0
1655,189,11,94.5,3.7800000000000002,0.21999999999999975,94.5,5.499999999999994,378.0,49.43114947038054,647,189,0.0
1656,189,11,94.5,3.7800000000000002,0.21999999999999975,94.5,5.499999999999994,378.0,49.43114947038054,647,189,0.0
1657,189,11,94.5,3.7800000000000002,0.21999999999999975,94.5,5.499999999999994,378.0,49.43114947038054,647,189,0.0
1658,189,11,94.5,3.7800000000000002,0.21999999999999975,94.5,5.499999999999994,378.0,49.43114947038054,647,189,0.0
1659,189,11,94.5,3.7800000000000002,0.21999999999999975,94.5,5.499999999999994,378.0,49.43114947038054,647,189,0.0
1660,189,11,94.5,3.7800000000000002,0.21999999999999975,94.5,5.499999999999994,378.0,49.43114947038054,647,189,0.0
1661,189,11,94.5,3.7800000000000002,0.21999999999999975,94.5,5.499999999999994,378.0,49.43114947038054,647,189,0.0
1662,189,11,94.5,3.7800000000000002,0.21999999999999975,94.5,5.499999999999994,378.0,49.43114947038054,647,189,0.0
1663,189,11,94.5,3.7800000000000002,0.21999999999999975,94.5,5.499999999999994,378.0,49.43114947038054,647,189,0.0
1664,189,11,94.5,3.7800000000000002,0.21999999999999975,94.5,5.499999999999994,378.0,49.43114947038054,647,189,0.0
1665,189,11,94.5,3.7800000000000002,0.21999999999999975,94.5,5.499999999999994,378.0,49.43114947038054,647,189,0.0
1666,189,11,94.5,3.7800000000000002,0.21999999999999975,94.5,5.499999999999994,378.0,49.43114947038054,647,189,0.0
1667,189,11,94.5,3.7800000000000002,0.21999999999999975,94.5,5.499999999999994,378.0,49.43114947038054,647,189,0.0
1668,189,11,94.5,3.7800000000000002,0.21999999999999975,94.5,5.499999999999994,378.0,49.43114947038054,647,189,0.0
1669,189,11,94.5,3.7800000000000002,0.21999999999999975,94.5,5.499999999999994,378.0,49.43114947038054,647,189,0.0
1670,189,11,94.5,3.7800000000000002,0.21999999999999975,94.5,5.499999999999994,378.0,49.43114947038054,647,189,0.0
1671,189,11,94.5,3.7800000000000002,0.21999999999999975,94.5,5.499999999999994,378.0,49.43114947038054,647,189,0.0
1672,189,11,94.5,3.7800000000000002,0.21999999999999975,94.5,5.499999999999994,378.0,49.43114947038054,647,189,0.0
1673,189,11,94.5,3.7800000000000002,0.21999999999999975,94.5,5.499999999999994,378.0,49.43114947038054,647,189,0.0
1674,189,11,94.5,3.7800000000000002,0.21999999999999975,94.5,5.499999999999994,378.0,49.43114947038054,647,189,0.0
1675,189,11,94.5,3.7800000000000002,0.21999999999999975,94.5,5.499999999999994,378.0,49.43114947038054,647,189,0.0
1676,189,11,94.5,3.7800000000000002,0.21999999999999975,94.5,5.499999999999994,378.0,49.43114947038054,647,189,0.0
1677,189,11,94.5,3.7800000000000002,0.21999999999999975,94.5,5.499999999999994,378.0,49.43114947038054,647,189,0.0
1678,189,11,94.5,3.7800000000000002,0.21999999999999975,94.5,5.499999999999994,378.0,49.43114947038054,647,189,0.0
1679,189,11,94.5,3.7800000000000002,0.21999999999999975,94.5,5.499999999999994,378.0,49.43114947038054,647,189,0.0
1680,189,11,94.5,3.7800000000000002,0.21999999999999975,94.5,5.499999999999994,378.0,49.43114947038054,647,189,0.0
1681,189,11,94.5,3.7800000000000002,0.21999999999999975,94.5,5.499999999999994,378.0,49.43114947038054,647,189,0.0
1682,189,11,94.5,3.7800000000000002,0.21999999999999975,94.5,5.499999999999994,378.0,49.43114947038054,647,189,0.0
1683,189,11,94.5,3.7800000000000002,0.21999999999999975,94.5,5.499999999999994,378.0,49.43114947038054,647,189,0.0
1684,189,11,94.5,3.7800000000000002,0.21999999999999975,94.5,5.499999999999994,378.0,49.43114947038054,647,189,0.0
1685,189,11,94.5,3.7800000000000002,0.21999999999999975,94.5,5.499999999999994,378.0,49.43114947038054,647,189,0.0
1686,189,11,94.5,3.7800000000000002,0.21999999999999975,94.5,5.499999999999994,378.0,49.43114947038054,647,189,0.0
1687,189,11,94.5,3.7800000000000002,0.21999999999999975,94.5,5.499999999999994,378.0,49.43114947038054,647,189,0.0
1688,189,11,94.5,3.7800000000000002,0.21999999999999975,94.5,5.499999999999994,378.0,49.43114947038054,648,189,0.0
1689,189,11,94.5,3.7800000000000002,0.21999999999999975,94.5,5.499999999999994,378.0,49.43114947038054,649,189,0.0
1690,189,11,94.5,3.7800000000000002,0.21999999999999975,94.5,5.499999999999994,378.0,49.43114947038054,650,189,0.0
1691,189,11,94.5,3.7800000000000002,0.21999999999999975,94.5,5.499999999999994,378.0,49.43114947038054,650,189,0.0
1692,189,11,94.5,3.7800000000000002,0.21999999999999975,94.5,5.499999999999994,378.0,49.43114947038054,650,189,0.0
1693,189,11,94.5,3.7800000000000002,0.21999999999999975,94.5,5.499999999999994,378.0,49.43114947038054,650,189,0.0
1694,189,11,94.5,3.7800000000000002,0.21999999999999975,94.5,5.499999999999994,378.0,49.43114947038054,650,189,0.0
1695,189,11,94.5,3.7800000000000002,0.21999999999999975,94.5,5.499999999999994,378.0,49.43114947038054,650,189,0.0
1696,189,11,94.5,3.7800000000000002,0.21999999999999975,94.5,5.499999999999994,378.0,49.43114947038054,650,189,0.0
1697,189,11,94.5,3.7800000000000002,0.21999999999999975,94.5,5.499999999999994,378.0,49.43114947038054,650,189,0.0
1698,189,11,94.5,3.7800000000000002,0.21999999999999975,94.5,5.499999999999994,378.0,49.43114947038054,650,189,0.0
1699,189,11,94.5,3.7800000000000002,0.21999999999999975,94.5,5.499999999999994,378.0,49.43114947038054,650,189,0.0
1700,189,11,94.5,3.7800000000000002,0.21999999999999975,94.5,5.499999999999994,378.0,49.43114947038054,650,189,0.0
1701,189,11,94.5,3.7800000000000002,0.21999999999999975,94.5,5.499999999999994,378.0,49.43114947038054,650,189,0.0
1702,189,11,94.5,3.7800000000000002,0.21999999999999975,94.5,5.499999999999994,378.0,49.43114947038054,651,189,0.0
1703,189,11,94.5,3.7800000000000002,0.21999999999999975,94.5,5.499999999999994,378.0,49.43114947038054,652,189,0.0
1704,189,11,94.5,3.7800000000000002,0.21999999999999975,94.5,5.499999999999994,378.0,49.43114947038054,653,189,0.0
1705,189,11,94.5,3.7800000000000002,0.21999999999999975,94.5,5.499999999999994,378.0,49.43114947038054,653,189,0.0
1706,189,11,94.5,3.7800000000000002,0.21999999999999975,94.5,5.499999999999994,378.0,49.43114947038054,653,189,0.0
1707,189,11,94.5,3.7800000000000002,0.21999999999999975,94.5,5.499999999999994,378.0,49.43114947038054,653,189,0.0
1708,189,11,94.5,3.7800000000000002,0.21999999999999975,94.5,5.499999999999994,378.0,49.43114947038054,653,189,0.0
1709,189,11,94.5,3.7800000000000002,0.21999999999999975,94.5,5.499999999999994,378.0,49.43114947038054,653,189,0.0
1710,189,11,94.5,3.7800000000000002,0.21999999999999975,94.5,5.499999999999994,378.0,49.43114947038054,653,189,0.0
1711,189,11,94.5,3.7800000000000002,0.21999999999999975,94.5,5.499999999999994,378.0,49.43114947038054,653,189,0.0
1712,189,11,94.5,3.7800000000000002,0.21999999999999975,94.5,5.499999999999994,378.0,49.43114947038054,654,189,0.0
1713,189,11,94.5,3.7800000000000002,0.21999999999999975,94.5,5.499999999999994,378.0,49.43114947038054,654,189,0.0
1714,189,11,94.5,3.7800000000000002,0.21999999999999975,94.5,5.499999999999994,378.0,49.43114947038054,654,189,0.0
1715,189,11,94.5,3.7800000000000002,0.21999999999999975,94.5,5.499999999999994,378.0,49.43114947038054,654,189,0.0
1716,189,11,94.5,3.7800000000000002,0.21999999999999975,94.5,5.499999999999994,378.0,49.43114947038054,654,189,0.0
1717,189,11,94.5,3.7800000000000002,0.21999999999999975,94.5,5.499999999999994,378.0,49.43114947038054,654,189,0.0
1718,189,11,94.5,3.7800000000000002,0.21999999999999975,94.5,5.499999999999994,378.0,49.43114947038054,654,189,0.0
1719,189,11,94.5,3.7800000000000002,0.21999999999999975,94.5,5.499999999999994,378.0,49.43114947038054,654,189,0.0
1720,189,11,94.5,3.7800000000000002,0.21999999999999975,94.5,5.499999999999994,378.0,49.43114947038054,654,189,0.0
1721,189,11,94.5,3.7800000000000002,0.21999999999999975,94.5,5.499999999999994,378.0,49.43114947038054,654,189,0.0
1722,189,11,94.5,3.7800000000000002,0.21999999999999975,94.5,5.499999999999994,378.0,49.43114947038054,654,189,0.0
1723,189,11,94.5,3.7800000000000002,0.21999999999999975,94.5,5.499999999999994,378.0,49.43114947038054,654,189,0.0
1724,189,11,94.5,3.7800000000000002,0.21999999999999975,94.5,5.499999999999994,378.0,49.43114947038054,654,189,0.0
1725,189,11,94.5,3.7800000000000002,0.21999999999999975,94.5,5.499999999999994,378.0,49.43114947038054,654,189,0.0
1726,189,11,94.5,3.7800000000000002,0.21999999999999975,94.5,5.499999999999994,378.0,49.43114947038054,654,189,0.0
1727,189,11,94.5,3.7800000000000002,0.21999999999999975,94.5,5.499999999999994,378.0,49.43114947038054,654,189,0.0
1728,189,11,94.5,3.7800000000000002,0.21999999999999975,94.5,5.499999999999994,378.0,49.43114947038054,654,189,0.0
1729,189,11,94.5,3.7800000000000002,0.21999999999999975,94.5,5.499999999999994,378.0,49.43114947038054,654,189,0.0
1730,189,11,94.5,3.7800000000000002,0.21999999999999975,94.5,5.499999999999994,378.0,49.43114947038054,654,189,0.0
1731,189,11,94.5,3.7800000000000002,0.21999999999999975,94.5,5.499999999999994,378.0,49.43114947038054,654,189,0.0
1732,189,11,94.5,3.7800000000000002,0.21999999999999975,94.5,5.499999999999994,378.0,49.43114947038054,654,189,0.0
1733,189,11,94.5,3.7800000000000002,0.21999999999999975,94.5,5.499999999999994,378.0,49.43114947038054,654,189,0.0
1734,189,11,94.5,3.7800000000000002,0.21999999999999975,94.5,5.499999999999994,378.0,49.43114947038054,654,189,0.0
1735,189,11,94.5,3.7800000000000002,0.21999999999999975,94.5,5.499999999999994,378.0,49.43114947038054,654,189,0.0
1736,190,10,95.0,3.8000000000000003,0.19999999999999973,95.0,4.999999999999993,380.0,49.6926899437688,655,190,2.0
1737,190,10,95.0,3.8000000000000003,0.19999999999999973,95.0,4.999999999999993,380.0,49.6926899437688,655,190,0.0
1738,190,10,95.0,3.8000000000000003,0.19999999999999973,95.0,4.999999999999993,380.0,49.6926899437688,655,190,0.0
1739,190,10,95.0,3.8000000000000003,0.19999999999999973,95.0,4.999999999999993,380.0,49.6926899437688,655,190,0.0
1740,190,10,95.0,3.8000000000000003,0.19999999999999973,95.0,4.999999999999993,380.0,49.6926899437688,655,190,0.0
1741,190,10,95.0,3.8000000000000003,0.19999999999999973,95.0,4.999999999999993,380.0,49.6926899437688,655,190,0.0
1742,190,10,95.0,3.8000000000000003,0.19999999999999973,95.0,4.999999999999993,380.0,49.6926899437688,655,190,0.0
1743,190,10,95.0,3.8000000000000003,0.19999999999999973,95.0,4.999999999999993,380.0,49.6926899437688,655,190,0.0
1744,190,10,95.0,3.8000000000000003,0.19999999999999973,95.0,4.999999999999993,380.0,49.6926899437688,655,190,0.0
1745,190,10,95.0,3.8000000000000003,0.19999999999999973,95.0,4.999999999999993,380.0,49.6926899437688,655,190,0.0
1746,190,10,95.0,3.8000000000000003,0.19999999999999973,95.0,4.999999999999993,380.0,49.6926899437688,655,190,0.0
1747,190,10,95.0,3.8000000000000003,0.19999999999999973,95.0,4.999999999999993,380.0,49.6926899437688,655,190,0.0
1748,190,10,95.0,3.8000000000000003,0.19999999999999973,95.0,4.999999999999993,380.0,49.6926899437688,655,190,0.0
1749,190,10,95.0,3.8000000000000003,0.19999999999999973,95.0,4.999999999999993,380.0,49.6926899437688,655,190,0.0
1750,190,10,95.0,3.8000000000000003,0.19999999999999973,95.0,4.999999999999993,380.0,49.6926899437688,655,190,0.0
1751,190,10,95.0,3.8000000000000003,0.19999999999999973,95.0,4.999999999999993,380.0,49.6926899437688,655,190,0.0
1752,190,10,95.0,3.8000000000000003,0.19999999999999973,95.0,4.999999999999993,380.0,49.6926899437688,655,190,0.0
1753,190,10,95.0,3.8000000000000003,0.19999999999999973,95.0,4.999999999999993,380.0,49.6926899437688,655,190,0.0
1754,190,10,95.0,3.8000000000000003,0.19999999999999973,95.0,4.999999999999993,380.0,49.6926899437688,655,190,0.0
1755,190,10,95.0,3.8000000000000003,0.19999999999999973,95.0,4.999999999999993,380.0,49.6926899437688,655,190,0.0
1756,190,10,95.0,3.8000000000000003,0.19999999999999973,95.0,4.999999999999993,380.0,49.6926899437688,655,190,0.0
1757,190,10,95.0,3.8000000000000003,0.19999999999999973,95.0,4.999999999999993,380.0,49.6926899437688,655,190,0.0
1758,190,10,95.0,3.8000000000000003,0.19999999999999973,95.0,4.999999999999993,380.0,49.6926899437688,655,190,0.0
1759,190,10,95.0,3.8000000000000003,0.19999999999999973,95.0,4.999999999999993,380.0,49.6926899437688,655,190,0.0
1760,190,10,95.0,3.8000000000000003,0.19999999999999973,95.0,4.999999999999993,380.0,49.6926899437688,655,190,0.0
1761,190,10,95.0,3.8000000000000003,0.19999999999999973,95.0,4.999999999999993,380.0,49.6926899437688,655,190,0.0
1762,190,10,95.0,3.8000000000000003,0.19999999999999973,95.0,4.999999999999993,380.0,49.6926899437688,655,190,0.0
1763,190,10,95.0,3.8000000000000003,0.19999999999999973,95.0,4.999999999999993,380.0,49.6926899437688,655,190,0.0
1764,190,10,95.0,3.8000000000000003,0.19999999999999973,95.0,4.999999999999993,380.0,49.6926899437688,656,190,0.0
1765,190,10,95.0,3.8000000000000003,0.19999999999999973,95.0,4.999999999999993,380.0,49.6926899437688,656,190,0.0
1766,190,10,95.0,3.8000000000000003,0.19999999999999973,95.0,4.999999999999993,380.0,49.6926899437688,656,190,0.0
1767,190,10,95.0,3.8000000000000003,0.19999999999999973,95.0,4.999999999999993,380.0,49.6926899437688,656,190,0.0
1768,190,10,95.0,3.8000000000000003,0.19999999999999973,95.0,4.999999999999993,380.0,49.6926899437688,656,190,0.0
1769,190,10,95.0,3.8000000000000003,0.19999999999999973,95.0,4.999999999999993,380.0,49.6926899437688,656,190,0.0
1770,190,10,95.0,3.8000000000000003,0.19999999999999973,95.0,4.999999999999993,380.0,49.6926899437688,657,190,0.0
1771,190,10,95.0,3.8000000000000003,0.19999999999999973,95.0,4.999999999999993,380.0,49.6926899437688,658,190,0.0
1772,190,10,95.0,3.8000000000000003,0.19999999999999973,95.0,4.999999999999993,380.0,49.6926899437688,659,190,0.0
1773,190,10,95.0,3.8000000000000003,0.19999999999999973,95.0,4.999999999999993,380.0,49.6926899437688,659,190,0.0
1774,190,10,95.0,3.8000000000000003,0.19999999999999973,95.0,4.999999999999993,380.0,49.6926899437688,659,190,0.0
1775,190,10,95.0,3.8000000000000003,0.19999999999999973,95.0,4.999999999999993,380.0,49.6926899437688,659,190,0.0
1776,190,10,95.0,3.8000000000000003,0.19999999999999973,95.0,4.999999999999993,380.0,49.6926899437688,659,190,0.0
1777,190,10,95.0,3.8000000000000003,0.19999999999999973,95.0,4.999999999999993,380.0,49.6926899437688,659,190,0.0
1778,190,10,95.0,3.8000000000000003,0.19999999999999973,95.0,4.999999999999993,380.0,49.6926899437688,659,190,0.0
1779,190,10,95.0,3.8000000000000003,0.19999999999999973,95.0,4.999999999999993,380.0,49.6926899437688,659,190,0.0
1780,190,10,95.0,3.8000000000000003,0.19999999999999973,95.0,4.999999999999993,380.0,49.6926899437688,659,190,0.0
1781,190,10,95.0,3.8000000000000003,0.19999999999999973,95.0,4.999999999999993,380.0,49.6926899437688,659,190,0.0
1782,190,10,95.0,3.8000000000000003,0.19999999999999973,95.0,4.999999999999993,380.0,49.6926899437688,659,190,0.0
1783,190,10,95.0,3.8000000000000003,0.19999999999999973,95.0,4.999999999999993,380.0,49.6926899437688,659,190,0.0
1784,190,10,95.0,3.8000000000000003,0.19999999999999973,95.0,4.999999999999993,380.0,49.6926899437688,659,190,0.0
1785,190,10,95.0,3.8000000000000003,0.19999999999999973,95.0,4.999999999999993,380.0,49.6926899437688,659,190,0.0
1786,190,10,95.0,3.8000000000000003,0.19999999999999973,95.0,4.999999999999993,380.0,49.6926899437688,659,190,0.0
1787,190,10,95.0,3.8000000000000003,0.19999999999999973,95.0,4.999999999999993,380.0,49.6926899437688,659,190,0.0
1788,190,10,95.0,3.8000000000000003,0.19999999999999973,95.0,4.999999999999993,380.0,49.6926899437688,659,190,0.0
1789,190,10,95.0,3.8000000000000003,0.19999999999999973,95.0,4.999999999999993,380.0,49.6926899437688,659,190,0.0
1790,190,10,95.0,3.8000000000000003,0.19999999999999973,95.0,4.999999999999993,380.0,49.6926899437688,659,190,0.0
1791,190,10,95.0,3.8000000000000003,0.19999999999999973,95.0,4.999999999999993,380.0,49.6926899437688,659,190,0.0
1792,190,10,95.0,3.8000000000000003,0.19999999999999973,95.0,4.999999999999993,380.0,49.6926899437688,659,190,0.0
1793,190,10,95.0,3.8000000000000003,0.19999999999999973,95.0,4.999999999999993,380.0,49.6926899437688,659,190,0.0
1794,190,10,95.0,3.8000000000000003,0.19999999999999973,95.0,4.999999999999993,380.0,49.6926899437688,659,190,0.0
1795,190,10,95.0,3.8000000000000003,0.19999999999999973,95.0,4.999999999999993,380.0,49.6926899437688,659,190,0.0
1796,190,10,95.0,3.8000000000000003,0.19999999999999973,95.0,4.999999999999993,380.0,49.6926899437688,660,190,0.0
1797,190,10,95.0,3.8000000000000003,0.19999999999999973,95.0,4.999999999999993,380.0,49.6926899437688,660,190,0.0
1798,190,10,95.0,3.8000000000000003,0.19999999999999973,95.0,4.999999999999993,380.0,49.6926899437688,660,190,0.0
1799,190,10,95.0,3.8000000000000003,0.19999999999999973,95.0,4.999999999999993,380.0,49.6926899437688,660,190,0.0
1800,190,10,95.0,3.8000000000000003,0.19999999999999973,95.0,4.999999999999993,380.0,49.6926899437688,660,190,0.0
1801,190,10,95.0,3.8000000000000003,0.19999999999999973,95.0,4.999999999999993,380.0,49.6926899437688,660,190,0.0
1802,190,10,95.0,3.8000000000000003,0.19999999999999973,95.0,4.999999999999993,380.0,49.6926899437688,660,190,0.0
1803,190,10,95.0,3.8000000000000003,0.19999999999999973,95.0,4.999999999999993,380.0,49.6926899437688,661,190,0.0
1804,190,10,95.0,3.8000000000000003,0.19999999999999973,95.0,4.999999999999993,380.0,49.6926899437688,661,190,0.0
1805,190,10,95.0,3.8000000000000003,0.19999999999999973,95.0,4.999999999999993,380.0,49.6926899437688,661,190,0.0
1806,190,10,95.0,3.8000000000000003,0.19999999999999973,95.0,4.999999999999993,380.0,49.6926899437688,661,190,0.0
1807,190,10,95.0,3.8000000000000003,0.19999999999999973,95.0,4.999999999999993,380.0,49.6926899437688,661,190,0.0
1808,190,10,95.0,3.8000000000000003,0.19999999999999973,95.0,4.999999999999993,380.0,49.6926899437688,661,190,0.0
1809,190,10,95.0,3.8000000000000003,0.19999999999999973,95.0,4.999999999999993,380.0,49.6926899437688,661,190,0.0
1810,190,10,95.0,3.8000000000000003,0.19999999999999973,95.0,4.999999999999993,380.0,49.6926899437688,661,190,0.0
1811,190,10,95.0,3.8000000000000003,0.19999999999999973,95.0,4.999999999999993,380.0,49.6926899437688,662,190,0.0
1812,190,10,95.0,3.8000000000000003,0.19999999999999973,95.0,4.999999999999993,380.0,49.6926899437688,663,190,0.0
1813,190,10,95.0,3.8000000000000003,0.19999999999999973,95.0,4.999999999999993,380.0,49.6926899437688,664,190,0.0
1814,190,10,95.0,3.8000000000000003,0.19999999999999973,95.0,4.999999999999993,380.0,49.6926899437688,664,190,0.0
1815,190,10,95.0,3.8000000000000003,0.19999999999999973,95.0,4.999999999999993,380.0,49.6926899437688,664,190,0.0
1816,190,10,95.0,3.8000000000000003,0.19999999999999973,95.0,4.999999999999993,380.0,49.6926899437688,664,190,0.0
1817,190,10,95.0,3.8000000000000003,0.19999999999999973,95.0,4.999999999999993,380.0,49.6926899437688,664,190,0.0
1818,190,10,95.0,3.8000000000000003,0.19999999999999973,95.0,4.999999999999993,380.0,49.6926899437688,664,190,0.0
1819,190,10,95.0,3.8000000000000003,0.19999999999999973,95.0,4.999999999999993,380.0,49.6926899437688,664,190,0.0
1820,190,10,95.0,3.8000000000000003,0.19999999999999973,95.0,4.999999999999993,380.0,49.6926899437688,664,190,0.0
1821,190,10,95.0,3.8000000000000003,0.19999999999999973,95.0,4.999999999999993,380.0,49.6926899437688,664,190,0.0
1822,190,10,95.0,3.8000000000000003,0.19999999999999973,95.0,4.999999999999993,380.0,49.6926899437688,664,190,0.0
1823,190,10,95.0,3.8000000000000003,0.19999999999999973,95.0,4.999999999999993,380.0,49.6926899437688,664,190,0.0
1824,190,10,95.0,3.8000000000000003,0.19999999999999973,95.0,4.999999999999993,380.0,49.6926899437688,664,190,0.0
1825,190,10,95.0,3.8000000000000003,0.19999999999999973,95.0,4.999999999999993,380.0,49.6926899437688,664,190,0.0
1826,190,10,95.0,3.8000000000000003,0.19999999999999973,95.0,4.999999999999993,380.0,49.6926899437688,664,190,0.0
1827,190,10,95.0,3.8000000000000003,0.19999999999999973,95.0,4.999999999999993,380.0,49.6926899437688,664,190,0.0
1828,190,10,95.0,3.8000000000000003,0.19999999999999973,95.0,4.999999999999993,380.0,49.6926899437688,664,190,0.0
1829,190,10,95.0,3.8000000000000003,0.19999999999999973,95.0,4.999999999999993,380.0,49.6926899437688,664,190,0.0
1830,190,10,95.0,3.8000000000000003,0.19999999999999973,95.0,4.999999999999993,380.0,49.6926899437688,664,190,0.0
1831,190,10,95.0,3.8000000000000003,0.19999999999999973,95.0,4.999999999999993,380.0,49.6926899437688,664,190,0.0
1832,190,10,95.0,3.8000000000000003,0.19999999999999973,95.0,4.999999999999993,380.0,49.6926899437688,664,190,0.0
1833,190,10,95.0,3.8000000000000003,0.19999999999999973,95.0,4.999999999999993,380.0,49.6926899437688,664,190,0.0
1834,190,10,95.0,3.8000000000000003,0.19999999999999973,95.0,4.999999999999993,380.0,49.6926899437688,664,190,0.0
1835,190,10,95.0,3.8000000000000003,0.19999999999999973,95.0,4.999999999999993,380.0,49.6926899437688,664,190,0.0
1836,190,10,95.0,3.8000000000000003,0.19999999999999973,95.0,4.999999999999993,380.0,49.6926899437688,664,190,0.0
1837,190,10,95.0,3.8000000000000003,0.19999999999999973,95.0,4.999999999999993,380.0,49.6926899437688,664,190,0.0
1838,190,10,95.0,3.8000000000000003,0.19999999999999973,95.0,4.999999999999993,380.0,49.6926899437688,664,190,0.0
1839,190,10,95.0,3.8000000000000003,0.19999999999999973,95.0,4.999999999999993,380.0,49.6926899437688,664,190,0.0
1840,190,10,95.0,3.8000000000000003,0.19999999999999973,95.0,4.999999999999993,380.0,49.6926899437688,664,190,0.0
1841,190,10,95.0,3.8000000000000003,0.19999999999999973,95.0,4.999999999999993,380.0,49.6926899437688,664,190,0.0
1842,190,10,95.0,3.8000000000000003,0.19999999999999973,95.0,4.999999999999993,380.0,49.6926899437688,664,190,0.0
1843,190,10,95.0,3.8000000000000003,0.19999999999999973,95.0,4.999999999999993,380.0,49.6926899437688,664,190,0.0
1844,190,10,95.0,3.8000000000000003,0.19999999999999973,95.0,4.999999999999993,380.0,49.6926899437688,664,190,0.0
1845,190,10,95.0,3.8000000000000003,0.19999999999999973,95.0,4.999999999999993,380.0,49.6926899437688,664,190,0.0
1846,190,10,95.0,3.8000000000000003,0.19999999999999973,95.0,4.999999999999993,380.0,49.6926899437688,665,190,0.0
1847,190,10,95.0,3.8000000000000003,0.19999999999999973,95.0,4.999999999999993,380.0,49.6926899437688,666,190,0.0
1848,190,10,95.0,3.8000000000000003,0.19999999999999973,95.0,4.999999999999993,380.0,49.6926899437688,667,190,0.0
1849,190,10,95.0,3.8000000000000003,0.19999999999999973,95.0,4.999999999999993,380.0,49.6926899437688,667,190,0.0
1850,190,10,95.0,3.8000000000000003,0.19999999999999973,95.0,4.999999999999993,380.0,49.6926899437688,667,190,0.0
1851,190,10,95.0,3.8000000000000003,0.19999999999999973,95.0,4.999999999999993,380.0,49.6926899437688,667,190,0.0
1852,190,10,95.0,3.8000000000000003,0.19999999999999973,95.0,4.999999999999993,380.0,49.6926899437688,667,190,0.0
1853,190,10,95.0,3.8000000000000003,0.19999999999999973,95.0,4.999999999999993,380.0,49.6926899437688,667,190,0.0
1854,190,10,95.0,3.8000000000000003,0.19999999999999973,95.0,4.999999999999993,380.0,49.6926899437688,667,190,0.0
1855,190,10,95.0,3.8000000000000003,0.19999999999999973,95.0,4.999999999999993,380.0,49.6926899437688,667,190,0.0
1856,190,10,95.0,3.8000000000000003,0.19999999999999973,95.0,4.999999999999993,380.0,49.6926899437688,667,190,0.0
1857,190,10,95.0,3.8000000000000003,0.19999999999999973,95.0,4.999999999999993,380.0,49.6926899437688,667,190,0.0
1858,190,10,95.0,3.8000000000000003,0.19999999999999973,95.0,4.999999999999993,380.0,49.6926899437688,667,190,0.0
1859,190,10,95.0,3.8000000000000003,0.19999999999999973,95.0,4.999999999999993,380.0,49.6926899437688,667,190,0.0
1860,190,10,95.0,3.8000000000000003,0.19999999999999973,95.0,4.999999999999993,380.0,49.6926899437688,667,190,0.0
1861,190,10,95.0,3.8000000000000003,0.19999999999999973,95.0,4.999999999999993,380.0,49.6926899437688,667,190,0.0
1862,190,10,95.0,3.8000000000000003,0.19999999999999973,95.0,4.999999999999993,380.0,49.6926899437688,667,190,0.0
1863,190,10,95.0,3.8000000000000003,0.19999999999999973,95.0,4.999999999999993,380.0,49.6926899437688,667,190,0.0
1864,190,10,95.0,3.8000000000000003,0.19999999999999973,95.0,4.999999999999993,380.0,49.6926899437688,667,190,0.0
1865,190,10,95.0,3.8000000000000003,0.19999999999999973,95.0,4.999999999999993,380.0,49.6926899437688,667,190,0.0
1866,190,10,95.0,3.8000000000000003,0.19999999999999973,95.0,4.999999999999993,380.0,49.6926899437688,667,190,0.0
1867,190,10,95.0,3.8000000000000003,0.19999999999999973,95.0,4.999999999999993,380.0,49.6926899437688,667,190,0.0
1868,190,10,95.0,3.8000000000000003,0.19999999999999973,95.0,4.999999999999993,380.0,49.6926899437688,667,190,0.0
1869,190,10,95.0,3.8000000000000003,0.19999999999999973,95.0,4.999999999999993,380.0,49.6926899437688,667,190,0.0
1870,191,9,95.5,3.8200000000000003,0.17999999999999972,95.5,4.499999999999993,382.0,49.95423041715705,668,191,2.0
1871,191,9,95.5,3.8200000000000003,0.17999999999999972,95.5,4.499999999999993,382.0,49.95423041715705,668,191,0.0
1872,191,9,95.5,3.8200000000000003,0.17999999999999972,95.5,4.499999999999993,382.0,49.95423041715705,668,191,0.0
1873,191,9,95.5,3.8200000000000003,0.17999999999999972,95.5,4.499999999999993,382.0,49.95423041715705,668,191,0.0
1874,191,9,95.5,3.8200000000000003,0.17999999999999972,95.5,4.499999999999993,382.0,49.95423041715705,668,191,0.0
1875,191,9,95.5,3.8200000000000003,0.17999999999999972,95.5,4.499999999999993,382.0,49.95423041715705,668,191,0.0
1876,191,9,95.5,3.8200000000000003,0.17999999999999972,95.5,4.499999999999993,382.0,49.95423041715705,668,191,0.0
1877,191,9,95.5,3.8200000000000003,0.17999999999999972,95.5,4.499999999999993,382.0,49.95423041715705,668,191,0.0
1878,191,9,95.5,3.8200000000000003,0.17999999999999972,95.5,4.499999999999993,382.0,49.95423041715705,668,191,0.0
1879,191,9,95.5,3.8200000000000003,0.17999999999999972,95.5,4.499999999999993,382.0,49.95423041715705,668,191,0.0
1880,191,9,95.5,3.8200000000000003,0.17999999999999972,95.5,4.499999999999993,382.0,49.95423041715705,668,191,0.0
1881,191,9,95.5,3.8200000000000003,0.17999999999999972,95.5,4.499999999999993,382.0,49.95423041715705,668,191,0.0
1882,191,9,95.5,3.8200000000000003,0.17999999999999972,95.5,4.499999999999993,382.0,49.95423041715705,668,191,0.0
1883,191,9,95.5,3.8200000000000003,0.17999999999999972,95.5,4.499999999999993,382.0,49.95423041715705,668,191,0.0
1884,191,9,95.5,3.8200000000000003,0.17999999999999972,95.5,4.499999999999993,382.0,49.95423041715705,668,191,0.0
1885,191,9,95.5,3.8200000000000003,0.17999999999999972,95.5,4.499999999999993,382.0,49.95423041715705,668,191,0.0
1886,191,9,95.5,3.8200000000000003,0.17999999999999972,95.5,4.499999999999993,382.0,49.95423041715705,668,191,0.0
1887,191,9,95.5,3.8200000000000003,0.17999999999999972,95.5,4.499999999999993,382.0,49.95423041715705,668,191,0.0
1888,191,9,95.5,3.8200000000000003,0.17999999999999972,95.5,4.499999999999993,382.0,49.95423041715705,668,191,0.0
1889,191,9,95.5,3.8200000000000003,0.17999999999999972,95.5,4.499999999999993,382.0,49.95423041715705,668,191,0.0
1890,191,9,95.5,3.8200000000000003,0.17999999999999972,95.5,4.499999999999993,382.0,49.95423041715705,668,191,0.0
1891,191,9,95.5,3.8200000000000003,0.17999999999999972,95.5,4.499999999999993,382.0,49.95423041715705,668,191,0.0
1892,191,9,95.5,3.8200000000000003,0.17999999999999972,95.5,4.499999999999993,382.0,49.95423041715705,668,191,0.0
1893,191,9,95.5,3.8200000000000003,0.17999999999999972,95.5,4.499999999999993,382.0,49.95423041715705,668,191,0.0
1894,191,9,95.5,3.8200000000000003,0.17999999999999972,95.5,4.499999999999993,382.0,49.95423041715705,668,191,0.0
1895,191,9,95.5,3.8200000000000003,0.17999999999999972,95.5,4.499999999999993,382.0,49.95423041715705,668,191,0.0
1896,191,9,95.5,3.8200000000000003,0.17999999999999972,95.5,4.499999999999993,382.0,49.95423041715705,668,191,0.0
1897,191,9,95.5,3.8200000000000003,0.17999999999999972,95.5,4.499999999999993,382.0,49.95423041715705,668,191,0.0
1898,191,9,95.5,3.8200000000000003,0.17999999999999972,95.5,4.499999999999993,382.0,49.95423041715705,668,191,0.0
1899,191,9,95.5,3.8200000000000003,0.17999999999999972,95.5,4.499999999999993,382.0,49.95423041715705,668,191,0.0
1900,191,9,95.5,3.8200000000000003,0.17999999999999972,95.5,4.499999999999993,382.0,49.95423041715705,668,191,0.0
1901,191,9,95.5,3.8200000000000003,0.17999999999999972,95.5,4.499999999999993,382.0,49.95423041715705,668,191,0.0
1902,191,9,95.5,3.8200000000000003,0.17999999999999972,95.5,4.499999999999993,382.0,49.95423041715705,668,191,0.0
1903,191,9,95.5,3.8200000000000003,0.17999999999999972,95.5,4.499999999999993,382.0,49.95423041715705,668,191,0.0
1904,191,9,95.5,3.8200000000000003,0.17999999999999972,95.5,4.499999999999993,382.0,49.95423041715705,668,191,0.0
1905,191,9,95.5,3.8200000000000003,0.17999999999999972,95.5,4.499999999999993,382.0,49.95423041715705,668,191,0.0
1906,191,9,95.5,3.8200000000000003,0.17999999999999972,95.5,4.499999999999993,382.0,49.95423041715705,668,191,0.0
1907,191,9,95.5,3.8200000000000003,0.17999999999999972,95.5,4.499999999999993,382.0,49.95423041715705,668,191,0.0
1908,191,9,95.5,3.8200000000000003,0.17999999999999972,95.5,4.499999999999993,382.0,49.95423041715705,668,191,0.0
1909,191,9,95.5,3.8200000000000003,0.17999999999999972,95.5,4.499999999999993,382.0,49.95423041715705,668,191,0.0
1910,191,9,95.5,3.8200000000000003,0.17999999999999972,95.5,4.499999999999993,382.0,49.95423041715705,668,191,0.0
1911,191,9,95.5,3.8200000000000003,0.17999999999999972,95.5,4.499999999999993,382.0,49.95423041715705,668,191,0.0
1912,191,9,95.5,3.8200000000000003,0.17999999999999972,95.5,4.499999999999993,382.0,49.95423041715705,668,191,0.0
1913,191,9,95.5,3.8200000000000003,0.17999999999999972,95.5,4.499999999999993,382.0,49.95423041715705,668,191,0.0
1914,191,9,95.5,3.8200000000000003,0.17999999999999972,95.5,4.499999999999993,382.0,49.95423041715705,668,191,0.0
1915,191,9,95.5,3.8200000000000003,0.17999999999999972,95.5,4.499999999999993,382.0,49.95423041715705,668,191,0.0
1916,191,9,95.5,3.8200000000000003,0.17999999999999972,95.5,4.499999999999993,382.0,49.95423041715705,668,191,0.0
1917,191,9,95.5,3.8200000000000003,0.17999999999999972,95.5,4.499999999999993,382.0,49.95423041715705,668,191,0.0
1918,191,9,95.5,3.8200000000000003,0.17999999999999972,95.5,4.499999999999993,382.0,49.95423041715705,668,191,0.0
1919,191,9,95.5,3.8200000000000003,0.17999999999999972,95.5,4.499999999999993,382.0,49.95423041715705,668,191,0.0
1920,191,9,95.5,3.8200000000000003,0.17999999999999972,95.5,4.499999999999993,382.0,49.95423041715705,668,191,0.0
1921,191,9,95.5,3.8200000000000003,0.17999999999999972,95.5,4.499999999999993,382.0,49.95423041715705,668,191,0.0
1922,191,9,95.5,3.8200000000000003,0.17999999999999972,95.5,4.499999999999993,382.0,49.95423041715705,668,191,0.0
1923,191,9,95.5,3.8200000000000003,0.17999999999999972,95.5,4.499999999999993,382.0,49.95423041715705,668,191,0.0
1924,191,9,95.5,3.8200000000000003,0.17999999999999972,95.5,4.499999999999993,382.0,49.95423041715705,669,191,0.0
1925,191,9,95.5,3.8200000000000003,0.17999999999999972,95.5,4.499999999999993,382.0,49.95423041715705,670,191,0.0
1926,191,9,95.5,3.8200000000000003,0.17999999999999972,95.5,4.499999999999993,382.0,49.95423041715705,671,191,0.0
1927,191,9,95.5,3.8200000000000003,0.17999999999999972,95.5,4.499999999999993,382.0,49.95423041715705,672,191,0.0
1928,191,9,95.5,3.8200000000000003,0.17999999999999972,95.5,4.499999999999993,382.0,49.95423041715705,673,191,0.0
1929,191,9,95.5,3.8200000000000003,0.17999999999999972,95.5,4.499999999999993,382.0,49.95423041715705,674,191,0.0
1930,191,9,95.5,3.8200000000000003,0.17999999999999972,95.5,4.499999999999993,382.0,49.95423041715705,675,191,0.0
1931,191,9,95.5,3.8200000000000003,0.17999999999999972,95.5,4.499999999999993,382.0,49.95423041715705,675,191,0.0
1932,191,9,95.5,3.8200000000000003,0.17999999999999972,95.5,4.499999999999993,382.0,49.95423041715705,675,191,0.0
1933,191,9,95.5,3.8200000000000003,0.17999999999999972,95.5,4.499999999999993,382.0,49.95423041715705,675,191,0.0
1934,191,9,95.5,3.8200000000000003,0.17999999999999972,95.5,4.499999999999993,382.0,49.95423041715705,675,191,0.0
1935,191,9,95.5,3.8200000000000003,0.17999999999999972,95.5,4.499999999999993,382.0,49.95423041715705,675,191,0.0
1936,191,9,95.5,3.8200000000000003,0.17999999999999972,95.5,4.499999999999993,382.0,49.95423041715705,675,191,0.0
1937,191,9,95.5,3.8200000000000003,0.17999999999999972,95.5,4.499999999999993,382.0,49.95423041715705,675,191,0.0
1938,191,9,95.5,3.8200000000000003,0.17999999999999972,95.5,4.499999999999993,382.0,49.95423041715705,675,191,0.0
1939,191,9,95.5,3.8200000000000003,0.17999999999999972,95.5,4.499999999999993,382.0,49.95423041715705,675,191,0.0
1940,191,9,95.5,3.8200000000000003,0.17999999999999972,95.5,4.499999999999993,382.0,49.95423041715705,675,191,0.0
1941,191,9,95.5,3.8200000000000003,0.17999999999999972,95.5,4.499999999999993,382.0,49.95423041715705,675,191,0.0
1942,191,9,95.5,3.8200000000000003,0.17999999999999972,95.5,4.499999999999993,382.0,49.95423041715705,675,191,0.0
1943,191,9,95.5,3.8200000000000003,0.17999999999999972,95.5,4.499999999999993,382.0,49.95423041715705,675,191,0.0
1944,191,9,95.5,3.8200000000000003,0.17999999999999972,95.5,4.499999999999993,382.0,49.95423041715705,676,191,0.0
1945,191,9,95.5,3.8200000000000003,0.17999999999999972,95.5,4.499999999999993,382.0,49.95423041715705,676,191,0.0
1946,191,9,95.5,3.8200000000000003,0.17999999999999972,95.5,4.499999999999993,382.0,49.95423041715705,677,191,0.0
1947,191,9,95.5,3.8200000000000003,0.17999999999999972,95.5,4.499999999999993,382.0,49.95423041715705,677,191,0.0
1948,191,9,95.5,3.8200000000000003,0.17999999999999972,95.5,4.499999999999993,382.0,49.95423041715705,677,191,0.0
1949,191,9,95.5,3.8200000000000003,0.17999999999999972,95.5,4.499999999999993,382.0,49.95423041715705,678,191,0.0
1950,191,9,95.5,3.8200000000000003,0.17999999999999972,95.5,4.499999999999993,382.0,49.95423041715705,678,191,0.0
1951,191,9,95.5,3.8200000000000003,0.17999999999999972,95.5,4.499999999999993,382.0,49.95423041715705,678,191,0.0
1952,191,9,95.5,3.8200000000000003,0.17999999999999972,95.5,4.499999999999993,382.0,49.95423041715705,679,191,0.0
1953,191,9,95.5,3.8200000000000003,0.17999999999999972,95.5,4.499999999999993,382.0,49.95423041715705,680,191,0.0
1954,191,9,95.5,3.8200000000000003,0.17999999999999972,95.5,4.499999999999993,382.0,49.95423041715705,680,191,0.0
1955,191,9,95.5,3.8200000000000003,0.17999999999999972,95.5,4.499999999999993,382.0,49.95423041715705,680,191,0.0
1956,191,9,95.5,3.8200000000000003,0.17999999999999972,95.5,4.499999999999993,382.0,49.95423041715705,680,191,0.0
1957,191,9,95.5,3.8200000000000003,0.17999999999999972,95.5,4.499999999999993,382.0,49.95423041715705,680,191,0.0
1958,191,9,95.5,3.8200000000000003,0.17999999999999972,95.5,4.499999999999993,382.0,49.95423041715705,680,191,0.0
1959,191,9,95.5,3.8200000000000003,0.17999999999999972,95.5,4.499999999999993,382.0,49.95423041715705,680,191,0.0
1960,191,9,95.5,3.8200000000000003,0.17999999999999972,95.5,4.499999999999993,382.0,49.95423041715705,680,191,0.0
1961,191,9,95.5,3.8200000000000003,0.17999999999999972,95.5,4.499999999999993,382.0,49.95423041715705,680,191,0.0
1962,191,9,95.5,3.8200000000000003,0.17999999999999972,95.5,4.499999999999993,382.0,49.95423041715705,680,191,0.0
1963,191,9,95.5,3.8200000000000003,0.17999999999999972,95.5,4.499999999999993,382.0,49.95423041715705,680,191,0.0
1964,191,9,95.5,3.8200000000000003,0.17999999999999972,95.5,4.499999999999993,382.0,49.95423041715705,680,191,0.0
1965,191,9,95.5,3.8200000000000003,0.17999999999999972,95.5,4.499999999999993,382.0,49.95423041715705,680,191,0.0
1966,192,8,96.0,3.84,0.16000000000000014,96.0,4.0000000000000036,384.0,50.21577089054531,681,192,2.0
1967,192,8,96.0,3.84,0.16000000000000014,96.0,4.0000000000000036,384.0,50.21577089054531,681,192,0.0
1968,192,8,96.0,3.84,0.16000000000000014,96.0,4.0000000000000036,384.0,50.21577089054531,681,192,0.0
1969,192,8,96.0,3.84,0.16000000000000014,96.0,4.0000000000000036,384.0,50.21577089054531,681,192,0.0
1970,192,8,96.0,3.84,0.16000000000000014,96.0,4.0000000000000036,384.0,50.21577089054531,681,192,0.0
1971,192,8,96.0,3.84,0.16000000000000014,96.0,4.0000000000000036,384.0,50.21577089054531,681,192,0.0
1972,192,8,96.0,3.84,0.16000000000000014,96.0,4.0000000000000036,384.0,50.21577089054531,681,192,0.0
1973,192,8,96.0,3.84,0.16000000000000014,96.0,4.0000000000000036,384.0,50.21577089054531,681,192,0.0
1974,192,8,96.0,3.84,0.16000000000000014,96.0,4.0000000000000036,384.0,50.21577089054531,681,192,0.0
1975,192,8,96.0,3.84,0.16000000000000014,96.0,4.0000000000000036,384.0,50.21577089054531,681,192,0.0
1976,192,8,96.0,3.84,0.16000000000000014,96.0,4.0000000000000036,384.0,50.21577089054531,681,192,0.0
1977,192,8,96.0,3.84,0.16000000000000014,96.0,4.0000000000000036,384.0,50.21577089054531,681,192,0.0
1978,192,8,96.0,3.84,0.16000000000000014,96.0,4.0000000000000036,384.0,50.21577089054531,681,192,0.0
1979,192,8,96.0,3.84,0.16000000000000014,96.0,4.0000000000000036,384.0,50.21577089054531,681,192,0.0
1980,192,8,96.0,3.84,0.16000000000000014,96.0,4.0000000000000036,384.0,50.21577089054531,681,192,0.0
1981,192,8,96.0,3.84,0.16000000000000014,96.0,4.0000000000000036,384.0,50.21577089054531,681,192,0.0
1982,192,8,96.0,3.84,0.16000000000000014,96.0,4.0000000000000036,384.0,50.21577089054531,681,192,0.0
1983,192,8,96.0,3.84,0.16000000000000014,96.0,4.0000000000000036,384.0,50.21577089054531,681,192,0.0
1984,192,8,96.0,3.84,0.16000000000000014,96.0,4.0000000000000036,384.0,50.21577089054531,681,192,0.0
1985,192,8,96.0,3.84,0.16000000000000014,96.0,4.0000000000000036,384.0,50.21577089054531,681,192,0.0
1986,192,8,96.0,3.84,0.16000000000000014,96.0,4.0000000000000036,384.0,50.21577089054531,681,192,0.0
1987,192,8,96.0,3.84,0.16000000000000014,96.0,4.0000000000000036,384.0,50.21577089054531,681,192,0.0
1988,192,8,96.0,3.84,0.16000000000000014,96.0,4.0000000000000036,384.0,50.21577089054531,681,192,0.0
1989,192,8,96.0,3.84,0.16000000000000014,96.0,4.0000000000000036,384.0,50.21577089054531,681,192,0.0
1990,192,8,96.0,3.84,0.16000000000000014,96.0,4.0000000000000036,384.0,50.21577089054531,681,192,0.0
1991,192,8,96.0,3.84,0.16000000000000014,96.0,4.0000000000000036,384.0,50.21577089054531,681,192,0.0
1992,192,8,96.0,3.84,0.16000000000000014,96.0,4.0000000000000036,384.0,50.21577089054531,681,192,0.0
1993,192,8,96.0,3.84,0.16000000000000014,96.0,4.0000000000000036,384.0,50.21577089054531,681,192,0.0
1994,192,8,96.0,3.84,0.16000000000000014,96.0,4.0000000000000036,384.0,50.21577089054531,681,192,0.0
1995,192,8,96.0,3.84,0.16000000000000014,96.0,4.0000000000000036,384.0,50.21577089054531,682,192,0.0
1996,192,8,96.0,3.84,0.16000000000000014,96.0,4.0000000000000036,384.0,50.21577089054531,683,192,0.0
1997,192,8,96.0,3.84,0.16000000000000014,96.0,4.0000000000000036,384.0,50.21577089054531,683,192,0.0
1998,192,8,96.0,3.84,0.16000000000000014,96.0,4.0000000000000036,384.0,50.21577089054531,683,192,0.0
1999,192,8,96.0,3.84,0.16000000000000014,96.0,4.0000000000000036,384.0,50.21577089054531,683,192,0.0
2000,192,8,96.0,3.84,0.16000000000000014,96.0,4.0000000000000036,384.0,50.21577089054531,683,192,0.0
