step,n_adsorbed,n_free,percent_adsorbed,m_adsorbed_mg,m_free_mg,c_pdf_mg_l,c_remaining_mg_l,qt_mg_g,percent_qmax,n_contacts,dqt_per_step
0,0,200,0.0,0.0,4.0,0.0,100.0,0.0,0.0,0,0.0
1,1,199,0.5,0.02,3.98,0.5,99.5,2.0,0.48520135856380403,1,2.0
2,1,199,0.5,0.02,3.98,0.5,99.5,2.0,0.48520135856380403,1,0.0
3,3,197,1.5,0.06,3.94,1.5,98.5,6.0,1.455604075691412,3,4.0
4,3,197,1.5,0.06,3.94,1.5,98.5,6.0,1.455604075691412,3,0.0
5,3,197,1.5,0.06,3.94,1.5,98.5,6.0,1.455604075691412,3,0.0
6,3,197,1.5,0.06,3.94,1.5,98.5,6.0,1.455604075691412,3,0.0
7,3,197,1.5,0.06,3.94,1.5,98.5,6.0,1.455604075691412,3,0.0
8,3,197,1.5,0.06,3.94,1.5,98.5,6.0,1.455604075691412,3,0.0
9,3,197,1.5,0.06,3.94,1.5,98.5,6.0,1.455604075691412,3,0.0
10,5,195,2.5,0.1,3.9,2.5,97.5,10.0,2.42600679281902,5,4.0
11,7,193,3.5000000000000004,0.14,3.86,3.5000000000000004,96.5,14.000000000000002,3.3964095099466283,7,4.000000000000002
12,8,192,4.0,0.16,3.84,4.0,96.0,16.0,3.8816108685104322,8,1.9999999999999982
13,8,192,4.0,0.16,3.84,4.0,96.0,16.0,3.8816108685104322,8,0.0
14,9,191,4.5,0.18,3.82,4.5,95.5,18.0,4.366812227074236,9,2.0
15,10,190,5.0,0.2,3.8,5.0,95.0,20.0,4.85201358563804,10,2.0
16,10,190,5.0,0.2,3.8,5.0,95.0,20.0,4.85201358563804,10,0.0
17,10,190,5.0,0.2,3.8,5.0,95.0,20.0,4.85201358563804,10,0.0
18,10,190,5.0,0.2,3.8,5.0,95.0,20.0,4.85201358563804,10,0.0
19,10,190,5.0,0.2,3.8,5.0,95.0,20.0,4.85201358563804,10,0.0
20,10,190,5.0,0.2,3.8,5.0,95.0,20.0,4.85201358563804,10,0.0
21,10,190,5.0,0.2,3.8,5.0,95.0,20.0,4.85201358563804,10,0.0
22,10,190,5.0,0.2,3.8,5.0,95.0,20.0,4.85201358563804,10,0.0
23,10,190,5.0,0.2,3.8,5.0,95.0,20.0,4.85201358563804,10,0.0
24,10,190,5.0,0.2,3.8,5.0,95.0,20.0,4.85201358563804,10,0.0
25,12,188,6.0,0.24,3.76,6.0,93.99999999999999,24.0,5.822416302765648,12,4.0
26,12,188,6.0,0.24,3.76,6.0,93.99999999999999,24.0,5.822416302765648,12,0.0
27,12,188,6.0,0.24,3.76,6.0,93.99999999999999,24.0,5.822416302765648,12,0.0
28,12,188,6.0,0.24,3.76,6.0,93.99999999999999,24.0,5.822416302765648,12,0.0
29,13,187,6.5,0.26,3.74,6.5,93.5,26.0,6.307617661329452,13,2.0
30,13,187,6.5,0.26,3.74,6.5,93.5,26.0,6.307617661329452,13,0.0
31,14,186,7.000000000000001,0.28,3.7199999999999998,7.000000000000001,92.99999999999999,28.000000000000004,6.7928190198932565,14,2.0000000000000036
32,15,185,7.5,0.3,3.7,7.5,92.5,30.0,7.27802037845706,15,1.9999999999999964
33,16,184,8.0,0.32,3.68,8.0,92.0,32.0,7.7632217370208645,16,2.0
34,16,184,8.0,0.32,3.68,8.0,92.0,32.0,7.7632217370208645,16,0.0
35,16,184,8.0,0.32,3.68,8.0,92.0,32.0,7.7632217370208645,16,0.0
36,16,184,8.0,0.32,3.68,8.0,92.0,32.0,7.7632217370208645,16,0.0
37,17,183,8.5,0.34,3.66,8.5,91.5,34.0,8.248423095584668,17,2.0
38,17,183,8.5,0.34,3.66,8.5,91.5,34.0,8.248423095584668,17,0.0
39,17,183,8.5,0.34,3.66,8.5,91.5,34.0,8.248423095584668,17,0.0
40,17,183,8.5,0.34,3.66,8.5,91.5,34.0,8.248423095584668,17,0.0
41,18,182,9.0,0.36,3.64,9.0,91.0,36.0,8.733624454148472,18,2.0
42,19,181,9.5,0.38,3.62,9.5,90.5,38.0,9.218825812712275,19,2.0
43,19,181,9.5,0.38,3.62,9.5,90.5,38.0,9.218825812712275,19,0.0
44,19,181,9.5,0.38,3.62,9.5,90.5,38.0,9.218825812712275,19,0.0
45,19,181,9.5,0.38,3.62,9.5,90.5,38.0,9.218825812712275,19,0.0
46,19,181,9.5,0.38,3.62,9.5,90.5,38.0,9.218825812712275,19,0.0
47,19,181,9.5,0.38,3.62,9.5,90.5,38.0,9.218825812712275,19,0.0
48,19,181,9.5,0.38,3.62,9.5,90.5,38.0,9.218825812712275,19,0.0
49,19,181,9.5,0.38,3.62,9.5,90.5,38.0,9.218825812712275,19,0.0
50,19,181,9.5,0.38,3.62,9.5,90.5,38.0,9.218825812712275,19,0.0
51,20,180,10.0,0.4,3.6,10.0,90.0,40.0,9.70402717127608,20,2.0
52,20,180,10.0,0.4,3.6,10.0,90.0,40.0,9.70402717127608,20,0.0
53,21,179,10.5,0.42,3.58,10.5,89.5,42.0,10.189228529839884,21,2.0
54,21,179,10.5,0.42,3.58,10.5,89.5,42.0,10.189228529839884,21,0.0
55,21,179,10.5,0.42,3.58,10.5,89.5,42.0,10.189228529839884,21,0.0
56,21,179,10.5,0.42,3.58,10.5,89.5,42.0,10.189228529839884,21,0.0
57,21,179,10.5,0.42,3.58,10.5,89.5,42.0,10.189228529839884,21,0.0
58,21,179,10.5,0.42,3.58,10.5,89.5,42.0,10.189228529839884,21,0.0
59,21,179,10.5,0.42,3.58,10.5,89.5,42.0,10.189228529839884,21,0.0
60,21,179,10.5,0.42,3.58,10.5,89.5,42.0,10.189228529839884,21,0.0
61,23,177,11.5,0.46,3.54,11.5,88.5,46.0,11.159631246967491,23,4.0
62,23,177,11.5,0.46,3.54,11.5,88.5,46.0,11.159631246967491,23,0.0
63,23,177,11.5,0.46,3.54,11.5,88.5,46.0,11.159631246967491,23,0.0
64,23,177,11.5,0.46,3.54,11.5,88.5,46.0,11.159631246967491,23,0.0
65,23,177,11.5,0.46,3.54,11.5,88.5,46.0,11.159631246967491,23,0.0
66,23,177,11.5,0.46,3.54,11.5,88.5,46.0,11.159631246967491,23,0.0
67,23,177,11.5,0.46,3.54,11.5,88.5,46.0,11.159631246967491,23,0.0
68,23,177,11.5,0.46,3.54,11.5,88.5,46.0,11.159631246967491,23,0.0
69,23,177,11.5,0.46,3.54,11.5,88.5,46.0,11.159631246967491,23,0.0
70,23,177,11.5,0.46,3.54,11.5,88.5,46.0,11.159631246967491,23,0.0
71,23,177,11.5,0.46,3.54,11.5,88.5,46.0,11.159631246967491,23,0.0
72,24,176,12.0,0.48,3.52,12.0,88.0,48.0,11.644832605531295,24,2.0
73,24,176,12.0,0.48,3.52,12.0,88.0,48.0,11.644832605531295,24,0.0
74,25,175,12.5,0.5,3.5,12.5,87.5,50.0,12.1300339640951,25,2.0
75,25,175,12.5,0.5,3.5,12.5,87.5,50.0,12.1300339640951,25,0.0
76,25,175,12.5,0.5,3.5,12.5,87.5,50.0,12.1300339640951,25,0.0
77,25,175,12.5,0.5,3.5,12.5,87.5,50.0,12.1300339640951,25,0.0
78,25,175,12.5,0.5,3.5,12.5,87.5,50.0,12.1300339640951,25,0.0
79,25,175,12.5,0.5,3.5,12.5,87.5,50.0,12.1300339640951,25,0.0
80,25,175,12.5,0.5,3.5,12.5,87.5,50.0,12.1300339640951,25,0.0
81,25,175,12.5,0.5,3.5,12.5,87.5,50.0,12.1300339640951,25,0.0
82,25,175,12.5,0.5,3.5,12.5,87.5,50.0,12.1300339640951,25,0.0
83,25,175,12.5,0.5,3.5,12.5,87.5,50.0,12.1300339640951,25,0.0
84,25,175,12.5,0.5,3.5,12.5,87.5,50.0,12.1300339640951,25,0.0
85,26,174,13.0,0.52,3.48,13.0,87.0,52.0,12.615235322658904,26,2.0
86,27,173,13.5,0.54,3.46,13.5,86.5,54.0,13.100436681222707,27,2.0
87,27,173,13.5,0.54,3.46,13.5,86.5,54.0,13.100436681222707,27,0.0
88,27,173,13.5,0.54,3.46,13.5,86.5,54.0,13.100436681222707,27,0.0
89,27,173,13.5,0.54,3.46,13.5,86.5,54.0,13.100436681222707,27,0.0
90,28,172,14.000000000000002,0.56,3.44,14.000000000000002,86.0,56.00000000000001,13.585638039786513,28,2.000000000000007
91,30,170,15.0,0.6,3.4,15.0,85.0,60.0,14.55604075691412,30,3.999999999999993
92,31,169,15.5,0.62,3.38,15.5,84.5,62.0,15.041242115477923,31,2.0
93,32,168,16.0,0.64,3.36,16.0,84.0,64.0,15.526443474041729,32,2.0
94,32,168,16.0,0.64,3.36,16.0,84.0,64.0,15.526443474041729,32,0.0
95,32,168,16.0,0.64,3.36,16.0,84.0,64.0,15.526443474041729,32,0.0
96,32,168,16.0,0.64,3.36,16.0,84.0,64.0,15.526443474041729,32,0.0
97,32,168,16.0,0.64,3.36,16.0,84.0,64.0,15.526443474041729,32,0.0
98,32,168,16.0,0.64,3.36,16.0,84.0,64.0,15.526443474041729,32,0.0
99,34,166,17.0,0.68,3.32,17.0,83.0,68.0,16.496846191169336,34,4.0
100,34,166,17.0,0.68,3.32,17.0,83.0,68.0,16.496846191169336,34,0.0
101,34,166,17.0,0.68,3.32,17.0,83.0,68.0,16.496846191169336,34,0.0
102,34,166,17.0,0.68,3.32,17.0,83.0,68.0,16.496846191169336,34,0.0
103,34,166,17.0,0.68,3.32,17.0,83.0,68.0,16.496846191169336,34,0.0
104,34,166,17.0,0.68,3.32,17.0,83.0,68.0,16.496846191169336,34,0.0
105,34,166,17.0,0.68,3.32,17.0,83.0,68.0,16.496846191169336,34,0.0
106,34,166,17.0,0.68,3.32,17.0,83.0,68.0,16.496846191169336,34,0.0
107,34,166,17.0,0.68,3.32,17.0,83.0,68.0,16.496846191169336,34,0.0
108,34,166,17.0,0.68,3.32,17.0,83.0,68.0,16.496846191169336,34,0.0
109,35,165,17.5,0.7000000000000001,3.3,17.5,82.5,70.0,16.98204754973314,35,2.0
110,35,165,17.5,0.7000000000000001,3.3,17.5,82.5,70.0,16.98204754973314,35,0.0
111,35,165,17.5,0.7000000000000001,3.3,17.5,82.5,70.0,16.98204754973314,35,0.0
112,35,165,17.5,0.7000000000000001,3.3,17.5,82.5,70.0,16.98204754973314,35,0.0
113,36,164,18.0,0.72,3.2800000000000002,18.0,82.0,72.0,17.467248908296945,36,2.0
114,36,164,18.0,0.72,3.2800000000000002,18.0,82.0,72.0,17.467248908296945,36,0.0
115,36,164,18.0,0.72,3.2800000000000002,18.0,82.0,72.0,17.467248908296945,36,0.0
116,37,163,18.5,0.74,3.26,18.5,81.5,74.0,17.952450266860748,37,2.0
117,37,163,18.5,0.74,3.26,18.5,81.5,74.0,17.952450266860748,37,0.0
118,37,163,18.5,0.74,3.26,18.5,81.5,74.0,17.952450266860748,37,0.0
119,37,163,18.5,0.74,3.26,18.5,81.5,74.0,17.952450266860748,37,0.0
120,37,163,18.5,0.74,3.26,18.5,81.5,74.0,17.952450266860748,37,0.0
121,37,163,18.5,0.74,3.26,18.5,81.5,74.0,17.952450266860748,37,0.0
122,37,163,18.5,0.74,3.26,18.5,81.5,74.0,17.952450266860748,37,0.0
123,37,163,18.5,0.74,3.26,18.5,81.5,74.0,17.952450266860748,37,0.0
124,37,163,18.5,0.74,3.26,18.5,81.5,74.0,17.952450266860748,37,0.0
125,37,163,18.5,0.74,3.26,18.5,81.5,74.0,17.952450266860748,37,0.0
126,37,163,18.5,0.74,3.26,18.5,81.5,74.0,17.952450266860748,37,0.0
127,37,163,18.5,0.74,3.26,18.5,81.5,74.0,17.952450266860748,37,0.0
128,37,163,18.5,0.74,3.26,18.5,81.5,74.0,17.952450266860748,37,0.0
129,37,163,18.5,0.74,3.26,18.5,81.5,74.0,17.952450266860748,37,0.0
130,37,163,18.5,0.74,3.26,18.5,81.5,74.0,17.952450266860748,37,0.0
131,37,163,18.5,0.74,3.26,18.5,81.5,74.0,17.952450266860748,37,0.0
132,38,162,19.0,0.76,3.24,19.0,81.0,76.0,18.43765162542455,38,2.0
133,38,162,19.0,0.76,3.24,19.0,81.0,76.0,18.43765162542455,38,0.0
134,38,162,19.0,0.76,3.24,19.0,81.0,76.0,18.43765162542455,38,0.0
135,38,162,19.0,0.76,3.24,19.0,81.0,76.0,18.43765162542455,38,0.0
136,38,162,19.0,0.76,3.24,19.0,81.0,76.0,18.43765162542455,38,0.0
137,38,162,19.0,0.76,3.24,19.0,81.0,76.0,18.43765162542455,38,0.0
138,38,162,19.0,0.76,3.24,19.0,81.0,76.0,18.43765162542455,38,0.0
139,38,162,19.0,0.76,3.24,19.0,81.0,76.0,18.43765162542455,38,0.0
140,38,162,19.0,0.76,3.24,19.0,81.0,76.0,18.43765162542455,38,0.0
141,38,162,19.0,0.76,3.24,19.0,81.0,76.0,18.43765162542455,38,0.0
142,38,162,19.0,0.76,3.24,19.0,81.0,76.0,18.43765162542455,38,0.0
143,38,162,19.0,0.76,3.24,19.0,81.0,76.0,18.43765162542455,38,0.0
144,38,162,19.0,0.76,3.24,19.0,81.0,76.0,18.43765162542455,38,0.0
145,38,162,19.0,0.76,3.24,19.0,81.0,76.0,18.43765162542455,38,0.0
146,38,162,19.0,0.76,3.24,19.0,81.0,76.0,18.43765162542455,38,0.0
147,38,162,19.0,0.76,3.24,19.0,81.0,76.0,18.43765162542455,38,0.0
148,38,162,19.0,0.76,3.24,19.0,81.0,76.0,18.43765162542455,38,0.0
149,38,162,19.0,0.76,3.24,19.0,81.0,76.0,18.43765162542455,38,0.0
150,38,162,19.0,0.76,3.24,19.0,81.0,76.0,18.43765162542455,38,0.0
151,38,162,19.0,0.76,3.24,19.0,81.0,76.0,18.43765162542455,38,0.0
152,39,161,19.5,0.78,3.2199999999999998,19.5,80.49999999999999,78.0,18.922852983988356,39,2.0
153,39,161,19.5,0.78,3.2199999999999998,19.5,80.49999999999999,78.0,18.922852983988356,39,0.0
154,39,161,19.5,0.78,3.2199999999999998,19.5,80.49999999999999,78.0,18.922852983988356,39,0.0
155,39,161,19.5,0.78,3.2199999999999998,19.5,80.49999999999999,78.0,18.922852983988356,39,0.0
156,39,161,19.5,0.78,3.2199999999999998,19.5,80.49999999999999,78.0,18.922852983988356,39,0.0
157,40,160,20.0,0.8,3.2,20.0,80.0,80.0,19.40805434255216,40,2.0
158,40,160,20.0,0.8,3.2,20.0,80.0,80.0,19.40805434255216,40,0.0
159,40,160,20.0,0.8,3.2,20.0,80.0,80.0,19.40805434255216,40,0.0
160,41,159,20.5,0.8200000000000001,3.1799999999999997,20.5,79.49999999999999,82.0,19.893255701115965,41,2.0
161,41,159,20.5,0.8200000000000001,3.1799999999999997,20.5,79.49999999999999,82.0,19.893255701115965,41,0.0
162,41,159,20.5,0.8200000000000001,3.1799999999999997,20.5,79.49999999999999,82.0,19.893255701115965,41,0.0
163,41,159,20.5,0.8200000000000001,3.1799999999999997,20.5,79.49999999999999,82.0,19.893255701115965,41,0.0
164,41,159,20.5,0.8200000000000001,3.1799999999999997,20.5,79.49999999999999,82.0,19.893255701115965,41,0.0
165,41,159,20.5,0.8200000000000001,3.1799999999999997,20.5,79.49999999999999,82.0,19.893255701115965,41,0.0
166,41,159,20.5,0.8200000000000001,3.1799999999999997,20.5,79.49999999999999,82.0,19.893255701115965,41,0.0
167,42,158,21.0,0.84,3.16,21.0,79.0,84.0,20.378457059679768,42,2.0
168,43,157,21.5,0.86,3.14,21.5,78.5,86.0,20.86365841824357,43,2.0
169,43,157,21.5,0.86,3.14,21.5,78.5,86.0,20.86365841824357,43,0.0
170,44,156,22.0,0.88,3.12,22.0,78.0,88.0,21.348859776807373,44,2.0
171,44,156,22.0,0.88,3.12,22.0,78.0,88.0,21.348859776807373,44,0.0
172,44,156,22.0,0.88,3.12,22.0,78.0,88.0,21.348859776807373,44,0.0
173,46,154,23.0,0.92,3.08,23.0,77.0,92.0,22.319262493934982,46,4.0
174,46,154,23.0,0.92,3.08,23.0,77.0,92.0,22.319262493934982,46,0.0
175,46,154,23.0,0.92,3.08,23.0,77.0,92.0,22.319262493934982,46,0.0
176,46,154,23.0,0.92,3.08,23.0,77.0,92.0,22.319262493934982,46,0.0
177,46,154,23.0,0.92,3.08,23.0,77.0,92.0,22.319262493934982,46,0.0
178,47,153,23.5,0.9400000000000001,3.06,23.5,76.5,94.0,22.804463852498788,47,2.0
179,47,153,23.5,0.9400000000000001,3.06,23.5,76.5,94.0,22.804463852498788,47,0.0
180,47,153,23.5,0.9400000000000001,3.06,23.5,76.5,94.0,22.804463852498788,47,0.0
181,47,153,23.5,0.9400000000000001,3.06,23.5,76.5,94.0,22.804463852498788,47,0.0
182,47,153,23.5,0.9400000000000001,3.06,23.5,76.5,94.0,22.804463852498788,47,0.0
183,47,153,23.5,0.9400000000000001,3.06,23.5,76.5,94.0,22.804463852498788,47,0.0
184,47,153,23.5,0.9400000000000001,3.06,23.5,76.5,94.0,22.804463852498788,47,0.0
185,47,153,23.5,0.9400000000000001,3.06,23.5,76.5,94.0,22.804463852498788,47,0.0
186,47,153,23.5,0.9400000000000001,3.06,23.5,76.5,94.0,22.804463852498788,47,0.0
187,47,153,23.5,0.9400000000000001,3.06,23.5,76.5,94.0,22.804463852498788,47,0.0
188,47,153,23.5,0.9400000000000001,3.06,23.5,76.5,94.0,22.804463852498788,47,0.0
189,47,153,23.5,0.9400000000000001,3.06,23.5,76.5,94.0,22.804463852498788,47,0.0
190,47,153,23.5,0.9400000000000001,3.06,23.5,76.5,94.0,22.804463852498788,47,0.0
191,47,153,23.5,0.9400000000000001,3.06,23.5,76.5,94.0,22.804463852498788,47,0.0
192,47,153,23.5,0.9400000000000001,3.06,23.5,76.5,94.0,22.804463852498788,47,0.0
193,47,153,23.5,0.9400000000000001,3.06,23.5,76.5,94.0,22.804463852498788,47,0.0
194,48,152,24.0,0.96,3.04,24.0,76.0,96.0,23.28966521106259,48,2.0
195,48,152,24.0,0.96,3.04,24.0,76.0,96.0,23.28966521106259,48,0.0
196,48,152,24.0,0.96,3.04,24.0,76.0,96.0,23.28966521106259,48,0.0
197,48,152,24.0,0.96,3.04,24.0,76.0,96.0,23.28966521106259,48,0.0
198,48,152,24.0,0.96,3.04,24.0,76.0,96.0,23.28966521106259,48,0.0
199,49,151,24.5,0.98,3.02,24.5,75.5,98.0,23.774866569626397,49,2.0
200,49,151,24.5,0.98,3.02,24.5,75.5,98.0,23.774866569626397,49,0.0
201,49,151,24.5,0.98,3.02,24.5,75.5,98.0,23.774866569626397,49,0.0
202,49,151,24.5,0.98,3.02,24.5,75.5,98.0,23.774866569626397,49,0.0
203,49,151,24.5,0.98,3.02,24.5,75.5,98.0,23.774866569626397,49,0.0
204,49,151,24.5,0.98,3.02,24.5,75.5,98.0,23.774866569626397,49,0.0
205,49,151,24.5,0.98,3.02,24.5,75.5,98.0,23.774866569626397,49,0.0
206,49,151,24.5,0.98,3.02,24.5,75.5,98.0,23.774866569626397,49,0.0
207,49,151,24.5,0.98,3.02,24.5,75.5,98.0,23.774866569626397,49,0.0
208,49,151,24.5,0.98,3.02,24.5,75.5,98.0,23.774866569626397,49,0.0
209,49,151,24.5,0.98,3.02,24.5,75.5,98.0,23.774866569626397,50,0.0
210,49,151,24.5,0.98,3.02,24.5,75.5,98.0,23.774866569626397,51,0.0
211,49,151,24.5,0.98,3.02,24.5,75.5,98.0,23.774866569626397,52,0.0
212,49,151,24.5,0.98,3.02,24.5,75.5,98.0,23.774866569626397,53,0.0
213,49,151,24.5,0.98,3.02,24.5,75.5,98.0,23.774866569626397,54,0.0
214,49,151,24.5,0.98,3.02,24.5,75.5,98.0,23.774866569626397,55,0.0
215,49,151,24.5,0.98,3.02,24.5,75.5,98.0,23.774866569626397,56,0.0
216,49,151,24.5,0.98,3.02,24.5,75.5,98.0,23.774866569626397,56,0.0
217,49,151,24.5,0.98,3.02,24.5,75.5,98.0,23.774866569626397,56,0.0
218,49,151,24.5,0.98,3.02,24.5,75.5,98.0,23.774866569626397,56,0.0
219,51,149,25.5,1.02,2.98,25.5,74.5,102.0,24.745269286754006,58,4.0
220,51,149,25.5,1.02,2.98,25.5,74.5,102.0,24.745269286754006,59,0.0
221,52,148,26.0,1.04,2.96,26.0,74.0,104.0,25.23047064531781,61,2.0
222,52,148,26.0,1.04,2.96,26.0,74.0,104.0,25.23047064531781,62,0.0
223,52,148,26.0,1.04,2.96,26.0,74.0,104.0,25.23047064531781,63,0.0
224,52,148,26.0,1.04,2.96,26.0,74.0,104.0,25.23047064531781,64,0.0
225,52,148,26.0,1.04,2.96,26.0,74.0,104.0,25.23047064531781,65,0.0
226,52,148,26.0,1.04,2.96,26.0,74.0,104.0,25.23047064531781,66,0.0
227,53,147,26.5,1.06,2.94,26.5,73.5,106.0,25.71567200388161,68,2.0
228,53,147,26.5,1.06,2.94,26.5,73.5,106.0,25.71567200388161,69,0.0
229,53,147,26.5,1.06,2.94,26.5,73.5,106.0,25.71567200388161,70,0.0
230,53,147,26.5,1.06,2.94,26.5,73.5,106.0,25.71567200388161,71,0.0
231,53,147,26.5,1.06,2.94,26.5,73.5,106.0,25.71567200388161,72,0.0
232,53,147,26.5,1.06,2.94,26.5,73.5,106.0,25.71567200388161,73,0.0
233,53,147,26.5,1.06,2.94,26.5,73.5,106.0,25.71567200388161,74,0.0
234,53,147,26.5,1.06,2.94,26.5,73.5,106.0,25.71567200388161,75,0.0
235,53,147,26.5,1.06,2.94,26.5,73.5,106.0,25.71567200388161,76,0.0
236,54,146,27.0,1.08,2.92,27.0,73.0,108.0,26.200873362445414,78,2.0
237,54,146,27.0,1.08,2.92,27.0,73.0,108.0,26.200873362445414,79,0.0
238,54,146,27.0,1.08,2.92,27.0,73.0,108.0,26.200873362445414,80,0.0
239,54,146,27.0,1.08,2.92,27.0,73.0,108.0,26.200873362445414,81,0.0
240,54,146,27.0,1.08,2.92,27.0,73.0,108.0,26.200873362445414,83,0.0
241,54,146,27.0,1.08,2.92,27.0,73.0,108.0,26.200873362445414,84,0.0
242,54,146,27.0,1.08,2.92,27.0,73.0,108.0,26.200873362445414,84,0.0
243,54,146,27.0,1.08,2.92,27.0,73.0,108.0,26.200873362445414,84,0.0
244,54,146,27.0,1.08,2.92,27.0,73.0,108.0,26.200873362445414,84,0.0
245,54,146,27.0,1.08,2.92,27.0,73.0,108.0,26.200873362445414,84,0.0
246,54,146,27.0,1.08,2.92,27.0,73.0,108.0,26.200873362445414,84,0.0
247,54,146,27.0,1.08,2.92,27.0,73.0,108.0,26.200873362445414,84,0.0
248,54,146,27.0,1.08,2.92,27.0,73.0,108.0,26.200873362445414,84,0.0
249,54,146,27.0,1.08,2.92,27.0,73.0,108.0,26.200873362445414,84,0.0
250,54,146,27.0,1.08,2.92,27.0,73.0,108.0,26.200873362445414,84,0.0
251,55,145,27.500000000000004,1.1,2.9,27.5,72.5,110.0,26.686074721009216,86,2.0
252,55,145,27.500000000000004,1.1,2.9,27.5,72.5,110.0,26.686074721009216,87,0.0
253,55,145,27.500000000000004,1.1,2.9,27.5,72.5,110.0,26.686074721009216,88,0.0
254,55,145,27.500000000000004,1.1,2.9,27.5,72.5,110.0,26.686074721009216,88,0.0
255,55,145,27.500000000000004,1.1,2.9,27.5,72.5,110.0,26.686074721009216,88,0.0
256,55,145,27.500000000000004,1.1,2.9,27.5,72.5,110.0,26.686074721009216,88,0.0
257,55,145,27.500000000000004,1.1,2.9,27.5,72.5,110.0,26.686074721009216,88,0.0
258,55,145,27.500000000000004,1.1,2.9,27.5,72.5,110.0,26.686074721009216,88,0.0
259,55,145,27.500000000000004,1.1,2.9,27.5,72.5,110.0,26.686074721009216,88,0.0
260,55,145,27.500000000000004,1.1,2.9,27.5,72.5,110.0,26.686074721009216,88,0.0
261,55,145,27.500000000000004,1.1,2.9,27.5,72.5,110.0,26.686074721009216,88,0.0
262,55,145,27.500000000000004,1.1,2.9,27.5,72.5,110.0,26.686074721009216,88,0.0
263,55,145,27.500000000000004,1.1,2.9,27.5,72.5,110.0,26.686074721009216,88,0.0
264,55,145,27.500000000000004,1.1,2.9,27.5,72.5,110.0,26.686074721009216,88,0.0
265,56,144,28.000000000000004,1.12,2.88,28.000000000000004,72.0,112.00000000000001,27.171276079573026,89,2.000000000000014
266,56,144,28.000000000000004,1.12,2.88,28.000000000000004,72.0,112.00000000000001,27.171276079573026,89,0.0
267,56,144,28.000000000000004,1.12,2.88,28.000000000000004,72.0,112.00000000000001,27.171276079573026,89,0.0
268,56,144,28.000000000000004,1.12,2.88,28.000000000000004,72.0,112.00000000000001,27.171276079573026,89,0.0
269,56,144,28.000000000000004,1.12,2.88,28.000000000000004,72.0,112.00000000000001,27.171276079573026,89,0.0
270,56,144,28.000000000000004,1.12,2.88,28.000000000000004,72.0,112.00000000000001,27.171276079573026,89,0.0
271,56,144,28.000000000000004,1.12,2.88,28.000000000000004,72.0,112.00000000000001,27.171276079573026,89,0.0
272,57,143,28.499999999999996,1.1400000000000001,2.86,28.500000000000004,71.5,114.00000000000001,27.65647743813683,90,2.0
273,57,143,28.499999999999996,1.1400000000000001,2.86,28.500000000000004,71.5,114.00000000000001,27.65647743813683,90,0.0
274,57,143,28.499999999999996,1.1400000000000001,2.86,28.500000000000004,71.5,114.00000000000001,27.65647743813683,90,0.0
275,57,143,28.499999999999996,1.1400000000000001,2.86,28.500000000000004,71.5,114.00000000000001,27.65647743813683,90,0.0
276,57,143,28.499999999999996,1.1400000000000001,2.86,28.500000000000004,71.5,114.00000000000001,27.65647743813683,90,0.0
277,57,143,28.499999999999996,1.1400000000000001,2.86,28.500000000000004,71.5,114.00000000000001,27.65647743813683,90,0.0
278,57,143,28.499999999999996,1.1400000000000001,2.86,28.500000000000004,71.5,114.00000000000001,27.65647743813683,90,0.0
279,57,143,28.499999999999996,1.1400000000000001,2.86,28.500000000000004,71.5,114.00000000000001,27.65647743813683,90,0.0
280,57,143,28.499999999999996,1.1400000000000001,2.86,28.500000000000004,71.5,114.00000000000001,27.65647743813683,90,0.0
281,57,143,28.499999999999996,1.1400000000000001,2.86,28.500000000000004,71.5,114.00000000000001,27.65647743813683,90,0.0
282,57,143,28.499999999999996,1.1400000000000001,2.86,28.500000000000004,71.5,114.00000000000001,27.65647743813683,90,0.0
283,57,143,28.499999999999996,1.1400000000000001,2.86,28.500000000000004,71.5,114.00000000000001,27.65647743813683,90,0.0
284,57,143,28.499999999999996,1.1400000000000001,2.86,28.500000000000004,71.5,114.00000000000001,27.65647743813683,90,0.0
285,57,143,28.499999999999996,1.1400000000000001,2.86,28.500000000000004,71.5,114.00000000000001,27.65647743813683,90,0.0
286,57,143,28.499999999999996,1.1400000000000001,2.86,28.500000000000004,71.5,114.00000000000001,27.65647743813683,90,0.0
287,57,143,28.499999999999996,1.1400000000000001,2.86,28.500000000000004,71.5,114.00000000000001,27.65647743813683,90,0.0
288,57,143,28.499999999999996,1.1400000000000001,2.86,28.500000000000004,71.5,114.00000000000001,27.65647743813683,90,0.0
289,57,143,28.499999999999996,1.1400000000000001,2.86,28.500000000000004,71.5,114.00000000000001,27.65647743813683,90,0.0
290,57,143,28.499999999999996,1.1400000000000001,2.86,28.500000000000004,71.5,114.00000000000001,27.65647743813683,90,0.0
291,58,142,28.999999999999996,1.16,2.84,28.999999999999996,71.0,115.99999999999999,28.141678796700624,91,1.9999999999999716
292,59,141,29.5,1.18,2.8200000000000003,29.499999999999996,70.5,117.99999999999999,28.626880155264434,92,2.0
293,59,141,29.5,1.18,2.8200000000000003,29.499999999999996,70.5,117.99999999999999,28.626880155264434,92,0.0
294,59,141,29.5,1.18,2.8200000000000003,29.499999999999996,70.5,117.99999999999999,28.626880155264434,92,0.0
295,59,141,29.5,1.18,2.8200000000000003,29.499999999999996,70.5,117.99999999999999,28.626880155264434,92,0.0
296,59,141,29.5,1.18,2.8200000000000003,29.499999999999996,70.5,117.99999999999999,28.626880155264434,92,0.0
297,59,141,29.5,1.18,2.8200000000000003,29.499999999999996,70.5,117.99999999999999,28.626880155264434,92,0.0
298,59,141,29.5,1.18,2.8200000000000003,29.499999999999996,70.5,117.99999999999999,28.626880155264434,92,0.0
299,60,140,30.0,1.2,2.8,30.0,70.0,120.0,29.11208151382824,93,2.000000000000014
300,60,140,30.0,1.2,2.8,30.0,70.0,120.0,29.11208151382824,93,0.0
301,60,140,30.0,1.2,2.8,30.0,70.0,120.0,29.11208151382824,93,0.0
302,60,140,30.0,1.2,2.8,30.0,70.0,120.0,29.11208151382824,93,0.0
303,61,139,30.5,1.22,2.7800000000000002,30.5,69.5,122.0,29.597282872392043,94,2.0
304,61,139,30.5,1.22,2.7800000000000002,30.5,69.5,122.0,29.597282872392043,94,0.0
305,61,139,30.5,1.22,2.7800000000000002,30.5,69.5,122.0,29.597282872392043,94,0.0
306,62,138,31.0,1.24,2.76,31.0,69.0,124.0,30.082484230955846,95,2.0
307,62,138,31.0,1.24,2.76,31.0,69.0,124.0,30.082484230955846,95,0.0
308,62,138,31.0,1.24,2.76,31.0,69.0,124.0,30.082484230955846,95,0.0
309,62,138,31.0,1.24,2.76,31.0,69.0,124.0,30.082484230955846,95,0.0
310,63,137,31.5,1.26,2.74,31.5,68.5,126.0,30.567685589519648,96,2.0
311,63,137,31.5,1.26,2.74,31.5,68.5,126.0,30.567685589519648,96,0.0
312,63,137,31.5,1.26,2.74,31.5,68.5,126.0,30.567685589519648,96,0.0
313,64,136,32.0,1.28,2.7199999999999998,32.0,67.99999999999999,128.0,31.052886948083458,97,2.0
314,64,136,32.0,1.28,2.7199999999999998,32.0,67.99999999999999,128.0,31.052886948083458,97,0.0
315,64,136,32.0,1.28,2.7199999999999998,32.0,67.99999999999999,128.0,31.052886948083458,97,0.0
316,64,136,32.0,1.28,2.7199999999999998,32.0,67.99999999999999,128.0,31.052886948083458,97,0.0
317,64,136,32.0,1.28,2.7199999999999998,32.0,67.99999999999999,128.0,31.052886948083458,97,0.0
318,64,136,32.0,1.28,2.7199999999999998,32.0,67.99999999999999,128.0,31.052886948083458,97,0.0
319,64,136,32.0,1.28,2.7199999999999998,32.0,67.99999999999999,128.0,31.052886948083458,97,0.0
320,65,135,32.5,1.3,2.7,32.5,67.5,130.0,31.53808830664726,98,2.0
321,65,135,32.5,1.3,2.7,32.5,67.5,130.0,31.53808830664726,98,0.0
322,65,135,32.5,1.3,2.7,32.5,67.5,130.0,31.53808830664726,98,0.0
323,66,134,33.0,1.32,2.6799999999999997,33.0,66.99999999999999,132.0,32.02328966521107,99,2.0
324,66,134,33.0,1.32,2.6799999999999997,33.0,66.99999999999999,132.0,32.02328966521107,99,0.0
325,66,134,33.0,1.32,2.6799999999999997,33.0,66.99999999999999,132.0,32.02328966521107,99,0.0
326,66,134,33.0,1.32,2.6799999999999997,33.0,66.99999999999999,132.0,32.02328966521107,99,0.0
327,66,134,33.0,1.32,2.6799999999999997,33.0,66.99999999999999,132.0,32.02328966521107,99,0.0
328,66,134,33.0,1.32,2.6799999999999997,33.0,66.99999999999999,132.0,32.02328966521107,99,0.0
329,66,134,33.0,1.32,2.6799999999999997,33.0,66.99999999999999,132.0,32.02328966521107,99,0.0
330,66,134,33.0,1.32,2.6799999999999997,33.0,66.99999999999999,132.0,32.02328966521107,99,0.0
331,66,134,33.0,1.32,2.6799999999999997,33.0,66.99999999999999,132.0,32.02328966521107,99,0.0
332,66,134,33.0,1.32,2.6799999999999997,33.0,66.99999999999999,132.0,32.02328966521107,99,0.0
333,66,134,33.0,1.32,2.6799999999999997,33.0,66.99999999999999,132.0,32.02328966521107,99,0.0
334,66,134,33.0,1.32,2.6799999999999997,33.0,66.99999999999999,132.0,32.02328966521107,99,0.0
335,66,134,33.0,1.32,2.6799999999999997,33.0,66.99999999999999,132.0,32.02328966521107,99,0.0
336,66,134,33.0,1.32,2.6799999999999997,33.0,66.99999999999999,132.0,32.02328966521107,99,0.0
337,66,134,33.0,1.32,2.6799999999999997,33.0,66.99999999999999,132.0,32.02328966521107,99,0.0
338,66,134,33.0,1.32,2.6799999999999997,33.0,66.99999999999999,132.0,32.02328966521107,99,0.0
339,66,134,33.0,1.32,2.6799999999999997,33.0,66.99999999999999,132.0,32.02328966521107,99,0.0
340,66,134,33.0,1.32,2.6799999999999997,33.0,66.99999999999999,132.0,32.02328966521107,99,0.0
341,66,134,33.0,1.32,2.6799999999999997,33.0,66.99999999999999,132.0,32.02328966521107,99,0.0
342,66,134,33.0,1.32,2.6799999999999997,33.0,66.99999999999999,132.0,32.02328966521107,99,0.0
343,66,134,33.0,1.32,2.6799999999999997,33.0,66.99999999999999,132.0,32.02328966521107,99,0.0
344,66,134,33.0,1.32,2.6799999999999997,33.0,66.99999999999999,132.0,32.02328966521107,99,0.0
345,66,134,33.0,1.32,2.6799999999999997,33.0,66.99999999999999,132.0,32.02328966521107,99,0.0
346,66,134,33.0,1.32,2.6799999999999997,33.0,66.99999999999999,132.0,32.02328966521107,99,0.0
347,66,134,33.0,1.32,2.6799999999999997,33.0,66.99999999999999,132.0,32.02328966521107,99,0.0
348,66,134,33.0,1.32,2.6799999999999997,33.0,66.99999999999999,132.0,32.02328966521107,99,0.0
349,66,134,33.0,1.32,2.6799999999999997,33.0,66.99999999999999,132.0,32.02328966521107,99,0.0
350,66,134,33.0,1.32,2.6799999999999997,33.0,66.99999999999999,132.0,32.02328966521107,99,0.0
351,66,134,33.0,1.32,2.6799999999999997,33.0,66.99999999999999,132.0,32.02328966521107,99,0.0
352,67,133,33.5,1.34,2.66,33.5,66.5,134.0,32.508491023774866,100,2.0
353,68,132,34.0,1.36,2.6399999999999997,34.0,65.99999999999999,136.0,32.99369238233867,101,2.0
354,68,132,34.0,1.36,2.6399999999999997,34.0,65.99999999999999,136.0,32.99369238233867,101,0.0
355,68,132,34.0,1.36,2.6399999999999997,34.0,65.99999999999999,136.0,32.99369238233867,101,0.0
356,68,132,34.0,1.36,2.6399999999999997,34.0,65.99999999999999,136.0,32.99369238233867,101,0.0
357,68,132,34.0,1.36,2.6399999999999997,34.0,65.99999999999999,136.0,32.99369238233867,101,0.0
358,68,132,34.0,1.36,2.6399999999999997,34.0,65.99999999999999,136.0,32.99369238233867,101,0.0
359,68,132,34.0,1.36,2.6399999999999997,34.0,65.99999999999999,136.0,32.99369238233867,101,0.0
360,68,132,34.0,1.36,2.6399999999999997,34.0,65.99999999999999,136.0,32.99369238233867,101,0.0
361,68,132,34.0,1.36,2.6399999999999997,34.0,65.99999999999999,136.0,32.99369238233867,101,0.0
362,68,132,34.0,1.36,2.6399999999999997,34.0,65.99999999999999,136.0,32.99369238233867,101,0.0
363,68,132,34.0,1.36,2.6399999999999997,34.0,65.99999999999999,136.0,32.99369238233867,101,0.0
364,68,132,34.0,1.36,2.6399999999999997,34.0,65.99999999999999,136.0,32.99369238233867,101,0.0
365,69,131,34.5,1.3800000000000001,2.62,34.5,65.5,138.0,33.47889374090248,102,2.0
366,69,131,34.5,1.3800000000000001,2.62,34.5,65.5,138.0,33.47889374090248,102,0.0
367,69,131,34.5,1.3800000000000001,2.62,34.5,65.5,138.0,33.47889374090248,102,0.0
368,69,131,34.5,1.3800000000000001,2.62,34.5,65.5,138.0,33.47889374090248,102,0.0
369,69,131,34.5,1.3800000000000001,2.62,34.5,65.5,138.0,33.47889374090248,102,0.0
370,69,131,34.5,1.3800000000000001,2.62,34.5,65.5,138.0,33.47889374090248,102,0.0
371,69,131,34.5,1.3800000000000001,2.62,34.5,65.5,138.0,33.47889374090248,103,0.0
372,69,131,34.5,1.3800000000000001,2.62,34.5,65.5,138.0,33.47889374090248,104,0.0
373,69,131,34.5,1.3800000000000001,2.62,34.5,65.5,138.0,33.47889374090248,105,0.0
374,69,131,34.5,1.3800000000000001,2.62,34.5,65.5,138.0,33.47889374090248,106,0.0
375,69,131,34.5,1.3800000000000001,2.62,34.5,65.5,138.0,33.47889374090248,106,0.0
376,69,131,34.5,1.3800000000000001,2.62,34.5,65.5,138.0,33.47889374090248,106,0.0
377,69,131,34.5,1.3800000000000001,2.62,34.5,65.5,138.0,33.47889374090248,106,0.0
378,69,131,34.5,1.3800000000000001,2.62,34.5,65.5,138.0,33.47889374090248,106,0.0
379,69,131,34.5,1.3800000000000001,2.62,34.5,65.5,138.0,33.47889374090248,106,0.0
380,69,131,34.5,1.3800000000000001,2.62,34.5,65.5,138.0,33.47889374090248,106,0.0
381,69,131,34.5,1.3800000000000001,2.62,34.5,65.5,138.0,33.47889374090248,107,0.0
382,69,131,34.5,1.3800000000000001,2.62,34.5,65.5,138.0,33.47889374090248,108,0.0
383,69,131,34.5,1.3800000000000001,2.62,34.5,65.5,138.0,33.47889374090248,109,0.0
384,70,130,35.0,1.4000000000000001,2.5999999999999996,35.0,64.99999999999999,140.0,33.96409509946628,110,2.0
385,71,129,35.5,1.42,2.58,35.5,64.5,142.0,34.449296458030084,111,2.0
386,71,129,35.5,1.42,2.58,35.5,64.5,142.0,34.449296458030084,111,0.0
387,71,129,35.5,1.42,2.58,35.5,64.5,142.0,34.449296458030084,112,0.0
388,72,128,36.0,1.44,2.56,36.0,64.0,144.0,34.93449781659389,114,2.0
389,72,128,36.0,1.44,2.56,36.0,64.0,144.0,34.93449781659389,115,0.0
390,72,128,36.0,1.44,2.56,36.0,64.0,144.0,34.93449781659389,117,0.0
391,72,128,36.0,1.44,2.56,36.0,64.0,144.0,34.93449781659389,118,0.0
392,72,128,36.0,1.44,2.56,36.0,64.0,144.0,34.93449781659389,120,0.0
393,72,128,36.0,1.44,2.56,36.0,64.0,144.0,34.93449781659389,122,0.0
394,72,128,36.0,1.44,2.56,36.0,64.0,144.0,34.93449781659389,124,0.0
395,72,128,36.0,1.44,2.56,36.0,64.0,144.0,34.93449781659389,125,0.0
396,72,128,36.0,1.44,2.56,36.0,64.0,144.0,34.93449781659389,126,0.0
397,72,128,36.0,1.44,2.56,36.0,64.0,144.0,34.93449781659389,127,0.0
398,72,128,36.0,1.44,2.56,36.0,64.0,144.0,34.93449781659389,128,0.0
399,72,128,36.0,1.44,2.56,36.0,64.0,144.0,34.93449781659389,129,0.0
400,73,127,36.5,1.46,2.54,36.5,63.5,146.0,35.419699175157696,131,2.0
401,73,127,36.5,1.46,2.54,36.5,63.5,146.0,35.419699175157696,132,0.0
402,73,127,36.5,1.46,2.54,36.5,63.5,146.0,35.419699175157696,133,0.0
403,73,127,36.5,1.46,2.54,36.5,63.5,146.0,35.419699175157696,134,0.0
404,73,127,36.5,1.46,2.54,36.5,63.5,146.0,35.419699175157696,134,0.0
405,74,126,37.0,1.48,2.52,37.0,63.0,148.0,35.904900533721495,135,2.0
406,74,126,37.0,1.48,2.52,37.0,63.0,148.0,35.904900533721495,136,0.0
407,74,126,37.0,1.48,2.52,37.0,63.0,148.0,35.904900533721495,137,0.0
408,74,126,37.0,1.48,2.52,37.0,63.0,148.0,35.904900533721495,138,0.0
409,75,125,37.5,1.5,2.5,37.5,62.5,150.0,36.3901018922853,140,2.0
410,75,125,37.5,1.5,2.5,37.5,62.5,150.0,36.3901018922853,141,0.0
411,75,125,37.5,1.5,2.5,37.5,62.5,150.0,36.3901018922853,141,0.0
412,75,125,37.5,1.5,2.5,37.5,62.5,150.0,36.3901018922853,141,0.0
413,75,125,37.5,1.5,2.5,37.5,62.5,150.0,36.3901018922853,142,0.0
414,75,125,37.5,1.5,2.5,37.5,62.5,150.0,36.3901018922853,143,0.0
415,75,125,37.5,1.5,2.5,37.5,62.5,150.0,36.3901018922853,143,0.0
416,75,125,37.5,1.5,2.5,37.5,62.5,150.0,36.3901018922853,145,0.0
417,75,125,37.5,1.5,2.5,37.5,62.5,150.0,36.3901018922853,147,0.0
418,75,125,37.5,1.5,2.5,37.5,62.5,150.0,36.3901018922853,149,0.0
419,75,125,37.5,1.5,2.5,37.5,62.5,150.0,36.3901018922853,151,0.0
420,75,125,37.5,1.5,2.5,37.5,62.5,150.0,36.3901018922853,151,0.0
421,75,125,37.5,1.5,2.5,37.5,62.5,150.0,36.3901018922853,152,0.0
422,75,125,37.5,1.5,2.5,37.5,62.5,150.0,36.3901018922853,152,0.0
423,75,125,37.5,1.5,2.5,37.5,62.5,150.0,36.3901018922853,153,0.0
424,75,125,37.5,1.5,2.5,37.5,62.5,150.0,36.3901018922853,153,0.0
425,75,125,37.5,1.5,2.5,37.5,62.5,150.0,36.3901018922853,153,0.0
426,75,125,37.5,1.5,2.5,37.5,62.5,150.0,36.3901018922853,154,0.0
427,75,125,37.5,1.5,2.5,37.5,62.5,150.0,36.3901018922853,156,0.0
428,75,125,37.5,1.5,2.5,37.5,62.5,150.0,36.3901018922853,158,0.0
429,75,125,37.5,1.5,2.5,37.5,62.5,150.0,36.3901018922853,160,0.0
430,75,125,37.5,1.5,2.5,37.5,62.5,150.0,36.3901018922853,163,0.0
431,75,125,37.5,1.5,2.5,37.5,62.5,150.0,36.3901018922853,166,0.0
432,75,125,37.5,1.5,2.5,37.5,62.5,150.0,36.3901018922853,169,0.0
433,76,124,38.0,1.52,2.48,38.0,62.0,152.0,36.8753032508491,173,2.0
434,76,124,38.0,1.52,2.48,38.0,62.0,152.0,36.8753032508491,176,0.0
435,76,124,38.0,1.52,2.48,38.0,62.0,152.0,36.8753032508491,180,0.0
436,76,124,38.0,1.52,2.48,38.0,62.0,152.0,36.8753032508491,184,0.0
437,76,124,38.0,1.52,2.48,38.0,62.0,152.0,36.8753032508491,188,0.0
438,76,124,38.0,1.52,2.48,38.0,62.0,152.0,36.8753032508491,192,0.0
439,76,124,38.0,1.52,2.48,38.0,62.0,152.0,36.8753032508491,194,0.0
440,76,124,38.0,1.52,2.48,38.0,62.0,152.0,36.8753032508491,195,0.0
441,76,124,38.0,1.52,2.48,38.0,62.0,152.0,36.8753032508491,196,0.0
442,76,124,38.0,1.52,2.48,38.0,62.0,152.0,36.8753032508491,197,0.0
443,76,124,38.0,1.52,2.48,38.0,62.0,152.0,36.8753032508491,198,0.0
444,77,123,38.5,1.54,2.46,38.5,61.5,154.0,37.36050460941291,201,2.0
445,77,123,38.5,1.54,2.46,38.5,61.5,154.0,37.36050460941291,202,0.0
446,77,123,38.5,1.54,2.46,38.5,61.5,154.0,37.36050460941291,203,0.0
447,77,123,38.5,1.54,2.46,38.5,61.5,154.0,37.36050460941291,204,0.0
448,77,123,38.5,1.54,2.46,38.5,61.5,154.0,37.36050460941291,206,0.0
449,77,123,38.5,1.54,2.46,38.5,61.5,154.0,37.36050460941291,208,0.0
450,77,123,38.5,1.54,2.46,38.5,61.5,154.0,37.36050460941291,209,0.0
451,77,123,38.5,1.54,2.46,38.5,61.5,154.0,37.36050460941291,211,0.0
452,77,123,38.5,1.54,2.46,38.5,61.5,154.0,37.36050460941291,213,0.0
453,77,123,38.5,1.54,2.46,38.5,61.5,154.0,37.36050460941291,214,0.0
454,77,123,38.5,1.54,2.46,38.5,61.5,154.0,37.36050460941291,215,0.0
455,77,123,38.5,1.54,2.46,38.5,61.5,154.0,37.36050460941291,216,0.0
456,77,123,38.5,1.54,2.46,38.5,61.5,154.0,37.36050460941291,217,0.0
457,77,123,38.5,1.54,2.46,38.5,61.5,154.0,37.36050460941291,218,0.0
458,77,123,38.5,1.54,2.46,38.5,61.5,154.0,37.36050460941291,219,0.0
459,77,123,38.5,1.54,2.46,38.5,61.5,154.0,37.36050460941291,221,0.0
460,77,123,38.5,1.54,2.46,38.5,61.5,154.0,37.36050460941291,222,0.0
461,77,123,38.5,1.54,2.46,38.5,61.5,154.0,37.36050460941291,223,0.0
462,77,123,38.5,1.54,2.46,38.5,61.5,154.0,37.36050460941291,224,0.0
463,77,123,38.5,1.54,2.46,38.5,61.5,154.0,37.36050460941291,225,0.0
464,78,122,39.0,1.56,2.44,39.0,61.0,156.0,37.84570596797671,228,2.0
465,78,122,39.0,1.56,2.44,39.0,61.0,156.0,37.84570596797671,230,0.0
466,78,122,39.0,1.56,2.44,39.0,61.0,156.0,37.84570596797671,232,0.0
467,78,122,39.0,1.56,2.44,39.0,61.0,156.0,37.84570596797671,233,0.0
468,78,122,39.0,1.56,2.44,39.0,61.0,156.0,37.84570596797671,235,0.0
469,78,122,39.0,1.56,2.44,39.0,61.0,156.0,37.84570596797671,236,0.0
470,78,122,39.0,1.56,2.44,39.0,61.0,156.0,37.84570596797671,236,0.0
471,78,122,39.0,1.56,2.44,39.0,61.0,156.0,37.84570596797671,236,0.0
472,78,122,39.0,1.56,2.44,39.0,61.0,156.0,37.84570596797671,237,0.0
473,78,122,39.0,1.56,2.44,39.0,61.0,156.0,37.84570596797671,238,0.0
474,78,122,39.0,1.56,2.44,39.0,61.0,156.0,37.84570596797671,239,0.0
475,78,122,39.0,1.56,2.44,39.0,61.0,156.0,37.84570596797671,240,0.0
476,78,122,39.0,1.56,2.44,39.0,61.0,156.0,37.84570596797671,241,0.0
477,78,122,39.0,1.56,2.44,39.0,61.0,156.0,37.84570596797671,242,0.0
478,78,122,39.0,1.56,2.44,39.0,61.0,156.0,37.84570596797671,243,0.0
479,78,122,39.0,1.56,2.44,39.0,61.0,156.0,37.84570596797671,244,0.0
480,79,121,39.5,1.58,2.42,39.5,60.5,158.0,38.33090732654051,246,2.0
481,79,121,39.5,1.58,2.42,39.5,60.5,158.0,38.33090732654051,247,0.0
482,79,121,39.5,1.58,2.42,39.5,60.5,158.0,38.33090732654051,248,0.0
483,79,121,39.5,1.58,2.42,39.5,60.5,158.0,38.33090732654051,249,0.0
484,79,121,39.5,1.58,2.42,39.5,60.5,158.0,38.33090732654051,250,0.0
485,79,121,39.5,1.58,2.42,39.5,60.5,158.0,38.33090732654051,251,0.0
486,79,121,39.5,1.58,2.42,39.5,60.5,158.0,38.33090732654051,251,0.0
487,79,121,39.5,1.58,2.42,39.5,60.5,158.0,38.33090732654051,252,0.0
488,79,121,39.5,1.58,2.42,39.5,60.5,158.0,38.33090732654051,253,0.0
489,79,121,39.5,1.58,2.42,39.5,60.5,158.0,38.33090732654051,254,0.0
490,79,121,39.5,1.58,2.42,39.5,60.5,158.0,38.33090732654051,255,0.0
491,79,121,39.5,1.58,2.42,39.5,60.5,158.0,38.33090732654051,256,0.0
492,79,121,39.5,1.58,2.42,39.5,60.5,158.0,38.33090732654051,257,0.0
493,79,121,39.5,1.58,2.42,39.5,60.5,158.0,38.33090732654051,259,0.0
494,79,121,39.5,1.58,2.42,39.5,60.5,158.0,38.33090732654051,261,0.0
495,79,121,39.5,1.58,2.42,39.5,60.5,158.0,38.33090732654051,263,0.0
496,79,121,39.5,1.58,2.42,39.5,60.5,158.0,38.33090732654051,265,0.0
497,79,121,39.5,1.58,2.42,39.5,60.5,158.0,38.33090732654051,267,0.0
498,79,121,39.5,1.58,2.42,39.5,60.5,158.0,38.33090732654051,269,0.0
499,79,121,39.5,1.58,2.42,39.5,60.5,158.0,38.33090732654051,271,0.0
500,79,121,39.5,1.58,2.42,39.5,60.5,158.0,38.33090732654051,274,0.0
501,79,121,39.5,1.58,2.42,39.5,60.5,158.0,38.33090732654051,277,0.0
502,79,121,39.5,1.58,2.42,39.5,60.5,158.0,38.33090732654051,279,0.0
503,79,121,39.5,1.58,2.42,39.5,60.5,158.0,38.33090732654051,282,0.0
504,79,121,39.5,1.58,2.42,39.5,60.5,158.0,38.33090732654051,285,0.0
505,79,121,39.5,1.58,2.42,39.5,60.5,158.0,38.33090732654051,286,0.0
506,79,121,39.5,1.58,2.42,39.5,60.5,158.0,38.33090732654051,287,0.0
507,79,121,39.5,1.58,2.42,39.5,60.5,158.0,38.33090732654051,288,0.0
508,79,121,39.5,1.58,2.42,39.5,60.5,158.0,38.33090732654051,290,0.0
509,79,121,39.5,1.58,2.42,39.5,60.5,158.0,38.33090732654051,293,0.0
510,79,121,39.5,1.58,2.42,39.5,60.5,158.0,38.33090732654051,296,0.0
511,79,121,39.5,1.58,2.42,39.5,60.5,158.0,38.33090732654051,299,0.0
512,79,121,39.5,1.58,2.42,39.5,60.5,158.0,38.33090732654051,301,0.0
513,79,121,39.5,1.58,2.42,39.5,60.5,158.0,38.33090732654051,303,0.0
514,79,121,39.5,1.58,2.42,39.5,60.5,158.0,38.33090732654051,304,0.0
515,79,121,39.5,1.58,2.42,39.5,60.5,158.0,38.33090732654051,304,0.0
516,79,121,39.5,1.58,2.42,39.5,60.5,158.0,38.33090732654051,307,0.0
517,79,121,39.5,1.58,2.42,39.5,60.5,158.0,38.33090732654051,309,0.0
518,79,121,39.5,1.58,2.42,39.5,60.5,158.0,38.33090732654051,310,0.0
519,79,121,39.5,1.58,2.42,39.5,60.5,158.0,38.33090732654051,311,0.0
520,79,121,39.5,1.58,2.42,39.5,60.5,158.0,38.33090732654051,312,0.0
521,80,120,40.0,1.6,2.4,40.0,60.0,160.0,38.81610868510432,314,2.0
522,80,120,40.0,1.6,2.4,40.0,60.0,160.0,38.81610868510432,315,0.0
523,80,120,40.0,1.6,2.4,40.0,60.0,160.0,38.81610868510432,317,0.0
524,80,120,40.0,1.6,2.4,40.0,60.0,160.0,38.81610868510432,319,0.0
525,80,120,40.0,1.6,2.4,40.0,60.0,160.0,38.81610868510432,321,0.0
526,80,120,40.0,1.6,2.4,40.0,60.0,160.0,38.81610868510432,324,0.0
527,80,120,40.0,1.6,2.4,40.0,60.0,160.0,38.81610868510432,327,0.0
528,80,120,40.0,1.6,2.4,40.0,60.0,160.0,38.81610868510432,330,0.0
529,81,119,40.5,1.62,2.38,40.5,59.49999999999999,162.0,39.301310043668124,334,2.0
530,81,119,40.5,1.62,2.38,40.5,59.49999999999999,162.0,39.301310043668124,337,0.0
531,81,119,40.5,1.62,2.38,40.5,59.49999999999999,162.0,39.301310043668124,340,0.0
532,81,119,40.5,1.62,2.38,40.5,59.49999999999999,162.0,39.301310043668124,343,0.0
533,81,119,40.5,1.62,2.38,40.5,59.49999999999999,162.0,39.301310043668124,346,0.0
534,81,119,40.5,1.62,2.38,40.5,59.49999999999999,162.0,39.301310043668124,349,0.0
535,81,119,40.5,1.62,2.38,40.5,59.49999999999999,162.0,39.301310043668124,352,0.0
536,81,119,40.5,1.62,2.38,40.5,59.49999999999999,162.0,39.301310043668124,355,0.0
537,81,119,40.5,1.62,2.38,40.5,59.49999999999999,162.0,39.301310043668124,358,0.0
538,81,119,40.5,1.62,2.38,40.5,59.49999999999999,162.0,39.301310043668124,361,0.0
539,81,119,40.5,1.62,2.38,40.5,59.49999999999999,162.0,39.301310043668124,365,0.0
540,81,119,40.5,1.62,2.38,40.5,59.49999999999999,162.0,39.301310043668124,369,0.0
541,81,119,40.5,1.62,2.38,40.5,59.49999999999999,162.0,39.301310043668124,371,0.0
542,81,119,40.5,1.62,2.38,40.5,59.49999999999999,162.0,39.301310043668124,373,0.0
543,81,119,40.5,1.62,2.38,40.5,59.49999999999999,162.0,39.301310043668124,375,0.0
544,81,119,40.5,1.62,2.38,40.5,59.49999999999999,162.0,39.301310043668124,377,0.0
545,81,119,40.5,1.62,2.38,40.5,59.49999999999999,162.0,39.301310043668124,379,0.0
546,81,119,40.5,1.62,2.38,40.5,59.49999999999999,162.0,39.301310043668124,380,0.0
547,82,118,41.0,1.6400000000000001,2.36,41.0,58.99999999999999,164.0,39.78651140223193,383,2.0
548,82,118,41.0,1.6400000000000001,2.36,41.0,58.99999999999999,164.0,39.78651140223193,384,0.0
549,82,118,41.0,1.6400000000000001,2.36,41.0,58.99999999999999,164.0,39.78651140223193,385,0.0
550,82,118,41.0,1.6400000000000001,2.36,41.0,58.99999999999999,164.0,39.78651140223193,386,0.0
551,82,118,41.0,1.6400000000000001,2.36,41.0,58.99999999999999,164.0,39.78651140223193,387,0.0
552,82,118,41.0,1.6400000000000001,2.36,41.0,58.99999999999999,164.0,39.78651140223193,388,0.0
553,82,118,41.0,1.6400000000000001,2.36,41.0,58.99999999999999,164.0,39.78651140223193,389,0.0
554,82,118,41.0,1.6400000000000001,2.36,41.0,58.99999999999999,164.0,39.78651140223193,390,0.0
555,82,118,41.0,1.6400000000000001,2.36,41.0,58.99999999999999,164.0,39.78651140223193,391,0.0
556,82,118,41.0,1.6400000000000001,2.36,41.0,58.99999999999999,164.0,39.78651140223193,392,0.0
557,82,118,41.0,1.6400000000000001,2.36,41.0,58.99999999999999,164.0,39.78651140223193,393,0.0
558,82,118,41.0,1.6400000000000001,2.36,41.0,58.99999999999999,164.0,39.78651140223193,394,0.0
559,82,118,41.0,1.6400000000000001,2.36,41.0,58.99999999999999,164.0,39.78651140223193,394,0.0
560,82,118,41.0,1.6400000000000001,2.36,41.0,58.99999999999999,164.0,39.78651140223193,394,0.0
561,82,118,41.0,1.6400000000000001,2.36,41.0,58.99999999999999,164.0,39.78651140223193,394,0.0
562,82,118,41.0,1.6400000000000001,2.36,41.0,58.99999999999999,164.0,39.78651140223193,394,0.0
563,82,118,41.0,1.6400000000000001,2.36,41.0,58.99999999999999,164.0,39.78651140223193,394,0.0
564,82,118,41.0,1.6400000000000001,2.36,41.0,58.99999999999999,164.0,39.78651140223193,394,0.0
565,83,117,41.5,1.6600000000000001,2.34,41.5,58.49999999999999,166.0,40.27171276079573,396,2.0
566,83,117,41.5,1.6600000000000001,2.34,41.5,58.49999999999999,166.0,40.27171276079573,396,0.0
567,83,117,41.5,1.6600000000000001,2.34,41.5,58.49999999999999,166.0,40.27171276079573,396,0.0
568,83,117,41.5,1.6600000000000001,2.34,41.5,58.49999999999999,166.0,40.27171276079573,396,0.0
569,84,116,42.0,1.68,2.3200000000000003,42.0,58.00000000000001,168.0,40.756914119359536,397,2.0
570,84,116,42.0,1.68,2.3200000000000003,42.0,58.00000000000001,168.0,40.756914119359536,397,0.0
571,84,116,42.0,1.68,2.3200000000000003,42.0,58.00000000000001,168.0,40.756914119359536,397,0.0
572,84,116,42.0,1.68,2.3200000000000003,42.0,58.00000000000001,168.0,40.756914119359536,398,0.0
573,84,116,42.0,1.68,2.3200000000000003,42.0,58.00000000000001,168.0,40.756914119359536,398,0.0
574,84,116,42.0,1.68,2.3200000000000003,42.0,58.00000000000001,168.0,40.756914119359536,398,0.0
575,84,116,42.0,1.68,2.3200000000000003,42.0,58.00000000000001,168.0,40.756914119359536,398,0.0
576,84,116,42.0,1.68,2.3200000000000003,42.0,58.00000000000001,168.0,40.756914119359536,399,0.0
577,84,116,42.0,1.68,2.3200000000000003,42.0,58.00000000000001,168.0,40.756914119359536,399,0.0
578,84,116,42.0,1.68,2.3200000000000003,42.0,58.00000000000001,168.0,40.756914119359536,399,0.0
579,84,116,42.0,1.68,2.3200000000000003,42.0,58.00000000000001,168.0,40.756914119359536,399,0.0
580,84,116,42.0,1.68,2.3200000000000003,42.0,58.00000000000001,168.0,40.756914119359536,400,0.0
581,84,116,42.0,1.68,2.3200000000000003,42.0,58.00000000000001,168.0,40.756914119359536,400,0.0
582,84,116,42.0,1.68,2.3200000000000003,42.0,58.00000000000001,168.0,40.756914119359536,401,0.0
583,84,116,42.0,1.68,2.3200000000000003,42.0,58.00000000000001,168.0,40.756914119359536,402,0.0
584,84,116,42.0,1.68,2.3200000000000003,42.0,58.00000000000001,168.0,40.756914119359536,403,0.0
585,84,116,42.0,1.68,2.3200000000000003,42.0,58.00000000000001,168.0,40.756914119359536,404,0.0
586,84,116,42.0,1.68,2.3200000000000003,42.0,58.00000000000001,168.0,40.756914119359536,405,0.0
587,84,116,42.0,1.68,2.3200000000000003,42.0,58.00000000000001,168.0,40.756914119359536,406,0.0
588,84,116,42.0,1.68,2.3200000000000003,42.0,58.00000000000001,168.0,40.756914119359536,407,0.0
589,84,116,42.0,1.68,2.3200000000000003,42.0,58.00000000000001,168.0,40.756914119359536,408,0.0
590,84,116,42.0,1.68,2.3200000000000003,42.0,58.00000000000001,168.0,40.756914119359536,409,0.0
591,85,115,42.5,1.7,2.3,42.5,57.49999999999999,170.0,41.24211547792334,411,2.0
592,85,115,42.5,1.7,2.3,42.5,57.49999999999999,170.0,41.24211547792334,412,0.0
593,85,115,42.5,1.7,2.3,42.5,57.49999999999999,170.0,41.24211547792334,413,0.0
594,85,115,42.5,1.7,2.3,42.5,57.49999999999999,170.0,41.24211547792334,414,0.0
595,85,115,42.5,1.7,2.3,42.5,57.49999999999999,170.0,41.24211547792334,414,0.0
596,85,115,42.5,1.7,2.3,42.5,57.49999999999999,170.0,41.24211547792334,414,0.0
597,85,115,42.5,1.7,2.3,42.5,57.49999999999999,170.0,41.24211547792334,414,0.0
598,85,115,42.5,1.7,2.3,42.5,57.49999999999999,170.0,41.24211547792334,414,0.0
599,85,115,42.5,1.7,2.3,42.5,57.49999999999999,170.0,41.24211547792334,414,0.0
600,85,115,42.5,1.7,2.3,42.5,57.49999999999999,170.0,41.24211547792334,414,0.0
601,85,115,42.5,1.7,2.3,42.5,57.49999999999999,170.0,41.24211547792334,414,0.0
602,85,115,42.5,1.7,2.3,42.5,57.49999999999999,170.0,41.24211547792334,414,0.0
603,86,114,43.0,1.72,2.2800000000000002,43.0,57.00000000000001,172.0,41.72731683648714,415,2.0
604,86,114,43.0,1.72,2.2800000000000002,43.0,57.00000000000001,172.0,41.72731683648714,416,0.0
605,86,114,43.0,1.72,2.2800000000000002,43.0,57.00000000000001,172.0,41.72731683648714,417,0.0
606,86,114,43.0,1.72,2.2800000000000002,43.0,57.00000000000001,172.0,41.72731683648714,418,0.0
607,86,114,43.0,1.72,2.2800000000000002,43.0,57.00000000000001,172.0,41.72731683648714,419,0.0
608,86,114,43.0,1.72,2.2800000000000002,43.0,57.00000000000001,172.0,41.72731683648714,420,0.0
609,87,113,43.5,1.74,2.26,43.5,56.49999999999999,174.0,42.21251819505095,422,2.0
610,87,113,43.5,1.74,2.26,43.5,56.49999999999999,174.0,42.21251819505095,423,0.0
611,87,113,43.5,1.74,2.26,43.5,56.49999999999999,174.0,42.21251819505095,424,0.0
612,87,113,43.5,1.74,2.26,43.5,56.49999999999999,174.0,42.21251819505095,425,0.0
613,87,113,43.5,1.74,2.26,43.5,56.49999999999999,174.0,42.21251819505095,426,0.0
614,87,113,43.5,1.74,2.26,43.5,56.49999999999999,174.0,42.21251819505095,427,0.0
615,87,113,43.5,1.74,2.26,43.5,56.49999999999999,174.0,42.21251819505095,428,0.0
616,87,113,43.5,1.74,2.26,43.5,56.49999999999999,174.0,42.21251819505095,429,0.0
617,87,113,43.5,1.74,2.26,43.5,56.49999999999999,174.0,42.21251819505095,430,0.0
618,87,113,43.5,1.74,2.26,43.5,56.49999999999999,174.0,42.21251819505095,431,0.0
619,87,113,43.5,1.74,2.26,43.5,56.49999999999999,174.0,42.21251819505095,432,0.0
620,87,113,43.5,1.74,2.26,43.5,56.49999999999999,174.0,42.21251819505095,433,0.0
621,87,113,43.5,1.74,2.26,43.5,56.49999999999999,174.0,42.21251819505095,434,0.0
622,87,113,43.5,1.74,2.26,43.5,56.49999999999999,174.0,42.21251819505095,435,0.0
623,87,113,43.5,1.74,2.26,43.5,56.49999999999999,174.0,42.21251819505095,435,0.0
624,87,113,43.5,1.74,2.26,43.5,56.49999999999999,174.0,42.21251819505095,435,0.0
625,87,113,43.5,1.74,2.26,43.5,56.49999999999999,174.0,42.21251819505095,435,0.0
626,87,113,43.5,1.74,2.26,43.5,56.49999999999999,174.0,42.21251819505095,435,0.0
627,87,113,43.5,1.74,2.26,43.5,56.49999999999999,174.0,42.21251819505095,435,0.0
628,87,113,43.5,1.74,2.26,43.5,56.49999999999999,174.0,42.21251819505095,435,0.0
629,87,113,43.5,1.74,2.26,43.5,56.49999999999999,174.0,42.21251819505095,435,0.0
630,87,113,43.5,1.74,2.26,43.5,56.49999999999999,174.0,42.21251819505095,435,0.0
631,87,113,43.5,1.74,2.26,43.5,56.49999999999999,174.0,42.21251819505095,435,0.0
632,87,113,43.5,1.74,2.26,43.5,56.49999999999999,174.0,42.21251819505095,436,0.0
633,87,113,43.5,1.74,2.26,43.5,56.49999999999999,174.0,42.21251819505095,436,0.0
634,87,113,43.5,1.74,2.26,43.5,56.49999999999999,174.0,42.21251819505095,436,0.0
635,87,113,43.5,1.74,2.26,43.5,56.49999999999999,174.0,42.21251819505095,436,0.0
636,87,113,43.5,1.74,2.26,43.5,56.49999999999999,174.0,42.21251819505095,436,0.0
637,87,113,43.5,1.74,2.26,43.5,56.49999999999999,174.0,42.21251819505095,436,0.0
638,88,112,44.0,1.76,2.24,44.0,56.00000000000001,176.0,42.697719553614746,437,2.0
639,88,112,44.0,1.76,2.24,44.0,56.00000000000001,176.0,42.697719553614746,437,0.0
640,88,112,44.0,1.76,2.24,44.0,56.00000000000001,176.0,42.697719553614746,437,0.0
641,89,111,44.5,1.78,2.2199999999999998,44.5,55.49999999999999,178.0,43.18292091217856,438,2.0
642,90,110,45.0,1.8,2.2,45.0,55.0,180.0,43.66812227074236,439,2.0
643,90,110,45.0,1.8,2.2,45.0,55.0,180.0,43.66812227074236,439,0.0
644,90,110,45.0,1.8,2.2,45.0,55.0,180.0,43.66812227074236,439,0.0
645,90,110,45.0,1.8,2.2,45.0,55.0,180.0,43.66812227074236,440,0.0
646,90,110,45.0,1.8,2.2,45.0,55.0,180.0,43.66812227074236,441,0.0
647,90,110,45.0,1.8,2.2,45.0,55.0,180.0,43.66812227074236,441,0.0
648,90,110,45.0,1.8,2.2,45.0,55.0,180.0,43.66812227074236,441,0.0
649,90,110,45.0,1.8,2.2,45.0,55.0,180.0,43.66812227074236,441,0.0
650,91,109,45.5,1.82,2.1799999999999997,45.5,54.49999999999999,182.0,44.153323629306165,442,2.0
651,91,109,45.5,1.82,2.1799999999999997,45.5,54.49999999999999,182.0,44.153323629306165,442,0.0
652,91,109,45.5,1.82,2.1799999999999997,45.5,54.49999999999999,182.0,44.153323629306165,442,0.0
653,91,109,45.5,1.82,2.1799999999999997,45.5,54.49999999999999,182.0,44.153323629306165,442,0.0
654,91,109,45.5,1.82,2.1799999999999997,45.5,54.49999999999999,182.0,44.153323629306165,442,0.0
655,91,109,45.5,1.82,2.1799999999999997,45.5,54.49999999999999,182.0,44.153323629306165,442,0.0
656,91,109,45.5,1.82,2.1799999999999997,45.5,54.49999999999999,182.0,44.153323629306165,442,0.0
657,91,109,45.5,1.82,2.1799999999999997,45.5,54.49999999999999,182.0,44.153323629306165,442,0.0
658,91,109,45.5,1.82,2.1799999999999997,45.5,54.49999999999999,182.0,44.153323629306165,442,0.0
659,91,109,45.5,1.82,2.1799999999999997,45.5,54.49999999999999,182.0,44.153323629306165,442,0.0
660,91,109,45.5,1.82,2.1799999999999997,45.5,54.49999999999999,182.0,44.153323629306165,442,0.0
661,91,109,45.5,1.82,2.1799999999999997,45.5,54.49999999999999,182.0,44.153323629306165,442,0.0
662,91,109,45.5,1.82,2.1799999999999997,45.5,54.49999999999999,182.0,44.153323629306165,442,0.0
663,91,109,45.5,1.82,2.1799999999999997,45.5,54.49999999999999,182.0,44.153323629306165,442,0.0
664,91,109,45.5,1.82,2.1799999999999997,45.5,54.49999999999999,182.0,44.153323629306165,442,0.0
665,91,109,45.5,1.82,2.1799999999999997,45.5,54.49999999999999,182.0,44.153323629306165,442,0.0
666,91,109,45.5,1.82,2.1799999999999997,45.5,54.49999999999999,182.0,44.153323629306165,442,0.0
667,91,109,45.5,1.82,2.1799999999999997,45.5,54.49999999999999,182.0,44.153323629306165,442,0.0
668,91,109,45.5,1.82,2.1799999999999997,45.5,54.49999999999999,182.0,44.153323629306165,442,0.0
669,91,109,45.5,1.82,2.1799999999999997,45.5,54.49999999999999,182.0,44.153323629306165,443,0.0
670,91,109,45.5,1.82,2.1799999999999997,45.5,54.49999999999999,182.0,44.153323629306165,444,0.0
671,91,109,45.5,1.82,2.1799999999999997,45.5,54.49999999999999,182.0,44.153323629306165,445,0.0
672,91,109,45.5,1.82,2.1799999999999997,45.5,54.49999999999999,182.0,44.153323629306165,446,0.0
673,91,109,45.5,1.82,2.1799999999999997,45.5,54.49999999999999,182.0,44.153323629306165,448,0.0
674,91,109,45.5,1.82,2.1799999999999997,45.5,54.49999999999999,182.0,44.153323629306165,450,0.0
675,91,109,45.5,1.82,2.1799999999999997,45.5,54.49999999999999,182.0,44.153323629306165,451,0.0
676,91,109,45.5,1.82,2.1799999999999997,45.5,54.49999999999999,182.0,44.153323629306165,452,0.0
677,91,109,45.5,1.82,2.1799999999999997,45.5,54.49999999999999,182.0,44.153323629306165,453,0.0
678,91,109,45.5,1.82,2.1799999999999997,45.5,54.49999999999999,182.0,44.153323629306165,454,0.0
679,91,109,45.5,1.82,2.1799999999999997,45.5,54.49999999999999,182.0,44.153323629306165,455,0.0
680,91,109,45.5,1.82,2.1799999999999997,45.5,54.49999999999999,182.0,44.153323629306165,456,0.0
681,91,109,45.5,1.82,2.1799999999999997,45.5,54.49999999999999,182.0,44.153323629306165,457,0.0
682,91,109,45.5,1.82,2.1799999999999997,45.5,54.49999999999999,182.0,44.153323629306165,458,0.0
683,91,109,45.5,1.82,2.1799999999999997,45.5,54.49999999999999,182.0,44.153323629306165,459,0.0
684,92,108,46.0,1.84,2.16,46.0,54.0,184.0,44.638524987869964,463,2.0
685,92,108,46.0,1.84,2.16,46.0,54.0,184.0,44.638524987869964,466,0.0
686,92,108,46.0,1.84,2.16,46.0,54.0,184.0,44.638524987869964,469,0.0
687,92,108,46.0,1.84,2.16,46.0,54.0,184.0,44.638524987869964,470,0.0
688,92,108,46.0,1.84,2.16,46.0,54.0,184.0,44.638524987869964,473,0.0
689,92,108,46.0,1.84,2.16,46.0,54.0,184.0,44.638524987869964,475,0.0
690,92,108,46.0,1.84,2.16,46.0,54.0,184.0,44.638524987869964,477,0.0
691,92,108,46.0,1.84,2.16,46.0,54.0,184.0,44.638524987869964,479,0.0
692,92,108,46.0,1.84,2.16,46.0,54.0,184.0,44.638524987869964,481,0.0
693,92,108,46.0,1.84,2.16,46.0,54.0,184.0,44.638524987869964,483,0.0
694,92,108,46.0,1.84,2.16,46.0,54.0,184.0,44.638524987869964,486,0.0
695,93,107,46.5,1.86,2.1399999999999997,46.5,53.49999999999999,186.0,45.12372634643377,489,2.0
696,93,107,46.5,1.86,2.1399999999999997,46.5,53.49999999999999,186.0,45.12372634643377,490,0.0
697,93,107,46.5,1.86,2.1399999999999997,46.5,53.49999999999999,186.0,45.12372634643377,491,0.0
698,93,107,46.5,1.86,2.1399999999999997,46.5,53.49999999999999,186.0,45.12372634643377,493,0.0
699,93,107,46.5,1.86,2.1399999999999997,46.5,53.49999999999999,186.0,45.12372634643377,495,0.0
700,93,107,46.5,1.86,2.1399999999999997,46.5,53.49999999999999,186.0,45.12372634643377,496,0.0
701,93,107,46.5,1.86,2.1399999999999997,46.5,53.49999999999999,186.0,45.12372634643377,498,0.0
702,93,107,46.5,1.86,2.1399999999999997,46.5,53.49999999999999,186.0,45.12372634643377,499,0.0
703,93,107,46.5,1.86,2.1399999999999997,46.5,53.49999999999999,186.0,45.12372634643377,500,0.0
704,93,107,46.5,1.86,2.1399999999999997,46.5,53.49999999999999,186.0,45.12372634643377,502,0.0
705,94,106,47.0,1.8800000000000001,2.12,47.0,53.0,188.0,45.608927704997576,505,2.0
706,94,106,47.0,1.8800000000000001,2.12,47.0,53.0,188.0,45.608927704997576,507,0.0
707,94,106,47.0,1.8800000000000001,2.12,47.0,53.0,188.0,45.608927704997576,508,0.0
708,94,106,47.0,1.8800000000000001,2.12,47.0,53.0,188.0,45.608927704997576,511,0.0
709,94,106,47.0,1.8800000000000001,2.12,47.0,53.0,188.0,45.608927704997576,513,0.0
710,94,106,47.0,1.8800000000000001,2.12,47.0,53.0,188.0,45.608927704997576,515,0.0
711,94,106,47.0,1.8800000000000001,2.12,47.0,53.0,188.0,45.608927704997576,517,0.0
712,94,106,47.0,1.8800000000000001,2.12,47.0,53.0,188.0,45.608927704997576,518,0.0
713,94,106,47.0,1.8800000000000001,2.12,47.0,53.0,188.0,45.608927704997576,520,0.0
714,94,106,47.0,1.8800000000000001,2.12,47.0,53.0,188.0,45.608927704997576,521,0.0
715,94,106,47.0,1.8800000000000001,2.12,47.0,53.0,188.0,45.608927704997576,522,0.0
716,94,106,47.0,1.8800000000000001,2.12,47.0,53.0,188.0,45.608927704997576,523,0.0
717,94,106,47.0,1.8800000000000001,2.12,47.0,53.0,188.0,45.608927704997576,524,0.0
718,94,106,47.0,1.8800000000000001,2.12,47.0,53.0,188.0,45.608927704997576,526,0.0
719,94,106,47.0,1.8800000000000001,2.12,47.0,53.0,188.0,45.608927704997576,528,0.0
720,94,106,47.0,1.8800000000000001,2.12,47.0,53.0,188.0,45.608927704997576,530,0.0
721,95,105,47.5,1.9000000000000001,2.0999999999999996,47.5,52.49999999999999,190.0,46.094129063561375,533,2.0
722,95,105,47.5,1.9000000000000001,2.0999999999999996,47.5,52.49999999999999,190.0,46.094129063561375,534,0.0
723,95,105,47.5,1.9000000000000001,2.0999999999999996,47.5,52.49999999999999,190.0,46.094129063561375,535,0.0
724,95,105,47.5,1.9000000000000001,2.0999999999999996,47.5,52.49999999999999,190.0,46.094129063561375,536,0.0
725,96,104,48.0,1.92,2.08,48.0,52.0,192.0,46.57933042212518,538,2.0
726,96,104,48.0,1.92,2.08,48.0,52.0,192.0,46.57933042212518,539,0.0
727,96,104,48.0,1.92,2.08,48.0,52.0,192.0,46.57933042212518,541,0.0
728,96,104,48.0,1.92,2.08,48.0,52.0,192.0,46.57933042212518,542,0.0
729,96,104,48.0,1.92,2.08,48.0,52.0,192.0,46.57933042212518,543,0.0
730,96,104,48.0,1.92,2.08,48.0,52.0,192.0,46.57933042212518,545,0.0
731,96,104,48.0,1.92,2.08,48.0,52.0,192.0,46.57933042212518,547,0.0
732,96,104,48.0,1.92,2.08,48.0,52.0,192.0,46.57933042212518,549,0.0
733,96,104,48.0,1.92,2.08,48.0,52.0,192.0,46.57933042212518,550,0.0
734,96,104,48.0,1.92,2.08,48.0,52.0,192.0,46.57933042212518,550,0.0
735,96,104,48.0,1.92,2.08,48.0,52.0,192.0,46.57933042212518,551,0.0
736,96,104,48.0,1.92,2.08,48.0,52.0,192.0,46.57933042212518,552,0.0
737,96,104,48.0,1.92,2.08,48.0,52.0,192.0,46.57933042212518,554,0.0
738,96,104,48.0,1.92,2.08,48.0,52.0,192.0,46.57933042212518,555,0.0
739,96,104,48.0,1.92,2.08,48.0,52.0,192.0,46.57933042212518,556,0.0
740,96,104,48.0,1.92,2.08,48.0,52.0,192.0,46.57933042212518,558,0.0
741,96,104,48.0,1.92,2.08,48.0,52.0,192.0,46.57933042212518,560,0.0
742,96,104,48.0,1.92,2.08,48.0,52.0,192.0,46.57933042212518,562,0.0
743,96,104,48.0,1.92,2.08,48.0,52.0,192.0,46.57933042212518,564,0.0
744,96,104,48.0,1.92,2.08,48.0,52.0,192.0,46.57933042212518,566,0.0
745,96,104,48.0,1.92,2.08,48.0,52.0,192.0,46.57933042212518,568,0.0
746,96,104,48.0,1.92,2.08,48.0,52.0,192.0,46.57933042212518,570,0.0
747,96,104,48.0,1.92,2.08,48.0,52.0,192.0,46.57933042212518,573,0.0
748,96,104,48.0,1.92,2.08,48.0,52.0,192.0,46.57933042212518,576,0.0
749,96,104,48.0,1.92,2.08,48.0,52.0,192.0,46.57933042212518,579,0.0
750,96,104,48.0,1.92,2.08,48.0,52.0,192.0,46.57933042212518,581,0.0
751,96,104,48.0,1.92,2.08,48.0,52.0,192.0,46.57933042212518,583,0.0
752,96,104,48.0,1.92,2.08,48.0,52.0,192.0,46.57933042212518,585,0.0
753,96,104,48.0,1.92,2.08,48.0,52.0,192.0,46.57933042212518,587,0.0
754,96,104,48.0,1.92,2.08,48.0,52.0,192.0,46.57933042212518,589,0.0
755,96,104,48.0,1.92,2.08,48.0,52.0,192.0,46.57933042212518,590,0.0
756,96,104,48.0,1.92,2.08,48.0,52.0,192.0,46.57933042212518,590,0.0
757,96,104,48.0,1.92,2.08,48.0,52.0,192.0,46.57933042212518,591,0.0
758,97,103,48.5,1.94,2.06,48.5,51.5,194.0,47.06453178068899,593,2.0
759,98,102,49.0,1.96,2.04,49.0,51.0,196.0,47.549733139252794,596,2.0
760,98,102,49.0,1.96,2.04,49.0,51.0,196.0,47.549733139252794,597,0.0
761,98,102,49.0,1.96,2.04,49.0,51.0,196.0,47.549733139252794,599,0.0
762,98,102,49.0,1.96,2.04,49.0,51.0,196.0,47.549733139252794,600,0.0
763,98,102,49.0,1.96,2.04,49.0,51.0,196.0,47.549733139252794,601,0.0
764,98,102,49.0,1.96,2.04,49.0,51.0,196.0,47.549733139252794,603,0.0
765,98,102,49.0,1.96,2.04,49.0,51.0,196.0,47.549733139252794,605,0.0
766,98,102,49.0,1.96,2.04,49.0,51.0,196.0,47.549733139252794,606,0.0
767,98,102,49.0,1.96,2.04,49.0,51.0,196.0,47.549733139252794,607,0.0
768,98,102,49.0,1.96,2.04,49.0,51.0,196.0,47.549733139252794,608,0.0
769,98,102,49.0,1.96,2.04,49.0,51.0,196.0,47.549733139252794,610,0.0
770,99,101,49.5,1.98,2.02,49.5,50.5,198.0,48.03493449781659,613,2.0
771,99,101,49.5,1.98,2.02,49.5,50.5,198.0,48.03493449781659,615,0.0
772,99,101,49.5,1.98,2.02,49.5,50.5,198.0,48.03493449781659,617,0.0
773,99,101,49.5,1.98,2.02,49.5,50.5,198.0,48.03493449781659,619,0.0
774,99,101,49.5,1.98,2.02,49.5,50.5,198.0,48.03493449781659,621,0.0
775,99,101,49.5,1.98,2.02,49.5,50.5,198.0,48.03493449781659,623,0.0
776,99,101,49.5,1.98,2.02,49.5,50.5,198.0,48.03493449781659,624,0.0
777,99,101,49.5,1.98,2.02,49.5,50.5,198.0,48.03493449781659,625,0.0
778,99,101,49.5,1.98,2.02,49.5,50.5,198.0,48.03493449781659,626,0.0
779,99,101,49.5,1.98,2.02,49.5,50.5,198.0,48.03493449781659,628,0.0
780,99,101,49.5,1.98,2.02,49.5,50.5,198.0,48.03493449781659,629,0.0
781,99,101,49.5,1.98,2.02,49.5,50.5,198.0,48.03493449781659,630,0.0
782,99,101,49.5,1.98,2.02,49.5,50.5,198.0,48.03493449781659,632,0.0
783,99,101,49.5,1.98,2.02,49.5,50.5,198.0,48.03493449781659,635,0.0
784,99,101,49.5,1.98,2.02,49.5,50.5,198.0,48.03493449781659,638,0.0
785,99,101,49.5,1.98,2.02,49.5,50.5,198.0,48.03493449781659,640,0.0
786,99,101,49.5,1.98,2.02,49.5,50.5,198.0,48.03493449781659,642,0.0
787,99,101,49.5,1.98,2.02,49.5,50.5,198.0,48.03493449781659,645,0.0
788,99,101,49.5,1.98,2.02,49.5,50.5,198.0,48.03493449781659,646,0.0
789,99,101,49.5,1.98,2.02,49.5,50.5,198.0,48.03493449781659,648,0.0
790,99,101,49.5,1.98,2.02,49.5,50.5,198.0,48.03493449781659,650,0.0
791,99,101,49.5,1.98,2.02,49.5,50.5,198.0,48.03493449781659,652,0.0
792,99,101,49.5,1.98,2.02,49.5,50.5,198.0,48.03493449781659,654,0.0
793,99,101,49.5,1.98,2.02,49.5,50.5,198.0,48.03493449781659,656,0.0
794,99,101,49.5,1.98,2.02,49.5,50.5,198.0,48.03493449781659,658,0.0
795,99,101,49.5,1.98,2.02,49.5,50.5,198.0,48.03493449781659,660,0.0
796,99,101,49.5,1.98,2.02,49.5,50.5,198.0,48.03493449781659,661,0.0
797,99,101,49.5,1.98,2.02,49.5,50.5,198.0,48.03493449781659,662,0.0
798,99,101,49.5,1.98,2.02,49.5,50.5,198.0,48.03493449781659,663,0.0
799,99,101,49.5,1.98,2.02,49.5,50.5,198.0,48.03493449781659,664,0.0
800,99,101,49.5,1.98,2.02,49.5,50.5,198.0,48.03493449781659,665,0.0
801,99,101,49.5,1.98,2.02,49.5,50.5,198.0,48.03493449781659,666,0.0
802,99,101,49.5,1.98,2.02,49.5,50.5,198.0,48.03493449781659,667,0.0
803,99,101,49.5,1.98,2.02,49.5,50.5,198.0,48.03493449781659,668,0.0
804,99,101,49.5,1.98,2.02,49.5,50.5,198.0,48.03493449781659,671,0.0
805,99,101,49.5,1.98,2.02,49.5,50.5,198.0,48.03493449781659,673,0.0
806,99,101,49.5,1.98,2.02,49.5,50.5,198.0,48.03493449781659,676,0.0
807,99,101,49.5,1.98,2.02,49.5,50.5,198.0,48.03493449781659,677,0.0
808,99,101,49.5,1.98,2.02,49.5,50.5,198.0,48.03493449781659,678,0.0
809,99,101,49.5,1.98,2.02,49.5,50.5,198.0,48.03493449781659,680,0.0
810,99,101,49.5,1.98,2.02,49.5,50.5,198.0,48.03493449781659,682,0.0
811,99,101,49.5,1.98,2.02,49.5,50.5,198.0,48.03493449781659,684,0.0
812,99,101,49.5,1.98,2.02,49.5,50.5,198.0,48.03493449781659,686,0.0
813,99,101,49.5,1.98,2.02,49.5,50.5,198.0,48.03493449781659,688,0.0
814,99,101,49.5,1.98,2.02,49.5,50.5,198.0,48.03493449781659,690,0.0
815,99,101,49.5,1.98,2.02,49.5,50.5,198.0,48.03493449781659,692,0.0
816,99,101,49.5,1.98,2.02,49.5,50.5,198.0,48.03493449781659,694,0.0
817,99,101,49.5,1.98,2.02,49.5,50.5,198.0,48.03493449781659,696,0.0
818,99,101,49.5,1.98,2.02,49.5,50.5,198.0,48.03493449781659,698,0.0
819,99,101,49.5,1.98,2.02,49.5,50.5,198.0,48.03493449781659,700,0.0
820,99,101,49.5,1.98,2.02,49.5,50.5,198.0,48.03493449781659,702,0.0
821,99,101,49.5,1.98,2.02,49.5,50.5,198.0,48.03493449781659,703,0.0
822,99,101,49.5,1.98,2.02,49.5,50.5,198.0,48.03493449781659,704,0.0
823,99,101,49.5,1.98,2.02,49.5,50.5,198.0,48.03493449781659,706,0.0
824,99,101,49.5,1.98,2.02,49.5,50.5,198.0,48.03493449781659,709,0.0
825,99,101,49.5,1.98,2.02,49.5,50.5,198.0,48.03493449781659,712,0.0
826,100,100,50.0,2.0,2.0,50.0,50.0,200.0,48.5201358563804,716,2.0
827,100,100,50.0,2.0,2.0,50.0,50.0,200.0,48.5201358563804,719,0.0
828,100,100,50.0,2.0,2.0,50.0,50.0,200.0,48.5201358563804,722,0.0
829,100,100,50.0,2.0,2.0,50.0,50.0,200.0,48.5201358563804,725,0.0
830,100,100,50.0,2.0,2.0,50.0,50.0,200.0,48.5201358563804,727,0.0
831,101,99,50.5,2.02,1.98,50.5,49.5,202.0,49.005337214944205,731,2.0
832,102,98,51.0,2.04,1.96,51.0,49.0,204.0,49.49053857350801,734,2.0
833,102,98,51.0,2.04,1.96,51.0,49.0,204.0,49.49053857350801,736,0.0
834,102,98,51.0,2.04,1.96,51.0,49.0,204.0,49.49053857350801,738,0.0
835,102,98,51.0,2.04,1.96,51.0,49.0,204.0,49.49053857350801,740,0.0
836,102,98,51.0,2.04,1.96,51.0,49.0,204.0,49.49053857350801,742,0.0
837,102,98,51.0,2.04,1.96,51.0,49.0,204.0,49.49053857350801,744,0.0
838,102,98,51.0,2.04,1.96,51.0,49.0,204.0,49.49053857350801,746,0.0
839,102,98,51.0,2.04,1.96,51.0,49.0,204.0,49.49053857350801,748,0.0
840,102,98,51.0,2.04,1.96,51.0,49.0,204.0,49.49053857350801,750,0.0
841,102,98,51.0,2.04,1.96,51.0,49.0,204.0,49.49053857350801,753,0.0
842,102,98,51.0,2.04,1.96,51.0,49.0,204.0,49.49053857350801,755,0.0
843,102,98,51.0,2.04,1.96,51.0,49.0,204.0,49.49053857350801,758,0.0
844,102,98,51.0,2.04,1.96,51.0,49.0,204.0,49.49053857350801,760,0.0
845,102,98,51.0,2.04,1.96,51.0,49.0,204.0,49.49053857350801,762,0.0
846,102,98,51.0,2.04,1.96,51.0,49.0,204.0,49.49053857350801,764,0.0
847,102,98,51.0,2.04,1.96,51.0,49.0,204.0,49.49053857350801,766,0.0
848,102,98,51.0,2.04,1.96,51.0,49.0,204.0,49.49053857350801,767,0.0
849,102,98,51.0,2.04,1.96,51.0,49.0,204.0,49.49053857350801,768,0.0
850,102,98,51.0,2.04,1.96,51.0,49.0,204.0,49.49053857350801,769,0.0
851,102,98,51.0,2.04,1.96,51.0,49.0,204.0,49.49053857350801,770,0.0
852,102,98,51.0,2.04,1.96,51.0,49.0,204.0,49.49053857350801,771,0.0
853,102,98,51.0,2.04,1.96,51.0,49.0,204.0,49.49053857350801,772,0.0
854,102,98,51.0,2.04,1.96,51.0,49.0,204.0,49.49053857350801,773,0.0
855,102,98,51.0,2.04,1.96,51.0,49.0,204.0,49.49053857350801,775,0.0
856,102,98,51.0,2.04,1.96,51.0,49.0,204.0,49.49053857350801,776,0.0
857,102,98,51.0,2.04,1.96,51.0,49.0,204.0,49.49053857350801,777,0.0
858,102,98,51.0,2.04,1.96,51.0,49.0,204.0,49.49053857350801,779,0.0
859,102,98,51.0,2.04,1.96,51.0,49.0,204.0,49.49053857350801,780,0.0
860,102,98,51.0,2.04,1.96,51.0,49.0,204.0,49.49053857350801,781,0.0
861,102,98,51.0,2.04,1.96,51.0,49.0,204.0,49.49053857350801,782,0.0
862,102,98,51.0,2.04,1.96,51.0,49.0,204.0,49.49053857350801,783,0.0
863,102,98,51.0,2.04,1.96,51.0,49.0,204.0,49.49053857350801,786,0.0
864,102,98,51.0,2.04,1.96,51.0,49.0,204.0,49.49053857350801,789,0.0
865,102,98,51.0,2.04,1.96,51.0,49.0,204.0,49.49053857350801,791,0.0
866,102,98,51.0,2.04,1.96,51.0,49.0,204.0,49.49053857350801,792,0.0
867,102,98,51.0,2.04,1.96,51.0,49.0,204.0,49.49053857350801,795,0.0
868,102,98,51.0,2.04,1.96,51.0,49.0,204.0,49.49053857350801,799,0.0
869,102,98,51.0,2.04,1.96,51.0,49.0,204.0,49.49053857350801,802,0.0
870,102,98,51.0,2.04,1.96,51.0,49.0,204.0,49.49053857350801,805,0.0
871,102,98,51.0,2.04,1.96,51.0,49.0,204.0,49.49053857350801,808,0.0
872,102,98,51.0,2.04,1.96,51.0,49.0,204.0,49.49053857350801,811,0.0
873,102,98,51.0,2.04,1.96,51.0,49.0,204.0,49.49053857350801,813,0.0
874,102,98,51.0,2.04,1.96,51.0,49.0,204.0,49.49053857350801,815,0.0
875,102,98,51.0,2.04,1.96,51.0,49.0,204.0,49.49053857350801,819,0.0
876,102,98,51.0,2.04,1.96,51.0,49.0,204.0,49.49053857350801,822,0.0
877,102,98,51.0,2.04,1.96,51.0,49.0,204.0,49.49053857350801,826,0.0
878,102,98,51.0,2.04,1.96,51.0,49.0,204.0,49.49053857350801,830,0.0
879,103,97,51.5,2.06,1.94,51.5,48.5,206.0,49.97573993207181,834,2.0
880,103,97,51.5,2.06,1.94,51.5,48.5,206.0,49.97573993207181,837,0.0
881,103,97,51.5,2.06,1.94,51.5,48.5,206.0,49.97573993207181,839,0.0
882,103,97,51.5,2.06,1.94,51.5,48.5,206.0,49.97573993207181,841,0.0
883,103,97,51.5,2.06,1.94,51.5,48.5,206.0,49.97573993207181,843,0.0
884,103,97,51.5,2.06,1.94,51.5,48.5,206.0,49.97573993207181,846,0.0
885,103,97,51.5,2.06,1.94,51.5,48.5,206.0,49.97573993207181,848,0.0
886,103,97,51.5,2.06,1.94,51.5,48.5,206.0,49.97573993207181,851,0.0
887,103,97,51.5,2.06,1.94,51.5,48.5,206.0,49.97573993207181,852,0.0
888,103,97,51.5,2.06,1.94,51.5,48.5,206.0,49.97573993207181,854,0.0
889,103,97,51.5,2.06,1.94,51.5,48.5,206.0,49.97573993207181,855,0.0
890,103,97,51.5,2.06,1.94,51.5,48.5,206.0,49.97573993207181,856,0.0
891,104,96,52.0,2.08,1.92,52.0,48.0,208.0,50.46094129063562,858,2.0
892,104,96,52.0,2.08,1.92,52.0,48.0,208.0,50.46094129063562,859,0.0
893,104,96,52.0,2.08,1.92,52.0,48.0,208.0,50.46094129063562,861,0.0
894,104,96,52.0,2.08,1.92,52.0,48.0,208.0,50.46094129063562,862,0.0
895,104,96,52.0,2.08,1.92,52.0,48.0,208.0,50.46094129063562,862,0.0
896,104,96,52.0,2.08,1.92,52.0,48.0,208.0,50.46094129063562,863,0.0
897,104,96,52.0,2.08,1.92,52.0,48.0,208.0,50.46094129063562,864,0.0
898,104,96,52.0,2.08,1.92,52.0,48.0,208.0,50.46094129063562,865,0.0
899,104,96,52.0,2.08,1.92,52.0,48.0,208.0,50.46094129063562,867,0.0
900,104,96,52.0,2.08,1.92,52.0,48.0,208.0,50.46094129063562,867,0.0
901,104,96,52.0,2.08,1.92,52.0,48.0,208.0,50.46094129063562,869,0.0
902,104,96,52.0,2.08,1.92,52.0,48.0,208.0,50.46094129063562,871,0.0
903,104,96,52.0,2.08,1.92,52.0,48.0,208.0,50.46094129063562,873,0.0
904,104,96,52.0,2.08,1.92,52.0,48.0,208.0,50.46094129063562,874,0.0
905,104,96,52.0,2.08,1.92,52.0,48.0,208.0,50.46094129063562,876,0.0
906,105,95,52.5,2.1,1.9,52.5,47.5,210.0,50.94614264919942,879,2.0
907,105,95,52.5,2.1,1.9,52.5,47.5,210.0,50.94614264919942,881,0.0
908,105,95,52.5,2.1,1.9,52.5,47.5,210.0,50.94614264919942,883,0.0
909,105,95,52.5,2.1,1.9,52.5,47.5,210.0,50.94614264919942,885,0.0
910,105,95,52.5,2.1,1.9,52.5,47.5,210.0,50.94614264919942,887,0.0
911,105,95,52.5,2.1,1.9,52.5,47.5,210.0,50.94614264919942,890,0.0
912,106,94,53.0,2.12,1.88,53.0,46.99999999999999,212.0,51.43134400776322,893,2.0
913,106,94,53.0,2.12,1.88,53.0,46.99999999999999,212.0,51.43134400776322,895,0.0
914,106,94,53.0,2.12,1.88,53.0,46.99999999999999,212.0,51.43134400776322,897,0.0
915,106,94,53.0,2.12,1.88,53.0,46.99999999999999,212.0,51.43134400776322,899,0.0
916,106,94,53.0,2.12,1.88,53.0,46.99999999999999,212.0,51.43134400776322,902,0.0
917,106,94,53.0,2.12,1.88,53.0,46.99999999999999,212.0,51.43134400776322,905,0.0
918,106,94,53.0,2.12,1.88,53.0,46.99999999999999,212.0,51.43134400776322,908,0.0
919,106,94,53.0,2.12,1.88,53.0,46.99999999999999,212.0,51.43134400776322,911,0.0
920,106,94,53.0,2.12,1.88,53.0,46.99999999999999,212.0,51.43134400776322,913,0.0
921,106,94,53.0,2.12,1.88,53.0,46.99999999999999,212.0,51.43134400776322,915,0.0
922,106,94,53.0,2.12,1.88,53.0,46.99999999999999,212.0,51.43134400776322,918,0.0
923,106,94,53.0,2.12,1.88,53.0,46.99999999999999,212.0,51.43134400776322,921,0.0
924,106,94,53.0,2.12,1.88,53.0,46.99999999999999,212.0,51.43134400776322,924,0.0
925,106,94,53.0,2.12,1.88,53.0,46.99999999999999,212.0,51.43134400776322,926,0.0
926,106,94,53.0,2.12,1.88,53.0,46.99999999999999,212.0,51.43134400776322,930,0.0
927,106,94,53.0,2.12,1.88,53.0,46.99999999999999,212.0,51.43134400776322,933,0.0
928,106,94,53.0,2.12,1.88,53.0,46.99999999999999,212.0,51.43134400776322,935,0.0
929,106,94,53.0,2.12,1.88,53.0,46.99999999999999,212.0,51.43134400776322,938,0.0
930,106,94,53.0,2.12,1.88,53.0,46.99999999999999,212.0,51.43134400776322,941,0.0
931,106,94,53.0,2.12,1.88,53.0,46.99999999999999,212.0,51.43134400776322,945,0.0
932,106,94,53.0,2.12,1.88,53.0,46.99999999999999,212.0,51.43134400776322,949,0.0
933,106,94,53.0,2.12,1.88,53.0,46.99999999999999,212.0,51.43134400776322,953,0.0
934,106,94,53.0,2.12,1.88,53.0,46.99999999999999,212.0,51.43134400776322,956,0.0
935,106,94,53.0,2.12,1.88,53.0,46.99999999999999,212.0,51.43134400776322,959,0.0
936,106,94,53.0,2.12,1.88,53.0,46.99999999999999,212.0,51.43134400776322,961,0.0
937,106,94,53.0,2.12,1.88,53.0,46.99999999999999,212.0,51.43134400776322,963,0.0
938,106,94,53.0,2.12,1.88,53.0,46.99999999999999,212.0,51.43134400776322,964,0.0
939,106,94,53.0,2.12,1.88,53.0,46.99999999999999,212.0,51.43134400776322,965,0.0
940,106,94,53.0,2.12,1.88,53.0,46.99999999999999,212.0,51.43134400776322,967,0.0
941,106,94,53.0,2.12,1.88,53.0,46.99999999999999,212.0,51.43134400776322,968,0.0
942,107,93,53.5,2.14,1.8599999999999999,53.5,46.49999999999999,214.0,51.91654536632703,970,2.0
943,107,93,53.5,2.14,1.8599999999999999,53.5,46.49999999999999,214.0,51.91654536632703,971,0.0
944,107,93,53.5,2.14,1.8599999999999999,53.5,46.49999999999999,214.0,51.91654536632703,972,0.0
945,107,93,53.5,2.14,1.8599999999999999,53.5,46.49999999999999,214.0,51.91654536632703,973,0.0
946,107,93,53.5,2.14,1.8599999999999999,53.5,46.49999999999999,214.0,51.91654536632703,974,0.0
947,107,93,53.5,2.14,1.8599999999999999,53.5,46.49999999999999,214.0,51.91654536632703,975,0.0
948,107,93,53.5,2.14,1.8599999999999999,53.5,46.49999999999999,214.0,51.91654536632703,976,0.0
949,107,93,53.5,2.14,1.8599999999999999,53.5,46.49999999999999,214.0,51.91654536632703,977,0.0
950,107,93,53.5,2.14,1.8599999999999999,53.5,46.49999999999999,214.0,51.91654536632703,978,0.0
951,107,93,53.5,2.14,1.8599999999999999,53.5,46.49999999999999,214.0,51.91654536632703,980,0.0
952,107,93,53.5,2.14,1.8599999999999999,53.5,46.49999999999999,214.0,51.91654536632703,981,0.0
953,107,93,53.5,2.14,1.8599999999999999,53.5,46.49999999999999,214.0,51.91654536632703,983,0.0
954,107,93,53.5,2.14,1.8599999999999999,53.5,46.49999999999999,214.0,51.91654536632703,985,0.0
955,107,93,53.5,2.14,1.8599999999999999,53.5,46.49999999999999,214.0,51.91654536632703,987,0.0
956,107,93,53.5,2.14,1.8599999999999999,53.5,46.49999999999999,214.0,51.91654536632703,989,0.0
957,107,93,53.5,2.14,1.8599999999999999,53.5,46.49999999999999,214.0,51.91654536632703,991,0.0
958,107,93,53.5,2.14,1.8599999999999999,53.5,46.49999999999999,214.0,51.91654536632703,993,0.0
959,107,93,53.5,2.14,1.8599999999999999,53.5,46.49999999999999,214.0,51.91654536632703,995,0.0
960,107,93,53.5,2.14,1.8599999999999999,53.5,46.49999999999999,214.0,51.91654536632703,997,0.0
961,107,93,53.5,2.14,1.8599999999999999,53.5,46.49999999999999,214.0,51.91654536632703,999,0.0
962,107,93,53.5,2.14,1.8599999999999999,53.5,46.49999999999999,214.0,51.91654536632703,1001,0.0
963,107,93,53.5,2.14,1.8599999999999999,53.5,46.49999999999999,214.0,51.91654536632703,1003,0.0
964,107,93,53.5,2.14,1.8599999999999999,53.5,46.49999999999999,214.0,51.91654536632703,1005,0.0
965,107,93,53.5,2.14,1.8599999999999999,53.5,46.49999999999999,214.0,51.91654536632703,1007,0.0
966,107,93,53.5,2.14,1.8599999999999999,53.5,46.49999999999999,214.0,51.91654536632703,1009,0.0
967,107,93,53.5,2.14,1.8599999999999999,53.5,46.49999999999999,214.0,51.91654536632703,1012,0.0
968,107,93,53.5,2.14,1.8599999999999999,53.5,46.49999999999999,214.0,51.91654536632703,1014,0.0
969,107,93,53.5,2.14,1.8599999999999999,53.5,46.49999999999999,214.0,51.91654536632703,1017,0.0
970,107,93,53.5,2.14,1.8599999999999999,53.5,46.49999999999999,214.0,51.91654536632703,1020,0.0
971,107,93,53.5,2.14,1.8599999999999999,53.5,46.49999999999999,214.0,51.91654536632703,1023,0.0
972,107,93,53.5,2.14,1.8599999999999999,53.5,46.49999999999999,214.0,51.91654536632703,1026,0.0
973,107,93,53.5,2.14,1.8599999999999999,53.5,46.49999999999999,214.0,51.91654536632703,1029,0.0
974,107,93,53.5,2.14,1.8599999999999999,53.5,46.49999999999999,214.0,51.91654536632703,1031,0.0
975,107,93,53.5,2.14,1.8599999999999999,53.5,46.49999999999999,214.0,51.91654536632703,1033,0.0
976,107,93,53.5,2.14,1.8599999999999999,53.5,46.49999999999999,214.0,51.91654536632703,1035,0.0
977,107,93,53.5,2.14,1.8599999999999999,53.5,46.49999999999999,214.0,51.91654536632703,1037,0.0
978,107,93,53.5,2.14,1.8599999999999999,53.5,46.49999999999999,214.0,51.91654536632703,1039,0.0
979,107,93,53.5,2.14,1.8599999999999999,53.5,46.49999999999999,214.0,51.91654536632703,1041,0.0
980,107,93,53.5,2.14,1.8599999999999999,53.5,46.49999999999999,214.0,51.91654536632703,1043,0.0
981,107,93,53.5,2.14,1.8599999999999999,53.5,46.49999999999999,214.0,51.91654536632703,1045,0.0
982,108,92,54.0,2.16,1.8399999999999999,54.0,45.99999999999999,216.0,52.40174672489083,1048,2.0
983,108,92,54.0,2.16,1.8399999999999999,54.0,45.99999999999999,216.0,52.40174672489083,1049,0.0
984,108,92,54.0,2.16,1.8399999999999999,54.0,45.99999999999999,216.0,52.40174672489083,1051,0.0
985,108,92,54.0,2.16,1.8399999999999999,54.0,45.99999999999999,216.0,52.40174672489083,1052,0.0
986,108,92,54.0,2.16,1.8399999999999999,54.0,45.99999999999999,216.0,52.40174672489083,1053,0.0
987,108,92,54.0,2.16,1.8399999999999999,54.0,45.99999999999999,216.0,52.40174672489083,1055,0.0
988,108,92,54.0,2.16,1.8399999999999999,54.0,45.99999999999999,216.0,52.40174672489083,1057,0.0
989,108,92,54.0,2.16,1.8399999999999999,54.0,45.99999999999999,216.0,52.40174672489083,1059,0.0
990,108,92,54.0,2.16,1.8399999999999999,54.0,45.99999999999999,216.0,52.40174672489083,1060,0.0
991,108,92,54.0,2.16,1.8399999999999999,54.0,45.99999999999999,216.0,52.40174672489083,1061,0.0
992,108,92,54.0,2.16,1.8399999999999999,54.0,45.99999999999999,216.0,52.40174672489083,1062,0.0
993,108,92,54.0,2.16,1.8399999999999999,54.0,45.99999999999999,216.0,52.40174672489083,1064,0.0
994,108,92,54.0,2.16,1.8399999999999999,54.0,45.99999999999999,216.0,52.40174672489083,1066,0.0
995,108,92,54.0,2.16,1.8399999999999999,54.0,45.99999999999999,216.0,52.40174672489083,1068,0.0
996,108,92,54.0,2.16,1.8399999999999999,54.0,45.99999999999999,216.0,52.40174672489083,1070,0.0
997,108,92,54.0,2.16,1.8399999999999999,54.0,45.99999999999999,216.0,52.40174672489083,1071,0.0
998,108,92,54.0,2.16,1.8399999999999999,54.0,45.99999999999999,216.0,52.40174672489083,1072,0.0
999,108,92,54.0,2.16,1.8399999999999999,54.0,45.99999999999999,216.0,52.40174672489083,1074,0.0
1000,108,92,54.0,2.16,1.8399999999999999,54.0,45.99999999999999,216.0,52.40174672489083,1075,0.0
1001,108,92,54.0,2.16,1.8399999999999999,54.0,45.99999999999999,216.0,52.40174672489083,1076,0.0
1002,108,92,54.0,2.16,1.8399999999999999,54.0,45.99999999999999,216.0,52.40174672489083,1076,0.0
1003,108,92,54.0,2.16,1.8399999999999999,54.0,45.99999999999999,216.0,52.40174672489083,1077,0.0
1004,108,92,54.0,2.16,1.8399999999999999,54.0,45.99999999999999,216.0,52.40174672489083,1078,0.0
1005,109,91,54.50000000000001,2.18,1.8199999999999998,54.5,45.49999999999999,218.0,52.886948083454634,1080,2.0
1006,109,91,54.50000000000001,2.18,1.8199999999999998,54.5,45.49999999999999,218.0,52.886948083454634,1081,0.0
1007,109,91,54.50000000000001,2.18,1.8199999999999998,54.5,45.49999999999999,218.0,52.886948083454634,1082,0.0
1008,109,91,54.50000000000001,2.18,1.8199999999999998,54.5,45.49999999999999,218.0,52.886948083454634,1083,0.0
1009,109,91,54.50000000000001,2.18,1.8199999999999998,54.5,45.49999999999999,218.0,52.886948083454634,1084,0.0
1010,109,91,54.50000000000001,2.18,1.8199999999999998,54.5,45.49999999999999,218.0,52.886948083454634,1084,0.0
1011,109,91,54.50000000000001,2.18,1.8199999999999998,54.5,45.49999999999999,218.0,52.886948083454634,1084,0.0
1012,109,91,54.50000000000001,2.18,1.8199999999999998,54.5,45.49999999999999,218.0,52.886948083454634,1085,0.0
1013,109,91,54.50000000000001,2.18,1.8199999999999998,54.5,45.49999999999999,218.0,52.886948083454634,1086,0.0
1014,109,91,54.50000000000001,2.18,1.8199999999999998,54.5,45.49999999999999,218.0,52.886948083454634,1088,0.0
1015,109,91,54.50000000000001,2.18,1.8199999999999998,54.5,45.49999999999999,218.0,52.886948083454634,1090,0.0
1016,109,91,54.50000000000001,2.18,1.8199999999999998,54.5,45.49999999999999,218.0,52.886948083454634,1092,0.0
1017,109,91,54.50000000000001,2.18,1.8199999999999998,54.5,45.49999999999999,218.0,52.886948083454634,1094,0.0
1018,109,91,54.50000000000001,2.18,1.8199999999999998,54.5,45.49999999999999,218.0,52.886948083454634,1095,0.0
1019,109,91,54.50000000000001,2.18,1.8199999999999998,54.5,45.49999999999999,218.0,52.886948083454634,1097,0.0
1020,109,91,54.50000000000001,2.18,1.8199999999999998,54.5,45.49999999999999,218.0,52.886948083454634,1099,0.0
1021,109,91,54.50000000000001,2.18,1.8199999999999998,54.5,45.49999999999999,218.0,52.886948083454634,1100,0.0
1022,109,91,54.50000000000001,2.18,1.8199999999999998,54.5,45.49999999999999,218.0,52.886948083454634,1102,0.0
1023,109,91,54.50000000000001,2.18,1.8199999999999998,54.5,45.49999999999999,218.0,52.886948083454634,1104,0.0
1024,109,91,54.50000000000001,2.18,1.8199999999999998,54.5,45.49999999999999,218.0,52.886948083454634,1106,0.0
1025,109,91,54.50000000000001,2.18,1.8199999999999998,54.5,45.49999999999999,218.0,52.886948083454634,1108,0.0
1026,109,91,54.50000000000001,2.18,1.8199999999999998,54.5,45.49999999999999,218.0,52.886948083454634,1110,0.0
1027,109,91,54.50000000000001,2.18,1.8199999999999998,54.5,45.49999999999999,218.0,52.886948083454634,1113,0.0
1028,109,91,54.50000000000001,2.18,1.8199999999999998,54.5,45.49999999999999,218.0,52.886948083454634,1116,0.0
1029,109,91,54.50000000000001,2.18,1.8199999999999998,54.5,45.49999999999999,218.0,52.886948083454634,1118,0.0
1030,109,91,54.50000000000001,2.18,1.8199999999999998,54.5,45.49999999999999,218.0,52.886948083454634,1120,0.0
1031,109,91,54.50000000000001,2.18,1.8199999999999998,54.5,45.49999999999999,218.0,52.886948083454634,1123,0.0
1032,109,91,54.50000000000001,2.18,1.8199999999999998,54.5,45.49999999999999,218.0,52.886948083454634,1126,0.0
1033,109,91,54.50000000000001,2.18,1.8199999999999998,54.5,45.49999999999999,218.0,52.886948083454634,1129,0.0
1034,109,91,54.50000000000001,2.18,1.8199999999999998,54.5,45.49999999999999,218.0,52.886948083454634,1132,0.0
1035,109,91,54.50000000000001,2.18,1.8199999999999998,54.5,45.49999999999999,218.0,52.886948083454634,1135,0.0
1036,109,91,54.50000000000001,2.18,1.8199999999999998,54.5,45.49999999999999,218.0,52.886948083454634,1136,0.0
1037,109,91,54.50000000000001,2.18,1.8199999999999998,54.5,45.49999999999999,218.0,52.886948083454634,1137,0.0
1038,109,91,54.50000000000001,2.18,1.8199999999999998,54.5,45.49999999999999,218.0,52.886948083454634,1138,0.0
1039,109,91,54.50000000000001,2.18,1.8199999999999998,54.5,45.49999999999999,218.0,52.886948083454634,1140,0.0
1040,110,90,55.00000000000001,2.2,1.7999999999999998,55.0,44.99999999999999,220.0,53.37214944201843,1143,2.0
1041,110,90,55.00000000000001,2.2,1.7999999999999998,55.0,44.99999999999999,220.0,53.37214944201843,1144,0.0
1042,110,90,55.00000000000001,2.2,1.7999999999999998,55.0,44.99999999999999,220.0,53.37214944201843,1145,0.0
1043,110,90,55.00000000000001,2.2,1.7999999999999998,55.0,44.99999999999999,220.0,53.37214944201843,1146,0.0
1044,110,90,55.00000000000001,2.2,1.7999999999999998,55.0,44.99999999999999,220.0,53.37214944201843,1148,0.0
1045,110,90,55.00000000000001,2.2,1.7999999999999998,55.0,44.99999999999999,220.0,53.37214944201843,1150,0.0
1046,110,90,55.00000000000001,2.2,1.7999999999999998,55.0,44.99999999999999,220.0,53.37214944201843,1152,0.0
1047,110,90,55.00000000000001,2.2,1.7999999999999998,55.0,44.99999999999999,220.0,53.37214944201843,1154,0.0
1048,110,90,55.00000000000001,2.2,1.7999999999999998,55.0,44.99999999999999,220.0,53.37214944201843,1155,0.0
1049,110,90,55.00000000000001,2.2,1.7999999999999998,55.0,44.99999999999999,220.0,53.37214944201843,1157,0.0
1050,110,90,55.00000000000001,2.2,1.7999999999999998,55.0,44.99999999999999,220.0,53.37214944201843,1158,0.0
1051,110,90,55.00000000000001,2.2,1.7999999999999998,55.0,44.99999999999999,220.0,53.37214944201843,1159,0.0
1052,110,90,55.00000000000001,2.2,1.7999999999999998,55.0,44.99999999999999,220.0,53.37214944201843,1160,0.0
1053,110,90,55.00000000000001,2.2,1.7999999999999998,55.0,44.99999999999999,220.0,53.37214944201843,1161,0.0
1054,110,90,55.00000000000001,2.2,1.7999999999999998,55.0,44.99999999999999,220.0,53.37214944201843,1162,0.0
1055,110,90,55.00000000000001,2.2,1.7999999999999998,55.0,44.99999999999999,220.0,53.37214944201843,1163,0.0
1056,110,90,55.00000000000001,2.2,1.7999999999999998,55.0,44.99999999999999,220.0,53.37214944201843,1165,0.0
1057,110,90,55.00000000000001,2.2,1.7999999999999998,55.0,44.99999999999999,220.0,53.37214944201843,1166,0.0
1058,110,90,55.00000000000001,2.2,1.7999999999999998,55.0,44.99999999999999,220.0,53.37214944201843,1167,0.0
1059,110,90,55.00000000000001,2.2,1.7999999999999998,55.0,44.99999999999999,220.0,53.37214944201843,1168,0.0
1060,110,90,55.00000000000001,2.2,1.7999999999999998,55.0,44.99999999999999,220.0,53.37214944201843,1169,0.0
1061,110,90,55.00000000000001,2.2,1.7999999999999998,55.0,44.99999999999999,220.0,53.37214944201843,1170,0.0
1062,110,90,55.00000000000001,2.2,1.7999999999999998,55.0,44.99999999999999,220.0,53.37214944201843,1171,0.0
1063,110,90,55.00000000000001,2.2,1.7999999999999998,55.0,44.99999999999999,220.0,53.37214944201843,1172,0.0
1064,110,90,55.00000000000001,2.2,1.7999999999999998,55.0,44.99999999999999,220.0,53.37214944201843,1173,0.0
1065,110,90,55.00000000000001,2.2,1.7999999999999998,55.0,44.99999999999999,220.0,53.37214944201843,1174,0.0
1066,110,90,55.00000000000001,2.2,1.7999999999999998,55.0,44.99999999999999,220.0,53.37214944201843,1175,0.0
1067,110,90,55.00000000000001,2.2,1.7999999999999998,55.0,44.99999999999999,220.0,53.37214944201843,1175,0.0
1068,110,90,55.00000000000001,2.2,1.7999999999999998,55.0,44.99999999999999,220.0,53.37214944201843,1175,0.0
1069,110,90,55.00000000000001,2.2,1.7999999999999998,55.0,44.99999999999999,220.0,53.37214944201843,1175,0.0
1070,110,90,55.00000000000001,2.2,1.7999999999999998,55.0,44.99999999999999,220.0,53.37214944201843,1176,0.0
1071,110,90,55.00000000000001,2.2,1.7999999999999998,55.0,44.99999999999999,220.0,53.37214944201843,1176,0.0
1072,110,90,55.00000000000001,2.2,1.7999999999999998,55.0,44.99999999999999,220.0,53.37214944201843,1176,0.0
1073,110,90,55.00000000000001,2.2,1.7999999999999998,55.0,44.99999999999999,220.0,53.37214944201843,1177,0.0
1074,110,90,55.00000000000001,2.2,1.7999999999999998,55.0,44.99999999999999,220.0,53.37214944201843,1178,0.0
1075,110,90,55.00000000000001,2.2,1.7999999999999998,55.0,44.99999999999999,220.0,53.37214944201843,1179,0.0
1076,110,90,55.00000000000001,2.2,1.7999999999999998,55.0,44.99999999999999,220.0,53.37214944201843,1180,0.0
1077,110,90,55.00000000000001,2.2,1.7999999999999998,55.0,44.99999999999999,220.0,53.37214944201843,1181,0.0
1078,110,90,55.00000000000001,2.2,1.7999999999999998,55.0,44.99999999999999,220.0,53.37214944201843,1182,0.0
1079,110,90,55.00000000000001,2.2,1.7999999999999998,55.0,44.99999999999999,220.0,53.37214944201843,1183,0.0
1080,110,90,55.00000000000001,2.2,1.7999999999999998,55.0,44.99999999999999,220.0,53.37214944201843,1184,0.0
1081,110,90,55.00000000000001,2.2,1.7999999999999998,55.0,44.99999999999999,220.0,53.37214944201843,1185,0.0
1082,110,90,55.00000000000001,2.2,1.7999999999999998,55.0,44.99999999999999,220.0,53.37214944201843,1186,0.0
1083,110,90,55.00000000000001,2.2,1.7999999999999998,55.0,44.99999999999999,220.0,53.37214944201843,1187,0.0
1084,110,90,55.00000000000001,2.2,1.7999999999999998,55.0,44.99999999999999,220.0,53.37214944201843,1188,0.0
1085,110,90,55.00000000000001,2.2,1.7999999999999998,55.0,44.99999999999999,220.0,53.37214944201843,1189,0.0
1086,110,90,55.00000000000001,2.2,1.7999999999999998,55.0,44.99999999999999,220.0,53.37214944201843,1190,0.0
1087,110,90,55.00000000000001,2.2,1.7999999999999998,55.0,44.99999999999999,220.0,53.37214944201843,1191,0.0
1088,110,90,55.00000000000001,2.2,1.7999999999999998,55.0,44.99999999999999,220.0,53.37214944201843,1192,0.0
1089,110,90,55.00000000000001,2.2,1.7999999999999998,55.0,44.99999999999999,220.0,53.37214944201843,1193,0.0
1090,110,90,55.00000000000001,2.2,1.7999999999999998,55.0,44.99999999999999,220.0,53.37214944201843,1194,0.0
1091,110,90,55.00000000000001,2.2,1.7999999999999998,55.0,44.99999999999999,220.0,53.37214944201843,1195,0.0
1092,110,90,55.00000000000001,2.2,1.7999999999999998,55.0,44.99999999999999,220.0,53.37214944201843,1196,0.0
1093,110,90,55.00000000000001,2.2,1.7999999999999998,55.0,44.99999999999999,220.0,53.37214944201843,1197,0.0
1094,110,90,55.00000000000001,2.2,1.7999999999999998,55.0,44.99999999999999,220.0,53.37214944201843,1198,0.0
1095,110,90,55.00000000000001,2.2,1.7999999999999998,55.0,44.99999999999999,220.0,53.37214944201843,1199,0.0
1096,110,90,55.00000000000001,2.2,1.7999999999999998,55.0,44.99999999999999,220.0,53.37214944201843,1200,0.0
1097,110,90,55.00000000000001,2.2,1.7999999999999998,55.0,44.99999999999999,220.0,53.37214944201843,1201,0.0
1098,110,90,55.00000000000001,2.2,1.7999999999999998,55.0,44.99999999999999,220.0,53.37214944201843,1202,0.0
1099,110,90,55.00000000000001,2.2,1.7999999999999998,55.0,44.99999999999999,220.0,53.37214944201843,1203,0.0
1100,110,90,55.00000000000001,2.2,1.7999999999999998,55.0,44.99999999999999,220.0,53.37214944201843,1204,0.0
1101,110,90,55.00000000000001,2.2,1.7999999999999998,55.0,44.99999999999999,220.0,53.37214944201843,1205,0.0
1102,110,90,55.00000000000001,2.2,1.7999999999999998,55.0,44.99999999999999,220.0,53.37214944201843,1205,0.0
1103,110,90,55.00000000000001,2.2,1.7999999999999998,55.0,44.99999999999999,220.0,53.37214944201843,1206,0.0
1104,110,90,55.00000000000001,2.2,1.7999999999999998,55.0,44.99999999999999,220.0,53.37214944201843,1207,0.0
1105,110,90,55.00000000000001,2.2,1.7999999999999998,55.0,44.99999999999999,220.0,53.37214944201843,1208,0.0
1106,110,90,55.00000000000001,2.2,1.7999999999999998,55.0,44.99999999999999,220.0,53.37214944201843,1209,0.0
1107,110,90,55.00000000000001,2.2,1.7999999999999998,55.0,44.99999999999999,220.0,53.37214944201843,1210,0.0
1108,110,90,55.00000000000001,2.2,1.7999999999999998,55.0,44.99999999999999,220.0,53.37214944201843,1211,0.0
1109,110,90,55.00000000000001,2.2,1.7999999999999998,55.0,44.99999999999999,220.0,53.37214944201843,1212,0.0
1110,110,90,55.00000000000001,2.2,1.7999999999999998,55.0,44.99999999999999,220.0,53.37214944201843,1213,0.0
1111,110,90,55.00000000000001,2.2,1.7999999999999998,55.0,44.99999999999999,220.0,53.37214944201843,1213,0.0
1112,110,90,55.00000000000001,2.2,1.7999999999999998,55.0,44.99999999999999,220.0,53.37214944201843,1213,0.0
1113,110,90,55.00000000000001,2.2,1.7999999999999998,55.0,44.99999999999999,220.0,53.37214944201843,1213,0.0
1114,110,90,55.00000000000001,2.2,1.7999999999999998,55.0,44.99999999999999,220.0,53.37214944201843,1213,0.0
1115,110,90,55.00000000000001,2.2,1.7999999999999998,55.0,44.99999999999999,220.0,53.37214944201843,1214,0.0
1116,110,90,55.00000000000001,2.2,1.7999999999999998,55.0,44.99999999999999,220.0,53.37214944201843,1215,0.0
1117,110,90,55.00000000000001,2.2,1.7999999999999998,55.0,44.99999999999999,220.0,53.37214944201843,1216,0.0
1118,110,90,55.00000000000001,2.2,1.7999999999999998,55.0,44.99999999999999,220.0,53.37214944201843,1217,0.0
1119,110,90,55.00000000000001,2.2,1.7999999999999998,55.0,44.99999999999999,220.0,53.37214944201843,1218,0.0
1120,110,90,55.00000000000001,2.2,1.7999999999999998,55.0,44.99999999999999,220.0,53.37214944201843,1219,0.0
1121,110,90,55.00000000000001,2.2,1.7999999999999998,55.0,44.99999999999999,220.0,53.37214944201843,1220,0.0
1122,110,90,55.00000000000001,2.2,1.7999999999999998,55.0,44.99999999999999,220.0,53.37214944201843,1221,0.0
1123,110,90,55.00000000000001,2.2,1.7999999999999998,55.0,44.99999999999999,220.0,53.37214944201843,1221,0.0
1124,110,90,55.00000000000001,2.2,1.7999999999999998,55.0,44.99999999999999,220.0,53.37214944201843,1222,0.0
1125,110,90,55.00000000000001,2.2,1.7999999999999998,55.0,44.99999999999999,220.0,53.37214944201843,1223,0.0
1126,110,90,55.00000000000001,2.2,1.7999999999999998,55.0,44.99999999999999,220.0,53.37214944201843,1224,0.0
1127,110,90,55.00000000000001,2.2,1.7999999999999998,55.0,44.99999999999999,220.0,53.37214944201843,1224,0.0
1128,110,90,55.00000000000001,2.2,1.7999999999999998,55.0,44.99999999999999,220.0,53.37214944201843,1224,0.0
1129,110,90,55.00000000000001,2.2,1.7999999999999998,55.0,44.99999999999999,220.0,53.37214944201843,1224,0.0
1130,110,90,55.00000000000001,2.2,1.7999999999999998,55.0,44.99999999999999,220.0,53.37214944201843,1224,0.0
1131,110,90,55.00000000000001,2.2,1.7999999999999998,55.0,44.99999999999999,220.0,53.37214944201843,1224,0.0
1132,110,90,55.00000000000001,2.2,1.7999999999999998,55.0,44.99999999999999,220.0,53.37214944201843,1224,0.0
1133,110,90,55.00000000000001,2.2,1.7999999999999998,55.0,44.99999999999999,220.0,53.37214944201843,1225,0.0
1134,110,90,55.00000000000001,2.2,1.7999999999999998,55.0,44.99999999999999,220.0,53.37214944201843,1225,0.0
1135,110,90,55.00000000000001,2.2,1.7999999999999998,55.0,44.99999999999999,220.0,53.37214944201843,1225,0.0
1136,110,90,55.00000000000001,2.2,1.7999999999999998,55.0,44.99999999999999,220.0,53.37214944201843,1226,0.0
1137,110,90,55.00000000000001,2.2,1.7999999999999998,55.0,44.99999999999999,220.0,53.37214944201843,1227,0.0
1138,110,90,55.00000000000001,2.2,1.7999999999999998,55.0,44.99999999999999,220.0,53.37214944201843,1228,0.0
1139,110,90,55.00000000000001,2.2,1.7999999999999998,55.0,44.99999999999999,220.0,53.37214944201843,1229,0.0
1140,110,90,55.00000000000001,2.2,1.7999999999999998,55.0,44.99999999999999,220.0,53.37214944201843,1230,0.0
1141,110,90,55.00000000000001,2.2,1.7999999999999998,55.0,44.99999999999999,220.0,53.37214944201843,1230,0.0
1142,110,90,55.00000000000001,2.2,1.7999999999999998,55.0,44.99999999999999,220.0,53.37214944201843,1230,0.0
1143,110,90,55.00000000000001,2.2,1.7999999999999998,55.0,44.99999999999999,220.0,53.37214944201843,1230,0.0
1144,110,90,55.00000000000001,2.2,1.7999999999999998,55.0,44.99999999999999,220.0,53.37214944201843,1231,0.0
1145,110,90,55.00000000000001,2.2,1.7999999999999998,55.0,44.99999999999999,220.0,53.37214944201843,1232,0.0
1146,110,90,55.00000000000001,2.2,1.7999999999999998,55.0,44.99999999999999,220.0,53.37214944201843,1232,0.0
1147,111,89,55.50000000000001,2.22,1.7799999999999998,55.50000000000001,44.49999999999999,222.00000000000003,53.857350800582246,1233,2.0000000000000284
1148,111,89,55.50000000000001,2.22,1.7799999999999998,55.50000000000001,44.49999999999999,222.00000000000003,53.857350800582246,1233,0.0
1149,111,89,55.50000000000001,2.22,1.7799999999999998,55.50000000000001,44.49999999999999,222.00000000000003,53.857350800582246,1234,0.0
1150,111,89,55.50000000000001,2.22,1.7799999999999998,55.50000000000001,44.49999999999999,222.00000000000003,53.857350800582246,1235,0.0
1151,111,89,55.50000000000001,2.22,1.7799999999999998,55.50000000000001,44.49999999999999,222.00000000000003,53.857350800582246,1236,0.0
1152,111,89,55.50000000000001,2.22,1.7799999999999998,55.50000000000001,44.49999999999999,222.00000000000003,53.857350800582246,1237,0.0
1153,111,89,55.50000000000001,2.22,1.7799999999999998,55.50000000000001,44.49999999999999,222.00000000000003,53.857350800582246,1239,0.0
1154,111,89,55.50000000000001,2.22,1.7799999999999998,55.50000000000001,44.49999999999999,222.00000000000003,53.857350800582246,1241,0.0
1155,111,89,55.50000000000001,2.22,1.7799999999999998,55.50000000000001,44.49999999999999,222.00000000000003,53.857350800582246,1243,0.0
1156,111,89,55.50000000000001,2.22,1.7799999999999998,55.50000000000001,44.49999999999999,222.00000000000003,53.857350800582246,1244,0.0
1157,112,88,56.00000000000001,2.24,1.7599999999999998,56.00000000000001,43.99999999999999,224.00000000000003,54.34255215914605,1247,2.0
1158,112,88,56.00000000000001,2.24,1.7599999999999998,56.00000000000001,43.99999999999999,224.00000000000003,54.34255215914605,1249,0.0
1159,112,88,56.00000000000001,2.24,1.7599999999999998,56.00000000000001,43.99999999999999,224.00000000000003,54.34255215914605,1251,0.0
1160,112,88,56.00000000000001,2.24,1.7599999999999998,56.00000000000001,43.99999999999999,224.00000000000003,54.34255215914605,1254,0.0
1161,112,88,56.00000000000001,2.24,1.7599999999999998,56.00000000000001,43.99999999999999,224.00000000000003,54.34255215914605,1255,0.0
1162,112,88,56.00000000000001,2.24,1.7599999999999998,56.00000000000001,43.99999999999999,224.00000000000003,54.34255215914605,1256,0.0
1163,112,88,56.00000000000001,2.24,1.7599999999999998,56.00000000000001,43.99999999999999,224.00000000000003,54.34255215914605,1257,0.0
1164,112,88,56.00000000000001,2.24,1.7599999999999998,56.00000000000001,43.99999999999999,224.00000000000003,54.34255215914605,1258,0.0
1165,112,88,56.00000000000001,2.24,1.7599999999999998,56.00000000000001,43.99999999999999,224.00000000000003,54.34255215914605,1260,0.0
1166,112,88,56.00000000000001,2.24,1.7599999999999998,56.00000000000001,43.99999999999999,224.00000000000003,54.34255215914605,1262,0.0
1167,112,88,56.00000000000001,2.24,1.7599999999999998,56.00000000000001,43.99999999999999,224.00000000000003,54.34255215914605,1264,0.0
1168,112,88,56.00000000000001,2.24,1.7599999999999998,56.00000000000001,43.99999999999999,224.00000000000003,54.34255215914605,1266,0.0
1169,112,88,56.00000000000001,2.24,1.7599999999999998,56.00000000000001,43.99999999999999,224.00000000000003,54.34255215914605,1268,0.0
1170,112,88,56.00000000000001,2.24,1.7599999999999998,56.00000000000001,43.99999999999999,224.00000000000003,54.34255215914605,1270,0.0
1171,112,88,56.00000000000001,2.24,1.7599999999999998,56.00000000000001,43.99999999999999,224.00000000000003,54.34255215914605,1272,0.0
1172,113,87,56.49999999999999,2.2600000000000002,1.7399999999999998,56.50000000000001,43.49999999999999,226.00000000000003,54.82775351770985,1275,2.0
1173,113,87,56.49999999999999,2.2600000000000002,1.7399999999999998,56.50000000000001,43.49999999999999,226.00000000000003,54.82775351770985,1277,0.0
1174,113,87,56.49999999999999,2.2600000000000002,1.7399999999999998,56.50000000000001,43.49999999999999,226.00000000000003,54.82775351770985,1279,0.0
1175,113,87,56.49999999999999,2.2600000000000002,1.7399999999999998,56.50000000000001,43.49999999999999,226.00000000000003,54.82775351770985,1281,0.0
1176,113,87,56.49999999999999,2.2600000000000002,1.7399999999999998,56.50000000000001,43.49999999999999,226.00000000000003,54.82775351770985,1283,0.0
1177,113,87,56.49999999999999,2.2600000000000002,1.7399999999999998,56.50000000000001,43.49999999999999,226.00000000000003,54.82775351770985,1285,0.0
1178,113,87,56.49999999999999,2.2600000000000002,1.7399999999999998,56.50000000000001,43.49999999999999,226.00000000000003,54.82775351770985,1287,0.0
1179,113,87,56.49999999999999,2.2600000000000002,1.7399999999999998,56.50000000000001,43.49999999999999,226.00000000000003,54.82775351770985,1289,0.0
1180,113,87,56.49999999999999,2.2600000000000002,1.7399999999999998,56.50000000000001,43.49999999999999,226.00000000000003,54.82775351770985,1291,0.0
1181,113,87,56.49999999999999,2.2600000000000002,1.7399999999999998,56.50000000000001,43.49999999999999,226.00000000000003,54.82775351770985,1293,0.0
1182,113,87,56.49999999999999,2.2600000000000002,1.7399999999999998,56.50000000000001,43.49999999999999,226.00000000000003,54.82775351770985,1295,0.0
1183,113,87,56.49999999999999,2.2600000000000002,1.7399999999999998,56.50000000000001,43.49999999999999,226.00000000000003,54.82775351770985,1297,0.0
1184,113,87,56.49999999999999,2.2600000000000002,1.7399999999999998,56.50000000000001,43.49999999999999,226.00000000000003,54.82775351770985,1300,0.0
1185,113,87,56.49999999999999,2.2600000000000002,1.7399999999999998,56.50000000000001,43.49999999999999,226.00000000000003,54.82775351770985,1301,0.0
1186,113,87,56.49999999999999,2.2600000000000002,1.7399999999999998,56.50000000000001,43.49999999999999,226.00000000000003,54.82775351770985,1301,0.0
1187,113,87,56.49999999999999,2.2600000000000002,1.7399999999999998,56.50000000000001,43.49999999999999,226.00000000000003,54.82775351770985,1302,0.0
1188,113,87,56.49999999999999,2.2600000000000002,1.7399999999999998,56.50000000000001,43.49999999999999,226.00000000000003,54.82775351770985,1303,0.0
1189,113,87,56.49999999999999,2.2600000000000002,1.7399999999999998,56.50000000000001,43.49999999999999,226.00000000000003,54.82775351770985,1304,0.0
1190,113,87,56.49999999999999,2.2600000000000002,1.7399999999999998,56.50000000000001,43.49999999999999,226.00000000000003,54.82775351770985,1305,0.0
1191,113,87,56.49999999999999,2.2600000000000002,1.7399999999999998,56.50000000000001,43.49999999999999,226.00000000000003,54.82775351770985,1306,0.0
1192,113,87,56.49999999999999,2.2600000000000002,1.7399999999999998,56.50000000000001,43.49999999999999,226.00000000000003,54.82775351770985,1307,0.0
1193,113,87,56.49999999999999,2.2600000000000002,1.7399999999999998,56.50000000000001,43.49999999999999,226.00000000000003,54.82775351770985,1308,0.0
1194,113,87,56.49999999999999,2.2600000000000002,1.7399999999999998,56.50000000000001,43.49999999999999,226.00000000000003,54.82775351770985,1309,0.0
1195,113,87,56.49999999999999,2.2600000000000002,1.7399999999999998,56.50000000000001,43.49999999999999,226.00000000000003,54.82775351770985,1311,0.0
1196,113,87,56.49999999999999,2.2600000000000002,1.7399999999999998,56.50000000000001,43.49999999999999,226.00000000000003,54.82775351770985,1313,0.0
1197,113,87,56.49999999999999,2.2600000000000002,1.7399999999999998,56.50000000000001,43.49999999999999,226.00000000000003,54.82775351770985,1315,0.0
1198,113,87,56.49999999999999,2.2600000000000002,1.7399999999999998,56.50000000000001,43.49999999999999,226.00000000000003,54.82775351770985,1316,0.0
1199,113,87,56.49999999999999,2.2600000000000002,1.7399999999999998,56.50000000000001,43.49999999999999,226.00000000000003,54.82775351770985,1317,0.0
1200,113,87,56.49999999999999,2.2600000000000002,1.7399999999999998,56.50000000000001,43.49999999999999,226.00000000000003,54.82775351770985,1318,0.0
1201,113,87,56.49999999999999,2.2600000000000002,1.7399999999999998,56.50000000000001,43.49999999999999,226.00000000000003,54.82775351770985,1319,0.0
1202,113,87,56.49999999999999,2.2600000000000002,1.7399999999999998,56.50000000000001,43.49999999999999,226.00000000000003,54.82775351770985,1320,0.0
1203,113,87,56.49999999999999,2.2600000000000002,1.7399999999999998,56.50000000000001,43.49999999999999,226.00000000000003,54.82775351770985,1321,0.0
1204,113,87,56.49999999999999,2.2600000000000002,1.7399999999999998,56.50000000000001,43.49999999999999,226.00000000000003,54.82775351770985,1323,0.0
1205,113,87,56.49999999999999,2.2600000000000002,1.7399999999999998,56.50000000000001,43.49999999999999,226.00000000000003,54.82775351770985,1324,0.0
1206,113,87,56.49999999999999,2.2600000000000002,1.7399999999999998,56.50000000000001,43.49999999999999,226.00000000000003,54.82775351770985,1326,0.0
1207,113,87,56.49999999999999,2.2600000000000002,1.7399999999999998,56.50000000000001,43.49999999999999,226.00000000000003,54.82775351770985,1329,0.0
1208,113,87,56.49999999999999,2.2600000000000002,1.7399999999999998,56.50000000000001,43.49999999999999,226.00000000000003,54.82775351770985,1332,0.0
1209,113,87,56.49999999999999,2.2600000000000002,1.7399999999999998,56.50000000000001,43.49999999999999,226.00000000000003,54.82775351770985,1336,0.0
1210,113,87,56.49999999999999,2.2600000000000002,1.7399999999999998,56.50000000000001,43.49999999999999,226.00000000000003,54.82775351770985,1340,0.0
1211,113,87,56.49999999999999,2.2600000000000002,1.7399999999999998,56.50000000000001,43.49999999999999,226.00000000000003,54.82775351770985,1343,0.0
1212,113,87,56.49999999999999,2.2600000000000002,1.7399999999999998,56.50000000000001,43.49999999999999,226.00000000000003,54.82775351770985,1345,0.0
1213,113,87,56.49999999999999,2.2600000000000002,1.7399999999999998,56.50000000000001,43.49999999999999,226.00000000000003,54.82775351770985,1348,0.0
1214,113,87,56.49999999999999,2.2600000000000002,1.7399999999999998,56.50000000000001,43.49999999999999,226.00000000000003,54.82775351770985,1351,0.0
1215,113,87,56.49999999999999,2.2600000000000002,1.7399999999999998,56.50000000000001,43.49999999999999,226.00000000000003,54.82775351770985,1354,0.0
1216,113,87,56.49999999999999,2.2600000000000002,1.7399999999999998,56.50000000000001,43.49999999999999,226.00000000000003,54.82775351770985,1357,0.0
1217,113,87,56.49999999999999,2.2600000000000002,1.7399999999999998,56.50000000000001,43.49999999999999,226.00000000000003,54.82775351770985,1360,0.0
1218,113,87,56.49999999999999,2.2600000000000002,1.7399999999999998,56.50000000000001,43.49999999999999,226.00000000000003,54.82775351770985,1364,0.0
1219,113,87,56.49999999999999,2.2600000000000002,1.7399999999999998,56.50000000000001,43.49999999999999,226.00000000000003,54.82775351770985,1367,0.0
1220,113,87,56.49999999999999,2.2600000000000002,1.7399999999999998,56.50000000000001,43.49999999999999,226.00000000000003,54.82775351770985,1371,0.0
1221,113,87,56.49999999999999,2.2600000000000002,1.7399999999999998,56.50000000000001,43.49999999999999,226.00000000000003,54.82775351770985,1375,0.0
1222,113,87,56.49999999999999,2.2600000000000002,1.7399999999999998,56.50000000000001,43.49999999999999,226.00000000000003,54.82775351770985,1379,0.0
1223,113,87,56.49999999999999,2.2600000000000002,1.7399999999999998,56.50000000000001,43.49999999999999,226.00000000000003,54.82775351770985,1383,0.0
1224,113,87,56.49999999999999,2.2600000000000002,1.7399999999999998,56.50000000000001,43.49999999999999,226.00000000000003,54.82775351770985,1387,0.0
1225,113,87,56.49999999999999,2.2600000000000002,1.7399999999999998,56.50000000000001,43.49999999999999,226.00000000000003,54.82775351770985,1391,0.0
1226,113,87,56.49999999999999,2.2600000000000002,1.7399999999999998,56.50000000000001,43.49999999999999,226.00000000000003,54.82775351770985,1395,0.0
1227,113,87,56.49999999999999,2.2600000000000002,1.7399999999999998,56.50000000000001,43.49999999999999,226.00000000000003,54.82775351770985,1398,0.0
1228,113,87,56.49999999999999,2.2600000000000002,1.7399999999999998,56.50000000000001,43.49999999999999,226.00000000000003,54.82775351770985,1401,0.0
1229,113,87,56.49999999999999,2.2600000000000002,1.7399999999999998,56.50000000000001,43.49999999999999,226.00000000000003,54.82775351770985,1404,0.0
1230,113,87,56.49999999999999,2.2600000000000002,1.7399999999999998,56.50000000000001,43.49999999999999,226.00000000000003,54.82775351770985,1407,0.0
1231,113,87,56.49999999999999,2.2600000000000002,1.7399999999999998,56.50000000000001,43.49999999999999,226.00000000000003,54.82775351770985,1410,0.0
1232,113,87,56.49999999999999,2.2600000000000002,1.7399999999999998,56.50000000000001,43.49999999999999,226.00000000000003,54.82775351770985,1412,0.0
1233,113,87,56.49999999999999,2.2600000000000002,1.7399999999999998,56.50000000000001,43.49999999999999,226.00000000000003,54.82775351770985,1414,0.0
1234,113,87,56.49999999999999,2.2600000000000002,1.7399999999999998,56.50000000000001,43.49999999999999,226.00000000000003,54.82775351770985,1416,0.0
1235,113,87,56.49999999999999,2.2600000000000002,1.7399999999999998,56.50000000000001,43.49999999999999,226.00000000000003,54.82775351770985,1420,0.0
1236,113,87,56.49999999999999,2.2600000000000002,1.7399999999999998,56.50000000000001,43.49999999999999,226.00000000000003,54.82775351770985,1422,0.0
1237,113,87,56.49999999999999,2.2600000000000002,1.7399999999999998,56.50000000000001,43.49999999999999,226.00000000000003,54.82775351770985,1424,0.0
1238,113,87,56.49999999999999,2.2600000000000002,1.7399999999999998,56.50000000000001,43.49999999999999,226.00000000000003,54.82775351770985,1427,0.0
1239,113,87,56.49999999999999,2.2600000000000002,1.7399999999999998,56.50000000000001,43.49999999999999,226.00000000000003,54.82775351770985,1430,0.0
1240,113,87,56.49999999999999,2.2600000000000002,1.7399999999999998,56.50000000000001,43.49999999999999,226.00000000000003,54.82775351770985,1431,0.0
1241,113,87,56.49999999999999,2.2600000000000002,1.7399999999999998,56.50000000000001,43.49999999999999,226.00000000000003,54.82775351770985,1434,0.0
1242,113,87,56.49999999999999,2.2600000000000002,1.7399999999999998,56.50000000000001,43.49999999999999,226.00000000000003,54.82775351770985,1436,0.0
1243,113,87,56.49999999999999,2.2600000000000002,1.7399999999999998,56.50000000000001,43.49999999999999,226.00000000000003,54.82775351770985,1438,0.0
1244,113,87,56.49999999999999,2.2600000000000002,1.7399999999999998,56.50000000000001,43.49999999999999,226.00000000000003,54.82775351770985,1440,0.0
1245,113,87,56.49999999999999,2.2600000000000002,1.7399999999999998,56.50000000000001,43.49999999999999,226.00000000000003,54.82775351770985,1442,0.0
1246,113,87,56.49999999999999,2.2600000000000002,1.7399999999999998,56.50000000000001,43.49999999999999,226.00000000000003,54.82775351770985,1445,0.0
1247,113,87,56.49999999999999,2.2600000000000002,1.7399999999999998,56.50000000000001,43.49999999999999,226.00000000000003,54.82775351770985,1447,0.0
1248,113,87,56.49999999999999,2.2600000000000002,1.7399999999999998,56.50000000000001,43.49999999999999,226.00000000000003,54.82775351770985,1449,0.0
1249,113,87,56.49999999999999,2.2600000000000002,1.7399999999999998,56.50000000000001,43.49999999999999,226.00000000000003,54.82775351770985,1452,0.0
1250,113,87,56.49999999999999,2.2600000000000002,1.7399999999999998,56.50000000000001,43.49999999999999,226.00000000000003,54.82775351770985,1455,0.0
1251,113,87,56.49999999999999,2.2600000000000002,1.7399999999999998,56.50000000000001,43.49999999999999,226.00000000000003,54.82775351770985,1458,0.0
1252,113,87,56.49999999999999,2.2600000000000002,1.7399999999999998,56.50000000000001,43.49999999999999,226.00000000000003,54.82775351770985,1460,0.0
1253,113,87,56.49999999999999,2.2600000000000002,1.7399999999999998,56.50000000000001,43.49999999999999,226.00000000000003,54.82775351770985,1462,0.0
1254,114,86,56.99999999999999,2.2800000000000002,1.7199999999999998,57.00000000000001,42.99999999999999,228.00000000000003,55.31295487627366,1466,2.0
1255,114,86,56.99999999999999,2.2800000000000002,1.7199999999999998,57.00000000000001,42.99999999999999,228.00000000000003,55.31295487627366,1468,0.0
1256,114,86,56.99999999999999,2.2800000000000002,1.7199999999999998,57.00000000000001,42.99999999999999,228.00000000000003,55.31295487627366,1473,0.0
1257,114,86,56.99999999999999,2.2800000000000002,1.7199999999999998,57.00000000000001,42.99999999999999,228.00000000000003,55.31295487627366,1478,0.0
1258,114,86,56.99999999999999,2.2800000000000002,1.7199999999999998,57.00000000000001,42.99999999999999,228.00000000000003,55.31295487627366,1482,0.0
1259,114,86,56.99999999999999,2.2800000000000002,1.7199999999999998,57.00000000000001,42.99999999999999,228.00000000000003,55.31295487627366,1486,0.0
1260,114,86,56.99999999999999,2.2800000000000002,1.7199999999999998,57.00000000000001,42.99999999999999,228.00000000000003,55.31295487627366,1489,0.0
1261,114,86,56.99999999999999,2.2800000000000002,1.7199999999999998,57.00000000000001,42.99999999999999,228.00000000000003,55.31295487627366,1491,0.0
1262,114,86,56.99999999999999,2.2800000000000002,1.7199999999999998,57.00000000000001,42.99999999999999,228.00000000000003,55.31295487627366,1493,0.0
1263,114,86,56.99999999999999,2.2800000000000002,1.7199999999999998,57.00000000000001,42.99999999999999,228.00000000000003,55.31295487627366,1494,0.0
1264,114,86,56.99999999999999,2.2800000000000002,1.7199999999999998,57.00000000000001,42.99999999999999,228.00000000000003,55.31295487627366,1496,0.0
1265,114,86,56.99999999999999,2.2800000000000002,1.7199999999999998,57.00000000000001,42.99999999999999,228.00000000000003,55.31295487627366,1499,0.0
1266,114,86,56.99999999999999,2.2800000000000002,1.7199999999999998,57.00000000000001,42.99999999999999,228.00000000000003,55.31295487627366,1501,0.0
1267,114,86,56.99999999999999,2.2800000000000002,1.7199999999999998,57.00000000000001,42.99999999999999,228.00000000000003,55.31295487627366,1506,0.0
1268,114,86,56.99999999999999,2.2800000000000002,1.7199999999999998,57.00000000000001,42.99999999999999,228.00000000000003,55.31295487627366,1511,0.0
1269,114,86,56.99999999999999,2.2800000000000002,1.7199999999999998,57.00000000000001,42.99999999999999,228.00000000000003,55.31295487627366,1517,0.0
1270,114,86,56.99999999999999,2.2800000000000002,1.7199999999999998,57.00000000000001,42.99999999999999,228.00000000000003,55.31295487627366,1522,0.0
1271,115,85,57.49999999999999,2.3000000000000003,1.6999999999999997,57.50000000000001,42.49999999999999,230.00000000000003,55.79815623483747,1528,2.0
1272,115,85,57.49999999999999,2.3000000000000003,1.6999999999999997,57.50000000000001,42.49999999999999,230.00000000000003,55.79815623483747,1531,0.0
1273,115,85,57.49999999999999,2.3000000000000003,1.6999999999999997,57.50000000000001,42.49999999999999,230.00000000000003,55.79815623483747,1535,0.0
1274,115,85,57.49999999999999,2.3000000000000003,1.6999999999999997,57.50000000000001,42.49999999999999,230.00000000000003,55.79815623483747,1540,0.0
1275,115,85,57.49999999999999,2.3000000000000003,1.6999999999999997,57.50000000000001,42.49999999999999,230.00000000000003,55.79815623483747,1546,0.0
1276,115,85,57.49999999999999,2.3000000000000003,1.6999999999999997,57.50000000000001,42.49999999999999,230.00000000000003,55.79815623483747,1550,0.0
1277,115,85,57.49999999999999,2.3000000000000003,1.6999999999999997,57.50000000000001,42.49999999999999,230.00000000000003,55.79815623483747,1554,0.0
1278,115,85,57.49999999999999,2.3000000000000003,1.6999999999999997,57.50000000000001,42.49999999999999,230.00000000000003,55.79815623483747,1556,0.0
1279,115,85,57.49999999999999,2.3000000000000003,1.6999999999999997,57.50000000000001,42.49999999999999,230.00000000000003,55.79815623483747,1559,0.0
1280,115,85,57.49999999999999,2.3000000000000003,1.6999999999999997,57.50000000000001,42.49999999999999,230.00000000000003,55.79815623483747,1561,0.0
1281,115,85,57.49999999999999,2.3000000000000003,1.6999999999999997,57.50000000000001,42.49999999999999,230.00000000000003,55.79815623483747,1565,0.0
1282,115,85,57.49999999999999,2.3000000000000003,1.6999999999999997,57.50000000000001,42.49999999999999,230.00000000000003,55.79815623483747,1568,0.0
1283,115,85,57.49999999999999,2.3000000000000003,1.6999999999999997,57.50000000000001,42.49999999999999,230.00000000000003,55.79815623483747,1572,0.0
1284,115,85,57.49999999999999,2.3000000000000003,1.6999999999999997,57.50000000000001,42.49999999999999,230.00000000000003,55.79815623483747,1576,0.0
1285,115,85,57.49999999999999,2.3000000000000003,1.6999999999999997,57.50000000000001,42.49999999999999,230.00000000000003,55.79815623483747,1580,0.0
1286,115,85,57.49999999999999,2.3000000000000003,1.6999999999999997,57.50000000000001,42.49999999999999,230.00000000000003,55.79815623483747,1585,0.0
1287,115,85,57.49999999999999,2.3000000000000003,1.6999999999999997,57.50000000000001,42.49999999999999,230.00000000000003,55.79815623483747,1589,0.0
1288,115,85,57.49999999999999,2.3000000000000003,1.6999999999999997,57.50000000000001,42.49999999999999,230.00000000000003,55.79815623483747,1594,0.0
1289,115,85,57.49999999999999,2.3000000000000003,1.6999999999999997,57.50000000000001,42.49999999999999,230.00000000000003,55.79815623483747,1598,0.0
1290,115,85,57.49999999999999,2.3000000000000003,1.6999999999999997,57.50000000000001,42.49999999999999,230.00000000000003,55.79815623483747,1603,0.0
1291,115,85,57.49999999999999,2.3000000000000003,1.6999999999999997,57.50000000000001,42.49999999999999,230.00000000000003,55.79815623483747,1608,0.0
1292,115,85,57.49999999999999,2.3000000000000003,1.6999999999999997,57.50000000000001,42.49999999999999,230.00000000000003,55.79815623483747,1613,0.0
1293,115,85,57.49999999999999,2.3000000000000003,1.6999999999999997,57.50000000000001,42.49999999999999,230.00000000000003,55.79815623483747,1618,0.0
1294,115,85,57.49999999999999,2.3000000000000003,1.6999999999999997,57.50000000000001,42.49999999999999,230.00000000000003,55.79815623483747,1622,0.0
1295,115,85,57.49999999999999,2.3000000000000003,1.6999999999999997,57.50000000000001,42.49999999999999,230.00000000000003,55.79815623483747,1628,0.0
1296,115,85,57.49999999999999,2.3000000000000003,1.6999999999999997,57.50000000000001,42.49999999999999,230.00000000000003,55.79815623483747,1631,0.0
1297,115,85,57.49999999999999,2.3000000000000003,1.6999999999999997,57.50000000000001,42.49999999999999,230.00000000000003,55.79815623483747,1634,0.0
1298,115,85,57.49999999999999,2.3000000000000003,1.6999999999999997,57.50000000000001,42.49999999999999,230.00000000000003,55.79815623483747,1636,0.0
1299,115,85,57.49999999999999,2.3000000000000003,1.6999999999999997,57.50000000000001,42.49999999999999,230.00000000000003,55.79815623483747,1640,0.0
1300,115,85,57.49999999999999,2.3000000000000003,1.6999999999999997,57.50000000000001,42.49999999999999,230.00000000000003,55.79815623483747,1643,0.0
1301,115,85,57.49999999999999,2.3000000000000003,1.6999999999999997,57.50000000000001,42.49999999999999,230.00000000000003,55.79815623483747,1645,0.0
1302,115,85,57.49999999999999,2.3000000000000003,1.6999999999999997,57.50000000000001,42.49999999999999,230.00000000000003,55.79815623483747,1649,0.0
1303,115,85,57.49999999999999,2.3000000000000003,1.6999999999999997,57.50000000000001,42.49999999999999,230.00000000000003,55.79815623483747,1654,0.0
1304,115,85,57.49999999999999,2.3000000000000003,1.6999999999999997,57.50000000000001,42.49999999999999,230.00000000000003,55.79815623483747,1659,0.0
1305,115,85,57.49999999999999,2.3000000000000003,1.6999999999999997,57.50000000000001,42.49999999999999,230.00000000000003,55.79815623483747,1663,0.0
1306,115,85,57.49999999999999,2.3000000000000003,1.6999999999999997,57.50000000000001,42.49999999999999,230.00000000000003,55.79815623483747,1666,0.0
1307,115,85,57.49999999999999,2.3000000000000003,1.6999999999999997,57.50000000000001,42.49999999999999,230.00000000000003,55.79815623483747,1670,0.0
1308,115,85,57.49999999999999,2.3000000000000003,1.6999999999999997,57.50000000000001,42.49999999999999,230.00000000000003,55.79815623483747,1673,0.0
1309,115,85,57.49999999999999,2.3000000000000003,1.6999999999999997,57.50000000000001,42.49999999999999,230.00000000000003,55.79815623483747,1675,0.0
1310,115,85,57.49999999999999,2.3000000000000003,1.6999999999999997,57.50000000000001,42.49999999999999,230.00000000000003,55.79815623483747,1677,0.0
1311,115,85,57.49999999999999,2.3000000000000003,1.6999999999999997,57.50000000000001,42.49999999999999,230.00000000000003,55.79815623483747,1680,0.0
1312,115,85,57.49999999999999,2.3000000000000003,1.6999999999999997,57.50000000000001,42.49999999999999,230.00000000000003,55.79815623483747,1684,0.0
1313,115,85,57.49999999999999,2.3000000000000003,1.6999999999999997,57.50000000000001,42.49999999999999,230.00000000000003,55.79815623483747,1686,0.0
1314,115,85,57.49999999999999,2.3000000000000003,1.6999999999999997,57.50000000000001,42.49999999999999,230.00000000000003,55.79815623483747,1688,0.0
1315,115,85,57.49999999999999,2.3000000000000003,1.6999999999999997,57.50000000000001,42.49999999999999,230.00000000000003,55.79815623483747,1692,0.0
1316,115,85,57.49999999999999,2.3000000000000003,1.6999999999999997,57.50000000000001,42.49999999999999,230.00000000000003,55.79815623483747,1696,0.0
1317,115,85,57.49999999999999,2.3000000000000003,1.6999999999999997,57.50000000000001,42.49999999999999,230.00000000000003,55.79815623483747,1700,0.0
1318,115,85,57.49999999999999,2.3000000000000003,1.6999999999999997,57.50000000000001,42.49999999999999,230.00000000000003,55.79815623483747,1704,0.0
1319,115,85,57.49999999999999,2.3000000000000003,1.6999999999999997,57.50000000000001,42.49999999999999,230.00000000000003,55.79815623483747,1708,0.0
1320,115,85,57.49999999999999,2.3000000000000003,1.6999999999999997,57.50000000000001,42.49999999999999,230.00000000000003,55.79815623483747,1712,0.0
1321,115,85,57.49999999999999,2.3000000000000003,1.6999999999999997,57.50000000000001,42.49999999999999,230.00000000000003,55.79815623483747,1716,0.0
1322,115,85,57.49999999999999,2.3000000000000003,1.6999999999999997,57.50000000000001,42.49999999999999,230.00000000000003,55.79815623483747,1720,0.0
1323,115,85,57.49999999999999,2.3000000000000003,1.6999999999999997,57.50000000000001,42.49999999999999,230.00000000000003,55.79815623483747,1723,0.0
1324,115,85,57.49999999999999,2.3000000000000003,1.6999999999999997,57.50000000000001,42.49999999999999,230.00000000000003,55.79815623483747,1727,0.0
1325,115,85,57.49999999999999,2.3000000000000003,1.6999999999999997,57.50000000000001,42.49999999999999,230.00000000000003,55.79815623483747,1729,0.0
1326,115,85,57.49999999999999,2.3000000000000003,1.6999999999999997,57.50000000000001,42.49999999999999,230.00000000000003,55.79815623483747,1731,0.0
1327,115,85,57.49999999999999,2.3000000000000003,1.6999999999999997,57.50000000000001,42.49999999999999,230.00000000000003,55.79815623483747,1733,0.0
1328,115,85,57.49999999999999,2.3000000000000003,1.6999999999999997,57.50000000000001,42.49999999999999,230.00000000000003,55.79815623483747,1736,0.0
1329,115,85,57.49999999999999,2.3000000000000003,1.6999999999999997,57.50000000000001,42.49999999999999,230.00000000000003,55.79815623483747,1739,0.0
1330,115,85,57.49999999999999,2.3000000000000003,1.6999999999999997,57.50000000000001,42.49999999999999,230.00000000000003,55.79815623483747,1741,0.0
1331,116,84,57.99999999999999,2.32,1.6800000000000002,57.99999999999999,42.0,231.99999999999997,56.28335759340125,1745,1.9999999999999432
1332,116,84,57.99999999999999,2.32,1.6800000000000002,57.99999999999999,42.0,231.99999999999997,56.28335759340125,1747,0.0
1333,116,84,57.99999999999999,2.32,1.6800000000000002,57.99999999999999,42.0,231.99999999999997,56.28335759340125,1752,0.0
1334,116,84,57.99999999999999,2.32,1.6800000000000002,57.99999999999999,42.0,231.99999999999997,56.28335759340125,1756,0.0
1335,116,84,57.99999999999999,2.32,1.6800000000000002,57.99999999999999,42.0,231.99999999999997,56.28335759340125,1758,0.0
1336,116,84,57.99999999999999,2.32,1.6800000000000002,57.99999999999999,42.0,231.99999999999997,56.28335759340125,1761,0.0
1337,116,84,57.99999999999999,2.32,1.6800000000000002,57.99999999999999,42.0,231.99999999999997,56.28335759340125,1764,0.0
1338,116,84,57.99999999999999,2.32,1.6800000000000002,57.99999999999999,42.0,231.99999999999997,56.28335759340125,1768,0.0
1339,116,84,57.99999999999999,2.32,1.6800000000000002,57.99999999999999,42.0,231.99999999999997,56.28335759340125,1772,0.0
1340,116,84,57.99999999999999,2.32,1.6800000000000002,57.99999999999999,42.0,231.99999999999997,56.28335759340125,1776,0.0
1341,116,84,57.99999999999999,2.32,1.6800000000000002,57.99999999999999,42.0,231.99999999999997,56.28335759340125,1780,0.0
1342,116,84,57.99999999999999,2.32,1.6800000000000002,57.99999999999999,42.0,231.99999999999997,56.28335759340125,1785,0.0
1343,116,84,57.99999999999999,2.32,1.6800000000000002,57.99999999999999,42.0,231.99999999999997,56.28335759340125,1790,0.0
1344,116,84,57.99999999999999,2.32,1.6800000000000002,57.99999999999999,42.0,231.99999999999997,56.28335759340125,1794,0.0
1345,116,84,57.99999999999999,2.32,1.6800000000000002,57.99999999999999,42.0,231.99999999999997,56.28335759340125,1798,0.0
1346,116,84,57.99999999999999,2.32,1.6800000000000002,57.99999999999999,42.0,231.99999999999997,56.28335759340125,1802,0.0
1347,116,84,57.99999999999999,2.32,1.6800000000000002,57.99999999999999,42.0,231.99999999999997,56.28335759340125,1806,0.0
1348,116,84,57.99999999999999,2.32,1.6800000000000002,57.99999999999999,42.0,231.99999999999997,56.28335759340125,1810,0.0
1349,116,84,57.99999999999999,2.32,1.6800000000000002,57.99999999999999,42.0,231.99999999999997,56.28335759340125,1814,0.0
1350,116,84,57.99999999999999,2.32,1.6800000000000002,57.99999999999999,42.0,231.99999999999997,56.28335759340125,1818,0.0
1351,116,84,57.99999999999999,2.32,1.6800000000000002,57.99999999999999,42.0,231.99999999999997,56.28335759340125,1822,0.0
1352,116,84,57.99999999999999,2.32,1.6800000000000002,57.99999999999999,42.0,231.99999999999997,56.28335759340125,1826,0.0
1353,116,84,57.99999999999999,2.32,1.6800000000000002,57.99999999999999,42.0,231.99999999999997,56.28335759340125,1830,0.0
1354,116,84,57.99999999999999,2.32,1.6800000000000002,57.99999999999999,42.0,231.99999999999997,56.28335759340125,1835,0.0
1355,116,84,57.99999999999999,2.32,1.6800000000000002,57.99999999999999,42.0,231.99999999999997,56.28335759340125,1840,0.0
1356,116,84,57.99999999999999,2.32,1.6800000000000002,57.99999999999999,42.0,231.99999999999997,56.28335759340125,1845,0.0
1357,116,84,57.99999999999999,2.32,1.6800000000000002,57.99999999999999,42.0,231.99999999999997,56.28335759340125,1849,0.0
1358,116,84,57.99999999999999,2.32,1.6800000000000002,57.99999999999999,42.0,231.99999999999997,56.28335759340125,1853,0.0
1359,116,84,57.99999999999999,2.32,1.6800000000000002,57.99999999999999,42.0,231.99999999999997,56.28335759340125,1857,0.0
1360,116,84,57.99999999999999,2.32,1.6800000000000002,57.99999999999999,42.0,231.99999999999997,56.28335759340125,1861,0.0
1361,116,84,57.99999999999999,2.32,1.6800000000000002,57.99999999999999,42.0,231.99999999999997,56.28335759340125,1866,0.0
1362,116,84,57.99999999999999,2.32,1.6800000000000002,57.99999999999999,42.0,231.99999999999997,56.28335759340125,1871,0.0
1363,116,84,57.99999999999999,2.32,1.6800000000000002,57.99999999999999,42.0,231.99999999999997,56.28335759340125,1874,0.0
1364,116,84,57.99999999999999,2.32,1.6800000000000002,57.99999999999999,42.0,231.99999999999997,56.28335759340125,1878,0.0
1365,116,84,57.99999999999999,2.32,1.6800000000000002,57.99999999999999,42.0,231.99999999999997,56.28335759340125,1882,0.0
1366,116,84,57.99999999999999,2.32,1.6800000000000002,57.99999999999999,42.0,231.99999999999997,56.28335759340125,1886,0.0
1367,116,84,57.99999999999999,2.32,1.6800000000000002,57.99999999999999,42.0,231.99999999999997,56.28335759340125,1889,0.0
1368,116,84,57.99999999999999,2.32,1.6800000000000002,57.99999999999999,42.0,231.99999999999997,56.28335759340125,1892,0.0
1369,116,84,57.99999999999999,2.32,1.6800000000000002,57.99999999999999,42.0,231.99999999999997,56.28335759340125,1895,0.0
1370,116,84,57.99999999999999,2.32,1.6800000000000002,57.99999999999999,42.0,231.99999999999997,56.28335759340125,1898,0.0
1371,116,84,57.99999999999999,2.32,1.6800000000000002,57.99999999999999,42.0,231.99999999999997,56.28335759340125,1901,0.0
1372,116,84,57.99999999999999,2.32,1.6800000000000002,57.99999999999999,42.0,231.99999999999997,56.28335759340125,1904,0.0
1373,116,84,57.99999999999999,2.32,1.6800000000000002,57.99999999999999,42.0,231.99999999999997,56.28335759340125,1907,0.0
1374,116,84,57.99999999999999,2.32,1.6800000000000002,57.99999999999999,42.0,231.99999999999997,56.28335759340125,1910,0.0
1375,116,84,57.99999999999999,2.32,1.6800000000000002,57.99999999999999,42.0,231.99999999999997,56.28335759340125,1913,0.0
1376,116,84,57.99999999999999,2.32,1.6800000000000002,57.99999999999999,42.0,231.99999999999997,56.28335759340125,1916,0.0
1377,116,84,57.99999999999999,2.32,1.6800000000000002,57.99999999999999,42.0,231.99999999999997,56.28335759340125,1919,0.0
1378,116,84,57.99999999999999,2.32,1.6800000000000002,57.99999999999999,42.0,231.99999999999997,56.28335759340125,1921,0.0
1379,117,83,58.5,2.34,1.6600000000000001,58.49999999999999,41.5,233.99999999999997,56.76855895196506,1924,2.0
1380,117,83,58.5,2.34,1.6600000000000001,58.49999999999999,41.5,233.99999999999997,56.76855895196506,1926,0.0
1381,117,83,58.5,2.34,1.6600000000000001,58.49999999999999,41.5,233.99999999999997,56.76855895196506,1927,0.0
1382,117,83,58.5,2.34,1.6600000000000001,58.49999999999999,41.5,233.99999999999997,56.76855895196506,1928,0.0
1383,117,83,58.5,2.34,1.6600000000000001,58.49999999999999,41.5,233.99999999999997,56.76855895196506,1930,0.0
1384,117,83,58.5,2.34,1.6600000000000001,58.49999999999999,41.5,233.99999999999997,56.76855895196506,1932,0.0
1385,117,83,58.5,2.34,1.6600000000000001,58.49999999999999,41.5,233.99999999999997,56.76855895196506,1933,0.0
1386,117,83,58.5,2.34,1.6600000000000001,58.49999999999999,41.5,233.99999999999997,56.76855895196506,1934,0.0
1387,117,83,58.5,2.34,1.6600000000000001,58.49999999999999,41.5,233.99999999999997,56.76855895196506,1936,0.0
1388,118,82,59.0,2.36,1.6400000000000001,58.99999999999999,41.0,235.99999999999997,57.25376031052887,1939,2.0
1389,118,82,59.0,2.36,1.6400000000000001,58.99999999999999,41.0,235.99999999999997,57.25376031052887,1941,0.0
1390,118,82,59.0,2.36,1.6400000000000001,58.99999999999999,41.0,235.99999999999997,57.25376031052887,1943,0.0
1391,118,82,59.0,2.36,1.6400000000000001,58.99999999999999,41.0,235.99999999999997,57.25376031052887,1945,0.0
1392,118,82,59.0,2.36,1.6400000000000001,58.99999999999999,41.0,235.99999999999997,57.25376031052887,1947,0.0
1393,118,82,59.0,2.36,1.6400000000000001,58.99999999999999,41.0,235.99999999999997,57.25376031052887,1949,0.0
1394,118,82,59.0,2.36,1.6400000000000001,58.99999999999999,41.0,235.99999999999997,57.25376031052887,1951,0.0
1395,118,82,59.0,2.36,1.6400000000000001,58.99999999999999,41.0,235.99999999999997,57.25376031052887,1952,0.0
1396,118,82,59.0,2.36,1.6400000000000001,58.99999999999999,41.0,235.99999999999997,57.25376031052887,1953,0.0
1397,118,82,59.0,2.36,1.6400000000000001,58.99999999999999,41.0,235.99999999999997,57.25376031052887,1955,0.0
1398,118,82,59.0,2.36,1.6400000000000001,58.99999999999999,41.0,235.99999999999997,57.25376031052887,1957,0.0
1399,118,82,59.0,2.36,1.6400000000000001,58.99999999999999,41.0,235.99999999999997,57.25376031052887,1960,0.0
1400,118,82,59.0,2.36,1.6400000000000001,58.99999999999999,41.0,235.99999999999997,57.25376031052887,1963,0.0
1401,118,82,59.0,2.36,1.6400000000000001,58.99999999999999,41.0,235.99999999999997,57.25376031052887,1965,0.0
1402,118,82,59.0,2.36,1.6400000000000001,58.99999999999999,41.0,235.99999999999997,57.25376031052887,1967,0.0
1403,118,82,59.0,2.36,1.6400000000000001,58.99999999999999,41.0,235.99999999999997,57.25376031052887,1969,0.0
1404,118,82,59.0,2.36,1.6400000000000001,58.99999999999999,41.0,235.99999999999997,57.25376031052887,1971,0.0
1405,118,82,59.0,2.36,1.6400000000000001,58.99999999999999,41.0,235.99999999999997,57.25376031052887,1973,0.0
1406,118,82,59.0,2.36,1.6400000000000001,58.99999999999999,41.0,235.99999999999997,57.25376031052887,1975,0.0
1407,118,82,59.0,2.36,1.6400000000000001,58.99999999999999,41.0,235.99999999999997,57.25376031052887,1977,0.0
1408,118,82,59.0,2.36,1.6400000000000001,58.99999999999999,41.0,235.99999999999997,57.25376031052887,1979,0.0
1409,118,82,59.0,2.36,1.6400000000000001,58.99999999999999,41.0,235.99999999999997,57.25376031052887,1981,0.0
1410,118,82,59.0,2.36,1.6400000000000001,58.99999999999999,41.0,235.99999999999997,57.25376031052887,1983,0.0
1411,118,82,59.0,2.36,1.6400000000000001,58.99999999999999,41.0,235.99999999999997,57.25376031052887,1984,0.0
1412,118,82,59.0,2.36,1.6400000000000001,58.99999999999999,41.0,235.99999999999997,57.25376031052887,1986,0.0
1413,118,82,59.0,2.36,1.6400000000000001,58.99999999999999,41.0,235.99999999999997,57.25376031052887,1989,0.0
1414,118,82,59.0,2.36,1.6400000000000001,58.99999999999999,41.0,235.99999999999997,57.25376031052887,1992,0.0
1415,118,82,59.0,2.36,1.6400000000000001,58.99999999999999,41.0,235.99999999999997,57.25376031052887,1995,0.0
1416,119,81,59.5,2.38,1.62,59.49999999999999,40.5,237.99999999999997,57.73896166909267,1999,2.0
1417,119,81,59.5,2.38,1.62,59.49999999999999,40.5,237.99999999999997,57.73896166909267,2001,0.0
1418,119,81,59.5,2.38,1.62,59.49999999999999,40.5,237.99999999999997,57.73896166909267,2003,0.0
1419,119,81,59.5,2.38,1.62,59.49999999999999,40.5,237.99999999999997,57.73896166909267,2005,0.0
1420,119,81,59.5,2.38,1.62,59.49999999999999,40.5,237.99999999999997,57.73896166909267,2007,0.0
1421,119,81,59.5,2.38,1.62,59.49999999999999,40.5,237.99999999999997,57.73896166909267,2009,0.0
1422,119,81,59.5,2.38,1.62,59.49999999999999,40.5,237.99999999999997,57.73896166909267,2011,0.0
1423,119,81,59.5,2.38,1.62,59.49999999999999,40.5,237.99999999999997,57.73896166909267,2012,0.0
1424,119,81,59.5,2.38,1.62,59.49999999999999,40.5,237.99999999999997,57.73896166909267,2013,0.0
1425,119,81,59.5,2.38,1.62,59.49999999999999,40.5,237.99999999999997,57.73896166909267,2014,0.0
1426,119,81,59.5,2.38,1.62,59.49999999999999,40.5,237.99999999999997,57.73896166909267,2014,0.0
1427,119,81,59.5,2.38,1.62,59.49999999999999,40.5,237.99999999999997,57.73896166909267,2014,0.0
1428,119,81,59.5,2.38,1.62,59.49999999999999,40.5,237.99999999999997,57.73896166909267,2015,0.0
1429,119,81,59.5,2.38,1.62,59.49999999999999,40.5,237.99999999999997,57.73896166909267,2016,0.0
1430,119,81,59.5,2.38,1.62,59.49999999999999,40.5,237.99999999999997,57.73896166909267,2017,0.0
1431,119,81,59.5,2.38,1.62,59.49999999999999,40.5,237.99999999999997,57.73896166909267,2018,0.0
1432,119,81,59.5,2.38,1.62,59.49999999999999,40.5,237.99999999999997,57.73896166909267,2019,0.0
1433,119,81,59.5,2.38,1.62,59.49999999999999,40.5,237.99999999999997,57.73896166909267,2020,0.0
1434,119,81,59.5,2.38,1.62,59.49999999999999,40.5,237.99999999999997,57.73896166909267,2021,0.0
1435,119,81,59.5,2.38,1.62,59.49999999999999,40.5,237.99999999999997,57.73896166909267,2022,0.0
1436,119,81,59.5,2.38,1.62,59.49999999999999,40.5,237.99999999999997,57.73896166909267,2023,0.0
1437,119,81,59.5,2.38,1.62,59.49999999999999,40.5,237.99999999999997,57.73896166909267,2024,0.0
1438,119,81,59.5,2.38,1.62,59.49999999999999,40.5,237.99999999999997,57.73896166909267,2025,0.0
1439,119,81,59.5,2.38,1.62,59.49999999999999,40.5,237.99999999999997,57.73896166909267,2026,0.0
1440,119,81,59.5,2.38,1.62,59.49999999999999,40.5,237.99999999999997,57.73896166909267,2027,0.0
1441,119,81,59.5,2.38,1.62,59.49999999999999,40.5,237.99999999999997,57.73896166909267,2028,0.0
1442,119,81,59.5,2.38,1.62,59.49999999999999,40.5,237.99999999999997,57.73896166909267,2029,0.0
1443,119,81,59.5,2.38,1.62,59.49999999999999,40.5,237.99999999999997,57.73896166909267,2031,0.0
1444,119,81,59.5,2.38,1.62,59.49999999999999,40.5,237.99999999999997,57.73896166909267,2033,0.0
1445,119,81,59.5,2.38,1.62,59.49999999999999,40.5,237.99999999999997,57.73896166909267,2035,0.0
1446,119,81,59.5,2.38,1.62,59.49999999999999,40.5,237.99999999999997,57.73896166909267,2037,0.0
1447,119,81,59.5,2.38,1.62,59.49999999999999,40.5,237.99999999999997,57.73896166909267,2039,0.0
1448,119,81,59.5,2.38,1.62,59.49999999999999,40.5,237.99999999999997,57.73896166909267,2042,0.0
1449,119,81,59.5,2.38,1.62,59.49999999999999,40.5,237.99999999999997,57.73896166909267,2044,0.0
1450,119,81,59.5,2.38,1.62,59.49999999999999,40.5,237.99999999999997,57.73896166909267,2046,0.0
1451,119,81,59.5,2.38,1.62,59.49999999999999,40.5,237.99999999999997,57.73896166909267,2048,0.0
1452,119,81,59.5,2.38,1.62,59.49999999999999,40.5,237.99999999999997,57.73896166909267,2050,0.0
1453,119,81,59.5,2.38,1.62,59.49999999999999,40.5,237.99999999999997,57.73896166909267,2052,0.0
1454,119,81,59.5,2.38,1.62,59.49999999999999,40.5,237.99999999999997,57.73896166909267,2054,0.0
1455,119,81,59.5,2.38,1.62,59.49999999999999,40.5,237.99999999999997,57.73896166909267,2057,0.0
1456,119,81,59.5,2.38,1.62,59.49999999999999,40.5,237.99999999999997,57.73896166909267,2060,0.0
1457,120,80,60.0,2.4,1.6,60.0,40.0,240.0,58.22416302765648,2064,2.0000000000000284
1458,120,80,60.0,2.4,1.6,60.0,40.0,240.0,58.22416302765648,2067,0.0
1459,120,80,60.0,2.4,1.6,60.0,40.0,240.0,58.22416302765648,2069,0.0
1460,120,80,60.0,2.4,1.6,60.0,40.0,240.0,58.22416302765648,2072,0.0
1461,120,80,60.0,2.4,1.6,60.0,40.0,240.0,58.22416302765648,2074,0.0
1462,120,80,60.0,2.4,1.6,60.0,40.0,240.0,58.22416302765648,2075,0.0
1463,120,80,60.0,2.4,1.6,60.0,40.0,240.0,58.22416302765648,2076,0.0
1464,120,80,60.0,2.4,1.6,60.0,40.0,240.0,58.22416302765648,2077,0.0
1465,120,80,60.0,2.4,1.6,60.0,40.0,240.0,58.22416302765648,2078,0.0
1466,120,80,60.0,2.4,1.6,60.0,40.0,240.0,58.22416302765648,2079,0.0
1467,120,80,60.0,2.4,1.6,60.0,40.0,240.0,58.22416302765648,2080,0.0
1468,120,80,60.0,2.4,1.6,60.0,40.0,240.0,58.22416302765648,2082,0.0
1469,120,80,60.0,2.4,1.6,60.0,40.0,240.0,58.22416302765648,2083,0.0
1470,120,80,60.0,2.4,1.6,60.0,40.0,240.0,58.22416302765648,2084,0.0
1471,120,80,60.0,2.4,1.6,60.0,40.0,240.0,58.22416302765648,2084,0.0
1472,120,80,60.0,2.4,1.6,60.0,40.0,240.0,58.22416302765648,2085,0.0
1473,120,80,60.0,2.4,1.6,60.0,40.0,240.0,58.22416302765648,2086,0.0
1474,120,80,60.0,2.4,1.6,60.0,40.0,240.0,58.22416302765648,2086,0.0
1475,120,80,60.0,2.4,1.6,60.0,40.0,240.0,58.22416302765648,2086,0.0
1476,120,80,60.0,2.4,1.6,60.0,40.0,240.0,58.22416302765648,2086,0.0
1477,120,80,60.0,2.4,1.6,60.0,40.0,240.0,58.22416302765648,2086,0.0
1478,120,80,60.0,2.4,1.6,60.0,40.0,240.0,58.22416302765648,2086,0.0
1479,120,80,60.0,2.4,1.6,60.0,40.0,240.0,58.22416302765648,2086,0.0
1480,120,80,60.0,2.4,1.6,60.0,40.0,240.0,58.22416302765648,2086,0.0
1481,120,80,60.0,2.4,1.6,60.0,40.0,240.0,58.22416302765648,2086,0.0
1482,120,80,60.0,2.4,1.6,60.0,40.0,240.0,58.22416302765648,2086,0.0
1483,120,80,60.0,2.4,1.6,60.0,40.0,240.0,58.22416302765648,2086,0.0
1484,120,80,60.0,2.4,1.6,60.0,40.0,240.0,58.22416302765648,2086,0.0
1485,120,80,60.0,2.4,1.6,60.0,40.0,240.0,58.22416302765648,2086,0.0
1486,120,80,60.0,2.4,1.6,60.0,40.0,240.0,58.22416302765648,2087,0.0
1487,120,80,60.0,2.4,1.6,60.0,40.0,240.0,58.22416302765648,2088,0.0
1488,120,80,60.0,2.4,1.6,60.0,40.0,240.0,58.22416302765648,2089,0.0
1489,120,80,60.0,2.4,1.6,60.0,40.0,240.0,58.22416302765648,2090,0.0
1490,120,80,60.0,2.4,1.6,60.0,40.0,240.0,58.22416302765648,2091,0.0
1491,120,80,60.0,2.4,1.6,60.0,40.0,240.0,58.22416302765648,2092,0.0
1492,120,80,60.0,2.4,1.6,60.0,40.0,240.0,58.22416302765648,2094,0.0
1493,120,80,60.0,2.4,1.6,60.0,40.0,240.0,58.22416302765648,2096,0.0
1494,120,80,60.0,2.4,1.6,60.0,40.0,240.0,58.22416302765648,2098,0.0
1495,120,80,60.0,2.4,1.6,60.0,40.0,240.0,58.22416302765648,2100,0.0
1496,120,80,60.0,2.4,1.6,60.0,40.0,240.0,58.22416302765648,2102,0.0
1497,120,80,60.0,2.4,1.6,60.0,40.0,240.0,58.22416302765648,2102,0.0
1498,120,80,60.0,2.4,1.6,60.0,40.0,240.0,58.22416302765648,2103,0.0
1499,120,80,60.0,2.4,1.6,60.0,40.0,240.0,58.22416302765648,2104,0.0
1500,120,80,60.0,2.4,1.6,60.0,40.0,240.0,58.22416302765648,2105,0.0
