step,n_adsorbed,n_free,percent_adsorbed,m_adsorbed_mg,m_free_mg,c_pdf_mg_l,c_remaining_mg_l,qt_mg_g,percent_qmax,n_contacts,dqt_per_step
0,0,200,0.0,0.0,4.0,0.0,100.0,0.0,0.0,0,0.0
1,4,196,2.0,0.08,3.92,2.0,98.0,8.0,1.9408054342552161,4,8.0
2,5,195,2.5,0.1,3.9,2.5,97.5,10.0,2.42600679281902,5,2.0
3,6,194,3.0,0.12,3.88,3.0,97.0,12.0,2.911208151382824,6,2.0
4,10,190,5.0,0.2,3.8,5.0,95.0,20.0,4.85201358563804,10,8.0
5,15,185,7.5,0.3,3.7,7.5,92.5,30.0,7.27802037845706,15,10.0
6,16,184,8.0,0.32,3.68,8.0,92.0,32.0,7.7632217370208645,16,2.0
7,16,184,8.0,0.32,3.68,8.0,92.0,32.0,7.7632217370208645,16,0.0
8,16,184,8.0,0.32,3.68,8.0,92.0,32.0,7.7632217370208645,16,0.0
9,19,181,9.5,0.38,3.62,9.5,90.5,38.0,9.218825812712275,19,6.0
10,20,180,10.0,0.4,3.6,10.0,90.0,40.0,9.70402717127608,20,2.0
11,21,179,10.5,0.42,3.58,10.5,89.5,42.0,10.189228529839884,21,2.0
12,21,179,10.5,0.42,3.58,10.5,89.5,42.0,10.189228529839884,21,0.0
13,22,178,11.0,0.44,3.56,11.0,89.0,44.0,10.674429888403687,22,2.0
14,22,178,11.0,0.44,3.56,11.0,89.0,44.0,10.674429888403687,22,0.0
15,23,177,11.5,0.46,3.54,11.5,88.5,46.0,11.159631246967491,23,2.0
16,26,174,13.0,0.52,3.48,13.0,87.0,52.0,12.615235322658904,26,6.0
17,28,172,14.000000000000002,0.56,3.44,14.000000000000002,86.0,56.00000000000001,13.585638039786513,28,4.000000000000007
18,29,171,14.499999999999998,0.58,3.42,14.499999999999998,85.5,57.99999999999999,14.070839398350312,29,1.9999999999999858
19,29,171,14.499999999999998,0.58,3.42,14.499999999999998,85.5,57.99999999999999,14.070839398350312,29,0.0
20,29,171,14.499999999999998,0.58,3.42,14.499999999999998,85.5,57.99999999999999,14.070839398350312,29,0.0
21,32,168,16.0,0.64,3.36,16.0,84.0,64.0,15.526443474041729,32,6.000000000000007
22,32,168,16.0,0.64,3.36,16.0,84.0,64.0,15.526443474041729,32,0.0
23,33,167,16.5,0.66,3.34,16.5,83.5,66.0,16.011644832605533,33,2.0
24,34,166,17.0,0.68,3.32,17.0,83.0,68.0,16.496846191169336,34,2.0
25,36,164,18.0,0.72,3.2800000000000002,18.0,82.0,72.0,17.467248908296945,36,4.0
26,37,163,18.5,0.74,3.26,18.5,81.5,74.0,17.952450266860748,37,2.0
27,37,163,18.5,0.74,3.26,18.5,81.5,74.0,17.952450266860748,37,0.0
28,38,162,19.0,0.76,3.24,19.0,81.0,76.0,18.43765162542455,38,2.0
29,40,160,20.0,0.8,3.2,20.0,80.0,80.0,19.40805434255216,40,4.0
30,41,159,20.5,0.8200000000000001,3.1799999999999997,20.5,79.49999999999999,82.0,19.893255701115965,41,2.0
31,41,159,20.5,0.8200000000000001,3.1799999999999997,20.5,79.49999999999999,82.0,19.893255701115965,41,0.0
32,43,157,21.5,0.86,3.14,21.5,78.5,86.0,20.86365841824357,43,4.0
33,43,157,21.5,0.86,3.14,21.5,78.5,86.0,20.86365841824357,43,0.0
34,43,157,21.5,0.86,3.14,21.5,78.5,86.0,20.86365841824357,43,0.0
35,44,156,22.0,0.88,3.12,22.0,78.0,88.0,21.348859776807373,44,2.0
36,44,156,22.0,0.88,3.12,22.0,78.0,88.0,21.348859776807373,44,0.0
37,44,156,22.0,0.88,3.12,22.0,78.0,88.0,21.348859776807373,44,0.0
38,44,156,22.0,0.88,3.12,22.0,78.0,88.0,21.348859776807373,44,0.0
39,44,156,22.0,0.88,3.12,22.0,78.0,88.0,21.348859776807373,44,0.0
40,44,156,22.0,0.88,3.12,22.0,78.0,88.0,21.348859776807373,44,0.0
41,45,155,22.5,0.9,3.1,22.5,77.5,90.0,21.83406113537118,45,2.0
42,45,155,22.5,0.9,3.1,22.5,77.5,90.0,21.83406113537118,45,0.0
43,45,155,22.5,0.9,3.1,22.5,77.5,90.0,21.83406113537118,45,0.0
44,45,155,22.5,0.9,3.1,22.5,77.5,90.0,21.83406113537118,45,0.0
45,45,155,22.5,0.9,3.1,22.5,77.5,90.0,21.83406113537118,45,0.0
46,45,155,22.5,0.9,3.1,22.5,77.5,90.0,21.83406113537118,45,0.0
47,45,155,22.5,0.9,3.1,22.5,77.5,90.0,21.83406113537118,45,0.0
48,45,155,22.5,0.9,3.1,22.5,77.5,90.0,21.83406113537118,45,0.0
49,46,154,23.0,0.92,3.08,23.0,77.0,92.0,22.319262493934982,46,2.0
50,46,154,23.0,0.92,3.08,23.0,77.0,92.0,22.319262493934982,46,0.0
51,46,154,23.0,0.92,3.08,23.0,77.0,92.0,22.319262493934982,46,0.0
52,47,153,23.5,0.9400000000000001,3.06,23.5,76.5,94.0,22.804463852498788,47,2.0
53,48,152,24.0,0.96,3.04,24.0,76.0,96.0,23.28966521106259,48,2.0
54,49,151,24.5,0.98,3.02,24.5,75.5,98.0,23.774866569626397,49,2.0
55,49,151,24.5,0.98,3.02,24.5,75.5,98.0,23.774866569626397,49,0.0
56,49,151,24.5,0.98,3.02,24.5,75.5,98.0,23.774866569626397,49,0.0
57,49,151,24.5,0.98,3.02,24.5,75.5,98.0,23.774866569626397,49,0.0
58,49,151,24.5,0.98,3.02,24.5,75.5,98.0,23.774866569626397,49,0.0
59,49,151,24.5,0.98,3.02,24.5,75.5,98.0,23.774866569626397,49,0.0
60,50,150,25.0,1.0,3.0,25.0,75.0,100.0,24.2600679281902,50,2.0
61,50,150,25.0,1.0,3.0,25.0,75.0,100.0,24.2600679281902,50,0.0
62,50,150,25.0,1.0,3.0,25.0,75.0,100.0,24.2600679281902,50,0.0
63,50,150,25.0,1.0,3.0,25.0,75.0,100.0,24.2600679281902,50,0.0
64,50,150,25.0,1.0,3.0,25.0,75.0,100.0,24.2600679281902,50,0.0
65,51,149,25.5,1.02,2.98,25.5,74.5,102.0,24.745269286754006,51,2.0
66,51,149,25.5,1.02,2.98,25.5,74.5,102.0,24.745269286754006,51,0.0
67,51,149,25.5,1.02,2.98,25.5,74.5,102.0,24.745269286754006,51,0.0
68,51,149,25.5,1.02,2.98,25.5,74.5,102.0,24.745269286754006,51,0.0
69,52,148,26.0,1.04,2.96,26.0,74.0,104.0,25.23047064531781,52,2.0
70,52,148,26.0,1.04,2.96,26.0,74.0,104.0,25.23047064531781,52,0.0
71,52,148,26.0,1.04,2.96,26.0,74.0,104.0,25.23047064531781,53,0.0
72,52,148,26.0,1.04,2.96,26.0,74.0,104.0,25.23047064531781,54,0.0
73,52,148,26.0,1.04,2.96,26.0,74.0,104.0,25.23047064531781,55,0.0
74,52,148,26.0,1.04,2.96,26.0,74.0,104.0,25.23047064531781,56,0.0
75,52,148,26.0,1.04,2.96,26.0,74.0,104.0,25.23047064531781,57,0.0
76,52,148,26.0,1.04,2.96,26.0,74.0,104.0,25.23047064531781,58,0.0
77,52,148,26.0,1.04,2.96,26.0,74.0,104.0,25.23047064531781,59,0.0
78,52,148,26.0,1.04,2.96,26.0,74.0,104.0,25.23047064531781,60,0.0
79,55,145,27.500000000000004,1.1,2.9,27.5,72.5,110.0,26.686074721009216,64,6.0
80,55,145,27.500000000000004,1.1,2.9,27.5,72.5,110.0,26.686074721009216,65,0.0
81,57,143,28.499999999999996,1.1400000000000001,2.86,28.500000000000004,71.5,114.00000000000001,27.65647743813683,68,4.000000000000014
82,57,143,28.499999999999996,1.1400000000000001,2.86,28.500000000000004,71.5,114.00000000000001,27.65647743813683,68,0.0
83,57,143,28.499999999999996,1.1400000000000001,2.86,28.500000000000004,71.5,114.00000000000001,27.65647743813683,69,0.0
84,58,142,28.999999999999996,1.16,2.84,28.999999999999996,71.0,115.99999999999999,28.141678796700624,72,1.9999999999999716
85,58,142,28.999999999999996,1.16,2.84,28.999999999999996,71.0,115.99999999999999,28.141678796700624,74,0.0
86,59,141,29.5,1.18,2.8200000000000003,29.499999999999996,70.5,117.99999999999999,28.626880155264434,77,2.0
87,59,141,29.5,1.18,2.8200000000000003,29.499999999999996,70.5,117.99999999999999,28.626880155264434,79,0.0
88,59,141,29.5,1.18,2.8200000000000003,29.499999999999996,70.5,117.99999999999999,28.626880155264434,81,0.0
89,59,141,29.5,1.18,2.8200000000000003,29.499999999999996,70.5,117.99999999999999,28.626880155264434,83,0.0
90,59,141,29.5,1.18,2.8200000000000003,29.499999999999996,70.5,117.99999999999999,28.626880155264434,85,0.0
91,59,141,29.5,1.18,2.8200000000000003,29.499999999999996,70.5,117.99999999999999,28.626880155264434,87,0.0
92,60,140,30.0,1.2,2.8,30.0,70.0,120.0,29.11208151382824,90,2.000000000000014
93,60,140,30.0,1.2,2.8,30.0,70.0,120.0,29.11208151382824,92,0.0
94,60,140,30.0,1.2,2.8,30.0,70.0,120.0,29.11208151382824,94,0.0
95,60,140,30.0,1.2,2.8,30.0,70.0,120.0,29.11208151382824,96,0.0
96,62,138,31.0,1.24,2.76,31.0,69.0,124.0,30.082484230955846,100,4.0
97,63,137,31.5,1.26,2.74,31.5,68.5,126.0,30.567685589519648,103,2.0
98,63,137,31.5,1.26,2.74,31.5,68.5,126.0,30.567685589519648,105,0.0
99,63,137,31.5,1.26,2.74,31.5,68.5,126.0,30.567685589519648,107,0.0
100,64,136,32.0,1.28,2.7199999999999998,32.0,67.99999999999999,128.0,31.052886948083458,110,2.0
101,64,136,32.0,1.28,2.7199999999999998,32.0,67.99999999999999,128.0,31.052886948083458,112,0.0
102,64,136,32.0,1.28,2.7199999999999998,32.0,67.99999999999999,128.0,31.052886948083458,113,0.0
103,65,135,32.5,1.3,2.7,32.5,67.5,130.0,31.53808830664726,115,2.0
104,65,135,32.5,1.3,2.7,32.5,67.5,130.0,31.53808830664726,116,0.0
105,65,135,32.5,1.3,2.7,32.5,67.5,130.0,31.53808830664726,117,0.0
106,65,135,32.5,1.3,2.7,32.5,67.5,130.0,31.53808830664726,117,0.0
107,65,135,32.5,1.3,2.7,32.5,67.5,130.0,31.53808830664726,117,0.0
108,65,135,32.5,1.3,2.7,32.5,67.5,130.0,31.53808830664726,117,0.0
109,66,134,33.0,1.32,2.6799999999999997,33.0,66.99999999999999,132.0,32.02328966521107,119,2.0
110,66,134,33.0,1.32,2.6799999999999997,33.0,66.99999999999999,132.0,32.02328966521107,120,0.0
111,66,134,33.0,1.32,2.6799999999999997,33.0,66.99999999999999,132.0,32.02328966521107,121,0.0
112,66,134,33.0,1.32,2.6799999999999997,33.0,66.99999999999999,132.0,32.02328966521107,122,0.0
113,66,134,33.0,1.32,2.6799999999999997,33.0,66.99999999999999,132.0,32.02328966521107,123,0.0
114,67,133,33.5,1.34,2.66,33.5,66.5,134.0,32.508491023774866,126,2.0
115,67,133,33.5,1.34,2.66,33.5,66.5,134.0,32.508491023774866,127,0.0
116,68,132,34.0,1.36,2.6399999999999997,34.0,65.99999999999999,136.0,32.99369238233867,129,2.0
117,68,132,34.0,1.36,2.6399999999999997,34.0,65.99999999999999,136.0,32.99369238233867,131,0.0
118,68,132,34.0,1.36,2.6399999999999997,34.0,65.99999999999999,136.0,32.99369238233867,133,0.0
119,68,132,34.0,1.36,2.6399999999999997,34.0,65.99999999999999,136.0,32.99369238233867,135,0.0
120,68,132,34.0,1.36,2.6399999999999997,34.0,65.99999999999999,136.0,32.99369238233867,136,0.0
121,68,132,34.0,1.36,2.6399999999999997,34.0,65.99999999999999,136.0,32.99369238233867,138,0.0
122,68,132,34.0,1.36,2.6399999999999997,34.0,65.99999999999999,136.0,32.99369238233867,139,0.0
123,68,132,34.0,1.36,2.6399999999999997,34.0,65.99999999999999,136.0,32.99369238233867,140,0.0
124,68,132,34.0,1.36,2.6399999999999997,34.0,65.99999999999999,136.0,32.99369238233867,141,0.0
125,68,132,34.0,1.36,2.6399999999999997,34.0,65.99999999999999,136.0,32.99369238233867,142,0.0
126,68,132,34.0,1.36,2.6399999999999997,34.0,65.99999999999999,136.0,32.99369238233867,143,0.0
127,68,132,34.0,1.36,2.6399999999999997,34.0,65.99999999999999,136.0,32.99369238233867,143,0.0
128,68,132,34.0,1.36,2.6399999999999997,34.0,65.99999999999999,136.0,32.99369238233867,143,0.0
129,68,132,34.0,1.36,2.6399999999999997,34.0,65.99999999999999,136.0,32.99369238233867,144,0.0
130,68,132,34.0,1.36,2.6399999999999997,34.0,65.99999999999999,136.0,32.99369238233867,145,0.0
131,68,132,34.0,1.36,2.6399999999999997,34.0,65.99999999999999,136.0,32.99369238233867,146,0.0
132,68,132,34.0,1.36,2.6399999999999997,34.0,65.99999999999999,136.0,32.99369238233867,147,0.0
133,68,132,34.0,1.36,2.6399999999999997,34.0,65.99999999999999,136.0,32.99369238233867,149,0.0
134,68,132,34.0,1.36,2.6399999999999997,34.0,65.99999999999999,136.0,32.99369238233867,150,0.0
135,68,132,34.0,1.36,2.6399999999999997,34.0,65.99999999999999,136.0,32.99369238233867,150,0.0
136,68,132,34.0,1.36,2.6399999999999997,34.0,65.99999999999999,136.0,32.99369238233867,151,0.0
137,68,132,34.0,1.36,2.6399999999999997,34.0,65.99999999999999,136.0,32.99369238233867,152,0.0
138,70,130,35.0,1.4000000000000001,2.5999999999999996,35.0,64.99999999999999,140.0,33.96409509946628,155,4.0
139,70,130,35.0,1.4000000000000001,2.5999999999999996,35.0,64.99999999999999,140.0,33.96409509946628,155,0.0
140,70,130,35.0,1.4000000000000001,2.5999999999999996,35.0,64.99999999999999,140.0,33.96409509946628,155,0.0
141,71,129,35.5,1.42,2.58,35.5,64.5,142.0,34.449296458030084,157,2.0
142,71,129,35.5,1.42,2.58,35.5,64.5,142.0,34.449296458030084,158,0.0
143,72,128,36.0,1.44,2.56,36.0,64.0,144.0,34.93449781659389,159,2.0
144,73,127,36.5,1.46,2.54,36.5,63.5,146.0,35.419699175157696,160,2.0
145,74,126,37.0,1.48,2.52,37.0,63.0,148.0,35.904900533721495,162,2.0
146,75,125,37.5,1.5,2.5,37.5,62.5,150.0,36.3901018922853,163,2.0
147,75,125,37.5,1.5,2.5,37.5,62.5,150.0,36.3901018922853,163,0.0
148,76,124,38.0,1.52,2.48,38.0,62.0,152.0,36.8753032508491,164,2.0
149,76,124,38.0,1.52,2.48,38.0,62.0,152.0,36.8753032508491,164,0.0
150,76,124,38.0,1.52,2.48,38.0,62.0,152.0,36.8753032508491,165,0.0
151,76,124,38.0,1.52,2.48,38.0,62.0,152.0,36.8753032508491,166,0.0
152,76,124,38.0,1.52,2.48,38.0,62.0,152.0,36.8753032508491,167,0.0
153,76,124,38.0,1.52,2.48,38.0,62.0,152.0,36.8753032508491,168,0.0
154,76,124,38.0,1.52,2.48,38.0,62.0,152.0,36.8753032508491,168,0.0
155,76,124,38.0,1.52,2.48,38.0,62.0,152.0,36.8753032508491,169,0.0
156,76,124,38.0,1.52,2.48,38.0,62.0,152.0,36.8753032508491,170,0.0
157,76,124,38.0,1.52,2.48,38.0,62.0,152.0,36.8753032508491,172,0.0
158,76,124,38.0,1.52,2.48,38.0,62.0,152.0,36.8753032508491,174,0.0
159,76,124,38.0,1.52,2.48,38.0,62.0,152.0,36.8753032508491,177,0.0
160,77,123,38.5,1.54,2.46,38.5,61.5,154.0,37.36050460941291,181,2.0
161,78,122,39.0,1.56,2.44,39.0,61.0,156.0,37.84570596797671,184,2.0
162,78,122,39.0,1.56,2.44,39.0,61.0,156.0,37.84570596797671,186,0.0
163,78,122,39.0,1.56,2.44,39.0,61.0,156.0,37.84570596797671,188,0.0
164,79,121,39.5,1.58,2.42,39.5,60.5,158.0,38.33090732654051,189,2.0
165,79,121,39.5,1.58,2.42,39.5,60.5,158.0,38.33090732654051,189,0.0
166,79,121,39.5,1.58,2.42,39.5,60.5,158.0,38.33090732654051,189,0.0
167,79,121,39.5,1.58,2.42,39.5,60.5,158.0,38.33090732654051,189,0.0
168,79,121,39.5,1.58,2.42,39.5,60.5,158.0,38.33090732654051,189,0.0
169,79,121,39.5,1.58,2.42,39.5,60.5,158.0,38.33090732654051,190,0.0
170,80,120,40.0,1.6,2.4,40.0,60.0,160.0,38.81610868510432,191,2.0
171,81,119,40.5,1.62,2.38,40.5,59.49999999999999,162.0,39.301310043668124,193,2.0
172,81,119,40.5,1.62,2.38,40.5,59.49999999999999,162.0,39.301310043668124,194,0.0
173,82,118,41.0,1.6400000000000001,2.36,41.0,58.99999999999999,164.0,39.78651140223193,197,2.0
174,83,117,41.5,1.6600000000000001,2.34,41.5,58.49999999999999,166.0,40.27171276079573,200,2.0
175,84,116,42.0,1.68,2.3200000000000003,42.0,58.00000000000001,168.0,40.756914119359536,204,2.0
176,85,115,42.5,1.7,2.3,42.5,57.49999999999999,170.0,41.24211547792334,206,2.0
177,85,115,42.5,1.7,2.3,42.5,57.49999999999999,170.0,41.24211547792334,209,0.0
178,85,115,42.5,1.7,2.3,42.5,57.49999999999999,170.0,41.24211547792334,211,0.0
179,85,115,42.5,1.7,2.3,42.5,57.49999999999999,170.0,41.24211547792334,212,0.0
180,85,115,42.5,1.7,2.3,42.5,57.49999999999999,170.0,41.24211547792334,214,0.0
181,85,115,42.5,1.7,2.3,42.5,57.49999999999999,170.0,41.24211547792334,216,0.0
182,85,115,42.5,1.7,2.3,42.5,57.49999999999999,170.0,41.24211547792334,218,0.0
183,85,115,42.5,1.7,2.3,42.5,57.49999999999999,170.0,41.24211547792334,221,0.0
184,85,115,42.5,1.7,2.3,42.5,57.49999999999999,170.0,41.24211547792334,224,0.0
185,85,115,42.5,1.7,2.3,42.5,57.49999999999999,170.0,41.24211547792334,227,0.0
186,85,115,42.5,1.7,2.3,42.5,57.49999999999999,170.0,41.24211547792334,229,0.0
187,86,114,43.0,1.72,2.2800000000000002,43.0,57.00000000000001,172.0,41.72731683648714,232,2.0
188,86,114,43.0,1.72,2.2800000000000002,43.0,57.00000000000001,172.0,41.72731683648714,234,0.0
189,86,114,43.0,1.72,2.2800000000000002,43.0,57.00000000000001,172.0,41.72731683648714,236,0.0
190,86,114,43.0,1.72,2.2800000000000002,43.0,57.00000000000001,172.0,41.72731683648714,238,0.0
191,86,114,43.0,1.72,2.2800000000000002,43.0,57.00000000000001,172.0,41.72731683648714,239,0.0
192,86,114,43.0,1.72,2.2800000000000002,43.0,57.00000000000001,172.0,41.72731683648714,240,0.0
193,87,113,43.5,1.74,2.26,43.5,56.49999999999999,174.0,42.21251819505095,242,2.0
194,88,112,44.0,1.76,2.24,44.0,56.00000000000001,176.0,42.697719553614746,244,2.0
195,88,112,44.0,1.76,2.24,44.0,56.00000000000001,176.0,42.697719553614746,246,0.0
196,88,112,44.0,1.76,2.24,44.0,56.00000000000001,176.0,42.697719553614746,248,0.0
197,88,112,44.0,1.76,2.24,44.0,56.00000000000001,176.0,42.697719553614746,252,0.0
198,88,112,44.0,1.76,2.24,44.0,56.00000000000001,176.0,42.697719553614746,255,0.0
199,88,112,44.0,1.76,2.24,44.0,56.00000000000001,176.0,42.697719553614746,259,0.0
200,88,112,44.0,1.76,2.24,44.0,56.00000000000001,176.0,42.697719553614746,262,0.0
201,88,112,44.0,1.76,2.24,44.0,56.00000000000001,176.0,42.697719553614746,266,0.0
202,88,112,44.0,1.76,2.24,44.0,56.00000000000001,176.0,42.697719553614746,270,0.0
203,88,112,44.0,1.76,2.24,44.0,56.00000000000001,176.0,42.697719553614746,274,0.0
204,88,112,44.0,1.76,2.24,44.0,56.00000000000001,176.0,42.697719553614746,279,0.0
205,88,112,44.0,1.76,2.24,44.0,56.00000000000001,176.0,42.697719553614746,282,0.0
206,88,112,44.0,1.76,2.24,44.0,56.00000000000001,176.0,42.697719553614746,285,0.0
207,88,112,44.0,1.76,2.24,44.0,56.00000000000001,176.0,42.697719553614746,287,0.0
208,89,111,44.5,1.78,2.2199999999999998,44.5,55.49999999999999,178.0,43.18292091217856,290,2.0
209,89,111,44.5,1.78,2.2199999999999998,44.5,55.49999999999999,178.0,43.18292091217856,292,0.0
210,89,111,44.5,1.78,2.2199999999999998,44.5,55.49999999999999,178.0,43.18292091217856,295,0.0
211,89,111,44.5,1.78,2.2199999999999998,44.5,55.49999999999999,178.0,43.18292091217856,297,0.0
212,89,111,44.5,1.78,2.2199999999999998,44.5,55.49999999999999,178.0,43.18292091217856,298,0.0
213,89,111,44.5,1.78,2.2199999999999998,44.5,55.49999999999999,178.0,43.18292091217856,300,0.0
214,89,111,44.5,1.78,2.2199999999999998,44.5,55.49999999999999,178.0,43.18292091217856,300,0.0
215,89,111,44.5,1.78,2.2199999999999998,44.5,55.49999999999999,178.0,43.18292091217856,300,0.0
216,89,111,44.5,1.78,2.2199999999999998,44.5,55.49999999999999,178.0,43.18292091217856,301,0.0
217,89,111,44.5,1.78,2.2199999999999998,44.5,55.49999999999999,178.0,43.18292091217856,302,0.0
218,89,111,44.5,1.78,2.2199999999999998,44.5,55.49999999999999,178.0,43.18292091217856,303,0.0
219,89,111,44.5,1.78,2.2199999999999998,44.5,55.49999999999999,178.0,43.18292091217856,305,0.0
220,89,111,44.5,1.78,2.2199999999999998,44.5,55.49999999999999,178.0,43.18292091217856,307,0.0
221,89,111,44.5,1.78,2.2199999999999998,44.5,55.49999999999999,178.0,43.18292091217856,309,0.0
222,89,111,44.5,1.78,2.2199999999999998,44.5,55.49999999999999,178.0,43.18292091217856,313,0.0
223,89,111,44.5,1.78,2.2199999999999998,44.5,55.49999999999999,178.0,43.18292091217856,316,0.0
224,90,110,45.0,1.8,2.2,45.0,55.0,180.0,43.66812227074236,319,2.0
225,91,109,45.5,1.82,2.1799999999999997,45.5,54.49999999999999,182.0,44.153323629306165,321,2.0
226,91,109,45.5,1.82,2.1799999999999997,45.5,54.49999999999999,182.0,44.153323629306165,322,0.0
227,91,109,45.5,1.82,2.1799999999999997,45.5,54.49999999999999,182.0,44.153323629306165,324,0.0
228,91,109,45.5,1.82,2.1799999999999997,45.5,54.49999999999999,182.0,44.153323629306165,327,0.0
229,91,109,45.5,1.82,2.1799999999999997,45.5,54.49999999999999,182.0,44.153323629306165,328,0.0
230,91,109,45.5,1.82,2.1799999999999997,45.5,54.49999999999999,182.0,44.153323629306165,328,0.0
231,91,109,45.5,1.82,2.1799999999999997,45.5,54.49999999999999,182.0,44.153323629306165,328,0.0
232,91,109,45.5,1.82,2.1799999999999997,45.5,54.49999999999999,182.0,44.153323629306165,328,0.0
233,91,109,45.5,1.82,2.1799999999999997,45.5,54.49999999999999,182.0,44.153323629306165,328,0.0
234,91,109,45.5,1.82,2.1799999999999997,45.5,54.49999999999999,182.0,44.153323629306165,328,0.0
235,91,109,45.5,1.82,2.1799999999999997,45.5,54.49999999999999,182.0,44.153323629306165,329,0.0
236,91,109,45.5,1.82,2.1799999999999997,45.5,54.49999999999999,182.0,44.153323629306165,330,0.0
237,91,109,45.5,1.82,2.1799999999999997,45.5,54.49999999999999,182.0,44.153323629306165,330,0.0
238,91,109,45.5,1.82,2.1799999999999997,45.5,54.49999999999999,182.0,44.153323629306165,331,0.0
239,91,109,45.5,1.82,2.1799999999999997,45.5,54.49999999999999,182.0,44.153323629306165,332,0.0
240,91,109,45.5,1.82,2.1799999999999997,45.5,54.49999999999999,182.0,44.153323629306165,334,0.0
241,91,109,45.5,1.82,2.1799999999999997,45.5,54.49999999999999,182.0,44.153323629306165,336,0.0
242,91,109,45.5,1.82,2.1799999999999997,45.5,54.49999999999999,182.0,44.153323629306165,338,0.0
243,91,109,45.5,1.82,2.1799999999999997,45.5,54.49999999999999,182.0,44.153323629306165,340,0.0
244,91,109,45.5,1.82,2.1799999999999997,45.5,54.49999999999999,182.0,44.153323629306165,341,0.0
245,91,109,45.5,1.82,2.1799999999999997,45.5,54.49999999999999,182.0,44.153323629306165,342,0.0
246,91,109,45.5,1.82,2.1799999999999997,45.5,54.49999999999999,182.0,44.153323629306165,343,0.0
247,92,108,46.0,1.84,2.16,46.0,54.0,184.0,44.638524987869964,345,2.0
248,93,107,46.5,1.86,2.1399999999999997,46.5,53.49999999999999,186.0,45.12372634643377,348,2.0
249,93,107,46.5,1.86,2.1399999999999997,46.5,53.49999999999999,186.0,45.12372634643377,349,0.0
250,93,107,46.5,1.86,2.1399999999999997,46.5,53.49999999999999,186.0,45.12372634643377,351,0.0
251,95,105,47.5,1.9000000000000001,2.0999999999999996,47.5,52.49999999999999,190.0,46.094129063561375,355,4.0
252,95,105,47.5,1.9000000000000001,2.0999999999999996,47.5,52.49999999999999,190.0,46.094129063561375,357,0.0
253,95,105,47.5,1.9000000000000001,2.0999999999999996,47.5,52.49999999999999,190.0,46.094129063561375,359,0.0
254,95,105,47.5,1.9000000000000001,2.0999999999999996,47.5,52.49999999999999,190.0,46.094129063561375,360,0.0
255,95,105,47.5,1.9000000000000001,2.0999999999999996,47.5,52.49999999999999,190.0,46.094129063561375,362,0.0
256,95,105,47.5,1.9000000000000001,2.0999999999999996,47.5,52.49999999999999,190.0,46.094129063561375,362,0.0
257,95,105,47.5,1.9000000000000001,2.0999999999999996,47.5,52.49999999999999,190.0,46.094129063561375,363,0.0
258,95,105,47.5,1.9000000000000001,2.0999999999999996,47.5,52.49999999999999,190.0,46.094129063561375,364,0.0
259,96,104,48.0,1.92,2.08,48.0,52.0,192.0,46.57933042212518,366,2.0
260,96,104,48.0,1.92,2.08,48.0,52.0,192.0,46.57933042212518,367,0.0
261,96,104,48.0,1.92,2.08,48.0,52.0,192.0,46.57933042212518,368,0.0
262,97,103,48.5,1.94,2.06,48.5,51.5,194.0,47.06453178068899,370,2.0
263,97,103,48.5,1.94,2.06,48.5,51.5,194.0,47.06453178068899,370,0.0
264,97,103,48.5,1.94,2.06,48.5,51.5,194.0,47.06453178068899,370,0.0
265,97,103,48.5,1.94,2.06,48.5,51.5,194.0,47.06453178068899,370,0.0
266,97,103,48.5,1.94,2.06,48.5,51.5,194.0,47.06453178068899,370,0.0
267,97,103,48.5,1.94,2.06,48.5,51.5,194.0,47.06453178068899,370,0.0
268,97,103,48.5,1.94,2.06,48.5,51.5,194.0,47.06453178068899,370,0.0
269,97,103,48.5,1.94,2.06,48.5,51.5,194.0,47.06453178068899,370,0.0
270,97,103,48.5,1.94,2.06,48.5,51.5,194.0,47.06453178068899,370,0.0
271,98,102,49.0,1.96,2.04,49.0,51.0,196.0,47.549733139252794,371,2.0
272,99,101,49.5,1.98,2.02,49.5,50.5,198.0,48.03493449781659,372,2.0
273,99,101,49.5,1.98,2.02,49.5,50.5,198.0,48.03493449781659,372,0.0
274,99,101,49.5,1.98,2.02,49.5,50.5,198.0,48.03493449781659,372,0.0
275,99,101,49.5,1.98,2.02,49.5,50.5,198.0,48.03493449781659,372,0.0
276,99,101,49.5,1.98,2.02,49.5,50.5,198.0,48.03493449781659,373,0.0
277,99,101,49.5,1.98,2.02,49.5,50.5,198.0,48.03493449781659,374,0.0
278,99,101,49.5,1.98,2.02,49.5,50.5,198.0,48.03493449781659,375,0.0
279,99,101,49.5,1.98,2.02,49.5,50.5,198.0,48.03493449781659,376,0.0
280,100,100,50.0,2.0,2.0,50.0,50.0,200.0,48.5201358563804,378,2.0
281,100,100,50.0,2.0,2.0,50.0,50.0,200.0,48.5201358563804,379,0.0
282,100,100,50.0,2.0,2.0,50.0,50.0,200.0,48.5201358563804,380,0.0
283,100,100,50.0,2.0,2.0,50.0,50.0,200.0,48.5201358563804,381,0.0
284,100,100,50.0,2.0,2.0,50.0,50.0,200.0,48.5201358563804,382,0.0
285,100,100,50.0,2.0,2.0,50.0,50.0,200.0,48.5201358563804,383,0.0
286,100,100,50.0,2.0,2.0,50.0,50.0,200.0,48.5201358563804,383,0.0
287,101,99,50.5,2.02,1.98,50.5,49.5,202.0,49.005337214944205,384,2.0
288,101,99,50.5,2.02,1.98,50.5,49.5,202.0,49.005337214944205,384,0.0
289,102,98,51.0,2.04,1.96,51.0,49.0,204.0,49.49053857350801,386,2.0
290,102,98,51.0,2.04,1.96,51.0,49.0,204.0,49.49053857350801,387,0.0
291,102,98,51.0,2.04,1.96,51.0,49.0,204.0,49.49053857350801,387,0.0
292,102,98,51.0,2.04,1.96,51.0,49.0,204.0,49.49053857350801,387,0.0
293,102,98,51.0,2.04,1.96,51.0,49.0,204.0,49.49053857350801,387,0.0
294,102,98,51.0,2.04,1.96,51.0,49.0,204.0,49.49053857350801,387,0.0
295,102,98,51.0,2.04,1.96,51.0,49.0,204.0,49.49053857350801,387,0.0
296,102,98,51.0,2.04,1.96,51.0,49.0,204.0,49.49053857350801,387,0.0
297,102,98,51.0,2.04,1.96,51.0,49.0,204.0,49.49053857350801,387,0.0
298,102,98,51.0,2.04,1.96,51.0,49.0,204.0,49.49053857350801,387,0.0
299,102,98,51.0,2.04,1.96,51.0,49.0,204.0,49.49053857350801,387,0.0
300,102,98,51.0,2.04,1.96,51.0,49.0,204.0,49.49053857350801,387,0.0
301,105,95,52.5,2.1,1.9,52.5,47.5,210.0,50.94614264919942,390,6.0
302,105,95,52.5,2.1,1.9,52.5,47.5,210.0,50.94614264919942,390,0.0
303,105,95,52.5,2.1,1.9,52.5,47.5,210.0,50.94614264919942,390,0.0
304,106,94,53.0,2.12,1.88,53.0,46.99999999999999,212.0,51.43134400776322,392,2.0
305,106,94,53.0,2.12,1.88,53.0,46.99999999999999,212.0,51.43134400776322,392,0.0
306,106,94,53.0,2.12,1.88,53.0,46.99999999999999,212.0,51.43134400776322,393,0.0
307,106,94,53.0,2.12,1.88,53.0,46.99999999999999,212.0,51.43134400776322,394,0.0
308,107,93,53.5,2.14,1.8599999999999999,53.5,46.49999999999999,214.0,51.91654536632703,396,2.0
309,107,93,53.5,2.14,1.8599999999999999,53.5,46.49999999999999,214.0,51.91654536632703,397,0.0
310,107,93,53.5,2.14,1.8599999999999999,53.5,46.49999999999999,214.0,51.91654536632703,398,0.0
311,107,93,53.5,2.14,1.8599999999999999,53.5,46.49999999999999,214.0,51.91654536632703,399,0.0
312,107,93,53.5,2.14,1.8599999999999999,53.5,46.49999999999999,214.0,51.91654536632703,400,0.0
313,107,93,53.5,2.14,1.8599999999999999,53.5,46.49999999999999,214.0,51.91654536632703,403,0.0
314,108,92,54.0,2.16,1.8399999999999999,54.0,45.99999999999999,216.0,52.40174672489083,407,2.0
315,108,92,54.0,2.16,1.8399999999999999,54.0,45.99999999999999,216.0,52.40174672489083,410,0.0
316,108,92,54.0,2.16,1.8399999999999999,54.0,45.99999999999999,216.0,52.40174672489083,413,0.0
317,108,92,54.0,2.16,1.8399999999999999,54.0,45.99999999999999,216.0,52.40174672489083,416,0.0
318,108,92,54.0,2.16,1.8399999999999999,54.0,45.99999999999999,216.0,52.40174672489083,419,0.0
319,109,91,54.50000000000001,2.18,1.8199999999999998,54.5,45.49999999999999,218.0,52.886948083454634,424,2.0
320,109,91,54.50000000000001,2.18,1.8199999999999998,54.5,45.49999999999999,218.0,52.886948083454634,429,0.0
321,109,91,54.50000000000001,2.18,1.8199999999999998,54.5,45.49999999999999,218.0,52.886948083454634,433,0.0
322,109,91,54.50000000000001,2.18,1.8199999999999998,54.5,45.49999999999999,218.0,52.886948083454634,435,0.0
323,110,90,55.00000000000001,2.2,1.7999999999999998,55.0,44.99999999999999,220.0,53.37214944201843,438,2.0
324,110,90,55.00000000000001,2.2,1.7999999999999998,55.0,44.99999999999999,220.0,53.37214944201843,439,0.0
325,110,90,55.00000000000001,2.2,1.7999999999999998,55.0,44.99999999999999,220.0,53.37214944201843,440,0.0
326,110,90,55.00000000000001,2.2,1.7999999999999998,55.0,44.99999999999999,220.0,53.37214944201843,441,0.0
327,110,90,55.00000000000001,2.2,1.7999999999999998,55.0,44.99999999999999,220.0,53.37214944201843,442,0.0
328,110,90,55.00000000000001,2.2,1.7999999999999998,55.0,44.99999999999999,220.0,53.37214944201843,442,0.0
329,110,90,55.00000000000001,2.2,1.7999999999999998,55.0,44.99999999999999,220.0,53.37214944201843,443,0.0
330,110,90,55.00000000000001,2.2,1.7999999999999998,55.0,44.99999999999999,220.0,53.37214944201843,444,0.0
331,110,90,55.00000000000001,2.2,1.7999999999999998,55.0,44.99999999999999,220.0,53.37214944201843,445,0.0
332,110,90,55.00000000000001,2.2,1.7999999999999998,55.0,44.99999999999999,220.0,53.37214944201843,447,0.0
333,110,90,55.00000000000001,2.2,1.7999999999999998,55.0,44.99999999999999,220.0,53.37214944201843,448,0.0
334,110,90,55.00000000000001,2.2,1.7999999999999998,55.0,44.99999999999999,220.0,53.37214944201843,448,0.0
335,110,90,55.00000000000001,2.2,1.7999999999999998,55.0,44.99999999999999,220.0,53.37214944201843,448,0.0
336,110,90,55.00000000000001,2.2,1.7999999999999998,55.0,44.99999999999999,220.0,53.37214944201843,449,0.0
337,110,90,55.00000000000001,2.2,1.7999999999999998,55.0,44.99999999999999,220.0,53.37214944201843,451,0.0
338,110,90,55.00000000000001,2.2,1.7999999999999998,55.0,44.99999999999999,220.0,53.37214944201843,452,0.0
339,110,90,55.00000000000001,2.2,1.7999999999999998,55.0,44.99999999999999,220.0,53.37214944201843,453,0.0
340,110,90,55.00000000000001,2.2,1.7999999999999998,55.0,44.99999999999999,220.0,53.37214944201843,454,0.0
341,110,90,55.00000000000001,2.2,1.7999999999999998,55.0,44.99999999999999,220.0,53.37214944201843,456,0.0
342,110,90,55.00000000000001,2.2,1.7999999999999998,55.0,44.99999999999999,220.0,53.37214944201843,458,0.0
343,110,90,55.00000000000001,2.2,1.7999999999999998,55.0,44.99999999999999,220.0,53.37214944201843,461,0.0
344,110,90,55.00000000000001,2.2,1.7999999999999998,55.0,44.99999999999999,220.0,53.37214944201843,465,0.0
345,110,90,55.00000000000001,2.2,1.7999999999999998,55.0,44.99999999999999,220.0,53.37214944201843,469,0.0
346,110,90,55.00000000000001,2.2,1.7999999999999998,55.0,44.99999999999999,220.0,53.37214944201843,472,0.0
347,110,90,55.00000000000001,2.2,1.7999999999999998,55.0,44.99999999999999,220.0,53.37214944201843,477,0.0
348,110,90,55.00000000000001,2.2,1.7999999999999998,55.0,44.99999999999999,220.0,53.37214944201843,481,0.0
349,110,90,55.00000000000001,2.2,1.7999999999999998,55.0,44.99999999999999,220.0,53.37214944201843,484,0.0
350,110,90,55.00000000000001,2.2,1.7999999999999998,55.0,44.99999999999999,220.0,53.37214944201843,488,0.0
351,110,90,55.00000000000001,2.2,1.7999999999999998,55.0,44.99999999999999,220.0,53.37214944201843,491,0.0
352,110,90,55.00000000000001,2.2,1.7999999999999998,55.0,44.99999999999999,220.0,53.37214944201843,495,0.0
353,111,89,55.50000000000001,2.22,1.7799999999999998,55.50000000000001,44.49999999999999,222.00000000000003,53.857350800582246,500,2.0000000000000284
354,111,89,55.50000000000001,2.22,1.7799999999999998,55.50000000000001,44.49999999999999,222.00000000000003,53.857350800582246,504,0.0
355,111,89,55.50000000000001,2.22,1.7799999999999998,55.50000000000001,44.49999999999999,222.00000000000003,53.857350800582246,507,0.0
356,111,89,55.50000000000001,2.22,1.7799999999999998,55.50000000000001,44.49999999999999,222.00000000000003,53.857350800582246,509,0.0
357,111,89,55.50000000000001,2.22,1.7799999999999998,55.50000000000001,44.49999999999999,222.00000000000003,53.857350800582246,511,0.0
358,111,89,55.50000000000001,2.22,1.7799999999999998,55.50000000000001,44.49999999999999,222.00000000000003,53.857350800582246,513,0.0
359,111,89,55.50000000000001,2.22,1.7799999999999998,55.50000000000001,44.49999999999999,222.00000000000003,53.857350800582246,514,0.0
360,112,88,56.00000000000001,2.24,1.7599999999999998,56.00000000000001,43.99999999999999,224.00000000000003,54.34255215914605,516,2.0
361,112,88,56.00000000000001,2.24,1.7599999999999998,56.00000000000001,43.99999999999999,224.00000000000003,54.34255215914605,517,0.0
362,112,88,56.00000000000001,2.24,1.7599999999999998,56.00000000000001,43.99999999999999,224.00000000000003,54.34255215914605,518,0.0
363,112,88,56.00000000000001,2.24,1.7599999999999998,56.00000000000001,43.99999999999999,224.00000000000003,54.34255215914605,519,0.0
364,112,88,56.00000000000001,2.24,1.7599999999999998,56.00000000000001,43.99999999999999,224.00000000000003,54.34255215914605,520,0.0
365,112,88,56.00000000000001,2.24,1.7599999999999998,56.00000000000001,43.99999999999999,224.00000000000003,54.34255215914605,520,0.0
366,112,88,56.00000000000001,2.24,1.7599999999999998,56.00000000000001,43.99999999999999,224.00000000000003,54.34255215914605,522,0.0
367,112,88,56.00000000000001,2.24,1.7599999999999998,56.00000000000001,43.99999999999999,224.00000000000003,54.34255215914605,525,0.0
368,112,88,56.00000000000001,2.24,1.7599999999999998,56.00000000000001,43.99999999999999,224.00000000000003,54.34255215914605,527,0.0
369,112,88,56.00000000000001,2.24,1.7599999999999998,56.00000000000001,43.99999999999999,224.00000000000003,54.34255215914605,529,0.0
370,112,88,56.00000000000001,2.24,1.7599999999999998,56.00000000000001,43.99999999999999,224.00000000000003,54.34255215914605,531,0.0
371,112,88,56.00000000000001,2.24,1.7599999999999998,56.00000000000001,43.99999999999999,224.00000000000003,54.34255215914605,532,0.0
372,112,88,56.00000000000001,2.24,1.7599999999999998,56.00000000000001,43.99999999999999,224.00000000000003,54.34255215914605,534,0.0
373,112,88,56.00000000000001,2.24,1.7599999999999998,56.00000000000001,43.99999999999999,224.00000000000003,54.34255215914605,536,0.0
374,112,88,56.00000000000001,2.24,1.7599999999999998,56.00000000000001,43.99999999999999,224.00000000000003,54.34255215914605,539,0.0
375,112,88,56.00000000000001,2.24,1.7599999999999998,56.00000000000001,43.99999999999999,224.00000000000003,54.34255215914605,541,0.0
376,112,88,56.00000000000001,2.24,1.7599999999999998,56.00000000000001,43.99999999999999,224.00000000000003,54.34255215914605,543,0.0
377,112,88,56.00000000000001,2.24,1.7599999999999998,56.00000000000001,43.99999999999999,224.00000000000003,54.34255215914605,545,0.0
378,112,88,56.00000000000001,2.24,1.7599999999999998,56.00000000000001,43.99999999999999,224.00000000000003,54.34255215914605,549,0.0
379,112,88,56.00000000000001,2.24,1.7599999999999998,56.00000000000001,43.99999999999999,224.00000000000003,54.34255215914605,551,0.0
380,112,88,56.00000000000001,2.24,1.7599999999999998,56.00000000000001,43.99999999999999,224.00000000000003,54.34255215914605,554,0.0
381,112,88,56.00000000000001,2.24,1.7599999999999998,56.00000000000001,43.99999999999999,224.00000000000003,54.34255215914605,555,0.0
382,112,88,56.00000000000001,2.24,1.7599999999999998,56.00000000000001,43.99999999999999,224.00000000000003,54.34255215914605,557,0.0
383,112,88,56.00000000000001,2.24,1.7599999999999998,56.00000000000001,43.99999999999999,224.00000000000003,54.34255215914605,558,0.0
384,112,88,56.00000000000001,2.24,1.7599999999999998,56.00000000000001,43.99999999999999,224.00000000000003,54.34255215914605,560,0.0
385,112,88,56.00000000000001,2.24,1.7599999999999998,56.00000000000001,43.99999999999999,224.00000000000003,54.34255215914605,562,0.0
386,113,87,56.49999999999999,2.2600000000000002,1.7399999999999998,56.50000000000001,43.49999999999999,226.00000000000003,54.82775351770985,565,2.0
387,113,87,56.49999999999999,2.2600000000000002,1.7399999999999998,56.50000000000001,43.49999999999999,226.00000000000003,54.82775351770985,568,0.0
388,113,87,56.49999999999999,2.2600000000000002,1.7399999999999998,56.50000000000001,43.49999999999999,226.00000000000003,54.82775351770985,570,0.0
389,114,86,56.99999999999999,2.2800000000000002,1.7199999999999998,57.00000000000001,42.99999999999999,228.00000000000003,55.31295487627366,574,2.0
390,114,86,56.99999999999999,2.2800000000000002,1.7199999999999998,57.00000000000001,42.99999999999999,228.00000000000003,55.31295487627366,577,0.0
391,114,86,56.99999999999999,2.2800000000000002,1.7199999999999998,57.00000000000001,42.99999999999999,228.00000000000003,55.31295487627366,579,0.0
392,114,86,56.99999999999999,2.2800000000000002,1.7199999999999998,57.00000000000001,42.99999999999999,228.00000000000003,55.31295487627366,582,0.0
393,114,86,56.99999999999999,2.2800000000000002,1.7199999999999998,57.00000000000001,42.99999999999999,228.00000000000003,55.31295487627366,585,0.0
394,115,85,57.49999999999999,2.3000000000000003,1.6999999999999997,57.50000000000001,42.49999999999999,230.00000000000003,55.79815623483747,589,2.0
395,115,85,57.49999999999999,2.3000000000000003,1.6999999999999997,57.50000000000001,42.49999999999999,230.00000000000003,55.79815623483747,590,0.0
396,115,85,57.49999999999999,2.3000000000000003,1.6999999999999997,57.50000000000001,42.49999999999999,230.00000000000003,55.79815623483747,593,0.0
397,115,85,57.49999999999999,2.3000000000000003,1.6999999999999997,57.50000000000001,42.49999999999999,230.00000000000003,55.79815623483747,595,0.0
398,115,85,57.49999999999999,2.3000000000000003,1.6999999999999997,57.50000000000001,42.49999999999999,230.00000000000003,55.79815623483747,596,0.0
399,116,84,57.99999999999999,2.32,1.6800000000000002,57.99999999999999,42.0,231.99999999999997,56.28335759340125,599,1.9999999999999432
400,116,84,57.99999999999999,2.32,1.6800000000000002,57.99999999999999,42.0,231.99999999999997,56.28335759340125,601,0.0
401,116,84,57.99999999999999,2.32,1.6800000000000002,57.99999999999999,42.0,231.99999999999997,56.28335759340125,603,0.0
402,116,84,57.99999999999999,2.32,1.6800000000000002,57.99999999999999,42.0,231.99999999999997,56.28335759340125,605,0.0
403,116,84,57.99999999999999,2.32,1.6800000000000002,57.99999999999999,42.0,231.99999999999997,56.28335759340125,605,0.0
404,116,84,57.99999999999999,2.32,1.6800000000000002,57.99999999999999,42.0,231.99999999999997,56.28335759340125,606,0.0
405,116,84,57.99999999999999,2.32,1.6800000000000002,57.99999999999999,42.0,231.99999999999997,56.28335759340125,607,0.0
406,116,84,57.99999999999999,2.32,1.6800000000000002,57.99999999999999,42.0,231.99999999999997,56.28335759340125,608,0.0
407,116,84,57.99999999999999,2.32,1.6800000000000002,57.99999999999999,42.0,231.99999999999997,56.28335759340125,609,0.0
408,116,84,57.99999999999999,2.32,1.6800000000000002,57.99999999999999,42.0,231.99999999999997,56.28335759340125,610,0.0
409,116,84,57.99999999999999,2.32,1.6800000000000002,57.99999999999999,42.0,231.99999999999997,56.28335759340125,611,0.0
410,116,84,57.99999999999999,2.32,1.6800000000000002,57.99999999999999,42.0,231.99999999999997,56.28335759340125,612,0.0
411,116,84,57.99999999999999,2.32,1.6800000000000002,57.99999999999999,42.0,231.99999999999997,56.28335759340125,613,0.0
412,116,84,57.99999999999999,2.32,1.6800000000000002,57.99999999999999,42.0,231.99999999999997,56.28335759340125,615,0.0
413,116,84,57.99999999999999,2.32,1.6800000000000002,57.99999999999999,42.0,231.99999999999997,56.28335759340125,616,0.0
414,116,84,57.99999999999999,2.32,1.6800000000000002,57.99999999999999,42.0,231.99999999999997,56.28335759340125,618,0.0
415,117,83,58.5,2.34,1.6600000000000001,58.49999999999999,41.5,233.99999999999997,56.76855895196506,621,2.0
416,117,83,58.5,2.34,1.6600000000000001,58.49999999999999,41.5,233.99999999999997,56.76855895196506,623,0.0
417,117,83,58.5,2.34,1.6600000000000001,58.49999999999999,41.5,233.99999999999997,56.76855895196506,626,0.0
418,117,83,58.5,2.34,1.6600000000000001,58.49999999999999,41.5,233.99999999999997,56.76855895196506,628,0.0
419,118,82,59.0,2.36,1.6400000000000001,58.99999999999999,41.0,235.99999999999997,57.25376031052887,632,2.0
420,118,82,59.0,2.36,1.6400000000000001,58.99999999999999,41.0,235.99999999999997,57.25376031052887,634,0.0
421,118,82,59.0,2.36,1.6400000000000001,58.99999999999999,41.0,235.99999999999997,57.25376031052887,637,0.0
422,118,82,59.0,2.36,1.6400000000000001,58.99999999999999,41.0,235.99999999999997,57.25376031052887,640,0.0
423,118,82,59.0,2.36,1.6400000000000001,58.99999999999999,41.0,235.99999999999997,57.25376031052887,643,0.0
424,118,82,59.0,2.36,1.6400000000000001,58.99999999999999,41.0,235.99999999999997,57.25376031052887,645,0.0
425,118,82,59.0,2.36,1.6400000000000001,58.99999999999999,41.0,235.99999999999997,57.25376031052887,645,0.0
426,118,82,59.0,2.36,1.6400000000000001,58.99999999999999,41.0,235.99999999999997,57.25376031052887,645,0.0
427,118,82,59.0,2.36,1.6400000000000001,58.99999999999999,41.0,235.99999999999997,57.25376031052887,646,0.0
428,118,82,59.0,2.36,1.6400000000000001,58.99999999999999,41.0,235.99999999999997,57.25376031052887,647,0.0
429,118,82,59.0,2.36,1.6400000000000001,58.99999999999999,41.0,235.99999999999997,57.25376031052887,648,0.0
430,118,82,59.0,2.36,1.6400000000000001,58.99999999999999,41.0,235.99999999999997,57.25376031052887,648,0.0
431,118,82,59.0,2.36,1.6400000000000001,58.99999999999999,41.0,235.99999999999997,57.25376031052887,648,0.0
432,118,82,59.0,2.36,1.6400000000000001,58.99999999999999,41.0,235.99999999999997,57.25376031052887,649,0.0
433,118,82,59.0,2.36,1.6400000000000001,58.99999999999999,41.0,235.99999999999997,57.25376031052887,650,0.0
434,118,82,59.0,2.36,1.6400000000000001,58.99999999999999,41.0,235.99999999999997,57.25376031052887,652,0.0
435,118,82,59.0,2.36,1.6400000000000001,58.99999999999999,41.0,235.99999999999997,57.25376031052887,654,0.0
436,118,82,59.0,2.36,1.6400000000000001,58.99999999999999,41.0,235.99999999999997,57.25376031052887,655,0.0
437,118,82,59.0,2.36,1.6400000000000001,58.99999999999999,41.0,235.99999999999997,57.25376031052887,656,0.0
438,118,82,59.0,2.36,1.6400000000000001,58.99999999999999,41.0,235.99999999999997,57.25376031052887,658,0.0
439,118,82,59.0,2.36,1.6400000000000001,58.99999999999999,41.0,235.99999999999997,57.25376031052887,659,0.0
440,118,82,59.0,2.36,1.6400000000000001,58.99999999999999,41.0,235.99999999999997,57.25376031052887,661,0.0
441,118,82,59.0,2.36,1.6400000000000001,58.99999999999999,41.0,235.99999999999997,57.25376031052887,663,0.0
442,118,82,59.0,2.36,1.6400000000000001,58.99999999999999,41.0,235.99999999999997,57.25376031052887,664,0.0
443,118,82,59.0,2.36,1.6400000000000001,58.99999999999999,41.0,235.99999999999997,57.25376031052887,665,0.0
444,118,82,59.0,2.36,1.6400000000000001,58.99999999999999,41.0,235.99999999999997,57.25376031052887,667,0.0
445,118,82,59.0,2.36,1.6400000000000001,58.99999999999999,41.0,235.99999999999997,57.25376031052887,669,0.0
446,118,82,59.0,2.36,1.6400000000000001,58.99999999999999,41.0,235.99999999999997,57.25376031052887,671,0.0
447,118,82,59.0,2.36,1.6400000000000001,58.99999999999999,41.0,235.99999999999997,57.25376031052887,673,0.0
448,118,82,59.0,2.36,1.6400000000000001,58.99999999999999,41.0,235.99999999999997,57.25376031052887,676,0.0
449,118,82,59.0,2.36,1.6400000000000001,58.99999999999999,41.0,235.99999999999997,57.25376031052887,678,0.0
450,118,82,59.0,2.36,1.6400000000000001,58.99999999999999,41.0,235.99999999999997,57.25376031052887,682,0.0
451,118,82,59.0,2.36,1.6400000000000001,58.99999999999999,41.0,235.99999999999997,57.25376031052887,686,0.0
452,118,82,59.0,2.36,1.6400000000000001,58.99999999999999,41.0,235.99999999999997,57.25376031052887,689,0.0
453,119,81,59.5,2.38,1.62,59.49999999999999,40.5,237.99999999999997,57.73896166909267,693,2.0
454,119,81,59.5,2.38,1.62,59.49999999999999,40.5,237.99999999999997,57.73896166909267,696,0.0
455,119,81,59.5,2.38,1.62,59.49999999999999,40.5,237.99999999999997,57.73896166909267,700,0.0
456,119,81,59.5,2.38,1.62,59.49999999999999,40.5,237.99999999999997,57.73896166909267,704,0.0
457,119,81,59.5,2.38,1.62,59.49999999999999,40.5,237.99999999999997,57.73896166909267,709,0.0
458,119,81,59.5,2.38,1.62,59.49999999999999,40.5,237.99999999999997,57.73896166909267,714,0.0
459,119,81,59.5,2.38,1.62,59.49999999999999,40.5,237.99999999999997,57.73896166909267,719,0.0
460,119,81,59.5,2.38,1.62,59.49999999999999,40.5,237.99999999999997,57.73896166909267,723,0.0
461,119,81,59.5,2.38,1.62,59.49999999999999,40.5,237.99999999999997,57.73896166909267,728,0.0
462,119,81,59.5,2.38,1.62,59.49999999999999,40.5,237.99999999999997,57.73896166909267,734,0.0
463,119,81,59.5,2.38,1.62,59.49999999999999,40.5,237.99999999999997,57.73896166909267,741,0.0
464,120,80,60.0,2.4,1.6,60.0,40.0,240.0,58.22416302765648,747,2.0000000000000284
465,120,80,60.0,2.4,1.6,60.0,40.0,240.0,58.22416302765648,753,0.0
466,120,80,60.0,2.4,1.6,60.0,40.0,240.0,58.22416302765648,759,0.0
467,120,80,60.0,2.4,1.6,60.0,40.0,240.0,58.22416302765648,765,0.0
468,120,80,60.0,2.4,1.6,60.0,40.0,240.0,58.22416302765648,770,0.0
469,120,80,60.0,2.4,1.6,60.0,40.0,240.0,58.22416302765648,775,0.0
470,121,79,60.5,2.42,1.58,60.5,39.5,242.0,58.70936438622029,782,2.0
471,121,79,60.5,2.42,1.58,60.5,39.5,242.0,58.70936438622029,787,0.0
472,121,79,60.5,2.42,1.58,60.5,39.5,242.0,58.70936438622029,793,0.0
473,121,79,60.5,2.42,1.58,60.5,39.5,242.0,58.70936438622029,798,0.0
474,121,79,60.5,2.42,1.58,60.5,39.5,242.0,58.70936438622029,804,0.0
475,121,79,60.5,2.42,1.58,60.5,39.5,242.0,58.70936438622029,807,0.0
476,121,79,60.5,2.42,1.58,60.5,39.5,242.0,58.70936438622029,812,0.0
477,121,79,60.5,2.42,1.58,60.5,39.5,242.0,58.70936438622029,815,0.0
478,121,79,60.5,2.42,1.58,60.5,39.5,242.0,58.70936438622029,820,0.0
479,121,79,60.5,2.42,1.58,60.5,39.5,242.0,58.70936438622029,825,0.0
480,121,79,60.5,2.42,1.58,60.5,39.5,242.0,58.70936438622029,829,0.0
481,121,79,60.5,2.42,1.58,60.5,39.5,242.0,58.70936438622029,832,0.0
482,121,79,60.5,2.42,1.58,60.5,39.5,242.0,58.70936438622029,837,0.0
483,121,79,60.5,2.42,1.58,60.5,39.5,242.0,58.70936438622029,841,0.0
484,121,79,60.5,2.42,1.58,60.5,39.5,242.0,58.70936438622029,846,0.0
485,121,79,60.5,2.42,1.58,60.5,39.5,242.0,58.70936438622029,851,0.0
486,122,78,61.0,2.44,1.56,61.0,39.0,244.0,59.194565744784086,855,2.0
487,122,78,61.0,2.44,1.56,61.0,39.0,244.0,59.194565744784086,858,0.0
488,122,78,61.0,2.44,1.56,61.0,39.0,244.0,59.194565744784086,861,0.0
489,122,78,61.0,2.44,1.56,61.0,39.0,244.0,59.194565744784086,864,0.0
490,122,78,61.0,2.44,1.56,61.0,39.0,244.0,59.194565744784086,865,0.0
491,122,78,61.0,2.44,1.56,61.0,39.0,244.0,59.194565744784086,866,0.0
492,122,78,61.0,2.44,1.56,61.0,39.0,244.0,59.194565744784086,867,0.0
493,122,78,61.0,2.44,1.56,61.0,39.0,244.0,59.194565744784086,870,0.0
494,122,78,61.0,2.44,1.56,61.0,39.0,244.0,59.194565744784086,871,0.0
495,122,78,61.0,2.44,1.56,61.0,39.0,244.0,59.194565744784086,872,0.0
496,122,78,61.0,2.44,1.56,61.0,39.0,244.0,59.194565744784086,873,0.0
497,122,78,61.0,2.44,1.56,61.0,39.0,244.0,59.194565744784086,875,0.0
498,122,78,61.0,2.44,1.56,61.0,39.0,244.0,59.194565744784086,877,0.0
499,122,78,61.0,2.44,1.56,61.0,39.0,244.0,59.194565744784086,878,0.0
500,122,78,61.0,2.44,1.56,61.0,39.0,244.0,59.194565744784086,880,0.0
501,122,78,61.0,2.44,1.56,61.0,39.0,244.0,59.194565744784086,881,0.0
502,122,78,61.0,2.44,1.56,61.0,39.0,244.0,59.194565744784086,883,0.0
503,122,78,61.0,2.44,1.56,61.0,39.0,244.0,59.194565744784086,885,0.0
504,122,78,61.0,2.44,1.56,61.0,39.0,244.0,59.194565744784086,887,0.0
505,123,77,61.5,2.46,1.54,61.5,38.5,246.0,59.67976710334789,892,2.0
506,123,77,61.5,2.46,1.54,61.5,38.5,246.0,59.67976710334789,895,0.0
507,123,77,61.5,2.46,1.54,61.5,38.5,246.0,59.67976710334789,898,0.0
508,123,77,61.5,2.46,1.54,61.5,38.5,246.0,59.67976710334789,903,0.0
509,124,76,62.0,2.48,1.52,62.0,38.0,248.0,60.16496846191169,909,2.0
510,124,76,62.0,2.48,1.52,62.0,38.0,248.0,60.16496846191169,912,0.0
511,124,76,62.0,2.48,1.52,62.0,38.0,248.0,60.16496846191169,915,0.0
512,124,76,62.0,2.48,1.52,62.0,38.0,248.0,60.16496846191169,917,0.0
513,124,76,62.0,2.48,1.52,62.0,38.0,248.0,60.16496846191169,920,0.0
514,124,76,62.0,2.48,1.52,62.0,38.0,248.0,60.16496846191169,923,0.0
515,124,76,62.0,2.48,1.52,62.0,38.0,248.0,60.16496846191169,925,0.0
516,124,76,62.0,2.48,1.52,62.0,38.0,248.0,60.16496846191169,927,0.0
517,124,76,62.0,2.48,1.52,62.0,38.0,248.0,60.16496846191169,929,0.0
518,124,76,62.0,2.48,1.52,62.0,38.0,248.0,60.16496846191169,931,0.0
519,124,76,62.0,2.48,1.52,62.0,38.0,248.0,60.16496846191169,934,0.0
520,124,76,62.0,2.48,1.52,62.0,38.0,248.0,60.16496846191169,936,0.0
521,124,76,62.0,2.48,1.52,62.0,38.0,248.0,60.16496846191169,939,0.0
522,124,76,62.0,2.48,1.52,62.0,38.0,248.0,60.16496846191169,942,0.0
523,125,75,62.5,2.5,1.5,62.5,37.5,250.0,60.6501698204755,945,2.0
524,125,75,62.5,2.5,1.5,62.5,37.5,250.0,60.6501698204755,947,0.0
525,125,75,62.5,2.5,1.5,62.5,37.5,250.0,60.6501698204755,949,0.0
526,125,75,62.5,2.5,1.5,62.5,37.5,250.0,60.6501698204755,951,0.0
527,125,75,62.5,2.5,1.5,62.5,37.5,250.0,60.6501698204755,953,0.0
528,125,75,62.5,2.5,1.5,62.5,37.5,250.0,60.6501698204755,955,0.0
529,125,75,62.5,2.5,1.5,62.5,37.5,250.0,60.6501698204755,957,0.0
530,125,75,62.5,2.5,1.5,62.5,37.5,250.0,60.6501698204755,959,0.0
531,125,75,62.5,2.5,1.5,62.5,37.5,250.0,60.6501698204755,962,0.0
532,125,75,62.5,2.5,1.5,62.5,37.5,250.0,60.6501698204755,966,0.0
533,125,75,62.5,2.5,1.5,62.5,37.5,250.0,60.6501698204755,969,0.0
534,125,75,62.5,2.5,1.5,62.5,37.5,250.0,60.6501698204755,971,0.0
535,125,75,62.5,2.5,1.5,62.5,37.5,250.0,60.6501698204755,972,0.0
536,125,75,62.5,2.5,1.5,62.5,37.5,250.0,60.6501698204755,972,0.0
537,125,75,62.5,2.5,1.5,62.5,37.5,250.0,60.6501698204755,972,0.0
538,125,75,62.5,2.5,1.5,62.5,37.5,250.0,60.6501698204755,974,0.0
539,125,75,62.5,2.5,1.5,62.5,37.5,250.0,60.6501698204755,976,0.0
540,125,75,62.5,2.5,1.5,62.5,37.5,250.0,60.6501698204755,979,0.0
541,125,75,62.5,2.5,1.5,62.5,37.5,250.0,60.6501698204755,982,0.0
542,125,75,62.5,2.5,1.5,62.5,37.5,250.0,60.6501698204755,984,0.0
543,125,75,62.5,2.5,1.5,62.5,37.5,250.0,60.6501698204755,988,0.0
544,125,75,62.5,2.5,1.5,62.5,37.5,250.0,60.6501698204755,990,0.0
545,126,74,63.0,2.52,1.48,63.0,37.0,252.0,61.135371179039296,991,2.0
546,126,74,63.0,2.52,1.48,63.0,37.0,252.0,61.135371179039296,992,0.0
547,126,74,63.0,2.52,1.48,63.0,37.0,252.0,61.135371179039296,993,0.0
548,126,74,63.0,2.52,1.48,63.0,37.0,252.0,61.135371179039296,993,0.0
549,126,74,63.0,2.52,1.48,63.0,37.0,252.0,61.135371179039296,993,0.0
550,126,74,63.0,2.52,1.48,63.0,37.0,252.0,61.135371179039296,993,0.0
551,126,74,63.0,2.52,1.48,63.0,37.0,252.0,61.135371179039296,994,0.0
552,126,74,63.0,2.52,1.48,63.0,37.0,252.0,61.135371179039296,994,0.0
553,126,74,63.0,2.52,1.48,63.0,37.0,252.0,61.135371179039296,994,0.0
554,127,73,63.5,2.54,1.46,63.5,36.5,254.0,61.6205725376031,996,2.0
555,127,73,63.5,2.54,1.46,63.5,36.5,254.0,61.6205725376031,996,0.0
556,127,73,63.5,2.54,1.46,63.5,36.5,254.0,61.6205725376031,997,0.0
557,127,73,63.5,2.54,1.46,63.5,36.5,254.0,61.6205725376031,998,0.0
558,127,73,63.5,2.54,1.46,63.5,36.5,254.0,61.6205725376031,999,0.0
559,127,73,63.5,2.54,1.46,63.5,36.5,254.0,61.6205725376031,1002,0.0
560,127,73,63.5,2.54,1.46,63.5,36.5,254.0,61.6205725376031,1006,0.0
561,127,73,63.5,2.54,1.46,63.5,36.5,254.0,61.6205725376031,1008,0.0
562,127,73,63.5,2.54,1.46,63.5,36.5,254.0,61.6205725376031,1010,0.0
563,127,73,63.5,2.54,1.46,63.5,36.5,254.0,61.6205725376031,1012,0.0
564,127,73,63.5,2.54,1.46,63.5,36.5,254.0,61.6205725376031,1016,0.0
565,127,73,63.5,2.54,1.46,63.5,36.5,254.0,61.6205725376031,1020,0.0
566,127,73,63.5,2.54,1.46,63.5,36.5,254.0,61.6205725376031,1024,0.0
567,127,73,63.5,2.54,1.46,63.5,36.5,254.0,61.6205725376031,1027,0.0
568,127,73,63.5,2.54,1.46,63.5,36.5,254.0,61.6205725376031,1030,0.0
569,127,73,63.5,2.54,1.46,63.5,36.5,254.0,61.6205725376031,1033,0.0
570,127,73,63.5,2.54,1.46,63.5,36.5,254.0,61.6205725376031,1036,0.0
571,127,73,63.5,2.54,1.46,63.5,36.5,254.0,61.6205725376031,1039,0.0
572,127,73,63.5,2.54,1.46,63.5,36.5,254.0,61.6205725376031,1041,0.0
573,127,73,63.5,2.54,1.46,63.5,36.5,254.0,61.6205725376031,1043,0.0
574,127,73,63.5,2.54,1.46,63.5,36.5,254.0,61.6205725376031,1044,0.0
575,127,73,63.5,2.54,1.46,63.5,36.5,254.0,61.6205725376031,1045,0.0
576,127,73,63.5,2.54,1.46,63.5,36.5,254.0,61.6205725376031,1046,0.0
577,127,73,63.5,2.54,1.46,63.5,36.5,254.0,61.6205725376031,1048,0.0
578,127,73,63.5,2.54,1.46,63.5,36.5,254.0,61.6205725376031,1050,0.0
579,127,73,63.5,2.54,1.46,63.5,36.5,254.0,61.6205725376031,1053,0.0
580,127,73,63.5,2.54,1.46,63.5,36.5,254.0,61.6205725376031,1054,0.0
581,127,73,63.5,2.54,1.46,63.5,36.5,254.0,61.6205725376031,1056,0.0
582,127,73,63.5,2.54,1.46,63.5,36.5,254.0,61.6205725376031,1059,0.0
583,127,73,63.5,2.54,1.46,63.5,36.5,254.0,61.6205725376031,1062,0.0
584,127,73,63.5,2.54,1.46,63.5,36.5,254.0,61.6205725376031,1065,0.0
585,127,73,63.5,2.54,1.46,63.5,36.5,254.0,61.6205725376031,1068,0.0
586,127,73,63.5,2.54,1.46,63.5,36.5,254.0,61.6205725376031,1071,0.0
587,127,73,63.5,2.54,1.46,63.5,36.5,254.0,61.6205725376031,1074,0.0
588,127,73,63.5,2.54,1.46,63.5,36.5,254.0,61.6205725376031,1076,0.0
589,127,73,63.5,2.54,1.46,63.5,36.5,254.0,61.6205725376031,1078,0.0
590,127,73,63.5,2.54,1.46,63.5,36.5,254.0,61.6205725376031,1079,0.0
591,127,73,63.5,2.54,1.46,63.5,36.5,254.0,61.6205725376031,1081,0.0
592,127,73,63.5,2.54,1.46,63.5,36.5,254.0,61.6205725376031,1083,0.0
593,127,73,63.5,2.54,1.46,63.5,36.5,254.0,61.6205725376031,1084,0.0
594,127,73,63.5,2.54,1.46,63.5,36.5,254.0,61.6205725376031,1085,0.0
595,127,73,63.5,2.54,1.46,63.5,36.5,254.0,61.6205725376031,1086,0.0
596,127,73,63.5,2.54,1.46,63.5,36.5,254.0,61.6205725376031,1087,0.0
597,127,73,63.5,2.54,1.46,63.5,36.5,254.0,61.6205725376031,1090,0.0
598,127,73,63.5,2.54,1.46,63.5,36.5,254.0,61.6205725376031,1093,0.0
599,127,73,63.5,2.54,1.46,63.5,36.5,254.0,61.6205725376031,1094,0.0
600,127,73,63.5,2.54,1.46,63.5,36.5,254.0,61.6205725376031,1095,0.0
601,127,73,63.5,2.54,1.46,63.5,36.5,254.0,61.6205725376031,1096,0.0
602,127,73,63.5,2.54,1.46,63.5,36.5,254.0,61.6205725376031,1097,0.0
603,127,73,63.5,2.54,1.46,63.5,36.5,254.0,61.6205725376031,1097,0.0
604,127,73,63.5,2.54,1.46,63.5,36.5,254.0,61.6205725376031,1098,0.0
605,127,73,63.5,2.54,1.46,63.5,36.5,254.0,61.6205725376031,1099,0.0
606,127,73,63.5,2.54,1.46,63.5,36.5,254.0,61.6205725376031,1099,0.0
607,127,73,63.5,2.54,1.46,63.5,36.5,254.0,61.6205725376031,1099,0.0
608,127,73,63.5,2.54,1.46,63.5,36.5,254.0,61.6205725376031,1099,0.0
609,127,73,63.5,2.54,1.46,63.5,36.5,254.0,61.6205725376031,1099,0.0
610,127,73,63.5,2.54,1.46,63.5,36.5,254.0,61.6205725376031,1100,0.0
611,127,73,63.5,2.54,1.46,63.5,36.5,254.0,61.6205725376031,1101,0.0
612,127,73,63.5,2.54,1.46,63.5,36.5,254.0,61.6205725376031,1104,0.0
613,127,73,63.5,2.54,1.46,63.5,36.5,254.0,61.6205725376031,1107,0.0
614,127,73,63.5,2.54,1.46,63.5,36.5,254.0,61.6205725376031,1109,0.0
615,127,73,63.5,2.54,1.46,63.5,36.5,254.0,61.6205725376031,1112,0.0
616,127,73,63.5,2.54,1.46,63.5,36.5,254.0,61.6205725376031,1115,0.0
617,127,73,63.5,2.54,1.46,63.5,36.5,254.0,61.6205725376031,1117,0.0
618,127,73,63.5,2.54,1.46,63.5,36.5,254.0,61.6205725376031,1119,0.0
619,127,73,63.5,2.54,1.46,63.5,36.5,254.0,61.6205725376031,1121,0.0
620,127,73,63.5,2.54,1.46,63.5,36.5,254.0,61.6205725376031,1124,0.0
621,127,73,63.5,2.54,1.46,63.5,36.5,254.0,61.6205725376031,1128,0.0
622,127,73,63.5,2.54,1.46,63.5,36.5,254.0,61.6205725376031,1132,0.0
623,127,73,63.5,2.54,1.46,63.5,36.5,254.0,61.6205725376031,1136,0.0
624,127,73,63.5,2.54,1.46,63.5,36.5,254.0,61.6205725376031,1140,0.0
625,127,73,63.5,2.54,1.46,63.5,36.5,254.0,61.6205725376031,1143,0.0
626,127,73,63.5,2.54,1.46,63.5,36.5,254.0,61.6205725376031,1148,0.0
627,127,73,63.5,2.54,1.46,63.5,36.5,254.0,61.6205725376031,1155,0.0
628,127,73,63.5,2.54,1.46,63.5,36.5,254.0,61.6205725376031,1159,0.0
629,127,73,63.5,2.54,1.46,63.5,36.5,254.0,61.6205725376031,1163,0.0
630,127,73,63.5,2.54,1.46,63.5,36.5,254.0,61.6205725376031,1168,0.0
631,127,73,63.5,2.54,1.46,63.5,36.5,254.0,61.6205725376031,1172,0.0
632,127,73,63.5,2.54,1.46,63.5,36.5,254.0,61.6205725376031,1175,0.0
633,127,73,63.5,2.54,1.46,63.5,36.5,254.0,61.6205725376031,1177,0.0
634,127,73,63.5,2.54,1.46,63.5,36.5,254.0,61.6205725376031,1180,0.0
635,127,73,63.5,2.54,1.46,63.5,36.5,254.0,61.6205725376031,1182,0.0
636,127,73,63.5,2.54,1.46,63.5,36.5,254.0,61.6205725376031,1183,0.0
637,127,73,63.5,2.54,1.46,63.5,36.5,254.0,61.6205725376031,1185,0.0
638,127,73,63.5,2.54,1.46,63.5,36.5,254.0,61.6205725376031,1186,0.0
639,127,73,63.5,2.54,1.46,63.5,36.5,254.0,61.6205725376031,1188,0.0
640,127,73,63.5,2.54,1.46,63.5,36.5,254.0,61.6205725376031,1190,0.0
641,127,73,63.5,2.54,1.46,63.5,36.5,254.0,61.6205725376031,1192,0.0
642,128,72,64.0,2.56,1.44,64.0,36.0,256.0,62.105773896166916,1195,2.0
643,128,72,64.0,2.56,1.44,64.0,36.0,256.0,62.105773896166916,1197,0.0
644,128,72,64.0,2.56,1.44,64.0,36.0,256.0,62.105773896166916,1199,0.0
645,128,72,64.0,2.56,1.44,64.0,36.0,256.0,62.105773896166916,1202,0.0
646,128,72,64.0,2.56,1.44,64.0,36.0,256.0,62.105773896166916,1205,0.0
647,128,72,64.0,2.56,1.44,64.0,36.0,256.0,62.105773896166916,1207,0.0
648,128,72,64.0,2.56,1.44,64.0,36.0,256.0,62.105773896166916,1208,0.0
649,129,71,64.5,2.58,1.42,64.5,35.5,258.0,62.59097525473072,1211,2.0
650,129,71,64.5,2.58,1.42,64.5,35.5,258.0,62.59097525473072,1213,0.0
651,129,71,64.5,2.58,1.42,64.5,35.5,258.0,62.59097525473072,1214,0.0
652,129,71,64.5,2.58,1.42,64.5,35.5,258.0,62.59097525473072,1215,0.0
653,129,71,64.5,2.58,1.42,64.5,35.5,258.0,62.59097525473072,1216,0.0
654,129,71,64.5,2.58,1.42,64.5,35.5,258.0,62.59097525473072,1217,0.0
655,129,71,64.5,2.58,1.42,64.5,35.5,258.0,62.59097525473072,1218,0.0
656,129,71,64.5,2.58,1.42,64.5,35.5,258.0,62.59097525473072,1219,0.0
657,129,71,64.5,2.58,1.42,64.5,35.5,258.0,62.59097525473072,1220,0.0
658,130,70,65.0,2.6,1.4,65.0,35.0,260.0,63.07617661329452,1222,2.0
659,131,69,65.5,2.62,1.38,65.5,34.5,262.0,63.56137797185832,1223,2.0
660,131,69,65.5,2.62,1.38,65.5,34.5,262.0,63.56137797185832,1224,0.0
661,132,68,66.0,2.64,1.3599999999999999,66.0,33.99999999999999,264.0,64.04657933042213,1227,2.0
662,132,68,66.0,2.64,1.3599999999999999,66.0,33.99999999999999,264.0,64.04657933042213,1228,0.0
663,132,68,66.0,2.64,1.3599999999999999,66.0,33.99999999999999,264.0,64.04657933042213,1229,0.0
664,133,67,66.5,2.66,1.3399999999999999,66.5,33.49999999999999,266.0,64.53178068898593,1232,2.0
665,133,67,66.5,2.66,1.3399999999999999,66.5,33.49999999999999,266.0,64.53178068898593,1232,0.0
666,133,67,66.5,2.66,1.3399999999999999,66.5,33.49999999999999,266.0,64.53178068898593,1232,0.0
667,133,67,66.5,2.66,1.3399999999999999,66.5,33.49999999999999,266.0,64.53178068898593,1232,0.0
668,133,67,66.5,2.66,1.3399999999999999,66.5,33.49999999999999,266.0,64.53178068898593,1232,0.0
669,133,67,66.5,2.66,1.3399999999999999,66.5,33.49999999999999,266.0,64.53178068898593,1232,0.0
670,133,67,66.5,2.66,1.3399999999999999,66.5,33.49999999999999,266.0,64.53178068898593,1234,0.0
671,133,67,66.5,2.66,1.3399999999999999,66.5,33.49999999999999,266.0,64.53178068898593,1237,0.0
672,133,67,66.5,2.66,1.3399999999999999,66.5,33.49999999999999,266.0,64.53178068898593,1239,0.0
673,133,67,66.5,2.66,1.3399999999999999,66.5,33.49999999999999,266.0,64.53178068898593,1241,0.0
674,133,67,66.5,2.66,1.3399999999999999,66.5,33.49999999999999,266.0,64.53178068898593,1243,0.0
675,133,67,66.5,2.66,1.3399999999999999,66.5,33.49999999999999,266.0,64.53178068898593,1246,0.0
676,133,67,66.5,2.66,1.3399999999999999,66.5,33.49999999999999,266.0,64.53178068898593,1248,0.0
677,133,67,66.5,2.66,1.3399999999999999,66.5,33.49999999999999,266.0,64.53178068898593,1250,0.0
678,133,67,66.5,2.66,1.3399999999999999,66.5,33.49999999999999,266.0,64.53178068898593,1252,0.0
679,133,67,66.5,2.66,1.3399999999999999,66.5,33.49999999999999,266.0,64.53178068898593,1254,0.0
680,133,67,66.5,2.66,1.3399999999999999,66.5,33.49999999999999,266.0,64.53178068898593,1256,0.0
681,133,67,66.5,2.66,1.3399999999999999,66.5,33.49999999999999,266.0,64.53178068898593,1257,0.0
682,133,67,66.5,2.66,1.3399999999999999,66.5,33.49999999999999,266.0,64.53178068898593,1258,0.0
683,133,67,66.5,2.66,1.3399999999999999,66.5,33.49999999999999,266.0,64.53178068898593,1259,0.0
684,133,67,66.5,2.66,1.3399999999999999,66.5,33.49999999999999,266.0,64.53178068898593,1260,0.0
685,133,67,66.5,2.66,1.3399999999999999,66.5,33.49999999999999,266.0,64.53178068898593,1261,0.0
686,133,67,66.5,2.66,1.3399999999999999,66.5,33.49999999999999,266.0,64.53178068898593,1262,0.0
687,133,67,66.5,2.66,1.3399999999999999,66.5,33.49999999999999,266.0,64.53178068898593,1263,0.0
688,133,67,66.5,2.66,1.3399999999999999,66.5,33.49999999999999,266.0,64.53178068898593,1265,0.0
689,133,67,66.5,2.66,1.3399999999999999,66.5,33.49999999999999,266.0,64.53178068898593,1266,0.0
690,133,67,66.5,2.66,1.3399999999999999,66.5,33.49999999999999,266.0,64.53178068898593,1268,0.0
691,133,67,66.5,2.66,1.3399999999999999,66.5,33.49999999999999,266.0,64.53178068898593,1270,0.0
692,133,67,66.5,2.66,1.3399999999999999,66.5,33.49999999999999,266.0,64.53178068898593,1272,0.0
693,133,67,66.5,2.66,1.3399999999999999,66.5,33.49999999999999,266.0,64.53178068898593,1272,0.0
694,133,67,66.5,2.66,1.3399999999999999,66.5,33.49999999999999,266.0,64.53178068898593,1273,0.0
695,133,67,66.5,2.66,1.3399999999999999,66.5,33.49999999999999,266.0,64.53178068898593,1274,0.0
696,133,67,66.5,2.66,1.3399999999999999,66.5,33.49999999999999,266.0,64.53178068898593,1275,0.0
697,133,67,66.5,2.66,1.3399999999999999,66.5,33.49999999999999,266.0,64.53178068898593,1276,0.0
698,133,67,66.5,2.66,1.3399999999999999,66.5,33.49999999999999,266.0,64.53178068898593,1277,0.0
699,133,67,66.5,2.66,1.3399999999999999,66.5,33.49999999999999,266.0,64.53178068898593,1278,0.0
700,133,67,66.5,2.66,1.3399999999999999,66.5,33.49999999999999,266.0,64.53178068898593,1280,0.0
701,133,67,66.5,2.66,1.3399999999999999,66.5,33.49999999999999,266.0,64.53178068898593,1284,0.0
702,133,67,66.5,2.66,1.3399999999999999,66.5,33.49999999999999,266.0,64.53178068898593,1286,0.0
703,133,67,66.5,2.66,1.3399999999999999,66.5,33.49999999999999,266.0,64.53178068898593,1290,0.0
704,133,67,66.5,2.66,1.3399999999999999,66.5,33.49999999999999,266.0,64.53178068898593,1294,0.0
705,133,67,66.5,2.66,1.3399999999999999,66.5,33.49999999999999,266.0,64.53178068898593,1298,0.0
706,133,67,66.5,2.66,1.3399999999999999,66.5,33.49999999999999,266.0,64.53178068898593,1302,0.0
707,133,67,66.5,2.66,1.3399999999999999,66.5,33.49999999999999,266.0,64.53178068898593,1305,0.0
708,134,66,67.0,2.68,1.3199999999999998,67.0,32.99999999999999,268.0,65.01698204754973,1309,2.0
709,134,66,67.0,2.68,1.3199999999999998,67.0,32.99999999999999,268.0,65.01698204754973,1312,0.0
710,134,66,67.0,2.68,1.3199999999999998,67.0,32.99999999999999,268.0,65.01698204754973,1317,0.0
711,134,66,67.0,2.68,1.3199999999999998,67.0,32.99999999999999,268.0,65.01698204754973,1323,0.0
712,134,66,67.0,2.68,1.3199999999999998,67.0,32.99999999999999,268.0,65.01698204754973,1327,0.0
713,134,66,67.0,2.68,1.3199999999999998,67.0,32.99999999999999,268.0,65.01698204754973,1332,0.0
714,134,66,67.0,2.68,1.3199999999999998,67.0,32.99999999999999,268.0,65.01698204754973,1336,0.0
715,134,66,67.0,2.68,1.3199999999999998,67.0,32.99999999999999,268.0,65.01698204754973,1342,0.0
716,134,66,67.0,2.68,1.3199999999999998,67.0,32.99999999999999,268.0,65.01698204754973,1347,0.0
717,134,66,67.0,2.68,1.3199999999999998,67.0,32.99999999999999,268.0,65.01698204754973,1352,0.0
718,134,66,67.0,2.68,1.3199999999999998,67.0,32.99999999999999,268.0,65.01698204754973,1358,0.0
719,134,66,67.0,2.68,1.3199999999999998,67.0,32.99999999999999,268.0,65.01698204754973,1361,0.0
720,134,66,67.0,2.68,1.3199999999999998,67.0,32.99999999999999,268.0,65.01698204754973,1366,0.0
721,134,66,67.0,2.68,1.3199999999999998,67.0,32.99999999999999,268.0,65.01698204754973,1370,0.0
722,134,66,67.0,2.68,1.3199999999999998,67.0,32.99999999999999,268.0,65.01698204754973,1375,0.0
723,134,66,67.0,2.68,1.3199999999999998,67.0,32.99999999999999,268.0,65.01698204754973,1379,0.0
724,134,66,67.0,2.68,1.3199999999999998,67.0,32.99999999999999,268.0,65.01698204754973,1383,0.0
725,134,66,67.0,2.68,1.3199999999999998,67.0,32.99999999999999,268.0,65.01698204754973,1386,0.0
726,134,66,67.0,2.68,1.3199999999999998,67.0,32.99999999999999,268.0,65.01698204754973,1389,0.0
727,134,66,67.0,2.68,1.3199999999999998,67.0,32.99999999999999,268.0,65.01698204754973,1393,0.0
728,134,66,67.0,2.68,1.3199999999999998,67.0,32.99999999999999,268.0,65.01698204754973,1397,0.0
729,134,66,67.0,2.68,1.3199999999999998,67.0,32.99999999999999,268.0,65.01698204754973,1400,0.0
730,134,66,67.0,2.68,1.3199999999999998,67.0,32.99999999999999,268.0,65.01698204754973,1402,0.0
731,134,66,67.0,2.68,1.3199999999999998,67.0,32.99999999999999,268.0,65.01698204754973,1405,0.0
732,134,66,67.0,2.68,1.3199999999999998,67.0,32.99999999999999,268.0,65.01698204754973,1407,0.0
733,134,66,67.0,2.68,1.3199999999999998,67.0,32.99999999999999,268.0,65.01698204754973,1409,0.0
734,134,66,67.0,2.68,1.3199999999999998,67.0,32.99999999999999,268.0,65.01698204754973,1410,0.0
735,134,66,67.0,2.68,1.3199999999999998,67.0,32.99999999999999,268.0,65.01698204754973,1411,0.0
736,134,66,67.0,2.68,1.3199999999999998,67.0,32.99999999999999,268.0,65.01698204754973,1412,0.0
737,134,66,67.0,2.68,1.3199999999999998,67.0,32.99999999999999,268.0,65.01698204754973,1413,0.0
738,134,66,67.0,2.68,1.3199999999999998,67.0,32.99999999999999,268.0,65.01698204754973,1414,0.0
739,134,66,67.0,2.68,1.3199999999999998,67.0,32.99999999999999,268.0,65.01698204754973,1415,0.0
740,134,66,67.0,2.68,1.3199999999999998,67.0,32.99999999999999,268.0,65.01698204754973,1417,0.0
741,134,66,67.0,2.68,1.3199999999999998,67.0,32.99999999999999,268.0,65.01698204754973,1419,0.0
742,134,66,67.0,2.68,1.3199999999999998,67.0,32.99999999999999,268.0,65.01698204754973,1420,0.0
743,134,66,67.0,2.68,1.3199999999999998,67.0,32.99999999999999,268.0,65.01698204754973,1420,0.0
744,134,66,67.0,2.68,1.3199999999999998,67.0,32.99999999999999,268.0,65.01698204754973,1421,0.0
745,134,66,67.0,2.68,1.3199999999999998,67.0,32.99999999999999,268.0,65.01698204754973,1422,0.0
746,134,66,67.0,2.68,1.3199999999999998,67.0,32.99999999999999,268.0,65.01698204754973,1424,0.0
747,134,66,67.0,2.68,1.3199999999999998,67.0,32.99999999999999,268.0,65.01698204754973,1426,0.0
748,134,66,67.0,2.68,1.3199999999999998,67.0,32.99999999999999,268.0,65.01698204754973,1428,0.0
749,134,66,67.0,2.68,1.3199999999999998,67.0,32.99999999999999,268.0,65.01698204754973,1431,0.0
750,134,66,67.0,2.68,1.3199999999999998,67.0,32.99999999999999,268.0,65.01698204754973,1433,0.0
751,134,66,67.0,2.68,1.3199999999999998,67.0,32.99999999999999,268.0,65.01698204754973,1436,0.0
752,134,66,67.0,2.68,1.3199999999999998,67.0,32.99999999999999,268.0,65.01698204754973,1438,0.0
753,134,66,67.0,2.68,1.3199999999999998,67.0,32.99999999999999,268.0,65.01698204754973,1441,0.0
754,134,66,67.0,2.68,1.3199999999999998,67.0,32.99999999999999,268.0,65.01698204754973,1444,0.0
755,134,66,67.0,2.68,1.3199999999999998,67.0,32.99999999999999,268.0,65.01698204754973,1447,0.0
756,134,66,67.0,2.68,1.3199999999999998,67.0,32.99999999999999,268.0,65.01698204754973,1449,0.0
757,134,66,67.0,2.68,1.3199999999999998,67.0,32.99999999999999,268.0,65.01698204754973,1452,0.0
758,134,66,67.0,2.68,1.3199999999999998,67.0,32.99999999999999,268.0,65.01698204754973,1455,0.0
759,134,66,67.0,2.68,1.3199999999999998,67.0,32.99999999999999,268.0,65.01698204754973,1458,0.0
760,134,66,67.0,2.68,1.3199999999999998,67.0,32.99999999999999,268.0,65.01698204754973,1460,0.0
761,134,66,67.0,2.68,1.3199999999999998,67.0,32.99999999999999,268.0,65.01698204754973,1462,0.0
762,134,66,67.0,2.68,1.3199999999999998,67.0,32.99999999999999,268.0,65.01698204754973,1464,0.0
763,134,66,67.0,2.68,1.3199999999999998,67.0,32.99999999999999,268.0,65.01698204754973,1466,0.0
764,134,66,67.0,2.68,1.3199999999999998,67.0,32.99999999999999,268.0,65.01698204754973,1468,0.0
765,134,66,67.0,2.68,1.3199999999999998,67.0,32.99999999999999,268.0,65.01698204754973,1469,0.0
766,134,66,67.0,2.68,1.3199999999999998,67.0,32.99999999999999,268.0,65.01698204754973,1471,0.0
767,134,66,67.0,2.68,1.3199999999999998,67.0,32.99999999999999,268.0,65.01698204754973,1473,0.0
768,134,66,67.0,2.68,1.3199999999999998,67.0,32.99999999999999,268.0,65.01698204754973,1475,0.0
769,134,66,67.0,2.68,1.3199999999999998,67.0,32.99999999999999,268.0,65.01698204754973,1477,0.0
770,134,66,67.0,2.68,1.3199999999999998,67.0,32.99999999999999,268.0,65.01698204754973,1478,0.0
771,134,66,67.0,2.68,1.3199999999999998,67.0,32.99999999999999,268.0,65.01698204754973,1480,0.0
772,134,66,67.0,2.68,1.3199999999999998,67.0,32.99999999999999,268.0,65.01698204754973,1482,0.0
773,134,66,67.0,2.68,1.3199999999999998,67.0,32.99999999999999,268.0,65.01698204754973,1484,0.0
774,134,66,67.0,2.68,1.3199999999999998,67.0,32.99999999999999,268.0,65.01698204754973,1486,0.0
775,134,66,67.0,2.68,1.3199999999999998,67.0,32.99999999999999,268.0,65.01698204754973,1487,0.0
776,134,66,67.0,2.68,1.3199999999999998,67.0,32.99999999999999,268.0,65.01698204754973,1489,0.0
777,134,66,67.0,2.68,1.3199999999999998,67.0,32.99999999999999,268.0,65.01698204754973,1491,0.0
778,134,66,67.0,2.68,1.3199999999999998,67.0,32.99999999999999,268.0,65.01698204754973,1492,0.0
779,134,66,67.0,2.68,1.3199999999999998,67.0,32.99999999999999,268.0,65.01698204754973,1493,0.0
780,134,66,67.0,2.68,1.3199999999999998,67.0,32.99999999999999,268.0,65.01698204754973,1494,0.0
781,134,66,67.0,2.68,1.3199999999999998,67.0,32.99999999999999,268.0,65.01698204754973,1496,0.0
782,134,66,67.0,2.68,1.3199999999999998,67.0,32.99999999999999,268.0,65.01698204754973,1498,0.0
783,134,66,67.0,2.68,1.3199999999999998,67.0,32.99999999999999,268.0,65.01698204754973,1499,0.0
784,134,66,67.0,2.68,1.3199999999999998,67.0,32.99999999999999,268.0,65.01698204754973,1500,0.0
785,134,66,67.0,2.68,1.3199999999999998,67.0,32.99999999999999,268.0,65.01698204754973,1501,0.0
786,134,66,67.0,2.68,1.3199999999999998,67.0,32.99999999999999,268.0,65.01698204754973,1502,0.0
787,134,66,67.0,2.68,1.3199999999999998,67.0,32.99999999999999,268.0,65.01698204754973,1502,0.0
788,134,66,67.0,2.68,1.3199999999999998,67.0,32.99999999999999,268.0,65.01698204754973,1502,0.0
789,134,66,67.0,2.68,1.3199999999999998,67.0,32.99999999999999,268.0,65.01698204754973,1502,0.0
790,134,66,67.0,2.68,1.3199999999999998,67.0,32.99999999999999,268.0,65.01698204754973,1502,0.0
791,134,66,67.0,2.68,1.3199999999999998,67.0,32.99999999999999,268.0,65.01698204754973,1502,0.0
792,134,66,67.0,2.68,1.3199999999999998,67.0,32.99999999999999,268.0,65.01698204754973,1502,0.0
793,134,66,67.0,2.68,1.3199999999999998,67.0,32.99999999999999,268.0,65.01698204754973,1502,0.0
794,134,66,67.0,2.68,1.3199999999999998,67.0,32.99999999999999,268.0,65.01698204754973,1502,0.0
795,134,66,67.0,2.68,1.3199999999999998,67.0,32.99999999999999,268.0,65.01698204754973,1503,0.0
796,134,66,67.0,2.68,1.3199999999999998,67.0,32.99999999999999,268.0,65.01698204754973,1505,0.0
797,134,66,67.0,2.68,1.3199999999999998,67.0,32.99999999999999,268.0,65.01698204754973,1507,0.0
798,134,66,67.0,2.68,1.3199999999999998,67.0,32.99999999999999,268.0,65.01698204754973,1509,0.0
799,134,66,67.0,2.68,1.3199999999999998,67.0,32.99999999999999,268.0,65.01698204754973,1512,0.0
800,134,66,67.0,2.68,1.3199999999999998,67.0,32.99999999999999,268.0,65.01698204754973,1514,0.0
801,134,66,67.0,2.68,1.3199999999999998,67.0,32.99999999999999,268.0,65.01698204754973,1516,0.0
802,134,66,67.0,2.68,1.3199999999999998,67.0,32.99999999999999,268.0,65.01698204754973,1519,0.0
803,134,66,67.0,2.68,1.3199999999999998,67.0,32.99999999999999,268.0,65.01698204754973,1522,0.0
804,134,66,67.0,2.68,1.3199999999999998,67.0,32.99999999999999,268.0,65.01698204754973,1525,0.0
805,134,66,67.0,2.68,1.3199999999999998,67.0,32.99999999999999,268.0,65.01698204754973,1528,0.0
806,134,66,67.0,2.68,1.3199999999999998,67.0,32.99999999999999,268.0,65.01698204754973,1530,0.0
807,134,66,67.0,2.68,1.3199999999999998,67.0,32.99999999999999,268.0,65.01698204754973,1533,0.0
808,134,66,67.0,2.68,1.3199999999999998,67.0,32.99999999999999,268.0,65.01698204754973,1533,0.0
809,134,66,67.0,2.68,1.3199999999999998,67.0,32.99999999999999,268.0,65.01698204754973,1536,0.0
810,134,66,67.0,2.68,1.3199999999999998,67.0,32.99999999999999,268.0,65.01698204754973,1540,0.0
811,134,66,67.0,2.68,1.3199999999999998,67.0,32.99999999999999,268.0,65.01698204754973,1543,0.0
812,134,66,67.0,2.68,1.3199999999999998,67.0,32.99999999999999,268.0,65.01698204754973,1546,0.0
813,134,66,67.0,2.68,1.3199999999999998,67.0,32.99999999999999,268.0,65.01698204754973,1548,0.0
814,134,66,67.0,2.68,1.3199999999999998,67.0,32.99999999999999,268.0,65.01698204754973,1550,0.0
815,134,66,67.0,2.68,1.3199999999999998,67.0,32.99999999999999,268.0,65.01698204754973,1553,0.0
816,134,66,67.0,2.68,1.3199999999999998,67.0,32.99999999999999,268.0,65.01698204754973,1556,0.0
817,134,66,67.0,2.68,1.3199999999999998,67.0,32.99999999999999,268.0,65.01698204754973,1558,0.0
818,134,66,67.0,2.68,1.3199999999999998,67.0,32.99999999999999,268.0,65.01698204754973,1560,0.0
819,134,66,67.0,2.68,1.3199999999999998,67.0,32.99999999999999,268.0,65.01698204754973,1561,0.0
820,134,66,67.0,2.68,1.3199999999999998,67.0,32.99999999999999,268.0,65.01698204754973,1561,0.0
821,134,66,67.0,2.68,1.3199999999999998,67.0,32.99999999999999,268.0,65.01698204754973,1561,0.0
822,134,66,67.0,2.68,1.3199999999999998,67.0,32.99999999999999,268.0,65.01698204754973,1561,0.0
823,134,66,67.0,2.68,1.3199999999999998,67.0,32.99999999999999,268.0,65.01698204754973,1561,0.0
824,134,66,67.0,2.68,1.3199999999999998,67.0,32.99999999999999,268.0,65.01698204754973,1561,0.0
825,134,66,67.0,2.68,1.3199999999999998,67.0,32.99999999999999,268.0,65.01698204754973,1562,0.0
826,135,65,67.5,2.7,1.2999999999999998,67.5,32.49999999999999,270.0,65.50218340611353,1563,2.0
827,135,65,67.5,2.7,1.2999999999999998,67.5,32.49999999999999,270.0,65.50218340611353,1564,0.0
828,135,65,67.5,2.7,1.2999999999999998,67.5,32.49999999999999,270.0,65.50218340611353,1565,0.0
829,135,65,67.5,2.7,1.2999999999999998,67.5,32.49999999999999,270.0,65.50218340611353,1566,0.0
830,135,65,67.5,2.7,1.2999999999999998,67.5,32.49999999999999,270.0,65.50218340611353,1567,0.0
831,135,65,67.5,2.7,1.2999999999999998,67.5,32.49999999999999,270.0,65.50218340611353,1569,0.0
832,135,65,67.5,2.7,1.2999999999999998,67.5,32.49999999999999,270.0,65.50218340611353,1570,0.0
833,135,65,67.5,2.7,1.2999999999999998,67.5,32.49999999999999,270.0,65.50218340611353,1571,0.0
834,135,65,67.5,2.7,1.2999999999999998,67.5,32.49999999999999,270.0,65.50218340611353,1571,0.0
835,135,65,67.5,2.7,1.2999999999999998,67.5,32.49999999999999,270.0,65.50218340611353,1571,0.0
836,135,65,67.5,2.7,1.2999999999999998,67.5,32.49999999999999,270.0,65.50218340611353,1572,0.0
837,135,65,67.5,2.7,1.2999999999999998,67.5,32.49999999999999,270.0,65.50218340611353,1573,0.0
838,135,65,67.5,2.7,1.2999999999999998,67.5,32.49999999999999,270.0,65.50218340611353,1573,0.0
839,135,65,67.5,2.7,1.2999999999999998,67.5,32.49999999999999,270.0,65.50218340611353,1575,0.0
840,135,65,67.5,2.7,1.2999999999999998,67.5,32.49999999999999,270.0,65.50218340611353,1576,0.0
841,135,65,67.5,2.7,1.2999999999999998,67.5,32.49999999999999,270.0,65.50218340611353,1576,0.0
842,135,65,67.5,2.7,1.2999999999999998,67.5,32.49999999999999,270.0,65.50218340611353,1576,0.0
843,135,65,67.5,2.7,1.2999999999999998,67.5,32.49999999999999,270.0,65.50218340611353,1576,0.0
844,135,65,67.5,2.7,1.2999999999999998,67.5,32.49999999999999,270.0,65.50218340611353,1576,0.0
845,135,65,67.5,2.7,1.2999999999999998,67.5,32.49999999999999,270.0,65.50218340611353,1576,0.0
846,135,65,67.5,2.7,1.2999999999999998,67.5,32.49999999999999,270.0,65.50218340611353,1576,0.0
847,135,65,67.5,2.7,1.2999999999999998,67.5,32.49999999999999,270.0,65.50218340611353,1577,0.0
848,135,65,67.5,2.7,1.2999999999999998,67.5,32.49999999999999,270.0,65.50218340611353,1577,0.0
849,135,65,67.5,2.7,1.2999999999999998,67.5,32.49999999999999,270.0,65.50218340611353,1578,0.0
850,136,64,68.0,2.72,1.2799999999999998,68.0,31.999999999999993,272.0,65.98738476467734,1580,2.0
851,136,64,68.0,2.72,1.2799999999999998,68.0,31.999999999999993,272.0,65.98738476467734,1581,0.0
852,136,64,68.0,2.72,1.2799999999999998,68.0,31.999999999999993,272.0,65.98738476467734,1582,0.0
853,136,64,68.0,2.72,1.2799999999999998,68.0,31.999999999999993,272.0,65.98738476467734,1582,0.0
854,136,64,68.0,2.72,1.2799999999999998,68.0,31.999999999999993,272.0,65.98738476467734,1582,0.0
855,136,64,68.0,2.72,1.2799999999999998,68.0,31.999999999999993,272.0,65.98738476467734,1582,0.0
856,136,64,68.0,2.72,1.2799999999999998,68.0,31.999999999999993,272.0,65.98738476467734,1582,0.0
857,136,64,68.0,2.72,1.2799999999999998,68.0,31.999999999999993,272.0,65.98738476467734,1582,0.0
858,136,64,68.0,2.72,1.2799999999999998,68.0,31.999999999999993,272.0,65.98738476467734,1582,0.0
859,136,64,68.0,2.72,1.2799999999999998,68.0,31.999999999999993,272.0,65.98738476467734,1582,0.0
860,136,64,68.0,2.72,1.2799999999999998,68.0,31.999999999999993,272.0,65.98738476467734,1583,0.0
861,136,64,68.0,2.72,1.2799999999999998,68.0,31.999999999999993,272.0,65.98738476467734,1584,0.0
862,136,64,68.0,2.72,1.2799999999999998,68.0,31.999999999999993,272.0,65.98738476467734,1585,0.0
863,137,63,68.5,2.74,1.2599999999999998,68.5,31.499999999999993,274.0,66.47258612324116,1587,2.0
864,137,63,68.5,2.74,1.2599999999999998,68.5,31.499999999999993,274.0,66.47258612324116,1589,0.0
865,137,63,68.5,2.74,1.2599999999999998,68.5,31.499999999999993,274.0,66.47258612324116,1589,0.0
866,137,63,68.5,2.74,1.2599999999999998,68.5,31.499999999999993,274.0,66.47258612324116,1590,0.0
867,138,62,69.0,2.7600000000000002,1.2399999999999998,69.0,30.999999999999993,276.0,66.95778748180496,1591,2.0
868,138,62,69.0,2.7600000000000002,1.2399999999999998,69.0,30.999999999999993,276.0,66.95778748180496,1591,0.0
869,138,62,69.0,2.7600000000000002,1.2399999999999998,69.0,30.999999999999993,276.0,66.95778748180496,1591,0.0
870,138,62,69.0,2.7600000000000002,1.2399999999999998,69.0,30.999999999999993,276.0,66.95778748180496,1591,0.0
871,138,62,69.0,2.7600000000000002,1.2399999999999998,69.0,30.999999999999993,276.0,66.95778748180496,1591,0.0
872,138,62,69.0,2.7600000000000002,1.2399999999999998,69.0,30.999999999999993,276.0,66.95778748180496,1591,0.0
873,138,62,69.0,2.7600000000000002,1.2399999999999998,69.0,30.999999999999993,276.0,66.95778748180496,1591,0.0
874,138,62,69.0,2.7600000000000002,1.2399999999999998,69.0,30.999999999999993,276.0,66.95778748180496,1593,0.0
875,138,62,69.0,2.7600000000000002,1.2399999999999998,69.0,30.999999999999993,276.0,66.95778748180496,1595,0.0
876,138,62,69.0,2.7600000000000002,1.2399999999999998,69.0,30.999999999999993,276.0,66.95778748180496,1596,0.0
877,138,62,69.0,2.7600000000000002,1.2399999999999998,69.0,30.999999999999993,276.0,66.95778748180496,1598,0.0
878,138,62,69.0,2.7600000000000002,1.2399999999999998,69.0,30.999999999999993,276.0,66.95778748180496,1599,0.0
879,138,62,69.0,2.7600000000000002,1.2399999999999998,69.0,30.999999999999993,276.0,66.95778748180496,1601,0.0
880,138,62,69.0,2.7600000000000002,1.2399999999999998,69.0,30.999999999999993,276.0,66.95778748180496,1602,0.0
881,138,62,69.0,2.7600000000000002,1.2399999999999998,69.0,30.999999999999993,276.0,66.95778748180496,1605,0.0
882,139,61,69.5,2.7800000000000002,1.2199999999999998,69.5,30.499999999999993,278.0,67.44298884036876,1609,2.0
883,139,61,69.5,2.7800000000000002,1.2199999999999998,69.5,30.499999999999993,278.0,67.44298884036876,1612,0.0
884,139,61,69.5,2.7800000000000002,1.2199999999999998,69.5,30.499999999999993,278.0,67.44298884036876,1615,0.0
885,139,61,69.5,2.7800000000000002,1.2199999999999998,69.5,30.499999999999993,278.0,67.44298884036876,1617,0.0
886,139,61,69.5,2.7800000000000002,1.2199999999999998,69.5,30.499999999999993,278.0,67.44298884036876,1619,0.0
887,139,61,69.5,2.7800000000000002,1.2199999999999998,69.5,30.499999999999993,278.0,67.44298884036876,1622,0.0
888,139,61,69.5,2.7800000000000002,1.2199999999999998,69.5,30.499999999999993,278.0,67.44298884036876,1625,0.0
889,139,61,69.5,2.7800000000000002,1.2199999999999998,69.5,30.499999999999993,278.0,67.44298884036876,1629,0.0
890,139,61,69.5,2.7800000000000002,1.2199999999999998,69.5,30.499999999999993,278.0,67.44298884036876,1632,0.0
891,139,61,69.5,2.7800000000000002,1.2199999999999998,69.5,30.499999999999993,278.0,67.44298884036876,1635,0.0
892,139,61,69.5,2.7800000000000002,1.2199999999999998,69.5,30.499999999999993,278.0,67.44298884036876,1639,0.0
893,139,61,69.5,2.7800000000000002,1.2199999999999998,69.5,30.499999999999993,278.0,67.44298884036876,1642,0.0
894,139,61,69.5,2.7800000000000002,1.2199999999999998,69.5,30.499999999999993,278.0,67.44298884036876,1645,0.0
895,139,61,69.5,2.7800000000000002,1.2199999999999998,69.5,30.499999999999993,278.0,67.44298884036876,1649,0.0
896,139,61,69.5,2.7800000000000002,1.2199999999999998,69.5,30.499999999999993,278.0,67.44298884036876,1652,0.0
897,139,61,69.5,2.7800000000000002,1.2199999999999998,69.5,30.499999999999993,278.0,67.44298884036876,1654,0.0
898,139,61,69.5,2.7800000000000002,1.2199999999999998,69.5,30.499999999999993,278.0,67.44298884036876,1656,0.0
899,139,61,69.5,2.7800000000000002,1.2199999999999998,69.5,30.499999999999993,278.0,67.44298884036876,1659,0.0
900,139,61,69.5,2.7800000000000002,1.2199999999999998,69.5,30.499999999999993,278.0,67.44298884036876,1662,0.0
901,139,61,69.5,2.7800000000000002,1.2199999999999998,69.5,30.499999999999993,278.0,67.44298884036876,1665,0.0
902,139,61,69.5,2.7800000000000002,1.2199999999999998,69.5,30.499999999999993,278.0,67.44298884036876,1668,0.0
903,139,61,69.5,2.7800000000000002,1.2199999999999998,69.5,30.499999999999993,278.0,67.44298884036876,1672,0.0
904,139,61,69.5,2.7800000000000002,1.2199999999999998,69.5,30.499999999999993,278.0,67.44298884036876,1676,0.0
905,139,61,69.5,2.7800000000000002,1.2199999999999998,69.5,30.499999999999993,278.0,67.44298884036876,1679,0.0
906,139,61,69.5,2.7800000000000002,1.2199999999999998,69.5,30.499999999999993,278.0,67.44298884036876,1683,0.0
907,139,61,69.5,2.7800000000000002,1.2199999999999998,69.5,30.499999999999993,278.0,67.44298884036876,1687,0.0
908,139,61,69.5,2.7800000000000002,1.2199999999999998,69.5,30.499999999999993,278.0,67.44298884036876,1691,0.0
909,139,61,69.5,2.7800000000000002,1.2199999999999998,69.5,30.499999999999993,278.0,67.44298884036876,1696,0.0
910,139,61,69.5,2.7800000000000002,1.2199999999999998,69.5,30.499999999999993,278.0,67.44298884036876,1701,0.0
911,139,61,69.5,2.7800000000000002,1.2199999999999998,69.5,30.499999999999993,278.0,67.44298884036876,1705,0.0
912,139,61,69.5,2.7800000000000002,1.2199999999999998,69.5,30.499999999999993,278.0,67.44298884036876,1708,0.0
913,139,61,69.5,2.7800000000000002,1.2199999999999998,69.5,30.499999999999993,278.0,67.44298884036876,1713,0.0
914,139,61,69.5,2.7800000000000002,1.2199999999999998,69.5,30.499999999999993,278.0,67.44298884036876,1717,0.0
915,139,61,69.5,2.7800000000000002,1.2199999999999998,69.5,30.499999999999993,278.0,67.44298884036876,1722,0.0
916,139,61,69.5,2.7800000000000002,1.2199999999999998,69.5,30.499999999999993,278.0,67.44298884036876,1727,0.0
917,139,61,69.5,2.7800000000000002,1.2199999999999998,69.5,30.499999999999993,278.0,67.44298884036876,1731,0.0
918,139,61,69.5,2.7800000000000002,1.2199999999999998,69.5,30.499999999999993,278.0,67.44298884036876,1737,0.0
919,139,61,69.5,2.7800000000000002,1.2199999999999998,69.5,30.499999999999993,278.0,67.44298884036876,1744,0.0
920,139,61,69.5,2.7800000000000002,1.2199999999999998,69.5,30.499999999999993,278.0,67.44298884036876,1750,0.0
921,139,61,69.5,2.7800000000000002,1.2199999999999998,69.5,30.499999999999993,278.0,67.44298884036876,1755,0.0
922,139,61,69.5,2.7800000000000002,1.2199999999999998,69.5,30.499999999999993,278.0,67.44298884036876,1758,0.0
923,139,61,69.5,2.7800000000000002,1.2199999999999998,69.5,30.499999999999993,278.0,67.44298884036876,1763,0.0
924,139,61,69.5,2.7800000000000002,1.2199999999999998,69.5,30.499999999999993,278.0,67.44298884036876,1767,0.0
925,140,60,70.0,2.8000000000000003,1.1999999999999997,70.0,29.999999999999993,280.0,67.92819019893255,1772,2.0
926,140,60,70.0,2.8000000000000003,1.1999999999999997,70.0,29.999999999999993,280.0,67.92819019893255,1776,0.0
927,140,60,70.0,2.8000000000000003,1.1999999999999997,70.0,29.999999999999993,280.0,67.92819019893255,1778,0.0
928,140,60,70.0,2.8000000000000003,1.1999999999999997,70.0,29.999999999999993,280.0,67.92819019893255,1782,0.0
929,140,60,70.0,2.8000000000000003,1.1999999999999997,70.0,29.999999999999993,280.0,67.92819019893255,1785,0.0
930,140,60,70.0,2.8000000000000003,1.1999999999999997,70.0,29.999999999999993,280.0,67.92819019893255,1788,0.0
931,140,60,70.0,2.8000000000000003,1.1999999999999997,70.0,29.999999999999993,280.0,67.92819019893255,1792,0.0
932,140,60,70.0,2.8000000000000003,1.1999999999999997,70.0,29.999999999999993,280.0,67.92819019893255,1797,0.0
933,140,60,70.0,2.8000000000000003,1.1999999999999997,70.0,29.999999999999993,280.0,67.92819019893255,1800,0.0
934,140,60,70.0,2.8000000000000003,1.1999999999999997,70.0,29.999999999999993,280.0,67.92819019893255,1804,0.0
935,140,60,70.0,2.8000000000000003,1.1999999999999997,70.0,29.999999999999993,280.0,67.92819019893255,1807,0.0
936,140,60,70.0,2.8000000000000003,1.1999999999999997,70.0,29.999999999999993,280.0,67.92819019893255,1810,0.0
937,140,60,70.0,2.8000000000000003,1.1999999999999997,70.0,29.999999999999993,280.0,67.92819019893255,1815,0.0
938,141,59,70.5,2.82,1.1800000000000002,70.5,29.500000000000004,282.0,68.41339155749637,1820,2.0
939,141,59,70.5,2.82,1.1800000000000002,70.5,29.500000000000004,282.0,68.41339155749637,1824,0.0
940,141,59,70.5,2.82,1.1800000000000002,70.5,29.500000000000004,282.0,68.41339155749637,1828,0.0
941,141,59,70.5,2.82,1.1800000000000002,70.5,29.500000000000004,282.0,68.41339155749637,1832,0.0
942,141,59,70.5,2.82,1.1800000000000002,70.5,29.500000000000004,282.0,68.41339155749637,1836,0.0
943,141,59,70.5,2.82,1.1800000000000002,70.5,29.500000000000004,282.0,68.41339155749637,1840,0.0
944,141,59,70.5,2.82,1.1800000000000002,70.5,29.500000000000004,282.0,68.41339155749637,1844,0.0
945,141,59,70.5,2.82,1.1800000000000002,70.5,29.500000000000004,282.0,68.41339155749637,1847,0.0
946,141,59,70.5,2.82,1.1800000000000002,70.5,29.500000000000004,282.0,68.41339155749637,1849,0.0
947,141,59,70.5,2.82,1.1800000000000002,70.5,29.500000000000004,282.0,68.41339155749637,1852,0.0
948,141,59,70.5,2.82,1.1800000000000002,70.5,29.500000000000004,282.0,68.41339155749637,1855,0.0
949,141,59,70.5,2.82,1.1800000000000002,70.5,29.500000000000004,282.0,68.41339155749637,1858,0.0
950,141,59,70.5,2.82,1.1800000000000002,70.5,29.500000000000004,282.0,68.41339155749637,1862,0.0
951,141,59,70.5,2.82,1.1800000000000002,70.5,29.500000000000004,282.0,68.41339155749637,1865,0.0
952,141,59,70.5,2.82,1.1800000000000002,70.5,29.500000000000004,282.0,68.41339155749637,1868,0.0
953,141,59,70.5,2.82,1.1800000000000002,70.5,29.500000000000004,282.0,68.41339155749637,1870,0.0
954,141,59,70.5,2.82,1.1800000000000002,70.5,29.500000000000004,282.0,68.41339155749637,1872,0.0
955,141,59,70.5,2.82,1.1800000000000002,70.5,29.500000000000004,282.0,68.41339155749637,1875,0.0
956,141,59,70.5,2.82,1.1800000000000002,70.5,29.500000000000004,282.0,68.41339155749637,1879,0.0
957,141,59,70.5,2.82,1.1800000000000002,70.5,29.500000000000004,282.0,68.41339155749637,1881,0.0
958,141,59,70.5,2.82,1.1800000000000002,70.5,29.500000000000004,282.0,68.41339155749637,1882,0.0
959,141,59,70.5,2.82,1.1800000000000002,70.5,29.500000000000004,282.0,68.41339155749637,1885,0.0
960,141,59,70.5,2.82,1.1800000000000002,70.5,29.500000000000004,282.0,68.41339155749637,1886,0.0
961,141,59,70.5,2.82,1.1800000000000002,70.5,29.500000000000004,282.0,68.41339155749637,1887,0.0
962,141,59,70.5,2.82,1.1800000000000002,70.5,29.500000000000004,282.0,68.41339155749637,1889,0.0
963,141,59,70.5,2.82,1.1800000000000002,70.5,29.500000000000004,282.0,68.41339155749637,1890,0.0
964,141,59,70.5,2.82,1.1800000000000002,70.5,29.500000000000004,282.0,68.41339155749637,1891,0.0
965,141,59,70.5,2.82,1.1800000000000002,70.5,29.500000000000004,282.0,68.41339155749637,1892,0.0
966,141,59,70.5,2.82,1.1800000000000002,70.5,29.500000000000004,282.0,68.41339155749637,1893,0.0
967,141,59,70.5,2.82,1.1800000000000002,70.5,29.500000000000004,282.0,68.41339155749637,1894,0.0
968,141,59,70.5,2.82,1.1800000000000002,70.5,29.500000000000004,282.0,68.41339155749637,1895,0.0
969,141,59,70.5,2.82,1.1800000000000002,70.5,29.500000000000004,282.0,68.41339155749637,1896,0.0
970,141,59,70.5,2.82,1.1800000000000002,70.5,29.500000000000004,282.0,68.41339155749637,1897,0.0
971,141,59,70.5,2.82,1.1800000000000002,70.5,29.500000000000004,282.0,68.41339155749637,1897,0.0
972,141,59,70.5,2.82,1.1800000000000002,70.5,29.500000000000004,282.0,68.41339155749637,1897,0.0
973,141,59,70.5,2.82,1.1800000000000002,70.5,29.500000000000004,282.0,68.41339155749637,1898,0.0
974,141,59,70.5,2.82,1.1800000000000002,70.5,29.500000000000004,282.0,68.41339155749637,1899,0.0
975,141,59,70.5,2.82,1.1800000000000002,70.5,29.500000000000004,282.0,68.41339155749637,1899,0.0
976,141,59,70.5,2.82,1.1800000000000002,70.5,29.500000000000004,282.0,68.41339155749637,1899,0.0
977,141,59,70.5,2.82,1.1800000000000002,70.5,29.500000000000004,282.0,68.41339155749637,1900,0.0
978,141,59,70.5,2.82,1.1800000000000002,70.5,29.500000000000004,282.0,68.41339155749637,1900,0.0
979,141,59,70.5,2.82,1.1800000000000002,70.5,29.500000000000004,282.0,68.41339155749637,1901,0.0
980,141,59,70.5,2.82,1.1800000000000002,70.5,29.500000000000004,282.0,68.41339155749637,1902,0.0
981,141,59,70.5,2.82,1.1800000000000002,70.5,29.500000000000004,282.0,68.41339155749637,1902,0.0
982,141,59,70.5,2.82,1.1800000000000002,70.5,29.500000000000004,282.0,68.41339155749637,1903,0.0
983,141,59,70.5,2.82,1.1800000000000002,70.5,29.500000000000004,282.0,68.41339155749637,1904,0.0
984,141,59,70.5,2.82,1.1800000000000002,70.5,29.500000000000004,282.0,68.41339155749637,1904,0.0
985,141,59,70.5,2.82,1.1800000000000002,70.5,29.500000000000004,282.0,68.41339155749637,1904,0.0
986,141,59,70.5,2.82,1.1800000000000002,70.5,29.500000000000004,282.0,68.41339155749637,1904,0.0
987,141,59,70.5,2.82,1.1800000000000002,70.5,29.500000000000004,282.0,68.41339155749637,1904,0.0
988,141,59,70.5,2.82,1.1800000000000002,70.5,29.500000000000004,282.0,68.41339155749637,1904,0.0
989,141,59,70.5,2.82,1.1800000000000002,70.5,29.500000000000004,282.0,68.41339155749637,1904,0.0
990,142,58,71.0,2.84,1.1600000000000001,71.0,29.000000000000004,284.0,68.89859291606017,1905,2.0
991,142,58,71.0,2.84,1.1600000000000001,71.0,29.000000000000004,284.0,68.89859291606017,1906,0.0
992,142,58,71.0,2.84,1.1600000000000001,71.0,29.000000000000004,284.0,68.89859291606017,1907,0.0
993,142,58,71.0,2.84,1.1600000000000001,71.0,29.000000000000004,284.0,68.89859291606017,1908,0.0
994,142,58,71.0,2.84,1.1600000000000001,71.0,29.000000000000004,284.0,68.89859291606017,1909,0.0
995,142,58,71.0,2.84,1.1600000000000001,71.0,29.000000000000004,284.0,68.89859291606017,1911,0.0
996,142,58,71.0,2.84,1.1600000000000001,71.0,29.000000000000004,284.0,68.89859291606017,1911,0.0
997,142,58,71.0,2.84,1.1600000000000001,71.0,29.000000000000004,284.0,68.89859291606017,1912,0.0
998,142,58,71.0,2.84,1.1600000000000001,71.0,29.000000000000004,284.0,68.89859291606017,1912,0.0
999,142,58,71.0,2.84,1.1600000000000001,71.0,29.000000000000004,284.0,68.89859291606017,1912,0.0
1000,142,58,71.0,2.84,1.1600000000000001,71.0,29.000000000000004,284.0,68.89859291606017,1912,0.0
1001,142,58,71.0,2.84,1.1600000000000001,71.0,29.000000000000004,284.0,68.89859291606017,1912,0.0
1002,142,58,71.0,2.84,1.1600000000000001,71.0,29.000000000000004,284.0,68.89859291606017,1912,0.0
1003,142,58,71.0,2.84,1.1600000000000001,71.0,29.000000000000004,284.0,68.89859291606017,1912,0.0
1004,142,58,71.0,2.84,1.1600000000000001,71.0,29.000000000000004,284.0,68.89859291606017,1913,0.0
1005,142,58,71.0,2.84,1.1600000000000001,71.0,29.000000000000004,284.0,68.89859291606017,1914,0.0
1006,142,58,71.0,2.84,1.1600000000000001,71.0,29.000000000000004,284.0,68.89859291606017,1915,0.0
1007,142,58,71.0,2.84,1.1600000000000001,71.0,29.000000000000004,284.0,68.89859291606017,1916,0.0
1008,142,58,71.0,2.84,1.1600000000000001,71.0,29.000000000000004,284.0,68.89859291606017,1917,0.0
1009,142,58,71.0,2.84,1.1600000000000001,71.0,29.000000000000004,284.0,68.89859291606017,1919,0.0
1010,142,58,71.0,2.84,1.1600000000000001,71.0,29.000000000000004,284.0,68.89859291606017,1921,0.0
1011,142,58,71.0,2.84,1.1600000000000001,71.0,29.000000000000004,284.0,68.89859291606017,1922,0.0
1012,142,58,71.0,2.84,1.1600000000000001,71.0,29.000000000000004,284.0,68.89859291606017,1924,0.0
1013,142,58,71.0,2.84,1.1600000000000001,71.0,29.000000000000004,284.0,68.89859291606017,1926,0.0
1014,142,58,71.0,2.84,1.1600000000000001,71.0,29.000000000000004,284.0,68.89859291606017,1927,0.0
1015,142,58,71.0,2.84,1.1600000000000001,71.0,29.000000000000004,284.0,68.89859291606017,1928,0.0
1016,142,58,71.0,2.84,1.1600000000000001,71.0,29.000000000000004,284.0,68.89859291606017,1928,0.0
1017,142,58,71.0,2.84,1.1600000000000001,71.0,29.000000000000004,284.0,68.89859291606017,1928,0.0
1018,142,58,71.0,2.84,1.1600000000000001,71.0,29.000000000000004,284.0,68.89859291606017,1929,0.0
1019,142,58,71.0,2.84,1.1600000000000001,71.0,29.000000000000004,284.0,68.89859291606017,1930,0.0
1020,142,58,71.0,2.84,1.1600000000000001,71.0,29.000000000000004,284.0,68.89859291606017,1931,0.0
1021,142,58,71.0,2.84,1.1600000000000001,71.0,29.000000000000004,284.0,68.89859291606017,1932,0.0
1022,142,58,71.0,2.84,1.1600000000000001,71.0,29.000000000000004,284.0,68.89859291606017,1934,0.0
1023,142,58,71.0,2.84,1.1600000000000001,71.0,29.000000000000004,284.0,68.89859291606017,1936,0.0
1024,142,58,71.0,2.84,1.1600000000000001,71.0,29.000000000000004,284.0,68.89859291606017,1937,0.0
1025,142,58,71.0,2.84,1.1600000000000001,71.0,29.000000000000004,284.0,68.89859291606017,1938,0.0
1026,142,58,71.0,2.84,1.1600000000000001,71.0,29.000000000000004,284.0,68.89859291606017,1940,0.0
1027,142,58,71.0,2.84,1.1600000000000001,71.0,29.000000000000004,284.0,68.89859291606017,1942,0.0
1028,142,58,71.0,2.84,1.1600000000000001,71.0,29.000000000000004,284.0,68.89859291606017,1943,0.0
1029,142,58,71.0,2.84,1.1600000000000001,71.0,29.000000000000004,284.0,68.89859291606017,1944,0.0
1030,142,58,71.0,2.84,1.1600000000000001,71.0,29.000000000000004,284.0,68.89859291606017,1945,0.0
1031,142,58,71.0,2.84,1.1600000000000001,71.0,29.000000000000004,284.0,68.89859291606017,1947,0.0
1032,142,58,71.0,2.84,1.1600000000000001,71.0,29.000000000000004,284.0,68.89859291606017,1948,0.0
1033,142,58,71.0,2.84,1.1600000000000001,71.0,29.000000000000004,284.0,68.89859291606017,1949,0.0
1034,142,58,71.0,2.84,1.1600000000000001,71.0,29.000000000000004,284.0,68.89859291606017,1951,0.0
1035,142,58,71.0,2.84,1.1600000000000001,71.0,29.000000000000004,284.0,68.89859291606017,1955,0.0
1036,143,57,71.5,2.86,1.1400000000000001,71.5,28.500000000000004,286.0,69.38379427462397,1959,2.0
1037,143,57,71.5,2.86,1.1400000000000001,71.5,28.500000000000004,286.0,69.38379427462397,1962,0.0
1038,144,56,72.0,2.88,1.12,72.0,28.000000000000004,288.0,69.86899563318778,1965,2.0
1039,144,56,72.0,2.88,1.12,72.0,28.000000000000004,288.0,69.86899563318778,1967,0.0
1040,144,56,72.0,2.88,1.12,72.0,28.000000000000004,288.0,69.86899563318778,1969,0.0
1041,144,56,72.0,2.88,1.12,72.0,28.000000000000004,288.0,69.86899563318778,1972,0.0
1042,145,55,72.5,2.9,1.1,72.5,27.5,290.0,70.35419699175158,1975,2.0
1043,145,55,72.5,2.9,1.1,72.5,27.5,290.0,70.35419699175158,1976,0.0
1044,145,55,72.5,2.9,1.1,72.5,27.5,290.0,70.35419699175158,1978,0.0
1045,145,55,72.5,2.9,1.1,72.5,27.5,290.0,70.35419699175158,1981,0.0
1046,145,55,72.5,2.9,1.1,72.5,27.5,290.0,70.35419699175158,1983,0.0
1047,145,55,72.5,2.9,1.1,72.5,27.5,290.0,70.35419699175158,1986,0.0
1048,145,55,72.5,2.9,1.1,72.5,27.5,290.0,70.35419699175158,1989,0.0
1049,145,55,72.5,2.9,1.1,72.5,27.5,290.0,70.35419699175158,1992,0.0
1050,145,55,72.5,2.9,1.1,72.5,27.5,290.0,70.35419699175158,1995,0.0
1051,145,55,72.5,2.9,1.1,72.5,27.5,290.0,70.35419699175158,1998,0.0
1052,145,55,72.5,2.9,1.1,72.5,27.5,290.0,70.35419699175158,2001,0.0
1053,145,55,72.5,2.9,1.1,72.5,27.5,290.0,70.35419699175158,2005,0.0
1054,145,55,72.5,2.9,1.1,72.5,27.5,290.0,70.35419699175158,2008,0.0
1055,145,55,72.5,2.9,1.1,72.5,27.5,290.0,70.35419699175158,2010,0.0
1056,145,55,72.5,2.9,1.1,72.5,27.5,290.0,70.35419699175158,2013,0.0
1057,145,55,72.5,2.9,1.1,72.5,27.5,290.0,70.35419699175158,2015,0.0
1058,145,55,72.5,2.9,1.1,72.5,27.5,290.0,70.35419699175158,2017,0.0
1059,145,55,72.5,2.9,1.1,72.5,27.5,290.0,70.35419699175158,2019,0.0
1060,146,54,73.0,2.92,1.08,73.0,27.0,292.0,70.83939835031539,2022,2.0
1061,146,54,73.0,2.92,1.08,73.0,27.0,292.0,70.83939835031539,2024,0.0
1062,146,54,73.0,2.92,1.08,73.0,27.0,292.0,70.83939835031539,2027,0.0
1063,146,54,73.0,2.92,1.08,73.0,27.0,292.0,70.83939835031539,2031,0.0
1064,146,54,73.0,2.92,1.08,73.0,27.0,292.0,70.83939835031539,2034,0.0
1065,146,54,73.0,2.92,1.08,73.0,27.0,292.0,70.83939835031539,2037,0.0
1066,146,54,73.0,2.92,1.08,73.0,27.0,292.0,70.83939835031539,2040,0.0
1067,146,54,73.0,2.92,1.08,73.0,27.0,292.0,70.83939835031539,2042,0.0
1068,146,54,73.0,2.92,1.08,73.0,27.0,292.0,70.83939835031539,2044,0.0
1069,146,54,73.0,2.92,1.08,73.0,27.0,292.0,70.83939835031539,2046,0.0
1070,146,54,73.0,2.92,1.08,73.0,27.0,292.0,70.83939835031539,2048,0.0
1071,146,54,73.0,2.92,1.08,73.0,27.0,292.0,70.83939835031539,2051,0.0
1072,146,54,73.0,2.92,1.08,73.0,27.0,292.0,70.83939835031539,2053,0.0
1073,146,54,73.0,2.92,1.08,73.0,27.0,292.0,70.83939835031539,2054,0.0
1074,146,54,73.0,2.92,1.08,73.0,27.0,292.0,70.83939835031539,2055,0.0
1075,146,54,73.0,2.92,1.08,73.0,27.0,292.0,70.83939835031539,2058,0.0
1076,146,54,73.0,2.92,1.08,73.0,27.0,292.0,70.83939835031539,2059,0.0
1077,146,54,73.0,2.92,1.08,73.0,27.0,292.0,70.83939835031539,2061,0.0
1078,146,54,73.0,2.92,1.08,73.0,27.0,292.0,70.83939835031539,2062,0.0
1079,146,54,73.0,2.92,1.08,73.0,27.0,292.0,70.83939835031539,2063,0.0
1080,146,54,73.0,2.92,1.08,73.0,27.0,292.0,70.83939835031539,2066,0.0
1081,146,54,73.0,2.92,1.08,73.0,27.0,292.0,70.83939835031539,2069,0.0
1082,146,54,73.0,2.92,1.08,73.0,27.0,292.0,70.83939835031539,2069,0.0
1083,146,54,73.0,2.92,1.08,73.0,27.0,292.0,70.83939835031539,2071,0.0
1084,146,54,73.0,2.92,1.08,73.0,27.0,292.0,70.83939835031539,2072,0.0
1085,147,53,73.5,2.94,1.06,73.5,26.5,294.0,71.32459970887919,2075,2.0
1086,147,53,73.5,2.94,1.06,73.5,26.5,294.0,71.32459970887919,2077,0.0
1087,147,53,73.5,2.94,1.06,73.5,26.5,294.0,71.32459970887919,2078,0.0
1088,147,53,73.5,2.94,1.06,73.5,26.5,294.0,71.32459970887919,2079,0.0
1089,147,53,73.5,2.94,1.06,73.5,26.5,294.0,71.32459970887919,2081,0.0
1090,147,53,73.5,2.94,1.06,73.5,26.5,294.0,71.32459970887919,2082,0.0
1091,147,53,73.5,2.94,1.06,73.5,26.5,294.0,71.32459970887919,2084,0.0
1092,147,53,73.5,2.94,1.06,73.5,26.5,294.0,71.32459970887919,2084,0.0
1093,147,53,73.5,2.94,1.06,73.5,26.5,294.0,71.32459970887919,2084,0.0
1094,147,53,73.5,2.94,1.06,73.5,26.5,294.0,71.32459970887919,2084,0.0
1095,147,53,73.5,2.94,1.06,73.5,26.5,294.0,71.32459970887919,2084,0.0
1096,147,53,73.5,2.94,1.06,73.5,26.5,294.0,71.32459970887919,2085,0.0
1097,147,53,73.5,2.94,1.06,73.5,26.5,294.0,71.32459970887919,2086,0.0
1098,147,53,73.5,2.94,1.06,73.5,26.5,294.0,71.32459970887919,2087,0.0
1099,147,53,73.5,2.94,1.06,73.5,26.5,294.0,71.32459970887919,2088,0.0
1100,147,53,73.5,2.94,1.06,73.5,26.5,294.0,71.32459970887919,2090,0.0
1101,147,53,73.5,2.94,1.06,73.5,26.5,294.0,71.32459970887919,2092,0.0
1102,147,53,73.5,2.94,1.06,73.5,26.5,294.0,71.32459970887919,2093,0.0
1103,147,53,73.5,2.94,1.06,73.5,26.5,294.0,71.32459970887919,2094,0.0
1104,147,53,73.5,2.94,1.06,73.5,26.5,294.0,71.32459970887919,2095,0.0
1105,147,53,73.5,2.94,1.06,73.5,26.5,294.0,71.32459970887919,2096,0.0
1106,147,53,73.5,2.94,1.06,73.5,26.5,294.0,71.32459970887919,2096,0.0
1107,147,53,73.5,2.94,1.06,73.5,26.5,294.0,71.32459970887919,2096,0.0
1108,147,53,73.5,2.94,1.06,73.5,26.5,294.0,71.32459970887919,2096,0.0
1109,147,53,73.5,2.94,1.06,73.5,26.5,294.0,71.32459970887919,2096,0.0
1110,147,53,73.5,2.94,1.06,73.5,26.5,294.0,71.32459970887919,2096,0.0
1111,147,53,73.5,2.94,1.06,73.5,26.5,294.0,71.32459970887919,2096,0.0
1112,147,53,73.5,2.94,1.06,73.5,26.5,294.0,71.32459970887919,2098,0.0
1113,147,53,73.5,2.94,1.06,73.5,26.5,294.0,71.32459970887919,2099,0.0
1114,147,53,73.5,2.94,1.06,73.5,26.5,294.0,71.32459970887919,2101,0.0
1115,147,53,73.5,2.94,1.06,73.5,26.5,294.0,71.32459970887919,2103,0.0
1116,147,53,73.5,2.94,1.06,73.5,26.5,294.0,71.32459970887919,2104,0.0
1117,147,53,73.5,2.94,1.06,73.5,26.5,294.0,71.32459970887919,2106,0.0
1118,147,53,73.5,2.94,1.06,73.5,26.5,294.0,71.32459970887919,2108,0.0
1119,147,53,73.5,2.94,1.06,73.5,26.5,294.0,71.32459970887919,2109,0.0
1120,147,53,73.5,2.94,1.06,73.5,26.5,294.0,71.32459970887919,2111,0.0
1121,147,53,73.5,2.94,1.06,73.5,26.5,294.0,71.32459970887919,2116,0.0
1122,147,53,73.5,2.94,1.06,73.5,26.5,294.0,71.32459970887919,2120,0.0
1123,147,53,73.5,2.94,1.06,73.5,26.5,294.0,71.32459970887919,2124,0.0
1124,147,53,73.5,2.94,1.06,73.5,26.5,294.0,71.32459970887919,2128,0.0
1125,147,53,73.5,2.94,1.06,73.5,26.5,294.0,71.32459970887919,2132,0.0
1126,147,53,73.5,2.94,1.06,73.5,26.5,294.0,71.32459970887919,2135,0.0
1127,147,53,73.5,2.94,1.06,73.5,26.5,294.0,71.32459970887919,2137,0.0
1128,147,53,73.5,2.94,1.06,73.5,26.5,294.0,71.32459970887919,2139,0.0
1129,147,53,73.5,2.94,1.06,73.5,26.5,294.0,71.32459970887919,2141,0.0
1130,147,53,73.5,2.94,1.06,73.5,26.5,294.0,71.32459970887919,2143,0.0
1131,147,53,73.5,2.94,1.06,73.5,26.5,294.0,71.32459970887919,2146,0.0
1132,147,53,73.5,2.94,1.06,73.5,26.5,294.0,71.32459970887919,2150,0.0
1133,147,53,73.5,2.94,1.06,73.5,26.5,294.0,71.32459970887919,2153,0.0
1134,147,53,73.5,2.94,1.06,73.5,26.5,294.0,71.32459970887919,2157,0.0
1135,147,53,73.5,2.94,1.06,73.5,26.5,294.0,71.32459970887919,2162,0.0
1136,147,53,73.5,2.94,1.06,73.5,26.5,294.0,71.32459970887919,2167,0.0
1137,147,53,73.5,2.94,1.06,73.5,26.5,294.0,71.32459970887919,2172,0.0
1138,147,53,73.5,2.94,1.06,73.5,26.5,294.0,71.32459970887919,2175,0.0
1139,147,53,73.5,2.94,1.06,73.5,26.5,294.0,71.32459970887919,2178,0.0
1140,147,53,73.5,2.94,1.06,73.5,26.5,294.0,71.32459970887919,2180,0.0
1141,147,53,73.5,2.94,1.06,73.5,26.5,294.0,71.32459970887919,2181,0.0
1142,147,53,73.5,2.94,1.06,73.5,26.5,294.0,71.32459970887919,2182,0.0
1143,147,53,73.5,2.94,1.06,73.5,26.5,294.0,71.32459970887919,2182,0.0
1144,147,53,73.5,2.94,1.06,73.5,26.5,294.0,71.32459970887919,2182,0.0
1145,147,53,73.5,2.94,1.06,73.5,26.5,294.0,71.32459970887919,2183,0.0
1146,147,53,73.5,2.94,1.06,73.5,26.5,294.0,71.32459970887919,2184,0.0
1147,147,53,73.5,2.94,1.06,73.5,26.5,294.0,71.32459970887919,2185,0.0
1148,147,53,73.5,2.94,1.06,73.5,26.5,294.0,71.32459970887919,2185,0.0
1149,147,53,73.5,2.94,1.06,73.5,26.5,294.0,71.32459970887919,2185,0.0
1150,147,53,73.5,2.94,1.06,73.5,26.5,294.0,71.32459970887919,2186,0.0
1151,147,53,73.5,2.94,1.06,73.5,26.5,294.0,71.32459970887919,2186,0.0
1152,147,53,73.5,2.94,1.06,73.5,26.5,294.0,71.32459970887919,2186,0.0
1153,147,53,73.5,2.94,1.06,73.5,26.5,294.0,71.32459970887919,2186,0.0
1154,147,53,73.5,2.94,1.06,73.5,26.5,294.0,71.32459970887919,2187,0.0
1155,147,53,73.5,2.94,1.06,73.5,26.5,294.0,71.32459970887919,2187,0.0
1156,147,53,73.5,2.94,1.06,73.5,26.5,294.0,71.32459970887919,2187,0.0
1157,147,53,73.5,2.94,1.06,73.5,26.5,294.0,71.32459970887919,2188,0.0
1158,147,53,73.5,2.94,1.06,73.5,26.5,294.0,71.32459970887919,2189,0.0
1159,147,53,73.5,2.94,1.06,73.5,26.5,294.0,71.32459970887919,2190,0.0
1160,147,53,73.5,2.94,1.06,73.5,26.5,294.0,71.32459970887919,2191,0.0
1161,147,53,73.5,2.94,1.06,73.5,26.5,294.0,71.32459970887919,2192,0.0
1162,147,53,73.5,2.94,1.06,73.5,26.5,294.0,71.32459970887919,2193,0.0
1163,147,53,73.5,2.94,1.06,73.5,26.5,294.0,71.32459970887919,2195,0.0
1164,147,53,73.5,2.94,1.06,73.5,26.5,294.0,71.32459970887919,2197,0.0
1165,147,53,73.5,2.94,1.06,73.5,26.5,294.0,71.32459970887919,2199,0.0
1166,147,53,73.5,2.94,1.06,73.5,26.5,294.0,71.32459970887919,2200,0.0
1167,147,53,73.5,2.94,1.06,73.5,26.5,294.0,71.32459970887919,2202,0.0
1168,147,53,73.5,2.94,1.06,73.5,26.5,294.0,71.32459970887919,2204,0.0
1169,147,53,73.5,2.94,1.06,73.5,26.5,294.0,71.32459970887919,2205,0.0
1170,147,53,73.5,2.94,1.06,73.5,26.5,294.0,71.32459970887919,2206,0.0
1171,147,53,73.5,2.94,1.06,73.5,26.5,294.0,71.32459970887919,2207,0.0
1172,147,53,73.5,2.94,1.06,73.5,26.5,294.0,71.32459970887919,2209,0.0
1173,147,53,73.5,2.94,1.06,73.5,26.5,294.0,71.32459970887919,2210,0.0
1174,147,53,73.5,2.94,1.06,73.5,26.5,294.0,71.32459970887919,2212,0.0
1175,147,53,73.5,2.94,1.06,73.5,26.5,294.0,71.32459970887919,2214,0.0
1176,147,53,73.5,2.94,1.06,73.5,26.5,294.0,71.32459970887919,2216,0.0
1177,147,53,73.5,2.94,1.06,73.5,26.5,294.0,71.32459970887919,2217,0.0
1178,148,52,74.0,2.96,1.04,74.0,26.0,296.0,71.80980106744299,2220,2.0
1179,148,52,74.0,2.96,1.04,74.0,26.0,296.0,71.80980106744299,2222,0.0
1180,148,52,74.0,2.96,1.04,74.0,26.0,296.0,71.80980106744299,2223,0.0
1181,148,52,74.0,2.96,1.04,74.0,26.0,296.0,71.80980106744299,2226,0.0
1182,148,52,74.0,2.96,1.04,74.0,26.0,296.0,71.80980106744299,2227,0.0
1183,148,52,74.0,2.96,1.04,74.0,26.0,296.0,71.80980106744299,2228,0.0
1184,148,52,74.0,2.96,1.04,74.0,26.0,296.0,71.80980106744299,2229,0.0
1185,149,51,74.5,2.98,1.02,74.5,25.5,298.0,72.29500242600679,2231,2.0
1186,149,51,74.5,2.98,1.02,74.5,25.5,298.0,72.29500242600679,2232,0.0
1187,149,51,74.5,2.98,1.02,74.5,25.5,298.0,72.29500242600679,2233,0.0
1188,149,51,74.5,2.98,1.02,74.5,25.5,298.0,72.29500242600679,2235,0.0
1189,149,51,74.5,2.98,1.02,74.5,25.5,298.0,72.29500242600679,2237,0.0
1190,149,51,74.5,2.98,1.02,74.5,25.5,298.0,72.29500242600679,2239,0.0
1191,149,51,74.5,2.98,1.02,74.5,25.5,298.0,72.29500242600679,2241,0.0
1192,149,51,74.5,2.98,1.02,74.5,25.5,298.0,72.29500242600679,2243,0.0
1193,149,51,74.5,2.98,1.02,74.5,25.5,298.0,72.29500242600679,2246,0.0
1194,149,51,74.5,2.98,1.02,74.5,25.5,298.0,72.29500242600679,2248,0.0
1195,149,51,74.5,2.98,1.02,74.5,25.5,298.0,72.29500242600679,2250,0.0
1196,149,51,74.5,2.98,1.02,74.5,25.5,298.0,72.29500242600679,2252,0.0
1197,149,51,74.5,2.98,1.02,74.5,25.5,298.0,72.29500242600679,2254,0.0
1198,149,51,74.5,2.98,1.02,74.5,25.5,298.0,72.29500242600679,2256,0.0
1199,149,51,74.5,2.98,1.02,74.5,25.5,298.0,72.29500242600679,2259,0.0
1200,149,51,74.5,2.98,1.02,74.5,25.5,298.0,72.29500242600679,2262,0.0
1201,149,51,74.5,2.98,1.02,74.5,25.5,298.0,72.29500242600679,2265,0.0
1202,149,51,74.5,2.98,1.02,74.5,25.5,298.0,72.29500242600679,2268,0.0
1203,149,51,74.5,2.98,1.02,74.5,25.5,298.0,72.29500242600679,2271,0.0
1204,149,51,74.5,2.98,1.02,74.5,25.5,298.0,72.29500242600679,2273,0.0
1205,149,51,74.5,2.98,1.02,74.5,25.5,298.0,72.29500242600679,2275,0.0
1206,149,51,74.5,2.98,1.02,74.5,25.5,298.0,72.29500242600679,2277,0.0
1207,149,51,74.5,2.98,1.02,74.5,25.5,298.0,72.29500242600679,2280,0.0
1208,149,51,74.5,2.98,1.02,74.5,25.5,298.0,72.29500242600679,2282,0.0
1209,149,51,74.5,2.98,1.02,74.5,25.5,298.0,72.29500242600679,2284,0.0
1210,149,51,74.5,2.98,1.02,74.5,25.5,298.0,72.29500242600679,2288,0.0
1211,149,51,74.5,2.98,1.02,74.5,25.5,298.0,72.29500242600679,2291,0.0
1212,149,51,74.5,2.98,1.02,74.5,25.5,298.0,72.29500242600679,2295,0.0
1213,149,51,74.5,2.98,1.02,74.5,25.5,298.0,72.29500242600679,2298,0.0
1214,149,51,74.5,2.98,1.02,74.5,25.5,298.0,72.29500242600679,2300,0.0
1215,149,51,74.5,2.98,1.02,74.5,25.5,298.0,72.29500242600679,2303,0.0
1216,149,51,74.5,2.98,1.02,74.5,25.5,298.0,72.29500242600679,2305,0.0
1217,149,51,74.5,2.98,1.02,74.5,25.5,298.0,72.29500242600679,2307,0.0
1218,149,51,74.5,2.98,1.02,74.5,25.5,298.0,72.29500242600679,2309,0.0
1219,149,51,74.5,2.98,1.02,74.5,25.5,298.0,72.29500242600679,2311,0.0
1220,149,51,74.5,2.98,1.02,74.5,25.5,298.0,72.29500242600679,2312,0.0
1221,149,51,74.5,2.98,1.02,74.5,25.5,298.0,72.29500242600679,2313,0.0
1222,149,51,74.5,2.98,1.02,74.5,25.5,298.0,72.29500242600679,2315,0.0
1223,149,51,74.5,2.98,1.02,74.5,25.5,298.0,72.29500242600679,2317,0.0
1224,149,51,74.5,2.98,1.02,74.5,25.5,298.0,72.29500242600679,2319,0.0
1225,149,51,74.5,2.98,1.02,74.5,25.5,298.0,72.29500242600679,2319,0.0
1226,149,51,74.5,2.98,1.02,74.5,25.5,298.0,72.29500242600679,2319,0.0
1227,149,51,74.5,2.98,1.02,74.5,25.5,298.0,72.29500242600679,2320,0.0
1228,149,51,74.5,2.98,1.02,74.5,25.5,298.0,72.29500242600679,2322,0.0
1229,149,51,74.5,2.98,1.02,74.5,25.5,298.0,72.29500242600679,2325,0.0
1230,149,51,74.5,2.98,1.02,74.5,25.5,298.0,72.29500242600679,2328,0.0
1231,149,51,74.5,2.98,1.02,74.5,25.5,298.0,72.29500242600679,2330,0.0
1232,149,51,74.5,2.98,1.02,74.5,25.5,298.0,72.29500242600679,2333,0.0
1233,149,51,74.5,2.98,1.02,74.5,25.5,298.0,72.29500242600679,2337,0.0
1234,149,51,74.5,2.98,1.02,74.5,25.5,298.0,72.29500242600679,2341,0.0
1235,149,51,74.5,2.98,1.02,74.5,25.5,298.0,72.29500242600679,2346,0.0
1236,149,51,74.5,2.98,1.02,74.5,25.5,298.0,72.29500242600679,2350,0.0
1237,149,51,74.5,2.98,1.02,74.5,25.5,298.0,72.29500242600679,2354,0.0
1238,149,51,74.5,2.98,1.02,74.5,25.5,298.0,72.29500242600679,2357,0.0
1239,149,51,74.5,2.98,1.02,74.5,25.5,298.0,72.29500242600679,2359,0.0
1240,149,51,74.5,2.98,1.02,74.5,25.5,298.0,72.29500242600679,2360,0.0
1241,149,51,74.5,2.98,1.02,74.5,25.5,298.0,72.29500242600679,2362,0.0
1242,149,51,74.5,2.98,1.02,74.5,25.5,298.0,72.29500242600679,2363,0.0
1243,149,51,74.5,2.98,1.02,74.5,25.5,298.0,72.29500242600679,2364,0.0
1244,149,51,74.5,2.98,1.02,74.5,25.5,298.0,72.29500242600679,2364,0.0
1245,149,51,74.5,2.98,1.02,74.5,25.5,298.0,72.29500242600679,2364,0.0
1246,149,51,74.5,2.98,1.02,74.5,25.5,298.0,72.29500242600679,2364,0.0
1247,149,51,74.5,2.98,1.02,74.5,25.5,298.0,72.29500242600679,2364,0.0
1248,149,51,74.5,2.98,1.02,74.5,25.5,298.0,72.29500242600679,2364,0.0
1249,149,51,74.5,2.98,1.02,74.5,25.5,298.0,72.29500242600679,2364,0.0
1250,149,51,74.5,2.98,1.02,74.5,25.5,298.0,72.29500242600679,2364,0.0
1251,149,51,74.5,2.98,1.02,74.5,25.5,298.0,72.29500242600679,2364,0.0
1252,149,51,74.5,2.98,1.02,74.5,25.5,298.0,72.29500242600679,2364,0.0
1253,149,51,74.5,2.98,1.02,74.5,25.5,298.0,72.29500242600679,2364,0.0
1254,149,51,74.5,2.98,1.02,74.5,25.5,298.0,72.29500242600679,2364,0.0
1255,149,51,74.5,2.98,1.02,74.5,25.5,298.0,72.29500242600679,2364,0.0
1256,149,51,74.5,2.98,1.02,74.5,25.5,298.0,72.29500242600679,2364,0.0
1257,149,51,74.5,2.98,1.02,74.5,25.5,298.0,72.29500242600679,2364,0.0
1258,149,51,74.5,2.98,1.02,74.5,25.5,298.0,72.29500242600679,2364,0.0
1259,149,51,74.5,2.98,1.02,74.5,25.5,298.0,72.29500242600679,2364,0.0
1260,149,51,74.5,2.98,1.02,74.5,25.5,298.0,72.29500242600679,2365,0.0
1261,149,51,74.5,2.98,1.02,74.5,25.5,298.0,72.29500242600679,2366,0.0
1262,149,51,74.5,2.98,1.02,74.5,25.5,298.0,72.29500242600679,2366,0.0
1263,149,51,74.5,2.98,1.02,74.5,25.5,298.0,72.29500242600679,2366,0.0
1264,149,51,74.5,2.98,1.02,74.5,25.5,298.0,72.29500242600679,2366,0.0
1265,149,51,74.5,2.98,1.02,74.5,25.5,298.0,72.29500242600679,2366,0.0
1266,149,51,74.5,2.98,1.02,74.5,25.5,298.0,72.29500242600679,2366,0.0
1267,149,51,74.5,2.98,1.02,74.5,25.5,298.0,72.29500242600679,2367,0.0
1268,149,51,74.5,2.98,1.02,74.5,25.5,298.0,72.29500242600679,2368,0.0
1269,149,51,74.5,2.98,1.02,74.5,25.5,298.0,72.29500242600679,2369,0.0
1270,149,51,74.5,2.98,1.02,74.5,25.5,298.0,72.29500242600679,2370,0.0
1271,149,51,74.5,2.98,1.02,74.5,25.5,298.0,72.29500242600679,2372,0.0
1272,149,51,74.5,2.98,1.02,74.5,25.5,298.0,72.29500242600679,2374,0.0
1273,149,51,74.5,2.98,1.02,74.5,25.5,298.0,72.29500242600679,2376,0.0
1274,149,51,74.5,2.98,1.02,74.5,25.5,298.0,72.29500242600679,2378,0.0
1275,149,51,74.5,2.98,1.02,74.5,25.5,298.0,72.29500242600679,2380,0.0
1276,150,50,75.0,3.0,1.0,75.0,25.0,300.0,72.7802037845706,2383,2.0
1277,150,50,75.0,3.0,1.0,75.0,25.0,300.0,72.7802037845706,2385,0.0
1278,150,50,75.0,3.0,1.0,75.0,25.0,300.0,72.7802037845706,2387,0.0
1279,150,50,75.0,3.0,1.0,75.0,25.0,300.0,72.7802037845706,2389,0.0
1280,150,50,75.0,3.0,1.0,75.0,25.0,300.0,72.7802037845706,2391,0.0
1281,150,50,75.0,3.0,1.0,75.0,25.0,300.0,72.7802037845706,2392,0.0
1282,150,50,75.0,3.0,1.0,75.0,25.0,300.0,72.7802037845706,2394,0.0
1283,150,50,75.0,3.0,1.0,75.0,25.0,300.0,72.7802037845706,2395,0.0
1284,150,50,75.0,3.0,1.0,75.0,25.0,300.0,72.7802037845706,2396,0.0
1285,150,50,75.0,3.0,1.0,75.0,25.0,300.0,72.7802037845706,2396,0.0
1286,150,50,75.0,3.0,1.0,75.0,25.0,300.0,72.7802037845706,2397,0.0
1287,150,50,75.0,3.0,1.0,75.0,25.0,300.0,72.7802037845706,2397,0.0
1288,150,50,75.0,3.0,1.0,75.0,25.0,300.0,72.7802037845706,2398,0.0
1289,150,50,75.0,3.0,1.0,75.0,25.0,300.0,72.7802037845706,2399,0.0
1290,150,50,75.0,3.0,1.0,75.0,25.0,300.0,72.7802037845706,2400,0.0
1291,150,50,75.0,3.0,1.0,75.0,25.0,300.0,72.7802037845706,2400,0.0
1292,150,50,75.0,3.0,1.0,75.0,25.0,300.0,72.7802037845706,2400,0.0
1293,150,50,75.0,3.0,1.0,75.0,25.0,300.0,72.7802037845706,2400,0.0
1294,150,50,75.0,3.0,1.0,75.0,25.0,300.0,72.7802037845706,2401,0.0
1295,150,50,75.0,3.0,1.0,75.0,25.0,300.0,72.7802037845706,2402,0.0
1296,150,50,75.0,3.0,1.0,75.0,25.0,300.0,72.7802037845706,2403,0.0
1297,150,50,75.0,3.0,1.0,75.0,25.0,300.0,72.7802037845706,2404,0.0
1298,150,50,75.0,3.0,1.0,75.0,25.0,300.0,72.7802037845706,2405,0.0
1299,150,50,75.0,3.0,1.0,75.0,25.0,300.0,72.7802037845706,2406,0.0
1300,150,50,75.0,3.0,1.0,75.0,25.0,300.0,72.7802037845706,2407,0.0
1301,150,50,75.0,3.0,1.0,75.0,25.0,300.0,72.7802037845706,2408,0.0
1302,150,50,75.0,3.0,1.0,75.0,25.0,300.0,72.7802037845706,2409,0.0
1303,150,50,75.0,3.0,1.0,75.0,25.0,300.0,72.7802037845706,2409,0.0
1304,150,50,75.0,3.0,1.0,75.0,25.0,300.0,72.7802037845706,2409,0.0
1305,150,50,75.0,3.0,1.0,75.0,25.0,300.0,72.7802037845706,2410,0.0
1306,150,50,75.0,3.0,1.0,75.0,25.0,300.0,72.7802037845706,2410,0.0
1307,150,50,75.0,3.0,1.0,75.0,25.0,300.0,72.7802037845706,2410,0.0
1308,150,50,75.0,3.0,1.0,75.0,25.0,300.0,72.7802037845706,2410,0.0
1309,150,50,75.0,3.0,1.0,75.0,25.0,300.0,72.7802037845706,2410,0.0
1310,150,50,75.0,3.0,1.0,75.0,25.0,300.0,72.7802037845706,2410,0.0
1311,150,50,75.0,3.0,1.0,75.0,25.0,300.0,72.7802037845706,2410,0.0
1312,150,50,75.0,3.0,1.0,75.0,25.0,300.0,72.7802037845706,2412,0.0
1313,150,50,75.0,3.0,1.0,75.0,25.0,300.0,72.7802037845706,2413,0.0
1314,150,50,75.0,3.0,1.0,75.0,25.0,300.0,72.7802037845706,2414,0.0
1315,150,50,75.0,3.0,1.0,75.0,25.0,300.0,72.7802037845706,2415,0.0
1316,151,49,75.5,3.02,0.98,75.5,24.5,302.0,73.2654051431344,2416,2.0
1317,151,49,75.5,3.02,0.98,75.5,24.5,302.0,73.2654051431344,2416,0.0
1318,151,49,75.5,3.02,0.98,75.5,24.5,302.0,73.2654051431344,2416,0.0
1319,151,49,75.5,3.02,0.98,75.5,24.5,302.0,73.2654051431344,2418,0.0
1320,151,49,75.5,3.02,0.98,75.5,24.5,302.0,73.2654051431344,2420,0.0
1321,151,49,75.5,3.02,0.98,75.5,24.5,302.0,73.2654051431344,2421,0.0
1322,151,49,75.5,3.02,0.98,75.5,24.5,302.0,73.2654051431344,2424,0.0
1323,151,49,75.5,3.02,0.98,75.5,24.5,302.0,73.2654051431344,2427,0.0
1324,151,49,75.5,3.02,0.98,75.5,24.5,302.0,73.2654051431344,2430,0.0
1325,151,49,75.5,3.02,0.98,75.5,24.5,302.0,73.2654051431344,2433,0.0
1326,151,49,75.5,3.02,0.98,75.5,24.5,302.0,73.2654051431344,2435,0.0
1327,151,49,75.5,3.02,0.98,75.5,24.5,302.0,73.2654051431344,2437,0.0
1328,151,49,75.5,3.02,0.98,75.5,24.5,302.0,73.2654051431344,2439,0.0
1329,151,49,75.5,3.02,0.98,75.5,24.5,302.0,73.2654051431344,2441,0.0
1330,151,49,75.5,3.02,0.98,75.5,24.5,302.0,73.2654051431344,2442,0.0
1331,151,49,75.5,3.02,0.98,75.5,24.5,302.0,73.2654051431344,2444,0.0
1332,151,49,75.5,3.02,0.98,75.5,24.5,302.0,73.2654051431344,2446,0.0
1333,151,49,75.5,3.02,0.98,75.5,24.5,302.0,73.2654051431344,2448,0.0
1334,151,49,75.5,3.02,0.98,75.5,24.5,302.0,73.2654051431344,2451,0.0
1335,151,49,75.5,3.02,0.98,75.5,24.5,302.0,73.2654051431344,2454,0.0
1336,151,49,75.5,3.02,0.98,75.5,24.5,302.0,73.2654051431344,2457,0.0
1337,151,49,75.5,3.02,0.98,75.5,24.5,302.0,73.2654051431344,2458,0.0
1338,151,49,75.5,3.02,0.98,75.5,24.5,302.0,73.2654051431344,2460,0.0
1339,151,49,75.5,3.02,0.98,75.5,24.5,302.0,73.2654051431344,2462,0.0
1340,151,49,75.5,3.02,0.98,75.5,24.5,302.0,73.2654051431344,2464,0.0
1341,151,49,75.5,3.02,0.98,75.5,24.5,302.0,73.2654051431344,2466,0.0
1342,151,49,75.5,3.02,0.98,75.5,24.5,302.0,73.2654051431344,2467,0.0
1343,151,49,75.5,3.02,0.98,75.5,24.5,302.0,73.2654051431344,2470,0.0
1344,151,49,75.5,3.02,0.98,75.5,24.5,302.0,73.2654051431344,2472,0.0
1345,151,49,75.5,3.02,0.98,75.5,24.5,302.0,73.2654051431344,2474,0.0
1346,151,49,75.5,3.02,0.98,75.5,24.5,302.0,73.2654051431344,2477,0.0
1347,151,49,75.5,3.02,0.98,75.5,24.5,302.0,73.2654051431344,2481,0.0
1348,151,49,75.5,3.02,0.98,75.5,24.5,302.0,73.2654051431344,2485,0.0
1349,151,49,75.5,3.02,0.98,75.5,24.5,302.0,73.2654051431344,2487,0.0
1350,151,49,75.5,3.02,0.98,75.5,24.5,302.0,73.2654051431344,2490,0.0
1351,151,49,75.5,3.02,0.98,75.5,24.5,302.0,73.2654051431344,2492,0.0
1352,151,49,75.5,3.02,0.98,75.5,24.5,302.0,73.2654051431344,2494,0.0
1353,151,49,75.5,3.02,0.98,75.5,24.5,302.0,73.2654051431344,2495,0.0
1354,151,49,75.5,3.02,0.98,75.5,24.5,302.0,73.2654051431344,2496,0.0
1355,151,49,75.5,3.02,0.98,75.5,24.5,302.0,73.2654051431344,2497,0.0
1356,151,49,75.5,3.02,0.98,75.5,24.5,302.0,73.2654051431344,2499,0.0
1357,151,49,75.5,3.02,0.98,75.5,24.5,302.0,73.2654051431344,2501,0.0
1358,151,49,75.5,3.02,0.98,75.5,24.5,302.0,73.2654051431344,2503,0.0
1359,151,49,75.5,3.02,0.98,75.5,24.5,302.0,73.2654051431344,2504,0.0
1360,151,49,75.5,3.02,0.98,75.5,24.5,302.0,73.2654051431344,2505,0.0
1361,151,49,75.5,3.02,0.98,75.5,24.5,302.0,73.2654051431344,2507,0.0
1362,151,49,75.5,3.02,0.98,75.5,24.5,302.0,73.2654051431344,2509,0.0
1363,151,49,75.5,3.02,0.98,75.5,24.5,302.0,73.2654051431344,2511,0.0
1364,151,49,75.5,3.02,0.98,75.5,24.5,302.0,73.2654051431344,2512,0.0
1365,151,49,75.5,3.02,0.98,75.5,24.5,302.0,73.2654051431344,2514,0.0
1366,151,49,75.5,3.02,0.98,75.5,24.5,302.0,73.2654051431344,2515,0.0
1367,151,49,75.5,3.02,0.98,75.5,24.5,302.0,73.2654051431344,2516,0.0
1368,151,49,75.5,3.02,0.98,75.5,24.5,302.0,73.2654051431344,2518,0.0
1369,152,48,76.0,3.04,0.96,76.0,24.0,304.0,73.7506065016982,2521,2.0
1370,152,48,76.0,3.04,0.96,76.0,24.0,304.0,73.7506065016982,2523,0.0
1371,152,48,76.0,3.04,0.96,76.0,24.0,304.0,73.7506065016982,2525,0.0
1372,152,48,76.0,3.04,0.96,76.0,24.0,304.0,73.7506065016982,2526,0.0
1373,152,48,76.0,3.04,0.96,76.0,24.0,304.0,73.7506065016982,2526,0.0
1374,152,48,76.0,3.04,0.96,76.0,24.0,304.0,73.7506065016982,2527,0.0
1375,152,48,76.0,3.04,0.96,76.0,24.0,304.0,73.7506065016982,2527,0.0
1376,152,48,76.0,3.04,0.96,76.0,24.0,304.0,73.7506065016982,2528,0.0
1377,152,48,76.0,3.04,0.96,76.0,24.0,304.0,73.7506065016982,2530,0.0
1378,152,48,76.0,3.04,0.96,76.0,24.0,304.0,73.7506065016982,2532,0.0
1379,152,48,76.0,3.04,0.96,76.0,24.0,304.0,73.7506065016982,2533,0.0
1380,152,48,76.0,3.04,0.96,76.0,24.0,304.0,73.7506065016982,2537,0.0
1381,152,48,76.0,3.04,0.96,76.0,24.0,304.0,73.7506065016982,2540,0.0
1382,152,48,76.0,3.04,0.96,76.0,24.0,304.0,73.7506065016982,2542,0.0
1383,152,48,76.0,3.04,0.96,76.0,24.0,304.0,73.7506065016982,2544,0.0
1384,152,48,76.0,3.04,0.96,76.0,24.0,304.0,73.7506065016982,2546,0.0
1385,152,48,76.0,3.04,0.96,76.0,24.0,304.0,73.7506065016982,2548,0.0
1386,152,48,76.0,3.04,0.96,76.0,24.0,304.0,73.7506065016982,2550,0.0
1387,152,48,76.0,3.04,0.96,76.0,24.0,304.0,73.7506065016982,2555,0.0
1388,152,48,76.0,3.04,0.96,76.0,24.0,304.0,73.7506065016982,2557,0.0
1389,152,48,76.0,3.04,0.96,76.0,24.0,304.0,73.7506065016982,2558,0.0
1390,152,48,76.0,3.04,0.96,76.0,24.0,304.0,73.7506065016982,2559,0.0
1391,152,48,76.0,3.04,0.96,76.0,24.0,304.0,73.7506065016982,2564,0.0
1392,152,48,76.0,3.04,0.96,76.0,24.0,304.0,73.7506065016982,2568,0.0
1393,152,48,76.0,3.04,0.96,76.0,24.0,304.0,73.7506065016982,2571,0.0
1394,152,48,76.0,3.04,0.96,76.0,24.0,304.0,73.7506065016982,2573,0.0
1395,152,48,76.0,3.04,0.96,76.0,24.0,304.0,73.7506065016982,2577,0.0
1396,152,48,76.0,3.04,0.96,76.0,24.0,304.0,73.7506065016982,2581,0.0
1397,152,48,76.0,3.04,0.96,76.0,24.0,304.0,73.7506065016982,2585,0.0
1398,152,48,76.0,3.04,0.96,76.0,24.0,304.0,73.7506065016982,2589,0.0
1399,152,48,76.0,3.04,0.96,76.0,24.0,304.0,73.7506065016982,2594,0.0
1400,152,48,76.0,3.04,0.96,76.0,24.0,304.0,73.7506065016982,2599,0.0
1401,152,48,76.0,3.04,0.96,76.0,24.0,304.0,73.7506065016982,2604,0.0
1402,152,48,76.0,3.04,0.96,76.0,24.0,304.0,73.7506065016982,2608,0.0
1403,152,48,76.0,3.04,0.96,76.0,24.0,304.0,73.7506065016982,2611,0.0
1404,152,48,76.0,3.04,0.96,76.0,24.0,304.0,73.7506065016982,2613,0.0
1405,152,48,76.0,3.04,0.96,76.0,24.0,304.0,73.7506065016982,2617,0.0
1406,152,48,76.0,3.04,0.96,76.0,24.0,304.0,73.7506065016982,2621,0.0
1407,152,48,76.0,3.04,0.96,76.0,24.0,304.0,73.7506065016982,2625,0.0
1408,152,48,76.0,3.04,0.96,76.0,24.0,304.0,73.7506065016982,2629,0.0
1409,152,48,76.0,3.04,0.96,76.0,24.0,304.0,73.7506065016982,2633,0.0
1410,152,48,76.0,3.04,0.96,76.0,24.0,304.0,73.7506065016982,2638,0.0
1411,152,48,76.0,3.04,0.96,76.0,24.0,304.0,73.7506065016982,2642,0.0
1412,152,48,76.0,3.04,0.96,76.0,24.0,304.0,73.7506065016982,2646,0.0
1413,152,48,76.0,3.04,0.96,76.0,24.0,304.0,73.7506065016982,2650,0.0
1414,152,48,76.0,3.04,0.96,76.0,24.0,304.0,73.7506065016982,2653,0.0
1415,152,48,76.0,3.04,0.96,76.0,24.0,304.0,73.7506065016982,2656,0.0
1416,152,48,76.0,3.04,0.96,76.0,24.0,304.0,73.7506065016982,2660,0.0
1417,152,48,76.0,3.04,0.96,76.0,24.0,304.0,73.7506065016982,2665,0.0
1418,152,48,76.0,3.04,0.96,76.0,24.0,304.0,73.7506065016982,2669,0.0
1419,152,48,76.0,3.04,0.96,76.0,24.0,304.0,73.7506065016982,2673,0.0
1420,152,48,76.0,3.04,0.96,76.0,24.0,304.0,73.7506065016982,2676,0.0
1421,152,48,76.0,3.04,0.96,76.0,24.0,304.0,73.7506065016982,2680,0.0
1422,152,48,76.0,3.04,0.96,76.0,24.0,304.0,73.7506065016982,2684,0.0
1423,152,48,76.0,3.04,0.96,76.0,24.0,304.0,73.7506065016982,2689,0.0
1424,152,48,76.0,3.04,0.96,76.0,24.0,304.0,73.7506065016982,2694,0.0
1425,152,48,76.0,3.04,0.96,76.0,24.0,304.0,73.7506065016982,2699,0.0
1426,152,48,76.0,3.04,0.96,76.0,24.0,304.0,73.7506065016982,2705,0.0
1427,152,48,76.0,3.04,0.96,76.0,24.0,304.0,73.7506065016982,2709,0.0
1428,152,48,76.0,3.04,0.96,76.0,24.0,304.0,73.7506065016982,2713,0.0
1429,152,48,76.0,3.04,0.96,76.0,24.0,304.0,73.7506065016982,2717,0.0
1430,152,48,76.0,3.04,0.96,76.0,24.0,304.0,73.7506065016982,2721,0.0
1431,152,48,76.0,3.04,0.96,76.0,24.0,304.0,73.7506065016982,2724,0.0
1432,152,48,76.0,3.04,0.96,76.0,24.0,304.0,73.7506065016982,2727,0.0
1433,152,48,76.0,3.04,0.96,76.0,24.0,304.0,73.7506065016982,2729,0.0
1434,152,48,76.0,3.04,0.96,76.0,24.0,304.0,73.7506065016982,2732,0.0
1435,152,48,76.0,3.04,0.96,76.0,24.0,304.0,73.7506065016982,2734,0.0
1436,152,48,76.0,3.04,0.96,76.0,24.0,304.0,73.7506065016982,2738,0.0
1437,152,48,76.0,3.04,0.96,76.0,24.0,304.0,73.7506065016982,2741,0.0
1438,152,48,76.0,3.04,0.96,76.0,24.0,304.0,73.7506065016982,2743,0.0
1439,152,48,76.0,3.04,0.96,76.0,24.0,304.0,73.7506065016982,2746,0.0
1440,152,48,76.0,3.04,0.96,76.0,24.0,304.0,73.7506065016982,2747,0.0
1441,152,48,76.0,3.04,0.96,76.0,24.0,304.0,73.7506065016982,2750,0.0
1442,152,48,76.0,3.04,0.96,76.0,24.0,304.0,73.7506065016982,2753,0.0
1443,152,48,76.0,3.04,0.96,76.0,24.0,304.0,73.7506065016982,2755,0.0
1444,152,48,76.0,3.04,0.96,76.0,24.0,304.0,73.7506065016982,2757,0.0
1445,152,48,76.0,3.04,0.96,76.0,24.0,304.0,73.7506065016982,2760,0.0
1446,152,48,76.0,3.04,0.96,76.0,24.0,304.0,73.7506065016982,2762,0.0
1447,152,48,76.0,3.04,0.96,76.0,24.0,304.0,73.7506065016982,2764,0.0
1448,152,48,76.0,3.04,0.96,76.0,24.0,304.0,73.7506065016982,2765,0.0
1449,152,48,76.0,3.04,0.96,76.0,24.0,304.0,73.7506065016982,2767,0.0
1450,152,48,76.0,3.04,0.96,76.0,24.0,304.0,73.7506065016982,2769,0.0
1451,152,48,76.0,3.04,0.96,76.0,24.0,304.0,73.7506065016982,2771,0.0
1452,152,48,76.0,3.04,0.96,76.0,24.0,304.0,73.7506065016982,2772,0.0
1453,152,48,76.0,3.04,0.96,76.0,24.0,304.0,73.7506065016982,2775,0.0
1454,152,48,76.0,3.04,0.96,76.0,24.0,304.0,73.7506065016982,2779,0.0
1455,152,48,76.0,3.04,0.96,76.0,24.0,304.0,73.7506065016982,2783,0.0
1456,152,48,76.0,3.04,0.96,76.0,24.0,304.0,73.7506065016982,2786,0.0
1457,152,48,76.0,3.04,0.96,76.0,24.0,304.0,73.7506065016982,2789,0.0
1458,152,48,76.0,3.04,0.96,76.0,24.0,304.0,73.7506065016982,2792,0.0
1459,152,48,76.0,3.04,0.96,76.0,24.0,304.0,73.7506065016982,2795,0.0
1460,152,48,76.0,3.04,0.96,76.0,24.0,304.0,73.7506065016982,2797,0.0
1461,152,48,76.0,3.04,0.96,76.0,24.0,304.0,73.7506065016982,2800,0.0
1462,152,48,76.0,3.04,0.96,76.0,24.0,304.0,73.7506065016982,2803,0.0
1463,152,48,76.0,3.04,0.96,76.0,24.0,304.0,73.7506065016982,2805,0.0
1464,152,48,76.0,3.04,0.96,76.0,24.0,304.0,73.7506065016982,2806,0.0
1465,152,48,76.0,3.04,0.96,76.0,24.0,304.0,73.7506065016982,2807,0.0
1466,152,48,76.0,3.04,0.96,76.0,24.0,304.0,73.7506065016982,2809,0.0
1467,152,48,76.0,3.04,0.96,76.0,24.0,304.0,73.7506065016982,2811,0.0
1468,152,48,76.0,3.04,0.96,76.0,24.0,304.0,73.7506065016982,2811,0.0
1469,153,47,76.5,3.06,0.94,76.5,23.499999999999996,306.0,74.23580786026201,2814,2.0
1470,153,47,76.5,3.06,0.94,76.5,23.499999999999996,306.0,74.23580786026201,2815,0.0
1471,153,47,76.5,3.06,0.94,76.5,23.499999999999996,306.0,74.23580786026201,2817,0.0
1472,153,47,76.5,3.06,0.94,76.5,23.499999999999996,306.0,74.23580786026201,2820,0.0
1473,153,47,76.5,3.06,0.94,76.5,23.499999999999996,306.0,74.23580786026201,2824,0.0
1474,153,47,76.5,3.06,0.94,76.5,23.499999999999996,306.0,74.23580786026201,2827,0.0
1475,153,47,76.5,3.06,0.94,76.5,23.499999999999996,306.0,74.23580786026201,2830,0.0
1476,153,47,76.5,3.06,0.94,76.5,23.499999999999996,306.0,74.23580786026201,2832,0.0
1477,153,47,76.5,3.06,0.94,76.5,23.499999999999996,306.0,74.23580786026201,2834,0.0
1478,153,47,76.5,3.06,0.94,76.5,23.499999999999996,306.0,74.23580786026201,2836,0.0
1479,153,47,76.5,3.06,0.94,76.5,23.499999999999996,306.0,74.23580786026201,2839,0.0
1480,153,47,76.5,3.06,0.94,76.5,23.499999999999996,306.0,74.23580786026201,2840,0.0
1481,153,47,76.5,3.06,0.94,76.5,23.499999999999996,306.0,74.23580786026201,2842,0.0
1482,153,47,76.5,3.06,0.94,76.5,23.499999999999996,306.0,74.23580786026201,2844,0.0
1483,153,47,76.5,3.06,0.94,76.5,23.499999999999996,306.0,74.23580786026201,2845,0.0
1484,153,47,76.5,3.06,0.94,76.5,23.499999999999996,306.0,74.23580786026201,2846,0.0
1485,153,47,76.5,3.06,0.94,76.5,23.499999999999996,306.0,74.23580786026201,2848,0.0
1486,153,47,76.5,3.06,0.94,76.5,23.499999999999996,306.0,74.23580786026201,2850,0.0
1487,153,47,76.5,3.06,0.94,76.5,23.499999999999996,306.0,74.23580786026201,2852,0.0
1488,153,47,76.5,3.06,0.94,76.5,23.499999999999996,306.0,74.23580786026201,2853,0.0
1489,153,47,76.5,3.06,0.94,76.5,23.499999999999996,306.0,74.23580786026201,2854,0.0
1490,153,47,76.5,3.06,0.94,76.5,23.499999999999996,306.0,74.23580786026201,2855,0.0
1491,153,47,76.5,3.06,0.94,76.5,23.499999999999996,306.0,74.23580786026201,2856,0.0
1492,153,47,76.5,3.06,0.94,76.5,23.499999999999996,306.0,74.23580786026201,2857,0.0
1493,153,47,76.5,3.06,0.94,76.5,23.499999999999996,306.0,74.23580786026201,2858,0.0
1494,153,47,76.5,3.06,0.94,76.5,23.499999999999996,306.0,74.23580786026201,2859,0.0
1495,153,47,76.5,3.06,0.94,76.5,23.499999999999996,306.0,74.23580786026201,2860,0.0
1496,153,47,76.5,3.06,0.94,76.5,23.499999999999996,306.0,74.23580786026201,2864,0.0
1497,153,47,76.5,3.06,0.94,76.5,23.499999999999996,306.0,74.23580786026201,2866,0.0
1498,153,47,76.5,3.06,0.94,76.5,23.499999999999996,306.0,74.23580786026201,2868,0.0
1499,153,47,76.5,3.06,0.94,76.5,23.499999999999996,306.0,74.23580786026201,2871,0.0
1500,153,47,76.5,3.06,0.94,76.5,23.499999999999996,306.0,74.23580786026201,2873,0.0
