step,n_adsorbed,n_free,percent_adsorbed,m_adsorbed_mg,m_free_mg,c_pdf_mg_l,c_remaining_mg_l,qt_mg_g,percent_qmax,n_contacts,dqt_per_step
0,0,200,0.0,0.0,4.0,0.0,100.0,0.0,0.0,0,0.0
1,1,199,0.5,0.02,3.98,0.5,99.5,2.0,0.2615404733882568,1,2.0
2,2,198,1.0,0.04,3.96,1.0,99.0,4.0,0.5230809467765136,2,2.0
3,4,196,2.0,0.08,3.92,2.0,98.0,8.0,1.0461618935530272,4,4.0
4,4,196,2.0,0.08,3.92,2.0,98.0,8.0,1.0461618935530272,4,0.0
5,4,196,2.0,0.08,3.92,2.0,98.0,8.0,1.0461618935530272,4,0.0
6,4,196,2.0,0.08,3.92,2.0,98.0,8.0,1.0461618935530272,4,0.0
7,4,196,2.0,0.08,3.92,2.0,98.0,8.0,1.0461618935530272,4,0.0
8,4,196,2.0,0.08,3.92,2.0,98.0,8.0,1.0461618935530272,4,0.0
9,5,195,2.5,0.1,3.9,2.5,97.5,10.0,1.3077023669412842,5,2.0
10,6,194,3.0,0.12,3.88,3.0,97.0,12.0,1.5692428403295409,6,2.0
11,7,193,3.5000000000000004,0.14,3.86,3.5000000000000004,96.5,14.000000000000002,1.830783313717798,7,2.0000000000000018
12,7,193,3.5000000000000004,0.14,3.86,3.5000000000000004,96.5,14.000000000000002,1.830783313717798,7,0.0
13,7,193,3.5000000000000004,0.14,3.86,3.5000000000000004,96.5,14.000000000000002,1.830783313717798,7,0.0
14,7,193,3.5000000000000004,0.14,3.86,3.5000000000000004,96.5,14.000000000000002,1.830783313717798,7,0.0
15,7,193,3.5000000000000004,0.14,3.86,3.5000000000000004,96.5,14.000000000000002,1.830783313717798,7,0.0
16,7,193,3.5000000000000004,0.14,3.86,3.5000000000000004,96.5,14.000000000000002,1.830783313717798,7,0.0
17,7,193,3.5000000000000004,0.14,3.86,3.5000000000000004,96.5,14.000000000000002,1.830783313717798,7,0.0
18,7,193,3.5000000000000004,0.14,3.86,3.5000000000000004,96.5,14.000000000000002,1.830783313717798,7,0.0
19,8,192,4.0,0.16,3.84,4.0,96.0,16.0,2.0923237871060545,8,1.9999999999999982
20,9,191,4.5,0.18,3.82,4.5,95.5,18.0,2.3538642604943116,9,2.0
21,9,191,4.5,0.18,3.82,4.5,95.5,18.0,2.3538642604943116,9,0.0
22,9,191,4.5,0.18,3.82,4.5,95.5,18.0,2.3538642604943116,9,0.0
23,9,191,4.5,0.18,3.82,4.5,95.5,18.0,2.3538642604943116,9,0.0
24,9,191,4.5,0.18,3.82,4.5,95.5,18.0,2.3538642604943116,9,0.0
25,10,190,5.0,0.2,3.8,5.0,95.0,20.0,2.6154047338825683,10,2.0
26,11,189,5.5,0.22,3.78,5.5,94.5,22.0,2.876945207270825,11,2.0
27,12,188,6.0,0.24,3.76,6.0,93.99999999999999,24.0,3.1384856806590817,12,2.0
28,12,188,6.0,0.24,3.76,6.0,93.99999999999999,24.0,3.1384856806590817,12,0.0
29,12,188,6.0,0.24,3.76,6.0,93.99999999999999,24.0,3.1384856806590817,12,0.0
30,12,188,6.0,0.24,3.76,6.0,93.99999999999999,24.0,3.1384856806590817,12,0.0
31,13,187,6.5,0.26,3.74,6.5,93.5,26.0,3.4000261540473384,13,2.0
32,13,187,6.5,0.26,3.74,6.5,93.5,26.0,3.4000261540473384,13,0.0
33,13,187,6.5,0.26,3.74,6.5,93.5,26.0,3.4000261540473384,13,0.0
34,14,186,7.000000000000001,0.28,3.7199999999999998,7.000000000000001,92.99999999999999,28.000000000000004,3.661566627435596,14,2.0000000000000036
35,14,186,7.000000000000001,0.28,3.7199999999999998,7.000000000000001,92.99999999999999,28.000000000000004,3.661566627435596,14,0.0
36,14,186,7.000000000000001,0.28,3.7199999999999998,7.000000000000001,92.99999999999999,28.000000000000004,3.661566627435596,14,0.0
37,15,185,7.5,0.3,3.7,7.5,92.5,30.0,3.923107100823852,15,1.9999999999999964
38,16,184,8.0,0.32,3.68,8.0,92.0,32.0,4.184647574212109,16,2.0
39,16,184,8.0,0.32,3.68,8.0,92.0,32.0,4.184647574212109,16,0.0
40,16,184,8.0,0.32,3.68,8.0,92.0,32.0,4.184647574212109,16,0.0
41,16,184,8.0,0.32,3.68,8.0,92.0,32.0,4.184647574212109,16,0.0
42,18,182,9.0,0.36,3.64,9.0,91.0,36.0,4.707728520988623,18,4.0
43,18,182,9.0,0.36,3.64,9.0,91.0,36.0,4.707728520988623,18,0.0
44,18,182,9.0,0.36,3.64,9.0,91.0,36.0,4.707728520988623,18,0.0
45,19,181,9.5,0.38,3.62,9.5,90.5,38.0,4.96926899437688,19,2.0
46,19,181,9.5,0.38,3.62,9.5,90.5,38.0,4.96926899437688,19,0.0
47,20,180,10.0,0.4,3.6,10.0,90.0,40.0,5.230809467765137,20,2.0
48,20,180,10.0,0.4,3.6,10.0,90.0,40.0,5.230809467765137,20,0.0
49,21,179,10.5,0.42,3.58,10.5,89.5,42.0,5.492349941153393,21,2.0
50,21,179,10.5,0.42,3.58,10.5,89.5,42.0,5.492349941153393,21,0.0
51,22,178,11.0,0.44,3.56,11.0,89.0,44.0,5.75389041454165,22,2.0
52,22,178,11.0,0.44,3.56,11.0,89.0,44.0,5.75389041454165,22,0.0
53,22,178,11.0,0.44,3.56,11.0,89.0,44.0,5.75389041454165,22,0.0
54,22,178,11.0,0.44,3.56,11.0,89.0,44.0,5.75389041454165,22,0.0
55,22,178,11.0,0.44,3.56,11.0,89.0,44.0,5.75389041454165,22,0.0
56,22,178,11.0,0.44,3.56,11.0,89.0,44.0,5.75389041454165,22,0.0
57,23,177,11.5,0.46,3.54,11.5,88.5,46.0,6.015430887929907,23,2.0
58,23,177,11.5,0.46,3.54,11.5,88.5,46.0,6.015430887929907,23,0.0
59,25,175,12.5,0.5,3.5,12.5,87.5,50.0,6.53851183470642,25,4.0
60,25,175,12.5,0.5,3.5,12.5,87.5,50.0,6.53851183470642,25,0.0
61,25,175,12.5,0.5,3.5,12.5,87.5,50.0,6.53851183470642,25,0.0
62,25,175,12.5,0.5,3.5,12.5,87.5,50.0,6.53851183470642,25,0.0
63,25,175,12.5,0.5,3.5,12.5,87.5,50.0,6.53851183470642,25,0.0
64,27,173,13.5,0.54,3.46,13.5,86.5,54.0,7.061592781482934,27,4.0
65,28,172,14.000000000000002,0.56,3.44,14.000000000000002,86.0,56.00000000000001,7.323133254871192,28,2.000000000000007
66,28,172,14.000000000000002,0.56,3.44,14.000000000000002,86.0,56.00000000000001,7.323133254871192,28,0.0
67,29,171,14.499999999999998,0.58,3.42,14.499999999999998,85.5,57.99999999999999,7.584673728259447,29,1.9999999999999858
68,29,171,14.499999999999998,0.58,3.42,14.499999999999998,85.5,57.99999999999999,7.584673728259447,29,0.0
69,29,171,14.499999999999998,0.58,3.42,14.499999999999998,85.5,57.99999999999999,7.584673728259447,29,0.0
70,30,170,15.0,0.6,3.4,15.0,85.0,60.0,7.846214201647704,30,2.000000000000007
71,30,170,15.0,0.6,3.4,15.0,85.0,60.0,7.846214201647704,30,0.0
72,30,170,15.0,0.6,3.4,15.0,85.0,60.0,7.846214201647704,30,0.0
73,30,170,15.0,0.6,3.4,15.0,85.0,60.0,7.846214201647704,30,0.0
74,30,170,15.0,0.6,3.4,15.0,85.0,60.0,7.846214201647704,30,0.0
75,30,170,15.0,0.6,3.4,15.0,85.0,60.0,7.846214201647704,30,0.0
76,30,170,15.0,0.6,3.4,15.0,85.0,60.0,7.846214201647704,30,0.0
77,31,169,15.5,0.62,3.38,15.5,84.5,62.0,8.107754675035961,31,2.0
78,32,168,16.0,0.64,3.36,16.0,84.0,64.0,8.369295148424218,32,2.0
79,32,168,16.0,0.64,3.36,16.0,84.0,64.0,8.369295148424218,32,0.0
80,33,167,16.5,0.66,3.34,16.5,83.5,66.0,8.630835621812475,33,2.0
81,34,166,17.0,0.68,3.32,17.0,83.0,68.0,8.892376095200733,34,2.0
82,34,166,17.0,0.68,3.32,17.0,83.0,68.0,8.892376095200733,34,0.0
83,34,166,17.0,0.68,3.32,17.0,83.0,68.0,8.892376095200733,34,0.0
84,34,166,17.0,0.68,3.32,17.0,83.0,68.0,8.892376095200733,34,0.0
85,35,165,17.5,0.7000000000000001,3.3,17.5,82.5,70.0,9.15391656858899,35,2.0
86,35,165,17.5,0.7000000000000001,3.3,17.5,82.5,70.0,9.15391656858899,35,0.0
87,36,164,18.0,0.72,3.2800000000000002,18.0,82.0,72.0,9.415457041977247,36,2.0
88,36,164,18.0,0.72,3.2800000000000002,18.0,82.0,72.0,9.415457041977247,36,0.0
89,36,164,18.0,0.72,3.2800000000000002,18.0,82.0,72.0,9.415457041977247,36,0.0
90,36,164,18.0,0.72,3.2800000000000002,18.0,82.0,72.0,9.415457041977247,36,0.0
91,36,164,18.0,0.72,3.2800000000000002,18.0,82.0,72.0,9.415457041977247,36,0.0
92,36,164,18.0,0.72,3.2800000000000002,18.0,82.0,72.0,9.415457041977247,36,0.0
93,36,164,18.0,0.72,3.2800000000000002,18.0,82.0,72.0,9.415457041977247,36,0.0
94,36,164,18.0,0.72,3.2800000000000002,18.0,82.0,72.0,9.415457041977247,36,0.0
95,38,162,19.0,0.76,3.24,19.0,81.0,76.0,9.93853798875376,38,4.0
96,39,161,19.5,0.78,3.2199999999999998,19.5,80.49999999999999,78.0,10.200078462142017,39,2.0
97,39,161,19.5,0.78,3.2199999999999998,19.5,80.49999999999999,78.0,10.200078462142017,39,0.0
98,39,161,19.5,0.78,3.2199999999999998,19.5,80.49999999999999,78.0,10.200078462142017,39,0.0
99,39,161,19.5,0.78,3.2199999999999998,19.5,80.49999999999999,78.0,10.200078462142017,39,0.0
100,39,161,19.5,0.78,3.2199999999999998,19.5,80.49999999999999,78.0,10.200078462142017,39,0.0
101,39,161,19.5,0.78,3.2199999999999998,19.5,80.49999999999999,78.0,10.200078462142017,39,0.0
102,39,161,19.5,0.78,3.2199999999999998,19.5,80.49999999999999,78.0,10.200078462142017,39,0.0
103,40,160,20.0,0.8,3.2,20.0,80.0,80.0,10.461618935530273,40,2.0
104,42,158,21.0,0.84,3.16,21.0,79.0,84.0,10.984699882306787,42,4.0
105,42,158,21.0,0.84,3.16,21.0,79.0,84.0,10.984699882306787,42,0.0
106,42,158,21.0,0.84,3.16,21.0,79.0,84.0,10.984699882306787,42,0.0
107,42,158,21.0,0.84,3.16,21.0,79.0,84.0,10.984699882306787,42,0.0
108,42,158,21.0,0.84,3.16,21.0,79.0,84.0,10.984699882306787,42,0.0
109,42,158,21.0,0.84,3.16,21.0,79.0,84.0,10.984699882306787,42,0.0
110,42,158,21.0,0.84,3.16,21.0,79.0,84.0,10.984699882306787,42,0.0
111,42,158,21.0,0.84,3.16,21.0,79.0,84.0,10.984699882306787,42,0.0
112,42,158,21.0,0.84,3.16,21.0,79.0,84.0,10.984699882306787,42,0.0
113,42,158,21.0,0.84,3.16,21.0,79.0,84.0,10.984699882306787,42,0.0
114,42,158,21.0,0.84,3.16,21.0,79.0,84.0,10.984699882306787,42,0.0
115,42,158,21.0,0.84,3.16,21.0,79.0,84.0,10.984699882306787,42,0.0
116,42,158,21.0,0.84,3.16,21.0,79.0,84.0,10.984699882306787,42,0.0
117,44,156,22.0,0.88,3.12,22.0,78.0,88.0,11.5077808290833,44,4.0
118,44,156,22.0,0.88,3.12,22.0,78.0,88.0,11.5077808290833,44,0.0
119,44,156,22.0,0.88,3.12,22.0,78.0,88.0,11.5077808290833,44,0.0
120,45,155,22.5,0.9,3.1,22.5,77.5,90.0,11.769321302471557,45,2.0
121,46,154,23.0,0.92,3.08,23.0,77.0,92.0,12.030861775859814,46,2.0
122,46,154,23.0,0.92,3.08,23.0,77.0,92.0,12.030861775859814,46,0.0
123,46,154,23.0,0.92,3.08,23.0,77.0,92.0,12.030861775859814,46,0.0
124,46,154,23.0,0.92,3.08,23.0,77.0,92.0,12.030861775859814,46,0.0
125,46,154,23.0,0.92,3.08,23.0,77.0,92.0,12.030861775859814,46,0.0
126,47,153,23.5,0.9400000000000001,3.06,23.5,76.5,94.0,12.29240224924807,47,2.0
127,47,153,23.5,0.9400000000000001,3.06,23.5,76.5,94.0,12.29240224924807,47,0.0
128,48,152,24.0,0.96,3.04,24.0,76.0,96.0,12.553942722636327,48,2.0
129,48,152,24.0,0.96,3.04,24.0,76.0,96.0,12.553942722636327,48,0.0
130,48,152,24.0,0.96,3.04,24.0,76.0,96.0,12.553942722636327,48,0.0
131,48,152,24.0,0.96,3.04,24.0,76.0,96.0,12.553942722636327,48,0.0
132,51,149,25.5,1.02,2.98,25.5,74.5,102.0,13.338564142801099,51,6.0
133,51,149,25.5,1.02,2.98,25.5,74.5,102.0,13.338564142801099,51,0.0
134,51,149,25.5,1.02,2.98,25.5,74.5,102.0,13.338564142801099,51,0.0
135,51,149,25.5,1.02,2.98,25.5,74.5,102.0,13.338564142801099,51,0.0
136,51,149,25.5,1.02,2.98,25.5,74.5,102.0,13.338564142801099,51,0.0
137,51,149,25.5,1.02,2.98,25.5,74.5,102.0,13.338564142801099,51,0.0
138,51,149,25.5,1.02,2.98,25.5,74.5,102.0,13.338564142801099,51,0.0
139,52,148,26.0,1.04,2.96,26.0,74.0,104.0,13.600104616189354,52,2.0
140,52,148,26.0,1.04,2.96,26.0,74.0,104.0,13.600104616189354,52,0.0
141,52,148,26.0,1.04,2.96,26.0,74.0,104.0,13.600104616189354,52,0.0
142,52,148,26.0,1.04,2.96,26.0,74.0,104.0,13.600104616189354,52,0.0
143,52,148,26.0,1.04,2.96,26.0,74.0,104.0,13.600104616189354,52,0.0
144,53,147,26.5,1.06,2.94,26.5,73.5,106.0,13.861645089577612,53,2.0
145,53,147,26.5,1.06,2.94,26.5,73.5,106.0,13.861645089577612,53,0.0
146,53,147,26.5,1.06,2.94,26.5,73.5,106.0,13.861645089577612,53,0.0
147,53,147,26.5,1.06,2.94,26.5,73.5,106.0,13.861645089577612,53,0.0
148,53,147,26.5,1.06,2.94,26.5,73.5,106.0,13.861645089577612,53,0.0
149,53,147,26.5,1.06,2.94,26.5,73.5,106.0,13.861645089577612,53,0.0
150,53,147,26.5,1.06,2.94,26.5,73.5,106.0,13.861645089577612,53,0.0
151,53,147,26.5,1.06,2.94,26.5,73.5,106.0,13.861645089577612,53,0.0
152,53,147,26.5,1.06,2.94,26.5,73.5,106.0,13.861645089577612,53,0.0
153,53,147,26.5,1.06,2.94,26.5,73.5,106.0,13.861645089577612,53,0.0
154,53,147,26.5,1.06,2.94,26.5,73.5,106.0,13.861645089577612,53,0.0
155,53,147,26.5,1.06,2.94,26.5,73.5,106.0,13.861645089577612,53,0.0
156,53,147,26.5,1.06,2.94,26.5,73.5,106.0,13.861645089577612,53,0.0
157,53,147,26.5,1.06,2.94,26.5,73.5,106.0,13.861645089577612,53,0.0
158,53,147,26.5,1.06,2.94,26.5,73.5,106.0,13.861645089577612,53,0.0
159,53,147,26.5,1.06,2.94,26.5,73.5,106.0,13.861645089577612,53,0.0
160,53,147,26.5,1.06,2.94,26.5,73.5,106.0,13.861645089577612,53,0.0
161,54,146,27.0,1.08,2.92,27.0,73.0,108.0,14.123185562965867,54,2.0
162,54,146,27.0,1.08,2.92,27.0,73.0,108.0,14.123185562965867,54,0.0
163,54,146,27.0,1.08,2.92,27.0,73.0,108.0,14.123185562965867,54,0.0
164,55,145,27.500000000000004,1.1,2.9,27.5,72.5,110.0,14.384726036354126,55,2.0
165,55,145,27.500000000000004,1.1,2.9,27.5,72.5,110.0,14.384726036354126,55,0.0
166,55,145,27.500000000000004,1.1,2.9,27.5,72.5,110.0,14.384726036354126,55,0.0
167,55,145,27.500000000000004,1.1,2.9,27.5,72.5,110.0,14.384726036354126,55,0.0
168,55,145,27.500000000000004,1.1,2.9,27.5,72.5,110.0,14.384726036354126,55,0.0
169,55,145,27.500000000000004,1.1,2.9,27.5,72.5,110.0,14.384726036354126,55,0.0
170,55,145,27.500000000000004,1.1,2.9,27.5,72.5,110.0,14.384726036354126,55,0.0
171,55,145,27.500000000000004,1.1,2.9,27.5,72.5,110.0,14.384726036354126,55,0.0
172,55,145,27.500000000000004,1.1,2.9,27.5,72.5,110.0,14.384726036354126,55,0.0
173,55,145,27.500000000000004,1.1,2.9,27.5,72.5,110.0,14.384726036354126,55,0.0
174,56,144,28.000000000000004,1.12,2.88,28.000000000000004,72.0,112.00000000000001,14.646266509742384,56,2.000000000000014
175,56,144,28.000000000000004,1.12,2.88,28.000000000000004,72.0,112.00000000000001,14.646266509742384,56,0.0
176,56,144,28.000000000000004,1.12,2.88,28.000000000000004,72.0,112.00000000000001,14.646266509742384,56,0.0
177,56,144,28.000000000000004,1.12,2.88,28.000000000000004,72.0,112.00000000000001,14.646266509742384,56,0.0
178,56,144,28.000000000000004,1.12,2.88,28.000000000000004,72.0,112.00000000000001,14.646266509742384,56,0.0
179,57,143,28.499999999999996,1.1400000000000001,2.86,28.500000000000004,71.5,114.00000000000001,14.907806983130639,57,2.0
180,57,143,28.499999999999996,1.1400000000000001,2.86,28.500000000000004,71.5,114.00000000000001,14.907806983130639,57,0.0
181,57,143,28.499999999999996,1.1400000000000001,2.86,28.500000000000004,71.5,114.00000000000001,14.907806983130639,57,0.0
182,57,143,28.499999999999996,1.1400000000000001,2.86,28.500000000000004,71.5,114.00000000000001,14.907806983130639,57,0.0
183,57,143,28.499999999999996,1.1400000000000001,2.86,28.500000000000004,71.5,114.00000000000001,14.907806983130639,57,0.0
184,57,143,28.499999999999996,1.1400000000000001,2.86,28.500000000000004,71.5,114.00000000000001,14.907806983130639,57,0.0
185,57,143,28.499999999999996,1.1400000000000001,2.86,28.500000000000004,71.5,114.00000000000001,14.907806983130639,57,0.0
186,58,142,28.999999999999996,1.16,2.84,28.999999999999996,71.0,115.99999999999999,15.169347456518894,58,1.9999999999999716
187,58,142,28.999999999999996,1.16,2.84,28.999999999999996,71.0,115.99999999999999,15.169347456518894,58,0.0
188,58,142,28.999999999999996,1.16,2.84,28.999999999999996,71.0,115.99999999999999,15.169347456518894,58,0.0
189,59,141,29.5,1.18,2.8200000000000003,29.499999999999996,70.5,117.99999999999999,15.43088792990715,59,2.0
190,60,140,30.0,1.2,2.8,30.0,70.0,120.0,15.692428403295407,60,2.000000000000014
191,60,140,30.0,1.2,2.8,30.0,70.0,120.0,15.692428403295407,60,0.0
192,61,139,30.5,1.22,2.7800000000000002,30.5,69.5,122.0,15.953968876683666,61,2.0
193,62,138,31.0,1.24,2.76,31.0,69.0,124.0,16.215509350071923,62,2.0
194,63,137,31.5,1.26,2.74,31.5,68.5,126.0,16.47704982346018,63,2.0
195,63,137,31.5,1.26,2.74,31.5,68.5,126.0,16.47704982346018,63,0.0
196,63,137,31.5,1.26,2.74,31.5,68.5,126.0,16.47704982346018,63,0.0
197,64,136,32.0,1.28,2.7199999999999998,32.0,67.99999999999999,128.0,16.738590296848436,64,2.0
198,64,136,32.0,1.28,2.7199999999999998,32.0,67.99999999999999,128.0,16.738590296848436,64,0.0
199,64,136,32.0,1.28,2.7199999999999998,32.0,67.99999999999999,128.0,16.738590296848436,64,0.0
200,64,136,32.0,1.28,2.7199999999999998,32.0,67.99999999999999,128.0,16.738590296848436,64,0.0
201,64,136,32.0,1.28,2.7199999999999998,32.0,67.99999999999999,128.0,16.738590296848436,64,0.0
202,65,135,32.5,1.3,2.7,32.5,67.5,130.0,17.000130770236694,65,2.0
203,66,134,33.0,1.32,2.6799999999999997,33.0,66.99999999999999,132.0,17.26167124362495,66,2.0
204,66,134,33.0,1.32,2.6799999999999997,33.0,66.99999999999999,132.0,17.26167124362495,66,0.0
205,66,134,33.0,1.32,2.6799999999999997,33.0,66.99999999999999,132.0,17.26167124362495,66,0.0
206,66,134,33.0,1.32,2.6799999999999997,33.0,66.99999999999999,132.0,17.26167124362495,66,0.0
207,68,132,34.0,1.36,2.6399999999999997,34.0,65.99999999999999,136.0,17.784752190401466,68,4.0
208,68,132,34.0,1.36,2.6399999999999997,34.0,65.99999999999999,136.0,17.784752190401466,68,0.0
209,68,132,34.0,1.36,2.6399999999999997,34.0,65.99999999999999,136.0,17.784752190401466,68,0.0
210,68,132,34.0,1.36,2.6399999999999997,34.0,65.99999999999999,136.0,17.784752190401466,68,0.0
211,69,131,34.5,1.3800000000000001,2.62,34.5,65.5,138.0,18.04629266378972,69,2.0
212,69,131,34.5,1.3800000000000001,2.62,34.5,65.5,138.0,18.04629266378972,69,0.0
213,70,130,35.0,1.4000000000000001,2.5999999999999996,35.0,64.99999999999999,140.0,18.30783313717798,70,2.0
214,70,130,35.0,1.4000000000000001,2.5999999999999996,35.0,64.99999999999999,140.0,18.30783313717798,70,0.0
215,71,129,35.5,1.42,2.58,35.5,64.5,142.0,18.569373610566235,71,2.0
216,71,129,35.5,1.42,2.58,35.5,64.5,142.0,18.569373610566235,71,0.0
217,71,129,35.5,1.42,2.58,35.5,64.5,142.0,18.569373610566235,71,0.0
218,71,129,35.5,1.42,2.58,35.5,64.5,142.0,18.569373610566235,71,0.0
219,71,129,35.5,1.42,2.58,35.5,64.5,142.0,18.569373610566235,71,0.0
220,71,129,35.5,1.42,2.58,35.5,64.5,142.0,18.569373610566235,71,0.0
221,71,129,35.5,1.42,2.58,35.5,64.5,142.0,18.569373610566235,71,0.0
222,71,129,35.5,1.42,2.58,35.5,64.5,142.0,18.569373610566235,71,0.0
223,71,129,35.5,1.42,2.58,35.5,64.5,142.0,18.569373610566235,71,0.0
224,71,129,35.5,1.42,2.58,35.5,64.5,142.0,18.569373610566235,71,0.0
225,71,129,35.5,1.42,2.58,35.5,64.5,142.0,18.569373610566235,71,0.0
226,71,129,35.5,1.42,2.58,35.5,64.5,142.0,18.569373610566235,71,0.0
227,71,129,35.5,1.42,2.58,35.5,64.5,142.0,18.569373610566235,71,0.0
228,72,128,36.0,1.44,2.56,36.0,64.0,144.0,18.830914083954493,72,2.0
229,72,128,36.0,1.44,2.56,36.0,64.0,144.0,18.830914083954493,72,0.0
230,72,128,36.0,1.44,2.56,36.0,64.0,144.0,18.830914083954493,72,0.0
231,72,128,36.0,1.44,2.56,36.0,64.0,144.0,18.830914083954493,72,0.0
232,72,128,36.0,1.44,2.56,36.0,64.0,144.0,18.830914083954493,72,0.0
233,72,128,36.0,1.44,2.56,36.0,64.0,144.0,18.830914083954493,72,0.0
234,73,127,36.5,1.46,2.54,36.5,63.5,146.0,19.092454557342748,73,2.0
235,73,127,36.5,1.46,2.54,36.5,63.5,146.0,19.092454557342748,73,0.0
236,73,127,36.5,1.46,2.54,36.5,63.5,146.0,19.092454557342748,73,0.0
237,73,127,36.5,1.46,2.54,36.5,63.5,146.0,19.092454557342748,73,0.0
238,73,127,36.5,1.46,2.54,36.5,63.5,146.0,19.092454557342748,73,0.0
239,74,126,37.0,1.48,2.52,37.0,63.0,148.0,19.353995030731006,74,2.0
240,74,126,37.0,1.48,2.52,37.0,63.0,148.0,19.353995030731006,74,0.0
241,75,125,37.5,1.5,2.5,37.5,62.5,150.0,19.61553550411926,75,2.0
242,75,125,37.5,1.5,2.5,37.5,62.5,150.0,19.61553550411926,75,0.0
243,75,125,37.5,1.5,2.5,37.5,62.5,150.0,19.61553550411926,75,0.0
244,76,124,38.0,1.52,2.48,38.0,62.0,152.0,19.87707597750752,76,2.0
245,76,124,38.0,1.52,2.48,38.0,62.0,152.0,19.87707597750752,76,0.0
246,76,124,38.0,1.52,2.48,38.0,62.0,152.0,19.87707597750752,76,0.0
247,76,124,38.0,1.52,2.48,38.0,62.0,152.0,19.87707597750752,76,0.0
248,76,124,38.0,1.52,2.48,38.0,62.0,152.0,19.87707597750752,76,0.0
249,76,124,38.0,1.52,2.48,38.0,62.0,152.0,19.87707597750752,76,0.0
250,76,124,38.0,1.52,2.48,38.0,62.0,152.0,19.87707597750752,76,0.0
251,76,124,38.0,1.52,2.48,38.0,62.0,152.0,19.87707597750752,76,0.0
252,76,124,38.0,1.52,2.48,38.0,62.0,152.0,19.87707597750752,76,0.0
253,76,124,38.0,1.52,2.48,38.0,62.0,152.0,19.87707597750752,76,0.0
254,76,124,38.0,1.52,2.48,38.0,62.0,152.0,19.87707597750752,76,0.0
255,76,124,38.0,1.52,2.48,38.0,62.0,152.0,19.87707597750752,76,0.0
256,76,124,38.0,1.52,2.48,38.0,62.0,152.0,19.87707597750752,76,0.0
257,76,124,38.0,1.52,2.48,38.0,62.0,152.0,19.87707597750752,76,0.0
258,76,124,38.0,1.52,2.48,38.0,62.0,152.0,19.87707597750752,76,0.0
259,76,124,38.0,1.52,2.48,38.0,62.0,152.0,19.87707597750752,76,0.0
260,76,124,38.0,1.52,2.48,38.0,62.0,152.0,19.87707597750752,76,0.0
261,76,124,38.0,1.52,2.48,38.0,62.0,152.0,19.87707597750752,76,0.0
262,76,124,38.0,1.52,2.48,38.0,62.0,152.0,19.87707597750752,76,0.0
263,76,124,38.0,1.52,2.48,38.0,62.0,152.0,19.87707597750752,76,0.0
264,76,124,38.0,1.52,2.48,38.0,62.0,152.0,19.87707597750752,76,0.0
265,76,124,38.0,1.52,2.48,38.0,62.0,152.0,19.87707597750752,76,0.0
266,76,124,38.0,1.52,2.48,38.0,62.0,152.0,19.87707597750752,76,0.0
267,76,124,38.0,1.52,2.48,38.0,62.0,152.0,19.87707597750752,76,0.0
268,76,124,38.0,1.52,2.48,38.0,62.0,152.0,19.87707597750752,76,0.0
269,76,124,38.0,1.52,2.48,38.0,62.0,152.0,19.87707597750752,76,0.0
270,76,124,38.0,1.52,2.48,38.0,62.0,152.0,19.87707597750752,76,0.0
271,76,124,38.0,1.52,2.48,38.0,62.0,152.0,19.87707597750752,76,0.0
272,76,124,38.0,1.52,2.48,38.0,62.0,152.0,19.87707597750752,76,0.0
273,78,122,39.0,1.56,2.44,39.0,61.0,156.0,20.400156924284033,78,4.0
274,78,122,39.0,1.56,2.44,39.0,61.0,156.0,20.400156924284033,78,0.0
275,79,121,39.5,1.58,2.42,39.5,60.5,158.0,20.661697397672288,79,2.0
276,79,121,39.5,1.58,2.42,39.5,60.5,158.0,20.661697397672288,79,0.0
277,80,120,40.0,1.6,2.4,40.0,60.0,160.0,20.923237871060547,80,2.0
278,80,120,40.0,1.6,2.4,40.0,60.0,160.0,20.923237871060547,81,0.0
279,80,120,40.0,1.6,2.4,40.0,60.0,160.0,20.923237871060547,82,0.0
280,80,120,40.0,1.6,2.4,40.0,60.0,160.0,20.923237871060547,83,0.0
281,80,120,40.0,1.6,2.4,40.0,60.0,160.0,20.923237871060547,84,0.0
282,80,120,40.0,1.6,2.4,40.0,60.0,160.0,20.923237871060547,84,0.0
283,80,120,40.0,1.6,2.4,40.0,60.0,160.0,20.923237871060547,85,0.0
284,80,120,40.0,1.6,2.4,40.0,60.0,160.0,20.923237871060547,85,0.0
285,81,119,40.5,1.62,2.38,40.5,59.49999999999999,162.0,21.1847783444488,86,2.0
286,81,119,40.5,1.62,2.38,40.5,59.49999999999999,162.0,21.1847783444488,86,0.0
287,81,119,40.5,1.62,2.38,40.5,59.49999999999999,162.0,21.1847783444488,86,0.0
288,82,118,41.0,1.6400000000000001,2.36,41.0,58.99999999999999,164.0,21.44631881783706,87,2.0
289,82,118,41.0,1.6400000000000001,2.36,41.0,58.99999999999999,164.0,21.44631881783706,87,0.0
290,82,118,41.0,1.6400000000000001,2.36,41.0,58.99999999999999,164.0,21.44631881783706,87,0.0
291,82,118,41.0,1.6400000000000001,2.36,41.0,58.99999999999999,164.0,21.44631881783706,87,0.0
292,83,117,41.5,1.6600000000000001,2.34,41.5,58.49999999999999,166.0,21.707859291225315,88,2.0
293,83,117,41.5,1.6600000000000001,2.34,41.5,58.49999999999999,166.0,21.707859291225315,88,0.0
294,83,117,41.5,1.6600000000000001,2.34,41.5,58.49999999999999,166.0,21.707859291225315,89,0.0
295,83,117,41.5,1.6600000000000001,2.34,41.5,58.49999999999999,166.0,21.707859291225315,89,0.0
296,83,117,41.5,1.6600000000000001,2.34,41.5,58.49999999999999,166.0,21.707859291225315,90,0.0
297,83,117,41.5,1.6600000000000001,2.34,41.5,58.49999999999999,166.0,21.707859291225315,91,0.0
298,83,117,41.5,1.6600000000000001,2.34,41.5,58.49999999999999,166.0,21.707859291225315,91,0.0
299,83,117,41.5,1.6600000000000001,2.34,41.5,58.49999999999999,166.0,21.707859291225315,91,0.0
300,83,117,41.5,1.6600000000000001,2.34,41.5,58.49999999999999,166.0,21.707859291225315,91,0.0
301,83,117,41.5,1.6600000000000001,2.34,41.5,58.49999999999999,166.0,21.707859291225315,91,0.0
302,84,116,42.0,1.68,2.3200000000000003,42.0,58.00000000000001,168.0,21.969399764613573,92,2.0
303,85,115,42.5,1.7,2.3,42.5,57.49999999999999,170.0,22.23094023800183,93,2.0
304,86,114,43.0,1.72,2.2800000000000002,43.0,57.00000000000001,172.0,22.492480711390087,94,2.0
305,86,114,43.0,1.72,2.2800000000000002,43.0,57.00000000000001,172.0,22.492480711390087,94,0.0
306,86,114,43.0,1.72,2.2800000000000002,43.0,57.00000000000001,172.0,22.492480711390087,94,0.0
307,86,114,43.0,1.72,2.2800000000000002,43.0,57.00000000000001,172.0,22.492480711390087,94,0.0
308,86,114,43.0,1.72,2.2800000000000002,43.0,57.00000000000001,172.0,22.492480711390087,94,0.0
309,86,114,43.0,1.72,2.2800000000000002,43.0,57.00000000000001,172.0,22.492480711390087,94,0.0
310,86,114,43.0,1.72,2.2800000000000002,43.0,57.00000000000001,172.0,22.492480711390087,94,0.0
311,86,114,43.0,1.72,2.2800000000000002,43.0,57.00000000000001,172.0,22.492480711390087,94,0.0
312,86,114,43.0,1.72,2.2800000000000002,43.0,57.00000000000001,172.0,22.492480711390087,94,0.0
313,86,114,43.0,1.72,2.2800000000000002,43.0,57.00000000000001,172.0,22.492480711390087,94,0.0
314,86,114,43.0,1.72,2.2800000000000002,43.0,57.00000000000001,172.0,22.492480711390087,94,0.0
315,86,114,43.0,1.72,2.2800000000000002,43.0,57.00000000000001,172.0,22.492480711390087,94,0.0
316,86,114,43.0,1.72,2.2800000000000002,43.0,57.00000000000001,172.0,22.492480711390087,94,0.0
317,86,114,43.0,1.72,2.2800000000000002,43.0,57.00000000000001,172.0,22.492480711390087,94,0.0
318,86,114,43.0,1.72,2.2800000000000002,43.0,57.00000000000001,172.0,22.492480711390087,94,0.0
319,86,114,43.0,1.72,2.2800000000000002,43.0,57.00000000000001,172.0,22.492480711390087,94,0.0
320,86,114,43.0,1.72,2.2800000000000002,43.0,57.00000000000001,172.0,22.492480711390087,94,0.0
321,86,114,43.0,1.72,2.2800000000000002,43.0,57.00000000000001,172.0,22.492480711390087,94,0.0
322,87,113,43.5,1.74,2.26,43.5,56.49999999999999,174.0,22.754021184778342,95,2.0
323,87,113,43.5,1.74,2.26,43.5,56.49999999999999,174.0,22.754021184778342,95,0.0
324,87,113,43.5,1.74,2.26,43.5,56.49999999999999,174.0,22.754021184778342,95,0.0
325,87,113,43.5,1.74,2.26,43.5,56.49999999999999,174.0,22.754021184778342,95,0.0
326,87,113,43.5,1.74,2.26,43.5,56.49999999999999,174.0,22.754021184778342,95,0.0
327,87,113,43.5,1.74,2.26,43.5,56.49999999999999,174.0,22.754021184778342,95,0.0
328,87,113,43.5,1.74,2.26,43.5,56.49999999999999,174.0,22.754021184778342,95,0.0
329,87,113,43.5,1.74,2.26,43.5,56.49999999999999,174.0,22.754021184778342,95,0.0
330,87,113,43.5,1.74,2.26,43.5,56.49999999999999,174.0,22.754021184778342,95,0.0
331,87,113,43.5,1.74,2.26,43.5,56.49999999999999,174.0,22.754021184778342,95,0.0
332,87,113,43.5,1.74,2.26,43.5,56.49999999999999,174.0,22.754021184778342,95,0.0
333,87,113,43.5,1.74,2.26,43.5,56.49999999999999,174.0,22.754021184778342,95,0.0
334,87,113,43.5,1.74,2.26,43.5,56.49999999999999,174.0,22.754021184778342,95,0.0
335,87,113,43.5,1.74,2.26,43.5,56.49999999999999,174.0,22.754021184778342,95,0.0
336,87,113,43.5,1.74,2.26,43.5,56.49999999999999,174.0,22.754021184778342,95,0.0
337,87,113,43.5,1.74,2.26,43.5,56.49999999999999,174.0,22.754021184778342,95,0.0
338,87,113,43.5,1.74,2.26,43.5,56.49999999999999,174.0,22.754021184778342,95,0.0
339,88,112,44.0,1.76,2.24,44.0,56.00000000000001,176.0,23.0155616581666,96,2.0
340,88,112,44.0,1.76,2.24,44.0,56.00000000000001,176.0,23.0155616581666,96,0.0
341,88,112,44.0,1.76,2.24,44.0,56.00000000000001,176.0,23.0155616581666,96,0.0
342,88,112,44.0,1.76,2.24,44.0,56.00000000000001,176.0,23.0155616581666,96,0.0
343,88,112,44.0,1.76,2.24,44.0,56.00000000000001,176.0,23.0155616581666,96,0.0
344,88,112,44.0,1.76,2.24,44.0,56.00000000000001,176.0,23.0155616581666,96,0.0
345,88,112,44.0,1.76,2.24,44.0,56.00000000000001,176.0,23.0155616581666,96,0.0
346,88,112,44.0,1.76,2.24,44.0,56.00000000000001,176.0,23.0155616581666,96,0.0
347,88,112,44.0,1.76,2.24,44.0,56.00000000000001,176.0,23.0155616581666,96,0.0
348,88,112,44.0,1.76,2.24,44.0,56.00000000000001,176.0,23.0155616581666,96,0.0
349,88,112,44.0,1.76,2.24,44.0,56.00000000000001,176.0,23.0155616581666,96,0.0
350,89,111,44.5,1.78,2.2199999999999998,44.5,55.49999999999999,178.0,23.277102131554855,97,2.0
351,89,111,44.5,1.78,2.2199999999999998,44.5,55.49999999999999,178.0,23.277102131554855,97,0.0
352,89,111,44.5,1.78,2.2199999999999998,44.5,55.49999999999999,178.0,23.277102131554855,97,0.0
353,89,111,44.5,1.78,2.2199999999999998,44.5,55.49999999999999,178.0,23.277102131554855,97,0.0
354,89,111,44.5,1.78,2.2199999999999998,44.5,55.49999999999999,178.0,23.277102131554855,97,0.0
355,89,111,44.5,1.78,2.2199999999999998,44.5,55.49999999999999,178.0,23.277102131554855,97,0.0
356,89,111,44.5,1.78,2.2199999999999998,44.5,55.49999999999999,178.0,23.277102131554855,97,0.0
357,89,111,44.5,1.78,2.2199999999999998,44.5,55.49999999999999,178.0,23.277102131554855,97,0.0
358,89,111,44.5,1.78,2.2199999999999998,44.5,55.49999999999999,178.0,23.277102131554855,97,0.0
359,89,111,44.5,1.78,2.2199999999999998,44.5,55.49999999999999,178.0,23.277102131554855,97,0.0
360,89,111,44.5,1.78,2.2199999999999998,44.5,55.49999999999999,178.0,23.277102131554855,97,0.0
361,89,111,44.5,1.78,2.2199999999999998,44.5,55.49999999999999,178.0,23.277102131554855,97,0.0
362,90,110,45.0,1.8,2.2,45.0,55.0,180.0,23.538642604943114,98,2.0
363,90,110,45.0,1.8,2.2,45.0,55.0,180.0,23.538642604943114,98,0.0
364,90,110,45.0,1.8,2.2,45.0,55.0,180.0,23.538642604943114,98,0.0
365,90,110,45.0,1.8,2.2,45.0,55.0,180.0,23.538642604943114,98,0.0
366,90,110,45.0,1.8,2.2,45.0,55.0,180.0,23.538642604943114,98,0.0
367,90,110,45.0,1.8,2.2,45.0,55.0,180.0,23.538642604943114,98,0.0
368,90,110,45.0,1.8,2.2,45.0,55.0,180.0,23.538642604943114,98,0.0
369,91,109,45.5,1.82,2.1799999999999997,45.5,54.49999999999999,182.0,23.800183078331372,99,2.0
370,91,109,45.5,1.82,2.1799999999999997,45.5,54.49999999999999,182.0,23.800183078331372,99,0.0
371,91,109,45.5,1.82,2.1799999999999997,45.5,54.49999999999999,182.0,23.800183078331372,99,0.0
372,91,109,45.5,1.82,2.1799999999999997,45.5,54.49999999999999,182.0,23.800183078331372,99,0.0
373,91,109,45.5,1.82,2.1799999999999997,45.5,54.49999999999999,182.0,23.800183078331372,99,0.0
374,92,108,46.0,1.84,2.16,46.0,54.0,184.0,24.061723551719627,100,2.0
375,92,108,46.0,1.84,2.16,46.0,54.0,184.0,24.061723551719627,100,0.0
376,92,108,46.0,1.84,2.16,46.0,54.0,184.0,24.061723551719627,100,0.0
377,92,108,46.0,1.84,2.16,46.0,54.0,184.0,24.061723551719627,100,0.0
378,92,108,46.0,1.84,2.16,46.0,54.0,184.0,24.061723551719627,100,0.0
379,92,108,46.0,1.84,2.16,46.0,54.0,184.0,24.061723551719627,100,0.0
380,92,108,46.0,1.84,2.16,46.0,54.0,184.0,24.061723551719627,100,0.0
381,92,108,46.0,1.84,2.16,46.0,54.0,184.0,24.061723551719627,100,0.0
382,92,108,46.0,1.84,2.16,46.0,54.0,184.0,24.061723551719627,100,0.0
383,92,108,46.0,1.84,2.16,46.0,54.0,184.0,24.061723551719627,100,0.0
384,92,108,46.0,1.84,2.16,46.0,54.0,184.0,24.061723551719627,100,0.0
385,92,108,46.0,1.84,2.16,46.0,54.0,184.0,24.061723551719627,100,0.0
386,92,108,46.0,1.84,2.16,46.0,54.0,184.0,24.061723551719627,100,0.0
387,92,108,46.0,1.84,2.16,46.0,54.0,184.0,24.061723551719627,100,0.0
388,92,108,46.0,1.84,2.16,46.0,54.0,184.0,24.061723551719627,100,0.0
389,92,108,46.0,1.84,2.16,46.0,54.0,184.0,24.061723551719627,100,0.0
390,92,108,46.0,1.84,2.16,46.0,54.0,184.0,24.061723551719627,100,0.0
391,92,108,46.0,1.84,2.16,46.0,54.0,184.0,24.061723551719627,100,0.0
392,92,108,46.0,1.84,2.16,46.0,54.0,184.0,24.061723551719627,100,0.0
393,92,108,46.0,1.84,2.16,46.0,54.0,184.0,24.061723551719627,100,0.0
394,92,108,46.0,1.84,2.16,46.0,54.0,184.0,24.061723551719627,100,0.0
395,92,108,46.0,1.84,2.16,46.0,54.0,184.0,24.061723551719627,100,0.0
396,92,108,46.0,1.84,2.16,46.0,54.0,184.0,24.061723551719627,100,0.0
397,92,108,46.0,1.84,2.16,46.0,54.0,184.0,24.061723551719627,100,0.0
398,92,108,46.0,1.84,2.16,46.0,54.0,184.0,24.061723551719627,100,0.0
399,93,107,46.5,1.86,2.1399999999999997,46.5,53.49999999999999,186.0,24.323264025107886,101,2.0
400,93,107,46.5,1.86,2.1399999999999997,46.5,53.49999999999999,186.0,24.323264025107886,101,0.0
401,93,107,46.5,1.86,2.1399999999999997,46.5,53.49999999999999,186.0,24.323264025107886,101,0.0
402,93,107,46.5,1.86,2.1399999999999997,46.5,53.49999999999999,186.0,24.323264025107886,101,0.0
403,93,107,46.5,1.86,2.1399999999999997,46.5,53.49999999999999,186.0,24.323264025107886,101,0.0
404,94,106,47.0,1.8800000000000001,2.12,47.0,53.0,188.0,24.58480449849614,102,2.0
405,94,106,47.0,1.8800000000000001,2.12,47.0,53.0,188.0,24.58480449849614,102,0.0
406,95,105,47.5,1.9000000000000001,2.0999999999999996,47.5,52.49999999999999,190.0,24.8463449718844,103,2.0
407,95,105,47.5,1.9000000000000001,2.0999999999999996,47.5,52.49999999999999,190.0,24.8463449718844,103,0.0
408,95,105,47.5,1.9000000000000001,2.0999999999999996,47.5,52.49999999999999,190.0,24.8463449718844,103,0.0
409,95,105,47.5,1.9000000000000001,2.0999999999999996,47.5,52.49999999999999,190.0,24.8463449718844,103,0.0
410,95,105,47.5,1.9000000000000001,2.0999999999999996,47.5,52.49999999999999,190.0,24.8463449718844,103,0.0
411,95,105,47.5,1.9000000000000001,2.0999999999999996,47.5,52.49999999999999,190.0,24.8463449718844,103,0.0
412,95,105,47.5,1.9000000000000001,2.0999999999999996,47.5,52.49999999999999,190.0,24.8463449718844,103,0.0
413,96,104,48.0,1.92,2.08,48.0,52.0,192.0,25.107885445272654,104,2.0
414,96,104,48.0,1.92,2.08,48.0,52.0,192.0,25.107885445272654,104,0.0
415,96,104,48.0,1.92,2.08,48.0,52.0,192.0,25.107885445272654,104,0.0
416,96,104,48.0,1.92,2.08,48.0,52.0,192.0,25.107885445272654,104,0.0
417,96,104,48.0,1.92,2.08,48.0,52.0,192.0,25.107885445272654,104,0.0
418,96,104,48.0,1.92,2.08,48.0,52.0,192.0,25.107885445272654,104,0.0
419,96,104,48.0,1.92,2.08,48.0,52.0,192.0,25.107885445272654,104,0.0
420,96,104,48.0,1.92,2.08,48.0,52.0,192.0,25.107885445272654,104,0.0
421,96,104,48.0,1.92,2.08,48.0,52.0,192.0,25.107885445272654,104,0.0
422,96,104,48.0,1.92,2.08,48.0,52.0,192.0,25.107885445272654,104,0.0
423,96,104,48.0,1.92,2.08,48.0,52.0,192.0,25.107885445272654,104,0.0
424,96,104,48.0,1.92,2.08,48.0,52.0,192.0,25.107885445272654,104,0.0
425,96,104,48.0,1.92,2.08,48.0,52.0,192.0,25.107885445272654,104,0.0
426,97,103,48.5,1.94,2.06,48.5,51.5,194.0,25.36942591866091,105,2.0
427,97,103,48.5,1.94,2.06,48.5,51.5,194.0,25.36942591866091,105,0.0
428,97,103,48.5,1.94,2.06,48.5,51.5,194.0,25.36942591866091,105,0.0
429,97,103,48.5,1.94,2.06,48.5,51.5,194.0,25.36942591866091,105,0.0
430,97,103,48.5,1.94,2.06,48.5,51.5,194.0,25.36942591866091,105,0.0
431,98,102,49.0,1.96,2.04,49.0,51.0,196.0,25.63096639204917,106,2.0
432,98,102,49.0,1.96,2.04,49.0,51.0,196.0,25.63096639204917,106,0.0
433,98,102,49.0,1.96,2.04,49.0,51.0,196.0,25.63096639204917,106,0.0
434,98,102,49.0,1.96,2.04,49.0,51.0,196.0,25.63096639204917,106,0.0
435,98,102,49.0,1.96,2.04,49.0,51.0,196.0,25.63096639204917,106,0.0
436,98,102,49.0,1.96,2.04,49.0,51.0,196.0,25.63096639204917,106,0.0
437,98,102,49.0,1.96,2.04,49.0,51.0,196.0,25.63096639204917,106,0.0
438,98,102,49.0,1.96,2.04,49.0,51.0,196.0,25.63096639204917,106,0.0
439,98,102,49.0,1.96,2.04,49.0,51.0,196.0,25.63096639204917,106,0.0
440,98,102,49.0,1.96,2.04,49.0,51.0,196.0,25.63096639204917,106,0.0
441,98,102,49.0,1.96,2.04,49.0,51.0,196.0,25.63096639204917,106,0.0
442,98,102,49.0,1.96,2.04,49.0,51.0,196.0,25.63096639204917,106,0.0
443,98,102,49.0,1.96,2.04,49.0,51.0,196.0,25.63096639204917,106,0.0
444,98,102,49.0,1.96,2.04,49.0,51.0,196.0,25.63096639204917,106,0.0
445,98,102,49.0,1.96,2.04,49.0,51.0,196.0,25.63096639204917,106,0.0
446,98,102,49.0,1.96,2.04,49.0,51.0,196.0,25.63096639204917,106,0.0
447,98,102,49.0,1.96,2.04,49.0,51.0,196.0,25.63096639204917,106,0.0
448,98,102,49.0,1.96,2.04,49.0,51.0,196.0,25.63096639204917,106,0.0
449,99,101,49.5,1.98,2.02,49.5,50.5,198.0,25.892506865437426,107,2.0
450,99,101,49.5,1.98,2.02,49.5,50.5,198.0,25.892506865437426,107,0.0
451,99,101,49.5,1.98,2.02,49.5,50.5,198.0,25.892506865437426,107,0.0
452,99,101,49.5,1.98,2.02,49.5,50.5,198.0,25.892506865437426,107,0.0
453,99,101,49.5,1.98,2.02,49.5,50.5,198.0,25.892506865437426,107,0.0
454,99,101,49.5,1.98,2.02,49.5,50.5,198.0,25.892506865437426,107,0.0
455,99,101,49.5,1.98,2.02,49.5,50.5,198.0,25.892506865437426,107,0.0
456,99,101,49.5,1.98,2.02,49.5,50.5,198.0,25.892506865437426,107,0.0
457,99,101,49.5,1.98,2.02,49.5,50.5,198.0,25.892506865437426,107,0.0
458,100,100,50.0,2.0,2.0,50.0,50.0,200.0,26.15404733882568,108,2.0
459,102,98,51.0,2.04,1.96,51.0,49.0,204.0,26.677128285602198,110,4.0
460,102,98,51.0,2.04,1.96,51.0,49.0,204.0,26.677128285602198,110,0.0
461,102,98,51.0,2.04,1.96,51.0,49.0,204.0,26.677128285602198,110,0.0
462,103,97,51.5,2.06,1.94,51.5,48.5,206.0,26.938668758990453,111,2.0
463,103,97,51.5,2.06,1.94,51.5,48.5,206.0,26.938668758990453,111,0.0
464,103,97,51.5,2.06,1.94,51.5,48.5,206.0,26.938668758990453,111,0.0
465,103,97,51.5,2.06,1.94,51.5,48.5,206.0,26.938668758990453,111,0.0
466,103,97,51.5,2.06,1.94,51.5,48.5,206.0,26.938668758990453,111,0.0
467,103,97,51.5,2.06,1.94,51.5,48.5,206.0,26.938668758990453,111,0.0
468,103,97,51.5,2.06,1.94,51.5,48.5,206.0,26.938668758990453,111,0.0
469,103,97,51.5,2.06,1.94,51.5,48.5,206.0,26.938668758990453,111,0.0
470,103,97,51.5,2.06,1.94,51.5,48.5,206.0,26.938668758990453,111,0.0
471,103,97,51.5,2.06,1.94,51.5,48.5,206.0,26.938668758990453,111,0.0
472,103,97,51.5,2.06,1.94,51.5,48.5,206.0,26.938668758990453,111,0.0
473,103,97,51.5,2.06,1.94,51.5,48.5,206.0,26.938668758990453,111,0.0
474,103,97,51.5,2.06,1.94,51.5,48.5,206.0,26.938668758990453,111,0.0
475,103,97,51.5,2.06,1.94,51.5,48.5,206.0,26.938668758990453,111,0.0
476,103,97,51.5,2.06,1.94,51.5,48.5,206.0,26.938668758990453,111,0.0
477,103,97,51.5,2.06,1.94,51.5,48.5,206.0,26.938668758990453,111,0.0
478,103,97,51.5,2.06,1.94,51.5,48.5,206.0,26.938668758990453,111,0.0
479,103,97,51.5,2.06,1.94,51.5,48.5,206.0,26.938668758990453,111,0.0
480,103,97,51.5,2.06,1.94,51.5,48.5,206.0,26.938668758990453,111,0.0
481,103,97,51.5,2.06,1.94,51.5,48.5,206.0,26.938668758990453,111,0.0
482,103,97,51.5,2.06,1.94,51.5,48.5,206.0,26.938668758990453,112,0.0
483,103,97,51.5,2.06,1.94,51.5,48.5,206.0,26.938668758990453,113,0.0
484,103,97,51.5,2.06,1.94,51.5,48.5,206.0,26.938668758990453,114,0.0
485,103,97,51.5,2.06,1.94,51.5,48.5,206.0,26.938668758990453,115,0.0
486,103,97,51.5,2.06,1.94,51.5,48.5,206.0,26.938668758990453,116,0.0
487,103,97,51.5,2.06,1.94,51.5,48.5,206.0,26.938668758990453,117,0.0
488,103,97,51.5,2.06,1.94,51.5,48.5,206.0,26.938668758990453,118,0.0
489,103,97,51.5,2.06,1.94,51.5,48.5,206.0,26.938668758990453,119,0.0
490,104,96,52.0,2.08,1.92,52.0,48.0,208.0,27.200209232378707,121,2.0
491,104,96,52.0,2.08,1.92,52.0,48.0,208.0,27.200209232378707,122,0.0
492,104,96,52.0,2.08,1.92,52.0,48.0,208.0,27.200209232378707,122,0.0
493,104,96,52.0,2.08,1.92,52.0,48.0,208.0,27.200209232378707,123,0.0
494,104,96,52.0,2.08,1.92,52.0,48.0,208.0,27.200209232378707,123,0.0
495,104,96,52.0,2.08,1.92,52.0,48.0,208.0,27.200209232378707,123,0.0
496,104,96,52.0,2.08,1.92,52.0,48.0,208.0,27.200209232378707,123,0.0
497,104,96,52.0,2.08,1.92,52.0,48.0,208.0,27.200209232378707,123,0.0
498,105,95,52.5,2.1,1.9,52.5,47.5,210.0,27.461749705766962,124,2.0
499,105,95,52.5,2.1,1.9,52.5,47.5,210.0,27.461749705766962,124,0.0
500,105,95,52.5,2.1,1.9,52.5,47.5,210.0,27.461749705766962,124,0.0
501,105,95,52.5,2.1,1.9,52.5,47.5,210.0,27.461749705766962,124,0.0
502,105,95,52.5,2.1,1.9,52.5,47.5,210.0,27.461749705766962,124,0.0
503,105,95,52.5,2.1,1.9,52.5,47.5,210.0,27.461749705766962,124,0.0
504,105,95,52.5,2.1,1.9,52.5,47.5,210.0,27.461749705766962,124,0.0
505,105,95,52.5,2.1,1.9,52.5,47.5,210.0,27.461749705766962,124,0.0
506,105,95,52.5,2.1,1.9,52.5,47.5,210.0,27.461749705766962,124,0.0
507,106,94,53.0,2.12,1.88,53.0,46.99999999999999,212.0,27.723290179155224,125,2.0
508,106,94,53.0,2.12,1.88,53.0,46.99999999999999,212.0,27.723290179155224,125,0.0
509,106,94,53.0,2.12,1.88,53.0,46.99999999999999,212.0,27.723290179155224,125,0.0
510,106,94,53.0,2.12,1.88,53.0,46.99999999999999,212.0,27.723290179155224,125,0.0
511,106,94,53.0,2.12,1.88,53.0,46.99999999999999,212.0,27.723290179155224,125,0.0
512,106,94,53.0,2.12,1.88,53.0,46.99999999999999,212.0,27.723290179155224,125,0.0
513,106,94,53.0,2.12,1.88,53.0,46.99999999999999,212.0,27.723290179155224,125,0.0
514,106,94,53.0,2.12,1.88,53.0,46.99999999999999,212.0,27.723290179155224,125,0.0
515,106,94,53.0,2.12,1.88,53.0,46.99999999999999,212.0,27.723290179155224,125,0.0
516,106,94,53.0,2.12,1.88,53.0,46.99999999999999,212.0,27.723290179155224,125,0.0
517,106,94,53.0,2.12,1.88,53.0,46.99999999999999,212.0,27.723290179155224,125,0.0
518,106,94,53.0,2.12,1.88,53.0,46.99999999999999,212.0,27.723290179155224,125,0.0
519,106,94,53.0,2.12,1.88,53.0,46.99999999999999,212.0,27.723290179155224,125,0.0
520,106,94,53.0,2.12,1.88,53.0,46.99999999999999,212.0,27.723290179155224,125,0.0
521,106,94,53.0,2.12,1.88,53.0,46.99999999999999,212.0,27.723290179155224,125,0.0
522,106,94,53.0,2.12,1.88,53.0,46.99999999999999,212.0,27.723290179155224,125,0.0
523,106,94,53.0,2.12,1.88,53.0,46.99999999999999,212.0,27.723290179155224,125,0.0
524,106,94,53.0,2.12,1.88,53.0,46.99999999999999,212.0,27.723290179155224,125,0.0
525,106,94,53.0,2.12,1.88,53.0,46.99999999999999,212.0,27.723290179155224,125,0.0
526,106,94,53.0,2.12,1.88,53.0,46.99999999999999,212.0,27.723290179155224,125,0.0
527,106,94,53.0,2.12,1.88,53.0,46.99999999999999,212.0,27.723290179155224,125,0.0
528,106,94,53.0,2.12,1.88,53.0,46.99999999999999,212.0,27.723290179155224,125,0.0
529,106,94,53.0,2.12,1.88,53.0,46.99999999999999,212.0,27.723290179155224,125,0.0
530,106,94,53.0,2.12,1.88,53.0,46.99999999999999,212.0,27.723290179155224,126,0.0
531,106,94,53.0,2.12,1.88,53.0,46.99999999999999,212.0,27.723290179155224,126,0.0
532,107,93,53.5,2.14,1.8599999999999999,53.5,46.49999999999999,214.0,27.98483065254348,127,2.0
533,107,93,53.5,2.14,1.8599999999999999,53.5,46.49999999999999,214.0,27.98483065254348,128,0.0
534,107,93,53.5,2.14,1.8599999999999999,53.5,46.49999999999999,214.0,27.98483065254348,129,0.0
535,107,93,53.5,2.14,1.8599999999999999,53.5,46.49999999999999,214.0,27.98483065254348,129,0.0
536,107,93,53.5,2.14,1.8599999999999999,53.5,46.49999999999999,214.0,27.98483065254348,129,0.0
537,107,93,53.5,2.14,1.8599999999999999,53.5,46.49999999999999,214.0,27.98483065254348,129,0.0
538,107,93,53.5,2.14,1.8599999999999999,53.5,46.49999999999999,214.0,27.98483065254348,129,0.0
539,107,93,53.5,2.14,1.8599999999999999,53.5,46.49999999999999,214.0,27.98483065254348,129,0.0
540,107,93,53.5,2.14,1.8599999999999999,53.5,46.49999999999999,214.0,27.98483065254348,130,0.0
541,107,93,53.5,2.14,1.8599999999999999,53.5,46.49999999999999,214.0,27.98483065254348,131,0.0
542,107,93,53.5,2.14,1.8599999999999999,53.5,46.49999999999999,214.0,27.98483065254348,132,0.0
543,107,93,53.5,2.14,1.8599999999999999,53.5,46.49999999999999,214.0,27.98483065254348,133,0.0
544,108,92,54.0,2.16,1.8399999999999999,54.0,45.99999999999999,216.0,28.246371125931734,135,2.0
545,108,92,54.0,2.16,1.8399999999999999,54.0,45.99999999999999,216.0,28.246371125931734,136,0.0
546,108,92,54.0,2.16,1.8399999999999999,54.0,45.99999999999999,216.0,28.246371125931734,137,0.0
547,108,92,54.0,2.16,1.8399999999999999,54.0,45.99999999999999,216.0,28.246371125931734,138,0.0
548,108,92,54.0,2.16,1.8399999999999999,54.0,45.99999999999999,216.0,28.246371125931734,139,0.0
549,108,92,54.0,2.16,1.8399999999999999,54.0,45.99999999999999,216.0,28.246371125931734,139,0.0
550,108,92,54.0,2.16,1.8399999999999999,54.0,45.99999999999999,216.0,28.246371125931734,139,0.0
551,108,92,54.0,2.16,1.8399999999999999,54.0,45.99999999999999,216.0,28.246371125931734,139,0.0
552,109,91,54.50000000000001,2.18,1.8199999999999998,54.5,45.49999999999999,218.0,28.50791159931999,140,2.0
553,109,91,54.50000000000001,2.18,1.8199999999999998,54.5,45.49999999999999,218.0,28.50791159931999,140,0.0
554,109,91,54.50000000000001,2.18,1.8199999999999998,54.5,45.49999999999999,218.0,28.50791159931999,140,0.0
555,109,91,54.50000000000001,2.18,1.8199999999999998,54.5,45.49999999999999,218.0,28.50791159931999,141,0.0
556,109,91,54.50000000000001,2.18,1.8199999999999998,54.5,45.49999999999999,218.0,28.50791159931999,142,0.0
557,109,91,54.50000000000001,2.18,1.8199999999999998,54.5,45.49999999999999,218.0,28.50791159931999,143,0.0
558,109,91,54.50000000000001,2.18,1.8199999999999998,54.5,45.49999999999999,218.0,28.50791159931999,144,0.0
559,109,91,54.50000000000001,2.18,1.8199999999999998,54.5,45.49999999999999,218.0,28.50791159931999,145,0.0
560,109,91,54.50000000000001,2.18,1.8199999999999998,54.5,45.49999999999999,218.0,28.50791159931999,146,0.0
561,109,91,54.50000000000001,2.18,1.8199999999999998,54.5,45.49999999999999,218.0,28.50791159931999,146,0.0
562,109,91,54.50000000000001,2.18,1.8199999999999998,54.5,45.49999999999999,218.0,28.50791159931999,147,0.0
563,109,91,54.50000000000001,2.18,1.8199999999999998,54.5,45.49999999999999,218.0,28.50791159931999,148,0.0
564,109,91,54.50000000000001,2.18,1.8199999999999998,54.5,45.49999999999999,218.0,28.50791159931999,149,0.0
565,109,91,54.50000000000001,2.18,1.8199999999999998,54.5,45.49999999999999,218.0,28.50791159931999,150,0.0
566,109,91,54.50000000000001,2.18,1.8199999999999998,54.5,45.49999999999999,218.0,28.50791159931999,152,0.0
567,109,91,54.50000000000001,2.18,1.8199999999999998,54.5,45.49999999999999,218.0,28.50791159931999,154,0.0
568,109,91,54.50000000000001,2.18,1.8199999999999998,54.5,45.49999999999999,218.0,28.50791159931999,156,0.0
569,109,91,54.50000000000001,2.18,1.8199999999999998,54.5,45.49999999999999,218.0,28.50791159931999,158,0.0
570,109,91,54.50000000000001,2.18,1.8199999999999998,54.5,45.49999999999999,218.0,28.50791159931999,159,0.0
571,109,91,54.50000000000001,2.18,1.8199999999999998,54.5,45.49999999999999,218.0,28.50791159931999,161,0.0
572,109,91,54.50000000000001,2.18,1.8199999999999998,54.5,45.49999999999999,218.0,28.50791159931999,163,0.0
573,109,91,54.50000000000001,2.18,1.8199999999999998,54.5,45.49999999999999,218.0,28.50791159931999,164,0.0
574,109,91,54.50000000000001,2.18,1.8199999999999998,54.5,45.49999999999999,218.0,28.50791159931999,165,0.0
575,109,91,54.50000000000001,2.18,1.8199999999999998,54.5,45.49999999999999,218.0,28.50791159931999,165,0.0
576,109,91,54.50000000000001,2.18,1.8199999999999998,54.5,45.49999999999999,218.0,28.50791159931999,166,0.0
577,109,91,54.50000000000001,2.18,1.8199999999999998,54.5,45.49999999999999,218.0,28.50791159931999,166,0.0
578,109,91,54.50000000000001,2.18,1.8199999999999998,54.5,45.49999999999999,218.0,28.50791159931999,168,0.0
579,109,91,54.50000000000001,2.18,1.8199999999999998,54.5,45.49999999999999,218.0,28.50791159931999,168,0.0
580,109,91,54.50000000000001,2.18,1.8199999999999998,54.5,45.49999999999999,218.0,28.50791159931999,168,0.0
581,110,90,55.00000000000001,2.2,1.7999999999999998,55.0,44.99999999999999,220.0,28.76945207270825,170,2.0
582,110,90,55.00000000000001,2.2,1.7999999999999998,55.0,44.99999999999999,220.0,28.76945207270825,171,0.0
583,110,90,55.00000000000001,2.2,1.7999999999999998,55.0,44.99999999999999,220.0,28.76945207270825,171,0.0
584,110,90,55.00000000000001,2.2,1.7999999999999998,55.0,44.99999999999999,220.0,28.76945207270825,172,0.0
585,110,90,55.00000000000001,2.2,1.7999999999999998,55.0,44.99999999999999,220.0,28.76945207270825,173,0.0
586,110,90,55.00000000000001,2.2,1.7999999999999998,55.0,44.99999999999999,220.0,28.76945207270825,173,0.0
587,110,90,55.00000000000001,2.2,1.7999999999999998,55.0,44.99999999999999,220.0,28.76945207270825,174,0.0
588,110,90,55.00000000000001,2.2,1.7999999999999998,55.0,44.99999999999999,220.0,28.76945207270825,174,0.0
589,110,90,55.00000000000001,2.2,1.7999999999999998,55.0,44.99999999999999,220.0,28.76945207270825,174,0.0
590,110,90,55.00000000000001,2.2,1.7999999999999998,55.0,44.99999999999999,220.0,28.76945207270825,174,0.0
591,110,90,55.00000000000001,2.2,1.7999999999999998,55.0,44.99999999999999,220.0,28.76945207270825,174,0.0
592,110,90,55.00000000000001,2.2,1.7999999999999998,55.0,44.99999999999999,220.0,28.76945207270825,174,0.0
593,110,90,55.00000000000001,2.2,1.7999999999999998,55.0,44.99999999999999,220.0,28.76945207270825,174,0.0
594,110,90,55.00000000000001,2.2,1.7999999999999998,55.0,44.99999999999999,220.0,28.76945207270825,174,0.0
595,110,90,55.00000000000001,2.2,1.7999999999999998,55.0,44.99999999999999,220.0,28.76945207270825,174,0.0
596,110,90,55.00000000000001,2.2,1.7999999999999998,55.0,44.99999999999999,220.0,28.76945207270825,174,0.0
597,110,90,55.00000000000001,2.2,1.7999999999999998,55.0,44.99999999999999,220.0,28.76945207270825,175,0.0
598,110,90,55.00000000000001,2.2,1.7999999999999998,55.0,44.99999999999999,220.0,28.76945207270825,176,0.0
599,110,90,55.00000000000001,2.2,1.7999999999999998,55.0,44.99999999999999,220.0,28.76945207270825,177,0.0
600,110,90,55.00000000000001,2.2,1.7999999999999998,55.0,44.99999999999999,220.0,28.76945207270825,178,0.0
601,110,90,55.00000000000001,2.2,1.7999999999999998,55.0,44.99999999999999,220.0,28.76945207270825,179,0.0
602,110,90,55.00000000000001,2.2,1.7999999999999998,55.0,44.99999999999999,220.0,28.76945207270825,180,0.0
603,110,90,55.00000000000001,2.2,1.7999999999999998,55.0,44.99999999999999,220.0,28.76945207270825,180,0.0
604,110,90,55.00000000000001,2.2,1.7999999999999998,55.0,44.99999999999999,220.0,28.76945207270825,180,0.0
605,110,90,55.00000000000001,2.2,1.7999999999999998,55.0,44.99999999999999,220.0,28.76945207270825,180,0.0
606,110,90,55.00000000000001,2.2,1.7999999999999998,55.0,44.99999999999999,220.0,28.76945207270825,180,0.0
607,110,90,55.00000000000001,2.2,1.7999999999999998,55.0,44.99999999999999,220.0,28.76945207270825,180,0.0
608,111,89,55.50000000000001,2.22,1.7799999999999998,55.50000000000001,44.49999999999999,222.00000000000003,29.030992546096513,181,2.0000000000000284
609,111,89,55.50000000000001,2.22,1.7799999999999998,55.50000000000001,44.49999999999999,222.00000000000003,29.030992546096513,181,0.0
610,111,89,55.50000000000001,2.22,1.7799999999999998,55.50000000000001,44.49999999999999,222.00000000000003,29.030992546096513,181,0.0
611,111,89,55.50000000000001,2.22,1.7799999999999998,55.50000000000001,44.49999999999999,222.00000000000003,29.030992546096513,181,0.0
612,111,89,55.50000000000001,2.22,1.7799999999999998,55.50000000000001,44.49999999999999,222.00000000000003,29.030992546096513,181,0.0
613,111,89,55.50000000000001,2.22,1.7799999999999998,55.50000000000001,44.49999999999999,222.00000000000003,29.030992546096513,181,0.0
614,111,89,55.50000000000001,2.22,1.7799999999999998,55.50000000000001,44.49999999999999,222.00000000000003,29.030992546096513,181,0.0
615,111,89,55.50000000000001,2.22,1.7799999999999998,55.50000000000001,44.49999999999999,222.00000000000003,29.030992546096513,181,0.0
616,111,89,55.50000000000001,2.22,1.7799999999999998,55.50000000000001,44.49999999999999,222.00000000000003,29.030992546096513,181,0.0
617,111,89,55.50000000000001,2.22,1.7799999999999998,55.50000000000001,44.49999999999999,222.00000000000003,29.030992546096513,181,0.0
618,111,89,55.50000000000001,2.22,1.7799999999999998,55.50000000000001,44.49999999999999,222.00000000000003,29.030992546096513,181,0.0
619,111,89,55.50000000000001,2.22,1.7799999999999998,55.50000000000001,44.49999999999999,222.00000000000003,29.030992546096513,181,0.0
620,112,88,56.00000000000001,2.24,1.7599999999999998,56.00000000000001,43.99999999999999,224.00000000000003,29.292533019484768,182,2.0
621,112,88,56.00000000000001,2.24,1.7599999999999998,56.00000000000001,43.99999999999999,224.00000000000003,29.292533019484768,182,0.0
622,112,88,56.00000000000001,2.24,1.7599999999999998,56.00000000000001,43.99999999999999,224.00000000000003,29.292533019484768,182,0.0
623,112,88,56.00000000000001,2.24,1.7599999999999998,56.00000000000001,43.99999999999999,224.00000000000003,29.292533019484768,183,0.0
624,113,87,56.49999999999999,2.2600000000000002,1.7399999999999998,56.50000000000001,43.49999999999999,226.00000000000003,29.554073492873023,184,2.0
625,113,87,56.49999999999999,2.2600000000000002,1.7399999999999998,56.50000000000001,43.49999999999999,226.00000000000003,29.554073492873023,184,0.0
626,114,86,56.99999999999999,2.2800000000000002,1.7199999999999998,57.00000000000001,42.99999999999999,228.00000000000003,29.815613966261278,185,2.0
627,115,85,57.49999999999999,2.3000000000000003,1.6999999999999997,57.50000000000001,42.49999999999999,230.00000000000003,30.07715443964954,186,2.0
628,115,85,57.49999999999999,2.3000000000000003,1.6999999999999997,57.50000000000001,42.49999999999999,230.00000000000003,30.07715443964954,186,0.0
629,115,85,57.49999999999999,2.3000000000000003,1.6999999999999997,57.50000000000001,42.49999999999999,230.00000000000003,30.07715443964954,186,0.0
630,115,85,57.49999999999999,2.3000000000000003,1.6999999999999997,57.50000000000001,42.49999999999999,230.00000000000003,30.07715443964954,186,0.0
631,115,85,57.49999999999999,2.3000000000000003,1.6999999999999997,57.50000000000001,42.49999999999999,230.00000000000003,30.07715443964954,186,0.0
632,115,85,57.49999999999999,2.3000000000000003,1.6999999999999997,57.50000000000001,42.49999999999999,230.00000000000003,30.07715443964954,186,0.0
633,116,84,57.99999999999999,2.32,1.6800000000000002,57.99999999999999,42.0,231.99999999999997,30.338694913037788,187,1.9999999999999432
634,116,84,57.99999999999999,2.32,1.6800000000000002,57.99999999999999,42.0,231.99999999999997,30.338694913037788,187,0.0
635,116,84,57.99999999999999,2.32,1.6800000000000002,57.99999999999999,42.0,231.99999999999997,30.338694913037788,187,0.0
636,116,84,57.99999999999999,2.32,1.6800000000000002,57.99999999999999,42.0,231.99999999999997,30.338694913037788,187,0.0
637,116,84,57.99999999999999,2.32,1.6800000000000002,57.99999999999999,42.0,231.99999999999997,30.338694913037788,187,0.0
638,116,84,57.99999999999999,2.32,1.6800000000000002,57.99999999999999,42.0,231.99999999999997,30.338694913037788,187,0.0
639,117,83,58.5,2.34,1.6600000000000001,58.49999999999999,41.5,233.99999999999997,30.600235386426043,188,2.0
640,117,83,58.5,2.34,1.6600000000000001,58.49999999999999,41.5,233.99999999999997,30.600235386426043,188,0.0
641,117,83,58.5,2.34,1.6600000000000001,58.49999999999999,41.5,233.99999999999997,30.600235386426043,188,0.0
642,117,83,58.5,2.34,1.6600000000000001,58.49999999999999,41.5,233.99999999999997,30.600235386426043,188,0.0
643,117,83,58.5,2.34,1.6600000000000001,58.49999999999999,41.5,233.99999999999997,30.600235386426043,188,0.0
644,117,83,58.5,2.34,1.6600000000000001,58.49999999999999,41.5,233.99999999999997,30.600235386426043,188,0.0
645,117,83,58.5,2.34,1.6600000000000001,58.49999999999999,41.5,233.99999999999997,30.600235386426043,188,0.0
646,117,83,58.5,2.34,1.6600000000000001,58.49999999999999,41.5,233.99999999999997,30.600235386426043,188,0.0
647,117,83,58.5,2.34,1.6600000000000001,58.49999999999999,41.5,233.99999999999997,30.600235386426043,188,0.0
648,117,83,58.5,2.34,1.6600000000000001,58.49999999999999,41.5,233.99999999999997,30.600235386426043,188,0.0
649,117,83,58.5,2.34,1.6600000000000001,58.49999999999999,41.5,233.99999999999997,30.600235386426043,188,0.0
650,117,83,58.5,2.34,1.6600000000000001,58.49999999999999,41.5,233.99999999999997,30.600235386426043,188,0.0
651,117,83,58.5,2.34,1.6600000000000001,58.49999999999999,41.5,233.99999999999997,30.600235386426043,188,0.0
652,117,83,58.5,2.34,1.6600000000000001,58.49999999999999,41.5,233.99999999999997,30.600235386426043,188,0.0
653,117,83,58.5,2.34,1.6600000000000001,58.49999999999999,41.5,233.99999999999997,30.600235386426043,188,0.0
654,117,83,58.5,2.34,1.6600000000000001,58.49999999999999,41.5,233.99999999999997,30.600235386426043,188,0.0
655,117,83,58.5,2.34,1.6600000000000001,58.49999999999999,41.5,233.99999999999997,30.600235386426043,188,0.0
656,117,83,58.5,2.34,1.6600000000000001,58.49999999999999,41.5,233.99999999999997,30.600235386426043,188,0.0
657,117,83,58.5,2.34,1.6600000000000001,58.49999999999999,41.5,233.99999999999997,30.600235386426043,188,0.0
658,117,83,58.5,2.34,1.6600000000000001,58.49999999999999,41.5,233.99999999999997,30.600235386426043,188,0.0
659,117,83,58.5,2.34,1.6600000000000001,58.49999999999999,41.5,233.99999999999997,30.600235386426043,188,0.0
660,117,83,58.5,2.34,1.6600000000000001,58.49999999999999,41.5,233.99999999999997,30.600235386426043,188,0.0
661,117,83,58.5,2.34,1.6600000000000001,58.49999999999999,41.5,233.99999999999997,30.600235386426043,188,0.0
662,117,83,58.5,2.34,1.6600000000000001,58.49999999999999,41.5,233.99999999999997,30.600235386426043,188,0.0
663,117,83,58.5,2.34,1.6600000000000001,58.49999999999999,41.5,233.99999999999997,30.600235386426043,188,0.0
664,117,83,58.5,2.34,1.6600000000000001,58.49999999999999,41.5,233.99999999999997,30.600235386426043,188,0.0
665,117,83,58.5,2.34,1.6600000000000001,58.49999999999999,41.5,233.99999999999997,30.600235386426043,188,0.0
666,117,83,58.5,2.34,1.6600000000000001,58.49999999999999,41.5,233.99999999999997,30.600235386426043,188,0.0
667,117,83,58.5,2.34,1.6600000000000001,58.49999999999999,41.5,233.99999999999997,30.600235386426043,188,0.0
668,117,83,58.5,2.34,1.6600000000000001,58.49999999999999,41.5,233.99999999999997,30.600235386426043,188,0.0
669,117,83,58.5,2.34,1.6600000000000001,58.49999999999999,41.5,233.99999999999997,30.600235386426043,188,0.0
670,117,83,58.5,2.34,1.6600000000000001,58.49999999999999,41.5,233.99999999999997,30.600235386426043,188,0.0
671,117,83,58.5,2.34,1.6600000000000001,58.49999999999999,41.5,233.99999999999997,30.600235386426043,188,0.0
672,117,83,58.5,2.34,1.6600000000000001,58.49999999999999,41.5,233.99999999999997,30.600235386426043,188,0.0
673,117,83,58.5,2.34,1.6600000000000001,58.49999999999999,41.5,233.99999999999997,30.600235386426043,188,0.0
674,117,83,58.5,2.34,1.6600000000000001,58.49999999999999,41.5,233.99999999999997,30.600235386426043,188,0.0
675,117,83,58.5,2.34,1.6600000000000001,58.49999999999999,41.5,233.99999999999997,30.600235386426043,188,0.0
676,118,82,59.0,2.36,1.6400000000000001,58.99999999999999,41.0,235.99999999999997,30.8617758598143,189,2.0
677,118,82,59.0,2.36,1.6400000000000001,58.99999999999999,41.0,235.99999999999997,30.8617758598143,189,0.0
678,118,82,59.0,2.36,1.6400000000000001,58.99999999999999,41.0,235.99999999999997,30.8617758598143,189,0.0
679,118,82,59.0,2.36,1.6400000000000001,58.99999999999999,41.0,235.99999999999997,30.8617758598143,189,0.0
680,118,82,59.0,2.36,1.6400000000000001,58.99999999999999,41.0,235.99999999999997,30.8617758598143,189,0.0
681,118,82,59.0,2.36,1.6400000000000001,58.99999999999999,41.0,235.99999999999997,30.8617758598143,189,0.0
682,119,81,59.5,2.38,1.62,59.49999999999999,40.5,237.99999999999997,31.123316333202556,190,2.0
683,119,81,59.5,2.38,1.62,59.49999999999999,40.5,237.99999999999997,31.123316333202556,190,0.0
684,119,81,59.5,2.38,1.62,59.49999999999999,40.5,237.99999999999997,31.123316333202556,190,0.0
685,119,81,59.5,2.38,1.62,59.49999999999999,40.5,237.99999999999997,31.123316333202556,190,0.0
686,119,81,59.5,2.38,1.62,59.49999999999999,40.5,237.99999999999997,31.123316333202556,190,0.0
687,119,81,59.5,2.38,1.62,59.49999999999999,40.5,237.99999999999997,31.123316333202556,190,0.0
688,119,81,59.5,2.38,1.62,59.49999999999999,40.5,237.99999999999997,31.123316333202556,190,0.0
689,119,81,59.5,2.38,1.62,59.49999999999999,40.5,237.99999999999997,31.123316333202556,190,0.0
690,119,81,59.5,2.38,1.62,59.49999999999999,40.5,237.99999999999997,31.123316333202556,190,0.0
691,119,81,59.5,2.38,1.62,59.49999999999999,40.5,237.99999999999997,31.123316333202556,190,0.0
692,119,81,59.5,2.38,1.62,59.49999999999999,40.5,237.99999999999997,31.123316333202556,190,0.0
693,119,81,59.5,2.38,1.62,59.49999999999999,40.5,237.99999999999997,31.123316333202556,190,0.0
694,119,81,59.5,2.38,1.62,59.49999999999999,40.5,237.99999999999997,31.123316333202556,190,0.0
695,119,81,59.5,2.38,1.62,59.49999999999999,40.5,237.99999999999997,31.123316333202556,190,0.0
696,120,80,60.0,2.4,1.6,60.0,40.0,240.0,31.384856806590815,191,2.0000000000000284
697,120,80,60.0,2.4,1.6,60.0,40.0,240.0,31.384856806590815,191,0.0
698,120,80,60.0,2.4,1.6,60.0,40.0,240.0,31.384856806590815,191,0.0
699,120,80,60.0,2.4,1.6,60.0,40.0,240.0,31.384856806590815,191,0.0
700,120,80,60.0,2.4,1.6,60.0,40.0,240.0,31.384856806590815,191,0.0
701,120,80,60.0,2.4,1.6,60.0,40.0,240.0,31.384856806590815,191,0.0
702,120,80,60.0,2.4,1.6,60.0,40.0,240.0,31.384856806590815,191,0.0
703,120,80,60.0,2.4,1.6,60.0,40.0,240.0,31.384856806590815,191,0.0
704,120,80,60.0,2.4,1.6,60.0,40.0,240.0,31.384856806590815,192,0.0
705,120,80,60.0,2.4,1.6,60.0,40.0,240.0,31.384856806590815,193,0.0
706,120,80,60.0,2.4,1.6,60.0,40.0,240.0,31.384856806590815,194,0.0
707,120,80,60.0,2.4,1.6,60.0,40.0,240.0,31.384856806590815,195,0.0
708,120,80,60.0,2.4,1.6,60.0,40.0,240.0,31.384856806590815,195,0.0
709,120,80,60.0,2.4,1.6,60.0,40.0,240.0,31.384856806590815,195,0.0
710,121,79,60.5,2.42,1.58,60.5,39.5,242.0,31.646397279979077,196,2.0
711,121,79,60.5,2.42,1.58,60.5,39.5,242.0,31.646397279979077,196,0.0
712,121,79,60.5,2.42,1.58,60.5,39.5,242.0,31.646397279979077,196,0.0
713,121,79,60.5,2.42,1.58,60.5,39.5,242.0,31.646397279979077,197,0.0
714,123,77,61.5,2.46,1.54,61.5,38.5,246.0,32.16947822675559,199,4.0
715,123,77,61.5,2.46,1.54,61.5,38.5,246.0,32.16947822675559,200,0.0
716,123,77,61.5,2.46,1.54,61.5,38.5,246.0,32.16947822675559,201,0.0
717,123,77,61.5,2.46,1.54,61.5,38.5,246.0,32.16947822675559,202,0.0
718,123,77,61.5,2.46,1.54,61.5,38.5,246.0,32.16947822675559,202,0.0
719,123,77,61.5,2.46,1.54,61.5,38.5,246.0,32.16947822675559,202,0.0
720,123,77,61.5,2.46,1.54,61.5,38.5,246.0,32.16947822675559,204,0.0
721,124,76,62.0,2.48,1.52,62.0,38.0,248.0,32.431018700143845,205,2.0
722,124,76,62.0,2.48,1.52,62.0,38.0,248.0,32.431018700143845,205,0.0
723,124,76,62.0,2.48,1.52,62.0,38.0,248.0,32.431018700143845,205,0.0
724,124,76,62.0,2.48,1.52,62.0,38.0,248.0,32.431018700143845,205,0.0
725,124,76,62.0,2.48,1.52,62.0,38.0,248.0,32.431018700143845,205,0.0
726,124,76,62.0,2.48,1.52,62.0,38.0,248.0,32.431018700143845,205,0.0
727,124,76,62.0,2.48,1.52,62.0,38.0,248.0,32.431018700143845,205,0.0
728,124,76,62.0,2.48,1.52,62.0,38.0,248.0,32.431018700143845,205,0.0
729,124,76,62.0,2.48,1.52,62.0,38.0,248.0,32.431018700143845,205,0.0
730,125,75,62.5,2.5,1.5,62.5,37.5,250.0,32.6925591735321,206,2.0
731,125,75,62.5,2.5,1.5,62.5,37.5,250.0,32.6925591735321,206,0.0
732,125,75,62.5,2.5,1.5,62.5,37.5,250.0,32.6925591735321,206,0.0
733,125,75,62.5,2.5,1.5,62.5,37.5,250.0,32.6925591735321,206,0.0
734,125,75,62.5,2.5,1.5,62.5,37.5,250.0,32.6925591735321,206,0.0
735,125,75,62.5,2.5,1.5,62.5,37.5,250.0,32.6925591735321,206,0.0
736,125,75,62.5,2.5,1.5,62.5,37.5,250.0,32.6925591735321,206,0.0
737,125,75,62.5,2.5,1.5,62.5,37.5,250.0,32.6925591735321,206,0.0
738,125,75,62.5,2.5,1.5,62.5,37.5,250.0,32.6925591735321,206,0.0
739,125,75,62.5,2.5,1.5,62.5,37.5,250.0,32.6925591735321,206,0.0
740,125,75,62.5,2.5,1.5,62.5,37.5,250.0,32.6925591735321,206,0.0
741,125,75,62.5,2.5,1.5,62.5,37.5,250.0,32.6925591735321,206,0.0
742,125,75,62.5,2.5,1.5,62.5,37.5,250.0,32.6925591735321,206,0.0
743,125,75,62.5,2.5,1.5,62.5,37.5,250.0,32.6925591735321,206,0.0
744,125,75,62.5,2.5,1.5,62.5,37.5,250.0,32.6925591735321,206,0.0
745,125,75,62.5,2.5,1.5,62.5,37.5,250.0,32.6925591735321,207,0.0
746,125,75,62.5,2.5,1.5,62.5,37.5,250.0,32.6925591735321,208,0.0
747,125,75,62.5,2.5,1.5,62.5,37.5,250.0,32.6925591735321,210,0.0
748,125,75,62.5,2.5,1.5,62.5,37.5,250.0,32.6925591735321,212,0.0
749,125,75,62.5,2.5,1.5,62.5,37.5,250.0,32.6925591735321,213,0.0
750,125,75,62.5,2.5,1.5,62.5,37.5,250.0,32.6925591735321,214,0.0
751,125,75,62.5,2.5,1.5,62.5,37.5,250.0,32.6925591735321,215,0.0
752,125,75,62.5,2.5,1.5,62.5,37.5,250.0,32.6925591735321,215,0.0
753,125,75,62.5,2.5,1.5,62.5,37.5,250.0,32.6925591735321,215,0.0
754,125,75,62.5,2.5,1.5,62.5,37.5,250.0,32.6925591735321,215,0.0
755,125,75,62.5,2.5,1.5,62.5,37.5,250.0,32.6925591735321,216,0.0
756,125,75,62.5,2.5,1.5,62.5,37.5,250.0,32.6925591735321,217,0.0
757,125,75,62.5,2.5,1.5,62.5,37.5,250.0,32.6925591735321,218,0.0
758,125,75,62.5,2.5,1.5,62.5,37.5,250.0,32.6925591735321,218,0.0
759,125,75,62.5,2.5,1.5,62.5,37.5,250.0,32.6925591735321,219,0.0
760,125,75,62.5,2.5,1.5,62.5,37.5,250.0,32.6925591735321,220,0.0
761,125,75,62.5,2.5,1.5,62.5,37.5,250.0,32.6925591735321,220,0.0
762,125,75,62.5,2.5,1.5,62.5,37.5,250.0,32.6925591735321,221,0.0
763,125,75,62.5,2.5,1.5,62.5,37.5,250.0,32.6925591735321,222,0.0
764,125,75,62.5,2.5,1.5,62.5,37.5,250.0,32.6925591735321,223,0.0
765,125,75,62.5,2.5,1.5,62.5,37.5,250.0,32.6925591735321,223,0.0
766,125,75,62.5,2.5,1.5,62.5,37.5,250.0,32.6925591735321,224,0.0
767,125,75,62.5,2.5,1.5,62.5,37.5,250.0,32.6925591735321,225,0.0
768,125,75,62.5,2.5,1.5,62.5,37.5,250.0,32.6925591735321,226,0.0
769,125,75,62.5,2.5,1.5,62.5,37.5,250.0,32.6925591735321,226,0.0
770,125,75,62.5,2.5,1.5,62.5,37.5,250.0,32.6925591735321,226,0.0
771,125,75,62.5,2.5,1.5,62.5,37.5,250.0,32.6925591735321,226,0.0
772,126,74,63.0,2.52,1.48,63.0,37.0,252.0,32.95409964692036,227,2.0
773,126,74,63.0,2.52,1.48,63.0,37.0,252.0,32.95409964692036,227,0.0
774,126,74,63.0,2.52,1.48,63.0,37.0,252.0,32.95409964692036,227,0.0
775,126,74,63.0,2.52,1.48,63.0,37.0,252.0,32.95409964692036,227,0.0
776,126,74,63.0,2.52,1.48,63.0,37.0,252.0,32.95409964692036,227,0.0
777,126,74,63.0,2.52,1.48,63.0,37.0,252.0,32.95409964692036,227,0.0
778,126,74,63.0,2.52,1.48,63.0,37.0,252.0,32.95409964692036,227,0.0
779,126,74,63.0,2.52,1.48,63.0,37.0,252.0,32.95409964692036,228,0.0
780,126,74,63.0,2.52,1.48,63.0,37.0,252.0,32.95409964692036,228,0.0
781,126,74,63.0,2.52,1.48,63.0,37.0,252.0,32.95409964692036,228,0.0
782,126,74,63.0,2.52,1.48,63.0,37.0,252.0,32.95409964692036,229,0.0
783,126,74,63.0,2.52,1.48,63.0,37.0,252.0,32.95409964692036,230,0.0
784,126,74,63.0,2.52,1.48,63.0,37.0,252.0,32.95409964692036,231,0.0
785,126,74,63.0,2.52,1.48,63.0,37.0,252.0,32.95409964692036,232,0.0
786,126,74,63.0,2.52,1.48,63.0,37.0,252.0,32.95409964692036,233,0.0
787,126,74,63.0,2.52,1.48,63.0,37.0,252.0,32.95409964692036,234,0.0
788,126,74,63.0,2.52,1.48,63.0,37.0,252.0,32.95409964692036,235,0.0
789,126,74,63.0,2.52,1.48,63.0,37.0,252.0,32.95409964692036,236,0.0
790,126,74,63.0,2.52,1.48,63.0,37.0,252.0,32.95409964692036,238,0.0
791,126,74,63.0,2.52,1.48,63.0,37.0,252.0,32.95409964692036,239,0.0
792,126,74,63.0,2.52,1.48,63.0,37.0,252.0,32.95409964692036,240,0.0
793,126,74,63.0,2.52,1.48,63.0,37.0,252.0,32.95409964692036,241,0.0
794,126,74,63.0,2.52,1.48,63.0,37.0,252.0,32.95409964692036,242,0.0
795,126,74,63.0,2.52,1.48,63.0,37.0,252.0,32.95409964692036,243,0.0
796,126,74,63.0,2.52,1.48,63.0,37.0,252.0,32.95409964692036,244,0.0
797,126,74,63.0,2.52,1.48,63.0,37.0,252.0,32.95409964692036,245,0.0
798,126,74,63.0,2.52,1.48,63.0,37.0,252.0,32.95409964692036,246,0.0
799,126,74,63.0,2.52,1.48,63.0,37.0,252.0,32.95409964692036,247,0.0
800,126,74,63.0,2.52,1.48,63.0,37.0,252.0,32.95409964692036,249,0.0
801,126,74,63.0,2.52,1.48,63.0,37.0,252.0,32.95409964692036,250,0.0
802,126,74,63.0,2.52,1.48,63.0,37.0,252.0,32.95409964692036,251,0.0
803,126,74,63.0,2.52,1.48,63.0,37.0,252.0,32.95409964692036,252,0.0
804,126,74,63.0,2.52,1.48,63.0,37.0,252.0,32.95409964692036,253,0.0
805,126,74,63.0,2.52,1.48,63.0,37.0,252.0,32.95409964692036,254,0.0
806,126,74,63.0,2.52,1.48,63.0,37.0,252.0,32.95409964692036,254,0.0
807,126,74,63.0,2.52,1.48,63.0,37.0,252.0,32.95409964692036,254,0.0
808,126,74,63.0,2.52,1.48,63.0,37.0,252.0,32.95409964692036,254,0.0
809,126,74,63.0,2.52,1.48,63.0,37.0,252.0,32.95409964692036,254,0.0
810,126,74,63.0,2.52,1.48,63.0,37.0,252.0,32.95409964692036,254,0.0
811,126,74,63.0,2.52,1.48,63.0,37.0,252.0,32.95409964692036,254,0.0
812,126,74,63.0,2.52,1.48,63.0,37.0,252.0,32.95409964692036,254,0.0
813,127,73,63.5,2.54,1.46,63.5,36.5,254.0,33.21564012030861,255,2.0
814,127,73,63.5,2.54,1.46,63.5,36.5,254.0,33.21564012030861,256,0.0
815,127,73,63.5,2.54,1.46,63.5,36.5,254.0,33.21564012030861,256,0.0
816,127,73,63.5,2.54,1.46,63.5,36.5,254.0,33.21564012030861,256,0.0
817,127,73,63.5,2.54,1.46,63.5,36.5,254.0,33.21564012030861,256,0.0
818,127,73,63.5,2.54,1.46,63.5,36.5,254.0,33.21564012030861,256,0.0
819,127,73,63.5,2.54,1.46,63.5,36.5,254.0,33.21564012030861,257,0.0
820,127,73,63.5,2.54,1.46,63.5,36.5,254.0,33.21564012030861,257,0.0
821,127,73,63.5,2.54,1.46,63.5,36.5,254.0,33.21564012030861,257,0.0
822,127,73,63.5,2.54,1.46,63.5,36.5,254.0,33.21564012030861,257,0.0
823,127,73,63.5,2.54,1.46,63.5,36.5,254.0,33.21564012030861,257,0.0
824,127,73,63.5,2.54,1.46,63.5,36.5,254.0,33.21564012030861,257,0.0
825,127,73,63.5,2.54,1.46,63.5,36.5,254.0,33.21564012030861,257,0.0
826,127,73,63.5,2.54,1.46,63.5,36.5,254.0,33.21564012030861,257,0.0
827,127,73,63.5,2.54,1.46,63.5,36.5,254.0,33.21564012030861,257,0.0
828,127,73,63.5,2.54,1.46,63.5,36.5,254.0,33.21564012030861,257,0.0
829,128,72,64.0,2.56,1.44,64.0,36.0,256.0,33.47718059369687,258,2.0
830,128,72,64.0,2.56,1.44,64.0,36.0,256.0,33.47718059369687,259,0.0
831,128,72,64.0,2.56,1.44,64.0,36.0,256.0,33.47718059369687,260,0.0
832,128,72,64.0,2.56,1.44,64.0,36.0,256.0,33.47718059369687,261,0.0
833,128,72,64.0,2.56,1.44,64.0,36.0,256.0,33.47718059369687,261,0.0
834,128,72,64.0,2.56,1.44,64.0,36.0,256.0,33.47718059369687,262,0.0
835,128,72,64.0,2.56,1.44,64.0,36.0,256.0,33.47718059369687,263,0.0
836,128,72,64.0,2.56,1.44,64.0,36.0,256.0,33.47718059369687,264,0.0
837,128,72,64.0,2.56,1.44,64.0,36.0,256.0,33.47718059369687,265,0.0
838,128,72,64.0,2.56,1.44,64.0,36.0,256.0,33.47718059369687,266,0.0
839,128,72,64.0,2.56,1.44,64.0,36.0,256.0,33.47718059369687,267,0.0
840,128,72,64.0,2.56,1.44,64.0,36.0,256.0,33.47718059369687,267,0.0
841,128,72,64.0,2.56,1.44,64.0,36.0,256.0,33.47718059369687,267,0.0
842,129,71,64.5,2.58,1.42,64.5,35.5,258.0,33.73872106708513,268,2.0
843,129,71,64.5,2.58,1.42,64.5,35.5,258.0,33.73872106708513,268,0.0
844,129,71,64.5,2.58,1.42,64.5,35.5,258.0,33.73872106708513,269,0.0
845,129,71,64.5,2.58,1.42,64.5,35.5,258.0,33.73872106708513,270,0.0
846,129,71,64.5,2.58,1.42,64.5,35.5,258.0,33.73872106708513,272,0.0
847,129,71,64.5,2.58,1.42,64.5,35.5,258.0,33.73872106708513,274,0.0
848,130,70,65.0,2.6,1.4,65.0,35.0,260.0,34.00026154047339,277,2.0
849,130,70,65.0,2.6,1.4,65.0,35.0,260.0,34.00026154047339,278,0.0
850,131,69,65.5,2.62,1.38,65.5,34.5,262.0,34.26180201386164,280,2.0
851,131,69,65.5,2.62,1.38,65.5,34.5,262.0,34.26180201386164,282,0.0
852,131,69,65.5,2.62,1.38,65.5,34.5,262.0,34.26180201386164,283,0.0
853,131,69,65.5,2.62,1.38,65.5,34.5,262.0,34.26180201386164,284,0.0
854,131,69,65.5,2.62,1.38,65.5,34.5,262.0,34.26180201386164,285,0.0
855,131,69,65.5,2.62,1.38,65.5,34.5,262.0,34.26180201386164,286,0.0
856,131,69,65.5,2.62,1.38,65.5,34.5,262.0,34.26180201386164,286,0.0
857,131,69,65.5,2.62,1.38,65.5,34.5,262.0,34.26180201386164,287,0.0
858,131,69,65.5,2.62,1.38,65.5,34.5,262.0,34.26180201386164,288,0.0
859,131,69,65.5,2.62,1.38,65.5,34.5,262.0,34.26180201386164,289,0.0
860,131,69,65.5,2.62,1.38,65.5,34.5,262.0,34.26180201386164,290,0.0
861,131,69,65.5,2.62,1.38,65.5,34.5,262.0,34.26180201386164,291,0.0
862,131,69,65.5,2.62,1.38,65.5,34.5,262.0,34.26180201386164,292,0.0
863,131,69,65.5,2.62,1.38,65.5,34.5,262.0,34.26180201386164,293,0.0
864,131,69,65.5,2.62,1.38,65.5,34.5,262.0,34.26180201386164,294,0.0
865,131,69,65.5,2.62,1.38,65.5,34.5,262.0,34.26180201386164,294,0.0
866,131,69,65.5,2.62,1.38,65.5,34.5,262.0,34.26180201386164,294,0.0
867,131,69,65.5,2.62,1.38,65.5,34.5,262.0,34.26180201386164,294,0.0
868,131,69,65.5,2.62,1.38,65.5,34.5,262.0,34.26180201386164,294,0.0
869,131,69,65.5,2.62,1.38,65.5,34.5,262.0,34.26180201386164,294,0.0
870,131,69,65.5,2.62,1.38,65.5,34.5,262.0,34.26180201386164,294,0.0
871,131,69,65.5,2.62,1.38,65.5,34.5,262.0,34.26180201386164,294,0.0
872,131,69,65.5,2.62,1.38,65.5,34.5,262.0,34.26180201386164,294,0.0
873,131,69,65.5,2.62,1.38,65.5,34.5,262.0,34.26180201386164,294,0.0
874,131,69,65.5,2.62,1.38,65.5,34.5,262.0,34.26180201386164,294,0.0
875,131,69,65.5,2.62,1.38,65.5,34.5,262.0,34.26180201386164,294,0.0
876,131,69,65.5,2.62,1.38,65.5,34.5,262.0,34.26180201386164,294,0.0
877,131,69,65.5,2.62,1.38,65.5,34.5,262.0,34.26180201386164,294,0.0
878,131,69,65.5,2.62,1.38,65.5,34.5,262.0,34.26180201386164,294,0.0
879,131,69,65.5,2.62,1.38,65.5,34.5,262.0,34.26180201386164,294,0.0
880,131,69,65.5,2.62,1.38,65.5,34.5,262.0,34.26180201386164,294,0.0
881,131,69,65.5,2.62,1.38,65.5,34.5,262.0,34.26180201386164,294,0.0
882,131,69,65.5,2.62,1.38,65.5,34.5,262.0,34.26180201386164,294,0.0
883,131,69,65.5,2.62,1.38,65.5,34.5,262.0,34.26180201386164,295,0.0
884,131,69,65.5,2.62,1.38,65.5,34.5,262.0,34.26180201386164,295,0.0
885,131,69,65.5,2.62,1.38,65.5,34.5,262.0,34.26180201386164,295,0.0
886,131,69,65.5,2.62,1.38,65.5,34.5,262.0,34.26180201386164,296,0.0
887,131,69,65.5,2.62,1.38,65.5,34.5,262.0,34.26180201386164,296,0.0
888,131,69,65.5,2.62,1.38,65.5,34.5,262.0,34.26180201386164,297,0.0
889,131,69,65.5,2.62,1.38,65.5,34.5,262.0,34.26180201386164,298,0.0
890,131,69,65.5,2.62,1.38,65.5,34.5,262.0,34.26180201386164,299,0.0
891,131,69,65.5,2.62,1.38,65.5,34.5,262.0,34.26180201386164,300,0.0
892,131,69,65.5,2.62,1.38,65.5,34.5,262.0,34.26180201386164,300,0.0
893,131,69,65.5,2.62,1.38,65.5,34.5,262.0,34.26180201386164,300,0.0
894,131,69,65.5,2.62,1.38,65.5,34.5,262.0,34.26180201386164,300,0.0
895,131,69,65.5,2.62,1.38,65.5,34.5,262.0,34.26180201386164,300,0.0
896,131,69,65.5,2.62,1.38,65.5,34.5,262.0,34.26180201386164,300,0.0
897,131,69,65.5,2.62,1.38,65.5,34.5,262.0,34.26180201386164,300,0.0
898,131,69,65.5,2.62,1.38,65.5,34.5,262.0,34.26180201386164,300,0.0
899,131,69,65.5,2.62,1.38,65.5,34.5,262.0,34.26180201386164,301,0.0
900,131,69,65.5,2.62,1.38,65.5,34.5,262.0,34.26180201386164,302,0.0
901,131,69,65.5,2.62,1.38,65.5,34.5,262.0,34.26180201386164,303,0.0
902,131,69,65.5,2.62,1.38,65.5,34.5,262.0,34.26180201386164,304,0.0
903,131,69,65.5,2.62,1.38,65.5,34.5,262.0,34.26180201386164,304,0.0
904,131,69,65.5,2.62,1.38,65.5,34.5,262.0,34.26180201386164,304,0.0
905,131,69,65.5,2.62,1.38,65.5,34.5,262.0,34.26180201386164,305,0.0
906,131,69,65.5,2.62,1.38,65.5,34.5,262.0,34.26180201386164,305,0.0
907,131,69,65.5,2.62,1.38,65.5,34.5,262.0,34.26180201386164,306,0.0
908,131,69,65.5,2.62,1.38,65.5,34.5,262.0,34.26180201386164,307,0.0
909,131,69,65.5,2.62,1.38,65.5,34.5,262.0,34.26180201386164,308,0.0
910,131,69,65.5,2.62,1.38,65.5,34.5,262.0,34.26180201386164,310,0.0
911,131,69,65.5,2.62,1.38,65.5,34.5,262.0,34.26180201386164,311,0.0
912,131,69,65.5,2.62,1.38,65.5,34.5,262.0,34.26180201386164,312,0.0
913,131,69,65.5,2.62,1.38,65.5,34.5,262.0,34.26180201386164,313,0.0
914,131,69,65.5,2.62,1.38,65.5,34.5,262.0,34.26180201386164,314,0.0
915,131,69,65.5,2.62,1.38,65.5,34.5,262.0,34.26180201386164,316,0.0
916,131,69,65.5,2.62,1.38,65.5,34.5,262.0,34.26180201386164,318,0.0
917,131,69,65.5,2.62,1.38,65.5,34.5,262.0,34.26180201386164,319,0.0
918,131,69,65.5,2.62,1.38,65.5,34.5,262.0,34.26180201386164,320,0.0
919,131,69,65.5,2.62,1.38,65.5,34.5,262.0,34.26180201386164,320,0.0
920,131,69,65.5,2.62,1.38,65.5,34.5,262.0,34.26180201386164,320,0.0
921,131,69,65.5,2.62,1.38,65.5,34.5,262.0,34.26180201386164,321,0.0
922,131,69,65.5,2.62,1.38,65.5,34.5,262.0,34.26180201386164,321,0.0
923,132,68,66.0,2.64,1.3599999999999999,66.0,33.99999999999999,264.0,34.5233424872499,323,2.0
924,132,68,66.0,2.64,1.3599999999999999,66.0,33.99999999999999,264.0,34.5233424872499,323,0.0
925,133,67,66.5,2.66,1.3399999999999999,66.5,33.49999999999999,266.0,34.78488296063816,324,2.0
926,133,67,66.5,2.66,1.3399999999999999,66.5,33.49999999999999,266.0,34.78488296063816,324,0.0
927,133,67,66.5,2.66,1.3399999999999999,66.5,33.49999999999999,266.0,34.78488296063816,324,0.0
928,133,67,66.5,2.66,1.3399999999999999,66.5,33.49999999999999,266.0,34.78488296063816,324,0.0
929,133,67,66.5,2.66,1.3399999999999999,66.5,33.49999999999999,266.0,34.78488296063816,324,0.0
930,133,67,66.5,2.66,1.3399999999999999,66.5,33.49999999999999,266.0,34.78488296063816,324,0.0
931,133,67,66.5,2.66,1.3399999999999999,66.5,33.49999999999999,266.0,34.78488296063816,324,0.0
932,133,67,66.5,2.66,1.3399999999999999,66.5,33.49999999999999,266.0,34.78488296063816,324,0.0
933,133,67,66.5,2.66,1.3399999999999999,66.5,33.49999999999999,266.0,34.78488296063816,324,0.0
934,133,67,66.5,2.66,1.3399999999999999,66.5,33.49999999999999,266.0,34.78488296063816,325,0.0
935,133,67,66.5,2.66,1.3399999999999999,66.5,33.49999999999999,266.0,34.78488296063816,327,0.0
936,133,67,66.5,2.66,1.3399999999999999,66.5,33.49999999999999,266.0,34.78488296063816,327,0.0
937,133,67,66.5,2.66,1.3399999999999999,66.5,33.49999999999999,266.0,34.78488296063816,327,0.0
938,133,67,66.5,2.66,1.3399999999999999,66.5,33.49999999999999,266.0,34.78488296063816,327,0.0
939,133,67,66.5,2.66,1.3399999999999999,66.5,33.49999999999999,266.0,34.78488296063816,328,0.0
940,133,67,66.5,2.66,1.3399999999999999,66.5,33.49999999999999,266.0,34.78488296063816,328,0.0
941,133,67,66.5,2.66,1.3399999999999999,66.5,33.49999999999999,266.0,34.78488296063816,328,0.0
942,133,67,66.5,2.66,1.3399999999999999,66.5,33.49999999999999,266.0,34.78488296063816,328,0.0
943,133,67,66.5,2.66,1.3399999999999999,66.5,33.49999999999999,266.0,34.78488296063816,328,0.0
944,133,67,66.5,2.66,1.3399999999999999,66.5,33.49999999999999,266.0,34.78488296063816,328,0.0
945,133,67,66.5,2.66,1.3399999999999999,66.5,33.49999999999999,266.0,34.78488296063816,328,0.0
946,133,67,66.5,2.66,1.3399999999999999,66.5,33.49999999999999,266.0,34.78488296063816,329,0.0
947,133,67,66.5,2.66,1.3399999999999999,66.5,33.49999999999999,266.0,34.78488296063816,329,0.0
948,133,67,66.5,2.66,1.3399999999999999,66.5,33.49999999999999,266.0,34.78488296063816,329,0.0
949,133,67,66.5,2.66,1.3399999999999999,66.5,33.49999999999999,266.0,34.78488296063816,329,0.0
950,133,67,66.5,2.66,1.3399999999999999,66.5,33.49999999999999,266.0,34.78488296063816,329,0.0
951,133,67,66.5,2.66,1.3399999999999999,66.5,33.49999999999999,266.0,34.78488296063816,329,0.0
952,133,67,66.5,2.66,1.3399999999999999,66.5,33.49999999999999,266.0,34.78488296063816,329,0.0
953,133,67,66.5,2.66,1.3399999999999999,66.5,33.49999999999999,266.0,34.78488296063816,330,0.0
954,133,67,66.5,2.66,1.3399999999999999,66.5,33.49999999999999,266.0,34.78488296063816,331,0.0
955,133,67,66.5,2.66,1.3399999999999999,66.5,33.49999999999999,266.0,34.78488296063816,332,0.0
956,133,67,66.5,2.66,1.3399999999999999,66.5,33.49999999999999,266.0,34.78488296063816,333,0.0
957,133,67,66.5,2.66,1.3399999999999999,66.5,33.49999999999999,266.0,34.78488296063816,334,0.0
958,133,67,66.5,2.66,1.3399999999999999,66.5,33.49999999999999,266.0,34.78488296063816,335,0.0
959,133,67,66.5,2.66,1.3399999999999999,66.5,33.49999999999999,266.0,34.78488296063816,337,0.0
960,133,67,66.5,2.66,1.3399999999999999,66.5,33.49999999999999,266.0,34.78488296063816,337,0.0
961,133,67,66.5,2.66,1.3399999999999999,66.5,33.49999999999999,266.0,34.78488296063816,337,0.0
962,133,67,66.5,2.66,1.3399999999999999,66.5,33.49999999999999,266.0,34.78488296063816,337,0.0
963,133,67,66.5,2.66,1.3399999999999999,66.5,33.49999999999999,266.0,34.78488296063816,337,0.0
964,133,67,66.5,2.66,1.3399999999999999,66.5,33.49999999999999,266.0,34.78488296063816,337,0.0
965,133,67,66.5,2.66,1.3399999999999999,66.5,33.49999999999999,266.0,34.78488296063816,338,0.0
966,133,67,66.5,2.66,1.3399999999999999,66.5,33.49999999999999,266.0,34.78488296063816,339,0.0
967,133,67,66.5,2.66,1.3399999999999999,66.5,33.49999999999999,266.0,34.78488296063816,339,0.0
968,133,67,66.5,2.66,1.3399999999999999,66.5,33.49999999999999,266.0,34.78488296063816,340,0.0
969,133,67,66.5,2.66,1.3399999999999999,66.5,33.49999999999999,266.0,34.78488296063816,341,0.0
970,133,67,66.5,2.66,1.3399999999999999,66.5,33.49999999999999,266.0,34.78488296063816,341,0.0
971,133,67,66.5,2.66,1.3399999999999999,66.5,33.49999999999999,266.0,34.78488296063816,341,0.0
972,133,67,66.5,2.66,1.3399999999999999,66.5,33.49999999999999,266.0,34.78488296063816,341,0.0
973,133,67,66.5,2.66,1.3399999999999999,66.5,33.49999999999999,266.0,34.78488296063816,341,0.0
974,133,67,66.5,2.66,1.3399999999999999,66.5,33.49999999999999,266.0,34.78488296063816,341,0.0
975,133,67,66.5,2.66,1.3399999999999999,66.5,33.49999999999999,266.0,34.78488296063816,341,0.0
976,133,67,66.5,2.66,1.3399999999999999,66.5,33.49999999999999,266.0,34.78488296063816,341,0.0
977,133,67,66.5,2.66,1.3399999999999999,66.5,33.49999999999999,266.0,34.78488296063816,341,0.0
978,133,67,66.5,2.66,1.3399999999999999,66.5,33.49999999999999,266.0,34.78488296063816,341,0.0
979,133,67,66.5,2.66,1.3399999999999999,66.5,33.49999999999999,266.0,34.78488296063816,341,0.0
980,133,67,66.5,2.66,1.3399999999999999,66.5,33.49999999999999,266.0,34.78488296063816,341,0.0
981,133,67,66.5,2.66,1.3399999999999999,66.5,33.49999999999999,266.0,34.78488296063816,341,0.0
982,133,67,66.5,2.66,1.3399999999999999,66.5,33.49999999999999,266.0,34.78488296063816,341,0.0
983,133,67,66.5,2.66,1.3399999999999999,66.5,33.49999999999999,266.0,34.78488296063816,341,0.0
984,133,67,66.5,2.66,1.3399999999999999,66.5,33.49999999999999,266.0,34.78488296063816,341,0.0
985,133,67,66.5,2.66,1.3399999999999999,66.5,33.49999999999999,266.0,34.78488296063816,341,0.0
986,133,67,66.5,2.66,1.3399999999999999,66.5,33.49999999999999,266.0,34.78488296063816,341,0.0
987,133,67,66.5,2.66,1.3399999999999999,66.5,33.49999999999999,266.0,34.78488296063816,341,0.0
988,133,67,66.5,2.66,1.3399999999999999,66.5,33.49999999999999,266.0,34.78488296063816,341,0.0
989,133,67,66.5,2.66,1.3399999999999999,66.5,33.49999999999999,266.0,34.78488296063816,341,0.0
990,133,67,66.5,2.66,1.3399999999999999,66.5,33.49999999999999,266.0,34.78488296063816,341,0.0
991,133,67,66.5,2.66,1.3399999999999999,66.5,33.49999999999999,266.0,34.78488296063816,341,0.0
992,133,67,66.5,2.66,1.3399999999999999,66.5,33.49999999999999,266.0,34.78488296063816,341,0.0
993,133,67,66.5,2.66,1.3399999999999999,66.5,33.49999999999999,266.0,34.78488296063816,341,0.0
994,133,67,66.5,2.66,1.3399999999999999,66.5,33.49999999999999,266.0,34.78488296063816,341,0.0
995,133,67,66.5,2.66,1.3399999999999999,66.5,33.49999999999999,266.0,34.78488296063816,341,0.0
996,133,67,66.5,2.66,1.3399999999999999,66.5,33.49999999999999,266.0,34.78488296063816,341,0.0
997,133,67,66.5,2.66,1.3399999999999999,66.5,33.49999999999999,266.0,34.78488296063816,341,0.0
998,133,67,66.5,2.66,1.3399999999999999,66.5,33.49999999999999,266.0,34.78488296063816,342,0.0
999,133,67,66.5,2.66,1.3399999999999999,66.5,33.49999999999999,266.0,34.78488296063816,342,0.0
1000,133,67,66.5,2.66,1.3399999999999999,66.5,33.49999999999999,266.0,34.78488296063816,342,0.0
1001,133,67,66.5,2.66,1.3399999999999999,66.5,33.49999999999999,266.0,34.78488296063816,342,0.0
1002,133,67,66.5,2.66,1.3399999999999999,66.5,33.49999999999999,266.0,34.78488296063816,343,0.0
1003,133,67,66.5,2.66,1.3399999999999999,66.5,33.49999999999999,266.0,34.78488296063816,343,0.0
1004,133,67,66.5,2.66,1.3399999999999999,66.5,33.49999999999999,266.0,34.78488296063816,343,0.0
1005,133,67,66.5,2.66,1.3399999999999999,66.5,33.49999999999999,266.0,34.78488296063816,343,0.0
1006,133,67,66.5,2.66,1.3399999999999999,66.5,33.49999999999999,266.0,34.78488296063816,343,0.0
1007,133,67,66.5,2.66,1.3399999999999999,66.5,33.49999999999999,266.0,34.78488296063816,343,0.0
1008,133,67,66.5,2.66,1.3399999999999999,66.5,33.49999999999999,266.0,34.78488296063816,343,0.0
1009,133,67,66.5,2.66,1.3399999999999999,66.5,33.49999999999999,266.0,34.78488296063816,344,0.0
1010,133,67,66.5,2.66,1.3399999999999999,66.5,33.49999999999999,266.0,34.78488296063816,344,0.0
1011,133,67,66.5,2.66,1.3399999999999999,66.5,33.49999999999999,266.0,34.78488296063816,344,0.0
1012,133,67,66.5,2.66,1.3399999999999999,66.5,33.49999999999999,266.0,34.78488296063816,344,0.0
1013,133,67,66.5,2.66,1.3399999999999999,66.5,33.49999999999999,266.0,34.78488296063816,344,0.0
1014,133,67,66.5,2.66,1.3399999999999999,66.5,33.49999999999999,266.0,34.78488296063816,344,0.0
1015,133,67,66.5,2.66,1.3399999999999999,66.5,33.49999999999999,266.0,34.78488296063816,344,0.0
1016,133,67,66.5,2.66,1.3399999999999999,66.5,33.49999999999999,266.0,34.78488296063816,344,0.0
1017,134,66,67.0,2.68,1.3199999999999998,67.0,32.99999999999999,268.0,35.046423434026416,345,2.0
1018,134,66,67.0,2.68,1.3199999999999998,67.0,32.99999999999999,268.0,35.046423434026416,345,0.0
1019,134,66,67.0,2.68,1.3199999999999998,67.0,32.99999999999999,268.0,35.046423434026416,345,0.0
1020,134,66,67.0,2.68,1.3199999999999998,67.0,32.99999999999999,268.0,35.046423434026416,345,0.0
1021,134,66,67.0,2.68,1.3199999999999998,67.0,32.99999999999999,268.0,35.046423434026416,345,0.0
1022,134,66,67.0,2.68,1.3199999999999998,67.0,32.99999999999999,268.0,35.046423434026416,345,0.0
1023,134,66,67.0,2.68,1.3199999999999998,67.0,32.99999999999999,268.0,35.046423434026416,345,0.0
1024,134,66,67.0,2.68,1.3199999999999998,67.0,32.99999999999999,268.0,35.046423434026416,345,0.0
1025,134,66,67.0,2.68,1.3199999999999998,67.0,32.99999999999999,268.0,35.046423434026416,345,0.0
1026,134,66,67.0,2.68,1.3199999999999998,67.0,32.99999999999999,268.0,35.046423434026416,345,0.0
1027,134,66,67.0,2.68,1.3199999999999998,67.0,32.99999999999999,268.0,35.046423434026416,345,0.0
1028,134,66,67.0,2.68,1.3199999999999998,67.0,32.99999999999999,268.0,35.046423434026416,345,0.0
1029,134,66,67.0,2.68,1.3199999999999998,67.0,32.99999999999999,268.0,35.046423434026416,345,0.0
1030,134,66,67.0,2.68,1.3199999999999998,67.0,32.99999999999999,268.0,35.046423434026416,345,0.0
1031,134,66,67.0,2.68,1.3199999999999998,67.0,32.99999999999999,268.0,35.046423434026416,345,0.0
1032,134,66,67.0,2.68,1.3199999999999998,67.0,32.99999999999999,268.0,35.046423434026416,345,0.0
1033,134,66,67.0,2.68,1.3199999999999998,67.0,32.99999999999999,268.0,35.046423434026416,345,0.0
1034,134,66,67.0,2.68,1.3199999999999998,67.0,32.99999999999999,268.0,35.046423434026416,345,0.0
1035,134,66,67.0,2.68,1.3199999999999998,67.0,32.99999999999999,268.0,35.046423434026416,345,0.0
1036,134,66,67.0,2.68,1.3199999999999998,67.0,32.99999999999999,268.0,35.046423434026416,345,0.0
1037,134,66,67.0,2.68,1.3199999999999998,67.0,32.99999999999999,268.0,35.046423434026416,345,0.0
1038,134,66,67.0,2.68,1.3199999999999998,67.0,32.99999999999999,268.0,35.046423434026416,345,0.0
1039,134,66,67.0,2.68,1.3199999999999998,67.0,32.99999999999999,268.0,35.046423434026416,345,0.0
1040,134,66,67.0,2.68,1.3199999999999998,67.0,32.99999999999999,268.0,35.046423434026416,345,0.0
1041,134,66,67.0,2.68,1.3199999999999998,67.0,32.99999999999999,268.0,35.046423434026416,345,0.0
1042,134,66,67.0,2.68,1.3199999999999998,67.0,32.99999999999999,268.0,35.046423434026416,345,0.0
1043,134,66,67.0,2.68,1.3199999999999998,67.0,32.99999999999999,268.0,35.046423434026416,345,0.0
1044,134,66,67.0,2.68,1.3199999999999998,67.0,32.99999999999999,268.0,35.046423434026416,345,0.0
1045,134,66,67.0,2.68,1.3199999999999998,67.0,32.99999999999999,268.0,35.046423434026416,345,0.0
1046,134,66,67.0,2.68,1.3199999999999998,67.0,32.99999999999999,268.0,35.046423434026416,345,0.0
1047,134,66,67.0,2.68,1.3199999999999998,67.0,32.99999999999999,268.0,35.046423434026416,345,0.0
1048,134,66,67.0,2.68,1.3199999999999998,67.0,32.99999999999999,268.0,35.046423434026416,345,0.0
1049,134,66,67.0,2.68,1.3199999999999998,67.0,32.99999999999999,268.0,35.046423434026416,345,0.0
1050,134,66,67.0,2.68,1.3199999999999998,67.0,32.99999999999999,268.0,35.046423434026416,345,0.0
1051,134,66,67.0,2.68,1.3199999999999998,67.0,32.99999999999999,268.0,35.046423434026416,345,0.0
1052,134,66,67.0,2.68,1.3199999999999998,67.0,32.99999999999999,268.0,35.046423434026416,345,0.0
1053,134,66,67.0,2.68,1.3199999999999998,67.0,32.99999999999999,268.0,35.046423434026416,345,0.0
1054,134,66,67.0,2.68,1.3199999999999998,67.0,32.99999999999999,268.0,35.046423434026416,345,0.0
1055,134,66,67.0,2.68,1.3199999999999998,67.0,32.99999999999999,268.0,35.046423434026416,345,0.0
1056,134,66,67.0,2.68,1.3199999999999998,67.0,32.99999999999999,268.0,35.046423434026416,345,0.0
1057,134,66,67.0,2.68,1.3199999999999998,67.0,32.99999999999999,268.0,35.046423434026416,345,0.0
1058,134,66,67.0,2.68,1.3199999999999998,67.0,32.99999999999999,268.0,35.046423434026416,345,0.0
1059,134,66,67.0,2.68,1.3199999999999998,67.0,32.99999999999999,268.0,35.046423434026416,345,0.0
1060,134,66,67.0,2.68,1.3199999999999998,67.0,32.99999999999999,268.0,35.046423434026416,345,0.0
1061,134,66,67.0,2.68,1.3199999999999998,67.0,32.99999999999999,268.0,35.046423434026416,345,0.0
1062,134,66,67.0,2.68,1.3199999999999998,67.0,32.99999999999999,268.0,35.046423434026416,346,0.0
1063,134,66,67.0,2.68,1.3199999999999998,67.0,32.99999999999999,268.0,35.046423434026416,346,0.0
1064,134,66,67.0,2.68,1.3199999999999998,67.0,32.99999999999999,268.0,35.046423434026416,346,0.0
1065,134,66,67.0,2.68,1.3199999999999998,67.0,32.99999999999999,268.0,35.046423434026416,346,0.0
1066,134,66,67.0,2.68,1.3199999999999998,67.0,32.99999999999999,268.0,35.046423434026416,346,0.0
1067,134,66,67.0,2.68,1.3199999999999998,67.0,32.99999999999999,268.0,35.046423434026416,346,0.0
1068,134,66,67.0,2.68,1.3199999999999998,67.0,32.99999999999999,268.0,35.046423434026416,346,0.0
1069,134,66,67.0,2.68,1.3199999999999998,67.0,32.99999999999999,268.0,35.046423434026416,346,0.0
1070,134,66,67.0,2.68,1.3199999999999998,67.0,32.99999999999999,268.0,35.046423434026416,346,0.0
1071,134,66,67.0,2.68,1.3199999999999998,67.0,32.99999999999999,268.0,35.046423434026416,346,0.0
1072,134,66,67.0,2.68,1.3199999999999998,67.0,32.99999999999999,268.0,35.046423434026416,346,0.0
1073,134,66,67.0,2.68,1.3199999999999998,67.0,32.99999999999999,268.0,35.046423434026416,346,0.0
1074,134,66,67.0,2.68,1.3199999999999998,67.0,32.99999999999999,268.0,35.046423434026416,346,0.0
1075,134,66,67.0,2.68,1.3199999999999998,67.0,32.99999999999999,268.0,35.046423434026416,346,0.0
1076,134,66,67.0,2.68,1.3199999999999998,67.0,32.99999999999999,268.0,35.046423434026416,346,0.0
1077,134,66,67.0,2.68,1.3199999999999998,67.0,32.99999999999999,268.0,35.046423434026416,346,0.0
1078,134,66,67.0,2.68,1.3199999999999998,67.0,32.99999999999999,268.0,35.046423434026416,346,0.0
1079,134,66,67.0,2.68,1.3199999999999998,67.0,32.99999999999999,268.0,35.046423434026416,346,0.0
1080,134,66,67.0,2.68,1.3199999999999998,67.0,32.99999999999999,268.0,35.046423434026416,346,0.0
1081,134,66,67.0,2.68,1.3199999999999998,67.0,32.99999999999999,268.0,35.046423434026416,346,0.0
1082,134,66,67.0,2.68,1.3199999999999998,67.0,32.99999999999999,268.0,35.046423434026416,346,0.0
1083,134,66,67.0,2.68,1.3199999999999998,67.0,32.99999999999999,268.0,35.046423434026416,346,0.0
1084,134,66,67.0,2.68,1.3199999999999998,67.0,32.99999999999999,268.0,35.046423434026416,346,0.0
1085,134,66,67.0,2.68,1.3199999999999998,67.0,32.99999999999999,268.0,35.046423434026416,346,0.0
1086,134,66,67.0,2.68,1.3199999999999998,67.0,32.99999999999999,268.0,35.046423434026416,346,0.0
1087,134,66,67.0,2.68,1.3199999999999998,67.0,32.99999999999999,268.0,35.046423434026416,346,0.0
1088,134,66,67.0,2.68,1.3199999999999998,67.0,32.99999999999999,268.0,35.046423434026416,346,0.0
1089,134,66,67.0,2.68,1.3199999999999998,67.0,32.99999999999999,268.0,35.046423434026416,346,0.0
1090,134,66,67.0,2.68,1.3199999999999998,67.0,32.99999999999999,268.0,35.046423434026416,346,0.0
1091,134,66,67.0,2.68,1.3199999999999998,67.0,32.99999999999999,268.0,35.046423434026416,346,0.0
1092,134,66,67.0,2.68,1.3199999999999998,67.0,32.99999999999999,268.0,35.046423434026416,346,0.0
1093,134,66,67.0,2.68,1.3199999999999998,67.0,32.99999999999999,268.0,35.046423434026416,346,0.0
1094,135,65,67.5,2.7,1.2999999999999998,67.5,32.49999999999999,270.0,35.30796390741467,347,2.0
1095,136,64,68.0,2.72,1.2799999999999998,68.0,31.999999999999993,272.0,35.56950438080293,348,2.0
1096,136,64,68.0,2.72,1.2799999999999998,68.0,31.999999999999993,272.0,35.56950438080293,348,0.0
1097,136,64,68.0,2.72,1.2799999999999998,68.0,31.999999999999993,272.0,35.56950438080293,349,0.0
1098,136,64,68.0,2.72,1.2799999999999998,68.0,31.999999999999993,272.0,35.56950438080293,351,0.0
1099,136,64,68.0,2.72,1.2799999999999998,68.0,31.999999999999993,272.0,35.56950438080293,352,0.0
1100,136,64,68.0,2.72,1.2799999999999998,68.0,31.999999999999993,272.0,35.56950438080293,354,0.0
1101,136,64,68.0,2.72,1.2799999999999998,68.0,31.999999999999993,272.0,35.56950438080293,355,0.0
1102,136,64,68.0,2.72,1.2799999999999998,68.0,31.999999999999993,272.0,35.56950438080293,356,0.0
1103,136,64,68.0,2.72,1.2799999999999998,68.0,31.999999999999993,272.0,35.56950438080293,356,0.0
1104,136,64,68.0,2.72,1.2799999999999998,68.0,31.999999999999993,272.0,35.56950438080293,357,0.0
1105,136,64,68.0,2.72,1.2799999999999998,68.0,31.999999999999993,272.0,35.56950438080293,359,0.0
1106,136,64,68.0,2.72,1.2799999999999998,68.0,31.999999999999993,272.0,35.56950438080293,360,0.0
1107,136,64,68.0,2.72,1.2799999999999998,68.0,31.999999999999993,272.0,35.56950438080293,360,0.0
1108,137,63,68.5,2.74,1.2599999999999998,68.5,31.499999999999993,274.0,35.831044854191184,361,2.0
1109,137,63,68.5,2.74,1.2599999999999998,68.5,31.499999999999993,274.0,35.831044854191184,361,0.0
1110,137,63,68.5,2.74,1.2599999999999998,68.5,31.499999999999993,274.0,35.831044854191184,361,0.0
1111,137,63,68.5,2.74,1.2599999999999998,68.5,31.499999999999993,274.0,35.831044854191184,362,0.0
1112,137,63,68.5,2.74,1.2599999999999998,68.5,31.499999999999993,274.0,35.831044854191184,363,0.0
1113,137,63,68.5,2.74,1.2599999999999998,68.5,31.499999999999993,274.0,35.831044854191184,364,0.0
1114,137,63,68.5,2.74,1.2599999999999998,68.5,31.499999999999993,274.0,35.831044854191184,365,0.0
1115,137,63,68.5,2.74,1.2599999999999998,68.5,31.499999999999993,274.0,35.831044854191184,365,0.0
1116,137,63,68.5,2.74,1.2599999999999998,68.5,31.499999999999993,274.0,35.831044854191184,365,0.0
1117,137,63,68.5,2.74,1.2599999999999998,68.5,31.499999999999993,274.0,35.831044854191184,365,0.0
1118,137,63,68.5,2.74,1.2599999999999998,68.5,31.499999999999993,274.0,35.831044854191184,365,0.0
1119,137,63,68.5,2.74,1.2599999999999998,68.5,31.499999999999993,274.0,35.831044854191184,365,0.0
1120,137,63,68.5,2.74,1.2599999999999998,68.5,31.499999999999993,274.0,35.831044854191184,365,0.0
1121,137,63,68.5,2.74,1.2599999999999998,68.5,31.499999999999993,274.0,35.831044854191184,366,0.0
1122,137,63,68.5,2.74,1.2599999999999998,68.5,31.499999999999993,274.0,35.831044854191184,367,0.0
1123,137,63,68.5,2.74,1.2599999999999998,68.5,31.499999999999993,274.0,35.831044854191184,367,0.0
1124,137,63,68.5,2.74,1.2599999999999998,68.5,31.499999999999993,274.0,35.831044854191184,367,0.0
1125,137,63,68.5,2.74,1.2599999999999998,68.5,31.499999999999993,274.0,35.831044854191184,367,0.0
1126,137,63,68.5,2.74,1.2599999999999998,68.5,31.499999999999993,274.0,35.831044854191184,367,0.0
1127,137,63,68.5,2.74,1.2599999999999998,68.5,31.499999999999993,274.0,35.831044854191184,368,0.0
1128,137,63,68.5,2.74,1.2599999999999998,68.5,31.499999999999993,274.0,35.831044854191184,368,0.0
1129,137,63,68.5,2.74,1.2599999999999998,68.5,31.499999999999993,274.0,35.831044854191184,368,0.0
1130,137,63,68.5,2.74,1.2599999999999998,68.5,31.499999999999993,274.0,35.831044854191184,368,0.0
1131,137,63,68.5,2.74,1.2599999999999998,68.5,31.499999999999993,274.0,35.831044854191184,369,0.0
1132,137,63,68.5,2.74,1.2599999999999998,68.5,31.499999999999993,274.0,35.831044854191184,369,0.0
1133,137,63,68.5,2.74,1.2599999999999998,68.5,31.499999999999993,274.0,35.831044854191184,369,0.0
1134,137,63,68.5,2.74,1.2599999999999998,68.5,31.499999999999993,274.0,35.831044854191184,369,0.0
1135,137,63,68.5,2.74,1.2599999999999998,68.5,31.499999999999993,274.0,35.831044854191184,369,0.0
1136,138,62,69.0,2.7600000000000002,1.2399999999999998,69.0,30.999999999999993,276.0,36.09258532757944,370,2.0
1137,138,62,69.0,2.7600000000000002,1.2399999999999998,69.0,30.999999999999993,276.0,36.09258532757944,371,0.0
1138,138,62,69.0,2.7600000000000002,1.2399999999999998,69.0,30.999999999999993,276.0,36.09258532757944,371,0.0
1139,138,62,69.0,2.7600000000000002,1.2399999999999998,69.0,30.999999999999993,276.0,36.09258532757944,372,0.0
1140,138,62,69.0,2.7600000000000002,1.2399999999999998,69.0,30.999999999999993,276.0,36.09258532757944,372,0.0
1141,138,62,69.0,2.7600000000000002,1.2399999999999998,69.0,30.999999999999993,276.0,36.09258532757944,372,0.0
1142,138,62,69.0,2.7600000000000002,1.2399999999999998,69.0,30.999999999999993,276.0,36.09258532757944,372,0.0
1143,138,62,69.0,2.7600000000000002,1.2399999999999998,69.0,30.999999999999993,276.0,36.09258532757944,373,0.0
1144,138,62,69.0,2.7600000000000002,1.2399999999999998,69.0,30.999999999999993,276.0,36.09258532757944,374,0.0
1145,139,61,69.5,2.7800000000000002,1.2199999999999998,69.5,30.499999999999993,278.0,36.354125800967694,376,2.0
1146,139,61,69.5,2.7800000000000002,1.2199999999999998,69.5,30.499999999999993,278.0,36.354125800967694,377,0.0
1147,139,61,69.5,2.7800000000000002,1.2199999999999998,69.5,30.499999999999993,278.0,36.354125800967694,378,0.0
1148,139,61,69.5,2.7800000000000002,1.2199999999999998,69.5,30.499999999999993,278.0,36.354125800967694,379,0.0
1149,139,61,69.5,2.7800000000000002,1.2199999999999998,69.5,30.499999999999993,278.0,36.354125800967694,380,0.0
1150,139,61,69.5,2.7800000000000002,1.2199999999999998,69.5,30.499999999999993,278.0,36.354125800967694,381,0.0
1151,139,61,69.5,2.7800000000000002,1.2199999999999998,69.5,30.499999999999993,278.0,36.354125800967694,382,0.0
1152,139,61,69.5,2.7800000000000002,1.2199999999999998,69.5,30.499999999999993,278.0,36.354125800967694,383,0.0
1153,139,61,69.5,2.7800000000000002,1.2199999999999998,69.5,30.499999999999993,278.0,36.354125800967694,384,0.0
1154,139,61,69.5,2.7800000000000002,1.2199999999999998,69.5,30.499999999999993,278.0,36.354125800967694,385,0.0
1155,139,61,69.5,2.7800000000000002,1.2199999999999998,69.5,30.499999999999993,278.0,36.354125800967694,386,0.0
1156,139,61,69.5,2.7800000000000002,1.2199999999999998,69.5,30.499999999999993,278.0,36.354125800967694,387,0.0
1157,139,61,69.5,2.7800000000000002,1.2199999999999998,69.5,30.499999999999993,278.0,36.354125800967694,387,0.0
1158,139,61,69.5,2.7800000000000002,1.2199999999999998,69.5,30.499999999999993,278.0,36.354125800967694,387,0.0
1159,139,61,69.5,2.7800000000000002,1.2199999999999998,69.5,30.499999999999993,278.0,36.354125800967694,387,0.0
1160,139,61,69.5,2.7800000000000002,1.2199999999999998,69.5,30.499999999999993,278.0,36.354125800967694,387,0.0
1161,139,61,69.5,2.7800000000000002,1.2199999999999998,69.5,30.499999999999993,278.0,36.354125800967694,387,0.0
1162,139,61,69.5,2.7800000000000002,1.2199999999999998,69.5,30.499999999999993,278.0,36.354125800967694,387,0.0
1163,139,61,69.5,2.7800000000000002,1.2199999999999998,69.5,30.499999999999993,278.0,36.354125800967694,387,0.0
1164,139,61,69.5,2.7800000000000002,1.2199999999999998,69.5,30.499999999999993,278.0,36.354125800967694,387,0.0
1165,139,61,69.5,2.7800000000000002,1.2199999999999998,69.5,30.499999999999993,278.0,36.354125800967694,387,0.0
1166,139,61,69.5,2.7800000000000002,1.2199999999999998,69.5,30.499999999999993,278.0,36.354125800967694,387,0.0
1167,139,61,69.5,2.7800000000000002,1.2199999999999998,69.5,30.499999999999993,278.0,36.354125800967694,387,0.0
1168,139,61,69.5,2.7800000000000002,1.2199999999999998,69.5,30.499999999999993,278.0,36.354125800967694,387,0.0
1169,139,61,69.5,2.7800000000000002,1.2199999999999998,69.5,30.499999999999993,278.0,36.354125800967694,387,0.0
1170,139,61,69.5,2.7800000000000002,1.2199999999999998,69.5,30.499999999999993,278.0,36.354125800967694,387,0.0
1171,139,61,69.5,2.7800000000000002,1.2199999999999998,69.5,30.499999999999993,278.0,36.354125800967694,387,0.0
1172,139,61,69.5,2.7800000000000002,1.2199999999999998,69.5,30.499999999999993,278.0,36.354125800967694,387,0.0
1173,139,61,69.5,2.7800000000000002,1.2199999999999998,69.5,30.499999999999993,278.0,36.354125800967694,387,0.0
1174,139,61,69.5,2.7800000000000002,1.2199999999999998,69.5,30.499999999999993,278.0,36.354125800967694,387,0.0
1175,139,61,69.5,2.7800000000000002,1.2199999999999998,69.5,30.499999999999993,278.0,36.354125800967694,387,0.0
1176,139,61,69.5,2.7800000000000002,1.2199999999999998,69.5,30.499999999999993,278.0,36.354125800967694,387,0.0
1177,139,61,69.5,2.7800000000000002,1.2199999999999998,69.5,30.499999999999993,278.0,36.354125800967694,387,0.0
1178,139,61,69.5,2.7800000000000002,1.2199999999999998,69.5,30.499999999999993,278.0,36.354125800967694,387,0.0
1179,139,61,69.5,2.7800000000000002,1.2199999999999998,69.5,30.499999999999993,278.0,36.354125800967694,387,0.0
1180,139,61,69.5,2.7800000000000002,1.2199999999999998,69.5,30.499999999999993,278.0,36.354125800967694,387,0.0
1181,139,61,69.5,2.7800000000000002,1.2199999999999998,69.5,30.499999999999993,278.0,36.354125800967694,387,0.0
1182,139,61,69.5,2.7800000000000002,1.2199999999999998,69.5,30.499999999999993,278.0,36.354125800967694,387,0.0
1183,139,61,69.5,2.7800000000000002,1.2199999999999998,69.5,30.499999999999993,278.0,36.354125800967694,387,0.0
1184,139,61,69.5,2.7800000000000002,1.2199999999999998,69.5,30.499999999999993,278.0,36.354125800967694,387,0.0
1185,139,61,69.5,2.7800000000000002,1.2199999999999998,69.5,30.499999999999993,278.0,36.354125800967694,387,0.0
1186,140,60,70.0,2.8000000000000003,1.1999999999999997,70.0,29.999999999999993,280.0,36.61566627435596,388,2.0
1187,140,60,70.0,2.8000000000000003,1.1999999999999997,70.0,29.999999999999993,280.0,36.61566627435596,388,0.0
1188,140,60,70.0,2.8000000000000003,1.1999999999999997,70.0,29.999999999999993,280.0,36.61566627435596,388,0.0
1189,140,60,70.0,2.8000000000000003,1.1999999999999997,70.0,29.999999999999993,280.0,36.61566627435596,388,0.0
1190,140,60,70.0,2.8000000000000003,1.1999999999999997,70.0,29.999999999999993,280.0,36.61566627435596,388,0.0
1191,140,60,70.0,2.8000000000000003,1.1999999999999997,70.0,29.999999999999993,280.0,36.61566627435596,388,0.0
1192,140,60,70.0,2.8000000000000003,1.1999999999999997,70.0,29.999999999999993,280.0,36.61566627435596,388,0.0
1193,140,60,70.0,2.8000000000000003,1.1999999999999997,70.0,29.999999999999993,280.0,36.61566627435596,388,0.0
1194,140,60,70.0,2.8000000000000003,1.1999999999999997,70.0,29.999999999999993,280.0,36.61566627435596,388,0.0
1195,140,60,70.0,2.8000000000000003,1.1999999999999997,70.0,29.999999999999993,280.0,36.61566627435596,388,0.0
1196,140,60,70.0,2.8000000000000003,1.1999999999999997,70.0,29.999999999999993,280.0,36.61566627435596,388,0.0
1197,140,60,70.0,2.8000000000000003,1.1999999999999997,70.0,29.999999999999993,280.0,36.61566627435596,388,0.0
1198,140,60,70.0,2.8000000000000003,1.1999999999999997,70.0,29.999999999999993,280.0,36.61566627435596,388,0.0
1199,140,60,70.0,2.8000000000000003,1.1999999999999997,70.0,29.999999999999993,280.0,36.61566627435596,388,0.0
1200,140,60,70.0,2.8000000000000003,1.1999999999999997,70.0,29.999999999999993,280.0,36.61566627435596,388,0.0
1201,140,60,70.0,2.8000000000000003,1.1999999999999997,70.0,29.999999999999993,280.0,36.61566627435596,388,0.0
1202,140,60,70.0,2.8000000000000003,1.1999999999999997,70.0,29.999999999999993,280.0,36.61566627435596,388,0.0
1203,140,60,70.0,2.8000000000000003,1.1999999999999997,70.0,29.999999999999993,280.0,36.61566627435596,388,0.0
1204,140,60,70.0,2.8000000000000003,1.1999999999999997,70.0,29.999999999999993,280.0,36.61566627435596,388,0.0
1205,140,60,70.0,2.8000000000000003,1.1999999999999997,70.0,29.999999999999993,280.0,36.61566627435596,388,0.0
1206,140,60,70.0,2.8000000000000003,1.1999999999999997,70.0,29.999999999999993,280.0,36.61566627435596,388,0.0
1207,140,60,70.0,2.8000000000000003,1.1999999999999997,70.0,29.999999999999993,280.0,36.61566627435596,388,0.0
1208,140,60,70.0,2.8000000000000003,1.1999999999999997,70.0,29.999999999999993,280.0,36.61566627435596,388,0.0
1209,140,60,70.0,2.8000000000000003,1.1999999999999997,70.0,29.999999999999993,280.0,36.61566627435596,388,0.0
1210,140,60,70.0,2.8000000000000003,1.1999999999999997,70.0,29.999999999999993,280.0,36.61566627435596,388,0.0
1211,140,60,70.0,2.8000000000000003,1.1999999999999997,70.0,29.999999999999993,280.0,36.61566627435596,388,0.0
1212,140,60,70.0,2.8000000000000003,1.1999999999999997,70.0,29.999999999999993,280.0,36.61566627435596,388,0.0
1213,140,60,70.0,2.8000000000000003,1.1999999999999997,70.0,29.999999999999993,280.0,36.61566627435596,388,0.0
1214,140,60,70.0,2.8000000000000003,1.1999999999999997,70.0,29.999999999999993,280.0,36.61566627435596,388,0.0
1215,140,60,70.0,2.8000000000000003,1.1999999999999997,70.0,29.999999999999993,280.0,36.61566627435596,389,0.0
1216,140,60,70.0,2.8000000000000003,1.1999999999999997,70.0,29.999999999999993,280.0,36.61566627435596,389,0.0
1217,140,60,70.0,2.8000000000000003,1.1999999999999997,70.0,29.999999999999993,280.0,36.61566627435596,389,0.0
1218,140,60,70.0,2.8000000000000003,1.1999999999999997,70.0,29.999999999999993,280.0,36.61566627435596,389,0.0
1219,140,60,70.0,2.8000000000000003,1.1999999999999997,70.0,29.999999999999993,280.0,36.61566627435596,389,0.0
1220,140,60,70.0,2.8000000000000003,1.1999999999999997,70.0,29.999999999999993,280.0,36.61566627435596,389,0.0
1221,140,60,70.0,2.8000000000000003,1.1999999999999997,70.0,29.999999999999993,280.0,36.61566627435596,389,0.0
1222,140,60,70.0,2.8000000000000003,1.1999999999999997,70.0,29.999999999999993,280.0,36.61566627435596,389,0.0
1223,140,60,70.0,2.8000000000000003,1.1999999999999997,70.0,29.999999999999993,280.0,36.61566627435596,389,0.0
1224,141,59,70.5,2.82,1.1800000000000002,70.5,29.500000000000004,282.0,36.87720674774421,390,2.0
1225,141,59,70.5,2.82,1.1800000000000002,70.5,29.500000000000004,282.0,36.87720674774421,390,0.0
1226,141,59,70.5,2.82,1.1800000000000002,70.5,29.500000000000004,282.0,36.87720674774421,390,0.0
1227,141,59,70.5,2.82,1.1800000000000002,70.5,29.500000000000004,282.0,36.87720674774421,390,0.0
1228,141,59,70.5,2.82,1.1800000000000002,70.5,29.500000000000004,282.0,36.87720674774421,390,0.0
1229,141,59,70.5,2.82,1.1800000000000002,70.5,29.500000000000004,282.0,36.87720674774421,390,0.0
1230,141,59,70.5,2.82,1.1800000000000002,70.5,29.500000000000004,282.0,36.87720674774421,390,0.0
1231,141,59,70.5,2.82,1.1800000000000002,70.5,29.500000000000004,282.0,36.87720674774421,390,0.0
1232,141,59,70.5,2.82,1.1800000000000002,70.5,29.500000000000004,282.0,36.87720674774421,390,0.0
1233,141,59,70.5,2.82,1.1800000000000002,70.5,29.500000000000004,282.0,36.87720674774421,390,0.0
1234,141,59,70.5,2.82,1.1800000000000002,70.5,29.500000000000004,282.0,36.87720674774421,390,0.0
1235,141,59,70.5,2.82,1.1800000000000002,70.5,29.500000000000004,282.0,36.87720674774421,390,0.0
1236,141,59,70.5,2.82,1.1800000000000002,70.5,29.500000000000004,282.0,36.87720674774421,390,0.0
1237,141,59,70.5,2.82,1.1800000000000002,70.5,29.500000000000004,282.0,36.87720674774421,390,0.0
1238,141,59,70.5,2.82,1.1800000000000002,70.5,29.500000000000004,282.0,36.87720674774421,390,0.0
1239,142,58,71.0,2.84,1.1600000000000001,71.0,29.000000000000004,284.0,37.13874722113247,391,2.0
1240,142,58,71.0,2.84,1.1600000000000001,71.0,29.000000000000004,284.0,37.13874722113247,391,0.0
1241,142,58,71.0,2.84,1.1600000000000001,71.0,29.000000000000004,284.0,37.13874722113247,391,0.0
1242,142,58,71.0,2.84,1.1600000000000001,71.0,29.000000000000004,284.0,37.13874722113247,391,0.0
1243,142,58,71.0,2.84,1.1600000000000001,71.0,29.000000000000004,284.0,37.13874722113247,391,0.0
1244,142,58,71.0,2.84,1.1600000000000001,71.0,29.000000000000004,284.0,37.13874722113247,391,0.0
1245,142,58,71.0,2.84,1.1600000000000001,71.0,29.000000000000004,284.0,37.13874722113247,391,0.0
1246,142,58,71.0,2.84,1.1600000000000001,71.0,29.000000000000004,284.0,37.13874722113247,391,0.0
1247,142,58,71.0,2.84,1.1600000000000001,71.0,29.000000000000004,284.0,37.13874722113247,391,0.0
1248,142,58,71.0,2.84,1.1600000000000001,71.0,29.000000000000004,284.0,37.13874722113247,391,0.0
1249,142,58,71.0,2.84,1.1600000000000001,71.0,29.000000000000004,284.0,37.13874722113247,391,0.0
1250,142,58,71.0,2.84,1.1600000000000001,71.0,29.000000000000004,284.0,37.13874722113247,391,0.0
1251,142,58,71.0,2.84,1.1600000000000001,71.0,29.000000000000004,284.0,37.13874722113247,391,0.0
1252,142,58,71.0,2.84,1.1600000000000001,71.0,29.000000000000004,284.0,37.13874722113247,391,0.0
1253,143,57,71.5,2.86,1.1400000000000001,71.5,28.500000000000004,286.0,37.40028769452072,392,2.0
1254,144,56,72.0,2.88,1.12,72.0,28.000000000000004,288.0,37.661828167908986,393,2.0
1255,144,56,72.0,2.88,1.12,72.0,28.000000000000004,288.0,37.661828167908986,393,0.0
1256,144,56,72.0,2.88,1.12,72.0,28.000000000000004,288.0,37.661828167908986,393,0.0
1257,144,56,72.0,2.88,1.12,72.0,28.000000000000004,288.0,37.661828167908986,393,0.0
1258,144,56,72.0,2.88,1.12,72.0,28.000000000000004,288.0,37.661828167908986,393,0.0
1259,144,56,72.0,2.88,1.12,72.0,28.000000000000004,288.0,37.661828167908986,393,0.0
1260,144,56,72.0,2.88,1.12,72.0,28.000000000000004,288.0,37.661828167908986,393,0.0
1261,144,56,72.0,2.88,1.12,72.0,28.000000000000004,288.0,37.661828167908986,393,0.0
1262,144,56,72.0,2.88,1.12,72.0,28.000000000000004,288.0,37.661828167908986,393,0.0
1263,144,56,72.0,2.88,1.12,72.0,28.000000000000004,288.0,37.661828167908986,393,0.0
1264,144,56,72.0,2.88,1.12,72.0,28.000000000000004,288.0,37.661828167908986,394,0.0
1265,144,56,72.0,2.88,1.12,72.0,28.000000000000004,288.0,37.661828167908986,394,0.0
1266,144,56,72.0,2.88,1.12,72.0,28.000000000000004,288.0,37.661828167908986,394,0.0
1267,144,56,72.0,2.88,1.12,72.0,28.000000000000004,288.0,37.661828167908986,395,0.0
1268,145,55,72.5,2.9,1.1,72.5,27.5,290.0,37.92336864129724,397,2.0
1269,145,55,72.5,2.9,1.1,72.5,27.5,290.0,37.92336864129724,398,0.0
1270,145,55,72.5,2.9,1.1,72.5,27.5,290.0,37.92336864129724,398,0.0
1271,145,55,72.5,2.9,1.1,72.5,27.5,290.0,37.92336864129724,398,0.0
1272,145,55,72.5,2.9,1.1,72.5,27.5,290.0,37.92336864129724,398,0.0
1273,145,55,72.5,2.9,1.1,72.5,27.5,290.0,37.92336864129724,398,0.0
1274,145,55,72.5,2.9,1.1,72.5,27.5,290.0,37.92336864129724,398,0.0
1275,145,55,72.5,2.9,1.1,72.5,27.5,290.0,37.92336864129724,398,0.0
1276,145,55,72.5,2.9,1.1,72.5,27.5,290.0,37.92336864129724,398,0.0
1277,145,55,72.5,2.9,1.1,72.5,27.5,290.0,37.92336864129724,398,0.0
1278,145,55,72.5,2.9,1.1,72.5,27.5,290.0,37.92336864129724,398,0.0
1279,145,55,72.5,2.9,1.1,72.5,27.5,290.0,37.92336864129724,398,0.0
1280,145,55,72.5,2.9,1.1,72.5,27.5,290.0,37.92336864129724,398,0.0
1281,145,55,72.5,2.9,1.1,72.5,27.5,290.0,37.92336864129724,398,0.0
1282,145,55,72.5,2.9,1.1,72.5,27.5,290.0,37.92336864129724,398,0.0
1283,145,55,72.5,2.9,1.1,72.5,27.5,290.0,37.92336864129724,398,0.0
1284,145,55,72.5,2.9,1.1,72.5,27.5,290.0,37.92336864129724,398,0.0
1285,145,55,72.5,2.9,1.1,72.5,27.5,290.0,37.92336864129724,398,0.0
1286,145,55,72.5,2.9,1.1,72.5,27.5,290.0,37.92336864129724,398,0.0
1287,145,55,72.5,2.9,1.1,72.5,27.5,290.0,37.92336864129724,398,0.0
1288,145,55,72.5,2.9,1.1,72.5,27.5,290.0,37.92336864129724,398,0.0
1289,145,55,72.5,2.9,1.1,72.5,27.5,290.0,37.92336864129724,398,0.0
1290,145,55,72.5,2.9,1.1,72.5,27.5,290.0,37.92336864129724,398,0.0
1291,145,55,72.5,2.9,1.1,72.5,27.5,290.0,37.92336864129724,398,0.0
1292,145,55,72.5,2.9,1.1,72.5,27.5,290.0,37.92336864129724,398,0.0
1293,145,55,72.5,2.9,1.1,72.5,27.5,290.0,37.92336864129724,398,0.0
1294,145,55,72.5,2.9,1.1,72.5,27.5,290.0,37.92336864129724,398,0.0
1295,145,55,72.5,2.9,1.1,72.5,27.5,290.0,37.92336864129724,398,0.0
1296,145,55,72.5,2.9,1.1,72.5,27.5,290.0,37.92336864129724,398,0.0
1297,145,55,72.5,2.9,1.1,72.5,27.5,290.0,37.92336864129724,398,0.0
1298,145,55,72.5,2.9,1.1,72.5,27.5,290.0,37.92336864129724,398,0.0
1299,145,55,72.5,2.9,1.1,72.5,27.5,290.0,37.92336864129724,398,0.0
1300,145,55,72.5,2.9,1.1,72.5,27.5,290.0,37.92336864129724,398,0.0
1301,145,55,72.5,2.9,1.1,72.5,27.5,290.0,37.92336864129724,398,0.0
1302,145,55,72.5,2.9,1.1,72.5,27.5,290.0,37.92336864129724,398,0.0
1303,145,55,72.5,2.9,1.1,72.5,27.5,290.0,37.92336864129724,398,0.0
1304,145,55,72.5,2.9,1.1,72.5,27.5,290.0,37.92336864129724,398,0.0
1305,145,55,72.5,2.9,1.1,72.5,27.5,290.0,37.92336864129724,398,0.0
1306,145,55,72.5,2.9,1.1,72.5,27.5,290.0,37.92336864129724,398,0.0
1307,145,55,72.5,2.9,1.1,72.5,27.5,290.0,37.92336864129724,398,0.0
1308,145,55,72.5,2.9,1.1,72.5,27.5,290.0,37.92336864129724,398,0.0
1309,145,55,72.5,2.9,1.1,72.5,27.5,290.0,37.92336864129724,398,0.0
1310,145,55,72.5,2.9,1.1,72.5,27.5,290.0,37.92336864129724,398,0.0
1311,145,55,72.5,2.9,1.1,72.5,27.5,290.0,37.92336864129724,398,0.0
1312,145,55,72.5,2.9,1.1,72.5,27.5,290.0,37.92336864129724,398,0.0
1313,145,55,72.5,2.9,1.1,72.5,27.5,290.0,37.92336864129724,398,0.0
1314,145,55,72.5,2.9,1.1,72.5,27.5,290.0,37.92336864129724,398,0.0
1315,145,55,72.5,2.9,1.1,72.5,27.5,290.0,37.92336864129724,398,0.0
1316,145,55,72.5,2.9,1.1,72.5,27.5,290.0,37.92336864129724,398,0.0
1317,145,55,72.5,2.9,1.1,72.5,27.5,290.0,37.92336864129724,398,0.0
1318,145,55,72.5,2.9,1.1,72.5,27.5,290.0,37.92336864129724,398,0.0
1319,145,55,72.5,2.9,1.1,72.5,27.5,290.0,37.92336864129724,398,0.0
1320,145,55,72.5,2.9,1.1,72.5,27.5,290.0,37.92336864129724,398,0.0
1321,145,55,72.5,2.9,1.1,72.5,27.5,290.0,37.92336864129724,398,0.0
1322,145,55,72.5,2.9,1.1,72.5,27.5,290.0,37.92336864129724,398,0.0
1323,145,55,72.5,2.9,1.1,72.5,27.5,290.0,37.92336864129724,398,0.0
1324,145,55,72.5,2.9,1.1,72.5,27.5,290.0,37.92336864129724,398,0.0
1325,145,55,72.5,2.9,1.1,72.5,27.5,290.0,37.92336864129724,398,0.0
1326,145,55,72.5,2.9,1.1,72.5,27.5,290.0,37.92336864129724,398,0.0
1327,145,55,72.5,2.9,1.1,72.5,27.5,290.0,37.92336864129724,398,0.0
1328,145,55,72.5,2.9,1.1,72.5,27.5,290.0,37.92336864129724,398,0.0
1329,145,55,72.5,2.9,1.1,72.5,27.5,290.0,37.92336864129724,398,0.0
1330,145,55,72.5,2.9,1.1,72.5,27.5,290.0,37.92336864129724,398,0.0
1331,145,55,72.5,2.9,1.1,72.5,27.5,290.0,37.92336864129724,398,0.0
1332,145,55,72.5,2.9,1.1,72.5,27.5,290.0,37.92336864129724,398,0.0
1333,145,55,72.5,2.9,1.1,72.5,27.5,290.0,37.92336864129724,398,0.0
1334,146,54,73.0,2.92,1.08,73.0,27.0,292.0,38.184909114685496,399,2.0
1335,146,54,73.0,2.92,1.08,73.0,27.0,292.0,38.184909114685496,399,0.0
1336,146,54,73.0,2.92,1.08,73.0,27.0,292.0,38.184909114685496,399,0.0
1337,146,54,73.0,2.92,1.08,73.0,27.0,292.0,38.184909114685496,399,0.0
1338,146,54,73.0,2.92,1.08,73.0,27.0,292.0,38.184909114685496,399,0.0
1339,146,54,73.0,2.92,1.08,73.0,27.0,292.0,38.184909114685496,399,0.0
1340,146,54,73.0,2.92,1.08,73.0,27.0,292.0,38.184909114685496,399,0.0
1341,147,53,73.5,2.94,1.06,73.5,26.5,294.0,38.44644958807375,400,2.0
1342,147,53,73.5,2.94,1.06,73.5,26.5,294.0,38.44644958807375,400,0.0
1343,147,53,73.5,2.94,1.06,73.5,26.5,294.0,38.44644958807375,400,0.0
1344,147,53,73.5,2.94,1.06,73.5,26.5,294.0,38.44644958807375,400,0.0
1345,147,53,73.5,2.94,1.06,73.5,26.5,294.0,38.44644958807375,400,0.0
1346,147,53,73.5,2.94,1.06,73.5,26.5,294.0,38.44644958807375,400,0.0
1347,147,53,73.5,2.94,1.06,73.5,26.5,294.0,38.44644958807375,400,0.0
1348,147,53,73.5,2.94,1.06,73.5,26.5,294.0,38.44644958807375,400,0.0
1349,147,53,73.5,2.94,1.06,73.5,26.5,294.0,38.44644958807375,400,0.0
1350,147,53,73.5,2.94,1.06,73.5,26.5,294.0,38.44644958807375,400,0.0
1351,147,53,73.5,2.94,1.06,73.5,26.5,294.0,38.44644958807375,400,0.0
1352,147,53,73.5,2.94,1.06,73.5,26.5,294.0,38.44644958807375,400,0.0
1353,147,53,73.5,2.94,1.06,73.5,26.5,294.0,38.44644958807375,400,0.0
1354,147,53,73.5,2.94,1.06,73.5,26.5,294.0,38.44644958807375,400,0.0
1355,147,53,73.5,2.94,1.06,73.5,26.5,294.0,38.44644958807375,400,0.0
1356,147,53,73.5,2.94,1.06,73.5,26.5,294.0,38.44644958807375,400,0.0
1357,147,53,73.5,2.94,1.06,73.5,26.5,294.0,38.44644958807375,401,0.0
1358,147,53,73.5,2.94,1.06,73.5,26.5,294.0,38.44644958807375,402,0.0
1359,147,53,73.5,2.94,1.06,73.5,26.5,294.0,38.44644958807375,403,0.0
1360,147,53,73.5,2.94,1.06,73.5,26.5,294.0,38.44644958807375,404,0.0
1361,147,53,73.5,2.94,1.06,73.5,26.5,294.0,38.44644958807375,405,0.0
1362,147,53,73.5,2.94,1.06,73.5,26.5,294.0,38.44644958807375,406,0.0
1363,147,53,73.5,2.94,1.06,73.5,26.5,294.0,38.44644958807375,407,0.0
1364,147,53,73.5,2.94,1.06,73.5,26.5,294.0,38.44644958807375,408,0.0
1365,147,53,73.5,2.94,1.06,73.5,26.5,294.0,38.44644958807375,408,0.0
1366,147,53,73.5,2.94,1.06,73.5,26.5,294.0,38.44644958807375,409,0.0
1367,147,53,73.5,2.94,1.06,73.5,26.5,294.0,38.44644958807375,409,0.0
1368,147,53,73.5,2.94,1.06,73.5,26.5,294.0,38.44644958807375,410,0.0
1369,147,53,73.5,2.94,1.06,73.5,26.5,294.0,38.44644958807375,411,0.0
1370,147,53,73.5,2.94,1.06,73.5,26.5,294.0,38.44644958807375,412,0.0
1371,147,53,73.5,2.94,1.06,73.5,26.5,294.0,38.44644958807375,413,0.0
1372,147,53,73.5,2.94,1.06,73.5,26.5,294.0,38.44644958807375,414,0.0
1373,147,53,73.5,2.94,1.06,73.5,26.5,294.0,38.44644958807375,415,0.0
1374,147,53,73.5,2.94,1.06,73.5,26.5,294.0,38.44644958807375,416,0.0
1375,147,53,73.5,2.94,1.06,73.5,26.5,294.0,38.44644958807375,417,0.0
1376,147,53,73.5,2.94,1.06,73.5,26.5,294.0,38.44644958807375,418,0.0
1377,147,53,73.5,2.94,1.06,73.5,26.5,294.0,38.44644958807375,419,0.0
1378,147,53,73.5,2.94,1.06,73.5,26.5,294.0,38.44644958807375,419,0.0
1379,147,53,73.5,2.94,1.06,73.5,26.5,294.0,38.44644958807375,420,0.0
1380,147,53,73.5,2.94,1.06,73.5,26.5,294.0,38.44644958807375,421,0.0
1381,147,53,73.5,2.94,1.06,73.5,26.5,294.0,38.44644958807375,422,0.0
1382,147,53,73.5,2.94,1.06,73.5,26.5,294.0,38.44644958807375,422,0.0
1383,147,53,73.5,2.94,1.06,73.5,26.5,294.0,38.44644958807375,423,0.0
1384,147,53,73.5,2.94,1.06,73.5,26.5,294.0,38.44644958807375,424,0.0
1385,147,53,73.5,2.94,1.06,73.5,26.5,294.0,38.44644958807375,424,0.0
1386,147,53,73.5,2.94,1.06,73.5,26.5,294.0,38.44644958807375,425,0.0
1387,147,53,73.5,2.94,1.06,73.5,26.5,294.0,38.44644958807375,426,0.0
1388,147,53,73.5,2.94,1.06,73.5,26.5,294.0,38.44644958807375,427,0.0
1389,147,53,73.5,2.94,1.06,73.5,26.5,294.0,38.44644958807375,428,0.0
1390,147,53,73.5,2.94,1.06,73.5,26.5,294.0,38.44644958807375,429,0.0
1391,147,53,73.5,2.94,1.06,73.5,26.5,294.0,38.44644958807375,430,0.0
1392,147,53,73.5,2.94,1.06,73.5,26.5,294.0,38.44644958807375,431,0.0
1393,147,53,73.5,2.94,1.06,73.5,26.5,294.0,38.44644958807375,431,0.0
1394,147,53,73.5,2.94,1.06,73.5,26.5,294.0,38.44644958807375,431,0.0
1395,147,53,73.5,2.94,1.06,73.5,26.5,294.0,38.44644958807375,431,0.0
1396,147,53,73.5,2.94,1.06,73.5,26.5,294.0,38.44644958807375,431,0.0
1397,147,53,73.5,2.94,1.06,73.5,26.5,294.0,38.44644958807375,431,0.0
1398,147,53,73.5,2.94,1.06,73.5,26.5,294.0,38.44644958807375,431,0.0
1399,147,53,73.5,2.94,1.06,73.5,26.5,294.0,38.44644958807375,431,0.0
1400,147,53,73.5,2.94,1.06,73.5,26.5,294.0,38.44644958807375,431,0.0
1401,147,53,73.5,2.94,1.06,73.5,26.5,294.0,38.44644958807375,431,0.0
1402,147,53,73.5,2.94,1.06,73.5,26.5,294.0,38.44644958807375,431,0.0
1403,147,53,73.5,2.94,1.06,73.5,26.5,294.0,38.44644958807375,431,0.0
1404,147,53,73.5,2.94,1.06,73.5,26.5,294.0,38.44644958807375,431,0.0
1405,147,53,73.5,2.94,1.06,73.5,26.5,294.0,38.44644958807375,431,0.0
1406,147,53,73.5,2.94,1.06,73.5,26.5,294.0,38.44644958807375,431,0.0
1407,147,53,73.5,2.94,1.06,73.5,26.5,294.0,38.44644958807375,431,0.0
1408,147,53,73.5,2.94,1.06,73.5,26.5,294.0,38.44644958807375,431,0.0
1409,147,53,73.5,2.94,1.06,73.5,26.5,294.0,38.44644958807375,431,0.0
1410,147,53,73.5,2.94,1.06,73.5,26.5,294.0,38.44644958807375,431,0.0
1411,147,53,73.5,2.94,1.06,73.5,26.5,294.0,38.44644958807375,431,0.0
1412,147,53,73.5,2.94,1.06,73.5,26.5,294.0,38.44644958807375,431,0.0
1413,147,53,73.5,2.94,1.06,73.5,26.5,294.0,38.44644958807375,431,0.0
1414,147,53,73.5,2.94,1.06,73.5,26.5,294.0,38.44644958807375,431,0.0
1415,147,53,73.5,2.94,1.06,73.5,26.5,294.0,38.44644958807375,431,0.0
1416,147,53,73.5,2.94,1.06,73.5,26.5,294.0,38.44644958807375,431,0.0
1417,147,53,73.5,2.94,1.06,73.5,26.5,294.0,38.44644958807375,431,0.0
1418,147,53,73.5,2.94,1.06,73.5,26.5,294.0,38.44644958807375,431,0.0
1419,147,53,73.5,2.94,1.06,73.5,26.5,294.0,38.44644958807375,431,0.0
1420,147,53,73.5,2.94,1.06,73.5,26.5,294.0,38.44644958807375,431,0.0
1421,147,53,73.5,2.94,1.06,73.5,26.5,294.0,38.44644958807375,431,0.0
1422,147,53,73.5,2.94,1.06,73.5,26.5,294.0,38.44644958807375,432,0.0
1423,147,53,73.5,2.94,1.06,73.5,26.5,294.0,38.44644958807375,432,0.0
1424,147,53,73.5,2.94,1.06,73.5,26.5,294.0,38.44644958807375,433,0.0
1425,147,53,73.5,2.94,1.06,73.5,26.5,294.0,38.44644958807375,434,0.0
1426,147,53,73.5,2.94,1.06,73.5,26.5,294.0,38.44644958807375,435,0.0
1427,147,53,73.5,2.94,1.06,73.5,26.5,294.0,38.44644958807375,436,0.0
1428,147,53,73.5,2.94,1.06,73.5,26.5,294.0,38.44644958807375,436,0.0
1429,148,52,74.0,2.96,1.04,74.0,26.0,296.0,38.70799006146201,437,2.0
1430,148,52,74.0,2.96,1.04,74.0,26.0,296.0,38.70799006146201,437,0.0
1431,148,52,74.0,2.96,1.04,74.0,26.0,296.0,38.70799006146201,437,0.0
1432,148,52,74.0,2.96,1.04,74.0,26.0,296.0,38.70799006146201,437,0.0
1433,148,52,74.0,2.96,1.04,74.0,26.0,296.0,38.70799006146201,437,0.0
1434,148,52,74.0,2.96,1.04,74.0,26.0,296.0,38.70799006146201,437,0.0
1435,148,52,74.0,2.96,1.04,74.0,26.0,296.0,38.70799006146201,437,0.0
1436,148,52,74.0,2.96,1.04,74.0,26.0,296.0,38.70799006146201,437,0.0
1437,148,52,74.0,2.96,1.04,74.0,26.0,296.0,38.70799006146201,437,0.0
1438,148,52,74.0,2.96,1.04,74.0,26.0,296.0,38.70799006146201,437,0.0
1439,148,52,74.0,2.96,1.04,74.0,26.0,296.0,38.70799006146201,437,0.0
1440,148,52,74.0,2.96,1.04,74.0,26.0,296.0,38.70799006146201,437,0.0
1441,148,52,74.0,2.96,1.04,74.0,26.0,296.0,38.70799006146201,437,0.0
1442,148,52,74.0,2.96,1.04,74.0,26.0,296.0,38.70799006146201,437,0.0
1443,148,52,74.0,2.96,1.04,74.0,26.0,296.0,38.70799006146201,437,0.0
1444,148,52,74.0,2.96,1.04,74.0,26.0,296.0,38.70799006146201,437,0.0
1445,148,52,74.0,2.96,1.04,74.0,26.0,296.0,38.70799006146201,437,0.0
1446,148,52,74.0,2.96,1.04,74.0,26.0,296.0,38.70799006146201,437,0.0
1447,148,52,74.0,2.96,1.04,74.0,26.0,296.0,38.70799006146201,437,0.0
1448,148,52,74.0,2.96,1.04,74.0,26.0,296.0,38.70799006146201,437,0.0
1449,148,52,74.0,2.96,1.04,74.0,26.0,296.0,38.70799006146201,437,0.0
1450,148,52,74.0,2.96,1.04,74.0,26.0,296.0,38.70799006146201,437,0.0
1451,148,52,74.0,2.96,1.04,74.0,26.0,296.0,38.70799006146201,437,0.0
1452,148,52,74.0,2.96,1.04,74.0,26.0,296.0,38.70799006146201,437,0.0
1453,148,52,74.0,2.96,1.04,74.0,26.0,296.0,38.70799006146201,437,0.0
1454,148,52,74.0,2.96,1.04,74.0,26.0,296.0,38.70799006146201,437,0.0
1455,148,52,74.0,2.96,1.04,74.0,26.0,296.0,38.70799006146201,437,0.0
1456,148,52,74.0,2.96,1.04,74.0,26.0,296.0,38.70799006146201,437,0.0
1457,148,52,74.0,2.96,1.04,74.0,26.0,296.0,38.70799006146201,437,0.0
1458,148,52,74.0,2.96,1.04,74.0,26.0,296.0,38.70799006146201,437,0.0
1459,148,52,74.0,2.96,1.04,74.0,26.0,296.0,38.70799006146201,437,0.0
1460,148,52,74.0,2.96,1.04,74.0,26.0,296.0,38.70799006146201,437,0.0
1461,148,52,74.0,2.96,1.04,74.0,26.0,296.0,38.70799006146201,437,0.0
1462,148,52,74.0,2.96,1.04,74.0,26.0,296.0,38.70799006146201,437,0.0
1463,149,51,74.5,2.98,1.02,74.5,25.5,298.0,38.969530534850264,438,2.0
1464,149,51,74.5,2.98,1.02,74.5,25.5,298.0,38.969530534850264,438,0.0
1465,149,51,74.5,2.98,1.02,74.5,25.5,298.0,38.969530534850264,438,0.0
1466,149,51,74.5,2.98,1.02,74.5,25.5,298.0,38.969530534850264,438,0.0
1467,149,51,74.5,2.98,1.02,74.5,25.5,298.0,38.969530534850264,438,0.0
1468,149,51,74.5,2.98,1.02,74.5,25.5,298.0,38.969530534850264,438,0.0
1469,149,51,74.5,2.98,1.02,74.5,25.5,298.0,38.969530534850264,438,0.0
1470,149,51,74.5,2.98,1.02,74.5,25.5,298.0,38.969530534850264,438,0.0
1471,149,51,74.5,2.98,1.02,74.5,25.5,298.0,38.969530534850264,438,0.0
1472,149,51,74.5,2.98,1.02,74.5,25.5,298.0,38.969530534850264,438,0.0
1473,149,51,74.5,2.98,1.02,74.5,25.5,298.0,38.969530534850264,438,0.0
1474,149,51,74.5,2.98,1.02,74.5,25.5,298.0,38.969530534850264,438,0.0
1475,149,51,74.5,2.98,1.02,74.5,25.5,298.0,38.969530534850264,438,0.0
1476,149,51,74.5,2.98,1.02,74.5,25.5,298.0,38.969530534850264,438,0.0
1477,149,51,74.5,2.98,1.02,74.5,25.5,298.0,38.969530534850264,438,0.0
1478,149,51,74.5,2.98,1.02,74.5,25.5,298.0,38.969530534850264,438,0.0
1479,149,51,74.5,2.98,1.02,74.5,25.5,298.0,38.969530534850264,438,0.0
1480,149,51,74.5,2.98,1.02,74.5,25.5,298.0,38.969530534850264,438,0.0
1481,149,51,74.5,2.98,1.02,74.5,25.5,298.0,38.969530534850264,438,0.0
1482,149,51,74.5,2.98,1.02,74.5,25.5,298.0,38.969530534850264,438,0.0
1483,149,51,74.5,2.98,1.02,74.5,25.5,298.0,38.969530534850264,438,0.0
1484,149,51,74.5,2.98,1.02,74.5,25.5,298.0,38.969530534850264,438,0.0
1485,149,51,74.5,2.98,1.02,74.5,25.5,298.0,38.969530534850264,438,0.0
1486,149,51,74.5,2.98,1.02,74.5,25.5,298.0,38.969530534850264,438,0.0
1487,149,51,74.5,2.98,1.02,74.5,25.5,298.0,38.969530534850264,438,0.0
1488,149,51,74.5,2.98,1.02,74.5,25.5,298.0,38.969530534850264,438,0.0
1489,149,51,74.5,2.98,1.02,74.5,25.5,298.0,38.969530534850264,438,0.0
1490,149,51,74.5,2.98,1.02,74.5,25.5,298.0,38.969530534850264,438,0.0
1491,149,51,74.5,2.98,1.02,74.5,25.5,298.0,38.969530534850264,438,0.0
1492,149,51,74.5,2.98,1.02,74.5,25.5,298.0,38.969530534850264,438,0.0
1493,149,51,74.5,2.98,1.02,74.5,25.5,298.0,38.969530534850264,438,0.0
1494,149,51,74.5,2.98,1.02,74.5,25.5,298.0,38.969530534850264,438,0.0
1495,149,51,74.5,2.98,1.02,74.5,25.5,298.0,38.969530534850264,438,0.0
1496,149,51,74.5,2.98,1.02,74.5,25.5,298.0,38.969530534850264,438,0.0
1497,149,51,74.5,2.98,1.02,74.5,25.5,298.0,38.969530534850264,438,0.0
1498,149,51,74.5,2.98,1.02,74.5,25.5,298.0,38.969530534850264,438,0.0
1499,149,51,74.5,2.98,1.02,74.5,25.5,298.0,38.969530534850264,438,0.0
1500,149,51,74.5,2.98,1.02,74.5,25.5,298.0,38.969530534850264,438,0.0
